ZoneId,Description,RegionId,CountryId,UtmGrid,GridRef,ZoneControlState,DateCapturedUtc,LegionCount,SwarmCount,FacelessCount,LastUpdateDateUtc,Latitude,Longitude
1478330,"Baker Hill",3551,233,"16R","16R1H3S1Q",2,2022-01-07 14:39:03.5070000,0,92220,0,2026-09-22 00:02:00.4530000,31.781270,-85.302160
1863331,"Parker",3585,233,"18S","18S1H1S3Q",1,2013-08-01 01:30:35.9030000,850931,1200,0,2026-09-22 00:07:23.6100000,38.275130,-77.757210
2190494,"Brkovici",235,17,"33T","33T1H6S4Q",2,2026-09-22 00:07:42.0800000,0,776,0,2026-09-22 00:07:42.0800000,44.854170,17.795560
2189646,"Garici",235,17,"33T","33T1H6S4Q",2,2026-09-22 00:07:48.1870000,0,776,0,2026-09-22 00:07:48.1900000,44.838060,17.799720
2189791,"Muse",235,17,"33T","33T1H6S4Q",2,2026-09-22 00:07:56.0230000,0,776,0,2026-09-22 00:07:56.0230000,44.841940,17.781940
30991,"Eight Mile Plains",142,13,"56J","56J1H5S4Q",1,2026-09-22 00:08:55.4800000,754,0,0,2026-09-22 00:08:55.4800000,-27.583330,153.100000
30990,"Sunnybank",142,13,"56J","56J1H5S4Q",1,2026-09-22 00:08:58.7400000,564,0,0,2026-09-22 00:08:58.7400000,-27.583330,153.050000
30796,"Browns Plains",142,13,"56J","56J1H5S4Q",1,2026-09-22 00:09:02.0400000,741,0,0,2026-09-22 00:09:02.0400000,-27.650000,153.033330
2299519,"Aigis",715,57,"32T","32T1H3S1Q",3,2024-10-04 21:56:23.9700000,0,0,20652,2026-09-22 00:09:08.6200000,47.600000,10.100000
30333,"Kagaru",142,13,"56J","56J1H5S3Q",1,2026-09-22 00:09:13.7400000,665,0,0,2026-09-22 00:09:13.7400000,-27.866670,152.950000
1744337,"Owasso",3546,233,"15S","15S1H4S3Q",3,2013-09-02 23:02:05.2970000,0,0,8080762,2026-09-22 00:09:25.2730000,36.269540,-95.854710
31306,"Myora",142,13,"56J","56J1H5S4Q",1,2026-09-22 00:09:38.7600000,908,0,0,2026-09-22 00:09:38.7600000,-27.483330,153.416670
31241,"Dunwich",142,13,"56J","56J1H5S4Q",1,2026-09-22 00:09:42.7600000,552,0,0,2026-09-22 00:09:42.7600000,-27.500000,153.400000
31305,"Wellington Point",142,13,"56J","56J1H5S4Q",1,2026-09-22 00:09:49.9500000,788,0,0,2026-09-22 00:09:49.9500000,-27.483330,153.250000
30746,"Loganlea",142,13,"56J","56J1H5S4Q",2,2017-05-28 13:03:00.9870000,2585,5088648,0,2026-09-22 00:09:57.8370000,-27.666670,153.133330
1862589,"Hoopersville",3542,233,"18S","18S1H1S4Q",1,2026-09-22 00:11:37.3730000,1069,0,0,2026-09-22 00:11:37.3730000,38.261230,-76.179940
2253379,"Cherrylane",3573,233,"11T","11T1H2S4Q",2,2010-01-01 00:00:00.0000000,0,2053621,0,2026-09-22 00:12:53.5600000,46.516000,-116.681540
2565284,"Stanton",979,77,"30U","30U1H6S3Q",2,2024-10-08 09:40:22.1270000,0,931272,32,2026-09-22 00:13:15.3700000,53.000000,-1.816670
1885749,"Bellevue",3542,233,"18S","18S1H1S4Q",1,2026-09-22 00:13:26.6470000,2103,0,0,2026-09-22 00:13:28.9930000,38.703450,-76.184390
2550837,"Weston under Lizard",979,77,"30U","30U1H5S4Q",2,2026-01-14 02:36:13.0500000,0,56746,0,2026-09-22 00:14:15.1630000,52.700000,-2.283330
1885900,"Avonvue",3542,233,"18S","18S1H1S4Q",1,2026-09-22 00:14:59.5570000,2103,0,0,2026-09-22 00:15:01.1570000,38.707060,-76.180780
1886960,"North Point",3542,233,"18S","18S1H1S4Q",1,2026-09-22 00:15:13.6330000,2084,0,0,2026-09-22 00:15:13.6330000,38.729010,-76.152440
1887862,"Loves Folly",3542,233,"18S","18S1H1S4Q",1,2026-09-22 00:15:29.3400000,2287,0,0,2026-09-22 00:15:29.3430000,38.747620,-76.164110
2553150,"Church Eaton",979,77,"30U","30U1H5S4Q",2,2025-12-30 04:17:41.6200000,0,55395,0,2026-09-22 00:15:34.4930000,52.750000,-2.233330
1887675,"Royal Oak",3542,233,"18S","18S1H1S4Q",1,2026-09-22 00:15:38.7270000,2287,0,0,2026-09-22 00:15:38.7270000,38.742340,-76.177720
2142961,"Simplot",3573,233,"11T","11T2H2S2Q",3,2026-09-08 22:35:01.6330000,0,300,32344,2026-09-22 00:16:30.2400000,43.669600,-116.733470
2142953,"Weitz",3573,233,"11T","11T2H2S2Q",3,2026-09-08 22:35:08.7370000,0,300,33062,2026-09-22 00:16:37.1700000,43.669330,-116.759590
2153865,"Palisades Corner",3573,233,"11T","11T2H2S2Q",3,2026-09-15 17:01:08.8970000,1840,300,3540,2026-09-22 00:22:08.7170000,43.975160,-116.912660
1587789,"Rossmoor",3567,233,"11S","11S2H4S2Q",3,2015-01-12 05:47:12.8270000,0,0,1029353,2026-09-22 00:22:26.0270000,33.788580,-118.080550
1585948,"Westminster",3567,233,"11S","11S2H4S2Q",3,2013-04-20 16:50:04.9230000,0,0,1594867,2026-09-22 00:22:41.5430000,33.759180,-118.006730
1584997,"Bolsa Verde",3567,233,"11S","11S2H5S1Q",3,2013-07-12 20:24:03.5730000,0,0,1125870,2026-09-22 00:22:50.8030000,33.743070,-117.964780
1807193,"Middletowne Farms",3585,233,"18S","18S1H4S2Q",1,2026-04-04 22:38:23.9830000,175875,125230,0,2026-09-22 00:22:53.6070000,37.267920,-76.680790
1585100,"Bolsa",3567,233,"11S","11S2H5S1Q",3,2013-05-20 00:39:38.9230000,0,0,1565703,2026-09-22 00:23:03.3530000,33.745020,-117.955060
1580160,"Huntington Beach",3567,233,"11S","11S2H5S1Q",3,2013-05-14 23:35:01.9570000,0,0,1260356,2026-09-22 00:23:14.3200000,33.660300,-117.999230
2299521,"Missen-Wilhams",715,57,"32T","32T1H3S1Q",3,2024-10-04 21:56:11.8270000,0,0,20780,2026-09-22 00:23:49.4600000,47.600000,10.116670
1563408,"Pilot Point",3549,233,"14S","14S2H6S2Q",1,2026-09-22 00:23:51.2800000,1671,0,0,2026-09-22 00:23:51.2800000,33.396500,-96.960560
1600652,"Whittier",3567,233,"11S","11S2H4S2Q",3,2013-08-21 23:16:46.4900000,0,0,16641718,2026-09-22 00:24:27.6400000,33.979180,-118.032840
1611964,"Pasadena",3567,233,"11S","11S2H1S4Q",3,2013-09-22 03:46:51.4700000,0,0,1363757,2026-09-22 00:25:18.0100000,34.147780,-118.144520
1610540,"North Highland Park",3567,233,"11S","11S2H1S4Q",3,2014-11-10 05:35:38.4600000,0,0,1101556,2026-09-22 00:25:29.0930000,34.124450,-118.203680
1978108,"Fountainville",3584,233,"18T","18T2H5S3Q",2,2026-05-16 18:48:18.4900000,29616,249570,2058,2026-09-22 00:25:41.4300000,40.341220,-75.150450
1612737,"Encino",3567,233,"11S","11S2H1S4Q",3,2015-08-24 04:44:28.0200000,0,0,1119650,2026-09-22 00:25:49.7800000,34.159170,-118.501190
1612249,"Sherman Oaks",3567,233,"11S","11S2H1S4Q",3,2015-08-21 12:17:46.1400000,0,0,1050507,2026-09-22 00:26:01.7030000,34.151120,-118.449250
13144,"Hornsby",143,13,"56H","56H1H1S4Q",2,2026-09-16 04:37:40.7900000,0,3168353,0,2026-09-22 00:26:34.4330000,-33.702440,151.099310
1591444,"Dolanco Junction",3567,233,"11S","11S2H4S2Q",3,2013-05-16 09:36:12.7230000,0,0,900896,2026-09-22 00:26:42.2230000,33.845020,-118.300070
2010855,"Larchmont",3562,233,"18T","18T2H6S3Q",1,2014-05-24 18:13:17.4030000,270044,164217,300,2026-09-22 00:27:47.0670000,40.927880,-73.751800
1937216,"Pebble Hills",3555,233,"16S","16S1H2S2Q",3,2014-08-29 02:09:07.5170000,0,0,898117,2026-09-22 00:28:29.9630000,39.623610,-86.191670
2030325,"Orange",3552,233,"18T","18T2H6S1Q",1,2013-10-26 05:01:46.6500000,203429,50819,0,2026-09-22 00:30:25.8970000,41.278430,-73.025660
1998985,"Utopia",3562,233,"18T","18T2H6S3Q",3,2014-09-25 04:38:18.5470000,34750,300,305214,2026-09-22 00:32:10.4830000,40.727320,-73.786520
1551175,"Jagoe",3549,233,"14S","14S2H6S1Q",3,2015-10-05 13:18:24.4030000,0,0,3724768,2026-09-22 00:32:40.6900000,33.173730,-97.149180
1558459,"Aubrey",3549,233,"14S","14S2H6S2Q",3,2015-09-29 23:06:31.0500000,0,0,4321196,2026-09-22 00:33:31.7600000,33.304280,-96.986120
1592363,"Cerritos",3567,233,"11S","11S2H4S2Q",3,2014-12-27 06:40:12.3870000,0,0,1351908,2026-09-22 00:35:19.8770000,33.858350,-118.064790
1555819,"Parvin",3549,233,"14S","14S2H6S2Q",1,2025-01-13 06:31:24.8000000,1179855,0,517,2026-09-22 00:36:30.3400000,33.253450,-96.870280
1559522,"Celina",3549,233,"14S","14S2H6S2Q",1,2024-10-12 22:51:56.6200000,524955,0,817,2026-09-22 00:36:37.1370000,33.324560,-96.784440
1552669,"Collin",3549,233,"14S","14S2H6S2Q",1,2025-01-28 01:39:41.1970000,1047938,0,517,2026-09-22 00:36:45.8870000,33.198730,-96.816390
1549903,"Frisco",3549,233,"14S","14S2H6S2Q",1,2024-06-12 02:22:39.6100000,1140683,0,1034,2026-09-22 00:36:54.9800000,33.150670,-96.823610
1547773,"Lebanon",3549,233,"14S","14S2H6S2Q",1,2023-03-13 18:00:36.7230000,1652632,0,1034,2026-09-22 00:37:00.6930000,33.113180,-96.805560
1592826,"Artesia",3567,233,"11S","11S2H4S2Q",3,2013-05-23 07:35:45.0000000,0,0,1101617,2026-09-22 00:37:01.0800000,33.865850,-118.083120
2061339,"Beaver Dam",3584,233,"17T","17T2H6S1Q",1,2026-09-22 00:40:52.1670000,1200,0,0,2026-09-22 00:40:52.1670000,41.927280,-79.750330
2021244,"North Fairfield",3563,233,"17T","17T2H4S2Q",3,2022-07-07 21:32:29.8570000,33733,1500,183266,2026-09-22 00:42:05.5100000,41.103940,-82.611840
1918844,"Waycross",3555,233,"16S","16S1H2S2Q",2,2013-07-31 20:28:07.2870000,0,14200774,0,2026-09-22 00:42:17.8000000,39.303660,-86.344160
2020156,"Centerton",3563,233,"17T","17T2H4S2Q",3,2022-07-09 03:36:33.9530000,20095,2400,205742,2026-09-22 00:42:34.3570000,41.083390,-82.753240
13139,"Waitara",143,13,"56H","56H1H1S4Q",3,2016-09-15 06:38:11.3830000,0,879,1232393,2026-09-22 00:42:48.0500000,-33.716670,151.116670
2299522,"Berg",715,57,"32T","32T1H3S1Q",3,2024-10-04 18:44:17.6070000,0,0,20660,2026-09-22 00:44:32.7200000,47.600000,10.133330
2070540,"Little Rest",3583,233,"18T","18T2H3S4Q",1,2010-01-01 00:00:00.0000000,600445,0,0,2026-09-22 00:46:00.0570000,42.140650,-72.187020
1989564,"Marina Travel Park",3567,233,"10T","10T2H5S4Q",3,2013-05-22 15:54:12.9730000,0,0,591803,2026-09-22 00:46:51.6200000,40.575280,-122.370560
1847958,"Highgrove",3582,233,"16S","16S1H6S1Q",3,2013-06-29 04:47:24.8170000,8722,3639,81598,2026-09-22 00:47:20.5230000,37.983120,-85.486340
1868893,"Belknap Beach",3582,233,"16S","16S1H3S3Q",3,2010-01-01 00:00:00.0000000,300,0,382169,2026-09-22 00:48:04.2300000,38.382840,-85.623300
1864422,"Ten Broeck",3582,233,"16S","16S1H3S3Q",3,2010-01-01 00:00:00.0000000,13907,600,296369,2026-09-22 00:48:28.4200000,38.297010,-85.581070
2218096,"Montavilla",3576,233,"10T","10T1H5S2Q",3,2024-08-22 18:31:14.3570000,0,0,4869023,2026-09-22 00:48:36.1900000,45.519010,-122.578980
2215968,"Battin",3576,233,"10T","10T1H5S2Q",1,2013-04-06 07:11:24.4770000,779236,13952,600,2026-09-22 00:50:39.0230000,45.458730,-122.578150
2553152,"Dunston",979,77,"30U","30U1H5S4Q",2,2025-08-31 20:02:30.3770000,0,53656,0,2026-09-22 00:51:09.7230000,52.750000,-2.100000
2070760,"Arkville",3562,233,"18T","18T2H2S4Q",1,2026-09-22 00:52:12.5030000,1155,0,0,2026-09-22 00:52:12.5030000,42.147870,-74.619880
2072110,"Kelly Corners",3562,233,"18T","18T2H2S4Q",1,2026-09-22 00:52:16.3770000,1156,0,0,2026-09-22 00:52:16.3770000,42.182030,-74.599600
2058536,"Aden",3562,233,"18T","18T2H5S2Q",1,2026-09-22 00:52:58.1900000,1139,0,0,2026-09-22 00:52:58.1900000,41.860650,-74.673210
1999927,"Garden City Park",3562,233,"18T","18T2H6S3Q",2,2023-03-08 03:01:40.3570000,300,12350,0,2026-09-22 00:52:59.1630000,40.743560,-73.663900
2057101,"Bradley",3562,233,"18T","18T2H5S2Q",1,2026-09-22 00:53:05.8770000,1134,0,0,2026-09-22 00:53:05.8770000,41.823980,-74.676270
2054901,"Loch Sheldrake",3562,233,"18T","18T2H5S2Q",1,2026-09-22 00:53:26.5100000,1128,0,0,2026-09-22 00:53:26.5100000,41.770090,-74.657100
2053418,"Hurleyville",3562,233,"18T","18T2H5S2Q",1,2026-09-22 00:53:30.9830000,1125,0,0,2026-09-22 00:53:30.9830000,41.735650,-74.674330
13091,"Rogans Hill",143,13,"56H","56H1H1S4Q",2,2026-07-09 10:05:48.7800000,0,17105376,0,2026-09-22 00:56:10.9470000,-33.733330,151.016670
2262285,"Brunigen",523,43,"32T","32T1H2S3Q",3,2022-04-05 17:58:43.2730000,0,0,2477247,2026-09-22 00:57:06.9000000,46.750000,8.133330
2263599,"Breitenfeld",514,43,"32T","32T1H2S3Q",3,2022-02-01 07:58:53.7900000,0,0,1287838,2026-09-22 01:01:54.6030000,46.783330,8.100000
2217641,"West Lake Francis Shores",3558,233,"15T","15T1H5S1Q",1,2016-03-25 07:36:17.0000000,1635354,0,0,2026-09-22 01:02:25.7230000,45.507740,-93.337450
1981290,"Fresh Ponds",3561,233,"18T","18T2H5S4Q",2,2026-04-16 18:25:31.8630000,883,1250,0,2026-09-22 01:02:47.4970000,40.405380,-74.465710
1985185,"New Brunswick",3561,233,"18T","18T2H5S4Q",2,2026-04-09 18:06:06.2730000,599,46703,0,2026-09-22 01:04:59.4770000,40.486220,-74.451820
1985120,"Feaster Park",3561,233,"18T","18T2H5S4Q",2,2026-01-26 02:21:40.1600000,300,104119,0,2026-09-22 01:05:24.6500000,40.484550,-74.442650
2052736,"South Fallsburg",3562,233,"18T","18T2H5S2Q",1,2026-09-22 01:09:48.6600000,1125,0,0,2026-09-22 01:09:48.6600000,41.720650,-74.634330
2050655,"Kiamesha Lake",3562,233,"18T","18T2H5S2Q",1,2026-09-22 01:09:51.7130000,1116,0,0,2026-09-22 01:09:51.7130000,41.683150,-74.660720
2049540,"Monticello",3562,233,"18T","18T2H5S2Q",1,2026-09-22 01:09:54.8670000,1110,0,0,2026-09-22 01:09:54.8670000,41.655650,-74.689330
2047957,"Rock Hill",3562,233,"18T","18T2H5S2Q",1,2026-09-22 01:10:13.2500000,1114,0,0,2026-09-22 01:10:13.2500000,41.625930,-74.597660
2048539,"Bridgeville",3562,233,"18T","18T2H5S2Q",1,2026-09-22 01:10:15.9000000,1114,0,0,2026-09-22 01:10:15.9000000,41.634260,-74.619050
2037658,"Kipps",3562,233,"18T","18T2H5S2Q",1,2026-09-22 01:10:39.8730000,873,0,0,2026-09-22 01:10:39.8730000,41.425650,-74.294600
2069566,"Allaben",3562,233,"18T","18T2H2S4Q",1,2026-09-22 01:11:34.2630000,1158,70,0,2026-09-22 01:11:34.2630000,42.116760,-74.370430
1916754,"Beanblossom",3555,233,"16S","16S1H2S2Q",2,2013-09-12 03:45:08.8200000,0,7455144,0,2026-09-22 01:13:59.1630000,39.266990,-86.249160
2028543,"Lane",3559,233,"14T","14T2H6S2Q",2,2025-08-02 12:30:56.0170000,0,1096862,0,2026-09-22 01:24:50.4570000,41.241940,-96.160850
31193,"Capalaba",142,13,"56J","56J1H5S4Q",1,2026-09-22 01:33:21.3530000,788,0,0,2026-09-22 01:33:21.3530000,-27.516670,153.183330
31303,"Birkdale",142,13,"56J","56J1H5S4Q",1,2026-09-22 01:33:26.2270000,788,0,0,2026-09-22 01:33:26.2270000,-27.483330,153.216670
31304,"Badgen",142,13,"56J","56J1H5S4Q",1,2026-09-22 01:33:30.6670000,788,0,0,2026-09-22 01:33:30.6670000,-27.483330,153.233330
7805,"Red Bluff",140,13,"55H","55H2H2S2Q",3,2026-09-22 01:34:19.0870000,0,0,1014,2026-09-22 01:34:19.0870000,-36.266670,147.100000
7758,"Sandy Creek",140,13,"55H","55H2H2S2Q",3,2026-09-22 01:34:23.5400000,0,0,1016,2026-09-22 01:34:23.5400000,-36.300000,147.100000
2042634,"Winterton",3562,233,"18T","18T2H5S2Q",1,2026-09-22 01:39:15.5030000,703,0,687,2026-09-22 01:39:15.5030000,41.522870,-74.470440
2039916,"Washington Heights",3562,233,"18T","18T2H5S2Q",1,2026-09-22 01:39:22.8670000,1090,0,0,2026-09-22 01:39:22.8670000,41.469230,-74.417920
2105653,"Morrisville",3562,233,"18T","18T2H2S3Q",1,2023-09-16 22:40:56.5570000,64488,0,0,2026-09-22 01:40:31.4270000,42.898680,-75.640180
2677517,"Zavalishchi",2690,192,"38U","38U1H1S2Q",1,2026-09-22 01:41:14.6070000,750,0,0,2026-09-22 01:41:14.6070000,55.934170,43.066670
2678335,"Pavlovo",2690,192,"38U","38U1H1S2Q",1,2026-09-22 01:41:19.0070000,812,0,0,2026-09-22 01:41:19.0070000,55.964170,43.067780
2677454,"Kalinino",2690,192,"38U","38U1H1S2Q",1,2026-09-22 01:41:27.6900000,1452,0,0,2026-09-22 01:41:29.6770000,55.933330,43.083330
1972712,"The Ridings of Montgomery",3584,233,"18T","18T2H5S3Q",3,2019-04-23 13:03:59.3930000,0,0,102488,2026-09-22 01:42:21.5800000,40.242200,-75.220800
2155737,"Grainville",3573,233,"12T","12T1H5S3Q",2,2026-09-22 01:42:21.5930000,0,855,0,2026-09-22 01:42:21.5930000,44.027140,-111.368010
2157351,"Marysville",3573,233,"12T","12T1H5S3Q",2,2026-09-22 01:42:28.4630000,0,855,0,2026-09-22 01:42:28.4630000,44.071300,-111.420230
2157360,"Ashton",3573,233,"12T","12T1H5S3Q",2,2026-09-22 01:42:34.0270000,0,853,0,2026-09-22 01:42:34.0270000,44.071580,-111.448290
1971983,"Montgomery Crossing",3584,233,"18T","18T2H5S3Q",3,2019-12-19 03:16:06.8930000,1920,0,99254,2026-09-22 01:42:34.6100000,40.229500,-75.221200
1973313,"Montgomery Glen",3584,233,"18T","18T2H5S3Q",3,2018-04-12 01:56:02.4800000,0,0,102881,2026-09-22 01:43:04.2230000,40.251300,-75.237000
1973459,"Brookshyre Woods",3584,233,"18T","18T2H5S3Q",3,2018-04-09 01:16:06.5230000,369,0,98007,2026-09-22 01:43:12.7400000,40.255800,-75.249900
1973765,"Clayton Hill II",3584,233,"18T","18T2H5S3Q",3,2018-08-15 10:54:19.4470000,517,0,96830,2026-09-22 01:43:21.1630000,40.263500,-75.244600
2100146,"Valley Farms",3557,233,"16T","16T2H3S4Q",1,2017-05-14 10:54:53.8670000,2730377,0,0,2026-09-22 01:43:28.4200000,42.784200,-84.542760
1971740,"Gwynedd Club",3584,233,"18T","18T2H5S3Q",3,2019-04-23 03:50:52.2270000,886,0,105414,2026-09-22 01:43:42.0530000,40.223000,-75.272100
2100512,"Clinton Village",3557,233,"16T","16T2H3S4Q",1,2017-08-11 07:01:58.7430000,2708872,0,0,2026-09-22 01:45:37.0970000,42.795870,-84.531370
2073955,"Taylor Center",3557,233,"17T","17T2H1S3Q",1,2013-12-03 21:45:09.9430000,3991467,0,3824,2026-09-22 01:45:54.0400000,42.225040,-83.261600
1971032,"Merrybrook",3584,233,"18T","18T2H5S3Q",3,2019-11-30 15:26:11.9600000,480,0,102119,2026-09-22 01:46:14.6930000,40.209800,-75.263300
2295275,"Upper Preston",3578,233,"10T","10T1H3S1Q",2,2012-11-28 02:21:22.9970000,517,1716284,0,2026-09-22 01:48:26.0170000,47.505100,-121.907620
1952577,"Eastwick",3584,233,"18S","18S1H2S1Q",3,2023-11-20 14:07:04.1030000,886,0,148095,2026-09-22 01:49:06.2370000,39.890390,-75.242400
2291332,"Zuerich (Kreis 11) / Affoltern",503,43,"32T","32T1H2S1Q",3,2024-06-28 19:32:40.5370000,0,0,7494160,2026-09-22 01:56:04.3230000,47.418140,8.512200
2217776,"East Portland",3576,233,"10T","10T1H5S2Q",2,2015-06-19 18:25:02.2670000,0,4237078,0,2026-09-22 01:56:10.7330000,45.515400,-122.660370
2218761,"Albina",3576,233,"10T","10T1H5S2Q",2,2010-01-01 00:00:00.0000000,0,4121256,0,2026-09-22 01:57:26.7300000,45.543730,-122.675100
2219365,"Piedmont",3576,233,"10T","10T1H5S2Q",2,2015-09-22 18:56:15.2500000,0,3327415,0,2026-09-22 01:57:36.6930000,45.565120,-122.668150
2218638,"Hollywood",3576,233,"10T","10T1H5S2Q",2,2015-11-19 21:10:41.1270000,0,3875527,0,2026-09-22 01:57:53.2400000,45.535400,-122.622320
2218210,"Laurelhurst",3576,233,"10T","10T1H5S2Q",2,2015-09-18 15:57:09.2000000,0,3671184,0,2026-09-22 01:58:01.8300000,45.526230,-122.622870
2214289,"Ottawa",457,38,"18T","18T1H5S1Q",2,2025-02-24 18:06:05.8270000,0,10211435,0,2026-09-22 01:58:13.0630000,45.411170,-75.698120
2216603,"Lents",3576,233,"10T","10T1H5S2Q",2,2019-10-13 02:51:46.9400000,0,1083695,0,2026-09-22 01:58:37.5000000,45.479840,-122.567310
2217021,"Arleta",3576,233,"10T","10T1H5S2Q",2,2023-04-23 23:27:31.6970000,0,2569391,0,2026-09-22 01:58:45.7470000,45.488730,-122.593430
2216584,"Woodstock",3576,233,"10T","10T1H5S2Q",2,2019-08-23 20:36:03.8170000,0,3039204,0,2026-09-22 01:58:55.1200000,45.479010,-122.608430
1581909,"Pinson",3551,233,"16S","16S2H5S2Q",2,2020-11-07 00:44:56.9800000,0,1781864,0,2026-09-22 02:00:26.9730000,33.688990,-86.683320
1959656,"Seagrave",3563,233,"17T","17T2H4S3Q",1,2026-09-07 17:27:38.0100000,115278,0,0,2026-09-22 02:04:09.1600000,40.006730,-83.034070
2800097,"Hiivola",927,70,"35V","35V1H4S3Q",1,2021-12-16 10:24:05.1470000,33974,0,0,2026-09-22 02:07:01.3070000,60.700000,24.700000
2800099,"Herajoki",927,70,"35V","35V1H4S3Q",1,2021-12-16 10:24:16.1700000,7420,0,0,2026-09-22 02:07:11.8600000,60.700000,24.750000
1887396,"Royal Acres",3542,233,"18S","18S1H1S4Q",1,2026-09-22 02:08:49.8130000,2287,0,0,2026-09-22 02:08:49.8130000,38.735120,-76.185500
1821562,"Lower Rocketts",3585,233,"18S","18S1H4S1Q",3,2026-09-20 12:06:59.3570000,0,300,3926,2026-09-22 02:10:21.3230000,37.502920,-77.399430
2119658,"Amsden",3557,233,"16T","16T2H3S1Q",1,2016-03-21 20:47:12.9500000,3003098,0,0,2026-09-22 02:12:30.7230000,43.170590,-85.123630
1826335,"Tuckahoe",3585,233,"18S","18S1H4S1Q",1,2013-08-04 14:58:25.1970000,976933,300,0,2026-09-22 02:13:24.3600000,37.590150,-77.556380
2099762,"Lebanon",3562,233,"18T","18T2H2S3Q",1,2021-04-24 02:32:07.8400000,22201,0,0,2026-09-22 02:16:51.5630000,42.781460,-75.647680
1956528,"East Camden",3561,233,"18S","18S1H2S1Q",3,2026-03-03 12:08:22.6500000,0,4800,519498,2026-09-22 02:20:09.1500000,39.952890,-75.101560
1814035,"Blossom Valley",3567,233,"10S","10S1H5S2Q",1,2026-05-04 20:34:38.4970000,1473379,0,2068,2026-09-22 02:24:33.6970000,37.373610,-122.091390
1824623,"Foster City",3567,233,"10S","10S1H5S2Q",1,2025-01-27 17:13:21.2600000,3312137,0,1909,2026-09-22 02:24:47.9830000,37.558550,-122.271080
1840115,"Alamo Oaks",3567,233,"10S","10S1H6S1Q",2,2023-07-16 15:48:37.8930000,0,3006719,2068,2026-09-22 02:25:10.9800000,37.839370,-121.993020
30802,"Logan City",142,13,"56J","56J1H5S4Q",2,2024-06-06 04:45:32.3000000,0,7005550,0,2026-09-22 02:26:07.8070000,-27.639170,153.109440
2787661,"Kudrovo",2675,192,"36V","36V2H1S1Q",3,2015-12-22 18:54:21.5330000,0,900,4993543,2026-09-22 02:27:10.6000000,59.907220,30.505830
2220824,"Russell Landing",3578,233,"10T","10T1H5S2Q",2,2024-01-24 17:39:05.2430000,0,35253,0,2026-09-22 02:28:44.4770000,45.605950,-122.583980
1740749,"Pahrump",3570,233,"11S","11S1H6S3Q",2,2026-09-22 02:31:36.6070000,0,945,0,2026-09-22 02:31:36.6070000,36.208290,-115.983910
1520379,"Steamboat Landing",3547,233,"17S","17S2H5S4Q",2,2026-08-10 12:32:40.6430000,0,100028,0,2026-09-22 02:33:14.0170000,32.602130,-80.292880
2114868,"Spring Lake",3557,233,"16T","16T2H2S2Q",1,2018-02-03 02:15:53.3600000,3700468,0,0,2026-09-22 02:35:24.6300000,43.076960,-86.197000
1530288,"Mount Pleasant",3547,233,"17S","17S2H6S3Q",2,2026-07-28 02:05:48.6170000,0,5064,0,2026-09-22 02:35:30.9230000,32.794070,-79.862590
2274078,"Vance",3575,233,"14T","14T1H3S1Q",2,2014-07-23 22:24:42.5600000,0,2060827,0,2026-09-22 02:38:11.0400000,47.033860,-97.217870
2254606,"Walcott",3575,233,"14T","14T1H3S4Q",2,2015-01-22 23:39:58.6600000,0,2110899,0,2026-09-22 02:38:33.9030000,46.548850,-96.936750
2266836,"Myra",3575,233,"14T","14T1H3S3Q",2,2014-09-22 15:23:36.5830000,0,2030979,0,2026-09-22 02:40:06.9630000,46.853590,-97.320090
1391083,"Buckhorn",3549,233,"14R","14R1H3S4Q",1,2013-10-22 04:27:59.9600000,8227406,0,0,2026-09-22 02:40:26.2130000,30.038550,-96.199960
1944910,"Five Points",3568,233,"13S","13S1H2S2Q",2,2012-10-19 02:36:29.5870000,0,10017750,0,2026-09-22 02:41:29.0330000,39.754720,-104.978060
1990199,"Albano di Lucania",1381,110,"33T","33T2H6S3Q",1,2023-07-17 06:17:43.9500000,81109,0,0,2026-09-22 02:42:22.3170000,40.584620,16.036170
9614,"Marion",138,13,"54H","54H1H4S3Q",2,2024-10-02 18:24:19.8430000,0,1522795,0,2026-09-22 02:46:08.0300000,-35.016670,138.566670
1932309,"Vista Pointe",3568,233,"13S","13S1H2S2Q",2,2013-12-11 07:42:08.0300000,0,1014183,0,2026-09-22 02:46:25.1700000,39.539820,-104.834230
1742655,"Pahrump",3570,233,"11S","11S1H5S4Q",2,2026-09-22 02:50:13.8670000,0,945,0,2026-09-22 02:50:13.8670000,36.241070,-116.017550
1753574,"Johnnie",3570,233,"11S","11S1H5S4Q",2,2026-09-22 02:50:21.3370000,0,945,0,2026-09-22 02:50:21.3370000,36.419680,-116.071700
1755571,"Labbe Camp",3570,233,"11S","11S1H5S4Q",2,2026-09-22 02:50:27.3300000,0,945,0,2026-09-22 02:50:27.3330000,36.450790,-116.056420
1758121,"Crystal",3570,233,"11S","11S1H5S4Q",2,2026-09-22 02:50:36.9030000,0,923,0,2026-09-22 02:50:36.9030000,36.491620,-116.167540
1755635,"Scranton",3567,233,"11S","11S1H5S4Q",2,2026-09-22 02:50:49.4800000,0,1120,0,2026-09-22 02:50:49.4800000,36.451900,-116.503660
1746296,"Death Valley Junction",3567,233,"11S","11S1H5S4Q",2,2026-09-22 02:50:55.4130000,0,1130,0,2026-09-22 02:50:55.4130000,36.302180,-116.413650
1736760,"Evelyn",3567,233,"11S","11S1H5S4Q",2,2026-09-22 02:50:59.7500000,0,1136,0,2026-09-22 02:50:59.7500000,36.146630,-116.316150
1726519,"Shoshone",3567,233,"11S","11S2H2S2Q",2,2026-09-22 02:51:02.5130000,0,906,0,2026-09-22 02:51:02.5130000,35.973020,-116.271140
1896294,"Logan Circle",3536,233,"18S","18S1H1S3Q",3,2026-09-19 00:02:02.5130000,268847,0,1168028,2026-09-22 02:54:34.6230000,38.912610,-77.031640
30876,"Springwood",142,13,"56J","56J1H5S4Q",1,2026-09-22 02:55:15.8300000,864,0,0,2026-09-22 02:55:15.8300000,-27.611830,153.128990
30928,"Priestdale Lagoons",142,13,"56J","56J1H5S4Q",1,2026-09-22 02:55:19.2530000,1079,0,0,2026-09-22 02:55:19.2530000,-27.600000,153.133330
30836,"Woodridge",142,13,"56J","56J1H5S4Q",1,2026-09-16 09:37:13.9330000,2049,0,0,2026-09-22 02:55:22.0230000,-27.633330,153.100000
1380545,"Glen Park",3549,233,"15R","15R1H4S1Q",2,2021-02-11 16:59:39.1930000,1355,527629,0,2026-09-22 02:59:30.1830000,29.788200,-95.355100
1382643,"Plymouth Place",3549,233,"15R","15R1H4S1Q",2,2021-04-21 04:44:05.8030000,8466,736908,0,2026-09-22 02:59:34.9400000,29.838800,-95.359400
1725163,"Shoshone",3567,233,"11S","11S2H2S2Q",2,2026-09-22 03:01:32.4530000,0,897,0,2026-09-22 03:01:32.4530000,35.951010,-116.305570
1718949,"Tecopa",3567,233,"11S","11S2H2S2Q",2,2026-09-22 03:01:36.3270000,0,906,0,2026-09-22 03:01:36.3270000,35.848300,-116.226410
1718302,"Tecopa",3567,233,"11S","11S2H2S2Q",2,2026-09-22 03:01:39.7300000,0,911,0,2026-09-22 03:01:39.7300000,35.835150,-116.207530
2303778,"Izbeg",1217,100,"34T","34T1H1S2Q",3,2026-09-10 04:33:03.0770000,0,0,3356,2026-09-22 03:01:47.2370000,47.683330,19.066670
2305431,"Leanyfalu",1217,100,"34T","34T1H1S2Q",3,2026-09-10 04:32:50.1370000,506,0,3137,2026-09-22 03:01:53.7500000,47.716670,19.083330
2305434,"Pocsmegyer",1217,100,"34T","34T1H1S2Q",3,2026-09-10 04:32:34.5300000,502,0,3141,2026-09-22 03:01:59.8200000,47.716670,19.100000
2307015,"Tahitotfalu",1217,100,"34T","34T1H1S2Q",3,2026-09-10 04:32:56.1270000,0,0,3023,2026-09-22 03:02:05.8830000,47.750000,19.100000
2308671,"Dunabogdany",1217,100,"34T","34T1H1S2Q",3,2026-09-10 04:52:38.8570000,0,0,2903,2026-09-22 03:02:13.1830000,47.783330,19.033330
2305430,"Pilisszentlaszlo",1217,100,"34T","34T1H1S2Q",3,2026-08-16 04:55:23.3330000,420,0,3696,2026-09-22 03:02:24.8500000,47.716670,19.000000
2302999,"Kohegy",1217,100,"34T","34T1H1S2Q",3,2026-08-13 19:54:46.4870000,0,0,4811,2026-09-22 03:02:33.3670000,47.666670,19.016670
2197721,"Forney",3573,233,"11T","11T1H6S4Q",3,2026-08-08 11:37:39.7270000,0,0,29818,2026-09-22 03:02:35.1300000,44.999640,-114.335630
2303777,"Jovizmajor",1217,100,"34T","34T1H1S1Q",3,2026-08-16 04:55:16.4670000,424,0,2769,2026-09-22 03:02:42.4430000,47.683330,18.983330
2302998,"Kiskovacsi",1217,100,"34T","34T1H1S1Q",3,2026-08-16 04:55:10.5230000,0,0,4538,2026-09-22 03:02:49.4970000,47.666670,18.983330
2302170,"Margitliget",1217,100,"34T","34T1H1S1Q",3,2026-08-16 04:54:56.8300000,624,0,2038,2026-09-22 03:03:18.3370000,47.650000,18.983330
2018355,"Athens",3555,233,"16T","16T2H5S2Q",3,2026-09-22 03:03:36.7230000,0,0,1396,2026-09-22 03:03:36.7230000,41.053650,-86.125280
2020264,"Beaver Dam",3555,233,"16T","16T2H5S2Q",3,2026-09-22 03:03:44.4500000,0,0,1077,2026-09-22 03:03:44.4500000,41.086150,-86.013330
2012953,"Bolivar",3555,233,"16T","16T2H6S3Q",3,2026-09-22 03:04:03.1730000,0,0,1097,2026-09-22 03:04:03.1730000,40.964210,-85.787490
2019789,"Springfield",3559,233,"14T","14T2H6S2Q",2,2025-07-27 11:13:32.0570000,0,1042593,0,2026-09-22 03:05:54.7230000,41.081940,-96.134460
1976429,"Stark Corners",3563,233,"17T","17T2H4S4Q",1,2026-06-07 14:06:24.7000000,14221,0,0,2026-09-22 03:07:00.3370000,40.310620,-82.846570
1963551,"Minerva Park",3563,233,"17T","17T2H4S4Q",1,2026-08-02 13:32:58.9170000,13853,0,0,2026-09-22 03:07:07.5070000,40.076450,-82.943790
10181,"Salisbury",138,13,"54H","54H1H4S1Q",2,2024-11-10 08:14:25.8700000,0,1684829,0,2026-09-22 03:09:16.3400000,-34.766670,138.633330
1939477,"College View",3568,233,"13S","13S1H2S1Q",2,2017-04-30 07:51:18.0870000,0,1291801,0,2026-09-22 03:10:39.2600000,39.663040,-105.021650
2448443,"Marquette-lez-Lille",950,75,"31U","31U2H2S4Q",2,2013-10-12 21:01:03.6970000,0,1075406,300,2026-09-22 03:15:03.2000000,50.676280,3.066130
1760223,"Gray Acres",3548,233,"17S","17S1H4S4Q",3,2022-10-18 14:09:02.2530000,0,0,205537,2026-09-22 03:16:29.0000000,36.523440,-82.188740
800848,"Ban Huai Mareo",3167,218,"47P","47P1H5S4Q",2,2026-09-22 03:18:59.0630000,0,1200,0,2026-09-22 03:18:59.0630000,12.916670,99.533330
808522,"Ban Nong Phai",3167,218,"47P","47P1H5S2Q",2,2026-09-22 03:19:05.6770000,0,1200,0,2026-09-22 03:19:05.6770000,13.133330,99.716670
809635,"Nong Ya Plong",3167,218,"47P","47P1H5S2Q",2,2026-09-22 03:19:10.3000000,0,1200,0,2026-09-22 03:19:10.3000000,13.162880,99.697230
807206,"Ban Wang So",3167,218,"47P","47P1H5S2Q",2,2026-09-22 03:19:15.2200000,0,1200,0,2026-09-22 03:19:15.2200000,13.100000,99.733330
816577,"Ban Nong Kapho",3167,218,"47P","47P1H5S2Q",2,2026-09-22 03:19:28.3570000,0,1200,0,2026-09-22 03:19:28.3570000,13.316670,99.816670
7618,"Kergunyah",140,13,"55H","55H2H2S2Q",3,2026-09-22 03:21:52.5630000,0,0,2703,2026-09-22 03:21:54.9730000,-36.383330,147.050000
7547,"Gundowring",140,13,"55H","55H2H2S2Q",3,2026-09-22 03:22:00.9400000,0,0,325,2026-09-22 03:22:00.9400000,-36.433330,147.050000
7469,"Upper Gundowring",140,13,"55H","55H2H2S2Q",3,2026-09-22 03:22:04.6530000,0,0,1014,2026-09-22 03:22:04.6570000,-36.483330,147.066670
7468,"Dederang",140,13,"55H","55H2H2S2Q",3,2026-09-22 03:22:08.4630000,0,0,1016,2026-09-22 03:22:08.4630000,-36.483330,147.016670
7516,"Glen Creek",140,13,"55H","55H2H2S1Q",3,2026-09-22 03:22:11.9370000,0,0,1021,2026-09-22 03:22:11.9370000,-36.450000,146.950000
7332,"Mongans Bridge",140,13,"55H","55H2H2S2Q",3,2026-09-22 03:22:19.5970000,0,0,1037,2026-09-22 03:22:19.5970000,-36.600000,147.100000
1516443,"Elva",3549,233,"14S","14S2H6S4Q",3,2023-12-22 22:15:00.8630000,0,0,2773291,2026-09-22 03:25:01.9330000,32.526800,-96.794720
1596989,"Sandy Springs",3539,233,"16S","16S2H6S2Q",1,2013-08-23 22:10:47.6800000,1182680,0,0,2026-09-22 03:26:51.7700000,33.924270,-84.378540
1598264,"Trailridge",3539,233,"16S","16S2H6S2Q",1,2017-11-03 10:07:31.5400000,679247,0,0,2026-09-22 03:27:03.1730000,33.942050,-84.344650
2047278,"Rock Hill",3562,233,"18T","18T2H5S2Q",1,2026-09-22 03:31:12.7470000,1088,0,0,2026-09-22 03:31:12.7470000,41.614990,-74.582770
7266,"Tawonga",140,13,"55H","55H2H2S2Q",3,2026-09-22 03:31:26.3700000,0,0,1038,2026-09-22 03:31:26.3700000,-36.633330,147.100000
7353,"Kancoona",140,13,"55H","55H2H2S1Q",3,2026-09-22 03:31:29.4630000,0,0,1036,2026-09-22 03:31:29.4630000,-36.583330,146.983330
7295,"Running Creek",140,13,"55H","55H2H2S1Q",3,2026-09-22 03:31:32.6470000,0,0,1038,2026-09-22 03:31:32.6470000,-36.616670,146.916670
7331,"Happy Valley",140,13,"55H","55H2H2S1Q",3,2026-09-22 03:31:35.6400000,0,0,1039,2026-09-22 03:31:35.6400000,-36.600000,146.866670
7352,"Ovens",140,13,"55H","55H2H2S1Q",3,2026-09-22 03:31:38.6300000,0,0,1041,2026-09-22 03:31:38.6300000,-36.583330,146.766670
1955832,"Barr Lake",3568,233,"13S","13S1H2S2Q",2,2013-07-08 18:41:27.1570000,0,2660630,0,2026-09-22 03:31:57.7270000,39.944430,-104.775250
2524837,"Krugersdorf",713,57,"33U","33U1H5S3Q",3,2026-09-18 16:51:39.2070000,0,0,10521,2026-09-22 03:32:02.8230000,52.150000,14.333330
2150103,"Markham",457,38,"17T","17T2H3S1Q",3,2020-06-12 05:24:37.4500000,0,0,7039163,2026-09-22 03:32:16.3900000,43.866820,-79.266300
2146657,"Scarborough",457,38,"17T","17T2H3S1Q",3,2020-02-19 11:55:11.7400000,0,0,8275839,2026-09-22 03:32:19.3230000,43.772230,-79.256660
2142281,"Downtown Toronto",457,38,"17T","17T2H3S1Q",3,2013-11-30 22:11:28.3900000,0,0,20985757,2026-09-22 03:32:28.2600000,43.650110,-79.382900
2144137,"Toronto",457,38,"17T","17T2H3S1Q",3,2016-05-20 22:04:38.2670000,0,0,16809357,2026-09-22 03:32:31.4830000,43.700110,-79.416300
818108,"Ban Khlong Khut Noi",3189,218,"47P","47P1H5S2Q",2,2026-09-22 03:32:34.4430000,0,1144,0,2026-09-22 03:32:34.4430000,13.350000,99.933330
2146202,"Lansing",457,38,"17T","17T2H3S1Q",3,2016-05-25 16:04:40.4970000,0,0,7145697,2026-09-22 03:32:36.2400000,43.761210,-79.412900
2146512,"North York",457,38,"17T","17T2H3S1Q",3,2010-01-01 00:00:00.0000000,0,0,8198617,2026-09-22 03:32:39.6330000,43.766810,-79.416300
816579,"Ban Khlong Chong",3189,218,"47P","47P1H5S2Q",2,2026-09-22 03:32:44.5700000,0,1146,0,2026-09-22 03:32:44.5700000,13.316670,99.950000
2148941,"Sherwood",457,38,"17T","17T2H3S1Q",3,2010-01-01 00:00:00.0000000,0,0,7015117,2026-09-22 03:32:46.8000000,43.833410,-79.516310
2149548,"Maple",457,38,"17T","17T2H3S1Q",3,2016-09-20 17:03:00.0070000,0,0,7036311,2026-09-22 03:32:50.8200000,43.850110,-79.516310
817330,"Ban Khlong Khon",3189,218,"47P","47P1H5S2Q",2,2026-09-22 03:35:02.8500000,0,1146,0,2026-09-22 03:35:02.8500000,13.333330,99.966670
2005365,"Colonial Park Houses",3562,233,"18T","18T2H6S3Q",3,2013-12-01 13:33:10.4800000,900,0,506730,2026-09-22 03:37:18.9200000,40.833610,-73.936390
2220754,"Faloma",3576,233,"10T","10T1H5S2Q",2,2015-08-24 20:16:45.7730000,0,3425250,0,2026-09-22 03:38:14.1670000,45.601780,-122.669260
2220893,"North Portland",3576,233,"10T","10T1H5S2Q",2,2015-08-20 00:00:05.4070000,0,3873394,0,2026-09-22 03:38:33.9300000,45.610390,-122.703430
2219912,"Kenton",3576,233,"10T","10T1H5S2Q",2,2010-01-01 00:00:00.0000000,0,3284421,0,2026-09-22 03:38:59.2000000,45.581780,-122.681490
2219820,"University Park",3576,233,"10T","10T1H5S2Q",2,2018-04-28 14:37:02.6270000,0,3312563,0,2026-09-22 03:39:13.8030000,45.576230,-122.728710
2675656,"Levoberezhnaya",2670,192,"37U","37U1H1S2Q",2,2022-07-31 04:32:51.3930000,0,1397747,0,2026-09-22 03:39:16.8570000,55.883330,37.483330
2220320,"Saint Johns",3576,233,"10T","10T1H5S2Q",2,2015-11-01 01:37:08.2200000,0,3047296,0,2026-09-22 03:39:24.4970000,45.590120,-122.754540
2674658,"Tushino",2670,192,"37U","37U1H1S2Q",2,2022-07-31 05:52:33.9700000,0,1343298,0,2026-09-22 03:39:31.8130000,55.853560,37.431050
2220245,"Whitwood Court",3576,233,"10T","10T1H5S2Q",3,2024-08-31 08:55:47.9000000,0,0,5129347,2026-09-22 03:39:33.6400000,45.585390,-122.772040
2674840,"Aleshkino",2670,192,"37U","37U1H1S2Q",2,2022-07-31 05:52:27.5000000,0,1430781,0,2026-09-22 03:39:39.1570000,55.864470,37.423340
2673983,"Spas",2670,192,"37U","37U1H1S2Q",2,2022-07-31 05:51:47.8800000,0,1382285,0,2026-09-22 03:39:47.2870000,55.833330,37.400000
2673529,"Strogino",2670,192,"37U","37U1H1S2Q",2,2021-11-22 07:19:23.3070000,0,1358525,0,2026-09-22 03:39:52.4830000,55.818380,37.412240
2220795,"Ellsworth",3578,233,"10T","10T1H5S2Q",3,2024-01-22 17:28:33.1670000,0,0,1321142,2026-09-22 03:40:05.6100000,45.604010,-122.564260
2220314,"Fisher",3578,233,"10T","10T1H5S2Q",2,2024-07-12 17:11:17.5900000,0,121851,0,2026-09-22 03:40:20.6800000,45.589840,-122.503700
818109,"Ban Khlong Khot",3189,218,"47P","47P1H5S2Q",2,2026-09-22 03:43:04.3770000,0,1145,0,2026-09-22 03:43:04.3770000,13.350000,99.966670
818886,"Ban Khlong Dan",3189,218,"47P","47P1H5S2Q",2,2026-09-22 03:43:10.5430000,0,1143,0,2026-09-22 03:43:10.5430000,13.366670,99.983330
2147141,"Parma",3573,233,"11T","11T2H2S2Q",3,2026-09-22 03:43:01.4600000,0,0,11418,2026-09-22 03:43:14.4900000,43.785160,-116.943210
819028,"Ban Raman Tawan Ok",3189,218,"47P","47P1H6S1Q",2,2026-09-22 03:43:15.3230000,0,1143,0,2026-09-22 03:43:15.3230000,13.370250,100.001080
819670,"Ban Map Lat (1)",3189,218,"47P","47P1H5S2Q",2,2026-09-22 03:43:20.5900000,0,1142,0,2026-09-22 03:43:20.5900000,13.383330,99.983330
2181733,"Chums Corner",3557,233,"16T","16T1H6S3Q",3,2026-04-12 00:27:27.4770000,0,0,59775,2026-09-22 03:44:10.3300000,44.671950,-85.656460
1992171,"Lawrenceville",3550,233,"17T","17T2H5S4Q",3,2023-01-09 10:11:34.8470000,233400,300,13047898,2026-09-22 03:48:36.4130000,40.617560,-80.543680
2060062,"Parione",1377,110,"33T","33T2H4S1Q",3,2016-03-09 22:44:14.9800000,0,0,2873606,2026-09-22 03:50:57.4930000,41.899050,12.474120
10180,"Bolivar",138,13,"54H","54H1H4S1Q",2,2023-11-01 08:46:20.9230000,0,1159005,0,2026-09-22 03:51:15.7530000,-34.766670,138.600000
2151870,"Kinghorn",457,38,"17T","17T2H3S1Q",3,2013-12-24 17:47:30.6870000,0,0,7814103,2026-09-22 03:52:48.8170000,43.916810,-79.566320
2527319,"Merz",713,57,"33U","33U1H5S3Q",3,2026-09-20 14:43:41.2370000,0,0,11079,2026-09-22 03:53:26.5670000,52.200000,14.350000
2416016,"Shatylivka",3439,230,"37U","37U2H1S3Q",1,2013-06-30 21:54:27.5400000,2128657,0,0,2026-09-22 03:57:53.5030000,50.019810,36.233100
2416760,"Severnyy Post",3439,230,"37U","37U2H1S3Q",1,2013-04-22 14:53:34.2930000,2075835,0,0,2026-09-22 03:58:09.4170000,50.034570,36.172890
2416015,"Nakhailvka",3439,230,"37U","37U2H1S3Q",1,2013-04-21 23:36:30.9200000,2036203,0,0,2026-09-22 03:58:19.9030000,50.019810,36.174860
2415290,"Lisa Hora",3439,230,"37U","37U2H1S3Q",1,2013-04-21 23:14:19.5330000,2043625,0,0,2026-09-22 03:58:31.8300000,50.006700,36.184310
2415258,"Ivanivka",3439,230,"37U","37U2H1S3Q",1,2013-04-21 22:44:44.7070000,2047453,0,0,2026-09-22 03:58:43.0930000,50.005160,36.202210
2415434,"Oktyabr'",3439,230,"37U","37U2H1S3Q",1,2013-04-22 21:46:53.1130000,2084394,0,0,2026-09-22 03:59:02.4270000,50.013060,36.133330
2414656,"Zalyutino",3439,230,"37U","37U2H4S1Q",1,2013-04-22 07:53:25.3900000,2068846,0,0,2026-09-22 03:59:13.2700000,49.991670,36.134170
1617133,"Wilmington",3545,233,"18S","18S2H1S3Q",3,2015-08-20 08:17:06.6730000,0,284325,1157312,2026-09-22 03:59:36.5130000,34.225730,-77.944710
2688710,"Kredovo",2671,192,"37V","37V2H5S3Q",2,2026-04-17 05:43:53.0200000,0,2471,0,2026-09-22 04:07:59.5000000,56.250000,38.150000
2688711,"Vikhrovo",2671,192,"37V","37V2H5S3Q",2,2026-04-17 05:31:07.7330000,0,2471,0,2026-09-22 04:08:06.3400000,56.250000,38.166670
2688712,"Podsosen'ye",2671,192,"37V","37V2H5S3Q",2,2026-04-17 05:30:17.9170000,0,1315,0,2026-09-22 04:08:13.9070000,56.250000,38.183330
2301747,"Csobanka",1217,100,"34T","34T1H1S1Q",3,2026-08-16 04:55:02.4700000,1194,0,2621,2026-09-22 04:08:28.0270000,47.646370,18.961890
2688120,"Novoselki",2671,192,"37V","37V2H5S3Q",2,2026-04-17 05:14:27.6100000,0,1631,0,2026-09-22 04:08:31.9630000,56.233330,38.200000
2305429,"Dobogoko",1217,100,"34T","34T1H1S1Q",3,2026-09-10 08:11:02.4570000,846,0,3106,2026-09-22 04:08:36.2200000,47.716670,18.900000
2688119,"Dedushkovo",2671,192,"37V","37V2H5S3Q",2,2026-04-17 05:14:17.8100000,0,1631,0,2026-09-22 04:08:38.9170000,56.233330,38.183330
2302996,"Pilisszanto",1217,100,"34T","34T1H1S1Q",3,2026-09-06 15:09:55.5900000,0,199,3037,2026-09-22 04:08:44.1230000,47.666670,18.900000
2300549,"Jansentanya",1217,100,"34T","34T1H1S1Q",3,2026-09-06 12:12:12.9970000,0,0,5012,2026-09-22 04:08:56.0130000,47.616670,18.916670
2300132,"Pilisvorosvar",1217,100,"34T","34T1H1S1Q",3,2026-09-06 12:35:16.3930000,0,0,5748,2026-09-22 04:09:01.4000000,47.613860,18.908930
2300071,"Pilisszentivan",1217,100,"34T","34T1H1S1Q",3,2026-09-06 14:50:42.4100000,0,0,5968,2026-09-22 04:09:10.8900000,47.609640,18.899400
2300913,"Szabadsagliget",1217,100,"34T","34T1H1S1Q",3,2026-09-06 14:50:56.8530000,0,0,4189,2026-09-22 04:09:17.1670000,47.628550,18.895710
2301372,"Piliscsabai Tabor",1217,100,"34T","34T1H1S1Q",3,2026-09-06 14:51:02.8370000,0,0,3612,2026-09-22 04:09:23.6630000,47.633330,18.866670
2338991,"Furmanovka",3436,230,"36U","36U2H4S4Q",1,2026-09-22 04:09:31.3530000,1026,0,0,2026-09-22 04:09:31.3530000,48.366670,31.366670
2300548,"Piliscsaba",1217,100,"34T","34T1H1S1Q",3,2026-09-10 08:11:31.0300000,0,0,3496,2026-09-22 04:09:34.3100000,47.616670,18.833330
2338992,"Schastlivka",3436,230,"36U","36U2H4S4Q",1,2026-09-22 04:09:45.6100000,1026,0,0,2026-09-22 04:09:45.6100000,48.366670,31.400000
2338141,"Zverevka",3436,230,"36U","36U2H4S4Q",1,2026-09-22 04:09:55.3430000,1028,0,0,2026-09-22 04:09:55.3430000,48.350000,31.466670
2344138,"Glodosy",3436,230,"36U","36U2H4S4Q",1,2026-09-22 04:10:15.2130000,982,0,0,2026-09-22 04:10:15.2130000,48.466670,31.333330
819830,"Ban Bang Chakreng",3189,218,"47P","47P1H6S1Q",2,2026-09-22 04:10:25.1470000,0,1142,0,2026-09-22 04:10:25.1470000,13.387490,100.002070
819829,"Ban Khlong Klang",3189,218,"47P","47P1H6S1Q",2,2026-09-22 04:10:29.8900000,0,1142,0,2026-09-22 04:10:29.8900000,13.387390,100.010390
819987,"Ban Lat Ta Thap",3189,218,"47P","47P1H6S1Q",2,2026-09-22 04:10:35.0370000,0,1142,0,2026-09-22 04:10:35.0400000,13.392830,100.003030
2349344,"Khmelevoye",3436,230,"36U","36U2H4S4Q",1,2026-09-22 04:10:46.0370000,984,0,0,2026-09-22 04:10:46.0370000,48.566670,31.400000
819828,"Ban Lat Kapi",3189,218,"47P","47P1H6S1Q",2,2026-09-22 04:10:46.0670000,0,1142,0,2026-09-22 04:10:46.0670000,13.387360,100.015920
2351107,"Yanopol'",3436,230,"36U","36U2H4S4Q",1,2026-09-22 04:10:57.4430000,1002,0,0,2026-09-22 04:10:57.4430000,48.600000,31.300000
2347564,"Novo-Nikolayevka",3436,230,"36U","36U2H4S4Q",1,2026-09-22 04:12:42.0270000,981,0,0,2026-09-22 04:12:42.0270000,48.533330,31.233330
1840775,"Alamo",3567,233,"10S","10S1H5S2Q",2,2024-10-19 00:15:29.8830000,0,3006351,1034,2026-09-22 04:13:57.4630000,37.850200,-122.032180
1842044,"Walnut Heights",3567,233,"10S","10S1H5S2Q",2,2024-11-13 19:24:44.1070000,0,3062336,7498,2026-09-22 04:14:02.6730000,37.876590,-122.051070
1844798,"Waldon",3567,233,"10S","10S1H5S2Q",2,2025-02-26 00:31:28.5900000,0,3115449,1551,2026-09-22 04:14:15.4370000,37.926310,-122.055520
1844887,"Sparkle",3567,233,"10S","10S1H5S2Q",2,2025-02-01 00:39:16.9270000,0,3017456,2068,2026-09-22 04:14:22.8700000,37.928260,-122.056630
2299524,"Knottenried",715,57,"32T","32T1H3S1Q",3,2024-10-03 01:41:28.3800000,0,0,20803,2026-09-22 04:14:49.9670000,47.600000,10.183330
2523976,"Reudnitz",713,57,"33U","33U1H5S3Q",3,2026-09-20 14:34:52.1530000,0,0,12901,2026-09-22 04:14:55.5130000,52.133330,14.333330
2096535,"Marial",3576,233,"10T","10T2H2S3Q",2,2026-09-22 04:15:58.3530000,0,2182,0,2026-09-22 04:15:59.9530000,42.712330,-123.888970
2670162,"Davydkovo",2670,192,"37U","37U1H1S2Q",2,2019-04-14 14:32:09.3700000,0,1391520,0,2026-09-22 04:16:40.2230000,55.718150,37.472710
2807445,"Pyynikki",3834,70,"34V","34V1H6S2Q",3,2016-04-01 13:41:56.2800000,0,0,26187265,2026-09-22 04:18:58.9500000,61.492230,23.723860
2687514,"Brevnovo",2671,192,"37V","37V2H5S3Q",2,2026-04-17 04:58:34.7130000,0,1713,0,2026-09-22 04:19:54.7600000,56.216670,38.216670
2686895,"Kobylino",2671,192,"37V","37V2H5S3Q",2,2026-04-17 04:58:15.4270000,0,1584,0,2026-09-22 04:19:59.6200000,56.200000,38.216670
1723867,"Elkins Hills",3545,233,"17S","17S2H3S1Q",3,2013-08-25 13:23:58.9870000,0,0,570063,2026-09-22 04:21:29.7470000,35.929870,-79.063070
2523977,"Oelsen",713,57,"33U","33U1H5S3Q",3,2026-09-18 15:22:17.0200000,0,0,1803,2026-09-22 04:22:07.2030000,52.133330,14.400000
2524838,"Grunow",713,57,"33U","33U1H5S3Q",3,2026-09-18 15:22:28.7870000,0,0,1799,2026-09-22 04:22:12.9700000,52.150000,14.400000
2529556,"Schlaubehammer",713,57,"33U","33U1H5S3Q",3,2026-09-22 04:22:24.9400000,0,0,1063,2026-09-22 04:22:24.9400000,52.245250,14.471740
2447771,"Marcq-en-Baroeul",950,75,"31U","31U2H2S4Q",2,2013-11-04 07:17:28.7570000,0,11993833,600,2026-09-22 04:24:07.8470000,50.666670,3.083330
2449647,"Mouvaux",950,75,"31U","31U2H2S4Q",2,2013-09-01 11:04:11.2000000,0,9559456,300,2026-09-22 04:24:18.9630000,50.700000,3.133330
2522315,"Chossewitz",713,57,"33U","33U1H5S3Q",3,2026-09-18 15:21:56.4600000,0,0,1802,2026-09-22 04:24:30.5030000,52.100000,14.433330
2557120,"Sandringham",979,77,"31U","31U1H4S3Q",3,2015-12-27 06:25:43.3800000,0,0,3313326,2026-09-22 04:24:35.1730000,52.833330,0.516670
2060363,"Vatican City",3867,236,"33T","33T2H4S1Q",3,2019-06-07 13:03:03.5830000,0,0,1451992,2026-09-22 04:26:07.5100000,41.902360,12.453320
2563100,"Wells-next-the-Sea",979,77,"31U","31U1H4S3Q",3,2015-09-11 11:57:22.6100000,0,0,3101610,2026-09-22 04:26:23.1470000,52.951640,0.851100
1912768,"Town Hill",3555,233,"16S","16S1H2S2Q",2,2013-09-04 23:27:11.1270000,0,13650991,0,2026-09-22 04:26:39.0070000,39.198100,-86.246660
2348467,"Novo-Pavlovka",3436,230,"36U","36U2H4S4Q",1,2026-09-22 04:26:41.7470000,982,0,0,2026-09-22 04:26:41.7470000,48.550000,31.300000
2351106,"Smolino",3436,230,"36U","36U2H4S4Q",1,2026-09-22 04:27:01.4470000,1000,0,0,2026-09-22 04:27:01.4470000,48.600000,31.250000
2351181,"Berezivka",3436,230,"36U","36U2H4S4Q",1,2026-09-22 04:27:12.3630000,1001,0,0,2026-09-22 04:27:12.3630000,48.601110,31.278330
1905767,"Elkinsville",3555,233,"16S","16S1H2S2Q",2,2010-01-01 00:00:00.0000000,0,1890518,0,2026-09-22 04:27:40.6400000,39.076160,-86.264710
2416007,"Saltivka",3439,230,"37U","37U2H1S3Q",1,2015-08-26 22:22:19.1400000,2029285,0,0,2026-09-22 04:28:18.0770000,50.019490,36.341270
2415399,"Shevchenky",3439,230,"37U","37U2H1S3Q",1,2013-12-13 18:36:43.9630000,2047987,0,0,2026-09-22 04:28:30.0400000,50.012090,36.312740
2415121,"Kharkiv",3439,230,"37U","37U2H4S1Q",1,2013-07-01 22:01:36.8670000,4151258,0,0,2026-09-22 04:29:07.2070000,50.000000,36.250000
2754563,"Kuimovo",2662,192,"40V","40V2H2S4Q",3,2026-09-22 04:29:39.5830000,0,295,300,2026-09-22 04:29:39.5830000,58.350000,57.050000
2756954,"Palezh",2662,192,"40V","40V2H2S4Q",3,2026-09-22 04:29:43.9170000,0,296,300,2026-09-22 04:29:43.9170000,58.433330,57.133330
2757459,"Kub",2662,192,"40V","40V2H2S4Q",3,2026-09-22 04:29:48.2930000,0,296,300,2026-09-22 04:29:48.2930000,58.450000,57.166670
2759435,"Verkhniy Supych",2662,192,"40V","40V2H2S4Q",3,2026-09-22 04:29:51.5270000,0,0,700,2026-09-22 04:29:51.5270000,58.516670,57.316670
2762417,"Brevno",2662,192,"40V","40V2H2S4Q",3,2026-09-22 04:29:59.6700000,0,0,991,2026-09-22 04:29:59.6700000,58.633330,57.516670
2763699,"Us'va",2662,192,"40V","40V2H2S4Q",3,2026-09-22 04:30:05.3030000,0,0,978,2026-09-22 04:30:05.3030000,58.688610,57.623890
2764845,"Shumikhinskiy",2662,192,"40V","40V2H2S4Q",3,2026-09-22 04:30:10.0700000,0,0,978,2026-09-22 04:30:10.0700000,58.739170,57.683060
2755058,"Kub",2662,192,"40V","40V2H2S4Q",3,2026-09-22 04:30:19.6970000,0,0,697,2026-09-22 04:30:19.6970000,58.366670,57.350000
2521505,"Sabrodt",713,57,"33U","33U1H5S3Q",3,2026-09-18 22:02:11.4400000,0,0,5664,2026-09-22 04:36:32.6630000,52.083330,14.183330
2525603,"Bermbeck",707,57,"32U","32U1H5S3Q",3,2026-09-22 04:41:15.2900000,0,0,1008,2026-09-22 04:41:15.2900000,52.166670,8.666670
2525602,"Eilshausen",707,57,"32U","32U1H5S3Q",3,2026-09-22 04:41:18.9870000,0,0,1008,2026-09-22 04:41:18.9870000,52.166670,8.633330
2525600,"Hiddenhausen",707,57,"32U","32U1H5S3Q",3,2026-09-22 04:41:22.8500000,0,0,859,2026-09-22 04:41:22.8500000,52.166670,8.616670
2525599,"Winkel",707,57,"32U","32U1H5S3Q",3,2026-09-22 04:41:29.4470000,0,0,997,2026-09-22 04:41:29.4470000,52.166670,8.583330
2525598,"Besenkamp",707,57,"32U","32U1H5S3Q",3,2026-09-22 04:41:34.0870000,0,0,997,2026-09-22 04:41:34.0870000,52.166670,8.566670
2525597,"Siele",707,57,"32U","32U1H5S3Q",3,2026-09-22 04:41:37.7300000,0,0,1494,2026-09-22 04:41:37.7300000,52.166670,8.533330
2525595,"Huckerkreuz",707,57,"32U","32U1H5S3Q",3,2026-09-22 04:41:40.9970000,0,0,1011,2026-09-22 04:41:40.9970000,52.166670,8.500000
2525594,"Hoyel",708,57,"32U","32U1H5S3Q",3,2026-09-22 04:41:45.2370000,0,0,1011,2026-09-22 04:41:45.2370000,52.166670,8.466670
7391,"Myrtleford",140,13,"55H","55H2H2S1Q",3,2026-09-22 04:42:07.1800000,0,0,1041,2026-09-22 04:42:07.1800000,-36.550000,146.733330
7264,"Buffalo River",140,13,"55H","55H2H2S1Q",3,2026-09-22 04:42:14.6370000,0,0,1047,2026-09-22 04:42:14.6370000,-36.633330,146.683330
7435,"Gapstead",140,13,"55H","55H2H2S1Q",3,2026-09-22 04:42:11.0570000,0,0,2241,2026-09-22 04:42:19.1930000,-36.516670,146.683330
7263,"Carboor",140,13,"55H","55H2H2S1Q",3,2026-09-22 04:42:23.2100000,0,0,1009,2026-09-22 04:42:23.2100000,-36.633330,146.550000
7212,"Carboor Upper",140,13,"55H","55H2H2S1Q",3,2026-09-22 04:42:26.5570000,0,0,1015,2026-09-22 04:42:26.5570000,-36.666670,146.533330
7008,"Whitfield",140,13,"55H","55H2H2S1Q",3,2026-09-22 04:42:36.1000000,0,0,1035,2026-09-22 04:42:36.1000000,-36.783330,146.416670
7265,"Eurobin",140,13,"55H","55H2H2S1Q",3,2026-09-22 04:42:46.1830000,0,0,1041,2026-09-22 04:42:46.1830000,-36.633330,146.866670
2753157,"Kopal'no",2662,192,"40V","40V2H2S4Q",3,2026-09-22 04:43:29.6470000,0,0,978,2026-09-22 04:43:29.6470000,58.300000,57.516670
2752736,"Borisovo",2662,192,"40V","40V2H2S4Q",3,2026-09-22 04:43:33.3000000,0,0,978,2026-09-22 04:43:33.3000000,58.285280,57.480280
2752540,"Mokhnutino",2662,192,"40V","40V2H2S4Q",3,2026-09-22 04:43:35.7400000,0,0,978,2026-09-22 04:43:35.7400000,58.281390,57.434170
2751118,"Vereyno",2662,192,"40V","40V2H2S4Q",3,2026-09-22 04:43:38.5030000,0,0,978,2026-09-22 04:43:38.5030000,58.219720,57.439170
2750889,"Malyshata",2662,192,"40V","40V2H2S4Q",3,2026-09-22 04:43:40.9270000,0,0,978,2026-09-22 04:43:40.9270000,58.212220,57.412780
2751993,"Shushpanka",2662,192,"40V","40V2H2S4Q",2,2023-07-28 09:55:04.3970000,0,758,300,2026-09-22 04:43:43.7470000,58.259170,57.324720
2300546,"Tinnye",1217,100,"34T","34T1H1S1Q",3,2026-09-11 00:58:31.3730000,0,0,2287,2026-09-22 04:44:41.0130000,47.616670,18.783330
2299697,"Perbal",1217,100,"34T","34T1H1S1Q",3,2026-09-11 02:56:14.6000000,0,0,2361,2026-09-22 04:44:47.7700000,47.600000,18.766670
2300545,"Mariahalompuszta",1219,100,"34T","34T1H1S1Q",3,2026-09-11 03:22:52.0400000,0,0,2072,2026-09-22 04:44:52.9630000,47.616670,18.733330
2299696,"Somodorpuszta",1219,100,"34T","34T1H1S1Q",3,2026-09-11 04:03:48.6370000,0,0,2048,2026-09-22 04:44:59.4830000,47.600000,18.700000
2298942,"Anyacsa",1217,100,"34T","34T1H1S1Q",3,2026-09-11 04:03:41.2270000,0,0,2041,2026-09-22 04:45:05.1400000,47.583330,18.716670
2298141,"Tok",1217,100,"34T","34T1H1S1Q",3,2026-09-11 03:23:00.1530000,0,0,2344,2026-09-22 04:45:09.9900000,47.566670,18.733330
2297381,"Zsambek",1217,100,"34T","34T1H1S1Q",3,2026-09-11 04:03:34.7530000,0,472,2868,2026-09-22 04:45:15.7230000,47.550000,18.716670
2224419,"Salmon Creek",3578,233,"10T","10T1H5S2Q",2,2024-09-05 03:27:02.7570000,0,11652,0,2026-09-22 04:47:34.0100000,45.709790,-122.662390
2602410,"Lubiewo",2444,180,"34U","34U1H5S2Q",1,2026-09-22 04:49:45.2930000,6584,0,0,2026-09-22 04:50:01.8830000,53.816670,21.533330
2601713,"Wioska",2444,180,"34U","34U1H5S2Q",1,2026-09-22 04:50:30.8900000,1261,0,0,2026-09-22 04:50:30.8900000,53.800000,21.533330
2557822,"Kettlestone",979,77,"31U","31U1H4S3Q",3,2010-01-01 00:00:00.0000000,0,0,7738,2026-09-22 04:50:43.4170000,52.847360,0.918390
2516023,"Klein Leine",713,57,"33U","33U2H2S1Q",3,2026-09-19 00:21:28.0070000,0,0,13015,2026-09-22 04:51:28.2370000,51.966670,14.050000
2524743,"Sankt Annen",708,57,"32U","32U1H5S3Q",3,2026-09-22 04:52:31.8100000,0,0,1011,2026-09-22 04:52:31.8100000,52.150000,8.416670
2524744,"Harrenheide",707,57,"32U","32U1H5S3Q",3,2026-09-22 04:52:36.5370000,0,0,1247,2026-09-22 04:52:36.5370000,52.150000,8.433330
2524746,"Helligen",707,57,"32U","32U1H5S3Q",3,2026-09-22 04:52:41.6130000,0,0,947,2026-09-22 04:52:41.6130000,52.150000,8.450000
2212981,"Holcomb",3576,233,"10T","10T1H5S2Q",3,2024-05-25 16:07:18.9770000,0,0,5813178,2026-09-22 04:52:59.5030000,45.370680,-122.517870
2524754,"Belke",707,57,"32U","32U1H5S3Q",3,2026-09-22 04:56:23.7470000,0,0,997,2026-09-22 04:56:23.7470000,52.150000,8.566670
2524753,"Dohren",707,57,"32U","32U1H5S3Q",3,2026-09-22 04:56:27.7470000,0,0,997,2026-09-22 04:56:27.7470000,52.150000,8.550000
2281459,"Ruettenen",510,43,"32T","32T1H1S2Q",2,2026-09-12 00:50:53.3530000,0,1497459,0,2026-09-22 04:56:44.7370000,47.230530,7.529500
2677623,"Tekstil'shchik",2671,192,"37U","37U1H1S2Q",2,2024-06-30 05:25:01.5770000,0,859145,3037,2026-09-22 04:56:49.6930000,55.940830,37.844720
2744053,"Balatovo",2662,192,"40V","40V2H5S1Q",2,2023-07-30 05:53:18.9130000,0,1814103,49800,2026-09-22 04:59:05.6230000,57.972780,56.175560
2524752,"Klausheide",707,57,"32U","32U1H5S3Q",3,2026-09-22 05:02:21.8930000,0,0,1012,2026-09-22 05:02:21.8930000,52.150000,8.516670
2524749,"Griesenbruch",707,57,"32U","32U1H5S3Q",3,2026-09-22 05:02:25.1100000,0,0,1065,2026-09-22 05:02:25.1100000,52.150000,8.500000
2524748,"Nordspenge",707,57,"32U","32U1H5S3Q",3,2026-09-22 05:03:18.4300000,0,0,1011,2026-09-22 05:03:18.4300000,52.150000,8.483330
2634389,"Lebyazhiy",2696,192,"40U","40U1H1S4Q",3,2023-02-07 16:33:23.9630000,0,0,12256,2026-09-22 05:04:30.2000000,54.639600,55.914100
2515263,"Laasow",713,57,"33U","33U2H2S1Q",3,2026-09-19 00:21:03.8000000,0,0,10693,2026-09-22 05:08:35.7700000,51.950000,14.133330
2525593,"Westhoyel",708,57,"32U","32U1H5S3Q",3,2026-09-22 05:12:18.6870000,0,0,948,2026-09-22 05:12:18.6900000,52.166670,8.450000
2526404,"Sandhorst",708,57,"32U","32U1H5S3Q",3,2026-09-22 05:12:22.3600000,0,0,997,2026-09-22 05:12:22.3600000,52.183330,8.450000
2526405,"Bennien",708,57,"32U","32U1H5S3Q",3,2026-09-22 05:12:25.7400000,0,0,997,2026-09-22 05:12:25.7400000,52.183330,8.466670
2005670,"University Place",3559,233,"14T","14T2H6S4Q",2,2014-02-16 18:15:27.3670000,0,952676,0,2026-09-22 05:14:50.4430000,40.840830,-96.655290
2279221,"Boise",3578,233,"10T","10T1H2S2Q",2,2023-03-03 02:25:18.5300000,0,1290972,0,2026-09-22 05:16:03.1930000,47.180380,-122.015670
2293216,"Riverbend",3578,233,"10T","10T1H3S1Q",2,2025-11-03 20:12:55.9830000,0,1712090,0,2026-09-22 05:16:49.2600000,47.465140,-121.749060
2591946,"Garristown",1260,102,"29U","29U1H6S2Q",2,2023-09-09 07:32:38.6500000,0,100861,0,2026-09-22 05:19:47.9830000,53.566110,-6.385560
2513639,"Alt Zauche",713,57,"33U","33U2H2S1Q",3,2026-09-20 15:00:58.7500000,0,0,7313,2026-09-22 05:21:48.2800000,51.916670,14.016670
2273705,"Boudevilliers",516,43,"32T","32T1H1S1Q",2,2026-09-10 11:01:26.9530000,0,357701,0,2026-09-22 05:21:54.1900000,47.033330,6.883330
2270431,"Bern / Matte",523,43,"32T","32T1H1S4Q",2,2026-09-20 20:53:31.8130000,68258,656691,0,2026-09-22 05:22:32.1170000,46.947220,7.456800
2431346,"Turnchapel",979,77,"30U","30U2H1S4Q",2,2026-03-31 04:52:27.0670000,4907,97347,0,2026-09-22 05:25:32.1600000,50.350000,-4.116670
2432702,"Plymouth",979,77,"30U","30U2H1S4Q",1,2026-07-27 18:42:07.7830000,344786,0,0,2026-09-22 05:26:13.2670000,50.371530,-4.143050
2223226,"Vancouver Junction",3578,233,"10T","10T1H5S2Q",2,2024-01-24 05:15:23.1930000,0,7012,0,2026-09-22 05:26:31.9300000,45.677340,-122.692040
2523892,"Feldmark",707,57,"32U","32U1H5S3Q",3,2026-09-22 05:28:24.5030000,0,0,761,2026-09-22 05:28:24.5030000,52.133330,8.633330
2523891,"Diekenbrock",707,57,"32U","32U1H5S3Q",3,2026-09-22 05:28:28.2170000,0,0,758,2026-09-22 05:28:28.2170000,52.133330,8.616670
2523890,"Enger",707,57,"32U","32U1H5S3Q",3,2026-09-22 05:28:31.7930000,0,0,762,2026-09-22 05:28:31.7930000,52.133330,8.566670
2523888,"Oldinger Sundern",707,57,"32U","32U1H5S3Q",3,2026-09-22 05:28:35.1670000,0,1,770,2026-09-22 05:28:35.1670000,52.133330,8.550000
1583603,"Desert Highlands",3572,233,"12S","12S2H5S1Q",3,2019-05-09 01:07:40.9370000,0,0,1181715,2026-09-22 05:28:37.4300000,33.719490,-111.882640
2523886,"Dreesbruch",707,57,"32U","32U1H5S3Q",3,2026-09-22 05:28:38.7600000,0,0,789,2026-09-22 05:28:38.7600000,52.133330,8.516670
9744,"Unley",138,13,"54H","54H1H4S1Q",2,2024-10-03 20:42:11.5530000,0,1410014,0,2026-09-22 05:30:50.4800000,-34.950000,138.600000
2561871,"Warham",979,77,"31U","31U1H4S3Q",3,2010-01-01 00:00:00.0000000,0,0,1127759,2026-09-22 05:31:22.8070000,52.933330,0.900000
2688117,"Varavino",2671,192,"37V","37V2H5S3Q",2,2026-04-17 04:57:32.6170000,0,102848,0,2026-09-22 05:32:18.9730000,56.233330,38.133330
2297382,"Vizimalom",1217,100,"34T","34T1H1S1Q",3,2026-09-11 03:23:08.1930000,0,0,4195,2026-09-22 05:38:42.1270000,47.550000,18.733330
2294993,"Haromrozsa",1221,100,"34T","34T1H1S1Q",3,2026-09-11 04:03:07.2070000,310,0,4116,2026-09-22 05:38:49.2170000,47.500000,18.716670
2294248,"Richardmajor",1221,100,"34T","34T1H1S1Q",3,2026-09-12 12:29:12.6570000,310,0,2621,2026-09-22 05:38:56.0300000,47.483330,18.700000
2293499,"Malehegy",1221,100,"34T","34T1H1S1Q",3,2026-09-12 12:50:03.7600000,3310,0,5357,2026-09-22 05:39:02.8230000,47.466670,18.683330
2293500,"Botpuszta",1221,100,"34T","34T1H1S1Q",3,2026-09-10 10:19:50.5930000,0,0,2620,2026-09-22 05:39:10.2970000,47.466670,18.733330
2294249,"Davidmajor",1221,100,"34T","34T1H1S1Q",3,2026-09-10 10:19:41.1400000,0,0,4132,2026-09-22 05:39:15.9470000,47.483330,18.750000
2293501,"Paszkalinmajor",1221,100,"34T","34T1H1S1Q",3,2026-09-10 10:19:34.0600000,310,0,2989,2026-09-22 05:39:33.5400000,47.466670,18.750000
2292666,"Etyek",1221,100,"34T","34T1H1S1Q",3,2026-09-10 09:57:53.4800000,0,0,4024,2026-09-22 05:39:39.1800000,47.450000,18.750000
2545086,"Merry Hill",979,77,"30U","30U1H5S4Q",2,2022-08-30 06:58:29.0900000,0,65174,0,2026-09-22 05:40:54.3630000,52.570950,-2.167740
2540124,"Delph",979,77,"30U","30U1H5S4Q",2,2026-07-25 19:46:30.2200000,0,60050,0,2026-09-22 05:41:38.1830000,52.466670,-2.116670
1714070,"Trona",3567,233,"11S","11S2H2S1Q",3,2026-09-22 05:42:00.1870000,0,0,944,2026-09-22 05:42:00.1870000,35.762730,-117.372830
1715441,"Pioneer Point",3567,233,"11S","11S2H2S1Q",3,2026-09-22 05:42:02.8570000,0,0,944,2026-09-22 05:42:02.8570000,35.785790,-117.363390
1717895,"Valley Wells",3567,233,"11S","11S2H2S1Q",3,2026-09-22 05:42:05.7330000,0,0,944,2026-09-22 05:42:05.7330000,35.828290,-117.331720
2524761,"Lippinghausen",707,57,"32U","32U1H5S3Q",3,2026-09-22 05:42:27.3330000,0,0,1289,2026-09-22 05:42:27.3330000,52.150000,8.616670
2524760,"Otinghauserheide",707,57,"32U","32U1H5S3Q",3,2026-09-22 05:42:35.8570000,0,0,761,2026-09-22 05:42:35.8570000,52.150000,8.600000
2524763,"Dekanat",707,57,"32U","32U1H5S3Q",3,2026-09-22 05:42:39.4130000,0,0,855,2026-09-22 05:42:39.4130000,52.150000,8.666670
2524766,"Falkendiek",707,57,"32U","32U1H5S3Q",3,2026-09-22 05:42:42.9900000,0,0,782,2026-09-22 05:42:42.9900000,52.150000,8.683330
2524767,"Homberg",707,57,"32U","32U1H5S3Q",3,2026-09-22 05:42:46.4730000,0,0,785,2026-09-22 05:42:46.4730000,52.150000,8.700000
2516841,"Markendorf",713,57,"33U","33U2H1S2Q",3,2026-09-22 05:45:01.7500000,0,0,760,2026-09-22 05:45:01.7500000,51.983330,13.166670
2515246,"Riesdorf",713,57,"33U","33U2H1S2Q",3,2026-09-22 05:45:13.0930000,0,0,1311,2026-09-22 05:45:13.0930000,51.950000,13.233330
2516010,"Schlenzer",713,57,"33U","33U2H1S2Q",3,2026-09-22 05:45:16.7900000,0,139,842,2026-09-22 05:45:16.7900000,51.966670,13.250000
2516843,"Charlottenfelde",713,57,"33U","33U2H1S2Q",3,2026-09-22 05:45:24.4370000,0,0,1227,2026-09-22 05:45:24.4370000,51.983330,13.300000
2518302,"Werder",713,57,"33U","33U1H4S4Q",3,2026-09-22 05:45:34.3800000,0,0,782,2026-09-22 05:45:34.3800000,52.016670,13.133330
2223743,"Lake Shore",3578,233,"10T","10T1H5S2Q",2,2022-08-16 00:47:49.9600000,0,11912,0,2026-09-22 05:46:41.3130000,45.691100,-122.691030
2571039,"Blackwell",979,77,"30U","30U1H6S1Q",3,2024-05-14 16:28:46.9030000,0,0,1607250,2026-09-22 05:46:57.2600000,53.116670,-1.333330
2497411,"Eismannsdorf",703,57,"33U","33U2H1S1Q",1,2022-07-07 17:51:39.1630000,464,300,0,2026-09-22 05:46:59.1470000,51.566670,12.100000
2571879,"Tibshelf",979,77,"30U","30U1H6S1Q",3,2024-05-14 16:48:27.6100000,0,0,1164800,2026-09-22 05:47:21.4000000,53.133330,-1.333330
2498152,"Godewitz",703,57,"33U","33U2H1S1Q",2,2026-09-22 05:47:24.5370000,0,761,0,2026-09-22 05:47:24.5370000,51.583330,12.116670
2497412,"Schwerz",703,57,"33U","33U2H1S1Q",3,,0,750,1250,2026-09-22 05:47:30.3870000,51.566670,12.133330
2571878,"Hardstoft",979,77,"30U","30U1H6S1Q",3,2024-05-14 16:48:18.9900000,0,0,748500,2026-09-22 05:47:31.8670000,53.133330,-1.350000
2496674,"Niemberg",703,57,"33U","33U2H1S1Q",2,2026-09-22 05:47:37.7300000,0,982,0,2026-09-22 05:47:37.7300000,51.550000,12.083330
2571038,"Westhouses",979,77,"30U","30U1H6S1Q",3,2024-05-14 16:29:00.1900000,0,0,1309150,2026-09-22 05:47:40.0330000,53.116670,-1.366670
2569971,"Oakerthorpe",979,77,"30U","30U1H6S1Q",3,2024-05-14 16:05:06.9030000,0,0,1977050,2026-09-22 05:47:50.1730000,53.091760,-1.419550
2570099,"South Wingfield",979,77,"30U","30U1H6S1Q",3,2024-05-14 16:16:57.4170000,0,0,2592050,2026-09-22 05:47:54.9630000,53.095930,-1.439980
2495896,"Wolls",703,57,"33U","33U2H1S1Q",2,2026-09-22 05:48:00.8630000,0,1333,0,2026-09-22 05:48:00.8630000,51.533330,12.133330
2571876,"Stretton",979,77,"30U","30U1H6S1Q",3,2024-05-14 16:47:51.4230000,0,0,1236400,2026-09-22 05:48:01.1900000,53.133330,-1.416670
2572763,"Clay Cross",979,77,"30U","30U1H6S1Q",3,2024-05-14 18:29:51.6230000,0,0,1463000,2026-09-22 05:48:06.1030000,53.150000,-1.416670
2495898,"Gutz",703,57,"33U","33U2H1S1Q",2,2026-09-22 05:48:06.3470000,0,726,0,2026-09-22 05:48:06.3470000,51.533330,12.150000
2495095,"Reinsdorf",703,57,"33U","33U2H1S1Q",1,2022-07-21 13:53:15.7570000,525,300,0,2026-09-22 05:48:12.1600000,51.516670,12.150000
2514420,"Niebendorf",713,57,"33U","33U2H1S2Q",3,2026-09-22 05:49:13.3900000,0,0,722,2026-09-22 05:49:13.3900000,51.933330,13.333330
2089403,"Pleasant Valley",3576,233,"10T","10T2H2S3Q",2,2025-06-21 19:06:31.8730000,0,14525,300,2026-09-22 05:53:02.6300000,42.557060,-123.385900
2524768,"Hofe",707,57,"32U","32U1H5S3Q",3,2026-09-22 05:53:36.0170000,0,0,785,2026-09-22 05:53:36.0170000,52.150000,8.716670
2092454,"Morgan",3557,233,"16T","16T2H3S3Q",1,2018-04-29 02:12:04.1800000,3022788,0,0,2026-09-22 05:53:37.5770000,42.622540,-85.176390
2524770,"Arnholz",707,57,"32U","32U1H5S3Q",3,2026-09-22 05:53:42.3330000,0,0,785,2026-09-22 05:53:42.3330000,52.150000,8.766670
2091873,"Qumby",3557,233,"16T","16T2H3S3Q",1,2018-04-29 02:12:38.6200000,3031722,0,0,2026-09-22 05:53:42.5100000,42.610310,-85.227780
2524771,"Exter",707,57,"32U","32U1H5S3Q",3,2026-09-22 05:53:45.4130000,0,0,785,2026-09-22 05:53:45.4130000,52.150000,8.783330
2093450,"Hastings",3557,233,"16T","16T2H3S3Q",1,2014-07-26 22:54:34.9670000,3034667,0,0,2026-09-22 05:53:50.1470000,42.645870,-85.290840
2095787,"Welcome Corner",3557,233,"16T","16T2H3S3Q",1,2018-06-02 04:59:14.3630000,3027431,0,0,2026-09-22 05:53:54.4770000,42.696980,-85.291400
2526418,"Falscheide",707,57,"32U","32U1H5S3Q",3,2026-09-22 05:54:44.5430000,0,0,785,2026-09-22 05:54:44.5430000,52.183330,8.683330
2515248,"Liepe",713,57,"33U","33U2H1S2Q",3,2026-09-22 05:57:03.1870000,0,0,693,2026-09-22 05:57:03.1870000,51.950000,13.366670
2515247,"Wahlsdorf",713,57,"33U","33U2H1S2Q",3,2026-09-22 05:57:08.8430000,0,0,693,2026-09-22 05:57:08.8430000,51.950000,13.333330
2515249,"Buckow",713,57,"33U","33U2H1S2Q",3,2026-09-22 05:57:13.2670000,0,0,655,2026-09-22 05:57:13.2670000,51.950000,13.400000
2513635,"Liedekahle",713,57,"33U","33U2H1S2Q",3,2026-09-22 05:58:10.4930000,0,0,767,2026-09-22 05:58:10.4930000,51.916670,13.516670
2526416,"Oberbehme",707,57,"32U","32U1H5S3Q",3,2026-09-22 05:58:11.2700000,0,0,788,2026-09-22 05:58:11.2730000,52.183330,8.666670
2574791,"Old Tupton",979,77,"30U","30U1H6S1Q",3,2024-05-14 18:48:44.8030000,0,0,1052600,2026-09-22 05:58:40.2270000,53.184180,-1.417240
2108673,"Gazley",3576,233,"10T","10T2H2S3Q",2,2026-09-22 05:58:53.5570000,0,1111,0,2026-09-22 05:58:53.5570000,42.953450,-123.242840
2112045,"Myrtle Creek",3576,233,"10T","10T2H2S1Q",2,2026-09-22 05:59:08.4200000,0,314,0,2026-09-22 05:59:08.4200000,43.020120,-123.293120
2110522,"Tri-City",3576,233,"10T","10T2H2S3Q",2,2026-09-22 05:59:15.1400000,0,303,0,2026-09-22 05:59:15.1400000,42.990040,-123.300150
2060583,"prati",1377,110,"33T","33T2H4S1Q",3,2015-09-26 18:50:36.5230000,0,0,2830122,2026-09-22 05:59:23.0800000,41.909430,12.468190
2111314,"Weaver",3576,233,"10T","10T2H2S1Q",2,2026-09-22 05:59:23.8400000,0,311,0,2026-09-22 05:59:23.8400000,43.007620,-123.310620
2683530,"Cambus",977,77,"30V","30V2H5S3Q",1,2015-03-30 20:19:37.5600000,500270,0,0,2026-09-22 05:59:46.7400000,56.116670,-3.833330
2683531,"Alloa",977,77,"30V","30V2H5S3Q",1,2010-01-01 00:00:00.0000000,500819,0,0,2026-09-22 05:59:53.4730000,56.116670,-3.800000
2684128,"Sauchie",977,77,"30V","30V2H5S3Q",1,2016-02-28 22:30:18.0600000,501179,0,0,2026-09-22 06:00:02.3930000,56.133330,-3.766670
2684746,"Tillicoultry",977,77,"30V","30V2H5S3Q",1,2016-03-05 12:34:28.8400000,500085,0,0,2026-09-22 06:00:07.0070000,56.150000,-3.750000
2256463,"Realp",507,43,"32T","32T1H2S3Q",1,2026-09-22 05:49:23.0630000,13679,0,0,2026-09-22 06:00:32.1170000,46.598210,8.502820
2512841,"Gebersdorf",713,57,"33U","33U2H1S2Q",3,2026-09-22 06:00:49.5730000,0,0,700,2026-09-22 06:00:49.5730000,51.900000,13.416670
2264270,"Ober Trubsee Alp",515,43,"32T","32T1H2S3Q",3,2022-10-26 04:45:19.5970000,0,0,1227808,2026-09-22 06:00:53.9400000,46.800000,8.383330
1845043,"Las Juntas",3567,233,"10S","10S1H5S2Q",2,2025-04-29 06:41:13.4270000,0,3020321,2585,2026-09-22 06:01:38.4970000,37.931870,-122.054410
1845344,"Bancroft",3567,233,"10S","10S1H5S2Q",2,2025-05-26 20:40:01.6570000,0,3033859,1034,2026-09-22 06:01:41.5730000,37.933810,-122.047180
1841193,"Rheem",3567,233,"10S","10S1H5S2Q",2,2025-10-27 18:57:08.2570000,0,3031286,517,2026-09-22 06:01:48.7270000,37.860760,-122.127190
2526415,"Steinlacke",707,57,"32U","32U1H5S3Q",3,2026-09-22 06:02:44.3200000,0,0,788,2026-09-22 06:02:44.3200000,52.183330,8.650000
2545439,"Wolverhampton",979,77,"30U","30U1H5S4Q",2,2025-08-31 15:04:04.9600000,0,67976,0,2026-09-22 06:03:57.6930000,52.583330,-2.133330
2526414,"Branneke",707,57,"32U","32U1H5S3Q",3,2026-09-22 06:04:21.0300000,0,0,783,2026-09-22 06:04:21.0300000,52.183330,8.633330
2553166,"Gaywood",979,77,"31U","31U1H4S3Q",2,2017-04-09 15:56:52.1270000,600,4194316,1286,2026-09-22 06:05:35.6330000,52.750000,0.433330
2553514,"King's Lynn",979,77,"31U","31U1H4S3Q",3,2025-01-23 14:09:59.3170000,600,0,31058,2026-09-22 06:05:56.1300000,52.751720,0.395160
2555371,"Castle Rising",979,77,"31U","31U1H4S3Q",3,2025-01-25 11:47:37.4670000,300,0,9544,2026-09-22 06:09:59.9500000,52.794560,0.470180
2065961,"Verrecchie",1382,110,"33T","33T2H1S4Q",1,2026-09-21 11:01:35.0700000,35098,0,0,2026-09-22 06:10:05.5500000,42.033330,13.233330
2553951,"Great Massingham",979,77,"31U","31U1H4S3Q",3,2026-04-28 05:29:02.6200000,300,0,7218,2026-09-22 06:10:22.8000000,52.766670,0.666670
2526413,"Brandhorst",707,57,"32U","32U1H5S3Q",3,2026-09-22 06:11:19.6300000,0,0,761,2026-09-22 06:11:19.6300000,52.183330,8.616670
2526412,"Bustedt",707,57,"32U","32U1H5S3Q",3,2026-09-22 06:11:23.6530000,0,0,761,2026-09-22 06:11:23.6530000,52.183330,8.600000
2526411,"Hunnebrockerheide",707,57,"32U","32U1H5S3Q",3,2026-09-22 06:12:27.8230000,0,0,762,2026-09-22 06:12:27.8230000,52.183330,8.583330
2688524,"Blackford",977,77,"30V","30V2H5S3Q",1,2026-09-22 06:12:33.1530000,845,0,0,2026-09-22 06:12:33.1530000,56.250000,-3.766670
2299997,"Lynwood Center",3578,233,"10T","10T1H2S2Q",2,2013-07-05 07:55:36.4370000,0,1306176,0,2026-09-22 06:13:55.0930000,47.604540,-122.547360
2304856,"Port Madison",3578,233,"10T","10T1H2S2Q",2,2014-07-04 02:23:15.9700000,0,1846862,0,2026-09-22 06:15:07.0870000,47.702600,-122.524300
2526410,"Hunnebrock",707,57,"32U","32U1H5S3Q",3,2026-09-22 06:15:51.8300000,0,0,761,2026-09-22 06:15:51.8300000,52.183330,8.566670
2224266,"Arvier",1367,110,"32T","32T1H4S2Q",2,2026-09-20 11:50:33.3070000,0,136750,0,2026-09-22 06:18:46.7130000,45.702060,7.165800
2249870,"Longeville-sur-Mer",949,75,"30T","30T1H3S3Q",1,2025-03-30 10:22:52.0370000,759548,0,0,2026-09-22 06:19:47.7930000,46.416670,-1.500000
2252843,"Les Sables-d'Olonne",949,75,"30T","30T1H3S3Q",1,2013-05-04 10:45:12.7970000,479390,0,0,2026-09-22 06:20:12.5130000,46.500000,-1.783330
2543938,"Wednesbury",979,77,"30U","30U1H5S4Q",2,2021-04-27 16:52:39.2300000,0,50280,0,2026-09-22 06:21:31.8730000,52.550000,-2.016670
2301103,"Baltersweil",716,57,"32T","32T1H2S1Q",3,2023-01-12 13:43:29.7430000,0,0,1329924,2026-09-22 06:21:32.3700000,47.633330,8.516670
2276036,"Sainte-Pazanne",949,75,"30T","30T1H3S1Q",1,2023-10-29 20:50:43.5330000,5384,0,0,2026-09-22 06:21:42.3930000,47.100000,-1.816670
2277978,"Bouaye",949,75,"30T","30T1H3S1Q",1,2023-06-22 13:20:48.3900000,15676,0,0,2026-09-22 06:22:05.3500000,47.150000,-1.700000
2283205,"Orvault",949,75,"30T","30T1H3S1Q",1,2024-08-03 18:34:30.7000000,991881,0,0,2026-09-22 06:22:25.7500000,47.266670,-1.616670
2281190,"Nantes",949,75,"30T","30T1H3S1Q",1,2023-06-17 00:22:27.4730000,2252526,0,0,2026-09-22 06:22:44.8700000,47.217250,-1.553360
2279274,"Bouguenais",949,75,"30T","30T1H3S1Q",1,2025-02-26 22:47:59.0270000,950710,0,0,2026-09-22 06:22:56.4270000,47.183330,-1.616670
2288385,"Ancenis",949,75,"30T","30T1H3S1Q",1,2023-06-16 19:49:27.7630000,175300,0,0,2026-09-22 06:23:52.5330000,47.366670,-1.166670
2284219,"Barbechat",949,75,"30T","30T1H3S1Q",1,2014-10-27 21:32:14.0700000,459518422,0,0,2026-09-22 06:24:57.5570000,47.283330,-1.283330
2299525,"Reute",715,57,"32T","32T1H3S1Q",3,2024-10-02 20:29:28.7670000,0,0,20560,2026-09-22 06:25:31.2200000,47.600000,10.200000
2526409,"Werfen",707,57,"32U","32U1H5S3Q",3,2026-09-22 06:25:56.9600000,0,0,664,2026-09-22 06:25:56.9600000,52.183330,8.550000
2526408,"Hucker",707,57,"32U","32U1H5S3Q",3,2026-09-22 06:26:01.1170000,0,0,665,2026-09-22 06:26:01.1170000,52.183330,8.516670
2527240,"Obernackern",707,57,"32U","32U1H5S3Q",3,2026-09-22 06:26:05.1570000,0,0,785,2026-09-22 06:26:05.1570000,52.200000,8.650000
2672110,"Largs",977,77,"30U","30U1H1S2Q",3,2026-09-20 10:07:39.1230000,1034,0,172318,2026-09-22 06:26:38.0300000,55.783330,-4.850000
2678379,"Hunters Quay",977,77,"30U","30U1H1S2Q",1,2026-09-22 06:27:07.0570000,1153,0,0,2026-09-22 06:27:07.0570000,55.966670,-4.900000
1843718,"Walnut Creek",3567,233,"10S","10S1H5S2Q",3,2024-04-06 21:39:55.9430000,0,0,1761027,2026-09-22 06:27:07.5870000,37.906310,-122.064960
2523520,"Wehrendorf",707,57,"32U","32U1H5S3Q",3,2026-09-22 06:27:43.4570000,0,0,784,2026-09-22 06:27:43.4570000,52.124850,8.822190
2488369,"Fawkham Green",979,77,"31U","31U2H1S1Q",3,2023-03-23 23:18:46.3470000,0,0,111437,2026-09-22 06:29:53.5230000,51.367820,0.276720
2524303,"Hollwiesen",707,57,"32U","32U1H5S3Q",3,2026-09-22 06:31:31.1400000,0,0,780,2026-09-22 06:31:31.1400000,52.138230,8.829060
2523899,"Hollenhagen",707,57,"32U","32U1H5S3Q",3,2026-09-22 06:35:15.4730000,0,0,785,2026-09-22 06:35:15.4730000,52.133330,8.766670
2097791,"Glendale",3576,233,"10T","10T2H2S3Q",2,2026-09-22 06:39:59.7100000,0,2732,0,2026-09-22 06:40:06.8500000,42.736230,-123.423400
1898863,"Nielsburg",3567,233,"10S","10S1H3S3Q",3,2026-09-08 12:27:25.1370000,0,0,2002233,2026-09-22 06:40:08.6430000,38.957120,-121.033280
2099666,"Fernvale",3576,233,"10T","10T2H2S3Q",2,2026-09-22 06:40:16.3800000,0,336,0,2026-09-22 06:40:16.3800000,42.778450,-123.371450
2099556,"Fortune Branch",3576,233,"10T","10T2H2S3Q",2,2026-09-22 06:40:34.3000000,0,1960,0,2026-09-22 06:40:40.4830000,42.774840,-123.317560
2099657,"Galesville",3576,233,"10T","10T2H2S3Q",2,2026-09-22 06:40:58.9900000,0,342,0,2026-09-22 06:40:58.9930000,42.778180,-123.295900
2052985,"Sant Eloi",909,68,"31T","31T2H5S1Q",3,2023-05-01 11:07:53.2000000,0,517,968504,2026-09-22 06:45:00.6400000,41.729100,2.908200
2444500,"Wirberg",710,57,"32U","32U2H2S3Q",2,2026-09-22 06:45:56.0870000,0,943,0,2026-09-22 06:45:56.0870000,50.603290,8.906990
2443783,"Grunberg",710,57,"32U","32U2H2S3Q",2,2026-09-22 06:46:00.7100000,0,1412,0,2026-09-22 06:46:00.7100000,50.594030,8.958660
2445068,"Stangenrod",710,57,"32U","32U2H2S3Q",2,2026-09-22 06:46:05.6470000,0,950,0,2026-09-22 06:46:05.6470000,50.616670,8.966670
2443181,"Klein-Eichen",710,57,"32U","32U2H2S4Q",2,2026-09-22 06:46:11.8370000,0,781,0,2026-09-22 06:46:11.8370000,50.583330,9.050000
2443183,"Ilsdorf",710,57,"32U","32U2H2S4Q",2,2026-09-22 06:46:17.9600000,0,1074,0,2026-09-22 06:46:17.9600000,50.583330,9.066670
2093271,"Oxbow",3557,233,"17T","17T2H1S3Q",1,2016-01-27 19:39:59.9230000,3005128,0,0,2026-09-22 06:47:10.7570000,42.640590,-83.473000
2796505,"Paimio",929,70,"34V","34V1H6S3Q",1,2013-11-29 07:31:46.4600000,46159,0,12300,2026-09-22 06:47:23.1800000,60.456710,22.686940
2089383,"Wolverine Lake",3557,233,"17T","17T2H1S3Q",1,2016-01-15 21:56:46.3130000,3015349,0,0,2026-09-22 06:48:11.9630000,42.556700,-83.473830
2523894,"Sundern",707,57,"32U","32U1H5S3Q",3,2026-09-22 06:48:19.1270000,0,0,783,2026-09-22 06:48:19.1270000,52.133330,8.650000
2207223,"Chelyadinove",3435,230,"37T","37T1H4S1Q",2,2026-09-22 06:49:12.4270000,0,841,0,2026-09-22 06:49:12.4270000,45.204650,36.374000
2207157,"Kommuna Initsiativa",3435,230,"37T","37T1H4S1Q",2,2026-09-22 06:49:40.3230000,0,841,0,2026-09-22 06:49:40.3230000,45.201670,36.367220
2206714,"Ohon'ky",3435,230,"37T","37T1H4S1Q",2,2026-09-22 06:49:46.5770000,0,842,0,2026-09-22 06:49:46.5770000,45.193160,36.327080
2205113,"Kostyrine",3435,230,"37T","37T1H4S1Q",2,2026-09-22 06:49:59.4900000,0,846,0,2026-09-22 06:49:59.4900000,45.150400,36.372990
2204756,"Chongelek Tatarskiy",3435,230,"37T","37T1H4S1Q",2,2026-09-22 06:50:06.5170000,0,844,0,2026-09-22 06:50:06.5170000,45.147220,36.393610
2522923,"Steinbrundorf",707,57,"32U","32U1H5S3Q",3,2026-09-22 06:50:26.2100000,0,0,833,2026-09-22 06:50:26.2100000,52.114100,8.846740
2570019,"Meilahuizen",2274,167,"31U","31U1H6S2Q",1,2024-07-17 05:20:12.8970000,1806,0,0,2026-09-22 06:51:57.7200000,53.093380,5.642340
2569168,"Roodhuis",2274,167,"31U","31U1H6S2Q",1,2019-08-31 10:20:16.4930000,3757,0,0,2026-09-22 06:52:09.1770000,53.076190,5.635990
2571711,"Wammert",2274,167,"31U","31U1H6S2Q",1,2024-07-17 17:13:11.2170000,10910,0,0,2026-09-22 06:52:52.4470000,53.128830,5.666160
2560768,"Schoonlo",2275,167,"32U","32U1H4S3Q",1,2026-09-22 06:53:17.6700000,956,0,0,2026-09-22 06:53:17.6700000,52.905830,6.700000
2560058,"Ellertshaar",2275,167,"32U","32U1H4S3Q",1,2026-09-22 06:53:24.0000000,627,0,0,2026-09-22 06:53:24.0000000,52.892500,6.737500
2559970,"Eesergroen",2275,167,"32U","32U1H4S3Q",1,2026-09-22 06:53:34.9370000,1035,0,0,2026-09-22 06:53:34.9370000,52.890000,6.779170
2560739,"Westdorp",2275,167,"32U","32U1H4S3Q",1,2026-09-22 06:53:42.7800000,940,0,0,2026-09-22 06:53:42.7800000,52.905000,6.766670
2560842,"Ees",2275,167,"32U","32U1H4S3Q",3,2026-09-14 19:32:56.2270000,300,0,7196,2026-09-22 06:53:50.0970000,52.908330,6.805560
2561780,"Buinen",2275,167,"32U","32U1H4S3Q",1,2026-09-22 06:54:04.9170000,933,0,0,2026-09-22 06:54:04.9170000,52.930830,6.836110
2562581,"Bronneger",2275,167,"32U","32U1H4S3Q",1,2026-09-22 06:54:13.3300000,942,0,0,2026-09-22 06:54:13.3300000,52.946670,6.815280
2563150,"Drouwen",2275,167,"32U","32U1H4S3Q",1,2026-09-22 06:54:22.2470000,795,0,0,2026-09-22 06:54:22.2470000,52.953330,6.795830
2564051,"Gasselte",2275,167,"32U","32U1H4S3Q",1,2026-09-22 06:54:34.7130000,990,0,0,2026-09-22 06:54:34.7130000,52.971670,6.794440
1571575,"Oak Crossing",3551,233,"16S","16S2H5S2Q",2,2024-01-27 13:40:12.5930000,0,1150,0,2026-09-22 06:55:19.9600000,33.525940,-86.546100
2813526,"Puuppola",3834,70,"35V","35V1H1S4Q",3,2024-01-02 16:43:13.8530000,0,0,48571,2026-09-22 06:55:34.5330000,62.343000,25.688270
1573373,"Russell Heights",3551,233,"16S","16S2H5S2Q",1,2026-09-22 06:55:44.3200000,1150,0,0,2026-09-22 06:55:44.3200000,33.553440,-86.560260
2034332,"L'Hospitalet de Llobregat",909,68,"31T","31T2H5S1Q",3,2024-03-17 09:35:58.5070000,0,83329,3875780,2026-09-22 06:56:29.0570000,41.359670,2.100280
2635718,"Jordanstown",978,77,"30U","30U1H1S3Q",1,2024-11-21 23:13:17.7500000,200928,0,0,2026-09-22 06:57:54.3800000,54.683330,-5.900000
2521979,"Pillenbruch",707,57,"32U","32U1H5S3Q",3,2026-09-22 06:59:10.7530000,0,0,784,2026-09-22 06:59:10.7530000,52.093750,8.837810
2522237,"Oberwusten",707,57,"32U","32U1H5S3Q",3,2026-09-22 06:59:14.0500000,0,0,775,2026-09-22 06:59:14.0500000,52.100000,8.816670
2523104,"Sundern",707,57,"32U","32U1H5S3Q",3,2026-09-22 07:00:25.1730000,0,0,788,2026-09-22 07:00:25.1730000,52.116670,8.800000
2593886,"Ardcath",1260,102,"29U","29U1H6S2Q",3,,0,0,386372,2026-09-22 07:00:28.0330000,53.608060,-6.391390
2596530,"Caulstown",1260,102,"29U","29U1H6S2Q",3,2018-10-16 11:09:14.2500000,0,0,1054592,2026-09-22 07:00:35.1870000,53.672500,-6.394170
2107318,"Milo",3576,233,"10T","10T2H2S3Q",2,2026-09-22 07:00:54.5530000,0,396,0,2026-09-22 07:00:54.5530000,42.930680,-123.049780
2100495,"Azalea",3576,233,"10T","10T2H2S3Q",2,2026-09-22 07:01:08.1200000,0,1688,0,2026-09-22 07:01:09.3830000,42.795400,-123.260340
2299527,"Adelharz",715,57,"32T","32T1H3S1Q",3,2024-10-02 11:13:10.9300000,0,0,21074,2026-09-22 07:01:51.8470000,47.600000,10.216670
2299530,"Gnadenberg",715,57,"32T","32T1H3S1Q",3,2024-10-02 11:13:20.3200000,0,0,21040,2026-09-22 07:02:03.5900000,47.600000,10.233330
2522236,"Breden",707,57,"32U","32U1H5S3Q",3,2026-09-22 07:02:58.4130000,0,0,785,2026-09-22 07:02:58.4130000,52.100000,8.783330
867902,"Ban Khlong Sip (2)",3188,218,"47P","47P1H3S3Q",1,2026-09-22 07:05:39.6570000,754,0,0,2026-09-22 07:05:39.6570000,14.283330,100.833330
868596,"Ban Na Roeng (1)",3188,218,"47P","47P1H3S3Q",1,2026-09-22 07:05:45.7700000,754,0,0,2026-09-22 07:05:45.7700000,14.300000,100.833330
869293,"Ban Khlong Sip",3188,218,"47P","47P1H3S3Q",1,2026-09-22 07:05:49.4300000,793,0,0,2026-09-22 07:05:49.4300000,14.316670,100.833330
2324355,"Perlach",715,57,"32U","32U2H6S4Q",2,2018-04-27 04:59:14.4500000,0,1170256,0,2026-09-22 07:09:20.9770000,48.099520,11.627830
865910,"Ban Khlong Hok Wa Sai Bon (1)",3195,218,"47P","47P1H3S3Q",2,2026-09-22 07:11:31.6700000,0,754,0,2026-09-22 07:11:31.6700000,14.233330,100.800000
2099679,"Quines Creek",3576,233,"10T","10T2H2S3Q",2,2026-09-22 07:12:48.9900000,0,1281,0,2026-09-22 07:12:51.9030000,42.779010,-123.271730
2096670,"Speaker",3576,233,"10T","10T2H2S3Q",2,2026-09-22 07:12:59.2770000,0,1374,0,2026-09-22 07:13:01.4000000,42.716510,-123.293950
866525,"Ban Khao Ngam (1)",3195,218,"47P","47P1H3S3Q",2,2026-09-22 07:13:51.5030000,0,864,0,2026-09-22 07:13:51.5030000,14.250000,100.800000
2527238,"Kirchlengern",707,57,"32U","32U1H5S3Q",3,2026-09-22 07:13:53.0930000,0,0,785,2026-09-22 07:13:53.0930000,52.200000,8.633330
867192,"Ban Nong Rong",3188,218,"47P","47P1H3S3Q",2,2026-09-22 07:13:56.7570000,0,754,0,2026-09-22 07:13:56.7570000,14.266670,100.833330
2527236,"Sudlengerheide",707,57,"32U","32U1H5S3Q",3,2026-09-22 07:17:14.5500000,0,0,761,2026-09-22 07:17:14.5500000,52.200000,8.616670
2527235,"Sudbrock",707,57,"32U","32U1H5S3Q",3,2026-09-22 07:17:22.3130000,0,0,761,2026-09-22 07:17:22.3130000,52.200000,8.600000
2415216,"Imennyy Kirova",3439,230,"37U","37U2H1S3Q",1,2013-04-23 07:06:43.5100000,1992956,0,0,2026-09-22 07:18:02.9430000,50.003130,36.320360
2564908,"Kostvlies",2275,167,"32U","32U1H4S3Q",1,2026-09-22 07:18:14.2770000,935,0,0,2026-09-22 07:18:14.2770000,52.987500,6.798610
2414502,"Petrenkov",3439,230,"37U","37U2H4S1Q",1,2013-04-28 13:28:14.8570000,2014614,0,0,2026-09-22 07:18:15.1700000,49.985280,36.348890
2565654,"Gieten",2275,167,"32U","32U1H4S1Q",1,2026-09-22 07:18:21.3900000,936,0,0,2026-09-22 07:18:21.3900000,53.005000,6.763890
2413981,"Kulynychi",3439,230,"37U","37U2H4S1Q",1,2013-04-28 20:04:52.1600000,2005882,0,0,2026-09-22 07:18:23.5030000,49.981940,36.378330
2565655,"Bonnen",2275,167,"32U","32U1H4S1Q",1,2026-09-22 07:18:28.2830000,1065,0,0,2026-09-22 07:18:28.2830000,53.005000,6.777780
2412755,"Krasnaya Armiya",3439,230,"37U","37U2H4S1Q",1,2013-04-28 15:35:58.8130000,2013651,0,0,2026-09-22 07:18:35.4930000,49.950000,36.366670
2565626,"Veenhof",2275,167,"32U","32U1H4S1Q",1,2026-09-22 07:18:39.4570000,939,0,0,2026-09-22 07:18:39.4570000,53.004170,6.809720
2412908,"Imeni Frunze",3439,230,"37U","37U2H4S1Q",1,2013-04-28 15:58:28.6870000,2002227,0,0,2026-09-22 07:18:43.1100000,49.954870,36.353440
2565887,"Bonnerveen",2275,167,"32U","32U1H4S1Q",1,2026-09-22 07:18:47.9000000,1484,0,0,2026-09-22 07:18:47.9000000,53.013330,6.831940
2413162,"Imeni Frunze",3439,230,"37U","37U2H4S1Q",1,2013-04-28 20:35:22.3770000,2008711,0,0,2026-09-22 07:18:52.9400000,49.965850,36.338520
2565706,"Torenveen",2275,167,"32U","32U1H4S1Q",1,2026-09-22 07:18:55.0470000,754,0,0,2026-09-22 07:18:55.0470000,53.006670,6.837500
2412879,"Losevo",3439,230,"37U","37U2H4S1Q",1,2013-04-28 20:37:12.0100000,2006254,0,0,2026-09-22 07:19:00.5970000,49.953610,36.321670
2568168,"Eexterveenschekanaal",2275,167,"32U","32U1H4S1Q",1,2026-09-22 07:19:03.9270000,782,0,0,2026-09-22 07:19:03.9270000,53.055830,6.837500
2570913,"Kiel-Windeweer",2272,167,"32U","32U1H4S1Q",1,2026-09-22 07:19:10.9330000,934,0,0,2026-09-22 07:19:10.9330000,53.112500,6.779170
2288883,"Zuerich (Kreis 4) / Werd",503,43,"32T","32T1H2S1Q",3,2024-06-19 08:47:10.8200000,0,0,3806025,2026-09-22 07:19:13.6830000,47.371780,8.525840
2412357,"Chunikhin",3439,230,"37U","37U2H4S1Q",1,2013-04-28 20:33:45.9100000,2002037,0,0,2026-09-22 07:19:15.0730000,49.946940,36.336670
2412128,"Pavlenkov",3439,230,"37U","37U2H4S1Q",1,2013-04-28 18:12:30.1770000,2000881,0,0,2026-09-22 07:19:23.3070000,49.937500,36.323330
2527234,"Buende",707,57,"32U","32U1H5S3Q",3,2026-09-22 07:19:38.6070000,0,0,664,2026-09-22 07:19:38.6070000,52.200000,8.583330
858065,"Ban Khlong Hok",3203,218,"47P","47P1H3S3Q",2,2026-09-20 00:26:14.5500000,0,81908,0,2026-09-22 07:19:45.6230000,14.066670,100.733330
2288559,"Erdomajor",1221,100,"34T","34T1H1S1Q",3,2026-09-11 19:43:37.6670000,0,0,3763,2026-09-22 07:20:14.0830000,47.366670,18.783330
2288558,"Kuldo",1221,100,"34T","34T1H1S1Q",3,2026-09-11 19:44:03.0730000,0,0,3273,2026-09-22 07:20:19.9200000,47.366670,18.750000
2287747,"Tordas",1221,100,"34T","34T1H1S1Q",3,2026-09-11 19:43:56.0600000,0,0,3067,2026-09-22 07:20:23.9530000,47.350000,18.750000
2286978,"Felsomajor Termeloszovetkezet",1221,100,"34T","34T1H1S1Q",3,2026-09-11 19:43:43.3930000,0,0,3128,2026-09-22 07:20:29.8670000,47.333330,18.766670
2286119,"Gabormajor",1221,100,"34T","34T1H1S1Q",3,2026-09-16 10:07:03.8970000,0,0,3035,2026-09-22 07:20:34.0830000,47.316670,18.766670
2286120,"Martonvasar",1221,100,"34T","34T1H1S1Q",3,2026-09-16 14:52:14.9770000,0,0,3375,2026-09-22 07:20:38.2030000,47.316670,18.783330
2286979,"Kismarton",1221,100,"34T","34T1H1S1Q",3,2026-09-16 14:53:06.9370000,0,0,3235,2026-09-22 07:20:43.6630000,47.333330,18.833330
2286121,"Sandorszallas",1221,100,"34T","34T1H1S1Q",3,2026-09-15 09:13:49.7100000,0,0,4660,2026-09-22 07:20:48.0700000,47.316670,18.833330
2299531,"Untergiessen",715,57,"32T","32T1H3S1Q",3,2024-10-02 11:13:31.7370000,0,0,21087,2026-09-22 07:22:16.9030000,47.600000,10.250000
865216,"Ban Wang Chula",3195,218,"47P","47P1H3S3Q",1,2026-09-22 07:23:37.4630000,868,0,0,2026-09-22 07:23:37.4630000,14.216670,100.766670
865217,"Ban Khlong Paet (3)",3203,218,"47P","47P1H3S3Q",1,2026-09-22 07:23:59.7600000,754,0,0,2026-09-22 07:23:59.7600000,14.216670,100.783330
865908,"Ban Wang Kha",3195,218,"47P","47P1H3S3Q",1,2026-09-22 07:24:02.2400000,804,0,0,2026-09-22 07:24:02.2400000,14.233330,100.783330
2527233,"Blanken",707,57,"32U","32U1H5S3Q",3,2026-09-22 07:24:42.6030000,0,0,946,2026-09-22 07:24:42.6030000,52.200000,8.566670
2527232,"Oberennigloh",707,57,"32U","32U1H5S3Q",3,2026-09-22 07:24:54.0500000,0,0,946,2026-09-22 07:24:54.0500000,52.200000,8.550000
862952,"Ban Khlong Yi Siphok",3195,218,"47P","47P1H3S3Q",2,2026-09-22 07:25:06.7400000,0,786,0,2026-09-22 07:25:06.7400000,14.166670,100.666670
862953,"Ban Khlongsi Si",3203,218,"47P","47P1H3S3Q",2,2026-09-22 07:25:10.6870000,0,786,0,2026-09-22 07:25:10.6870000,14.166670,100.700000
863703,"Ban Wang Noi (3)",3203,218,"47P","47P1H3S3Q",2,2026-09-22 07:25:13.5530000,0,786,0,2026-09-22 07:25:13.5530000,14.183330,100.700000
862954,"Ban Khlong Hok",3203,218,"47P","47P1H3S3Q",2,2026-09-22 07:25:19.8530000,0,778,0,2026-09-22 07:25:19.8530000,14.166670,100.733330
863704,"Ban Khlong Hok (3)",3203,218,"47P","47P1H3S3Q",2,2026-09-22 07:25:27.4930000,0,778,0,2026-09-22 07:25:27.4930000,14.183330,100.733330
862955,"Ban Khlong Chet (2)",3203,218,"47P","47P1H3S3Q",2,2026-09-22 07:25:42.4430000,0,791,0,2026-09-22 07:25:42.4430000,14.166670,100.750000
863705,"Ban Suan Di",3203,218,"47P","47P1H3S3Q",2,2026-09-22 07:25:45.2600000,0,724,0,2026-09-22 07:25:45.2600000,14.183330,100.750000
2539328,"Cradley",979,77,"30U","30U1H5S4Q",2,2026-07-25 19:47:45.3400000,0,36900,0,2026-09-22 07:25:45.9370000,52.450000,-2.083330
864500,"Ban Khlong Hok Wa Sai Bon (2)",3195,218,"47P","47P1H3S3Q",2,2026-09-22 07:25:48.2100000,0,724,0,2026-09-22 07:25:48.2100000,14.200000,100.750000
2539330,"Halesowen",979,77,"30U","30U1H5S4Q",2,2022-08-16 22:14:54.1300000,0,29851,0,2026-09-22 07:25:58.4270000,52.450000,-2.050000
2540125,"Quinton",979,77,"30U","30U1H5S4Q",2,2022-08-18 18:03:01.7600000,0,37509,0,2026-09-22 07:26:06.5570000,52.466670,-2.016670
1528925,"Mesquite",3549,233,"14S","14S2H6S4Q",1,2026-09-22 07:27:19.9970000,816,0,0,2026-09-22 07:27:19.9970000,32.766800,-96.599160
864501,"Ban Khlong Chet (1)",3203,218,"47P","47P1H3S3Q",2,2026-09-22 07:27:24.1700000,0,734,0,2026-09-22 07:27:24.1700000,14.200000,100.766670
1545526,"Beverly Hill",3549,233,"14S","14S2H6S2Q",1,2026-09-21 23:51:34.5230000,1995,0,0,2026-09-22 07:27:32.2500000,33.069290,-96.489710
2527231,"Uhlenbrock",707,57,"32U","32U1H5S3Q",3,2026-09-22 07:27:52.7730000,0,0,942,2026-09-22 07:27:52.7730000,52.200000,8.533330
1553814,"Buckner",3549,233,"14S","14S2H6S2Q",1,2026-09-22 00:58:18.0800000,4853,0,0,2026-09-22 07:28:47.6430000,33.217620,-96.663600
1554893,"Prosper",3549,233,"14S","14S2H6S2Q",1,2026-09-22 00:23:31.4500000,1846,0,0,2026-09-22 07:29:11.4730000,33.236230,-96.801110
1553049,"Rockhill",3549,233,"14S","14S2H6S2Q",1,2026-09-22 00:23:38.0500000,2247,0,0,2026-09-22 07:29:35.8300000,33.204010,-96.802500
1559346,"Mustang",3549,233,"14S","14S2H6S2Q",1,2026-09-22 00:23:23.5270000,2500,0,0,2026-09-22 07:30:33.7300000,33.320670,-96.903060
1558137,"Spring Hill",3549,233,"14S","14S2H6S2Q",1,2026-09-22 07:30:59.0670000,1799,0,0,2026-09-22 07:30:59.0670000,33.299010,-96.936120
2309955,"Edmonds",3578,233,"10T","10T1H2S2Q",2,2017-03-23 15:21:01.9800000,0,1513642,0,2026-09-22 07:31:37.3930000,47.810650,-122.377360
2527225,"Ahle",707,57,"32U","32U1H5S3Q",3,2026-09-22 07:31:54.1770000,0,208,988,2026-09-22 07:31:54.1770000,52.200000,8.516670
2095808,"Sofia",283,22,"34T","34T2H3S4Q",1,2013-07-01 18:49:09.1830000,101546617,0,0,2026-09-22 07:32:18.6670000,42.697510,23.324150
2549216,"Tong",979,77,"30U","30U1H5S4Q",2,2025-12-30 04:14:37.7230000,0,60160,0,2026-09-22 07:32:20.4870000,52.666670,-2.300000
2313263,"Seattle Hill",3578,233,"10T","10T1H2S2Q",2,2023-09-08 19:40:56.1500000,0,2062775,0,2026-09-22 07:32:49.3970000,47.879770,-122.164070
849739,"Ban Lam Kradan",3218,218,"47P","47P1H6S1Q",1,2026-05-30 04:43:30.5400000,311691,0,0,2026-09-22 07:33:02.4230000,13.916640,100.746500
2316481,"Northwest Snohomish",3578,233,"10T","10T1H2S2Q",2,2016-12-27 05:56:31.3100000,0,1294588,0,2026-09-22 07:33:28.7500000,47.940740,-122.103760
2526406,"Gross Aschen",708,57,"32U","32U1H5S3Q",3,2026-09-22 07:37:28.3870000,0,266,1049,2026-09-22 07:37:28.3870000,52.183330,8.500000
2527224,"Vorderbruch",707,57,"32U","32U1H5S3Q",3,2026-09-22 07:37:32.9300000,0,0,997,2026-09-22 07:37:32.9300000,52.200000,8.500000
862242,"Ban Khlong Sam",3203,218,"47P","47P1H3S3Q",2,2026-09-22 07:40:12.0800000,0,854,0,2026-09-22 07:40:12.0800000,14.150000,100.666670
2299534,"Thanners",715,57,"32T","32T1H3S1Q",3,2024-10-02 18:50:45.0370000,0,0,21040,2026-09-22 07:41:55.4430000,47.600000,10.266670
2809783,"Hirvenlahti",928,70,"35V","35V1H5S1Q",3,2026-09-22 07:46:06.7600000,0,2409,4800,2026-09-22 07:46:06.7600000,61.800000,26.450000
2813112,"Jyvaskylan Maalaiskunta",929,70,"35V","35V1H1S4Q",2,2015-09-18 17:49:41.9100000,3900,8643878,75101,2026-09-22 07:46:35.8000000,62.283330,25.716670
1607152,"Larchmont Village",3567,233,"11S","11S2H1S4Q",1,2015-12-29 18:12:49.4430000,38042309,0,0,2026-09-22 07:46:47.6230000,34.073060,-118.323890
2204574,"Naberezhne",3435,230,"37T","37T1H4S1Q",2,2026-09-22 07:47:20.0800000,0,844,0,2026-09-22 07:47:20.0800000,45.138960,36.415400
2203810,"Zavitne",3435,230,"37T","37T1H4S1Q",2,2026-09-22 07:47:30.3500000,0,846,0,2026-09-22 07:47:30.3500000,45.122300,36.400850
1601338,"West Whittier",3567,233,"11S","11S2H4S2Q",3,2014-10-25 01:09:27.4630000,0,0,1357117,2026-09-22 07:48:33.5500000,33.988620,-118.057010
2300159,"Pleasant Hill",3578,233,"10T","10T1H3S1Q",2,2012-12-21 21:20:20.8430000,0,1318818,0,2026-09-22 07:50:03.6270000,47.615380,-121.909560
1591553,"Southwest Village",3567,233,"11S","11S2H4S2Q",3,2013-12-09 22:30:27.0700000,0,0,1090466,2026-09-22 07:50:11.6830000,33.846680,-118.310350
2203616,"Kop-Takyl",3435,230,"37T","37T1H4S1Q",2,2026-09-22 07:51:02.0430000,0,847,0,2026-09-22 07:51:02.0430000,45.116670,36.398330
2203183,"Korenkovo",3435,230,"37T","37T1H4S1Q",2,2026-09-22 07:51:07.4500000,0,847,0,2026-09-22 07:51:07.4500000,45.110560,36.391940
2201644,"Pashchenkovo",3435,230,"37T","37T1H4S1Q",2,2026-09-22 07:51:12.1100000,0,853,0,2026-09-22 07:51:12.1100000,45.078060,36.408610
2203136,"Chorelek",3435,230,"37T","37T1H4S1Q",2,2026-09-22 07:51:18.2870000,0,850,0,2026-09-22 07:51:18.2870000,45.108890,36.334720
2202995,"Goluboye",3435,230,"37T","37T1H4S1Q",2,2026-09-22 07:51:23.6830000,0,847,0,2026-09-22 07:51:23.6830000,45.103890,36.309170
2202184,"Staryy Bashaul",3435,230,"37T","37T1H4S1Q",2,2026-09-22 07:51:31.4030000,0,850,0,2026-09-22 07:51:31.4030000,45.086390,36.304440
2201350,"Yakovenkove",3435,230,"37T","37T1H4S1Q",2,2026-09-22 07:51:37.6470000,0,852,0,2026-09-22 07:51:37.6470000,45.068070,36.317410
2200510,"Svetlyachki",3435,230,"37T","37T1H4S1Q",2,2026-09-22 07:51:43.9200000,0,853,0,2026-09-22 07:51:43.9200000,45.051110,36.243610
1788875,"Aptos",3567,233,"10S","10S1H6S3Q",3,2013-12-22 07:56:59.7900000,0,0,3005603,2026-09-22 07:52:46.2900000,36.989240,-121.895330
1788103,"Aptos",3567,233,"10S","10S1H6S3Q",3,2013-12-22 18:55:12.0430000,0,0,2985903,2026-09-22 07:52:53.3930000,36.977170,-121.899400
1787696,"Rio Del Mar",3567,233,"10S","10S1H6S3Q",3,2013-06-22 16:10:21.8830000,0,0,2002914,2026-09-22 07:52:59.6270000,36.968280,-121.900230
1829006,"Mount Eden",3567,233,"10S","10S1H5S2Q",3,2013-11-16 17:16:18.3800000,0,0,2058182,2026-09-22 07:54:23.9630000,37.636040,-122.099960
1828128,"Baumberg",3567,233,"10S","10S1H5S2Q",3,2013-11-13 22:29:48.6600000,0,0,1850655,2026-09-22 07:54:36.7230000,37.620770,-122.100240
817327,"Ban Huai Rong",3163,218,"47P","47P1H5S2Q",0,2010-01-01 00:00:00.0000000,0,0,0,2026-09-22 07:54:54.7170000,13.333330,99.850000
817328,"Ban Phraek Nam Daeng",3163,218,"47P","47P1H5S2Q",0,2010-01-01 00:00:00.0000000,0,0,0,2026-09-22 07:54:55.7830000,13.333330,99.866670
817329,"Ban Khlong Khot",3189,218,"47P","47P1H5S2Q",0,2010-01-01 00:00:00.0000000,0,0,0,2026-09-22 07:54:56.8570000,13.333330,99.883330
818096,"Ban Talat Khwai",3163,218,"47P","47P1H5S2Q",0,2010-01-01 00:00:00.0000000,0,0,0,2026-09-22 07:54:58.3830000,13.350000,99.783330
818099,"Ban Khao Lao",3163,218,"47P","47P1H5S2Q",1,2010-01-01 00:00:00.0000000,300,0,0,2026-09-22 07:54:59.4300000,13.350000,99.833330
818101,"Ban Khok Ka Don",3163,218,"47P","47P1H5S2Q",1,2010-01-01 00:00:00.0000000,300,0,0,2026-09-22 07:55:00.4670000,13.350000,99.850000
818105,"Ban Pak Rang",3189,218,"47P","47P1H5S2Q",0,2010-01-01 00:00:00.0000000,0,0,0,2026-09-22 07:55:01.5300000,13.350000,99.866670
818107,"Ban Bang Phi Lok",3189,218,"47P","47P1H5S2Q",0,2010-01-01 00:00:00.0000000,0,0,0,2026-09-22 07:55:02.5700000,13.350000,99.883330
818876,"Ban Don Sai",3163,218,"47P","47P1H5S2Q",0,2010-01-01 00:00:00.0000000,0,0,0,2026-09-22 07:55:03.6130000,13.366670,99.783330
818877,"Ban Hua Khao",3163,218,"47P","47P1H5S2Q",0,2010-01-01 00:00:00.0000000,0,0,0,2026-09-22 07:55:04.6500000,13.366670,99.800000
818879,"Ban Don Muang",3163,218,"47P","47P1H5S2Q",0,2010-01-01 00:00:00.0000000,0,0,0,2026-09-22 07:55:05.6900000,13.366670,99.833330
818881,"Ban Sammachot (1)",3163,218,"47P","47P1H5S2Q",0,2010-01-01 00:00:00.0000000,0,0,0,2026-09-22 07:55:06.8600000,13.366670,99.866670
818883,"Ban Thalu Kaeo",3189,218,"47P","47P1H5S2Q",0,2010-01-01 00:00:00.0000000,0,0,0,2026-09-22 07:55:08.1900000,13.366670,99.883330
818884,"Ban Khlong Khlaeng",3189,218,"47P","47P1H5S2Q",0,2010-01-01 00:00:00.0000000,0,0,0,2026-09-22 07:55:09.2730000,13.366670,99.900000
818885,"Ban Khlong Lek",3189,218,"47P","47P1H5S2Q",0,2010-01-01 00:00:00.0000000,0,0,0,2026-09-22 07:55:10.3370000,13.366670,99.916670
819113,"Pak Tho",3163,218,"47P","47P1H5S2Q",0,2010-01-01 00:00:00.0000000,0,0,0,2026-09-22 07:55:11.3970000,13.372630,99.839380
819659,"Ban Lan Nok",3163,218,"47P","47P1H5S2Q",0,2010-01-01 00:00:00.0000000,0,0,0,2026-09-22 07:55:12.5030000,13.383330,99.800000
819666,"Ban Khlong Khut",3189,218,"47P","47P1H5S2Q",0,2010-01-01 00:00:00.0000000,0,0,0,2026-09-22 07:55:13.5630000,13.383330,99.883330
819669,"Ban Bang Khan Taek (1)",3189,218,"47P","47P1H5S2Q",0,2010-01-01 00:00:00.0000000,0,0,0,2026-09-22 07:55:14.6400000,13.383330,99.933330
820426,"Ban Hua Pa",3189,218,"47P","47P1H5S2Q",0,2010-01-01 00:00:00.0000000,0,0,0,2026-09-22 07:55:15.8930000,13.400000,99.883330
820427,"Ban Don Buk",3189,218,"47P","47P1H5S2Q",0,2010-01-01 00:00:00.0000000,0,0,0,2026-09-22 07:55:17.1100000,13.400000,99.900000
821239,"Ban Nong Ngao",3163,218,"47P","47P1H5S2Q",1,2010-01-01 00:00:00.0000000,326,0,0,2026-09-22 07:55:18.1430000,13.416670,99.783330
821251,"Ban Nong Ri (2)",3189,218,"47P","47P1H5S2Q",0,2010-01-01 00:00:00.0000000,0,0,0,2026-09-22 07:55:19.1800000,13.416670,99.900000
821252,"Ban Plai Khlong Om",3189,218,"47P","47P1H5S2Q",0,2010-01-01 00:00:00.0000000,0,0,0,2026-09-22 07:55:20.2170000,13.416670,99.933330
822028,"Ban Nong Rai",3163,218,"47P","47P1H5S2Q",0,2010-01-01 00:00:00.0000000,0,0,0,2026-09-22 07:55:21.2430000,13.433330,99.783330
1826581,"Union City",3567,233,"10S","10S1H5S2Q",3,2013-08-21 14:23:41.1100000,0,0,2959140,2026-09-22 07:55:25.2830000,37.595770,-122.019130
2571780,"Nieuwe Compagnie",2272,167,"32U","32U1H4S1Q",1,2026-09-22 07:55:42.4770000,937,0,0,2026-09-22 07:55:42.4770000,53.130830,6.758330
2571909,"Kiel",2272,167,"32U","32U1H4S1Q",1,2026-09-22 07:55:48.1270000,789,0,0,2026-09-22 07:55:48.1270000,53.133330,6.766670
2573236,"Kleinemeer",2272,167,"32U","32U1H4S1Q",1,2026-09-22 07:55:54.1600000,947,0,0,2026-09-22 07:55:54.1600000,53.155000,6.790280
2574214,"Spitsbergen",2272,167,"32U","32U1H4S1Q",1,2026-09-22 07:56:01.2170000,946,0,0,2026-09-22 07:56:01.2170000,53.176670,6.833330
2576492,"Slochteren",2272,167,"32U","32U1H4S1Q",1,2026-09-22 07:56:08.6400000,933,0,0,2026-09-22 07:56:08.6400000,53.220780,6.805470
2321634,"Lake Bosworth",3578,233,"10U","10U2H6S3Q",3,2026-09-22 07:57:40.8400000,0,0,712,2026-09-22 07:57:40.8400000,48.045370,-121.967230
2463970,"Dobrzyn",2448,180,"33U","33U2H3S4Q",1,2016-11-27 09:47:13.3200000,108921,0,0,2026-09-22 07:59:04.9070000,50.946640,17.468950
2460489,"Brzezina",2448,180,"33U","33U2H3S4Q",1,2016-11-25 12:17:04.0200000,126801,0,0,2026-09-22 07:59:35.5600000,50.883430,17.430150
2529826,"Hokenbrugge",707,57,"32U","32U1H5S3Q",3,2026-09-22 08:00:02.5070000,0,0,1010,2026-09-22 08:00:02.5070000,52.250000,8.633330
2459571,"Zielecice",2448,180,"33U","33U2H3S4Q",1,2016-01-24 21:17:38.8870000,107422,0,0,2026-09-22 08:01:44.1400000,50.867840,17.413500
2607279,"Ryn",2444,180,"34U","34U1H5S2Q",1,2017-05-03 10:17:29.0670000,5535873,0,0,2026-09-22 08:03:21.4730000,53.937700,21.546420
2529825,"Stiftsfeld",707,57,"32U","32U1H5S3Q",3,2026-09-22 08:04:09.8630000,0,0,1007,2026-09-22 08:04:09.8630000,52.250000,8.616670
2299535,"Gindels",715,57,"32T","32T1H3S1Q",3,2024-10-02 18:50:55.6200000,0,0,21040,2026-09-22 08:04:47.1970000,47.600000,10.283330
2299536,"Hinterberg",715,57,"32T","32T1H3S1Q",3,2024-10-02 11:44:09.2830000,0,0,14704,2026-09-22 08:04:57.0530000,47.600000,10.300000
12810,"Northwood",143,13,"56H","56H1H1S4Q",3,2017-03-15 19:42:38.3130000,0,0,1214133,2026-09-22 08:05:26.2130000,-33.828610,151.180830
12807,"Longueville",143,13,"56H","56H1H1S4Q",3,2017-03-30 21:11:18.5230000,0,517,1119888,2026-09-22 08:05:33.8070000,-33.832780,151.166390
12745,"Canada Bay",143,13,"56H","56H1H1S4Q",3,2017-03-11 06:35:23.0400000,0,0,1106434,2026-09-22 08:06:32.3970000,-33.850000,151.150000
12694,"Concord",143,13,"56H","56H1H1S4Q",3,2018-04-05 04:11:15.2670000,0,0,1170027,2026-09-22 08:06:45.2830000,-33.866670,151.100000
12744,"Abbotsford",143,13,"56H","56H1H1S4Q",2,2026-09-11 00:10:47.1270000,0,3120466,0,2026-09-22 08:06:55.0730000,-33.850000,151.133330
2527223,"Botterriede",708,57,"32U","32U1H5S3Q",3,2026-09-22 08:08:56.7000000,0,0,1028,2026-09-22 08:08:56.7030000,52.200000,8.416670
2305091,"La Bazillais",961,75,"30T","30T1H3S1Q",3,2026-09-22 08:10:26.6370000,24,0,934,2026-09-22 08:10:26.6370000,47.716670,-1.750000
2305092,"Grand-Fougeray",961,75,"30T","30T1H3S1Q",3,2026-09-22 08:10:33.3330000,24,0,933,2026-09-22 08:10:33.3330000,47.716670,-1.733330
2305853,"Launay des Moulins",961,75,"30T","30T1H3S1Q",3,2026-09-22 08:10:39.3030000,0,0,962,2026-09-22 08:10:39.3030000,47.733330,-1.716670
2306695,"La Herviais",961,75,"30T","30T1H3S1Q",3,2026-09-22 08:10:42.6930000,0,0,938,2026-09-22 08:10:42.6930000,47.750000,-1.716670
2305093,"Le Mezerais",961,75,"30T","30T1H3S1Q",3,2026-09-22 08:10:47.2200000,0,0,972,2026-09-22 08:10:47.2200000,47.716670,-1.666670
2305854,"La Roulais",961,75,"30T","30T1H3S1Q",3,2026-09-22 08:10:52.0970000,47,0,955,2026-09-22 08:10:52.0970000,47.733330,-1.650000
2309198,"La Fleuriais",961,75,"30T","30T1H3S1Q",3,2026-09-22 08:11:02.9030000,0,0,321,2026-09-22 08:11:02.9030000,47.800000,-1.600000
2309199,"Teillay",961,75,"30T","30T1H3S1Q",3,2026-09-22 08:11:10.7770000,0,0,392,2026-09-22 08:11:10.7770000,47.800000,-1.533330
6746,"Buckland",140,13,"55H","55H2H2S1Q",3,2026-09-22 08:12:03.5530000,0,0,1050,2026-09-22 08:12:03.5530000,-36.883330,146.850000
6968,"Buckland Lower",140,13,"55H","55H2H2S1Q",3,2026-09-22 08:12:08.1730000,0,0,1048,2026-09-22 08:12:08.1730000,-36.800000,146.850000
7102,"Brookside",140,13,"55H","55H2H2S1Q",3,2026-09-22 08:12:14.7670000,0,0,1046,2026-09-22 08:12:14.7670000,-36.733330,146.883330
7134,"Porepunkah",140,13,"55H","55H2H2S1Q",3,2026-09-22 08:12:22.2670000,0,0,1044,2026-09-22 08:12:22.2670000,-36.716670,146.933330
7063,"Bright",140,13,"55H","55H2H2S1Q",3,2026-09-22 08:12:25.7530000,0,0,1044,2026-09-22 08:12:25.7530000,-36.750000,146.966670
7009,"Wandiligong",140,13,"55H","55H2H2S1Q",3,2026-09-22 08:12:30.0270000,0,0,1044,2026-09-22 08:12:30.0270000,-36.783330,146.983330
7010,"Freeburgh",140,13,"55H","55H2H2S2Q",3,2026-09-22 08:12:34.6170000,0,0,1044,2026-09-22 08:12:34.6170000,-36.783330,147.033330
6661,"Harrietville",140,13,"55H","55H2H2S2Q",3,2026-09-22 08:12:39.5430000,0,0,1044,2026-09-22 08:12:39.5430000,-36.916670,147.066670
2223325,"Chermignac",947,75,"30T","30T1H6S2Q",2,2013-07-20 09:05:18.3400000,0,546058880,900,2026-09-22 08:12:58.3570000,45.683330,-0.666670
12856,"Ryde",143,13,"56H","56H1H1S4Q",3,2017-03-26 20:36:27.3070000,0,0,2131948,2026-09-22 08:15:34.5470000,-33.816670,151.100000
12748,"Homebush Bay",143,13,"56H","56H1H1S4Q",3,2016-11-23 02:23:26.6030000,0,0,1312459,2026-09-22 08:15:42.8000000,-33.848010,151.064880
12802,"Rhodes",143,13,"56H","56H1H1S4Q",3,2020-12-11 11:57:09.2900000,0,0,3054772,2026-09-22 08:15:50.5700000,-33.833330,151.083330
12894,"Eastwood",143,13,"56H","56H1H1S4Q",3,2016-10-09 03:20:07.7770000,0,0,1505160,2026-09-22 08:15:58.8170000,-33.800000,151.083330
12857,"Lane Cove",143,13,"56H","56H1H1S4Q",2,2026-09-15 04:55:14.7530000,0,3082621,0,2026-09-22 08:19:59.3070000,-33.816670,151.166670
2059973,"Regola",1377,110,"33T","33T2H4S1Q",3,2015-09-14 17:35:57.8900000,0,0,3432155,2026-09-22 08:26:10.2970000,41.895890,12.470510
2526722,"Watertuin",2265,167,"31U","31U1H6S3Q",1,2026-09-15 08:40:26.9200000,573205,0,0,2026-09-22 08:27:33.4500000,52.186620,4.543020
2299538,"Emmereis",715,57,"32T","32T1H3S1Q",3,2024-10-02 19:13:46.6670000,0,0,21040,2026-09-22 08:28:37.0600000,47.600000,10.316670
2209784,"Hornostayivka",3435,230,"37T","37T1H4S1Q",2,2026-09-22 08:29:30.1970000,0,1011,0,2026-09-22 08:29:30.1970000,45.278200,36.186000
2210885,"Alekseyevka",3435,230,"37T","37T1H4S1Q",2,2026-09-22 08:29:44.7670000,0,866,0,2026-09-22 08:29:44.7670000,45.313610,36.149170
2209294,"Fontan",3435,230,"37T","37T1H4S1Q",2,2026-09-22 08:29:56.5600000,0,867,0,2026-09-22 08:29:56.5600000,45.265220,36.018260
2209566,"Karmysh Kilechi",3435,230,"36T","36T1H6S2Q",2,2026-09-22 08:30:02.5470000,0,838,0,2026-09-22 08:30:02.5470000,45.266670,35.983330
2210616,"Sundukoy",3435,230,"36T","36T1H6S2Q",2,2026-09-22 08:30:08.7600000,0,836,0,2026-09-22 08:30:08.7600000,45.300000,35.983330
2207147,"Doroshenkove",3435,230,"36T","36T1H6S2Q",2,2026-09-22 08:30:21.7030000,0,844,0,2026-09-22 08:30:21.7030000,45.201190,35.956800
2522216,"Averfehrden",708,57,"32U","32U1H4S4Q",3,2026-09-22 08:32:31.0370000,0,0,948,2026-09-22 08:32:31.0370000,52.100000,7.983330
2520577,"Brock",707,57,"32U","32U1H4S4Q",3,2026-09-22 08:37:38.4300000,0,0,1045,2026-09-22 08:37:38.4300000,52.066670,7.866670
2519768,"Ostbevern",707,57,"32U","32U1H4S4Q",3,2026-09-22 08:37:43.9400000,0,0,1041,2026-09-22 08:37:43.9400000,52.050000,7.850000
12582,"Surry Hills",143,13,"56H","56H1H1S4Q",3,2017-03-16 20:20:14.6100000,0,0,1506872,2026-09-22 08:39:05.3530000,-33.886110,151.214440
2518987,"Lehmbrock",707,57,"32U","32U1H4S4Q",3,2026-09-22 08:39:18.9700000,0,0,1041,2026-09-22 08:39:18.9700000,52.033330,7.816670
12571,"Redfern",143,13,"56H","56H1H1S4Q",3,2012-03-12 11:01:18.8770000,0,0,151038751,2026-09-22 08:39:22.2000000,-33.892790,151.204150
2288560,"Tarnok",1217,100,"34T","34T1H1S1Q",3,2026-09-16 14:52:37.0970000,0,0,3286,2026-09-22 08:40:54.9300000,47.366670,18.850000
2286981,"Bentatelep",1217,100,"34T","34T1H1S1Q",3,2026-09-10 08:39:13.0800000,0,0,3558,2026-09-22 08:41:09.9730000,47.333330,18.900000
2286122,"Zoltanpuszta",1217,100,"34T","34T1H1S1Q",3,2026-09-10 09:25:52.1170000,0,0,3301,2026-09-22 08:41:14.3330000,47.316670,18.900000
2285288,"Franciskapuszta",1217,100,"34T","34T1H1S1Q",3,2026-09-10 12:20:26.0800000,0,0,3291,2026-09-22 08:41:18.4570000,47.300000,18.900000
2286982,"Szazhalombatta",1217,100,"34T","34T1H1S1Q",3,2026-09-10 19:12:42.1670000,0,0,4431,2026-09-22 08:41:24.2070000,47.333330,18.933330
2285289,"Dunafured",1217,100,"34T","34T1H1S1Q",3,2026-09-10 19:12:25.7330000,0,0,3288,2026-09-22 08:41:28.9700000,47.300000,18.933330
2283411,"Szigetcsep",1217,100,"34T","34T1H1S1Q",3,2026-09-09 20:01:31.1370000,0,0,3608,2026-09-22 08:41:33.4900000,47.266670,18.983330
2283412,"Majoshaza",1217,100,"34T","34T1H1S2Q",3,2026-09-09 20:01:26.3400000,0,0,3610,2026-09-22 08:41:38.1670000,47.266670,19.000000
1899543,"Stateline",3570,233,"11S","11S1H1S3Q",2,2026-09-22 08:42:29.2000000,0,951,0,2026-09-22 08:42:29.2000000,38.967450,-119.944000
1900605,"Elk Point",3570,233,"11S","11S1H1S3Q",2,2026-09-22 08:42:35.5070000,0,945,0,2026-09-22 08:42:35.5070000,38.986020,-119.956570
1900834,"Round Hill",3570,233,"11S","11S1H1S3Q",2,2026-09-22 08:42:42.4430000,0,945,0,2026-09-22 08:42:42.4430000,38.991300,-119.940460
1902644,"Skyland",3570,233,"11S","11S1H1S1Q",2,2026-09-22 08:42:47.0400000,0,946,0,2026-09-22 08:42:47.0400000,39.022410,-119.948240
1898188,"Bijou",3567,233,"11S","11S1H1S3Q",2,2026-09-22 08:42:59.4330000,0,2234,0,2026-09-22 08:42:59.4330000,38.946570,-119.968510
2518235,"Uberwasser",707,57,"32U","32U1H4S4Q",3,2026-09-22 08:43:44.4300000,0,0,979,2026-09-22 08:43:44.4300000,52.016670,7.833330
2209565,"Skala",3435,230,"36T","36T1H6S2Q",2,2026-09-22 08:44:51.7970000,0,1200,0,2026-09-22 08:44:51.7970000,45.266670,35.933330
2208586,"Sazonovka",3435,230,"37T","37T1H4S1Q",2,2026-09-22 08:44:58.0370000,0,1200,0,2026-09-22 08:44:58.0370000,45.242500,36.016390
2207084,"Tayguch",3435,230,"36T","36T1H6S2Q",2,2026-09-22 08:45:04.8300000,0,1200,0,2026-09-22 08:45:04.8300000,45.200000,35.966670
2206440,"Kary",3435,230,"37T","37T1H4S1Q",2,2026-09-22 08:45:10.7730000,0,1200,0,2026-09-22 08:45:10.7730000,45.183330,36.033330
2206131,"Vostochnoye",3435,230,"37T","37T1H4S1Q",2,2026-09-22 08:45:21.4170000,0,1200,0,2026-09-22 08:45:21.4170000,45.181390,36.025830
2205086,"Tash-Alchin",3435,230,"37T","37T1H4S1Q",2,2026-09-22 08:45:27.5700000,0,1200,0,2026-09-22 08:45:27.5700000,45.150000,36.033330
2204582,"Krasnopillya",3435,230,"37T","37T1H4S1Q",2,2026-09-22 08:45:32.3200000,0,1200,0,2026-09-22 08:45:32.3200000,45.139240,36.027060
2206846,"Marfivka",3435,230,"37T","37T1H4S1Q",2,2026-09-22 08:45:38.0070000,0,1200,0,2026-09-22 08:45:38.0070000,45.199240,36.088730
2518988,"Schirl",707,57,"32U","32U1H4S4Q",3,2026-09-22 08:48:36.6130000,0,0,1041,2026-09-22 08:48:36.6130000,52.033330,7.883330
2519769,"Loburg",707,57,"32U","32U1H4S4Q",3,2026-09-22 08:48:39.9970000,0,0,1041,2026-09-22 08:48:39.9970000,52.050000,7.883330
2513572,"Schuter",707,57,"32U","32U2H1S2Q",3,2026-09-22 08:49:31.9800000,0,0,1015,2026-09-22 08:49:31.9800000,51.916670,7.850000
2299358,"Holz",715,57,"32T","32T1H3S1Q",3,2024-10-08 23:02:30.9430000,0,0,20790,2026-09-22 08:50:17.2000000,47.599330,10.600950
2506579,"Walstedde",707,57,"32U","32U2H1S2Q",3,2026-09-22 08:53:28.5400000,0,0,1055,2026-09-22 08:53:28.5400000,51.766670,7.783330
2505567,"Herrenstein",707,57,"32U","32U2H1S2Q",3,2026-09-22 08:56:28.7230000,0,0,1030,2026-09-22 08:56:28.7230000,51.743930,7.792050
2205965,"Bikech",3435,230,"37T","37T1H4S1Q",2,2026-09-22 08:57:00.1070000,0,1200,0,2026-09-22 08:57:00.1070000,45.174720,36.126110
2205253,"Prudnykove",3435,230,"37T","37T1H4S1Q",2,2026-09-22 08:57:09.8970000,0,1200,0,2026-09-22 08:57:09.8970000,45.155760,36.078280
2203119,"Kodzhanki",3435,230,"37T","37T1H4S1Q",2,2026-09-22 08:57:15.4070000,0,1200,0,2026-09-22 08:57:15.4070000,45.108330,36.052500
2202161,"Kipchak",3435,230,"37T","37T1H4S1Q",2,2026-09-22 08:57:19.8270000,0,1200,0,2026-09-22 08:57:19.8270000,45.085560,36.025560
2504287,"Enniger",707,57,"32U","32U2H1S2Q",3,2026-09-22 08:59:26.0170000,0,0,1772,2026-09-22 08:59:26.0170000,51.716670,7.850000
2504289,"Westhusen",707,57,"32U","32U2H1S2Q",3,2026-09-22 08:59:37.7630000,0,0,1041,2026-09-22 08:59:37.7630000,51.716670,7.883330
858890,"Ban Khlong Sip",3203,218,"47P","47P1H3S3Q",0,2010-01-01 00:00:00.0000000,0,0,0,2026-09-22 09:12:17.2000000,14.083330,100.833330
2299264,"Oberdeusch",715,57,"32T","32T1H3S1Q",3,2024-10-08 23:02:12.8070000,0,0,20787,2026-09-22 09:12:25.7930000,47.594240,10.598550
1878674,"Mayhew",3567,233,"10S","10S1H3S3Q",2,2013-03-31 23:54:34.2830000,0,2739103,1351508,2026-09-22 09:13:08.1070000,38.565180,-121.350780
2504290,"Gemmerich",707,57,"32U","32U2H1S2Q",3,2026-09-22 09:13:53.6770000,0,0,1043,2026-09-22 09:13:53.6770000,51.716670,7.900000
2505054,"Linnen feld",707,57,"32U","32U2H1S2Q",3,2026-09-22 09:14:00.5770000,0,0,1041,2026-09-22 09:14:00.5770000,51.733330,7.866670
2505053,"Frielick",707,57,"32U","32U2H1S2Q",3,2026-09-22 09:14:04.7000000,0,0,1041,2026-09-22 09:14:04.7000000,51.733330,7.833330
2505799,"Ester",707,57,"32U","32U2H1S2Q",3,2026-09-22 09:14:08.7300000,0,0,1041,2026-09-22 09:14:08.7300000,51.750000,7.833330
2506580,"Brockhausen",707,57,"32U","32U2H1S2Q",3,2026-09-22 09:14:12.6600000,0,0,1041,2026-09-22 09:14:12.6600000,51.766670,7.833330
2508096,"Borbein",707,57,"32U","32U2H1S2Q",3,2026-09-22 09:15:00.9630000,0,0,1041,2026-09-22 09:15:00.9630000,51.800000,7.833330
2508871,"Bracht",707,57,"32U","32U2H1S2Q",3,2026-09-22 09:18:19.1530000,0,0,1041,2026-09-22 09:18:19.1530000,51.816670,7.833330
2486355,"Sandford",979,77,"30U","30U2H2S2Q",3,2015-09-14 08:16:31.6770000,0,0,484481,2026-09-22 09:22:17.9330000,51.332280,-2.831220
2510408,"Rinkhoven",707,57,"32U","32U2H1S2Q",3,2026-09-22 09:24:01.3170000,0,0,895,2026-09-22 09:24:01.3170000,51.850000,7.850000
2509654,"Sendenhorst",707,57,"32U","32U2H1S2Q",3,2026-09-22 09:24:05.3000000,0,0,1041,2026-09-22 09:24:05.3000000,51.833330,7.833330
2495342,"Radyr",976,77,"30U","30U2H2S1Q",3,2018-06-19 10:36:41.2270000,0,0,856133,2026-09-22 09:28:52.6270000,51.518890,-3.261390
2550020,"Kiddemore Green",979,77,"30U","30U1H5S4Q",2,2021-04-22 11:42:59.2970000,0,79042,0,2026-09-22 09:31:13.2230000,52.683330,-2.216670
2623488,"Dengelsberg",702,57,"32U","32U1H2S4Q",3,2022-10-25 02:55:30.9330000,0,0,51050,2026-09-22 09:33:36.0570000,54.333330,9.800000
12365,"Rockdale",143,13,"56H","56H1H1S4Q",3,2017-04-30 04:37:33.1000000,0,0,1125279,2026-09-22 09:35:23.6630000,-33.950000,151.133330
2510406,"Ahrenhorst",707,57,"32U","32U2H1S2Q",3,2026-09-22 09:37:45.5170000,0,300,951,2026-09-22 09:37:45.5170000,51.850000,7.733330
2511200,"Albersloh",707,57,"32U","32U2H1S2Q",3,2026-09-22 09:37:50.2030000,0,0,1033,2026-09-22 09:37:50.2030000,51.866670,7.750000
2511198,"Storp",707,57,"32U","32U2H1S2Q",3,2026-09-22 09:37:54.4730000,0,0,1515,2026-09-22 09:37:54.4730000,51.866670,7.700000
2511994,"Rummler",707,57,"32U","32U2H1S2Q",3,2026-09-22 09:37:57.8370000,648,0,1194,2026-09-22 09:37:57.8370000,51.883330,7.716670
2512769,"Berl",707,57,"32U","32U2H1S2Q",3,2026-09-22 09:38:02.2300000,1114,817,2187,2026-09-22 09:38:02.2330000,51.900000,7.716670
2676826,"Kurakino",2671,192,"37U","37U1H1S2Q",2,2023-06-30 14:26:18.7130000,0,498732,2528,2026-09-22 09:42:20.6770000,55.916670,37.833330
2513566,"Angelmodde",707,57,"32U","32U2H1S2Q",3,2026-09-22 09:50:54.8500000,0,300,2675,2026-09-22 09:50:54.8500000,51.916670,7.683330
2514344,"Wolbeck",707,57,"32U","32U2H1S2Q",3,2026-09-22 09:51:11.0270000,0,0,1427,2026-09-22 09:51:11.0270000,51.933330,7.733330
2513567,"Welbeck",707,57,"32U","32U2H1S2Q",3,2026-09-22 09:51:15.7830000,0,0,995,2026-09-22 09:51:15.7870000,51.916670,7.733330
1903828,"McClusky",3554,233,"15S","15S1H3S2Q",3,2018-05-19 18:37:06.1800000,0,60192,1103189,2026-09-22 09:54:42.0100000,39.043380,-90.320390
2515174,"Laer",707,57,"32U","32U2H1S2Q",3,2026-09-22 09:51:05.3630000,0,0,2191,2026-09-22 09:56:09.2600000,51.950000,7.700000
2516750,"Handorf",707,57,"32U","32U2H1S2Q",3,2026-09-22 09:56:18.6930000,0,0,994,2026-09-22 09:56:18.6930000,51.983330,7.700000
2118015,"Bridgeville",3557,233,"16T","16T2H3S2Q",1,2018-07-22 00:02:33.2270000,3005498,0,0,2026-09-22 09:56:45.6600000,43.135860,-84.592770
2111094,"Saint Johns",3557,233,"16T","16T2H3S2Q",1,2017-04-23 00:55:30.1570000,3078109,0,0,2026-09-22 09:57:58.8000000,43.001140,-84.559150
2107255,"Price",3557,233,"16T","16T2H3S4Q",1,2017-11-23 13:11:54.7570000,3003580,0,0,2026-09-22 09:58:32.6900000,42.928920,-84.483590
2531606,"Schenkendorf",713,57,"33U","33U1H4S4Q",2,2025-05-17 08:57:22.3530000,0,4391,724,2026-09-22 09:59:37.6200000,52.283330,13.600000
2101814,"Bath",3557,233,"16T","16T2H3S4Q",1,2018-06-02 19:28:23.1730000,3080614,0,0,2026-09-22 10:01:00.9870000,42.818640,-84.448590
2614075,"Kovshary",441,36,"35U","35U1H2S3Q",3,2026-09-22 10:01:50.9370000,0,0,931,2026-09-22 10:01:50.9370000,54.100000,26.016670
2103566,"East DeWitt",3557,233,"16T","16T2H3S4Q",1,2017-12-25 14:48:50.8000000,3077971,0,0,2026-09-22 10:05:24.9870000,42.854200,-84.543040
2527310,"Schwerin",713,57,"33U","33U1H4S4Q",3,2026-09-22 10:06:07.3630000,0,0,732,2026-09-22 10:06:07.3630000,52.200000,13.883330
2102898,"DeWitt",3557,233,"16T","16T2H3S4Q",1,2018-02-18 00:45:57.0070000,3005694,0,0,2026-09-22 10:07:06.1200000,42.842260,-84.569150
1963342,"Ashton Wooden Bridge",3584,233,"18T","18T2H5S3Q",1,2014-02-03 00:22:28.0470000,138812,0,0,2026-09-22 10:07:24.8470000,40.071780,-75.022950
2098978,"Delta Mills",3557,233,"16T","16T2H3S4Q",1,2017-11-16 16:42:12.3370000,3029970,0,0,2026-09-22 10:08:46.5400000,42.765030,-84.647480
2202078,"Storozhevoye",3435,230,"37T","37T1H4S1Q",2,2026-09-22 10:10:12.6330000,0,1200,0,2026-09-22 10:10:12.6330000,45.083330,36.000000
2201385,"Dal'nyaya",3435,230,"37T","37T1H4S1Q",2,2026-09-22 10:10:19.2130000,0,1200,0,2026-09-22 10:10:19.2130000,45.069440,36.081670
2203869,"Prostornoye",3435,230,"37T","37T1H4S1Q",2,2026-09-22 10:10:26.8300000,0,1200,0,2026-09-22 10:10:26.8300000,45.123890,36.130830
2097725,"Century Park Mobile Home Park",3557,233,"16T","16T2H3S4Q",1,2017-10-28 20:24:36.5830000,3027325,0,0,2026-09-22 10:10:27.6830000,42.734720,-84.664440
2202079,"Konchek",3435,230,"37T","37T1H4S1Q",2,2026-09-22 10:10:31.6770000,0,1200,0,2026-09-22 10:10:31.6770000,45.083330,36.133330
2201609,"Trekhgornaya",3435,230,"37T","37T1H4S1Q",2,2026-09-22 10:10:35.9200000,0,1200,0,2026-09-22 10:10:35.9200000,45.076670,36.132500
2202222,"Kenegez",3435,230,"37T","37T1H4S1Q",2,2026-09-22 10:10:40.3100000,0,1200,0,2026-09-22 10:10:40.3100000,45.087780,36.170830
2202120,"Kurkoyash",3435,230,"37T","37T1H4S1Q",2,2026-09-22 10:10:49.7300000,0,1200,0,2026-09-22 10:10:49.7300000,45.084170,36.210830
2200032,"Novyy Koyash",3435,230,"37T","37T1H4S1Q",2,2026-09-22 10:10:54.7270000,0,1200,0,2026-09-22 10:10:54.7270000,45.045560,36.228610
2205493,"Ptashkyne",3435,230,"37T","37T1H4S1Q",2,2026-09-22 10:12:03.1100000,0,1200,0,2026-09-22 10:12:03.1100000,45.165540,36.186720
2097200,"Delta Center",3557,233,"16T","16T2H3S4Q",1,2017-11-07 16:57:38.5570000,3034786,0,0,2026-09-22 10:12:08.0830000,42.726420,-84.662210
1856209,"Routt",3582,233,"16S","16S1H3S3Q",1,2026-09-22 10:12:31.1270000,1174,0,0,2026-09-22 10:12:31.1270000,38.134230,-85.466620
1859112,"Fisherville",3582,233,"16S","16S1H3S3Q",1,2026-09-22 10:12:39.1100000,1126,0,0,2026-09-22 10:12:39.1100000,38.189790,-85.463010
1858305,"Hopewell",3582,233,"16S","16S1H3S3Q",1,2026-09-22 10:12:50.3100000,1119,0,0,2026-09-22 10:12:50.3100000,38.174510,-85.507460
2543180,"Trysull",979,77,"30U","30U1H5S4Q",2,2026-07-02 04:35:11.0600000,0,60200,0,2026-09-22 10:12:51.2430000,52.533330,-2.233330
1854551,"Thixton",3582,233,"16S","16S1H3S3Q",1,2026-09-22 10:12:56.5130000,1116,0,0,2026-09-22 10:12:56.5130000,38.100620,-85.565510
1860232,"Houston Acres",3582,233,"16S","16S1H3S3Q",1,2026-09-22 10:13:01.6270000,1119,0,0,2026-09-22 10:13:01.6270000,38.214240,-85.613850
1851468,"Fox Chase",3582,233,"16S","16S1H3S3Q",1,2026-09-22 10:13:06.8470000,1131,0,0,2026-09-22 10:13:06.8470000,38.045620,-85.692740
1855933,"Smyrna",3582,233,"16S","16S1H3S3Q",1,2026-09-22 10:13:13.2700000,643,0,0,2026-09-22 10:13:13.2700000,38.132570,-85.651900
1862233,"Shawneeland",3582,233,"16S","16S1H3S3Q",1,2026-09-22 10:13:17.9900000,958,0,0,2026-09-22 10:13:17.9900000,38.253400,-85.819130
2096101,"Millett",3557,233,"16T","16T2H3S4Q",1,2017-12-11 00:23:35.8930000,3020346,0,0,2026-09-22 10:14:05.3630000,42.700040,-84.621370
1823414,"Church Hill",3585,233,"18S","18S1H4S1Q",3,2026-09-20 11:23:05.3130000,0,449,894,2026-09-22 10:15:47.7700000,37.534870,-77.421930
2095090,"Packard",3557,233,"16T","16T2H3S4Q",1,2017-12-21 08:21:46.4630000,3293910,0,0,2026-09-22 10:16:01.5330000,42.682260,-84.603040
802269,"Tha Yang",3167,218,"47P","47P1H5S4Q",1,2016-02-19 23:42:21.6500000,561047,105398,0,2026-09-22 10:16:46.7130000,12.957720,99.905550
1855385,"Valley Gardens",3582,233,"16S","16S1H3S3Q",1,2026-09-22 10:17:41.2530000,1049,0,0,2026-09-22 10:17:41.2530000,38.117850,-85.872460
2515941,"Kasewinkel",707,57,"32U","32U2H1S2Q",3,2026-09-22 10:17:47.8130000,0,0,1044,2026-09-22 10:17:47.8130000,51.966670,7.716670
1858586,"Beechmont",3582,233,"16S","16S1H3S3Q",1,2026-09-22 10:17:53.0730000,1106,0,0,2026-09-22 10:17:53.0730000,38.181740,-85.762180
1863089,"Portland",3582,233,"16S","16S1H3S3Q",1,2026-09-22 10:17:59.0400000,666,0,0,2026-09-22 10:17:59.0400000,38.269240,-85.810800
2517518,"Sudmuhle",707,57,"32U","32U2H1S2Q",3,2026-09-22 10:17:59.8100000,0,300,1045,2026-09-22 10:17:59.8130000,52.000000,7.700000
2097959,"Waverly",3557,233,"16T","16T2H3S4Q",1,2017-08-12 19:13:13.1400000,3027306,0,0,2026-09-22 10:18:06.5930000,42.740680,-84.623490
2518984,"Fuestrup",707,57,"32U","32U1H4S4Q",3,2026-09-22 10:18:06.9570000,0,0,1293,2026-09-22 10:18:06.9570000,52.033330,7.716670
2518985,"Brink",707,57,"32U","32U1H4S4Q",3,2026-09-22 10:18:19.3300000,0,0,994,2026-09-22 10:18:19.3300000,52.033330,7.733330
2518986,"Vadrup",707,57,"32U","32U1H4S4Q",3,2026-09-22 10:18:22.7700000,0,0,1026,2026-09-22 10:18:22.7700000,52.033330,7.766670
2518234,"Westbevern",707,57,"32U","32U1H4S4Q",3,2026-09-22 10:18:26.5700000,0,0,1041,2026-09-22 10:18:26.5700000,52.016670,7.783330
2518233,"Dorbaum",707,57,"32U","32U1H4S4Q",3,2026-09-22 10:18:30.8200000,0,0,994,2026-09-22 10:18:30.8200000,52.016670,7.716670
2517519,"Achterhorn",708,57,"32U","32U2H1S2Q",3,2026-09-22 10:18:34.9700000,0,300,993,2026-09-22 10:18:34.9700000,52.000000,7.733330
1963812,"Bustleton",3584,233,"18T","18T2H5S3Q",1,2014-01-29 23:14:47.2170000,190608,0,0,2026-09-22 10:19:37.5270000,40.082610,-75.031560
1973612,"Scudders Falls",3561,233,"18T","18T2H5S4Q",1,2015-07-03 02:23:44.6400000,287965,0,0,2026-09-22 10:19:56.8130000,40.259270,-74.836830
2097906,"Waverly",3557,233,"16T","16T2H3S4Q",1,2018-03-03 23:04:57.4400000,3064023,0,0,2026-09-22 10:20:03.1270000,42.739200,-84.620820
2097998,"Bretton Woods",3557,233,"16T","16T2H3S4Q",1,2018-04-19 23:47:13.9370000,3029512,0,0,2026-09-22 10:20:07.9270000,42.741980,-84.613870
2098150,"Edgemont Park",3557,233,"16T","16T2H3S4Q",1,2017-11-27 10:19:15.9300000,3022472,0,0,2026-09-22 10:20:15.0630000,42.746700,-84.593590
2098152,"Edgemont Park",3557,233,"16T","16T2H3S4Q",1,2017-05-31 01:57:28.8230000,3037839,0,0,2026-09-22 10:20:19.7470000,42.746750,-84.592650
2097434,"Lansing",3557,233,"16T","16T2H3S4Q",1,2017-08-08 02:02:32.1030000,3195209,0,0,2026-09-22 10:20:28.1970000,42.732540,-84.555530
2097817,"East Lansing",3557,233,"16T","16T2H3S4Q",1,2017-07-10 09:44:20.9430000,2415228,300,0,2026-09-22 10:20:35.6930000,42.736980,-84.483870
2093436,"Dimondale",3557,233,"16T","16T2H3S4Q",1,2018-01-04 17:24:56.2430000,3087130,0,0,2026-09-22 10:20:57.9930000,42.645590,-84.648870
2515942,"Schwienhorst",707,57,"32U","32U2H1S2Q",3,2026-09-22 10:27:07.0130000,0,0,1976,2026-09-22 10:27:07.0130000,51.966670,7.750000
2516751,"Verth",707,57,"32U","32U2H1S2Q",3,2026-09-22 10:27:13.8300000,0,0,996,2026-09-22 10:27:13.8300000,51.983330,7.750000
2516752,"Telgte",707,57,"32U","32U2H1S2Q",3,2026-09-22 10:27:17.2270000,0,0,1044,2026-09-22 10:27:17.2270000,51.983330,7.783330
2209773,"Chernyakovo",3435,230,"37T","37T1H4S1Q",2,2026-09-22 10:27:18.0970000,0,1200,0,2026-09-22 10:27:18.0970000,45.277780,36.181670
2515175,"Berdel",707,57,"32U","32U2H1S2Q",3,2026-09-22 10:27:20.9600000,0,0,1046,2026-09-22 10:27:20.9600000,51.950000,7.766670
2064597,"Fonte Nuova",1377,110,"33T","33T2H1S3Q",3,2017-08-27 15:15:41.1670000,0,0,886355,2026-09-22 10:28:41.2000000,42.001670,12.621940
2208995,"Ayman-Kuyu",3435,230,"37T","37T1H4S1Q",2,2026-09-22 10:29:13.7600000,0,1200,0,2026-09-22 10:29:13.7600000,45.250000,36.233330
2215189,"Merlino",1375,110,"32T","32T1H5S2Q",1,2025-09-29 20:07:33.2770000,110264,0,0,2026-09-22 10:29:22.5230000,45.433370,9.429850
2207490,"Sokol'skoye",3435,230,"37T","37T1H4S1Q",2,2026-09-22 10:29:59.5670000,0,1200,0,2026-09-22 10:29:59.5670000,45.215830,36.236110
2206062,"Beshtarym",3435,230,"37T","37T1H4S1Q",2,2026-09-22 10:30:06.9000000,0,1200,0,2026-09-22 10:30:06.9000000,45.178330,36.233890
2205734,"Dzhel'kedzhi Eli",3435,230,"37T","37T1H4S1Q",2,2026-09-22 10:30:13.1770000,0,1200,0,2026-09-22 10:30:13.1770000,45.166670,36.200000
2205354,"Beshtarem",3435,230,"37T","37T1H4S1Q",2,2026-09-22 10:30:18.2570000,0,1200,0,2026-09-22 10:30:18.2570000,45.159440,36.259720
2205152,"Vysokoye",3435,230,"37T","37T1H4S1Q",2,2026-09-22 10:30:24.4430000,0,1200,0,2026-09-22 10:30:24.4430000,45.151390,36.294440
1870447,"Yolano",3567,233,"10S","10S1H3S3Q",2,2012-08-19 02:32:09.7230000,0,1948834,426368,2026-09-22 10:35:29.7600000,38.410190,-121.705510
1595071,"Fleetwood",3546,233,"14S","14S2H6S1Q",3,2026-09-22 10:36:36.9730000,0,0,1001,2026-09-22 10:36:36.9730000,33.896770,-97.851140
2203196,"Vyaznykove",3435,230,"37T","37T1H4S1Q",2,2026-09-22 10:36:52.4270000,0,1200,0,2026-09-22 10:36:52.4270000,45.111090,36.253530
2203247,"Maryivka",3435,230,"37T","37T1H4S1Q",2,2026-09-22 10:37:17.4400000,0,1200,0,2026-09-22 10:37:17.4400000,45.113290,36.237290
2202915,"Borysivka",3435,230,"37T","37T1H4S1Q",2,2026-09-22 10:37:29.2530000,0,1200,0,2026-09-22 10:37:29.2530000,45.100580,36.229920
1650964,"Purdy",3546,233,"14S","14S2H3S3Q",3,2026-09-22 10:37:34.7400000,0,0,1044,2026-09-22 10:37:34.7400000,34.715910,-97.587530
1653631,"Sterling",3546,233,"14S","14S2H2S4Q",3,2026-09-22 10:37:59.4700000,0,0,1032,2026-09-22 10:37:59.4700000,34.750350,-98.171710
1793460,"Mission Springs",3567,233,"10S","10S1H5S2Q",3,2010-01-01 00:00:00.0000000,0,0,1259404,2026-09-22 10:40:26.0130000,37.066340,-122.032460
2553609,"Platzfelde",713,57,"33U","33U1H4S4Q",2,2026-09-22 10:40:42.9400000,0,788,0,2026-09-22 10:40:42.9400000,52.755150,13.980790
2552231,"Wollenberg",713,57,"33U","33U1H4S4Q",2,2026-09-22 10:40:54.7800000,0,788,0,2026-09-22 10:40:54.7800000,52.729690,13.957870
2550467,"Harnekop",713,57,"33U","33U1H5S3Q",2,2026-09-22 10:40:58.3830000,0,788,0,2026-09-22 10:40:58.3830000,52.687990,14.010230
2552813,"Wolsickendorf",713,57,"33U","33U1H4S4Q",2,2026-09-22 10:41:11.9270000,0,788,0,2026-09-22 10:41:11.9270000,52.738420,13.930230
2548292,"Letschin",713,57,"33U","33U1H5S3Q",2,2015-09-07 18:05:00.3930000,0,101738,0,2026-09-22 10:41:50.4170000,52.643790,14.360070
2547655,"Vossberg",713,57,"33U","33U1H5S3Q",2,2014-09-15 08:58:34.8100000,171,107047,0,2026-09-22 10:41:56.2870000,52.632700,14.396210
2211839,"Libknekhtivka",3435,230,"37T","37T1H4S1Q",2,2026-09-22 10:41:59.4500000,0,1200,0,2026-09-22 10:41:59.4500000,45.336580,36.215910
2211395,"Kalinpvka",3435,230,"37T","37T1H4S1Q",2,2026-09-22 10:42:05.7770000,0,1200,0,2026-09-22 10:42:05.7770000,45.326670,36.202220
2548259,"Rehfeld",713,57,"33U","33U1H5S3Q",2,2014-07-24 14:11:23.0100000,0,90320,0,2026-09-22 10:42:07.5270000,52.642490,14.432170
2212913,"Chystopillya",3435,230,"37T","37T1H4S1Q",2,2026-09-22 10:42:09.8470000,0,1200,0,2026-09-22 10:42:09.8470000,45.366920,36.182680
2213019,"Salyn",3435,230,"37T","37T1H4S1Q",2,2026-09-22 10:42:18.1170000,0,1200,0,2026-09-22 10:42:18.1200000,45.372780,36.198330
2540122,"Amblecote",979,77,"30U","30U1H5S4Q",2,2026-07-25 19:46:17.3170000,0,14350,0,2026-09-22 10:43:49.9930000,52.466670,-2.150000
2521136,"Matorf",707,57,"32U","32U1H5S3Q",3,2026-09-22 10:38:23.3430000,0,0,3285,2026-09-22 10:54:22.1830000,52.076820,8.881160
2553518,"Torgelow",713,57,"33U","33U1H4S4Q",2,2026-09-22 10:40:51.2900000,0,1653,0,2026-09-22 10:54:42.6600000,52.751930,13.961310
2554351,"Kruge-Gersdorf",713,57,"33U","33U1H4S4Q",2,2026-09-22 10:41:06.4270000,0,1652,0,2026-09-22 10:55:25.1730000,52.769950,13.889550
2555429,"Papierfabrik",713,57,"33U","33U1H4S4Q",2,2014-09-11 18:18:25.6870000,0,4076536,0,2026-09-22 10:55:38.8730000,52.796900,13.980190
2556073,"Wendtshof",713,57,"33U","33U1H5S3Q",2,2014-09-09 01:16:06.3230000,0,4261215,0,2026-09-22 10:55:47.9230000,52.807330,14.011860
2556061,"Schiffmuhle",713,57,"33U","33U1H5S3Q",2,2014-09-11 18:18:05.9430000,0,4136804,0,2026-09-22 10:55:53.2830000,52.806760,14.044560
2557568,"Neuglietzen",713,57,"33U","33U1H5S3Q",2,2016-04-21 19:30:41.5330000,0,102812,0,2026-09-22 10:56:02.5370000,52.837930,14.118290
2557884,"Osinow Dolny",2452,180,"33U","33U1H5S3Q",2,2016-08-06 06:11:38.3730000,0,770250,0,2026-09-22 10:56:07.7600000,52.849640,14.146270
2568308,"Schwedt (Oder)",713,57,"33U","33U1H5S1Q",2,2025-07-25 11:38:07.0570000,0,2097,0,2026-09-22 10:56:29.3830000,53.059630,14.281540
2559256,"Hohensaaten",713,57,"33U","33U1H5S3Q",2,2016-04-25 11:21:13.2370000,0,166711,0,2026-09-22 10:56:49.2470000,52.874260,14.141980
12563,"Chipping Norton",143,13,"56H","56H1H1S3Q",3,2017-11-16 03:05:40.1900000,0,724,1110663,2026-09-22 10:57:53.7900000,-33.900000,150.950000
2213143,"Konservotrest",3435,230,"37T","37T1H4S1Q",2,2026-09-22 10:59:54.3500000,0,1200,0,2026-09-22 10:59:54.3500000,45.379720,36.215560
2214029,"Pasha-Salyn",3435,230,"37T","37T1H4S1Q",2,2026-09-22 11:00:20.9370000,0,1200,0,2026-09-22 11:00:20.9370000,45.400000,36.183330
2214767,"Yolotoye",3435,230,"37T","37T1H4S1Q",2,2026-09-22 11:00:36.2830000,0,1200,0,2026-09-22 11:00:36.2830000,45.423060,36.080000
2213735,"Primorskoye",3435,230,"37T","37T1H4S1Q",2,2026-09-22 11:00:41.2300000,0,1200,0,2026-09-22 11:00:41.2300000,45.398330,36.101390
2676827,"Kostino",2671,192,"37U","37U1H1S2Q",2,2023-08-04 03:16:52.9100000,0,177854,37685,2026-09-22 11:02:30.2400000,55.916670,37.850000
1390649,"Cochran",3549,233,"14R","14R1H3S4Q",1,2013-10-22 03:54:11.1200000,7876524,0,0,2026-09-22 11:03:38.6400000,30.028830,-96.129400
1855406,"South Park View",3582,233,"16S","16S1H3S3Q",1,2026-09-22 11:06:11.4700000,663,0,0,2026-09-22 11:06:11.4700000,38.118400,-85.721630
1862306,"Cliftons",3582,233,"16S","16S1H3S3Q",1,2026-09-22 11:06:17.6100000,652,0,0,2026-09-22 11:06:17.6100000,38.255350,-85.715800
1845639,"Bardstown Junction",3582,233,"16S","16S1H6S1Q",1,2026-09-22 11:06:22.3600000,637,0,0,2026-09-22 11:06:22.3600000,37.940060,-85.699400
1860938,"South Parkland",3582,233,"16S","16S1H3S3Q",1,2026-09-22 11:06:34.4570000,745,0,0,2026-09-22 11:06:34.4570000,38.228960,-85.811910
1856601,"Spring Mill",3582,233,"16S","16S1H3S3Q",1,2026-09-22 11:06:40.8330000,1107,0,0,2026-09-22 11:06:40.8330000,38.143400,-85.630790
1850715,"Kosmosdale",3582,233,"16S","16S1H3S3Q",1,2026-09-22 11:06:47.5200000,650,0,0,2026-09-22 11:06:47.5200000,38.032850,-85.909130
1860175,"Parkway Village",3582,233,"16S","16S1H3S3Q",1,2026-09-22 11:06:54.9270000,562,0,0,2026-09-22 11:06:54.9270000,38.212570,-85.740240
1841413,"Dietz Acres",3582,233,"16S","16S1H6S1Q",1,2026-09-22 11:07:01.1600000,1122,0,0,2026-09-22 11:07:01.1600000,37.865620,-85.949960
2521074,"Bruntorf",707,57,"32U","32U1H5S3Q",3,2026-09-22 10:42:47.6730000,0,0,3333,2026-09-22 11:08:45.3670000,52.074760,8.864940
2521425,"Kirchheide",707,57,"32U","32U1H5S3Q",3,2026-09-22 10:48:04.1470000,0,0,3130,2026-09-22 11:08:51.8270000,52.083330,8.866670
2521904,"Welstorf",707,57,"32U","32U1H5S3Q",3,2026-09-22 10:48:07.6630000,0,0,3334,2026-09-22 11:08:56.8100000,52.091320,8.863050
2521185,"Istorf",707,57,"32U","32U1H5S3Q",3,2026-09-22 10:42:52.0170000,0,0,2048,2026-09-22 11:12:01.6100000,52.078240,8.839700
2561548,"Wighton",979,77,"31U","31U1H4S3Q",3,2010-01-01 00:00:00.0000000,0,0,1085418,2026-09-22 11:12:16.6830000,52.922360,0.883540
2213656,"Novovidradne",3435,230,"37T","37T1H4S1Q",2,2026-09-22 11:13:16.7930000,0,1200,0,2026-09-22 11:13:16.7930000,45.393790,36.062480
2213101,"Byelins'ke",3435,230,"37T","37T1H4S1Q",2,2026-09-22 11:13:21.6230000,0,1200,0,2026-09-22 11:13:21.6230000,45.377610,36.083570
2212524,"Adzhieli",3435,230,"37T","37T1H4S1Q",2,2026-09-22 11:13:26.8370000,0,1200,0,2026-09-22 11:13:26.8370000,45.360280,36.099170
2212949,"Verkhn'ozamors'ke",3435,230,"37T","37T1H4S1Q",2,2026-09-22 11:13:32.6630000,0,1200,0,2026-09-22 11:13:32.6630000,45.368800,36.026650
2557112,"Hanbury",979,77,"30U","30U1H6S3Q",2,2010-01-01 00:00:00.0000000,0,64692,0,2026-09-22 11:13:37.2270000,52.833330,-1.733330
10294,"Waterloo Corner",138,13,"54H","54H1H4S1Q",2,2023-10-09 02:50:18.3400000,0,1198453,0,2026-09-22 11:16:53.9130000,-34.716670,138.583330
12567,"Bass Hill",143,13,"56H","56H1H1S3Q",3,2019-07-11 05:35:35.3170000,0,517,1141182,2026-09-22 11:19:09.9300000,-33.898630,150.995410
12509,"Bankstown",143,13,"56H","56H1H1S4Q",3,2017-06-10 03:11:03.3200000,0,0,1005084,2026-09-22 11:19:35.0970000,-33.916670,151.033330
2530757,"Reichenwalde",713,57,"33U","33U1H5S3Q",3,2026-09-22 11:19:38.5270000,0,0,789,2026-09-22 11:19:38.5270000,52.266670,14.000000
12443,"Roselands",143,13,"56H","56H1H1S4Q",3,2017-07-30 00:03:12.0830000,0,460,1102029,2026-09-22 11:19:43.0670000,-33.933170,151.073200
2529038,"Hubertushohe",713,57,"33U","33U1H4S4Q",3,2026-09-22 11:19:45.4700000,0,0,789,2026-09-22 11:19:45.4700000,52.233330,13.966670
12362,"Riverwood",143,13,"56H","56H1H1S4Q",3,2019-07-11 03:25:59.8830000,0,517,1097339,2026-09-22 11:19:50.8200000,-33.950000,151.050000
2529036,"Gross Schauen",713,57,"33U","33U1H4S4Q",3,2026-09-22 11:19:57.7600000,0,0,795,2026-09-22 11:19:57.7600000,52.233330,13.916670
2520598,"Lehmkuhle",707,57,"32U","32U1H5S3Q",3,2026-09-22 10:35:39.3670000,0,0,3295,2026-09-22 11:22:20.2230000,52.066670,8.883330
1878343,"Centerville Station",3554,233,"15S","15S1H3S4Q",3,2025-04-29 05:00:41.8170000,0,0,1199482,2026-09-22 11:24:52.2070000,38.557270,-90.109280
1879035,"Lake Siding",3554,233,"15S","15S1H3S4Q",3,2025-04-24 17:52:53.6570000,0,0,1219354,2026-09-22 11:25:01.7200000,38.569770,-90.104550
2381969,"Kierpcowka",2439,180,"34U","34U2H4S2Q",3,2026-09-22 11:27:35.2200000,0,0,1897,2026-09-22 11:27:35.2200000,49.300000,19.883330
2520367,"Niederluhe",707,57,"32U","32U1H5S3Q",3,2026-09-22 10:29:42.5200000,0,0,3285,2026-09-22 11:29:59.0030000,52.062410,8.897550
2520995,"Huxol",707,57,"32U","32U1H5S3Q",3,2026-09-22 10:35:34.9900000,0,0,3285,2026-09-22 11:30:07.1270000,52.071650,8.908620
2523401,"Echternhagen",707,57,"32U","32U1H5S3Q",3,2025-04-18 11:16:30.1930000,0,0,2162,2026-09-22 11:30:20.3100000,52.119520,8.926130
2415414,"Dal'nya Zhuravlivka",3439,230,"37U","37U2H1S3Q",1,2013-04-22 00:25:30.0400000,2193783,0,0,2026-09-22 11:31:41.2470000,50.012500,36.272140
2416888,"Shyshkivka",3439,230,"37U","37U2H1S3Q",1,2013-04-23 15:44:47.8330000,2080033,0,0,2026-09-22 11:32:30.2370000,50.040550,36.305680
2414759,"Savchenka",3439,230,"37U","37U2H4S1Q",1,2013-04-23 06:58:02.9170000,1073746,0,0,2026-09-22 11:33:28.7700000,49.995830,36.108890
2411362,"Logachevka",3439,230,"37U","37U2H4S1Q",1,2013-04-28 16:01:15.3930000,1995374,0,0,2026-09-22 11:34:13.8570000,49.920560,36.358610
2411572,"Fedortsy",3439,230,"37U","37U2H4S1Q",1,2013-04-28 17:53:02.6070000,2003322,0,0,2026-09-22 11:34:32.6230000,49.929720,36.317780
2411353,"Molchany",3439,230,"37U","37U2H4S1Q",1,2013-04-25 10:31:44.8300000,1996187,0,0,2026-09-22 11:34:42.0030000,49.920280,36.302780
2410808,"Kotlyary",3439,230,"37U","37U2H4S1Q",1,2013-07-03 13:36:50.3430000,1991421,0,0,2026-09-22 11:34:49.8770000,49.912780,36.273890
2411984,"Osnova",3439,230,"37U","37U2H4S1Q",1,2013-04-23 08:31:46.1400000,1997467,0,0,2026-09-22 11:34:57.5630000,49.933330,36.266670
2212456,"Stantsiyne",3435,230,"37T","37T1H4S1Q",2,2026-09-22 11:37:00.5870000,0,1200,0,2026-09-22 11:37:00.5870000,45.357380,36.031710
2210817,"Novomykolayivka",3435,230,"37T","37T1H4S1Q",2,2026-09-22 11:37:06.0800000,0,1200,0,2026-09-22 11:37:06.0800000,45.308550,36.057490
2207228,"Yerofyeyeve",3435,230,"36T","36T1H6S2Q",2,2026-09-22 11:37:20.1630000,0,1200,0,2026-09-22 11:37:20.1630000,45.204750,35.655740
2204379,"Kerleut",3435,230,"36T","36T1H6S2Q",2,2026-09-22 11:37:25.3300000,0,1200,0,2026-09-22 11:37:25.3300000,45.133330,35.700000
2417595,"Seilshe Zhukovs'koho",3439,230,"37U","37U2H1S3Q",1,2013-04-24 23:42:14.7000000,2086250,0,0,2026-09-22 11:37:32.8100000,50.054760,36.297000
2203902,"Yuzhne",3435,230,"36T","36T1H6S2Q",2,2026-09-22 11:37:33.6770000,0,1200,0,2026-09-22 11:37:33.6770000,45.124990,35.660190
1658497,"Pine Forest",3547,233,"17S","17S2H1S4Q",2,2026-09-21 20:18:51.3730000,0,85903,0,2026-09-22 11:38:17.0300000,34.817620,-82.305400
2109471,"Peterboro",3562,233,"18T","18T2H2S3Q",1,2021-04-22 17:28:27.0500000,73745,0,0,2026-09-22 11:39:00.6270000,42.967290,-75.687960
2520406,"Oberluhe",707,57,"32U","32U1H5S3Q",3,2026-09-22 11:40:10.5830000,0,0,3690,2026-09-22 11:40:17.9400000,52.063520,8.909650
1935297,"Waverly",3554,233,"16S","16S1H1S1Q",3,2024-12-20 12:57:28.7030000,0,0,139977,2026-09-22 11:43:07.3230000,39.591720,-89.952880
1839392,"Tangier",3585,233,"18S","18S1H5S1Q",3,2026-09-22 03:10:55.5670000,0,0,2271,2026-09-22 11:47:38.3800000,37.826240,-75.991600
1897352,"Park View",3536,233,"18S","18S1H1S3Q",1,2015-05-08 00:17:44.7830000,1336746,0,517,2026-09-22 11:48:33.7570000,38.932060,-77.023590
1905694,"Greencastle Manor",3542,233,"18S","18S1H1S2Q",1,2015-03-30 12:49:51.6100000,262959,0,817,2026-09-22 11:49:13.7700000,39.074830,-76.923860
2539329,"Hasbury",979,77,"30U","30U1H5S4Q",2,2022-11-07 14:17:40.8500000,0,69462,0,2026-09-22 11:51:06.2900000,52.450000,-2.066670
2240714,"Mex",506,43,"32T","32T1H1S3Q",2,2026-09-15 12:53:09.5300000,0,100137,0,2026-09-22 11:51:21.4630000,46.166670,6.983330
2692519,"Crieff",977,77,"30V","30V2H5S3Q",3,2026-09-22 11:52:46.1030000,187,0,300,2026-09-22 11:52:46.1030000,56.366670,-3.833330
2692520,"Milton of Abercairny",977,77,"30V","30V2H5S3Q",3,2026-09-22 11:52:59.6000000,510,0,600,2026-09-22 11:52:59.6000000,56.366670,-3.750000
2693143,"Gilmerton",977,77,"30V","30V2H5S3Q",3,2026-09-22 11:53:10.6700000,0,0,1113,2026-09-22 11:53:10.6700000,56.383330,-3.800000
2690859,"Muthill",977,77,"30V","30V2H5S3Q",3,2026-09-22 11:53:24.3100000,250,0,621,2026-09-22 11:53:24.3100000,56.316670,-3.833330
2040102,"Haines Corners",3562,233,"18T","18T2H6S1Q",2,2016-05-30 23:31:50.0930000,7500,269868,0,2026-09-22 11:53:27.7900000,41.473700,-73.582070
2299171,"Thal",715,57,"32T","32T1H3S1Q",3,2024-10-08 22:44:29.9100000,0,0,20789,2026-09-22 11:55:19.0930000,47.587760,10.602240
1760575,"Larkin Hills",3548,233,"17S","17S1H4S4Q",3,2022-07-24 01:39:12.3070000,0,0,162323,2026-09-22 11:55:40.5300000,36.530660,-82.182080
1880088,"O'Fallon",3554,233,"16S","16S1H1S3Q",3,2021-11-24 14:04:38.9500000,0,0,59208848,2026-09-22 11:56:09.8630000,38.592270,-89.911210
1822032,"Robinwood",3585,233,"18S","18S1H4S1Q",3,2026-09-22 11:58:44.4970000,314,85,1630,2026-09-22 11:58:47.6670000,37.512650,-77.354980
2099225,"Gurlo",279,22,"34T","34T2H3S3Q",1,2025-06-09 04:32:29.6100000,210936,19950,0,2026-09-22 11:59:09.7470000,42.766670,22.850000
1821078,"Fort Lee",3585,233,"18S","18S1H4S1Q",3,2026-09-22 11:59:13.4170000,0,33,1200,2026-09-22 11:59:13.4170000,37.495700,-77.335260
1822110,"Lee Park",3585,233,"18S","18S1H4S1Q",3,2026-09-22 11:59:30.0170000,0,0,1022,2026-09-22 11:59:30.0170000,37.514310,-77.301640
1822441,"Pine Heights",3585,233,"18S","18S1H4S1Q",3,2026-09-22 11:59:51.0000000,0,2244,3599,2026-09-22 11:59:52.1200000,37.518480,-77.278870
1819286,"Turner Woods",3585,233,"18S","18S1H4S1Q",3,2026-09-22 12:00:50.2130000,0,0,1206,2026-09-22 12:00:50.2130000,37.464040,-77.303870
1819922,"Williamson Farms",3585,233,"18S","18S1H4S1Q",3,2026-09-22 12:00:58.1470000,0,0,2409,2026-09-22 12:00:58.5500000,37.473760,-77.352200
1815498,"Bellwood Manor",3585,233,"18S","18S1H4S1Q",3,2026-09-22 12:01:45.4730000,0,0,671,2026-09-22 12:01:45.4730000,37.399870,-77.419700
1812031,"Cameron Hills",3585,233,"18S","18S1H4S1Q",3,2026-09-22 12:02:16.6800000,0,0,990,2026-09-22 12:02:16.6800000,37.342650,-77.343040
1813875,"Meadowville",3585,233,"18S","18S1H4S1Q",3,2026-09-22 12:02:24.9130000,0,0,696,2026-09-22 12:02:24.9130000,37.370700,-77.322480
1813255,"Mount Blanco",3585,233,"18S","18S1H4S1Q",3,2026-09-22 12:02:29.1900000,0,0,1022,2026-09-22 12:02:29.1900000,37.362090,-77.313310
2522234,"Belzen",707,57,"32U","32U1H5S3Q",3,2025-10-01 06:21:42.0170000,0,0,3359,2026-09-22 12:02:30.9200000,52.100000,8.550000
1814437,"Varina Farm",3585,233,"18S","18S1H4S1Q",3,2026-09-22 12:02:37.9530000,0,0,1200,2026-09-22 12:02:37.9570000,37.381810,-77.336090
1815301,"Fair Hill",3585,233,"18S","18S1H4S1Q",3,2026-09-22 12:02:41.4000000,0,0,419,2026-09-22 12:02:41.4000000,37.395430,-77.329700
1816025,"Deep Bottom",3585,233,"18S","18S1H4S1Q",3,2026-09-22 12:02:45.5200000,0,0,1143,2026-09-22 12:02:45.5200000,37.406810,-77.309420
1817949,"Varina Gardens",3585,233,"18S","18S1H4S1Q",3,2026-09-22 12:03:03.6170000,0,610,900,2026-09-22 12:03:03.6170000,37.439590,-77.359420
1380797,"Boerne",3549,233,"14R","14R1H5S2Q",3,2013-04-28 02:03:12.2570000,0,0,4036521,2026-09-22 12:03:10.1330000,29.794660,-98.731970
1818327,"Varina Place",3585,233,"18S","18S1H4S1Q",3,2026-09-22 12:03:10.7570000,0,0,655,2026-09-22 12:03:10.7570000,37.447370,-77.352480
1818132,"Varina Grove",3585,233,"18S","18S1H4S1Q",3,2026-09-22 12:03:16.8400000,0,0,655,2026-09-22 12:03:16.8400000,37.443200,-77.348590
1818740,"Varina Meadows",3585,233,"18S","18S1H4S1Q",3,2026-09-22 12:03:28.9730000,0,563,900,2026-09-22 12:03:28.9730000,37.452650,-77.348870
1818419,"Varina",3585,233,"18S","18S1H4S1Q",3,2026-09-22 12:03:36.2730000,0,316,600,2026-09-22 12:03:36.2730000,37.449590,-77.344980
1823358,"Chippenham Village",3585,233,"18S","18S1H4S1Q",3,2026-09-22 12:04:18.5500000,0,0,340,2026-09-22 12:04:18.5500000,37.533760,-77.536100
1822659,"Crestwood Farms",3585,233,"18S","18S1H4S1Q",3,2026-09-22 12:04:22.6470000,0,0,732,2026-09-22 12:04:22.6470000,37.523200,-77.542760
1819945,"Lake Crystal Farms",3585,233,"18S","18S1H4S1Q",3,2026-09-22 12:04:31.3930000,0,0,1208,2026-09-22 12:04:31.3930000,37.474310,-77.586100
1826191,"Lynn Grove",3585,233,"18S","18S1H4S1Q",3,2026-09-22 12:05:11.2270000,0,426,1200,2026-09-22 12:05:11.2270000,37.587090,-77.401930
1825570,"East Highland Park",3585,233,"18S","18S1H4S1Q",3,2026-09-22 12:05:18.7770000,0,0,573,2026-09-22 12:05:18.7770000,37.577100,-77.386400
1825551,"Glenwood Farms",3585,233,"18S","18S1H4S1Q",3,2026-09-22 12:05:27.6230000,0,188,600,2026-09-22 12:05:27.6230000,37.576530,-77.385260
1825327,"Mayfair Place",3585,233,"18S","18S1H4S1Q",3,2026-09-22 12:05:32.5730000,0,193,300,2026-09-22 12:05:32.5730000,37.571260,-77.387200
2672495,"Poselok Neftebazy",2671,192,"37U","37U1H1S2Q",2,2023-02-01 20:56:08.5730000,0,1477888,517,2026-09-22 12:05:36.9970000,55.789910,37.878880
2672304,"Vishnyaki",2671,192,"37U","37U1H1S2Q",2,2023-05-16 05:03:20.2400000,0,1050802,517,2026-09-22 12:05:45.1600000,55.783330,37.916670
2671848,"Saltykovka",2671,192,"37U","37U1H1S2Q",2,2010-01-01 00:00:00.0000000,0,619163,517,2026-09-22 12:05:52.4300000,55.766790,37.935330
2671778,"Akatovo",2671,192,"37U","37U1H1S2Q",2,2023-03-25 21:53:25.3500000,0,1061845,517,2026-09-22 12:05:59.0700000,55.766670,37.950000
2671520,"Kuchino",2671,192,"37U","37U1H1S2Q",2,2023-03-24 22:37:09.2770000,0,1123676,517,2026-09-22 12:06:05.2430000,55.764100,37.988530
2670902,"Zheleznodorozhnyy",2671,192,"37U","37U1H2S1Q",2,2010-01-01 00:00:00.0000000,0,1022651,517,2026-09-22 12:06:15.4070000,55.744000,38.016840
2670751,"Savvino",2671,192,"37U","37U1H2S1Q",2,2023-04-21 09:10:47.7730000,0,506542,517,2026-09-22 12:06:27.4700000,55.735430,38.039130
2671369,"Fedurnovo",2671,192,"37U","37U1H2S1Q",2,2026-09-21 15:58:10.5500000,0,12674,517,2026-09-22 12:06:48.6770000,55.754880,38.046960
2416677,"Ryzhiy",3439,230,"37U","37U2H1S3Q",1,2013-04-23 15:41:49.8330000,2083763,0,0,2026-09-22 12:07:18.2570000,50.033330,36.305000
2670778,"Nikol'sko-Arkhangel'skiy",2671,192,"37U","37U1H1S2Q",2,2023-03-25 13:24:37.3030000,0,550005,0,2026-09-22 12:07:44.9930000,55.737220,37.973610
2209812,"Aleksandrovka",3435,230,"37T","37T1H4S1Q",1,2026-09-22 12:08:02.3470000,986,0,0,2026-09-22 12:08:02.3470000,45.280000,36.370000
2209686,"Pryozerne",3435,230,"37T","37T1H4S1Q",1,2026-09-22 12:08:09.0700000,941,0,0,2026-09-22 12:08:09.0700000,45.271430,36.328110
2210210,"Ivanivka",3435,230,"37T","37T1H4S1Q",1,2026-09-22 12:08:16.1770000,978,0,0,2026-09-22 12:08:16.1770000,45.288800,36.285490
2209850,"Mykhaylivka",3435,230,"37T","37T1H4S1Q",1,2026-09-22 12:08:22.0870000,978,0,0,2026-09-22 12:08:22.0870000,45.282860,36.259520
2523096,"Nieder Eickum",707,57,"32U","32U1H5S3Q",3,2025-10-01 06:21:47.1430000,0,0,2151,2026-09-22 12:08:28.5270000,52.116670,8.583330
2523102,"Radewiger Feldmark",707,57,"32U","32U1H5S3Q",3,2026-03-26 05:43:54.3770000,0,0,3622,2026-09-22 12:08:38.2900000,52.116670,8.650000
1830211,"Bretton Woods",3585,233,"18S","18S1H4S1Q",3,2026-09-22 12:08:39.6170000,0,335,2700,2026-09-22 12:08:41.5200000,37.659030,-77.514990
2215356,"Karalar",3435,230,"37T","37T1H4S1Q",1,2026-09-22 12:08:54.2300000,901,0,0,2026-09-22 12:08:54.2300000,45.441940,36.162780
2298819,"Wies",715,57,"32T","32T1H3S1Q",3,2024-10-08 22:44:47.2470000,0,0,20790,2026-09-22 12:09:53.5100000,47.583330,10.600000
1831074,"Henry Clay Heights",3585,233,"18S","18S1H4S1Q",1,,1810,1450,0,2026-09-22 12:12:41.1900000,37.674030,-77.389150
1598508,"Wickford",3539,233,"16S","16S2H6S2Q",1,2013-01-17 02:40:59.3400000,479898,0,0,2026-09-22 12:13:00.0070000,33.945930,-84.327150
1819273,"Richmond Heights",3585,233,"18S","18S1H4S1Q",3,2026-09-22 12:13:13.6630000,0,0,1069,2026-09-22 12:13:13.6630000,37.463760,-77.398040
2148775,"Jenness",3573,233,"11T","11T2H2S2Q",3,2023-05-09 13:21:14.2830000,0,9080,37565,2026-09-22 12:13:18.5630000,43.832110,-116.625140
1820032,"Capitol View",3585,233,"18S","18S1H4S1Q",3,2026-09-22 12:13:23.0130000,0,0,1068,2026-09-22 12:13:23.0130000,37.475980,-77.390540
2150259,"Emmett",3573,233,"11T","11T2H2S2Q",3,2023-04-16 13:38:18.3700000,0,300,1467248,2026-09-22 12:13:43.7700000,43.873500,-116.499300
2670715,"Dyatlovka",2671,192,"37U","37U1H2S1Q",2,2024-07-07 06:50:14.3500000,0,8954,1118,2026-09-22 12:13:58.0600000,55.733400,38.067410
1824556,"Central Gardens",3585,233,"18S","18S1H4S1Q",3,2026-09-22 12:14:11.2830000,0,0,1041,2026-09-22 12:14:11.2830000,37.557090,-77.404700
1824810,"Oak Hill",3585,233,"18S","18S1H4S1Q",3,2026-09-22 12:14:13.9330000,0,0,1134,2026-09-22 12:14:13.9330000,37.562920,-77.399150
1977896,"Rockville",3584,233,"18T","18T2H4S4Q",1,2024-01-30 01:41:52.5900000,54069,0,0,2026-09-22 12:14:52.7130000,40.336200,-76.904700
1822495,"Montrose Heights",3585,233,"18S","18S1H4S1Q",3,2026-09-22 12:14:55.8100000,0,0,1086,2026-09-22 12:14:55.8100000,37.519590,-77.392200
1822581,"Rocketts",3585,233,"18S","18S1H4S1Q",3,2026-09-22 12:14:58.4430000,0,0,1063,2026-09-22 12:14:58.4430000,37.521540,-77.389700
1821142,"Oakland",3585,233,"18S","18S1H4S1Q",3,2026-09-22 12:15:10.4700000,0,0,1053,2026-09-22 12:15:10.4700000,37.497090,-77.405260
1822559,"Manchester",3585,233,"18S","18S1H4S1Q",3,2026-09-22 12:15:19.2900000,0,0,1032,2026-09-22 12:15:19.2900000,37.520980,-77.444150
1822625,"South Richmond",3585,233,"18S","18S1H4S1Q",3,2026-09-22 12:15:22.0770000,0,0,1070,2026-09-22 12:15:22.0770000,37.522370,-77.441370
1820000,"Clopton",3585,233,"18S","18S1H4S1Q",3,2026-09-22 12:15:33.4430000,0,0,1073,2026-09-22 12:15:33.4430000,37.475150,-77.445540
1819056,"Warwick",3585,233,"18S","18S1H4S1Q",3,2026-09-22 12:15:36.3570000,0,0,1045,2026-09-22 12:15:36.3570000,37.459040,-77.422760
2423967,"Zhovtneve",3439,230,"37U","37U2H1S3Q",1,2013-04-28 06:01:17.1900000,2000000,0,0,2026-09-22 12:16:09.3630000,50.193080,36.427610
2214725,"Karalarskaya",3435,230,"37T","37T1H4S1Q",1,2026-09-22 12:16:27.5800000,900,0,0,2026-09-22 12:16:27.5800000,45.421110,36.191670
2576020,"Yungorodok",2658,192,"39U","39U1H5S1Q",3,2023-03-17 06:15:04.0700000,0,0,1300226,2026-09-22 12:16:40.9700000,53.216510,50.299740
7064,"Mount Beauty",140,13,"55H","55H2H2S2Q",3,2026-09-22 12:17:56.6130000,0,0,1040,2026-09-22 12:17:56.6130000,-36.750000,147.166670
6969,"Bogong",140,13,"55H","55H2H2S2Q",3,2026-09-22 12:18:01.2670000,0,0,1040,2026-09-22 12:18:01.2670000,-36.800000,147.216670
6480,"Rundells",140,13,"55H","55H2H2S4Q",3,2026-09-22 12:18:05.0770000,0,0,1038,2026-09-22 12:18:05.0770000,-37.033330,147.283330
6384,"Cobungra",140,13,"55H","55H2H2S4Q",3,2026-09-22 12:18:08.2430000,0,0,1036,2026-09-22 12:18:08.2430000,-37.100000,147.416670
166461,"Capitana",2379,175,"18L","18L1H4S3Q",1,2025-11-17 07:13:44.2000000,3893,0,0,2026-09-22 12:18:10.6530000,-11.901940,-77.075280
6784,"Glen Valley",140,13,"55H","55H2H2S2Q",3,2026-09-22 12:18:16.3770000,0,0,1029,2026-09-22 12:18:16.3770000,-36.866670,147.483330
6828,"Glen Wills",140,13,"55H","55H2H2S2Q",3,2026-09-22 12:18:20.6800000,0,0,1029,2026-09-22 12:18:20.6800000,-36.850000,147.516670
6880,"Sunnyside",140,13,"55H","55H2H2S2Q",3,2026-09-22 12:18:24.3130000,0,0,1034,2026-09-22 12:18:24.3130000,-36.833330,147.500000
7354,"Snowy Creek",140,13,"55H","55H2H2S2Q",3,2026-09-22 12:18:29.6670000,0,0,1029,2026-09-22 12:18:29.6670000,-36.583330,147.416670
2192110,"Elk Bend",3573,233,"12T","12T1H4S3Q",3,2025-04-29 21:01:57.6700000,0,0,42152,2026-09-22 12:19:27.1100000,44.884370,-113.968950
2040810,"Haviland Hollow",3562,233,"18T","18T2H6S1Q",2,2014-12-30 22:59:36.1730000,11700,253495,0,2026-09-22 12:22:13.4900000,41.484540,-73.570680
1395358,"Mount Gainor",3549,233,"14R","14R1H2S4Q",3,2026-02-12 00:12:20.1730000,0,0,1822315,2026-09-22 12:24:42.1600000,30.143820,-98.135010
2523895,"Herford",707,57,"32U","32U1H5S3Q",3,2026-09-22 06:48:15.6100000,0,0,3285,2026-09-22 12:26:19.5800000,52.133330,8.683330
2523896,"Hanschenberg",707,57,"32U","32U1H5S3Q",3,2026-09-22 06:42:36.9930000,0,0,3285,2026-09-22 12:26:24.9300000,52.133330,8.700000
1842687,"Orinda Village",3567,233,"10S","10S1H5S2Q",2,2025-08-26 02:08:32.3270000,0,3048683,0,2026-09-22 12:27:39.1430000,37.887430,-122.195520
1870575,"Wilton",3567,233,"10S","10S1H3S3Q",2,2012-10-07 04:28:22.8030000,0,1442836,1286230,2026-09-22 12:28:26.0100000,38.412980,-121.212710
2298561,"Benken",715,57,"32T","32T1H3S1Q",3,2024-10-08 22:44:15.9470000,0,0,20789,2026-09-22 12:28:29.1930000,47.578030,10.595540
1858449,"Hazelwood",3582,233,"16S","16S1H3S3Q",1,2026-09-22 12:28:51.6130000,1089,0,0,2026-09-22 12:28:51.6130000,38.177850,-85.781350
1863661,"Arctic Springs",3555,233,"16S","16S1H3S3Q",1,2026-09-22 12:28:56.6570000,392,0,6,2026-09-22 12:28:56.6570000,38.283130,-85.711350
2252714,"Harvey",3557,233,"16T","16T1H2S3Q",1,2012-08-06 01:18:15.5430000,741600,0,0,2026-09-22 12:28:59.3700000,46.491990,-87.351500
2300430,"Osterreinen",715,57,"32T","32T1H3S1Q",3,2024-10-09 18:08:37.5430000,0,0,22290,2026-09-22 12:29:01.3300000,47.616670,10.716670
1859826,"Heatherfield",3582,233,"16S","16S1H3S3Q",1,2026-09-22 12:29:05.4470000,596,0,0,2026-09-22 12:29:05.4470000,38.203130,-85.826630
1854796,"Penile",3582,233,"16S","16S1H3S3Q",1,2026-09-22 12:29:52.5970000,589,0,0,2026-09-22 12:29:52.5970000,38.107010,-85.803300
1859720,"Shively",3582,233,"16S","16S1H3S3Q",1,2026-09-22 12:30:02.4200000,595,0,0,2026-09-22 12:30:02.4200000,38.200070,-85.822740
1859733,"Saint Denis",3582,233,"16S","16S1H3S3Q",1,2026-09-22 12:30:15.8570000,588,0,0,2026-09-22 12:30:15.8570000,38.200350,-85.833020
1851199,"Barrallton",3582,233,"16S","16S1H3S3Q",1,2026-09-22 12:30:23.2200000,570,0,0,2026-09-22 12:30:23.2200000,38.038960,-85.798850
2214062,"Saint-Lazare",459,38,"18T","18T1H5S2Q",1,2026-06-07 19:25:39.4700000,400377,0,0,2026-09-22 12:30:33.3900000,45.400080,-74.132560
1860869,"Highlands",3582,233,"16S","16S1H3S3Q",1,2026-09-22 12:30:35.6530000,592,0,0,2026-09-22 12:30:35.6530000,38.227290,-85.708290
1839635,"Vine Grove Junction",3582,233,"16S","16S1H6S1Q",1,2026-09-22 12:30:55.0900000,1129,0,0,2026-09-22 12:30:55.0900000,37.832010,-85.934690
1837354,"Long View",3582,233,"16S","16S1H6S1Q",1,2026-09-22 12:33:18.2100000,1128,0,0,2026-09-22 12:33:18.2100000,37.789510,-85.913020
2093901,"Whaley Drain",3557,233,"16T","16T2H3S4Q",1,2017-06-29 00:09:15.9630000,3043903,0,0,2026-09-22 12:33:54.7470000,42.653370,-84.676370
2093494,"West Windsor",3557,233,"16T","16T2H3S4Q",1,2017-06-18 10:18:12.7470000,3045723,0,0,2026-09-22 12:33:59.4830000,42.647260,-84.697210
2092677,"Potterville",3557,233,"16T","16T2H3S4Q",1,2017-07-06 20:23:08.7770000,3189894,0,0,2026-09-22 12:34:03.4700000,42.629200,-84.738870
2091608,"Hi-Way Mobile Haven",3557,233,"16T","16T2H3S4Q",1,2017-08-16 10:04:29.8070000,3228950,0,0,2026-09-22 12:34:07.6770000,42.602780,-84.772220
2089623,"Charlotte",3557,233,"16T","16T2H3S4Q",1,2018-02-22 21:55:05.7000000,3078006,0,0,2026-09-22 12:34:13.3130000,42.563650,-84.835820
2087148,"Five Points Corner",3557,233,"16T","16T2H3S4Q",1,2018-10-13 21:27:01.5030000,3072633,0,0,2026-09-22 12:34:19.5900000,42.509200,-84.835540
2089252,"Carlisle",3557,233,"16T","16T2H3S4Q",1,2017-05-12 13:16:19.1100000,3039711,0,0,2026-09-22 12:34:33.7300000,42.553090,-84.966380
1974491,"Spring Mount",3584,233,"18T","18T2H5S3Q",3,2017-06-28 13:21:22.4230000,2120,0,147117,2026-09-22 12:39:35.1400000,40.275360,-75.465150
1976435,"Woxall",3584,233,"18T","18T2H5S3Q",3,2018-07-26 15:09:51.6400000,3723,0,149374,2026-09-22 12:44:53.8130000,40.310660,-75.448790
1563218,"West Hampton",3539,233,"16S","16S2H6S2Q",3,2013-07-10 13:01:30.2830000,0,517,1140181,2026-09-22 12:46:51.9570000,33.392890,-84.290200
2514345,"Everswinkel",707,57,"32U","32U2H1S2Q",3,2026-09-22 12:47:04.0000000,0,0,1041,2026-09-22 12:47:04.0000000,51.933330,7.850000
2252539,"Pokrovka",3430,230,"36T","36T1H1S4Q",2,2026-09-22 12:47:05.5100000,0,1052,0,2026-09-22 12:47:05.5100000,46.483330,31.700000
2253661,"Heroys'ke",3438,230,"36T","36T1H1S4Q",2,2026-09-22 12:47:12.7900000,0,1048,0,2026-09-22 12:47:12.7900000,46.516670,31.900000
1555265,"East Griffin",3539,233,"16S","16S2H6S2Q",3,2013-07-17 14:30:09.7400000,0,2637,996315,2026-09-22 12:47:14.9600000,33.243730,-84.228810
2252540,"Shaby",3438,230,"36T","36T1H2S3Q",2,2026-09-22 12:47:20.0430000,0,1046,0,2026-09-22 12:47:20.0430000,46.483330,32.166670
2258826,"Solonchaky",3430,230,"36T","36T1H1S4Q",2,2025-10-31 07:26:45.5370000,0,93459,0,2026-09-22 12:47:33.2100000,46.650000,31.816670
2060445,"Borgo Pio",1377,110,"33T","33T2H4S1Q",3,2015-09-15 22:02:38.0400000,0,0,3003877,2026-09-22 12:48:03.8730000,41.904750,12.459830
2088698,"Kalamo",3557,233,"16T","16T2H3S3Q",1,2017-01-21 18:26:29.1770000,3037631,0,0,2026-09-22 12:48:59.8770000,42.542810,-85.012770
2089216,"Maple Grove",3557,233,"16T","16T2H3S3Q",1,2018-04-29 02:10:08.5400000,3082496,0,0,2026-09-22 12:49:07.5070000,42.552220,-85.128890
2091614,"Nashville",3557,233,"16T","16T2H3S3Q",1,2018-04-29 02:10:46.6330000,3030545,0,0,2026-09-22 12:49:16.2800000,42.602810,-85.093050
2092657,"Vermontville",3557,233,"16T","16T2H3S3Q",1,2017-04-25 12:41:57.0230000,3015310,0,0,2026-09-22 12:49:20.9570000,42.628920,-85.024160
2091724,"Chester",3557,233,"16T","16T2H3S4Q",1,2017-06-19 08:06:19.4700000,3017223,0,0,2026-09-22 12:49:25.8600000,42.605870,-84.914710
1962044,"Benicassim",901,68,"31T","31T2H4S3Q",1,2026-09-22 12:49:28.5570000,300,112,0,2026-09-22 12:49:28.5570000,40.050000,0.066670
2093288,"Stalls Corner",3557,233,"16T","16T2H3S4Q",1,2017-04-30 03:42:02.5570000,3058532,0,0,2026-09-22 12:49:34.4030000,42.641150,-84.894990
2093297,"Gresham",3557,233,"16T","16T2H3S4Q",1,2017-04-29 16:27:03.3400000,3065487,0,0,2026-09-22 12:49:40.0570000,42.641420,-84.895270
1945560,"La Llosa",901,68,"30S","30S1H3S2Q",1,2026-09-22 12:49:41.4930000,517,0,0,2026-09-22 12:49:41.4930000,39.766670,-0.200000
1948910,"la Vall d'Uixo",901,68,"30S","30S1H3S2Q",1,2026-09-22 12:49:46.5230000,300,0,65,2026-09-22 12:49:46.5230000,39.825480,-0.233550
1949326,"Alfondeguilla",901,68,"30S","30S1H3S2Q",1,2026-09-22 12:49:50.6400000,300,0,61,2026-09-22 12:49:50.6400000,39.833330,-0.266670
1943640,"Benavites",901,68,"30S","30S1H3S2Q",1,2026-09-22 12:49:57.2400000,454,0,300,2026-09-22 12:49:57.2400000,39.733330,-0.250000
2095578,"Little Venice",3557,233,"16T","16T2H3S4Q",1,2017-04-25 19:04:30.0900000,3025751,0,0,2026-09-22 12:49:58.8470000,42.690590,-84.955830
1943637,"Benifairo de les Valls",901,68,"30S","30S1H3S2Q",1,2026-09-22 12:50:01.8500000,772,0,39,2026-09-22 12:50:01.8500000,39.733330,-0.266670
1942653,"Estacion de Los Valles",901,68,"30S","30S1H3S2Q",1,2026-09-22 12:50:05.6370000,325,241,0,2026-09-22 12:50:05.6370000,39.716670,-0.233330
1942652,"Faura",901,68,"30S","30S1H3S2Q",1,2026-09-22 12:50:09.8000000,454,0,0,2026-09-22 12:50:09.8000000,39.716670,-0.250000
1940654,"Canet d'En Berenguer",901,68,"30S","30S1H3S2Q",1,2026-09-22 12:50:41.9200000,1144,0,0,2026-09-22 12:50:41.9200000,39.683330,-0.216670
2303636,"Klosterhof",715,57,"32T","32T1H3S1Q",3,2024-10-05 11:45:15.3500000,0,0,20773,2026-09-22 12:51:05.1830000,47.683330,10.533330
2671202,"Ivanovka",2671,192,"37U","37U1H2S1Q",2,2023-04-21 20:17:29.0430000,0,507650,1241,2026-09-22 12:51:23.4200000,55.750000,38.050000
1939439,"El Port de Sagunt",901,68,"30S","30S1H3S2Q",1,2026-09-22 12:52:36.3900000,724,279,300,2026-09-22 12:52:36.3900000,39.662200,-0.217490
2151129,"Humber Grove",457,38,"17T","17T2H3S1Q",2,2026-05-06 21:27:59.2630000,0,2236697,0,2026-09-22 13:01:14.3330000,43.899380,-79.787860
2208625,"Dayton",3558,233,"15T","15T1H5S1Q",2,2016-07-08 00:22:24.4230000,0,3530160,0,2026-09-22 13:02:08.5770000,45.243850,-93.514960
1674709,"Palisades",3549,233,"14S","14S2H1S1Q",1,2021-02-19 07:01:06.0570000,735420,0,0,2026-09-22 13:02:41.1030000,35.061720,-101.802410
2590946,"Curragha",1260,102,"29U","29U1H6S2Q",3,2026-08-21 09:16:05.3700000,0,0,74789,2026-09-22 13:03:21.9930000,53.536940,-6.446670
30525,"Stockleigh",142,13,"56J","56J1H5S4Q",2,2016-12-28 01:40:18.9970000,0,3216821,0,2026-09-22 13:03:54.1900000,-27.766670,153.066670
30628,"Park Ridge",142,13,"56J","56J1H5S4Q",2,2019-02-27 12:51:57.3330000,0,3209268,0,2026-09-22 13:04:06.0070000,-27.716670,153.033330
2515177,"Mussingen",707,57,"32U","32U2H1S2Q",3,2026-09-22 13:04:14.2070000,0,0,1631,2026-09-22 13:04:14.2070000,51.950000,7.883330
2515176,"Versmar",707,57,"32U","32U2H1S2Q",3,2026-09-22 13:04:28.0770000,0,0,1039,2026-09-22 13:04:28.0770000,51.950000,7.800000
2515943,"Raestrup",707,57,"32U","32U2H1S2Q",3,2026-09-22 13:04:34.4900000,0,0,1044,2026-09-22 13:04:34.4900000,51.966670,7.833330
1716131,"Oberlin",3545,233,"17S","17S2H3S2Q",3,2013-07-25 15:57:39.1470000,0,0,1000480,2026-09-22 13:06:19.7000000,35.798760,-78.653060
2067012,"Tivoli",3562,233,"18T","18T2H3S3Q",1,2024-10-13 13:14:16.2370000,1487082,27312,0,2026-09-22 13:07:08.2370000,42.058420,-73.909300
1906752,"Robeys Farmlets",3542,233,"18S","18S1H1S2Q",1,2016-07-13 09:01:08.0600000,121718,0,3654,2026-09-22 13:07:21.6270000,39.093160,-76.883580
2096238,"Shaytown",3557,233,"16T","16T2H3S4Q",1,2017-05-28 04:55:57.1570000,3034979,0,0,2026-09-22 13:07:30.7370000,42.704200,-84.976110
1906941,"Cherrywood",3542,233,"18S","18S1H1S2Q",1,2015-07-28 01:10:32.7030000,82165,0,2585,2026-09-22 13:07:35.5070000,39.096780,-76.883580
2098845,"Woodbury",3557,233,"16T","16T2H3S3Q",1,2017-05-28 13:42:48.5630000,3039017,0,0,2026-09-22 13:07:35.9870000,42.761150,-85.074440
2516753,"Vechtrup",707,57,"32U","32U2H1S2Q",3,2026-09-22 13:07:42.4800000,0,0,1044,2026-09-22 13:07:42.4800000,51.983330,7.833330
2025982,"Millwood",3562,233,"18T","18T2H6S1Q",1,2015-11-15 14:11:26.8000000,44537,719,0,2026-09-22 13:07:46.9630000,41.192320,-73.797360
2102929,"West Sebewa",3557,233,"16T","16T2H3S3Q",1,2017-03-21 07:46:04.8000000,3015271,0,0,2026-09-22 13:07:55.5600000,42.843090,-85.053890
2520576,"Brock",707,57,"32U","32U1H4S4Q",3,2026-09-22 13:08:03.5830000,0,0,1043,2026-09-22 13:08:03.5830000,52.066670,7.783330
1805241,"Sawmill Corner",3585,233,"18S","18S1H4S2Q",1,2026-04-28 18:27:38.2700000,40448,29527,0,2026-09-22 13:08:21.3130000,37.240150,-76.600230
2045962,"Westfield",3552,233,"18T","18T2H6S2Q",1,2010-01-01 00:00:00.0000000,328930,0,0,2026-09-22 13:08:43.1130000,41.584820,-72.700650
1719790,"Brandermill",3545,233,"17S","17S2H3S2Q",3,2013-08-19 16:05:38.7130000,0,0,674957,2026-09-22 13:08:46.0200000,35.863210,-78.662500
1979962,"Jamesburg Park",3561,233,"18T","18T2H5S4Q",2,2026-04-15 22:34:35.9800000,923,4012,0,2026-09-22 13:10:00.3970000,40.379830,-74.438760
1978172,"Jamesburg Gardens",3561,233,"18T","18T2H5S4Q",2,2026-04-15 07:49:48.0970000,959,2997,0,2026-09-22 13:11:20.0570000,40.343160,-74.420430
1908327,"Northgate Woods",3542,233,"18S","18S1H1S2Q",1,2016-07-13 09:01:15.2070000,98420,0,1034,2026-09-22 13:11:44.2670000,39.120390,-76.834140
1935780,"Playa de Mar",901,68,"30S","30S1H3S2Q",1,2026-09-22 13:12:00.4400000,345,0,0,2026-09-22 13:12:00.4400000,39.600000,-0.266670
1912405,"Deep Run Park",3542,233,"18S","18S1H1S2Q",1,2015-02-10 14:31:51.1070000,149911,0,517,2026-09-22 13:12:05.1570000,39.190940,-76.788580
1934771,"La Torre",901,68,"30S","30S1H3S2Q",1,2026-09-22 13:12:06.2100000,600,0,266,2026-09-22 13:12:06.2100000,39.583330,-0.266670
1934770,"Las Canteras",901,68,"30S","30S1H3S2Q",1,2026-09-22 13:12:14.3330000,300,214,47,2026-09-22 13:12:14.3330000,39.583330,-0.283330
1935146,"Puig",901,68,"30S","30S1H3S2Q",1,2026-09-22 13:12:18.6770000,300,297,43,2026-09-22 13:12:18.6770000,39.588690,-0.303330
1936771,"Pucol",901,68,"30S","30S1H3S2Q",1,2026-09-22 13:12:23.6570000,1147,42,0,2026-09-22 13:12:23.6570000,39.616670,-0.300000
1905142,"Piney Orchard",3542,233,"18S","18S1H1S2Q",1,2016-01-13 08:28:32.9900000,181901,0,517,2026-09-22 13:12:27.6630000,39.066500,-76.714140
2303634,"Wildberg",715,57,"32T","32T1H3S1Q",3,2024-10-05 07:07:01.3330000,0,0,20378,2026-09-22 13:12:29.3900000,47.683330,10.516670
1935149,"Rafelbunyol",901,68,"30S","30S1H3S2Q",1,2026-09-22 13:12:45.9630000,1002,189,0,2026-09-22 13:12:45.9630000,39.588760,-0.334570
1926960,"Nazaret",901,68,"30S","30S1H3S2Q",1,2026-09-22 13:13:24.6700000,840,0,90,2026-09-22 13:13:24.6700000,39.450000,-0.333330
1908354,"Colony Fairfield",3542,233,"18S","18S1H1S2Q",1,2016-11-28 17:35:07.3770000,190372,0,517,2026-09-22 13:13:38.5130000,39.120940,-76.762190
1906289,"Kenton Hills",3582,233,"16S","16S1H3S2Q",3,2026-09-22 13:19:32.2800000,2500,0,2895,2026-09-22 13:19:32.2800000,39.083950,-84.531610
1925965,"Paiporta",901,68,"30S","30S1H3S2Q",1,2026-09-22 13:21:18.7830000,834,0,0,2026-09-22 13:21:18.7830000,39.433330,-0.416670
1926271,"Torrent",901,68,"30S","30S1H3S2Q",1,2026-09-22 13:21:24.8100000,1148,170,0,2026-09-22 13:21:24.8100000,39.437050,-0.465460
1928539,"Mislata",901,68,"30S","30S1H3S2Q",1,2026-09-22 13:21:37.1070000,456,0,0,2026-09-22 13:21:37.1070000,39.475230,-0.418250
1929945,"Beniferri",901,68,"30S","30S1H3S2Q",1,2026-09-22 13:22:05.7070000,652,0,0,2026-09-22 13:22:05.7070000,39.500000,-0.400000
1982756,"Farrington Lake Heights",3561,233,"18T","18T2H5S4Q",1,2026-09-22 13:27:40.1030000,1426,300,0,2026-09-22 13:27:40.1030000,40.435660,-74.456540
1984270,"Berdines Corners",3561,233,"18T","18T2H5S4Q",2,2026-01-24 02:49:34.7870000,1507,3657,0,2026-09-22 13:28:13.2700000,40.467330,-74.453490
1928992,"Campanar",901,68,"30S","30S1H3S2Q",1,2026-09-22 13:29:25.7870000,818,0,0,2026-09-22 13:29:25.7870000,39.483330,-0.400000
2217661,"Montreal",459,38,"18T","18T1H6S1Q",1,2016-11-12 03:39:02.8630000,143010307,0,0,2026-09-22 13:29:26.6600000,45.508840,-73.587810
1929946,"Tavernes Blanques",901,68,"30S","30S1H3S2Q",1,2026-09-22 13:29:32.9030000,383,0,0,2026-09-22 13:29:32.9030000,39.500000,-0.366670
1923943,"Catarroja",901,68,"30S","30S1H3S2Q",1,2026-09-22 13:29:55.3000000,300,125,0,2026-09-22 13:29:55.3000000,39.400000,-0.400000
1923942,"Albal",901,68,"30S","30S1H3S2Q",1,2026-09-22 13:33:09.4370000,300,127,88,2026-09-22 13:33:09.4370000,39.400000,-0.416670
2049456,"Bass River",3583,233,"19T","19T2H4S2Q",3,2026-09-21 19:32:20.9430000,0,0,18120,2026-09-22 13:33:32.4830000,41.652890,-70.203630
2060078,"Ponte",1377,110,"33T","33T2H4S1Q",3,2015-09-14 22:25:23.0400000,0,0,2960411,2026-09-22 13:34:06.6030000,41.899660,12.466520
1922981,"Beniparrell",901,68,"30S","30S1H3S2Q",1,2026-09-22 13:34:56.4630000,300,120,0,2026-09-22 13:34:56.4630000,39.383330,-0.416670
1413870,"Smithwick",3549,233,"14R","14R1H2S4Q",3,2021-02-11 12:21:44.7200000,0,9823,1183373,2026-09-22 13:35:10.6130000,30.560750,-98.145020
2523076,"Kattenvenne",707,57,"32U","32U1H4S4Q",3,2026-09-22 13:35:46.9500000,0,0,1045,2026-09-22 13:35:46.9500000,52.116670,7.866670
2521408,"Kattmannskamp",707,57,"32U","32U1H4S4Q",3,2026-09-22 13:36:19.4470000,0,0,1042,2026-09-22 13:36:19.4470000,52.083330,7.816670
1405288,"Cypress Mill",3549,233,"14R","14R1H2S4Q",3,2024-11-05 02:07:10.3430000,0,9823,686947,2026-09-22 13:37:40.3300000,30.381030,-98.250570
2524732,"Hoste",707,57,"32U","32U1H4S4Q",3,2026-09-22 13:39:36.0100000,0,0,948,2026-09-22 13:39:36.0100000,52.150000,7.916670
1985654,"Piscataway",3561,233,"18T","18T2H5S4Q",1,2026-09-22 13:40:32.6930000,2399,1053,0,2026-09-22 13:40:32.6930000,40.499270,-74.399040
2098598,"Grand Ledge",3557,233,"16T","16T2H3S4Q",1,2017-04-21 07:51:41.1430000,3016126,0,0,2026-09-22 13:42:56.5730000,42.753370,-84.746380
2097195,"Oneida Center",3557,233,"16T","16T2H3S4Q",1,2017-06-23 01:59:33.9470000,3045799,0,0,2026-09-22 13:43:02.0600000,42.726390,-84.778610
2095324,"Needmore",3557,233,"16T","16T2H3S4Q",1,2017-05-28 04:54:57.7030000,3022249,0,0,2026-09-22 13:43:06.2400000,42.683370,-84.856100
2097974,"Hoytville",3557,233,"16T","16T2H3S4Q",1,2017-04-09 09:57:06.7270000,3031164,0,0,2026-09-22 13:43:10.4700000,42.741150,-84.896100
2098885,"Mulliken",3557,233,"16T","16T2H3S4Q",1,2017-05-07 03:25:37.3630000,3028949,0,0,2026-09-22 13:43:14.6170000,42.762260,-84.896380
2098884,"Sunfield",3557,233,"16T","16T2H3S4Q",1,2017-03-21 19:19:07.9830000,3015048,0,0,2026-09-22 13:43:19.3300000,42.762260,-84.992500
2100628,"Sebewa Corners",3557,233,"16T","16T2H3S4Q",1,2017-03-21 19:21:35.5630000,3019479,0,0,2026-09-22 13:43:24.4330000,42.799480,-84.955830
2313175,"Concarneau",961,75,"30T","30T1H2S1Q",3,2022-08-19 15:27:11.0930000,0,0,6929985,2026-09-22 13:43:44.2630000,47.875020,-3.922450
2002173,"Patchogue Highlands",3562,233,"18T","18T2H6S3Q",1,2026-09-18 23:42:30.9570000,23903,0,0,2026-09-22 13:44:52.7400000,40.782600,-73.027050
2000033,"Bayport",3562,233,"18T","18T2H6S3Q",3,2024-08-09 02:43:28.0970000,2230,0,166679,2026-09-22 13:45:19.9070000,40.745900,-73.054590
2043321,"Nickerson",3559,233,"14T","14T2H6S2Q",1,2026-09-19 11:55:38.8530000,48205,0,0,2026-09-22 13:49:28.5730000,41.534440,-96.470300
2421132,"Huckelheim",715,57,"32U","32U2H2S4Q",2,2013-04-16 13:09:35.2970000,0,683703,0,2026-09-22 13:50:02.0370000,50.133330,9.250000
2523897,"Gross Schwarzenmoor",707,57,"32U","32U1H5S3Q",3,2026-09-22 06:42:33.2000000,0,0,3285,2026-09-22 13:51:22.3500000,52.133330,8.716670
2523898,"Kipshagen",707,57,"32U","32U1H5S3Q",3,2026-09-22 06:35:43.3100000,0,0,3285,2026-09-22 13:51:33.2400000,52.133330,8.750000
2524220,"Bentorf",707,57,"32U","32U1H5S3Q",3,2025-04-18 10:25:47.8400000,0,0,2255,2026-09-22 13:52:27.7770000,52.135330,8.915750
1911701,"Pembroke Knolls",3542,233,"18S","18S1H1S2Q",1,2016-01-15 03:15:32.8470000,108269,0,3742,2026-09-22 13:53:20.4630000,39.178720,-76.909420
1910718,"Mooresfield",3542,233,"18S","18S1H1S2Q",1,2016-01-15 03:19:01.5700000,99884,0,517,2026-09-22 13:53:40.9270000,39.161770,-76.920530
1913142,"Wood Ridge",3542,233,"18S","18S1H1S2Q",1,2016-01-15 03:21:12.3530000,50137,0,517,2026-09-22 13:53:48.2670000,39.202610,-76.981640
1914276,"Karinwood",3542,233,"18S","18S1H1S1Q",1,2015-06-18 11:51:48.5670000,38241,0,4629,2026-09-22 13:53:54.5470000,39.223440,-77.002200
1902509,"Parkwood",3542,233,"18S","18S1H1S1Q",1,2016-04-01 17:02:51.5800000,99094,0,691,2026-09-22 13:54:03.3070000,39.019830,-77.091370
1902507,"Georgetown Village",3542,233,"18S","18S1H1S1Q",1,2016-05-26 15:36:33.5130000,99210,0,517,2026-09-22 13:54:08.3700000,39.019830,-77.131090
2522114,"Selsen",707,57,"32U","32U1H5S3Q",3,2025-04-18 11:59:59.1700000,0,0,2025,2026-09-22 13:55:09.2070000,52.099020,8.977200
2304474,"Wimberg",715,57,"32T","32T1H3S1Q",3,2024-10-05 13:47:15.5800000,0,0,20292,2026-09-22 13:57:40.0700000,47.700000,10.550000
2547691,"Albrighton",979,77,"30U","30U1H5S4Q",2,2021-04-24 12:39:32.0670000,0,61150,0,2026-09-22 14:04:48.4000000,52.633330,-2.266670
2369472,"Tsawwassen",451,38,"10U","10U2H5S1Q",3,2012-12-26 02:04:29.0270000,0,0,8134294,2026-09-22 14:09:52.2270000,49.018000,-123.081720
2320779,"Hyland",3578,233,"10U","10U2H5S4Q",3,2026-09-22 14:12:53.3870000,0,0,724,2026-09-22 14:12:53.3870000,48.027040,-122.030690
2321630,"Lake Bosworth",3578,233,"10U","10U2H6S3Q",3,2026-09-22 14:13:09.4730000,0,0,712,2026-09-22 14:13:09.4730000,48.045100,-121.968460
2318333,"Forest Glade",3578,233,"10T","10T1H3S1Q",3,2026-09-22 14:13:22.8400000,0,0,672,2026-09-22 14:13:22.8400000,47.981490,-121.973180
2520220,"Czarnow",2440,180,"34U","34U1H5S4Q",1,2026-08-23 10:56:52.3070000,112631,33957,0,2026-09-22 14:14:28.0070000,52.056290,21.097700
2522853,"Krutheide",707,57,"32U","32U1H5S3Q",3,2026-09-22 07:09:46.5200000,0,0,3285,2026-09-22 14:14:52.1570000,52.112200,8.768980
2471707,"Radomsko",2446,180,"34U","34U2H1S2Q",3,2023-11-08 07:48:11.9700000,0,1624,1123981,2026-09-22 14:14:56.2630000,51.067130,19.444770
2522605,"Waldemeine",707,57,"32U","32U1H5S3Q",3,2026-09-22 07:07:27.5300000,0,0,3285,2026-09-22 14:14:58.4600000,52.104400,8.771720
2522847,"Hellerhausen",707,57,"32U","32U1H5S3Q",3,2026-09-22 07:07:23.7970000,0,0,3285,2026-09-22 14:15:05.2900000,52.112040,8.786230
2522538,"Wusten",707,57,"32U","32U1H5S3Q",3,2026-09-22 06:59:17.6200000,0,0,2035,2026-09-22 14:15:10.1530000,52.101600,8.789490
2276947,"Paleu",2637,190,"34T","34T1H2S2Q",1,2026-09-22 14:15:38.2970000,1153,0,0,2026-09-22 14:15:38.2970000,47.116670,21.966670
2278208,"Biharea",2637,190,"34T","34T1H2S2Q",1,2026-09-22 14:15:44.2600000,1717,0,560,2026-09-22 14:15:44.2600000,47.150000,21.916670
2278880,"Cauaceu",2637,190,"34T","34T1H2S2Q",1,2026-09-22 14:15:48.8630000,1100,0,0,2026-09-22 14:15:48.8630000,47.166670,21.950000
2280271,"Chiughiu",2637,190,"34T","34T1H2S2Q",1,2026-09-22 14:15:56.0700000,1153,0,0,2026-09-22 14:15:56.0700000,47.200000,21.916670
2519396,"Katarzynin",2451,180,"33U","33U1H6S3Q",3,2026-09-22 12:58:33.7730000,0,0,31474,2026-09-22 14:16:03.9930000,52.038580,16.742860
2281060,"Tamaseu",2637,190,"34T","34T1H2S2Q",1,2026-09-22 14:16:22.1500000,1717,0,560,2026-09-22 14:16:22.1500000,47.216670,21.933330
2076249,"Belchertown",3583,233,"18T","18T2H3S4Q",1,2015-02-27 21:41:06.0670000,500867,0,0,2026-09-22 14:17:26.5730000,42.277040,-72.400920
1902628,"Marymount",3542,233,"18S","18S1H1S1Q",1,2016-11-16 01:43:23.1470000,98375,0,517,2026-09-22 14:19:59.5770000,39.022050,-77.127480
1902477,"Wildwood Hills",3542,233,"18S","18S1H1S1Q",1,2019-10-21 21:03:38.9700000,99603,0,517,2026-09-22 14:20:05.4200000,39.019280,-77.149700
1902592,"Bells Mill",3542,233,"18S","18S1H1S1Q",1,2017-12-31 04:36:45.0400000,99069,0,517,2026-09-22 14:20:08.9300000,39.021220,-77.162200
1901784,"Holly Hill",3542,233,"18S","18S1H1S1Q",1,2016-04-01 18:37:53.4300000,103332,0,517,2026-09-22 14:20:12.4900000,39.008170,-77.163590
1901500,"Campbell Corner",3542,233,"18S","18S1H1S1Q",1,2016-05-27 01:24:46.8670000,126470,0,517,2026-09-22 14:20:16.8400000,39.002050,-77.180540
2060638,"Campo Marzio",1377,110,"33T","33T2H4S1Q",3,2015-09-17 12:39:03.7800000,0,0,2681131,2026-09-22 14:21:38.7470000,41.911120,12.474420
2752991,"Zabor'ye",2662,192,"40V","40V2H2S3Q",2,2023-09-03 10:57:06.5970000,0,420297,0,2026-09-22 14:21:43.8000000,58.298770,56.357540
1822520,"Belmont",3567,233,"10S","10S1H5S2Q",1,2026-06-02 19:39:28.3170000,2508875,0,21512,2026-09-22 14:23:15.9370000,37.520210,-122.275800
2521424,"Hollenstein",707,57,"32U","32U1H5S3Q",3,2025-04-18 14:13:44.2330000,0,0,3268,2026-09-22 14:28:39.0630000,52.083330,8.800000
2520595,"Heerse",707,57,"32U","32U1H5S3Q",3,2025-04-18 13:44:21.6930000,0,0,3159,2026-09-22 14:28:50.6530000,52.066670,8.750000
2520593,"Lockhauserheide",707,57,"32U","32U1H5S3Q",3,2025-04-18 12:46:08.3470000,0,0,1909,2026-09-22 14:28:58.5130000,52.066670,8.716670
2164067,"Cadillac",3557,233,"16T","16T1H6S3Q",3,2026-04-20 08:53:31.8070000,15599,0,17728,2026-09-22 14:29:18.6230000,44.251950,-85.401160
2092961,"Golemo Buchino",279,22,"34T","34T2H3S4Q",1,2024-12-28 14:46:28.6170000,125266,0,0,2026-09-22 14:29:36.0030000,42.633330,23.116670
2540121,"Wordsley",979,77,"30U","30U1H5S4Q",2,2026-07-25 19:46:20.9200000,0,66100,0,2026-09-22 14:31:50.0130000,52.466670,-2.166670
2516456,"Lipowka",2451,180,"33U","33U2H3S2Q",3,2026-09-22 14:33:48.8330000,0,0,847,2026-09-22 14:33:48.8330000,51.975480,17.150090
2516645,"Lugi",2451,180,"33U","33U2H3S2Q",3,2026-09-22 14:33:58.3370000,0,0,557,2026-09-22 14:33:58.3370000,51.982190,17.177900
2516534,"Niedzwiady",2451,180,"33U","33U2H3S2Q",3,2026-09-22 14:34:03.9070000,0,0,809,2026-09-22 14:34:03.9070000,51.977810,17.219250
2517873,"Kolacin",2451,180,"33U","33U1H6S4Q",3,2026-09-22 14:34:11.2070000,0,0,1580,2026-09-22 14:34:18.7330000,52.006290,17.265520
2518143,"Chwalkowo Koscielne",2451,180,"33U","33U1H6S4Q",3,2026-09-22 14:34:25.3770000,0,0,788,2026-09-22 14:34:25.3770000,52.015720,17.296570
2519384,"Kruczyn",2451,180,"33U","33U1H6S4Q",3,2026-09-22 14:34:32.9700000,0,0,788,2026-09-22 14:34:32.9700000,52.038010,17.320570
2520039,"Kruczynek",2451,180,"33U","33U1H6S4Q",3,2026-09-22 14:34:48.3030000,0,0,789,2026-09-22 14:34:48.3030000,52.050080,17.325160
1677486,"Keener",3545,233,"17S","17S2H3S2Q",3,2019-03-11 15:24:39.0730000,0,300,1232,2026-09-22 14:35:14.4470000,35.107110,-78.318610
1711991,"Smithwick",3545,233,"18S","18S2H1S1Q",2,2026-09-22 14:36:11.9300000,0,1025,0,2026-09-22 14:36:11.9330000,35.726550,-77.036340
2528066,"Wetter",708,57,"32U","32U1H5S3Q",3,2026-09-22 14:45:01.3430000,0,0,945,2026-09-22 14:45:01.3430000,52.216670,8.400000
2528069,"Auf der Quabbenstrasse",708,57,"32U","32U1H5S3Q",3,2026-09-22 14:45:09.3300000,0,0,947,2026-09-22 14:45:09.3300000,52.216670,8.433330
2528067,"Kottebrink",708,57,"32U","32U1H5S3Q",3,2026-09-22 14:45:14.3100000,0,0,948,2026-09-22 14:45:14.3100000,52.216670,8.416670
1886897,"Waterford Village",3567,233,"10S","10S1H3S3Q",3,2026-09-10 19:51:55.3570000,0,0,2001897,2026-09-22 14:46:31.6970000,38.727120,-121.078830
2221934,"Vancouver",3578,233,"10T","10T1H5S2Q",2,2014-09-25 04:27:57.8900000,0,1235352,0,2026-09-22 14:51:34.8100000,45.638730,-122.661490
2223733,"Lake Shore",3578,233,"10T","10T1H5S2Q",2,2022-07-10 18:56:09.4170000,0,8139,0,2026-09-22 14:52:11.8530000,45.690670,-122.690930
2076312,"South Quabbin Villa",3583,233,"18T","18T2H3S4Q",1,2015-02-24 20:22:20.9600000,500110,0,0,2026-09-22 14:53:59.3530000,42.278980,-72.377860
2513568,"Wettendorf",707,57,"32U","32U2H1S2Q",3,2026-09-22 14:54:07.5370000,0,300,1044,2026-09-22 14:54:07.5370000,51.916670,7.783330
2519376,"Michalow",2451,180,"33U","33U1H6S4Q",3,2026-09-22 14:56:04.8900000,0,0,762,2026-09-22 14:56:04.8900000,52.037810,17.351700
2518739,"Chwalecinek",2451,180,"33U","33U1H6S4Q",3,2026-09-22 14:56:10.9170000,0,0,789,2026-09-22 14:56:10.9170000,52.027370,17.364600
2517591,"Zalesie Huby",2451,180,"33U","33U2H3S2Q",3,2026-09-22 14:56:17.7130000,0,0,789,2026-09-22 14:56:17.7130000,52.000000,17.400000
2516435,"Brzostow",2451,180,"33U","33U2H3S2Q",3,2026-09-22 14:56:25.8130000,0,0,790,2026-09-22 14:56:25.8130000,51.974520,17.404150
2515688,"Roszkow",2451,180,"33U","33U2H3S2Q",3,2026-09-22 14:56:33.1400000,0,0,787,2026-09-22 14:56:33.1400000,51.959500,17.437710
2514710,"Siedlemin",2451,180,"33U","33U2H3S2Q",3,2026-09-22 14:56:40.7200000,0,0,789,2026-09-22 14:56:40.7200000,51.935930,17.461740
2513570,"Alverskirchen",707,57,"32U","32U2H1S2Q",3,2026-09-22 14:56:47.1430000,670,0,1194,2026-09-22 14:56:47.1430000,51.916670,7.816670
2511774,"Walkow",2451,180,"33U","33U2H3S2Q",3,2026-09-22 14:56:48.2200000,0,0,788,2026-09-22 14:56:48.2200000,51.877340,17.484570
2508745,"Grebow",2451,180,"33U","33U2H3S2Q",3,2026-09-22 14:57:00.0330000,0,0,762,2026-09-22 14:57:00.0330000,51.814820,17.512720
2507886,"Trzemeszno",2451,180,"33U","33U2H3S2Q",3,2026-09-22 14:57:16.4700000,0,0,664,2026-09-22 14:57:16.4700000,51.794970,17.515130
2512770,"Holling",707,57,"32U","32U2H1S2Q",3,2026-09-22 14:58:19.8200000,0,0,1039,2026-09-22 14:58:19.8200000,51.900000,7.800000
2117167,"Deerfield",3562,233,"18T","18T2H2S1Q",1,2019-04-26 16:15:49.9970000,191667,900,0,2026-09-22 14:59:21.7330000,43.119510,-75.218780
2042688,"Norwich",3552,233,"18T","18T2H6S2Q",3,2010-01-01 00:00:00.0000000,5288,300,334470,2026-09-22 14:59:35.1500000,41.524260,-72.075910
2553764,"Lanke",713,57,"33U","33U1H4S4Q",2,2025-05-16 06:55:12.6970000,0,1896,362,2026-09-22 15:01:31.2870000,52.760870,13.565280
2281061,"Hodos",2637,190,"34T","34T1H2S2Q",1,2026-09-22 15:01:46.4230000,1717,0,560,2026-09-22 15:01:46.4230000,47.216670,21.983330
2282611,"Mihai Bravu",2637,190,"34T","34T1H2S2Q",1,2026-09-22 15:02:01.8530000,1717,0,560,2026-09-22 15:02:01.8530000,47.250000,21.950000
2231837,"Morin-Heights",459,38,"18T","18T1H5S2Q",1,2026-06-12 02:13:06.5130000,400709,0,0,2026-09-22 15:02:03.4370000,45.900090,-74.249220
2281801,"Niuved",2637,190,"34T","34T1H2S2Q",1,2026-09-22 15:02:08.5230000,1717,0,560,2026-09-22 15:02:08.5230000,47.233330,21.883330
2280269,"Gombostanya",1208,100,"34T","34T1H2S2Q",1,2026-09-22 15:02:30.3970000,1717,0,560,2026-09-22 15:02:30.3970000,47.200000,21.850000
2512771,"Evener",707,57,"32U","32U2H1S2Q",3,2026-09-22 15:02:53.3000000,0,0,1039,2026-09-22 15:02:53.3000000,51.900000,7.816670
2525430,"Miaskowo",2451,180,"33U","33U1H6S4Q",3,2017-05-07 08:43:28.5130000,0,0,315939,2026-09-22 15:03:52.5330000,52.163980,17.379680
1901715,"Bradley Farms",3542,233,"18S","18S1H1S1Q",1,2017-02-21 06:09:15.0670000,119242,0,3314,2026-09-22 15:04:32.5600000,39.006780,-77.190810
1901141,"Fawsett Farms",3542,233,"18S","18S1H1S3Q",1,2016-10-20 09:16:57.9200000,99933,0,517,2026-09-22 15:04:37.3100000,38.997890,-77.221920
2542092,"Purmerend",2269,167,"31U","31U1H6S3Q",1,2020-08-17 05:06:06.7100000,935370,0,0,2026-09-22 15:06:03.4900000,52.505000,4.959720
2400616,"Nova Ves",690,56,"33U","33U2H5S2Q",1,2025-01-14 15:23:08.6070000,380031,0,0,2026-09-22 15:10:29.1300000,49.700000,15.766670
1755204,"Ruffin",3545,233,"17S","17S1H6S3Q",3,2023-08-16 04:36:03.1030000,0,300,326,2026-09-22 15:11:42.2270000,36.447080,-79.543920
2104399,"Sunset Ridge Mobile Home Park",3557,233,"16T","16T2H3S4Q",1,2017-03-11 01:44:49.2700000,3167527,0,0,2026-09-22 15:14:01.6900000,42.869440,-84.936110
2104396,"Portland",3557,233,"16T","16T2H3S4Q",1,2017-03-21 13:05:03.3930000,4134882,0,0,2026-09-22 15:14:05.3000000,42.869200,-84.903050
2102919,"Frost Corners",3557,233,"16T","16T2H3S4Q",1,2017-03-15 22:08:22.0700000,2710649,0,0,2026-09-22 15:14:13.0830000,42.842810,-84.866660
2101194,"Eagle",3557,233,"16T","16T2H3S4Q",1,2017-04-02 12:22:38.6370000,3008651,0,0,2026-09-22 15:14:17.6230000,42.807810,-84.788600
2102098,"Wacousta",3557,233,"16T","16T2H3S4Q",1,2017-05-03 13:14:09.1000000,3052408,0,0,2026-09-22 15:14:26.1200000,42.827810,-84.700820
2103751,"South Riley",3557,233,"16T","16T2H3S4Q",1,2017-10-26 23:21:08.6630000,3095977,0,0,2026-09-22 15:14:31.3300000,42.860030,-84.661380
2106502,"Riley",3557,233,"16T","16T2H3S4Q",1,2017-12-06 05:57:21.9100000,3004673,0,0,2026-09-22 15:14:37.9900000,42.915030,-84.680540
864494,"Ban Wat Bot",3195,218,"47P","47P1H3S3Q",2,2026-03-07 04:06:11.9500000,0,1166969,0,2026-09-22 15:15:41.6430000,14.200000,100.533330
866523,"Ban Bo Ta Lo (3)",3195,218,"47P","47P1H3S3Q",2,2026-06-10 12:34:45.8330000,0,925887,0,2026-09-22 15:15:42.0670000,14.250000,100.700000
853481,"Ban Khlong Sip Si",3213,218,"47P","47P1H6S1Q",2,2026-04-26 14:46:48.1130000,0,912191,0,2026-09-22 15:15:42.6100000,13.981360,100.914500
853212,"Ban Pak Khlong Sip Hok",3213,218,"47P","47P1H6S1Q",2,2026-04-27 09:37:10.3900000,0,1145086,0,2026-09-22 15:15:43.1870000,13.973780,100.959810
864499,"Ban Lam Sai",3195,218,"47P","47P1H3S3Q",1,2026-08-15 05:29:32.0170000,424139,0,0,2026-09-22 15:16:18.0800000,14.200000,100.650000
853083,"Ban Khlong Sip Et Hok Wa",3203,218,"47P","47P1H6S1Q",1,2026-02-14 13:42:43.3970000,562658,0,0,2026-09-22 15:16:18.8600000,13.970170,100.843170
854278,"Ban Khlong Soi Thi Sip Et",3203,218,"47P","47P1H6S1Q",1,2026-03-24 09:08:06.3730000,488441,0,0,2026-09-22 15:16:19.4600000,13.994560,100.843360
1726270,"Clevenger",3548,233,"17S","17S2H1S1Q",3,2024-07-13 19:48:55.6030000,0,300,639,2026-09-22 15:16:52.3570000,35.968980,-83.263770
2798738,"Laukola",929,70,"34V","34V1H6S3Q",1,2026-09-22 15:23:01.2630000,8816,0,0,2026-09-22 15:23:01.2630000,60.600000,22.300000
2511995,"Elmenhorst",707,57,"32U","32U2H1S2Q",3,2026-09-22 15:23:14.5300000,0,0,1661,2026-09-22 15:23:14.5300000,51.883330,7.816670
1748653,"Locust Mount",3548,233,"17S","17S1H4S4Q",1,,4127,359,300,2026-09-22 15:24:32.0500000,36.340380,-82.576260
1749055,"Pleasant Valley",3548,233,"17S","17S1H4S4Q",2,2026-09-22 15:24:55.1830000,0,1061,300,2026-09-22 15:24:55.1830000,36.348160,-82.515980
2519600,"Altenhagen",707,57,"32U","32U1H5S3Q",3,2025-04-18 13:15:06.1930000,0,0,3163,2026-09-22 15:25:35.9000000,52.046050,8.645380
2519605,"Kusenbaum",707,57,"32U","32U1H5S3Q",3,2025-04-18 13:24:33.3500000,0,0,3159,2026-09-22 15:25:40.9600000,52.046160,8.661350
2798737,"Hyrkoinen",929,70,"34V","34V1H6S3Q",1,2014-07-01 07:43:28.0500000,14865,0,0,2026-09-22 15:25:53.7170000,60.600000,22.287220
1750187,"Hartmantown",3548,233,"17S","17S1H4S4Q",1,,2421,780,0,2026-09-22 15:25:59.0170000,36.365940,-82.569040
2799203,"Silvola",929,70,"34V","34V1H6S3Q",1,2026-09-22 15:26:04.4030000,2220,0,0,2026-09-22 15:26:04.4030000,60.633330,22.283330
2797204,"Petterinpelto",929,70,"34V","34V1H6S3Q",1,2014-09-09 20:02:36.5970000,69790,0,0,2026-09-22 15:26:21.2130000,60.494520,22.174620
2797136,"Raisio",929,70,"34V","34V1H6S3Q",1,2013-09-30 15:55:22.8100000,114337,0,0,2026-09-22 15:26:33.4100000,60.485920,22.168950
2796896,"Jaramaki",929,70,"34V","34V1H6S3Q",1,2013-10-01 06:10:33.2130000,59163,0,0,2026-09-22 15:26:43.9030000,60.477500,22.140560
2796924,"Tahvio",929,70,"34V","34V1H6S3Q",1,2013-08-21 09:34:46.2270000,36349,0,0,2026-09-22 15:26:52.9200000,60.481670,22.130830
1996581,"Cobble Hill",3562,233,"18T","18T2H6S3Q",3,2013-07-22 01:42:10.1100000,2700,0,692743,2026-09-22 15:26:58.6000000,40.687500,-73.998060
2517711,"Panienka",2451,180,"33U","33U1H6S4Q",3,2026-09-22 15:26:59.2330000,0,0,1250,2026-09-22 15:26:59.2330000,52.000670,17.361040
2796539,"Kaanaa",929,70,"34V","34V1H6S3Q",1,2017-10-22 07:36:37.8500000,23160,0,0,2026-09-22 15:26:59.8530000,60.461110,22.094720
2796072,"Ruissalo",929,70,"34V","34V1H6S3Q",1,2013-10-12 18:29:41.7130000,568298,0,0,2026-09-22 15:27:06.7070000,60.433330,22.100000
2516505,"Gora",2451,180,"33U","33U2H3S2Q",3,2026-09-22 15:27:13.2100000,0,0,1250,2026-09-22 15:27:13.2100000,51.977060,17.367500
2517270,"Zalesie",2451,180,"33U","33U2H3S2Q",3,2026-09-22 15:27:19.6670000,0,0,1139,2026-09-22 15:27:19.6670000,51.992280,17.381830
2515495,"Parzeczew",2451,180,"33U","33U2H3S2Q",3,2026-09-22 15:27:27.1730000,0,0,793,2026-09-22 15:27:27.1730000,51.952310,17.373160
2514233,"Noskow",2451,180,"33U","33U2H3S2Q",3,2026-09-22 15:27:32.1900000,0,0,800,2026-09-22 15:27:32.1900000,51.931950,17.397810
2513290,"Potarzyca",2451,180,"33U","33U2H3S2Q",3,2026-09-22 15:27:43.3470000,0,0,1250,2026-09-22 15:27:43.3470000,51.909060,17.420990
2512380,"Stara Obra",2451,180,"33U","33U2H3S2Q",3,2026-09-22 15:27:50.5230000,0,0,2500,2026-09-22 15:27:54.9270000,51.888150,17.457280
1799306,"Sierra Vista",3567,233,"10S","10S1H6S2Q",3,2026-09-22 15:32:37.4530000,0,0,1058,2026-09-22 15:32:37.4530000,37.151330,-120.286290
1798454,"Minturn",3567,233,"10S","10S1H6S2Q",3,2026-09-22 15:32:43.7270000,0,0,1058,2026-09-22 15:32:43.7270000,37.139670,-120.274340
1797310,"Chowchilla",3567,233,"10S","10S1H6S2Q",3,2026-09-22 15:32:47.7500000,0,0,1057,2026-09-22 15:32:47.7500000,37.123000,-120.260180
1823096,"Redwood Shores",3567,233,"10S","10S1H5S2Q",1,2025-01-09 22:39:58.7830000,3290178,0,1551,2026-09-22 15:33:16.8900000,37.531880,-122.248020
1835705,"Brookshire",3567,233,"10S","10S1H5S2Q",2,2024-01-17 08:05:04.0100000,0,3020981,1034,2026-09-22 15:33:42.9400000,37.759090,-122.028290
1836761,"San Ramon",3567,233,"10S","10S1H6S1Q",2,2023-10-17 16:10:40.4730000,0,3010156,1034,2026-09-22 15:33:47.7200000,37.779930,-121.978020
1839173,"Danville",3567,233,"10S","10S1H6S1Q",2,2023-12-01 01:25:29.6600000,0,3060195,1034,2026-09-22 15:33:52.7500000,37.821590,-121.999960
1982284,"Indian Heights",3555,233,"16T","16T2H5S4Q",3,2025-04-12 22:38:20.4830000,0,0,473348,2026-09-22 15:34:09.7030000,40.427260,-86.125550
2524834,"Wulfersdorf",713,57,"33U","33U1H5S3Q",3,2026-09-18 20:49:12.0070000,0,0,10816,2026-09-22 15:35:06.3730000,52.150000,14.116670
2340310,"Le Petit Frenneville",955,75,"31U","31U2H5S3Q",2,2026-09-22 15:36:06.9570000,0,3340,300,2026-09-22 15:36:09.2100000,48.400000,2.300000
2519484,"Sudheide",707,57,"32U","32U1H5S3Q",3,2025-04-18 13:24:38.6670000,0,0,3159,2026-09-22 15:36:09.4630000,52.041930,8.670960
2519000,"Lubrassen",707,57,"32U","32U1H5S3Q",3,2025-04-18 17:20:35.6600000,0,0,3163,2026-09-22 15:36:18.4770000,52.033330,8.616670
2339440,"Valpuiseaux",955,75,"31U","31U2H5S3Q",2,2026-09-22 15:36:18.2430000,0,2240,430,2026-09-22 15:36:19.2500000,48.383330,2.316670
1408359,"Blowout",3549,233,"14R","14R1H2S4Q",1,2026-09-22 15:37:16.9970000,1085,0,0,2026-09-22 15:37:16.9970000,30.447140,-98.577530
1410128,"Cherry Spring",3549,233,"14R","14R1H2S3Q",1,2026-09-22 15:37:28.2830000,1048,0,0,2026-09-22 15:37:28.2830000,30.483250,-99.009220
1406032,"Hilltop",3549,233,"14R","14R1H2S4Q",1,2026-09-22 15:37:35.0630000,436,0,0,2026-09-22 15:37:35.0630000,30.397700,-98.968660
1408202,"Crabapple",3549,233,"14R","14R1H2S4Q",1,2026-09-22 15:37:43.1200000,1063,0,0,2026-09-22 15:37:43.1200000,30.442970,-98.837540
1406826,"Eckert",3549,233,"14R","14R1H2S4Q",1,2026-09-22 15:37:51.1470000,1063,0,0,2026-09-22 15:37:51.1470000,30.414360,-98.736700
1406296,"Willow City",3549,233,"14R","14R1H2S4Q",1,2026-09-22 15:38:00.0730000,1062,0,0,2026-09-22 15:38:00.0730000,30.400750,-98.701420
2223717,"Lakeshore",3578,233,"10T","10T1H5S2Q",2,2022-07-10 18:45:51.3000000,0,18045,0,2026-09-22 15:38:15.9230000,45.690120,-122.695650
2489353,"Genooi",2271,167,"32U","32U2H1S1Q",1,2015-04-15 19:28:57.2700000,480851,183969,0,2026-09-22 15:38:55.8000000,51.393330,6.165280
2542943,"Berlin",714,57,"33U","33U1H4S4Q",2,2014-08-22 01:39:56.5500000,0,42610328,0,2026-09-22 15:42:45.1370000,52.524370,13.410530
2111104,"Fowler",3557,233,"16T","16T2H3S2Q",1,2017-03-27 03:28:23.6500000,3005954,0,0,2026-09-22 15:46:29.6600000,43.001700,-84.739720
2107281,"Westphalia",3557,233,"16T","16T2H3S4Q",1,2017-03-29 19:49:17.3500000,3013802,0,0,2026-09-22 15:46:35.4930000,42.929480,-84.798600
2111093,"Pewamo",3557,233,"16T","16T2H3S2Q",1,2017-04-23 05:22:43.3830000,3071152,0,0,2026-09-22 15:46:41.3300000,43.001140,-84.846940
2114560,"Matherton",3557,233,"16T","16T2H3S2Q",1,2017-04-30 02:58:59.7500000,3012950,0,0,2026-09-22 15:46:52.8600000,43.068370,-84.836940
2519848,"Lynow",713,57,"33U","33U1H4S4Q",2,2026-09-22 15:47:24.2630000,0,2264,0,2026-09-22 15:47:28.6570000,52.050000,13.383330
2182827,"Reggio nell'Emilia",1379,110,"32T","32T1H6S3Q",1,2022-02-01 05:46:09.4630000,3109231,0,0,2026-09-22 15:49:04.8500000,44.698250,10.631250
2088720,"Avon",3566,233,"16T","16T2H1S3Q",2,2026-09-22 15:51:47.6000000,0,870,0,2026-09-22 15:51:47.6000000,42.543340,-89.331500
2087929,"Oakley",3566,233,"16T","16T2H1S3Q",2,2026-09-22 15:51:54.0930000,0,1193,0,2026-09-22 15:51:54.0930000,42.526960,-89.467890
2090977,"Juda",3566,233,"16T","16T2H1S3Q",2,2026-09-22 15:51:58.3830000,0,1058,0,2026-09-22 15:51:58.3830000,42.589730,-89.505950
2092312,"Brodhead",3566,233,"16T","16T2H1S3Q",2,2026-09-22 15:52:03.5630000,0,808,0,2026-09-22 15:52:03.5630000,42.618340,-89.376230
2096367,"Albany",3566,233,"16T","16T2H1S3Q",2,2026-09-22 15:52:07.9800000,0,893,0,2026-09-22 15:52:07.9800000,42.707780,-89.437060
2501721,"Fokkershoek",2270,167,"31U","31U2H3S2Q",3,2019-03-25 14:43:00.5270000,0,0,3079198,2026-09-22 15:52:29.4000000,51.658330,5.451390
2063973,"Daysville",3554,233,"16T","16T2H4S1Q",2,2026-09-22 15:52:31.7100000,0,1055,0,2026-09-22 15:52:31.7100000,41.984470,-89.318440
2063993,"Watertown",3554,233,"16T","16T2H4S1Q",2,2026-09-22 15:52:39.4500000,0,1055,0,2026-09-22 15:52:39.4500000,41.985310,-89.294550
2061090,"Carthage",3554,233,"16T","16T2H4S1Q",2,2026-09-22 15:52:43.6730000,0,1052,0,2026-09-22 15:52:43.6730000,41.918920,-89.313710
2060639,"Lost Nation",3554,233,"16T","16T2H4S1Q",2,2026-09-22 15:52:47.6030000,0,1052,0,2026-09-22 15:52:47.6030000,41.911140,-89.366770
2579021,"Tornovoye",2658,192,"39U","39U1H4S2Q",3,2026-06-09 01:55:38.7370000,0,0,15873,2026-09-22 15:54:44.5970000,53.275460,49.953430
2583054,"Gavrilova Polyana",2658,192,"39U","39U1H5S1Q",3,2026-06-09 03:29:29.8270000,0,0,37209,2026-09-22 15:54:52.4100000,53.361810,50.121270
2218601,"Saint-Bruno-de-Montarville",459,38,"18T","18T1H6S1Q",1,2026-09-09 12:50:16.7730000,140149,0,0,2026-09-22 15:54:57.8800000,45.533410,-73.349160
2569087,"Novolopatinskiy",2658,192,"39U","39U1H5S1Q",3,2023-03-04 07:37:02.6800000,0,0,44765,2026-09-22 15:55:00.4700000,53.073470,50.260270
2529021,"Beelitz",713,57,"33U","33U1H4S3Q",2,2026-09-22 15:55:00.3600000,0,3611,0,2026-09-22 15:55:05.5800000,52.233330,12.966670
2563855,"Pol'skiy Truzhenik",2658,192,"39U","39U1H5S3Q",3,2023-09-07 17:59:08.7500000,0,0,25788,2026-09-22 15:55:05.6300000,52.966670,50.133330
2565231,"Semenovskiy",2658,192,"39U","39U1H4S4Q",3,2023-02-28 17:07:05.2330000,0,0,31408,2026-09-22 15:55:12.5630000,52.998700,49.879200
2563854,"Chekhi",2658,192,"39U","39U1H4S4Q",3,2023-06-01 08:16:33.5700000,0,0,30026,2026-09-22 15:55:17.2170000,52.966670,49.850000
2531339,"Fichtenwalde",713,57,"33U","33U1H4S3Q",2,2026-09-22 15:55:19.9030000,0,779,0,2026-09-22 15:55:19.9030000,52.280380,12.883490
2198546,"Saint-Seurin-sur-l'Isle",965,75,"31T","31T1H4S1Q",3,2026-09-12 09:25:50.8230000,0,0,48586,2026-09-22 15:56:25.2900000,45.016670,0.000000
2518881,"Heepen",707,57,"32U","32U1H5S3Q",3,2025-04-18 17:20:44.1700000,0,0,3163,2026-09-22 15:57:12.8870000,52.032380,8.605130
2518246,"Russheide",707,57,"32U","32U1H5S3Q",3,2023-10-03 09:34:00.9500000,0,0,24706,2026-09-22 15:57:17.3030000,52.016670,8.566670
2518248,"Oldentrup",707,57,"32U","32U1H5S3Q",3,2025-04-18 17:23:10.4600000,0,0,3052,2026-09-22 15:57:29.6030000,52.016670,8.616670
2518247,"Heeperholz",707,57,"32U","32U1H5S3Q",3,2025-04-18 17:20:48.4600000,0,0,3163,2026-09-22 15:57:33.5700000,52.016670,8.600000
2518668,"Eckendorf-Schwabedissen",707,57,"32U","32U1H5S3Q",3,2025-04-18 17:20:29.6400000,0,0,3052,2026-09-22 15:57:37.8330000,52.024820,8.648640
2795749,"Kuuva",929,70,"34V","34V1H6S3Q",1,2013-10-12 18:12:55.1100000,536496,0,0,2026-09-22 15:57:41.0730000,60.416670,22.133330
2518067,"Bronninghausen",707,57,"32U","32U1H5S3Q",3,2025-04-18 17:29:34.9400000,0,0,1913,2026-09-22 15:57:41.4270000,52.012990,8.635430
2795594,"Maanpaa",929,70,"34V","34V1H6S3Q",1,2013-10-12 16:58:13.9470000,266579,0,0,2026-09-22 15:57:47.6500000,60.408300,22.160280
2795334,"Kulkkilanranta",929,70,"34V","34V1H6S3Q",1,2013-07-29 16:23:45.3600000,97269,0,0,2026-09-22 15:57:52.5930000,60.391940,22.169440
2795065,"Uusikyla",929,70,"34V","34V1H6S3Q",1,2013-07-24 21:45:48.5270000,80616,0,0,2026-09-22 15:58:05.7670000,60.377220,22.199720
2795084,"Pohjaniitty",929,70,"34V","34V1H6S3Q",1,2013-07-24 21:47:42.1130000,38272,0,0,2026-09-22 15:58:18.4070000,60.380000,22.216390
2795558,"Happila",929,70,"34V","34V1H6S3Q",1,2013-08-15 06:31:26.1470000,33344,0,0,2026-09-22 15:58:37.8970000,60.403060,22.190000
12693,"Homebush",143,13,"56H","56H1H1S4Q",3,2017-03-25 08:38:08.2500000,0,817,1000332,2026-09-22 15:58:42.1030000,-33.866670,151.083330
2796366,"Pansio",929,70,"34V","34V1H6S3Q",1,2013-09-24 17:50:59.6730000,137724,0,0,2026-09-22 15:58:56.0300000,60.450000,22.150000
2795958,"Kakola",929,70,"34V","34V1H6S3Q",1,2017-10-22 07:36:16.9000000,84855,0,0,2026-09-22 15:59:34.3200000,60.431480,22.053420
2795965,"Miekkula",929,70,"34V","34V1H6S3Q",1,2013-07-24 11:19:44.0930000,13434,0,0,2026-09-22 15:59:40.0830000,60.432780,22.036670
12562,"Liverpool",143,13,"56H","56H1H1S3Q",3,2019-07-20 23:05:52.0500000,0,300,1004290,2026-09-22 16:00:03.1200000,-33.900000,150.933330
2291159,"Homokdulo",1217,100,"34T","34T1H1S2Q",3,2026-09-09 03:02:55.6000000,0,0,10362,2026-09-22 16:00:29.1600000,47.416670,19.750000
9764,"Adelaide",138,13,"54H","54H1H4S1Q",2,2013-09-23 01:25:34.3330000,0,106918466,0,2026-09-22 16:01:10.1330000,-34.933330,138.600000
2543181,"Wombourn",979,77,"30U","30U1H5S4Q",2,2026-07-25 18:22:49.5200000,0,62600,0,2026-09-22 16:01:14.0930000,52.533330,-2.183330
1585778,"Sincuidados",3572,233,"12S","12S2H5S1Q",1,2025-12-16 21:05:37.8130000,1977,1603,1562,2026-09-22 16:01:33.8800000,33.756150,-111.900420
10255,"Saint Kilda",138,13,"54H","54H1H4S1Q",2,2023-11-03 10:19:09.4370000,0,1083325,0,2026-09-22 16:01:34.9800000,-34.733330,138.533330
1583294,"Troon",3572,233,"12S","12S2H5S1Q",2,2025-08-20 22:52:18.2230000,0,1550393,362,2026-09-22 16:01:47.2500000,33.714760,-111.853480
1582057,"Pinnacle Peak Heights V-VI",3572,233,"12S","12S2H5S1Q",2,2025-11-22 01:54:15.5100000,0,2085868,362,2026-09-22 16:01:56.9970000,33.691710,-111.864590
1574470,"Andalusia",3572,233,"12S","12S2H5S1Q",3,2025-04-29 17:51:28.9130000,0,0,90874,2026-09-22 16:02:06.3800000,33.569490,-111.870140
2261667,"Willigen",523,43,"32T","32T1H2S3Q",1,2026-09-22 16:02:12.3330000,864,0,0,2026-09-22 16:02:12.3330000,46.733330,8.183330
2262286,"Hohfluh",523,43,"32T","32T1H2S3Q",1,2026-09-22 16:02:17.7900000,807,0,0,2026-09-22 16:02:17.7900000,46.750000,8.183330
2262945,"Vorder Stafel",523,43,"32T","32T1H2S3Q",1,2026-09-22 16:02:21.4800000,878,0,0,2026-09-22 16:02:21.4800000,46.766670,8.183330
2261666,"Hausen",523,43,"32T","32T1H2S3Q",1,2026-09-22 16:02:25.2630000,753,0,0,2026-09-22 16:02:25.2630000,46.733330,8.166670
1578401,"McDowell Mountain Ranch",3572,233,"12S","12S2H5S1Q",1,2014-03-20 02:21:41.3700000,68164,7224,1086,2026-09-22 16:02:27.4900000,33.632820,-111.848200
2261022,"Ober Stafel",523,43,"32T","32T1H2S3Q",1,2026-09-22 16:02:29.3230000,788,0,0,2026-09-22 16:02:29.3230000,46.716670,8.150000
2261023,"Rohrmatten",523,43,"32T","32T1H2S3Q",1,2026-09-22 16:02:34.2330000,811,0,0,2026-09-22 16:02:34.2330000,46.716670,8.200000
2261594,"Reuti",523,43,"32T","32T1H2S3Q",1,2026-09-22 16:02:38.9800000,753,0,0,2026-09-22 16:02:38.9800000,46.731950,8.210690
2261669,"Genthalhutten",523,43,"32T","32T1H2S3Q",1,2026-09-22 16:02:46.0630000,845,0,0,2026-09-22 16:02:46.0630000,46.733330,8.283330
2510897,"Nowa Obra",2451,180,"33U","33U2H3S2Q",3,2026-09-22 16:04:41.3830000,0,0,1250,2026-09-22 16:04:41.3830000,51.857940,17.455900
2004247,"Maello",908,68,"30T","30T2H4S4Q",3,2021-11-02 11:01:12.4800000,0,0,173631,2026-09-22 16:04:55.1400000,40.816670,-4.500000
2508601,"Lipowiec",2451,180,"33U","33U2H3S2Q",3,2026-09-22 16:04:59.8270000,0,0,787,2026-09-22 16:04:59.8270000,51.808610,17.461910
2507226,"Rozdrazew",2451,180,"33U","33U2H3S2Q",3,2026-09-22 16:05:04.9930000,0,0,762,2026-09-22 16:05:04.9930000,51.782180,17.504910
2506106,"Dabrowa Krotoszynska",2451,180,"33U","33U2H3S2Q",3,2026-09-22 16:05:12.2070000,0,0,666,2026-09-22 16:05:12.2070000,51.750820,17.513610
2502410,"Smoszew",2451,180,"33U","33U2H3S2Q",3,2026-09-22 16:05:19.1430000,0,0,787,2026-09-22 16:05:19.1430000,51.670810,17.496740
2504044,"Tomnice",2451,180,"33U","33U2H3S2Q",3,2026-09-22 16:05:46.3700000,0,0,783,2026-09-22 16:05:46.3700000,51.709620,17.494720
2504600,"Kobierno",2451,180,"33U","33U2H3S2Q",3,2026-09-22 16:05:56.5270000,0,0,783,2026-09-22 16:05:56.5270000,51.718700,17.484040
2504041,"Durzyn",2451,180,"33U","33U2H3S2Q",3,2026-09-22 16:06:02.5670000,0,0,762,2026-09-22 16:06:02.5670000,51.709530,17.478050
2527311,"Bugk",713,57,"33U","33U1H4S4Q",3,2026-09-22 16:07:12.4200000,0,0,940,2026-09-22 16:07:12.4200000,52.200000,13.916670
1839128,"Rogersville",3582,233,"16S","16S1H6S1Q",1,2026-09-22 16:08:02.2570000,1080,0,0,2026-09-22 16:08:02.2570000,37.820340,-85.928850
1842574,"Prichard Place",3582,233,"16S","16S1H6S1Q",1,2026-09-22 16:08:12.0030000,1081,0,0,2026-09-22 16:08:12.0030000,37.884510,-85.971630
1840165,"Radcliff",3582,233,"16S","16S1H6S1Q",1,2026-09-22 16:08:16.9900000,1080,0,0,2026-09-22 16:08:16.9900000,37.840350,-85.949130
1850022,"Stites",3582,233,"16S","16S1H3S3Q",1,2026-09-22 16:08:42.8230000,444,0,0,2026-09-22 16:08:42.8230000,38.016740,-85.904690
1843011,"Rose Terrace",3582,233,"16S","16S1H6S1Q",1,2026-09-22 16:08:49.1700000,1081,0,0,2026-09-22 16:08:49.1700000,37.895070,-85.977190
1859061,"Saint Dennis",3582,233,"16S","16S1H3S3Q",1,2026-09-22 16:08:56.1370000,575,0,0,2026-09-22 16:08:56.1370000,38.188400,-85.845800
1844376,"Pitts Point",3582,233,"16S","16S1H6S1Q",1,2026-09-22 16:09:02.5900000,552,0,0,2026-09-22 16:09:02.5900000,37.916730,-85.826070
2304472,"Hausern",715,57,"32T","32T1H3S1Q",3,2014-09-03 02:38:36.9670000,0,0,21150,2026-09-22 16:09:44.1430000,47.700000,10.533330
2518301,"Kloster Zinna",713,57,"33U","33U1H4S4Q",2,2025-06-24 21:27:18.7000000,0,25410,0,2026-09-22 16:10:42.9330000,52.016670,13.100000
2503997,"Osusz",2451,180,"33U","33U2H3S2Q",3,2026-09-22 15:58:25.9600000,0,0,1930,2026-09-22 16:11:29.2400000,51.707680,17.419850
2552191,"Lobetal",713,57,"33U","33U1H4S4Q",2,2026-09-22 16:11:38.4130000,0,1858,0,2026-09-22 16:11:38.4130000,52.727920,13.592060
2552786,"Heckelberg",713,57,"33U","33U1H4S4Q",2,2026-09-22 16:11:46.6400000,0,1926,0,2026-09-22 16:11:48.7800000,52.737640,13.838050
2533998,"Fichtenwall",713,57,"33U","33U1H4S4Q",2,2026-09-22 16:11:59.5500000,0,864,0,2026-09-22 16:11:59.5500000,52.333330,13.900000
2411003,"Prussberg",715,57,"32U","32U2H6S1Q",3,2019-08-10 17:21:41.0200000,0,0,2974268,2026-09-22 16:12:52.1100000,49.916670,10.450000
2515949,"Ummeln",707,57,"32U","32U2H2S1Q",3,2026-04-20 11:41:49.7130000,0,0,3198,2026-09-22 16:13:05.7970000,51.966670,8.450000
2515183,"Isselhorst",707,57,"32U","32U2H2S1Q",3,2026-03-22 06:44:31.6970000,0,0,2664,2026-09-22 16:13:12.7870000,51.950000,8.416670
2514354,"Friedrichsdorf",707,57,"32U","32U2H2S1Q",3,2026-04-20 11:16:00.7200000,0,0,3499,2026-09-22 16:13:23.6830000,51.933330,8.483330
2515184,"Senne Eins",707,57,"32U","32U2H2S1Q",3,2026-04-20 11:27:45.2800000,0,0,2249,2026-09-22 16:13:27.8430000,51.950000,8.516670
2515185,"Windelsbleiche",707,57,"32U","32U2H2S1Q",3,2026-04-20 11:41:41.2730000,0,0,2249,2026-09-22 16:13:34.4430000,51.950000,8.533330
1596986,"Wranglers Roost",3572,233,"12S","12S2H4S2Q",2,2025-05-17 05:16:24.5330000,0,1275327,362,2026-09-22 16:13:50.4070000,33.924200,-112.113210
1603492,"Gillette",3572,233,"12S","12S2H1S4Q",2,2025-02-16 19:22:52.2870000,0,2277167,362,2026-09-22 16:14:01.1930000,34.018920,-112.163490
2461893,"Op de Bies",2271,167,"31U","31U2H3S4Q",1,2026-09-22 16:14:10.2270000,864,0,0,2026-09-22 16:14:10.2270000,50.915000,5.829170
2461640,"Schimmert",2271,167,"31U","31U2H3S4Q",1,2026-09-22 16:14:18.2600000,981,0,0,2026-09-22 16:14:18.2600000,50.906670,5.823610
1607033,"Black Canyon City",3572,233,"12S","12S2H1S4Q",2,2020-11-29 02:15:56.6470000,0,350334,362,2026-09-22 16:14:22.2400000,34.070870,-112.150710
2462703,"Kelmond",2271,167,"31U","31U2H3S4Q",1,2026-09-22 16:14:23.5000000,850,0,0,2026-09-22 16:14:23.5000000,50.924170,5.802780
1615497,"Bumble Bee",3572,233,"12S","12S2H1S4Q",2,2026-01-19 02:16:42.9630000,0,21302,362,2026-09-22 16:14:31.5530000,34.200860,-112.152940
1620914,"Cleator",3572,233,"12S","12S2H1S4Q",3,2026-09-22 16:14:46.0500000,300,300,1330,2026-09-22 16:14:46.0500000,34.278640,-112.232940
2446552,"Bressoux",255,20,"31U","31U2H3S4Q",1,2026-09-21 22:57:07.4130000,101326,0,0,2026-09-22 16:14:52.9670000,50.642870,5.609310
1876969,"Polk",3567,233,"10S","10S1H3S3Q",3,2026-04-29 01:28:54.6570000,0,0,3000580,2026-09-22 16:16:09.5770000,38.532130,-121.408840
1877762,"Rosemont",3567,233,"10S","10S1H3S3Q",3,2026-05-13 01:41:47.3200000,0,0,3001203,2026-09-22 16:16:20.0000000,38.547740,-121.355120
2083254,"Albrights",3562,233,"18T","18T2H3S3Q",1,2015-09-25 10:46:30.6530000,69668,0,0,2026-09-22 16:16:45.6130000,42.426390,-73.816110
2091177,"Bela Voda",279,22,"34T","34T2H3S3Q",1,2025-11-08 05:12:19.9200000,54298,0,0,2026-09-22 16:17:50.5770000,42.595560,22.981390
2514432,"Burglehn",713,57,"33U","33U2H2S1Q",3,2026-09-18 13:23:50.8700000,0,0,9419,2026-09-22 16:18:34.1970000,51.933330,14.016670
2218169,"Portland",3576,233,"10T","10T1H5S2Q",2,2015-11-11 20:53:15.2030000,0,12416287,0,2026-09-22 16:19:46.3270000,45.523450,-122.676210
2218268,"Kings Heights",3576,233,"10T","10T1H5S2Q",2,2018-03-13 16:25:04.0030000,0,2303042,0,2026-09-22 16:19:58.6170000,45.529280,-122.707870
2218633,"Willamette Heights",3576,233,"10T","10T1H5S2Q",2,2013-08-03 18:58:23.2500000,0,2055273,0,2026-09-22 16:20:06.0070000,45.535120,-122.717600
2098104,"Monticello",3566,233,"16T","16T2H1S3Q",2,2026-09-22 16:20:11.4170000,0,2421,0,2026-09-22 16:20:12.8430000,42.745560,-89.594840
2218319,"Barnes Heights",3576,233,"10T","10T1H5S2Q",2,2010-01-01 00:00:00.0000000,0,1807212,0,2026-09-22 16:20:15.7430000,45.532340,-122.753990
2218791,"Bonny Slope",3576,233,"10T","10T1H5S2Q",2,2013-08-10 11:06:43.0900000,0,6439004,0,2026-09-22 16:20:22.2300000,45.545670,-122.783150
2218632,"Cedar Mill",3576,233,"10T","10T1H5S2Q",2,2013-06-19 15:42:07.8700000,0,1634698,0,2026-09-22 16:20:36.1100000,45.535010,-122.801860
2218193,"Cedar Mill",3576,233,"10T","10T1H5S2Q",2,2013-06-26 18:23:28.6370000,0,1422507,0,2026-09-22 16:20:46.2000000,45.524840,-122.810930
2088682,"Newark",3566,233,"16T","16T2H1S3Q",2,2026-09-22 16:20:50.9130000,0,958,0,2026-09-22 16:20:50.9130000,42.542230,-89.227610
2092608,"Orfordville",3566,233,"16T","16T2H1S3Q",2,2026-09-22 16:20:58.2470000,0,956,0,2026-09-22 16:20:58.2470000,42.627510,-89.253170
2094077,"Spring Valley",3566,233,"16T","16T2H1S3Q",2,2026-09-22 16:21:02.7700000,0,765,0,2026-09-22 16:21:02.7700000,42.658340,-89.308450
2096652,"Magnolia",3566,233,"16T","16T2H1S3Q",2,2026-09-22 16:21:08.3000000,0,854,0,2026-09-22 16:21:08.3000000,42.715840,-89.288730
2096441,"Cainville",3566,233,"16T","16T2H1S3Q",2,2026-09-22 16:21:13.4730000,0,1839,0,2026-09-22 16:21:15.3030000,42.709730,-89.252060
2094678,"Footville",3566,233,"16T","16T2H1S3Q",2,2026-09-22 16:21:20.1600000,0,913,0,2026-09-22 16:21:20.1600000,42.670840,-89.209000
2516374,"Jarocin",2451,180,"33U","33U2H3S2Q",3,2025-07-30 21:21:59.5700000,0,0,11144,2026-09-22 16:22:57.8130000,51.972660,17.502560
2480437,"Besse",710,57,"32U","32U2H2S2Q",1,2017-01-31 20:22:05.3030000,292881,11700,0,2026-09-22 16:24:00.3400000,51.216670,9.383330
2503455,"Krotoszyn",2451,180,"33U","33U2H3S2Q",3,2026-09-22 16:24:41.6530000,0,0,1250,2026-09-22 16:24:41.6530000,51.698680,17.437380
2504097,"Krotoszyn Stary",2451,180,"33U","33U2H3S2Q",3,2026-09-22 16:24:55.6970000,0,0,788,2026-09-22 16:24:55.6970000,51.712090,17.435270
2504689,"Nowy Folwark",2451,180,"33U","33U2H3S2Q",3,2026-09-22 16:25:09.5630000,0,0,788,2026-09-22 16:25:09.5630000,51.722230,17.452820
2505519,"Brzoza",2451,180,"33U","33U2H3S2Q",3,2026-09-22 16:25:16.1600000,0,0,762,2026-09-22 16:25:16.1600000,51.741880,17.468250
2506133,"Henrykow",2451,180,"33U","33U2H3S2Q",3,2026-09-22 16:25:21.9530000,0,0,788,2026-09-22 16:25:21.9530000,51.751760,17.480770
2506334,"Dzielice",2451,180,"33U","33U2H3S2Q",3,2026-09-22 16:25:47.1730000,0,0,789,2026-09-22 16:25:47.1730000,51.760050,17.458730
2507135,"Debowiec",2451,180,"33U","33U2H3S2Q",3,2026-09-22 16:25:53.4500000,0,0,788,2026-09-22 16:25:53.4500000,51.778130,17.463230
2507942,"Czarny Sad",2451,180,"33U","33U2H3S2Q",3,2026-09-22 16:26:00.1170000,0,0,762,2026-09-22 16:26:00.1170000,51.796730,17.450920
2506424,"Wolenice",2451,180,"33U","33U2H3S2Q",3,2026-09-22 16:26:10.6400000,0,0,788,2026-09-22 16:26:10.6400000,51.763670,17.440030
2518823,"Nienhagen",707,57,"32U","32U1H5S3Q",3,2025-04-18 17:20:22.5200000,0,0,3159,2026-09-22 16:27:08.4070000,52.030320,8.672250
2519386,"Bexterhagen",707,57,"32U","32U1H5S3Q",3,2025-04-18 13:35:19.2130000,0,0,3159,2026-09-22 16:27:14.8270000,52.038030,8.695160
2519499,"Wulferheide",707,57,"32U","32U1H5S3Q",3,2025-04-18 13:35:14.6970000,0,0,1909,2026-09-22 16:27:19.6300000,52.042570,8.715420
2514433,"Wusswerk",713,57,"33U","33U2H2S1Q",3,2026-09-18 13:24:08.3730000,0,0,10694,2026-09-22 16:30:49.9030000,51.933330,14.050000
2102074,"Dayton",3566,233,"16T","16T2H1S3Q",2,2026-09-22 16:30:59.0000000,0,1192,0,2026-09-22 16:30:59.0030000,42.826950,-89.513180
2001618,"Bohemia",3562,233,"18T","18T2H6S3Q",3,2020-03-17 23:41:41.4670000,20940,0,270819,2026-09-22 16:33:10.6400000,40.771600,-73.127120
1636353,"Humboldt",3572,233,"12S","12S2H1S4Q",1,2019-03-08 02:39:29.6430000,2002876,600,362,2026-09-22 16:33:40.3600000,34.500860,-112.237380
1637756,"Blue Hills Farms",3572,233,"12S","12S2H1S4Q",1,2017-09-07 05:33:50.8200000,2021489,300,4732,2026-09-22 16:33:49.4970000,34.520860,-112.296550
1624598,"Cordes Junction",3572,233,"12S","12S2H1S4Q",3,2026-09-22 16:34:11.9470000,0,0,1260,2026-09-22 16:34:11.9470000,34.332250,-112.120440
1877434,"Crest Hill",3554,233,"15S","15S1H3S4Q",2,2026-09-22 12:07:51.8170000,90491,109713,0,2026-09-22 16:35:20.8870000,38.539500,-90.077050
2060067,"San Eustacio",1377,110,"33T","33T2H4S1Q",3,2016-03-09 22:44:23.2930000,0,0,2893772,2026-09-22 16:35:31.0330000,41.899310,12.477210
2789771,"Haggesbole",927,70,"35V","35V1H4S3Q",1,2023-01-31 16:05:35.9530000,8134,0,0,2026-09-22 16:35:42.3270000,60.041790,24.494020
2789986,"Friggesby",927,70,"35V","35V1H4S3Q",1,2023-10-18 11:31:42.9300000,7727,0,0,2026-09-22 16:35:48.7900000,60.054560,24.503120
1625397,"Arcosanti",3572,233,"12S","12S2H1S4Q",3,2026-09-22 16:36:03.6170000,0,0,1367,2026-09-22 16:36:03.6170000,34.343080,-112.100710
1626799,"Ocotillo",3572,233,"12S","12S2H1S4Q",3,2026-09-22 16:36:20.5870000,0,0,1574,2026-09-22 16:36:20.5870000,34.363640,-112.201830
2790684,"Honskby",927,70,"35V","35V1H4S3Q",1,2021-10-11 07:41:56.4400000,84515,3615,0,2026-09-22 16:36:20.6670000,60.104440,24.546670
1626164,"Spring Valley",3572,233,"12S","12S2H1S4Q",3,2026-09-22 16:36:30.3900000,0,0,1380,2026-09-22 16:36:30.3900000,34.353170,-112.151230
1622601,"Cordes",3572,233,"12S","12S2H1S4Q",2,2021-04-06 12:13:14.8770000,0,7378,362,2026-09-22 16:36:38.8230000,34.303360,-112.166830
2445556,"Beyne-Heusay",255,20,"31U","31U2H3S4Q",1,2026-05-01 23:10:36.6630000,8174,0,0,2026-09-22 16:38:38.1670000,50.623260,5.656240
2516317,"Lobez",2451,180,"33U","33U2H3S2Q",3,2026-09-22 16:39:24.6830000,0,0,790,2026-09-22 16:39:24.6830000,51.970760,17.335520
2515589,"Lobzowiec",2451,180,"33U","33U2H3S2Q",3,2026-09-22 16:39:35.8800000,0,0,787,2026-09-22 16:39:35.8800000,51.956430,17.347930
2514446,"Huby Cerekwickie",2451,180,"33U","33U2H3S2Q",3,2026-09-22 16:39:42.6000000,0,0,789,2026-09-22 16:39:42.6000000,51.933330,17.366670
2514106,"Cerekwica",2451,180,"33U","33U2H3S2Q",3,2026-09-22 16:40:00.5300000,0,0,787,2026-09-22 16:40:00.5330000,51.927020,17.362740
2513954,"Huby Ruskie",2451,180,"33U","33U2H3S2Q",3,2026-09-22 16:40:09.9730000,0,0,787,2026-09-22 16:40:09.9730000,51.921510,17.359310
2513283,"Rusko",2451,180,"33U","33U2H3S2Q",3,2026-09-22 16:40:16.9200000,0,0,789,2026-09-22 16:40:16.9200000,51.908710,17.368050
2509430,"Kozmin Wielkopolski",2451,180,"33U","33U2H3S2Q",3,2026-09-22 15:05:08.8800000,0,0,69550,2026-09-22 16:40:47.3870000,51.827120,17.453910
2787709,"Oslo sentrum",2295,168,"32V","32V2H3S1Q",3,2010-01-01 00:00:00.0000000,0,2301,269014,2026-09-22 16:42:10.3200000,59.913320,10.739040
2505343,"Bozacin",2451,180,"33U","33U2H3S2Q",3,2026-09-22 16:42:22.1000000,0,0,788,2026-09-22 16:42:22.1000000,51.734480,17.432270
1761363,"Blevins Crossroads",3545,233,"17S","17S1H5S3Q",3,2026-09-22 16:42:26.0500000,0,0,1083,2026-09-22 16:42:26.0500000,36.542350,-81.013970
2506472,"Ustkow",2451,180,"33U","33U2H3S2Q",3,2026-09-22 16:42:32.5230000,0,0,810,2026-09-22 16:42:32.5230000,51.765730,17.413730
2507874,"Kaniew",2451,180,"33U","33U2H3S2Q",3,2026-09-22 16:42:40.2670000,0,0,789,2026-09-22 16:42:40.2670000,51.794180,17.409730
1760066,"Matrimony",3545,233,"17S","17S1H6S3Q",3,2026-09-22 16:42:41.5900000,0,0,1147,2026-09-22 16:42:41.5900000,36.520420,-79.867540
2508497,"Psie Pole",2451,180,"33U","33U2H3S2Q",3,2026-09-22 16:42:51.2530000,0,0,789,2026-09-22 16:42:51.2530000,51.804240,17.414120
1755292,"Oregon Hill",3545,233,"17S","17S1H6S3Q",3,2026-09-22 16:42:54.4330000,0,0,1152,2026-09-22 16:42:54.4330000,36.448470,-79.636970
2509399,"Staniew",2451,180,"33U","33U2H3S2Q",3,2026-09-22 16:42:58.2600000,0,0,789,2026-09-22 16:42:58.2600000,51.826230,17.419850
1403238,"Port Vincent",3541,233,"15R","15R1H3S4Q",3,2014-03-18 01:21:31.6230000,0,3179,506117,2026-09-22 16:42:58.2770000,30.333800,-90.849540
2510831,"Bialy Dwor",2451,180,"33U","33U2H3S2Q",3,2026-09-22 16:43:05.9130000,0,0,793,2026-09-22 16:43:05.9130000,51.855710,17.420540
2512585,"Suchorzewko",2451,180,"33U","33U2H3S2Q",3,2026-09-22 16:43:12.5230000,0,0,791,2026-09-22 16:43:12.5230000,51.895850,17.377970
1755861,"Forestdale",3545,233,"17S","17S1H6S3Q",3,2026-09-22 16:44:00.9070000,0,0,1149,2026-09-22 16:44:00.9070000,36.455970,-79.716140
1761110,"Northridge",3545,233,"17S","17S1H6S3Q",3,2026-09-22 16:44:13.4270000,0,0,1145,2026-09-22 16:44:13.4270000,36.537640,-79.735310
1759672,"Rickman Acres",3545,233,"17S","17S1H6S3Q",3,2026-09-22 16:44:22.2630000,0,0,1149,2026-09-22 16:44:22.2630000,36.515970,-79.683640
1757166,"Stephens Crossroads",3545,233,"17S","17S1H6S3Q",3,2026-09-22 16:44:34.0100000,0,0,1152,2026-09-22 16:44:34.0100000,36.477640,-79.611140
2741763,"Gusyata",2662,192,"40V","40V2H5S1Q",2,2023-05-12 08:54:21.8700000,0,1947430,0,2026-09-22 16:44:44.5730000,57.893060,56.078610
1758401,"Happy Home",3545,233,"17S","17S1H6S3Q",3,2026-09-22 16:44:46.7370000,0,0,1151,2026-09-22 16:44:46.7370000,36.496250,-79.628360
2514429,"Steinkirchen",713,57,"33U","33U2H1S2Q",3,2026-09-19 17:37:55.0970000,0,0,9299,2026-09-22 16:44:49.2600000,51.933330,13.900000
1759440,"Mayfield",3545,233,"17S","17S1H6S3Q",3,2026-09-22 16:44:58.3130000,0,0,1152,2026-09-22 16:44:58.3130000,36.511250,-79.566690
2432292,"Dauernheim",710,57,"32U","32U2H2S3Q",2,2015-09-10 09:12:07.4830000,0,480815,0,2026-09-22 16:45:07.5470000,50.366670,8.950000
9743,"Wayville",138,13,"54H","54H1H4S1Q",2,2023-10-03 23:20:53.5270000,0,1188229,0,2026-09-22 16:45:12.7170000,-34.950000,138.583330
2543179,"Healthton",979,77,"30U","30U1H5S4Q",2,2026-07-02 04:35:16.6670000,0,12250,0,2026-09-22 16:45:39.9030000,52.533330,-2.283330
1771678,"Bosses",3585,233,"17S","17S1H6S3Q",3,2026-09-22 16:48:41.0430000,0,0,1147,2026-09-22 16:48:41.0430000,36.712080,-79.114180
1770057,"Terrys Corner",3585,233,"17S","17S1H6S3Q",3,2026-09-22 16:48:56.1770000,0,0,1149,2026-09-22 16:48:56.1770000,36.683470,-79.032240
2154126,"Sagries",954,75,"31T","31T2H3S1Q",3,2020-06-10 11:45:07.4630000,0,0,170613,2026-09-22 16:52:43.5770000,43.983330,4.416670
1384298,"Reedville",3549,233,"14R","14R1H6S1Q",2,2026-08-14 05:20:31.0330000,0,489217,0,2026-09-22 16:53:48.7830000,29.879660,-97.846390
2529808,"Linken",708,57,"32U","32U1H5S3Q",3,2026-09-22 16:54:19.7870000,0,0,945,2026-09-22 16:54:19.7870000,52.250000,8.450000
2289901,"Stettbach",503,43,"32T","32T1H2S1Q",3,2023-10-24 12:21:50.2800000,0,0,3067850,2026-09-22 16:54:25.2530000,47.394370,8.592940
2528921,"Tittingdorf",708,57,"32U","32U1H5S3Q",3,2026-09-22 16:54:28.4870000,0,0,945,2026-09-22 16:54:28.4870000,52.233330,8.433330
2529806,"Hofen",708,57,"32U","32U1H5S3Q",3,2026-09-22 16:54:34.3130000,0,0,945,2026-09-22 16:54:34.3130000,52.250000,8.433330
2529803,"Vor dem Walde",708,57,"32U","32U1H5S3Q",3,2026-09-22 16:54:43.9230000,0,0,945,2026-09-22 16:54:43.9230000,52.250000,8.400000
2218060,"Marlene Village",3576,233,"10T","10T1H5S2Q",2,2015-08-30 00:13:16.5600000,0,1312226,0,2026-09-22 16:56:33.2770000,45.516780,-122.818990
2217575,"Cedar Hills",3576,233,"10T","10T1H5S2Q",2,2015-02-11 15:49:41.8730000,0,1143848,0,2026-09-22 16:56:39.3270000,45.504660,-122.805200
2217578,"Cedar Hills",3576,233,"10T","10T1H5S2Q",2,2015-02-08 20:14:13.3300000,0,1297788,0,2026-09-22 16:56:44.5430000,45.504840,-122.798430
2216995,"Beaverton",3576,233,"10T","10T1H5S2Q",2,2015-03-07 23:43:29.0670000,0,4041136,0,2026-09-22 16:56:50.0770000,45.487060,-122.803710
2217145,"West Slope",3576,233,"10T","10T1H5S2Q",2,2016-04-01 03:27:21.5700000,0,1699249,0,2026-09-22 16:56:59.4770000,45.496060,-122.773200
1767678,"Centerville",3585,233,"17S","17S1H6S4Q",3,2026-09-22 16:57:00.4500000,0,0,1152,2026-09-22 16:57:00.4500000,36.645420,-78.863620
2217187,"West Slope",3576,233,"10T","10T1H5S2Q",2,2016-03-20 15:57:45.3400000,0,2144178,0,2026-09-22 16:57:05.5670000,45.498730,-122.764540
1732526,"Roseneath",3545,233,"18S","18S1H4S3Q",3,2026-09-22 16:57:06.0130000,0,0,1121,2026-09-22 16:57:06.0130000,36.074880,-77.478300
1722977,"Woodard",3545,233,"18S","18S2H1S2Q",3,2026-09-22 16:57:11.8600000,0,0,1086,2026-09-22 16:57:11.8600000,35.915990,-76.861340
2216961,"Raleigh Hills",3576,233,"10T","10T1H5S2Q",2,2015-11-09 02:18:40.4530000,0,2550725,0,2026-09-22 16:57:52.1570000,45.484910,-122.756760
2216624,"Raleigh Hills",3576,233,"10T","10T1H5S2Q",2,2015-11-06 15:01:18.6300000,0,2440770,0,2026-09-22 16:57:58.4470000,45.480670,-122.762040
2516848,"Schonwalde",713,57,"33U","33U2H1S2Q",3,2026-09-22 16:58:05.5300000,0,0,787,2026-09-22 16:58:05.5300000,51.983330,13.766670
1727838,"Lewisburg",3545,233,"17S","17S2H1S2Q",3,2020-02-21 19:30:06.1870000,0,0,26489,2026-09-22 16:58:21.8970000,35.994560,-82.392360
2688118,"Stepurino",2671,192,"37V","37V2H5S3Q",2,2026-04-17 05:14:08.6730000,0,101581,0,2026-09-22 16:58:22.6470000,56.233330,38.150000
2514427,"Niewitz",713,57,"33U","33U2H1S2Q",3,2026-09-19 20:00:58.4530000,0,0,5636,2026-09-22 16:58:29.5200000,51.933330,13.783330
2529805,"Lohlingdorf",708,57,"32U","32U1H5S3Q",3,2026-09-22 17:00:34.2870000,0,0,670,2026-09-22 17:00:34.2870000,52.250000,8.416670
2528920,"Buscherheide",708,57,"32U","32U1H5S3Q",3,2026-09-22 17:00:40.1830000,0,0,945,2026-09-22 17:00:40.1830000,52.233330,8.416670
2528919,"In den Blessen",708,57,"32U","32U1H5S3Q",3,2026-09-22 17:00:46.1070000,0,0,945,2026-09-22 17:00:46.1070000,52.233330,8.400000
2530646,"Meesdorf",708,57,"32U","32U1H5S3Q",3,2026-09-22 17:00:54.5170000,0,0,945,2026-09-22 17:00:54.5170000,52.266670,8.416670
1389283,"Wimberley",3549,233,"14R","14R1H5S2Q",3,2025-11-17 05:22:17.4470000,0,0,1489427,2026-09-22 17:00:55.4330000,29.997440,-98.098620
2517528,"Im Berge",707,57,"32U","32U2H2S1Q",3,2026-04-20 15:51:04.3700000,0,0,3167,2026-09-22 17:02:02.6170000,52.000000,8.550000
2593189,"Clogherstown",1260,102,"29U","29U1H6S2Q",3,,0,47540,131515,2026-09-22 17:04:10.7530000,53.592500,-6.363330
2789103,"Bole",927,70,"35V","35V2H1S1Q",1,2026-09-22 17:05:02.2600000,1553,1376,0,2026-09-22 17:05:02.2600000,59.994720,24.474170
2258515,"Goschenenalp",507,43,"32T","32T1H2S3Q",1,2026-09-22 17:05:25.4830000,788,0,0,2026-09-22 17:05:25.4830000,46.650000,8.483330
2795855,"Krapi",927,70,"35V","35V1H4S4Q",1,2026-09-22 17:05:28.8670000,983,0,0,2026-09-22 17:05:28.8670000,60.417500,25.058610
2259225,"Wiggen",507,43,"32T","32T1H2S3Q",1,2026-09-22 17:05:29.7670000,756,0,0,2026-09-22 17:05:29.7670000,46.666670,8.516670
2261673,"Farnigen",507,43,"32T","32T1H2S3Q",1,2026-09-22 17:05:35.3670000,756,0,0,2026-09-22 17:05:35.3670000,46.733330,8.516670
2261672,"Stein",523,43,"32T","32T1H2S3Q",1,2026-09-22 17:05:44.2700000,845,0,0,2026-09-22 17:05:44.2700000,46.733330,8.416670
2104824,"Montrose",3566,233,"16T","16T2H1S3Q",2,2026-09-22 16:48:15.6870000,0,6129,0,2026-09-22 17:05:47.5570000,42.882780,-89.577340
2261671,"Feldmoos",523,43,"32T","32T1H2S3Q",1,2026-09-22 17:05:49.7170000,846,0,0,2026-09-22 17:05:49.7170000,46.733330,8.400000
2261027,"Schaftelen",523,43,"32T","32T1H2S3Q",1,2026-09-22 17:05:56.5900000,846,0,0,2026-09-22 17:05:56.5900000,46.716670,8.333330
2111948,"Blue Mounds",3566,233,"16T","16T2H1S1Q",2,2026-09-22 17:06:01.1470000,0,960,0,2026-09-22 17:06:01.1470000,43.017500,-89.832350
2261670,"Gadmen",523,43,"32T","32T1H2S3Q",1,2026-09-22 17:06:01.7300000,844,0,0,2026-09-22 17:06:01.7300000,46.733330,8.350000
2112290,"Little Norway",3566,233,"16T","16T2H1S1Q",2,2026-09-22 17:06:05.0430000,0,1342,0,2026-09-22 17:06:05.0430000,43.026940,-89.789570
2261026,"Nessenthal",523,43,"32T","32T1H2S3Q",1,2026-09-22 17:06:08.1730000,844,0,0,2026-09-22 17:06:08.1730000,46.716670,8.300000
2114617,"Elvers",3566,233,"16T","16T2H1S1Q",2,2026-09-22 17:06:12.3270000,0,943,0,2026-09-22 17:06:12.3270000,43.069720,-89.797900
2259224,"Guttannen",523,43,"32T","32T1H2S3Q",1,2026-09-22 17:06:15.9130000,845,0,0,2026-09-22 17:06:15.9130000,46.666670,8.283330
2114709,"Vermont",3566,233,"16T","16T2H1S1Q",1,2025-02-02 19:18:01.9030000,16302,517,0,2026-09-22 17:06:17.2000000,43.072220,-89.785680
2465774,"Heidenau",704,57,"33U","33U2H1S4Q",2,2019-03-07 06:52:01.4470000,0,109690,0,2026-09-22 17:07:13.7930000,50.972210,13.867410
2636598,"Kooperativnaya Polyana",2696,192,"40U","40U1H1S4Q",3,2022-04-07 08:03:32.0600000,0,0,3950499,2026-09-22 17:14:26.0030000,54.702900,55.943800
1609052,"Funston",3545,233,"17S","17S2H3S4Q",3,2026-09-22 17:14:59.0600000,0,0,1085,2026-09-22 17:14:59.0600000,34.101000,-78.026940
1827332,"Chickahominy",3585,233,"18S","18S1H4S1Q",3,2026-09-22 17:15:16.1030000,0,300,1062,2026-09-22 17:15:16.1030000,37.608200,-77.413040
1826095,"Springdale",3585,233,"18S","18S1H4S1Q",3,2026-09-22 17:15:26.1700000,0,0,1771,2026-09-22 17:15:26.1700000,37.585150,-77.396650
1826224,"Ginter Park",3585,233,"18S","18S1H4S1Q",3,2026-09-22 17:15:32.1200000,0,300,1066,2026-09-22 17:15:32.1200000,37.587650,-77.455540
1825732,"East Highland Park",3585,233,"18S","18S1H4S1Q",3,2026-09-22 17:15:38.8800000,0,0,1066,2026-09-22 17:15:38.8800000,37.580980,-77.406930
1825638,"Acca",3585,233,"18S","18S1H4S1Q",3,2026-09-22 17:15:45.8770000,0,0,1067,2026-09-22 17:15:45.8770000,37.578480,-77.469980
2292395,"Edgewick",3578,233,"10T","10T1H3S1Q",1,2019-10-03 17:45:27.7600000,3294708,0,0,2026-09-22 17:17:10.5830000,47.448440,-121.726220
1882651,"Beatrice",3567,233,"10S","10S1H3S3Q",3,2026-08-16 06:08:38.2100000,0,0,2002433,2026-09-22 17:17:33.7400000,38.643240,-121.596070
2792645,"Sockenbacka",927,70,"35V","35V1H4S3Q",2,2013-09-11 05:02:40.7230000,660,2185428,11194,2026-09-22 17:17:44.1470000,60.220830,24.866670
2789813,"Nase",927,70,"35V","35V1H4S3Q",3,2023-01-31 13:00:44.6200000,0,0,4011,2026-09-22 17:18:23.6130000,60.047500,24.444720
2789659,"Hila",927,70,"35V","35V1H4S3Q",1,2026-02-15 07:38:35.1130000,178,0,90,2026-09-22 17:19:38.2230000,60.033330,24.416670
1826325,"Washington Park",3585,233,"18S","18S1H4S1Q",3,2026-09-22 17:22:18.1370000,0,0,1066,2026-09-22 17:22:18.1370000,37.589870,-77.442210
1826438,"Cloverland",3585,233,"18S","18S1H4S1Q",3,2026-09-22 17:22:24.3230000,0,0,1066,2026-09-22 17:22:24.3230000,37.592650,-77.429700
2526233,"Czmonia",2451,180,"33U","33U1H6S4Q",3,2025-10-13 09:06:51.3730000,0,0,1333801,2026-09-22 17:22:30.1470000,52.179960,17.018800
1826603,"Fayette Park",3585,233,"18S","18S1H4S1Q",3,2026-09-22 17:22:30.5630000,0,0,1065,2026-09-22 17:22:30.5630000,37.596260,-77.422200
2565875,"Titovka",2658,192,"39U","39U1H4S2Q",3,2023-06-03 06:18:59.1800000,0,0,30224,2026-09-22 17:25:28.4970000,53.012920,49.750110
2564230,"Chapayevsk",2658,192,"39U","39U1H4S4Q",3,2026-01-17 16:05:17.6430000,0,0,26821,2026-09-22 17:25:34.4730000,52.978060,49.719720
2514314,"Overschie",2265,167,"31U","31U2H3S1Q",2,2024-08-04 17:37:20.9770000,0,100864,0,2026-09-22 17:25:38.3970000,51.933330,4.433330
2561595,"Bol'shoye Tomylovo",2658,192,"39U","39U1H4S4Q",3,2020-10-11 06:06:58.2230000,0,0,13249,2026-09-22 17:25:42.3000000,52.923860,49.672590
2219296,"Parkrose",3576,233,"10T","10T1H5S2Q",2,2016-03-14 03:50:53.8830000,0,3203986,0,2026-09-22 17:25:45.6630000,45.559560,-122.560370
2506930,"Klaaswaal",2265,167,"31U","31U2H3S1Q",2,2025-09-28 06:11:03.8770000,0,93945,0,2026-09-22 17:25:54.8800000,51.770000,4.445830
2219196,"Maywood Park",3576,233,"10T","10T1H5S2Q",2,2015-09-10 17:44:54.4670000,0,3326260,0,2026-09-22 17:25:57.0870000,45.552900,-122.560370
2218097,"Russellville",3576,233,"10T","10T1H5S2Q",2,2019-09-28 16:03:48.2800000,0,3145966,0,2026-09-22 17:26:03.5630000,45.519010,-122.557870
2217796,"Hazelwood",3576,233,"10T","10T1H5S2Q",2,2019-04-16 00:13:55.5500000,0,3194868,0,2026-09-22 17:26:10.5470000,45.516510,-122.523980
2218098,"Rockwood",3576,233,"10T","10T1H5S2Q",2,2015-08-31 18:27:24.3230000,0,3391679,0,2026-09-22 17:26:21.8730000,45.519010,-122.477040
2280010,"Steinhausen",504,43,"32T","32T1H2S1Q",1,2026-09-22 17:29:15.0200000,788,0,0,2026-09-22 17:29:15.0200000,47.200000,8.466670
2279134,"Hunenberg",504,43,"32T","32T1H2S1Q",1,2026-09-22 17:29:23.7330000,517,28,0,2026-09-22 17:29:23.7330000,47.175360,8.424970
2277835,"Buonas",504,43,"32T","32T1H2S1Q",1,2026-09-22 17:29:29.3570000,787,0,0,2026-09-22 17:29:29.3570000,47.141510,8.453460
2277702,"Risch",504,43,"32T","32T1H2S1Q",1,2026-09-22 17:29:35.5470000,761,0,0,2026-09-22 17:29:35.5470000,47.133510,8.465140
2276080,"Immensee",511,43,"32T","32T1H2S1Q",1,2026-09-22 17:29:40.7930000,758,0,0,2026-09-22 17:29:40.7970000,47.100000,8.466670
2275463,"Luterbach",511,43,"32T","32T1H2S1Q",1,2026-09-22 17:29:44.8630000,783,0,0,2026-09-22 17:29:44.8630000,47.083330,8.450000
2214344,"Oatfield",3576,233,"10T","10T1H5S2Q",2,2024-02-10 04:13:45.6130000,0,2671543,0,2026-09-22 17:30:03.9200000,45.414180,-122.600070
2274322,"Rigi Kulm",511,43,"32T","32T1H2S1Q",1,2026-07-25 10:06:14.5070000,1741,0,0,2026-09-22 17:30:05.7400000,47.050000,8.483330
2227594,"Courmayeur",1367,110,"32T","32T1H4S1Q",2,2024-12-04 12:18:26.5070000,0,40854,0,2026-09-22 17:30:30.6200000,45.793860,6.971390
2277342,"Eschenbach",517,43,"32T","32T1H2S1Q",3,2026-07-21 04:11:54.1530000,1096,0,58126,2026-09-22 17:30:38.3230000,47.133330,8.316670
2515054,"Studzianna",2451,180,"33U","33U2H3S2Q",3,2026-09-22 17:33:05.0370000,0,0,557,2026-09-22 17:33:05.0400000,51.949080,17.143710
2514934,"Jawory",2451,180,"33U","33U2H3S2Q",3,2026-09-22 17:33:20.4100000,0,0,645,2026-09-22 17:33:20.4100000,51.944330,17.181920
2516262,"Jaraczewo",2451,180,"33U","33U2H3S2Q",3,2026-09-22 17:33:28.5530000,0,0,788,2026-09-22 17:33:28.5530000,51.968540,17.297070
2516327,"Chytrow",2451,180,"33U","33U2H3S2Q",3,2026-09-22 17:33:42.6400000,0,0,780,2026-09-22 17:33:42.6400000,51.971080,17.304880
2515505,"Przemyslawki",2451,180,"33U","33U2H3S2Q",3,2026-09-22 17:33:52.5930000,0,0,788,2026-09-22 17:33:52.5930000,51.952920,17.301620
2514900,"Lowecice",2451,180,"33U","33U2H3S2Q",3,2026-09-22 17:34:06.6330000,0,0,819,2026-09-22 17:34:06.6330000,51.943060,17.303050
1937668,"South Cumberland",3542,233,"17S","17S1H3S2Q",3,2026-06-12 17:36:52.0770000,0,0,384484,2026-09-22 17:34:19.6370000,39.632590,-78.755850
2514876,"Wojciechowo",2451,180,"33U","33U2H3S2Q",3,2026-09-22 17:34:24.3500000,0,0,819,2026-09-22 17:34:24.3500000,51.942410,17.308820
1938183,"Cumberland Heights",3542,233,"17S","17S1H3S2Q",3,2026-03-16 16:19:50.4000000,0,0,624100,2026-09-22 17:34:28.4900000,39.640090,-78.756960
1938985,"Cumberland",3542,233,"17S","17S1H3S2Q",3,2025-09-22 15:48:15.7670000,0,0,2594867,2026-09-22 17:34:36.9100000,39.652870,-78.762520
2514148,"Poreba",2451,180,"33U","33U2H3S2Q",3,2026-09-22 17:34:38.4000000,0,0,788,2026-09-22 17:34:38.4000000,51.928600,17.319950
1938237,"Ridgeley",3550,233,"17S","17S1H3S2Q",3,2018-08-26 10:54:38.6600000,0,0,30620084,2026-09-22 17:34:44.8600000,39.641480,-78.774460
2512509,"Strzyzewko",2451,180,"33U","33U2H3S2Q",3,2026-09-22 17:34:48.1930000,0,0,788,2026-09-22 17:34:48.1930000,51.892820,17.348270
2521820,"Srem",2451,180,"33U","33U1H6S4Q",2,2025-03-09 05:19:04.2800000,0,2997489,0,2026-09-22 17:35:35.5170000,52.088680,17.015080
2511087,"Wyrebin",2451,180,"33U","33U2H3S2Q",3,2026-09-22 17:36:24.6100000,0,0,788,2026-09-22 17:36:24.6100000,51.865020,17.360610
2510082,"Galazki",2451,180,"33U","33U2H3S2Q",3,2026-09-22 17:36:33.1130000,0,0,781,2026-09-22 17:36:33.1130000,51.839910,17.387410
2510278,"Borzeciczki",2451,180,"33U","33U2H3S2Q",3,2026-09-22 17:36:49.3770000,0,0,788,2026-09-22 17:36:49.3770000,51.847750,17.350090
2512479,"Boleslawow",2451,180,"33U","33U2H3S2Q",3,2026-09-22 17:37:04.1970000,0,0,788,2026-09-22 17:37:04.1970000,51.891780,17.314100
2516377,"Gola",2451,180,"33U","33U2H3S2Q",3,2026-09-22 17:37:20.5000000,0,0,788,2026-09-22 17:37:20.5000000,51.972750,17.264320
2516032,"Osada Gola",2451,180,"33U","33U2H3S2Q",3,2026-09-22 17:37:58.0730000,0,0,785,2026-09-22 17:37:58.0770000,51.966670,17.250000
2515654,"Lukaszew",2451,180,"33U","33U2H3S2Q",3,2026-09-22 17:38:08.9100000,0,0,789,2026-09-22 17:38:08.9100000,51.958720,17.273710
2527493,"Bruchmuhlen",708,57,"32U","32U1H5S3Q",3,2026-09-22 17:38:15.2100000,0,0,946,2026-09-22 17:38:15.2100000,52.200530,8.456000
2514898,"Skokow",2451,180,"33U","33U2H3S2Q",3,2026-09-22 17:38:17.5730000,0,0,787,2026-09-22 17:38:17.5730000,51.943020,17.257060
2528072,"Westkilver",707,57,"32U","32U1H5S3Q",3,2026-09-22 17:38:19.2200000,0,0,946,2026-09-22 17:38:19.2200000,52.216670,8.466670
2281059,"Adamtanya",1208,100,"34T","34T1H2S2Q",1,2026-09-22 17:38:19.2930000,1153,0,0,2026-09-22 17:38:19.2930000,47.216670,21.850000
2739575,"Bol'shaya Patskovka",2661,192,"35V","35V2H5S2Q",2,2026-09-22 09:22:02.5630000,0,115817,0,2026-09-22 17:38:22.4770000,57.816670,27.633330
2528073,"Holserheide",707,57,"32U","32U1H5S3Q",3,2026-09-22 17:38:22.7670000,0,0,1017,2026-09-22 17:38:22.7670000,52.216670,8.500000
2279537,"Dozsa Karoly-tanya",1208,100,"34T","34T1H2S2Q",1,2026-09-22 17:38:24.7730000,1122,0,0,2026-09-22 17:38:24.7730000,47.183330,21.800000
2528076,"Holsen",707,57,"32U","32U1H5S3Q",3,2026-09-22 17:38:25.8870000,0,0,946,2026-09-22 17:38:25.8870000,52.216670,8.516670
2528077,"Muckum",707,57,"32U","32U1H5S3Q",3,2026-09-22 17:38:29.7600000,0,0,946,2026-09-22 17:38:29.7600000,52.216670,8.533330
2528929,"Habighorst",707,57,"32U","32U1H5S3Q",3,2026-09-22 17:38:33.7470000,0,0,946,2026-09-22 17:38:33.7500000,52.233330,8.550000
2278878,"Szivostanya",1208,100,"34T","34T1H2S2Q",1,2026-09-22 17:38:34.0400000,1153,0,0,2026-09-22 17:38:34.0400000,47.166670,21.800000
1461296,"Ozark",3551,233,"16R","16R1H3S1Q",2,2016-11-24 13:27:54.2700000,42105,867267,0,2026-09-22 17:38:35.6200000,31.459060,-85.640490
2528927,"Hoge",707,57,"32U","32U1H5S3Q",3,2026-09-22 17:38:37.4270000,0,0,946,2026-09-22 17:38:37.4270000,52.233330,8.533330
2528926,"Bieren",707,57,"32U","32U1H5S3Q",3,2026-09-22 17:38:41.6670000,0,0,946,2026-09-22 17:38:41.6700000,52.233330,8.516670
2278207,"Nagyzomlin",1208,100,"34T","34T1H2S2Q",1,2026-09-22 17:38:43.1770000,1717,0,560,2026-09-22 17:38:43.1770000,47.150000,21.800000
2276944,"Kistanya",1208,100,"34T","34T1H2S2Q",1,2026-09-22 17:38:50.2430000,1049,0,0,2026-09-22 17:38:50.2430000,47.116670,21.766670
2513395,"Bruczkow",2451,180,"33U","33U2H3S2Q",3,2026-09-22 17:38:55.9800000,0,0,788,2026-09-22 17:38:55.9800000,51.912980,17.287950
2277584,"Perjes",1208,100,"34T","34T1H2S2Q",1,2026-09-22 17:38:58.1930000,1048,0,0,2026-09-22 17:38:58.1930000,47.133330,21.733330
2512549,"Leonow",2451,180,"33U","33U2H3S2Q",3,2026-09-22 17:39:03.5700000,0,0,788,2026-09-22 17:39:03.5700000,51.894460,17.277450
2510968,"Pogorzalki Wielkie",2451,180,"33U","33U2H3S2Q",3,2026-09-22 17:39:15.2100000,0,0,788,2026-09-22 17:39:15.2100000,51.860470,17.337140
2511613,"Celestynow",2451,180,"33U","33U2H3S2Q",3,2026-09-22 17:39:24.5870000,0,0,788,2026-09-22 17:39:24.5870000,51.871160,17.280650
2511839,"Zimna Woda",2451,180,"33U","33U2H3S2Q",3,2026-09-22 17:39:36.1200000,0,0,788,2026-09-22 17:39:36.1200000,51.879180,17.298960
2511623,"Gloginin",2451,180,"33U","33U2H3S2Q",3,2026-09-22 17:39:43.5430000,0,0,838,2026-09-22 17:39:43.5430000,51.871510,17.304580
2528924,"Bursiek",707,57,"32U","32U1H5S3Q",3,2026-09-22 17:39:54.5830000,0,0,945,2026-09-22 17:39:54.5830000,52.233330,8.483330
2510862,"Walerianow",2451,180,"33U","33U2H3S2Q",3,2026-09-22 17:39:55.7900000,0,0,788,2026-09-22 17:39:55.7900000,51.856630,17.297140
2339436,"Bierville",955,75,"31U","31U2H5S3Q",2,2026-09-22 17:43:09.6470000,0,1010,0,2026-09-22 17:43:09.6470000,48.383330,2.133330
2601933,"Mikolajki",2444,180,"34U","34U1H5S2Q",1,2026-09-16 04:16:02.4170000,133904,0,0,2026-09-22 17:44:06.8970000,53.802880,21.570110
2528923,"Im Busch",707,57,"32U","32U1H5S3Q",3,2026-09-22 17:46:53.5400000,0,0,946,2026-09-22 17:46:53.5400000,52.233330,8.466670
2529809,"Heide",707,57,"32U","32U1H5S3Q",3,2026-09-22 17:46:57.5870000,0,350,946,2026-09-22 17:46:57.5870000,52.250000,8.483330
2529813,"Ellerort",707,57,"32U","32U1H5S3Q",3,2026-09-22 17:47:01.8370000,0,0,946,2026-09-22 17:47:01.8370000,52.250000,8.500000
1322830,"Holiday Manor",3538,233,"17R","17R1H5S3Q",2,2026-07-12 04:19:42.6400000,0,326955,241023,2026-09-22 17:48:05.5470000,28.159180,-81.686190
2515463,"Bielewo",2451,180,"33U","33U2H3S1Q",3,2026-09-22 17:48:30.4670000,0,0,788,2026-09-22 17:48:30.4670000,51.951380,16.937140
2515834,"Lubin",2451,180,"33U","33U2H3S1Q",3,2026-09-22 17:48:41.4900000,0,0,788,2026-09-22 17:48:41.4900000,51.964790,16.898430
2516338,"Nowy Dwor",2451,180,"33U","33U2H3S1Q",3,2026-09-22 17:48:55.6070000,0,0,789,2026-09-22 17:48:55.6070000,51.971430,16.875910
2515785,"Krzywin",2451,180,"33U","33U2H3S1Q",2,2026-09-14 21:28:36.4100000,0,29026,517,2026-09-22 17:49:07.6670000,51.962960,16.819850
2709855,"Shartashskiy",2705,192,"41V","41V2H4S3Q",1,2022-08-08 20:01:06.4570000,146385,0,0,2026-09-22 17:51:22.6670000,56.880280,60.720000
2529816,"Stukenhofen",707,57,"32U","32U1H5S3Q",3,2026-09-22 17:53:07.9800000,0,0,946,2026-09-22 17:53:07.9800000,52.250000,8.516670
2529819,"Dono",707,57,"32U","32U1H5S3Q",3,2026-09-21 21:26:23.2630000,0,0,2197,2026-09-22 17:53:12.7700000,52.250000,8.550000
2080186,"North End",3583,233,"19T","19T2H1S3Q",2,2026-07-02 15:35:47.7370000,0,1222151,0,2026-09-22 17:55:34.8700000,42.365100,-71.054500
2531507,"Westrup",708,57,"32U","32U1H5S3Q",1,2026-09-22 17:58:00.4430000,1064,0,0,2026-09-22 17:58:00.4430000,52.283330,8.250000
1815199,"Jean Court",3585,233,"18S","18S1H4S1Q",3,2026-09-22 17:58:49.1670000,0,112,640,2026-09-22 17:58:49.1670000,37.393200,-77.418040
1812597,"Woodvale",3585,233,"18S","18S1H4S1Q",3,2026-09-22 17:59:00.8330000,0,72,300,2026-09-22 17:59:00.8330000,37.350150,-77.343310
1811804,"Perkinson Heights",3585,233,"18S","18S1H4S1Q",3,2026-09-22 17:59:05.2500000,0,0,614,2026-09-22 17:59:05.2500000,37.338480,-77.326650
1811139,"Screamersville",3585,233,"18S","18S1H4S1Q",3,2026-09-22 17:59:08.7330000,0,0,385,2026-09-22 17:59:08.7330000,37.329590,-77.331090
1820088,"Redwood Junction",3567,233,"10S","10S1H5S2Q",1,2025-04-22 18:09:46.4400000,2402407,0,10084,2026-09-22 17:59:12.0900000,37.477160,-122.221350
1809712,"Tinsberry Trace",3585,233,"18S","18S1H4S1Q",3,2026-09-22 17:59:36.5230000,0,0,1083,2026-09-22 17:59:36.5230000,37.306820,-77.412480
1817054,"Stanford",3567,233,"10S","10S1H5S2Q",1,2026-05-13 16:44:02.3200000,1960262,0,1551,2026-09-22 18:00:23.1430000,37.424110,-122.166080
1812907,"Presque Isle",3585,233,"18S","18S1H4S1Q",3,2026-09-22 18:00:23.5870000,0,0,546,2026-09-22 18:00:23.5870000,37.355700,-77.268310
2278020,"Ballwil",517,43,"32T","32T1H2S1Q",1,2026-09-22 18:02:04.5400000,3120,0,0,2026-09-22 18:02:08.0770000,47.150000,8.316670
2279876,"Kleinwangeen",517,43,"32T","32T1H2S1Q",3,2026-08-11 13:15:12.0430000,517,0,2495,2026-09-22 18:02:27.8600000,47.194960,8.294550
1410516,"Buck Hollow",3549,233,"14R","14R1H1S4Q",3,2026-09-22 18:02:35.7900000,0,0,1144,2026-09-22 18:02:35.7900000,30.490190,-100.020630
1410550,"Roosevelt",3549,233,"14R","14R1H1S4Q",3,2026-09-22 18:02:39.7530000,0,0,1142,2026-09-22 18:02:39.7530000,30.491020,-100.055080
1406378,"Wilson Place",3549,233,"14R","14R1H1S4Q",3,2026-09-22 18:02:44.4370000,0,0,1143,2026-09-22 18:02:44.4370000,30.402970,-100.086190
1402912,"Telegraph",3549,233,"14R","14R1H2S3Q",3,2026-09-22 18:02:48.4070000,0,0,1150,2026-09-22 18:02:48.4070000,30.327420,-99.906180
1400459,"Junction Windmill",3549,233,"14R","14R1H2S3Q",3,2026-09-22 18:02:52.6530000,0,0,1150,2026-09-22 18:02:52.6530000,30.269640,-99.700340
2518966,"Klein Heidekamp",2273,167,"31U","31U1H6S4Q",1,2017-12-15 08:40:48.3470000,890015,0,0,2026-09-22 18:02:55.2100000,52.033330,5.900000
1407130,"Segovia",3549,233,"14R","14R1H2S3Q",3,2026-09-22 18:02:57.0900000,0,0,1150,2026-09-22 18:02:57.0900000,30.419360,-99.670340
1410490,"Junction",3549,233,"14R","14R1H2S3Q",3,2026-09-22 18:03:00.7030000,0,0,1150,2026-09-22 18:03:00.7030000,30.489360,-99.772010
1415912,"Cleo",3549,233,"14R","14R1H2S3Q",3,2026-09-22 18:03:05.2900000,0,0,1145,2026-09-22 18:03:05.2900000,30.603800,-99.875070
2527722,"Siedlung Steinbrink",708,57,"32U","32U1H5S3Q",3,2026-09-22 18:03:18.3000000,0,0,946,2026-09-22 18:03:18.3000000,52.207960,8.444750
2529818,"Holzel",707,57,"32U","32U1H5S3Q",3,2026-09-22 18:03:24.0400000,0,0,946,2026-09-22 18:03:24.0400000,52.250000,8.533330
2530647,"Wehmerhorst",707,57,"32U","32U1H5S3Q",3,2026-09-22 18:03:29.9100000,642,0,977,2026-09-22 18:03:29.9100000,52.266670,8.500000
1405734,"Noxville",3549,233,"14R","14R1H2S3Q",3,2026-09-22 18:03:53.4430000,0,0,1150,2026-09-22 18:03:53.4430000,30.389910,-99.467280
2095123,"Darlington",3566,233,"15T","15T2H3S4Q",2,2022-04-27 12:56:58.6930000,0,2412,0,2026-09-22 18:04:09.3730000,42.683060,-90.117630
2104442,"Mifflin",3566,233,"15T","15T2H3S4Q",2,2026-09-22 18:04:17.0370000,0,980,0,2026-09-22 18:04:17.0370000,42.871100,-90.354020
2113274,"Highland",3566,233,"15T","15T2H3S2Q",2,2026-09-22 18:04:21.7870000,0,983,0,2026-09-22 18:04:21.7870000,43.046660,-90.379850
2111114,"Ridgeway",3566,233,"16T","16T2H1S1Q",2,2026-09-22 18:04:38.0970000,0,1057,0,2026-09-22 18:04:38.0970000,43.002220,-89.990400
2089560,"Dunbarton",3566,233,"15T","15T2H3S4Q",2,2019-07-03 01:45:23.8800000,0,2904,0,2026-09-22 18:04:58.0600000,42.561670,-90.133180
2214641,"Vaudreuil-sur-le-Lac",459,38,"18T","18T1H5S2Q",1,2026-05-27 18:59:42.5070000,400538,0,0,2026-09-22 18:05:47.5970000,45.416780,-74.032510
2304469,"Hasenmahd",715,57,"32T","32T1H3S1Q",3,2014-09-03 05:30:21.4870000,0,0,20950,2026-09-22 18:06:43.7130000,47.700000,10.500000
2206143,"Hubbard",3576,233,"10T","10T1H5S2Q",2,2018-07-02 20:55:36.1800000,0,3234522,300,2026-09-22 18:06:44.1200000,45.182340,-122.807870
2207887,"Donald",3576,233,"10T","10T1H5S2Q",2,2018-06-15 02:37:02.9900000,0,2285781,300,2026-09-22 18:07:06.4830000,45.222340,-122.839260
2277583,"Biharkeresztes",1208,100,"34T","34T1H2S2Q",1,2026-09-22 18:08:38.2600000,1717,0,560,2026-09-22 18:08:38.2600000,47.133330,21.716670
2277585,"Tajaktanya",1208,100,"34T","34T1H2S2Q",1,2026-09-22 18:08:55.7470000,1717,0,560,2026-09-22 18:08:55.7470000,47.133330,21.766670
2278877,"Bedo",1208,100,"34T","34T1H2S2Q",1,2026-09-22 18:09:27.8600000,622,0,0,2026-09-22 18:09:27.8600000,47.166670,21.750000
2279536,"Barcsatanya",1208,100,"34T","34T1H2S2Q",1,2026-09-22 18:09:47.0530000,1717,0,560,2026-09-22 18:09:47.0530000,47.183330,21.766670
2281058,"Szunyoghtanya",1208,100,"34T","34T1H2S2Q",1,2026-09-22 18:10:06.7330000,1717,0,560,2026-09-22 18:10:06.7330000,47.216670,21.783330
2281799,"Korhanytanya",1208,100,"34T","34T1H2S2Q",0,2026-09-22 18:10:24.2530000,0,0,0,2026-09-22 18:10:24.2530000,47.233330,21.783330
2281057,"Pekartanya",1208,100,"34T","34T1H2S2Q",0,2026-09-22 18:10:49.7970000,0,0,0,2026-09-22 18:10:49.7970000,47.216670,21.766670
2132829,"Old Town",3576,233,"10T","10T2H2S1Q",2,2026-09-22 18:13:18.2130000,0,327,0,2026-09-22 18:13:18.2130000,43.432900,-123.295630
852304,"Ban Khlong Soi Thi Sip Et",3203,218,"47P","47P1H6S1Q",1,2026-05-26 06:44:27.6670000,624651,0,0,2026-09-22 18:13:23.3400000,13.958420,100.842140
853907,"Ban Khlong Sip Et Sai Klang",3203,218,"47P","47P1H6S1Q",1,2026-02-01 13:54:26.0470000,884800,0,0,2026-09-22 18:13:23.8430000,13.984610,100.844190
850649,"Lam Luk Ka",3203,218,"47P","47P1H6S1Q",1,2026-01-28 15:17:33.5270000,579848,0,0,2026-09-22 18:13:24.1270000,13.932260,100.749370
2132501,"Oakland",3576,233,"10T","10T2H2S1Q",2,2026-09-22 18:13:26.0070000,0,324,0,2026-09-22 18:13:26.0070000,43.422060,-123.298410
866522,"Ban Huai Chorakhe",3195,218,"47P","47P1H3S3Q",2,2026-06-19 15:36:17.7830000,0,980129,0,2026-09-22 18:13:37.8370000,14.250000,100.683330
854389,"Ban Tai Aen Khlong Sip Si",3213,218,"47P","47P1H6S1Q",2,2026-06-11 14:11:55.6030000,0,672280,0,2026-09-22 18:13:38.4230000,13.997640,100.914640
864496,"Ban Thai Wat",3195,218,"47P","47P1H3S3Q",2,2026-04-20 14:23:54.9800000,0,958400,0,2026-09-22 18:13:39.9070000,14.200000,100.550000
852508,"Ban Pak Khlong Sip Ha",3213,218,"47P","47P1H6S1Q",2,2026-05-17 17:02:56.3300000,0,918098,0,2026-09-22 18:13:43.8700000,13.964920,100.937500
2130850,"Sutherlin",3576,233,"10T","10T2H2S1Q",2,2026-09-22 18:13:44.0600000,0,882,0,2026-09-22 18:13:44.0600000,43.390120,-123.312580
2127265,"Wilbur",3576,233,"10T","10T2H2S1Q",2,2026-09-22 18:13:50.3570000,0,330,0,2026-09-22 18:13:50.3570000,43.320950,-123.340630
2124257,"Roseburg North",3576,233,"10T","10T2H2S1Q",2,2026-09-22 18:13:57.2470000,0,367,0,2026-09-22 18:13:57.2470000,43.264520,-123.303310
2278079,"Oberweg",131,12,"33T","33T1H2S1Q",1,2019-02-03 21:09:25.8170000,18605940,0,0,2026-09-22 18:15:33.9870000,47.150000,14.633330
2061654,"Tor di Quinto",1377,110,"33T","33T2H4S1Q",3,2015-11-05 07:11:00.3430000,0,0,2512262,2026-09-22 18:16:51.5830000,41.933330,12.466670
1819684,"East Palo Alto",3567,233,"10S","10S1H5S2Q",1,2025-04-07 21:03:18.6170000,3408997,0,1551,2026-09-22 18:17:18.9570000,37.468830,-122.141080
1819117,"The Willows",3567,233,"10S","10S1H5S2Q",1,2024-12-21 21:09:26.5770000,2212660,0,2168,2026-09-22 18:17:24.3130000,37.460560,-122.154720
1820046,"Belle Haven",3567,233,"10S","10S1H5S2Q",1,2026-04-19 16:22:07.6270000,2010605,0,2068,2026-09-22 18:17:31.9670000,37.476330,-122.159410
2223686,"Buxton",3576,233,"10T","10T1H5S1Q",2,2018-08-16 16:33:54.4730000,0,112764,0,2026-09-22 18:17:32.0770000,45.688720,-123.190950
1819614,"Menlo Oaks",3567,233,"10S","10S1H5S2Q",1,2024-12-27 15:04:55.4200000,2068408,0,2068,2026-09-22 18:17:38.3100000,37.467500,-122.166940
1818805,"Menlo Park",3567,233,"10S","10S1H5S2Q",1,2025-05-12 21:31:48.6870000,2060820,0,2068,2026-09-22 18:17:43.3270000,37.453830,-122.182190
2222724,"Manning",3576,233,"10T","10T1H5S1Q",2,2023-01-12 13:53:57.1170000,0,58922,0,2026-09-22 18:17:47.9500000,45.664830,-123.163720
1819179,"Felton Gables",3567,233,"10S","10S1H5S2Q",1,2026-04-23 22:32:18.7070000,2051579,0,2068,2026-09-22 18:17:48.2800000,37.461940,-122.189440
2221310,"Banks",3576,233,"10T","10T1H5S1Q",2,2026-01-12 18:17:19.9200000,0,105968,0,2026-09-22 18:17:56.2270000,45.618720,-123.114280
2222033,"Hayward",3576,233,"10T","10T1H5S1Q",2,2018-08-16 16:34:03.8170000,0,114024,0,2026-09-22 18:18:02.8170000,45.644280,-123.216780
2222135,"Glenwood",3576,233,"10T","10T1H5S1Q",2,2018-08-16 16:34:09.3470000,0,2282257,0,2026-09-22 18:18:10.1800000,45.649280,-123.270950
2578718,"Rakitovka",2658,192,"39U","39U1H5S1Q",3,2023-02-25 07:40:29.7630000,0,0,1030944,2026-09-22 18:18:19.2370000,53.266670,50.283330
1855683,"Pierce",3567,233,"10S","10S1H2S4Q",3,2020-10-29 05:08:42.6630000,0,0,1615237,2026-09-22 18:18:25.2500000,38.125470,-122.100520
2057476,"Campo Catino",1377,110,"33T","33T2H4S2Q",3,2013-04-19 23:40:20.7100000,0,0,101303,2026-09-22 18:18:28.2030000,41.833330,13.333330
1922719,"Roosevelt Park",3561,233,"18S","18S1H2S1Q",2,,28366,39435,4200,2026-09-22 18:20:57.4530000,39.378170,-75.024900
2591917,"Baldwinstown",1260,102,"29U","29U1H6S2Q",3,2018-10-16 13:57:11.6700000,0,12602,1421164,2026-09-22 18:25:09.3930000,53.564720,-6.355280
2498082,"Schwefe",707,57,"32U","32U2H2S1Q",3,2026-09-22 18:25:17.6700000,0,0,1043,2026-09-22 18:25:17.6700000,51.583330,8.033330
2495812,"Hohberg",707,57,"32U","32U2H1S2Q",3,2026-09-22 18:25:22.3930000,0,0,1017,2026-09-22 18:25:22.3930000,51.533330,7.983330
2498902,"Klotingen",707,57,"32U","32U2H1S2Q",3,2026-09-22 18:25:25.9570000,0,0,1055,2026-09-22 18:25:25.9570000,51.600000,7.983330
2500438,"Suddinker",707,57,"32U","32U2H1S2Q",3,2026-09-22 18:25:30.0970000,0,0,1030,2026-09-22 18:25:30.1000000,51.633330,7.916670
2105527,"Shumaker Crossing",3562,233,"18T","18T2H1S4Q",1,2024-08-09 23:15:38.9500000,13226,0,0,2026-09-22 18:25:35.8800000,42.894510,-76.569660
2533102,"Lintorf",708,57,"32U","32U1H5S3Q",3,2026-09-22 18:27:50.2970000,0,0,946,2026-09-22 18:27:50.2970000,52.316670,8.433330
2533103,"Hordinghausen",708,57,"32U","32U1H5S3Q",3,2026-09-22 18:27:55.5770000,0,0,721,2026-09-22 18:27:55.5800000,52.316670,8.450000
2533901,"Schrottinghausen",707,57,"32U","32U1H5S3Q",3,2026-09-22 18:27:59.2630000,0,0,996,2026-09-22 18:27:59.2630000,52.333330,8.466670
2533900,"Wimmer",708,57,"32U","32U1H5S3Q",3,2026-09-22 18:28:03.8600000,0,0,1039,2026-09-22 18:28:03.8600000,52.333330,8.433330
2533104,"Dahlinghausen",708,57,"32U","32U1H5S3Q",3,2026-09-22 18:28:07.3100000,632,0,1231,2026-09-22 18:28:07.3100000,52.316670,8.466670
2540138,"Stoke Albany",979,77,"30U","30U1H6S4Q",1,2026-09-21 12:49:10.2100000,391100,0,0,2026-09-22 18:28:37.0730000,52.466670,-0.800000
2281324,"Hitzkirch",517,43,"32T","32T1H2S1Q",1,2026-09-22 18:28:45.5370000,802,0,0,2026-09-22 18:28:45.5370000,47.224030,8.264250
2413169,"Zbydniowice",2439,180,"34U","34U2H4S2Q",2,2026-08-11 04:33:15.9030000,0,418014,0,2026-09-22 18:29:11.2430000,49.966240,19.954430
2533105,"Harlinghausen",707,57,"32U","32U1H5S3Q",3,2026-09-22 18:30:43.0770000,632,0,938,2026-09-22 18:30:43.0770000,52.316670,8.483330
1749528,"Oak Hill",3548,233,"17S","17S1H4S4Q",3,2022-12-24 05:44:13.7030000,1385,300,2162,2026-09-22 18:31:18.2930000,36.354550,-82.592100
2120090,"Perrinton",3557,233,"16T","16T2H3S2Q",1,2017-05-10 06:41:54.3900000,3008432,0,0,2026-09-22 18:31:25.3330000,43.182810,-84.679170
2120390,"Middleton",3557,233,"16T","16T2H3S2Q",1,2017-05-10 06:32:12.0100000,3020190,0,0,2026-09-22 18:31:30.0900000,43.183370,-84.708890
2122118,"Sethton",3557,233,"16T","16T2H3S2Q",1,2017-05-10 06:26:22.3300000,3005170,0,0,2026-09-22 18:31:35.9070000,43.219760,-84.777510
2119080,"Brice",3557,233,"16T","16T2H3S2Q",1,2010-01-01 00:00:00.0000000,3014853,0,0,2026-09-22 18:31:42.4130000,43.161700,-84.758340
1757032,"Christian Bend",3548,233,"17S","17S1H4S4Q",1,,935,750,0,2026-09-22 18:31:45.0700000,36.475100,-82.794610
2119845,"Carson City",3557,233,"16T","16T2H3S2Q",1,2016-07-22 14:19:19.1570000,3009768,0,0,2026-09-22 18:31:48.3830000,43.176980,-84.846390
2120389,"Butternut",3557,233,"16T","16T2H3S2Q",1,2016-07-22 14:20:46.1830000,3007738,0,0,2026-09-22 18:31:53.0370000,43.183370,-84.915560
2120699,"Vickeryville",3557,233,"16T","16T2H3S2Q",1,2016-11-20 02:07:57.6300000,3011588,0,0,2026-09-22 18:31:57.6200000,43.192250,-84.965290
2678915,"Mamontovka",2671,192,"37U","37U1H1S2Q",2,2026-09-13 15:16:07.8870000,0,1026278,5399,2026-09-22 18:32:00.1170000,55.980830,37.819720
1754706,"Dykes Mill",3548,233,"17S","17S1H4S4Q",1,,6201,458,0,2026-09-22 18:32:01.7400000,36.438160,-82.702930
2121605,"Sheridan",3557,233,"16T","16T2H3S1Q",1,2019-01-01 23:04:05.7270000,3014103,0,0,2026-09-22 18:32:06.8300000,43.212250,-85.073630
2533106,"Engershausen",707,57,"32U","32U1H5S3Q",3,2026-09-22 18:32:38.0230000,632,0,938,2026-09-22 18:32:38.0230000,52.316670,8.500000
2283132,"Pacific",3578,233,"10T","10T1H2S2Q",1,2018-10-19 04:45:39.2430000,1615174,0,0,2026-09-22 18:36:27.5630000,47.264550,-122.250120
2284046,"Algona",3578,233,"10T","10T1H2S2Q",1,2010-01-01 00:00:00.0000000,1220585,0,0,2026-09-22 18:36:39.5200000,47.278990,-122.252060
2230240,"Mishawaka",3576,233,"10T","10T1H5S1Q",2,2026-01-13 07:11:50.6000000,0,5832,0,2026-09-22 18:37:18.3970000,45.863170,-123.568460
1577374,"Tutwiler Farm",3551,233,"16S","16S2H5S2Q",1,2026-08-03 08:13:14.2670000,30065,0,0,2026-09-22 18:37:37.6270000,33.615380,-86.628880
2230295,"Elsie",3576,233,"10T","10T1H5S1Q",2,2022-10-26 01:08:48.1900000,0,5992,0,2026-09-22 18:37:54.2800000,45.865670,-123.594850
1904634,"East Arboga",3567,233,"10S","10S1H3S1Q",2,2013-07-26 01:39:44.4870000,0,2510685,135314,2026-09-22 18:38:34.7770000,39.056840,-121.551630
1902053,"Potomac Falls",3542,233,"18S","18S1H1S1Q",1,2016-10-22 02:42:10.2730000,889197,0,14066,2026-09-22 18:39:10.9800000,39.013440,-77.230540
2089885,"Kopanitsa",279,22,"34T","34T2H3S3Q",1,2026-09-09 11:21:34.4430000,19506,0,0,2026-09-22 18:39:49.7470000,42.566670,22.916670
2535491,"Osterwiehe",708,57,"32U","32U1H5S3Q",3,2026-09-22 18:40:00.6030000,0,0,1401,2026-09-22 18:40:00.6030000,52.366670,8.366670
2535490,"Bohmte",708,57,"32U","32U1H5S3Q",3,2026-09-22 18:40:17.5230000,0,0,933,2026-09-22 18:40:17.5230000,52.366670,8.316670
2536260,"Bohmterheide",708,57,"32U","32U1H5S3Q",3,2026-09-22 18:40:22.6500000,0,0,930,2026-09-22 18:40:22.6500000,52.383330,8.333330
2546353,"Wargowo Drugie",2451,180,"33U","33U1H6S3Q",3,2026-09-22 18:41:14.7230000,0,0,1182,2026-09-22 18:41:14.7230000,52.600000,16.816670
1514304,"Pecan Hill",3549,233,"14S","14S2H6S4Q",3,2025-10-15 22:53:09.0770000,0,0,221508,2026-09-22 18:42:43.0830000,32.486530,-96.785830
2548460,"Necton",979,77,"31U","31U1H4S3Q",3,2026-09-22 18:43:26.9000000,0,1352,3102,2026-09-22 18:43:26.9000000,52.649940,0.775390
2292130,"Budapest XX. keruelet",1222,100,"34T","34T1H1S2Q",1,2017-04-20 16:32:54.1430000,871705,0,0,2026-09-22 18:43:29.1570000,47.436740,19.100930
2550042,"Great Dunham",979,77,"31U","31U1H4S3Q",3,2026-09-22 18:44:01.5270000,0,0,1159,2026-09-22 18:44:01.5270000,52.683330,0.766670
1727805,"Durham",3545,233,"17S","17S2H3S2Q",3,2019-11-26 19:49:32.8900000,0,300,30096736,2026-09-22 18:44:04.6870000,35.994030,-78.898620
2550044,"Great Fransham",979,77,"31U","31U1H4S3Q",2,2014-07-30 17:01:55.9570000,0,48664,817,2026-09-22 18:44:47.8700000,52.683330,0.783330
2536259,"Steinbrink",708,57,"32U","32U1H5S3Q",3,2026-09-22 18:45:31.6500000,0,0,934,2026-09-22 18:45:31.6500000,52.383330,8.316670
2536258,"Auf der Bruchheide",708,57,"32U","32U1H5S3Q",3,2026-09-22 18:45:35.3600000,0,0,938,2026-09-22 18:45:35.3600000,52.383330,8.300000
1726994,"Oak Grove",3545,233,"17S","17S2H3S2Q",3,2013-07-05 03:05:18.6770000,0,300,2098966,2026-09-22 18:46:15.4500000,35.981530,-78.820560
1956519,"Superior",3568,233,"13S","13S1H2S1Q",2,2014-04-20 21:17:47.2370000,0,930999,0,2026-09-22 18:47:29.3800000,39.952760,-105.168600
1847279,"Tylerton",3542,233,"18S","18S1H4S2Q",3,2026-09-22 11:47:46.8800000,0,0,2299,2026-09-22 18:47:48.9000000,37.967900,-76.022990
1847560,"Smith Island",3542,233,"18S","18S1H4S2Q",3,2026-09-22 11:47:50.8070000,0,0,2299,2026-09-22 18:47:52.2270000,37.974300,-76.026570
1847557,"Rhodes Point",3542,233,"18S","18S1H4S2Q",3,2026-09-22 11:47:53.9830000,0,0,2301,2026-09-22 18:47:54.5700000,37.974290,-76.041050
1847884,"Smith Island",3542,233,"18S","18S1H4S2Q",3,2026-09-22 11:48:00.0730000,0,0,2301,2026-09-22 18:47:57.4370000,37.981240,-76.029940
1595166,"Spartan Lane",3539,233,"17S","17S2H4S1Q",1,2013-09-16 13:54:31.7230000,585677,0,0,2026-09-22 18:47:58.1430000,33.898170,-83.405990
1848757,"Ewell",3542,233,"18S","18S1H4S2Q",3,2026-09-22 11:48:02.8470000,0,0,2301,2026-09-22 18:47:59.4400000,37.995680,-76.033270
1884883,"Fairbank",3542,233,"18S","18S1H1S4Q",3,2026-09-22 03:11:22.2930000,0,0,2290,2026-09-22 18:48:08.2200000,38.685670,-76.338000
1885624,"Tilghman Island Beach",3542,233,"18S","18S1H1S4Q",3,2026-09-22 03:11:27.2300000,0,0,2290,2026-09-22 18:48:12.2200000,38.700120,-76.341890
1885737,"Tilghman Island",3542,233,"18S","18S1H1S4Q",3,2026-09-22 03:11:33.1170000,0,0,2290,2026-09-22 18:48:16.0230000,38.702950,-76.335380
2531615,"Neu Reichenwalde",713,57,"33U","33U1H5S3Q",3,2026-09-22 09:41:21.2070000,0,0,1938,2026-09-22 18:48:36.7100000,52.283330,14.000000
2151570,"Plaza",3573,233,"11T","11T2H2S2Q",3,2023-04-22 05:20:40.2700000,0,4200,14905,2026-09-22 18:49:01.4130000,43.911280,-116.432910
2546915,"Smilowo",2451,180,"33U","33U1H6S3Q",3,2026-09-06 05:22:09.9330000,0,0,2028,2026-09-22 18:49:37.0700000,52.615050,16.543530
2548128,"Szczuczyn",2451,180,"33U","33U1H6S3Q",3,2026-09-07 15:34:53.7700000,0,0,2230,2026-09-22 18:49:40.4130000,52.638090,16.576960
2548832,"Piotrkowko",2451,180,"33U","33U1H6S3Q",3,2026-09-09 16:50:53.3670000,0,0,2500,2026-09-22 18:49:43.7770000,52.653150,16.608860
2547621,"Popowko",2451,180,"33U","33U1H6S3Q",3,2026-09-11 13:41:52.6770000,0,0,2356,2026-09-22 18:49:50.7070000,52.631720,16.672480
2546938,"Zukowo",2451,180,"33U","33U1H6S3Q",3,2026-09-18 19:02:10.8500000,0,0,2203,2026-09-22 18:50:00.6630000,52.615990,16.723990
2547488,"Wymyslowo",2451,180,"33U","33U1H6S3Q",3,2025-10-28 21:30:58.5900000,0,0,8002,2026-09-22 18:50:04.3870000,52.626660,16.762940
1593805,"Home Gardens",3567,233,"11S","11S2H5S1Q",3,2021-06-13 05:33:56.9270000,0,0,521610,2026-09-22 18:51:52.0900000,33.880210,-117.514130
1916535,"Helmsburg",3555,233,"16S","16S1H2S2Q",2,2013-09-12 04:05:12.7900000,0,6255384,0,2026-09-22 18:52:02.6300000,39.265330,-86.292770
2535489,"Arenshorst",708,57,"32U","32U1H5S3Q",3,2026-09-22 18:54:55.6870000,0,0,944,2026-09-22 18:54:55.6870000,52.366670,8.283330
2537093,"An der Hunte",708,57,"32U","32U1H5S3Q",3,2026-09-22 18:55:00.7670000,0,112,937,2026-09-22 18:55:00.7670000,52.400000,8.300000
2535487,"Feldkamp",708,57,"32U","32U1H5S3Q",3,2026-09-22 18:55:21.3930000,0,0,934,2026-09-22 18:55:21.3930000,52.366670,8.266670
1410744,"Jonestown",3549,233,"14R","14R1H3S3Q",2,2024-09-23 03:09:23.2970000,0,9084720,0,2026-09-22 18:55:25.8600000,30.495470,-97.923350
2525592,"Ostenfelde",708,57,"32U","32U1H5S3Q",3,2026-09-22 18:55:42.9500000,0,300,945,2026-09-22 18:55:42.9500000,52.166670,8.383330
1363240,"Williston Highlands",3538,233,"17R","17R1H4S2Q",1,2025-11-04 11:58:16.0300000,307316,0,0,2026-09-22 18:57:53.4800000,29.333710,-82.535720
2293050,"Zuerich-Kloten Airport",503,43,"32T","32T1H2S1Q",3,2023-05-24 13:55:32.8030000,0,0,27261743,2026-09-22 18:58:29.0830000,47.457750,8.555770
2445854,"Lille",950,75,"31U","31U2H2S4Q",2,2013-11-16 12:00:01.8900000,0,99916880,1200,2026-09-22 18:58:29.0930000,50.633330,3.066670
2365566,"Quessigny",956,75,"31U","31U2H4S4Q",3,2021-08-20 04:59:48.2230000,0,0,356967,2026-09-22 18:58:38.5330000,48.930460,1.270150
2040376,"Ocata",909,68,"31T","31T2H5S1Q",3,2018-01-13 17:58:35.1370000,0,0,822707,2026-09-22 19:00:24.8770000,41.481380,2.325750
2550852,"Beeston",979,77,"31U","31U1H4S3Q",2,2024-06-13 06:15:22.2670000,0,104405,362,2026-09-22 19:05:04.6970000,52.700000,0.816670
2357614,"Tournan-en-Brie",955,75,"31U","31U2H5S3Q",2,2026-04-25 15:12:48.8370000,0,1677,0,2026-09-22 19:05:21.0500000,48.741460,2.772000
2548149,"Stowbridge",979,77,"31U","31U1H4S3Q",3,2026-09-22 19:05:29.9030000,0,0,1357,2026-09-22 19:05:29.9030000,52.638690,0.365470
2355405,"Liverdy-en-Brie",955,75,"31U","31U2H5S3Q",2,2026-04-25 15:11:58.5030000,0,2314,0,2026-09-22 19:05:35.0930000,48.699870,2.776060
2355189,"Retal",955,75,"31U","31U2H5S3Q",2,2026-04-25 15:11:28.5000000,0,2276,0,2026-09-22 19:05:43.8100000,48.685740,2.777620
1403415,"Claybank",3541,233,"15R","15R1H3S4Q",2,2025-09-20 16:18:43.7930000,0,1887349,0,2026-09-22 19:05:45.9130000,30.338800,-90.863150
2355984,"Les Fontaines-de-Presles",955,75,"31U","31U2H5S3Q",2,2026-03-31 12:16:24.3130000,0,2272,0,2026-09-22 19:05:52.5070000,48.702660,2.755960
2363543,"Sancy",955,75,"31U","31U2H5S3Q",2,2026-09-22 19:06:27.1670000,0,1058,0,2026-09-22 19:06:27.1670000,48.883330,2.966670
1885756,"Tilghman Island",3542,233,"18S","18S1H1S4Q",3,2026-09-22 03:11:36.5600000,0,0,2290,2026-09-22 19:06:40.5030000,38.703730,-76.338560
2546577,"Downham Market",979,77,"31U","31U1H4S3Q",3,2026-09-22 19:05:39.2500000,0,0,22607,2026-09-22 19:06:41.3600000,52.602890,0.378990
1885987,"Avalon",3542,233,"18S","18S1H1S4Q",3,2026-09-22 03:11:40.2400000,0,0,2290,2026-09-22 19:06:42.8630000,38.709290,-76.338280
1886486,"Tilghman",3542,233,"18S","18S1H1S4Q",3,2026-09-01 11:58:53.0970000,0,0,3545,2026-09-22 19:06:45.7130000,38.717060,-76.334390
2361149,"Guerard",955,75,"31U","31U2H5S3Q",2,2026-09-22 19:06:48.7930000,0,1058,0,2026-09-22 19:06:48.7930000,48.820860,2.959690
2360529,"La Celle-sur-Morin",955,75,"31U","31U2H5S3Q",2,2026-09-22 19:06:54.6730000,0,1058,0,2026-09-22 19:06:54.6730000,48.811460,2.969200
1889339,"Tricfield",3542,233,"18S","18S1H1S4Q",3,2026-09-22 03:27:10.6900000,0,0,2290,2026-09-22 19:07:00.2400000,38.775670,-76.226890
2358462,"Hautefeuille",955,75,"31U","31U2H5S3Q",2,2026-09-22 19:07:08.7100000,0,1005,0,2026-09-22 19:07:08.7100000,48.765520,2.968060
1889882,"Saint Michaels",3542,233,"18S","18S1H1S4Q",3,2026-09-22 03:26:21.8630000,0,0,2290,2026-09-22 19:07:10.1600000,38.785120,-76.224390
2547258,"Stradsett",979,77,"31U","31U1H4S3Q",3,2026-09-22 19:07:10.6670000,0,0,1351,2026-09-22 19:07:10.6670000,52.617800,0.458160
1890847,"Swan Villas",3542,233,"18S","18S1H1S4Q",3,2026-09-22 03:26:17.9430000,0,0,2290,2026-09-22 19:07:16.0830000,38.805120,-76.216610
1890885,"Gullwing Villas",3542,233,"18S","18S1H1S4Q",3,2026-09-22 03:11:55.8170000,0,0,2290,2026-09-22 19:07:19.5330000,38.805950,-76.219950
2547705,"Shouldham Thorpe",979,77,"31U","31U1H4S3Q",3,2026-09-22 19:07:21.5930000,0,0,1367,2026-09-22 19:07:21.5970000,52.633330,0.466670
1891012,"Quail Hollow",3542,233,"18S","18S1H1S4Q",3,2026-09-22 03:11:52.1800000,0,0,2290,2026-09-22 19:07:22.8900000,38.809560,-76.226340
2547576,"Fincham",979,77,"31U","31U1H4S3Q",3,2026-09-22 19:07:32.4600000,0,0,1367,2026-09-22 19:07:32.4600000,52.629680,0.494730
2290985,"Niederrohrdorf",528,43,"32T","32T1H2S1Q",3,2023-01-25 08:48:20.8430000,6902,0,9481846,2026-09-22 19:08:30.1400000,47.416670,8.300000
1983613,"Crumb Corner",3555,233,"16T","16T2H5S4Q",3,2025-01-19 15:38:31.5700000,0,0,504649,2026-09-22 19:08:34.7600000,40.453920,-86.927790
2549892,"St Johns Fen End",979,77,"31U","31U1H4S3Q",3,2026-09-22 19:08:34.9870000,0,0,1357,2026-09-22 19:08:34.9870000,52.678780,0.269850
2305265,"Herings",715,57,"32T","32T1H3S1Q",3,2014-09-03 05:29:29.4970000,0,0,21150,2026-09-22 19:10:38.6430000,47.716670,10.533330
1907649,"Beale Air Force Base",3567,233,"10S","10S1H3S1Q",3,2026-04-21 06:01:27.3730000,0,0,2010862,2026-09-22 19:11:40.7370000,39.109170,-121.354440
2351468,"Champdeuil",955,75,"31U","31U2H5S3Q",2,2026-03-31 12:16:04.0000000,0,2242,0,2026-09-22 19:11:41.1070000,48.616670,2.733330
1907746,"Waldo Junction",3567,233,"10S","10S1H3S1Q",3,2026-07-10 15:17:45.1900000,0,0,1046508,2026-09-22 19:11:43.2700000,39.111010,-121.309120
1914772,"Lake Wildwood",3567,233,"10S","10S1H3S1Q",3,2026-05-18 22:50:17.8770000,0,0,9593,2026-09-22 19:11:54.7100000,39.232950,-121.200510
1912616,"Starbright Acres",3567,233,"10S","10S1H3S1Q",3,2026-06-03 02:18:07.5700000,0,0,53326,2026-09-22 19:12:19.1400000,39.195170,-121.087730
2353074,"Les Etards",955,75,"31U","31U2H5S3Q",2,2026-04-25 15:12:21.5000000,0,2286,0,2026-09-22 19:12:20.1670000,48.650000,2.750000
1912801,"Cedar Ridge",3567,233,"10S","10S1H3S1Q",3,2026-07-04 03:51:51.5100000,0,0,4650,2026-09-22 19:12:28.3000000,39.198780,-121.021060
2739939,"Raguzina",2661,192,"35V","35V2H5S2Q",2,2026-05-30 05:15:33.7070000,0,1132777,18300,2026-09-22 19:12:31.0570000,57.830480,27.651460
2070007,"Erie",3584,233,"17T","17T2H2S4Q",1,2013-08-09 06:17:28.1200000,7549518,0,3300,2026-09-22 19:12:31.0630000,42.129220,-80.085060
2305264,"Ried",715,57,"32T","32T1H3S1Q",3,2024-10-04 12:52:09.3970000,0,0,19790,2026-09-22 19:13:09.5630000,47.716670,10.516670
2245463,"Cedar Bank",3557,233,"16T","16T1H2S3Q",1,2022-03-24 13:00:41.5170000,533178,0,0,2026-09-22 19:13:58.2270000,46.296890,-87.266810
2078502,"Dwight",3583,233,"18T","18T2H3S4Q",1,2015-05-04 14:55:37.6500000,600404,0,0,2026-09-22 19:14:04.0770000,42.327870,-72.449530
1732838,"Friendly Homes",3545,233,"17S","17S1H6S3Q",3,2026-09-22 19:15:19.0870000,0,0,1160,2026-09-22 19:15:19.0870000,36.080690,-79.821140
1752023,"Dobson",3545,233,"17S","17S1H5S4Q",3,2026-09-22 19:15:39.5500000,0,0,1096,2026-09-22 19:15:39.5500000,36.395690,-80.722570
2364171,"Courbevoie",955,75,"31U","31U2H5S3Q",3,2023-06-08 16:22:12.9700000,0,1396,1396342,2026-09-22 19:15:57.0900000,48.896720,2.256660
1747608,"Austin",3545,233,"17S","17S1H5S4Q",3,2026-09-22 19:16:13.1370000,0,0,1088,2026-09-22 19:16:13.1370000,36.323740,-80.977020
1748987,"Traphill",3545,233,"17S","17S1H5S3Q",3,2026-09-22 19:16:32.2730000,0,0,1087,2026-09-22 19:16:32.2730000,36.346520,-81.032580
1750614,"Joynes",3545,233,"17S","17S1H5S3Q",3,2026-09-22 19:16:35.7170000,0,0,1092,2026-09-22 19:16:35.7170000,36.370960,-81.066750
1747897,"Moxley",3545,233,"17S","17S1H5S3Q",3,2026-09-22 19:16:38.2670000,0,0,1086,2026-09-22 19:16:38.2670000,36.329300,-81.092030
1746583,"Dockery",3545,233,"17S","17S1H5S3Q",3,2026-09-22 19:16:41.3300000,0,0,1086,2026-09-22 19:16:41.3300000,36.307350,-81.081470
2204397,"Saint-Valentin",459,38,"18T","18T1H6S1Q",3,2026-09-22 19:17:44.9700000,0,0,786,2026-09-22 19:17:44.9700000,45.133380,-73.315860
2204398,"Saint-Paul-de-l'Ile-aux-Noix",459,38,"18T","18T1H6S1Q",3,2026-09-22 19:17:57.8230000,0,46,600,2026-09-22 19:17:57.8230000,45.133380,-73.282450
13493,"Mount Victoria",143,13,"56H","56H1H1S3Q",2,2026-09-22 19:18:08.3870000,0,1539,0,2026-09-22 19:18:08.3870000,-33.583330,150.250000
13273,"Medlow Bath",143,13,"56H","56H1H1S3Q",2,2026-09-22 19:18:41.2330000,0,1023,0,2026-09-22 19:18:41.2330000,-33.666670,150.283330
13192,"Katoomba",143,13,"56H","56H1H1S3Q",3,2025-04-05 21:53:09.5100000,0,2347,9583,2026-09-22 19:18:59.1470000,-33.700000,150.300000
2444621,"Lhoneux",255,20,"31U","31U2H3S4Q",1,2022-02-13 13:36:03.3970000,4989,0,0,2026-09-22 19:19:30.2000000,50.607810,5.622770
13141,"Blue Mountains",143,13,"56H","56H1H1S3Q",3,2025-04-05 10:17:26.5830000,0,300,19080,2026-09-22 19:19:32.9200000,-33.713310,150.330650
30627,"Greenbank",142,13,"56J","56J1H5S3Q",1,2026-09-22 19:19:49.5930000,788,0,0,2026-09-22 19:19:49.5930000,-27.716670,152.983330
30414,"Coleyville",142,13,"56J","56J1H5S3Q",1,2026-09-22 19:19:54.4500000,788,0,0,2026-09-22 19:19:54.4500000,-27.816670,152.900000
1794043,"Womacks",3585,233,"17S","17S1H6S2Q",2,2025-03-22 02:57:50.6100000,0,3169,0,2026-09-22 19:23:06.5200000,37.073480,-78.696110
2529933,"Stutgarten",713,57,"33U","33U1H4S4Q",3,2026-09-22 19:23:58.8070000,0,0,788,2026-09-22 19:23:58.8070000,52.250000,13.900000
1639027,"Oakland Crossroads",3547,233,"17S","17S2H3S3Q",2,2019-10-22 17:40:25.1800000,0,478382,0,2026-09-22 19:24:38.6000000,34.539050,-79.366160
2303001,"Puspokmajor",1217,100,"34T","34T1H1S2Q",3,2024-12-30 10:40:23.5900000,0,0,2692273,2026-09-22 19:26:07.3200000,47.666670,19.066670
1621574,"Mayo Heights",3547,233,"17S","17S2H3S3Q",2,2024-01-25 13:07:32.7900000,0,2465,0,2026-09-22 19:26:49.4800000,34.288210,-79.868120
1598535,"Shiloh",3547,233,"17S","17S2H5S2Q",2,2026-09-22 19:27:25.5400000,0,1156,0,2026-09-22 19:27:28.3930000,33.946290,-80.020610
12110,"Woronora",143,13,"56H","56H1H4S2Q",3,2018-11-24 07:51:46.9500000,0,0,1003947,2026-09-22 19:29:05.7270000,-34.016670,151.033330
2228654,"Mille-Isles",459,38,"18T","18T1H5S2Q",1,2026-06-07 02:50:23.4530000,400024,0,0,2026-09-22 19:29:13.6670000,45.816780,-74.215920
1590566,"Carson",3567,233,"11S","11S2H4S2Q",3,2015-01-13 18:32:24.4830000,0,0,1071506,2026-09-22 19:29:34.5770000,33.831410,-118.282020
1391852,"Waller",3549,233,"15R","15R1H1S3Q",1,2013-10-28 23:05:18.0100000,14244860,0,0,2026-09-22 19:31:44.1670000,30.056610,-95.926900
12226,"Sans Souci",143,13,"56H","56H1H1S4Q",3,2017-06-02 20:13:13.9070000,0,517,1078780,2026-09-22 19:31:53.8270000,-33.983330,151.133330
1878214,"Pond Acres",3537,233,"18S","18S1H2S3Q",1,2026-06-23 16:25:01.4400000,164597,0,0,2026-09-22 19:32:09.2200000,38.554000,-75.068510
2058603,"Trevi nel Lazio",1377,110,"33T","33T2H4S2Q",3,2014-01-25 21:24:05.5800000,0,0,55063,2026-09-22 19:34:02.2730000,41.863020,13.250100
12158,"Illawong",143,13,"56H","56H1H4S2Q",3,2019-06-21 07:52:04.9900000,0,0,1003759,2026-09-22 19:34:14.9930000,-34.000000,151.033330
2529035,"Wochowsee",713,57,"33U","33U1H4S4Q",3,2026-09-22 19:34:28.3130000,0,517,787,2026-09-22 19:34:28.3130000,52.233330,13.900000
2076271,"Cooks Corner",3583,233,"18T","18T2H3S4Q",1,2019-07-21 14:35:13.8670000,610606,0,0,2026-09-22 19:35:15.3100000,42.277870,-72.470360
2531611,"Alt Stahnsdorf",713,57,"33U","33U1H4S4Q",3,2026-09-22 18:59:31.6070000,0,0,1894,2026-09-22 19:36:42.1370000,52.283330,13.883330
2687512,"Yeremino",2671,192,"37V","37V2H5S3Q",2,2026-04-17 04:57:47.8270000,0,46713,0,2026-09-22 19:36:56.1130000,56.216670,38.166670
2693683,"Monzie",977,77,"30V","30V2H5S3Q",1,2026-09-22 19:37:49.4370000,1230,0,0,2026-09-22 19:37:49.4370000,56.400000,-3.800000
2446499,"Les Pietresses",255,20,"31U","31U2H3S4Q",1,2023-09-12 10:41:41.8600000,100530,0,0,2026-09-22 19:40:29.4130000,50.641270,5.652610
2291742,"Thalheim",528,43,"32T","32T1H2S1Q",3,2024-08-13 07:24:45.8470000,0,0,8541337,2026-09-22 19:41:43.7870000,47.433330,8.100000
154344,"Machu Picchu",2383,175,"18L","18L2H3S4Q",1,2019-08-05 09:50:40.9170000,598687,0,0,2026-09-22 19:46:12.2030000,-13.158330,-72.531390
2527208,"Georgsmarienhutte",708,57,"32U","32U1H5S3Q",1,2026-09-22 19:47:08.8600000,855,4,0,2026-09-22 19:47:08.8600000,52.200000,8.050000
2528045,"Altholzhausen",708,57,"32U","32U1H5S3Q",1,2026-09-22 19:47:31.7630000,1064,252,0,2026-09-22 19:47:31.7630000,52.216670,8.016670
1961268,"Mayfair",3584,233,"18T","18T2H5S3Q",1,2015-02-10 22:12:46.6700000,959557,0,0,2026-09-22 19:47:37.3400000,40.033720,-75.034060
1888205,"Solitude",3542,233,"18S","18S1H1S4Q",3,2026-09-22 03:36:52.0030000,0,0,2290,2026-09-22 19:49:15.6470000,38.751780,-76.199110
1889105,"Riverside",3542,233,"18S","18S1H1S4Q",3,2026-09-22 03:36:34.4170000,0,0,2290,2026-09-22 19:49:19.8970000,38.770120,-76.207450
1889120,"Madison Place",3542,233,"18S","18S1H1S4Q",3,2026-09-22 03:26:36.0670000,0,0,2290,2026-09-22 19:49:24.5130000,38.770400,-76.204110
1889340,"Cove View",3542,233,"18S","18S1H1S4Q",3,2026-09-22 03:29:27.9370000,0,0,2290,2026-09-22 19:49:28.9830000,38.775670,-76.204110
1889426,"Rio Vista",3542,233,"18S","18S1H1S4Q",3,2026-09-22 03:26:26.5900000,0,0,2290,2026-09-22 19:49:32.8430000,38.777900,-76.210500
1888386,"Rays Point",3542,233,"18S","18S1H1S4Q",3,2026-09-22 03:36:44.9170000,0,0,2290,2026-09-22 19:49:40.2900000,38.756780,-76.219110
1887541,"Edgeview",3542,233,"18S","18S1H1S4Q",3,2026-09-22 19:49:47.2600000,0,0,1090,2026-09-22 19:49:47.2600000,38.739010,-76.200220
1888271,"Newcomb",3542,233,"18S","18S1H1S4Q",3,2026-09-22 19:49:52.4830000,0,0,1090,2026-09-22 19:49:52.4830000,38.753730,-76.176060
2575251,"Wingerworth",979,77,"30U","30U1H6S1Q",3,2024-05-14 19:11:30.7430000,0,0,1133200,2026-09-22 19:50:03.2630000,53.200000,-1.433330
2546351,"Grunow",713,57,"33U","33U1H5S3Q",2,2025-05-20 20:49:57.4930000,0,1786,0,2026-09-22 19:50:13.4400000,52.600000,14.033330
2547390,"Henriettenhof",713,57,"33U","33U1H5S3Q",2,2016-06-20 16:46:59.6070000,0,95295,0,2026-09-22 19:51:38.9970000,52.623060,14.501870
2036617,"Maysville",3584,233,"17T","17T2H5S2Q",3,2025-05-12 14:02:27.8370000,0,0,610761,2026-09-22 19:51:39.2530000,41.404500,-80.452570
2546920,"Neuschaumburg",713,57,"33U","33U1H5S3Q",2,2016-04-23 07:44:22.3900000,0,84576,0,2026-09-22 19:51:49.8300000,52.615300,14.564950
2549705,"Kienitz",713,57,"33U","33U1H5S3Q",2,2015-10-21 16:45:06.3870000,0,90561,0,2026-09-22 19:52:11.3330000,52.673100,14.438870
2549092,"Kienitzer Loose",713,57,"33U","33U1H5S3Q",2,2015-10-21 16:45:49.1830000,0,90764,0,2026-09-22 19:52:15.0600000,52.662490,14.423420
2549850,"Kienitz Nord",713,57,"33U","33U1H5S3Q",2,2016-06-19 19:42:01.5800000,132,89019,0,2026-09-22 19:52:20.7630000,52.677530,14.401020
2527309,"Streganz",713,57,"33U","33U1H4S4Q",3,2026-09-22 19:52:22.8670000,0,0,636,2026-09-22 19:52:22.8670000,52.200000,13.833330
2528161,"Kolonie Klein Eichholz",713,57,"33U","33U1H4S4Q",3,2026-09-22 19:52:27.6530000,0,0,788,2026-09-22 19:52:27.6530000,52.216670,13.833330
2529033,"Gorsdorf",713,57,"33U","33U1H4S4Q",3,2026-09-22 19:52:30.8500000,0,0,753,2026-09-22 19:52:30.8500000,52.233330,13.833330
2526485,"Lippe",713,57,"33U","33U1H4S4Q",3,2026-09-22 19:52:38.8070000,0,0,760,2026-09-22 19:52:38.8070000,52.183330,13.850000
11925,"Lilli Pilli",143,13,"56H","56H1H4S2Q",3,2026-05-08 09:53:10.4070000,0,517,1005611,2026-09-22 19:52:51.7900000,-34.066670,151.116670
11924,"Deer Park",143,13,"56H","56H1H4S2Q",3,2020-09-12 22:24:53.0100000,0,517,1060459,2026-09-22 19:53:01.8270000,-34.066670,151.097220
11923,"Gundamaian",143,13,"56H","56H1H4S2Q",3,2016-03-08 12:41:40.7830000,0,517,1011035,2026-09-22 19:53:12.4100000,-34.066670,151.091670
11982,"Loftus",143,13,"56H","56H1H4S2Q",3,2017-11-16 06:54:01.4930000,0,1034,1007212,2026-09-22 19:53:23.0170000,-34.050000,151.050000
11981,"Yarrawarrah",143,13,"56H","56H1H4S2Q",3,2017-06-18 08:30:13.3100000,0,2476,1002555,2026-09-22 19:53:30.6370000,-34.050000,151.033330
2202539,"Sheridan",3576,233,"10T","10T1H5S1Q",2,2019-05-15 08:58:59.3530000,0,10201161,0,2026-09-22 19:55:42.8170000,45.099280,-123.394830
2204677,"Unionvale",3576,233,"10T","10T1H5S1Q",2,2025-12-05 07:06:45.3900000,0,5506651,0,2026-09-22 19:56:10.0800000,45.143170,-123.060660
2392601,"Ipsheim",715,57,"32U","32U2H6S1Q",3,2014-07-18 18:15:41.8900000,0,0,2551422,2026-09-22 19:58:33.5100000,49.533330,10.483330
2679434,"Davydkovo",2671,192,"37U","37U1H1S1Q",2,2023-02-23 15:24:12.0370000,0,3442,0,2026-09-22 19:59:44.4170000,55.992780,36.335280
2678353,"Kolshino",2671,192,"37U","37U1H1S1Q",2,2023-02-23 15:24:24.8130000,0,4748,0,2026-09-22 19:59:49.5130000,55.965280,36.326390
2678733,"Uspenskoye",2671,192,"37U","37U1H1S1Q",2,2023-02-24 09:38:58.6400000,0,3497,0,2026-09-22 19:59:54.2130000,55.969720,36.384170
2679347,"Nadezhdino",2671,192,"37U","37U1H1S1Q",2,2023-02-23 13:10:12.7870000,0,3441,0,2026-09-22 20:00:00.5000000,55.988330,36.364720
2678715,"Andreykovo",2671,192,"37U","37U1H1S1Q",2,2023-02-17 04:02:56.2800000,0,4411,0,2026-09-22 20:00:04.9000000,55.968330,36.420280
2678199,"Butyrki",2671,192,"37U","37U1H1S1Q",2,2023-02-17 17:09:31.5830000,0,2288,0,2026-09-22 20:00:45.0000000,55.956940,36.541110
2305263,"Durber",715,57,"32T","32T1H3S1Q",3,2024-10-04 13:36:59.1070000,0,0,19790,2026-09-22 20:02:38.8670000,47.716670,10.500000
2547780,"Chrustowo",2451,180,"33U","33U1H6S3Q",3,2026-09-18 19:02:16.4100000,0,0,2266,2026-09-22 20:04:10.9630000,52.633330,16.716670
2548409,"Niemieczkowo",2451,180,"33U","33U1H6S3Q",3,2026-09-18 19:02:23.3400000,0,0,2259,2026-09-22 20:04:18.0600000,52.648270,16.699810
2547513,"Urbanie",2451,180,"33U","33U1H6S3Q",3,2026-09-16 13:34:42.6730000,0,0,3750,2026-09-22 20:04:37.9070000,52.627620,16.699810
2549978,"Jaryszewo",2451,180,"33U","33U1H6S3Q",3,2026-09-22 18:41:08.4430000,0,0,2315,2026-09-22 20:04:46.7000000,52.682190,16.625420
2548997,"Sycyn",2451,180,"33U","33U1H6S3Q",3,2026-09-16 13:34:39.1000000,0,0,2500,2026-09-22 20:04:49.9700000,52.658960,16.642000
2548274,"Osowo",2451,180,"33U","33U1H6S3Q",3,2026-09-11 13:25:08.8970000,0,0,2500,2026-09-22 20:04:53.9800000,52.643030,16.649160
2548039,"Osowo Nowe",2451,180,"33U","33U1H6S3Q",3,2026-09-10 17:11:21.7630000,0,0,3449,2026-09-22 20:04:56.6330000,52.635220,16.646770
2059934,"Roma",1377,110,"33T","33T2H4S1Q",3,2019-06-07 12:39:31.5730000,0,0,5195427,2026-09-22 20:06:47.3470000,41.894740,12.483900
2236672,"Barberine",506,43,"32T","32T1H1S3Q",2,2025-12-13 09:59:48.3700000,0,96258,0,2026-09-22 20:07:23.5700000,46.050000,6.950000
2526388,"Kiffenbrink",708,57,"32U","32U1H5S3Q",1,2026-09-22 20:07:42.3000000,855,0,0,2026-09-22 20:07:42.3000000,52.183330,8.083330
2525584,"Hankenberge",708,57,"32U","32U1H5S3Q",1,2026-09-22 20:07:49.0330000,781,0,0,2026-09-22 20:07:49.0330000,52.166670,8.116670
2524737,"In den Hofen",708,57,"32U","32U1H5S3Q",1,2026-09-22 20:07:51.8930000,855,0,0,2026-09-22 20:07:51.8930000,52.150000,8.100000
2527209,"Ottoschacht",708,57,"32U","32U1H5S3Q",1,2026-09-22 20:07:57.1870000,770,164,0,2026-09-22 20:07:57.1870000,52.200000,8.100000
2528049,"Holsten",708,57,"32U","32U1H5S3Q",1,2026-09-22 20:08:01.9900000,1058,389,0,2026-09-22 20:08:01.9900000,52.216670,8.133330
2527211,"Kloster Osede",708,57,"32U","32U1H5S3Q",1,2026-09-22 20:08:06.3600000,1058,0,0,2026-09-22 20:08:06.3600000,52.200000,8.116670
1605099,"Harvard Heights",3567,233,"11S","11S2H1S4Q",3,2015-11-18 15:43:48.9400000,0,0,910728,2026-09-22 20:08:51.2270000,34.042220,-118.304170
2333426,"Wallburg",716,57,"32U","32U2H4S4Q",3,2022-08-31 21:30:59.3230000,0,0,407745,2026-09-22 20:11:27.6500000,48.266670,7.850000
2531268,"Klaudyn",2440,180,"34U","34U1H5S3Q",2,2019-10-17 20:09:16.5300000,0,198630,0,2026-09-22 20:14:17.2370000,52.277820,20.866130
1553065,"Mayhill",3549,233,"14S","14S2H6S1Q",3,2016-04-08 18:08:24.6700000,300,0,1119686,2026-09-22 20:14:47.9600000,33.204290,-97.084460
2059836,"Filettino",1377,110,"33T","33T2H4S2Q",3,2013-04-27 22:34:01.9430000,0,0,88843,2026-09-22 20:15:47.2230000,41.891420,13.327500
2061302,"Vallepietra",1377,110,"33T","33T2H4S2Q",3,2013-04-27 20:53:06.1800000,0,0,23447,2026-09-22 20:16:20.7900000,41.926220,13.231390
2670336,"Sobolikha",2671,192,"37U","37U1H2S1Q",2,2023-09-01 11:30:43.7130000,0,394641,0,2026-09-22 20:16:31.4330000,55.728330,38.041670
2525671,"Hermsdorf",713,57,"33U","33U1H4S4Q",3,2026-09-22 20:16:51.5730000,0,522,646,2026-09-22 20:16:51.5730000,52.166670,13.800000
2670640,"Ryazanskiy",2670,192,"37U","37U1H1S2Q",2,2023-04-07 20:44:59.2930000,0,1770391,0,2026-09-22 20:17:12.8200000,55.733330,37.766670
2670639,"Karacharovo",2670,192,"37U","37U1H1S2Q",2,2023-04-21 13:52:34.5870000,0,1419581,0,2026-09-22 20:17:33.0930000,55.733330,37.750000
2207755,"Saint-Blaise-sur-Richelieu",459,38,"18T","18T1H6S1Q",3,2026-09-22 20:19:02.0070000,300,11466,11698,2026-09-22 20:19:02.0070000,45.216780,-73.282460
2305262,"Stein",715,57,"32T","32T1H3S1Q",3,2024-10-04 10:13:16.2670000,0,0,11041,2026-09-22 20:20:16.5830000,47.716670,10.400000
2305261,"Betzenried",715,57,"32T","32T1H3S1Q",3,2024-10-04 17:58:05.9800000,0,0,10930,2026-09-22 20:20:26.1300000,47.716670,10.383330
2320685,"Hartford",3578,233,"10U","10U2H5S4Q",2,2023-12-10 17:34:36.8970000,0,1306202,0,2026-09-22 20:20:47.9000000,48.022040,-122.055410
2548392,"Gaj Maly",2451,180,"33U","33U1H6S3Q",3,2026-09-08 17:30:11.4900000,0,0,2206,2026-09-22 20:21:03.8400000,52.647400,16.535460
2549676,"Kobylniki",2451,180,"33U","33U1H6S3Q",3,2026-09-05 22:27:52.4500000,0,0,3351,2026-09-22 20:21:08.2200000,52.672470,16.554280
2548452,"Karolin",2451,180,"33U","33U1H6S3Q",3,2026-09-08 17:30:05.2100000,0,0,2500,2026-09-22 20:21:12.1430000,52.649630,16.517220
2548104,"Wygoda",2451,180,"33U","33U1H6S3Q",3,2026-09-05 22:28:41.7600000,0,0,2705,2026-09-22 20:21:15.9500000,52.637330,16.507610
2547345,"Szczepankowo",2451,180,"33U","33U1H6S3Q",3,2026-09-06 06:38:28.3570000,0,0,1610,2026-09-22 20:21:19.5070000,52.621330,16.504680
2546652,"Rudki",2451,180,"33U","33U1H6S3Q",3,2026-09-06 06:38:56.6230000,0,0,1610,2026-09-22 20:21:23.1470000,52.605330,16.483710
2546842,"Zapust",2451,180,"33U","33U1H6S3Q",3,2026-07-22 18:16:29.7930000,0,0,4869,2026-09-22 20:21:27.7630000,52.612290,16.433140
2547485,"Ostrorog",2451,180,"33U","33U1H6S3Q",3,2026-07-22 18:16:24.8500000,0,0,4869,2026-09-22 20:21:31.8300000,52.626500,16.449880
2675446,"Provanmill",977,77,"30U","30U1H1S2Q",1,2015-09-13 13:57:33.4770000,1500832,0,0,2026-09-22 20:22:27.5200000,55.883330,-4.200000
2676054,"Bishopbriggs",977,77,"30U","30U1H1S2Q",1,2015-02-16 08:42:17.7300000,1500420,0,0,2026-09-22 20:22:35.4530000,55.900000,-4.233330
2675444,"Maryhill",977,77,"30U","30U1H1S2Q",1,2010-01-01 00:00:00.0000000,1550727,0,0,2026-09-22 20:22:39.9000000,55.883330,-4.283330
2675443,"Partick",977,77,"30U","30U1H1S2Q",1,2025-11-10 19:10:27.7800000,501235,0,0,2026-09-22 20:22:46.0430000,55.883330,-4.300000
2674333,"Pollok",977,77,"30U","30U1H1S2Q",1,2026-02-28 13:46:15.9600000,499935,0,0,2026-09-22 20:22:55.9630000,55.850000,-4.300000
2674334,"Finnieston",977,77,"30U","30U1H1S2Q",1,2025-10-20 17:53:47.9400000,550017,0,0,2026-09-22 20:22:59.7700000,55.850000,-4.283330
2674195,"Pollokshields",977,77,"30U","30U1H1S2Q",1,2022-10-02 11:50:04.6600000,1500234,0,0,2026-09-22 20:23:05.2030000,55.840630,-4.277760
1744322,"Heathsville",3545,233,"18S","18S1H4S3Q",3,2026-09-22 20:23:05.9630000,0,0,1133,2026-09-22 20:23:05.9630000,36.269320,-77.764700
2674338,"Bailleston",977,77,"30U","30U1H1S2Q",1,2015-01-05 09:31:33.9500000,1500709,0,0,2026-09-22 20:23:18.7170000,55.850000,-4.133330
2125078,"Winchester",3576,233,"10T","10T2H2S1Q",2,2026-09-22 20:23:44.7370000,0,370,0,2026-09-22 20:23:44.7370000,43.280120,-123.353690
1749801,"Pierces Crossroads",3545,233,"18S","18S1H4S3Q",3,2026-09-22 20:25:27.5800000,0,0,1123,2026-09-22 20:25:27.5800000,36.359040,-77.660530
1828269,"Blanding",3571,233,"12S","12S1H6S1Q",3,2026-07-19 14:18:12.1870000,331569,0,331812,2026-09-22 20:25:30.2500000,37.624160,-109.478180
1961331,"Castilla",3571,233,"12T","12T2H5S3Q",1,2026-09-22 20:26:00.8400000,3619,0,3252,2026-09-22 20:26:00.8400000,40.035510,-111.526020
1958844,"Thistle",3571,233,"12S","12S1H2S1Q",1,2026-09-22 20:26:11.2500000,1152,0,751,2026-09-22 20:26:11.2500000,39.991340,-111.498240
1952906,"Pines",3571,233,"12S","12S1H2S1Q",1,2026-09-22 20:26:20.1830000,648,0,0,2026-09-22 20:26:20.1830000,39.897460,-111.552970
2548982,"Perwenitz",713,57,"33U","33U1H4S4Q",2,2025-05-03 08:29:06.2800000,0,482136,0,2026-09-22 20:26:26.6630000,52.658480,13.012450
791497,"Ban Bo Fai (1)",3165,218,"47P","47P1H5S4Q",1,2015-12-21 19:07:30.6500000,1709304,239350,0,2026-09-22 20:27:05.9970000,12.616670,99.950000
2121451,"Dixonville",3576,233,"10T","10T2H2S1Q",2,2026-09-22 20:27:14.1770000,0,300,32,2026-09-22 20:27:14.1770000,43.207620,-123.241180
2126357,"North Umpqua Village",3576,233,"10T","10T2H2S2Q",2,2026-09-22 20:27:22.1230000,0,303,0,2026-09-22 20:27:22.1230000,43.302620,-122.951170
2127373,"Idleyld Park",3576,233,"10T","10T2H2S1Q",2,2026-09-22 20:27:29.1900000,0,353,0,2026-09-22 20:27:29.1900000,43.323730,-123.023950
1756768,"Gumberry",3545,233,"18S","18S1H4S3Q",3,2026-09-22 20:27:37.6330000,0,0,1065,2026-09-22 20:27:37.6330000,36.470430,-77.495810
2372475,"Ladner",451,38,"10U","10U2H5S1Q",3,2013-01-06 21:49:56.2370000,0,0,7043763,2026-09-22 20:29:05.0530000,49.089380,-123.082410
1754778,"Pleasant Grove",3545,233,"18S","18S1H4S3Q",3,2026-09-22 20:29:15.5670000,0,0,1084,2026-09-22 20:29:15.5670000,36.439320,-77.444420
2525559,"Binnenhof",2265,167,"31U","31U1H6S3Q",2,2023-01-15 20:27:04.5900000,146421,685737,0,2026-09-22 20:29:42.5330000,52.166670,4.533330
2524497,"Czempin",2451,180,"33U","33U1H6S3Q",2,2025-03-28 16:07:59.6800000,0,3145617,0,2026-09-22 20:30:35.2830000,52.144040,16.764080
2118422,"Fenwick",3557,233,"16T","16T2H3S1Q",1,2019-01-02 20:00:08.1500000,3009742,0,0,2026-09-22 20:32:42.4670000,43.149200,-85.080290
2116377,"Shiloh",3557,233,"16T","16T2H3S1Q",1,2019-01-02 18:43:04.0770000,3003888,0,0,2026-09-22 20:32:47.6530000,43.104750,-85.085010
2114842,"Woods Corners",3557,233,"16T","16T2H3S1Q",1,2017-01-12 01:17:57.0600000,3007170,0,0,2026-09-22 20:32:52.7670000,43.076140,-85.075010
2110441,"Ionia",3557,233,"16T","16T2H3S3Q",1,2017-01-29 02:38:18.1770000,4076203,0,0,2026-09-22 20:32:58.2430000,42.987250,-85.071120
2109513,"South Ionia",3557,233,"16T","16T2H3S3Q",1,2017-01-29 02:38:11.9270000,3005818,0,0,2026-09-22 20:33:04.3970000,42.968920,-85.069450
2106025,"Tremaine Corners",3557,233,"16T","16T2H3S3Q",1,2017-01-29 02:37:56.8630000,3021932,0,0,2026-09-22 20:33:10.7670000,42.900590,-85.074730
2106024,"Berlin Center",3557,233,"16T","16T2H3S3Q",1,2015-11-08 22:57:40.9230000,3094614,0,0,2026-09-22 20:33:16.1530000,42.900590,-85.134170
2107280,"Saranac",3557,233,"16T","16T2H3S3Q",1,2018-03-21 17:44:07.0030000,2803393,0,0,2026-09-22 20:33:23.3330000,42.929480,-85.213070
1727513,"Stone Ridge",3548,233,"16S","16S2H2S2Q",3,2016-05-04 17:23:00.8230000,600,300,661043,2026-09-22 20:33:24.8900000,35.989230,-86.601940
1979068,"Swanders",3563,233,"16T","16T2H6S4Q",3,2026-09-22 20:34:36.4130000,0,0,1615,2026-09-22 20:34:36.4130000,40.360600,-84.173000
1842932,"Sacanap",3567,233,"10S","10S1H5S2Q",2,2025-12-04 09:23:09.7930000,0,2964399,14997,2026-09-22 20:34:43.3600000,37.893260,-122.076070
2452533,"Bas Slins",255,20,"31U","31U2H3S4Q",1,2026-09-09 06:41:50.6030000,14743,0,0,2026-09-22 20:35:21.1000000,50.750000,5.566670
1560996,"Luella",3539,233,"16S","16S2H6S2Q",3,2013-07-08 23:40:39.3770000,0,0,10112328,2026-09-22 20:35:55.8400000,33.352060,-84.178530
2325939,"Bretland",3578,233,"10U","10U2H5S4Q",2,2014-04-30 05:59:47.4100000,0,1107365,0,2026-09-22 20:37:03.9000000,48.122040,-122.425980
2302004,"Kressen",715,57,"32T","32T1H3S1Q",3,2014-09-06 00:45:11.2500000,0,0,5624,2026-09-22 20:38:41.9130000,47.650000,10.450000
2302003,"Haag",715,57,"32T","32T1H3S1Q",3,2024-10-03 20:26:40.6700000,0,0,6040,2026-09-22 20:38:50.6400000,47.650000,10.433330
2302002,"Jossereute",715,57,"32T","32T1H3S1Q",3,2024-10-03 20:26:50.5600000,0,0,6040,2026-09-22 20:38:56.4930000,47.650000,10.416670
2303258,"Redmond",3578,233,"10T","10T1H2S2Q",2,2014-06-23 14:04:49.5530000,517,2891017,0,2026-09-22 20:39:31.8800000,47.673990,-122.121510
2302607,"Snyders Corner",3578,233,"10T","10T1H2S2Q",2,2014-08-22 23:53:18.0700000,1241,4001751,0,2026-09-22 20:39:45.4800000,47.666490,-122.163460
2499300,"Sulmierzyce",2451,180,"33U","33U2H3S2Q",3,2026-09-22 20:40:04.0500000,0,0,965,2026-09-22 20:40:04.0500000,51.605940,17.530530
2495693,"Smugi",2451,180,"33U","33U2H3S2Q",3,2026-09-22 20:40:09.1600000,0,0,941,2026-09-22 20:40:09.1600000,51.532500,17.585950
2494883,"Mlynik",2451,180,"33U","33U2H3S2Q",3,2026-09-22 20:40:13.1700000,0,0,931,2026-09-22 20:40:13.1700000,51.515360,17.602500
2494659,"Granowiec",2451,180,"33U","33U2H3S2Q",3,2026-09-22 20:40:17.6830000,0,0,920,2026-09-22 20:40:17.6830000,51.506610,17.665670
1858677,"Tommaso Natale",1363,110,"33S","33S1H1S4Q",2,2026-09-16 17:46:52.4170000,0,246031,0,2026-09-22 20:40:20.2230000,38.183330,13.283330
2493025,"Kalkowskie",2451,180,"33U","33U2H3S2Q",3,2026-09-22 20:40:24.4730000,0,0,1058,2026-09-22 20:40:24.4730000,51.468860,17.687520
2491580,"Chojnik",2451,180,"33U","33U2H3S2Q",3,2026-09-22 20:40:30.7070000,0,0,899,2026-09-22 20:40:30.7070000,51.438950,17.697720
2491312,"Sobki",2451,180,"33U","33U2H3S2Q",3,2026-09-22 20:40:37.2600000,0,0,876,2026-09-22 20:40:37.2600000,51.433330,17.700000
2488527,"Ligota Rybinska",2451,180,"33U","33U2H3S2Q",3,2026-09-22 20:40:43.8200000,0,0,855,2026-09-22 20:40:43.8200000,51.373800,17.709240
2528727,"Warsaw",2440,180,"34U","34U1H5S4Q",2,2022-07-26 12:16:57.6570000,0,132752312,0,2026-09-22 20:41:41.5130000,52.229770,21.011780
2290975,"Porrentruy",518,43,"32T","32T1H1S2Q",2,2024-11-08 18:31:59.8230000,0,2036926,0,2026-09-22 20:41:56.4030000,47.416670,7.083330
2289817,"Waldegg",503,43,"32T","32T1H2S1Q",1,2016-06-03 16:36:18.5630000,980929,0,0,2026-09-22 20:42:58.8430000,47.391200,8.598900
2473609,"Wroclaw",2445,180,"33U","33U2H3S2Q",1,2016-02-08 20:40:44.9630000,423170868,0,0,2026-09-22 20:43:27.3400000,51.100000,17.033330
7392,"Mitta Mitta",140,13,"55H","55H2H2S2Q",3,2026-09-22 20:44:04.0070000,0,0,1026,2026-09-22 20:44:04.0070000,-36.550000,147.383330
7490,"Eskdale",140,13,"55H","55H2H2S2Q",3,2026-09-22 20:44:18.9530000,0,0,1923,2026-09-22 20:44:21.8030000,-36.466670,147.233330
7517,"Tallandoon",140,13,"55H","55H2H2S2Q",3,2026-09-22 20:44:25.4600000,0,0,354,2026-09-22 20:44:25.4600000,-36.450000,147.200000
2531614,"Kolpin",713,57,"33U","33U1H4S4Q",3,2026-09-22 20:47:43.4730000,0,0,788,2026-09-22 20:47:43.4730000,52.283330,13.983330
2533219,"Neu Waltersdorf",713,57,"33U","33U1H4S4Q",3,2026-09-22 20:47:50.0030000,0,0,788,2026-09-22 20:47:50.0030000,52.316670,13.933330
2532419,"Lebbin",713,57,"33U","33U1H4S4Q",3,2026-09-22 20:47:53.4000000,0,0,788,2026-09-22 20:47:53.4000000,52.300000,13.950000
2532417,"Friedersdorf",713,57,"33U","33U1H4S4Q",3,2026-09-22 20:48:11.1330000,0,0,788,2026-09-22 20:48:11.1330000,52.300000,13.800000
1605425,"Malibu Hills",3567,233,"11S","11S2H1S4Q",1,2026-09-22 07:44:31.3700000,3360,0,0,2026-09-22 20:49:17.7370000,34.047510,-118.744250
1604415,"Malibu Beach",3567,233,"11S","11S2H1S4Q",1,2026-09-22 07:44:25.6400000,3364,0,0,2026-09-22 20:49:33.8000000,34.032790,-118.688420
1607671,"Monte Nido",3567,233,"11S","11S2H1S4Q",1,2026-09-22 07:43:55.2630000,3365,0,0,2026-09-22 20:49:42.9030000,34.080840,-118.687030
1612006,"Brents Junction",3567,233,"11S","11S2H1S4Q",1,2026-09-22 07:43:52.4430000,3363,0,0,2026-09-22 20:49:51.2100000,34.148340,-118.697870
1612645,"Calabasas",3567,233,"11S","11S2H1S4Q",1,2026-09-22 07:43:45.1000000,3365,0,0,2026-09-22 20:50:01.8070000,34.157780,-118.638420
2508634,"Rengering",707,57,"32U","32U2H2S1Q",3,2025-03-11 09:02:59.1500000,0,0,841045,2026-09-22 20:50:51.8470000,51.809990,8.616200
2487869,"Fawkham",979,77,"31U","31U2H1S1Q",3,2015-12-26 10:59:23.7930000,0,0,1236712,2026-09-22 20:51:39.2800000,51.362560,0.279720
2375044,"Munchweiler am Klingbach",706,57,"32U","32U2H4S2Q",2,2015-02-27 18:47:52.6130000,0,1028063,128337,2026-09-22 20:51:44.6530000,49.150000,7.966670
2111347,"Mount Horeb",3566,233,"16T","16T2H1S1Q",2,2013-07-24 23:19:29.8100000,300,1016128,0,2026-09-22 20:51:58.2570000,43.008610,-89.738460
1602227,"Northridge",3539,233,"17S","17S2H1S3Q",1,2014-08-01 00:00:42.8300000,904329,0,0,2026-09-22 20:52:06.3030000,34.002060,-83.423490
2402794,"Plzen",697,56,"33U","33U2H4S2Q",3,2026-08-12 13:03:50.7630000,0,13200,1017620,2026-09-22 20:52:59.7600000,49.747470,13.377590
2529037,"Karlslust",713,57,"33U","33U1H4S4Q",3,2026-09-22 11:19:52.1970000,0,0,2040,2026-09-22 20:53:14.7700000,52.233330,13.933330
2531613,"Neu Boston",713,57,"33U","33U1H4S4Q",3,2026-09-22 19:43:59.6630000,0,0,1894,2026-09-22 20:53:29.9400000,52.283330,13.933330
2669492,"Otrada",2670,192,"37U","37U1H1S2Q",2,2022-11-26 17:19:23.5730000,0,1374039,0,2026-09-22 20:53:46.9530000,55.700000,37.433330
1980656,"Anna",3563,233,"16T","16T2H6S4Q",3,2026-09-22 20:54:34.6000000,0,0,2488,2026-09-22 20:54:34.6000000,40.394490,-84.172720
1986369,"Fryburg",3563,233,"16T","16T2H6S4Q",3,2024-03-04 23:49:09.8700000,0,0,12508,2026-09-22 20:54:52.7970000,40.515050,-84.148840
2490274,"Niwki Ksiazece",2451,180,"33U","33U2H3S2Q",3,2026-09-22 20:55:24.5900000,0,0,789,2026-09-22 20:55:24.5900000,51.415040,17.722860
2490087,"Katy Slaskie",2451,180,"33U","33U2H3S2Q",3,2026-09-22 20:55:28.8730000,0,0,886,2026-09-22 20:55:28.8730000,51.408380,17.689630
2490732,"Kuznica Kacka",2451,180,"33U","33U2H3S2Q",3,2026-09-22 20:55:36.1100000,0,0,869,2026-09-22 20:55:36.1100000,51.418860,17.703620
2490922,"Pawlow",2451,180,"33U","33U2H3S2Q",3,2026-09-22 20:55:44.7600000,0,0,903,2026-09-22 20:55:44.7600000,51.426560,17.658460
2490744,"Dobrzec",2451,180,"33U","33U2H3S2Q",3,2026-09-22 20:56:01.6900000,0,0,909,2026-09-22 20:56:01.6900000,51.419240,17.563610
7649,"Bullhead",140,13,"55H","55H2H2S2Q",3,2026-09-22 20:56:17.0270000,0,0,1844,2026-09-22 20:56:18.5000000,-36.366670,147.300000
7759,"Noorongong",140,13,"55H","55H2H2S2Q",3,2026-09-22 20:56:23.9530000,0,0,1868,2026-09-22 20:56:25.6600000,-36.300000,147.233330
2124061,"Peel",3576,233,"10T","10T2H2S1Q",2,2026-09-22 20:57:03.1300000,0,336,0,2026-09-22 20:57:03.1300000,43.258730,-123.033120
2126365,"Glide",3576,233,"10T","10T2H2S1Q",2,2026-09-22 20:57:09.4870000,0,300,6,2026-09-22 20:57:09.4870000,43.302890,-123.066510
2126322,"Glide",3576,233,"10T","10T2H2S1Q",2,2026-09-22 20:57:15.3830000,0,347,0,2026-09-22 20:57:15.3830000,43.301510,-123.101180
2559209,"Great Snoring",979,77,"31U","31U1H4S3Q",3,2024-03-09 03:29:29.4670000,0,0,228668,2026-09-22 20:57:56.2500000,52.872860,0.892380
1685572,"Newcastle",3546,233,"14S","14S2H3S1Q",2,2024-10-22 15:58:54.4500000,0,1997672,2844,2026-09-22 20:59:31.6170000,35.247290,-97.599760
1679379,"Blanchard",3546,233,"14S","14S2H3S1Q",2,2024-12-19 20:33:23.8630000,0,1957287,4437,2026-09-22 20:59:38.4330000,35.137840,-97.658090
1677445,"Middleberg",3546,233,"14S","14S2H3S1Q",2,2025-10-11 17:51:42.0100000,0,1966732,1241,2026-09-22 20:59:42.5430000,35.106180,-97.735040
1684962,"Bridge Creek",3546,233,"14S","14S2H3S1Q",2,2010-01-01 00:00:00.0000000,0,1996441,2999,2026-09-22 20:59:50.7300000,35.235060,-97.736710
1693099,"Mustang",3546,233,"14S","14S2H3S1Q",2,2024-09-28 02:46:13.1330000,0,2999780,1758,2026-09-22 20:59:55.9670000,35.384230,-97.724490
2535600,"Furstenwalde",713,57,"33U","33U1H5S3Q",3,2026-09-22 21:00:08.9100000,0,0,754,2026-09-22 21:00:08.9100000,52.366670,14.066670
1693724,"Wheatland",3546,233,"14S","14S2H3S1Q",2,2010-01-01 00:00:00.0000000,0,2160405,1758,2026-09-22 21:00:13.8230000,35.397840,-97.652260
2534794,"Ketschendorf",713,57,"33U","33U1H5S3Q",3,2026-09-22 21:00:15.5730000,0,0,801,2026-09-22 21:00:15.5730000,52.350000,14.083330
2534001,"Rauen",713,57,"33U","33U1H5S3Q",3,2026-09-22 21:00:19.9700000,0,0,622,2026-09-22 21:00:19.9700000,52.333330,14.016670
2671565,"Hamilton",977,77,"30U","30U1H1S2Q",1,2023-05-11 17:49:48.0700000,1500287,0,0,2026-09-22 21:01:01.8000000,55.766670,-4.033330
1958565,"East Columbus",3563,233,"17S","17S1H1S2Q",3,2013-05-12 00:24:25.9700000,195998,0,385595,2026-09-22 21:01:22.4300000,39.985060,-82.927680
1886106,"Green Valley Acres",3567,233,"10S","10S1H3S3Q",2,2012-08-12 02:18:14.0800000,0,3789412,57948,2026-09-22 21:01:41.7000000,38.712400,-121.071890
2686705,"Dunblane",977,77,"30V","30V2H5S3Q",1,2016-02-19 23:22:16.7500000,500111,0,0,2026-09-22 21:01:47.6070000,56.200000,-3.966670
1695252,"Lillard Park",3546,233,"14S","14S2H3S1Q",2,2024-10-02 13:14:24.7070000,0,1999343,1965,2026-09-22 21:01:55.3030000,35.428670,-97.594210
2687341,"Kinbuck",977,77,"30V","30V2H5S3Q",1,2016-02-29 23:30:01.5030000,500230,0,0,2026-09-22 21:01:59.4770000,56.216670,-3.950000
2226331,"North Escanaba",3557,233,"16T","16T1H5S1Q",1,2026-09-22 21:02:23.7300000,300,0,75,2026-09-22 21:02:23.7300000,45.764690,-87.074300
2226903,"Wells",3557,233,"16T","16T1H5S1Q",1,2026-09-22 21:02:29.6100000,300,0,78,2026-09-22 21:02:29.6100000,45.777190,-87.079580
2227506,"Larch",3557,233,"16T","16T1H5S1Q",1,2026-09-22 21:02:35.9970000,1012,0,0,2026-09-22 21:02:35.9970000,45.789690,-87.064580
2229454,"West Gladstone",3557,233,"16T","16T1H5S1Q",1,2026-09-22 21:02:44.3230000,996,0,0,2026-09-22 21:02:44.3230000,45.840520,-87.062640
2303479,"Lure",957,75,"32T","32T1H1S1Q",1,2024-07-11 13:18:16.8530000,3333523,0,0,2026-09-22 21:02:56.9430000,47.683330,6.500000
2232615,"Rapid River",3557,233,"16T","16T1H5S2Q",1,2026-09-22 21:02:59.1470000,300,0,11,2026-09-22 21:02:59.1500000,45.926910,-86.967080
2310142,"Luxeuil-les-Bains",957,75,"32T","32T1H1S1Q",1,2015-09-02 20:48:29.1200000,3229636,0,0,2026-09-22 21:03:42.2600000,47.816670,6.383330
1697265,"Oklahoma City",3546,233,"14S","14S2H3S1Q",2,2024-09-22 19:37:54.9730000,517,4007440,1965,2026-09-22 21:04:45.9830000,35.467560,-97.516430
2520255,"Racot",2451,180,"33U","33U1H6S3Q",2,2026-09-13 08:40:21.8570000,0,364443,0,2026-09-22 21:10:43.5830000,52.058010,16.711420
2523061,"Dashorst",2267,167,"31U","31U1H6S4Q",1,2015-07-22 15:06:01.3930000,1009146,0,0,2026-09-22 21:11:46.9270000,52.116670,5.483330
2290980,"Kuttigen",528,43,"32T","32T1H2S1Q",3,2024-08-09 17:26:55.1600000,0,0,3562133,2026-09-22 21:12:08.7930000,47.416670,8.050000
2446411,"Queue-du-Bois",255,20,"31U","31U2H3S4Q",1,2024-12-28 14:17:09.3970000,97487,0,0,2026-09-22 21:14:33.7530000,50.638180,5.680280
2300405,"Morgen",715,57,"32T","32T1H3S1Q",3,2014-09-03 16:44:11.1000000,0,0,9900,2026-09-22 21:15:54.5800000,47.616670,10.366670
1868789,"Walmort",3567,233,"10S","10S1H3S3Q",3,2026-09-15 17:30:11.1130000,0,0,1601511,2026-09-22 21:16:37.5600000,38.380470,-121.244110
2040221,"Mohegan",3552,233,"18T","18T2H6S2Q",3,2022-02-02 03:54:51.4030000,12573,0,44871,2026-09-22 21:16:39.7500000,41.476760,-72.099800
2529935,"Storkow",713,57,"33U","33U1H4S4Q",3,2026-09-22 20:21:16.0900000,0,0,14502,2026-09-22 21:16:49.4200000,52.250000,13.933330
2528054,"Warringhof",708,57,"32U","32U1H5S3Q",1,2026-09-22 21:16:51.6300000,1094,0,0,2026-09-22 21:16:51.6300000,52.216670,8.266670
2527216,"Uhlenberg",708,57,"32U","32U1H5S3Q",1,2026-09-22 21:16:54.8400000,1582,0,0,2026-09-22 21:16:54.8400000,52.200000,8.266670
2525589,"Niederschlochtern",708,57,"32U","32U1H5S3Q",1,2026-09-22 21:17:00.0000000,1063,0,0,2026-09-22 21:17:00.0000000,52.166670,8.316670
2524742,"Dielingdorf",708,57,"32U","32U1H5S3Q",1,2026-09-22 21:17:04.4930000,1094,0,0,2026-09-22 21:17:04.4930000,52.150000,8.350000
2526392,"Allendorf",708,57,"32U","32U1H5S3Q",1,2026-09-22 21:17:09.2330000,1064,0,0,2026-09-22 21:17:09.2330000,52.183330,8.216670
2526389,"Eppendorf",708,57,"32U","32U1H5S3Q",1,2026-09-22 21:17:14.0570000,1094,0,0,2026-09-22 21:17:14.0570000,52.183330,8.166670
1605103,"Maravilla Housing Project",3567,233,"11S","11S2H1S4Q",3,2014-06-13 12:01:56.0870000,0,0,1216121,2026-09-22 21:17:14.6230000,34.042230,-118.159520
2527221,"Bullenheide",708,57,"32U","32U1H5S3Q",1,2026-09-22 21:17:29.2800000,1250,0,0,2026-09-22 21:17:29.2800000,52.200000,8.366670
1934310,"Southpark",3568,233,"13S","13S1H2S1Q",2,2018-04-20 12:14:05.2230000,0,654714,0,2026-09-22 21:17:33.9400000,39.575000,-105.020280
2213461,"Pincourt",459,38,"18T","18T1H6S1Q",1,2026-05-25 10:16:43.7770000,400360,0,0,2026-09-22 21:19:20.1770000,45.383380,-73.982500
9108,"Aldinga",138,13,"54H","54H1H4S3Q",2,2025-06-30 04:06:35.2630000,3919,723608,0,2026-09-22 21:22:09.7830000,-35.283330,138.483330
2533218,"Skaby",713,57,"33U","33U1H4S4Q",2,2026-09-22 21:23:59.6900000,0,843,0,2026-09-22 21:23:59.6900000,52.316670,13.850000
1862215,"Mokelumne City",3567,233,"10S","10S1H3S3Q",2,2012-09-22 04:14:35.2600000,0,1555542,4020,2026-09-22 21:26:11.2370000,38.252970,-121.439120
1990224,"Fort Collins",3568,233,"13T","13T2H5S3Q",2,2021-10-24 00:47:18.7000000,0,1187660,0,2026-09-22 21:29:46.1630000,40.585260,-105.084420
12994,"West Pymble",143,13,"56H","56H1H1S4Q",3,2017-02-22 11:28:36.1470000,0,0,2582400,2026-09-22 21:30:11.0430000,-33.766670,151.133330
2146376,"Grenade",951,75,"31T","31T2H1S2Q",2,2018-03-30 19:49:09.9700000,0,181595,0,2026-09-22 21:30:40.8700000,43.766670,1.283330
1381528,"Redwood",3549,233,"14R","14R1H6S1Q",3,2026-01-01 20:54:18.6670000,0,0,750279,2026-09-22 21:31:18.9300000,29.811270,-97.908850
2447293,"Saive",255,20,"31U","31U2H3S4Q",1,2023-08-18 14:39:29.5170000,104323,0,0,2026-09-22 21:32:31.2430000,50.653000,5.682360
2490236,"Lomy",2451,180,"33U","33U2H3S2Q",3,2026-09-22 21:32:32.2930000,0,0,909,2026-09-22 21:32:32.2930000,51.413530,17.581900
2490684,"Cieszyn",2451,180,"33U","33U2H3S2Q",3,2026-09-22 21:32:38.5000000,0,0,1114,2026-09-22 21:32:38.5000000,51.416950,17.567900
2490795,"Pila",2451,180,"33U","33U2H3S2Q",3,2026-09-22 21:32:42.4070000,0,0,918,2026-09-22 21:32:42.4070000,51.421240,17.587900
2491588,"Kocina",2451,180,"33U","33U2H3S2Q",3,2026-09-22 21:32:46.0830000,0,0,909,2026-09-22 21:32:46.0830000,51.439330,17.631430
2447810,"Bruyeres",255,20,"31U","31U2H3S4Q",1,2025-09-23 05:35:16.0500000,72500,0,0,2026-09-22 21:32:46.3270000,50.666670,5.716670
2492807,"Nowy Surmin",2451,180,"33U","33U2H3S2Q",3,2026-09-22 21:32:49.8500000,0,0,915,2026-09-22 21:32:49.8500000,51.466670,17.650000
2493223,"Surmin",2451,180,"33U","33U2H3S2Q",3,2026-09-22 21:32:54.2570000,0,0,920,2026-09-22 21:32:54.2570000,51.478180,17.656850
2493111,"Sosnie",2451,180,"33U","33U2H3S2Q",3,2026-09-22 21:32:58.0430000,0,0,920,2026-09-22 21:32:58.0430000,51.473150,17.633830
2493929,"Mariak",2451,180,"33U","33U2H3S2Q",3,2026-09-22 21:33:03.8430000,0,0,927,2026-09-22 21:33:03.8430000,51.491900,17.625720
2773448,"Adara",850,64,"35V","35V2H2S1Q",3,2026-09-22 21:34:38.4470000,0,0,1044,2026-09-22 21:34:38.4470000,59.133330,26.716670
2307182,"Grand Marais",3558,233,"15T","15T1H3S2Q",3,2026-09-22 21:35:38.2070000,0,0,996,2026-09-22 21:35:38.2070000,47.750450,-90.334270
1696447,"Smith Village",3546,233,"14S","14S2H3S1Q",2,2024-12-20 09:36:18.8600000,0,1999881,1086,2026-09-22 21:35:45.1170000,35.450890,-97.457260
2539327,"Lye",979,77,"30U","30U1H5S4Q",2,2026-07-25 20:07:48.7270000,0,52300,0,2026-09-22 21:36:22.9330000,52.450000,-2.116670
2300404,"Rieder",715,57,"32T","32T1H3S1Q",3,2024-10-03 13:26:03.6900000,0,0,9790,2026-09-22 21:37:33.0670000,47.616670,10.350000
2300400,"Bechtris",715,57,"32T","32T1H3S1Q",3,2024-10-03 13:26:22.1170000,0,0,9826,2026-09-22 21:37:43.9200000,47.616670,10.316670
2116252,"Utica",3562,233,"18T","18T2H2S1Q",1,2026-09-22 21:38:27.0070000,1041,0,0,2026-09-22 21:38:27.0070000,43.100900,-75.232660
2050152,"Thompsonville",3562,233,"18T","18T2H5S2Q",1,2026-09-22 21:38:49.0870000,1114,0,0,2026-09-22 21:38:49.0870000,41.668150,-74.625160
2049486,"Glen Wild",3562,233,"18T","18T2H5S2Q",1,2026-09-22 21:38:53.6530000,1116,0,0,2026-09-22 21:38:53.6530000,41.653980,-74.586830
1914211,"Albin",3585,233,"17S","17S1H3S2Q",3,2025-03-07 23:41:09.4030000,89075,0,634279,2026-09-22 21:38:56.8970000,39.221770,-78.198610
2052118,"Woodridge",3562,233,"18T","18T2H5S2Q",1,2026-09-22 21:38:57.0600000,1125,0,0,2026-09-22 21:38:57.0600000,41.710650,-74.574330
2053091,"Fallsburg",3562,233,"18T","18T2H5S2Q",1,2026-09-22 21:39:13.5030000,1127,0,0,2026-09-22 21:39:13.5030000,41.732040,-74.601270
2054356,"Woodbourne",3562,233,"18T","18T2H5S2Q",1,2026-09-22 21:39:16.7300000,1131,0,0,2026-09-22 21:39:16.7300000,41.759810,-74.594050
2055716,"Hasbrouck",3562,233,"18T","18T2H5S2Q",1,2026-09-22 21:39:20.5900000,1132,0,0,2026-09-22 21:39:20.5900000,41.791200,-74.614600
2051139,"Mountain Dale",3562,233,"18T","18T2H5S2Q",1,2026-09-22 21:39:33.7600000,1125,0,0,2026-09-22 21:39:33.7600000,41.689540,-74.531270
2053773,"Dairyland",3562,233,"18T","18T2H5S2Q",1,2026-09-22 21:39:41.0070000,1131,0,0,2026-09-22 21:39:41.0070000,41.747040,-74.537380
2294654,"Mount View",3578,233,"10T","10T1H2S2Q",2,2015-04-16 00:48:07.9700000,0,1446209,6000,2026-09-22 21:40:48.1130000,47.494540,-122.349850
2133436,"Tyee",3576,233,"10T","10T2H2S1Q",2,2026-09-22 21:41:41.5330000,0,441,0,2026-09-22 21:41:41.5370000,43.443450,-123.551200
2130700,"Millwood",3576,233,"10T","10T2H2S1Q",2,2026-09-22 21:41:48.4730000,0,340,0,2026-09-22 21:41:48.4730000,43.385120,-123.546200
2129366,"Umpqua",3576,233,"10T","10T2H2S1Q",2,2026-09-22 21:41:55.4730000,0,728,0,2026-09-22 21:41:55.4730000,43.365390,-123.468420
1964698,"Dublin",3563,233,"17T","17T2H4S3Q",1,2026-09-20 22:26:21.2170000,100929,0,0,2026-09-22 21:42:11.9130000,40.099230,-83.114080
2064770,"Elk Grove",3554,233,"16T","16T2H2S3Q",1,2025-04-14 19:31:13.4330000,849920,517,0,2026-09-22 21:43:41.8930000,42.007250,-87.940340
12573,"Bondi",143,13,"56H","56H1H1S4Q",3,2026-07-11 06:24:08.9730000,0,0,3213804,2026-09-22 21:43:53.3800000,-33.891670,151.266670
12630,"Bellevue Hill",143,13,"56H","56H1H1S4Q",3,2017-03-11 08:30:59.9170000,0,517,1182832,2026-09-22 21:44:04.8730000,-33.879440,151.250560
2532418,"Neu Stahnsdorf",713,57,"33U","33U1H4S4Q",3,2026-09-22 21:44:15.5070000,0,0,2111,2026-09-22 21:44:21.1100000,52.300000,13.883330
2531612,"Rieplos",713,57,"33U","33U1H4S4Q",3,2026-09-22 21:44:33.1230000,0,0,2605,2026-09-22 21:44:36.2000000,52.283330,13.900000
2529932,"Klein Schauen",713,57,"33U","33U1H4S4Q",3,2026-09-22 21:44:47.1730000,0,0,787,2026-09-22 21:44:47.1730000,52.250000,13.866670
2529034,"Busch",713,57,"33U","33U1H4S4Q",3,2026-09-22 21:44:51.9370000,0,0,648,2026-09-22 21:44:51.9370000,52.233330,13.866670
2528163,"Selchow",713,57,"33U","33U1H4S4Q",3,2026-09-22 21:44:56.6830000,0,0,781,2026-09-22 21:44:56.6830000,52.216670,13.866670
2530755,"Wolzig",713,57,"33U","33U1H4S4Q",3,2026-09-22 21:45:00.5270000,0,0,753,2026-09-22 21:45:00.5270000,52.266670,13.833330
2527212,"Ebbendorf",708,57,"32U","32U1H5S3Q",1,2026-09-22 21:45:13.8930000,1063,0,0,2026-09-22 21:45:13.8930000,52.200000,8.150000
2491490,"Kopalina",2451,180,"33U","33U2H3S2Q",3,2026-09-22 21:45:14.0130000,0,0,915,2026-09-22 21:45:14.0130000,51.435240,17.577800
2528910,"Himbergen",708,57,"32U","32U1H5S3Q",1,2026-09-22 21:45:18.0100000,1094,0,0,2026-09-22 21:45:18.0100000,52.233330,8.200000
2491705,"Konradow",2451,180,"33U","33U2H3S2Q",3,2026-09-22 21:45:18.2530000,0,0,920,2026-09-22 21:45:18.2530000,51.444280,17.553330
2529793,"Wissingen",708,57,"32U","32U1H5S3Q",1,2026-09-22 21:45:21.0830000,1063,184,0,2026-09-22 21:45:21.0830000,52.250000,8.200000
2493074,"Jarnostow",2451,180,"33U","33U2H3S2Q",3,2026-09-22 21:45:22.1400000,0,0,930,2026-09-22 21:45:22.1400000,51.471620,17.564950
2531503,"Meckelesch",708,57,"32U","32U1H5S3Q",1,2026-09-22 21:45:25.2100000,1063,0,0,2026-09-22 21:45:25.2100000,52.283330,8.183330
2532304,"Gross Haltern",708,57,"32U","32U1H5S3Q",1,2026-09-22 21:45:34.0700000,1085,27,0,2026-09-22 21:45:34.0700000,52.300000,8.183330
2531502,"Darum",708,57,"32U","32U1H5S3Q",1,2026-09-22 21:45:38.2500000,1119,0,0,2026-09-22 21:45:38.2500000,52.283330,8.150000
2493194,"Czeslawice",2451,180,"33U","33U2H3S2Q",3,2026-09-22 21:45:42.7630000,0,0,930,2026-09-22 21:45:42.7630000,51.477040,17.564860
2494076,"Lipsko",2451,180,"33U","33U2H3S2Q",3,2026-09-22 21:45:46.8270000,0,0,927,2026-09-22 21:45:46.8270000,51.497380,17.598810
2522220,"Aschendorf",708,57,"32U","32U1H5S3Q",1,2026-09-22 21:46:04.6100000,1063,0,0,2026-09-22 21:46:04.6100000,52.100000,8.150000
2521413,"Cleve",707,57,"32U","32U1H5S3Q",1,2026-09-22 21:46:18.0730000,1063,0,0,2026-09-22 21:46:18.0730000,52.083330,8.300000
2522226,"Wichlinghausen",707,57,"32U","32U1H5S3Q",1,2026-09-22 21:46:22.6100000,1063,0,0,2026-09-22 21:46:22.6100000,52.100000,8.333330
1580652,"DC Ranch",3572,233,"12S","12S2H5S1Q",2,2019-04-01 15:33:19.1400000,0,3009076,0,2026-09-22 21:47:00.3530000,33.667540,-111.865420
2528160,"Prieros",713,57,"33U","33U1H4S4Q",3,2026-09-22 21:47:16.6930000,0,0,751,2026-09-22 21:47:16.6930000,52.216670,13.766670
2739639,"Sur Puravitsa",2661,192,"35V","35V2H5S2Q",3,2026-09-22 21:51:50.7030000,0,0,324,2026-09-22 21:51:50.7030000,57.817100,27.702940
1563219,"Greenwood",3539,233,"16S","16S2H6S2Q",3,2013-07-20 22:40:42.1070000,0,0,25083568,2026-09-22 21:52:29.8600000,33.392890,-84.168810
2300395,"Dietzen",715,57,"32T","32T1H3S1Q",3,2024-10-03 16:15:25.4300000,0,0,9790,2026-09-22 21:57:57.1130000,47.616670,10.233330
1391410,"Hays City",3549,233,"14R","14R1H3S3Q",2,2024-08-03 00:25:49.7530000,0,2119614,0,2026-09-22 21:58:02.1030000,30.047440,-97.988340
12056,"Miranda",143,13,"56H","56H1H4S2Q",2,2026-07-13 21:42:21.4270000,0,4324400,0,2026-09-22 21:58:33.7200000,-34.033330,151.100000
2506336,"Bredeweg",2273,167,"31U","31U2H3S2Q",1,2019-06-19 08:12:50.5970000,102906,0,0,2026-09-22 21:59:07.0430000,51.760190,5.941890
1694583,"Uwharrie",3545,233,"17S","17S2H2S2Q",3,2013-05-20 03:35:16.8570000,0,0,924234,2026-09-22 21:59:24.1970000,35.415140,-80.003660
2531607,"Konigs Wusterhausen",713,57,"33U","33U1H4S4Q",2,2025-05-17 08:57:24.9670000,0,932871,53087,2026-09-22 21:59:57.7800000,52.283330,13.616670
2566775,"Wybunbury",979,77,"30U","30U1H5S2Q",2,2024-10-09 12:14:23.2500000,0,354550,0,2026-09-22 22:00:18.8030000,53.033330,-2.450000
2532178,"Ermelo",2273,167,"31U","31U1H6S4Q",1,2015-03-20 15:16:39.3900000,92541272,0,0,2026-09-22 22:00:24.3100000,52.298330,5.622220
12629,"The Glebe",143,13,"56H","56H1H1S4Q",2,2026-09-05 21:37:44.4300000,0,4439861,0,2026-09-22 22:01:10.9170000,-33.879440,151.186390
1402646,"Daffan",3549,233,"14R","14R1H3S3Q",2,2010-01-01 00:00:00.0000000,0,5981757,0,2026-09-22 22:01:40.6170000,30.320210,-97.626670
2313297,"North Sultan",3578,233,"10T","10T1H3S1Q",1,2019-12-24 05:00:39.1030000,5250885,0,0,2026-09-22 22:03:05.7600000,47.881770,-121.807070
1690715,"Moore",3546,233,"14S","14S2H3S1Q",2,2010-01-01 00:00:00.0000000,0,1952150,5223,2026-09-22 22:03:52.3370000,35.339510,-97.486700
2408145,"Rudnik",2439,180,"34U","34U2H4S2Q",3,2017-09-24 16:15:28.9100000,0,0,1318649,2026-09-22 22:04:14.2070000,49.852430,19.847400
2345887,"Jettenburg",716,57,"32U","32U2H5S4Q",1,2026-09-22 22:04:53.1130000,8540,0,0,2026-09-22 22:05:02.4270000,48.501710,9.128350
2055960,"Guarcino",1377,110,"33T","33T2H4S2Q",3,2013-04-19 14:53:14.9000000,4800,0,168568,2026-09-22 22:06:29.1200000,41.799020,13.313400
1584079,"Crosston",3551,233,"16S","16S2H5S2Q",2,2021-03-16 05:36:09.9700000,0,596299,0,2026-09-22 22:06:37.2000000,33.728430,-86.731660
1980947,"El Negralejo",904,68,"30T","30T2H5S3Q",1,2013-02-10 08:29:51.5000000,1200200,0,0,2026-09-22 22:06:54.7670000,40.400000,-3.516670
149312,"Huano Huanuyoc",2383,175,"18L","18L2H3S4Q",1,2019-08-06 02:37:27.7230000,6052,0,0,2026-09-22 22:06:58.8000000,-13.542500,-72.037220
149041,"Cochayoc Jasa",2383,175,"18L","18L2H3S4Q",1,2019-08-08 17:07:58.6870000,5710,0,0,2026-09-22 22:07:04.3770000,-13.558330,-72.046110
1607895,"Wildwood",3567,233,"11S","11S2H1S4Q",1,2026-09-22 20:30:57.7000000,2341,0,0,2026-09-22 22:08:13.9200000,34.083620,-118.599530
1607569,"Fernwood",3567,233,"11S","11S2H1S4Q",1,2026-09-22 20:30:41.6630000,2329,0,0,2026-09-22 22:08:32.7070000,34.079450,-118.602580
1604783,"Las Flores",3567,233,"11S","11S2H1S4Q",1,2026-09-21 07:01:41.0070000,3240,0,0,2026-09-22 22:08:53.1870000,34.037230,-118.635920
2078368,"Westland",3557,233,"17T","17T2H1S3Q",1,2014-05-12 11:54:57.1170000,7879387,0,0,2026-09-22 22:09:15.8630000,42.324200,-83.400210
1606326,"Malibu Bowl",3567,233,"11S","11S2H1S4Q",1,2026-09-22 20:45:15.9470000,3530,0,0,2026-09-22 22:09:22.1270000,34.061120,-118.740370
2530756,"Kummersdorf",713,57,"33U","33U1H4S4Q",3,2026-09-22 19:05:38.4770000,0,0,3499,2026-09-22 22:09:42.7070000,52.266670,13.866670
2296291,"Issaquah",3578,233,"10T","10T1H2S2Q",1,2021-08-16 19:14:25.5170000,5021297,0,0,2026-09-22 22:09:46.6330000,47.530100,-122.032620
1577138,"Fairview Commons",3539,233,"17S","17S2H4S1Q",3,2026-09-22 22:10:04.2500000,105240837,1377,105249971,2026-09-22 22:10:07.2370000,33.611220,-83.943520
2050345,"Blanes",909,68,"31T","31T2H5S1Q",3,2023-04-07 01:12:30.9830000,0,39194,1028920,2026-09-22 22:10:16.3630000,41.674190,2.790360
2151867,"Cedar Mills",457,38,"17T","17T2H3S1Q",2,2026-09-02 21:53:42.3370000,0,27288,4136,2026-09-22 22:10:16.8070000,43.916810,-79.799640
1888268,"Glasgow Village",3543,233,"15S","15S1H3S4Q",2,2026-09-21 18:52:11.3070000,1551,1200318,1115826,2026-09-22 22:10:24.9170000,38.753660,-90.198440
2091472,"Planinitsa",279,22,"34T","34T2H3S3Q",1,2026-09-11 19:28:05.9370000,21991,0,0,2026-09-22 22:11:35.7800000,42.600000,22.950000
1524436,"Willtown Bluff",3547,233,"17S","17S2H5S4Q",2,2026-08-10 12:32:25.6570000,0,100028,0,2026-09-22 22:12:49.4030000,32.679350,-80.413160
1605185,"El Nido",3567,233,"11S","11S2H1S4Q",1,2026-09-22 20:45:25.5100000,3122,0,0,2026-09-22 22:12:56.6700000,34.043620,-118.739250
1612808,"Hidden Hills",3567,233,"11S","11S2H1S4Q",1,2026-09-22 20:48:14.1200000,3125,0,0,2026-09-22 22:13:35.7230000,34.160280,-118.652310
1613361,"Woodland Hills",3567,233,"11S","11S2H1S4Q",1,2026-09-21 07:02:45.3230000,3255,0,0,2026-09-22 22:13:41.3970000,34.168340,-118.605920
1615514,"Canoga Park",3567,233,"11S","11S2H1S4Q",1,2026-09-22 20:48:34.2730000,3131,0,0,2026-09-22 22:13:45.4730000,34.201120,-118.598140
1616253,"Winnetka",3567,233,"11S","11S2H1S4Q",1,2026-09-22 20:48:46.8130000,3057,0,0,2026-09-22 22:13:49.8470000,34.213340,-118.572030
1619896,"Granada Hills",3567,233,"11S","11S2H1S4Q",1,2026-09-22 20:30:27.1930000,3563,0,0,2026-09-22 22:13:54.5700000,34.264720,-118.523140
2222701,"Galliera Veneta",1366,110,"32T","32T1H6S2Q",2,2017-01-31 05:32:41.8900000,0,316686,0,2026-09-22 22:14:28.9930000,45.663500,11.830900
1393522,"Hempstead",3549,233,"14R","14R1H3S4Q",1,2013-10-26 17:12:27.1870000,18364452,0,0,2026-09-22 22:14:45.2830000,30.097440,-96.078290
2451478,"Haccourt",255,20,"31U","31U2H3S4Q",2,2025-03-22 10:29:22.4870000,0,1656531,0,2026-09-22 22:14:48.0430000,50.732720,5.669440
2448217,"Rabosee",255,20,"31U","31U2H3S4Q",1,2024-03-09 03:02:15.5670000,304650,0,0,2026-09-22 22:14:57.8900000,50.668710,5.674160
2448342,"Vottem",255,20,"31U","31U2H3S4Q",1,2023-06-30 10:29:19.5870000,99648,0,0,2026-09-22 22:15:25.2100000,50.672740,5.584830
2206852,"Union Mills",3576,233,"10T","10T1H5S2Q",3,2024-09-15 00:10:06.6070000,0,0,4501088,2026-09-22 22:18:59.3700000,45.199570,-122.558700
2526398,"Depenbrock",708,57,"32U","32U1H5S3Q",1,2026-09-22 22:20:43.7830000,1063,0,0,2026-09-22 22:20:43.7830000,52.183330,8.366670
2518992,"Rippelbaum",707,57,"32U","32U1H5S3Q",1,2026-09-22 22:21:04.2500000,662,0,0,2026-09-22 22:21:04.2500000,52.033330,8.066670
2519772,"Elve",707,57,"32U","32U1H5S3Q",1,2026-09-22 22:21:08.0800000,660,0,0,2026-09-22 22:21:08.0800000,52.050000,8.066670
2521410,"Winkelsetten",708,57,"32U","32U1H5S3Q",1,2026-09-22 22:21:13.2670000,1062,0,0,2026-09-22 22:21:13.2670000,52.083330,8.100000
2518238,"Peckeloh",707,57,"32U","32U1H5S3Q",1,2026-09-22 22:21:19.2100000,1489,0,0,2026-09-22 22:21:19.2100000,52.016670,8.100000
2519773,"Knetterhausen",707,57,"32U","32U1H5S3Q",1,2026-09-22 22:21:23.2100000,652,0,0,2026-09-22 22:21:23.2100000,52.050000,8.116670
2518993,"Potthof",707,57,"32U","32U1H5S3Q",1,2026-09-22 22:21:26.5270000,656,0,0,2026-09-22 22:21:26.5270000,52.033330,8.133330
2519774,"Loxten",707,57,"32U","32U1H5S3Q",1,2026-09-22 22:21:31.9530000,1531,0,0,2026-09-22 22:21:31.9530000,52.050000,8.133330
2362595,"Paris",955,75,"31U","31U2H5S3Q",3,2022-09-21 21:28:19.0530000,0,11865,18409317,2026-09-22 22:21:34.1600000,48.853410,2.348800
2300396,"Eckarts",715,57,"32T","32T1H3S1Q",3,2024-10-03 15:25:17.6930000,0,0,9842,2026-09-22 22:21:34.9500000,47.616670,10.250000
2519775,"Versmold",707,57,"32U","32U1H5S3Q",1,2026-09-22 22:21:40.0600000,1250,0,0,2026-09-22 22:21:40.0600000,52.050000,8.150000
2472763,"Schootsheide",256,20,"31U","31U2H3S2Q",2,2026-08-16 08:10:25.3800000,517,666467,0,2026-09-22 22:21:42.6670000,51.085230,5.712830
2300393,"Freibrechts",715,57,"32T","32T1H3S1Q",3,2024-10-03 16:15:35.8200000,0,0,9790,2026-09-22 22:21:44.6900000,47.616670,10.216670
2300392,"Freundpolz",715,57,"32T","32T1H3S1Q",3,2024-10-03 16:40:37.1400000,0,0,9790,2026-09-22 22:21:59.4800000,47.616670,10.200000
2468058,"Guttecoven",2271,167,"31U","31U2H3S2Q",2,2026-02-12 14:12:39.5430000,517,99906,0,2026-09-22 22:22:01.1200000,51.015000,5.818060
2463705,"Catsop",2271,167,"31U","31U2H3S4Q",2,2026-09-16 17:59:54.1030000,517,940093,0,2026-09-22 22:22:11.5630000,50.939170,5.766670
2463767,"Beek",2271,167,"31U","31U2H3S4Q",2,2021-08-14 19:33:14.4630000,1237,1058373,0,2026-09-22 22:22:26.9470000,50.940830,5.797220
1642473,"Castle Canyon Mesa",3572,233,"12S","12S2H1S4Q",1,2015-03-30 00:16:25.6870000,104467919,0,0,2026-09-22 22:23:02.5200000,34.590860,-112.355720
2222414,"Mirabel",459,38,"18T","18T1H5S2Q",1,2026-06-06 02:16:34.0670000,400782,0,0,2026-09-22 22:24:49.6500000,45.650080,-74.082510
2533994,"Gross Kienitz",713,57,"33U","33U1H4S4Q",2,2025-05-04 10:33:27.9730000,0,132040,0,2026-09-22 22:25:08.3800000,52.333330,13.466670
1524614,"Talty",3549,233,"14S","14S2H6S4Q",1,2026-08-15 02:05:23.3900000,41050,0,0,2026-09-22 22:25:12.3700000,32.683190,-96.385540
2152096,"Black Canyon",3573,233,"11T","11T2H2S2Q",3,2023-04-27 04:12:23.2030000,0,3600,129130,2026-09-22 22:25:19.2230000,43.926550,-116.442360
1394578,"Driftwood",3549,233,"14R","14R1H2S4Q",2,2026-05-28 02:16:42.4370000,0,2019908,0,2026-09-22 22:25:31.2200000,30.122990,-98.030840
2529936,"Silberberg",713,57,"33U","33U1H5S3Q",3,2026-09-18 19:05:18.1130000,0,0,10790,2026-09-22 22:26:47.0270000,52.250000,14.033330
1550592,"Farmersville",3549,233,"14S","14S2H6S2Q",1,2026-07-01 07:19:23.9570000,100950,0,0,2026-09-22 22:27:16.1870000,33.163450,-96.359980
1530337,"Colquitt",3549,233,"14S","14S2H6S4Q",1,2025-05-04 17:18:46.1300000,23992,0,0,2026-09-22 22:27:22.1870000,32.795400,-96.357480
2359221,"Saint-Duzec",961,75,"30U","30U2H5S3Q",2,2016-09-13 10:25:50.8500000,0,141852539,0,2026-09-22 22:29:39.8700000,48.783330,-3.550000
1380233,"Staples",3549,233,"14R","14R1H6S1Q",3,2026-09-22 22:32:11.6000000,0,0,2288,2026-09-22 22:32:13.3700000,29.781330,-97.836110
1385237,"Centex",3549,233,"14R","14R1H6S1Q",3,2025-11-25 16:01:24.5100000,0,0,1751913,2026-09-22 22:32:24.2130000,29.902160,-97.914730
2304932,"White",3578,233,"10T","10T1H2S2Q",1,2020-12-07 07:44:31.8800000,5054467,0,0,2026-09-22 22:33:32.6200000,47.707600,-122.088730
2528458,"Gerven",2273,167,"31U","31U1H6S4Q",1,2026-09-17 17:14:25.4330000,962095,0,0,2026-09-22 22:34:24.0800000,52.220830,5.593060
2283897,"Cebalop (historical)",3578,233,"10T","10T1H2S2Q",1,2013-11-09 23:50:09.7700000,3482290,0,0,2026-09-22 22:34:34.5500000,47.275380,-122.474850
2154845,"Whitchurch-Stouffville",457,38,"17T","17T1H6S3Q",2,2013-10-09 21:12:39.0130000,0,7600776,0,2026-09-22 22:35:55.0000000,44.000120,-79.316300
2084475,"Stockbridge",3557,233,"16T","16T2H3S4Q",1,2026-02-08 14:04:45.7130000,894629,0,0,2026-09-22 22:37:51.7470000,42.451150,-84.180510
2083889,"Williamsville",3557,233,"16T","16T2H3S4Q",1,2016-05-03 03:32:34.6430000,1226174,662,0,2026-09-22 22:38:04.0070000,42.438920,-84.096620
1933330,"Westfall",3563,233,"17S","17S1H1S2Q",3,2020-10-19 16:19:55.3900000,0,0,1330942,2026-09-22 22:38:07.5900000,39.558120,-82.999070
2073168,"Spring Arbor",3557,233,"16T","16T2H3S4Q",2,2026-09-22 22:38:29.5530000,0,1082,0,2026-09-22 22:38:29.5530000,42.205040,-84.552740
2072553,"Vandercook Lake",3557,233,"16T","16T2H3S4Q",2,2026-09-22 22:38:41.6300000,0,1097,0,2026-09-22 22:38:41.6330000,42.191650,-84.385470
2072623,"Vandercook Lake",3557,233,"16T","16T2H3S4Q",2,2026-09-22 22:38:48.7130000,0,1096,0,2026-09-22 22:38:48.7130000,42.193370,-84.391070
2118767,"Green",3576,233,"10T","10T2H2S1Q",2,2026-09-22 22:39:05.0870000,0,300,52,2026-09-22 22:39:05.0870000,43.150710,-123.385700
2117253,"Winston",3576,233,"10T","10T2H2S1Q",2,2026-09-22 22:39:36.9900000,0,300,59,2026-09-22 22:39:36.9900000,43.122340,-123.412570
2130635,"Stephens",3576,233,"10T","10T2H2S1Q",2,2026-09-22 22:39:42.6870000,0,467,0,2026-09-22 22:39:42.6870000,43.383450,-123.392300
2119047,"Green",3576,233,"10T","10T2H2S1Q",2,2026-09-22 22:39:47.6070000,0,345,0,2026-09-22 22:39:47.6070000,43.160390,-123.367850
2115539,"Round Prairie",3576,233,"10T","10T2H2S1Q",2,2026-09-22 22:39:59.7900000,0,328,0,2026-09-22 22:39:59.7900000,43.088170,-123.369510
1543200,"Hebron",3549,233,"14S","14S2H6S2Q",3,2023-11-08 23:00:16.6500000,0,0,35030931,2026-09-22 22:40:49.8800000,33.026510,-96.863610
1753700,"Gravette",3535,233,"15S","15S1H4S4Q",2,2026-08-31 18:08:44.1500000,0,102386,0,2026-09-22 22:40:52.1570000,36.422020,-94.453550
1976150,"Hillymeade",3584,233,"18T","18T2H4S4Q",3,2024-08-03 08:05:02.1630000,205009,0,918930,2026-09-22 22:42:55.4970000,40.304260,-76.739690
2300397,"Greifenberg",715,57,"32T","32T1H3S1Q",3,2024-10-03 15:25:00.0400000,0,0,9835,2026-09-22 22:43:35.2300000,47.616670,10.283330
2300399,"Wolfis",715,57,"32T","32T1H3S1Q",3,2024-10-03 13:26:30.9730000,0,0,9790,2026-09-22 22:43:43.1600000,47.616670,10.300000
2301176,"Niedersonthofen",715,57,"32T","32T1H3S1Q",3,2023-11-29 14:45:44.3500000,0,0,13301,2026-09-22 22:43:55.9530000,47.633330,10.233330
30699,"Bethania Junction",142,13,"56J","56J1H5S4Q",2,2018-05-08 11:43:33.8630000,0,7451018,0,2026-09-22 22:44:04.6230000,-27.683330,153.166670
2252736,"Saxon",3566,233,"15T","15T1H3S4Q",3,2014-12-18 15:46:06.9570000,0,0,6523923,2026-09-22 22:44:12.8230000,46.493280,-90.414350
2325082,"Camp Diana",3578,233,"10U","10U2H5S4Q",2,2014-06-12 07:27:14.3830000,0,808805,0,2026-09-22 22:45:00.8230000,48.105930,-122.430980
2296133,"Preston",3578,233,"10T","10T1H3S1Q",1,2022-08-15 23:55:35.1830000,5008975,0,0,2026-09-22 22:45:52.4100000,47.523710,-121.927060
2295463,"Mettmenriet",503,43,"32T","32T1H2S1Q",3,2024-06-26 15:13:30.1200000,0,0,14188058,2026-09-22 22:46:28.6830000,47.512600,8.545720
2295990,"Buelach / Altstadt",503,43,"32T","32T1H2S1Q",3,2024-05-09 11:19:12.8600000,0,0,19588350,2026-09-22 22:47:14.2270000,47.517610,8.540460
2268908,"Casselton",3575,233,"14T","14T1H3S3Q",2,2015-01-05 17:05:08.8330000,0,2450153,0,2026-09-22 22:47:20.4870000,46.900530,-97.211200
1495813,"Emery Park",3572,233,"12S","12S2H5S4Q",3,2013-09-24 21:15:45.5200000,0,0,5225252,2026-09-22 22:48:42.2900000,32.141190,-110.955920
2096123,"Macomb",3557,233,"17T","17T2H1S4Q",1,2013-11-26 19:35:11.9670000,11550629,0,0,2026-09-22 22:53:25.1000000,42.700870,-82.959090
1107595,"Qianzhen",3390,228,"51Q","51Q1H1S3Q",2,2026-05-27 14:51:24.3630000,0,1070582,0,2026-09-22 22:54:06.5400000,22.585070,120.317540
2525677,"Falkenberg",713,57,"33U","33U1H5S3Q",3,2026-09-20 06:20:00.9730000,0,0,14711,2026-09-22 22:54:23.8830000,52.166670,14.133330
1555841,"Flovilla",3539,233,"17S","17S2H4S1Q",3,2013-07-11 23:47:22.8370000,0,0,4460987,2026-09-22 22:55:22.6130000,33.253730,-83.898520
2678388,"Philpstoun",977,77,"30U","30U1H2S1Q",1,2026-09-17 19:09:23.3700000,201946,0,0,2026-09-22 22:55:25.5400000,55.966670,-3.500000
2521072,"Bockhorst",707,57,"32U","32U1H5S3Q",1,2026-09-22 22:56:03.8330000,1063,0,0,2026-09-22 22:56:03.8330000,52.074710,8.201380
2520582,"Stockheim",707,57,"32U","32U1H5S3Q",1,2026-09-22 22:56:06.7700000,1062,190,0,2026-09-22 22:56:06.7700000,52.066670,8.183330
2520583,"Leimweg",707,57,"32U","32U1H5S3Q",1,2026-09-22 22:56:11.1430000,1063,0,0,2026-09-22 22:56:11.1430000,52.066670,8.200000
2519776,"Brink",707,57,"32U","32U1H5S3Q",1,2026-09-22 22:56:15.7400000,659,0,0,2026-09-22 22:56:15.7400000,52.050000,8.166670
2519777,"Entenort",707,57,"32U","32U1H5S3Q",1,2026-09-22 22:56:21.1630000,1058,63,0,2026-09-22 22:56:21.1630000,52.050000,8.200000
2518994,"Niederoesterweg",707,57,"32U","32U1H5S3Q",1,2026-09-22 22:56:23.9670000,1524,0,0,2026-09-22 22:56:23.9670000,52.033330,8.183330
2518239,"Kiwittsheide",707,57,"32U","32U1H5S3Q",1,2026-09-22 22:56:27.5870000,670,186,0,2026-09-22 22:56:27.5870000,52.016670,8.183330
2518240,"Dreyerhaus",707,57,"32U","32U1H5S3Q",1,2026-09-22 22:56:30.5500000,1054,0,0,2026-09-22 22:56:30.5500000,52.016670,8.200000
2057967,"Neversink",3562,233,"18T","18T2H5S2Q",1,2026-09-22 22:56:38.9300000,1137,0,0,2026-09-22 22:56:38.9300000,41.847310,-74.619050
2061093,"Willowemoc",3562,233,"18T","18T2H5S2Q",1,2026-09-22 22:56:51.5200000,1140,0,0,2026-09-22 22:56:51.5200000,41.918980,-74.672380
2065551,"Turnwood",3562,233,"18T","18T2H2S4Q",1,2026-09-22 22:56:59.8730000,1146,0,0,2026-09-22 22:56:59.8730000,42.024260,-74.709050
2518241,"Hesselteich",707,57,"32U","32U1H5S3Q",1,2026-09-22 22:57:03.6770000,1250,0,0,2026-09-22 22:57:03.6770000,52.016670,8.233330
2064584,"Hardenburg",3562,233,"18T","18T2H2S4Q",1,2026-09-22 22:57:06.3900000,1146,0,0,2026-09-22 22:57:06.3900000,42.000920,-74.665160
2068174,"Grant Mills",3562,233,"18T","18T2H2S4Q",1,2026-09-22 22:57:09.8400000,1150,0,0,2026-09-22 22:57:09.8400000,42.084260,-74.680430
2532656,"Hoofddorp",2269,167,"31U","31U1H6S3Q",1,2015-10-06 10:29:50.3000000,3034957,0,25857,2026-09-22 22:57:34.4730000,52.302500,4.688890
2067632,"Belle Ayr",3562,233,"18T","18T2H2S4Q",1,2026-09-22 22:57:36.1270000,1152,0,0,2026-09-22 22:57:36.1270000,42.072030,-74.609320
2117518,"Reston",3576,233,"10T","10T2H2S1Q",2,2026-09-22 22:57:54.3370000,0,328,0,2026-09-22 22:57:54.3370000,43.130110,-123.620080
2095878,"East Township",3562,233,"18T","18T2H2S4Q",1,2019-08-15 03:33:00.5330000,60590,0,0,2026-09-22 22:57:54.7700000,42.699800,-74.100960
2129355,"Coles Valley",3576,233,"10T","10T2H2S1Q",2,2026-09-22 22:58:08.2870000,0,308,0,2026-09-22 22:58:08.2870000,43.365120,-123.502590
2124304,"Callahan",3576,233,"10T","10T2H2S1Q",2,2026-09-22 22:58:17.9830000,0,600,36,2026-09-22 22:58:17.9830000,43.265950,-123.609810
2120530,"Oaks",3576,233,"10T","10T2H2S1Q",2,2026-09-22 22:58:26.3800000,0,300,44,2026-09-22 22:58:26.3800000,43.187340,-123.362020
1610904,"Calabasas Highlands",3567,233,"11S","11S2H1S4Q",1,2026-09-22 20:31:58.3830000,3563,0,0,2026-09-22 22:59:15.1600000,34.130840,-118.645360
1609471,"Topanga Park",3567,233,"11S","11S2H1S4Q",1,2026-09-22 20:31:38.1030000,3558,0,0,2026-09-22 22:59:18.1300000,34.107510,-118.629250
1610539,"Glenview",3567,233,"11S","11S2H1S4Q",1,2026-09-22 07:45:13.1330000,3350,0,0,2026-09-22 22:59:24.2730000,34.124450,-118.601470
1610935,"Santa Maria",3567,233,"11S","11S2H1S4Q",1,2026-09-22 20:31:49.1530000,3562,0,0,2026-09-22 22:59:28.1800000,34.131400,-118.574530
2122896,"Edenbower",3576,233,"10T","10T2H2S1Q",3,2026-09-22 22:59:22.2700000,0,0,3616,2026-09-22 22:59:33.6300000,43.234560,-123.382300
1609919,"Sylvia Park",3567,233,"11S","11S2H1S4Q",1,2026-09-22 20:31:24.9630000,3580,0,0,2026-09-22 22:59:34.1300000,34.115010,-118.581750
1609062,"Topanga Oaks",3567,233,"11S","11S2H1S4Q",1,2026-09-22 20:31:15.9470000,3591,0,0,2026-09-22 22:59:38.2430000,34.101120,-118.590360
1608241,"Topanga",3567,233,"11S","11S2H1S4Q",1,2026-09-22 20:31:05.6300000,3740,0,0,2026-09-22 22:59:44.0430000,34.089270,-118.604360
2124281,"Riversdale",3576,233,"10T","10T2H2S1Q",3,2026-09-22 22:59:53.4900000,0,0,1108,2026-09-22 22:59:53.4900000,43.265390,-123.421470
2624378,"Gdansk",2449,180,"34U","34U1H1S3Q",2,2019-06-07 12:01:43.3100000,0,11441980,0,2026-09-22 23:00:53.3700000,54.352050,18.646370
2059999,"Grand Detour",3554,233,"16T","16T2H4S1Q",2,2026-09-22 23:00:57.6730000,0,1052,0,2026-09-22 23:00:57.6730000,41.896700,-89.411770
2314889,"Port Ludlow",3578,233,"10T","10T1H2S2Q",2,2022-07-17 15:20:57.6630000,0,1014800,4200,2026-09-22 23:02:22.5530000,47.914040,-122.694750
2325856,"Port Townsend",3578,233,"10U","10U2H5S4Q",2,2020-07-26 22:56:06.1930000,0,2044191,300,2026-09-22 23:02:48.6700000,48.117040,-122.760450
2059899,"Kingdom",3554,233,"16T","16T2H4S1Q",2,2026-09-22 23:03:24.9100000,0,1052,0,2026-09-22 23:03:24.9100000,41.893640,-89.393710
1683299,"Cosnino",3572,233,"12S","12S2H2S1Q",1,2013-02-02 23:55:02.1200000,8420337,0,0,2026-09-22 23:03:53.1430000,35.205570,-111.474880
2087984,"Christilla Heights",3566,233,"16T","16T2H1S3Q",2,2026-09-22 23:03:58.5070000,0,1531,0,2026-09-22 23:03:58.5070000,42.528900,-89.072890
2301174,"Hof",715,57,"32T","32T1H3S1Q",3,2024-10-03 21:44:01.1070000,0,0,9790,2026-09-22 23:05:24.1870000,47.633330,10.216670
2301979,"Buhl",715,57,"32T","32T1H3S1Q",3,2024-10-04 03:48:32.2970000,0,0,6040,2026-09-22 23:05:39.2370000,47.650000,10.166670
2301980,"Eisenbolz",715,57,"32T","32T1H3S1Q",3,2024-10-04 03:48:23.2400000,0,0,6040,2026-09-22 23:05:45.7700000,47.650000,10.183330
2093200,"Hanover",3566,233,"16T","16T2H1S3Q",2,2026-09-22 23:07:02.0000000,0,1417,0,2026-09-22 23:07:02.0000000,42.638620,-89.162060
2087116,"Beloit",3566,233,"16T","16T2H1S3Q",2,2026-09-22 23:07:08.5830000,0,725,0,2026-09-22 23:07:08.5830000,42.508350,-89.031780
1595845,"Crystal Hills",3539,233,"17S","17S2H4S1Q",1,2013-09-27 01:38:21.3700000,805021,0,0,2026-09-22 23:07:26.1500000,33.907340,-83.417100
2561085,"Church Leigh",979,77,"30U","30U1H6S3Q",2,2023-05-31 15:17:58.4400000,0,102065,0,2026-09-22 23:08:21.6100000,52.916670,-1.966670
2087979,"Porters",3566,233,"16T","16T2H1S4Q",2,2026-09-22 23:08:58.8870000,0,980,0,2026-09-22 23:08:58.8870000,42.528630,-88.959280
2152830,"Wolf Creek",3576,233,"10T","10T2H2S1Q",3,2025-02-04 18:34:30.5170000,0,0,778474,2026-09-22 23:09:04.1700000,43.949840,-123.378980
2218294,"Longueuil",459,38,"18T","18T1H6S1Q",3,2025-11-03 23:10:02.2570000,0,0,2706243,2026-09-22 23:09:35.7530000,45.531210,-73.518060
1938526,"Bear Valley Heights",3568,233,"13S","13S1H2S1Q",2,2023-04-06 11:05:49.3600000,0,359980,0,2026-09-22 23:09:56.9970000,39.647500,-105.058890
1551493,"Minchin",3549,233,"14S","14S2H6S1Q",3,2015-09-29 10:58:40.5300000,0,0,3617375,2026-09-22 23:12:49.1000000,33.179290,-97.153620
2165651,"Haring",3557,233,"16T","16T1H6S3Q",3,2026-04-20 08:53:39.7370000,6300,0,152856,2026-09-22 23:13:31.0730000,44.298620,-85.413110
2124038,"Elgarose",3576,233,"10T","10T2H2S1Q",3,2026-09-22 23:13:31.4130000,0,0,1116,2026-09-22 23:13:31.4130000,43.258170,-123.485910
2125860,"Cleveland",3576,233,"10T","10T2H2S1Q",3,2026-09-22 23:13:42.0870000,0,0,1107,2026-09-22 23:13:42.0870000,43.296230,-123.476470
2123367,"Melrose",3576,233,"10T","10T2H2S1Q",2,2026-09-22 23:13:48.1600000,0,2616,0,2026-09-22 23:13:50.5600000,43.247620,-123.458970
2119911,"Lookingglass",3576,233,"10T","10T2H2S1Q",3,2026-09-22 23:13:56.4070000,0,0,1016,2026-09-22 23:13:56.4070000,43.178450,-123.486190
2122185,"Calkins",3576,233,"10T","10T2H2S1Q",2,2026-09-22 23:14:00.8830000,0,300,36,2026-09-22 23:14:00.8830000,43.221500,-123.408690
2519779,"Siedinghausen",707,57,"32U","32U1H5S3Q",1,2026-09-22 23:14:02.1200000,1057,0,0,2026-09-22 23:14:02.1200000,52.050000,8.250000
2520584,"Kasum",707,57,"32U","32U1H5S3Q",1,2026-09-22 23:14:05.0800000,1057,0,0,2026-09-22 23:14:05.0800000,52.066670,8.266670
2520585,"Holtfeld",707,57,"32U","32U1H5S3Q",1,2026-09-22 23:14:08.4370000,1057,0,0,2026-09-22 23:14:08.4370000,52.066670,8.300000
2121747,"Roseburg",3576,233,"10T","10T2H2S1Q",2,2026-09-22 23:14:10.0800000,0,300,32,2026-09-22 23:14:10.0800000,43.216500,-123.341740
2519780,"Horste",707,57,"32U","32U1H5S3Q",1,2026-09-22 23:14:11.5430000,1057,0,0,2026-09-22 23:14:11.5430000,52.050000,8.300000
2518242,"Kolkebeck",707,57,"32U","32U1H5S3Q",1,2026-09-22 23:14:16.2000000,865,0,0,2026-09-22 23:14:16.2000000,52.016670,8.283330
2114519,"Olalla",3576,233,"10T","10T2H2S1Q",3,2026-09-22 23:14:24.4770000,0,0,1120,2026-09-22 23:14:24.4770000,43.067060,-123.554520
2131700,"Union Gap",3576,233,"10T","10T2H2S1Q",2,2026-09-22 23:14:29.9800000,0,396,0,2026-09-22 23:14:29.9800000,43.406510,-123.313970
2502697,"Doornhoek",2270,167,"31U","31U2H3S2Q",1,2024-12-10 10:22:15.0470000,6420675,2100,3631969,2026-09-22 23:14:37.3100000,51.681670,5.406940
2518995,"Bokel",707,57,"32U","32U1H5S3Q",1,2026-09-22 23:14:56.9400000,1250,0,0,2026-09-22 23:14:56.9400000,52.033330,8.316670
1738859,"Dawson",3546,233,"15S","15S1H4S3Q",3,2013-12-01 23:20:28.6470000,0,0,4611775,2026-09-22 23:15:17.2900000,36.179820,-95.908600
2003203,"Lincoln",3559,233,"14T","14T2H6S4Q",2,2013-11-16 04:03:31.4300000,0,44155109,0,2026-09-22 23:15:17.2970000,40.800000,-96.666960
2322333,"Lochsloy",3578,233,"10U","10U2H5S4Q",2,2024-05-08 01:02:29.5130000,0,1272719,0,2026-09-22 23:15:21.3200000,48.051490,-122.032080
2156911,"Danebo",3576,233,"10T","10T1H5S3Q",3,2025-09-25 06:04:40.5500000,0,4136,997889,2026-09-22 23:15:22.2900000,44.059570,-123.178700
1519836,"Lancaster",3549,233,"14S","14S2H6S4Q",3,2023-11-06 10:31:57.8870000,0,0,3583710,2026-09-22 23:15:56.1900000,32.592080,-96.756110
1738567,"Las Vegas",3570,233,"11S","11S1H6S3Q",2,2014-01-06 05:24:19.2230000,0,157530767,0,2026-09-22 23:20:32.4370000,36.174970,-115.137220
2293850,"Tanner",3578,233,"10T","10T1H3S1Q",1,2024-12-12 08:19:07.0330000,3181862,0,0,2026-09-22 23:21:20.1600000,47.475380,-121.746220
2301771,"Carnation",3578,233,"10T","10T1H3S1Q",2,2014-08-12 15:34:29.7930000,2844,1375254,0,2026-09-22 23:21:24.6570000,47.647880,-121.914010
2548313,"Ballykeefe",1261,102,"29U","29U1H5S4Q",3,2018-07-20 16:33:17.8330000,0,0,30948,2026-09-22 23:21:45.4500000,52.644570,-8.666150
1897325,"Sutton Place",3536,233,"18S","18S1H1S3Q",1,2015-06-03 11:26:23.0300000,988945,0,44289,2026-09-22 23:25:46.9770000,38.931500,-77.081640
2290536,"Rohr AG",528,43,"32T","32T1H2S1Q",3,2025-03-31 14:03:09.3230000,0,0,2586373,2026-09-22 23:26:04.4030000,47.401660,8.079590
2225410,"Saint-Colomban",459,38,"18T","18T1H5S2Q",1,2026-06-06 14:00:25.3330000,380166,0,0,2026-09-22 23:26:53.3000000,45.733380,-74.132510
2739488,"Pechory",2661,192,"35V","35V2H5S2Q",2,2026-09-21 08:17:44.3170000,0,122107,0,2026-09-22 23:26:57.8800000,57.816420,27.611900
2138020,"Elkhead",3576,233,"10T","10T2H2S1Q",2,2026-09-22 23:26:59.7500000,0,343,0,2026-09-22 23:26:59.7500000,43.540680,-123.185080
2132357,"Fair Oaks",3576,233,"10T","10T2H2S1Q",2,2026-09-22 23:27:08.6770000,0,1854,0,2026-09-22 23:27:10.1670000,43.417340,-123.213410
2301981,"Engelwarz",715,57,"32T","32T1H3S1Q",3,2024-10-04 01:21:37.0000000,0,0,11040,2026-09-22 23:27:13.1370000,47.650000,10.200000
1684930,"Chalender",3572,233,"12S","12S2H1S2Q",1,2014-11-04 00:44:37.6100000,1081236,0,879,2026-09-22 23:27:52.7770000,35.234460,-112.025160
1685360,"Williams Junction",3572,233,"12S","12S2H1S2Q",1,2010-01-01 00:00:00.0000000,191331,0,529,2026-09-22 23:27:59.7800000,35.243070,-112.135450
1685181,"Sereno",3572,233,"12S","12S2H1S2Q",3,2016-07-29 18:19:34.1000000,300,0,407402,2026-09-22 23:28:16.1830000,35.239460,-112.273230
2075611,"Belvidere",3554,233,"16T","16T2H1S4Q",2,2026-09-22 23:29:43.1370000,0,935,0,2026-09-22 23:29:43.1370000,42.263910,-88.844270
2075222,"Garden Prairie",3554,233,"16T","16T2H1S4Q",2,2026-09-22 23:29:47.5270000,0,1044,0,2026-09-22 23:29:47.5270000,42.253350,-88.724820
2071112,"Herbert",3554,233,"16T","16T2H1S4Q",2,2026-09-22 23:29:53.0600000,0,1044,0,2026-09-22 23:29:53.0600000,42.154750,-88.776210
2070453,"Colvin Park",3554,233,"16T","16T2H1S4Q",2,2026-09-22 23:29:58.6530000,0,1044,0,2026-09-22 23:29:58.6530000,42.138080,-88.783430
2068430,"Kirkland",3554,233,"16T","16T2H1S4Q",2,2026-09-22 23:30:02.9500000,0,1058,0,2026-09-22 23:30:02.9500000,42.092530,-88.851210
2065071,"Clare",3554,233,"16T","16T2H1S4Q",2,2026-09-22 23:30:07.6300000,0,1058,0,2026-09-22 23:30:07.6300000,42.016140,-88.829260
2061425,"Malta",3554,233,"16T","16T2H4S2Q",2,2026-09-22 23:30:11.5700000,0,1044,0,2026-09-22 23:30:11.5700000,41.929750,-88.860920
2056927,"McGirr",3554,233,"16T","16T2H4S2Q",2,2026-09-22 23:30:16.9200000,0,1044,0,2026-09-22 23:30:16.9200000,41.817530,-88.802310
2058017,"Afton Center",3554,233,"16T","16T2H4S2Q",2,2026-09-22 23:30:25.5070000,0,1044,0,2026-09-22 23:30:25.5070000,41.849200,-88.773700
12220,"Holsworthy",143,13,"56H","56H1H1S3Q",3,2017-06-13 08:08:58.6900000,0,0,831161,2026-09-22 23:30:46.0370000,-33.983330,150.966670
1379509,"Houston",3549,233,"15R","15R1H4S1Q",2,2020-12-17 05:05:35.4930000,5912,15347005,0,2026-09-22 23:30:50.7100000,29.763280,-95.363270
2030004,"Omaha Regency",3559,233,"14T","14T2H6S2Q",2,2025-08-11 02:59:16.4470000,0,1224876,0,2026-09-22 23:31:20.8230000,41.269440,-96.185860
2341760,"Mount Vernon",3578,233,"10U","10U2H5S4Q",2,2026-09-22 21:13:53.1800000,0,10021,0,2026-09-22 23:32:44.1100000,48.421220,-122.334050
13318,"Blackheath",143,13,"56H","56H1H1S3Q",3,2025-02-18 09:13:13.8770000,0,13768,989082,2026-09-22 23:33:22.6170000,-33.650000,150.266670
2058643,"Elva",3554,233,"16T","16T2H4S2Q",2,2026-09-22 23:33:38.5730000,0,1044,0,2026-09-22 23:33:38.5730000,41.864200,-88.776200
30797,"Slacks Creek",142,13,"56J","56J1H5S4Q",2,2024-09-16 22:50:41.4270000,67941,1857703,0,2026-09-22 23:34:38.9900000,-27.650000,153.150000
2286494,"Federal Way",3578,233,"10T","10T1H2S2Q",1,2018-06-20 18:44:49.9600000,2774414,0,0,2026-09-22 23:36:32.0170000,47.322320,-122.312620
2287139,"Lakeland North",3578,233,"10T","10T1H2S2Q",1,2019-10-04 05:44:22.2370000,1400690,0,0,2026-09-22 23:36:41.4370000,47.333430,-122.276950
12570,"Stanmore",143,13,"56H","56H1H1S4Q",3,2017-05-16 05:14:35.5370000,0,0,1500728,2026-09-22 23:36:51.5200000,-33.894070,151.164240
2288146,"Star Lake",3578,233,"10T","10T1H2S2Q",2,2013-04-14 18:38:18.2170000,517,1339532,0,2026-09-22 23:36:52.3100000,47.357880,-122.291510
2289693,"Zenith",3578,233,"10T","10T1H2S2Q",2,2013-10-04 21:58:26.4830000,517,1485808,0,2026-09-22 23:36:59.6700000,47.386490,-122.323180
2291362,"North Hill",3578,233,"10T","10T1H2S2Q",2,2013-07-22 01:09:39.9530000,517,1404095,0,2026-09-22 23:37:21.8400000,47.419270,-122.323460
1447347,"Avon",3551,233,"16R","16R1H3S1Q",2,2013-08-10 15:56:02.6270000,132241,2214768,0,2026-09-22 23:37:26.9730000,31.189340,-85.286040
2076264,"Ann Arbor",3557,233,"17T","17T2H1S3Q",1,2016-07-16 20:11:44.6630000,43753732,0,0,2026-09-22 23:37:36.5070000,42.277560,-83.740880
12820,"Hunter's Hill",143,13,"56H","56H1H1S4Q",3,2017-03-27 04:38:27.9900000,0,0,1158783,2026-09-22 23:37:43.8400000,-33.816700,151.133000
2293090,"Five Corners",3578,233,"10T","10T1H2S2Q",1,2020-08-27 02:29:58.0300000,4028252,0,0,2026-09-22 23:37:44.2770000,47.459540,-122.334010
2197435,"Falcon Heights",3558,233,"15T","15T1H5S3Q",2,2018-06-09 17:14:40.3670000,0,3533190,11474,2026-09-22 23:39:19.2200000,44.991630,-93.166330
2112840,"Camas Valley",3576,233,"10T","10T2H2S1Q",3,2026-09-22 23:40:24.0170000,0,0,1121,2026-09-22 23:40:24.0170000,43.034280,-123.673970
2004876,"Sugar Hill",3562,233,"18T","18T2H6S3Q",1,2026-09-21 19:13:00.7570000,185649,0,0,2026-09-22 23:41:00.8870000,40.827500,-73.943330
1844117,"El Cerrito",3567,233,"10S","10S1H5S2Q",2,2025-08-01 12:23:41.0230000,0,3726506,82772,2026-09-22 23:41:19.1470000,37.915760,-122.311640
2301982,"Ettensberg",715,57,"32T","32T1H3S1Q",3,2024-10-04 01:21:25.0470000,0,0,9790,2026-09-22 23:42:15.7900000,47.650000,10.216670
2301984,"Einzenberg",715,57,"32T","32T1H3S1Q",3,2024-10-04 01:21:09.2100000,0,0,6040,2026-09-22 23:42:22.2100000,47.650000,10.250000
2301987,"Hatzenberg",715,57,"32T","32T1H3S1Q",3,2014-10-02 15:24:07.8930000,0,0,1828,2026-09-22 23:43:07.6200000,47.650000,10.300000
2061416,"DeKalb",3554,233,"16T","16T2H4S2Q",2,2026-09-22 23:44:11.6170000,0,1043,0,2026-09-22 23:44:11.6170000,41.929470,-88.750360
2061125,"Cortland",3554,233,"16T","16T2H4S2Q",2,2026-09-22 23:44:16.7700000,0,1056,0,2026-09-22 23:44:16.7700000,41.920030,-88.688700
2084107,"Farmington Acres",3557,233,"17T","17T2H1S3Q",1,2015-02-02 17:31:46.8630000,3889622,0,0,2026-09-22 23:44:18.5700000,42.445040,-83.385490
2064754,"Wilkinson",3554,233,"16T","16T2H1S4Q",2,2026-09-22 23:44:20.8930000,0,758,0,2026-09-22 23:44:20.8930000,42.006700,-88.782870
2064619,"Five Points",3554,233,"16T","16T2H1S4Q",2,2026-09-22 23:44:24.7600000,0,758,0,2026-09-22 23:44:24.7600000,42.002530,-88.740370
1886178,"Oak Creek Hills",3567,233,"10S","10S1H3S3Q",3,2026-09-20 22:36:01.9600000,0,149244,1629743,2026-09-22 23:45:10.7070000,38.714070,-121.076890
2116319,"Dillard",3576,233,"10T","10T2H2S1Q",2,2026-09-22 23:45:56.4300000,0,1380,0,2026-09-22 23:45:58.8900000,43.102890,-123.427850
1856636,"Villinger",3567,233,"10S","10S1H3S3Q",2,2013-10-06 14:57:32.2300000,0,1932505,15916,2026-09-22 23:46:49.5730000,38.144080,-121.373560
1382893,"Martindale",3549,233,"14R","14R1H6S1Q",2,2026-08-23 06:04:45.6600000,0,481809,0,2026-09-22 23:47:00.0830000,29.845500,-97.840840
1824394,"Richmond",3585,233,"18S","18S1H4S1Q",3,2026-09-22 23:47:05.5800000,0,0,2158,2026-09-22 23:47:06.6730000,37.553760,-77.460260
2049084,"Dune Acres",3555,233,"16T","16T2H5S1Q",3,2026-09-10 13:32:50.5870000,0,0,797034,2026-09-22 23:47:20.2330000,41.649480,-87.085870
2559501,"Milwich",979,77,"30U","30U1H5S4Q",2,2020-07-22 09:08:13.9900000,0,93585,0,2026-09-22 23:47:25.0500000,52.883330,-2.050000
2554742,"Haughton",979,77,"30U","30U1H5S4Q",2,2025-12-30 04:15:23.5170000,0,65424,0,2026-09-22 23:47:51.0000000,52.783330,-2.200000
2138299,"Sioux Falls",3577,233,"14T","14T2H3S2Q",2,2013-04-15 23:15:01.0930000,0,589946209,0,2026-09-22 23:48:25.5300000,43.549970,-96.700330
2553151,"Bradley",979,77,"30U","30U1H5S4Q",2,2025-12-30 04:15:43.8800000,0,39288,0,2026-09-22 23:48:31.0030000,52.750000,-2.183330
2068650,"Kingston",3554,233,"16T","16T2H1S4Q",2,2026-09-22 23:48:46.8400000,0,758,0,2026-09-22 23:48:46.8400000,42.099750,-88.758980
2155850,"College Hill",3576,233,"10T","10T1H5S3Q",1,2025-06-30 03:00:56.4800000,10585761,0,0,2026-09-22 23:48:49.3570000,44.030960,-123.098140
2068578,"Genoa",3554,233,"16T","16T2H1S4Q",2,2026-09-22 23:48:54.2430000,0,1043,0,2026-09-22 23:48:54.2430000,42.097250,-88.692870
1955433,"Quincy",3554,233,"15S","15S1H3S1Q",1,2019-02-19 04:40:57.4730000,268820474,0,0,2026-09-22 23:51:26.8330000,39.935600,-91.409870
2492993,"Heathrow",979,77,"30U","30U2H3S2Q",3,2013-12-02 10:54:58.2870000,0,0,4082686,2026-09-22 23:52:16.2670000,51.467300,-0.452900
2074788,"Indian Trails",3554,233,"16T","16T2H1S4Q",2,2026-09-22 23:52:33.3600000,0,1044,0,2026-09-22 23:52:33.3600000,42.245560,-88.625560
1945735,"Indianapolis",3555,233,"16S","16S1H2S2Q",2,2013-10-19 22:28:45.1070000,0,38680726,30408,2026-09-22 23:52:59.8100000,39.768380,-86.158040
2272588,"Kirchlindach",523,43,"32T","32T1H1S4Q",1,2016-10-26 16:07:26.9200000,425012,392586,0,2026-09-22 23:53:19.7670000,47.000000,7.416670
1913372,"Nashville",3555,233,"16S","16S1H2S2Q",2,2013-09-07 13:49:17.3800000,0,13608490,0,2026-09-22 23:53:19.9270000,39.207270,-86.251100
2362651,"Paris 07 Palais-Bourbon",955,75,"31U","31U2H5S3Q",2,2026-09-22 18:08:26.1030000,0,176100,0,2026-09-22 23:55:38.4370000,48.856500,2.321000
2319136,"West Lake Stevens",3578,233,"10T","10T1H2S2Q",2,2024-03-16 20:53:35.8070000,0,1262553,0,2026-09-22 23:55:43.7830000,47.993430,-122.101800
2292902,"Kloten / Kloten (Zentrum)",503,43,"32T","32T1H2S1Q",3,2026-07-23 16:39:34.4870000,0,0,3060457,2026-09-22 23:56:14.2530000,47.451340,8.586830
12804,"Hunters Hill",143,13,"56H","56H1H1S4Q",2,2026-09-22 02:06:02.3900000,0,2330353,0,2026-09-22 23:56:16.9200000,-33.833330,151.140830
2292500,"Neuenhof",528,43,"32T","32T1H2S1Q",3,2023-02-21 02:34:11.1100000,60092,0,1784805,2026-09-22 23:56:22.0470000,47.450000,8.316670
9420,"Wagga Wagga",143,13,"55H","55H1H5S4Q",2,2013-04-05 11:03:40.4800000,0,735458740,0,2026-09-22 23:56:31.2700000,-35.116670,147.366670
1902555,"Plumas Lake",3567,233,"10S","10S1H3S1Q",3,2026-09-18 17:11:48.8500000,0,0,1092531,2026-09-22 23:57:02.3370000,39.020730,-121.558020
2560259,"Doveridge",979,77,"30U","30U1H6S3Q",2,2024-01-29 11:29:39.4870000,0,53091,0,2026-09-22 23:57:57.0070000,52.900000,-1.816670
2555182,"Bad Freienwalde",713,57,"33U","33U1H5S3Q",2,2014-09-07 14:04:43.2000000,0,459373017,0,2026-09-22 23:57:57.6400000,52.787300,14.030400
1524866,"Barrelville",3547,233,"17S","17S2H5S4Q",2,2026-08-10 11:18:48.7800000,0,40044,0,2026-09-22 23:58:09.5330000,32.686290,-80.350930
2474044,"Koekoek",256,20,"31U","31U2H3S1Q",2,2015-09-04 11:06:31.1370000,155531,523867,0,2026-09-22 23:58:19.9970000,51.111630,4.366620
2069374,"Hubbard Woods",3554,233,"16T","16T2H2S3Q",1,2025-02-09 16:08:03.5630000,34436,16027,0,2026-09-22 23:59:00.0300000,42.115580,-87.742840
2636292,"Greenisland",978,77,"30U","30U1H1S3Q",1,2024-12-02 07:19:35.7230000,176758,0,0,2026-09-22 23:59:50.6570000,54.700000,-5.866670
12803,"Gladesville",143,13,"56H","56H1H1S4Q",3,2017-03-11 05:27:45.6900000,0,0,1166913,2026-09-23 00:00:10.5630000,-33.833330,151.133330
1801540,"Mount Zion",3582,233,"16S","16S1H6S2Q",2,2015-05-11 18:29:49.6200000,600,701736,4200,2026-09-23 00:00:33.1370000,37.184240,-84.676330
2116530,"Brockway",3576,233,"10T","10T2H2S1Q",2,2026-09-22 23:46:08.0200000,0,1961,0,2026-09-23 00:00:36.1670000,43.109000,-123.455350
1792617,"Scotts Valley",3567,233,"10S","10S1H5S2Q",1,2026-09-22 20:26:44.7200000,181595,0,1200,2026-09-23 00:00:38.6770000,37.051060,-122.014680
2116595,"Porter Creek",3576,233,"10T","10T2H2S1Q",2,2026-09-23 00:00:55.9170000,0,1702,0,2026-09-23 00:00:57.3400000,43.110950,-123.522020
1554021,"Lincoln Park",3549,233,"14S","14S2H6S2Q",3,2010-01-01 00:00:00.0000000,2110,0,1095437,2026-09-23 00:00:59.8300000,33.222060,-96.972780
2115803,"Tenmile",3576,233,"10T","10T2H2S1Q",2,2026-09-23 00:01:04.7270000,0,300,76,2026-09-23 00:01:04.7270000,43.096230,-123.564240
