ZoneId,Description,RegionId,CountryId,UtmGrid,GridRef,ZoneControlState,DateCapturedUtc,LegionCount,SwarmCount,FacelessCount,LastUpdateDateUtc,Latitude,Longitude
2072550,"Riley",3554,233,"16T","16T2H1S4Q",2,2026-09-23 00:01:21.8630000,0,1044,0,2026-09-23 00:01:21.8630000,42.191410,-88.632590
2325856,"Port Townsend",3578,233,"10U","10U2H5S4Q",2,2020-07-26 22:56:06.1930000,0,2043437,600,2026-09-23 00:02:09.1800000,48.117040,-122.760450
2321570,"Irondale",3578,233,"10U","10U2H5S4Q",2,2026-07-19 15:40:08.8000000,0,997982,2400,2026-09-23 00:02:15.6000000,48.042040,-122.772670
2315659,"Port Ludlow",3578,233,"10T","10T1H2S2Q",2,2020-01-05 00:28:23.8300000,1034,4800820,300,2026-09-23 00:02:28.5670000,47.925370,-122.683490
2316417,"Swansonville",3578,233,"10T","10T1H2S2Q",2,2025-07-16 05:21:04.5370000,0,1208324,300,2026-09-23 00:03:47.9400000,47.937040,-122.700440
1734119,"Globe",3567,233,"11S","11S1H4S4Q",3,2026-09-23 00:04:23.3100000,0,0,994,2026-09-23 00:04:23.3100000,36.101060,-118.828150
1735048,"Springville",3567,233,"11S","11S1H4S4Q",3,2026-09-23 00:04:28.4100000,0,0,995,2026-09-23 00:04:28.4100000,36.116780,-118.834380
1735750,"Springville",3567,233,"11S","11S1H4S4Q",3,2026-09-23 00:04:31.4970000,0,0,994,2026-09-23 00:04:31.4970000,36.130230,-118.818150
1716911,"White River",3567,233,"11S","11S2H1S2Q",3,2026-09-23 00:04:37.6700000,0,0,990,2026-09-23 00:04:37.6700000,35.811060,-118.842870
1722164,"Stone Place",3567,233,"11S","11S2H1S2Q",3,2026-09-23 00:04:41.6500000,0,0,989,2026-09-23 00:04:41.6500000,35.902450,-118.734260
1720807,"California Hot Springs",3567,233,"11S","11S2H1S2Q",3,2026-09-23 00:04:47.1470000,0,0,987,2026-09-23 00:04:47.1470000,35.880230,-118.673700
1720693,"Pine Flat",3567,233,"11S","11S2H1S2Q",3,2026-09-23 00:04:50.8100000,0,0,986,2026-09-23 00:04:50.8100000,35.878010,-118.651480
1719017,"White River Summer Home Tract",3567,233,"11S","11S2H1S2Q",3,2026-09-23 00:04:54.8170000,0,0,984,2026-09-23 00:04:54.8170000,35.849390,-118.627030
7981,"Koetong",140,13,"55H","55H2H2S2Q",2,2026-09-23 00:05:15.9970000,0,1337,0,2026-09-23 00:05:16.0000000,-36.150000,147.500000
2301987,"Hatzenberg",715,57,"32T","32T1H3S1Q",3,2014-10-02 15:24:07.8930000,0,0,10578,2026-09-23 00:05:29.1200000,47.650000,10.300000
7349,"Lurg",140,13,"55H","55H2H2S1Q",2,2026-09-23 00:05:33.8800000,0,1164,0,2026-09-23 00:05:33.8800000,-36.583330,146.133330
7244,"Molyullah",140,13,"55H","55H2H2S1Q",2,2026-09-23 00:05:37.8070000,0,1157,0,2026-09-23 00:05:37.8070000,-36.650000,146.150000
7350,"Upper Lurg",140,13,"55H","55H2H2S1Q",2,2026-09-23 00:05:40.4730000,0,1164,0,2026-09-23 00:05:40.4730000,-36.583330,146.183330
7294,"Greta South",140,13,"55H","55H2H2S1Q",2,2026-09-23 00:05:48.3830000,0,1165,0,2026-09-23 00:05:48.3830000,-36.616670,146.250000
7329,"Hansonville",140,13,"55H","55H2H2S1Q",2,2026-09-23 00:05:50.0230000,0,1167,0,2026-09-23 00:05:50.0230000,-36.600000,146.300000
7351,"Greta",140,13,"55H","55H2H2S1Q",2,2026-09-23 00:05:53.9570000,0,1167,0,2026-09-23 00:05:53.9570000,-36.583330,146.283330
7417,"Greta West",140,13,"55H","55H2H2S1Q",2,2026-09-23 00:05:57.5100000,0,1166,0,2026-09-23 00:05:57.5100000,-36.533330,146.216670
7431,"Winton",140,13,"55H","55H2H2S1Q",2,2026-09-23 00:06:43.2730000,0,1164,0,2026-09-23 00:06:43.2730000,-36.516670,146.083330
5661,"New Chum",140,13,"55H","55H2H1S4Q",2,2026-09-23 00:11:06.3900000,0,982,0,2026-09-23 00:11:06.3900000,-37.616670,145.533330
5690,"Fernshaw",140,13,"55H","55H2H1S4Q",2,2026-09-23 00:11:12.3830000,0,983,0,2026-09-23 00:11:12.3830000,-37.600000,145.633330
5741,"Naybethong",140,13,"55H","55H2H1S4Q",2,2026-09-23 00:11:16.3330000,0,987,0,2026-09-23 00:11:16.3330000,-37.566670,145.650000
5774,"Saint Fillans",140,13,"55H","55H2H1S4Q",2,2026-09-23 00:11:19.3400000,0,989,0,2026-09-23 00:11:19.3400000,-37.550000,145.666670
7389,"Benalla",140,13,"55H","55H2H1S2Q",2,2026-09-23 00:11:28.0870000,0,1161,0,2026-09-23 00:11:28.0870000,-36.550000,145.983330
5933,"Buxton",140,13,"55H","55H2H1S4Q",2,2026-09-23 00:11:38.4130000,0,995,0,2026-09-23 00:11:38.4130000,-37.416670,145.716670
7348,"Baddaginnie",140,13,"55H","55H2H1S2Q",2,2026-09-23 00:11:40.5330000,0,1152,0,2026-09-23 00:11:40.5330000,-36.583330,145.866670
7188,"Warrenbayne",140,13,"55H","55H2H1S2Q",2,2026-09-23 00:11:44.3100000,0,1066,0,2026-09-23 00:11:44.3100000,-36.683330,145.866670
5136,"Sassafras",140,13,"55H","55H2H1S4Q",2,2026-09-23 00:11:52.9200000,0,300,242,2026-09-23 00:11:52.9200000,-37.866670,145.350000
5167,"Olinda",140,13,"55H","55H2H1S4Q",2,2026-09-23 00:12:02.3900000,0,300,238,2026-09-23 00:12:02.3900000,-37.850000,145.366670
5242,"Silvan",140,13,"55H","55H2H1S4Q",2,2026-09-23 00:12:10.6670000,0,300,232,2026-09-23 00:12:10.6670000,-37.816670,145.416670
2315691,"Twin Spits",3578,233,"10T","10T1H2S2Q",2,2010-01-01 00:00:00.0000000,0,1097282,300,2026-09-23 00:13:50.4400000,47.926480,-122.610990
2315523,"Hansville",3578,233,"10T","10T1H2S2Q",2,2010-01-01 00:00:00.0000000,0,1102225,300,2026-09-23 00:13:58.8270000,47.918700,-122.554310
1718241,"Guernsey Mill",3567,233,"11S","11S2H1S2Q",3,2026-09-23 00:14:06.6400000,0,0,984,2026-09-23 00:14:06.6400000,35.834120,-118.616480
2322612,"Pebble Beach",3578,233,"10U","10U2H5S4Q",2,2014-06-14 11:44:25.6400000,0,896829,300,2026-09-23 00:14:06.7100000,48.066480,-122.387370
1718481,"Sugarloaf Mountain Park",3567,233,"11S","11S2H1S2Q",3,2026-09-23 00:14:10.7830000,0,0,984,2026-09-23 00:14:10.7830000,35.838840,-118.604530
2325939,"Bretland",3578,233,"10U","10U2H5S4Q",2,2014-04-30 05:59:47.4100000,0,1106300,300,2026-09-23 00:14:13.5730000,48.122040,-122.425980
1723641,"Fairview",3567,233,"11S","11S2H1S2Q",3,2026-09-23 00:14:17.1730000,0,0,984,2026-09-23 00:14:17.1730000,35.925780,-118.494810
1723687,"Roads End",3567,233,"11S","11S2H1S2Q",3,2026-09-23 00:14:20.8100000,0,0,981,2026-09-23 00:14:20.8100000,35.926620,-118.499250
1726618,"Johnsondale",3567,233,"11S","11S2H1S2Q",3,2026-09-23 00:14:24.1700000,0,0,1025,2026-09-23 00:14:24.1700000,35.974670,-118.540920
7133,"Boho",140,13,"55H","55H2H1S2Q",2,2026-09-23 00:14:26.1400000,0,1065,0,2026-09-23 00:14:26.1400000,-36.716670,145.833330
7007,"Boho South",140,13,"55H","55H2H1S2Q",2,2026-09-23 00:14:29.8930000,0,1064,0,2026-09-23 00:14:29.8930000,-36.783330,145.800000
2320618,"Pilchuck",3578,233,"10U","10U2H6S3Q",2,2024-03-22 01:04:03.1070000,0,1429568,0,2026-09-23 00:15:37.0830000,48.018430,-121.913740
2306531,"Duvall",3578,233,"10T","10T1H3S1Q",2,2014-06-11 14:41:36.7300000,0,1306516,0,2026-09-23 00:16:01.2130000,47.742320,-121.985680
2304956,"Novelty",3578,233,"10T","10T1H3S1Q",2,2014-07-05 18:47:08.1670000,0,1481930,0,2026-09-23 00:16:06.1600000,47.708990,-121.984570
2296258,"Snoqualmie",3578,233,"10T","10T1H3S1Q",2,2014-04-25 07:10:52.0430000,0,1319285,0,2026-09-23 00:16:44.0570000,47.528710,-121.825390
2295275,"Upper Preston",3578,233,"10T","10T1H3S1Q",2,2012-11-28 02:21:22.9970000,0,1717299,0,2026-09-23 00:17:20.8000000,47.505100,-121.907620
2560259,"Doveridge",979,77,"30U","30U1H6S3Q",2,2024-01-29 11:29:39.4870000,0,60591,0,2026-09-23 00:18:04.9730000,52.900000,-1.816670
7060,"Marraweeney",140,13,"55H","55H2H1S2Q",2,2026-09-23 00:20:23.2570000,0,1064,0,2026-09-23 00:20:23.2570000,-36.750000,145.750000
7132,"Balmattum East",140,13,"55H","55H2H1S2Q",2,2026-09-23 00:21:19.8600000,0,1146,0,2026-09-23 00:21:19.8600000,-36.716670,145.650000
7006,"Sheans Creek",140,13,"55H","55H2H1S2Q",2,2026-09-23 00:21:30.2270000,0,1071,0,2026-09-23 00:21:30.2270000,-36.783330,145.650000
6827,"Strathbogie",140,13,"55H","55H2H1S2Q",2,2026-09-23 00:21:34.0470000,0,1062,0,2026-09-23 00:21:34.0470000,-36.850000,145.750000
2626555,"West Stonesdale",979,77,"30U","30U1H2S4Q",2,2026-09-23 00:21:52.2630000,0,427,0,2026-09-23 00:21:52.2630000,54.415130,-2.171170
1821529,"Hornitos",3567,233,"10S","10S1H6S2Q",3,2026-09-23 00:22:03.3770000,0,300,889,2026-09-23 00:22:03.3770000,37.502160,-120.238240
1817934,"Indian Gulch",3567,233,"10S","10S1H6S2Q",3,2026-09-23 00:22:07.9300000,0,0,1059,2026-09-23 00:22:07.9300000,37.439380,-120.196850
1808592,"Planada",3567,233,"10S","10S1H6S2Q",3,2026-09-23 00:22:13.9170000,0,0,1061,2026-09-23 00:22:13.9170000,37.290770,-120.318520
1808487,"Planada",3567,233,"10S","10S1H6S2Q",3,2026-09-23 00:22:18.2770000,0,0,1061,2026-09-23 00:22:18.2770000,37.289150,-120.325110
1808975,"Calpack",3567,233,"10S","10S1H6S2Q",3,2026-09-23 00:22:24.8970000,0,0,1062,2026-09-23 00:22:24.8970000,37.296890,-120.352130
1808928,"Tuttle",3567,233,"10S","10S1H6S2Q",3,2026-09-23 00:22:29.5270000,0,0,1063,2026-09-23 00:22:29.5270000,37.296050,-120.378800
1808849,"Kadota",3567,233,"10S","10S1H6S2Q",3,2026-09-23 00:22:35.9130000,0,0,1064,2026-09-23 00:22:35.9130000,37.294940,-120.412130
1808992,"Bear Creek",3567,233,"10S","10S1H6S2Q",3,2026-09-23 00:22:41.1270000,0,0,1059,2026-09-23 00:22:41.1270000,37.297160,-120.417410
1805248,"Lingard",3567,233,"10S","10S1H6S2Q",3,2026-09-23 00:23:05.7230000,0,0,1062,2026-09-23 00:23:05.7230000,37.240220,-120.397410
1803029,"Athlone",3567,233,"10S","10S1H6S2Q",3,2026-09-23 00:25:08.1070000,0,0,1064,2026-09-23 00:25:08.1070000,37.208000,-120.357960
1856636,"Villinger",3567,233,"10S","10S1H3S3Q",2,2013-10-06 14:57:32.2300000,0,1911409,19536,2026-09-23 00:25:28.6470000,38.144080,-121.373560
1727048,"Redwood Corral",3567,233,"11S","11S2H1S2Q",3,2026-09-23 00:26:14.6130000,0,0,988,2026-09-23 00:26:14.6130000,35.982450,-118.662590
1730086,"Wheatons",3567,233,"11S","11S1H4S4Q",3,2026-09-23 00:26:18.5830000,0,0,990,2026-09-23 00:26:18.5830000,36.032450,-118.702590
1733421,"Smith Mill",3567,233,"11S","11S1H4S4Q",3,2026-09-23 00:26:25.9800000,0,0,989,2026-09-23 00:26:25.9800000,36.090230,-118.658420
1736542,"Camp Nelson",3567,233,"11S","11S1H4S4Q",3,2026-09-23 00:26:29.0700000,0,0,988,2026-09-23 00:26:29.0700000,36.142720,-118.609260
2292232,"Orillia",3578,233,"10T","10T1H2S2Q",2,2013-08-23 04:01:33.8770000,0,1606368,900,2026-09-23 00:27:34.9700000,47.441210,-122.245680
5740,"Saint Andrews North",140,13,"55H","55H2H1S4Q",2,2026-09-23 00:27:47.7570000,0,1125,0,2026-09-23 00:27:47.7570000,-37.566670,145.300000
5575,"Yarra Glen",140,13,"55H","55H2H1S4Q",2,2026-09-23 00:28:05.0800000,0,300,72,2026-09-23 00:28:05.0800000,-37.666670,145.366670
5429,"Gruyere",140,13,"55H","55H2H1S4Q",2,2026-09-23 00:28:21.0570000,0,1184,0,2026-09-23 00:28:21.0570000,-37.733330,145.450000
5373,"Seville",140,13,"55H","55H2H1S4Q",2,2026-09-23 00:28:25.8700000,0,300,225,2026-09-23 00:28:25.8700000,-37.766670,145.466670
5400,"Killara",140,13,"55H","55H2H1S4Q",2,2026-09-23 00:28:32.0300000,0,300,221,2026-09-23 00:28:32.0300000,-37.750000,145.500000
5402,"Woori Yallock",140,13,"55H","55H2H1S4Q",2,2026-09-23 00:28:37.6530000,0,300,219,2026-09-23 00:28:37.6530000,-37.750000,145.516670
5403,"Warburton",140,13,"55H","55H2H1S4Q",2,2026-09-23 00:28:44.4030000,0,979,0,2026-09-23 00:28:44.4030000,-37.750000,145.683330
2301998,"Untermoos",715,57,"32T","32T1H3S1Q",3,2024-10-03 20:27:00.8400000,0,0,9798,2026-09-23 00:29:12.5300000,47.650000,10.383330
2302869,"Oberzollhaus",715,57,"32T","32T1H3S1Q",3,2024-10-04 11:08:36.9400000,0,0,8540,2026-09-23 00:29:30.7670000,47.666670,10.416670
1756767,"Thelma",3545,233,"18S","18S1H4S3Q",3,2026-09-23 00:29:46.3830000,0,0,1131,2026-09-23 00:29:46.3830000,36.470430,-77.793320
1749801,"Pierces Crossroads",3545,233,"18S","18S1H4S3Q",3,2026-09-23 00:29:51.2970000,0,0,1127,2026-09-23 00:29:51.2970000,36.359040,-77.660530
1753037,"South Weldon",3545,233,"18S","18S1H4S3Q",3,2026-09-23 00:29:56.2730000,0,0,1131,2026-09-23 00:29:56.2730000,36.411830,-77.607730
2309849,"Turner Corner",3578,233,"10T","10T1H2S2Q",2,2016-03-22 18:27:55.6100000,0,1417412,0,2026-09-23 00:31:17.4130000,47.804540,-122.143460
2309935,"Thrashers Corner",3578,233,"10T","10T1H2S2Q",2,2013-05-26 00:22:37.9270000,0,2269632,0,2026-09-23 00:31:34.0570000,47.808990,-122.207910
31043,"Rochedale",142,13,"56J","56J1H5S4Q",1,2026-09-23 00:31:49.7570000,1079,0,0,2026-09-23 00:31:49.7570000,-27.566670,153.133330
30836,"Woodridge",142,13,"56J","56J1H5S4Q",1,2026-09-23 00:31:55.8030000,1084,0,0,2026-09-23 00:31:55.8030000,-27.633330,153.100000
148258,"Mutuycancha",2383,175,"18L","18L2H3S4Q",1,2022-12-06 09:44:12.0600000,3243,0,0,2026-09-23 00:32:46.9330000,-13.609720,-72.070000
2304864,"Avondale",3578,233,"10T","10T1H2S2Q",2,2014-12-04 22:02:42.8600000,0,1647368,0,2026-09-23 00:32:47.5600000,47.703150,-122.092900
148518,"Tinquicanchapampa",2383,175,"18L","18L2H3S4Q",1,2022-12-06 13:27:50.9500000,5621,0,0,2026-09-23 00:32:53.1530000,-13.594720,-72.142500
2112840,"Camas Valley",3576,233,"10T","10T2H2S1Q",2,2026-09-23 00:32:54.9670000,0,300,96,2026-09-23 00:32:54.9670000,43.034280,-123.673970
31194,"Ormiston",142,13,"56J","56J1H5S4Q",1,2026-09-23 00:32:55.9970000,1073,0,0,2026-09-23 00:32:55.9970000,-27.516670,153.250000
31305,"Wellington Point",142,13,"56J","56J1H5S4Q",1,2026-09-23 00:32:59.4400000,788,0,0,2026-09-23 00:32:59.4400000,-27.483330,153.250000
31303,"Birkdale",142,13,"56J","56J1H5S4Q",1,2026-09-23 00:33:02.2300000,788,0,0,2026-09-23 00:33:02.2300000,-27.483330,153.216670
31304,"Badgen",142,13,"56J","56J1H5S4Q",1,2026-09-23 00:33:07.9730000,788,0,0,2026-09-23 00:33:07.9730000,-27.483330,153.233330
1976528,"Devonshire Crest",3584,233,"18T","18T2H4S4Q",3,2025-11-22 14:22:05.6530000,517,0,1211192,2026-09-23 00:33:10.4800000,40.312870,-76.743030
1910540,"Hoosier Acres",3555,233,"16S","16S1H2S2Q",2,2013-07-26 17:05:43.3270000,0,15930322,0,2026-09-23 00:35:41.9530000,39.157830,-86.486940
2225410,"Saint-Colomban",459,38,"18T","18T1H5S2Q",1,2026-06-06 14:00:25.3330000,400166,0,0,2026-09-23 00:36:19.0000000,45.733380,-74.132510
6358,"Emu Flat",140,13,"55H","55H2H1S3Q",2,2026-09-23 00:40:05.7430000,0,1044,0,2026-09-23 00:40:05.7430000,-37.116670,144.766670
1539573,"Springtown",3549,233,"14S","14S2H6S3Q",3,2014-02-27 15:08:37.4000000,0,0,770077,2026-09-23 00:40:13.4770000,32.965960,-97.683640
6332,"Pyalong",140,13,"55H","55H2H1S3Q",2,2026-09-23 00:40:13.7130000,0,2244,0,2026-09-23 00:40:26.7000000,-37.133330,144.766670
6200,"Benloch",140,13,"55H","55H2H1S3Q",3,2026-02-06 23:18:27.8530000,0,300,450,2026-09-23 00:40:31.9930000,-37.216670,144.700000
6251,"High Camp",140,13,"55H","55H2H1S3Q",2,2026-09-23 00:40:45.6200000,0,1045,0,2026-09-23 00:40:45.6200000,-37.183330,144.900000
6227,"Broadford",140,13,"55H","55H2H1S4Q",2,2026-09-23 00:41:04.7500000,0,1045,0,2026-09-23 00:41:04.7500000,-37.200000,145.066670
6379,"Tallarook",140,13,"55H","55H2H1S4Q",2,2026-09-23 00:41:19.1670000,0,1046,0,2026-09-23 00:41:19.1670000,-37.100000,145.100000
6477,"Seymour",140,13,"55H","55H2H1S4Q",2,2026-09-23 00:41:23.5430000,0,1056,0,2026-09-23 00:41:23.5430000,-37.033330,145.133330
6476,"Hilldene",140,13,"55H","55H2H1S4Q",2,2026-09-23 00:41:27.5600000,0,1046,0,2026-09-23 00:41:27.5600000,-37.033330,145.066670
1736686,"Cedar Slope",3567,233,"11S","11S1H4S4Q",3,2026-09-23 00:41:36.0370000,0,0,987,2026-09-23 00:41:36.0370000,36.145220,-118.578420
1734600,"Quaker Meadow",3567,233,"11S","11S1H4S4Q",3,2026-09-23 00:41:40.7270000,0,0,986,2026-09-23 00:41:40.7270000,36.110220,-118.554530
1742342,"Mountain Home",3567,233,"11S","11S1H4S4Q",3,2026-09-23 00:41:44.1270000,0,0,993,2026-09-23 00:41:44.1270000,36.234670,-118.695930
1741486,"Milo",3567,233,"11S","11S1H4S4Q",3,2026-09-23 00:41:48.2570000,0,0,996,2026-09-23 00:41:48.2570000,36.220230,-118.817320
1968214,"Salem Hill",3561,233,"18T","18T2H5S4Q",1,2025-12-26 02:21:56.8900000,17596,0,12505,2026-09-23 00:42:05.8400000,40.158450,-74.211810
1692282,"Randsburg",3567,233,"11S","11S2H2S1Q",3,2026-09-23 00:42:09.0800000,0,0,941,2026-09-23 00:42:09.0800000,35.367960,-117.660620
1692438,"Johannesburg",3567,233,"11S","11S2H2S1Q",3,2026-09-23 00:42:13.8870000,0,0,939,2026-09-23 00:42:13.8870000,35.371760,-117.641960
5374,"Wesburn",140,13,"55H","55H2H1S4Q",2,2026-09-23 00:43:02.5070000,0,765,0,2026-09-23 00:43:02.5070000,-37.766670,145.633330
5375,"Millgrove",140,13,"55H","55H2H1S4Q",2,2026-09-23 00:43:08.0830000,0,768,0,2026-09-23 00:43:08.0830000,-37.766670,145.650000
5334,"Yarra Junction",140,13,"55H","55H2H1S4Q",2,2026-09-23 00:43:14.4670000,0,763,0,2026-09-23 00:43:14.4670000,-37.783330,145.616670
5289,"Gladysdale",140,13,"55H","55H2H1S4Q",2,2026-09-23 00:43:30.2330000,0,979,0,2026-09-23 00:43:30.2330000,-37.800000,145.650000
1410128,"Cherry Spring",3549,233,"14R","14R1H2S3Q",1,2026-09-23 00:43:34.6400000,1091,0,0,2026-09-23 00:43:34.6400000,30.483250,-99.009220
5243,"Parslows",140,13,"55H","55H2H1S4Q",3,2026-08-05 20:23:47.2700000,0,300,430,2026-09-23 00:43:42.6000000,-37.816670,145.516670
1408202,"Crabapple",3549,233,"14R","14R1H2S4Q",1,2026-09-23 00:43:52.4630000,1098,0,0,2026-09-23 00:43:52.4630000,30.442970,-98.837540
1408359,"Blowout",3549,233,"14R","14R1H2S4Q",1,2026-09-23 00:44:25.4700000,1113,0,0,2026-09-23 00:44:25.4700000,30.447140,-98.577530
6632,"Tallangalook",140,13,"55H","55H2H1S2Q",2,2026-09-23 00:44:44.4900000,0,1062,0,2026-09-23 00:44:44.4900000,-36.933330,145.866670
6603,"Dry Creek",140,13,"55H","55H2H1S2Q",2,2026-09-23 00:44:58.1870000,0,1062,0,2026-09-23 00:44:58.1870000,-36.950000,145.850000
6547,"Ancona",140,13,"55H","55H2H1S2Q",2,2026-09-23 00:45:40.0300000,0,1061,0,2026-09-23 00:45:40.0300000,-36.983330,145.816670
1692481,"Johannesburg",3567,233,"11S","11S2H2S1Q",3,2026-09-23 00:45:41.9700000,0,0,940,2026-09-23 00:45:41.9700000,35.372740,-117.634780
6503,"Woodfield",140,13,"55H","55H2H1S4Q",2,2026-09-23 00:45:49.8630000,0,1060,0,2026-09-23 00:45:49.8630000,-37.016670,145.800000
1691673,"Red Mountain",3567,233,"11S","11S2H2S1Q",3,2026-09-23 00:45:51.6030000,0,0,938,2026-09-23 00:45:51.6030000,35.358300,-117.616730
2234947,"Seaside",3576,233,"10T","10T1H5S1Q",2,2022-09-30 16:37:50.4100000,0,267844,0,2026-09-23 00:46:30.7370000,45.993160,-123.922640
2235942,"Gearhart",3576,233,"10T","10T1H2S3Q",2,2022-06-22 01:41:01.7830000,0,1133727,0,2026-09-23 00:46:45.9070000,46.024270,-123.911250
6504,"Bonnie Doon",140,13,"55H","55H2H1S4Q",2,2026-09-23 00:46:50.8930000,0,1061,0,2026-09-23 00:46:50.8930000,-37.016670,145.866670
6479,"Maindample",140,13,"55H","55H2H1S4Q",2,2026-09-23 00:46:54.1430000,0,1062,0,2026-09-23 00:46:54.1430000,-37.033330,145.933330
6548,"Nillahcootie",140,13,"55H","55H2H2S1Q",2,2026-09-23 00:47:03.6770000,0,1065,0,2026-09-23 00:47:03.6770000,-36.983330,146.033330
1918844,"Waycross",3555,233,"16S","16S1H2S2Q",2,2013-07-31 20:28:07.2870000,0,14400774,0,2026-09-23 00:47:24.8070000,39.303660,-86.344160
1959593,"Unionville",3561,233,"18T","18T2H5S4Q",2,2022-04-12 10:28:36.2830000,600,25186,0,2026-09-23 00:47:37.8000000,40.005390,-74.764610
1958921,"Mount Holly",3561,233,"18S","18S1H2S2Q",2,2023-02-08 18:04:37.7900000,1076,3806,0,2026-09-23 00:47:48.6270000,39.992890,-74.787660
2304464,"Oberhof",715,57,"32T","32T1H3S1Q",3,2010-01-01 00:00:00.0000000,0,0,9950,2026-09-23 00:51:06.9200000,47.700000,10.366670
6577,"Northwood",140,13,"55H","55H2H1S2Q",2,2026-09-23 00:51:09.4200000,0,1057,0,2026-09-23 00:51:09.4200000,-36.966670,145.116670
6631,"Mangalore",140,13,"55H","55H2H1S2Q",2,2026-09-23 00:51:15.1700000,0,856,0,2026-09-23 00:51:15.1700000,-36.933330,145.183330
6478,"Burlington",140,13,"55H","55H2H1S4Q",2,2026-09-23 00:51:20.7370000,0,1058,0,2026-09-23 00:51:20.7370000,-37.033330,145.233330
6380,"Trawool",140,13,"55H","55H2H1S4Q",2,2026-09-23 00:51:26.9600000,0,1056,0,2026-09-23 00:51:26.9600000,-37.100000,145.216670
6359,"Granite",140,13,"55H","55H2H1S4Q",2,2026-09-23 00:51:33.2230000,0,1056,0,2026-09-23 00:51:33.2230000,-37.116670,145.216670
6301,"Kerrisdale",140,13,"55H","55H2H1S4Q",2,2026-09-23 00:51:40.1330000,0,1056,0,2026-09-23 00:51:40.1330000,-37.150000,145.266670
1919803,"Fruitdale",3555,233,"16S","16S1H2S2Q",2,2013-12-07 00:55:05.7500000,0,5722450,0,2026-09-23 00:51:44.4630000,39.321990,-86.257770
6228,"Homewood",140,13,"55H","55H2H1S4Q",2,2026-09-23 00:51:45.2570000,0,1047,0,2026-09-23 00:51:45.2570000,-37.200000,145.333330
6381,"Highlands",140,13,"55H","55H2H1S4Q",2,2026-09-23 00:51:51.5330000,0,1050,0,2026-09-23 00:51:51.5330000,-37.100000,145.400000
5335,"Big Pats Creek",140,13,"55H","55H2H1S4Q",2,2026-09-23 00:52:47.5000000,0,979,0,2026-09-23 00:52:47.5000000,-37.783330,145.750000
5461,"McMahons Creek",140,13,"55H","55H2H1S4Q",2,2026-09-23 00:52:53.2800000,0,984,0,2026-09-23 00:52:53.2800000,-37.716670,145.833330
1916535,"Helmsburg",3555,233,"16S","16S1H2S2Q",2,2013-09-12 04:05:12.7900000,0,6258634,0,2026-09-23 00:52:55.9400000,39.265330,-86.292770
5139,"Powelltown",140,13,"55H","55H2H1S4Q",2,2026-09-23 00:53:00.9300000,0,977,0,2026-09-23 00:53:00.9300000,-37.866670,145.750000
1933154,"Willow Grove",3561,233,"18S","18S1H2S1Q",2,2021-06-09 23:36:02.2670000,1562,1559755,600,2026-09-23 00:53:09.2570000,39.554280,-75.078790
6448,"Kobyboyn",140,13,"55H","55H2H1S4Q",2,2026-09-23 00:58:58.5770000,0,1051,0,2026-09-23 00:58:58.5770000,-37.050000,145.400000
6544,"Tarcombe",140,13,"55H","55H2H1S2Q",2,2026-09-23 00:59:03.8700000,0,1053,0,2026-09-23 00:59:03.8700000,-36.983330,145.400000
6545,"Ruffy",140,13,"55H","55H2H1S2Q",2,2026-09-23 00:59:08.2900000,0,1055,0,2026-09-23 00:59:08.2900000,-36.983330,145.500000
6964,"Longwood",140,13,"55H","55H2H1S2Q",2,2026-09-23 00:59:16.7030000,0,1033,0,2026-09-23 00:59:16.7030000,-36.800000,145.416670
6922,"Old Longwood",140,13,"55H","55H2H1S2Q",2,2026-09-23 00:59:23.0030000,0,1030,0,2026-09-23 00:59:23.0030000,-36.816670,145.450000
2296605,"Nagytarcsa",1217,100,"34T","34T1H1S2Q",1,2010-01-01 00:00:00.0000000,1280758,0,0,2026-09-23 00:59:32.4700000,47.533330,19.283330
2295800,"Cinkota",1222,100,"34T","34T1H1S2Q",1,2010-01-01 00:00:00.0000000,1625857,0,0,2026-09-23 00:59:36.8370000,47.516670,19.233330
13229,"Mount Colah",143,13,"56H","56H1H1S4Q",3,2016-10-02 06:16:17.3870000,0,1034,1230274,2026-09-23 00:59:39.3270000,-33.683330,151.116670
2318153,"Columbia Beach",3578,233,"10T","10T1H2S2Q",2,2014-11-12 16:57:37.5730000,0,1272743,0,2026-09-23 00:59:40.2530000,47.970370,-122.351250
2297089,"Kistarcsa",1217,100,"34T","34T1H1S2Q",3,2026-09-16 10:07:27.4130000,797,0,2508,2026-09-23 00:59:44.2130000,47.547570,19.262470
2316568,"Mukilteo",3578,233,"10T","10T1H2S2Q",2,2015-01-04 21:33:05.4730000,0,1865436,0,2026-09-23 00:59:47.9900000,47.944540,-122.304580
7005,"Creighton",140,13,"55H","55H2H1S2Q",2,2026-09-23 00:59:48.5000000,0,1051,0,2026-09-23 00:59:48.5000000,-36.783330,145.500000
2297391,"Nandormajor",1217,100,"34T","34T1H1S2Q",3,2026-09-16 10:07:38.2700000,794,0,1267,2026-09-23 00:59:50.5030000,47.550000,19.250000
2298149,"Tereziamajor",1217,100,"34T","34T1H1S2Q",3,2026-09-08 03:20:16.3470000,576,0,1871,2026-09-23 00:59:54.5170000,47.566670,19.250000
2297728,"Kerepes",1217,100,"34T","34T1H1S2Q",3,2026-09-08 03:20:20.5370000,568,0,1894,2026-09-23 00:59:59.0100000,47.560080,19.282890
2298150,"Zentai Tanya",1217,100,"34T","34T1H1S2Q",3,2026-09-08 03:20:25.9770000,568,0,1894,2026-09-23 01:00:05.3000000,47.566670,19.300000
2298155,"Baromfitenyesztotelep",1217,100,"34T","34T1H1S2Q",3,2026-09-08 03:20:38.7300000,855,0,2347,2026-09-23 01:00:11.5630000,47.566670,19.383330
2293522,"Szilagyitanya",1217,100,"34T","34T1H1S2Q",1,2017-08-20 12:26:32.3700000,736106,0,0,2026-09-23 01:00:44.0030000,47.466670,19.383330
2297392,"Alsoretdulo",1217,100,"34T","34T1H1S2Q",3,2026-09-08 03:20:11.3100000,861,0,2330,2026-09-23 01:01:02.6700000,47.550000,19.266670
5138,"Gilderoy",140,13,"55H","55H2H1S4Q",2,2026-09-23 01:01:38.0030000,0,300,223,2026-09-23 01:01:38.0030000,-37.866670,145.716670
5169,"Slaty Creek",140,13,"55H","55H2H1S4Q",2,2026-09-23 01:01:45.9570000,0,748,0,2026-09-23 01:01:45.9570000,-37.850000,145.666670
5594,"Healesville",140,13,"55H","55H2H1S4Q",2,2026-09-23 01:02:07.8770000,0,980,0,2026-09-23 01:02:07.8770000,-37.650000,145.516670
1754937,"Murfreesboro",3545,233,"18S","18S1H4S3Q",3,2026-09-23 01:05:10.4200000,0,0,1081,2026-09-23 01:05:10.4200000,36.442380,-77.098580
1754897,"Buena Vista",3545,233,"18S","18S1H4S3Q",3,2026-09-23 01:05:18.6430000,0,0,1082,2026-09-23 01:05:18.6430000,36.441820,-77.119410
13564,"Brooklyn",143,13,"56H","56H1H1S4Q",3,2017-04-30 21:08:35.4100000,0,1913,1031415,2026-09-23 01:05:19.2170000,-33.550000,151.233330
1754641,"Conway",3545,233,"18S","18S1H4S3Q",3,2026-09-23 01:05:30.9430000,0,0,1086,2026-09-23 01:05:30.9430000,36.437100,-77.228860
1748568,"Boones Crossroads",3545,233,"18S","18S1H4S3Q",3,2026-09-23 01:05:38.7200000,0,0,1092,2026-09-23 01:05:38.7200000,36.338760,-77.418580
1751675,"Jackson",3545,233,"18S","18S1H4S3Q",3,2026-09-23 01:05:45.8330000,0,0,1088,2026-09-23 01:05:45.8330000,36.389600,-77.421360
1754778,"Pleasant Grove",3545,233,"18S","18S1H4S3Q",3,2026-09-23 01:06:07.9870000,0,0,1089,2026-09-23 01:06:07.9870000,36.439320,-77.444420
1756768,"Gumberry",3545,233,"18S","18S1H4S3Q",3,2026-09-23 01:06:12.7800000,0,0,1094,2026-09-23 01:06:12.7800000,36.470430,-77.495810
1760650,"Pleasant Hill",3545,233,"18S","18S1H4S3Q",3,2026-09-23 01:06:19.8630000,0,0,1095,2026-09-23 01:06:19.8630000,36.532100,-77.535530
1759329,"Brewers Crossroads",3545,233,"18S","18S1H4S3Q",3,2026-09-23 01:06:37.3500000,0,0,1085,2026-09-23 01:06:37.3500000,36.509040,-77.603040
7059,"Euroa",140,13,"55H","55H2H1S2Q",2,2026-09-23 01:09:11.3470000,0,891,0,2026-09-23 01:09:11.3470000,-36.750000,145.566670
1761445,"Stancell",3545,233,"18S","18S1H4S3Q",3,2026-09-23 01:09:14.5870000,0,0,1120,2026-09-23 01:09:14.5870000,36.543760,-77.739980
7242,"Riggs Creek",140,13,"55H","55H2H1S2Q",2,2026-09-23 01:09:24.2900000,0,1103,0,2026-09-23 01:09:24.2900000,-36.650000,145.566670
2072110,"Kelly Corners",3562,233,"18T","18T2H2S4Q",1,2026-09-23 01:09:40.4270000,1157,0,0,2026-09-23 01:09:40.4270000,42.182030,-74.599600
7241,"Moglonemby",140,13,"55H","55H2H1S2Q",2,2026-09-23 01:09:41.5930000,0,1102,0,2026-09-23 01:09:41.5930000,-36.650000,145.533330
7187,"Molka",140,13,"55H","55H2H1S2Q",2,2026-09-23 01:09:56.2270000,0,1058,0,2026-09-23 01:09:56.2270000,-36.683330,145.450000
2055716,"Hasbrouck",3562,233,"18T","18T2H5S2Q",1,2026-09-23 01:10:00.1600000,1132,0,0,2026-09-23 01:10:00.1600000,41.791200,-74.614600
2054356,"Woodbourne",3562,233,"18T","18T2H5S2Q",1,2026-09-23 01:10:05.4300000,1131,0,0,2026-09-23 01:10:05.4300000,41.759810,-74.594050
2053091,"Fallsburg",3562,233,"18T","18T2H5S2Q",1,2026-09-23 01:10:06.2970000,1127,0,0,2026-09-23 01:10:06.2970000,41.732040,-74.601270
2052736,"South Fallsburg",3562,233,"18T","18T2H5S2Q",1,2026-09-23 01:10:10.6700000,1123,0,0,2026-09-23 01:10:10.6700000,41.720650,-74.634330
2230295,"Elsie",3576,233,"10T","10T1H5S1Q",2,2022-10-26 01:08:48.1900000,0,12142,0,2026-09-23 01:10:19.6730000,45.865670,-123.594850
2052118,"Woodridge",3562,233,"18T","18T2H5S2Q",1,2026-09-23 01:10:33.3100000,1125,0,0,2026-09-23 01:10:33.3100000,41.710650,-74.574330
2231317,"Vinemaple",3576,233,"10T","10T1H5S1Q",2,2026-01-13 07:11:15.8000000,0,2279,0,2026-09-23 01:10:38.0300000,45.888440,-123.544290
2231863,"Grand Rapids",3576,233,"10T","10T1H5S1Q",2,2026-01-13 07:11:35.1600000,0,2111,0,2026-09-23 01:10:47.1600000,45.901220,-123.504010
2053773,"Dairyland",3562,233,"18T","18T2H5S2Q",1,2026-09-23 01:11:32.8270000,1131,0,0,2026-09-23 01:11:32.8270000,41.747040,-74.537380
2233015,"Jewell",3576,233,"10T","10T1H5S1Q",2,2022-09-05 18:19:45.1130000,0,6003,0,2026-09-23 01:12:24.5970000,45.934560,-123.504010
1595845,"Crystal Hills",3539,233,"17S","17S2H4S1Q",1,2013-09-27 01:38:21.3700000,815021,0,0,2026-09-23 01:20:16.9670000,33.907340,-83.417100
1446898,"Ashford",3551,233,"16R","16R1H3S1Q",2,2013-08-10 14:40:21.1970000,1378,2622689,1200,2026-09-23 01:21:00.7770000,31.182960,-85.236320
1463257,"Capps",3551,233,"16R","16R1H3S1Q",2,2013-09-14 01:05:40.8270000,6379,1092030,1200,2026-09-23 01:21:24.0930000,31.497110,-85.311880
1467472,"Abbeville",3551,233,"16R","16R1H3S1Q",2,2013-08-01 03:10:09.0330000,1957,3743492,0,2026-09-23 01:21:32.1530000,31.571840,-85.250490
1464053,"Dill",3551,233,"16R","16R1H3S1Q",2,2018-12-22 21:59:26.1970000,7754,223158,300,2026-09-23 01:21:48.4170000,31.511000,-85.653550
1701672,"Spangler",3567,233,"11S","11S2H2S1Q",3,2026-09-23 01:21:56.4100000,0,0,936,2026-09-23 01:21:56.4100000,35.548850,-117.451440
867192,"Ban Nong Rong",3188,218,"47P","47P1H3S3Q",1,2026-09-23 01:21:56.7000000,804,0,0,2026-09-23 01:21:56.7000000,14.266670,100.833330
1710583,"Skytop",3567,233,"11S","11S2H2S1Q",3,2026-09-23 01:22:00.1070000,0,0,942,2026-09-23 01:22:00.1070000,35.701340,-117.498950
867193,"Ban Nong Sua",3188,218,"47P","47P1H3S3Q",1,2026-09-23 01:22:00.1170000,754,0,0,2026-09-23 01:22:00.1170000,14.266670,100.850000
1459758,"Pleasant Hill",3551,233,"16R","16R1H3S1Q",2,2013-09-01 05:05:09.7630000,7150,2051737,0,2026-09-23 01:22:02.0530000,31.429340,-85.674380
866527,"Ban Khlong Hok Wa Sai Bon (4)",3203,218,"47P","47P1H3S3Q",1,2026-09-23 01:22:02.2230000,781,0,0,2026-09-23 01:22:02.2230000,14.250000,100.850000
1710859,"Westend",3567,233,"11S","11S2H2S1Q",3,2026-09-23 01:22:23.1700000,0,0,937,2026-09-23 01:22:23.1700000,35.706900,-117.392280
1456866,"Plainview",3551,233,"16R","16R1H3S1Q",1,2026-06-29 22:22:07.4100000,3398,0,0,2026-09-23 01:22:27.8400000,31.367390,-85.612990
1711326,"South Trona",3567,233,"11S","11S2H2S1Q",3,2026-09-23 01:23:29.9630000,0,0,938,2026-09-23 01:23:29.9630000,35.715510,-117.397280
1719639,"Homewood Canyon-Valley Wells",3567,233,"11S","11S2H2S1Q",3,2026-09-23 01:23:32.9300000,0,0,940,2026-09-23 01:23:32.9300000,35.860440,-117.371760
1732477,"Junction Ranch",3567,233,"11S","11S1H5S3Q",3,2026-09-23 01:23:38.3270000,0,0,949,2026-09-23 01:23:38.3270000,36.073830,-117.512840
2091472,"Planinitsa",279,22,"34T","34T2H3S3Q",1,2026-09-11 19:28:05.9370000,31991,0,0,2026-09-23 01:23:58.3430000,42.600000,22.950000
1550079,"Corinth",3549,233,"14S","14S2H6S1Q",3,2015-09-02 13:18:02.1330000,0,0,5104049,2026-09-23 01:23:58.7400000,33.154010,-97.064730
1663174,"Lenwood",3567,233,"11S","11S2H2S3Q",3,2026-09-23 01:24:20.5900000,0,0,904,2026-09-23 01:24:20.5900000,34.885510,-117.106870
1663460,"Grandview",3567,233,"11S","11S2H2S3Q",3,2026-09-23 01:24:23.5370000,0,0,903,2026-09-23 01:24:23.5370000,34.889980,-117.106710
1662496,"Lenwood",3567,233,"11S","11S2H2S3Q",3,2026-09-23 01:24:28.2400000,0,0,904,2026-09-23 01:24:28.2400000,34.876650,-117.103930
1664669,"Hutt",3567,233,"11S","11S2H2S3Q",3,2026-09-23 01:25:40.8570000,0,0,904,2026-09-23 01:25:40.8570000,34.907760,-117.075320
2299174,"East Seattle",3578,233,"10T","10T1H2S2Q",1,2021-11-17 20:16:05.6400000,4034477,0,0,2026-09-23 01:25:42.2100000,47.587880,-122.248460
2298409,"Mercer Island",3578,233,"10T","10T1H2S2Q",1,2020-12-10 02:07:24.0000000,4099195,0,0,2026-09-23 01:25:48.0300000,47.570650,-122.222070
2298419,"Newport",3578,233,"10T","10T1H2S2Q",1,2013-09-19 04:32:31.7870000,8050076,0,0,2026-09-23 01:25:56.0870000,47.571210,-122.180680
2297047,"Pines",3578,233,"10T","10T1H2S2Q",1,2024-10-27 10:43:45.7270000,3330573,0,0,2026-09-23 01:26:01.8400000,47.545660,-122.190400
2296961,"Newport Hills",3578,233,"10T","10T1H2S2Q",1,2013-09-05 03:40:57.7070000,6319421,0,0,2026-09-23 01:26:06.5800000,47.540930,-122.176510
2298425,"Eastgate",3578,233,"10T","10T1H2S2Q",1,2014-04-09 07:04:59.9630000,6035650,0,0,2026-09-23 01:26:11.3370000,47.571420,-122.134170
13840,"Point Clare",143,13,"56H","56H1H1S4Q",3,2018-04-21 12:48:02.8070000,0,3102,1033440,2026-09-23 01:26:13.1200000,-33.450000,151.333330
13891,"West Gosford",143,13,"56H","56H1H1S4Q",2,2026-09-11 11:53:32.4770000,0,5977,0,2026-09-23 01:26:16.6230000,-33.425780,151.317010
2297813,"Columbia",3578,233,"10T","10T1H2S2Q",1,2021-12-21 00:01:16.8500000,3630185,0,0,2026-09-23 01:26:19.3100000,47.563990,-122.275400
2301583,"Madison Park",3578,233,"10T","10T1H2S2Q",1,2013-06-15 20:12:04.3500000,4001452,0,0,2026-09-23 01:26:28.2670000,47.634820,-122.279570
1405734,"Noxville",3549,233,"14R","14R1H2S3Q",1,2026-09-23 01:27:28.3900000,1037,0,0,2026-09-23 01:27:28.3900000,30.389910,-99.467280
2051139,"Mountain Dale",3562,233,"18T","18T2H5S2Q",1,2026-09-23 01:27:57.9130000,1125,0,0,2026-09-23 01:27:57.9130000,41.689540,-74.531270
1415912,"Cleo",3549,233,"14R","14R1H2S3Q",1,2026-09-23 01:27:42.5700000,2233,0,0,2026-09-23 01:27:59.9670000,30.603800,-99.875070
1410490,"Junction",3549,233,"14R","14R1H2S3Q",1,2026-09-23 01:28:07.1070000,1032,0,0,2026-09-23 01:28:07.1070000,30.489360,-99.772010
1407130,"Segovia",3549,233,"14R","14R1H2S3Q",1,2026-09-23 01:28:14.2730000,1034,0,0,2026-09-23 01:28:14.2730000,30.419360,-99.670340
2070324,"Dunraven",3562,233,"18T","18T2H2S4Q",1,2026-09-23 01:28:17.7100000,1152,0,0,2026-09-23 01:28:17.7100000,42.134250,-74.697100
1400459,"Junction Windmill",3549,233,"14R","14R1H2S3Q",1,2026-09-23 01:28:26.5870000,1029,0,0,2026-09-23 01:28:26.5870000,30.269640,-99.700340
862956,"Ban Khlong Paet (1)",3203,218,"47P","47P1H3S3Q",0,2010-01-01 00:00:00.0000000,0,0,0,2026-09-23 01:28:29.4700000,14.166670,100.783330
2069205,"Mapledale",3562,233,"18T","18T2H2S4Q",1,2026-09-23 01:28:32.2170000,1137,0,0,2026-09-23 01:28:32.2170000,42.110920,-74.562930
1402912,"Telegraph",3549,233,"14R","14R1H2S3Q",1,2026-09-23 01:28:49.3630000,1026,0,0,2026-09-23 01:28:49.3630000,30.327420,-99.906180
2070782,"Margaretville",3562,233,"18T","18T2H2S4Q",1,2026-09-23 01:28:55.3230000,1155,0,0,2026-09-23 01:28:55.3230000,42.148700,-74.648210
1406378,"Wilson Place",3549,233,"14R","14R1H1S4Q",1,2026-09-23 01:28:57.3600000,1023,0,0,2026-09-23 01:28:57.3600000,30.402970,-100.086190
2070760,"Arkville",3562,233,"18T","18T2H2S4Q",1,2026-09-23 01:28:58.3700000,1155,0,0,2026-09-23 01:28:58.3700000,42.147870,-74.619880
2073444,"New Kingston",3562,233,"18T","18T2H2S4Q",1,2026-09-23 01:29:03.0830000,1153,0,0,2026-09-23 01:29:03.0830000,42.213700,-74.682100
1410550,"Roosevelt",3549,233,"14R","14R1H1S4Q",1,2026-09-23 01:29:07.5130000,1026,0,0,2026-09-23 01:29:07.5130000,30.491020,-100.055080
1449999,"Clayhatchee",3551,233,"16R","16R1H3S1Q",1,2026-07-07 02:57:06.1100000,2255,0,0,2026-09-23 01:29:22.7300000,31.235730,-85.722710
1756769,"Barretts Crossroads",3545,233,"18S","18S1H4S3Q",3,2022-02-15 03:19:45.3800000,0,821,830,2026-09-23 01:29:22.7700000,36.470430,-77.055520
2073187,"De Lancey",3562,233,"18T","18T2H2S4Q",1,2026-09-23 01:29:37.5030000,1139,0,0,2026-09-23 01:29:37.5030000,42.205640,-74.970720
1437586,"Thurston",3551,233,"16R","16R1H3S1Q",1,2026-07-05 21:42:30.3600000,2162,0,0,2026-09-23 01:29:43.1300000,31.014900,-85.781880
1437319,"Black",3551,233,"16R","16R1H3S1Q",1,2026-07-05 21:42:17.1400000,2017,0,0,2026-09-23 01:29:50.9200000,31.009350,-85.744380
1436610,"Highnote",3551,233,"16R","16R1H3S3Q",1,2026-07-05 21:41:49.1900000,2164,0,0,2026-09-23 01:30:01.8730000,30.996010,-85.692430
13885,"Gosford",143,13,"56H","56H1H1S4Q",2,2026-09-10 00:39:43.5500000,0,3816,0,2026-09-23 01:30:10.6300000,-33.433330,151.350000
12573,"Bondi",143,13,"56H","56H1H1S4Q",3,2026-07-11 06:24:08.9730000,0,517,3213124,2026-09-23 01:30:29.4930000,-33.891670,151.266670
12565,"Bronte",143,13,"56H","56H1H1S4Q",3,2017-04-17 08:51:27.5930000,0,517,2104486,2026-09-23 01:30:32.2000000,-33.900000,151.266670
2532417,"Friedersdorf",713,57,"33U","33U1H4S4Q",2,2026-09-23 01:32:47.3100000,0,788,0,2026-09-23 01:32:47.3100000,52.300000,13.800000
1758880,"Como",3545,233,"18S","18S1H4S3Q",3,2026-09-23 01:34:23.9600000,0,0,1084,2026-09-23 01:34:23.9600000,36.501540,-77.009410
1759548,"Mill Neck",3545,233,"18S","18S1H4S4Q",3,2026-09-23 01:34:29.3100000,0,0,1148,2026-09-23 01:34:29.3100000,36.513490,-76.986630
1757039,"Bartonsville",3545,233,"18S","18S1H4S4Q",3,2026-09-23 01:34:32.2600000,0,0,1054,2026-09-23 01:34:32.2600000,36.475150,-76.958570
1754867,"Pipkin Place",3545,233,"18S","18S1H4S4Q",3,2026-09-23 01:34:36.6130000,0,0,1054,2026-09-23 01:34:36.6130000,36.441260,-76.940520
1753464,"Chowan Beach",3545,233,"18S","18S1H4S4Q",3,2026-09-23 01:34:40.9800000,0,0,1055,2026-09-23 01:34:40.9800000,36.417650,-76.949680
1753949,"Mapleton",3545,233,"18S","18S1H4S3Q",3,2026-09-23 01:34:56.3630000,0,0,1086,2026-09-23 01:34:56.3630000,36.426820,-77.034680
1754833,"High Hill",3545,233,"18S","18S1H4S3Q",3,2026-09-23 01:35:02.8570000,0,0,1081,2026-09-23 01:35:02.8570000,36.440430,-77.077740
2196533,"East Alburg",3565,233,"18T","18T1H6S3Q",3,2026-09-23 01:35:53.2470000,0,0,918,2026-09-23 01:35:53.2470000,44.973100,-73.229570
2199663,"Abercorn",459,38,"18T","18T1H6S2Q",3,2026-09-23 01:36:13.4600000,0,204,300,2026-09-23 01:36:13.4600000,45.033380,-72.665820
148498,"Juquicorral",2383,175,"18L","18L2H3S4Q",1,2022-12-06 13:27:37.5330000,3197,0,0,2026-09-23 01:37:58.4400000,-13.596670,-72.131390
148050,"Tromboronioj",2383,175,"18L","18L2H3S4Q",1,2022-12-18 13:20:27.1930000,3243,0,0,2026-09-23 01:38:01.2700000,-13.623060,-72.096110
147484,"Corcahuanca",2383,175,"18L","18L2H3S4Q",1,2022-12-18 16:27:58.4030000,3243,0,0,2026-09-23 01:38:05.7670000,-13.657220,-72.080000
1599472,"Athens",3539,233,"17S","17S2H4S1Q",1,2024-04-20 03:23:04.5000000,1804436,0,0,2026-09-23 01:38:07.4670000,33.960950,-83.377940
147164,"Pumahuara",2383,175,"18L","18L2H3S4Q",1,2022-12-18 15:53:02.8430000,3243,0,0,2026-09-23 01:38:09.3870000,-13.677220,-72.055000
2222724,"Manning",3576,233,"10T","10T1H5S1Q",2,2023-01-12 13:53:57.1170000,0,64972,0,2026-09-23 01:39:56.8530000,45.664830,-123.163720
2223686,"Buxton",3576,233,"10T","10T1H5S1Q",2,2018-08-16 16:33:54.4730000,0,116414,0,2026-09-23 01:40:13.1730000,45.688720,-123.190950
866525,"Ban Khao Ngam (1)",3195,218,"47P","47P1H3S3Q",1,2026-09-23 01:40:40.0830000,781,0,0,2026-09-23 01:40:40.0830000,14.250000,100.800000
865910,"Ban Khlong Hok Wa Sai Bon (1)",3195,218,"47P","47P1H3S3Q",1,2026-09-23 01:40:42.8700000,791,0,0,2026-09-23 01:40:42.8700000,14.233330,100.800000
865908,"Ban Wang Kha",3195,218,"47P","47P1H3S3Q",1,2026-09-23 01:40:45.9200000,789,0,0,2026-09-23 01:40:45.9200000,14.233330,100.783330
865217,"Ban Khlong Paet (3)",3203,218,"47P","47P1H3S3Q",1,2026-09-23 01:40:49.6200000,787,0,0,2026-09-23 01:40:49.6200000,14.216670,100.783330
2169106,"Greenville",3576,233,"10T","10T1H5S4Q",2,2026-09-23 01:42:22.0100000,0,839,0,2026-09-23 01:42:22.0130000,44.386790,-122.779530
2167796,"Holley",3576,233,"10T","10T1H5S4Q",2,2026-09-23 01:42:32.3130000,0,813,0,2026-09-23 01:42:32.3130000,44.354290,-122.783420
2166752,"Calapooia",3576,233,"10T","10T1H5S4Q",2,2026-09-23 01:42:42.8970000,0,804,0,2026-09-23 01:42:42.8970000,44.327350,-122.740640
1956047,"Ablett Village",3561,233,"18S","18S1H2S1Q",3,2026-02-23 13:50:08.6400000,0,2400,369689,2026-09-23 01:46:40.9400000,39.948720,-75.102400
862954,"Ban Khlong Hok",3203,218,"47P","47P1H3S3Q",0,2010-01-01 00:00:00.0000000,0,0,0,2026-09-23 01:53:42.2900000,14.166670,100.733330
860590,"Ban Khlong Si",3203,218,"47P","47P1H3S3Q",2,2026-09-23 01:44:32.6400000,0,4350,0,2026-09-23 01:54:24.3330000,14.116670,100.683330
12755,"Neutral Bay",143,13,"56H","56H1H1S4Q",3,2017-03-15 06:05:05.1800000,0,851,1506324,2026-09-23 01:54:35.3830000,-33.838890,151.216670
12756,"Waverton",143,13,"56H","56H1H1S4Q",3,2017-03-15 10:55:45.6270000,0,517,1503113,2026-09-23 01:54:44.0800000,-33.838630,151.200460
12649,"Sydney",143,13,"56H","56H1H1S4Q",3,2015-07-07 04:22:45.9900000,0,517,77004312,2026-09-23 01:54:57.9030000,-33.867850,151.207320
12638,"Kings Cross",143,13,"56H","56H1H1S4Q",3,2018-07-14 07:43:51.0670000,0,517,1503720,2026-09-23 01:55:07.4930000,-33.874980,151.222260
12634,"Chinatown",143,13,"56H","56H1H1S4Q",3,2016-04-26 08:41:44.3330000,0,517,4010306,2026-09-23 01:55:21.1330000,-33.878800,151.204000
12627,"Haberfield",143,13,"56H","56H1H1S4Q",3,2017-03-16 20:20:23.3000000,0,517,1528290,2026-09-23 01:55:30.6900000,-33.883330,151.200000
1368798,"Bexar",3549,233,"14R","14R1H5S2Q",3,2013-07-18 06:17:40.8670000,0,0,1962262,2026-09-23 01:55:52.1270000,29.483290,-98.170840
1372125,"Marion",3549,233,"14R","14R1H5S2Q",3,2013-08-07 22:56:14.6570000,0,0,2137714,2026-09-23 01:55:58.5300000,29.571340,-98.140290
1372776,"Hilda Siding",3549,233,"14R","14R1H5S2Q",3,2013-05-08 03:24:33.1230000,0,0,1708503,2026-09-23 01:56:06.9500000,29.588280,-98.070560
1374916,"Schumannsville",3549,233,"14R","14R1H5S2Q",3,2013-02-14 23:57:42.2600000,0,0,2028587,2026-09-23 01:56:13.3070000,29.645230,-98.076670
1375687,"Camp Willow",3549,233,"14R","14R1H5S2Q",3,2013-02-14 23:57:34.1200000,0,0,1718441,2026-09-23 01:56:20.4800000,29.665780,-98.068620
1376127,"Lake Dunlap",3549,233,"14R","14R1H5S2Q",3,2012-11-14 02:04:15.9830000,0,0,1935856,2026-09-23 01:56:25.1300000,29.675780,-98.072230
1376141,"Clear Springs",3549,233,"14R","14R1H5S2Q",3,2013-02-17 16:12:49.8970000,0,0,1916425,2026-09-23 01:56:29.5800000,29.676060,-98.059730
862953,"Ban Khlongsi Si",3203,218,"47P","47P1H3S3Q",0,2010-01-01 00:00:00.0000000,0,0,0,2026-09-23 02:00:42.5700000,14.166670,100.700000
862955,"Ban Khlong Chet (2)",3203,218,"47P","47P1H3S3Q",0,2010-01-01 00:00:00.0000000,0,0,0,2026-09-23 02:00:43.6030000,14.166670,100.750000
863703,"Ban Wang Noi (3)",3203,218,"47P","47P1H3S3Q",0,2010-01-01 00:00:00.0000000,0,0,0,2026-09-23 02:00:44.6400000,14.183330,100.700000
863704,"Ban Khlong Hok (3)",3203,218,"47P","47P1H3S3Q",0,2010-01-01 00:00:00.0000000,0,0,0,2026-09-23 02:00:45.6730000,14.183330,100.733330
863705,"Ban Suan Di",3203,218,"47P","47P1H3S3Q",0,2010-01-01 00:00:00.0000000,0,0,0,2026-09-23 02:00:46.7900000,14.183330,100.750000
864500,"Ban Khlong Hok Wa Sai Bon (2)",3195,218,"47P","47P1H3S3Q",0,2010-01-01 00:00:00.0000000,0,0,0,2026-09-23 02:00:48.9200000,14.200000,100.750000
864501,"Ban Khlong Chet (1)",3203,218,"47P","47P1H3S3Q",0,2010-01-01 00:00:00.0000000,0,0,0,2026-09-23 02:00:49.9570000,14.200000,100.766670
865216,"Ban Wang Chula",3195,218,"47P","47P1H3S3Q",0,2010-01-01 00:00:00.0000000,0,0,0,2026-09-23 02:00:50.9900000,14.216670,100.766670
2550838,"Stretton",979,77,"30U","30U1H5S4Q",2,2025-08-31 15:04:37.6070000,0,86406,0,2026-09-23 02:02:04.4870000,52.700000,-2.166670
2217604,"Portland Heights",3576,233,"10T","10T1H5S2Q",2,2015-09-29 20:09:40.9900000,0,2547321,0,2026-09-23 02:02:16.0730000,45.505670,-122.703150
2217108,"Bridlemile",3576,233,"10T","10T1H5S2Q",2,2018-11-12 18:07:22.7070000,0,2095062,0,2026-09-23 02:02:22.9470000,45.493170,-122.710370
1896682,"Bloomingdale",3536,233,"18S","18S1H1S3Q",1,2015-05-03 19:30:24.5100000,1013951,0,0,2026-09-23 02:02:28.1000000,38.916780,-77.011370
2216996,"Glencullen",3576,233,"10T","10T1H5S2Q",2,2016-01-19 04:28:18.1070000,0,2345193,0,2026-09-23 02:02:31.4630000,45.487060,-122.720370
2217597,"Green Hills",3576,233,"10T","10T1H5S2Q",2,2015-07-21 17:32:30.7200000,0,1514186,0,2026-09-23 02:02:38.3100000,45.505400,-122.728990
2217666,"Sylvan",3576,233,"10T","10T1H5S2Q",2,2013-08-11 07:39:53.3870000,0,1670212,0,2026-09-23 02:02:44.0230000,45.509010,-122.735650
2217789,"West Haven-Sylvan",3576,233,"10T","10T1H5S2Q",2,2013-07-19 00:21:37.5400000,0,1577087,0,2026-09-23 02:02:57.1870000,45.516130,-122.768090
2218078,"West Haven",3576,233,"10T","10T1H5S2Q",2,,0,1805591,0,2026-09-23 02:03:04.8570000,45.517620,-122.769540
862243,"Ban Khlong Ha (1)",3203,218,"47P","47P1H3S3Q",2,2026-09-23 01:54:31.3470000,0,13011,0,2026-09-23 02:03:05.1600000,14.150000,100.716670
1609045,"La Verne",3567,233,"11S","11S2H2S3Q",3,2013-05-30 03:23:16.3100000,3619,0,1027528,2026-09-23 02:07:07.2500000,34.100840,-117.767840
1933226,"North Valley",3570,233,"11S","11S1H1S1Q",2,2020-04-02 02:14:40.0130000,0,1009402,0,2026-09-23 02:08:52.7400000,39.556020,-119.796300
1932093,"Sparks",3570,233,"11S","11S1H1S1Q",2,2020-03-29 01:40:30.8770000,0,1113818,0,2026-09-23 02:09:04.1870000,39.534910,-119.752690
2709855,"Shartashskiy",2705,192,"41V","41V2H4S3Q",1,2022-08-08 20:01:06.4570000,155985,0,0,2026-09-23 02:09:09.9070000,56.880280,60.720000
1931203,"Glendale",3570,233,"11S","11S1H1S1Q",2,2022-12-30 06:42:34.9000000,0,233086,0,2026-09-23 02:09:15.3870000,39.520470,-119.740470
1931486,"Vista",3570,233,"11S","11S1H1S1Q",2,2020-04-29 02:43:07.3470000,0,108112,0,2026-09-23 02:09:21.7330000,39.526300,-119.700740
1935264,"Panther Valley",3570,233,"11S","11S1H1S1Q",2,2020-03-24 17:15:57.4670000,0,1002191,0,2026-09-23 02:10:11.5070000,39.590740,-119.818530
1935519,"Sun Valley",3570,233,"11S","11S1H1S1Q",2,2020-01-18 04:11:47.7400000,0,999592,0,2026-09-23 02:11:50.1970000,39.596300,-119.776020
1560349,"Sunny Side",3539,233,"16S","16S2H6S2Q",3,2013-07-16 15:05:38.3830000,0,517,1000227,2026-09-23 02:12:27.4730000,33.340670,-84.290760
2319136,"West Lake Stevens",3578,233,"10T","10T1H2S2Q",2,2024-03-16 20:53:35.8070000,0,1305053,0,2026-09-23 02:13:26.2870000,47.993430,-122.101800
2795034,"Riihikallio",927,70,"35V","35V1H4S4Q",1,2017-10-11 20:11:01.4300000,131548,0,0,2026-09-23 02:16:06.7770000,60.372220,25.007500
12745,"Canada Bay",143,13,"56H","56H1H1S4Q",3,2017-03-11 06:35:23.0400000,0,1013,1106166,2026-09-23 02:18:05.3930000,-33.850000,151.150000
12704,"Drummoyne",143,13,"56H","56H1H1S4Q",3,2017-04-06 17:25:21.8830000,0,517,1237320,2026-09-23 02:18:08.8500000,-33.853610,151.154170
2294654,"Mount View",3578,233,"10T","10T1H2S2Q",2,2015-04-16 00:48:07.9700000,0,1452072,0,2026-09-23 02:21:36.9470000,47.494540,-122.349850
2215452,"Harmony Point",3576,233,"10T","10T1H5S2Q",2,2024-03-02 05:56:14.7300000,0,2633129,0,2026-09-23 02:21:37.6800000,45.447060,-122.578150
2215256,"Harmony",3576,233,"10T","10T1H5S2Q",2,2022-11-05 21:46:52.8030000,0,2582670,0,2026-09-23 02:21:49.8800000,45.435950,-122.578430
2214938,"Sunnyside",3576,233,"10T","10T1H5S2Q",2,2023-07-22 21:12:26.5830000,0,1011756,0,2026-09-23 02:21:58.5100000,45.431940,-122.557300
2214831,"Sunnyside",3576,233,"10T","10T1H5S2Q",2,2023-07-29 17:20:14.2570000,0,1115469,0,2026-09-23 02:22:06.1130000,45.426790,-122.527590
2215447,"Happy Valley",3576,233,"10T","10T1H5S2Q",2,2013-11-19 03:40:10.7870000,0,1674773,0,2026-09-23 02:22:12.0000000,45.446790,-122.530370
2214213,"Clackamas",3576,233,"10T","10T1H5S2Q",2,2023-06-16 05:55:34.1100000,0,3071714,0,2026-09-23 02:23:11.7700000,45.407620,-122.570370
2558708,"Sandon",979,77,"30U","30U1H5S4Q",2,2020-07-22 09:08:07.6170000,0,60296,0,2026-09-23 02:23:20.0370000,52.866670,-2.083330
2214305,"Clackamas",3576,233,"10T","10T1H5S2Q",3,2024-05-19 15:22:01.6030000,0,0,5183906,2026-09-23 02:23:22.5070000,45.412220,-122.554490
2214168,"Johnson City",3576,233,"10T","10T1H5S2Q",3,2024-05-13 13:45:32.6000000,0,0,5055269,2026-09-23 02:23:30.0370000,45.404560,-122.578980
2488369,"Fawkham Green",979,77,"31U","31U2H1S1Q",3,2023-03-23 23:18:46.3470000,0,0,121437,2026-09-23 02:23:35.1830000,51.367820,0.276720
2304073,"Redmond Ridge",3578,233,"10T","10T1H2S2Q",1,2021-08-17 10:42:38.1500000,5022070,0,0,2026-09-23 02:25:45.5370000,47.690450,-122.039210
2143929,"Disston",3576,233,"10T","10T2H2S2Q",2,2026-08-25 08:12:19.0330000,0,5935,517,2026-09-23 02:26:15.4300000,43.698180,-122.770060
2166102,"Missaukee Junction",3557,233,"16T","16T1H6S3Q",3,2026-04-20 08:53:44.5570000,300,0,97261,2026-09-23 02:27:21.4100000,44.308900,-85.414500
2093687,"Montiano",1370,110,"32T","32T2H3S4Q",3,2026-09-23 02:27:29.9800000,0,0,606,2026-09-23 02:27:29.9800000,42.650000,11.216670
2096794,"Diaccialone",1370,110,"32T","32T2H3S4Q",3,2026-09-23 02:27:37.1400000,0,0,1158,2026-09-23 02:27:37.1400000,42.716670,11.216670
2096345,"Rispescia",1370,110,"32T","32T2H3S4Q",3,2026-09-23 02:27:44.9700000,0,0,507,2026-09-23 02:27:44.9700000,42.707040,11.136020
1377187,"Barbarosa",3549,233,"14R","14R1H5S2Q",3,2014-07-27 21:15:14.7900000,0,0,1800433,2026-09-23 02:30:21.6000000,29.701340,-98.003060
2157351,"Marysville",3573,233,"12T","12T1H5S3Q",2,2026-09-23 02:33:49.2300000,0,855,0,2026-09-23 02:33:49.2300000,44.071300,-111.420230
2144236,"Culp Creek",3576,233,"10T","10T2H2S2Q",2,2026-09-23 02:34:31.4700000,0,375,0,2026-09-23 02:34:31.4700000,43.703460,-122.847570
2142388,"Sunnydale",3576,233,"10T","10T2H2S1Q",2,2026-09-23 02:34:45.6870000,0,365,0,2026-09-23 02:34:45.6870000,43.654010,-123.405370
2139301,"Black Butte",3576,233,"10T","10T2H2S1Q",2,2026-09-23 02:35:06.5870000,0,349,0,2026-09-23 02:35:06.5870000,43.569290,-123.077570
2129366,"Umpqua",3576,233,"10T","10T2H2S1Q",2,2026-09-23 02:35:28.2730000,0,329,0,2026-09-23 02:35:28.2730000,43.365390,-123.468420
2073168,"Spring Arbor",3557,233,"16T","16T2H3S4Q",1,2026-09-23 02:37:15.3430000,941,0,0,2026-09-23 02:37:15.3430000,42.205040,-84.552740
2072623,"Vandercook Lake",3557,233,"16T","16T2H3S4Q",1,2026-09-23 02:37:33.1030000,923,0,0,2026-09-23 02:37:33.1030000,42.193370,-84.391070
2072553,"Vandercook Lake",3557,233,"16T","16T2H3S4Q",1,2026-09-23 02:38:00.5500000,923,0,0,2026-09-23 02:38:00.5500000,42.191650,-84.385470
2104478,"Whitneyville",3557,233,"16T","16T2H3S3Q",1,2022-05-26 04:45:31.0130000,131552,0,0,2026-09-23 02:38:29.6100000,42.871700,-85.458910
1379118,"Zorn",3549,233,"14R","14R1H6S1Q",3,2015-06-12 20:30:37.9100000,0,0,1390459,2026-09-23 02:39:04.6270000,29.753000,-97.948060
2313308,"North Sultan",3578,233,"10T","10T1H3S1Q",1,2020-01-23 02:17:10.1670000,5315174,0,0,2026-09-23 02:40:01.1270000,47.882280,-121.804180
1726737,"Walnut Acres",3548,233,"16S","16S2H2S2Q",1,2026-09-23 02:41:46.0000000,300,5,0,2026-09-23 02:41:46.0000000,35.976730,-86.898060
1726571,"Meadow Green Acres",3548,233,"16S","16S2H2S2Q",1,2026-09-23 02:41:52.2330000,300,82,0,2026-09-23 02:41:52.2330000,35.973950,-86.893610
1953491,"Southern View",3554,233,"15S","15S1H3S1Q",1,2019-02-19 13:18:44.7770000,600248,0,0,2026-09-23 02:41:56.0370000,39.904490,-91.398210
1952942,"South Crest",3554,233,"15S","15S1H3S1Q",1,2019-02-19 13:18:49.0570000,597840,0,0,2026-09-23 02:42:00.2870000,39.898100,-91.389590
1953645,"South Park Terrace",3554,233,"15S","15S1H3S1Q",1,2019-02-19 13:18:39.2130000,567488,0,0,2026-09-23 02:42:13.8130000,39.907550,-91.395150
1726811,"Berrys Chapel",3548,233,"16S","16S2H2S2Q",1,2026-09-23 02:42:13.8300000,1071,0,0,2026-09-23 02:42:13.8300000,35.978400,-86.888060
1953556,"Sunnybrook Meadows",3554,233,"15S","15S1H3S1Q",1,2019-02-19 13:18:34.6370000,547598,0,0,2026-09-23 02:42:21.0800000,39.905880,-91.389870
1953832,"Grandview Acres",3554,233,"15S","15S1H3S1Q",1,2019-02-19 12:32:16.6000000,571216,0,0,2026-09-23 02:42:44.5330000,39.911710,-91.387650
1723149,"Yorktown",3548,233,"16S","16S2H2S2Q",1,2026-09-23 02:42:56.7970000,1089,0,0,2026-09-23 02:42:56.8000000,35.917560,-86.855280
1953827,"Melrose",3554,233,"15S","15S1H3S1Q",1,2019-02-19 13:18:28.5730000,531438,0,0,2026-09-23 02:42:58.7370000,39.911430,-91.378480
2127265,"Wilbur",3576,233,"10T","10T2H2S1Q",2,2026-09-23 02:43:01.1800000,0,300,7,2026-09-23 02:43:01.1800000,43.320950,-123.340630
1723534,"Buckingham Park",3548,233,"16S","16S2H2S2Q",1,2026-09-23 02:43:04.7130000,988,0,631,2026-09-23 02:43:04.7130000,35.923950,-86.846390
2124257,"Roseburg North",3576,233,"10T","10T2H2S1Q",2,2026-09-23 02:43:11.2030000,0,300,19,2026-09-23 02:43:11.2030000,43.264520,-123.303310
2060363,"Vatican City",3867,236,"33T","33T2H4S1Q",3,2019-06-07 13:03:03.5830000,0,0,1460742,2026-09-23 02:44:08.0430000,41.902360,12.453320
1730455,"Red Bud",3548,233,"16S","16S1H5S4Q",1,2026-09-23 02:44:10.7570000,1428,0,0,2026-09-23 02:44:10.7570000,36.038120,-86.948340
2060583,"prati",1377,110,"33T","33T2H4S1Q",3,2015-09-26 18:50:36.5230000,0,0,2837622,2026-09-23 02:44:23.6400000,41.909430,12.468190
2124304,"Callahan",3576,233,"10T","10T2H2S1Q",2,2026-09-23 02:44:53.6600000,0,300,46,2026-09-23 02:44:53.6600000,43.265950,-123.609810
1742076,"Lillamay",3548,233,"16S","16S1H5S3Q",1,2026-09-23 02:45:11.9600000,1463,99,0,2026-09-23 02:45:11.9600000,36.232000,-87.049450
2232978,"Saint-Theophile",459,38,"19T","19T1H4S2Q",3,2026-09-23 02:45:36.8070000,0,0,748,2026-09-23 02:45:36.8070000,45.933380,-70.482330
2235801,"Saint-Rene",459,38,"19T","19T1H1S4Q",3,2026-09-23 02:45:47.4230000,0,194,600,2026-09-23 02:45:47.4230000,46.016770,-70.615730
2237377,"Saint-Come--Liniere",459,38,"19T","19T1H1S4Q",3,2026-09-23 02:46:07.2330000,0,1224,1500,2026-09-23 02:46:07.2370000,46.066770,-70.515730
2114519,"Olalla",3576,233,"10T","10T2H2S1Q",2,2026-09-23 02:47:28.3770000,0,300,170,2026-09-23 02:47:28.3770000,43.067060,-123.554520
2115803,"Tenmile",3576,233,"10T","10T2H2S1Q",2,2026-09-23 02:47:56.4470000,0,300,154,2026-09-23 02:47:56.4470000,43.096230,-123.564240
1990199,"Albano di Lucania",1381,110,"33T","33T2H6S3Q",1,2023-07-17 06:17:43.9500000,91109,0,0,2026-09-23 02:48:33.7730000,40.584620,16.036170
2040221,"Mohegan",3552,233,"18T","18T2H6S2Q",1,2026-09-23 00:23:39.8830000,19138,0,0,2026-09-23 02:49:04.7200000,41.476760,-72.099800
2152096,"Black Canyon",3573,233,"11T","11T2H2S2Q",2,2026-09-23 02:50:16.5600000,0,12300,2029,2026-09-23 02:50:18.5330000,43.926550,-116.442360
2041934,"Thamesville",3552,233,"18T","18T2H6S2Q",3,2010-01-01 00:00:00.0000000,1808,0,290416,2026-09-23 02:52:05.6930000,41.510100,-72.088130
2296291,"Issaquah",3578,233,"10T","10T1H2S2Q",1,2021-08-16 19:14:25.5170000,5022447,0,0,2026-09-23 02:53:01.1900000,47.530100,-122.032620
2296133,"Preston",3578,233,"10T","10T1H3S1Q",1,2022-08-15 23:55:35.1830000,5010125,0,0,2026-09-23 02:53:07.7800000,47.523710,-121.927060
2294684,"North Bend",3578,233,"10T","10T1H3S1Q",1,2019-11-08 02:50:50.0170000,4378298,0,0,2026-09-23 02:53:12.7900000,47.495660,-121.786780
2292395,"Edgewick",3578,233,"10T","10T1H3S1Q",1,2019-10-03 17:45:27.7600000,3295858,0,0,2026-09-23 02:53:22.0170000,47.448440,-121.726220
2292227,"Ragnar",3578,233,"10T","10T1H3S1Q",1,2019-10-01 01:18:36.8430000,2337233,0,0,2026-09-23 02:53:28.1130000,47.440940,-121.707880
2296098,"Ellisville",3578,233,"10T","10T1H3S1Q",1,2019-12-31 17:51:37.3800000,3257791,0,0,2026-09-23 02:53:32.6430000,47.522320,-121.758170
2296823,"Ernies Grove",3578,233,"10T","10T1H3S1Q",1,2020-01-04 01:09:51.9000000,3327614,0,0,2026-09-23 02:53:37.4470000,47.535100,-121.745390
2304113,"Lake Marcel-Stillwater",3578,233,"10T","10T1H3S1Q",1,2022-03-01 15:31:41.8430000,5252809,0,0,2026-09-23 02:53:43.7670000,47.692630,-121.915130
1953833,"Hillside Manor",3554,233,"15S","15S1H3S1Q",1,2019-02-19 12:31:22.3970000,540161,0,0,2026-09-23 02:54:09.3900000,39.911710,-91.372090
1954764,"Lincoln Hills",3554,233,"15S","15S1H3S1Q",1,2019-02-19 12:31:01.6800000,538679,0,0,2026-09-23 02:54:19.0270000,39.926990,-91.367930
1954916,"Woodlawn Court",3554,233,"15S","15S1H3S1Q",1,2022-01-02 13:35:08.6800000,679539,0,0,2026-09-23 02:54:23.4470000,39.930050,-91.368760
2072462,"Andes",3562,233,"18T","18T2H2S4Q",1,2026-09-23 02:55:42.4600000,1149,0,0,2026-09-23 02:55:42.4600000,42.188700,-74.785710
2069377,"Arena",3562,233,"18T","18T2H2S4Q",1,2026-09-23 02:55:46.4230000,1151,0,0,2026-09-23 02:55:46.4230000,42.115640,-74.737380
2067632,"Belle Ayr",3562,233,"18T","18T2H2S4Q",1,2026-09-23 02:55:51.9600000,1153,0,0,2026-09-23 02:55:51.9600000,42.072030,-74.609320
2064584,"Hardenburg",3562,233,"18T","18T2H2S4Q",1,2026-09-23 02:56:00.1830000,1148,0,0,2026-09-23 02:56:00.1830000,42.000920,-74.665160
2065551,"Turnwood",3562,233,"18T","18T2H2S4Q",1,2026-09-23 02:56:03.5430000,1148,0,0,2026-09-23 02:56:03.5430000,42.024260,-74.709050
2062966,"Craigie Clair",3562,233,"18T","18T2H5S2Q",1,2026-09-23 02:56:36.5530000,942,0,0,2026-09-23 02:56:36.5530000,41.964260,-74.866270
2062033,"Grooville",3562,233,"18T","18T2H5S2Q",1,2026-09-23 02:56:44.1370000,1141,0,0,2026-09-23 02:56:44.1370000,41.942590,-74.767380
2063691,"Beaverkill",3562,233,"18T","18T2H5S2Q",1,2026-09-23 02:56:51.4600000,1141,0,0,2026-09-23 02:56:51.4600000,41.981480,-74.835440
2064692,"Lewbeach",3562,233,"18T","18T2H2S4Q",1,2026-09-23 02:56:54.9670000,1145,0,0,2026-09-23 02:56:54.9670000,42.004810,-74.784880
1605099,"Harvard Heights",3567,233,"11S","11S2H1S4Q",3,2015-11-18 15:43:48.9400000,0,0,930728,2026-09-23 02:57:12.3430000,34.042220,-118.304170
1590566,"Carson",3567,233,"11S","11S2H4S2Q",3,2015-01-13 18:32:24.4830000,0,0,1091506,2026-09-23 03:02:08.1230000,33.831410,-118.282020
12582,"Surry Hills",143,13,"56H","56H1H1S4Q",3,2017-03-16 20:20:14.6100000,0,1911,1503719,2026-09-23 03:02:35.8470000,-33.886110,151.214440
2369472,"Tsawwassen",451,38,"10U","10U2H5S1Q",3,2012-12-26 02:04:29.0270000,0,0,8135544,2026-09-23 03:11:08.1630000,49.018000,-123.081720
2368168,"Point Roberts",3578,233,"10U","10U2H5S3Q",3,2013-04-27 11:23:40.9500000,0,0,5667839,2026-09-23 03:11:10.6900000,48.985380,-123.077970
2367580,"South Beach",3578,233,"10U","10U2H5S3Q",3,2013-04-27 01:35:38.6930000,0,0,5063843,2026-09-23 03:11:15.7730000,48.977330,-123.050470
2368766,"Maple Beach",3578,233,"10U","10U2H5S1Q",3,2013-04-27 11:29:08.6370000,0,0,4829612,2026-09-23 03:11:20.4330000,49.000660,-123.037420
2468058,"Guttecoven",2271,167,"31U","31U2H3S2Q",2,2026-02-12 14:12:39.5430000,1034,99527,0,2026-09-23 03:11:27.6170000,51.015000,5.818060
2355211,"Waldron",3578,233,"10U","10U2H5S3Q",3,2016-12-15 13:49:11.6670000,0,0,2074301,2026-09-23 03:11:28.8970000,48.687600,-123.036850
1581175,"Linn Crossing",3551,233,"16S","16S2H5S2Q",2,2026-06-11 05:52:23.4130000,0,1580,0,2026-09-23 03:12:04.2930000,33.677330,-86.966390
2206067,"Northdale",3558,233,"15T","15T1H5S1Q",1,2013-09-01 14:16:59.7930000,3909497,0,0,2026-09-23 03:12:07.2400000,45.178580,-93.280230
1585732,"Lorton",3551,233,"16S","16S2H5S1Q",2,2026-07-19 18:24:37.3370000,0,1989,0,2026-09-23 03:12:34.9970000,33.755380,-87.062220
1586048,"Dora Junction",3551,233,"16S","16S2H5S1Q",2,2026-07-19 18:24:43.3400000,0,1989,0,2026-09-23 03:12:40.4430000,33.760940,-87.061390
2446411,"Queue-du-Bois",255,20,"31U","31U2H3S4Q",1,2024-12-28 14:17:09.3970000,101237,0,0,2026-09-23 03:12:59.5630000,50.638180,5.680280
2448342,"Vottem",255,20,"31U","31U2H3S4Q",1,2023-06-30 10:29:19.5870000,102148,0,0,2026-09-23 03:14:02.8100000,50.672740,5.584830
2220314,"Fisher",3578,233,"10T","10T1H5S2Q",2,2024-07-12 17:11:17.5900000,0,125501,0,2026-09-23 03:15:16.1730000,45.589840,-122.503700
2219175,"Interlachen",3576,233,"10T","10T1H5S2Q",2,2018-06-29 00:17:47.8970000,0,3025475,0,2026-09-23 03:15:26.4530000,45.551790,-122.446760
2218686,"Fairview",3576,233,"10T","10T1H5S2Q",2,2019-06-11 00:13:10.6830000,0,3119445,0,2026-09-23 03:15:32.9230000,45.538450,-122.433980
2218619,"Wood Village",3576,233,"10T","10T1H5S2Q",2,2017-06-07 23:50:23.9370000,0,3014314,0,2026-09-23 03:15:41.0500000,45.534290,-122.418700
2218705,"Troutdale",3576,233,"10T","10T1H5S2Q",2,2015-09-24 11:21:40.4300000,0,3058042,0,2026-09-23 03:15:55.0630000,45.539290,-122.387310
2218099,"Twelvemile Corner",3576,233,"10T","10T1H5S2Q",2,2015-09-25 15:49:13.1300000,0,3146113,0,2026-09-23 03:16:06.3230000,45.519010,-122.434260
2181246,"Grawn",3557,233,"16T","16T1H6S3Q",3,2026-04-12 00:27:27.7870000,0,0,30027,2026-09-23 03:20:29.7270000,44.662500,-85.693690
2215968,"Battin",3576,233,"10T","10T1H5S2Q",1,2013-04-06 07:11:24.4770000,782006,0,600,2026-09-23 03:22:43.9530000,45.458730,-122.578150
2300980,"Northrup",3578,233,"10T","10T1H2S2Q",2,2013-02-18 16:49:36.4830000,1396,1308699,0,2026-09-23 03:23:13.9430000,47.632880,-122.185400
1935297,"Waverly",3554,233,"16S","16S1H1S1Q",3,2024-12-20 12:57:28.7030000,0,0,149977,2026-09-23 03:27:49.3800000,39.591720,-89.952880
2206152,"Leini",1372,110,"32T","32T1H4S2Q",2,2015-06-10 17:25:05.9330000,6600,794649,1800,2026-09-23 03:37:00.5900000,45.182750,7.714220
2182827,"Reggio nell'Emilia",1379,110,"32T","32T1H6S3Q",1,2022-02-01 05:46:09.4630000,3114231,0,0,2026-09-23 03:37:40.4700000,44.698250,10.631250
2223775,"Barberton",3578,233,"10T","10T1H5S2Q",2,2020-05-30 16:25:26.7000000,0,33347,0,2026-09-23 03:38:14.4030000,45.693170,-122.598990
2223832,"Saint John",3578,233,"10T","10T1H5S2Q",2,2013-12-30 21:58:49.9270000,0,54848,0,2026-09-23 03:38:21.8230000,45.696230,-122.612040
2224240,"Homan",3578,233,"10T","10T1H5S2Q",2,2020-05-26 22:44:11.4200000,0,59615,0,2026-09-23 03:38:30.2970000,45.700390,-122.582870
2223608,"Five Corners",3578,233,"10T","10T1H5S2Q",2,2022-06-28 07:03:13.1330000,0,2350,0,2026-09-23 03:38:41.9470000,45.684560,-122.575100
2223663,"Five Corners",3578,233,"10T","10T1H5S2Q",2,2023-12-31 07:32:55.4400000,0,7979,0,2026-09-23 03:38:47.7300000,45.687570,-122.573650
2224384,"Union",3578,233,"10T","10T1H5S2Q",2,2022-10-27 00:05:21.7500000,0,5059,0,2026-09-23 03:38:59.4100000,45.707890,-122.551760
2224997,"Brush Prairie",3578,233,"10T","10T1H5S2Q",2,2022-10-27 23:31:13.2500000,0,2277,0,2026-09-23 03:39:06.0400000,45.725620,-122.547580
2225122,"Brush Prairie",3578,233,"10T","10T1H5S2Q",2,2022-06-28 06:31:36.7570000,0,2324,0,2026-09-23 03:39:12.0800000,45.732890,-122.546490
1688249,"Hampton Park",3545,233,"17S","17S2H2S2Q",1,2026-09-23 03:39:27.3670000,300,0,29,2026-09-23 03:39:27.3670000,35.296810,-80.752010
2550839,"Gailey",979,77,"30U","30U1H5S4Q",2,2025-08-29 16:34:19.4570000,0,65433,0,2026-09-23 03:43:14.0700000,52.700000,-2.133330
2515179,"Warendorf",707,57,"32U","32U2H1S2Q",3,2024-10-28 19:49:25.2270000,517,0,24463,2026-09-23 03:48:20.6800000,51.950000,7.983330
2104350,"McCords",3557,233,"16T","16T2H3S3Q",1,2022-05-26 04:45:26.5000000,112721,0,0,2026-09-23 03:49:40.0670000,42.867530,-85.443910
2102819,"Alaska",3557,233,"16T","16T2H3S3Q",1,2022-06-02 14:45:34.6830000,94806,0,0,2026-09-23 03:49:47.6700000,42.840030,-85.478080
2059974,"Centro Storico (Altstadt)",1377,110,"33T","33T2H4S1Q",3,2015-09-14 15:02:04.8870000,0,0,3221981,2026-09-23 03:49:50.2300000,41.895890,12.481840
2101332,"Labarge",3557,233,"16T","16T2H3S3Q",1,2023-07-31 21:09:57.8800000,69424,0,0,2026-09-23 03:49:52.7230000,42.811980,-85.487520
2098637,"Parmelee",3557,233,"16T","16T2H3S3Q",1,2022-05-24 12:20:40.8100000,54199,0,0,2026-09-23 03:49:57.9170000,42.754480,-85.474180
2096565,"Middleville",3557,233,"16T","16T2H3S3Q",1,2022-02-12 22:15:18.9600000,64234,0,0,2026-09-23 03:50:02.6970000,42.713090,-85.461960
2095488,"Irving",3557,233,"16T","16T2H3S3Q",1,2022-02-12 23:06:46.4270000,33460,0,0,2026-09-23 03:50:08.1730000,42.688370,-85.418070
1913372,"Nashville",3555,233,"16S","16S1H2S2Q",2,2013-09-07 13:49:17.3800000,0,13700990,0,2026-09-23 03:50:09.9230000,39.207270,-86.251100
2091830,"Podunk",3557,233,"16T","16T2H3S3Q",1,2022-04-23 03:17:58.9200000,25081,0,0,2026-09-23 03:50:15.9300000,42.608920,-85.358340
2090439,"Schultz",3557,233,"16T","16T2H3S3Q",1,2019-07-24 22:12:29.6570000,51810,0,0,2026-09-23 03:50:19.7500000,42.580590,-85.346400
2087770,"Dowling",3557,233,"16T","16T2H3S3Q",1,2022-02-22 01:26:07.3870000,12757,0,0,2026-09-23 03:50:27.2600000,42.522540,-85.253060
2551622,"Bickford",979,77,"30U","30U1H5S4Q",2,2021-04-22 11:42:39.0070000,0,61629,0,2026-09-23 03:50:41.3130000,52.716670,-2.166670
2086412,"Lacey",3557,233,"16T","16T2H3S3Q",1,2019-11-19 08:06:37.3670000,117232,0,0,2026-09-23 03:52:31.1470000,42.493090,-85.191110
2119911,"Lookingglass",3576,233,"10T","10T2H2S1Q",2,2026-09-23 03:54:33.0600000,0,390,0,2026-09-23 03:54:33.0600000,43.178450,-123.486190
2125860,"Cleveland",3576,233,"10T","10T2H2S1Q",2,2026-09-23 03:56:06.9130000,0,405,0,2026-09-23 03:56:06.9130000,43.296230,-123.476470
2122896,"Edenbower",3576,233,"10T","10T2H2S1Q",2,2026-09-23 03:56:16.1100000,0,411,0,2026-09-23 03:56:16.1100000,43.234560,-123.382300
1983613,"Crumb Corner",3555,233,"16T","16T2H5S4Q",3,2025-01-19 15:38:31.5700000,0,0,514649,2026-09-23 03:57:34.3030000,40.453920,-86.927790
2226209,"Meadow Glade",3578,233,"10T","10T1H5S2Q",2,2021-12-26 17:54:41.4100000,0,3595,0,2026-09-23 04:04:21.4900000,45.758450,-122.560380
2226156,"Meadow Glade",3578,233,"10T","10T1H5S2Q",2,2023-02-28 20:48:57.8570000,0,3028,0,2026-09-23 04:04:26.1700000,45.756010,-122.556170
2226369,"Scotton Corner",3578,233,"10T","10T1H5S2Q",2,2022-12-31 06:18:25.0830000,0,3050,0,2026-09-23 04:04:36.8070000,45.766500,-122.537040
2226929,"Battle Ground West",3578,233,"10T","10T1H5S2Q",2,2022-12-31 06:18:44.8400000,0,3232,0,2026-09-23 04:04:44.7900000,45.778450,-122.541760
1896455,"LeDroit Park",3536,233,"18S","18S1H1S3Q",3,2025-06-24 19:07:13.9670000,136500,0,557594,2026-09-23 04:06:34.0100000,38.915940,-77.015810
1469995,"Veintiuno de Marzo",2146,158,"12R","12R1H1S2Q",3,2026-09-23 04:06:53.4470000,0,0,995,2026-09-23 04:06:53.4470000,31.616670,-112.283330
2295287,"Fort Shaw",3574,233,"12T","12T1H2S1Q",3,2026-09-23 04:08:33.2700000,0,0,1472,2026-09-23 04:08:33.2700000,47.505510,-111.810270
2295457,"Lowry",3574,233,"12T","12T1H1S2Q",3,2026-09-23 04:09:09.2070000,0,0,852,2026-09-23 04:09:09.2070000,47.512450,-112.009720
1581027,"Cunningham",3551,233,"16S","16S2H5S2Q",2,2025-07-22 23:32:37.2600000,0,77984,0,2026-09-23 04:11:50.0670000,33.674550,-86.768880
2561787,"Cromer",979,77,"31U","31U1H4S4Q",3,2024-05-28 02:31:28.8000000,300,0,424966,2026-09-23 04:14:40.4730000,52.931230,1.298920
2559384,"North Barsham",979,77,"31U","31U1H4S3Q",3,2010-01-01 00:00:00.0000000,0,0,16548,2026-09-23 04:17:11.7570000,52.878660,0.842340
2558715,"East Barsham",979,77,"31U","31U1H4S3Q",3,2010-01-01 00:00:00.0000000,0,0,18378,2026-09-23 04:17:35.0830000,52.866670,0.850000
2304195,"Lavilla",3578,233,"10T","10T1H2S2Q",1,2013-06-04 04:33:52.8130000,4155007,0,0,2026-09-23 04:20:30.9230000,47.697040,-122.275130
2520255,"Racot",2451,180,"33U","33U1H6S3Q",2,2026-09-13 08:40:21.8570000,0,374443,0,2026-09-23 04:20:51.1230000,52.058010,16.711420
1055285,"Village Four",3580,233,"04Q","04Q1H6S4Q",2,2026-05-22 18:20:45.9070000,0,10897,0,2026-09-23 04:23:49.8200000,20.875000,-156.439720
2305256,"Moos",715,57,"32T","32T1H3S1Q",3,2010-01-01 00:00:00.0000000,0,0,9950,2026-09-23 04:26:26.2730000,47.716670,10.350000
2359892,"Kerdadraon",961,75,"30U","30U2H5S3Q",2,2016-09-13 09:28:52.8700000,0,10055330,0,2026-09-23 04:26:40.5970000,48.800000,-3.533330
2359890,"Kerjagu",961,75,"30U","30U2H5S3Q",2,2014-05-07 05:18:56.7930000,0,15058597,0,2026-09-23 04:26:49.6530000,48.800000,-3.566670
2359220,"Kerhelen",961,75,"30U","30U2H5S3Q",2,2016-09-13 09:53:27.2230000,0,4049021,0,2026-09-23 04:26:53.7170000,48.783330,-3.566670
2358477,"Penlan",961,75,"30U","30U2H5S3Q",2,2016-09-13 10:25:30.1230000,0,4078207,0,2026-09-23 04:26:58.5630000,48.766670,-3.550000
2358476,"Trebeurden",961,75,"30U","30U2H5S3Q",2,2016-09-13 10:25:58.6970000,0,4076641,0,2026-09-23 04:27:03.5230000,48.766670,-3.566670
2358438,"Le Guiler",961,75,"30U","30U2H5S3Q",2,2016-09-13 10:25:20.3600000,0,4074905,0,2026-09-23 04:27:19.1930000,48.763840,-3.570580
2358475,"Bonne Nouvelle",961,75,"30U","30U2H5S3Q",2,2016-09-13 09:28:26.2670000,0,4078404,0,2026-09-23 04:27:23.6600000,48.766670,-3.583330
2359767,"Barnabanec",961,75,"30U","30U2H5S3Q",2,2016-10-03 11:18:12.0500000,0,4026686,0,2026-09-23 04:27:30.6500000,48.791740,-3.484750
2306029,"Segger",715,57,"32T","32T1H3S1Q",3,2024-10-05 06:09:49.7400000,0,0,7345,2026-09-23 04:28:16.2400000,47.733330,10.316670
2796175,"Herttula",929,70,"34V","34V1H6S3Q",1,2013-10-20 19:44:39.2130000,4919,0,0,2026-09-23 04:31:45.5400000,60.436390,22.047500
1389325,"Kyle",3549,233,"14R","14R1H6S1Q",2,2026-09-03 02:00:02.2130000,0,2039436,0,2026-09-23 04:31:47.5270000,29.998350,-97.871530
2796221,"Kuivalahti",929,70,"34V","34V1H6S3Q",1,2013-09-01 03:18:13.9100000,19422,0,0,2026-09-23 04:31:53.4770000,60.442780,22.026940
2796892,"Karvetti",929,70,"34V","34V1H6S3Q",1,2017-07-11 09:12:09.6030000,82054,0,0,2026-09-23 04:32:03.8000000,60.477220,22.052220
2796832,"Vainola",929,70,"34V","34V1H6S3Q",1,2015-08-03 06:50:24.1370000,13853,0,0,2026-09-23 04:32:09.4130000,60.471110,22.023610
2797146,"Luikkio",929,70,"34V","34V1H6S3Q",1,2015-08-03 09:56:52.3400000,97831,0,0,2026-09-23 04:32:18.1970000,60.487500,22.034440
2797932,"Linnavuori",929,70,"34V","34V1H6S3Q",1,2013-12-06 14:59:51.6800000,13280,0,0,2026-09-23 04:32:31.4730000,60.535280,22.007500
2798410,"Kurittula",929,70,"34V","34V1H6S3Q",1,2026-09-23 04:32:43.1630000,4725,0,0,2026-09-23 04:32:43.1630000,60.571240,22.119260
2798405,"Masku",929,70,"34V","34V1H6S3Q",1,2013-11-04 15:35:50.0770000,17887,0,0,2026-09-23 04:32:49.7830000,60.570820,22.098830
2798170,"Paloas",3833,70,"34V","34V1H6S3Q",1,2013-11-03 17:52:14.3700000,10072,0,0,2026-09-23 04:33:02.3900000,60.555380,22.117110
1959679,"Lochbuie",3568,233,"13T","13T2H5S4Q",2,2014-08-23 15:50:51.8700000,0,1161442,0,2026-09-23 04:36:25.2430000,40.007210,-104.716080
2447810,"Bruyeres",255,20,"31U","31U2H3S4Q",1,2025-09-23 05:35:16.0500000,101250,0,0,2026-09-23 04:36:40.9170000,50.666670,5.716670
2359893,"Saint-Samson",961,75,"30U","30U2H5S3Q",2,2016-10-03 11:18:55.7830000,0,4034073,0,2026-09-23 04:39:04.9870000,48.800000,-3.500000
2360608,"Tregastel",961,75,"30U","30U2H5S3Q",2,2014-05-07 04:59:55.4000000,0,4030597,0,2026-09-23 04:39:09.9870000,48.816670,-3.500000
2358478,"Pleumeur-Bodou",961,75,"30U","30U2H5S3Q",2,2016-02-11 12:45:16.8330000,0,15070239,0,2026-09-23 04:39:16.8400000,48.766670,-3.516670
2361192,"Keredol",961,75,"30U","30U2H5S3Q",2,2016-09-13 09:29:01.8230000,0,4063018,0,2026-09-23 04:39:23.0800000,48.824530,-3.514230
2506930,"Klaaswaal",2265,167,"31U","31U2H3S1Q",2,2025-09-28 06:11:03.8770000,0,100195,0,2026-09-23 04:41:24.3800000,51.770000,4.445830
2510373,"Zalmplaat",2265,167,"31U","31U2H3S1Q",2,2020-03-11 08:48:23.2200000,0,86902,0,2026-09-23 04:41:49.5230000,51.850000,4.366670
2226989,"Battle Ground",3578,233,"10T","10T1H5S2Q",2,2022-01-07 19:00:50.5500000,0,18933,0,2026-09-23 04:44:07.7200000,45.780950,-122.533430
2227497,"Kumtux",3578,233,"10T","10T1H5S2Q",2,2022-01-24 02:03:04.4630000,0,8152,0,2026-09-23 04:44:28.3000000,45.789280,-122.520930
2303371,"Roosevelt",3578,233,"10T","10T1H2S2Q",2,2013-04-25 13:23:47.9530000,517,1482053,0,2026-09-23 04:44:30.4400000,47.681110,-122.316940
2228200,"Lewisville",3578,233,"10T","10T1H5S2Q",2,2022-01-09 23:10:47.4900000,0,4500,0,2026-09-23 04:44:39.1570000,45.809840,-122.523150
2228240,"Lewisville",3578,233,"10T","10T1H5S2Q",2,2022-10-27 23:31:03.8370000,0,2276,0,2026-09-23 04:44:46.6700000,45.811880,-122.516050
1842044,"Walnut Heights",3567,233,"10S","10S1H5S2Q",2,2024-11-13 19:24:44.1070000,0,3063217,6464,2026-09-23 04:48:36.7500000,37.876590,-122.051070
1573746,"Lovick",3551,233,"16S","16S2H5S2Q",1,2026-09-23 04:49:32.4130000,1150,0,0,2026-09-23 04:49:32.4130000,33.558990,-86.613880
1574008,"McCombs",3551,233,"16S","16S2H5S2Q",1,2026-09-23 04:49:40.1400000,1470,287,0,2026-09-23 04:49:40.1400000,33.563440,-86.617210
7857,"Bolga",140,13,"55H","55H2H2S2Q",3,2026-09-23 04:50:48.7830000,0,0,2070,2026-09-23 04:50:50.1100000,-36.233330,147.183330
1573090,"Norris Junction",3551,233,"16S","16S2H5S2Q",1,2026-09-23 04:51:26.8500000,1551,0,0,2026-09-23 04:52:33.7130000,33.549830,-86.673320
1410516,"Buck Hollow",3549,233,"14R","14R1H1S4Q",1,2026-09-23 01:35:43.6230000,2227,0,0,2026-09-23 04:54:25.3370000,30.490190,-100.020630
2520577,"Brock",707,57,"32U","32U1H4S4Q",3,2026-09-23 04:55:11.9400000,0,0,948,2026-09-23 04:55:11.9430000,52.066670,7.866670
2519769,"Loburg",707,57,"32U","32U1H4S4Q",3,2026-09-23 04:55:26.5770000,0,0,948,2026-09-23 04:55:26.5770000,52.050000,7.883330
2518988,"Schirl",707,57,"32U","32U1H4S4Q",3,2026-09-23 04:55:35.5770000,0,0,948,2026-09-23 04:55:35.5770000,52.033330,7.883330
12625,"Leichhardt",143,13,"56H","56H1H1S4Q",2,2026-09-08 19:42:57.1230000,0,3317075,0,2026-09-23 04:55:39.6270000,-33.883330,151.150000
2523076,"Kattenvenne",707,57,"32U","32U1H4S4Q",3,2026-09-23 04:55:45.6400000,0,0,948,2026-09-23 04:55:45.6400000,52.116670,7.866670
2524732,"Hoste",707,57,"32U","32U1H4S4Q",3,2026-09-23 04:55:53.9730000,0,0,945,2026-09-23 04:55:53.9730000,52.150000,7.916670
2522216,"Averfehrden",708,57,"32U","32U1H4S4Q",3,2026-09-23 04:56:02.1170000,0,0,945,2026-09-23 04:56:02.1170000,52.100000,7.983330
2520586,"Hesseln",707,57,"32U","32U1H5S3Q",3,2026-09-23 04:56:18.6200000,0,0,947,2026-09-23 04:56:18.6200000,52.066670,8.316670
2519781,"Tatenhausen",707,57,"32U","32U1H5S3Q",3,2026-09-23 04:56:29.2200000,0,0,947,2026-09-23 04:56:29.2200000,52.050000,8.316670
2518995,"Bokel",707,57,"32U","32U1H5S3Q",3,2026-09-23 04:56:40.7100000,0,0,602,2026-09-23 04:56:40.7100000,52.033330,8.316670
15020,"Putty",143,13,"56H","56H1H1S1Q",3,2019-07-15 00:04:57.7570000,0,0,224776,2026-09-23 04:56:42.8300000,-32.950000,150.666670
12697,"Vaucluse",143,13,"56H","56H1H1S4Q",3,2017-03-29 21:42:26.8800000,0,1551,1181045,2026-09-23 04:57:28.3100000,-33.866670,151.283330
862242,"Ban Khlong Sam",3203,218,"47P","47P1H3S3Q",0,2026-09-23 04:58:16.6000000,0,0,0,2026-09-23 04:58:16.6000000,14.150000,100.666670
2515946,"Harsewinkel",707,57,"32U","32U2H2S1Q",3,2026-04-28 08:14:20.7970000,3919,0,372466,2026-09-23 04:58:37.8370000,51.966670,8.233330
2516755,"Rheda",707,57,"32U","32U2H2S1Q",3,2026-05-22 07:19:47.6200000,517,0,333130,2026-09-23 04:58:57.0400000,51.983330,8.200000
2518242,"Kolkebeck",707,57,"32U","32U1H5S3Q",3,2026-09-23 04:59:08.7730000,0,0,993,2026-09-23 04:59:08.7730000,52.016670,8.283330
2515945,"Uberems",707,57,"32U","32U2H2S1Q",3,2026-06-09 08:34:54.7370000,517,0,315982,2026-09-23 04:59:09.4870000,51.966670,8.166670
2519780,"Horste",707,57,"32U","32U1H5S3Q",3,2026-09-23 04:59:22.9030000,0,0,947,2026-09-23 04:59:22.9030000,52.050000,8.300000
2056443,"Youngsville",3562,233,"18T","18T2H5S2Q",2,2026-09-23 04:59:40.3600000,0,737,0,2026-09-23 04:59:40.3600000,41.808420,-74.886270
2216579,"Parona di Valpolicella",1366,110,"32T","32T1H6S1Q",2,2026-09-23 05:00:00.9030000,0,1157,0,2026-09-23 05:00:00.9030000,45.478820,10.944140
2217928,"Domegliara",1366,110,"32T","32T1H6S1Q",2,2026-09-23 05:00:14.7500000,0,1011,0,2026-09-23 05:00:14.7500000,45.516670,10.816670
2217927,"Ponton",1366,110,"32T","32T1H6S1Q",2,2026-09-23 05:00:20.2030000,0,1148,0,2026-09-23 05:00:20.2030000,45.516670,10.800000
862952,"Ban Khlong Yi Siphok",3195,218,"47P","47P1H3S3Q",2,2026-09-23 05:00:21.2770000,0,937,0,2026-09-23 05:00:21.2770000,14.166670,100.666670
2520585,"Holtfeld",707,57,"32U","32U1H5S3Q",3,2026-09-23 05:04:31.4130000,0,0,947,2026-09-23 05:04:31.4130000,52.066670,8.300000
2306017,"Ober-Kurnach",715,57,"32T","32T1H3S1Q",3,2024-10-05 00:43:53.6000000,0,0,9822,2026-09-23 05:04:37.9300000,47.733330,10.183330
2520584,"Kasum",707,57,"32U","32U1H5S3Q",3,2026-09-23 05:04:42.8300000,0,0,947,2026-09-23 05:04:42.8300000,52.066670,8.266670
2305243,"Eisenbach",716,57,"32T","32T1H3S1Q",3,2024-10-06 17:16:34.1100000,0,0,8622,2026-09-23 05:04:56.9900000,47.716670,10.116670
2519779,"Siedinghausen",707,57,"32U","32U1H5S3Q",3,2026-09-23 05:05:03.4930000,0,0,947,2026-09-23 05:05:03.4930000,52.050000,8.250000
2424851,"East Prawle",979,77,"30U","30U2H2S3Q",1,2026-09-23 05:08:30.0130000,1109,0,0,2026-09-23 05:08:30.0130000,50.215310,-3.708920
2427844,"Stokenham",979,77,"30U","30U2H2S3Q",1,2026-09-23 05:08:42.5430000,1124,0,0,2026-09-23 05:08:42.5430000,50.274480,-3.674930
2428707,"Slapton",979,77,"30U","30U2H2S3Q",1,2026-09-23 05:08:46.9070000,1059,0,0,2026-09-23 05:08:46.9070000,50.292680,-3.656470
2453883,"Elst",256,20,"31U","31U2H3S4Q",1,2026-09-09 06:41:39.6900000,13795,0,0,2026-09-23 05:08:48.8200000,50.768370,5.558150
2432163,"Devonport",979,77,"30U","30U2H1S4Q",1,2026-07-27 05:37:37.4670000,141976,0,0,2026-09-23 05:09:27.8270000,50.366670,-4.183330
2214767,"Yolotoye",3435,230,"37T","37T1H4S1Q",1,2026-09-23 05:09:50.9800000,900,0,0,2026-09-23 05:09:50.9800000,45.423060,36.080000
2213656,"Novovidradne",3435,230,"37T","37T1H4S1Q",1,2026-09-23 05:09:57.7770000,899,0,0,2026-09-23 05:09:57.7770000,45.393790,36.062480
2213735,"Primorskoye",3435,230,"37T","37T1H4S1Q",1,2026-09-23 05:10:05.6130000,899,0,0,2026-09-23 05:10:05.6130000,45.398330,36.101390
2214029,"Pasha-Salyn",3435,230,"37T","37T1H4S1Q",1,2026-09-23 05:10:14.0000000,900,0,0,2026-09-23 05:10:14.0000000,45.400000,36.183330
2455334,"Zobbroek",255,20,"31U","31U2H3S3Q",1,2026-08-11 04:09:23.6000000,113148,0,0,2026-09-23 05:10:23.1400000,50.800000,4.250000
2213143,"Konservotrest",3435,230,"37T","37T1H4S1Q",1,2026-09-23 05:10:36.5230000,898,0,0,2026-09-23 05:10:36.5230000,45.379720,36.215560
2213019,"Salyn",3435,230,"37T","37T1H4S1Q",1,2026-09-23 05:10:45.7470000,898,0,0,2026-09-23 05:10:45.7470000,45.372780,36.198330
2212913,"Chystopillya",3435,230,"37T","37T1H4S1Q",1,2026-09-23 05:10:51.4070000,897,0,0,2026-09-23 05:10:51.4070000,45.366920,36.182680
2212524,"Adzhieli",3435,230,"37T","37T1H4S1Q",1,2026-09-23 05:10:56.5400000,897,0,0,2026-09-23 05:10:56.5400000,45.360280,36.099170
2213101,"Byelins'ke",3435,230,"37T","37T1H4S1Q",1,2026-09-23 05:11:04.2130000,898,0,0,2026-09-23 05:11:04.2130000,45.377610,36.083570
2494574,"Szklarka",2451,180,"33U","33U2H3S2Q",3,2026-09-23 05:11:48.2830000,0,0,931,2026-09-23 05:11:48.2830000,51.502740,17.582860
2495340,"Bogdaj",2451,180,"33U","33U2H3S2Q",3,2026-09-23 05:11:52.0300000,0,0,939,2026-09-23 05:11:52.0300000,51.518820,17.565600
2494815,"Mozdzanow",2451,180,"33U","33U2H3S2Q",3,2026-09-23 05:11:55.4830000,0,0,939,2026-09-23 05:11:55.4830000,51.512610,17.544410
2518241,"Hesselteich",707,57,"32U","32U1H5S3Q",3,2026-09-23 05:11:59.0770000,0,0,602,2026-09-23 05:11:59.0770000,52.016670,8.233330
2493832,"Starza",2451,180,"33U","33U2H3S2Q",3,2026-09-23 05:12:04.2330000,0,0,930,2026-09-23 05:12:04.2330000,51.487520,17.528760
2493304,"Janislawice",2451,180,"33U","33U2H3S2Q",3,2026-09-23 05:12:09.3800000,0,0,935,2026-09-23 05:12:09.3800000,51.481810,17.537430
2518240,"Dreyerhaus",707,57,"32U","32U1H5S3Q",3,2026-09-23 05:12:11.0030000,0,0,948,2026-09-23 05:12:11.0030000,52.016670,8.200000
2518239,"Kiwittsheide",707,57,"32U","32U1H5S3Q",3,2026-09-23 05:12:29.8670000,0,186,1039,2026-09-23 05:12:29.8670000,52.016670,8.183330
1402646,"Daffan",3549,233,"14R","14R1H3S3Q",2,2010-01-01 00:00:00.0000000,0,6001757,0,2026-09-23 05:12:38.2870000,30.320210,-97.626670
2518994,"Niederoesterweg",707,57,"32U","32U1H5S3Q",3,2026-09-23 05:12:40.5000000,897,0,1050,2026-09-23 05:12:40.5000000,52.033330,8.183330
2530234,"Kurowo",2451,180,"33U","33U1H6S3Q",3,2026-09-17 19:12:21.7770000,0,0,1988,2026-09-23 05:13:56.5770000,52.254860,16.380950
2543586,"Krzeszkowice",2451,180,"33U","33U1H6S3Q",3,2017-01-22 16:42:19.1900000,0,0,1000242,2026-09-23 05:14:03.3230000,52.535440,16.432710
2530300,"Slocin",2451,180,"33U","33U1H6S3Q",3,2026-09-17 18:55:22.2200000,0,0,2280,2026-09-23 05:14:03.8700000,52.257230,16.348390
2528673,"Grodzisk Wielkopolski",2451,180,"33U","33U1H6S3Q",3,2026-09-17 18:55:00.7770000,0,0,1953,2026-09-23 05:14:10.6630000,52.227620,16.365340
2528476,"Kobylniki",2451,180,"33U","33U1H6S3Q",3,2026-09-17 18:54:51.5170000,0,0,3323,2026-09-23 05:14:29.1470000,52.221440,16.355090
2527946,"Piaski",2451,180,"33U","33U1H6S3Q",3,2026-09-17 18:55:09.2570000,0,0,1984,2026-09-23 05:14:36.7400000,52.215520,16.363430
2534001,"Rauen",713,57,"33U","33U1H5S3Q",2,2026-09-23 05:14:55.0500000,0,864,0,2026-09-23 05:14:55.0500000,52.333330,14.016670
2515180,"Marienfeld",707,57,"32U","32U2H2S1Q",3,2026-04-15 20:15:32.2870000,2585,0,440005,2026-09-23 05:15:27.4870000,51.950000,8.283330
2519777,"Entenort",707,57,"32U","32U1H5S3Q",3,2026-09-23 05:19:24.9970000,0,63,946,2026-09-23 05:19:24.9970000,52.050000,8.200000
2519776,"Brink",707,57,"32U","32U1H5S3Q",3,2026-09-23 05:19:41.1830000,0,0,1042,2026-09-23 05:19:41.1830000,52.050000,8.166670
2520583,"Leimweg",707,57,"32U","32U1H5S3Q",3,2026-09-23 05:19:52.5630000,0,0,945,2026-09-23 05:19:52.5630000,52.066670,8.200000
2302607,"Snyders Corner",3578,233,"10T","10T1H2S2Q",2,2014-08-22 23:53:18.0700000,2327,3994572,0,2026-09-23 05:20:18.7500000,47.666490,-122.163460
2212949,"Verkhn'ozamors'ke",3435,230,"37T","37T1H4S1Q",1,2026-09-23 05:20:28.3200000,897,0,0,2026-09-23 05:20:28.3200000,45.368800,36.026650
2264051,"Kercaszomor",1214,100,"33T","33T1H3S3Q",2,2020-04-03 22:46:59.1230000,0,1253632,0,2026-09-23 05:20:32.2700000,46.788990,16.353090
2520582,"Stockheim",707,57,"32U","32U1H5S3Q",3,2026-09-23 05:21:31.6600000,0,190,945,2026-09-23 05:21:31.6600000,52.066670,8.183330
2428666,"Berezovka",3439,230,"36U","36U2H3S4Q",1,2025-12-15 09:17:47.2470000,2782728,0,0,2026-09-23 05:22:02.0200000,50.291110,35.893890
480986,"Yio Chu Kang",2826,199,"48N","48N2H4S2Q",0,2010-01-01 00:00:00.0000000,0,0,0,2026-09-23 05:25:33.6330000,1.391110,103.851390
481422,"Chye Kay",2826,199,"48N","48N2H4S2Q",2,2024-07-07 18:11:45.5300000,0,3591,0,2026-09-23 05:25:34.6730000,1.426110,103.824170
481535,"Yishun New Town",2826,199,"48N","48N2H4S2Q",2,2010-01-01 00:00:00.0000000,0,514,0,2026-09-23 05:25:35.7030000,1.433330,103.831110
481596,"Kam Wak Hassan",2826,199,"48N","48N2H4S2Q",2,2024-07-04 14:31:17.3900000,0,4537,724,2026-09-23 05:25:36.7430000,1.437500,103.830560
799223,"Ban Rong Rakam",3167,218,"47P","47P1H5S4Q",1,2024-11-21 14:23:28.7500000,214682,0,0,2026-09-23 05:25:37.7630000,12.866670,99.916670
802630,"Ban Tha Khoi",3167,218,"47P","47P1H5S4Q",1,2024-11-21 14:43:32.2370000,131954,0,0,2026-09-23 05:25:38.8100000,12.966670,99.883330
804361,"Ban Samo Lok",3167,218,"47P","47P1H6S1Q",1,2024-12-11 07:11:33.3300000,74952,0,0,2026-09-23 05:25:39.9470000,13.019370,100.019960
2302851,"Helen",715,57,"32T","32T1H3S1Q",3,2024-10-04 07:39:01.6930000,0,0,9790,2026-09-23 05:26:24.4300000,47.666670,10.250000
2302852,"Walkarts",715,57,"32T","32T1H3S1Q",3,2014-10-02 10:59:20.0470000,0,0,9328,2026-09-23 05:26:41.6030000,47.666670,10.266670
2120502,"Eureka Place",3557,233,"16T","16T2H3S1Q",1,2022-11-10 20:07:58.8470000,30799,0,0,2026-09-23 05:29:29.6470000,43.186420,-85.203070
2114576,"Orleans",3557,233,"16T","16T2H3S1Q",1,2019-01-02 13:21:03.8070000,3001530,0,0,2026-09-23 05:29:44.0130000,43.068640,-85.135010
2115872,"Belding",3557,233,"16T","16T2H3S1Q",1,2016-01-31 12:37:41.6470000,3004051,0,0,2026-09-23 05:29:51.6900000,43.097810,-85.228910
2115546,"Cooks Corners",3557,233,"16T","16T2H3S1Q",1,2018-03-21 23:33:53.7570000,3003483,0,0,2026-09-23 05:29:55.7230000,43.088360,-85.262520
2114006,"Smyrna",3557,233,"16T","16T2H3S1Q",1,2017-04-29 22:45:57.8230000,3005041,0,0,2026-09-23 05:29:59.6570000,43.059480,-85.262790
2112388,"Moseley",3557,233,"16T","16T2H3S1Q",1,2018-09-22 06:49:02.2100000,3007186,0,0,2026-09-23 05:30:07.2000000,43.029470,-85.351960
2111651,"Alton",3557,233,"16T","16T2H3S1Q",1,2018-09-22 06:48:35.4600000,3002503,0,0,2026-09-23 05:30:12.5930000,43.016420,-85.351690
2543611,"Wierzchaczewo",2451,180,"33U","33U1H6S3Q",3,2017-09-12 19:54:58.0970000,0,0,1000805,2026-09-23 05:30:37.2030000,52.536430,16.469140
1761039,"Tennessee Hills",3548,233,"17S","17S1H4S4Q",3,2023-06-11 05:34:27.9830000,0,0,190718,2026-09-23 05:31:24.4530000,36.536220,-82.239860
2227594,"Courmayeur",1367,110,"32T","32T1H4S1Q",2,2024-12-04 12:18:26.5070000,0,60454,0,2026-09-23 05:31:44.3630000,45.793860,6.971390
2121451,"Dixonville",3576,233,"10T","10T2H2S1Q",2,2026-09-23 05:36:33.7230000,0,300,69,2026-09-23 05:36:33.7230000,43.207620,-123.241180
2124038,"Elgarose",3576,233,"10T","10T2H2S1Q",2,2026-09-23 05:36:39.5200000,0,300,159,2026-09-23 05:36:39.5200000,43.258170,-123.485910
2124281,"Riversdale",3576,233,"10T","10T2H2S1Q",2,2026-09-23 05:36:44.7470000,0,300,131,2026-09-23 05:36:44.7470000,43.265390,-123.421470
2123367,"Melrose",3576,233,"10T","10T2H2S1Q",2,2026-09-23 05:36:50.6830000,0,300,85,2026-09-23 05:36:50.6830000,43.247620,-123.458970
2122185,"Calkins",3576,233,"10T","10T2H2S1Q",2,2026-09-23 05:36:59.0470000,0,300,116,2026-09-23 05:36:59.0470000,43.221500,-123.408690
2120530,"Oaks",3576,233,"10T","10T2H2S1Q",2,2026-09-23 05:37:21.8400000,0,300,41,2026-09-23 05:37:21.8400000,43.187340,-123.362020
2064747,"Cappadocia",1382,110,"33T","33T2H1S4Q",1,2026-09-12 22:57:47.8500000,25411,0,0,2026-09-23 05:38:04.8300000,42.006530,13.279990
12995,"Forestville",143,13,"56H","56H1H1S4Q",3,2017-04-06 23:44:43.1300000,0,2327,1293257,2026-09-23 05:41:51.7670000,-33.766670,151.208330
13404,"Whale Beach",143,13,"56H","56H1H1S4Q",3,2016-11-17 07:44:17.8600000,0,3619,1093162,2026-09-23 05:44:20.1900000,-33.611150,151.328950
2521072,"Bockhorst",707,57,"32U","32U1H5S3Q",3,2026-09-23 05:45:07.6470000,0,0,945,2026-09-23 05:45:07.6470000,52.074710,8.201380
2519775,"Versmold",707,57,"32U","32U1H5S3Q",3,2026-09-23 05:45:20.4770000,0,0,602,2026-09-23 05:45:20.4770000,52.050000,8.150000
2519774,"Loxten",707,57,"32U","32U1H5S3Q",3,2026-09-23 05:45:28.8070000,0,0,2206,2026-09-23 05:45:35.6500000,52.050000,8.133330
2518993,"Potthof",707,57,"32U","32U1H5S3Q",3,2026-09-23 05:45:44.9770000,0,0,1042,2026-09-23 05:45:44.9770000,52.033330,8.133330
2519773,"Knetterhausen",707,57,"32U","32U1H5S3Q",3,2026-09-23 05:45:52.5070000,0,0,1044,2026-09-23 05:45:52.5070000,52.050000,8.116670
13192,"Katoomba",143,13,"56H","56H1H1S3Q",3,2025-04-05 21:53:09.5100000,0,2947,5524,2026-09-23 05:46:03.6000000,-33.700000,150.300000
2302855,"Kuhnen",715,57,"32T","32T1H3S1Q",3,2024-10-04 07:38:44.4700000,0,0,9809,2026-09-23 05:47:35.4830000,47.666670,10.300000
2302857,"Rauns",715,57,"32T","32T1H3S1Q",3,2024-10-04 07:18:44.0970000,0,0,9790,2026-09-23 05:47:43.2870000,47.666670,10.316670
2521826,"Gaj",2451,180,"33U","33U1H6S3Q",3,2026-08-06 09:09:55.0570000,0,0,2038,2026-09-23 05:49:52.1200000,52.089000,16.940880
2522507,"Krzyzanowo",2451,180,"33U","33U1H6S3Q",3,2026-08-10 06:27:59.0800000,0,0,2038,2026-09-23 05:49:56.6430000,52.100160,16.907100
2521760,"Blociszewo",2451,180,"33U","33U1H6S3Q",3,2026-08-06 09:09:42.6330000,0,0,2038,2026-09-23 05:50:01.6170000,52.086310,16.896700
2521227,"Donatowo",2451,180,"33U","33U1H6S3Q",3,2026-08-06 09:09:36.9970000,0,0,2038,2026-09-23 05:50:05.5170000,52.079500,16.861690
2522582,"Nowy Golebin",2451,180,"33U","33U1H6S3Q",3,2026-07-31 22:02:05.1130000,0,0,2038,2026-09-23 05:50:09.5200000,52.103690,16.837660
2523337,"Grabianowo",2451,180,"33U","33U1H6S3Q",3,2026-08-24 08:08:56.9270000,0,0,1988,2026-09-23 05:50:15.9900000,52.117220,16.880220
2523474,"Zurawiec",2451,180,"33U","33U1H6S3Q",3,2026-08-29 15:43:20.5370000,0,0,2038,2026-09-23 05:50:17.6100000,52.122730,16.906620
2514352,"Oester",707,57,"32U","32U2H2S1Q",3,2026-04-13 07:36:52.5830000,6721,0,103572,2026-09-23 05:50:48.0600000,51.933330,8.300000
2513586,"Nordhorn",707,57,"32U","32U2H2S1Q",3,2025-07-07 06:01:19.7000000,517,0,45665,2026-09-23 05:51:08.8800000,51.916670,8.400000
1236614,"Miami",3538,233,"17R","17R2H5S2Q",3,2010-01-01 00:00:00.0000000,0,0,20727167,2026-09-23 05:51:15.9800000,25.774270,-80.193660
2518998,"Sudbrack",707,57,"32U","32U1H5S3Q",3,2025-05-23 15:23:42.6700000,517,0,210680,2026-09-23 05:51:23.8700000,52.033330,8.533330
2161671,"Bardino Vecchio",1376,110,"32T","32T1H5S3Q",1,2016-05-31 19:17:27.4170000,6050668,0,0,2026-09-23 05:51:57.6670000,44.189130,8.272020
2202366,"Vydne",3435,230,"36T","36T1H6S2Q",2,2026-08-07 10:03:03.6930000,1200,4859,0,2026-09-23 05:54:17.6100000,45.093530,35.247310
2447480,"Tribouillet",255,20,"31U","31U2H3S4Q",1,2021-08-30 10:37:53.5400000,100782,690,0,2026-09-23 05:55:52.4500000,50.658610,5.600080
2522226,"Wichlinghausen",707,57,"32U","32U1H5S3Q",3,2026-09-23 05:57:39.8770000,0,0,945,2026-09-23 05:57:39.8770000,52.100000,8.333330
2521413,"Cleve",707,57,"32U","32U1H5S3Q",3,2026-09-23 05:57:48.8070000,0,0,945,2026-09-23 05:57:48.8070000,52.083330,8.300000
2109960,"Fallassburg",3557,233,"16T","16T2H3S3Q",1,2016-01-02 02:02:59.6800000,3083382,0,0,2026-09-23 05:59:27.6970000,42.982250,-85.322790
2107753,"Lowell",3557,233,"16T","16T2H3S3Q",1,2015-08-18 14:00:56.0730000,3001428,0,0,2026-09-23 05:59:37.1570000,42.933640,-85.341960
2107117,"Segwun",3557,233,"16T","16T2H3S3Q",1,2012-10-14 16:42:15.6100000,3029200,0,0,2026-09-23 05:59:42.8630000,42.923920,-85.342790
2120405,"Pompeii",3557,233,"16T","16T2H3S2Q",1,2023-03-17 02:50:10.3270000,33390,0,0,2026-09-23 06:00:12.7800000,43.183920,-84.600830
2120085,"Ola",3557,233,"16T","16T2H3S2Q",1,2023-03-17 02:50:28.3500000,20800,0,0,2026-09-23 06:00:17.1500000,43.182780,-84.562500
2123409,"Newark",3557,233,"16T","16T2H3S2Q",1,2023-03-15 15:08:02.0100000,22452,0,0,2026-09-23 06:00:32.1030000,43.248640,-84.709730
2123417,"New Haven Center",3557,233,"16T","16T2H3S2Q",1,2023-03-14 04:18:06.4970000,21252,0,0,2026-09-23 06:00:40.1400000,43.248920,-84.777230
2124213,"Crystal",3557,233,"16T","16T2H3S2Q",1,2024-03-27 21:46:48.4500000,7385,0,0,2026-09-23 06:00:50.4330000,43.263090,-84.914730
2123424,"Kings Corner",3557,233,"16T","16T2H3S1Q",1,2022-07-01 17:53:41.9500000,46532,0,0,2026-09-23 06:00:59.5470000,43.249200,-85.073350
2522220,"Aschendorf",708,57,"32U","32U1H5S3Q",3,2026-09-23 06:01:00.1600000,0,0,945,2026-09-23 06:01:00.1600000,52.100000,8.150000
2539892,"Dahlem",714,57,"33U","33U1H4S4Q",2,2014-05-02 18:19:01.8030000,0,3045694,0,2026-09-23 06:02:03.4330000,52.458100,13.287020
2538923,"Berlin Steglitz Zehlendorf",714,57,"33U","33U1H4S4Q",2,2013-12-31 13:18:29.1770000,0,4026073,0,2026-09-23 06:03:10.7630000,52.434850,13.241830
2211444,"Solyane",3435,230,"36T","36T1H6S2Q",2,2026-09-23 06:03:19.5170000,0,1200,0,2026-09-23 06:03:19.5170000,45.328940,35.409890
2216940,"Rovenka",3435,230,"36T","36T1H6S1Q",2,2026-09-23 06:03:29.2400000,0,1200,0,2026-09-23 06:03:29.2400000,45.483680,34.986460
2224424,"Ridne",3435,230,"36T","36T1H6S1Q",2,2026-09-23 06:03:37.2270000,0,1200,0,2026-09-23 06:03:37.2270000,45.710020,34.619050
2535591,"Stabchen",713,57,"33U","33U1H4S4Q",2,2025-05-19 08:01:41.6000000,0,4633,0,2026-09-23 06:04:26.6000000,52.366670,13.816670
2523975,"Zeust",713,57,"33U","33U1H5S3Q",3,2026-09-18 22:54:42.8930000,0,0,10664,2026-09-23 06:06:22.5930000,52.133330,14.266670
2316645,"Fobes Hill",3578,233,"10T","10T1H2S2Q",2,2014-06-01 21:11:08.6900000,0,1332774,0,2026-09-23 06:09:07.7800000,47.948990,-122.119850
2316481,"Northwest Snohomish",3578,233,"10T","10T1H2S2Q",2,2016-12-27 05:56:31.3100000,0,1315388,0,2026-09-23 06:09:15.9370000,47.940740,-122.103760
2308906,"Echo Lake",3578,233,"10T","10T1H2S2Q",2,2023-05-23 02:11:04.7100000,0,1310019,0,2026-09-23 06:09:45.3570000,47.784270,-122.046790
2306563,"Cottage Lake",3578,233,"10T","10T1H2S2Q",2,2014-05-10 02:28:08.6000000,0,1990420,0,2026-09-23 06:09:56.2870000,47.744270,-122.077350
2302858,"Hitzleberg",715,57,"32T","32T1H3S1Q",3,2024-10-04 07:18:35.2400000,0,0,9809,2026-09-23 06:13:06.2930000,47.666670,10.333330
2302861,"Unterminderdorf",715,57,"32T","32T1H3S1Q",3,2024-10-04 06:13:15.9800000,0,0,9790,2026-09-23 06:13:14.9000000,47.666670,10.350000
2531618,"Kunersdorf",713,57,"33U","33U1H5S3Q",3,2026-09-23 06:17:18.2200000,0,0,823,2026-09-23 06:17:18.2200000,52.283330,14.150000
2530762,"Sauen",713,57,"33U","33U1H5S3Q",3,2026-09-23 06:17:29.3200000,0,0,842,2026-09-23 06:17:29.3200000,52.266670,14.216670
2531619,"Drahendorf",713,57,"33U","33U1H5S3Q",3,2026-09-23 06:17:34.2270000,0,0,646,2026-09-23 06:17:34.2270000,52.283330,14.233330
2532421,"Alt Golm",713,57,"33U","33U1H5S3Q",3,2026-09-23 06:17:43.3630000,0,0,664,2026-09-23 06:17:43.3630000,52.300000,14.116670
2513584,"Bredeck",707,57,"32U","32U2H2S1Q",3,2026-09-23 06:18:12.1400000,0,0,1064,2026-09-23 06:18:12.1400000,51.916670,8.300000
2523163,"Huttenplatz",713,57,"33U","33U1H4S4Q",3,2026-09-20 14:19:22.4700000,0,0,11067,2026-09-23 06:21:16.2470000,52.116670,13.950000
2521410,"Winkelsetten",708,57,"32U","32U1H5S3Q",3,2026-09-23 06:23:02.5230000,0,0,945,2026-09-23 06:23:02.5230000,52.083330,8.100000
2518238,"Peckeloh",707,57,"32U","32U1H5S3Q",3,2026-09-23 06:23:21.1100000,862,0,948,2026-09-23 06:23:21.1100000,52.016670,8.100000
2453084,"Roclenge-sur-Geer",255,20,"31U","31U2H3S4Q",1,2026-06-07 16:40:23.2970000,101929,345,0,2026-09-23 06:24:22.5930000,50.755800,5.596040
2065961,"Verrecchie",1382,110,"33T","33T2H1S4Q",1,2026-09-21 11:01:35.0700000,52498,0,0,2026-09-23 06:24:27.4570000,42.033330,13.233330
2518992,"Rippelbaum",707,57,"32U","32U1H5S3Q",3,2026-09-23 06:26:24.0130000,0,0,948,2026-09-23 06:26:24.0130000,52.033330,8.066670
2440421,"Easton",979,77,"30U","30U2H2S4Q",2,2013-10-23 06:48:02.0330000,300,407772,1800,2026-09-23 06:26:27.4970000,50.533330,-2.450000
2486753,"Minster",979,77,"31U","31U2H1S2Q",3,2025-04-27 21:20:55.9600000,0,0,105962,2026-09-23 06:28:13.4770000,51.333350,1.314150
2299221,"McGilvara",3578,233,"10T","10T1H2S2Q",1,2019-12-02 04:52:12.7070000,3416657,0,0,2026-09-23 06:29:05.0330000,47.590930,-122.242900
2519772,"Elve",707,57,"32U","32U1H5S3Q",3,2026-09-23 06:30:50.8800000,0,0,948,2026-09-23 06:30:50.8800000,52.050000,8.066670
2807435,"Metsaekulma",3834,70,"35V","35V1H4S1Q",3,2017-11-09 14:59:06.7500000,0,0,1739262,2026-09-23 06:32:17.3030000,61.489120,24.010620
2543592,"Podpniewki",2451,180,"33U","33U1H6S3Q",3,2026-07-23 12:01:26.3230000,0,0,2039,2026-09-23 06:33:13.2970000,52.535710,16.282020
2543743,"Koninek",2451,180,"33U","33U1H6S3Q",3,2026-07-23 10:59:23.9470000,0,0,2038,2026-09-23 06:33:16.5970000,52.542860,16.305130
2542954,"Konin",2451,180,"33U","33U1H6S3Q",3,2026-07-23 12:00:55.1600000,0,0,3358,2026-09-23 06:33:21.2400000,52.524890,16.319760
2543895,"Buszewo",2451,180,"33U","33U1H6S3Q",3,2026-07-23 10:59:18.7130000,0,0,2108,2026-09-23 06:33:25.2430000,52.548930,16.372740
2545299,"Zajaczkowo",2451,180,"33U","33U1H6S3Q",3,2026-07-23 14:32:07.5500000,0,0,2037,2026-09-23 06:33:30.4500000,52.578920,16.344170
2545300,"Psarskie",2451,180,"33U","33U1H6S3Q",3,2026-07-23 14:32:01.8200000,0,0,2037,2026-09-23 06:33:34.7530000,52.578930,16.321440
2544799,"Orzeszkowo",2451,180,"33U","33U1H6S3Q",3,2026-07-23 14:08:20.5170000,0,0,2038,2026-09-23 06:33:38.7530000,52.566670,16.283330
2545177,"Bialokoszyce",2451,180,"33U","33U1H6S3Q",3,2026-07-23 15:21:41.9870000,0,0,2038,2026-09-23 06:33:49.2670000,52.574400,16.236790
2302864,"Oberminderdorf",715,57,"32T","32T1H3S1Q",3,2024-10-04 06:13:04.8570000,0,0,10930,2026-09-23 06:34:58.2330000,47.666670,10.366670
2302871,"Unterzollhaus",715,57,"32T","32T1H3S1Q",3,2024-10-04 11:08:44.8200000,0,0,8540,2026-09-23 06:35:13.0700000,47.666670,10.433330
2108693,"Surprise Valley",3576,233,"10T","10T2H2S3Q",2,2026-09-23 06:41:01.5270000,0,300,106,2026-09-23 06:41:01.5270000,42.954010,-123.309510
2514431,"Radensdorf",713,57,"33U","33U2H1S2Q",3,2026-09-20 15:00:39.5570000,0,0,11053,2026-09-23 06:44:07.1200000,51.933330,13.983330
791497,"Ban Bo Fai (1)",3165,218,"47P","47P1H5S4Q",1,2015-12-21 19:07:30.6500000,1560904,270597,0,2026-09-23 06:44:21.2070000,12.616670,99.950000
2236672,"Barberine",506,43,"32T","32T1H1S3Q",2,2025-12-13 09:59:48.3700000,0,100008,0,2026-09-23 06:45:19.0230000,46.050000,6.950000
2110522,"Tri-City",3576,233,"10T","10T2H2S3Q",2,2026-09-23 06:49:04.1270000,0,300,193,2026-09-23 06:49:04.1270000,42.990040,-123.300150
2110352,"Tri-City",3576,233,"10T","10T2H2S3Q",2,2026-09-23 06:49:12.8800000,0,300,96,2026-09-23 06:49:12.8800000,42.984560,-123.311730
2109917,"Tri City",3576,233,"10T","10T2H2S3Q",2,2026-09-23 06:49:31.6530000,0,300,96,2026-09-23 06:49:31.6530000,42.980670,-123.323120
2099225,"Gurlo",279,22,"34T","34T2H3S3Q",1,2025-06-09 04:32:29.6100000,208443,24603,0,2026-09-23 06:50:42.4770000,42.766670,22.850000
2108608,"Riddle",3576,233,"10T","10T2H2S3Q",2,2026-09-23 06:51:13.3230000,0,300,7,2026-09-23 06:51:13.3230000,42.950950,-123.364230
2107203,"Canyonville",3576,233,"10T","10T2H2S3Q",2,2026-09-23 06:51:25.8430000,0,300,122,2026-09-23 06:51:25.8430000,42.927340,-123.281170
2108673,"Gazley",3576,233,"10T","10T2H2S3Q",2,2026-09-23 06:51:34.4930000,0,300,135,2026-09-23 06:51:34.4930000,42.953450,-123.242840
2116595,"Porter Creek",3576,233,"10T","10T2H2S1Q",2,2026-09-23 06:52:07.7500000,0,300,41,2026-09-23 06:52:07.7530000,43.110950,-123.522020
2287309,"Schifflaende",503,43,"32T","32T1H2S1Q",3,2024-05-24 06:16:27.2400000,0,0,3354538,2026-09-23 06:52:52.1430000,47.340190,8.678180
2525592,"Ostenfelde",708,57,"32U","32U1H5S3Q",3,2026-09-23 06:53:34.2270000,0,300,945,2026-09-23 06:53:34.2270000,52.166670,8.383330
2526398,"Depenbrock",708,57,"32U","32U1H5S3Q",3,2026-09-23 06:53:48.8370000,0,0,945,2026-09-23 06:53:48.8370000,52.183330,8.366670
2526401,"Krukum",708,57,"32U","32U1H5S3Q",3,2026-09-23 06:54:01.4070000,0,0,945,2026-09-23 06:54:01.4070000,52.183330,8.416670
2526400,"Westendorf",708,57,"32U","32U1H5S3Q",3,2026-09-23 06:54:13.9730000,0,0,945,2026-09-23 06:54:13.9730000,52.183330,8.400000
2527222,"Im Hallau",708,57,"32U","32U1H5S3Q",3,2026-09-23 06:54:21.8300000,0,0,945,2026-09-23 06:54:21.8300000,52.200000,8.400000
2527223,"Botterriede",708,57,"32U","32U1H5S3Q",3,2026-09-23 06:54:29.2800000,0,0,947,2026-09-23 06:54:29.2800000,52.200000,8.416670
2528067,"Kottebrink",708,57,"32U","32U1H5S3Q",3,2026-09-23 06:55:17.9830000,0,0,945,2026-09-23 06:55:17.9830000,52.216670,8.416670
2550362,"Bukowce",2451,180,"33U","33U1H6S3Q",3,2026-09-23 06:58:25.9730000,0,0,998,2026-09-23 06:58:25.9730000,52.684440,16.136790
2549856,"Tuchola",2451,180,"33U","33U1H6S3Q",3,2026-09-23 06:58:33.2630000,0,0,998,2026-09-23 06:58:33.2630000,52.677750,16.126000
2549894,"Bucharzewo",2451,180,"33U","33U1H6S3Q",3,2026-09-23 06:58:34.9000000,0,0,998,2026-09-23 06:58:34.9000000,52.678840,16.098490
2549198,"Marianowo",2451,180,"33U","33U1H6S3Q",3,2026-09-23 06:58:41.9730000,0,0,998,2026-09-23 06:58:41.9730000,52.666490,16.066650
2549012,"Piaski",2451,180,"33U","33U1H6S3Q",3,2026-09-23 06:58:46.1130000,0,0,998,2026-09-23 06:58:46.1130000,52.659400,16.080840
2548791,"Sierakow",2451,180,"33U","33U1H6S3Q",3,2026-09-23 06:58:51.2000000,0,0,998,2026-09-23 06:58:51.2000000,52.651340,16.080470
2548279,"Kobylarnia",2451,180,"33U","33U1H6S3Q",3,2026-09-23 06:58:53.3300000,0,0,998,2026-09-23 06:58:53.3300000,52.643210,16.031470
2552765,"Gayton Thorpe",979,77,"31U","31U1H4S3Q",3,2010-01-01 00:00:00.0000000,0,0,19621,2026-09-23 06:58:59.7230000,52.737100,0.582680
2555371,"Castle Rising",979,77,"31U","31U1H4S3Q",3,2025-01-25 11:47:37.4670000,0,0,10666,2026-09-23 06:59:13.5400000,52.794560,0.470180
2687512,"Yeremino",2671,192,"37V","37V2H5S3Q",2,2026-04-17 04:57:47.8270000,0,101663,0,2026-09-23 06:59:59.1870000,56.216670,38.166670
2688119,"Dedushkovo",2671,192,"37V","37V2H5S3Q",2,2026-04-17 05:14:17.8100000,0,5381,0,2026-09-23 07:00:15.4200000,56.233330,38.183330
2528919,"In den Blessen",708,57,"32U","32U1H5S3Q",3,2026-09-23 07:00:39.3300000,0,0,945,2026-09-23 07:00:39.3300000,52.233330,8.400000
2529803,"Vor dem Walde",708,57,"32U","32U1H5S3Q",3,2026-09-23 07:00:49.6700000,0,0,945,2026-09-23 07:00:49.6700000,52.250000,8.400000
2303626,"Halde",715,57,"32T","32T1H3S1Q",3,2024-10-04 14:51:44.1930000,0,0,9790,2026-09-23 07:01:10.4330000,47.683330,10.350000
2303628,"Nageleried",715,57,"32T","32T1H3S1Q",3,2024-10-04 14:51:32.4230000,0,0,7290,2026-09-23 07:01:15.7330000,47.683330,10.366670
2514432,"Burglehn",713,57,"33U","33U2H2S1Q",3,2026-09-18 13:23:50.8700000,0,0,10669,2026-09-23 07:02:16.6000000,51.933330,14.016670
2514429,"Steinkirchen",713,57,"33U","33U2H1S2Q",3,2026-09-19 17:37:55.0970000,0,0,13049,2026-09-23 07:02:43.4970000,51.933330,13.900000
2548460,"Necton",979,77,"31U","31U1H4S3Q",3,2026-09-22 18:43:26.9000000,0,0,5102,2026-09-23 07:03:06.7870000,52.649940,0.775390
2523171,"Kieselwitz",713,57,"33U","33U1H5S3Q",3,2026-09-23 07:05:35.8600000,0,0,1055,2026-09-23 07:05:35.8600000,52.116670,14.500000
2524498,"Funfeichen",713,57,"33U","33U1H5S3Q",3,2026-09-23 07:05:42.5930000,0,0,1827,2026-09-23 07:05:42.5930000,52.144130,14.532510
2530646,"Meesdorf",708,57,"32U","32U1H5S3Q",3,2026-09-23 07:05:54.4670000,0,0,945,2026-09-23 07:05:54.4670000,52.266670,8.416670
2533222,"Biegen",713,57,"33U","33U1H5S3Q",3,2026-09-23 07:05:59.8200000,0,0,750,2026-09-23 07:05:59.8200000,52.316670,14.366670
2529805,"Lohlingdorf",708,57,"32U","32U1H5S3Q",3,2026-09-23 07:06:09.4470000,0,0,939,2026-09-23 07:06:09.4470000,52.250000,8.416670
2528920,"Buscherheide",708,57,"32U","32U1H5S3Q",3,2026-09-23 07:10:39.3430000,0,0,945,2026-09-23 07:10:39.3470000,52.233330,8.416670
2529806,"Hofen",708,57,"32U","32U1H5S3Q",3,2026-09-23 07:10:47.9030000,0,0,945,2026-09-23 07:10:47.9030000,52.250000,8.433330
2420479,"Jaroszowice",2450,180,"34U","34U2H1S4Q",3,2014-11-12 10:54:47.9770000,2700,12600,371586,2026-09-23 07:12:43.9370000,50.116670,19.066670
2528921,"Tittingdorf",708,57,"32U","32U1H5S3Q",3,2026-09-23 07:13:51.9470000,0,0,945,2026-09-23 07:13:51.9470000,52.233330,8.433330
2528069,"Auf der Quabbenstrasse",708,57,"32U","32U1H5S3Q",3,2026-09-23 07:17:15.5900000,0,0,945,2026-09-23 07:17:15.5900000,52.216670,8.433330
2505859,"Klepzig",703,57,"33U","33U2H1S1Q",1,2026-09-23 07:19:11.5000000,1675,0,0,2026-09-23 07:19:11.5000000,51.750000,12.000000
2497412,"Schwerz",703,57,"33U","33U2H1S1Q",1,2026-09-23 07:19:17.5670000,1826,0,0,2026-09-23 07:19:17.5670000,51.566670,12.133330
2553823,"Reepham",979,77,"31U","31U1H4S4Q",3,2010-01-01 00:00:00.0000000,0,0,12013,2026-09-23 07:19:19.1830000,52.763200,1.110990
2554760,"Guestwick",979,77,"31U","31U1H4S4Q",3,2010-01-01 00:00:00.0000000,0,0,12895,2026-09-23 07:19:29.6170000,52.783330,1.050000
2498140,"Mucheln",703,57,"32U","32U2H3S2Q",1,2026-09-23 07:19:24.0630000,2640,300,0,2026-09-23 07:19:29.6400000,51.583330,11.833330
2498137,"Johannashall",703,57,"32U","32U2H3S2Q",1,2026-09-23 07:19:36.0000000,822,661,0,2026-09-23 07:19:36.0000000,51.583330,11.783330
2498136,"Trebitz",703,57,"32U","32U2H3S2Q",1,2026-09-23 07:19:44.0530000,805,657,0,2026-09-23 07:19:44.0530000,51.583330,11.766670
2557924,"Briston",979,77,"31U","31U1H4S4Q",3,2010-01-01 00:00:00.0000000,0,0,15396,2026-09-23 07:19:48.3730000,52.850000,1.066670
2294859,"Frick",528,43,"32T","32T1H2S1Q",3,2023-08-07 18:44:49.7200000,0,0,2540720,2026-09-23 07:19:50.7770000,47.500000,8.016670
2488905,"Weidenbach",703,57,"32U","32U2H3S2Q",1,2026-09-23 07:20:16.6830000,1054,429,0,2026-09-23 07:20:16.6830000,51.383330,11.666670
2529808,"Linken",708,57,"32U","32U1H5S3Q",3,2026-09-23 07:22:16.2900000,0,0,945,2026-09-23 07:22:16.2900000,52.250000,8.450000
2528922,"Bulsten",708,57,"32U","32U1H5S3Q",3,2026-09-23 07:22:25.0300000,0,0,945,2026-09-23 07:22:25.0300000,52.233330,8.450000
2111314,"Weaver",3576,233,"10T","10T2H2S1Q",2,2026-09-23 07:24:16.1930000,0,1485,0,2026-09-23 07:24:18.3830000,43.007620,-123.310620
12699,"Sydney Central Business District",143,13,"56H","56H1H1S4Q",3,2012-10-26 23:42:08.3800000,0,0,12103764,2026-09-23 07:26:37.3270000,-33.864820,151.207730
12701,"The Rocks",143,13,"56H","56H1H1S4Q",3,2012-11-02 04:55:10.5000000,0,0,12015539,2026-09-23 07:26:46.7800000,-33.859230,151.208100
12746,"Kirribilli",143,13,"56H","56H1H1S4Q",3,2014-11-26 21:01:16.9930000,0,0,12083649,2026-09-23 07:26:58.6700000,-33.850000,151.216670
12752,"North Sydney",143,13,"56H","56H1H1S4Q",3,2012-12-27 03:37:57.7370000,0,0,12057205,2026-09-23 07:27:06.9170000,-33.840560,151.207220
12644,"Pyrmont",143,13,"56H","56H1H1S4Q",3,2013-07-18 08:25:02.1930000,0,0,3072625,2026-09-23 07:27:16.0470000,-33.869850,151.194020
2528910,"Himbergen",708,57,"32U","32U1H5S3Q",3,2026-09-23 07:27:46.4230000,0,0,945,2026-09-23 07:27:46.4230000,52.233330,8.200000
12635,"Haymarket",143,13,"56H","56H1H1S4Q",3,2010-01-01 00:00:00.0000000,0,0,3327177,2026-09-23 07:27:48.6500000,-33.878680,151.205260
2529793,"Wissingen",708,57,"32U","32U1H5S3Q",3,2026-09-23 07:27:58.2070000,0,184,945,2026-09-23 07:27:58.2070000,52.250000,8.200000
2531503,"Meckelesch",708,57,"32U","32U1H5S3Q",3,2026-09-23 07:28:37.4370000,0,0,945,2026-09-23 07:28:37.4370000,52.283330,8.183330
2562617,"Cley next the Sea",979,77,"31U","31U1H4S4Q",3,2016-11-04 06:19:10.8970000,0,0,3417739,2026-09-23 07:28:55.8300000,52.948020,1.046450
2523169,"Gross Briesen",713,57,"33U","33U1H5S3Q",3,2026-09-18 15:22:04.4170000,0,0,11080,2026-09-23 07:28:57.4570000,52.116670,14.383330
2563101,"Blakeney",979,77,"31U","31U1H4S4Q",3,2023-10-22 21:16:33.0070000,0,0,2490266,2026-09-23 07:29:06.0000000,52.951640,1.022760
2563191,"Morston",979,77,"31U","31U1H4S3Q",3,2010-01-01 00:00:00.0000000,0,0,2049793,2026-09-23 07:29:11.0200000,52.954840,0.987910
2562698,"Holkham",979,77,"31U","31U1H4S3Q",3,2010-01-01 00:00:00.0000000,0,0,1119894,2026-09-23 07:29:56.4730000,52.950000,0.816670
2807705,"Tasanne",3834,70,"34V","34V1H6S2Q",3,2017-10-12 17:47:37.3870000,0,0,1134738,2026-09-23 07:31:02.9900000,61.517540,23.930370
2357995,"Stutzersdorf",715,57,"33U","33U2H4S4Q",1,2026-09-23 07:38:39.3400000,725,0,0,2026-09-23 07:38:39.3400000,48.750000,13.366670
2447661,"Bernalmont",255,20,"31U","31U2H3S4Q",1,2020-05-08 18:29:54.6030000,100340,0,0,2026-09-23 07:38:42.0370000,50.663780,5.620640
2448263,"La Prealle",255,20,"31U","31U2H3S4Q",1,2023-08-13 23:27:05.3800000,100338,0,0,2026-09-23 07:38:46.9700000,50.669860,5.612930
2447426,"Coronmeuse",255,20,"31U","31U2H3S4Q",1,2021-11-25 14:00:33.8870000,100318,0,0,2026-09-23 07:38:51.7530000,50.656810,5.620200
2531502,"Darum",708,57,"32U","32U1H5S3Q",3,2026-09-23 07:39:01.0400000,0,0,945,2026-09-23 07:39:01.0400000,52.283330,8.150000
2358695,"Otzing",715,57,"33U","33U2H4S3Q",1,2026-09-23 07:39:05.8800000,2070,0,0,2026-09-23 07:39:05.8800000,48.766670,12.816670
2532304,"Gross Haltern",708,57,"32U","32U1H5S3Q",3,2026-09-23 07:39:08.1930000,0,27,945,2026-09-23 07:39:08.1930000,52.300000,8.183330
2357999,"Witzingerreut",715,57,"33U","33U2H4S4Q",1,2026-09-23 07:39:15.2830000,1038,0,0,2026-09-23 07:39:15.2830000,48.750000,13.400000
2531507,"Westrup",708,57,"32U","32U1H5S3Q",3,2026-09-23 07:39:17.9900000,0,0,945,2026-09-23 07:39:17.9900000,52.283330,8.250000
2357993,"Goben",715,57,"33U","33U2H4S4Q",1,2026-09-23 07:39:19.5000000,801,0,0,2026-09-23 07:39:19.5000000,48.750000,13.350000
2535487,"Feldkamp",708,57,"32U","32U1H5S3Q",3,2026-09-23 07:39:29.0800000,0,0,945,2026-09-23 07:39:29.0800000,52.366670,8.266670
2445678,"Robermont",255,20,"31U","31U2H3S4Q",1,2026-07-30 05:46:31.0330000,100853,0,0,2026-09-23 07:40:34.0700000,50.627560,5.605780
2306030,"Lenzfried",715,57,"32T","32T1H3S1Q",3,2024-10-05 06:09:58.1130000,0,0,9790,2026-09-23 07:40:35.8870000,47.733330,10.333330
2301198,"Burgkranzegg",715,57,"32T","32T1H3S1Q",3,2024-10-03 18:10:29.5570000,0,0,9800,2026-09-23 07:41:17.6770000,47.633330,10.400000
2807914,"Sorila",929,70,"34V","34V1H6S2Q",3,2017-05-08 20:04:57.0600000,0,0,1030174,2026-09-23 07:48:21.2570000,61.550000,23.933330
2417,"Wellington",2324,172,"60G","60G1H1S3Q",3,2019-09-02 17:05:15.5030000,0,0,18153104,2026-09-23 07:48:25.6000000,-41.286640,174.775570
2535489,"Arenshorst",708,57,"32U","32U1H5S3Q",3,2026-09-23 07:48:35.2170000,0,0,945,2026-09-23 07:48:35.2170000,52.366670,8.283330
2537839,"Kronerhusen",708,57,"32U","32U1H5S3Q",3,2026-09-23 07:49:05.4730000,0,0,1092,2026-09-23 07:49:05.4730000,52.416670,8.300000
2535486,"Langelage",708,57,"32U","32U1H5S3Q",3,2026-09-23 07:49:15.7670000,0,0,1122,2026-09-23 07:49:15.7670000,52.366670,8.250000
2528049,"Holsten",708,57,"32U","32U1H5S3Q",3,2026-09-23 07:49:45.0800000,0,389,946,2026-09-23 07:49:45.0800000,52.216670,8.133330
2523977,"Oelsen",713,57,"33U","33U1H5S3Q",3,2026-09-18 15:22:17.0200000,0,0,11803,2026-09-23 07:50:18.9900000,52.133330,14.400000
1822520,"Belmont",3567,233,"10S","10S1H5S2Q",1,2026-06-02 19:39:28.3170000,2507810,0,21812,2026-09-23 07:50:42.8200000,37.520210,-122.275800
1820088,"Redwood Junction",3567,233,"10S","10S1H5S2Q",1,2025-04-22 18:09:46.4400000,2401347,0,10384,2026-09-23 07:50:51.2400000,37.477160,-122.221350
1817054,"Stanford",3567,233,"10S","10S1H5S2Q",1,2026-05-13 16:44:02.3200000,1943691,0,8005,2026-09-23 07:51:08.3900000,37.424110,-122.166080
1819117,"The Willows",3567,233,"10S","10S1H5S2Q",1,2024-12-21 21:09:26.5770000,2211596,0,2468,2026-09-23 07:51:17.6170000,37.460560,-122.154720
1819684,"East Palo Alto",3567,233,"10S","10S1H5S2Q",1,2025-04-07 21:03:18.6170000,3370069,0,5451,2026-09-23 07:52:07.9630000,37.468830,-122.141080
2281057,"Pekartanya",1208,100,"34T","34T1H2S2Q",3,2026-09-23 07:54:01.3100000,0,0,1200,2026-09-23 07:54:01.3100000,47.216670,21.766670
2281799,"Korhanytanya",1208,100,"34T","34T1H2S2Q",3,2026-09-23 07:54:16.2630000,0,0,1200,2026-09-23 07:54:16.2630000,47.233330,21.783330
2527212,"Ebbendorf",708,57,"32U","32U1H5S3Q",3,2026-09-23 07:55:35.7200000,0,0,945,2026-09-23 07:55:35.7200000,52.200000,8.150000
2527211,"Kloster Osede",708,57,"32U","32U1H5S3Q",3,2026-09-23 07:55:40.0900000,0,0,946,2026-09-23 07:55:40.0900000,52.200000,8.116670
2526389,"Eppendorf",708,57,"32U","32U1H5S3Q",3,2026-09-23 07:58:59.5530000,0,0,938,2026-09-23 07:58:59.5530000,52.183330,8.166670
2525584,"Hankenberge",708,57,"32U","32U1H5S3Q",3,2026-09-23 07:59:24.8800000,0,0,1013,2026-09-23 07:59:24.8800000,52.166670,8.116670
11981,"Yarrawarrah",143,13,"56H","56H1H4S2Q",3,2017-06-18 08:30:13.3100000,0,851,1005016,2026-09-23 08:00:45.3230000,-34.050000,151.033330
2236673,"Trient",506,43,"32T","32T1H1S4Q",2,2025-12-24 09:08:05.5830000,0,3286,0,2026-09-23 08:00:58.4900000,46.050000,7.000000
12571,"Redfern",143,13,"56H","56H1H1S4Q",3,2012-03-12 11:01:18.8770000,0,0,151040751,2026-09-23 08:01:49.4530000,-33.892790,151.204150
12453,"Canterbury",143,13,"56H","56H1H1S4Q",3,2017-07-15 22:34:47.6430000,0,1696,1149387,2026-09-23 08:03:23.0800000,-33.916700,151.100000
2807787,"Nurmi",929,70,"34V","34V1H6S2Q",3,2019-01-23 07:37:57.0000000,0,0,1047635,2026-09-23 08:03:53.1400000,61.533330,23.933330
2526392,"Allendorf",708,57,"32U","32U1H5S3Q",3,2026-09-23 08:09:40.8570000,0,0,945,2026-09-23 08:09:40.8570000,52.183330,8.216670
2527216,"Uhlenberg",708,57,"32U","32U1H5S3Q",3,2026-09-23 08:09:50.0300000,517,0,945,2026-09-23 08:09:50.0300000,52.200000,8.266670
2528054,"Warringhof",708,57,"32U","32U1H5S3Q",3,2026-09-23 08:10:09.0800000,0,0,938,2026-09-23 08:10:09.0800000,52.216670,8.266670
2540138,"Stoke Albany",979,77,"30U","30U1H6S4Q",1,2026-09-21 12:49:10.2100000,401100,0,0,2026-09-23 08:10:20.3570000,52.466670,-0.800000
2807786,"Hirviniemi",929,70,"34V","34V1H6S2Q",3,2018-02-22 10:58:59.2670000,0,0,1040111,2026-09-23 08:17:30.4970000,61.533330,23.866670
2814337,"Kuusaa",929,70,"35V","35V1H1S4Q",1,2026-05-24 19:45:59.5030000,38341,0,0,2026-09-23 08:18:49.4300000,62.463030,25.937600
2518309,"Leibchel",713,57,"33U","33U1H5S3Q",3,2026-09-19 14:47:36.7700000,0,0,11691,2026-09-23 08:21:20.8900000,52.016670,14.083330
2524742,"Dielingdorf",708,57,"32U","32U1H5S3Q",3,2026-09-23 08:22:06.9970000,0,0,938,2026-09-23 08:22:06.9970000,52.150000,8.350000
2525589,"Niederschlochtern",708,57,"32U","32U1H5S3Q",3,2026-09-23 08:22:15.6070000,0,0,945,2026-09-23 08:22:15.6070000,52.166670,8.316670
2525591,"Insingdorf",708,57,"32U","32U1H5S3Q",3,2026-09-23 08:22:45.3300000,0,362,1002,2026-09-23 08:22:45.3300000,52.166670,8.366670
2525590,"Sondermuhlen",708,57,"32U","32U1H5S3Q",3,2026-09-23 08:22:49.2500000,0,0,1146,2026-09-23 08:22:49.2500000,52.166670,8.350000
2526397,"Selhofe",708,57,"32U","32U1H5S3Q",3,2026-09-23 08:22:55.2600000,0,0,1113,2026-09-23 08:22:55.2600000,52.183330,8.350000
2622271,"Ludy",441,36,"35U","35U1H1S4Q",3,2026-09-23 08:23:40.6130000,0,0,931,2026-09-23 08:23:40.6130000,54.300000,25.800000
2624833,"Okolitsa Vel'butovo",441,36,"35U","35U1H1S4Q",3,2026-09-23 08:23:54.0000000,0,0,1066,2026-09-23 08:23:54.0000000,54.366670,25.783330
2627865,"Vorne",441,36,"35U","35U1H1S4Q",3,2026-09-23 08:24:04.6200000,0,0,980,2026-09-23 08:24:04.6200000,54.450000,25.783330
2628440,"Murovano-Oshmyanka",441,36,"35U","35U1H1S4Q",3,2026-09-23 08:24:10.8970000,0,0,980,2026-09-23 08:24:10.8970000,54.466670,25.783330
2630189,"Grodze",441,36,"35U","35U1H1S4Q",3,2026-09-23 08:24:20.9400000,0,0,1035,2026-09-23 08:24:20.9400000,54.516670,25.883330
2545439,"Wolverhampton",979,77,"30U","30U1H5S4Q",2,2025-08-31 15:04:04.9600000,0,72976,0,2026-09-23 08:26:24.1770000,52.583330,-2.133330
2546223,"Fallings Park",979,77,"30U","30U1H5S4Q",2,2024-09-06 15:23:56.8530000,0,69900,0,2026-09-23 08:27:03.7500000,52.600000,-2.116670
12362,"Riverwood",143,13,"56H","56H1H1S4Q",3,2019-07-11 03:25:59.8830000,0,1034,1096080,2026-09-23 08:29:28.5130000,-33.950000,151.050000
12289,"Penshurst",143,13,"56H","56H1H1S4Q",3,2017-07-29 12:47:10.1430000,0,517,2060824,2026-09-23 08:29:32.6430000,-33.966670,151.083330
12291,"Hurstville Grove",143,13,"56H","56H1H1S4Q",3,2017-06-02 22:30:18.4070000,0,977,1081487,2026-09-23 08:29:34.2270000,-33.966670,151.100000
12223,"Connells Point",143,13,"56H","56H1H1S4Q",3,2020-01-27 00:19:09.3700000,0,1443,1122829,2026-09-23 08:29:36.8200000,-33.983330,151.083330
12225,"Kogarah",143,13,"56H","56H1H1S4Q",3,2017-06-02 23:44:41.2600000,0,2068,1057567,2026-09-23 08:29:41.9800000,-33.983330,151.116670
12226,"Sans Souci",143,13,"56H","56H1H1S4Q",3,2017-06-02 20:13:13.9070000,0,1034,1078084,2026-09-23 08:29:44.7230000,-33.983330,151.133330
12227,"Ramsgate",143,13,"56H","56H1H1S4Q",3,2017-07-29 23:19:45.9600000,0,1034,1099065,2026-09-23 08:29:47.4130000,-33.983330,151.150000
2526396,"Altenmelle",708,57,"32U","32U1H5S3Q",3,2026-09-23 08:29:52.9700000,0,629,1084,2026-09-23 08:29:52.9700000,52.183330,8.333330
2528066,"Wetter",708,57,"32U","32U1H5S3Q",3,2026-09-23 06:54:44.6870000,0,0,3345,2026-09-23 08:30:29.9100000,52.216670,8.400000
2528064,"Stroth",708,57,"32U","32U1H5S3Q",3,2026-09-23 08:30:35.6900000,0,710,1448,2026-09-23 08:30:35.6900000,52.216670,8.383330
2519069,"Klein Leuthen",713,57,"33U","33U1H5S3Q",3,2026-09-19 09:43:26.9000000,0,0,11029,2026-09-23 08:31:57.4600000,52.033330,14.066670
2555532,"Tixall",979,77,"30U","30U1H5S4Q",2,2023-09-11 14:17:22.1130000,0,71597,0,2026-09-23 08:33:32.6030000,52.800000,-2.033330
2554746,"Branston",979,77,"30U","30U1H6S3Q",2,2026-09-23 08:34:07.9530000,0,1150,0,2026-09-23 08:34:07.9530000,52.783330,-1.666670
2555535,"Ticknall",979,77,"30U","30U1H6S3Q",2,2026-09-23 08:34:14.3430000,0,1150,0,2026-09-23 08:34:14.3430000,52.800000,-1.483330
2557916,"Swarkeston",979,77,"30U","30U1H6S3Q",2,2026-09-23 08:34:19.5930000,0,1150,0,2026-09-23 08:34:19.5930000,52.850000,-1.433330
2556336,"Melbourne",979,77,"30U","30U1H6S3Q",2,2026-09-23 08:34:26.7670000,0,1150,0,2026-09-23 08:34:26.7670000,52.816670,-1.433330
2557114,"King's Newton",979,77,"30U","30U1H6S3Q",2,2026-09-23 08:34:36.2000000,0,1150,0,2026-09-23 08:34:36.2000000,52.833330,-1.416670
2557115,"Weston upon Trent",979,77,"30U","30U1H6S3Q",2,2026-09-23 08:35:04.8400000,0,1150,0,2026-09-23 08:35:04.8400000,52.833330,-1.400000
2557713,"Castle Donington",979,77,"30U","30U1H6S3Q",2,2026-09-23 08:35:10.0500000,0,1150,0,2026-09-23 08:35:10.0500000,52.842910,-1.341880
2559085,"Gotham",979,77,"30U","30U1H6S3Q",2,2026-09-23 08:35:17.1300000,0,1150,0,2026-09-23 08:35:17.1300000,52.867990,-1.205580
2061367,"Trieste",1377,110,"33T","33T2H4S1Q",3,2015-09-22 17:25:27.0300000,0,0,2659153,2026-09-23 08:36:09.2870000,41.928140,12.514540
2561101,"Great Gonerby",979,77,"30U","30U1H6S4Q",2,2026-09-23 08:36:37.1900000,0,1156,0,2026-09-23 08:36:37.1900000,52.916670,-0.666670
2535600,"Furstenwalde",713,57,"33U","33U1H5S3Q",2,2026-09-23 08:38:21.2670000,0,804,0,2026-09-23 08:38:21.2670000,52.366670,14.066670
31358,"Manly",142,13,"56J","56J1H5S4Q",1,2026-09-23 08:39:09.9830000,1866,0,0,2026-09-23 08:39:09.9830000,-27.466670,153.183330
12903,"North Ryde",143,13,"56H","56H1H1S4Q",3,2016-05-25 21:59:57.5270000,0,0,8024509,2026-09-23 08:42:55.7870000,-33.796770,151.124360
2560933,"Grantham",979,77,"30U","30U1H6S4Q",2,2026-09-23 08:45:22.5930000,0,1156,0,2026-09-23 08:45:22.5930000,52.911490,-0.641840
2561751,"Manthorpe",979,77,"30U","30U1H6S4Q",2,2026-09-23 08:45:30.1700000,0,1156,0,2026-09-23 08:45:30.1700000,52.929910,-0.631710
2528062,"Eicken-Bruche",708,57,"32U","32U1H5S3Q",3,2026-09-23 08:45:34.0030000,0,0,1122,2026-09-23 08:45:34.0030000,52.216670,8.366670
2524839,"Dammendorf",713,57,"33U","33U1H5S3Q",3,2026-09-18 15:22:23.6270000,0,0,8167,2026-09-23 08:47:00.2800000,52.150000,14.416670
2501889,"Chalgrove",979,77,"30U","30U2H3S1Q",2,2026-09-23 08:48:22.5770000,0,1127,0,2026-09-23 08:48:22.5770000,51.664760,-1.076400
2544663,"Seisdon",979,77,"30U","30U1H5S4Q",2,2021-04-27 17:24:50.6800000,0,66150,0,2026-09-23 08:50:07.4670000,52.566670,-2.250000
12803,"Gladesville",143,13,"56H","56H1H1S4Q",3,2017-03-11 05:27:45.6900000,0,0,1168113,2026-09-23 08:52:46.9370000,-33.833330,151.133330
12743,"Mortlake",143,13,"56H","56H1H1S4Q",3,2019-07-21 02:47:13.7530000,0,0,1402283,2026-09-23 08:52:54.1000000,-33.850000,151.116670
13090,"Castle Hill",143,13,"56H","56H1H1S4Q",3,2016-06-30 22:06:44.8400000,0,0,8060694,2026-09-23 08:54:51.4670000,-33.733330,151.000000
2527221,"Bullenheide",708,57,"32U","32U1H5S3Q",3,2026-09-23 08:09:57.1230000,0,0,3002,2026-09-23 08:59:30.6870000,52.200000,8.366670
2793641,"Muijala",927,70,"35V","35V1H4S3Q",1,2026-02-06 15:25:17.3370000,2408,0,0,2026-09-23 08:59:33.9400000,60.283330,24.200000
2527220,"Melle",708,57,"32U","32U1H5S3Q",3,2026-09-23 08:59:40.8200000,1812,0,3199,2026-09-23 08:59:40.8200000,52.200000,8.350000
2479595,"Neumalsitz",704,57,"33U","33U2H2S1Q",2,2026-09-23 09:01:13.7130000,0,799,0,2026-09-23 09:01:13.7130000,51.200000,14.433330
2479596,"Oehna",704,57,"33U","33U2H2S1Q",2,2026-09-23 09:01:23.0300000,0,829,0,2026-09-23 09:01:23.0300000,51.200000,14.450000
2478639,"Nadelwitz",704,57,"33U","33U2H2S1Q",2,2026-09-23 09:01:29.5630000,0,607,0,2026-09-23 09:01:29.5630000,51.183330,14.466670
2477666,"Auritz",704,57,"33U","33U2H2S1Q",2,2026-09-23 09:01:40.0670000,0,775,0,2026-09-23 09:01:40.0670000,51.166670,14.466670
2477175,"Rabitz",704,57,"33U","33U2H2S1Q",2,2026-09-23 09:01:47.1030000,0,829,0,2026-09-23 09:01:47.1070000,51.162770,14.473290
2476664,"Binnewitz",704,57,"33U","33U2H2S1Q",2,2026-09-23 09:01:56.5830000,0,805,0,2026-09-23 09:01:56.5830000,51.150000,14.466670
2475632,"Hainitz",704,57,"33U","33U2H2S1Q",2,2026-09-23 09:02:03.9600000,1250,1923,0,2026-09-23 09:02:03.9600000,51.133330,14.450000
2476665,"Daranitz",704,57,"33U","33U2H2S1Q",2,2026-09-23 09:02:23.3430000,0,906,0,2026-09-23 09:02:23.3430000,51.150000,14.483330
2533894,"Stirpe",708,57,"32U","32U1H5S3Q",3,2026-09-23 09:05:44.6130000,0,0,1102,2026-09-23 09:05:44.6130000,52.333330,8.283330
2538614,"Hunteburg",708,57,"32U","32U1H5S3Q",3,2026-09-23 09:05:54.8400000,0,0,1092,2026-09-23 09:05:54.8400000,52.433330,8.283330
2538615,"Meyerhofen",708,57,"32U","32U1H5S3Q",3,2026-09-23 09:06:05.2800000,0,0,1092,2026-09-23 09:06:05.2800000,52.433330,8.300000
2146376,"Grenade",951,75,"31T","31T2H1S2Q",2,2018-03-30 19:49:09.9700000,0,191595,0,2026-09-23 09:07:25.1630000,43.766670,1.283330
13139,"Waitara",143,13,"56H","56H1H1S4Q",3,2016-09-15 06:38:11.3830000,0,879,1168191,2026-09-23 09:12:03.6470000,-33.716670,151.116670
2469366,"Oberurff",710,57,"32U","32U2H2S2Q",3,2026-09-23 09:13:31.6830000,0,0,1026,2026-09-23 09:13:31.6830000,51.033330,9.166670
2776594,"Mustjoe",856,64,"35V","35V2H1S2Q",3,2026-09-23 09:15:33.6500000,0,0,1125,2026-09-23 09:15:33.6530000,59.285000,25.535000
2777043,"Rekka",856,64,"35V","35V2H1S2Q",3,2026-09-23 09:15:39.0130000,0,0,1125,2026-09-23 09:15:39.0130000,59.314720,25.596110
2777936,"Pillapalu",856,64,"35V","35V2H1S2Q",3,2026-09-23 09:15:45.3830000,0,0,1126,2026-09-23 09:15:45.3830000,59.350280,25.585560
2116252,"Utica",3562,233,"18T","18T2H2S1Q",2,2026-09-23 09:16:22.2670000,0,1050,0,2026-09-23 09:16:22.2670000,43.100900,-75.232660
2469367,"Niederurff",710,57,"32U","32U2H2S2Q",3,2026-09-23 09:16:36.8670000,0,0,912,2026-09-23 09:16:36.8670000,51.033330,9.183330
2528458,"Gerven",2273,167,"31U","31U1H6S4Q",1,2026-09-17 17:14:25.4330000,1003345,0,0,2026-09-23 09:17:23.7830000,52.220830,5.593060
1380797,"Boerne",3549,233,"14R","14R1H5S2Q",3,2013-04-28 02:03:12.2570000,0,0,4045721,2026-09-23 09:23:12.1900000,29.794660,-98.731970
2468368,"Gilsa",710,57,"32U","32U2H2S2Q",3,2026-09-23 09:23:19.7130000,0,0,1541,2026-09-23 09:23:19.7130000,51.016670,9.183330
2469368,"Romersberg",710,57,"32U","32U2H2S2Q",3,2026-09-23 09:23:34.4900000,0,0,1042,2026-09-23 09:23:34.4900000,51.033330,9.216670
2468367,"Reptich",710,57,"32U","32U2H2S2Q",3,2026-09-23 09:24:03.9130000,0,0,865,2026-09-23 09:24:03.9130000,51.016670,9.166670
2446499,"Les Pietresses",255,20,"31U","31U2H3S4Q",1,2023-09-12 10:41:41.8600000,100969,0,0,2026-09-23 09:24:54.8430000,50.641270,5.652610
2446594,"Bellaire",255,20,"31U","31U2H3S4Q",1,2024-12-29 09:26:21.8300000,100727,0,0,2026-09-23 09:25:01.8600000,50.644530,5.665840
2533996,"Karlshof",713,57,"33U","33U1H4S4Q",2,2025-05-15 12:40:13.8500000,0,9538,0,2026-09-23 09:26:00.0070000,52.333330,13.533330
2447597,"La Xhavee",255,20,"31U","31U2H3S4Q",1,2023-03-31 17:53:49.0570000,100333,0,0,2026-09-23 09:26:23.0170000,50.661880,5.663790
2531995,"Rangsdorf",713,57,"33U","33U1H4S4Q",2,2025-05-15 11:33:59.1170000,0,9535,0,2026-09-23 09:26:36.6800000,52.291260,13.419460
2533206,"Struveshof",713,57,"33U","33U1H4S4Q",2,2025-05-16 15:14:40.8930000,0,9523,0,2026-09-23 09:27:16.6700000,52.316670,13.233330
2445854,"Lille",950,75,"31U","31U2H2S4Q",2,2013-11-16 12:00:01.8900000,0,99872914,1200,2026-09-23 09:28:53.8800000,50.633330,3.066670
2470367,"Zwesten",710,57,"32U","32U2H2S2Q",3,2026-09-23 09:34:26.5400000,0,0,3126,2026-09-23 09:34:29.1670000,51.050000,9.183330
2467369,"Bischhausen",710,57,"32U","32U2H2S4Q",3,2026-09-23 09:34:43.7200000,0,0,935,2026-09-23 09:34:43.7200000,51.000000,9.200000
2469365,"Schiffelborn",710,57,"32U","32U2H2S2Q",2,,0,821,780,2026-09-23 09:34:50.2370000,51.033330,9.150000
2553150,"Church Eaton",979,77,"30U","30U1H5S4Q",2,2025-12-30 04:17:41.6200000,0,76645,0,2026-09-23 09:36:12.7530000,52.750000,-2.233330
2455442,"Althattendorf",710,57,"32U","32U2H2S4Q",3,2026-09-23 09:37:53.0500000,0,0,1167,2026-09-23 09:37:53.0500000,50.800000,9.300000
2712170,"Zolitude",1668,136,"35V","35V2H4S3Q",3,2018-05-25 21:24:29.6670000,0,0,392644,2026-09-23 09:39:50.7970000,56.946100,24.008050
2709556,"Sudmalkalni",1714,136,"34V","34V2H6S4Q",3,2025-04-14 11:24:29.1800000,0,0,12308,2026-09-23 09:40:07.3100000,56.868330,23.949440
2710369,"Sturi",1714,136,"34V","34V2H6S4Q",3,2018-08-24 10:20:12.7430000,0,0,25312,2026-09-23 09:40:28.3000000,56.894170,23.892500
2710372,"Cielavas",1713,136,"34V","34V2H6S4Q",3,2026-09-23 09:40:33.8100000,0,0,3330,2026-09-23 09:40:43.0030000,56.894440,23.803610
2713336,"Dzintari",1680,136,"34V","34V2H6S4Q",3,2018-08-24 16:04:48.0170000,0,0,111891,2026-09-23 09:40:55.2400000,56.977500,23.826940
2713966,"Varnu Krogs",1680,136,"34V","34V2H6S4Q",3,2019-02-25 07:24:44.9530000,0,0,91199,2026-09-23 09:41:04.1570000,56.995000,23.943610
2715198,"Bolderaja",1668,136,"35V","35V2H4S1Q",3,2018-08-20 15:56:29.4830000,0,0,103381,2026-09-23 09:41:21.0600000,57.031320,24.055710
2453568,"Lehrbach",710,57,"32U","32U2H2S4Q",3,2026-09-23 09:45:50.6600000,0,0,982,2026-09-23 09:45:50.6600000,50.766670,9.050000
2452659,"Appenrod",710,57,"32U","32U2H2S4Q",3,2026-09-23 09:45:57.8030000,0,8,1029,2026-09-23 09:45:57.8030000,50.750000,9.050000
2452660,"Erbenhausen",710,57,"32U","32U2H2S4Q",3,2026-09-23 09:46:02.3630000,0,0,1005,2026-09-23 09:46:02.3630000,50.750000,9.066670
1902555,"Plumas Lake",3567,233,"10S","10S1H3S1Q",3,2026-09-18 17:11:48.8500000,0,0,1313781,2026-09-23 09:46:06.8370000,39.020730,-121.558020
2438025,"Hasselbach",710,57,"32U","32U2H2S3Q",2,2019-02-12 04:57:26.8470000,0,678088,0,2026-09-23 09:47:51.9170000,50.483330,8.200000
2451736,"Maulbach",710,57,"32U","32U2H2S4Q",3,2026-09-23 09:51:33.5300000,0,0,970,2026-09-23 09:51:33.5300000,50.733330,9.050000
2078368,"Westland",3557,233,"17T","17T2H1S3Q",1,2014-05-12 11:54:57.1170000,7898587,0,0,2026-09-23 09:51:41.3170000,42.324200,-83.400210
2449806,"Bussfeld",710,57,"32U","32U2H2S4Q",3,2026-09-23 09:51:56.1730000,0,0,723,2026-09-23 09:51:56.1730000,50.700000,9.000000
2445449,"Reinhardshain",710,57,"32U","32U2H2S3Q",3,2026-09-23 09:52:18.3800000,0,0,783,2026-09-23 09:52:18.3800000,50.619950,8.905960
1886178,"Oak Creek Hills",3567,233,"10S","10S1H3S3Q",3,2026-09-20 22:36:01.9600000,0,0,1770724,2026-09-23 09:54:38.1170000,38.714070,-121.076890
12510,"Lakemba",143,13,"56H","56H1H1S4Q",3,2017-07-16 05:52:12.3470000,0,460,1100552,2026-09-23 09:59:12.1700000,-33.916670,151.083330
2519068,"Gross Leuthen",713,57,"33U","33U1H5S3Q",3,2026-09-19 09:43:19.8400000,0,0,11044,2026-09-23 09:59:13.3770000,52.033330,14.050000
12564,"Chullora",143,13,"56H","56H1H1S4Q",3,2017-05-23 00:42:57.7900000,0,0,1023589,2026-09-23 09:59:23.3870000,-33.900000,151.050000
12622,"Regents Park",143,13,"56H","56H1H1S4Q",3,2017-03-26 12:39:38.7330000,0,517,1283009,2026-09-23 09:59:37.9570000,-33.883330,151.016670
12854,"Wentworthville",143,13,"56H","56H1H1S3Q",3,2017-02-06 05:16:36.2530000,0,1456,1209023,2026-09-23 09:59:53.9130000,-33.816670,150.966670
12899,"Girraween",143,13,"56H","56H1H1S3Q",3,2016-08-18 14:08:30.9900000,0,517,1219504,2026-09-23 10:00:02.9900000,-33.799000,150.943000
13227,"Dural",143,13,"56H","56H1H1S4Q",3,2016-07-11 21:33:33.2470000,0,1034,1196180,2026-09-23 10:00:21.1530000,-33.683330,151.016670
13320,"Galston",143,13,"56H","56H1H1S4Q",3,2016-07-11 21:33:41.7700000,0,517,1152198,2026-09-23 10:00:30.8500000,-33.650000,151.050000
13403,"Berrilee",143,13,"56H","56H1H1S4Q",3,2016-09-14 09:02:18.0030000,0,517,1159988,2026-09-23 10:00:41.1000000,-33.616670,151.100000
2447906,"Wallenrod",710,57,"32U","32U2H2S4Q",3,2026-09-23 10:04:18.4100000,0,0,1161,2026-09-23 10:04:18.4100000,50.666670,9.316670
2446924,"Heblos",710,57,"32U","32U2H2S4Q",3,2026-09-23 10:04:23.9800000,0,0,1161,2026-09-23 10:04:23.9800000,50.650000,9.366670
2446925,"Rimlos",710,57,"32U","32U2H2S4Q",3,2026-09-23 10:04:28.4130000,0,0,1160,2026-09-23 10:04:28.4130000,50.650000,9.383330
2362595,"Paris",955,75,"31U","31U2H5S3Q",3,2022-09-21 21:28:19.0530000,0,11865,18405949,2026-09-23 10:08:36.3770000,48.853410,2.348800
2584766,"Dunboyne",1260,102,"29U","29U1H6S2Q",3,2023-07-15 08:54:28.9900000,0,720,958,2026-09-23 10:11:18.8530000,53.400000,-6.466670
2636292,"Greenisland",978,77,"30U","30U1H1S3Q",1,2024-12-02 07:19:35.7230000,200508,0,0,2026-09-23 10:12:38.7830000,54.700000,-5.866670
2682515,"Koshcheykovo",2671,192,"37V","37V2H4S4Q",2,2024-07-08 04:23:44.1600000,0,99460,2017,2026-09-23 10:13:11.1700000,56.083330,37.916670
2311476,"Reiter",3578,233,"10T","10T1H3S1Q",1,2016-09-22 12:04:49.2200000,5019639,0,0,2026-09-23 10:17:25.3000000,47.841210,-121.630950
2312186,"May Creek",3578,233,"10T","10T1H3S1Q",1,,5064830,0,0,2026-09-23 10:17:32.5830000,47.852280,-121.665370
2312225,"May Creek",3578,233,"10T","10T1H3S1Q",1,2016-11-20 18:30:17.9070000,5028653,0,0,2026-09-23 10:17:37.7830000,47.854270,-121.667340
2313052,"Startup",3578,233,"10T","10T1H3S1Q",1,2015-07-06 03:12:34.9370000,5395816,0,0,2026-09-23 10:17:44.1230000,47.867880,-121.740400
2313044,"Startup",3578,233,"10T","10T1H3S1Q",1,2016-12-06 08:40:05.0230000,5632354,0,0,2026-09-23 10:17:49.4500000,47.867290,-121.748960
12993,"Blacktown",143,13,"56H","56H1H1S3Q",3,2016-09-15 03:53:28.0530000,0,0,1200670,2026-09-23 10:18:20.4430000,-33.766670,150.916670
12940,"Toongabbie West",143,13,"56H","56H1H1S3Q",3,2016-08-22 23:18:16.2800000,0,0,2088330,2026-09-23 10:18:30.6570000,-33.783330,150.933330
12893,"Rydalmere",143,13,"56H","56H1H1S4Q",3,2016-09-19 06:06:18.1800000,0,517,1500655,2026-09-23 10:18:46.8930000,-33.800000,151.050000
2716026,"Mangalsala",1668,136,"35V","35V2H4S1Q",3,2019-02-28 10:44:41.8930000,0,0,142664,2026-09-23 10:19:46.8200000,57.053330,24.068890
2446007,"Lauterbach",710,57,"32U","32U2H2S4Q",3,2026-09-23 10:19:49.1830000,0,0,1159,2026-09-23 10:19:49.1830000,50.633330,9.400000
2445077,"Angersbach",710,57,"32U","32U2H2S4Q",3,2026-09-23 10:19:54.6430000,0,0,985,2026-09-23 10:19:54.6430000,50.616670,9.450000
2443745,"Mus",710,57,"32U","32U2H2S4Q",3,2026-09-23 10:20:16.4370000,0,0,1468,2026-09-23 10:20:16.4370000,50.592940,9.504720
2444773,"Eichenau",710,57,"32U","32U2H2S4Q",1,2022-06-14 17:54:25.2570000,3856,0,600,2026-09-23 10:20:28.2530000,50.612550,9.521540
2451741,"Eulersdorf",710,57,"32U","32U2H2S4Q",3,2026-09-23 10:23:10.2700000,0,0,1164,2026-09-23 10:23:10.2700000,50.733330,9.450000
2447911,"Neunhards",710,57,"32U","32U2H2S4Q",3,2026-09-23 10:30:43.2830000,1070,0,1176,2026-09-23 10:30:43.2830000,50.666670,9.716670
2362651,"Paris 07 Palais-Bourbon",955,75,"31U","31U2H5S3Q",2,2026-09-23 06:39:17.6430000,0,59577,0,2026-09-23 10:31:18.5630000,48.856500,2.321000
2437639,"Tiefengruben",710,57,"32U","32U2H2S4Q",2,2016-12-06 22:46:54.8930000,0,717190,300,2026-09-23 10:33:50.0500000,50.473680,9.647880
1380233,"Staples",3549,233,"14R","14R1H6S1Q",2,2026-09-23 10:34:10.8000000,0,1250,0,2026-09-23 10:34:10.8000000,29.781330,-97.836110
1544269,"Collier",3539,233,"16S","16S2H6S2Q",3,2026-07-28 00:30:12.7230000,0,0,1003351,2026-09-23 10:36:12.8170000,33.047070,-84.016860
2203610,"Seit-Eli",3435,230,"36T","36T1H6S2Q",1,2026-09-23 10:37:09.7870000,1845,0,0,2026-09-23 10:37:17.3670000,45.116670,35.233330
1573593,"Ridgecrest",3539,233,"16S","16S2H6S2Q",3,2013-06-25 23:55:23.1730000,0,0,2093129,2026-09-23 10:37:27.7900000,33.556780,-84.232700
2204006,"Zhuravky",3435,230,"36T","36T1H6S2Q",2,2026-08-07 10:02:47.3400000,1200,2343,0,2026-09-23 10:37:30.1830000,45.128460,35.217170
1555265,"East Griffin",3539,233,"16S","16S2H6S2Q",3,2013-07-17 14:30:09.7400000,0,0,997765,2026-09-23 10:37:50.8300000,33.243730,-84.228810
1548308,"Pedenville",3539,233,"16S","16S2H6S2Q",3,2013-10-08 16:35:42.8370000,0,0,121684,2026-09-23 10:38:05.8930000,33.122900,-84.496310
2110216,"Vakarel",275,22,"34T","34T2H3S4Q",1,2026-06-09 11:11:10.6830000,31672,0,0,2026-09-23 10:38:22.0200000,42.983330,23.100000
2517580,"Gross Leine",713,57,"33U","33U2H2S1Q",3,2026-09-19 14:47:27.9670000,0,0,11044,2026-09-23 10:38:46.2030000,52.000000,14.066670
2423172,"Pitomnik",3439,230,"37U","37U2H1S3Q",1,2013-04-27 06:34:23.0930000,2000038,0,0,2026-09-23 10:39:20.7770000,50.174920,36.267100
2272158,"Nojorid",2637,190,"34T","34T1H2S4Q",1,2026-09-23 10:39:36.7700000,1979,0,0,2026-09-23 10:39:40.0600000,46.983330,21.883330
1574453,"Southbridge",3539,233,"16S","16S2H6S2Q",3,2013-08-04 20:27:53.7770000,0,0,1164181,2026-09-23 10:39:41.7670000,33.569280,-84.205480
2271409,"Chisirid",2637,190,"34T","34T1H2S4Q",1,2026-09-23 10:39:44.6330000,779,0,0,2026-09-23 10:39:44.6330000,46.966670,21.900000
2425562,"Mali Prokhody",3439,230,"37U","37U2H1S3Q",1,2013-04-27 19:07:17.9200000,1996264,0,0,2026-09-23 10:39:50.1200000,50.229870,36.342790
2270093,"Sauaieu",2637,190,"34T","34T1H2S4Q",1,2026-09-23 10:39:53.1970000,779,0,0,2026-09-23 10:39:53.1970000,46.933330,21.916670
2270731,"Cordau",2637,190,"34T","34T1H2S4Q",1,2026-09-23 10:40:07.8070000,1729,0,0,2026-09-23 10:40:07.8100000,46.950000,21.983330
2269424,"Mierlau",2637,190,"34T","34T1H3S3Q",1,2026-09-23 10:40:14.5430000,779,0,0,2026-09-23 10:40:14.5430000,46.916670,22.016670
2268148,"Sumugiu",2637,190,"34T","34T1H2S4Q",1,2026-09-23 10:40:20.0470000,779,0,0,2026-09-23 10:40:20.0470000,46.883330,21.966670
2268146,"Inand",2637,190,"34T","34T1H2S4Q",1,2026-09-23 10:40:31.5570000,815,0,0,2026-09-23 10:40:31.5570000,46.883330,21.750000
2518308,"Birkenhainchen",713,57,"33U","33U1H5S3Q",3,2026-09-19 09:29:46.1500000,0,0,11028,2026-09-23 10:41:03.9800000,52.016670,14.050000
2269422,"Cefa",2637,190,"34T","34T1H2S4Q",1,2026-09-23 10:42:29.1830000,789,0,0,2026-09-23 10:42:29.1830000,46.916670,21.733330
2809832,"Delsbo",2822,198,"33V","33V1H6S1Q",3,2026-09-23 10:42:54.5370000,900,0,1035,2026-09-23 10:42:54.5370000,61.801040,16.555710
2809283,"Glombo",2822,198,"33V","33V1H6S1Q",3,2026-09-23 10:43:34.1870000,0,0,820,2026-09-23 10:43:34.1870000,61.733330,16.616670
2809288,"Hillsta",2822,198,"33V","33V1H6S1Q",3,2026-09-23 10:43:44.4500000,26,0,600,2026-09-23 10:43:44.4500000,61.733330,16.883330
1958492,"Shepard",3563,233,"17S","17S1H1S2Q",3,2021-08-10 00:42:32.2970000,11665,0,1194129,2026-09-23 10:46:19.1200000,39.983400,-82.941570
2363936,"Puteaux",955,75,"31U","31U2H5S3Q",3,2022-01-14 09:01:02.5500000,0,2896,1047005,2026-09-23 10:48:07.4170000,48.883410,2.238940
2280550,"Haag",510,43,"32T","32T1H1S2Q",2,2026-05-08 14:43:32.6930000,0,1268918,0,2026-09-23 10:48:30.6700000,47.206860,7.437530
2809291,"Back",2822,198,"33V","33V1H6S1Q",3,2026-09-23 10:50:24.0330000,26,0,600,2026-09-23 10:50:24.0330000,61.733330,16.966670
2448208,"Barchon",255,20,"31U","31U2H3S4Q",1,2024-04-01 16:27:10.5100000,100762,0,0,2026-09-23 10:51:16.7070000,50.668340,5.696880
2447293,"Saive",255,20,"31U","31U2H3S4Q",1,2023-08-18 14:39:29.5170000,102027,0,0,2026-09-23 10:51:23.5700000,50.653000,5.682360
2446497,"Outre Meuse",255,20,"31U","31U2H3S4Q",1,2021-04-09 10:46:34.5070000,100461,0,0,2026-09-23 10:51:47.8170000,50.641170,5.584690
2591917,"Baldwinstown",1260,102,"29U","29U1H6S2Q",3,2018-10-16 13:57:11.6700000,0,47882,679624,2026-09-23 10:52:19.3500000,53.564720,-6.355280
1577138,"Fairview Commons",3539,233,"17S","17S2H4S1Q",3,2026-09-23 10:56:08.0030000,105260837,1377,105269971,2026-09-23 10:56:11.7500000,33.611220,-83.943520
1953677,"Armstrongs Mills",3563,233,"17S","17S1H2S2Q",2,2026-09-23 10:57:26.9630000,0,2698,0,2026-09-23 10:57:31.2430000,39.908130,-80.934820
2031844,"Annsville",3562,233,"18T","18T2H6S1Q",2,2026-09-23 10:59:31.2030000,0,1062,0,2026-09-23 10:59:31.2030000,41.307590,-73.927920
1952431,"Captina",3563,233,"17S","17S1H2S2Q",2,2026-09-23 10:57:39.6530000,0,1344,0,2026-09-23 11:00:08.0570000,39.887570,-80.870930
1951521,"Clover Hill",3563,233,"17S","17S1H2S2Q",2,2026-09-21 01:24:36.0330000,0,1344,0,2026-09-23 11:00:15.3670000,39.871180,-80.924540
2037658,"Kipps",3562,233,"18T","18T2H5S2Q",2,2026-09-23 11:00:26.6900000,0,1069,0,2026-09-23 11:00:26.6900000,41.425650,-74.294600
2039169,"Campbell Hall",3562,233,"18T","18T2H5S2Q",2,2026-09-23 11:00:34.6400000,0,1667,0,2026-09-23 11:00:36.1500000,41.455370,-74.262650
2038694,"Lagrange",3562,233,"18T","18T2H5S2Q",2,2026-09-23 11:00:41.5370000,0,1153,0,2026-09-23 11:00:41.5370000,41.448700,-74.285430
2038240,"Hamptonburgh",3562,233,"18T","18T2H5S2Q",2,2026-09-23 11:00:45.8530000,50,517,0,2026-09-23 11:00:45.8530000,41.435090,-74.260150
2038499,"Girarde",3562,233,"18T","18T2H5S2Q",2,2026-09-23 11:00:55.9730000,0,1153,0,2026-09-23 11:00:55.9730000,41.443430,-74.227650
2357617,"Rotensohl",716,57,"32U","32U2H6S3Q",3,2026-09-23 11:01:57.8300000,0,0,2358,2026-09-23 11:02:00.5130000,48.741560,10.205440
2356931,"Itzelberg",716,57,"32U","32U2H6S3Q",3,2026-09-23 11:02:08.9900000,0,0,2358,2026-09-23 11:02:12.0770000,48.731030,10.136090
2357642,"Konigsbronn",716,57,"32U","32U2H6S3Q",3,2026-09-23 11:02:18.1230000,0,0,2363,2026-09-23 11:02:20.6070000,48.743170,10.111930
2359665,"Oberkochen",716,57,"32U","32U2H6S3Q",3,2026-09-23 11:02:30.2470000,0,0,2582,2026-09-23 11:02:33.2230000,48.783790,10.105190
2557914,"Fauld",979,77,"30U","30U1H6S3Q",2,2021-10-01 22:08:25.8430000,0,84294,0,2026-09-23 11:04:14.0200000,52.850000,-1.700000
2533994,"Gross Kienitz",713,57,"33U","33U1H4S4Q",2,2025-05-04 10:33:27.9730000,0,172990,0,2026-09-23 11:05:56.1800000,52.333330,13.466670
2218601,"Saint-Bruno-de-Montarville",459,38,"18T","18T1H6S1Q",1,2026-09-09 12:50:16.7730000,150149,0,0,2026-09-23 11:07:30.4930000,45.533410,-73.349160
2809516,"Baldra",2822,198,"33V","33V1H6S2Q",3,2026-09-23 11:11:38.7470000,16,0,1308,2026-09-23 11:11:38.7470000,61.766670,17.016670
2809295,"Ostanbrack",2822,198,"33V","33V1H6S2Q",3,2026-09-23 11:11:46.9930000,15,0,300,2026-09-23 11:11:46.9930000,61.733330,17.116670
2809296,"Djuped",2822,198,"33V","33V1H6S2Q",3,2026-09-23 11:11:50.4870000,16,0,300,2026-09-23 11:11:50.4870000,61.733330,17.150000
2809405,"Fiskeby",2822,198,"33V","33V1H6S2Q",3,2026-09-23 11:11:54.1100000,17,0,300,2026-09-23 11:11:54.1100000,61.750000,17.166670
2809523,"Sanna",2822,198,"33V","33V1H6S2Q",3,2026-09-23 11:11:57.8370000,17,0,300,2026-09-23 11:11:57.8370000,61.766670,17.116670
2555534,"Abbots Bromley",979,77,"30U","30U1H6S3Q",2,2010-01-01 00:00:00.0000000,0,81099,0,2026-09-23 11:12:01.3030000,52.800000,-1.866670
2809522,"Slasta",2822,198,"33V","33V1H6S2Q",3,2026-09-23 11:12:02.2470000,17,0,300,2026-09-23 11:12:02.2470000,61.766670,17.100000
1878061,"Roxford",3537,233,"18S","18S1H2S3Q",1,2023-08-21 05:23:54.8530000,3491,0,0,2026-09-23 11:12:35.6600000,38.550110,-75.130180
2281938,"Reconvilier",523,43,"32T","32T1H1S2Q",2,2026-09-12 19:09:24.1200000,2836,2224147,0,2026-09-23 11:13:12.3870000,47.234310,7.222390
2273705,"Boudevilliers",516,43,"32T","32T1H1S1Q",2,2026-09-10 11:01:26.9530000,360,356500,0,2026-09-23 11:13:51.7330000,47.033330,6.883330
1492441,"Robert M Hitch Village",3539,233,"17S","17S2H5S3Q",2,2023-04-29 23:20:32.7330000,0,375116,0,2026-09-23 11:14:27.4330000,32.073260,-81.082610
2809521,"Mo",2822,198,"33V","33V1H6S2Q",3,2026-09-23 11:15:59.4570000,34,0,600,2026-09-23 11:15:59.4570000,61.766670,17.083330
2809520,"Hallsta",2822,198,"33V","33V1H6S2Q",3,2026-09-23 11:16:03.1100000,17,0,300,2026-09-23 11:16:03.1100000,61.766670,17.066670
2737986,"Truba",2661,192,"35V","35V2H5S2Q",2,2026-09-23 11:16:06.8800000,0,1968,0,2026-09-23 11:16:06.8800000,57.766670,27.666670
2738657,"Tailova",2661,192,"35V","35V2H5S2Q",2,2026-09-23 11:16:22.3670000,0,982,0,2026-09-23 11:16:22.3670000,57.788090,27.567790
1961268,"Mayfair",3584,233,"18T","18T2H5S3Q",1,2015-02-10 22:12:46.6700000,1009507,0,0,2026-09-23 11:16:53.2000000,40.033720,-75.034060
1927585,"New Italy",3561,233,"18S","18S1H2S2Q",2,2019-05-22 09:56:57.5900000,1500,52736,0,2026-09-23 11:17:06.1430000,39.459840,-74.936840
1976435,"Woxall",3584,233,"18T","18T2H5S3Q",3,2018-07-26 15:09:51.6400000,4447,0,146965,2026-09-23 11:17:27.4330000,40.310660,-75.448790
13354,"Berowra",143,13,"56H","56H1H1S4Q",3,2016-09-21 02:24:35.4400000,0,810,1109377,2026-09-23 11:22:20.5670000,-33.633330,151.150000
13448,"Fiddletown",143,13,"56H","56H1H1S4Q",3,2016-07-11 21:26:29.5170000,0,0,1247948,2026-09-23 11:22:38.2300000,-33.600000,151.050000
13402,"Arcadia",143,13,"56H","56H1H1S4Q",3,2016-07-11 21:33:46.0700000,0,517,1088000,2026-09-23 11:22:45.4330000,-33.616670,151.033330
13447,"Glenorie",143,13,"56H","56H1H1S4Q",3,2016-07-11 21:26:00.9870000,0,517,1103131,2026-09-23 11:22:52.2200000,-33.600000,151.016670
13274,"Kenthurst",143,13,"56H","56H1H1S4Q",3,2016-07-11 21:33:37.6900000,0,815,1222740,2026-09-23 11:23:15.5870000,-33.666670,151.000000
13196,"Glenhaven",143,13,"56H","56H1H1S4Q",3,2016-07-11 21:33:29.3530000,0,517,1502871,2026-09-23 11:23:22.7030000,-33.700000,151.000000
12799,"Merrylands",143,13,"56H","56H1H1S3Q",3,2017-03-09 23:11:23.3930000,0,517,1316178,2026-09-23 11:23:51.2600000,-33.833330,150.983330
2013953,"Jackson",3584,233,"18T","18T2H5S3Q",1,2026-09-23 11:24:09.6300000,1519,0,0,2026-09-23 11:24:09.6300000,40.980650,-75.300740
2001818,"Klecknersville",3584,233,"18T","18T2H5S3Q",1,2026-09-23 11:24:42.3700000,1200,0,0,2026-09-23 11:24:42.3700000,40.775650,-75.422960
2001661,"Crossroads",3584,233,"18T","18T2H5S3Q",1,2026-09-23 11:24:47.8970000,1200,0,0,2026-09-23 11:24:47.8970000,40.772320,-75.420180
2003036,"Point Phillip",3584,233,"18T","18T2H5S3Q",1,2026-09-23 11:24:55.7470000,801,0,0,2026-09-23 11:24:55.7470000,40.796480,-75.415460
2556333,"Newborough",979,77,"30U","30U1H6S3Q",2,2024-07-19 14:51:25.2000000,0,71936,0,2026-09-23 11:25:02.5670000,52.816670,-1.800000
1746287,"Bethlehem",3548,233,"16S","16S1H5S3Q",2,2026-09-23 11:25:02.7030000,0,2875,0,2026-09-23 11:25:07.1030000,36.302000,-87.082780
1744583,"Ashland City",3548,233,"16S","16S1H5S3Q",2,2026-09-23 11:25:16.0900000,0,2204,0,2026-09-23 11:25:18.4830000,36.274220,-87.064170
1977007,"Millmont",3584,233,"18T","18T2H5S3Q",1,2026-09-23 11:25:31.2670000,1286,0,0,2026-09-23 11:25:31.2670000,40.318500,-75.925760
1743077,"Sulphur Springs",3548,233,"16S","16S1H5S3Q",2,2026-09-23 11:25:27.9130000,0,2111,0,2026-09-23 11:25:31.3170000,36.249500,-87.054170
1746859,"Chapmansboro",3548,233,"16S","16S1H5S3Q",2,2026-09-23 11:25:43.4370000,0,2118,0,2026-09-23 11:25:46.1930000,36.312280,-87.141390
1744703,"Greenbrier",3548,233,"16S","16S1H5S3Q",3,2024-07-24 21:38:30.0700000,0,517,10797,2026-09-23 11:25:52.8970000,36.276440,-87.118060
1985652,"Millstone",3561,233,"18T","18T2H5S4Q",1,2026-09-23 11:25:58.6970000,816,0,0,2026-09-23 11:25:58.6970000,40.499270,-74.588770
1986065,"Hamilton",3561,233,"18T","18T2H5S4Q",1,2026-09-23 11:26:09.4970000,1042,0,0,2026-09-23 11:26:09.4970000,40.506220,-74.620160
1984645,"Pleasantview",3561,233,"18T","18T2H5S4Q",1,2026-09-23 11:26:30.0930000,729,636,0,2026-09-23 11:26:30.0930000,40.477600,-74.655440
1984247,"Belle Mead",3561,233,"18T","18T2H5S4Q",1,2026-09-23 11:26:37.6800000,480,0,0,2026-09-23 11:26:37.6800000,40.466770,-74.660710
2553937,"Rugeley",979,77,"30U","30U1H6S3Q",2,2022-01-25 10:26:18.4500000,0,67029,0,2026-09-23 11:26:44.6170000,52.766670,-1.933330
2809519,"Finflo",2822,198,"33V","33V1H6S2Q",3,2026-09-23 11:19:40.9630000,0,0,1485,2026-09-23 11:27:56.2230000,61.766670,17.050000
2809518,"Hog",2822,198,"33V","33V1H6S2Q",3,2026-09-23 11:28:02.2700000,16,0,300,2026-09-23 11:28:02.2700000,61.766670,17.033330
2809294,"Avik",2822,198,"33V","33V1H6S2Q",3,2026-09-23 11:28:07.3170000,15,0,300,2026-09-23 11:28:07.3170000,61.733330,17.100000
2514428,"Treppendorf",713,57,"33U","33U2H1S2Q",3,2026-09-19 17:11:01.1900000,0,0,12692,2026-09-23 11:28:46.3970000,51.933330,13.850000
2515256,"Frauenberg",713,57,"33U","33U2H1S2Q",3,2026-09-19 12:36:24.6870000,0,0,10671,2026-09-23 11:29:19.5500000,51.950000,13.883330
2370213,"Knielingen",716,57,"32U","32U2H5S1Q",1,2026-09-23 11:30:44.7170000,1071,730,0,2026-09-23 11:30:44.7170000,49.034170,8.346390
2370317,"Maxau",716,57,"32U","32U2H5S1Q",1,2026-09-23 11:30:56.1170000,2122,0,0,2026-09-23 11:30:56.1170000,49.039720,8.312220
2368839,"Karlsruhe",716,57,"32U","32U2H5S1Q",1,2026-09-23 11:31:15.1400000,2511,1714,0,2026-09-23 11:31:15.1400000,49.004720,8.385830
2368969,"Rintheim",716,57,"32U","32U2H5S1Q",1,2026-09-23 11:31:21.5930000,889,0,0,2026-09-23 11:31:21.5930000,49.012150,8.439300
2686894,"Zubtsovo",2671,192,"37V","37V2H5S3Q",2,2026-04-17 04:05:52.3770000,0,101598,0,2026-09-23 11:34:36.7000000,56.200000,38.150000
2099531,"Cummings Crossing",3562,233,"18T","18T2H1S4Q",1,2024-08-07 12:32:40.4570000,13396,0,0,2026-09-23 11:36:10.9170000,42.773960,-76.119370
2259809,"Wimmis",523,43,"32T","32T1H1S4Q",3,2026-09-23 11:37:27.4030000,366,0,1081,2026-09-23 11:37:27.4030000,46.683330,7.633330
2542943,"Berlin",714,57,"33U","33U1H4S4Q",2,2014-08-22 01:39:56.5500000,0,42641128,0,2026-09-23 11:38:17.8000000,52.524370,13.410530
1984028,"Plainville",3561,233,"18T","18T2H5S4Q",1,2026-09-23 11:38:47.3670000,815,0,0,2026-09-23 11:38:47.3670000,40.466220,-74.682100
2737790,"Lazarevo",2661,192,"35V","35V2H5S2Q",2,2026-09-23 11:38:48.4870000,0,1003,0,2026-09-23 11:38:48.4870000,57.760130,27.539220
1983174,"Dutchtown",3561,233,"18T","18T2H5S4Q",1,2026-09-23 11:38:53.2670000,740,0,0,2026-09-23 11:38:53.2670000,40.447880,-74.689880
2737604,"Verepkova",2661,192,"35V","35V2H5S2Q",2,2026-09-23 11:38:54.2870000,0,1003,0,2026-09-23 11:38:54.2870000,57.751340,27.582420
1908664,"Belhaven Beach",3542,233,"18S","18S1H1S2Q",2,2026-08-11 01:10:07.0430000,17685,66594,0,2026-09-23 11:38:56.9130000,39.127610,-76.477740
1983168,"Harlingen",3561,233,"18T","18T2H5S4Q",1,2026-09-23 11:38:58.9170000,497,0,0,2026-09-23 11:38:58.9170000,40.447600,-74.662380
2737394,"Zales'ye",2661,192,"35V","35V2H5S2Q",2,2026-09-23 11:38:59.4530000,0,984,0,2026-09-23 11:38:59.4530000,57.747850,27.620020
2737298,"Umkovitsi",2661,192,"35V","35V2H5S2Q",2,2026-09-23 11:39:04.6000000,0,1512,0,2026-09-23 11:39:04.6000000,57.743830,27.717830
2733588,"Bor Belkova",2661,192,"35V","35V2H5S2Q",2,2026-09-23 11:39:11.0530000,0,1564,0,2026-09-23 11:39:11.0530000,57.619530,27.740950
1985606,"Bloomingdale",3561,233,"18T","18T2H5S4Q",1,2026-09-23 11:39:12.1030000,883,0,0,2026-09-23 11:39:12.1030000,40.497600,-74.647380
2735957,"Dubrovka",2661,192,"35V","35V2H5S2Q",2,2026-09-23 11:39:17.5600000,0,1528,0,2026-09-23 11:39:17.5600000,57.700000,27.733330
1985947,"Woods Tavern",3561,233,"18T","18T2H5S4Q",1,2026-09-23 11:39:41.6130000,1364,0,0,2026-09-23 11:39:41.6130000,40.502330,-74.644600
2737896,"Podles'ye",2661,192,"35V","35V2H5S2Q",2,2026-09-23 11:40:03.7670000,0,1002,0,2026-09-23 11:40:03.7670000,57.765700,27.709430
2520431,"Naclaw",2451,180,"33U","33U1H6S3Q",2,2026-09-11 14:38:31.2030000,0,304713,0,2026-09-23 11:43:19.0700000,52.064480,16.635340
2737853,"Mitkovitsy",2661,192,"35V","35V2H5S2Q",2,2026-09-23 11:44:46.4900000,0,1001,0,2026-09-23 11:44:46.4900000,57.763880,27.731220
1986624,"Flagtown",3561,233,"18T","18T2H5S4Q",1,2026-09-23 11:46:16.2400000,828,0,0,2026-09-23 11:46:16.2400000,40.517050,-74.684330
2514427,"Niewitz",713,57,"33U","33U2H1S2Q",3,2026-09-19 20:00:58.4530000,0,0,13136,2026-09-23 11:46:30.5030000,51.933330,13.783330
1983811,"Furmans Corner",3561,233,"18T","18T2H5S4Q",1,2026-09-23 11:46:31.5300000,618,0,0,2026-09-23 11:46:31.5300000,40.459830,-74.786550
1982195,"Rileyville",3561,233,"18T","18T2H5S4Q",1,2026-09-23 11:46:36.5270000,472,0,0,2026-09-23 11:46:36.5270000,40.425110,-74.791830
2739743,"Krabilova",2661,192,"35V","35V2H5S2Q",2,2026-09-23 11:48:31.2130000,0,998,0,2026-09-23 11:48:31.2130000,57.821870,27.771300
2737610,"Kosel'ka",2661,192,"35V","35V2H5S2Q",2,2026-09-23 11:48:51.5100000,0,1488,0,2026-09-23 11:48:51.5100000,57.751540,27.771450
2390685,"Unterfarrnbach",715,57,"32U","32U2H6S1Q",3,2017-10-12 21:00:26.5170000,0,30000,635292,2026-09-23 11:49:37.5030000,49.490990,10.951820
2257153,"Kien",523,43,"32T","32T1H1S4Q",3,2026-09-23 11:50:08.1330000,377,0,900,2026-09-23 11:50:08.1330000,46.616670,7.683330
2259219,"Faulensee",523,43,"32T","32T1H1S4Q",3,2026-09-23 11:50:14.2100000,140,0,300,2026-09-23 11:50:14.2100000,46.666670,7.716670
2258511,"Leissigen",523,43,"32T","32T1H1S4Q",3,2026-09-23 11:50:25.7100000,143,0,300,2026-09-23 11:50:25.7100000,46.650000,7.766670
2259811,"Sundlauenen",523,43,"32T","32T1H1S4Q",3,2026-09-23 11:50:31.4630000,138,0,300,2026-09-23 11:50:31.4630000,46.683330,7.783330
851857,"Ban Khlong Soi Bung Yai Wan",3203,218,"47P","47P1H6S1Q",1,2021-06-13 05:11:11.8470000,197126,0,0,2026-09-23 11:51:14.1570000,13.950000,100.850000
853095,"Ban Khlong Soi Thi Kao",3203,218,"47P","47P1H6S1Q",1,2013-09-03 14:41:57.5670000,84952,0,0,2026-09-23 11:51:16.7370000,13.970530,100.795030
854136,"Ban Khlong Klang",3203,218,"47P","47P1H6S1Q",1,2021-07-16 06:20:14.7430000,258436,0,0,2026-09-23 11:51:18.7900000,13.990860,100.854420
2443172,"Heuchelheim",710,57,"32U","32U2H2S3Q",2,2016-12-07 20:21:26.0200000,0,566665,0,2026-09-23 11:51:32.1170000,50.583330,8.633330
11794,"Woronora Dam",143,13,"56H","56H1H4S1Q",3,2026-07-31 06:57:34.5800000,0,817,1018808,2026-09-23 11:55:59.9970000,-34.116670,150.933330
2061536,"Roscoe",3562,233,"18T","18T2H5S2Q",1,2026-09-23 11:56:04.8270000,1143,0,0,2026-09-23 11:56:04.8270000,41.933140,-74.913500
2062218,"Cooks Falls",3562,233,"18T","18T2H5S2Q",1,2026-09-23 11:56:08.5300000,1140,0,0,2026-09-23 11:56:08.5300000,41.947870,-74.980440
2063243,"Chiloway",3562,233,"18T","18T2H5S1Q",1,2026-09-23 11:56:12.2030000,1137,0,0,2026-09-23 11:56:12.2030000,41.967310,-75.043500
11922,"Deer Park",143,13,"56H","56H1H4S2Q",3,2018-10-30 01:33:11.8670000,0,1551,1005822,2026-09-23 11:56:15.2170000,-34.066670,151.083330
11880,"Maianbar",143,13,"56H","56H1H4S2Q",3,2010-01-01 00:00:00.0000000,0,2430,1002958,2026-09-23 11:56:25.8600000,-34.077780,151.130560
11879,"Bundeena",143,13,"56H","56H1H4S2Q",3,2026-05-09 22:50:55.5170000,0,1396,1022825,2026-09-23 11:56:33.8270000,-34.083330,151.150000
11989,"Cronulla",143,13,"56H","56H1H4S2Q",3,2016-06-13 21:52:18.1600000,0,1551,1013010,2026-09-23 11:56:39.1170000,-34.050000,151.150000
2060387,"Anderson",3562,233,"18T","18T2H5S2Q",1,2026-09-23 11:56:43.4600000,1150,0,0,2026-09-23 11:56:43.4600000,41.903150,-74.706830
2058536,"Aden",3562,233,"18T","18T2H5S2Q",1,2026-09-23 11:56:50.7200000,1147,0,0,2026-09-23 11:56:50.7200000,41.860650,-74.673210
2057967,"Neversink",3562,233,"18T","18T2H5S2Q",1,2026-09-23 11:56:56.3070000,1147,0,0,2026-09-23 11:56:56.3070000,41.847310,-74.619050
2504967,"Slimbridge",979,77,"30U","30U2H2S2Q",3,2021-08-28 20:03:44.7530000,0,0,201316,2026-09-23 11:57:07.4200000,51.732500,-2.378060
2736743,"Vyaike-Mil'tsi",2661,192,"35V","35V2H5S2Q",2,2026-09-23 11:57:09.5670000,0,1476,0,2026-09-23 11:57:09.5670000,57.725190,27.907780
2737107,"Sur-Mil'tsi",2661,192,"35V","35V2H5S2Q",2,2026-09-23 11:57:16.8070000,0,1468,0,2026-09-23 11:57:16.8070000,57.735600,27.910330
2062531,"Luzerne",3562,233,"18T","18T2H5S1Q",1,2026-09-23 11:57:26.1670000,1110,0,0,2026-09-23 11:57:26.1670000,41.951480,-75.147950
2065566,"Kerry Siding",3562,233,"18T","18T2H2S3Q",1,2026-09-23 11:58:03.1900000,1104,0,0,2026-09-23 11:58:03.1900000,42.024810,-75.253230
2511282,"Zerkwitz",713,57,"33U","33U2H1S2Q",3,2026-09-23 11:58:46.0530000,0,565,1029,2026-09-23 11:58:46.0530000,51.866670,13.933330
2511288,"Lehde",713,57,"33U","33U2H2S1Q",3,2026-09-23 11:58:52.0870000,0,0,1829,2026-09-23 11:58:52.0870000,51.866670,14.000000
2512070,"Ragow",713,57,"33U","33U2H1S2Q",3,2026-09-23 11:59:05.9770000,0,0,1849,2026-09-23 11:59:05.9770000,51.883330,13.900000
12224,"Blakehurst",143,13,"56H","56H1H1S4Q",3,2017-10-01 01:31:08.5470000,0,2011,1060052,2026-09-23 12:03:03.6930000,-33.983330,151.100000
2558714,"West Barsham",979,77,"31U","31U1H4S3Q",3,2010-01-01 00:00:00.0000000,0,0,36611,2026-09-23 12:04:21.8600000,52.866670,0.833330
2818419,"Getberg",2807,198,"34V","34V1H1S1Q",3,2026-09-23 12:04:47.0230000,0,0,995,2026-09-23 12:04:47.0230000,63.050000,18.183330
2818663,"Backe",2807,198,"34V","34V1H1S1Q",3,2026-09-23 12:04:54.6330000,0,0,861,2026-09-23 12:04:54.6330000,63.083330,18.250000
2818421,"Docksta",2807,198,"34V","34V1H1S1Q",3,2026-09-23 12:05:03.1770000,0,0,827,2026-09-23 12:05:03.1770000,63.050000,18.333330
2818162,"Utvik",2807,198,"34V","34V1H1S1Q",3,2026-09-23 12:05:13.4830000,0,0,664,2026-09-23 12:05:13.4830000,63.016670,18.183330
2818028,"Kalsta",2807,198,"34V","34V1H1S3Q",3,2026-09-23 12:05:24.2200000,0,0,996,2026-09-23 12:05:24.2200000,63.000000,18.150000
2817900,"Skarped",2807,198,"34V","34V1H1S3Q",3,2026-09-23 12:05:35.3500000,0,0,996,2026-09-23 12:05:35.3500000,62.983330,18.150000
2732318,"Krasnodudovo",2661,192,"35V","35V2H5S2Q",2,2026-09-23 12:05:59.5270000,0,2166,0,2026-09-23 12:06:02.2870000,57.578620,27.962110
2736995,"Kuchina",2661,192,"35V","35V2H5S2Q",2,2026-09-23 12:06:37.0900000,0,1008,0,2026-09-23 12:06:37.0900000,57.733330,27.683330
2508730,"Boveneind",2270,167,"31U","31U2H3S2Q",1,2015-08-23 09:47:41.6630000,1000184,0,0,2026-09-23 12:08:45.9270000,51.814170,5.511110
2368419,"Durlach",716,57,"32U","32U2H5S3Q",1,2026-09-23 12:09:31.5930000,2197,0,0,2026-09-23 12:09:34.5530000,48.999760,8.474320
2367052,"Hohenwettersbach",716,57,"32U","32U2H5S3Q",1,2026-09-23 12:09:46.6300000,1925,0,0,2026-09-23 12:09:46.6300000,48.966670,8.483330
2362173,"Wintersdorf",716,57,"32U","32U2H5S3Q",1,2026-09-23 12:10:00.7700000,1054,385,0,2026-09-23 12:10:00.7730000,48.850000,8.133330
2817901,"Svedje",2807,198,"34V","34V1H1S3Q",3,2026-09-23 12:10:05.7700000,0,0,996,2026-09-23 12:10:05.7700000,62.983330,18.166670
2362908,"Ottersdorf",716,57,"32U","32U2H5S3Q",1,2026-09-23 12:10:08.2930000,935,0,0,2026-09-23 12:10:08.2930000,48.866670,8.150000
2363504,"Plittersdorf",716,57,"32U","32U2H5S3Q",1,2026-09-23 12:10:11.7230000,961,476,0,2026-09-23 12:10:11.7230000,48.882670,8.155720
2817757,"Frostvik",2807,198,"34V","34V1H1S3Q",3,2026-09-23 12:10:13.9200000,0,0,589,2026-09-23 12:10:13.9200000,62.966670,18.250000
2738491,"Makarova",2661,192,"35V","35V2H5S2Q",2,2026-09-23 12:10:20.0970000,0,1042,0,2026-09-23 12:10:20.0970000,57.783330,27.816670
2362909,"Rheinau",716,57,"32U","32U2H5S3Q",3,2025-06-11 07:48:32.1970000,0,0,3621,2026-09-23 12:10:22.7570000,48.866670,8.200000
1980790,"Rockingham",3561,233,"18T","18T2H5S4Q",1,2026-09-23 12:10:36.6970000,734,0,0,2026-09-23 12:10:36.6970000,40.397880,-74.619050
2364645,"Steinmauern",716,57,"32U","32U2H5S3Q",1,2026-09-23 12:10:38.1000000,1849,0,0,2026-09-23 12:10:38.1000000,48.900950,8.196920
1968525,"Holmeson",3561,233,"18T","18T2H5S4Q",1,2026-09-23 12:11:47.5500000,957,0,0,2026-09-23 12:11:47.5500000,40.165670,-74.416820
1888205,"Solitude",3542,233,"18S","18S1H1S4Q",3,2026-09-23 12:11:52.0400000,0,0,1090,2026-09-23 12:11:52.0400000,38.751780,-76.199110
1887541,"Edgeview",3542,233,"18S","18S1H1S4Q",3,2026-09-23 12:11:58.0670000,0,0,1144,2026-09-23 12:11:58.0670000,38.739010,-76.200220
1966951,"Francis Mills",3561,233,"18T","18T2H5S4Q",1,2026-09-23 12:12:01.1300000,370,0,0,2026-09-23 12:12:01.1300000,40.134840,-74.397370
1888271,"Newcomb",3542,233,"18S","18S1H1S4Q",3,2026-09-23 12:12:03.4030000,0,0,1144,2026-09-23 12:12:03.4030000,38.753730,-76.176060
1966288,"Pleasant Grove",3561,233,"18T","18T2H5S4Q",1,2026-09-23 12:12:09.3700000,380,0,0,2026-09-23 12:12:09.3730000,40.124560,-74.342930
1887396,"Royal Acres",3542,233,"18S","18S1H1S4Q",3,2026-09-23 12:12:16.3700000,1142,0,1145,2026-09-23 12:12:16.3700000,38.735120,-76.185500
1965512,"Van Hiseville",3561,233,"18T","18T2H5S4Q",1,2026-09-23 12:12:18.2900000,372,0,0,2026-09-23 12:12:18.2900000,40.111780,-74.342650
1887675,"Royal Oak",3542,233,"18S","18S1H1S4Q",3,2026-09-23 12:12:21.3130000,0,0,1090,2026-09-23 12:12:21.3130000,38.742340,-76.177720
1887862,"Loves Folly",3542,233,"18S","18S1H1S4Q",3,2026-09-23 12:12:28.1000000,0,0,1090,2026-09-23 12:12:28.1000000,38.747620,-76.164110
1963239,"Spruce Gardens",3561,233,"18T","18T2H5S4Q",1,2026-09-23 12:12:42.2600000,1017,0,0,2026-09-23 12:12:42.2600000,40.069280,-74.209030
2116319,"Dillard",3576,233,"10T","10T2H2S1Q",2,2026-09-23 12:12:51.0100000,0,1197,0,2026-09-23 12:12:51.0100000,43.102890,-123.427850
2115539,"Round Prairie",3576,233,"10T","10T2H2S1Q",2,2026-09-23 12:12:56.9230000,0,329,0,2026-09-23 12:12:56.9230000,43.088170,-123.369510
1964366,"Greenbriar",3561,233,"18T","18T2H5S4Q",1,2026-09-23 12:13:02.3370000,1016,0,0,2026-09-23 12:13:02.3370000,40.091230,-74.137920
2117253,"Winston",3576,233,"10T","10T2H2S1Q",2,2026-09-23 12:13:06.0770000,0,1830,0,2026-09-23 12:13:07.4000000,43.122340,-123.412570
1962455,"Cedar Bridge",3561,233,"18T","18T2H5S4Q",1,2026-09-23 12:13:11.4930000,1014,0,0,2026-09-23 12:13:11.4930000,40.055950,-74.128200
1896003,"Thomas Circle",3536,233,"18S","18S1H1S3Q",3,2026-07-17 01:01:21.5170000,0,0,1498125,2026-09-23 12:13:11.7070000,38.906220,-77.028870
2736192,"Izborsk",2661,192,"35V","35V2H5S2Q",2,2026-09-23 12:14:09.9030000,0,1002,0,2026-09-23 12:14:09.9030000,57.707570,27.862910
2195771,"Tendoy",3573,233,"12T","12T1H4S3Q",3,2025-04-29 21:08:16.4500000,0,0,32150,2026-09-23 12:14:12.5330000,44.959370,-113.644780
2817611,"Bergsaker",2807,198,"34V","34V1H1S3Q",3,2026-09-23 12:16:22.0630000,0,0,831,2026-09-23 12:16:22.0630000,62.950000,18.300000
2817607,"Hall",2807,198,"34V","34V1H1S3Q",3,2026-09-23 12:16:31.0030000,0,0,867,2026-09-23 12:16:31.0030000,62.950000,18.216670
2528166,"Gross Rietz",713,57,"33U","33U1H5S3Q",3,2026-09-20 01:14:11.6870000,0,0,10665,2026-09-23 12:17:32.1470000,52.216670,14.216670
2058269,"Long Eddy",3562,233,"18T","18T2H5S1Q",1,2026-09-23 12:18:12.7170000,1122,0,0,2026-09-23 12:18:12.7170000,41.850920,-75.133500
2059923,"Pea Brook",3562,233,"18T","18T2H5S1Q",1,2026-09-23 12:18:19.9000000,1108,0,0,2026-09-23 12:18:19.9000000,41.894530,-75.147950
2058011,"Basket",3562,233,"18T","18T2H5S1Q",1,2026-09-23 12:18:24.1970000,1123,0,0,2026-09-23 12:18:24.1970000,41.848980,-75.109890
2061289,"Goulds",3562,233,"18T","18T2H5S1Q",1,2026-09-23 12:18:59.3070000,1127,0,0,2026-09-23 12:18:59.3070000,41.925920,-75.083220
2235129,"Gravin",945,75,"32T","32T1H4S1Q",2,2015-02-27 19:58:57.9330000,0,140431,0,2026-09-23 12:19:22.8000000,46.000000,6.616670
2059124,"Fernwood",3562,233,"18T","18T2H5S1Q",1,2026-09-23 12:19:22.8030000,1129,0,0,2026-09-23 12:19:22.8030000,41.874530,-75.069610
2362175,"Rauental",716,57,"32U","32U2H5S3Q",1,2026-09-23 12:19:24.3970000,2294,870,0,2026-09-23 12:19:24.3970000,48.850000,8.250000
2234533,"Oex",945,75,"32T","32T1H4S1Q",2,2015-02-28 07:33:34.4500000,0,124068,0,2026-09-23 12:19:28.5430000,45.983330,6.633330
2060077,"Acidalia",3562,233,"18T","18T2H5S1Q",1,2026-09-23 12:19:35.0130000,1132,0,0,2026-09-23 12:19:35.0170000,41.899530,-75.033220
2233919,"Luzier",945,75,"32T","32T1H4S1Q",2,2018-05-04 21:21:29.0400000,0,121424,0,2026-09-23 12:19:35.4270000,45.966670,6.633330
2362176,"Niederweier",716,57,"32U","32U2H5S3Q",1,2026-09-23 12:19:41.3030000,1443,0,0,2026-09-23 12:19:41.3030000,48.850000,8.300000
2233376,"Saint-Martin-sur-Arve",945,75,"32T","32T1H4S1Q",2,2020-11-08 10:17:32.2600000,0,123866,0,2026-09-23 12:19:43.9070000,45.950000,6.650000
2232821,"Mernex",945,75,"32T","32T1H4S1Q",2,2017-08-05 06:11:08.0830000,0,104323,0,2026-09-23 12:19:48.7030000,45.933330,6.616670
2232248,"Cordon",945,75,"32T","32T1H4S1Q",2,2014-07-04 19:21:10.7100000,0,101873,0,2026-09-23 12:19:55.3230000,45.916670,6.600000
2232249,"Domancy",945,75,"32T","32T1H4S1Q",2,2020-11-09 04:13:47.6100000,0,101773,0,2026-09-23 12:20:00.0830000,45.916670,6.650000
2052279,"East Cochecton",3562,233,"18T","18T2H5S1Q",1,2026-09-23 12:20:01.1800000,1116,0,0,2026-09-23 12:20:01.1800000,41.715370,-75.015720
2232250,"Passy",945,75,"32T","32T1H4S1Q",2,2020-11-08 11:18:58.6770000,0,101532,0,2026-09-23 12:20:05.3300000,45.916670,6.683330
2362910,"Muggensturm",716,57,"32U","32U2H5S3Q",1,2026-09-23 12:20:22.3600000,2144,0,0,2026-09-23 12:20:22.3600000,48.866670,8.283330
2361856,"Bischweier",716,57,"32U","32U2H5S3Q",1,2026-09-23 12:20:40.6370000,1058,0,0,2026-09-23 12:20:40.6400000,48.837660,8.284120
2116530,"Brockway",3576,233,"10T","10T2H2S1Q",2,2026-09-23 12:21:44.3930000,0,1262,0,2026-09-23 12:21:45.7530000,43.109000,-123.455350
2731654,"Borokhnovo",2661,192,"35V","35V2H6S1Q",2,2026-09-23 12:21:48.8730000,0,1551,188,2026-09-23 12:21:52.0870000,57.552540,28.003580
2636598,"Kooperativnaya Polyana",2696,192,"40U","40U1H1S4Q",3,2022-04-07 08:03:32.0600000,0,0,4000499,2026-09-23 12:22:05.8070000,54.702900,55.943800
2119047,"Green",3576,233,"10T","10T2H2S1Q",2,2026-09-23 12:22:06.4100000,0,1581,0,2026-09-23 12:22:10.5130000,43.160390,-123.367850
2817468,"Gallsatter",2807,198,"34V","34V1H1S3Q",3,2026-09-23 12:22:49.9570000,0,0,832,2026-09-23 12:22:49.9570000,62.933330,18.083330
2817338,"Herrskog",2807,198,"34V","34V1H1S3Q",3,2026-09-23 12:22:57.1970000,0,0,822,2026-09-23 12:22:57.1970000,62.916670,18.016670
2818546,"Sjo",2807,198,"33V","33V1H3S2Q",3,2026-09-23 12:24:30.5970000,0,0,832,2026-09-23 12:24:30.5970000,63.066670,17.833330
12809,"Balmoral Park",143,13,"56H","56H1H1S4Q",3,2017-04-06 17:23:05.2870000,0,1565,1123731,2026-09-23 12:25:35.5270000,-33.830830,151.255000
12815,"Balmoral",143,13,"56H","56H1H1S4Q",3,2017-04-06 11:03:03.2900000,0,879,1057101,2026-09-23 12:25:43.1830000,-33.823890,151.246940
12862,"Clontarf",143,13,"56H","56H1H1S4Q",3,2017-04-29 12:15:05.6430000,0,1551,1091688,2026-09-23 12:25:46.9300000,-33.809720,151.256670
12864,"Balgowlah Heights",143,13,"56H","56H1H1S4Q",3,2017-04-17 08:51:55.2200000,0,1034,1236323,2026-09-23 12:25:51.7070000,-33.805560,151.259170
12898,"Balgowlah",143,13,"56H","56H1H1S4Q",3,2017-04-29 12:07:31.5230000,0,2585,1044044,2026-09-23 12:25:55.2300000,-33.800000,151.266670
12900,"Manly",143,13,"56H","56H1H1S4Q",3,2017-06-02 09:02:47.6600000,0,0,1105351,2026-09-23 12:25:59.2200000,-33.797980,151.288260
12947,"Freshwater",143,13,"56H","56H1H1S4Q",3,2017-03-07 05:06:36.8700000,0,1034,1149720,2026-09-23 12:26:03.1130000,-33.778670,151.285690
12997,"Curl Curl",143,13,"56H","56H1H1S4Q",3,2018-06-23 07:10:42.2530000,0,1551,1143629,2026-09-23 12:26:07.5330000,-33.766670,151.291670
2818657,"Hola",2807,198,"33V","33V1H3S2Q",3,2026-09-23 12:26:24.3030000,0,0,792,2026-09-23 12:26:24.3030000,63.083330,17.750000
2118767,"Green",3576,233,"10T","10T2H2S1Q",2,2026-09-23 12:31:16.3230000,0,1602,0,2026-09-23 12:31:29.2770000,43.150710,-123.385700
2214064,"Terrasse-Vaudreuil",459,38,"18T","18T1H6S1Q",1,2026-05-25 10:16:18.3600000,400470,0,0,2026-09-23 12:32:44.5000000,45.400080,-73.982500
2818778,"Hjartnas",2807,198,"33V","33V1H3S2Q",1,2017-09-27 10:22:53.6200000,1200,0,1023,2026-09-23 12:33:48.9930000,63.100000,17.750000
2818877,"Undrom",2807,198,"33V","33V1H3S2Q",3,2026-09-23 12:33:54.5800000,0,0,906,2026-09-23 12:33:54.5800000,63.116670,17.733330
2361241,"Kuppenheim",716,57,"32U","32U2H5S3Q",1,2026-09-23 12:33:56.9670000,878,0,0,2026-09-23 12:33:56.9670000,48.827940,8.254170
2361222,"Oberndorf",716,57,"32U","32U2H5S3Q",1,2026-09-23 12:34:02.3600000,977,0,0,2026-09-23 12:34:02.3600000,48.827040,8.277340
2818967,"Subbersta",2807,198,"33V","33V1H3S2Q",3,2026-09-23 12:34:03.1100000,0,0,852,2026-09-23 12:34:03.1100000,63.133330,17.750000
2360735,"Rotenfels",716,57,"32U","32U2H5S3Q",1,2026-09-23 12:34:08.6130000,965,0,0,2026-09-23 12:34:08.6130000,48.816670,8.300000
2361438,"Winkel",716,57,"32U","32U2H5S3Q",1,2026-09-23 12:34:13.9900000,1048,306,0,2026-09-23 12:34:13.9900000,48.833330,8.316670
2729079,"Kachanovo",2661,192,"35V","35V2H5S2Q",2,2026-09-23 12:36:22.0600000,0,1018,0,2026-09-23 12:36:22.0600000,57.467510,27.763150
2819087,"Arlom",2808,198,"33V","33V1H3S2Q",3,2026-09-23 12:37:31.6870000,0,0,853,2026-09-23 12:37:31.6870000,63.150000,17.750000
2819184,"Vasterstrinne",2807,198,"33V","33V1H3S2Q",3,2026-09-23 12:38:01.9770000,0,0,821,2026-09-23 12:38:01.9770000,63.166670,17.400000
13656,"Locksley",143,13,"55H","55H1H3S4Q",3,2026-09-23 12:38:11.0100000,0,2172,3369,2026-09-23 12:38:11.0100000,-33.516670,149.783330
13929,"Kelso",143,13,"55H","55H1H3S4Q",3,2026-09-23 12:38:29.7400000,0,949,993,2026-09-23 12:38:29.7400000,-33.416670,149.600000
14016,"Eglinton",143,13,"55H","55H1H3S4Q",3,2026-09-23 12:38:36.7270000,0,0,981,2026-09-23 12:38:36.7270000,-33.383330,149.550000
13807,"Orton Park",143,13,"55H","55H1H3S4Q",3,2026-09-23 12:38:43.9800000,0,0,992,2026-09-23 12:38:43.9800000,-33.466670,149.566670
2444114,"Flensungen",710,57,"32U","32U2H2S4Q",2,2026-09-23 12:39:50.1500000,0,1153,0,2026-09-23 12:39:50.1500000,50.600000,9.016670
2731415,"Zapol'ye",2661,192,"35V","35V2H5S2Q",2,2026-09-23 12:36:43.9630000,0,3981,554,2026-09-23 12:40:10.7900000,57.548040,27.833540
2258826,"Solonchaky",3430,230,"36T","36T1H1S4Q",2,2025-10-31 07:26:45.5370000,0,103359,0,2026-09-23 12:40:22.6700000,46.650000,31.816670
2819181,"Skedom",2807,198,"33V","33V1H3S2Q",3,2026-09-23 12:40:39.7170000,0,0,851,2026-09-23 12:40:39.7170000,63.166670,17.316670
1758121,"Crystal",3570,233,"11S","11S1H5S4Q",1,2026-09-23 12:40:57.8730000,1065,0,0,2026-09-23 12:40:57.8730000,36.491620,-116.167540
1755571,"Labbe Camp",3570,233,"11S","11S1H5S4Q",1,2026-09-23 12:41:07.9170000,1063,0,0,2026-09-23 12:41:07.9170000,36.450790,-116.056420
1753574,"Johnnie",3570,233,"11S","11S1H5S4Q",1,2026-09-23 12:41:10.8370000,1063,0,0,2026-09-23 12:41:10.8370000,36.419680,-116.071700
1742655,"Pahrump",3570,233,"11S","11S1H5S4Q",1,2026-09-23 12:41:20.0500000,1063,0,0,2026-09-23 12:41:20.0500000,36.241070,-116.017550
1740749,"Pahrump",3570,233,"11S","11S1H6S3Q",1,2026-09-23 12:41:23.1430000,1063,0,0,2026-09-23 12:41:23.1430000,36.208290,-115.983910
1737307,"Manse",3570,233,"11S","11S1H6S3Q",1,2026-09-23 12:41:28.0270000,1063,0,0,2026-09-23 12:41:28.0270000,36.154690,-115.902240
1961579,"Holmesburg",3584,233,"18T","18T2H5S3Q",1,2015-06-10 18:04:59.9830000,523311,0,0,2026-09-23 12:41:49.2500000,40.041500,-75.027950
1726219,"Calvada Springs",3567,233,"11S","11S2H3S1Q",1,2026-09-23 12:42:15.6100000,1063,0,0,2026-09-23 12:42:15.6100000,35.968300,-115.895020
1726519,"Shoshone",3567,233,"11S","11S2H2S2Q",1,2026-09-23 12:42:21.2900000,1066,0,0,2026-09-23 12:42:21.2900000,35.973020,-116.271140
1725163,"Shoshone",3567,233,"11S","11S2H2S2Q",1,2026-09-23 12:42:26.0270000,1067,0,0,2026-09-23 12:42:26.0270000,35.951010,-116.305570
1937216,"Pebble Hills",3555,233,"16S","16S1H2S2Q",3,2014-08-29 02:09:07.5170000,0,0,938117,2026-09-23 12:43:07.0600000,39.623610,-86.191670
2824680,"Skanknasberget",2808,198,"33W","33W2H6S3Q",3,2026-09-23 12:44:01.0900000,0,0,690,2026-09-23 12:44:01.0900000,64.250000,16.800000
2825952,"Norra Volgsjofors",2808,198,"33W","33W2H6S3Q",3,2026-09-23 12:47:44.2100000,0,0,767,2026-09-23 12:47:44.2100000,64.550000,16.750000
2735060,"Pyzhovo",2661,192,"35V","35V2H5S2Q",2,2026-09-23 12:48:25.0000000,0,1003,0,2026-09-23 12:48:25.0000000,57.670720,27.847770
2826096,"Forsnas",2808,198,"33W","33W2H6S3Q",3,2026-09-23 12:48:46.9770000,0,0,766,2026-09-23 12:48:46.9770000,64.583330,16.766670
2327605,"Landeck",716,57,"32U","32U2H4S4Q",3,2022-05-08 19:58:00.5330000,2005,0,97602,2026-09-23 12:49:30.8830000,48.150030,7.838720
2278079,"Oberweg",131,12,"33T","33T1H2S1Q",1,2019-02-03 21:09:25.8170000,18625940,0,0,2026-09-23 12:54:22.3670000,47.150000,14.633330
1545964,"Boyd",3549,233,"14S","14S2H6S1Q",3,2016-05-18 14:04:42.2300000,0,0,1870782,2026-09-23 12:55:36.2070000,33.078730,-97.565300
2520675,"Mittweide",713,57,"33U","33U1H5S3Q",3,2026-09-18 22:01:48.5100000,0,0,10664,2026-09-23 12:56:37.5900000,52.066670,14.150000
2826160,"Andersmark",2808,198,"33W","33W2H6S3Q",1,2017-08-07 06:01:24.6270000,1200,0,984,2026-09-23 12:56:50.3570000,64.600000,16.250000
2826459,"Nordansjo",2808,198,"33W","33W2H6S3Q",1,2017-08-07 06:46:29.3030000,1200,0,982,2026-09-23 12:56:59.1930000,64.683330,16.333330
2826510,"Skog",2808,198,"33W","33W2H6S3Q",1,2017-08-07 06:46:47.8030000,1200,0,982,2026-09-23 12:57:05.5030000,64.700000,16.133330
2052030,"Fosterdale",3562,233,"18T","18T2H5S2Q",1,2026-09-23 12:57:58.6400000,1129,300,0,2026-09-23 12:57:58.6400000,41.707590,-74.972110
2053050,"Falls Mills",3562,233,"18T","18T2H5S2Q",1,2026-09-23 12:58:02.6700000,1121,0,0,2026-09-23 12:58:02.6700000,41.730920,-74.982110
2053349,"Kenoza Lake",3562,233,"18T","18T2H5S2Q",1,2026-09-23 12:58:06.0630000,1123,0,0,2026-09-23 12:58:06.0670000,41.733420,-74.949610
2054476,"Hortonville",3562,233,"18T","18T2H5S1Q",1,2026-09-23 12:58:33.4570000,1121,0,0,2026-09-23 12:58:33.4570000,41.764260,-75.030170
2054544,"Callicoon",3562,233,"18T","18T2H5S1Q",1,2026-09-23 12:58:39.0900000,1118,0,0,2026-09-23 12:58:39.0900000,41.766490,-75.061060
2826762,"Granhojden",2808,198,"33W","33W2H6S3Q",1,2017-08-07 08:24:48.4630000,1200,0,981,2026-09-23 12:58:40.6630000,64.783330,16.083330
2055097,"Upper Beechwood",3562,233,"18T","18T2H5S2Q",1,2026-09-23 12:58:48.4270000,1125,0,0,2026-09-23 12:58:48.4270000,41.777030,-74.989610
2054951,"Kohlertown",3562,233,"18T","18T2H5S2Q",1,2026-09-23 12:59:05.4030000,1128,0,0,2026-09-23 12:59:05.4030000,41.771480,-74.941830
2055211,"Jeffersonville",3562,233,"18T","18T2H5S2Q",1,2026-09-23 12:59:15.8570000,1129,0,0,2026-09-23 12:59:15.8570000,41.780920,-74.933780
2054477,"Briscoe",3562,233,"18T","18T2H5S2Q",1,2026-09-23 12:59:37.5970000,1134,0,0,2026-09-23 12:59:37.5970000,41.764260,-74.878500
1738859,"Dawson",3546,233,"15S","15S1H4S3Q",3,2013-12-01 23:20:28.6470000,0,0,4618018,2026-09-23 13:01:14.0730000,36.179820,-95.908600
2003203,"Lincoln",3559,233,"14T","14T2H6S4Q",2,2013-11-16 04:03:31.4300000,0,43906479,0,2026-09-23 13:01:14.0800000,40.800000,-96.666960
2828294,"Langback",2808,198,"33W","33W2H6S1Q",3,2026-09-23 13:01:19.2400000,0,0,751,2026-09-23 13:01:19.2400000,65.283330,16.600000
2533998,"Fichtenwall",713,57,"33U","33U1H4S4Q",2,2026-09-23 13:03:53.9870000,0,804,0,2026-09-23 13:03:53.9870000,52.333330,13.900000
2575251,"Wingerworth",979,77,"30U","30U1H6S1Q",3,2024-05-14 19:11:30.7430000,0,0,1193200,2026-09-23 13:03:57.8570000,53.200000,-1.433330
1966526,"Mapleton",3571,233,"12T","12T2H5S3Q",1,2026-08-24 00:00:24.9430000,369105,0,0,2026-09-23 13:06:37.7470000,40.130230,-111.578530
1970365,"Ironton",3571,233,"12T","12T2H5S3Q",1,2026-09-13 21:05:49.3670000,39325,0,0,2026-09-23 13:07:01.2700000,40.198570,-111.618250
1972393,"Provo",3571,233,"12T","12T2H5S3Q",1,2019-06-22 21:38:27.8500000,299948,0,0,2026-09-23 13:07:14.4730000,40.233840,-111.658530
2553936,"Bednall",979,77,"30U","30U1H5S4Q",2,2021-08-30 11:38:35.8730000,0,70189,0,2026-09-23 13:07:44.7400000,52.766670,-2.066670
2553152,"Dunston",979,77,"30U","30U1H5S4Q",2,2025-08-31 20:02:30.3770000,0,63656,0,2026-09-23 13:08:09.5670000,52.750000,-2.100000
2823931,"Vasteras",2808,198,"34W","34W2H4S4Q",1,2015-06-22 17:43:36.3400000,1200,0,765,2026-09-23 13:08:18.7530000,64.083330,19.600000
2824319,"Bastuselet",2808,198,"34W","34W2H4S4Q",3,2026-09-23 13:08:42.7800000,0,0,763,2026-09-23 13:08:42.7800000,64.166670,19.500000
2822212,"Sormjole",2808,198,"34V","34V1H2S1Q",3,2026-09-23 13:10:03.8700000,0,0,773,2026-09-23 13:10:03.8700000,63.683330,20.000000
2821550,"Ostalbyn",2807,198,"33V","33V1H3S2Q",3,2026-09-23 13:11:22.1870000,0,0,783,2026-09-23 13:11:22.1870000,63.566670,17.616670
793147,"Ban Nong Khao Nok",3167,218,"47P","47P1H5S4Q",1,2016-07-27 16:23:11.0430000,317458,45984,0,2026-09-23 13:12:07.8530000,12.666670,99.900000
2819416,"Berg",2807,198,"33V","33V1H3S2Q",3,2026-09-23 13:15:47.8570000,0,0,822,2026-09-23 13:15:47.8570000,63.200000,17.233330
144284,"Chunchuna",2383,175,"18L","18L2H3S4Q",1,2026-09-23 13:16:26.1330000,1153,0,0,2026-09-23 13:16:26.1330000,-13.864170,-72.114720
144862,"Uchubamba",2383,175,"18L","18L2H3S4Q",1,2026-09-23 13:16:29.9500000,621,0,0,2026-09-23 13:16:29.9500000,-13.823610,-72.116390
144870,"Chamayo",2383,175,"18L","18L2H3S4Q",1,2026-09-23 13:16:34.6130000,621,0,0,2026-09-23 13:16:34.6130000,-13.822500,-72.119720
144838,"Yurnacru",2387,175,"18L","18L2H3S4Q",1,2026-09-23 13:16:40.1370000,1243,0,0,2026-09-23 13:16:40.1370000,-13.827780,-72.145280
144527,"Chacaro",2387,175,"18L","18L2H3S4Q",1,2026-09-23 13:16:43.0970000,621,0,0,2026-09-23 13:16:43.0970000,-13.848890,-72.135280
144826,"Miscca",2387,175,"18L","18L2H3S4Q",1,2026-09-23 13:16:46.2970000,621,0,0,2026-09-23 13:16:46.2970000,-13.829170,-72.151940
143224,"Llactacunca",2387,175,"18L","18L2H3S4Q",1,2026-09-23 13:17:11.6470000,622,0,0,2026-09-23 13:17:11.6470000,-13.942220,-72.113330
1956452,"Hanford",3563,233,"17S","17S1H1S2Q",3,2024-08-13 22:12:33.2930000,73816,0,480375,2026-09-23 13:18:49.5300000,39.951450,-82.947960
2519858,"Ressen-Zaue",713,57,"33U","33U1H5S3Q",3,2026-09-18 23:07:56.3200000,0,0,10664,2026-09-23 13:19:08.5330000,52.050000,14.183330
144174,"Huacollo",2387,175,"18L","18L2H3S4Q",1,2026-09-23 13:21:41.2570000,622,0,0,2026-09-23 13:21:41.2570000,-13.866670,-72.166670
145092,"Raccata",2387,175,"18L","18L2H3S4Q",1,2026-09-23 13:21:47.9130000,621,0,0,2026-09-23 13:21:47.9130000,-13.808890,-72.163060
2326759,"Mundingen",716,57,"32U","32U2H4S4Q",3,2022-05-06 11:19:28.5330000,2186,0,81687,2026-09-23 13:23:06.9630000,48.135680,7.833510
1410744,"Jonestown",3549,233,"14R","14R1H3S3Q",2,2024-09-23 03:09:23.2970000,0,9094620,0,2026-09-23 13:23:09.6300000,30.495470,-97.923350
2266953,"Charlesbourg",459,38,"19T","19T1H1S3Q",2,2014-01-26 01:58:12.8700000,14700,673716,1034,2026-09-23 13:23:19.5170000,46.861720,-71.270540
2294855,"Therwil",525,43,"32T","32T1H1S2Q",2,2025-09-01 11:11:46.8530000,517,90735,0,2026-09-23 13:23:44.8200000,47.500000,7.550000
2266795,"Loretteville",459,38,"19T","19T1H1S3Q",2,2014-01-17 03:21:55.0970000,7500,857523,0,2026-09-23 13:25:20.3800000,46.850570,-71.360840
145627,"Churoc",2387,175,"18L","18L2H3S4Q",1,2026-09-23 13:27:10.8930000,621,0,0,2026-09-23 13:27:10.8930000,-13.771390,-72.190830
145151,"Quillilli",2387,175,"18L","18L2H3S4Q",1,2026-09-23 13:27:14.7930000,621,0,0,2026-09-23 13:27:14.7930000,-13.801390,-72.187780
144913,"Umahuiri",2387,175,"18L","18L2H3S4Q",1,2026-09-23 13:27:18.9930000,621,0,0,2026-09-23 13:27:18.9930000,-13.817500,-72.188890
1724612,"Bethesda",3545,233,"17S","17S2H3S2Q",3,2013-12-07 07:37:49.6670000,0,0,3344268,2026-09-23 13:28:13.6930000,35.942370,-78.838340
1726994,"Oak Grove",3545,233,"17S","17S2H3S2Q",3,2013-07-05 03:05:18.6770000,0,0,2098966,2026-09-23 13:28:31.1200000,35.981530,-78.820560
2294693,"Beverly Park",3578,233,"10T","10T1H2S2Q",1,2013-07-28 17:38:37.7830000,4275113,12102,0,2026-09-23 13:29:41.8930000,47.496210,-122.331510
2820548,"Norrtannflo",2807,198,"33V","33V1H3S1Q",3,2026-09-23 13:30:21.4200000,0,0,821,2026-09-23 13:30:21.4200000,63.383330,16.966670
2820965,"Haxmo",2807,198,"33V","33V1H3S1Q",3,2026-09-23 13:30:33.6400000,0,0,1726,2026-09-23 13:30:33.6400000,63.450000,16.850000
2820433,"Strocknaset",2807,198,"33V","33V1H3S1Q",1,2016-10-30 05:39:08.7570000,713,0,300,2026-09-23 13:30:48.2900000,63.366670,16.566670
2820544,"Odsgardsmon",2807,198,"33V","33V1H3S1Q",1,2016-10-30 05:36:36.1530000,714,0,300,2026-09-23 13:30:53.7770000,63.383330,16.550000
2819288,"Hamre",2807,198,"33V","33V1H3S2Q",3,2026-09-23 13:31:09.1500000,0,0,793,2026-09-23 13:31:09.1500000,63.183330,17.066670
1723654,"Lynn Crossroads",3545,233,"17S","17S2H3S2Q",3,2026-02-12 04:45:37.9670000,0,0,620070,2026-09-23 13:31:15.5530000,35.925980,-78.761390
2818024,"Stavred",2807,198,"33V","33V1H3S4Q",3,2026-09-23 13:31:39.2870000,0,0,820,2026-09-23 13:31:39.2870000,63.000000,17.833330
2817748,"Bjartra",2807,198,"33V","33V1H3S4Q",3,2026-09-23 13:31:54.1870000,0,0,821,2026-09-23 13:31:54.1870000,62.966670,17.883330
2230655,"Saint Ignace",3557,233,"16T","16T1H6S2Q",3,2026-09-23 13:32:16.5300000,0,0,888,2026-09-23 13:32:16.5300000,45.868620,-84.727830
2236012,"Pontchartrain Shores",3557,233,"16T","16T1H3S4Q",1,2018-07-27 21:07:36.0070000,2796,0,983,2026-09-23 13:32:29.0400000,46.029460,-84.591710
1973667,"Pleasant View",3571,233,"12T","12T2H5S3Q",1,2023-07-18 18:51:02.2930000,1002653,0,0,2026-09-23 13:40:45.1170000,40.260790,-111.656030
1975180,"Edgemont",3571,233,"12T","12T2H5S3Q",1,2026-08-26 23:18:03.6100000,382043,0,0,2026-09-23 13:40:54.6930000,40.286070,-111.651870
1976306,"Caryhurst",3571,233,"12T","12T2H5S3Q",1,2023-07-25 16:41:48.4530000,58428,0,0,2026-09-23 13:41:01.4700000,40.307730,-111.654640
1975617,"Orem",3571,233,"12T","12T2H5S3Q",1,2026-08-25 15:00:53.2370000,384225,0,0,2026-09-23 13:41:10.4000000,40.296900,-111.694650
1975335,"Snow",3571,233,"12T","12T2H5S3Q",1,2026-09-11 01:10:11.9100000,2969,0,0,2026-09-23 13:41:21.8630000,40.289680,-111.695480
1974645,"Lincoln",3571,233,"12T","12T2H5S3Q",1,2026-05-28 23:08:38.2930000,6032,0,0,2026-09-23 13:41:27.5330000,40.278840,-111.695200
2548449,"Slawienko",2451,180,"33U","33U1H6S3Q",3,2026-09-23 13:43:19.7800000,0,0,1250,2026-09-23 13:43:19.7800000,52.649520,16.713870
2546512,"Ocieszyn",2451,180,"33U","33U1H6S3Q",3,2026-09-23 13:43:26.3330000,0,0,1250,2026-09-23 13:43:26.3330000,52.600440,16.819040
1683299,"Cosnino",3572,233,"12S","12S2H2S1Q",1,2013-02-02 23:55:02.1200000,8440337,0,0,2026-09-23 13:43:32.0100000,35.205570,-111.474880
2817463,"Bergom",2807,198,"33V","33V1H3S4Q",3,2026-09-23 13:43:36.6570000,0,0,816,2026-09-23 13:43:36.6570000,62.933330,17.800000
2817098,"Lugnviksstrand",2807,198,"33V","33V1H3S4Q",3,2026-09-23 13:44:06.0270000,0,0,817,2026-09-23 13:44:06.0270000,62.883330,17.900000
2817094,"Stromnas",2807,198,"33V","33V1H3S4Q",3,2026-09-23 13:44:10.8870000,0,0,642,2026-09-23 13:44:10.8870000,62.883330,17.850000
2816676,"As",2807,198,"33V","33V1H3S4Q",3,2026-09-23 13:44:25.7970000,0,0,654,2026-09-23 13:44:25.7970000,62.816670,17.783330
2816565,"Nas",2807,198,"33V","33V1H3S4Q",3,2026-09-23 13:44:42.7200000,0,0,849,2026-09-23 13:44:42.7200000,62.800000,17.816670
2299428,"Friedlingen",716,57,"32T","32T1H1S2Q",1,2026-09-23 13:45:00.0570000,4122,2855,0,2026-09-23 13:45:00.0570000,47.600000,7.600000
2816748,"Sandoverken",2807,198,"33V","33V1H3S4Q",3,2026-09-23 13:47:39.5270000,0,0,818,2026-09-23 13:47:39.5270000,62.823100,17.945820
2228054,"Crawford",3578,233,"10T","10T1H5S2Q",2,2022-01-05 00:52:44.4430000,0,4583,0,2026-09-23 13:48:59.6100000,45.802890,-122.484820
2227446,"Venersborg",3578,233,"10T","10T1H5S2Q",2,2022-06-28 06:09:20.3770000,0,4816,0,2026-09-23 13:49:24.2300000,45.787160,-122.471640
2225519,"Hockinson",3578,233,"10T","10T1H5S2Q",2,2023-10-28 00:29:47.1400000,0,6718,0,2026-09-23 13:49:45.4030000,45.737890,-122.487040
1720388,"Lake Anne",3545,233,"17S","17S2H3S2Q",3,2013-12-28 02:23:34.8470000,0,0,1119721,2026-09-23 13:51:37.7000000,35.872370,-78.735280
2272588,"Kirchlindach",523,43,"32T","32T1H1S4Q",2,2026-09-23 00:22:29.5930000,0,634483,0,2026-09-23 13:52:01.3200000,47.000000,7.416670
1955921,"Idlewood Manor",3563,233,"17S","17S1H1S2Q",1,2025-04-16 12:15:00.8130000,14912,0,0,2026-09-23 13:55:02.8500000,39.946450,-82.832120
2817217,"Backland",2807,198,"34V","34V1H1S3Q",3,2026-09-23 13:55:10.9600000,0,0,827,2026-09-23 13:55:10.9600000,62.900000,18.350000
2817480,"Ulvvik",2807,198,"34V","34V1H1S3Q",3,2026-09-23 13:55:22.8930000,0,0,828,2026-09-23 13:55:22.8930000,62.933330,18.383330
2816996,"Torrom",2807,198,"34V","34V1H1S3Q",3,2026-09-23 13:55:42.2170000,0,0,843,2026-09-23 13:55:42.2170000,62.866670,18.083330
1976150,"Hillymeade",3584,233,"18T","18T2H4S4Q",3,2024-08-03 08:05:02.1630000,220220,0,904254,2026-09-23 13:57:53.5470000,40.304260,-76.739690
144868,"Pampahuasi",2387,175,"18L","18L2H3S4Q",1,2026-09-23 13:57:55.5000000,864,0,0,2026-09-23 13:57:55.5000000,-13.822780,-72.191110
146062,"Pulpera",2383,175,"18L","18L2H3S4Q",1,2022-12-18 12:08:47.1970000,9493,0,0,2026-09-23 13:58:11.9100000,-13.743890,-72.143060
1469295,"San Agustin",3572,233,"12R","12R1H2S1Q",3,2026-09-23 13:58:37.7500000,0,0,1035,2026-09-23 13:58:37.7500000,31.602310,-111.894840
1469650,"Haivan Vaya",3572,233,"12R","12R1H2S1Q",3,2026-09-23 13:59:00.6900000,0,0,1035,2026-09-23 13:59:00.6900000,31.609810,-111.873450
2525671,"Hermsdorf",713,57,"33U","33U1H4S4Q",2,2026-09-23 14:02:11.9770000,0,626,0,2026-09-23 14:02:11.9770000,52.166670,13.800000
2816994,"Rossvik",2807,198,"34V","34V1H1S3Q",3,2026-09-23 14:03:11.5930000,0,0,843,2026-09-23 14:03:11.5930000,62.866670,18.066670
2816991,"Folkja",2807,198,"34V","34V1H1S3Q",3,2026-09-23 14:03:40.1100000,0,0,855,2026-09-23 14:03:40.1100000,62.866670,18.033330
2816031,"Berge",2807,198,"33V","33V1H3S4Q",3,2026-09-23 14:04:05.1300000,0,0,818,2026-09-23 14:04:05.1300000,62.716670,17.850000
2816144,"Sodergarden",2807,198,"33V","33V1H3S4Q",3,2026-09-23 14:05:33.1100000,0,0,846,2026-09-23 14:05:33.1100000,62.733330,17.550000
2359884,"Saturna",451,38,"10U","10U2H5S3Q",3,2013-08-01 15:28:48.3600000,0,0,2952899,2026-09-23 14:05:54.2100000,48.799650,-123.202620
2364123,"Montague Harbour",451,38,"10U","10U2H5S3Q",3,2013-08-03 06:57:04.5130000,0,0,2973637,2026-09-23 14:06:00.6430000,48.894520,-123.391660
2364879,"Fernwood",451,38,"10U","10U2H5S3Q",3,2014-08-23 15:11:38.5600000,0,0,1670448,2026-09-23 14:06:06.9170000,48.913540,-123.535960
2363478,"Vesuvius",451,38,"10U","10U2H5S3Q",3,2016-01-27 19:58:02.1170000,0,0,1735215,2026-09-23 14:06:11.0270000,48.881370,-123.572070
2362050,"Ganges",451,38,"10U","10U2H5S3Q",3,2016-02-07 15:47:46.2300000,0,0,1990704,2026-09-23 14:06:15.3570000,48.849640,-123.502650
2361103,"Salt Spring Island",451,38,"10U","10U2H5S3Q",3,2016-09-25 21:23:35.0800000,0,0,2107109,2026-09-23 14:06:19.5870000,48.817260,-123.510020
2280793,"Butzberg",523,43,"32T","32T1H1S2Q",1,2016-07-22 14:59:14.7400000,1233236,0,0,2026-09-23 14:06:22.9070000,47.216670,7.750000
2451277,"Afnay",255,20,"31U","31U2H3S4Q",1,2025-07-31 17:43:55.3470000,99972,0,0,2026-09-23 14:08:16.4700000,50.726160,5.772970
2548391,"Oborniki",2451,180,"33U","33U1H6S3Q",3,2019-03-12 15:11:27.3670000,0,0,1001318,2026-09-23 14:10:37.3370000,52.647390,16.814060
7912,"Tallangatta",140,13,"55H","55H2H2S2Q",3,2026-09-23 04:54:43.8970000,0,0,4356,2026-09-23 14:10:42.1700000,-36.200000,147.250000
2295258,"White Center",3578,233,"10T","10T1H2S2Q",1,2013-11-03 16:15:53.7000000,4158433,2945,0,2026-09-23 14:12:14.1870000,47.504270,-122.346380
2807445,"Pyynikki",3834,70,"34V","34V1H6S2Q",3,2016-04-01 13:41:56.2800000,0,0,26207265,2026-09-23 14:12:57.2470000,61.492230,23.723860
1985607,"Middlebush",3561,233,"18T","18T2H5S4Q",2,2026-04-13 22:05:52.9900000,1386,23347,0,2026-09-23 14:13:00.8730000,40.497600,-74.529320
2294716,"Shorewood",3578,233,"10T","10T1H2S2Q",1,2013-08-09 19:38:55.4870000,4634820,1911,0,2026-09-23 14:16:00.5500000,47.497040,-122.363460
858066,"Ban Khlong Chet Bon (2)",3203,218,"47P","47P1H3S3Q",2,2026-09-23 14:19:23.5370000,0,791,0,2026-09-23 14:19:23.5370000,14.066670,100.766670
2521505,"Sabrodt",713,57,"33U","33U1H5S3Q",3,2026-09-18 22:02:11.4400000,0,0,10664,2026-09-23 14:19:47.5330000,52.083330,14.183330
2152057,"Montour",3573,233,"11T","11T2H2S2Q",2,2026-09-23 14:21:11.3800000,300,8531,5347,2026-09-23 14:21:11.3800000,43.924890,-116.328740
1885889,"Oak Tree Village",3567,233,"10S","10S1H3S3Q",2,2014-11-07 13:02:52.2930000,0,3971101,2116,2026-09-23 14:22:18.5230000,38.706850,-121.075220
2521504,"Trebatsch",713,57,"33U","33U1H5S3Q",3,2026-09-18 22:02:02.3500000,0,0,10664,2026-09-23 14:26:46.3730000,52.083330,14.166670
2225474,"Hockinson",3578,233,"10T","10T1H5S2Q",2,2020-09-11 14:50:36.7670000,0,101504,0,2026-09-23 14:28:11.0630000,45.736110,-122.481140
2223066,"Proebstel",3578,233,"10T","10T1H5S2Q",2,2026-02-08 05:30:39.9300000,0,13902,0,2026-09-23 14:28:35.9630000,45.668730,-122.481760
2553935,"Coppenhall",979,77,"30U","30U1H5S4Q",2,2025-12-30 04:15:35.6970000,0,57909,0,2026-09-23 14:33:35.0830000,52.766670,-2.133330
2451050,"Neufchateau",255,20,"31U","31U2H3S4Q",1,2026-03-20 20:10:32.6530000,99215,345,0,2026-09-23 14:34:56.2470000,50.717730,5.766520
2560276,"Trimingham",979,77,"31U","31U1H4S4Q",3,2026-09-23 14:34:56.6230000,0,0,602,2026-09-23 14:34:56.6230000,52.900000,1.416670
2557126,"Edingthorpe",979,77,"31U","31U1H4S4Q",3,2025-06-07 18:57:44.2200000,0,0,2400,2026-09-23 14:35:07.1200000,52.833330,1.450000
2557929,"Paston",979,77,"31U","31U1H4S4Q",3,2026-09-23 14:35:21.8430000,0,116,938,2026-09-23 14:35:21.8430000,52.850000,1.450000
2558256,"Bacton",979,77,"31U","31U1H4S4Q",3,2026-09-23 14:35:55.7100000,0,0,1146,2026-09-23 14:35:55.7100000,52.850840,1.477060
2557127,"Witton",979,77,"31U","31U1H4S4Q",3,2026-09-23 14:36:02.5330000,0,0,1166,2026-09-23 14:36:02.5330000,52.833330,1.466670
2557128,"Walcott",979,77,"31U","31U1H4S4Q",3,2026-09-23 14:36:08.9570000,0,0,1219,2026-09-23 14:36:08.9570000,52.833330,1.500000
2555547,"Honing",979,77,"31U","31U1H4S4Q",2,2015-09-20 08:37:48.8130000,0,83730,300,2026-09-23 14:36:18.9070000,52.800000,1.450000
2149677,"Pearl",3573,233,"11T","11T2H2S2Q",3,2023-05-07 00:02:21.5600000,0,300,208711,2026-09-23 14:37:23.3770000,43.855720,-116.317350
1994827,"Schoenersville",3584,233,"18T","18T2H5S3Q",1,2025-12-19 20:09:57.3230000,20926,0,0,2026-09-23 14:37:23.4000000,40.663430,-75.424630
2568552,"Friskney",979,77,"31U","31U1H4S1Q",3,2026-09-23 14:37:34.1270000,0,0,1357,2026-09-23 14:37:34.1270000,53.066670,0.183330
2222073,"Mill Plain",3578,233,"10T","10T1H5S2Q",2,2024-12-13 00:40:32.8300000,0,18905,0,2026-09-23 14:37:59.0800000,45.646670,-122.490220
2279813,"Altreu",510,43,"32T","32T1H1S2Q",1,2015-05-10 09:46:43.7770000,1527442,0,0,2026-09-23 14:38:17.6330000,47.192340,7.448470
2571051,"Thorpe Saint Peter",979,77,"31U","31U1H4S1Q",3,2026-09-23 14:39:05.7030000,0,0,1048,2026-09-23 14:39:05.7030000,53.116670,0.216670
1581475,"Custer City",3549,233,"14S","14S2H6S1Q",1,2026-09-23 14:39:33.6500000,3568,0,1924,2026-09-23 14:39:33.6500000,33.682880,-97.050010
2447773,"Wasquehal",950,75,"31U","31U2H2S4Q",2,2013-08-20 12:16:15.0670000,0,21996462,600,2026-09-23 14:40:18.6300000,50.666670,3.150000
2447286,"Hem",950,75,"31U","31U2H2S4Q",2,2013-10-03 19:22:18.5070000,0,1060094,300,2026-09-23 14:40:25.3830000,50.652560,3.186810
2445857,"Annappes",950,75,"31U","31U2H2S4Q",2,2013-11-04 07:23:48.7600000,0,96216,300,2026-09-23 14:40:33.0870000,50.633330,3.150000
2447770,"Saint-Andre-lez-Lille",950,75,"31U","31U2H2S4Q",2,2013-10-13 19:52:52.0470000,0,1073230,300,2026-09-23 14:40:44.9630000,50.666670,3.050000
2448722,"Wambrechies",950,75,"31U","31U2H2S4Q",2,2013-09-27 10:49:27.0470000,0,1086068,300,2026-09-23 14:40:49.8500000,50.683330,3.050000
2448721,"Verlinghem",950,75,"31U","31U2H2S4Q",2,2013-09-08 18:48:54.4930000,0,92819,600,2026-09-23 14:40:58.6070000,50.683330,3.000000
2113003,"Milwaukee",3566,233,"16T","16T2H2S1Q",3,2026-08-09 20:21:50.6570000,7200,0,702076,2026-09-23 14:42:04.3300000,43.038900,-87.906470
2528160,"Prieros",713,57,"33U","33U1H4S4Q",2,2026-09-23 14:42:16.4200000,0,792,0,2026-09-23 14:42:16.4200000,52.216670,13.766670
2520670,"Buckchen",713,57,"33U","33U1H5S3Q",3,2026-09-19 00:35:52.3030000,0,0,10664,2026-09-23 14:45:33.6630000,52.066670,14.033330
2815594,"Ostbyn",2807,198,"33V","33V1H3S3Q",3,2026-09-23 14:48:31.6070000,0,0,876,2026-09-23 14:48:31.6070000,62.650000,16.650000
2262765,"Missabe Junction",3558,233,"15T","15T1H2S4Q",3,2016-07-13 10:44:28.5230000,0,0,1192285,2026-09-23 14:49:26.2530000,46.759380,-92.128520
2814693,"Alsta",2807,198,"33V","33V1H3S3Q",3,2026-09-23 14:49:33.4370000,0,0,807,2026-09-23 14:49:33.4370000,62.516670,16.200000
2814574,"Gissjo",2807,198,"33V","33V1H3S3Q",3,2026-09-23 14:49:44.1530000,0,0,807,2026-09-23 14:49:44.1530000,62.500000,16.233330
2814570,"Rogsta",2807,198,"33V","33V1H3S3Q",1,2013-07-10 13:53:10.9700000,1200,0,1004,2026-09-23 14:49:51.5400000,62.500000,16.150000
2814787,"Ede",2807,198,"33V","33V1H2S4Q",1,2015-12-01 22:03:56.3170000,1200,0,808,2026-09-23 14:50:12.4800000,62.533330,15.833330
2814785,"Ensillre",2807,198,"33V","33V1H2S4Q",3,2026-09-23 14:50:19.1630000,0,0,808,2026-09-23 14:50:19.1630000,62.533330,15.800000
2818399,"Ede",2819,198,"33V","33V1H2S1Q",1,2016-11-04 06:17:58.6470000,670,0,300,2026-09-23 14:51:34.9570000,63.050000,14.816670
2818643,"Garde",2819,198,"33V","33V1H2S1Q",3,2026-09-23 14:51:42.7330000,0,0,833,2026-09-23 14:51:42.7330000,63.083330,14.883330
2818641,"Viken",2819,198,"33V","33V1H2S1Q",3,2026-09-23 14:51:54.7630000,0,0,821,2026-09-23 14:51:54.7630000,63.083330,14.816670
2818639,"Valbacken",2819,198,"33V","33V1H2S1Q",3,2026-09-23 14:52:00.1500000,0,0,822,2026-09-23 14:52:00.1500000,63.083330,14.750000
2796379,"Jokikunta",927,70,"35V","35V1H4S3Q",1,2026-04-12 12:34:32.2670000,11233,0,0,2026-09-23 14:54:50.1570000,60.450000,24.200000
2793252,"Bodom",927,70,"35V","35V1H4S3Q",2,2014-05-07 20:18:52.7870000,0,1085554,0,2026-09-23 14:55:03.9700000,60.266000,24.690570
1563408,"Pilot Point",3549,233,"14S","14S2H6S2Q",1,2026-09-23 14:55:13.1330000,1076,0,0,2026-09-23 14:55:13.1330000,33.396500,-96.960560
1974823,"Geneva",3571,233,"12T","12T2H5S3Q",1,2026-05-28 23:08:33.0230000,5926,0,0,2026-09-23 14:55:26.3570000,40.282450,-111.732150
1976331,"Bunker",3571,233,"12T","12T2H5S3Q",1,2010-01-01 00:00:00.0000000,733568,0,0,2026-09-23 14:55:39.9800000,40.308290,-111.733540
2570242,"Wainfleet All Saints",979,77,"31U","31U1H4S1Q",3,2026-09-23 14:38:23.5300000,0,0,15107,2026-09-23 14:55:47.9130000,53.100000,0.250000
2571896,"Skegness",979,77,"31U","31U1H4S1Q",3,2026-09-23 14:56:03.1630000,0,0,6049,2026-09-23 14:56:28.7330000,53.133330,0.350000
853481,"Ban Khlong Sip Si",3213,218,"47P","47P1H6S1Q",2,2026-04-26 14:46:48.1130000,0,955691,0,2026-09-23 14:57:40.6300000,13.981360,100.914500
853212,"Ban Pak Khlong Sip Hok",3213,218,"47P","47P1H6S1Q",2,2026-04-27 09:37:10.3900000,0,1150056,0,2026-09-23 14:57:45.5300000,13.973780,100.959810
864494,"Ban Wat Bot",3195,218,"47P","47P1H3S3Q",2,2026-03-07 04:06:11.9500000,0,1001857,0,2026-09-23 14:57:45.7200000,14.200000,100.533330
2214344,"Oatfield",3576,233,"10T","10T1H5S2Q",2,2024-02-10 04:13:45.6130000,0,2742793,0,2026-09-23 14:57:54.6500000,45.414180,-122.600070
864499,"Ban Lam Sai",3195,218,"47P","47P1H3S3Q",1,2026-09-23 03:07:50.0700000,152733,0,0,2026-09-23 14:58:02.1570000,14.200000,100.650000
853083,"Ban Khlong Sip Et Hok Wa",3203,218,"47P","47P1H6S1Q",1,2026-02-14 13:42:43.3970000,391351,0,0,2026-09-23 14:58:04.0430000,13.970170,100.843170
854278,"Ban Khlong Soi Thi Sip Et",3203,218,"47P","47P1H6S1Q",1,2026-03-24 09:08:06.3730000,363246,0,0,2026-09-23 14:58:14.1100000,13.994560,100.843360
1762218,"Driftwood",3548,233,"17S","17S1H4S4Q",3,2023-04-28 08:20:19.2070000,0,0,40945,2026-09-23 14:59:03.3500000,36.554830,-82.222910
2818868,"Marieby",2819,198,"33V","33V1H2S1Q",3,2026-09-23 14:59:45.1730000,0,0,1004,2026-09-23 14:59:45.1730000,63.116670,14.733330
2818866,"Fugelsta",2819,198,"33V","33V1H2S1Q",1,2016-01-07 11:53:17.1430000,1176,0,618,2026-09-23 14:59:52.7030000,63.116670,14.700000
2819060,"Namn",2819,198,"33V","33V1H2S1Q",3,2026-09-23 15:00:02.7230000,0,0,831,2026-09-23 15:00:02.7230000,63.150000,14.616670
2819276,"Mallbyn",2819,198,"33V","33V1H2S1Q",1,2016-11-02 21:13:40.3770000,1496,0,300,2026-09-23 15:00:15.2900000,63.183330,14.600000
849739,"Ban Lam Kradan",3218,218,"47P","47P1H6S1Q",1,,2924,0,0,2026-09-23 15:00:30.0170000,13.916640,100.746500
1940940,"Wilmington Manor",3537,233,"18S","18S1H2S1Q",1,2026-07-11 05:44:43.8070000,2143,0,0,2026-09-23 15:01:28.0370000,39.686780,-75.584370
1819273,"Richmond Heights",3585,233,"18S","18S1H4S1Q",3,2026-09-23 15:02:41.3470000,0,0,563,2026-09-23 15:02:41.3470000,37.463760,-77.398040
1820032,"Capitol View",3585,233,"18S","18S1H4S1Q",3,2026-09-23 15:02:46.6270000,0,0,561,2026-09-23 15:02:46.6270000,37.475980,-77.390540
1815498,"Bellwood Manor",3585,233,"18S","18S1H4S1Q",3,2026-09-23 15:02:58.5300000,0,0,536,2026-09-23 15:02:58.5300000,37.399870,-77.419700
1817949,"Varina Gardens",3585,233,"18S","18S1H4S1Q",3,2026-09-23 15:03:04.7300000,0,220,300,2026-09-23 15:03:04.7300000,37.439590,-77.359420
1985160,"Westons Mills",3561,233,"18T","18T2H5S4Q",2,2026-04-21 15:40:18.9370000,900,110063,0,2026-09-23 15:03:18.0130000,40.485380,-74.412370
2637257,"Eden",978,77,"30U","30U1H1S3Q",1,2024-11-18 09:13:08.4500000,122272,0,0,2026-09-23 15:03:36.9300000,54.724900,-5.772500
1932745,"Lawrence Corner",3561,233,"18S","18S1H2S1Q",2,2021-06-09 16:14:20.5470000,1800,328435,0,2026-09-23 15:03:50.0070000,39.549560,-75.135180
1931212,"Brotmanville",3561,233,"18S","18S1H2S1Q",1,2026-09-18 17:41:48.9000000,39359,13701,0,2026-09-23 15:04:16.8930000,39.520670,-75.082400
1931514,"Forest Grove",3561,233,"18S","18S1H2S1Q",2,2021-03-26 11:47:09.1630000,600,2061256,0,2026-09-23 15:04:32.8400000,39.526780,-75.042680
1926091,"Clayville",3561,233,"18S","18S1H2S1Q",2,2019-01-08 12:40:19.9830000,1417,271560,0,2026-09-23 15:04:49.1300000,39.433450,-75.030730
1922719,"Roosevelt Park",3561,233,"18S","18S1H2S1Q",2,,28966,34979,4200,2026-09-23 15:04:58.3930000,39.378170,-75.024900
1985202,"Clyde",3561,233,"18T","18T2H5S4Q",2,2026-03-28 07:17:59.2170000,7500,249096,0,2026-09-23 15:05:11.4600000,40.486490,-74.510430
1976958,"Phalanx",3561,233,"18T","18T2H5S4Q",1,2019-03-22 09:48:25.5300000,271688,0,0,2026-09-23 15:07:37.2930000,40.317610,-74.137920
2452045,"Warsage",255,20,"31U","31U2H3S4Q",1,2026-05-18 15:51:41.7730000,99439,2070,0,2026-09-23 15:08:14.2100000,50.735170,5.768800
2671369,"Fedurnovo",2671,192,"37U","37U1H2S1Q",2,2026-09-21 15:58:10.5500000,0,13586,0,2026-09-23 15:08:46.9800000,55.754880,38.046960
2818953,"Akerang",2819,198,"33V","33V1H2S1Q",3,2026-09-23 15:08:49.5200000,0,0,805,2026-09-23 15:08:49.5200000,63.133330,14.500000
2671202,"Ivanovka",2671,192,"37U","37U1H2S1Q",2,2023-04-21 20:17:29.0430000,0,508509,0,2026-09-23 15:08:55.3470000,55.750000,38.050000
2818863,"Hogen",2819,198,"33V","33V1H2S1Q",3,2026-09-23 15:08:56.0700000,0,0,812,2026-09-23 15:08:56.0700000,63.116670,14.450000
2818757,"Imnas",2819,198,"33V","33V1H2S1Q",3,2026-09-23 15:09:01.4070000,0,0,823,2026-09-23 15:09:01.4070000,63.100000,14.433330
2818261,"Vattjom",2819,198,"33V","33V1H2S1Q",3,2026-09-23 15:09:14.8230000,0,0,835,2026-09-23 15:09:14.8230000,63.033330,14.400000
2677409,"Rupasovo",2671,192,"37U","37U1H1S2Q",2,2025-05-24 04:33:40.3970000,0,121706,0,2026-09-23 15:09:20.6030000,55.933330,37.750000
2677609,"Staryy Bol'shevik",2671,192,"37U","37U1H1S2Q",2,2025-05-24 04:51:10.4900000,0,118297,0,2026-09-23 15:09:25.5130000,55.940000,37.770000
2678208,"Tarasovka",2671,192,"37U","37U1H1S2Q",2,2024-03-11 12:57:23.3830000,0,886458,0,2026-09-23 15:09:31.4800000,55.957220,37.843330
2677995,"Pervomayskiy",2671,192,"37U","37U1H1S2Q",2,2024-03-11 12:57:15.2070000,0,123769,0,2026-09-23 15:09:35.7900000,55.950000,37.866670
2678605,"Lesnyye Polyany",2671,192,"37U","37U1H1S2Q",2,2026-02-06 14:53:35.5770000,0,111930,0,2026-09-23 15:09:39.8970000,55.966670,37.866670
2679317,"Kavezino",2671,192,"37U","37U1H1S2Q",2,2026-03-09 14:50:00.6070000,0,318886,0,2026-09-23 15:09:43.9900000,55.986390,37.881940
2578718,"Rakitovka",2658,192,"39U","39U1H5S1Q",3,2023-02-25 07:40:29.7630000,0,0,1060944,2026-09-23 15:10:44.4500000,53.266670,50.283330
2817874,"Garde",2819,198,"33V","33V1H2S3Q",3,2026-09-23 15:11:24.4330000,0,0,836,2026-09-23 15:11:24.4330000,62.983330,14.366670
2098445,"Bozhurishte",275,22,"34T","34T2H3S4Q",1,2012-09-04 16:49:55.4070000,372185,0,0,2026-09-23 15:12:21.9730000,42.750000,23.200000
2446552,"Bressoux",255,20,"31U","31U2H3S4Q",1,2026-09-21 22:57:07.4130000,100505,0,0,2026-09-23 15:14:39.9670000,50.642870,5.609310
2446683,"Jupille",255,20,"31U","31U2H3S4Q",1,2023-02-08 10:30:07.0400000,100604,0,0,2026-09-23 15:14:43.5930000,50.647210,5.632530
2241207,"Saint-Germain-de-Joux",945,75,"31T","31T1H3S4Q",3,2026-09-23 15:14:47.2800000,0,0,1859,2026-09-23 15:14:47.2800000,46.179000,5.737950
2240599,"Montanges",945,75,"31T","31T1H3S4Q",3,2026-09-23 15:14:51.9670000,0,0,1116,2026-09-23 15:14:51.9670000,46.164730,5.801380
2240372,"Confort",945,75,"31T","31T1H3S4Q",3,2026-09-23 15:14:56.8830000,0,0,1119,2026-09-23 15:14:56.8830000,46.150700,5.823350
2239904,"Chatillon-en-Michaille",945,75,"31T","31T1H3S4Q",3,2026-09-23 15:15:01.2900000,0,0,1121,2026-09-23 15:15:01.2900000,46.143200,5.799500
2237714,"Villes",945,75,"31T","31T1H3S4Q",3,2026-09-23 15:15:09.4030000,1138,0,1188,2026-09-23 15:15:09.4030000,46.083330,5.783330
2237176,"Billiat",945,75,"31T","31T1H3S4Q",3,2026-09-23 15:15:16.2600000,0,0,1120,2026-09-23 15:15:16.2600000,46.066670,5.783330
2235893,"Lhopital",945,75,"31T","31T1H3S4Q",3,2026-09-23 15:15:23.6870000,0,0,1122,2026-09-23 15:15:23.6870000,46.021880,5.779580
2449136,"La Waide",255,20,"31U","31U2H3S4Q",1,2026-07-21 16:17:16.2100000,100879,0,0,2026-09-23 15:15:28.0470000,50.683480,5.715240
2226475,"Villette",945,75,"31T","31T1H6S2Q",3,2026-09-23 15:15:35.7800000,0,700,1114,2026-09-23 15:15:35.7800000,45.766670,5.900000
2735847,"Chernoruch'ye",2661,192,"35V","35V2H6S1Q",2,2026-09-23 15:17:07.4230000,0,185,0,2026-09-23 15:17:07.4230000,57.699100,28.482700
2736070,"Starukhino",2661,192,"35V","35V2H6S1Q",2,2026-09-23 15:17:17.6870000,0,2162,0,2026-09-23 15:17:17.6870000,57.702300,28.469100
2279065,"Bettenhausen",523,43,"32T","32T1H1S2Q",1,2014-12-28 03:26:11.9470000,1281780,0,0,2026-09-23 15:18:00.6130000,47.171480,7.715750
2737344,"Luni",2661,192,"35V","35V2H6S1Q",2,2026-09-23 15:19:33.0570000,0,1016,0,2026-09-23 15:19:33.0570000,57.746000,28.428400
1964698,"Dublin",3563,233,"17T","17T2H4S3Q",1,2026-09-20 22:26:21.2170000,110929,0,0,2026-09-23 15:19:34.8870000,40.099230,-83.114080
2293090,"Five Corners",3578,233,"10T","10T1H2S2Q",1,2020-08-27 02:29:58.0300000,3989455,5151,0,2026-09-23 15:20:17.7100000,47.459540,-122.334010
2548982,"Perwenitz",713,57,"33U","33U1H4S4Q",2,2025-05-03 08:29:06.2800000,0,507136,0,2026-09-23 15:20:34.7270000,52.658480,13.012450
2463705,"Catsop",2271,167,"31U","31U2H3S4Q",2,2026-09-16 17:59:54.1030000,0,1017986,0,2026-09-23 15:21:12.6300000,50.939170,5.766670
2486355,"Sandford",979,77,"30U","30U2H2S2Q",3,2015-09-14 08:16:31.6770000,0,0,521281,2026-09-23 15:25:43.3670000,51.332280,-2.831220
2816340,"Bergsviken",2819,198,"33V","33V1H2S3Q",3,2026-09-23 15:26:56.4930000,0,0,853,2026-09-23 15:26:56.4930000,62.766670,14.433330
2818754,"Svedje",2819,198,"33V","33V1H2S1Q",3,2026-09-23 15:27:49.7730000,0,0,866,2026-09-23 15:27:49.7730000,63.100000,14.300000
2819698,"Sorbyn",2819,198,"33V","33V1H2S1Q",3,2026-09-23 15:28:29.1930000,0,0,2216,2026-09-23 15:28:29.1930000,63.250000,14.583330
2820208,"Hissmofors",2819,198,"33V","33V1H2S1Q",1,2016-11-03 19:04:37.9500000,1017,0,600,2026-09-23 15:28:48.7500000,63.333330,14.466670
2400616,"Nova Ves",690,56,"33U","33U2H5S2Q",1,2025-01-14 15:23:08.6070000,450031,0,0,2026-09-23 15:29:02.9100000,49.700000,15.766670
1946130,"Woodruff Place",3555,233,"16S","16S1H2S2Q",3,2024-02-27 14:54:43.1830000,0,0,1002496,2026-09-23 15:29:29.2030000,39.777540,-86.128320
1949103,"Shooters Hill",3555,233,"16S","16S1H2S2Q",3,2023-01-20 04:10:32.3270000,0,0,999936,2026-09-23 15:29:46.7870000,39.830040,-86.182210
2294752,"Tromsberg",528,43,"32T","32T1H2S1Q",1,2026-09-23 15:30:17.1670000,788,0,0,2026-09-23 15:30:17.1670000,47.498760,8.282450
2294699,"Kirchdorf",528,43,"32T","32T1H2S1Q",1,2026-09-23 15:30:21.8230000,788,0,0,2026-09-23 15:30:21.8230000,47.496590,8.275370
1940220,"Perry Manor",3555,233,"16S","16S1H2S2Q",3,2019-02-09 16:47:43.7300000,0,0,105402,2026-09-23 15:30:22.9830000,39.675320,-86.106930
2295194,"Untersiggenthal",528,43,"32T","32T1H2S1Q",1,2026-09-23 15:30:27.8670000,788,0,0,2026-09-23 15:30:27.8670000,47.502130,8.255540
2297761,"Eien",528,43,"32T","32T1H2S1Q",1,2026-09-23 15:30:33.9730000,794,0,0,2026-09-23 15:30:33.9730000,47.561700,8.238370
2293980,"Gebenstorf",528,43,"32T","32T1H2S1Q",1,2026-09-23 15:30:40.0170000,788,0,0,2026-09-23 15:30:40.0170000,47.481360,8.239490
2283646,"Schongau",517,43,"32T","32T1H2S1Q",1,2026-09-23 15:30:48.5230000,788,0,0,2026-09-23 15:30:48.5230000,47.268510,8.265110
2283804,"Ober-Schongau",517,43,"32T","32T1H2S1Q",1,2026-09-23 15:30:54.1770000,788,0,0,2026-09-23 15:30:54.1770000,47.272560,8.276570
2280008,"Beromunster",517,43,"32T","32T1H2S1Q",1,2026-09-23 15:31:08.5400000,517,0,163,2026-09-23 15:31:08.5400000,47.200000,8.183330
2280800,"Gunzwil",517,43,"32T","32T1H2S1Q",1,2026-09-23 15:31:13.7870000,787,0,0,2026-09-23 15:31:13.7870000,47.216670,8.183330
1975625,"Vineyard",3571,233,"12T","12T2H5S3Q",1,2026-05-28 23:08:28.9800000,7149,0,0,2026-09-23 15:31:30.6100000,40.297040,-111.746700
1978174,"Lindon",3571,233,"12T","12T2H5S3Q",1,2023-07-02 15:18:10.4100000,586416,0,0,2026-09-23 15:31:57.4900000,40.343290,-111.720760
1978800,"Wing",3571,233,"12T","12T2H5S3Q",1,2026-08-24 02:52:28.7970000,504980,0,0,2026-09-23 15:32:09.7270000,40.353840,-111.785210
2282034,"Mueswangen",517,43,"32T","32T1H2S1Q",1,2026-09-23 15:32:14.9000000,789,0,0,2026-09-23 15:32:14.9000000,47.238280,8.289140
2520220,"Czarnow",2440,180,"34U","34U1H5S4Q",1,2026-08-23 10:56:52.3070000,102299,39025,0,2026-09-23 15:32:31.9730000,52.056290,21.097700
1986181,"Haven Homes",3561,233,"18T","18T2H5S4Q",2,2026-05-06 02:55:15.4370000,1500,261116,0,2026-09-23 15:34:18.0030000,40.509550,-74.406260
2820535,"Berge",2819,198,"33V","33V1H1S2Q",3,2026-09-23 15:34:42.0900000,0,0,821,2026-09-23 15:34:42.0900000,63.383330,13.933330
2820531,"Berget",2819,198,"33V","33V1H1S2Q",3,2026-09-23 15:34:51.8970000,0,0,844,2026-09-23 15:34:51.8970000,63.383330,13.883330
2042891,"Miller Memorial Community",3552,233,"18T","18T2H6S2Q",2,2025-09-30 02:35:18.4500000,900,49547,0,2026-09-23 15:35:00.7030000,41.531210,-72.797320
2477635,"Weinbohla",704,57,"33U","33U2H1S2Q",2,2019-02-10 19:44:32.7770000,0,304066,0,2026-09-23 15:35:42.2330000,51.166670,13.566670
2545438,"Pattingham",979,77,"30U","30U1H5S4Q",2,2021-04-27 17:24:55.1100000,0,71150,0,2026-09-23 15:35:53.9130000,52.583330,-2.266670
2502842,"Trogen",708,57,"32U","32U2H2S2Q",3,2026-09-23 15:35:01.0800000,0,0,9828,2026-09-23 15:36:08.4800000,51.683330,9.816670
2820533,"Hov",2819,198,"33V","33V1H1S2Q",3,2026-09-23 15:36:53.4030000,0,0,844,2026-09-23 15:36:53.4030000,63.383330,13.916670
2601933,"Mikolajki",2444,180,"34U","34U1H5S2Q",1,2026-09-16 04:16:02.4170000,153904,0,0,2026-09-23 15:38:00.2300000,53.802880,21.570110
2820635,"Ostbacken",2819,198,"33V","33V1H1S2Q",3,2026-09-23 15:40:22.6830000,0,0,844,2026-09-23 15:40:22.6830000,63.400000,13.800000
2820748,"Truvbacken",2819,198,"33V","33V1H1S2Q",3,2026-09-23 15:41:10.5800000,0,0,844,2026-09-23 15:41:10.5800000,63.416670,13.800000
2357736,"Minihy",961,75,"30U","30U2H5S3Q",2,2013-07-31 16:26:46.0870000,0,683960,362,2026-09-23 15:42:53.1300000,48.749780,-3.524440
2054310,"Lower Beechwood",3562,233,"18T","18T2H5S2Q",1,2026-09-23 15:43:33.0230000,1123,0,0,2026-09-23 15:43:33.0230000,41.758140,-74.983220
2056398,"North Branch",3562,233,"18T","18T2H5S2Q",1,2026-09-23 15:43:35.5700000,1127,0,0,2026-09-23 15:43:35.5700000,41.806750,-74.991550
2057663,"Callicoon Center",3562,233,"18T","18T2H5S2Q",1,2026-09-23 15:43:38.8330000,1130,300,0,2026-09-23 15:43:38.8330000,41.836760,-74.946550
2054815,"Callicoon",3562,233,"18T","18T2H5S1Q",1,2026-09-23 15:43:52.3530000,1118,0,0,2026-09-23 15:43:52.3530000,41.767310,-75.056280
2059945,"Tennanah Lake",3562,233,"18T","18T2H5S2Q",1,2026-09-23 15:43:58.3670000,1136,0,0,2026-09-23 15:43:58.3670000,41.895090,-74.976550
2061105,"Methol",3562,233,"18T","18T2H5S1Q",1,2026-09-23 15:44:01.3300000,1136,0,0,2026-09-23 15:44:01.3300000,41.919530,-75.011830
2062176,"Burnwood",3562,233,"18T","18T2H5S1Q",1,2026-09-23 15:44:06.6430000,1137,0,0,2026-09-23 15:44:06.6430000,41.946750,-75.060440
2531615,"Neu Reichenwalde",713,57,"33U","33U1H5S3Q",3,2026-09-23 15:44:11.3370000,0,0,717,2026-09-23 15:44:11.3370000,52.283330,14.000000
2530757,"Reichenwalde",713,57,"33U","33U1H5S3Q",3,2026-09-23 15:44:18.2430000,0,0,788,2026-09-23 15:44:18.2430000,52.266670,14.000000
2064081,"East Branch",3562,233,"18T","18T2H5S1Q",1,2026-09-23 15:44:26.8500000,1137,0,0,2026-09-23 15:44:26.8500000,41.988420,-75.133780
2679491,"Pushkino",2671,192,"37U","37U1H1S2Q",2,2026-05-21 05:54:39.7130000,0,633131,0,2026-09-23 15:44:50.9900000,55.996110,37.901670
2064903,"Readburn",3562,233,"18T","18T2H2S3Q",1,2026-09-23 15:44:51.5000000,1132,0,0,2026-09-23 15:44:51.5000000,42.011200,-75.174060
2681356,"Zelenyy Gorod",2671,192,"37V","37V2H4S4Q",2,2025-05-25 09:29:54.6130000,0,112930,0,2026-09-23 15:45:00.7670000,56.050000,37.866670
2681954,"Stepan'kovo",2671,192,"37V","37V2H4S4Q",2,2025-05-25 09:30:09.7570000,0,107650,0,2026-09-23 15:45:07.0770000,56.066670,37.816670
2821834,"Tjarnasen",2819,198,"33V","33V1H2S1Q",3,2026-09-23 15:45:15.3600000,0,0,840,2026-09-23 15:45:15.3600000,63.616670,14.066670
2821742,"Konas",2819,198,"33V","33V1H1S2Q",3,2026-09-23 15:45:55.4170000,933,0,997,2026-09-23 15:45:55.4170000,63.600000,13.066670
2096123,"Macomb",3557,233,"17T","17T2H1S4Q",1,2013-11-26 19:35:11.9670000,11600629,0,0,2026-09-23 15:46:00.4700000,42.700870,-82.959090
2529038,"Hubertushohe",713,57,"33U","33U1H4S4Q",3,2026-09-23 15:46:20.1370000,0,0,788,2026-09-23 15:46:20.1370000,52.233330,13.966670
2005670,"University Place",3559,233,"14T","14T2H6S4Q",2,2014-02-16 18:15:27.3670000,0,961926,0,2026-09-23 15:47:40.5670000,40.840830,-96.655290
2492993,"Heathrow",979,77,"30U","30U2H3S2Q",3,2013-12-02 10:54:58.2870000,0,0,4201436,2026-09-23 15:48:34.1830000,51.467300,-0.452900
2488095,"Glashutte",710,57,"32U","32U2H2S2Q",3,2026-09-23 15:49:40.5900000,0,0,10046,2026-09-23 15:49:49.8330000,51.366670,9.733330
2820947,"Ringsta",2819,198,"33V","33V1H1S2Q",1,2015-10-07 20:22:27.9000000,1200,0,999,2026-09-23 15:49:52.5270000,63.450000,13.366670
2445782,"Bois de Breux",255,20,"31U","31U2H3S4Q",1,2026-08-22 18:00:36.5170000,101561,0,0,2026-09-23 15:50:11.3730000,50.631690,5.629180
2820419,"Gevsjon",2819,198,"33V","33V1H1S1Q",3,2026-09-23 15:50:59.8470000,0,0,861,2026-09-23 15:50:59.8470000,63.366670,12.700000
2736718,"Bol'shaya Zhaduanka",2661,192,"35V","35V2H6S1Q",2,2026-09-23 15:51:16.7070000,0,606,0,2026-09-23 15:51:16.7070000,57.724100,28.524600
2745122,"Leonovo",2661,192,"35V","35V2H3S3Q",2,2026-09-23 15:51:44.6070000,0,2162,0,2026-09-23 15:51:44.6070000,58.010500,28.245000
2742532,"Dolgorepitsy",2661,192,"35V","35V2H6S1Q",2,2026-09-23 15:52:27.1600000,0,1812,0,2026-09-23 15:52:27.1600000,57.919600,28.331700
2749110,"Malyye Vyazki",2661,192,"35V","35V2H3S3Q",3,2023-12-30 23:44:57.6300000,0,517,4588,2026-09-23 15:52:41.6730000,58.146300,28.324200
2743157,"Yershovo",2661,192,"35V","35V2H6S1Q",2,2026-09-23 15:52:54.4870000,0,2162,0,2026-09-23 15:52:54.4870000,57.941000,28.220200
2739294,"Durkovo",2661,192,"35V","35V2H6S1Q",2,2026-09-23 15:53:02.3400000,0,1396,0,2026-09-23 15:53:02.3400000,57.808600,28.216200
2294025,"Latona",3578,233,"10T","10T1H2S2Q",1,2013-02-09 08:08:30.7800000,4466082,5105,0,2026-09-23 15:55:03.3500000,47.483150,-122.301240
2735307,"Ataki",2661,192,"35V","35V2H6S1Q",2,2026-09-23 15:55:05.7130000,0,1053,0,2026-09-23 15:55:05.7130000,57.682000,28.273600
2068627,"New Lebanon",3554,233,"16T","16T2H1S4Q",1,2026-09-23 15:55:09.4500000,1422,0,0,2026-09-23 15:55:09.4500000,42.098910,-88.603140
852502,"Ban Lam Sai",3203,218,"47P","47P1H6S1Q",2,2010-01-01 00:00:00.0000000,0,452,0,2026-09-23 15:55:19.1530000,13.964670,100.853310
853532,"Ban Khlong Sip Song Sai Klang",3203,218,"47P","47P1H6S1Q",1,,2529,0,0,2026-09-23 15:55:20.2870000,13.982640,100.866390
858065,"Ban Khlong Hok",3203,218,"47P","47P1H3S3Q",0,2010-01-01 00:00:00.0000000,0,0,0,2026-09-23 15:55:21.4300000,14.066670,100.733330
858889,"Ban Khlong Ha (2)",3203,218,"47P","47P1H3S3Q",2,2026-09-23 12:53:23.4300000,0,48961,0,2026-09-23 15:55:22.5030000,14.083330,100.716670
858890,"Ban Khlong Sip",3203,218,"47P","47P1H3S3Q",0,2010-01-01 00:00:00.0000000,0,0,0,2026-09-23 15:55:23.5300000,14.083330,100.833330
866523,"Ban Bo Ta Lo (3)",3195,218,"47P","47P1H3S3Q",2,2026-06-10 12:34:45.8330000,0,908675,0,2026-09-23 15:55:24.5800000,14.250000,100.700000
2819872,"Asabyn",2819,198,"33V","33V1H1S1Q",3,2026-09-23 15:56:06.7970000,985,0,1009,2026-09-23 15:56:06.7970000,63.283330,12.400000
2279682,"Hueniken",510,43,"32T","32T1H1S2Q",1,2014-08-17 17:48:33.7400000,1119351,0,0,2026-09-23 15:57:48.2530000,47.184730,7.636270
2449692,"Basse Chenetre",255,20,"31U","31U2H3S4Q",1,2025-05-28 02:37:26.5600000,100518,0,0,2026-09-23 15:58:35.3500000,50.700000,5.733330
2449693,"Malterie",255,20,"31U","31U2H3S4Q",1,2026-02-27 03:43:44.8900000,100743,0,0,2026-09-23 15:58:51.2030000,50.700000,5.750000
2730884,"Avdyatovo",2661,192,"35V","35V2H6S1Q",2,2026-09-23 15:58:54.7030000,0,974,0,2026-09-23 15:58:54.7030000,57.530950,28.350470
2450398,"Mortroux",255,20,"31U","31U2H3S4Q",1,2026-07-27 16:53:06.0970000,100861,0,0,2026-09-23 15:58:56.1230000,50.711280,5.753980
2800099,"Herajoki",927,70,"35V","35V1H4S3Q",1,2021-12-16 10:24:16.1700000,12020,0,0,2026-09-23 16:00:08.1270000,60.700000,24.750000
1979842,"American Fork",3571,233,"12T","12T2H5S3Q",1,2023-07-23 18:36:53.4600000,946890,0,0,2026-09-23 16:00:33.1870000,40.376900,-111.795760
2800307,"Selanoja",927,70,"35V","35V1H4S3Q",1,2022-02-06 09:25:07.5670000,26484,0,0,2026-09-23 16:00:36.7300000,60.716670,24.883330
1981596,"Cedar Hills",3571,233,"12T","12T2H5S3Q",1,2026-08-25 04:37:14.0930000,6331,0,0,2026-09-23 16:00:54.3500000,40.414120,-111.758540
1979189,"Pleasant Grove",3571,233,"12T","12T2H5S3Q",1,2026-09-08 02:06:44.8400000,393374,0,0,2026-09-23 16:01:01.8200000,40.364120,-111.738540
2793221,"Pahkinarinne",927,70,"35V","35V1H4S3Q",2,2016-07-21 13:34:31.9500000,0,885166,0,2026-09-23 16:01:09.5030000,60.260170,24.808420
2411003,"Prussberg",715,57,"32U","32U2H6S1Q",3,2019-08-10 17:21:41.0200000,0,0,3110368,2026-09-23 16:01:48.3900000,49.916670,10.450000
2529037,"Karlslust",713,57,"33U","33U1H4S4Q",3,2026-09-23 16:02:06.9430000,0,0,1205,2026-09-23 16:02:06.9430000,52.233330,13.933330
2527311,"Bugk",713,57,"33U","33U1H4S4Q",3,2026-09-23 16:02:28.4000000,0,0,655,2026-09-23 16:02:28.4000000,52.200000,13.916670
2221399,"McLoughlin Heights",3578,233,"10T","10T1H5S2Q",2,2024-05-30 12:24:11.5200000,0,101389,0,2026-09-23 16:03:49.7470000,45.624010,-122.600930
2223710,"Livingston",3578,233,"10T","10T1H5S2Q",2,2023-02-14 00:45:15.5470000,0,19044,0,2026-09-23 16:03:58.8170000,45.689840,-122.445090
2224376,"Little Elkhorn",3578,233,"10T","10T1H5S2Q",2,2026-02-08 05:30:48.7300000,0,4596,0,2026-09-23 16:04:04.2870000,45.707340,-122.416200
2222594,"Ireland",3578,233,"10T","10T1H5S2Q",2,2025-09-01 20:55:08.6270000,0,9070,0,2026-09-23 16:04:13.0900000,45.659280,-122.372310
2222021,"Sunnyside",3578,233,"10T","10T1H5S2Q",2,2025-08-06 17:32:24.4530000,0,4607,0,2026-09-23 16:04:22.6170000,45.643730,-122.372040
2474619,"Niederwildberg",704,57,"33U","33U2H1S2Q",2,2017-10-30 10:17:58.2370000,0,112202,0,2026-09-23 16:06:15.4830000,51.116670,13.583330
1406826,"Eckert",3549,233,"14R","14R1H2S4Q",1,2026-09-23 16:06:27.9870000,1101,0,0,2026-09-23 16:06:27.9870000,30.414360,-98.736700
1406296,"Willow City",3549,233,"14R","14R1H2S4Q",1,2026-09-23 16:06:35.8400000,1101,0,0,2026-09-23 16:06:35.8400000,30.400750,-98.701420
1406032,"Hilltop",3549,233,"14R","14R1H2S4Q",1,2026-09-23 16:06:42.7430000,641,0,0,2026-09-23 16:06:42.7430000,30.397700,-98.968660
1378172,"Leakey",3549,233,"14R","14R1H5S1Q",1,2026-09-23 16:06:56.0900000,1011,0,0,2026-09-23 16:06:56.0900000,29.728840,-99.761450
2480574,"Naunhof",704,57,"33U","33U2H1S2Q",2,2019-10-12 20:10:48.9800000,0,72754,0,2026-09-23 16:07:00.2470000,51.216670,13.633330
1378791,"Vanderpool",3549,233,"14R","14R1H5S1Q",1,2026-09-23 16:07:02.6400000,1017,0,0,2026-09-23 16:07:02.6400000,29.745220,-99.555050
2481527,"Ebersbach",704,57,"33U","33U2H1S2Q",2,2017-11-07 14:09:19.8230000,0,2327,0,2026-09-23 16:07:12.1000000,51.233330,13.650000
1368776,"Long Crossing",3549,233,"14R","14R1H5S1Q",1,2026-09-23 16:07:14.6300000,1007,0,0,2026-09-23 16:07:14.6300000,29.482450,-99.550050
1372170,"Flatrock Crossing",3549,233,"14R","14R1H5S1Q",1,2026-09-23 16:07:23.2300000,1014,0,0,2026-09-23 16:07:23.2300000,29.572730,-99.402270
1369231,"Valdina Farms",3549,233,"14R","14R1H5S1Q",1,2026-09-23 16:07:30.5000000,1011,0,0,2026-09-23 16:07:30.5000000,29.494400,-99.380600
1365866,"Trio",3549,233,"14R","14R1H5S1Q",1,2026-09-23 16:07:39.4500000,1003,0,0,2026-09-23 16:07:39.4500000,29.402460,-99.558380
2482321,"Grossbartloff",701,57,"32U","32U2H3S1Q",3,2026-09-23 16:11:04.8230000,0,0,7824,2026-09-23 16:11:20.9100000,51.250000,10.216670
1944367,"Wilmington",3537,233,"18S","18S1H2S1Q",1,2026-07-11 05:47:18.4700000,33628,0,0,2026-09-23 16:11:23.1030000,39.745950,-75.546590
1674709,"Palisades",3549,233,"14S","14S2H1S1Q",1,2021-02-19 07:01:06.0570000,765420,0,0,2026-09-23 16:11:44.8900000,35.061720,-101.802410
2495848,"Gottingen",708,57,"32U","32U2H2S2Q",3,2019-09-17 15:03:33.6530000,0,600,15338646,2026-09-23 16:13:15.9800000,51.533330,9.933330
2307182,"Grand Marais",3558,233,"15T","15T1H3S2Q",3,2026-09-23 16:13:23.5370000,0,0,998,2026-09-23 16:13:23.5370000,47.750450,-90.334270
2729612,"Yudino",2661,192,"35V","35V2H6S1Q",2,2026-09-23 16:14:28.3770000,0,2162,0,2026-09-23 16:14:28.3770000,57.484330,28.433970
2729081,"Astratovo",2661,192,"35V","35V2H6S1Q",2,2026-09-23 16:14:35.9870000,0,2162,0,2026-09-23 16:14:35.9870000,57.467700,28.361460
2736090,"Volzhenets",2661,192,"35V","35V2H6S1Q",2,2026-09-23 16:15:05.4130000,0,1018,0,2026-09-23 16:15:05.4130000,57.703000,28.249300
2742028,"Kuprovshchina",2661,192,"35V","35V2H6S1Q",2,2026-09-23 16:15:10.9830000,0,613,0,2026-09-23 16:15:10.9830000,57.900100,28.314600
2732598,"Poleny",2661,192,"35V","35V2H6S1Q",2,2026-09-23 16:15:22.1900000,0,517,0,2026-09-23 16:15:22.1900000,57.584440,28.110890
2739415,"Selishche",2661,192,"35V","35V2H6S1Q",2,2026-09-23 16:15:30.4730000,0,985,0,2026-09-23 16:15:30.4730000,57.812900,28.190100
2529033,"Gorsdorf",713,57,"33U","33U1H4S4Q",2,2026-09-23 16:15:44.0830000,0,789,0,2026-09-23 16:15:44.0830000,52.233330,13.833330
1951546,"Fairview",3584,233,"18S","18S1H2S1Q",3,2022-08-11 14:18:17.1900000,0,0,100912,2026-09-23 16:16:44.7770000,39.871780,-75.344630
1951761,"Woodlyn",3584,233,"18S","18S1H2S1Q",3,2022-07-02 22:40:34.2030000,0,0,73760,2026-09-23 16:16:53.3770000,39.877160,-75.344250
2529032,"Prierosbruck",713,57,"33U","33U1H4S4Q",2,2026-09-23 16:14:46.0970000,0,12359,0,2026-09-23 16:16:54.2700000,52.233330,13.766670
2252540,"Shaby",3438,230,"36T","36T1H2S3Q",2,2026-09-22 12:47:20.0430000,300,304,0,2026-09-23 16:19:04.4400000,46.483330,32.166670
2199946,"Chornopillya",3435,230,"36T","36T1H6S1Q",2,2026-08-06 20:06:49.9100000,1200,6497,0,2026-09-23 16:19:31.8630000,45.042870,34.645340
2197124,"Yukhary-Bashi",3435,230,"36T","36T1H6S3Q",2,2026-08-07 07:27:29.3200000,1200,6535,0,2026-09-23 16:19:41.7500000,44.983330,34.633330
2198936,"Dozorne",3435,230,"36T","36T1H6S1Q",2,2026-08-07 08:03:04.1870000,300,8656,0,2026-09-23 16:19:53.5000000,45.020580,34.698990
1755203,"Rocky Springs",3548,233,"17S","17S1H4S4Q",3,2023-06-14 15:32:15.6100000,0,0,111077,2026-09-23 16:20:19.8130000,36.447050,-82.369310
1965418,"River Forest",3555,233,"16T","16T2H6S3Q",2,2023-05-04 14:25:18.2070000,0,2780397,0,2026-09-23 16:20:52.7400000,40.109760,-85.727200
2520672,"Wiese",713,57,"33U","33U1H5S3Q",3,2026-09-18 22:01:39.4770000,0,0,10664,2026-09-23 16:24:44.4530000,52.066670,14.100000
2432292,"Dauernheim",710,57,"32U","32U2H2S3Q",2,2015-09-10 09:12:07.4830000,0,490815,0,2026-09-23 16:25:58.4670000,50.366670,8.950000
2167448,"Felisio",1379,110,"32T","32T1H6S4Q",3,2026-09-01 00:50:01.0630000,2100,0,2921,2026-09-23 16:27:11.6970000,44.348930,11.867550
2165888,"Birandola",1379,110,"32T","32T1H6S4Q",3,2026-09-01 00:28:40.4270000,600,0,6993,2026-09-23 16:27:30.6300000,44.300390,11.965310
2530755,"Wolzig",713,57,"33U","33U1H4S4Q",2,2026-09-23 16:28:09.5100000,0,1938,0,2026-09-23 16:28:10.5800000,52.266670,13.833330
2736901,"Snegirevo",2661,192,"35V","35V2H6S1Q",2,2026-09-23 16:29:42.3430000,0,1125,0,2026-09-23 16:29:42.3430000,57.732500,28.209300
2735624,"Baranovka",2661,192,"35V","35V2H6S1Q",2,2026-09-23 16:29:47.3870000,0,983,0,2026-09-23 16:29:47.3870000,57.690000,28.195600
2744001,"Zaruchev'ye",2661,192,"35V","35V2H6S1Q",2,2026-09-23 16:29:52.6330000,0,1647,0,2026-09-23 16:29:52.6330000,57.970100,28.222600
2738627,"Neyelovo Pervoye",2661,192,"35V","35V2H6S1Q",2,2026-09-23 16:30:02.8070000,0,517,0,2026-09-23 16:30:02.8070000,57.787200,28.208000
2738644,"Zolotukha",2661,192,"35V","35V2H6S1Q",2,2026-09-23 16:30:09.2000000,0,627,0,2026-09-23 16:30:09.2000000,57.787700,28.144300
1904634,"East Arboga",3567,233,"10S","10S1H3S1Q",2,2013-07-26 01:39:44.4870000,0,2473404,146871,2026-09-23 16:33:03.5000000,39.056840,-121.551630
1783078,"Aromas",3567,233,"10S","10S1H6S3Q",1,2026-09-20 09:08:55.3370000,503283,0,1200,2026-09-23 16:33:16.7430000,36.888560,-121.643000
2217086,"Huber",3576,233,"10T","10T1H5S2Q",2,2015-01-22 20:45:23.0370000,0,1020663,0,2026-09-23 16:35:34.7730000,45.491780,-122.851490
2217118,"Aloha",3576,233,"10T","10T1H5S2Q",2,2021-10-20 18:05:01.2930000,0,1004015,0,2026-09-23 16:35:44.1370000,45.494280,-122.867050
2217089,"Aloha",3576,233,"10T","10T1H5S2Q",2,2020-07-14 16:49:27.3930000,0,2015366,0,2026-09-23 16:35:49.1030000,45.491920,-122.872320
1934310,"Southpark",3568,233,"13S","13S1H2S1Q",2,2018-04-20 12:14:05.2230000,0,659714,0,2026-09-23 16:35:51.6470000,39.575000,-105.020280
2217138,"Tobias",3576,233,"10T","10T1H5S2Q",2,2018-09-26 09:38:29.4900000,0,1021910,0,2026-09-23 16:35:54.1900000,45.495390,-122.881210
2217168,"Reedville",3576,233,"10T","10T1H5S2Q",2,2022-07-24 20:57:56.2230000,0,1006575,0,2026-09-23 16:36:02.2630000,45.497620,-122.902320
1938526,"Bear Valley Heights",3568,233,"13S","13S1H2S1Q",2,2023-04-06 11:05:49.3600000,0,364980,0,2026-09-23 16:36:03.0830000,39.647500,-105.058890
2217515,"Witch Hazel",3576,233,"10T","10T1H5S2Q",2,2022-07-17 16:46:52.8570000,0,1012160,0,2026-09-23 16:36:08.6270000,45.500390,-122.931210
2671395,"Il'inskoye",2671,192,"37U","37U1H1S2Q",2,2022-12-05 08:36:09.6000000,0,12740,0,2026-09-23 16:36:13.1930000,55.756170,37.243640
2218234,"Orenco",3576,233,"10T","10T1H5S2Q",2,2016-07-20 16:14:53.1100000,0,1097100,0,2026-09-23 16:36:15.8630000,45.527620,-122.912050
2219390,"West Union",3576,233,"10T","10T1H5S2Q",2,2013-05-16 17:52:21.8000000,0,1322071,0,2026-09-23 16:36:38.3500000,45.566510,-122.893990
2673656,"Opalikha",2671,192,"37U","37U1H1S2Q",2,2024-05-29 16:20:36.3830000,0,15212,0,2026-09-23 16:36:38.7170000,55.825930,37.252780
2676403,"Yurlovo",2671,192,"37U","37U1H1S2Q",2,2023-12-13 20:35:29.8070000,0,13097,0,2026-09-23 16:36:55.5900000,55.904470,37.262930
2593886,"Ardcath",1260,102,"29U","29U1H6S2Q",3,,0,0,403772,2026-09-23 16:40:18.9600000,53.608060,-6.391390
2518307,"Dollgen",713,57,"33U","33U1H5S3Q",3,2026-09-19 09:29:38.5800000,0,0,8544,2026-09-23 16:41:03.2270000,52.016670,14.033330
2670634,"Mazilovo",2670,192,"37U","37U1H1S2Q",2,2019-04-08 13:37:02.2230000,0,1602913,0,2026-09-23 16:41:37.1300000,55.733330,37.483330
2670969,"Fili",2670,192,"37U","37U1H1S2Q",2,2022-05-06 10:04:14.2370000,0,1668331,0,2026-09-23 16:41:43.7530000,55.748190,37.479680
146322,"Quishuares",2383,175,"18L","18L2H3S4Q",1,2022-12-18 12:09:07.5830000,5743,0,0,2026-09-23 16:43:10.7570000,-13.726110,-72.128610
146622,"Araypallpa",2383,175,"18L","18L2H3S4Q",1,2022-12-09 00:23:21.8770000,5621,0,0,2026-09-23 16:43:17.2700000,-13.703060,-72.192780
1374284,"Lauback",3549,233,"14R","14R1H6S1Q",3,2013-09-10 02:33:22.3230000,0,0,1785667,2026-09-23 16:46:00.2870000,29.628280,-97.940280
2293861,"Harman Heights",3578,233,"10T","10T1H3S1Q",2,2013-02-19 21:33:47.3230000,0,1301382,0,2026-09-23 16:46:33.2530000,47.475940,-121.794560
145658,"Usnomocco",2387,175,"18L","18L2H3S4Q",1,2026-09-23 16:46:58.9800000,864,0,0,2026-09-23 16:46:58.9800000,-13.768060,-72.266110
145632,"Parccani",2387,175,"18L","18L2H3S4Q",1,2026-09-23 16:47:02.4830000,864,0,0,2026-09-23 16:47:02.4830000,-13.771110,-72.275560
2544666,"Bilston",979,77,"30U","30U1H5S4Q",2,2021-04-27 16:52:49.3270000,0,63050,0,2026-09-23 16:49:43.3270000,52.566670,-2.066670
1842666,"Albany",3567,233,"10S","10S1H5S2Q",3,2013-06-13 19:07:54.4470000,0,0,1176216,2026-09-23 16:50:48.7830000,37.886870,-122.297750
2528161,"Kolonie Klein Eichholz",713,57,"33U","33U1H4S4Q",2,2026-09-23 16:51:58.2770000,0,1938,0,2026-09-23 16:52:00.6430000,52.216670,13.833330
2527309,"Streganz",713,57,"33U","33U1H4S4Q",2,2026-09-23 16:52:06.6300000,0,1952,0,2026-09-23 16:52:07.8970000,52.200000,13.833330
2823344,"Henning",2288,168,"32V","32V1H3S2Q",1,2019-05-14 04:35:06.3230000,1588,0,300,2026-09-23 16:56:48.0100000,63.950000,11.633330
2824085,"Velbe",2288,168,"32W","32W2H6S4Q",3,2026-09-23 16:57:10.3730000,0,0,911,2026-09-23 16:57:10.3730000,64.116670,11.400000
145569,"Llamarumioc",2387,175,"18L","18L2H3S4Q",1,2026-09-23 16:57:11.2670000,864,0,0,2026-09-23 16:57:11.2670000,-13.776940,-72.268330
145388,"Raccaycata",2387,175,"18L","18L2H3S4Q",1,2026-09-23 16:57:15.1500000,864,0,0,2026-09-23 16:57:15.1500000,-13.786940,-72.287500
2823657,"Ovrein",2288,168,"32W","32W2H6S4Q",3,2026-09-23 16:57:19.7870000,0,0,836,2026-09-23 16:57:19.7870000,64.033330,11.433330
2198546,"Saint-Seurin-sur-l'Isle",965,75,"31T","31T1H4S1Q",3,2026-09-12 09:25:50.8230000,0,0,58586,2026-09-23 16:57:46.4400000,45.016670,0.000000
2825385,"Saevik",2288,168,"32W","32W2H6S4Q",3,2026-09-23 16:57:59.1900000,894,0,990,2026-09-23 16:57:59.1900000,64.433330,11.483330
2825465,"Spillum",2288,168,"32W","32W2H6S4Q",3,2026-09-23 16:58:08.1730000,891,0,990,2026-09-23 16:58:08.1730000,64.450000,11.533330
2825562,"Hoyknes",2288,168,"32W","32W2H6S4Q",3,2026-09-23 16:58:12.3930000,871,0,990,2026-09-23 16:58:12.3930000,64.466670,11.566670
2823563,"Forfot",2282,168,"32W","32W2H6S3Q",3,2026-09-23 16:58:58.2230000,815,0,995,2026-09-23 16:58:58.2230000,64.016670,10.500000
2823465,"By",2282,168,"32V","32V1H3S1Q",3,2026-09-23 16:59:05.8330000,867,0,996,2026-09-23 16:59:05.8330000,63.983330,10.416670
2823410,"Monstad",2282,168,"32V","32V1H3S1Q",1,2019-05-13 14:36:18.7800000,1058,0,857,2026-09-23 16:59:13.1970000,63.966670,10.200000
2822605,"Rakvag",2282,168,"32V","32V1H3S1Q",1,2019-05-16 18:01:14.2070000,978,0,300,2026-09-23 16:59:32.1230000,63.766670,10.083330
2571895,"Croft",979,77,"31U","31U1H4S1Q",3,2026-09-23 16:59:36.3100000,0,0,1048,2026-09-23 16:59:36.3100000,53.133330,0.250000
2572778,"Burgh le Marsh",979,77,"31U","31U1H4S1Q",3,2026-09-23 16:59:46.9430000,0,0,1049,2026-09-23 16:59:46.9470000,53.150000,0.250000
2211802,"Mulloy",3576,233,"10T","10T1H5S2Q",2,2019-07-31 02:58:06.2000000,0,1032414,0,2026-09-23 16:59:57.0230000,45.333730,-122.790370
2567328,"Sibsey",979,77,"31U","31U1H4S1Q",3,2026-09-23 17:00:00.0570000,0,0,1040,2026-09-23 17:00:00.0570000,53.038580,0.015790
2566025,"Frith Bank",979,77,"30U","30U1H6S2Q",3,2026-09-23 17:00:10.5230000,0,0,1040,2026-09-23 17:00:10.5230000,53.016670,-0.033330
2528727,"Warsaw",2440,180,"34U","34U1H5S4Q",2,2022-07-26 12:16:57.6570000,0,132806062,0,2026-09-23 17:00:16.9830000,52.229770,21.011780
2211345,"Hoodview",3576,233,"10T","10T1H5S2Q",2,2019-07-23 18:18:10.1300000,0,2273474,0,2026-09-23 17:00:17.9000000,45.324560,-122.805650
2564396,"Brothertoft",979,77,"30U","30U1H6S4Q",3,2026-09-23 17:00:19.1500000,0,0,1053,2026-09-23 17:00:19.1500000,52.983330,-0.100000
145660,"San Juan",2387,175,"18L","18L2H3S4Q",1,2026-09-23 17:00:23.0170000,864,0,0,2026-09-23 17:00:23.0170000,-13.767780,-72.336110
145859,"Coarqui",2387,175,"18L","18L2H3S4Q",1,2026-09-23 17:00:26.2270000,622,0,0,2026-09-23 17:00:26.2270000,-13.755830,-72.347780
2564109,"Hubberts Bridge",979,77,"30U","30U1H6S4Q",3,2026-09-23 17:00:26.5000000,0,0,1044,2026-09-23 17:00:26.5000000,52.973870,-0.112950
2212496,"Norwood",3576,233,"10T","10T1H5S2Q",2,2020-02-15 21:18:31.2900000,0,1108480,0,2026-09-23 17:00:26.5070000,45.359290,-122.753980
145845,"Urllupampa",2387,175,"18L","18L2H3S4Q",1,2026-09-23 17:00:31.7700000,622,0,0,2026-09-23 17:00:31.7700000,-13.756940,-72.356940
2212452,"Stafford",3576,233,"10T","10T1H5S2Q",2,2020-02-15 21:18:22.2570000,0,1058807,0,2026-09-23 17:00:32.6100000,45.357340,-122.722590
146350,"Tamboro",2387,175,"18L","18L2H3S4Q",1,2026-09-23 17:00:34.8300000,622,0,0,2026-09-23 17:00:34.8300000,-13.720560,-72.383060
2213122,"Shadowood",3576,233,"10T","10T1H5S2Q",2,2025-10-10 17:09:41.8970000,0,4465460,0,2026-09-23 17:00:40.4000000,45.378730,-122.694540
2560730,"Donington",979,77,"30U","30U1H6S4Q",3,2026-09-23 17:00:44.7330000,0,0,1040,2026-09-23 17:00:44.7330000,52.904610,-0.205050
2559111,"Gosberton",979,77,"30U","30U1H6S4Q",3,2026-09-23 17:00:54.3970000,0,0,663,2026-09-23 17:00:54.3970000,52.869130,-0.161020
2211970,"Willamette",3576,233,"10T","10T1H5S2Q",2,2019-10-11 04:20:07.5700000,0,1043736,0,2026-09-23 17:01:00.7370000,45.344290,-122.667040
2559465,"Quadring",979,77,"30U","30U1H6S4Q",3,2026-09-23 17:01:02.5470000,0,0,663,2026-09-23 17:01:02.5470000,52.882390,-0.183160
146595,"Cullocullo",2387,175,"18L","18L2H3S4Q",1,2026-09-23 17:03:09.4500000,622,0,0,2026-09-23 17:03:09.4500000,-13.706670,-72.387220
2688524,"Blackford",977,77,"30V","30V2H5S3Q",3,2026-09-23 17:03:16.8170000,0,0,762,2026-09-23 17:03:16.8170000,56.250000,-3.766670
2682925,"Saline",977,77,"30V","30V2H5S3Q",3,2026-09-23 17:03:27.3030000,0,0,672,2026-09-23 17:03:27.3030000,56.100000,-3.566670
2682614,"Carnock",977,77,"30V","30V2H5S3Q",3,2026-09-23 17:03:30.8600000,0,0,672,2026-09-23 17:03:30.8600000,56.084010,-3.539060
2681805,"Oakley",977,77,"30V","30V2H5S3Q",3,2026-09-23 17:03:37.8230000,0,0,672,2026-09-23 17:03:37.8230000,56.066670,-3.550000
2681209,"Cairneyhill",977,77,"30V","30V2H5S3Q",3,2026-09-23 17:03:41.6800000,0,0,1466,2026-09-23 17:03:42.8100000,56.050000,-3.533330
2822520,"Litle Moen",2282,168,"32V","32V1H3S1Q",1,2019-05-16 07:54:49.3930000,2125,0,600,2026-09-23 17:03:43.7070000,63.750000,10.150000
2681804,"Blairhall",977,77,"30V","30V2H5S3Q",1,2020-01-16 09:28:42.1930000,598904,0,1034,2026-09-23 17:03:49.2900000,56.066670,-3.600000
146584,"Vilcabamba",2387,175,"18L","18L2H3S4Q",1,2026-09-23 17:04:33.8800000,622,0,0,2026-09-23 17:04:33.8800000,-13.708060,-72.390000
2571599,"Oudega",2274,167,"31U","31U1H6S2Q",1,2023-02-14 18:12:35.0870000,1405015,0,0,2026-09-23 17:06:26.0000000,53.125040,5.998880
152781,"Rejaspunco",2383,175,"18L","18L2H3S4Q",1,2026-09-23 17:07:08.6770000,743,0,0,2026-09-23 17:07:08.6800000,-13.287780,-72.109720
2294421,"Riverton",3578,233,"10T","10T1H2S2Q",1,2013-03-28 03:12:29.2100000,3971231,7625,0,2026-09-23 17:09:34.9330000,47.484270,-122.294570
2637063,"Staroye Baryatino",2696,192,"40U","40U1H1S4Q",3,2022-04-01 12:35:03.9730000,0,0,3930382,2026-09-23 17:12:37.7170000,54.716670,55.933330
1642473,"Castle Canyon Mesa",3572,233,"12S","12S2H1S4Q",1,2015-03-30 00:16:25.6870000,104495519,0,0,2026-09-23 17:13:07.5870000,34.590860,-112.355720
2822519,"Husby",2282,168,"32V","32V1H3S1Q",1,2019-05-20 17:46:24.2230000,997,0,300,2026-09-23 17:13:38.2870000,63.750000,10.116670
2235596,"Magland",945,75,"32T","32T1H1S3Q",2,2014-06-28 21:13:46.5000000,0,1001063,0,2026-09-23 17:18:20.0500000,46.016670,6.616670
2822517,"Rak",2282,168,"32V","32V1H3S1Q",3,2026-09-23 17:25:05.2070000,0,0,3210,2026-09-23 17:25:05.2070000,63.750000,10.083330
2152830,"Wolf Creek",3576,233,"10T","10T2H2S1Q",3,2025-02-04 18:34:30.5170000,0,0,797224,2026-09-23 17:25:11.4030000,43.949840,-123.378980
2822516,"Moen",2282,168,"32V","32V1H2S2Q",1,2019-05-16 18:01:04.7830000,974,0,300,2026-09-23 17:25:14.8030000,63.750000,9.966670
2038690,"Arbor Valley",3562,233,"18T","18T2H5S2Q",2,2026-09-23 17:25:35.9930000,0,1153,0,2026-09-23 17:25:35.9930000,41.448610,-74.230830
2038473,"Rural Ridge",3562,233,"18T","18T2H5S2Q",2,2026-09-23 17:25:43.4130000,0,1153,0,2026-09-23 17:25:43.4130000,41.442780,-74.211940
1556992,"Bonsall",3567,233,"11S","11S2H5S1Q",0,2010-01-01 00:00:00.0000000,0,0,0,2026-09-23 17:25:44.8370000,33.276160,-117.194100
2038543,"Hampton Trails",3562,233,"18T","18T2H5S2Q",2,2026-09-23 17:25:48.8330000,0,1153,0,2026-09-23 17:25:48.8330000,41.444720,-74.223610
1632440,"Val Verde",3567,233,"11S","11S2H1S4Q",0,2010-01-01 00:00:00.0000000,0,0,0,2026-09-23 17:25:51.1700000,34.445740,-118.656830
2038306,"Woodfield",3562,233,"18T","18T2H5S2Q",2,2026-09-23 17:25:52.0970000,0,1088,0,2026-09-23 17:25:52.0970000,41.437220,-74.164440
1794163,"Bethany Park",3567,233,"10S","10S1H6S1Q",1,2026-07-26 12:20:41.2930000,1271658,0,0,2026-09-23 17:25:57.6300000,37.075780,-121.993020
2038441,"Beaverdam Lake-Salisbury Mills",3562,233,"18T","18T2H5S2Q",2,2026-09-23 17:25:57.7570000,0,527,0,2026-09-23 17:25:57.7570000,41.441620,-74.116290
1916754,"Beanblossom",3555,233,"16S","16S1H2S2Q",2,2013-09-12 03:45:08.8200000,0,7510144,0,2026-09-23 17:26:05.0670000,39.266990,-86.249160
2739747,"Kokorevo",2661,192,"35V","35V2H6S2Q",2,2026-09-23 17:26:11.8700000,0,1212,0,2026-09-23 17:26:11.8700000,57.821950,29.511550
2737522,"Krasnaya Sloboda",2661,192,"35V","35V2H6S2Q",2,2026-09-23 17:26:20.9670000,0,1577,0,2026-09-23 17:26:20.9670000,57.750000,29.550000
2822375,"Selnes",2282,168,"32V","32V1H2S2Q",1,2019-05-16 18:01:10.1930000,962,0,300,2026-09-23 17:27:04.2630000,63.716670,9.983330
2314889,"Port Ludlow",3578,233,"10T","10T1H2S2Q",2,2022-07-17 15:20:57.6630000,0,1009550,6300,2026-09-23 17:27:50.8330000,47.914040,-122.694750
2736665,"Frolovo",2661,192,"35V","35V2H6S2Q",2,2026-09-23 17:28:24.8870000,0,1062,0,2026-09-23 17:28:24.8870000,57.721620,29.559730
2735764,"Trebekha",2661,192,"35V","35V2H6S2Q",2,2026-09-23 17:28:28.3070000,0,1168,0,2026-09-23 17:28:28.3070000,57.695550,29.562870
2737886,"Porkhov",2661,192,"35V","35V2H6S2Q",2,2026-09-23 17:28:32.3300000,0,1056,0,2026-09-23 17:28:32.3300000,57.765020,29.556120
2738733,"Zapol'ye",2661,192,"35V","35V2H6S2Q",2,2026-09-23 17:28:35.5570000,0,1057,0,2026-09-23 17:28:35.5570000,57.792000,29.601120
2738345,"Polonoye",2661,192,"35V","35V2H6S2Q",2,2026-09-23 17:28:38.6000000,0,1121,0,2026-09-23 17:28:38.6000000,57.780200,29.631990
1612249,"Sherman Oaks",3567,233,"11S","11S2H1S4Q",3,2015-08-21 12:17:46.1400000,0,0,1033129,2026-09-23 17:31:14.2300000,34.151120,-118.449250
2487322,"Landwehrhagen",708,57,"32U","32U2H2S2Q",3,2026-09-23 17:34:19.2500000,0,0,9615,2026-09-23 17:34:34.1570000,51.350000,9.600000
2203112,"Gervais",3576,233,"10T","10T1H5S2Q",2,2026-09-19 17:03:46.8900000,0,10854,0,2026-09-23 17:34:44.9130000,45.108180,-122.897600
1788103,"Aptos",3567,233,"10S","10S1H6S3Q",3,2013-12-22 18:55:12.0430000,0,0,3053403,2026-09-23 17:35:31.4930000,36.977170,-121.899400
1918499,"Cornelius",3555,233,"16S","16S1H2S2Q",2,2013-12-03 22:53:04.3800000,0,6130299,0,2026-09-23 17:36:14.5500000,39.299770,-86.298050
2291332,"Zuerich (Kreis 11) / Affoltern",503,43,"32T","32T1H2S1Q",3,2024-06-28 19:32:40.5370000,0,0,7510122,2026-09-23 17:37:33.3800000,47.418140,8.512200
2448723,"Le Blanc Seau",950,75,"31U","31U2H2S4Q",2,2013-08-20 12:32:46.5230000,0,11435642,0,2026-09-23 17:37:33.3870000,50.683330,3.150000
864496,"Ban Thai Wat",3195,218,"47P","47P1H3S3Q",2,2026-04-20 14:23:54.9800000,0,977509,0,2026-09-23 17:37:51.5030000,14.200000,100.550000
866522,"Ban Huai Chorakhe",3195,218,"47P","47P1H3S3Q",2,2026-06-19 15:36:17.7830000,0,1026141,0,2026-09-23 17:37:51.5600000,14.250000,100.683330
852508,"Ban Pak Khlong Sip Ha",3213,218,"47P","47P1H6S1Q",2,2026-05-17 17:02:56.3300000,0,986248,0,2026-09-23 17:37:54.7130000,13.964920,100.937500
854389,"Ban Tai Aen Khlong Sip Si",3213,218,"47P","47P1H6S1Q",2,2026-06-11 14:11:55.6030000,0,741880,0,2026-09-23 17:37:55.6770000,13.997640,100.914640
1957022,"Quail Hill",3568,233,"13S","13S1H2S1Q",2,2014-09-23 13:15:56.7430000,0,1040059,0,2026-09-23 17:38:49.3770000,39.963060,-105.002220
2252714,"Harvey",3557,233,"16T","16T1H2S3Q",1,2012-08-06 01:18:15.5430000,770350,0,0,2026-09-23 17:40:13.6600000,46.491990,-87.351500
2200963,"Les Peintures",965,75,"30T","30T1H6S2Q",3,2026-09-23 17:40:24.6800000,0,0,1945,2026-09-23 17:40:24.6800000,45.066670,-0.100000
2736683,"Malitino",2661,192,"35V","35V2H6S2Q",2,2026-09-23 17:40:31.0870000,0,1156,0,2026-09-23 17:40:31.0870000,57.722280,29.664850
2204848,"Saint-Aigulin",947,75,"30T","30T1H6S2Q",3,2026-09-23 17:40:31.2470000,0,0,1094,2026-09-23 17:40:31.2470000,45.150000,-0.016670
2736664,"Lipki",2661,192,"35V","35V2H6S2Q",2,2026-09-23 17:40:35.1930000,0,1235,0,2026-09-23 17:40:35.1930000,57.721610,29.695060
2204849,"La Roche-Chalais",965,75,"31T","31T1H4S1Q",3,2026-09-23 17:40:36.9330000,0,0,1094,2026-09-23 17:40:36.9330000,45.150000,0.016670
2736116,"Turovo",2661,192,"35V","35V2H6S2Q",2,2026-09-23 17:40:39.2030000,0,1042,0,2026-09-23 17:40:39.2030000,57.704390,29.684340
2735050,"Bel'skoye Ust'ye",2661,192,"35V","35V2H6S2Q",2,2026-09-23 17:40:43.9070000,0,1165,0,2026-09-23 17:40:43.9070000,57.670300,29.701980
2204850,"Saint-Michel-l'Ecluse-et-Leparon",965,75,"31T","31T1H4S1Q",3,2026-09-23 17:40:48.3100000,0,0,1095,2026-09-23 17:40:48.3100000,45.150000,0.083330
2205525,"Bauzem",965,75,"31T","31T1H4S1Q",3,2026-09-23 17:40:43.8170000,0,0,2208,2026-09-23 17:40:52.8800000,45.166670,0.033330
2734588,"Logovino",2661,192,"35V","35V2H6S2Q",2,2026-09-23 17:40:53.2800000,0,1183,0,2026-09-23 17:40:53.2800000,57.653960,29.651820
2204851,"Servanches",965,75,"31T","31T1H4S1Q",3,2026-09-23 17:40:58.5270000,0,0,1095,2026-09-23 17:40:58.5270000,45.150000,0.166670
2199372,"Saint-Laurent-des-Hommes",965,75,"31T","31T1H4S1Q",3,2026-09-23 17:41:03.7870000,0,0,1024,2026-09-23 17:41:03.7870000,45.033330,0.250000
2304842,"West Port Madison",3578,233,"10T","10T1H2S2Q",1,2013-09-23 04:02:47.0230000,3084609,4136,0,2026-09-23 17:41:29.7030000,47.701760,-122.534860
1796004,"The Willows",3567,233,"10S","10S1H6S1Q",1,2026-01-19 19:49:57.8630000,1075343,0,0,2026-09-23 17:44:24.1670000,37.102730,-121.924680
2050345,"Blanes",909,68,"31T","31T2H5S1Q",3,2023-04-07 01:12:30.9830000,0,100378,1028908,2026-09-23 17:46:44.3770000,41.674190,2.790360
2793735,"Suolaakso",927,70,"35V","35V1H4S3Q",2,2014-04-11 10:55:25.0470000,0,1198917,0,2026-09-23 17:48:20.3900000,60.291190,24.530150
2190406,"Lemhi",3573,233,"12T","12T1H4S3Q",3,2025-04-29 21:02:15.9470000,0,0,25898,2026-09-23 17:50:54.4600000,44.851590,-113.619770
1527076,"Boulder Oaks",3567,233,"11S","11S2H5S4Q",3,2026-09-23 17:51:14.1330000,0,0,1200,2026-09-23 17:51:14.1330000,32.731720,-116.484740
1534446,"Mount Laguna",3567,233,"11S","11S2H5S4Q",3,2026-09-23 17:51:21.0630000,0,0,1200,2026-09-23 17:51:21.0630000,32.872270,-116.418350
2060062,"Parione",1377,110,"33T","33T2H4S1Q",3,2016-03-09 22:44:14.9800000,0,0,2876106,2026-09-23 17:51:21.9600000,41.899050,12.474120
1519325,"Canada Verde",2158,158,"11S","11S2H5S4Q",3,2026-09-23 17:51:26.7000000,0,0,1200,2026-09-23 17:51:26.7000000,32.583330,-116.400000
1536880,"Mesquite Oasis",3567,233,"11S","11S2H5S4Q",3,2024-10-28 02:28:24.1100000,125,0,3600,2026-09-23 17:51:41.5870000,32.919770,-116.218620
1520830,"Barrett Junction",3567,233,"11S","11S2H5S4Q",3,2026-09-23 17:52:03.8000000,0,0,861,2026-09-23 17:52:03.8000000,32.611450,-116.707240
2227753,"Gravanches",964,75,"31T","31T1H5S2Q",3,2022-08-31 15:52:29.8270000,0,300,19056,2026-09-23 17:52:11.9600000,45.800000,3.166670
1526216,"San Diego",3567,233,"11S","11S2H5S3Q",2,2023-07-20 17:07:54.3930000,0,2936803,300,2026-09-23 17:52:18.3430000,32.715330,-117.157260
1524763,"Fort Rosecrans",3567,233,"11S","11S2H5S3Q",2,2025-09-27 16:52:10.4730000,0,612789,300,2026-09-23 17:52:27.2530000,32.684220,-117.246150
2211598,"Baffour",964,75,"31T","31T1H5S2Q",2,2026-09-23 17:52:30.9770000,0,519,0,2026-09-23 17:52:30.9770000,45.333330,3.700000
2591946,"Garristown",1260,102,"29U","29U1H6S2Q",2,2023-09-09 07:32:38.6500000,0,122611,0,2026-09-23 17:52:35.3700000,53.566110,-6.385560
1529620,"Mission Beach",3567,233,"11S","11S2H5S3Q",2,2025-06-19 12:42:54.9400000,0,734429,300,2026-09-23 17:52:36.8230000,32.782550,-117.252260
2463881,"Terhagen",2271,167,"31U","31U2H3S4Q",2,2026-09-12 07:02:39.4300000,0,835509,0,2026-09-23 17:52:36.8230000,50.944170,5.756940
2209931,"La Vernede",964,75,"31T","31T1H5S2Q",2,2026-09-23 17:52:38.6730000,0,1587,0,2026-09-23 17:52:38.6730000,45.283330,3.716670
2209936,"Argentieres",964,75,"31T","31T1H5S2Q",2,2026-09-23 17:52:45.6770000,0,521,174,2026-09-23 17:52:45.6770000,45.283330,3.816670
2199194,"Boussoulet",964,75,"31T","31T1H6S1Q",3,2023-10-06 21:07:54.7330000,0,300,1183,2026-09-23 17:52:58.5630000,45.028270,4.122360
2199424,"Aulagnier Grand",964,75,"31T","31T1H6S1Q",3,2020-11-19 16:45:35.0730000,0,826,1150,2026-09-23 17:53:07.3470000,45.033330,4.250000
1716526,"Woodcrest",3545,233,"17S","17S2H3S2Q",3,2013-03-13 15:41:26.9070000,0,177235,178701,2026-09-23 17:54:21.2770000,35.803760,-78.612230
1982284,"Indian Heights",3555,233,"16T","16T2H5S4Q",3,2025-04-12 22:38:20.4830000,0,0,483348,2026-09-23 17:54:32.5300000,40.427260,-86.125550
2812050,"Tallnas",2822,198,"33V","33V1H2S4Q",1,2015-12-12 14:28:03.7000000,1200,0,816,2026-09-23 17:55:09.6970000,62.133330,15.666670
2812164,"Sund",2822,198,"33V","33V1H2S4Q",3,2026-09-23 17:55:17.4900000,0,0,1572,2026-09-23 17:55:17.4900000,62.150000,15.666670
2812279,"Viken",2822,198,"33V","33V1H2S4Q",3,2026-09-23 17:55:23.3570000,0,0,1572,2026-09-23 17:55:23.3570000,62.166670,15.683330
2814105,"Julasen",2807,198,"33V","33V1H2S4Q",3,2026-09-23 17:55:34.1730000,0,0,1005,2026-09-23 17:55:34.1730000,62.433330,15.816670
2814106,"Nedergardarna",2807,198,"33V","33V1H2S4Q",3,2026-09-23 17:55:37.4100000,0,0,1005,2026-09-23 17:55:37.4100000,62.433330,15.833330
2814003,"Rasjon",2807,198,"33V","33V1H2S4Q",3,2026-09-23 17:55:41.5230000,0,0,1005,2026-09-23 17:55:41.5230000,62.416670,15.633330
2175576,"Lebanon",3576,233,"10T","10T1H5S4Q",2,2025-02-03 21:48:05.0900000,0,14902,0,2026-09-23 17:55:49.5130000,44.536510,-122.907030
2532656,"Hoofddorp",2269,167,"31U","31U1H6S3Q",1,2015-10-06 10:29:50.3000000,3010479,0,38889,2026-09-23 17:56:18.0830000,52.302500,4.688890
2501721,"Fokkershoek",2270,167,"31U","31U2H3S2Q",3,2019-03-25 14:43:00.5270000,0,0,3089198,2026-09-23 17:56:48.3200000,51.658330,5.451390
2295326,"Duwamish",3578,233,"10T","10T1H2S2Q",1,2013-02-19 12:10:25.2830000,3996753,4228,0,2026-09-23 17:57:55.9100000,47.507040,-122.290960
1973544,"Lakeview",3571,233,"12T","12T2H5S3Q",1,2026-09-16 23:29:46.6200000,508737,0,0,2026-09-23 17:58:39.1500000,40.258010,-111.712430
1968509,"Springville",3571,233,"12T","12T2H5S3Q",1,2019-10-26 06:08:23.0600000,172443,0,0,2026-09-23 17:59:17.1030000,40.165230,-111.610750
2735811,"Shevnitsy",2661,192,"35V","35V2H6S2Q",2,2026-09-23 18:00:56.8330000,0,1091,0,2026-09-23 18:00:56.8330000,57.697360,29.796530
152402,"Sumacpampa",2383,175,"18L","18L2H3S4Q",1,2026-09-23 18:04:23.7170000,743,0,0,2026-09-23 18:04:23.7170000,-13.319170,-72.075000
152393,"Yucay",2383,175,"18L","18L2H3S4Q",1,2026-09-23 18:04:27.8870000,743,0,0,2026-09-23 18:04:27.8870000,-13.321390,-72.082220
152565,"Huachac",2383,175,"18L","18L2H3S4Q",1,2026-09-23 18:04:32.1370000,731,0,0,2026-09-23 18:04:32.1370000,-13.311110,-72.097780
152610,"Buena Vista",2383,175,"18L","18L2H3S4Q",1,2026-09-23 18:04:34.8900000,1142,0,0,2026-09-23 18:04:34.8900000,-13.300560,-72.102500
152155,"Amantoy Collanas",2383,175,"18L","18L2H3S4Q",1,2026-09-23 18:04:45.2500000,743,0,0,2026-09-23 18:04:45.2500000,-13.342500,-72.115280
1380953,"Williamsburg Hamlet",3549,233,"15R","15R1H4S1Q",1,2021-11-23 22:28:46.3870000,86196,0,0,2026-09-23 18:05:11.2600000,29.798900,-95.777500
2130236,"Saukville",3566,233,"16T","16T2H2S1Q",1,2026-06-08 05:03:53.8730000,13742,0,0,2026-09-23 18:05:26.1570000,43.381670,-87.940650
2811795,"Tevansjo",2822,198,"33V","33V1H2S4Q",3,2026-09-23 18:06:11.5200000,0,0,1008,2026-09-23 18:06:11.5200000,62.100000,15.466670
2811335,"Finneby",2822,198,"33V","33V1H2S4Q",3,2026-09-23 18:06:14.6200000,0,0,1008,2026-09-23 18:06:14.6200000,62.033330,15.466670
2810924,"Enskogen",2822,198,"33V","33V1H5S2Q",3,2026-09-23 18:06:17.9770000,0,0,1009,2026-09-23 18:06:17.9770000,61.966670,15.483330
2810814,"Laforsen",2822,198,"33V","33V1H5S2Q",3,2026-09-23 18:06:21.6330000,0,0,1009,2026-09-23 18:06:21.6330000,61.950000,15.516670
1427046,"Bluffton",3549,233,"14R","14R1H2S4Q",1,2026-05-10 15:18:24.8800000,14896,0,0,2026-09-23 18:06:24.6700000,30.820730,-98.491420
152198,"Tambillo Pata",2383,175,"18L","18L2H3S4Q",1,2026-09-23 18:07:03.0200000,743,0,0,2026-09-23 18:07:03.0200000,-13.334720,-72.126110
152591,"Urubamba",2383,175,"18L","18L2H3S4Q",1,2026-09-23 18:07:06.4970000,657,0,0,2026-09-23 18:07:06.4970000,-13.304720,-72.115830
152608,"El Pino",2383,175,"18L","18L2H3S4Q",1,2026-09-23 18:07:08.8500000,682,0,0,2026-09-23 18:07:08.8500000,-13.300830,-72.117500
152977,"Lambrapuquio",2383,175,"18L","18L2H3S4Q",1,2026-09-23 18:07:12.8370000,1250,0,0,2026-09-23 18:07:12.8370000,-13.274170,-72.105000
152774,"Ahuanmarca",2383,175,"18L","18L2H3S4Q",1,2026-09-23 18:07:20.0170000,1250,0,0,2026-09-23 18:07:20.0170000,-13.289440,-72.125830
2156731,"Eugene",3576,233,"10T","10T1H5S3Q",3,2024-10-03 23:02:28.9670000,500,0,1096279,2026-09-23 18:07:28.7300000,44.052070,-123.086750
2108471,"Tsruklevtsi",275,22,"34T","34T2H3S4Q",1,2026-06-09 11:11:03.7100000,31410,0,0,2026-09-23 18:07:29.6770000,42.950000,23.100000
152954,"Jajapunco",2383,175,"18L","18L2H3S4Q",1,2026-09-23 18:09:31.3800000,1250,0,0,2026-09-23 18:09:31.3800000,-13.280280,-72.126390
2578484,"Staveley",979,77,"30U","30U1H6S1Q",3,2025-03-19 07:30:45.8930000,0,0,148583,2026-09-23 18:11:32.5500000,53.266670,-1.350000
1893388,"Addison Heights",3585,233,"18S","18S1H1S3Q",1,2018-03-27 01:13:43.3070000,1002082,0,0,2026-09-23 18:12:24.6300000,38.855670,-77.060260
1893656,"Arlington Village",3585,233,"18S","18S1H1S3Q",1,2024-03-06 08:24:15.4770000,1000727,0,0,2026-09-23 18:12:40.5100000,38.861780,-77.085260
1890217,"Oakwood",3585,233,"18S","18S1H1S3Q",1,2015-03-03 01:02:09.9970000,1040365,0,0,2026-09-23 18:13:14.1100000,38.793720,-77.132480
2677103,"Slateford",977,77,"30U","30U1H2S1Q",3,2026-09-15 21:54:44.6200000,0,0,2182,2026-09-23 18:14:36.5530000,55.928050,-3.243460
2677659,"Corstorphine",977,77,"30U","30U1H2S1Q",3,2025-09-09 18:25:12.0700000,0,0,17185,2026-09-23 18:14:42.8800000,55.942940,-3.285000
2681206,"High Valleyfield",977,77,"30V","30V2H5S3Q",1,2018-08-26 09:53:28.0230000,495878,0,3619,2026-09-23 18:15:11.3030000,56.050000,-3.600000
2553151,"Bradley",979,77,"30U","30U1H5S4Q",2,2025-12-30 04:15:43.8800000,0,58038,0,2026-09-23 18:15:28.0070000,52.750000,-2.183330
1836562,"San Francisco",3567,233,"10S","10S1H5S2Q",3,2026-05-12 15:25:33.9530000,517,0,5122535,2026-09-23 18:17:43.1670000,37.774930,-122.419420
2421132,"Huckelheim",715,57,"32U","32U2H2S4Q",2,2013-04-16 13:09:35.2970000,0,733703,0,2026-09-23 18:19:51.4930000,50.133330,9.250000
2809871,"Bangs",2822,198,"33V","33V1H5S2Q",3,2026-09-23 18:20:40.2900000,0,0,875,2026-09-23 18:20:40.2900000,61.816670,15.716670
2809496,"Stocksbo",2822,198,"33V","33V1H5S2Q",3,2026-09-23 18:20:55.7670000,0,0,862,2026-09-23 18:20:55.7670000,61.766670,15.816670
2809750,"Storbyn",2822,198,"33V","33V1H5S2Q",3,2026-09-23 18:21:03.5470000,0,0,685,2026-09-23 18:21:03.5470000,61.800000,15.850000
2808785,"Hamre",2822,198,"33V","33V1H6S1Q",3,2026-09-23 18:21:24.9330000,0,0,684,2026-09-23 18:21:24.9330000,61.666670,16.133330
2806262,"Bollnas",2822,198,"33V","33V1H6S1Q",1,2013-06-24 00:39:50.3900000,1488,0,300,2026-09-23 18:21:53.5170000,61.348170,16.394640
2806123,"Freluga",2822,198,"33V","33V1H6S1Q",1,2013-02-21 10:46:33.1330000,1139,0,300,2026-09-23 18:22:03.8270000,61.333330,16.233330
2149193,"Minnesota Lake",3558,233,"15T","15T2H2S1Q",2,2026-09-23 18:23:58.6800000,0,1316,0,2026-09-23 18:23:58.6800000,43.841900,-93.831890
2152468,"Waldorf",3558,233,"15T","15T2H2S1Q",2,2026-09-23 18:24:41.6330000,0,1047,0,2026-09-23 18:24:41.6330000,43.934960,-93.697450
2160347,"Palmer",3558,233,"15T","15T1H5S3Q",2,2026-09-23 18:24:50.1600000,0,982,0,2026-09-23 18:24:50.1600000,44.153020,-93.541890
2165572,"Faribault",3558,233,"15T","15T1H5S3Q",2,2023-07-22 17:41:30.5000000,0,7468,0,2026-09-23 18:25:13.2830000,44.294960,-93.268830
2161115,"Medford",3558,233,"15T","15T1H5S3Q",2,2022-06-08 12:52:47.6070000,0,4355,0,2026-09-23 18:25:19.8730000,44.174130,-93.246320
2153411,"Vlasaty",3558,233,"15T","15T2H2S2Q",2,2023-01-10 15:13:25.4170000,0,15463,0,2026-09-23 18:25:35.1100000,43.964690,-92.849080
2153830,"Shanty Town",3558,233,"15T","15T2H2S2Q",2,2024-08-14 23:12:09.4330000,0,21620,0,2026-09-23 18:25:51.6200000,43.974130,-92.639910
2127247,"Ulao",3566,233,"16T","16T2H2S1Q",1,2025-05-19 01:32:07.9230000,6920,0,0,2026-09-23 18:26:28.9900000,43.320560,-87.916480
2156446,"East Winona",3566,233,"15T","15T1H6S3Q",2,2020-10-12 23:50:11.1600000,0,57961,0,2026-09-23 18:26:48.0870000,44.047740,-91.595150
2123023,"Thiensville",3566,233,"16T","16T2H2S1Q",1,2025-06-27 17:05:57.9370000,1955,0,0,2026-09-23 18:26:51.5800000,43.237510,-87.978700
2147753,"La Crosse",3566,233,"15T","15T2H3S1Q",1,2022-02-20 21:25:26.8570000,716050,600,0,2026-09-23 18:27:05.6000000,43.801360,-91.239580
1382893,"Martindale",3549,233,"14R","14R1H6S1Q",2,2026-08-23 06:04:45.6600000,0,521009,0,2026-09-23 18:27:33.4930000,29.845500,-97.840840
1892848,"Fort Barnard Heights",3585,233,"18S","18S1H1S3Q",1,2024-03-17 00:32:39.5630000,1005283,0,0,2026-09-23 18:30:00.7100000,38.846500,-77.089420
1895030,"Westover",3585,233,"18S","18S1H1S3Q",1,2016-02-09 02:57:01.2870000,1007934,0,0,2026-09-23 18:30:10.9800000,38.887060,-77.139420
2056123,"Balsorano Vecchio",1382,110,"33T","33T2H4S2Q",1,2026-09-23 18:30:14.9730000,7800,0,2623,2026-09-23 18:30:19.2500000,41.800000,13.566670
2125832,"Lakefield",3566,233,"16T","16T2H2S1Q",1,2026-03-21 01:53:17.3300000,9896,0,0,2026-09-23 18:31:32.1200000,43.295010,-87.925640
2151867,"Cedar Mills",457,38,"17T","17T2H3S1Q",2,2026-09-02 21:53:42.3370000,0,50914,0,2026-09-23 18:33:21.3370000,43.916810,-79.799640
2154126,"Sagries",954,75,"31T","31T2H3S1Q",3,2020-06-10 11:45:07.4630000,0,0,190613,2026-09-23 18:35:07.9570000,43.983330,4.416670
2515785,"Krzywin",2451,180,"33U","33U2H3S1Q",2,2026-09-14 21:28:36.4100000,0,102776,0,2026-09-23 18:35:10.6170000,51.962960,16.819850
2293850,"Tanner",3578,233,"10T","10T1H3S1Q",1,2024-12-12 08:19:07.0330000,3223012,0,0,2026-09-23 18:39:23.0130000,47.475380,-121.746220
2686893,"Kirimovo",2671,192,"37V","37V2H5S3Q",2,2026-04-17 04:06:05.5070000,0,101598,0,2026-09-23 18:39:45.9300000,56.200000,38.133330
2301771,"Carnation",3578,233,"10T","10T1H3S1Q",2,2014-08-12 15:34:29.7930000,0,1368609,0,2026-09-23 18:39:53.3870000,47.647880,-121.914010
1938237,"Ridgeley",3550,233,"17S","17S1H3S2Q",3,2018-08-26 10:54:38.6600000,0,0,30631234,2026-09-23 18:41:44.6830000,39.641480,-78.774460
1938985,"Cumberland",3542,233,"17S","17S1H3S2Q",3,2025-09-22 15:48:15.7670000,0,0,2601017,2026-09-23 18:41:53.4930000,39.652870,-78.762520
1938183,"Cumberland Heights",3542,233,"17S","17S1H3S2Q",3,2026-03-16 16:19:50.4000000,0,0,630250,2026-09-23 18:42:03.8900000,39.640090,-78.756960
1566051,"Two Harbors",3567,233,"11S","11S2H4S2Q",3,2019-04-20 01:53:57.2100000,0,0,1121076,2026-09-23 18:42:08.3600000,33.440030,-118.499250
1937668,"South Cumberland",3542,233,"17S","17S1H3S2Q",3,2026-06-12 17:36:52.0770000,0,0,390634,2026-09-23 18:42:12.9730000,39.632590,-78.755850
2304906,"Meadowbrook",3578,233,"10T","10T1H2S2Q",2,2016-04-13 05:00:36.3170000,517,1436363,0,2026-09-23 18:42:39.7600000,47.706110,-122.290280
2684747,"Dollar",977,77,"30V","30V2H5S3Q",1,2021-06-25 22:32:41.6630000,597283,300,4136,2026-09-23 18:43:04.1500000,56.150000,-3.666670
1956519,"Superior",3568,233,"13S","13S1H2S1Q",2,2014-04-20 21:17:47.2370000,0,970999,0,2026-09-23 18:43:36.7470000,39.952760,-105.168600
2804241,"Fansen",2822,198,"33V","33V1H6S1Q",3,2026-09-23 18:43:56.0030000,0,0,1014,2026-09-23 18:43:56.0030000,61.116670,16.233330
2804355,"Rimsbo",2822,198,"33V","33V1H6S1Q",3,2026-09-23 18:44:00.2570000,0,0,1014,2026-09-23 18:44:00.2570000,61.130310,16.172560
2804240,"Vittsjo",2822,198,"33V","33V1H6S1Q",3,2026-09-23 18:44:04.0130000,0,0,1015,2026-09-23 18:44:04.0130000,61.116670,16.100000
2804078,"Gruvberget",2822,198,"33V","33V1H6S1Q",3,2026-09-23 18:44:07.7070000,0,0,1050,2026-09-23 18:44:07.7070000,61.100000,16.166670
2802010,"Akerby",2822,198,"33V","33V1H6S3Q",3,2026-09-23 18:44:24.3070000,0,0,870,2026-09-23 18:44:24.3070000,60.883330,16.683330
2802158,"Gaverange",2822,198,"33V","33V1H6S3Q",3,2026-09-23 18:44:28.9500000,0,0,861,2026-09-23 18:44:28.9500000,60.900000,16.733330
2800070,"Ytterbyn",2822,198,"33V","33V1H6S3Q",3,2026-09-23 18:44:47.1800000,0,0,855,2026-09-23 18:44:47.1800000,60.700000,16.600000
2798949,"Attersta",2822,198,"33V","33V1H6S3Q",3,2026-09-23 18:44:57.2670000,0,0,970,2026-09-23 18:44:57.2670000,60.616670,16.600000
2303285,"Ravenna",3578,233,"10T","10T1H2S2Q",1,2013-06-23 00:01:22.5100000,3775175,0,0,2026-09-23 18:46:31.0700000,47.675650,-122.297630
2058624,"Warrenville",3552,233,"18T","18T2H6S2Q",1,2026-01-07 10:15:12.6130000,67683,0,0,2026-09-23 18:47:18.0400000,41.863430,-72.162580
2488094,"Wahnhausen",710,57,"32U","32U2H2S2Q",3,2026-09-23 18:47:27.6330000,0,0,9833,2026-09-23 18:47:35.3670000,51.366670,9.566670
2413169,"Zbydniowice",2439,180,"34U","34U2H4S2Q",2,2026-08-11 04:33:15.9030000,0,494264,0,2026-09-23 18:49:42.5130000,49.966240,19.954430
2055960,"Guarcino",1377,110,"33T","33T2H4S2Q",3,2013-04-19 14:53:14.9000000,0,0,41394,2026-09-23 18:49:44.6030000,41.799020,13.313400
2214195,"Sainte-Anne-de-Bellevue",459,38,"18T","18T1H6S1Q",1,2026-05-26 17:17:51.5670000,400685,0,0,2026-09-23 18:52:07.1500000,45.406180,-73.945600
1719790,"Brandermill",3545,233,"17S","17S2H3S2Q",3,2013-08-19 16:05:38.7130000,0,0,701207,2026-09-23 18:52:09.8600000,35.863210,-78.662500
1720478,"Village on the Green",3545,233,"17S","17S2H3S2Q",3,2013-08-20 13:36:48.3000000,0,0,981208,2026-09-23 18:54:10.3530000,35.873760,-78.660840
1992171,"Lawrenceville",3550,233,"17T","17T2H5S4Q",3,2023-01-09 10:11:34.8470000,248400,300,12812498,2026-09-23 18:54:35.4700000,40.617560,-80.543680
152957,"Panteompampa",2383,175,"18L","18L2H3S4Q",1,2026-09-23 18:56:00.9370000,1250,0,0,2026-09-23 18:56:00.9370000,-13.279720,-72.136670
1780348,"San Juan Bautista",3567,233,"10S","10S1H6S3Q",1,2024-05-18 00:20:12.7630000,981032,0,5300,2026-09-23 18:56:03.0430000,36.845510,-121.538000
153139,"Chicon",2383,175,"18L","18L2H3S4Q",1,2026-09-23 18:56:14.3770000,1366,0,0,2026-09-23 18:56:14.3770000,-13.260830,-72.087500
153339,"Cancha Cancha",2383,175,"18L","18L2H3S4Q",1,2026-09-23 18:56:17.7570000,743,0,0,2026-09-23 18:56:17.7570000,-13.235000,-72.028330
1880051,"Georgetown Village",3585,233,"18S","18S1H1S3Q",1,2014-02-12 10:31:32.7400000,3685778,0,10,2026-09-23 18:56:18.0700000,38.591510,-77.298590
154332,"Cuncani",2383,175,"18L","18L2H3S4Q",1,2026-09-23 18:56:20.6000000,621,0,0,2026-09-23 18:56:20.6000000,-13.161390,-72.092220
154354,"Quisuarani",2383,175,"18L","18L2H3S4Q",1,2026-09-23 18:56:22.6400000,621,0,0,2026-09-23 18:56:22.6400000,-13.155830,-72.031940
1879823,"Anden at the Woods",3585,233,"18S","18S1H1S3Q",1,2014-04-11 20:15:25.3030000,2464207,300,65,2026-09-23 18:56:24.1770000,38.585680,-77.310260
154501,"Pampacorral",2383,175,"18L","18L2H3S4Q",1,2026-09-23 18:56:25.8830000,621,0,0,2026-09-23 18:56:25.8830000,-13.148060,-72.012220
154537,"Collpana",2383,175,"18L","18L2H3S4Q",1,2026-09-23 18:56:27.7400000,621,0,0,2026-09-23 18:56:27.7400000,-13.137780,-72.016110
1880005,"Woodlea",3585,233,"18S","18S1H1S3Q",1,2018-05-06 16:18:44.5530000,1010878,0,0,2026-09-23 18:56:31.8470000,38.590400,-77.334430
2798715,"Vasterberg",2822,198,"33V","33V1H6S3Q",3,2026-09-23 18:56:32.7700000,0,0,972,2026-09-23 18:56:32.7700000,60.600000,16.550000
1879203,"Tripoli Heights",3585,233,"18S","18S1H1S3Q",1,2014-04-12 11:30:31.5030000,2668198,300,1034,2026-09-23 18:56:39.7130000,38.574010,-77.319700
2797552,"Torsaker",2822,198,"33V","33V1H6S3Q",3,2026-09-23 18:56:44.5700000,0,0,1281,2026-09-23 18:56:44.5700000,60.516670,16.483330
1879017,"Rose Hill",3585,233,"18S","18S1H1S3Q",1,2018-08-31 12:30:42.6870000,1001264,0,0,2026-09-23 18:56:47.0270000,38.569290,-77.314700
2795441,"Hedasen",2822,198,"33V","33V1H6S3Q",3,2026-09-23 18:56:59.2200000,0,0,876,2026-09-23 18:56:59.2200000,60.400000,16.700000
1881459,"Rippon Landing",3585,233,"18S","18S1H1S3Q",1,2014-03-24 23:05:08.6270000,3344242,0,345,2026-09-23 18:57:02.3570000,38.618880,-77.276070
2794628,"Sixbo",2822,198,"33V","33V1H6S3Q",3,2026-09-23 18:57:04.9400000,0,0,927,2026-09-23 18:57:04.9400000,60.350000,16.750000
2794366,"Vreta",2822,198,"33V","33V1H6S3Q",3,2026-09-23 18:57:16.6670000,0,0,927,2026-09-23 18:57:16.6670000,60.333330,16.783330
1882328,"Featherstone",3585,233,"18S","18S1H1S3Q",1,2014-04-24 10:23:31.1370000,2014290,0,0,2026-09-23 18:57:25.3100000,38.635120,-77.263870
1828611,"Saint Josephs Villa",3585,233,"18S","18S1H4S1Q",3,2026-09-23 18:58:12.6930000,0,0,616,2026-09-23 18:58:12.6930000,37.631530,-77.461370
2379621,"Ros",715,57,"32U","32U2H6S1Q",3,2015-01-10 19:37:20.1030000,0,0,714417,2026-09-23 18:59:07.6370000,49.250000,10.550000
2306555,"Briarcrest",3578,233,"10T","10T1H2S2Q",1,2021-04-10 11:26:25.8300000,3748979,0,0,2026-09-23 19:00:10.3770000,47.743710,-122.297350
2743141,"Borok",2666,192,"36V","36V2H4S1Q",2,2026-09-23 19:00:17.8200000,0,1111,0,2026-09-23 19:00:17.8200000,57.940220,30.729580
2304931,"Victory Heights",3578,233,"10T","10T1H2S2Q",1,2013-04-19 01:00:52.8830000,3750226,0,0,2026-09-23 19:00:23.7330000,47.707600,-122.307630
1829211,"Northwoods",3585,233,"18S","18S1H4S1Q",3,2026-09-23 19:00:42.1400000,0,0,822,2026-09-23 19:00:42.1400000,37.640700,-77.478870
2303258,"Redmond",3578,233,"10T","10T1H2S2Q",2,2014-06-23 14:04:49.5530000,4954,2858942,0,2026-09-23 19:00:45.7870000,47.673990,-122.121510
2794101,"Klappsta",2822,198,"33V","33V1H6S3Q",3,2026-09-23 19:01:22.2630000,0,0,927,2026-09-23 19:01:22.2630000,60.316670,16.800000
2791884,"Gaddsjo",2806,198,"33V","33V1H6S3Q",1,2015-08-22 11:52:07.8170000,1094,0,300,2026-09-23 19:01:44.7200000,60.183330,16.916670
2489156,"Rothwesten",710,57,"32U","32U2H2S2Q",3,2026-09-23 19:02:24.4270000,0,0,9826,2026-09-23 19:02:31.8870000,51.385230,9.522660
1881806,"Saint Louis",3543,233,"15S","15S1H3S4Q",2,2020-12-11 03:42:56.4900000,0,6665498,0,2026-09-23 19:03:48.2700000,38.627270,-90.197890
1821672,"Windsor",3585,233,"18S","18S1H4S1Q",3,2026-09-23 19:05:29.5630000,0,0,620,2026-09-23 19:05:29.5630000,37.505420,-77.217470
2708963,"Vtuzgorodok",2705,192,"41V","41V2H4S3Q",1,2026-07-24 09:39:04.8830000,1055003,0,0,2026-09-23 19:05:32.0270000,56.851110,60.658060
1819888,"Elko",3585,233,"18S","18S1H4S1Q",3,2026-09-23 19:05:45.9330000,0,0,645,2026-09-23 19:05:45.9330000,37.472920,-77.211360
2609548,"Wansford",979,77,"30U","30U1H6S2Q",1,2026-07-04 19:24:59.4100000,413044,0,0,2026-09-23 19:06:32.3770000,53.990920,-0.381170
2056498,"Balsorano",1382,110,"33T","33T2H4S2Q",3,2018-12-31 01:15:30.1670000,3300,0,52905,2026-09-23 19:06:38.6200000,41.809820,13.559800
1823359,"Orapax Farms",3585,233,"18S","18S1H4S1Q",3,2026-09-23 19:06:51.7230000,0,0,671,2026-09-23 19:06:51.7230000,37.533760,-77.205530
2526485,"Lippe",713,57,"33U","33U1H4S4Q",3,2026-09-23 19:08:15.0200000,0,0,636,2026-09-23 19:08:15.0200000,52.183330,13.850000
1751909,"Creeksville",3545,233,"18S","18S1H4S3Q",3,2013-03-03 14:45:12.8170000,0,0,12354,2026-09-23 19:08:20.6470000,36.394040,-77.303580
1751855,"Lawsonville",3545,233,"17S","17S1H6S3Q",3,2013-10-11 12:24:00.7270000,0,0,10336,2026-09-23 19:09:18.6970000,36.392910,-79.563640
1821698,"Five Lakes Subdivision",3585,233,"18S","18S1H4S1Q",3,2026-09-23 19:09:27.4770000,0,0,640,2026-09-23 19:09:27.4770000,37.506000,-77.174400
1746552,"Ceramic",3545,233,"17S","17S1H5S4Q",3,2020-06-20 20:14:33.3200000,0,0,6863,2026-09-23 19:09:37.4400000,36.306800,-80.085600
1369534,"Gonzales",3549,233,"14R","14R1H6S1Q",3,2026-09-23 19:09:55.1400000,0,0,1177,2026-09-23 19:09:55.1400000,29.501630,-97.452490
1358729,"Sample",3549,233,"14R","14R1H6S1Q",3,2026-09-23 19:10:20.3800000,0,0,1141,2026-09-23 19:10:20.3800000,29.218860,-97.523330
1361660,"Pilgrim",3549,233,"14R","14R1H6S1Q",3,2026-09-23 19:10:30.1330000,0,0,1140,2026-09-23 19:10:30.1330000,29.293300,-97.521940
2303001,"Puspokmajor",1217,100,"34T","34T1H1S2Q",3,2024-12-30 10:40:23.5900000,0,0,2714273,2026-09-23 19:12:18.7000000,47.666670,19.066670
2678388,"Philpstoun",977,77,"30U","30U1H2S1Q",1,2026-09-17 19:09:23.3700000,364446,0,0,2026-09-23 19:12:33.4130000,55.966670,-3.500000
2686251,"Kuroyedovo",2671,192,"37V","37V2H5S3Q",2,2026-04-17 03:54:15.7170000,0,12818,0,2026-09-23 19:13:36.9400000,56.183330,38.150000
2058603,"Trevi nel Lazio",1377,110,"33T","33T2H4S2Q",3,2014-01-25 21:24:05.5800000,0,0,62563,2026-09-23 19:14:40.9000000,41.863020,13.250100
2060067,"San Eustacio",1377,110,"33T","33T2H4S1Q",3,2016-03-09 22:44:23.2930000,0,0,2930022,2026-09-23 19:14:49.2770000,41.899310,12.477210
7929,"Georges Creek",140,13,"55H","55H2H2S2Q",3,2026-09-23 19:17:54.6200000,0,0,4938,2026-09-23 19:17:57.6670000,-36.183330,147.283330
2316377,"Jamison Corner",3578,233,"10T","10T1H2S2Q",2,2016-07-22 15:02:46.7670000,0,1334192,0,2026-09-23 19:17:58.7830000,47.935380,-122.012070
2791893,"Havberga",2806,198,"33V","33V1H6S4Q",1,2015-08-22 11:51:44.6800000,3098,0,300,2026-09-23 19:18:02.9400000,60.183330,17.183330
1888268,"Glasgow Village",3543,233,"15S","15S1H3S4Q",2,2026-09-21 18:52:11.3070000,1551,1214022,1069264,2026-09-23 19:18:04.1000000,38.753660,-90.198440
2791897,"Gastbo",2806,198,"33V","33V1H6S4Q",1,2015-09-05 20:50:31.6430000,416,0,300,2026-09-23 19:18:10.3970000,60.183330,17.233330
2791899,"Staffansbo",2806,198,"33V","33V1H6S4Q",3,2026-09-23 19:18:20.9000000,364,0,600,2026-09-23 19:18:20.9000000,60.183330,17.250000
2791902,"Stigmota",2806,198,"33V","33V1H6S4Q",1,2015-09-05 20:20:01.5630000,806,0,300,2026-09-23 19:18:34.6000000,60.183330,17.266670
2791904,"Gundbo",2806,198,"33V","33V1H6S4Q",1,2015-09-08 15:43:42.5570000,484,0,300,2026-09-23 19:18:42.5630000,60.183330,17.283330
2791582,"Barby",2806,198,"33V","33V1H6S4Q",1,2015-09-05 20:10:15.2970000,800,0,300,2026-09-23 19:18:58.2300000,60.166670,17.266670
1710613,"Chandler",3546,233,"14S","14S2H3S2Q",3,2020-01-31 10:54:47.4730000,0,0,21962,2026-09-23 19:19:04.2370000,35.701730,-96.880860
2489415,"Knickhagen",710,57,"32U","32U2H2S2Q",3,2026-09-23 19:21:41.0800000,0,0,9604,2026-09-23 19:21:47.9500000,51.395890,9.553640
2125078,"Winchester",3576,233,"10T","10T2H2S1Q",2,2026-09-23 02:43:18.8600000,0,1442,0,2026-09-23 19:25:46.4800000,43.280120,-123.353690
2121747,"Roseburg",3576,233,"10T","10T2H2S1Q",2,2026-09-23 05:37:07.7730000,0,8537,0,2026-09-23 19:26:33.8770000,43.216500,-123.341740
1842687,"Orinda Village",3567,233,"10S","10S1H5S2Q",2,2025-08-26 02:08:32.3270000,0,3047907,1034,2026-09-23 19:28:11.0630000,37.887430,-122.195520
1841193,"Rheem",3567,233,"10S","10S1H5S2Q",2,2025-10-27 18:57:08.2570000,0,3030897,1034,2026-09-23 19:28:20.9670000,37.860760,-122.127190
1842932,"Sacanap",3567,233,"10S","10S1H5S2Q",2,2025-12-04 09:23:09.7930000,0,2973023,517,2026-09-23 19:28:26.8100000,37.893260,-122.076070
1844798,"Waldon",3567,233,"10S","10S1H5S2Q",2,2025-02-26 00:31:28.5900000,0,3115806,517,2026-09-23 19:28:32.1630000,37.926310,-122.055520
1844887,"Sparkle",3567,233,"10S","10S1H5S2Q",2,2025-02-01 00:39:16.9270000,0,3018829,517,2026-09-23 19:28:38.4930000,37.928260,-122.056630
1845043,"Las Juntas",3567,233,"10S","10S1H5S2Q",2,2025-04-29 06:41:13.4270000,0,3022710,517,2026-09-23 19:28:43.7270000,37.931870,-122.054410
1845344,"Bancroft",3567,233,"10S","10S1H5S2Q",2,2025-05-26 20:40:01.6570000,0,3035500,517,2026-09-23 19:28:48.1430000,37.933810,-122.047180
1870575,"Wilton",3567,233,"10S","10S1H3S3Q",3,2026-09-23 18:34:56.3270000,0,1296696,1327136,2026-09-23 19:28:48.7500000,38.412980,-121.212710
1516443,"Elva",3549,233,"14S","14S2H6S4Q",3,2023-12-22 22:15:00.8630000,0,0,2848291,2026-09-23 19:29:29.9570000,32.526800,-96.794720
2643042,"Carlisle",979,77,"30U","30U1H2S4Q",3,2026-03-17 19:24:28.2070000,300,0,439843,2026-09-23 19:29:53.4730000,54.895100,-2.938200
2745100,"Murav'yevo",2666,192,"36V","36V2H1S4Q",2,2026-09-23 19:30:04.4270000,0,1051,0,2026-09-23 19:30:04.4270000,58.009130,31.244560
2643154,"Stanwix",979,77,"30U","30U1H2S4Q",3,2026-03-17 19:24:39.1070000,300,0,8734,2026-09-23 19:30:07.5000000,54.900000,-2.933330
2744569,"Pugovkino",2666,192,"36V","36V2H4S2Q",2,2026-09-23 19:30:07.7170000,0,1044,0,2026-09-23 19:30:07.7170000,57.989790,31.242880
1864134,"Five Mile Fork",3585,233,"18S","18S1H1S3Q",1,2024-12-12 15:38:03.6270000,12292,0,0,2026-09-23 19:30:09.6270000,38.290130,-77.553320
2743617,"Bol'shoye Nochkovo",2666,192,"36V","36V2H4S2Q",2,2026-09-23 19:30:11.9100000,0,1113,0,2026-09-23 19:30:11.9100000,57.957500,31.262900
2743683,"Ostryye Luki",2666,192,"36V","36V2H4S2Q",2,2026-09-23 19:30:16.5200000,0,1113,0,2026-09-23 19:30:16.5200000,57.961100,31.279100
2743592,"Luchki",2666,192,"36V","36V2H4S2Q",2,2026-09-23 19:30:21.0570000,0,1113,0,2026-09-23 19:30:21.0570000,57.956100,31.298200
2743406,"Kosino",2666,192,"36V","36V2H4S2Q",2,2026-09-23 19:30:24.0000000,0,1113,0,2026-09-23 19:30:24.0000000,57.950000,31.300000
2743123,"Zhilino",2666,192,"36V","36V2H4S2Q",2,2026-09-23 19:30:26.8470000,0,1113,0,2026-09-23 19:30:26.8470000,57.939600,31.279200
2743002,"Garizha",2666,192,"36V","36V2H4S2Q",2,2026-09-23 19:30:29.9070000,0,1044,0,2026-09-23 19:30:29.9070000,57.934300,31.294300
2647761,"Dalton",979,77,"30U","30U1H3S1Q",3,2025-01-10 15:08:46.0230000,300,0,425122,2026-09-23 19:30:38.4870000,55.042830,-1.828620
1865718,"Falmouth Bridge",3585,233,"18S","18S1H1S3Q",1,2026-09-23 19:30:38.6700000,1657,0,0,2026-09-23 19:30:38.6700000,38.319500,-77.472600
1864415,"Hazel Hill",3585,233,"18S","18S1H1S3Q",1,2026-09-23 19:30:45.9870000,1739,0,0,2026-09-23 19:30:48.6900000,38.296790,-77.458320
2791580,"Hemmingsbo",2806,198,"33V","33V1H6S4Q",3,2026-09-23 19:30:50.3470000,469,0,600,2026-09-23 19:30:50.3470000,60.166670,17.250000
2642033,"Pelton Fell",979,77,"30U","30U1H3S3Q",3,2025-11-10 14:17:26.4400000,300,0,5453,2026-09-23 19:30:55.6630000,54.866670,-1.600000
2487224,"Rott",707,57,"32U","32U2H1S1Q",2,2014-08-27 04:47:42.6800000,0,14687748,0,2026-09-23 19:30:57.2570000,51.350000,6.600000
2791276,"Norrsalja",2806,198,"33V","33V1H6S4Q",1,2015-09-11 19:13:54.4900000,519,0,300,2026-09-23 19:30:57.9270000,60.150000,17.216670
2642375,"Pelton",979,77,"30U","30U1H3S3Q",3,2025-11-10 14:20:53.9430000,300,0,32965,2026-09-23 19:31:01.4330000,54.873050,-1.609500
1868376,"Bexley Manor",3585,233,"18S","18S1H1S3Q",1,2013-12-31 13:29:56.9100000,753593,0,0,2026-09-23 19:31:03.1000000,38.371200,-77.398000
2746711,"Maloye Voronovo",2666,192,"36V","36V2H1S4Q",2,2026-09-23 19:31:07.3570000,0,1044,0,2026-09-23 19:31:07.3570000,58.063380,31.253960
2644672,"Gateshead",979,77,"30U","30U1H3S3Q",3,2025-09-22 20:31:45.6200000,300,0,11964,2026-09-23 19:31:07.9670000,54.945000,-1.617500
1860602,"Olive",3585,233,"18S","18S1H1S3Q",1,2013-07-27 16:58:12.9900000,671284,0,0,2026-09-23 19:31:22.2830000,38.219570,-77.441090
2628758,"Kildale",979,77,"30U","30U1H3S3Q",1,2026-09-23 19:31:22.9070000,1080,0,0,2026-09-23 19:31:22.9070000,54.475420,-1.065240
2628157,"Battersby",979,77,"30U","30U1H3S3Q",1,2026-09-23 19:31:25.6400000,654,0,517,2026-09-23 19:31:25.6400000,54.458960,-1.079580
2791275,"Lindsbro",2806,198,"33V","33V1H6S4Q",3,2026-09-23 19:31:29.4400000,0,0,303,2026-09-23 19:31:29.4400000,60.150000,17.200000
2630961,"Hinderwell",979,77,"30U","30U1H3S4Q",1,2026-09-23 19:31:35.6670000,1001,0,0,2026-09-23 19:31:35.6670000,54.538260,-0.773590
2791022,"Brattberg",2806,198,"33V","33V1H6S4Q",3,2026-09-23 19:31:50.2000000,0,0,304,2026-09-23 19:31:50.2000000,60.133330,17.183330
2786836,"Luizino",2675,192,"35V","35V2H3S2Q",3,2016-10-28 15:04:38.6700000,0,0,1838953,2026-09-23 19:32:27.5470000,59.859090,29.923420
2303290,"Ballard",3578,233,"10T","10T1H2S2Q",1,2020-12-31 22:18:23.9570000,4012723,5171,0,2026-09-23 19:32:35.5730000,47.675930,-122.387350
2746973,"Bol'shoye Voronovo",2666,192,"36V","36V2H1S4Q",2,2026-09-23 19:34:14.1630000,0,1044,0,2026-09-23 19:34:14.1630000,58.069240,31.259360
2791021,"Vreta",2806,198,"33V","33V1H6S4Q",3,2026-09-23 19:34:22.3370000,0,0,304,2026-09-23 19:34:22.3370000,60.133330,17.166670
2030004,"Omaha Regency",3559,233,"14T","14T2H6S2Q",2,2025-08-11 02:59:16.4470000,0,1413626,0,2026-09-23 19:34:54.2800000,41.269440,-96.185860
2738913,"Yegol'skoye",2661,192,"36V","36V2H4S1Q",3,2026-09-23 19:36:27.2130000,0,0,691,2026-09-23 19:36:27.2130000,57.799800,30.184300
2739282,"Stvolino",2661,192,"36V","36V2H4S1Q",3,2026-09-23 19:36:40.9470000,0,0,378,2026-09-23 19:36:40.9470000,57.808100,30.220900
2738736,"Kor'khovo",2661,192,"36V","36V2H4S1Q",3,2026-09-23 19:36:47.3700000,0,0,685,2026-09-23 19:36:47.3700000,57.792080,30.142860
2738216,"Vyskod'",2661,192,"36V","36V2H4S1Q",3,2026-09-23 19:36:53.8000000,0,0,360,2026-09-23 19:36:53.8000000,57.773850,30.080420
2790786,"Kvarsta",2806,198,"33V","33V1H6S4Q",3,2026-09-23 19:36:57.1870000,0,0,304,2026-09-23 19:36:57.1870000,60.116670,17.200000
2740668,"Selishche",2661,192,"36V","36V2H4S1Q",3,2026-09-23 19:36:59.1170000,0,0,328,2026-09-23 19:36:59.1170000,57.852600,30.141100
2056624,"Hankins",3562,233,"18T","18T2H5S1Q",1,2026-09-23 19:37:10.0430000,1112,0,0,2026-09-23 19:37:10.0430000,41.814250,-75.086830
2057171,"Stalker",3584,233,"18T","18T2H5S1Q",1,2026-09-23 19:37:12.7970000,1104,0,0,2026-09-23 19:37:12.7970000,41.826200,-75.120450
2067472,"Apex",3562,233,"18T","18T2H2S3Q",1,2026-09-23 19:37:18.9600000,1099,0,0,2026-09-23 19:37:18.9600000,42.067310,-75.249060
2068425,"Rock Rift",3562,233,"18T","18T2H2S3Q",1,2026-09-23 19:37:21.6730000,1130,0,0,2026-09-23 19:37:21.6730000,42.092310,-75.191840
2518966,"Klein Heidekamp",2273,167,"31U","31U1H6S4Q",1,2017-12-15 08:40:48.3470000,950015,0,0,2026-09-23 19:37:22.7300000,52.033330,5.900000
2746983,"Lukino",2666,192,"36V","36V2H1S4Q",2,2026-09-23 19:37:36.6870000,0,1044,0,2026-09-23 19:37:36.6870000,58.069990,31.240380
1595071,"Fleetwood",3546,233,"14S","14S2H6S1Q",1,2026-09-23 19:38:01.4470000,1110,0,0,2026-09-23 19:38:01.4470000,33.896770,-97.851140
2529034,"Busch",713,57,"33U","33U1H4S4Q",2,2026-09-23 19:38:21.1400000,0,517,30,2026-09-23 19:38:21.1400000,52.233330,13.866670
2073116,"Trout Creek",3562,233,"18T","18T2H2S3Q",1,2026-09-23 19:38:27.4900000,1140,0,0,2026-09-23 19:38:27.4900000,42.203690,-75.279340
1478330,"Baker Hill",3551,233,"16R","16R1H3S1Q",2,2022-01-07 14:39:03.5070000,0,102220,0,2026-09-23 19:38:32.8770000,31.781270,-85.302160
2069863,"Beerston",3562,233,"18T","18T2H2S3Q",1,2026-09-23 19:38:34.5930000,1144,0,0,2026-09-23 19:38:34.5930000,42.125360,-75.162670
2747422,"Shishimorovo",2666,192,"36V","36V2H1S4Q",2,2026-09-23 19:39:02.7500000,0,1111,0,2026-09-23 19:39:02.7500000,58.083600,31.212280
2566775,"Wybunbury",979,77,"30U","30U1H5S2Q",2,2024-10-09 12:14:23.2500000,0,405800,0,2026-09-23 19:40:13.6000000,53.033330,-2.450000
2790787,"Risange",2806,198,"33V","33V1H6S4Q",3,2026-09-23 19:42:56.4870000,0,0,304,2026-09-23 19:42:56.4900000,60.116670,17.233330
2790330,"Marstalla",2806,198,"33V","33V1H6S4Q",3,2026-09-23 19:43:02.1930000,0,0,304,2026-09-23 19:43:02.1930000,60.083330,17.266670
2747033,"Otvidino",2666,192,"36V","36V2H1S4Q",2,2026-09-23 19:43:34.7000000,0,1040,0,2026-09-23 19:43:34.7000000,58.072520,31.409890
2112045,"Myrtle Creek",3576,233,"10T","10T2H2S1Q",2,2026-09-23 07:25:00.8230000,0,10330,0,2026-09-23 19:44:15.0800000,43.020120,-123.293120
2748528,"Chertitsko",2666,192,"36V","36V2H1S4Q",2,2026-09-23 19:44:15.1000000,0,1700,0,2026-09-23 19:44:15.1000000,58.124680,31.437550
2059511,"San Paolo",1377,110,"33T","33T2H4S1Q",3,2019-06-01 21:06:21.9970000,0,0,2999345,2026-09-23 19:45:41.6700000,41.883330,12.483330
2748806,"Nekrasovo",2666,192,"36V","36V2H1S4Q",2,2026-09-23 19:47:08.7800000,0,1696,0,2026-09-23 19:47:08.7800000,58.133330,31.450000
2557538,"Surfleet",979,77,"30U","30U1H6S4Q",3,2026-09-23 19:47:37.8400000,0,0,663,2026-09-23 19:47:37.8430000,52.837000,-0.144370
2556205,"Pinchbeck",979,77,"30U","30U1H6S4Q",3,2026-09-23 19:47:45.5000000,0,0,663,2026-09-23 19:47:45.5000000,52.813030,-0.162560
2556006,"Weston",979,77,"30U","30U1H6S4Q",3,2026-09-23 19:47:53.2670000,0,0,663,2026-09-23 19:47:53.2670000,52.805040,-0.088920
2555495,"Moulton",979,77,"30U","30U1H6S4Q",3,2026-09-23 19:48:07.4800000,0,0,663,2026-09-23 19:48:07.4800000,52.799130,-0.063690
2741763,"Gusyata",2662,192,"40V","40V2H5S1Q",2,2023-05-12 08:54:21.8700000,0,2021180,0,2026-09-23 19:48:18.1530000,57.893060,56.078610
2555504,"Whaplode",979,77,"30U","30U1H6S4Q",3,2026-09-23 19:48:25.4930000,0,0,1040,2026-09-23 19:48:25.4930000,52.799340,-0.036390
2556867,"Holbeach Clough",979,77,"30U","30U1H6S4Q",3,2026-09-23 19:48:37.3870000,0,0,1040,2026-09-23 19:48:37.3870000,52.824760,-0.011330
2790089,"By",2806,198,"33V","33V1H6S4Q",3,2026-09-23 19:48:53.6430000,0,0,402,2026-09-23 19:48:53.6430000,60.066670,17.266670
2790088,"Kabbo",2806,198,"33V","33V1H6S4Q",3,2026-09-23 19:48:59.7670000,0,0,306,2026-09-23 19:48:59.7670000,60.066670,17.216670
2555175,"Spalding",979,77,"30U","30U1H6S4Q",3,2026-09-23 19:49:31.6600000,0,0,663,2026-09-23 19:49:31.6600000,52.787090,-0.151410
2172519,"Giulesti",2632,190,"35T","35T1H5S3Q",3,2026-07-07 19:33:25.7130000,0,0,340035,2026-09-23 19:49:34.0330000,44.466670,26.000000
2553003,"Cowbit",979,77,"30U","30U1H6S4Q",3,2026-09-23 19:49:41.4300000,0,0,663,2026-09-23 19:49:41.4300000,52.745230,-0.129780
2790329,"On",2806,198,"33V","33V1H6S4Q",3,2026-09-23 19:49:45.8100000,0,0,305,2026-09-23 19:49:45.8100000,60.083330,17.216670
2553038,"Moulton Chapel",979,77,"30U","30U1H6S4Q",3,2026-09-23 19:49:47.7870000,0,0,663,2026-09-23 19:49:47.7870000,52.746680,-0.082740
2555976,"Holbeach",979,77,"31U","31U1H4S3Q",3,2026-09-23 19:49:57.7670000,0,0,663,2026-09-23 19:49:57.7670000,52.804010,0.014420
1403415,"Claybank",3541,233,"15R","15R1H3S4Q",2,2025-09-20 16:18:43.7930000,0,1917349,0,2026-09-23 19:50:04.0200000,30.338800,-90.863150
2747828,"Mirogoshcha",2666,192,"36V","36V2H1S4Q",2,2026-09-23 19:50:06.1430000,0,1044,0,2026-09-23 19:50:06.1430000,58.100000,31.427040
2219519,"Le Bourget",945,75,"32T","32T1H4S1Q",3,2026-09-23 19:50:13.3930000,0,0,1503,2026-09-23 19:50:13.3970000,45.566670,6.183330
2296333,"Dunlap",3578,233,"10T","10T1H2S2Q",1,2020-02-19 17:09:49.5230000,4050029,5105,0,2026-09-23 19:50:16.7270000,47.531490,-122.269570
2218448,"La Thuile",945,75,"32T","32T1H4S1Q",3,2026-09-23 19:50:25.5200000,0,0,1000,2026-09-23 19:50:25.5200000,45.533330,6.050000
2076271,"Cooks Corner",3583,233,"18T","18T2H3S4Q",1,2019-07-21 14:35:13.8670000,690606,0,0,2026-09-23 19:50:29.4430000,42.277870,-72.470360
2219007,"Rongere",945,75,"32T","32T1H4S1Q",3,2026-09-23 19:50:34.9370000,0,0,1573,2026-09-23 19:50:34.9370000,45.550000,6.066670
2219514,"Puygros",945,75,"32T","32T1H4S1Q",3,2026-09-23 19:50:38.5930000,0,0,1062,2026-09-23 19:50:38.5930000,45.566670,6.033330
2217905,"Chignin",945,75,"32T","32T1H4S1Q",3,2026-09-23 19:50:42.5200000,0,0,1099,2026-09-23 19:50:42.5200000,45.516670,6.016670
2217904,"Myans",945,75,"31T","31T1H6S2Q",3,2026-09-23 19:50:47.9400000,0,0,1133,2026-09-23 19:50:47.9430000,45.516670,5.983330
2218447,"Saint-Jeoire-Prieure",945,75,"31T","31T1H6S2Q",3,2026-09-23 19:50:55.0430000,0,0,1081,2026-09-23 19:50:55.0430000,45.533330,5.983330
2219006,"Challes-les-Eaux",945,75,"31T","31T1H6S2Q",3,2026-09-23 19:50:59.6400000,0,0,1439,2026-09-23 19:50:59.6400000,45.550000,5.983330
2219513,"Marle",945,75,"32T","32T1H4S1Q",3,2026-09-23 19:51:57.6830000,0,0,1113,2026-09-23 19:51:57.6830000,45.566670,6.016670
2745996,"Berezitsko",2666,192,"36V","36V2H1S4Q",2,2026-09-23 19:53:28.6770000,0,1044,0,2026-09-23 19:53:28.6770000,58.037310,31.588980
2790328,"Svina",2806,198,"33V","33V1H6S4Q",3,2026-09-23 19:55:34.8630000,0,0,305,2026-09-23 19:55:34.8670000,60.083330,17.200000
2790087,"Haga",2806,198,"33V","33V1H6S4Q",3,2026-09-23 19:55:40.6900000,0,0,306,2026-09-23 19:55:40.6900000,60.066670,17.200000
1514304,"Pecan Hill",3549,233,"14S","14S2H6S4Q",3,2025-10-15 22:53:09.0770000,0,0,65627,2026-09-23 19:56:22.5370000,32.486530,-96.785830
2555340,"Fleet",979,77,"31U","31U1H4S3Q",3,2026-09-23 19:56:49.6300000,0,0,1048,2026-09-23 19:56:49.6300000,52.793210,0.058540
2555460,"Gedney",979,77,"31U","31U1H4S3Q",3,2026-09-23 19:56:57.4300000,0,0,1048,2026-09-23 19:56:57.4300000,52.797680,0.079140
12820,"Hunter's Hill",143,13,"56H","56H1H1S4Q",3,2017-03-27 04:38:27.9900000,0,0,1222861,2026-09-23 19:57:04.1400000,-33.816700,151.133000
2556094,"Lutton",979,77,"31U","31U1H4S3Q",3,2026-09-23 19:57:07.0600000,0,0,1048,2026-09-23 19:57:07.0600000,52.808370,0.124970
2555164,"Long Sutton",979,77,"31U","31U1H4S3Q",3,2026-09-23 19:57:13.4870000,0,0,1048,2026-09-23 19:57:13.4870000,52.786460,0.118960
2290313,"Pestimre",1222,100,"34T","34T1H1S2Q",1,2010-01-01 00:00:00.0000000,470770,0,0,2026-09-23 19:58:19.7430000,47.400000,19.200000
7913,"Bullioh",140,13,"55H","55H2H2S2Q",2,2026-04-23 01:47:09.2600000,0,6169,3000,2026-09-23 19:58:42.3600000,-36.200000,147.333330
2528164,"Herzberg",713,57,"33U","33U1H5S3Q",3,2026-09-18 19:23:10.8630000,0,0,1820,2026-09-23 19:58:57.9930000,52.216670,14.116670
2678915,"Mamontovka",2671,192,"37U","37U1H1S2Q",2,2026-09-13 15:16:07.8870000,0,875888,81715,2026-09-23 19:59:01.4170000,55.980830,37.819720
1558137,"Spring Hill",3549,233,"14S","14S2H6S2Q",1,2026-09-23 20:00:26.2000000,1473,0,0,2026-09-23 20:00:26.2000000,33.299010,-96.936120
2740850,"Zagor'ye",2661,192,"36V","36V2H4S1Q",3,2026-09-23 20:00:50.2130000,0,0,328,2026-09-23 20:00:50.2130000,57.861600,30.133000
2550841,"Hednesford",979,77,"30U","30U1H6S3Q",2,2025-08-31 19:36:25.5400000,0,77082,0,2026-09-23 20:00:52.8800000,52.700000,-2.000000
2741266,"Cheremnovo",2661,192,"36V","36V2H4S1Q",3,2026-09-23 20:00:53.2270000,0,0,328,2026-09-23 20:00:53.2270000,57.875100,30.067200
2740458,"Kamenka",2661,192,"36V","36V2H4S1Q",3,2026-09-23 20:00:59.0300000,0,0,321,2026-09-23 20:00:59.0300000,57.849310,30.082190
1653631,"Sterling",3546,233,"14S","14S2H2S4Q",1,2026-09-23 20:01:01.0230000,1038,0,0,2026-09-23 20:01:01.0230000,34.750350,-98.171710
2738650,"Mezhnik",2661,192,"36V","36V2H4S1Q",3,2026-09-23 20:01:01.9070000,0,0,685,2026-09-23 20:01:01.9070000,57.787870,30.113670
2740436,"Luzhki",2661,192,"36V","36V2H4S1Q",3,2026-09-23 20:01:04.3300000,0,0,321,2026-09-23 20:01:04.3300000,57.848200,30.066500
2741287,"Zamoshki",2661,192,"36V","36V2H4S1Q",3,2026-09-23 20:01:06.9930000,0,0,328,2026-09-23 20:01:06.9930000,57.876340,30.034390
1422788,"Buchanan Dam",3549,233,"14R","14R1H2S4Q",1,2026-05-10 15:19:28.3670000,31145,0,0,2026-09-23 20:01:07.9700000,30.739900,-98.431140
2741149,"Ramen'ye",2661,192,"36V","36V2H4S1Q",3,2026-09-23 20:01:09.2130000,0,0,324,2026-09-23 20:01:09.2130000,57.869880,30.025380
2741154,"Grivki",2661,192,"35V","35V2H6S2Q",3,2026-09-23 20:01:11.4370000,0,0,324,2026-09-23 20:01:11.4370000,57.870110,29.975150
1650964,"Purdy",3546,233,"14S","14S2H3S3Q",1,2026-09-23 20:01:12.2170000,1046,0,0,2026-09-23 20:01:12.2170000,34.715910,-97.587530
2313175,"Concarneau",961,75,"30T","30T1H2S1Q",3,2022-08-19 15:27:11.0930000,0,0,6989885,2026-09-23 20:01:18.0330000,47.875020,-3.922450
1641064,"Hope",3546,233,"14S","14S2H3S3Q",1,2026-09-23 20:01:39.2300000,1050,0,0,2026-09-23 20:01:39.2300000,34.568970,-97.836700
1661044,"Story",3546,233,"14S","14S2H3S3Q",1,2026-09-23 20:02:02.6500000,1041,0,0,2026-09-23 20:02:02.6500000,34.855350,-97.458640
1384298,"Reedville",3549,233,"14R","14R1H6S1Q",2,2026-08-14 05:20:31.0330000,0,500367,0,2026-09-23 20:02:32.3270000,29.879660,-97.846390
2268908,"Casselton",3575,233,"14T","14T1H3S3Q",2,2015-01-05 17:05:08.8330000,0,2490153,0,2026-09-23 20:02:33.0370000,46.900530,-97.211200
1826580,"Waterloo",3585,233,"18S","18S1H4S1Q",3,2026-09-23 20:02:43.7500000,0,0,599,2026-09-23 20:02:43.7500000,37.595700,-77.167750
1542487,"Murphy",3549,233,"14S","14S2H6S2Q",1,2023-07-28 05:33:35.8370000,1943537,0,0,2026-09-23 20:03:04.4000000,33.015120,-96.613050
1862689,"Grassland",3585,233,"18S","18S1H1S3Q",1,2026-09-23 20:03:19.6830000,1053,0,0,2026-09-23 20:03:19.6830000,38.263740,-77.986110
1859479,"Lahore",3585,233,"18S","18S1H1S3Q",1,2026-09-23 20:03:25.4330000,1060,0,0,2026-09-23 20:03:25.4330000,38.198750,-77.969440
1860129,"Tatum",3585,233,"18S","18S1H1S3Q",1,2026-09-23 20:03:34.3530000,1060,0,0,2026-09-23 20:03:34.3530000,38.211240,-77.895270
2553949,"Sutton Bridge",979,77,"31U","31U1H4S3Q",3,2026-09-23 20:03:38.0500000,0,0,1048,2026-09-23 20:03:38.0500000,52.766670,0.183330
1857393,"Dan",3585,233,"18S","18S1H1S3Q",1,2026-09-23 20:03:44.9570000,1056,0,0,2026-09-23 20:03:44.9570000,38.157080,-77.881660
2552214,"Walpole Saint Peter",979,77,"31U","31U1H4S3Q",3,2026-09-23 20:03:48.4400000,0,0,1048,2026-09-23 20:03:48.4400000,52.729020,0.222300
1858638,"Danton",3585,233,"18S","18S1H1S3Q",1,2026-09-23 20:03:55.2500000,1042,0,0,2026-09-23 20:03:55.2500000,38.183190,-77.915270
2790327,"Marback",2806,198,"33V","33V1H6S4Q",3,2026-09-23 20:03:58.2630000,0,0,306,2026-09-23 20:03:58.2630000,60.083330,17.166670
2552350,"Walpole",979,77,"31U","31U1H4S3Q",3,2026-09-23 20:03:58.5970000,0,0,1048,2026-09-23 20:03:58.5970000,52.733330,0.233330
2790566,"Berg",2806,198,"33V","33V1H6S4Q",1,2015-09-11 20:42:41.8000000,702,0,300,2026-09-23 20:04:04.2930000,60.100000,17.166670
2790567,"Norrbo",2806,198,"33V","33V1H6S4Q",3,2026-09-23 20:04:08.7900000,0,0,304,2026-09-23 20:04:08.7900000,60.100000,17.183330
2552720,"Walpole Saint Andrew",979,77,"31U","31U1H4S3Q",3,2026-09-23 20:04:10.1870000,0,0,1048,2026-09-23 20:04:10.1870000,52.735510,0.222040
1856350,"Gordonsville",3585,233,"17S","17S1H3S4Q",1,2026-09-23 20:04:11.5500000,1062,0,0,2026-09-23 20:04:11.5500000,38.137360,-78.187780
1850040,"Medlock",3585,233,"17S","17S1H3S4Q",1,2026-09-23 20:04:28.0800000,2103,0,0,2026-09-23 20:04:28.0800000,38.017080,-78.155840
1851930,"Trevilians",3585,233,"17S","17S1H3S4Q",1,2026-09-23 20:04:48.2830000,1076,0,0,2026-09-23 20:04:48.2830000,38.051530,-78.072780
2392601,"Ipsheim",715,57,"32U","32U2H6S1Q",3,2014-07-18 18:15:41.8900000,0,0,2686322,2026-09-23 20:04:48.4900000,49.533330,10.483330
2740152,"Filippkovo",2661,192,"36V","36V2H4S1Q",3,2026-09-23 20:07:55.0070000,0,0,2719,2026-09-23 20:07:57.0930000,57.834200,30.038800
2406861,"Koziniec",2439,180,"34U","34U2H4S2Q",2,2026-08-20 01:05:05.4100000,0,2087,0,2026-09-23 20:08:16.1930000,49.829900,19.502620
2407396,"Swinna Poreba",2439,180,"34U","34U2H4S2Q",2,2026-08-20 01:05:11.3070000,0,2010,0,2026-09-23 20:08:20.9000000,49.836430,19.521330
2407964,"Golebiowka",2439,180,"34U","34U2H4S2Q",2,2026-08-20 01:05:17.0930000,0,1989,0,2026-09-23 20:08:25.7830000,49.850000,19.550000
2408419,"Barwald",2439,180,"34U","34U2H4S2Q",2,2026-08-20 01:14:19.4800000,0,1899,0,2026-09-23 20:08:30.4700000,49.862820,19.579340
2407594,"Lekawica",2439,180,"34U","34U2H4S2Q",2,2026-08-20 01:14:15.2830000,0,1868,0,2026-09-23 20:08:36.3200000,49.844880,19.583620
2406931,"Ponikiew",2439,180,"34U","34U2H4S2Q",2,2026-08-20 01:05:07.5000000,0,1989,0,2026-09-23 20:08:48.2070000,49.833110,19.465710
2408987,"Gorzen Dolny",2439,180,"34U","34U2H4S2Q",2,2026-08-20 00:53:07.5670000,0,1989,0,2026-09-23 20:08:55.5500000,49.869860,19.479270
2409097,"Chocznia",2439,180,"34U","34U2H4S2Q",2,2026-08-20 00:53:01.4030000,0,1990,0,2026-09-23 20:08:59.0230000,49.874170,19.454380
2222701,"Galliera Veneta",1366,110,"32T","32T1H6S2Q",2,2017-01-31 05:32:41.8900000,0,442936,0,2026-09-23 20:09:26.7200000,45.663500,11.830900
1824810,"Oak Hill",3585,233,"18S","18S1H4S1Q",3,2026-09-23 20:09:46.5970000,0,0,556,2026-09-23 20:09:46.5970000,37.562920,-77.399150
1825327,"Mayfair Place",3585,233,"18S","18S1H4S1Q",3,2026-09-23 20:10:11.0830000,0,0,354,2026-09-23 20:10:11.0830000,37.571260,-77.387200
1824556,"Central Gardens",3585,233,"18S","18S1H4S1Q",3,2026-09-23 20:10:23.8670000,0,0,549,2026-09-23 20:10:23.8670000,37.557090,-77.404700
1826224,"Ginter Park",3585,233,"18S","18S1H4S1Q",3,2026-09-23 20:10:30.3800000,0,300,552,2026-09-23 20:10:30.3800000,37.587650,-77.455540
154935,"Jorimayo",2383,175,"18L","18L2H3S4Q",1,2026-09-23 20:10:42.2870000,621,0,0,2026-09-23 20:10:42.2870000,-13.111390,-72.010000
1825638,"Acca",3585,233,"18S","18S1H4S1Q",3,2026-09-23 20:10:42.5930000,0,0,555,2026-09-23 20:10:42.5930000,37.578480,-77.469980
154971,"Lares",2383,175,"18L","18L2H3S4Q",1,2026-09-23 20:10:45.8500000,621,0,0,2026-09-23 20:10:45.8500000,-13.103330,-72.043890
154911,"Trapiche",2383,175,"18L","18L2H3S4Q",1,2026-09-23 20:10:50.2170000,621,0,0,2026-09-23 20:10:50.2170000,-13.116110,-72.073330
154914,"Vilcabamba",2383,175,"18L","18L2H3S4Q",1,2026-09-23 20:10:53.4570000,621,0,0,2026-09-23 20:10:53.4570000,-13.115560,-72.078330
154532,"Huacahuasi",2383,175,"18L","18L2H3S4Q",1,2026-09-23 20:11:02.7970000,621,0,0,2026-09-23 20:11:02.7970000,-13.139170,-72.107220
2538573,"Glaisdale",979,77,"30U","30U1H6S4Q",1,2026-09-23 09:16:40.5630000,61100,0,0,2026-09-23 20:11:05.9930000,52.433330,-0.800000
2036617,"Maysville",3584,233,"17T","17T2H5S2Q",3,2025-05-12 14:02:27.8370000,0,0,641111,2026-09-23 20:11:19.7400000,41.404500,-80.452570
151921,"Lamay",2383,175,"19L","19L2H1S3Q",1,2019-08-01 21:39:27.5100000,5726,0,0,2026-09-23 20:12:02.5000000,-13.364170,-71.923890
2676631,"Lochhead",977,77,"30U","30U1H1S1Q",2,2026-09-23 20:12:32.0130000,0,945,0,2026-09-23 20:12:32.0130000,55.916670,-5.166670
2676048,"Tighnabruaich",977,77,"30U","30U1H1S1Q",2,2026-09-23 20:12:39.1000000,600,945,0,2026-09-23 20:12:39.1000000,55.900000,-5.216670
2494700,"Charing Cross",979,77,"30U","30U2H3S2Q",3,2015-07-21 00:07:36.8070000,300,0,1030757,2026-09-23 20:12:39.5130000,51.508480,-0.124930
2494860,"Covent Garden",979,77,"30U","30U2H3S2Q",3,2014-04-09 12:53:50.8370000,300,0,2286734,2026-09-23 20:12:45.1770000,51.514240,-0.124710
2494932,"Holborn",979,77,"30U","30U2H3S2Q",3,2014-03-29 01:31:33.6270000,300,0,1590557,2026-09-23 20:12:49.7900000,51.516670,-0.116670
2495412,"Holborn",979,77,"30U","30U2H3S2Q",3,2015-11-26 18:44:14.6970000,300,0,1013103,2026-09-23 20:12:55.3330000,51.521240,-0.113470
2495435,"Bloomsbury",979,77,"30U","30U2H3S2Q",3,2014-05-25 16:46:32.3500000,300,0,1036029,2026-09-23 20:13:01.7830000,51.522280,-0.122520
2495582,"Finsbury",979,77,"30U","30U2H3S2Q",3,2015-11-19 18:41:47.1700000,300,0,1021724,2026-09-23 20:13:13.8600000,51.528390,-0.114350
2495641,"King's Cross",979,77,"30U","30U2H3S2Q",3,2015-11-10 00:53:55.8830000,300,0,1073366,2026-09-23 20:13:18.1600000,51.530670,-0.123080
2495549,"Euston",979,77,"30U","30U2H3S2Q",3,2015-07-22 05:39:44.8230000,300,0,1030794,2026-09-23 20:13:23.4030000,51.526770,-0.133250
2527310,"Schwerin",713,57,"33U","33U1H4S4Q",3,2026-09-23 15:35:35.7470000,0,0,2181,2026-09-23 20:13:53.5700000,52.200000,13.883330
1795981,"Burkdale",3585,233,"18S","18S1H4S2Q",3,2026-09-23 20:15:19.2930000,0,0,4386,2026-09-23 20:15:27.6930000,37.102370,-76.538010
2289721,"Barneston",3578,233,"10T","10T1H3S1Q",2,2014-06-13 13:11:10.8500000,0,1311701,0,2026-09-23 20:15:41.9370000,47.387600,-121.861220
2498101,"Manrode",707,57,"32U","32U2H2S2Q",3,2026-01-24 13:00:13.4130000,0,0,1059024,2026-09-23 20:18:36.3200000,51.583330,9.350000
2500952,"Bad Karlshafen",708,57,"32U","32U2H2S2Q",3,2026-03-24 14:07:56.9000000,0,0,1575462,2026-09-23 20:18:44.1630000,51.642630,9.454770
13092,"Normanhurst",143,13,"56H","56H1H1S4Q",3,2016-09-09 09:56:45.5500000,0,1034,1288265,2026-09-23 20:18:46.9200000,-33.733330,151.100000
2500467,"Helmarshausen",710,57,"32U","32U2H2S2Q",3,2026-03-16 08:37:25.2270000,0,0,589415,2026-09-23 20:20:14.2930000,51.633330,9.450000
2498102,"Trendelburg",710,57,"32U","32U2H2S2Q",3,2026-04-11 10:22:57.4870000,0,0,126286,2026-09-23 20:20:28.7570000,51.583330,9.416670
2489651,"Wilhelmshausen",710,57,"32U","32U2H2S2Q",3,2021-12-09 18:22:36.3100000,0,0,14036,2026-09-23 20:20:47.1300000,51.400000,9.600000
1602442,"Malibu",3567,233,"11S","11S2H1S4Q",1,2026-09-23 17:27:43.4470000,12500,0,0,2026-09-23 20:21:14.5630000,34.005010,-118.810090
1859995,"Somerset",3585,233,"17S","17S1H3S4Q",1,2026-09-23 20:21:54.6830000,1060,0,0,2026-09-23 20:21:54.6830000,38.207630,-78.218060
1858136,"Barboursville",3585,233,"17S","17S1H3S4Q",1,2026-09-23 20:22:02.2900000,963,0,0,2026-09-23 20:22:02.2900000,38.170970,-78.281670
1858865,"Tibbstown",3585,233,"17S","17S1H3S4Q",1,2026-09-23 20:22:10.9600000,963,0,0,2026-09-23 20:22:10.9600000,38.183740,-78.256120
1847409,"Zion Crossroads",3585,233,"17S","17S1H6S2Q",1,2026-09-23 20:22:18.0530000,985,0,0,2026-09-23 20:22:18.0530000,37.970970,-78.219730
1845114,"Ferncliff",3585,233,"17S","17S1H6S2Q",1,2026-09-23 20:22:24.4930000,971,0,0,2026-09-23 20:22:24.4930000,37.933200,-78.110000
1840986,"Tabscott East",3585,233,"17S","17S1H6S2Q",1,2026-09-23 20:22:35.8370000,942,0,0,2026-09-23 20:22:35.8370000,37.855980,-78.066940
1841224,"Hidden Acres",3585,233,"17S","17S1H6S2Q",1,2026-09-23 20:22:42.8900000,1030,0,0,2026-09-23 20:22:42.8900000,37.861530,-78.019160
2743287,"Maloye Ladyshkino",2666,192,"36V","36V2H4S2Q",2,2026-09-23 20:23:00.9870000,0,1044,0,2026-09-23 20:23:00.9870000,57.947700,31.833900
2746727,"Kulakovo",2666,192,"36V","36V2H1S4Q",2,2026-09-23 20:23:10.6370000,0,1040,0,2026-09-23 20:23:10.6370000,58.064260,31.804050
2745449,"Medvedkovo",2666,192,"36V","36V2H1S4Q",2,2026-09-23 20:23:16.0300000,0,1044,0,2026-09-23 20:23:16.0300000,58.018880,31.690300
2748307,"Malaya Tisva",2666,192,"36V","36V2H1S4Q",2,2026-09-23 20:23:29.1200000,0,1042,0,2026-09-23 20:23:29.1200000,58.116670,31.766670
2749750,"Pogostnitsy",2666,192,"36V","36V2H1S4Q",2,2026-09-23 20:23:36.5670000,0,1044,0,2026-09-23 20:23:36.5670000,58.166670,31.800000
2744470,"Konyukhovo",2666,192,"36V","36V2H4S2Q",2,2026-09-23 20:23:43.9170000,0,1004,0,2026-09-23 20:23:43.9170000,57.984800,31.639240
2753451,"Veret'ye",2666,192,"36V","36V2H1S4Q",2,2026-09-23 20:23:50.6300000,0,2116,0,2026-09-23 20:23:50.6300000,58.315140,31.727870
2748392,"Tisva",2666,192,"36V","36V2H1S4Q",2,2026-09-23 20:23:58.1000000,0,1044,0,2026-09-23 20:23:58.1000000,58.118250,31.772840
2488865,"Fuldatal",710,57,"32U","32U2H2S2Q",3,2022-11-24 13:36:24.4400000,0,600,36342,2026-09-23 20:24:02.9470000,51.383330,9.566670
2748918,"Mezhniki",2666,192,"36V","36V2H1S4Q",2,2026-09-23 20:24:04.4600000,0,1044,0,2026-09-23 20:24:04.4600000,58.136370,31.782070
2524833,"Gorsdorf",713,57,"33U","33U1H5S3Q",3,2026-09-18 20:49:06.4400000,0,0,7013,2026-09-23 20:25:08.9470000,52.150000,14.100000
2084475,"Stockbridge",3557,233,"16T","16T2H3S4Q",1,2026-02-08 14:04:45.7130000,887229,0,0,2026-09-23 20:26:37.4100000,42.451150,-84.180510
1799830,"Aldercroft Heights",3567,233,"10S","10S1H6S1Q",1,2026-06-13 19:52:30.4030000,1149221,0,0,2026-09-23 20:26:43.8930000,37.160780,-121.968850
2083889,"Williamsville",3557,233,"16T","16T2H3S4Q",1,2016-05-03 03:32:34.6430000,1218844,4282,0,2026-09-23 20:26:45.2270000,42.438920,-84.096620
2747364,"Zapol'ye",2666,192,"36V","36V2H1S4Q",2,2026-09-23 20:28:32.4170000,0,1044,0,2026-09-23 20:28:32.4170000,58.083330,31.783330
2083062,"Fruitdale",3576,233,"10T","10T2H2S3Q",2,2025-06-21 17:52:20.4030000,0,27639,0,2026-09-23 20:28:49.7300000,42.422060,-123.308110
2486865,"Monkton",979,77,"31U","31U2H1S2Q",3,2025-04-27 21:20:08.5400000,0,0,110825,2026-09-23 20:29:11.9270000,51.338230,1.281800
2082929,"Fruitdale",3576,233,"10T","10T2H2S3Q",2,2026-06-09 04:44:44.5270000,0,8533,0,2026-09-23 20:29:18.7230000,42.418570,-123.301870
1723867,"Elkins Hills",3545,233,"17S","17S2H3S1Q",3,2013-08-25 13:23:58.9870000,0,0,680063,2026-09-23 20:29:32.8870000,35.929870,-79.063070
2040992,"Newport",3564,233,"19T","19T2H4S1Q",1,2026-07-04 21:50:57.7730000,10646,0,0,2026-09-23 20:29:36.5000000,41.490100,-71.312830
2749751,"Lokhini",2666,192,"36V","36V2H1S4Q",2,2026-09-23 20:29:52.8230000,0,1044,0,2026-09-23 20:29:52.8230000,58.166670,31.816670
2508634,"Rengering",707,57,"32U","32U2H2S1Q",3,2025-03-11 09:02:59.1500000,0,0,853545,2026-09-23 20:32:29.9430000,51.809990,8.616200
2157898,"Alverno",3566,233,"16T","16T1H5S3Q",1,2022-10-29 12:13:38.5700000,101336,0,0,2026-09-23 20:33:05.6830000,44.084990,-87.739810
2623488,"Dengelsberg",702,57,"32U","32U1H2S4Q",3,2022-10-25 02:55:30.9330000,0,0,81050,2026-09-23 20:33:32.0300000,54.333330,9.800000
2252736,"Saxon",3566,233,"15T","15T1H3S4Q",3,2014-12-18 15:46:06.9570000,0,0,6553923,2026-09-23 20:35:39.4500000,46.493280,-90.414350
13099,"Wahroonga",143,13,"56H","56H1H1S4Q",3,2016-09-15 06:38:18.3930000,0,0,1130758,2026-09-23 20:36:04.7630000,-33.719040,151.114680
151596,"Coya",2383,175,"19L","19L2H1S3Q",1,2019-08-01 21:39:23.1370000,10743,0,0,2026-09-23 20:36:21.2630000,-13.388060,-71.899720
13041,"Dee Why",143,13,"56H","56H1H1S4Q",3,2017-10-07 07:59:24.7700000,0,1551,1167211,2026-09-23 20:36:32.1430000,-33.750000,151.300000
13040,"Warringah",143,13,"56H","56H1H1S4Q",3,2017-03-08 00:13:42.9300000,0,1034,1018283,2026-09-23 20:36:36.0800000,-33.750000,151.283000
13096,"Collaroy",143,13,"56H","56H1H1S4Q",3,2017-08-17 20:17:34.3570000,0,1551,1270176,2026-09-23 20:36:39.8500000,-33.732050,151.301180
2739579,"Suki",2661,192,"36V","36V2H4S1Q",3,2026-09-23 20:36:43.0300000,0,0,316,2026-09-23 20:36:43.0300000,57.816670,30.016670
13142,"Narrabeen",143,13,"56H","56H1H1S4Q",3,2016-11-08 03:44:57.5700000,0,2068,1186012,2026-09-23 20:36:43.4000000,-33.712770,151.297360
2739580,"Pustosh' Suki",2661,192,"36V","36V2H4S1Q",3,2026-09-23 20:36:45.9070000,0,0,316,2026-09-23 20:36:45.9070000,57.816670,30.050000
13143,"North Narrabeen",143,13,"56H","56H1H1S4Q",3,2017-02-25 11:30:27.6400000,0,1034,1175422,2026-09-23 20:36:47.1330000,-33.709350,151.296070
2738642,"Skobenets",2661,192,"36V","36V2H4S1Q",3,2026-09-23 20:36:48.3900000,0,0,312,2026-09-23 20:36:48.3930000,57.787600,30.003200
13233,"Mona Vale",143,13,"56H","56H1H1S4Q",3,2016-11-12 02:29:46.4470000,0,1551,1084322,2026-09-23 20:36:50.9470000,-33.677570,151.303070
13275,"Bay View",143,13,"56H","56H1H1S4Q",3,2017-09-30 20:22:55.5570000,0,1034,1003265,2026-09-23 20:36:55.0200000,-33.659820,151.298780
2742196,"Khrychkovo",2661,192,"35V","35V2H6S2Q",3,2026-09-23 20:37:01.2600000,0,0,332,2026-09-23 20:37:01.2600000,57.909040,29.700250
2740551,"Arbuzovo-Shchilinka",2661,192,"35V","35V2H6S2Q",3,2026-09-23 20:37:03.3870000,0,0,320,2026-09-23 20:37:03.3870000,57.850000,29.687280
2739985,"Ostrova",2661,192,"35V","35V2H6S2Q",3,2026-09-23 20:37:05.4130000,0,0,313,2026-09-23 20:37:05.4130000,57.832580,29.671660
2738862,"Kresty",2661,192,"35V","35V2H6S1Q",3,2026-04-27 15:30:03.4830000,0,0,1464,2026-09-23 20:37:19.7300000,57.797000,28.418800
2473609,"Wroclaw",2445,180,"33U","33U2H3S2Q",1,2016-02-08 20:40:44.9630000,423340868,0,0,2026-09-23 20:38:27.2300000,51.100000,17.033330
852304,"Ban Khlong Soi Thi Sip Et",3203,218,"47P","47P1H6S1Q",1,2026-09-23 05:26:46.7670000,103889,0,0,2026-09-23 20:40:04.7570000,13.958420,100.842140
850649,"Lam Luk Ka",3203,218,"47P","47P1H6S1Q",1,2026-01-28 15:17:33.5270000,259607,0,0,2026-09-23 20:40:05.3870000,13.932260,100.749370
853907,"Ban Khlong Sip Et Sai Klang",3203,218,"47P","47P1H6S1Q",1,2026-09-23 05:26:48.1700000,106240,0,0,2026-09-23 20:40:06.2330000,13.984610,100.844190
13043,"Davidson",143,13,"56H","56H1H1S4Q",3,2017-04-01 08:09:01.5200000,0,904,1091007,2026-09-23 20:40:17.6030000,-33.742970,151.200800
2083160,"Tolo",3576,233,"10T","10T2H2S4Q",2,2025-06-21 20:20:09.2730000,0,5435,0,2026-09-23 20:40:47.8470000,42.424290,-122.971430
2018732,"Slippery Rock",3584,233,"17T","17T2H5S2Q",3,2022-09-07 20:25:13.1600000,0,0,500867,2026-09-23 20:42:44.2600000,41.063950,-80.056450
1880088,"O'Fallon",3554,233,"16S","16S1H1S3Q",3,2021-11-24 14:04:38.9500000,0,0,59238848,2026-09-23 20:42:55.1330000,38.592270,-89.911210
2144429,"Anlauf",3576,233,"10T","10T2H2S1Q",2,2026-09-23 20:45:58.2900000,0,935,0,2026-09-23 20:45:58.2900000,43.710950,-123.223700
2143831,"Leona",3576,233,"10T","10T2H2S1Q",2,2026-09-23 20:46:05.7100000,0,638,0,2026-09-23 20:46:05.7100000,43.695120,-123.289250
2142543,"Drain",3576,233,"10T","10T2H2S1Q",2,2026-09-23 20:46:12.3730000,0,638,0,2026-09-23 20:46:12.3730000,43.658730,-123.318700
2141450,"London Springs",3576,233,"10T","10T2H2S1Q",2,2026-09-23 20:46:21.7070000,0,637,0,2026-09-23 20:46:21.7100000,43.631790,-123.091190
2140257,"Yoncalla",3576,233,"10T","10T2H2S1Q",2,2026-09-23 20:46:33.7000000,0,933,0,2026-09-23 20:46:33.7000000,43.598450,-123.283420
13230,"Terrey Hills",143,13,"56H","56H1H1S4Q",3,2017-03-08 07:27:09.0370000,0,1034,1188302,2026-09-23 20:50:17.4200000,-33.683330,151.233330
13276,"Newport",143,13,"56H","56H1H1S4Q",3,2016-11-06 05:15:01.2070000,0,3102,1089877,2026-09-23 20:50:25.9830000,-33.655170,151.321260
13322,"Avalon",143,13,"56H","56H1H1S4Q",3,2017-06-17 06:10:00.5870000,0,2068,1171569,2026-09-23 20:50:33.4530000,-33.635880,151.329030
13355,"Clareville",143,13,"56H","56H1H1S4Q",3,2017-03-22 09:54:35.3400000,0,2585,1116403,2026-09-23 20:50:38.9700000,-33.629700,151.316800
2154845,"Whitchurch-Stouffville",457,38,"17T","17T1H6S3Q",2,2013-10-09 21:12:39.0130000,0,7530594,11408,2026-09-23 20:50:58.9100000,44.000120,-79.316300
13709,"Canoelands",143,13,"56H","56H1H1S4Q",2,2026-07-21 09:09:07.7030000,0,2248584,0,2026-09-23 20:50:59.4070000,-33.500000,151.066670
13232,"Rouse Hill",143,13,"56H","56H1H1S3Q",3,2016-08-19 23:49:56.0700000,0,517,1138013,2026-09-23 20:51:32.0930000,-33.682070,150.915400
1753035,"Oak Grove",3548,233,"17S","17S1H4S4Q",3,2010-01-01 00:00:00.0000000,0,0,70300,2026-09-23 20:52:41.8200000,36.411770,-82.424590
2486521,"Gerbershausen",701,57,"32U","32U2H2S2Q",3,2026-09-23 20:53:34.0800000,0,0,9816,2026-09-23 20:53:43.6400000,51.333330,9.983330
1823096,"Redwood Shores",3567,233,"10S","10S1H5S2Q",1,2025-01-09 22:39:58.7830000,3280183,0,12708,2026-09-23 20:53:49.6270000,37.531880,-122.248020
1824690,"Holts Corner",3585,233,"18S","18S1H4S1Q",3,2026-09-23 20:54:12.1900000,34,0,555,2026-09-23 20:54:12.1900000,37.560150,-77.249420
1824394,"Richmond",3585,233,"18S","18S1H4S1Q",3,2026-09-23 20:54:34.1000000,0,0,600,2026-09-23 20:54:34.1000000,37.553760,-77.460260
2170164,"Ghencea",2632,190,"35T","35T1H5S3Q",3,2015-02-02 05:50:54.6500000,3113,0,959448,2026-09-23 20:55:08.5000000,44.414780,26.039960
13226,"Riverstone",143,13,"56H","56H1H1S3Q",3,2017-05-02 23:28:23.3630000,0,1448,1134014,2026-09-23 20:55:22.3030000,-33.683330,150.866670
13138,"Schofields",143,13,"56H","56H1H1S3Q",3,2017-04-23 08:08:06.8900000,0,1034,1148808,2026-09-23 20:55:29.1730000,-33.716670,150.866670
2450471,"Dalhem",255,20,"31U","31U2H3S4Q",1,2026-03-29 03:06:36.7530000,102116,0,0,2026-09-23 20:55:42.0500000,50.713330,5.724020
2402794,"Plzen",697,56,"33U","33U2H4S2Q",3,2026-08-12 13:03:50.7630000,0,18300,1004853,2026-09-23 20:56:44.7400000,49.747470,13.377590
1964321,"Linworth",3563,233,"17T","17T2H4S3Q",1,2026-09-17 09:47:41.4430000,33009,0,0,2026-09-23 20:57:15.1270000,40.090060,-83.049070
1868789,"Walmort",3567,233,"10S","10S1H3S3Q",3,2026-09-15 17:30:11.1130000,0,0,1811361,2026-09-23 21:01:39.7300000,38.380470,-121.244110
2208625,"Dayton",3558,233,"15T","15T1H5S1Q",2,2016-07-08 00:22:24.4230000,0,3590160,0,2026-09-23 21:02:48.5300000,45.243850,-93.514960
2040376,"Ocata",909,68,"31T","31T2H5S1Q",3,2018-01-13 17:58:35.1370000,0,0,846807,2026-09-23 21:03:23.1500000,41.481380,2.325750
1878214,"Pond Acres",3537,233,"18S","18S1H2S3Q",1,2026-06-23 16:25:01.4400000,262347,0,0,2026-09-23 21:03:52.9900000,38.554000,-75.068510
2375044,"Munchweiler am Klingbach",706,57,"32U","32U2H4S2Q",2,2015-02-27 18:47:52.6130000,0,1017419,180537,2026-09-23 21:04:31.6130000,49.150000,7.966670
2525559,"Binnenhof",2265,167,"31U","31U1H6S3Q",2,2023-01-15 20:27:04.5900000,157281,489987,0,2026-09-23 21:06:08.6030000,52.166670,4.533330
2487583,"Manston",979,77,"31U","31U2H1S2Q",3,2025-04-27 21:20:40.7730000,0,0,110836,2026-09-23 21:07:10.2500000,51.350880,1.344880
2365566,"Quessigny",956,75,"31U","31U2H4S4Q",3,2021-08-20 04:59:48.2230000,0,0,561567,2026-09-23 21:07:36.3970000,48.930460,1.270150
2523165,"Kossenblatt",713,57,"33U","33U1H5S3Q",3,2026-09-18 23:20:59.0970000,0,0,10534,2026-09-23 21:08:22.6770000,52.116670,14.066670
2550023,"Great Wyrley",979,77,"30U","30U1H5S4Q",2,2025-08-29 20:47:06.5330000,0,72488,0,2026-09-23 21:10:25.4270000,52.683330,-2.016670
2531614,"Kolpin",713,57,"33U","33U1H4S4Q",2,2026-09-23 21:11:01.6230000,0,788,0,2026-09-23 21:11:01.6230000,52.283330,13.983330
2529933,"Stutgarten",713,57,"33U","33U1H4S4Q",2,2026-09-23 21:11:10.4170000,0,1034,502,2026-09-23 21:11:10.4170000,52.250000,13.900000
2528163,"Selchow",713,57,"33U","33U1H4S4Q",2,2026-09-23 21:11:20.3000000,0,1034,528,2026-09-23 21:11:20.3000000,52.216670,13.866670
2529036,"Gross Schauen",713,57,"33U","33U1H4S4Q",2,2026-09-23 21:11:25.3770000,0,517,31,2026-09-23 21:11:25.3770000,52.233330,13.916670
2287631,"Villmergen",528,43,"32T","32T1H2S1Q",1,2026-09-23 21:11:28.9170000,800,0,0,2026-09-23 21:11:28.9170000,47.350000,8.250000
2529035,"Wochowsee",713,57,"33U","33U1H4S4Q",2,2026-09-23 21:11:29.2030000,0,1305,0,2026-09-23 21:11:29.2030000,52.233330,13.900000
2359221,"Saint-Duzec",961,75,"30U","30U2H5S3Q",2,2016-09-13 10:25:50.8500000,0,141995489,0,2026-09-23 21:13:09.8270000,48.783330,-3.550000
2483174,"Hilgershausen",710,57,"32U","32U2H2S2Q",3,2026-09-23 21:15:33.5100000,0,0,10514,2026-09-23 21:15:44.4870000,51.266670,9.900000
1958565,"East Columbus",3563,233,"17S","17S1H1S2Q",3,2013-05-12 00:24:25.9700000,223916,0,328171,2026-09-23 21:16:40.5000000,39.985060,-82.927680
2156209,"Clover",3566,233,"16T","16T1H5S3Q",1,2020-11-16 01:02:40.5070000,100714,0,0,2026-09-23 21:16:59.5130000,44.038050,-87.701750
1717676,"Zebulon",3545,233,"17S","17S2H3S2Q",3,2026-02-21 13:24:57.7070000,0,72776,97500,2026-09-23 21:19:47.4800000,35.824320,-78.314720
1632393,"Val Verde",3567,233,"11S","11S2H1S4Q",3,2026-09-23 21:20:29.0870000,0,0,1200,2026-09-23 21:20:29.0870000,34.445000,-118.657590
2214289,"Ottawa",457,38,"18T","18T1H5S1Q",2,2025-02-24 18:06:05.8270000,0,10327685,0,2026-09-23 21:20:35.6030000,45.411170,-75.698120
1607152,"Larchmont Village",3567,233,"11S","11S2H1S4Q",1,2015-12-29 18:12:49.4430000,38040463,0,0,2026-09-23 21:20:50.3770000,34.073060,-118.323890
1355357,"Gillett",3549,233,"14R","14R1H6S1Q",3,2026-09-23 21:21:29.9900000,0,0,1149,2026-09-23 21:21:29.9900000,29.128300,-97.785000
1357081,"Denhawken",3549,233,"14R","14R1H6S1Q",3,2026-09-23 21:21:38.4170000,0,0,1150,2026-09-23 21:21:38.4170000,29.175240,-97.919170
2206852,"Union Mills",3576,233,"10T","10T1H5S2Q",3,2024-09-15 00:10:06.6070000,0,0,4683188,2026-09-23 21:21:48.1730000,45.199570,-122.558700
2583973,"Latchford",979,77,"30U","30U1H5S2Q",3,2013-09-25 17:49:50.3300000,16200,0,286172,2026-09-23 21:26:06.6070000,53.383330,-2.566670
2452533,"Bas Slins",255,20,"31U","31U2H3S4Q",1,2026-09-09 06:41:50.6030000,32243,0,0,2026-09-23 21:26:35.4400000,50.750000,5.566670
2444967,"Ransy",255,20,"31U","31U2H3S4Q",1,2023-08-18 14:56:21.0300000,100401,0,0,2026-09-23 21:27:02.4470000,50.616670,5.633330
1850120,"West View Terrace",3585,233,"17S","17S1H3S4Q",1,2026-09-23 21:28:48.2130000,2899,0,0,2026-09-23 21:28:50.8570000,38.019030,-78.492790
1853124,"Squire Hill",3585,233,"17S","17S1H3S4Q",1,2026-09-23 21:29:25.9530000,661,0,0,2026-09-23 21:29:25.9530000,38.075140,-78.470570
1854869,"Proffit",3585,233,"17S","17S1H3S4Q",1,2026-09-23 21:29:37.2870000,1058,0,0,2026-09-23 21:29:37.2870000,38.108750,-78.424180
1855762,"Jefferson Village",3585,233,"17S","17S1H3S4Q",1,2026-09-23 21:29:45.8330000,1058,0,0,2026-09-23 21:29:45.8330000,38.127640,-78.420840
1856728,"Gilbert",3585,233,"17S","17S1H3S4Q",1,2026-09-23 21:29:56.7800000,965,0,0,2026-09-23 21:29:56.7800000,38.145970,-78.373900
2333426,"Wallburg",716,57,"32U","32U2H4S4Q",3,2022-08-31 21:30:59.3230000,0,0,417745,2026-09-23 21:31:29.6600000,48.266670,7.850000
1858677,"Tommaso Natale",1363,110,"33S","33S1H1S4Q",2,2026-09-16 17:46:52.4170000,0,276031,0,2026-09-23 21:32:23.1370000,38.183330,13.283330
2589145,"Worsley",979,77,"30U","30U1H5S2Q",3,2025-10-30 12:28:53.2500000,900,0,13263,2026-09-23 21:34:26.6500000,53.499000,-2.380790
1694583,"Uwharrie",3545,233,"17S","17S2H2S2Q",3,2013-05-20 03:35:16.8570000,0,0,944234,2026-09-23 21:34:53.0000000,35.415140,-80.003660
2531613,"Neu Boston",713,57,"33U","33U1H4S4Q",2,2026-09-23 21:36:23.6430000,0,1034,540,2026-09-23 21:36:23.6430000,52.283330,13.933330
2532419,"Lebbin",713,57,"33U","33U1H4S4Q",2,2026-09-23 21:36:27.8800000,0,788,0,2026-09-23 21:36:27.8800000,52.300000,13.950000
2533219,"Neu Waltersdorf",713,57,"33U","33U1H4S4Q",2,2026-09-23 21:36:30.5370000,0,788,0,2026-09-23 21:36:30.5370000,52.316670,13.933330
2345887,"Jettenburg",716,57,"32U","32U2H5S4Q",1,2026-09-22 22:04:53.1130000,18540,0,0,2026-09-23 21:37:39.7600000,48.501710,9.128350
2482313,"Dudenrode",710,57,"32U","32U2H2S2Q",3,2026-09-23 21:38:01.2470000,0,0,9857,2026-09-23 21:38:12.1370000,51.250000,9.866670
1447347,"Avon",3551,233,"16R","16R1H3S1Q",2,2013-08-10 15:56:02.6270000,145360,2152975,0,2026-09-23 21:39:09.2570000,31.189340,-85.286040
12648,"Darling Harbour",143,13,"56H","56H1H1S4Q",3,2017-01-19 09:23:22.8330000,0,0,2531440,2026-09-23 21:39:10.2500000,-33.868470,151.200340
1826095,"Springdale",3585,233,"18S","18S1H4S1Q",3,2026-09-23 21:39:18.4830000,0,0,612,2026-09-23 21:39:18.4830000,37.585150,-77.396650
1825732,"East Highland Park",3585,233,"18S","18S1H4S1Q",3,2026-09-23 21:39:23.8570000,0,0,503,2026-09-23 21:39:23.8570000,37.580980,-77.406930
1825392,"Highland Park",3585,233,"18S","18S1H4S1Q",3,2026-09-23 21:39:29.2900000,0,0,503,2026-09-23 21:39:29.2900000,37.572920,-77.431370
12586,"Surry Hills",143,13,"56H","56H1H1S4Q",3,2017-02-12 11:08:18.0600000,0,0,1517889,2026-09-23 21:39:40.5330000,-33.883740,151.212820
1833581,"Lewistown",3585,233,"18S","18S1H4S1Q",3,2026-09-23 21:39:52.5870000,0,0,619,2026-09-23 21:39:52.5870000,37.717920,-77.454150
12633,"Ultimo",143,13,"56H","56H1H1S4Q",2,2026-08-22 20:25:26.3800000,0,5092003,0,2026-09-23 21:39:55.4570000,-33.878820,151.197370
2588900,"Salford",979,77,"30U","30U1H5S2Q",3,2013-10-17 08:06:23.2570000,662,0,45044,2026-09-23 21:39:55.5570000,53.487710,-2.290420
2523548,"Powsin",2440,180,"34U","34U1H5S4Q",2,2019-12-06 18:02:59.8700000,0,661009,0,2026-09-23 21:41:35.3530000,52.125640,21.099540
2165651,"Haring",3557,233,"16T","16T1H6S3Q",3,2026-04-20 08:53:39.7370000,15900,0,94971,2026-09-23 21:41:36.1600000,44.298620,-85.413110
2569941,"Pinxton",979,77,"30U","30U1H6S1Q",3,2024-05-14 15:58:06.1700000,0,0,1419500,2026-09-23 21:41:58.4970000,53.090620,-1.317670
2095279,"Gradoman",283,22,"34T","34T2H3S4Q",1,2024-12-25 08:22:31.1770000,126752,0,0,2026-09-23 21:43:20.1070000,42.683330,23.116670
1822987,"Green Meadows",3585,233,"18S","18S1H4S1Q",3,2026-09-23 21:44:23.6470000,0,1161,2100,2026-09-23 21:44:23.6470000,37.529870,-77.247200
2408145,"Rudnik",2439,180,"34U","34U2H4S2Q",3,2017-09-24 16:15:28.9100000,0,0,1467399,2026-09-23 21:45:35.3200000,49.852430,19.847400
1397180,"Dripping Springs",3549,233,"14R","14R1H2S4Q",2,2026-06-10 06:33:01.3830000,0,2039836,0,2026-09-23 21:45:55.6600000,30.190210,-98.086680
2739736,"Lyubyatovo",2661,192,"35V","35V2H6S1Q",3,2026-09-23 21:46:21.2730000,0,1405,3299,2026-09-23 21:46:23.6600000,57.821400,28.394500
2544664,"Trescott",979,77,"30U","30U1H5S4Q",2,2021-04-27 17:24:45.4200000,0,65750,0,2026-09-23 21:46:32.3630000,52.566670,-2.233330
1821254,"Wrights Corner",3585,233,"18S","18S1H4S1Q",3,2026-09-23 21:46:58.2630000,0,400,414,2026-09-23 21:46:58.2630000,37.499310,-77.138030
1379509,"Houston",3549,233,"15R","15R1H4S1Q",2,2020-12-17 05:05:35.4930000,0,15364960,0,2026-09-23 21:47:03.5000000,29.763280,-95.363270
2546968,"Bloxwich",979,77,"30U","30U1H6S3Q",2,2025-08-30 20:28:23.5500000,0,61079,0,2026-09-23 21:47:58.8200000,52.616670,-2.000000
1877434,"Crest Hill",3554,233,"15S","15S1H3S4Q",2,2026-09-22 12:07:51.8170000,71552,202486,0,2026-09-23 21:48:37.2230000,38.539500,-90.077050
2153810,"Sweet",3573,233,"11T","11T2H2S2Q",3,2023-04-22 12:52:43.5200000,300,3476,26591,2026-09-23 21:48:40.8830000,43.972940,-116.324580
2155095,"Brownlee",3573,233,"11T","11T1H5S4Q",3,2023-05-16 13:35:46.9300000,0,600,39885,2026-09-23 21:48:50.8700000,44.008780,-116.245410
2153877,"Gardena",3573,233,"11T","11T2H2S2Q",3,2023-05-07 05:59:45.8570000,0,600,163837,2026-09-23 21:48:58.1030000,43.975720,-116.190960
1550592,"Farmersville",3549,233,"14S","14S2H6S2Q",1,2026-07-01 07:19:23.9570000,118350,0,0,2026-09-23 21:49:30.9900000,33.163450,-96.359980
1524614,"Talty",3549,233,"14S","14S2H6S4Q",1,2026-08-15 02:05:23.3900000,58450,0,0,2026-09-23 21:49:52.9600000,32.683190,-96.385540
1823360,"Quinton",3585,233,"18S","18S1H4S1Q",3,2026-09-23 21:50:20.7130000,0,0,1192,2026-09-23 21:50:20.7130000,37.533760,-77.121080
9764,"Adelaide",138,13,"54H","54H1H4S1Q",2,2013-09-23 01:25:34.3330000,0,106988466,0,2026-09-23 21:50:23.0930000,-34.933330,138.600000
10255,"Saint Kilda",138,13,"54H","54H1H4S1Q",2,2023-11-03 10:19:09.4370000,0,1153325,0,2026-09-23 21:50:25.3230000,-34.733330,138.533330
2740942,"Chernyakovichi",2661,192,"35V","35V2H6S1Q",3,2026-09-23 21:50:41.1200000,0,0,385,2026-09-23 21:50:41.1200000,57.865400,28.408000
2212504,"Boffalora d'Adda",1375,110,"32T","32T1H5S2Q",1,2025-09-28 09:55:57.0200000,23469,0,0,2026-09-23 21:50:41.1300000,45.359770,9.494160
2740962,"Chernyakovitsy",2661,192,"35V","35V2H6S1Q",3,2026-09-23 21:50:45.4400000,0,0,350,2026-09-23 21:50:45.4400000,57.866200,28.460600
13144,"Hornsby",143,13,"56H","56H1H1S4Q",2,2026-09-16 04:37:40.7900000,0,3166359,0,2026-09-23 21:52:41.8700000,-33.702440,151.099310
1810959,"Avalon Park",3543,233,"15S","15S1H5S1Q",2,2017-11-24 17:01:56.7370000,0,499465,0,2026-09-23 21:53:52.1000000,37.326160,-93.262690
1806884,"Crab",3585,233,"18S","18S1H4S2Q",2,2014-10-25 02:19:47.0170000,300,1019173,900,2026-09-23 21:54:33.6700000,37.265140,-76.491060
2741643,"Verkhniye Galkovichi",2661,192,"35V","35V2H6S1Q",3,2026-09-23 21:55:40.6970000,0,0,618,2026-09-23 21:55:40.6970000,57.887400,28.351100
1980947,"El Negralejo",904,68,"30T","30T2H5S3Q",1,2013-02-10 08:29:51.5000000,1272700,0,0,2026-09-23 21:57:41.5970000,40.400000,-3.516670
2532178,"Ermelo",2273,167,"31U","31U1H6S4Q",1,2015-03-20 15:16:39.3900000,92670072,0,0,2026-09-23 21:58:47.2470000,52.298330,5.622220
13045,"Pennant Hills",143,13,"56H","56H1H1S4Q",3,2016-09-23 09:55:58.6270000,0,0,2557072,2026-09-23 22:00:20.1700000,-33.737830,151.072160
1853761,"Westmoreland",3585,233,"17S","17S1H3S4Q",1,2026-09-23 22:00:23.1800000,2118,0,0,2026-09-23 22:00:23.1800000,38.086530,-78.454460
1853159,"Rio",3585,233,"17S","17S1H3S4Q",1,2026-09-23 22:00:29.0330000,1059,0,0,2026-09-23 22:00:29.0330000,38.076250,-78.461120
2519396,"Katarzynin",2451,180,"33U","33U1H6S3Q",2,2026-09-23 12:31:13.6670000,0,132494,0,2026-09-23 22:00:29.7600000,52.038580,16.742860
1853257,"Raintree",3585,233,"17S","17S1H3S4Q",1,2026-09-23 22:00:36.2100000,2195,0,0,2026-09-23 22:00:40.9100000,38.078750,-78.465290
2515614,"Czerwona Wies",2451,180,"33U","33U2H3S1Q",2,2026-09-08 20:04:42.4800000,0,65000,0,2026-09-23 22:00:45.0100000,51.957340,16.784650
1852548,"Greenbriar Heights",3585,233,"17S","17S1H3S4Q",1,2026-09-23 22:00:47.5700000,2022,0,0,2026-09-23 22:00:48.7630000,38.066250,-78.470840
1852325,"Dunlora Plantation",3585,233,"17S","17S1H3S4Q",1,2026-09-23 22:00:53.9970000,1054,0,619,2026-09-23 22:00:53.9970000,38.060970,-78.460570
1852066,"Pen Park",3585,233,"17S","17S1H3S4Q",1,2026-09-23 22:01:04.8500000,1053,0,0,2026-09-23 22:01:04.8500000,38.054300,-78.459180
2213464,"Candiac",459,38,"18T","18T1H6S1Q",2,2022-11-25 18:53:53.0000000,81167,752697,0,2026-09-23 22:03:52.2800000,45.383380,-73.515870
2212315,"Saint-Philippe",459,38,"18T","18T1H6S1Q",2,2022-10-14 19:06:28.4370000,2068,989209,0,2026-09-23 22:03:58.7230000,45.350080,-73.465870
2217661,"Montreal",459,38,"18T","18T1H6S1Q",1,2016-11-12 03:39:02.8630000,143037407,0,0,2026-09-23 22:04:50.3100000,45.508840,-73.587810
1855619,"Bedford Hills",3585,233,"17S","17S1H3S4Q",1,2026-09-23 22:05:14.7200000,1058,0,0,2026-09-23 22:05:14.7200000,38.123750,-78.466400
1806243,"Gloucester Point",3585,233,"18S","18S1H4S2Q",3,2026-09-23 22:05:26.3170000,1034,1396,2017,2026-09-23 22:05:26.3170000,37.254030,-76.496890
2215459,"Dorval",459,38,"18T","18T1H6S1Q",1,2020-09-16 21:52:20.9130000,1003082,0,0,2026-09-23 22:05:28.4300000,45.447300,-73.753350
2034859,"Glenclyffe",3562,233,"18T","18T2H6S1Q",1,2026-09-23 22:05:54.1700000,300,216,0,2026-09-23 22:05:54.1700000,41.368150,-73.948470
2035639,"Garrison",3562,233,"18T","18T2H6S1Q",1,2026-09-23 22:06:14.3930000,956,0,0,2026-09-23 22:06:14.3930000,41.383980,-73.945690
2036126,"North Dock",3562,233,"18T","18T2H6S1Q",1,2026-09-23 22:06:25.8900000,957,0,0,2026-09-23 22:06:25.8900000,41.397590,-73.955690
2036865,"Nelson Corners",3562,233,"18T","18T2H6S1Q",1,2026-09-23 22:06:39.4730000,1283,300,0,2026-09-23 22:06:39.4730000,41.412590,-73.912640
2037443,"Cold Spring",3562,233,"18T","18T2H6S1Q",1,2026-09-23 22:06:52.5300000,300,206,0,2026-09-23 22:06:52.5300000,41.420090,-73.954580
2532418,"Neu Stahnsdorf",713,57,"33U","33U1H4S4Q",2,2026-09-23 22:07:08.2030000,0,300,276,2026-09-23 22:07:08.2030000,52.300000,13.883330
2038500,"Cornwall Landing",3562,233,"18T","18T2H5S2Q",1,2026-09-23 22:07:17.7170000,1858,0,0,2026-09-23 22:07:22.9870000,41.443430,-74.000420
2531611,"Alt Stahnsdorf",713,57,"33U","33U1H4S4Q",2,2026-09-23 22:07:24.7070000,0,1106,0,2026-09-23 22:07:24.7070000,52.283330,13.883330
2038551,"Cornwall-on-Hudson",3562,233,"18T","18T2H5S2Q",1,2026-09-23 22:07:32.6100000,300,187,0,2026-09-23 22:07:32.6100000,41.444820,-74.015700
2482312,"Weissenbach",710,57,"32U","32U2H2S2Q",3,2026-09-23 22:07:30.5470000,0,0,9821,2026-09-23 22:07:37.2170000,51.250000,9.850000
2531612,"Rieplos",713,57,"33U","33U1H4S4Q",2,2026-09-23 22:07:39.2000000,0,1106,0,2026-09-23 22:07:39.2000000,52.283330,13.900000
2529932,"Klein Schauen",713,57,"33U","33U1H4S4Q",2,2026-09-23 22:07:51.0030000,0,1106,0,2026-09-23 22:07:51.0030000,52.250000,13.866670
13449,"Palm Beach",143,13,"56H","56H1H1S4Q",3,2016-11-22 07:19:05.4070000,0,2585,2003299,2026-09-23 22:07:59.6700000,-33.596640,151.323840
13620,"Umina",143,13,"56H","56H1H1S4Q",3,2017-04-28 10:48:50.3500000,0,2068,1041514,2026-09-23 22:08:05.4730000,-33.533330,151.308330
13621,"Ocean Beach",143,13,"56H","56H1H1S4Q",3,2018-04-25 09:35:36.0370000,0,1551,1104246,2026-09-23 22:08:09.9100000,-33.533330,151.316670
13663,"Ettalong Beach",143,13,"56H","56H1H1S4Q",3,2018-05-08 03:42:57.5000000,0,517,1001095,2026-09-23 22:08:13.9630000,-33.516670,151.333330
13664,"Booker Bay",143,13,"56H","56H1H1S4Q",3,2017-05-29 09:45:10.0630000,0,2068,3064252,2026-09-23 22:08:17.5730000,-33.516670,151.350000
13667,"Killcare",143,13,"56H","56H1H1S4Q",3,2017-08-31 06:10:23.8070000,0,1551,1052594,2026-09-23 22:08:21.3930000,-33.516670,151.366670
13712,"Empire Bay",143,13,"56H","56H1H1S4Q",3,2019-08-29 08:14:11.7870000,0,2068,1021297,2026-09-23 22:08:26.8330000,-33.500000,151.366670
13714,"Daleys Point",143,13,"56H","56H1H1S4Q",3,2019-09-02 05:44:53.1800000,0,1551,1005094,2026-09-23 22:08:36.4700000,-33.496890,151.355040
13711,"Woy Woy",143,13,"56H","56H1H1S4Q",3,2018-04-29 02:07:06.3200000,0,1551,1025608,2026-09-23 22:08:41.1470000,-33.500000,151.333330
2109017,"Willow Glen",3562,233,"18T","18T2H1S4Q",1,2023-09-17 12:08:31.9800000,99850,0,0,2026-09-23 22:09:42.0800000,42.963400,-76.436050
2310142,"Luxeuil-les-Bains",957,75,"32T","32T1H1S1Q",1,2015-09-02 20:48:29.1200000,3278986,0,0,2026-09-23 22:09:53.0330000,47.816670,6.383330
2301048,"Vesoul",957,75,"32T","32T1H1S1Q",1,2015-09-06 20:01:39.1270000,68556661,0,0,2026-09-23 22:10:21.2230000,47.633330,6.166670
12220,"Holsworthy",143,13,"56H","56H1H1S3Q",3,2017-06-13 08:08:58.6900000,0,0,1041161,2026-09-23 22:10:26.2270000,-33.983330,150.966670
2208121,"Andover",3558,233,"15T","15T1H5S1Q",1,2013-08-03 22:56:36.1400000,3459563,0,0,2026-09-23 22:10:36.8000000,45.233300,-93.291340
2739488,"Pechory",2661,192,"35V","35V2H5S2Q",2,2026-09-21 08:17:44.3170000,0,195770,1800,2026-09-23 22:12:20.3330000,57.816420,27.611900
2069048,"Dock Junction",3584,233,"17T","17T2H2S4Q",1,2013-05-09 19:45:38.5400000,1161581,0,5687,2026-09-23 22:12:20.3400000,42.105890,-80.118670
2057362,"Jims Camp",3567,233,"10T","10T2H5S2Q",2,2025-09-11 14:19:59.5130000,0,35338,0,2026-09-23 22:13:23.8830000,41.832920,-122.585860
2204677,"Unionvale",3576,233,"10T","10T1H5S1Q",2,2025-12-05 07:06:45.3900000,0,5526651,0,2026-09-23 22:15:35.1230000,45.143170,-123.060660
2059934,"Roma",1377,110,"33T","33T2H4S1Q",3,2019-06-07 12:39:31.5730000,0,0,5292880,2026-09-23 22:16:05.3630000,41.894740,12.483900
2447771,"Marcq-en-Baroeul",950,75,"31U","31U2H2S4Q",2,2013-11-04 07:17:28.7570000,0,11183637,600,2026-09-23 22:16:05.3700000,50.666670,3.083330
1887751,"Cedar Grove",3567,233,"10S","10S1H3S4Q",3,2025-12-29 23:09:22.4930000,0,0,507765,2026-09-23 22:17:56.9630000,38.744630,-120.656870
2083431,"Brushy",3553,233,"15T","15T2H1S4Q",2,2014-06-03 23:36:54.6200000,0,6309083,0,2026-09-23 22:18:31.3800000,42.430800,-94.010230
2218623,"Deux-Montagnes",459,38,"18T","18T1H6S1Q",1,2026-06-04 12:37:37.7300000,400803,0,0,2026-09-23 22:18:36.3000000,45.534550,-73.901680
1806367,"York River Pines",3585,233,"18S","18S1H4S2Q",3,2026-09-23 22:18:42.4000000,978,1042,2313,2026-09-23 22:18:42.4000000,37.256390,-76.503890
2451478,"Haccourt",255,20,"31U","31U2H3S4Q",2,2025-03-22 10:29:22.4870000,0,1809031,0,2026-09-23 22:18:47.9370000,50.732720,5.669440
2445556,"Beyne-Heusay",255,20,"31U","31U2H3S4Q",1,2026-05-01 23:10:36.6630000,19250,0,0,2026-09-23 22:18:53.6570000,50.623260,5.656240
1519836,"Lancaster",3549,233,"14S","14S2H6S4Q",3,2023-11-06 10:31:57.8870000,0,0,3534610,2026-09-23 22:20:57.0900000,32.592080,-96.756110
2226059,"Saint James",3557,233,"16T","16T1H6S1Q",1,2026-09-23 22:20:45.4830000,2168,0,0,2026-09-23 22:21:57.1730000,45.751110,-85.515640
2224311,"Bonner Landing",3557,233,"16T","16T1H6S1Q",1,2026-09-23 22:20:55.6930000,2166,0,0,2026-09-23 22:22:00.7070000,45.704170,-85.579530
2221900,"Martins Bluff",3557,233,"16T","16T1H6S1Q",1,2026-09-23 22:20:51.2600000,2167,0,0,2026-09-23 22:22:04.8200000,45.636390,-85.488140
2220398,"Nomad",3557,233,"16T","16T1H6S1Q",1,2026-09-23 22:20:59.5800000,2167,0,0,2026-09-23 22:22:09.9800000,45.595000,-85.515080
2186460,"Acme",3557,233,"16T","16T1H6S3Q",1,2026-09-23 22:22:18.6500000,1038,0,0,2026-09-23 22:22:18.6500000,44.771950,-85.501460
2185157,"Fivemile Corner",3557,233,"16T","16T1H6S3Q",1,2026-09-23 22:22:22.0000000,1032,0,0,2026-09-23 22:22:22.0000000,44.746670,-85.522850
2297057,"Van Asselt",3578,233,"10T","10T1H2S2Q",1,2013-04-21 16:32:23.7470000,4188999,5760,0,2026-09-23 22:23:37.2830000,47.545930,-122.319290
2542820,"Himley",979,77,"30U","30U1H5S4Q",2,2026-07-25 19:33:49.8030000,0,72600,0,2026-09-23 22:24:19.1430000,52.519040,-2.181820
1721120,"Hopkins",3545,233,"17S","17S2H3S2Q",3,2026-02-21 13:29:25.9770000,0,29435,31250,2026-09-23 22:24:27.2800000,35.884880,-78.352220
1399979,"Pershing",3549,233,"14R","14R1H3S3Q",1,2010-01-01 00:00:00.0000000,1010606,0,0,2026-09-23 22:24:42.5300000,30.259380,-97.718890
2624378,"Gdansk",2449,180,"34U","34U1H1S3Q",2,2019-06-07 12:01:43.3100000,0,11461980,0,2026-09-23 22:24:49.6670000,54.352050,18.646370
2421987,"Ovcin",698,56,"33U","33U2H2S3Q",1,2020-06-05 17:54:16.1100000,150008,0,0,2026-09-23 22:26:31.5630000,50.150000,14.483330
13710,"Blackwall",143,13,"56H","56H1H1S4Q",3,2018-04-24 23:02:22.4270000,0,1034,1047134,2026-09-23 22:27:23.2600000,-33.500000,151.316670
13759,"Davistown",143,13,"56H","56H1H1S4Q",3,2018-05-04 22:48:33.1670000,0,1551,1014238,2026-09-23 22:27:27.2470000,-33.483330,151.366670
13758,"Mount Pleasant",143,13,"56H","56H1H1S4Q",3,2018-04-30 03:00:29.4330000,0,1551,1005649,2026-09-23 22:27:30.7130000,-33.483330,151.350000
13809,"Koolewong",143,13,"56H","56H1H1S4Q",3,2018-04-19 12:35:41.6400000,0,2068,1072196,2026-09-23 22:27:34.8000000,-33.466670,151.316670
13760,"Kincumber South",143,13,"56H","56H1H1S4Q",2,2026-09-11 12:21:58.1800000,0,6324,517,2026-09-23 22:27:39.7170000,-33.483330,151.383330
13713,"Bensville",143,13,"56H","56H1H1S4Q",2,2026-09-10 09:41:14.3400000,0,33450,517,2026-09-23 22:27:43.8130000,-33.500000,151.383330
11536,"Stanwell Tops",143,13,"56H","56H1H4S1Q",3,2021-03-09 09:57:18.4800000,0,0,560195,2026-09-23 22:27:58.9900000,-34.219290,150.976400
11558,"Otford",143,13,"56H","56H1H4S2Q",3,2026-08-14 02:45:34.1400000,0,517,139962,2026-09-23 22:28:02.6870000,-34.216670,151.000000
11633,"Helensburgh",143,13,"56H","56H1H4S2Q",3,2020-09-16 03:10:42.1070000,0,0,1032053,2026-09-23 22:28:06.9130000,-34.183330,151.000000
11754,"Waterfall",143,13,"56H","56H1H4S2Q",3,2026-08-11 00:28:11.0070000,0,0,1048100,2026-09-23 22:28:11.8630000,-34.133330,151.000000
2481403,"Frankenhain",710,57,"32U","32U2H2S2Q",3,2026-09-23 22:28:08.2000000,0,0,9844,2026-09-23 22:28:28.5270000,51.233330,9.900000
2100512,"Clinton Village",3557,233,"16T","16T2H3S4Q",1,2017-08-11 07:01:58.7430000,2710122,0,0,2026-09-23 22:28:29.2700000,42.795870,-84.531370
2049232,"Sant Genis de Palafolls",909,68,"31T","31T2H5S1Q",3,2022-05-03 14:02:36.3070000,0,0,935885,2026-09-23 22:29:46.1500000,41.650000,2.716670
1551493,"Minchin",3549,233,"14S","14S2H6S1Q",3,2015-09-29 10:58:40.5300000,22610,0,3493449,2026-09-23 22:30:40.8930000,33.179290,-97.153620
2314017,"Larimers Corner",3578,233,"10T","10T1H2S2Q",1,2010-01-01 00:00:00.0000000,4627710,0,0,2026-09-23 22:31:40.9670000,47.891760,-122.144570
2100146,"Valley Farms",3557,233,"16T","16T2H3S4Q",1,2017-05-14 10:54:53.8670000,2731627,0,0,2026-09-23 22:31:44.7330000,42.784200,-84.542760
2026778,"Dunsmuir",3567,233,"10T","10T2H5S2Q",2,2021-03-06 22:21:47.8600000,0,61603,0,2026-09-23 22:32:28.1630000,41.208210,-122.271950
2278350,"Kuttigkofen",510,43,"32T","32T1H1S2Q",1,2015-04-22 17:51:56.7130000,1219640,0,0,2026-09-23 22:32:40.1770000,47.151380,7.515510
2090950,"Kingsland",3557,233,"16T","16T2H3S4Q",1,2018-06-22 22:22:57.0530000,2704504,0,0,2026-09-23 22:33:37.1170000,42.588930,-84.651650
2097817,"East Lansing",3557,233,"16T","16T2H3S4Q",1,2017-07-10 09:44:20.9430000,2416362,0,0,2026-09-23 22:34:34.0400000,42.736980,-84.483870
2097056,"Okemos",3557,233,"16T","16T2H3S4Q",1,2018-02-08 00:22:45.9200000,2073637,0,0,2026-09-23 22:34:46.9270000,42.722260,-84.427470
2098161,"Haslett",3557,233,"16T","16T2H3S4Q",1,2018-10-17 19:53:24.8500000,1996911,0,0,2026-09-23 22:34:59.4800000,42.746980,-84.401080
2105410,"Laingsburg",3557,233,"16T","16T2H3S4Q",1,2019-05-07 14:00:16.6270000,2075980,0,0,2026-09-23 22:35:29.4800000,42.890310,-84.351360
2106948,"Westchester Heights",3557,233,"16T","16T2H3S4Q",1,2018-11-06 02:13:53.7230000,2025846,0,0,2026-09-23 22:35:34.5100000,42.919200,-84.381090
2107255,"Price",3557,233,"16T","16T2H3S4Q",1,2017-11-23 13:11:54.7570000,3004830,0,0,2026-09-23 22:35:41.0370000,42.928920,-84.483590
2295463,"Mettmenriet",503,43,"32T","32T1H2S1Q",3,2024-06-26 15:13:30.1200000,0,0,14211595,2026-09-23 22:35:50.2070000,47.512600,8.545720
2109662,"Mottville",3562,233,"18T","18T2H1S4Q",1,2023-09-17 03:23:28.9000000,54921,0,0,2026-09-23 22:38:14.7100000,42.973680,-76.442440
2101368,"Gunnisonville",3557,233,"16T","16T2H3S4Q",1,2017-07-15 22:13:03.4970000,2977322,0,0,2026-09-23 22:39:11.4230000,42.813090,-84.523040
2590174,"Crumpsall",979,77,"30U","30U1H5S2Q",3,2010-01-01 00:00:00.0000000,5389,0,466771,2026-09-23 22:39:17.7070000,53.518270,-2.244470
2145388,"Gap",3576,233,"10T","10T2H2S1Q",3,2026-09-23 22:39:33.3070000,0,0,1040,2026-09-23 22:39:33.3070000,43.735680,-123.055910
2146765,"Walden",3576,233,"10T","10T2H2S1Q",3,2026-09-23 22:39:37.5530000,0,0,1040,2026-09-23 22:39:37.5530000,43.776230,-123.005350
2146743,"Latham",3576,233,"10T","10T2H2S1Q",3,2026-09-23 22:39:43.2070000,0,0,1040,2026-09-23 22:39:43.2070000,43.775400,-123.062300
2147430,"Mill Camp",3576,233,"10T","10T2H2S1Q",3,2026-09-23 18:13:56.3900000,0,0,8364,2026-09-23 22:39:52.3470000,43.795680,-123.227590
2292902,"Kloten / Kloten (Zentrum)",503,43,"32T","32T1H2S1Q",3,2026-07-23 16:39:34.4870000,0,0,3078922,2026-09-23 22:41:08.6930000,47.451340,8.586830
1393522,"Hempstead",3549,233,"14R","14R1H3S4Q",1,2013-10-26 17:12:27.1870000,18399452,0,0,2026-09-23 22:41:10.7200000,30.097440,-96.078290
2145494,"Comstock",3576,233,"10T","10T2H2S1Q",2,2026-09-11 21:55:43.5500000,0,6600,300,2026-09-23 22:41:15.0000000,43.739290,-123.186470
2197435,"Falcon Heights",3558,233,"15T","15T1H5S3Q",2,2018-06-09 17:14:40.3670000,0,3534017,2160,2026-09-23 22:41:22.1000000,44.991630,-93.166330
11877,"Heathcote",143,13,"56H","56H1H4S2Q",3,2019-06-28 04:07:51.3670000,0,1034,1021996,2026-09-23 22:42:54.7970000,-34.083330,151.016670
11921,"Engadine",143,13,"56H","56H1H4S2Q",3,2017-06-18 08:45:17.1630000,0,517,1053011,2026-09-23 22:43:00.7630000,-34.066670,151.016670
12939,"Wallgrove",143,13,"56H","56H1H1S3Q",3,2017-04-26 22:36:42.9530000,0,517,1237940,2026-09-23 22:43:08.7930000,-33.783330,150.850000
12991,"Rooty Hill",143,13,"56H","56H1H1S3Q",3,2017-04-26 22:36:24.3470000,0,517,1234379,2026-09-23 22:43:13.2530000,-33.766670,150.833330
12990,"Mount Druitt",143,13,"56H","56H1H1S3Q",3,2017-05-08 12:21:12.2930000,0,0,1204766,2026-09-23 22:43:17.2770000,-33.766670,150.816670
13036,"Kingswood",143,13,"56H","56H1H1S3Q",3,2017-05-26 00:12:29.4870000,0,517,1345876,2026-09-23 22:43:22.3300000,-33.750000,150.750000
1605425,"Malibu Hills",3567,233,"11S","11S2H1S4Q",1,2026-09-22 07:44:31.3700000,3187,0,0,2026-09-23 22:44:47.1470000,34.047510,-118.744250
1605185,"El Nido",3567,233,"11S","11S2H1S4Q",1,2026-09-22 20:45:25.5100000,2967,0,0,2026-09-23 22:44:51.2970000,34.043620,-118.739250
1604415,"Malibu Beach",3567,233,"11S","11S2H1S4Q",1,2026-09-22 07:44:25.6400000,4231,0,0,2026-09-23 22:44:55.4530000,34.032790,-118.688420
2078987,"Dearborn Heights",3557,233,"17T","17T2H1S3Q",1,2014-03-28 15:24:53.0900000,5230823,0,0,2026-09-23 22:44:55.9770000,42.336980,-83.273260
1607671,"Monte Nido",3567,233,"11S","11S2H1S4Q",1,2026-09-22 07:43:55.2630000,4232,0,0,2026-09-23 22:44:59.7370000,34.080840,-118.687030
2084217,"Clarenceville",3557,233,"17T","17T2H1S3Q",1,2021-11-20 23:55:55.8130000,1026192,0,0,2026-09-23 22:45:04.4130000,42.448370,-83.337150
1536276,"Audelia",3549,233,"14S","14S2H6S4Q",2,2010-01-01 00:00:00.0000000,36388,159113,1894,2026-09-23 22:45:08.3400000,32.909290,-96.717220
1107595,"Qianzhen",3390,228,"51Q","51Q1H1S3Q",2,2026-05-27 14:51:24.3630000,0,1135682,0,2026-09-23 22:46:30.2770000,22.585070,120.317540
2792645,"Sockenbacka",927,70,"35V","35V1H4S3Q",2,2013-09-11 05:02:40.7230000,660,2176435,13264,2026-09-23 22:47:02.7500000,60.220830,24.866670
2025300,"Chalco",3559,233,"14T","14T2H6S2Q",2,2025-07-28 02:33:34.4270000,0,1134412,0,2026-09-23 22:47:10.2200000,41.181890,-96.134380
2038425,"Firthcliffe",3562,233,"18T","18T2H5S2Q",1,2026-09-23 22:47:37.3000000,1093,0,0,2026-09-23 22:47:37.3000000,41.440890,-74.035330
2040072,"New Windsor",3562,233,"18T","18T2H5S2Q",1,2026-09-23 22:47:46.5470000,1134,0,0,2026-09-23 22:47:46.5470000,41.473130,-74.027330
2040220,"New Windsor",3562,233,"18T","18T2H5S2Q",1,2026-09-23 22:47:54.7430000,300,250,0,2026-09-23 22:47:54.7430000,41.476760,-74.023750
2042034,"Glenwood Park",3562,233,"18T","18T2H5S2Q",1,2026-09-23 22:48:06.6900000,300,237,0,2026-09-23 22:48:06.6900000,41.513430,-74.049860
2539327,"Lye",979,77,"30U","30U1H5S4Q",2,2026-07-25 20:07:48.7270000,0,62300,0,2026-09-23 22:48:07.6370000,52.450000,-2.116670
1554021,"Lincoln Park",3549,233,"14S","14S2H6S2Q",3,2010-01-01 00:00:00.0000000,2110,0,1105437,2026-09-23 22:49:48.9130000,33.222060,-96.972780
2140211,"Remus",3557,233,"16T","16T2H3S1Q",1,2026-09-23 22:50:50.4330000,963,0,0,2026-09-23 22:50:50.4330000,43.596700,-85.144750
2185932,"Traverse City",3557,233,"16T","16T1H6S3Q",1,2026-09-23 22:51:09.5700000,1038,0,0,2026-09-23 22:51:09.5700000,44.763060,-85.620630
2186798,"Greilickville",3557,233,"16T","16T1H6S3Q",3,2026-04-10 17:30:42.2900000,600,0,12918,2026-09-23 22:51:13.1800000,44.783060,-85.638690
1797506,"Dalbytown",3585,233,"18S","18S1H4S2Q",3,2023-02-09 01:09:38.7670000,0,0,28217,2026-09-23 22:51:29.4970000,37.126260,-76.460230
2213462,"L'Ile-Perrot",459,38,"18T","18T1H6S1Q",1,2026-06-07 21:49:41.6600000,390596,0,0,2026-09-23 22:51:39.9200000,45.383380,-73.949200
1612808,"Hidden Hills",3567,233,"11S","11S2H1S4Q",1,2026-09-22 20:48:14.1200000,2970,0,0,2026-09-23 22:54:30.8330000,34.160280,-118.652310
1612645,"Calabasas",3567,233,"11S","11S2H1S4Q",1,2026-09-22 07:43:45.1000000,3192,0,0,2026-09-23 22:54:33.9500000,34.157780,-118.638420
1613361,"Woodland Hills",3567,233,"11S","11S2H1S4Q",1,2026-09-23 17:28:08.0030000,3977,0,0,2026-09-23 22:54:41.8630000,34.168340,-118.605920
2295990,"Buelach / Altstadt",503,43,"32T","32T1H2S1Q",3,2024-05-09 11:19:12.8600000,0,0,19644054,2026-09-23 22:55:10.1570000,47.517610,8.540460
2502697,"Doornhoek",2270,167,"31U","31U2H3S2Q",1,2024-12-10 10:22:15.0470000,6433137,2100,3595316,2026-09-23 22:56:29.6930000,51.681670,5.406940
1896294,"Logan Circle",3536,233,"18S","18S1H1S3Q",3,2026-09-19 00:02:02.5130000,0,0,1214812,2026-09-23 22:58:53.8630000,38.912610,-77.031640
2086166,"Quakertown",3557,233,"17T","17T2H1S3Q",1,2015-01-02 01:26:40.0600000,2610890,0,0,2026-09-23 22:59:31.2430000,42.486150,-83.377710
2091907,"Sylvan Lake",3557,233,"17T","17T2H1S3Q",1,2014-06-30 11:22:26.4330000,2925828,0,0,2026-09-23 22:59:51.5900000,42.611420,-83.328550
2091529,"Westacres",3557,233,"17T","17T2H1S3Q",1,2015-12-20 16:54:26.6370000,3003305,0,0,2026-09-23 23:00:04.4400000,42.600030,-83.424940
2296251,"Highland Park",3578,233,"10T","10T1H2S2Q",1,2013-02-09 15:56:54.4600000,4112579,2428,0,2026-09-23 23:01:33.6700000,47.528430,-122.352630
1595879,"Tee Pee",3539,233,"17S","17S2H4S1Q",1,2015-10-13 22:53:53.9300000,385486,0,0,2026-09-23 23:02:03.7400000,33.907890,-83.398770
2495342,"Radyr",976,77,"30U","30U2H2S1Q",3,2018-06-19 10:36:41.2270000,0,0,905633,2026-09-23 23:03:38.0430000,51.518890,-3.261390
2076264,"Ann Arbor",3557,233,"17T","17T2H1S3Q",1,2016-07-16 20:11:44.6630000,44122282,0,0,2026-09-23 23:03:50.3300000,42.277560,-83.740880
2236669,"Brizon",945,75,"32T","32T1H1S3Q",2,2023-09-05 16:50:46.2370000,0,313216,0,2026-09-23 23:04:03.1600000,46.050000,6.450000
2295982,"Arbor Heights",3578,233,"10T","10T1H2S2Q",1,2013-06-02 01:21:06.1030000,4035306,2271,0,2026-09-23 23:05:30.7700000,47.517320,-122.376790
2111606,"Kellys Corners",3562,233,"18T","18T2H1S2Q",1,2023-09-15 13:17:27.7670000,104790,0,0,2026-09-23 23:05:40.7030000,43.015070,-76.252430
2508533,"Macharen",2270,167,"31U","31U2H3S2Q",1,2021-04-12 07:19:51.9400000,266015,0,0,2026-09-23 23:06:48.0470000,51.805830,5.544440
1615514,"Canoga Park",3567,233,"11S","11S2H1S4Q",1,2026-09-22 20:48:34.2730000,2976,0,0,2026-09-23 23:06:49.7630000,34.201120,-118.598140
1616253,"Winnetka",3567,233,"11S","11S2H1S4Q",1,2026-09-22 20:48:46.8130000,2902,0,0,2026-09-23 23:06:55.4370000,34.213340,-118.572030
1619896,"Granada Hills",3567,233,"11S","11S2H1S4Q",1,2026-09-23 22:42:02.6400000,4401,0,0,2026-09-23 23:07:00.1000000,34.264720,-118.523140
1610904,"Calabasas Highlands",3567,233,"11S","11S2H1S4Q",1,2026-09-22 20:31:58.3830000,4041,0,0,2026-09-23 23:07:08.3230000,34.130840,-118.645360
1609471,"Topanga Park",3567,233,"11S","11S2H1S4Q",1,2026-09-22 20:31:38.1030000,4036,0,0,2026-09-23 23:07:13.1500000,34.107510,-118.629250
1610539,"Glenview",3567,233,"11S","11S2H1S4Q",1,2026-09-22 07:45:13.1330000,3195,0,0,2026-09-23 23:07:17.0030000,34.124450,-118.601470
1610935,"Santa Maria",3567,233,"11S","11S2H1S4Q",1,2026-09-23 17:28:56.8430000,3573,0,0,2026-09-23 23:07:28.7170000,34.131400,-118.574530
1933330,"Westfall",3563,233,"17S","17S1H1S2Q",3,2020-10-19 16:19:55.3900000,0,0,1430942,2026-09-23 23:07:47.9730000,39.558120,-82.999070
2548098,"Nowy Folwark",2451,180,"33U","33U1H6S3Q",3,2025-10-27 09:20:47.5630000,0,0,404508,2026-09-23 23:12:51.4400000,52.637110,16.796270
2084107,"Farmington Acres",3557,233,"17T","17T2H1S3Q",1,2015-02-02 17:31:46.8630000,3969622,0,0,2026-09-23 23:15:40.1900000,42.445040,-83.385490
13034,"Pittwater",143,13,"56H","56H1H1S3Q",3,2017-09-10 20:55:45.7200000,0,517,2269090,2026-09-23 23:16:31.3730000,-33.750000,150.700000
12620,"Luddenham",143,13,"56H","56H1H1S3Q",3,2017-05-20 11:08:14.2830000,0,517,1185915,2026-09-23 23:16:40.3900000,-33.883330,150.683330
12439,"Bringelly",143,13,"56H","56H1H1S3Q",3,2017-08-14 03:14:10.5200000,0,0,1268705,2026-09-23 23:16:46.1770000,-33.933330,150.733330
12051,"Narellan",143,13,"56H","56H1H4S1Q",3,2019-07-04 03:30:25.4570000,0,517,1128019,2026-09-23 23:16:52.1800000,-34.033330,150.733330
11753,"Wedderburn",143,13,"56H","56H1H4S1Q",3,2022-03-01 02:56:02.8430000,0,517,1055858,2026-09-23 23:16:59.8500000,-34.133330,150.816670
11833,"Campbelltown South",143,13,"56H","56H1H4S1Q",3,2020-12-04 23:38:57.9830000,0,517,3004656,2026-09-23 23:17:03.7770000,-34.100000,150.816670
11920,"Campbelltown",143,13,"56H","56H1H4S1Q",3,2020-06-26 07:11:37.7430000,0,300,1011183,2026-09-23 23:17:08.6700000,-34.066670,150.816670
9743,"Wayville",138,13,"54H","54H1H4S1Q",2,2023-10-03 23:20:53.5270000,0,1338029,0,2026-09-23 23:17:14.5930000,-34.950000,138.583330
1391030,"Mountain City",3549,233,"14R","14R1H3S3Q",2,2026-05-24 04:23:05.6670000,0,2089977,0,2026-09-23 23:17:49.8130000,30.037160,-97.886950
11979,"Leumeah",143,13,"56H","56H1H4S1Q",3,2019-07-09 07:28:11.7770000,0,0,1204669,2026-09-23 23:18:32.3700000,-34.050000,150.833330
12994,"West Pymble",143,13,"56H","56H1H1S4Q",3,2017-02-22 11:28:36.1470000,0,0,2739055,2026-09-23 23:19:32.0400000,-33.766670,151.133330
9420,"Wagga Wagga",143,13,"55H","55H1H5S4Q",2,2013-04-05 11:03:40.4800000,0,735671240,0,2026-09-23 23:19:44.8770000,-35.116670,147.366670
2550025,"Norton Canes",979,77,"30U","30U1H6S3Q",2,2021-08-30 13:48:44.4500000,0,66024,0,2026-09-23 23:19:47.8730000,52.683330,-1.966670
2495847,"Grone",708,57,"32U","32U2H2S2Q",3,2019-09-09 18:14:02.3300000,0,0,1000625,2026-09-23 23:20:28.1470000,51.533330,9.900000
2555182,"Bad Freienwalde",713,57,"33U","33U1H5S3Q",2,2014-09-07 14:04:43.2000000,0,459529467,0,2026-09-23 23:20:41.7930000,52.787300,14.030400
1791974,"Camp Evers",3567,233,"10S","10S1H5S2Q",3,2013-02-16 15:48:29.4570000,0,0,1741628,2026-09-23 23:21:15.9470000,37.042730,-122.024960
1555841,"Flovilla",3539,233,"17S","17S2H4S1Q",3,2013-07-11 23:47:22.8370000,0,0,4560987,2026-09-23 23:23:30.5600000,33.253730,-83.898520
1580652,"DC Ranch",3572,233,"12S","12S2H5S1Q",2,2019-04-01 15:33:19.1400000,0,3019074,0,2026-09-23 23:23:47.4700000,33.667540,-111.865420
2141112,"Underkoflers Corner",3573,233,"11T","11T2H2S2Q",3,2023-04-19 07:54:03.2100000,1840,0,347928,2026-09-23 23:24:41.1700000,43.619050,-116.672640
2524497,"Czempin",2451,180,"33U","33U1H6S3Q",2,2025-03-28 16:07:59.6800000,0,3116556,0,2026-09-23 23:24:52.7870000,52.144040,16.764080
12804,"Hunters Hill",143,13,"56H","56H1H1S4Q",2,2026-09-22 02:06:02.3900000,0,3132493,0,2026-09-23 23:25:15.1700000,-33.833330,151.140830
151300,"Maychu",2383,175,"18L","18L2H3S4Q",1,2019-08-08 15:17:30.2400000,5710,0,0,2026-09-23 23:25:38.4370000,-13.415830,-72.018060
150548,"Sujapampa",2383,175,"18L","18L2H3S4Q",1,2019-08-07 15:06:13.2600000,5743,0,0,2026-09-23 23:25:47.2700000,-13.463890,-72.040000
2280413,"Bettlach",510,43,"32T","32T1H1S2Q",1,2014-01-12 03:54:27.7700000,581034,376061,0,2026-09-23 23:26:33.7800000,47.200620,7.424050
1723980,"Riley",3545,233,"17S","17S2H3S2Q",3,2026-02-21 13:31:16.4230000,0,29485,30000,2026-09-23 23:27:08.2970000,35.931540,-78.353050
13091,"Rogans Hill",143,13,"56H","56H1H1S4Q",2,2026-07-09 10:05:48.7800000,0,17112048,0,2026-09-23 23:27:17.8230000,-33.733330,151.016670
1322830,"Holiday Manor",3538,233,"17R","17R1H5S3Q",2,2026-07-12 04:19:42.6400000,0,326955,283523,2026-09-23 23:27:51.7400000,28.159180,-81.686190
13565,"Patonga",143,13,"56H","56H1H1S4Q",3,2017-05-06 07:46:18.4630000,0,11480,1025774,2026-09-23 23:28:20.6630000,-33.550000,151.266670
1609919,"Sylvia Park",3567,233,"11S","11S2H1S4Q",1,2026-09-22 20:31:24.9630000,4058,0,0,2026-09-23 23:28:37.2500000,34.115010,-118.581750
12856,"Ryde",143,13,"56H","56H1H1S4Q",3,2017-03-26 20:36:27.3070000,0,4861,2107029,2026-09-23 23:28:38.4400000,-33.816670,151.100000
1609062,"Topanga Oaks",3567,233,"11S","11S2H1S4Q",1,2026-09-22 20:31:15.9470000,4069,0,0,2026-09-23 23:28:40.9270000,34.101120,-118.590360
1608241,"Topanga",3567,233,"11S","11S2H1S4Q",1,2026-09-23 22:40:48.5170000,2356,0,0,2026-09-23 23:28:44.5970000,34.089270,-118.604360
1607895,"Wildwood",3567,233,"11S","11S2H1S4Q",1,2026-09-22 20:30:57.7000000,3591,0,0,2026-09-23 23:28:49.0530000,34.083620,-118.599530
1607569,"Fernwood",3567,233,"11S","11S2H1S4Q",1,2026-09-22 20:30:41.6630000,3579,0,0,2026-09-23 23:28:52.5070000,34.079450,-118.602580
1604783,"Las Flores",3567,233,"11S","11S2H1S4Q",1,2026-09-21 07:01:41.0070000,3085,0,0,2026-09-23 23:28:57.3330000,34.037230,-118.635920
2064770,"Elk Grove",3554,233,"16T","16T2H2S3Q",1,2025-04-14 19:31:13.4330000,821235,18090,0,2026-09-23 23:29:08.1800000,42.007250,-87.940340
1612006,"Brents Junction",3567,233,"11S","11S2H1S4Q",1,2026-09-22 07:43:52.4430000,5690,0,0,2026-09-23 23:29:22.6700000,34.148340,-118.697870
1606326,"Malibu Bowl",3567,233,"11S","11S2H1S4Q",1,2026-09-22 20:45:15.9470000,5258,0,0,2026-09-23 23:29:30.8670000,34.061120,-118.740370
13318,"Blackheath",143,13,"56H","56H1H1S3Q",3,2025-02-18 09:13:13.8770000,0,4800,908456,2026-09-23 23:29:45.3600000,-33.650000,150.266670
1543200,"Hebron",3549,233,"14S","14S2H6S2Q",3,2023-11-08 23:00:16.6500000,0,0,35162431,2026-09-23 23:33:01.4830000,33.026510,-96.863610
1540392,"Chandler Village",3547,233,"17S","17S2H5S4Q",2,2023-11-04 12:01:53.0730000,0,870033,0,2026-09-23 23:34:14.1570000,32.978510,-80.147040
2155472,"Duveneck",3566,233,"16T","16T1H5S3Q",1,2020-10-23 14:03:52.0670000,87120,0,0,2026-09-23 23:35:18.0930000,44.016940,-87.711750
2077631,"Limestreet",3562,233,"18T","18T2H3S3Q",1,2021-04-06 20:22:07.1300000,9812,0,0,2026-09-23 23:36:50.5370000,42.308420,-73.875680
2495647,"Roosendaal",2270,167,"31U","31U2H3S1Q",1,2026-05-18 10:24:01.1800000,154711,0,0,2026-09-23 23:37:11.7130000,51.530830,4.465280
2529935,"Storkow",713,57,"33U","33U1H4S4Q",2,2026-09-23 23:37:15.6870000,0,1933,0,2026-09-23 23:37:20.1270000,52.250000,13.933330
1878674,"Mayhew",3567,233,"10S","10S1H3S3Q",2,2013-03-31 23:54:34.2830000,0,2240710,1441599,2026-09-23 23:37:31.9270000,38.565180,-121.350780
2095878,"East Township",3562,233,"18T","18T2H2S4Q",1,2019-08-15 03:33:00.5330000,83090,0,0,2026-09-23 23:37:32.7500000,42.699800,-74.100960
2530756,"Kummersdorf",713,57,"33U","33U1H4S4Q",2,2026-09-23 23:37:40.1500000,0,1106,0,2026-09-23 23:37:40.1500000,52.266670,13.866670
2523971,"Wutscherogge",713,57,"33U","33U1H4S4Q",2,2026-09-23 23:38:21.1400000,300,3538,1111,2026-09-23 23:38:36.1570000,52.133330,13.933330
2582727,"IFSC",1260,102,"29U","29U1H6S2Q",3,2015-06-15 10:05:10.8670000,0,0,1169933,2026-09-23 23:38:39.5270000,53.350650,-6.253620
9108,"Aldinga",138,13,"54H","54H1H4S3Q",2,2025-06-30 04:06:35.2630000,37384,628502,0,2026-09-23 23:39:14.7330000,-35.283330,138.483330
2363537,"Neuilly-sur-Seine",955,75,"31U","31U2H5S3Q",3,2022-01-27 22:19:47.9170000,0,74881,862563,2026-09-23 23:39:27.1770000,48.883330,2.266670
2293050,"Zuerich-Kloten Airport",503,43,"32T","32T1H2S1Q",3,2023-05-24 13:55:32.8030000,360,0,27312777,2026-09-23 23:40:20.8770000,47.457750,8.555770
1886106,"Green Valley Acres",3567,233,"10S","10S1H3S3Q",2,2012-08-12 02:18:14.0800000,0,3420770,126089,2026-09-23 23:40:20.9370000,38.712400,-121.071890
2028543,"Lane",3559,233,"14T","14T2H6S2Q",2,2025-08-02 12:30:56.0170000,0,1106862,0,2026-09-23 23:42:21.4070000,41.241940,-96.160850
1401626,"West Lake Hills",3549,233,"14R","14R1H3S3Q",1,2010-01-01 00:00:00.0000000,1100080,0,0,2026-09-23 23:43:16.8300000,30.297980,-97.801950
12052,"Minto",143,13,"56H","56H1H4S1Q",3,2019-06-30 03:19:23.4470000,0,0,1121401,2026-09-23 23:43:24.2830000,-34.033330,150.850000
13037,"Gordon",143,13,"56H","56H1H1S4Q",3,2017-03-08 19:49:28.6770000,0,4861,1137579,2026-09-23 23:43:29.4570000,-33.750000,151.133330
11980,"East Minto",143,13,"56H","56H1H4S1Q",3,2017-08-31 12:51:18.6470000,0,0,1062226,2026-09-23 23:43:31.0000000,-34.050000,150.866670
12108,"Long Point",143,13,"56H","56H1H4S1Q",3,2019-06-28 05:21:19.2500000,0,879,1299222,2026-09-23 23:43:35.3830000,-34.016670,150.900000
1955433,"Quincy",3554,233,"15S","15S1H3S1Q",1,2019-02-19 04:40:57.4730000,269130474,0,0,2026-09-23 23:43:39.3930000,39.935600,-91.409870
12157,"Ingleburn",143,13,"56H","56H1H4S1Q",3,2019-06-28 05:37:28.0600000,0,0,1264796,2026-09-23 23:43:40.0170000,-34.000000,150.866670
12286,"Glenfield",143,13,"56H","56H1H1S3Q",3,2017-08-14 02:22:03.2100000,0,0,1348939,2026-09-23 23:43:44.2600000,-33.966670,150.900000
12508,"West Hoxton",143,13,"56H","56H1H1S3Q",3,2017-06-30 21:21:51.8300000,0,0,1234310,2026-09-23 23:43:48.7900000,-33.916670,150.850000
13566,"Pearl Beach",143,13,"56H","56H1H1S4Q",3,2017-05-08 07:34:52.7000000,0,2172,993398,2026-09-23 23:43:50.1200000,-33.550000,151.300000
12562,"Liverpool",143,13,"56H","56H1H1S3Q",3,2019-07-20 23:05:52.0500000,0,0,1005419,2026-09-23 23:43:52.5970000,-33.900000,150.933330
12894,"Eastwood",143,13,"56H","56H1H1S4Q",3,2016-10-09 03:20:07.7770000,0,2641,1497072,2026-09-23 23:43:53.2500000,-33.800000,151.083330
12563,"Chipping Norton",143,13,"56H","56H1H1S3Q",3,2017-11-16 03:05:40.1900000,0,0,1111759,2026-09-23 23:43:56.0130000,-33.900000,150.950000
30699,"Bethania Junction",142,13,"56J","56J1H5S4Q",2,2018-05-08 11:43:33.8630000,0,7511018,0,2026-09-23 23:44:01.2970000,-27.683330,153.166670
12567,"Bass Hill",143,13,"56H","56H1H1S3Q",3,2019-07-11 05:35:35.3170000,0,0,1142094,2026-09-23 23:44:03.0370000,-33.898630,150.995410
1855660,"Rivanna",3585,233,"17S","17S1H3S4Q",1,2026-09-23 23:44:22.8930000,1058,0,0,2026-09-23 23:44:22.8930000,38.124860,-78.460840
1855502,"Templeton Acres",3585,233,"17S","17S1H3S4Q",1,2026-09-23 23:44:30.2000000,1058,0,0,2026-09-23 23:44:30.2000000,38.120970,-78.458070
1852078,"Village Square",3585,233,"17S","17S1H3S4Q",1,2026-09-23 23:44:42.8000000,2098,0,95,2026-09-23 23:44:42.8000000,38.054580,-78.462230
1886871,"King Farms",3567,233,"10S","10S1H3S3Q",3,2026-09-14 22:25:54.1200000,0,374323,2220622,2026-09-23 23:44:45.7470000,38.726570,-121.691350
1829052,"Ransons",3585,233,"17S","17S1H6S2Q",1,2026-09-23 23:44:58.8700000,1069,0,0,2026-09-23 23:44:58.8700000,37.636810,-78.511390
1826495,"Nuckols",3585,233,"17S","17S1H6S2Q",1,2026-09-23 23:45:16.7300000,1054,0,0,2026-09-23 23:45:16.7300000,37.594040,-78.321390
1833552,"West Bottom",3585,233,"17S","17S1H6S2Q",1,2026-09-23 23:45:30.1530000,1108,0,0,2026-09-23 23:45:30.1530000,37.717090,-78.260840
1495813,"Emery Park",3572,233,"12S","12S2H5S4Q",3,2013-09-24 21:15:45.5200000,0,0,5345252,2026-09-23 23:45:31.5430000,32.141190,-110.955920
2004876,"Sugar Hill",3562,233,"18T","18T2H6S3Q",1,2026-09-21 19:13:00.7570000,272849,0,0,2026-09-23 23:45:36.8800000,40.827500,-73.943330
148998,"Quishuarcancha",2383,175,"18L","18L2H3S4Q",1,2019-08-08 17:07:51.6900000,4460,0,0,2026-09-23 23:45:38.0100000,-13.566110,-72.034720
148779,"Huatahuaylla",2383,175,"18L","18L2H3S4Q",1,2022-12-06 09:09:51.0530000,5743,0,0,2026-09-23 23:45:41.2430000,-13.577500,-72.060280
148221,"Tancarpampa",2383,175,"18L","18L2H3S4Q",1,2022-12-06 09:44:54.9800000,4493,0,0,2026-09-23 23:45:46.1670000,-13.616110,-72.068330
1844117,"El Cerrito",3567,233,"10S","10S1H5S2Q",2,2025-08-01 12:23:41.0230000,0,3695360,8272,2026-09-23 23:45:49.7430000,37.915760,-122.311640
12629,"The Glebe",143,13,"56H","56H1H1S4Q",2,2026-09-05 21:37:44.4300000,0,4430943,0,2026-09-23 23:46:37.1400000,-33.879440,151.186390
2218593,"Sainte-Marthe-sur-le-Lac",459,38,"18T","18T1H6S1Q",1,2026-06-04 11:40:46.1870000,370656,0,0,2026-09-23 23:46:37.6700000,45.533380,-73.932500
1857125,"Doylesville",3585,233,"17S","17S1H3S4Q",1,2026-09-23 23:46:43.5570000,1070,0,0,2026-09-23 23:46:43.5570000,38.150690,-78.667800
1869377,"Inglewood",3585,233,"17S","17S1H3S4Q",2,2025-06-20 23:34:50.6100000,517,35326,0,2026-09-23 23:47:02.2970000,38.390400,-78.664740
1870046,"Upper Pocosin",3585,233,"17S","17S1H3S4Q",1,2026-09-23 23:47:12.7270000,1360,0,0,2026-09-23 23:47:12.7270000,38.400960,-78.481950
2156911,"Danebo",3576,233,"10T","10T1H5S3Q",3,2025-09-25 06:04:40.5500000,0,4136,1000362,2026-09-23 23:48:06.0430000,44.059570,-123.178700
2546554,"Tettenhall",979,77,"30U","30U1H5S4Q",2,2025-08-31 15:04:08.4570000,0,62168,0,2026-09-23 23:48:10.4570000,52.602060,-2.165250
1715614,"Cobblestone",3545,233,"17S","17S2H3S2Q",3,2026-02-21 13:14:27.6030000,0,13186,21250,2026-09-23 23:48:12.8200000,35.789320,-78.353890
2636834,"Carrickfergus",978,77,"30U","30U1H1S3Q",1,2025-05-08 12:02:51.4830000,178522,0,0,2026-09-23 23:48:37.3500000,54.715800,-5.805800
1897325,"Sutton Place",3536,233,"18S","18S1H1S3Q",1,2015-06-03 11:26:23.0300000,988945,0,125539,2026-09-23 23:49:20.6470000,38.931500,-77.081640
1945735,"Indianapolis",3555,233,"16S","16S1H2S2Q",2,2013-10-19 22:28:45.1070000,0,38640898,6982,2026-09-23 23:50:13.5700000,39.768380,-86.158040
2474044,"Koekoek",256,20,"31U","31U2H3S1Q",1,2026-09-23 03:40:38.7500000,267786,0,0,2026-09-23 23:50:20.4270000,51.111630,4.366620
1400737,"Rollingwood",3549,233,"14R","14R1H3S3Q",1,2010-01-01 00:00:00.0000000,1010001,0,0,2026-09-23 23:50:40.5300000,30.276870,-97.791120
1975486,"Bedison",3543,233,"15T","15T2H4S4Q",2,2026-09-23 23:50:48.8070000,0,1121,0,2026-09-23 23:50:48.8070000,40.293320,-94.774410
1978744,"Ravenwood",3543,233,"15T","15T2H4S4Q",2,2026-09-23 23:50:52.6600000,0,1119,0,2026-09-23 23:50:52.6600000,40.352210,-94.673850
793687,"Ban Huai Sai Tai",3167,218,"47P","47P1H5S4Q",1,2016-07-27 16:37:58.4500000,1393422,60818,0,2026-09-23 23:50:53.1400000,12.683330,99.950000
1982403,"Orrsburg",3543,233,"15T","15T2H4S4Q",2,2026-09-23 23:50:56.8300000,0,1126,0,2026-09-23 23:50:56.8300000,40.430820,-94.721360
2023381,"Rumsey",3559,233,"15T","15T2H4S1Q",2,2025-07-11 21:05:11.7130000,0,2296770,0,2026-09-23 23:51:02.3470000,41.146670,-95.993630
2289843,"Snoose Junction",3578,233,"10T","10T1H3S1Q",2,2013-04-16 16:30:56.2530000,0,1292033,0,2026-09-23 23:51:20.3830000,47.392320,-121.818720
1717407,"Rivercrest",3545,233,"17S","17S2H3S2Q",3,2026-02-21 13:14:17.5970000,0,0,46915,2026-09-23 23:51:28.4800000,35.819320,-78.360280
1956961,"Henleyville",3567,233,"10S","10S1H2S2Q",2,2025-05-10 14:44:07.2370000,0,22702,0,2026-09-23 23:51:58.9670000,39.961820,-122.326660
1526728,"Westland",3549,233,"14S","14S2H6S3Q",3,2014-10-04 21:00:55.7630000,0,0,2062924,2026-09-23 23:52:15.3770000,32.724570,-97.495020
2290985,"Niederrohrdorf",528,43,"32T","32T1H2S1Q",3,2023-01-25 08:48:20.8430000,2400,0,9620893,2026-09-23 23:52:24.8030000,47.416670,8.300000
2483627,"Bouchauterhaven",2266,167,"31U","31U2H2S2Q",1,2026-09-23 23:52:49.2100000,2088,0,0,2026-09-23 23:52:49.2100000,51.274170,3.723610
2483723,"Isabellahaven",2266,167,"31U","31U2H2S2Q",1,2026-09-23 23:52:53.7800000,2106,0,0,2026-09-23 23:52:54.8270000,51.277500,3.715280
2483799,"Maagd van Gent",256,20,"31U","31U2H2S2Q",1,2026-09-23 23:53:00.9970000,2109,0,0,2026-09-23 23:53:10.3300000,51.280810,3.690290
2160594,"Yelverton",457,38,"17T","17T1H6S4Q",3,2019-02-17 23:42:20.5470000,0,0,1434282,2026-09-23 23:53:10.9270000,44.160900,-78.715840
1759126,"Sparta",3545,233,"17S","17S1H5S3Q",1,2026-09-23 23:53:24.3230000,687,0,0,2026-09-23 23:53:24.3230000,36.505410,-81.120920
1585200,"Balm",3549,233,"14S","14S2H6S2Q",1,2026-09-23 23:53:31.4870000,952,0,0,2026-09-23 23:53:31.4870000,33.746770,-96.976670
2483486,"Kronenhoek",256,20,"31U","31U2H3S1Q",2,2017-06-09 15:29:43.3970000,0,17777,0,2026-09-23 23:53:48.6900000,51.269140,4.136270
1582355,"Callisburg",3549,233,"14S","14S2H6S1Q",3,2014-10-29 16:13:22.1970000,6600,0,219559,2026-09-23 23:53:52.2900000,33.697880,-97.008900
793685,"Ban Thuang Luang",3167,218,"47P","47P1H5S4Q",1,2016-07-27 16:07:42.6630000,476137,362,0,2026-09-23 23:53:52.5000000,12.683330,99.850000
2483827,"Molenhoek",256,20,"31U","31U2H3S1Q",2,2018-01-03 05:47:48.8330000,1034,25348,0,2026-09-23 23:53:55.8600000,51.281780,4.155180
2479888,"Wommelgem",256,20,"31U","31U2H3S1Q",1,2026-08-21 02:26:11.1700000,200884,0,0,2026-09-23 23:54:16.9130000,51.204520,4.522500
2553166,"Gaywood",979,77,"31U","31U1H4S3Q",2,2017-04-09 15:56:52.1270000,600,3948532,1786,2026-09-23 23:54:19.8830000,52.750000,0.433330
2553514,"King's Lynn",979,77,"31U","31U1H4S3Q",3,2025-01-23 14:09:59.3170000,0,0,250353,2026-09-23 23:54:49.6500000,52.751720,0.395160
1824623,"Foster City",3567,233,"10S","10S1H5S2Q",1,2025-01-27 17:13:21.2600000,3449726,0,0,2026-09-23 23:55:12.5400000,37.558550,-122.271080
2069374,"Hubbard Woods",3554,233,"16T","16T2H2S3Q",1,2026-09-23 23:21:57.5070000,15534,0,0,2026-09-23 23:55:12.6470000,42.115580,-87.742840
2049084,"Dune Acres",3555,233,"16T","16T2H5S1Q",3,2026-09-10 13:32:50.5870000,0,0,869534,2026-09-23 23:55:35.6400000,41.649480,-87.085870
2138299,"Sioux Falls",3577,233,"14T","14T2H3S2Q",2,2013-04-15 23:15:01.0930000,0,590398709,0,2026-09-23 23:55:58.6730000,43.549970,-96.700330
1384355,"Maxwell",3549,233,"14R","14R1H6S1Q",2,2026-08-21 12:51:22.5400000,0,503363,0,2026-09-23 23:56:25.6400000,29.881050,-97.793340
2292500,"Neuenhof",528,43,"32T","32T1H2S1Q",3,2023-02-21 02:34:11.1100000,12668,0,1547225,2026-09-23 23:56:35.6500000,47.450000,8.316670
1911346,"West Overlook",3555,233,"16S","16S1H2S2Q",2,2013-09-07 22:33:23.2300000,0,13628495,0,2026-09-23 23:56:54.9530000,39.171440,-86.254710
1738567,"Las Vegas",3570,233,"11S","11S1H6S3Q",2,2014-01-06 05:24:19.2230000,0,157694517,0,2026-09-23 23:56:59.0730000,36.174970,-115.137220
1792617,"Scotts Valley",3567,233,"10S","10S1H5S2Q",3,2026-09-23 04:02:55.6370000,0,0,782670,2026-09-23 23:58:23.9030000,37.051060,-122.014680
2155850,"College Hill",3576,233,"10T","10T1H5S3Q",1,2025-06-30 03:00:56.4800000,10848126,0,0,2026-09-23 23:58:56.4900000,44.030960,-123.098140
2192945,"Glen Haven",3557,233,"16T","16T1H5S4Q",3,2026-06-01 03:00:49.8830000,5400,0,69884,2026-09-23 23:59:51.9270000,44.901940,-86.027590
1801540,"Mount Zion",3582,233,"16S","16S1H6S2Q",2,2015-05-11 18:29:49.6200000,600,679301,6000,2026-09-24 00:00:22.4800000,37.184240,-84.676330
1563219,"Greenwood",3539,233,"16S","16S2H6S2Q",3,2013-07-20 22:40:42.1070000,0,0,25291818,2026-09-24 00:00:22.8570000,33.392890,-84.168810
2341760,"Mount Vernon",3578,233,"10U","10U2H5S4Q",3,2026-09-24 00:00:31.4500000,0,0,1926,2026-09-24 00:00:31.4500000,48.421220,-122.334050
2836381,"Alcatraz",3567,233,"10S","10S1H5S2Q",3,2013-07-21 02:02:03.3900000,0,0,27013225,2026-09-24 00:00:46.0500000,37.826886,-122.423224
1914211,"Albin",3585,233,"17S","17S1H3S2Q",3,2025-03-07 23:41:09.4030000,102924,0,558094,2026-09-24 00:01:00.7770000,39.221770,-78.198610
1922337,"Gerrardstown",3550,233,"17S","17S1H3S2Q",2,2026-07-24 11:47:00.1200000,1034,28197,0,2026-09-24 00:01:08.1100000,39.370380,-78.095560
30797,"Slacks Creek",142,13,"56J","56J1H5S4Q",2,2024-09-16 22:50:41.4270000,38961,1822082,0,2026-09-24 00:01:10.4000000,-27.650000,153.150000
1923854,"Union Corner",3550,233,"17S","17S1H3S2Q",2,2026-09-02 11:37:13.4200000,517,24469,0,2026-09-24 00:01:11.4530000,39.398710,-78.085560
1926708,"Goose Nest",3550,233,"17S","17S1H3S2Q",2,2026-08-31 22:46:01.3800000,1034,61834,0,2026-09-24 00:01:14.1870000,39.445930,-78.076390
1929489,"Jones Springs",3550,233,"17S","17S1H3S2Q",2,2026-08-31 10:54:33.6970000,517,21607,0,2026-09-24 00:01:17.4700000,39.491490,-78.095280
1931683,"Tomahawk",3550,233,"17S","17S1H3S2Q",2,2025-11-24 11:36:25.1930000,1034,24726,0,2026-09-24 00:01:21.1430000,39.530370,-78.046950
1933306,"Baxter",3550,233,"17S","17S1H3S2Q",2,2025-11-24 23:10:58.1070000,517,38797,0,2026-09-24 00:01:23.8800000,39.557600,-78.077500
2218294,"Longueuil",459,38,"18T","18T1H6S1Q",3,2025-11-03 23:10:02.2570000,0,0,2924993,2026-09-24 00:01:24.5370000,45.531210,-73.518060
