ZoneId,Description,RegionId,CountryId,UtmGrid,GridRef,ZoneControlState,DateCapturedUtc,LegionCount,SwarmCount,FacelessCount,LastUpdateDateUtc,Latitude,Longitude
2211218,"Bowesville",457,38,"18T","18T1H5S1Q",2,2022-12-31 00:51:54.6300000,0,910687,0,2026-09-28 00:02:35.9300000,45.316800,-75.666040
2107365,"Goffs Falls",3560,233,"19T","19T2H1S3Q",2,2026-09-28 00:02:35.9330000,0,1200,0,2026-09-28 00:02:35.9370000,42.932030,-71.452570
2553937,"Rugeley",979,77,"30U","30U1H6S3Q",2,2022-01-25 10:26:18.4500000,0,78279,0,2026-09-28 00:04:23.0070000,52.766670,-1.933330
2552340,"Armitage",979,77,"30U","30U1H6S3Q",2,2022-07-08 23:34:33.7530000,0,51899,0,2026-09-28 00:04:30.3000000,52.733330,-1.883330
2551623,"Longdon",979,77,"30U","30U1H6S3Q",2,2010-01-01 00:00:00.0000000,0,52214,0,2026-09-28 00:04:39.1400000,52.716670,-1.883330
12112,"Jannali",143,13,"56H","56H1H4S2Q",3,2016-10-26 06:32:47.7170000,0,0,1064080,2026-09-28 00:05:59.3100000,-34.016670,151.066670
1838057,"Little Italy",3567,233,"10S","10S1H5S2Q",3,2013-07-27 03:53:52.7970000,0,0,2021215,2026-09-28 00:07:59.3930000,37.800760,-122.410800
1835739,"Victoria Mews",3567,233,"10S","10S1H5S2Q",3,2013-09-26 04:41:17.9430000,0,0,2084456,2026-09-28 00:08:27.7670000,37.760210,-122.399690
1840521,"South Berkeley",3567,233,"10S","10S1H5S2Q",3,2013-06-14 20:34:34.0770000,0,0,1783738,2026-09-28 00:08:57.2800000,37.848820,-122.271640
1839604,"Emeryville",3567,233,"10S","10S1H5S2Q",3,2026-08-29 06:18:16.7130000,0,0,2008596,2026-09-28 00:09:07.6130000,37.831320,-122.285250
1123544,"`Aradah",14,2,"39Q","39Q1H3S4Q",2,2026-09-28 00:09:08.2070000,0,388,0,2026-09-28 00:09:08.2070000,22.983330,53.433330
1838544,"West Oakland",3567,233,"10S","10S1H5S2Q",3,2013-06-30 15:51:06.9400000,0,0,1714522,2026-09-28 00:09:17.4270000,37.811870,-122.294970
1363240,"Williston Highlands",3538,233,"17R","17R1H4S2Q",1,2025-11-04 11:58:16.0300000,346916,0,0,2026-09-28 00:09:18.2000000,29.333710,-82.535720
1135716,"Zuwayhir",14,2,"39Q","39Q1H3S2Q",2,2026-09-28 00:09:27.0530000,0,851,0,2026-09-28 00:09:27.0530000,23.283330,53.200000
1838206,"Oakland",3567,233,"10S","10S1H5S2Q",3,2022-05-18 17:12:58.8900000,0,0,2059578,2026-09-28 00:09:30.4700000,37.804370,-122.270800
1145219,"Bu Hasa",14,2,"39Q","39Q1H3S2Q",2,2026-09-28 00:09:32.3930000,0,851,0,2026-09-28 00:09:32.3930000,23.533330,53.300000
1837792,"Chinatown",3567,233,"10S","10S1H5S2Q",3,2013-07-07 08:36:07.4700000,0,0,1354842,2026-09-28 00:09:36.8370000,37.799930,-122.270250
1169059,"Al Marfa'",14,2,"39R","39R2H6S4Q",2,2026-09-28 00:09:38.5600000,0,850,0,2026-09-28 00:09:38.5600000,24.091110,53.494720
1168577,"Al Mughayra'",14,2,"39R","39R2H6S4Q",2,2026-09-28 00:09:44.5800000,0,850,0,2026-09-28 00:09:44.5800000,24.078060,53.537220
1838579,"Trestle Glen",3567,233,"10S","10S1H5S2Q",3,2013-07-04 05:03:27.2870000,0,0,2093449,2026-09-28 00:09:46.5470000,37.812500,-122.234170
1838159,"Dimond District",3567,233,"10S","10S1H5S2Q",3,2013-07-18 01:45:28.3230000,0,0,1187681,2026-09-28 00:09:59.2700000,37.803330,-122.212780
1835389,"Elmhurst",3567,233,"10S","10S1H5S2Q",3,2022-10-06 05:15:40.8100000,0,0,1255365,2026-09-28 00:10:31.7670000,37.751870,-122.171910
12515,"Randwick",143,13,"56H","56H1H1S4Q",3,2017-06-17 09:11:13.8700000,0,362,1128089,2026-09-28 00:10:41.6830000,-33.916670,151.241670
12288,"Peakhurst",143,13,"56H","56H1H1S4Q",3,2017-08-13 20:38:17.2430000,0,879,1030770,2026-09-28 00:11:36.9470000,-33.966670,151.050000
1533024,"Rocky Point Center",3549,233,"15S","15S2H4S3Q",1,2021-07-09 04:04:21.0630000,481403,0,0,2026-09-28 00:12:21.8930000,32.845960,-95.783570
799223,"Ban Rong Rakam",3167,218,"47P","47P1H5S4Q",1,2024-11-21 14:23:28.7500000,214189,1562,0,2026-09-28 00:12:36.9500000,12.866670,99.916670
1598070,"Springfield",3539,233,"16S","16S2H6S2Q",1,2013-10-17 01:49:23.1870000,671967,0,0,2026-09-28 00:18:10.2670000,33.939270,-84.323260
1550045,"Meadow Green",3551,233,"16S","16S2H5S2Q",2,2026-09-28 00:20:13.0370000,0,2827,0,2026-09-28 00:20:15.6500000,33.153170,-86.820270
1549927,"Dogwood",3551,233,"16S","16S2H5S2Q",2,2026-09-28 00:20:29.1270000,0,1571,0,2026-09-28 00:20:29.1270000,33.151230,-86.873040
798182,"Nikhom Sang Ton Eng Khuan Phet",3167,218,"47P","47P1H5S4Q",1,2024-11-21 14:18:33.7800000,471919,8136,0,2026-09-28 00:20:37.0700000,12.833330,99.933330
83376,"Ambatondradama",1882,143,"38K","38K1H6S4Q",2,2026-09-28 00:21:52.1100000,258,781,0,2026-09-28 00:21:52.1100000,-19.533330,47.033330
83857,"Analamitia",1882,143,"38K","38K1H6S4Q",2,2026-09-28 00:22:03.3170000,0,741,0,2026-09-28 00:22:03.3170000,-19.466670,47.033330
84083,"Antsingilo",1882,143,"38K","38K1H6S3Q",2,2026-09-28 00:22:13.8230000,0,741,0,2026-09-28 00:22:13.8230000,-19.433330,46.933330
83237,"Ambero",1882,143,"38K","38K1H6S3Q",2,2026-09-28 00:22:19.0800000,258,781,0,2026-09-28 00:22:19.0800000,-19.550000,46.883330
82884,"Antarazo",1882,143,"38K","38K1H6S3Q",2,2026-09-28 00:22:24.9530000,0,741,0,2026-09-28 00:22:24.9530000,-19.600000,46.933330
82883,"Belamosina",1882,143,"38K","38K1H6S3Q",2,2026-09-28 00:22:28.6330000,0,741,0,2026-09-28 00:22:28.6330000,-19.600000,46.916670
82760,"Tsinjorano",1882,143,"38K","38K1H6S3Q",2,2026-09-28 00:22:30.6800000,0,741,0,2026-09-28 00:22:30.6800000,-19.616670,46.950000
82761,"Fiankarantsoa",1882,143,"38K","38K1H6S4Q",2,2026-09-28 00:22:33.8770000,0,741,0,2026-09-28 00:22:33.8770000,-19.616670,47.016670
1172349,"Fariq",14,2,"39R","39R2H6S4Q",2,2026-09-28 00:23:42.1330000,0,850,0,2026-09-28 00:23:42.1330000,24.198060,53.534440
1163014,"Habshan",14,2,"39Q","39Q1H3S2Q",2,2026-09-28 00:23:52.6800000,0,850,0,2026-09-28 00:23:52.6800000,23.936110,53.642780
1175931,"Marawwah",14,2,"39R","39R2H6S4Q",2,2026-09-28 00:23:58.9500000,0,849,0,2026-09-28 00:23:58.9500000,24.302500,53.333610
1175474,"Ghurbah",14,2,"39R","39R2H6S4Q",2,2026-09-28 00:24:02.3100000,0,849,0,2026-09-28 00:24:02.3100000,24.287780,53.269440
1175603,"Liffah",14,2,"39R","39R2H6S4Q",2,2026-09-28 00:24:05.6600000,0,849,0,2026-09-28 00:24:05.6600000,24.295560,53.228330
2537164,"Kolonie Klein Machnow",713,57,"33U","33U1H4S4Q",2,2023-03-28 13:21:29.5970000,0,1015529,0,2026-09-28 00:25:49.4970000,52.400000,13.216670
2211210,"Beauharnois",459,38,"18T","18T1H6S1Q",1,2026-05-25 00:40:27.8230000,450739,0,0,2026-09-28 00:25:55.4800000,45.316780,-73.865900
1547452,"Hilltop",3539,233,"16S","16S2H6S2Q",3,2015-04-20 00:10:21.2230000,0,0,326653,2026-09-28 00:31:26.7800000,33.106340,-84.438300
83118,"Avarabonga",1882,143,"38K","38K1H6S4Q",2,2026-09-28 00:31:56.2800000,0,741,0,2026-09-28 00:31:56.2800000,-19.566670,47.033330
82885,"Antsampandrano",1882,143,"38K","38K1H6S4Q",2,2026-09-28 00:32:00.5500000,0,741,0,2026-09-28 00:32:00.5500000,-19.600000,47.050000
82650,"Ambohimadinika",1882,143,"38K","38K1H6S4Q",2,2026-09-28 00:32:03.2000000,0,741,0,2026-09-28 00:32:03.2000000,-19.633330,47.050000
1555412,"Griffin",3539,233,"16S","16S2H6S2Q",3,2013-07-17 14:23:32.5300000,0,0,10036013,2026-09-28 00:32:05.9130000,33.246780,-84.264090
1827034,"Crestview",3585,233,"18S","18S1H4S1Q",2,2026-09-28 00:32:22.0300000,0,2755,460,2026-09-28 00:32:27.5930000,37.601260,-77.527760
1826281,"Westham",3585,233,"18S","18S1H4S1Q",2,2026-09-28 00:33:05.1370000,0,2547,0,2026-09-28 00:33:09.3630000,37.589040,-77.539990
2214344,"Oatfield",3576,233,"10T","10T1H5S2Q",2,2024-02-10 04:13:45.6130000,0,3085643,0,2026-09-28 00:33:20.1300000,45.414180,-122.600070
1997518,"Idylwilde",3568,233,"13T","13T2H5S3Q",2,2021-10-26 04:00:40.2170000,0,4240478,0,2026-09-28 00:34:02.2930000,40.700810,-105.654720
2552341,"Kings Bromley",979,77,"30U","30U1H6S3Q",2,2010-01-01 00:00:00.0000000,0,3964,0,2026-09-28 00:34:26.1170000,52.733330,-1.816670
1530456,"Avian Park",3547,233,"17S","17S2H6S3Q",1,2026-09-28 00:34:40.8400000,2585,1143,0,2026-09-28 00:34:44.2570000,32.797680,-79.855920
2543180,"Trysull",979,77,"30U","30U1H5S4Q",2,2026-07-02 04:35:11.0600000,0,61450,0,2026-09-28 00:34:55.5800000,52.533330,-2.233330
1535219,"Philip",3547,233,"17S","17S2H6S3Q",1,2026-09-28 00:35:02.4000000,690,0,0,2026-09-28 00:35:02.4000000,32.887670,-79.813970
2544663,"Seisdon",979,77,"30U","30U1H5S4Q",2,2021-04-27 17:24:50.6800000,0,67400,0,2026-09-28 00:35:04.5570000,52.566670,-2.250000
2545438,"Pattingham",979,77,"30U","30U1H5S4Q",2,2021-04-27 17:24:55.1100000,0,72400,0,2026-09-28 00:35:10.6000000,52.583330,-2.266670
2547691,"Albrighton",979,77,"30U","30U1H5S4Q",2,2021-04-24 12:39:32.0670000,0,62400,0,2026-09-28 00:35:21.9470000,52.633330,-2.266670
2549216,"Tong",979,77,"30U","30U1H5S4Q",2,2025-12-30 04:14:37.7230000,0,61410,0,2026-09-28 00:35:28.2470000,52.666670,-2.300000
1573593,"Ridgecrest",3539,233,"16S","16S2H6S2Q",3,2013-06-25 23:55:23.1730000,0,0,2095729,2026-09-28 00:35:38.3600000,33.556780,-84.232700
1793033,"Los Banos",3567,233,"10S","10S1H6S2Q",1,2024-10-27 00:29:39.0730000,615470,0,0,2026-09-28 00:37:23.6600000,37.058280,-120.849920
57759,"Fangorolava",1877,143,"38K","38K2H5S2Q",2,2026-09-28 00:38:43.7870000,0,909,0,2026-09-28 00:38:43.7870000,-22.850000,45.933330
1175674,"Al Fiyay",14,2,"39R","39R2H6S4Q",2,2026-09-28 00:38:45.9830000,0,849,0,2026-09-28 00:38:45.9870000,24.298610,53.209170
57760,"Fangorolava Sud",1877,143,"38K","38K2H5S2Q",2,2026-09-28 00:38:51.0000000,0,909,0,2026-09-28 00:38:51.0000000,-22.850000,45.950000
1169663,"Ar Ruways",14,2,"39R","39R2H6S3Q",2,2026-09-28 00:38:53.3030000,0,849,0,2026-09-28 00:38:53.3030000,24.110280,52.730560
57898,"Fangorolava Nord",1877,143,"38K","38K2H5S2Q",2,2026-09-28 00:39:01.7430000,0,909,0,2026-09-28 00:39:01.7430000,-22.833330,45.933330
1168549,"Majra al Ghaf",14,2,"39R","39R2H5S4Q",2,2026-09-28 00:39:14.5670000,2,823,0,2026-09-28 00:39:14.5670000,24.076940,51.765000
2355959,"Camp Orkila",3578,233,"10U","10U2H5S4Q",3,2016-02-05 22:29:10.5570000,0,0,2039369,2026-09-28 00:39:28.3230000,48.701220,-122.941850
2355274,"Beach Haven",3578,233,"10U","10U2H5S4Q",3,2016-06-28 21:51:21.7770000,0,0,1346938,2026-09-28 00:39:31.4800000,48.692050,-122.950740
2355211,"Waldron",3578,233,"10U","10U2H5S3Q",3,2016-12-15 13:49:11.6670000,0,0,2076801,2026-09-28 00:39:34.4900000,48.687600,-123.036850
2355170,"Prevost",3578,233,"10U","10U2H5S3Q",3,2023-08-18 13:36:06.4270000,0,0,1487295,2026-09-28 00:39:38.4200000,48.683990,-123.211300
2364123,"Montague Harbour",451,38,"10U","10U2H5S3Q",3,2013-08-03 06:57:04.5130000,0,0,2976137,2026-09-28 00:39:47.4770000,48.894520,-123.391660
2362050,"Ganges",451,38,"10U","10U2H5S3Q",3,2016-02-07 15:47:46.2300000,0,0,2003204,2026-09-28 00:39:51.9930000,48.849640,-123.502650
2364879,"Fernwood",451,38,"10U","10U2H5S3Q",3,2014-08-23 15:11:38.5600000,0,0,1672948,2026-09-28 00:39:55.9500000,48.913540,-123.535960
1139238,"Tunus",2346,173,"40Q","40Q1H3S1Q",2,2026-09-28 00:40:17.0470000,0,997,0,2026-09-28 00:40:17.0470000,23.375830,58.515000
1138097,"Manzariyah",2346,173,"40Q","40Q1H3S1Q",2,2026-09-28 00:40:20.5000000,0,834,0,2026-09-28 00:40:20.5000000,23.344170,58.551670
2363478,"Vesuvius",451,38,"10U","10U2H5S3Q",3,2016-01-27 19:58:02.1170000,0,0,1737715,2026-09-28 00:42:45.1230000,48.881370,-123.572070
2285537,"Fort Nisqually",3578,233,"10T","10T1H2S2Q",1,2019-07-17 21:32:48.0600000,3409260,0,0,2026-09-28 00:44:52.2700000,47.302880,-122.528180
93881,"Anosifito",1882,143,"38K","38K1H6S1Q",2,2026-09-28 00:45:21.6630000,0,741,0,2026-09-28 00:45:21.6630000,-18.033330,46.566670
94456,"Antsirasira",1882,143,"38K","38K1H3S3Q",2,2026-09-28 00:45:26.9800000,0,741,0,2026-09-28 00:45:26.9800000,-17.966670,46.550000
94604,"Kabija",1879,143,"38K","38K1H3S3Q",2,2026-09-28 00:45:32.1000000,0,741,0,2026-09-28 00:45:32.1000000,-17.950000,46.500000
94774,"Andasibe",1882,143,"38K","38K1H3S3Q",2,2026-09-28 00:45:36.7470000,0,741,0,2026-09-28 00:45:36.7470000,-17.933330,46.516670
94900,"Ankabijakely",1882,143,"38K","38K1H3S3Q",2,2026-09-28 00:45:40.8830000,0,741,0,2026-09-28 00:45:40.8830000,-17.916670,46.466670
94603,"Ambatombositra",1882,143,"38K","38K1H3S3Q",2,2026-09-28 00:45:44.7600000,0,741,0,2026-09-28 00:45:44.7600000,-17.950000,46.466670
2551622,"Bickford",979,77,"30U","30U1H5S4Q",2,2021-04-22 11:42:39.0070000,0,62879,0,2026-09-28 00:45:45.9830000,52.716670,-2.166670
95060,"Antanimbaritsara",1882,143,"38K","38K1H3S3Q",2,2026-09-28 00:45:49.1370000,0,741,0,2026-09-28 00:45:49.1370000,-17.900000,46.500000
95059,"Ambatomainty Avaratra",1879,143,"38K","38K1H3S3Q",2,2026-09-28 00:45:54.5870000,0,741,0,2026-09-28 00:45:54.5870000,-17.900000,46.416670
2552338,"Mitton",979,77,"30U","30U1H5S4Q",2,2025-08-31 15:29:21.2300000,0,44850,0,2026-09-28 00:45:55.5500000,52.733330,-2.166670
95210,"Besakay",1882,143,"38K","38K1H3S3Q",2,2026-09-28 00:46:23.3770000,0,741,0,2026-09-28 00:46:23.3770000,-17.883330,46.416670
2550020,"Kiddemore Green",979,77,"30U","30U1H5S4Q",2,2021-04-22 11:42:59.2970000,0,81542,0,2026-09-28 00:46:38.4130000,52.683330,-2.216670
2550021,"Brewood",979,77,"30U","30U1H5S4Q",2,2021-04-22 11:43:04.9900000,0,63927,0,2026-09-28 00:46:43.8400000,52.683330,-2.166670
104160,"Marofototra",1879,143,"38K","38K1H2S4Q",2,2026-09-28 00:47:18.9430000,0,741,0,2026-09-28 00:47:18.9430000,-17.066670,45.050000
82507,"Nanohazana",1882,143,"38K","38K1H6S4Q",2,2026-09-28 00:47:51.2670000,258,781,0,2026-09-28 00:47:51.2670000,-19.650000,47.083330
82762,"Ambohimanatrika",1882,143,"38K","38K1H6S4Q",2,2026-09-28 00:47:56.5870000,0,741,0,2026-09-28 00:47:56.5870000,-19.616670,47.100000
82763,"Sambaina",1882,143,"38K","38K1H6S4Q",2,2026-09-28 00:47:59.6770000,0,741,0,2026-09-28 00:47:59.6770000,-19.616670,47.133330
82764,"Ambohibary",1882,143,"38K","38K1H6S4Q",2,2026-09-28 00:48:02.2900000,0,741,0,2026-09-28 00:48:02.2900000,-19.616670,47.150000
82765,"Morarano",1882,143,"38K","38K1H6S4Q",2,2026-09-28 00:48:05.4100000,0,741,0,2026-09-28 00:48:05.4100000,-19.616670,47.183330
83016,"Tsaramody",1882,143,"38K","38K1H6S4Q",2,2026-09-28 00:48:10.0930000,0,741,0,2026-09-28 00:48:10.0930000,-19.583330,47.183330
83015,"Mandrosohasina",1882,143,"38K","38K1H6S4Q",2,2026-09-28 00:48:11.3830000,0,741,0,2026-09-28 00:48:11.3830000,-19.583330,47.166670
83240,"Andranokely",1882,143,"38K","38K1H6S4Q",2,2026-09-28 00:48:18.0130000,46,300,0,2026-09-28 00:48:18.0130000,-19.550000,47.150000
1533170,"Smyrna",3549,233,"15S","15S2H4S3Q",1,2021-07-07 21:20:29.6970000,1028400,0,0,2026-09-28 00:50:28.0030000,32.849010,-95.821910
96024,"Ambararatakely",1879,143,"38K","38K1H2S4Q",2,2026-09-28 00:52:31.1570000,0,741,0,2026-09-28 00:52:31.1570000,-17.816670,45.333330
96025,"Ambonara",1879,143,"38K","38K1H2S4Q",2,2026-09-28 00:52:34.2170000,0,741,0,2026-09-28 00:52:34.2170000,-17.816670,45.350000
96412,"Ambalanjanakomby",1879,143,"38K","38K1H2S4Q",2,2026-09-28 00:52:38.4300000,0,741,0,2026-09-28 00:52:38.4300000,-17.783330,45.350000
96639,"Tanambao",1879,143,"38K","38K1H2S4Q",2,2026-09-28 00:52:40.4900000,0,741,0,2026-09-28 00:52:40.4900000,-17.766670,45.350000
96413,"Marotsialeha",1879,143,"38K","38K1H2S4Q",2,2026-09-28 00:52:45.3530000,0,741,0,2026-09-28 00:52:45.3530000,-17.783330,45.383330
95578,"Ambonarabe",1879,143,"38K","38K1H2S4Q",2,2026-09-28 00:52:48.6130000,0,741,0,2026-09-28 00:52:48.6130000,-17.850000,45.466670
95207,"Ambonary",1879,143,"38K","38K1H2S4Q",2,2026-09-28 00:52:51.5800000,0,741,0,2026-09-28 00:52:51.5800000,-17.883330,45.466670
95369,"Bory",1879,143,"38K","38K1H2S4Q",2,2026-09-28 00:52:56.7430000,0,741,0,2026-09-28 00:52:56.7430000,-17.866670,45.550000
2591726,"St. Pauli",711,57,"32U","32U1H5S2Q",3,2013-11-12 22:47:06.4600000,0,0,125023849,2026-09-28 00:53:20.7630000,53.555100,9.948440
2601570,"Steensrade",702,57,"32U","32U1H6S1Q",3,2020-12-16 07:02:12.7630000,0,0,950842,2026-09-28 00:53:44.4600000,53.800000,10.450000
83241,"Amparihy",1882,143,"38K","38K1H6S4Q",2,2026-09-28 00:53:44.8800000,0,741,0,2026-09-28 00:53:44.8800000,-19.550000,47.183330
83017,"Sarodroa",1882,143,"38K","38K1H6S4Q",2,2026-09-28 00:53:54.0530000,0,741,0,2026-09-28 00:53:54.0530000,-19.583330,47.233330
94028,"Kelilalina",1882,143,"38K","38K1H6S1Q",2,2026-09-28 00:53:54.1130000,0,741,0,2026-09-28 00:53:54.1130000,-18.016670,46.416670
83120,"Andakandrano",1882,143,"38K","38K1H6S4Q",2,2026-09-28 00:53:57.1200000,0,741,0,2026-09-28 00:53:57.1200000,-19.566670,47.250000
83018,"Ankararana",1882,143,"38K","38K1H6S4Q",2,2026-09-28 00:53:58.3870000,0,741,0,2026-09-28 00:53:58.3870000,-19.583330,47.283330
1137505,"Jahlut",2346,173,"40Q","40Q1H3S1Q",2,2026-09-28 00:54:02.4070000,0,776,0,2026-09-28 00:54:02.4070000,23.328330,58.595560
94455,"Amparihivato",1882,143,"38K","38K1H3S3Q",2,2026-09-28 00:54:06.5000000,0,741,0,2026-09-28 00:54:06.5000000,-17.966670,46.400000
1137894,"Sa`adi",2346,173,"40Q","40Q1H3S1Q",2,2026-09-28 00:54:08.5730000,0,1451,0,2026-09-28 00:54:08.5730000,23.333890,58.578060
58286,"Analasoa",1877,143,"38K","38K2H5S2Q",2,2026-09-28 00:54:10.1600000,0,909,0,2026-09-28 00:54:10.1600000,-22.783330,45.966670
94602,"Ankadilalandrevaka",1882,143,"38K","38K1H3S3Q",2,2026-09-28 00:54:11.5600000,0,741,0,2026-09-28 00:54:11.5600000,-17.950000,46.400000
1131870,"Qayd",2346,173,"40Q","40Q1H3S1Q",2,2026-09-28 00:54:13.7700000,0,778,0,2026-09-28 00:54:13.7700000,23.183890,58.598610
58149,"Sakamahily",1877,143,"38K","38K2H5S2Q",2,2026-09-28 00:54:14.1630000,0,909,0,2026-09-28 00:54:14.1630000,-22.800000,45.883330
94773,"Ampanasana",1882,143,"38K","38K1H3S3Q",2,2026-09-28 00:54:15.8830000,0,741,0,2026-09-28 00:54:15.8830000,-17.933330,46.383330
58285,"Soatanimbary",1877,143,"38K","38K2H5S2Q",2,2026-09-28 00:54:16.8430000,0,741,0,2026-09-28 00:54:16.8430000,-22.783330,45.850000
94772,"Antsahatanteraka",1882,143,"38K","38K1H3S3Q",2,2026-09-28 00:54:20.0370000,0,741,0,2026-09-28 00:54:20.0400000,-17.933330,46.350000
2605580,"Kukels",702,57,"32U","32U1H6S1Q",3,2026-07-31 04:41:01.6530000,0,0,1866,2026-09-28 00:54:26.9070000,53.900000,10.233330
57623,"Nanarena",1877,143,"38K","38K2H5S2Q",2,2026-09-28 00:54:34.5700000,0,741,0,2026-09-28 00:54:34.5700000,-22.866670,45.850000
57758,"Jangany",1877,143,"38K","38K2H5S2Q",2,2026-09-28 00:54:37.2700000,0,741,0,2026-09-28 00:54:37.2700000,-22.850000,45.783330
2604230,"Heiderfeld",702,57,"32U","32U1H6S1Q",3,2021-07-21 12:37:34.4900000,0,0,6071,2026-09-28 00:54:37.8230000,53.866670,10.216670
94454,"Ambohitromby",1882,143,"38K","38K1H3S3Q",2,2026-09-28 00:54:38.5700000,0,741,0,2026-09-28 00:54:38.5700000,-17.966670,46.316670
58148,"Ankindrano Ambony",1877,143,"38K","38K2H5S2Q",2,2026-09-28 00:54:40.1470000,0,741,0,2026-09-28 00:54:40.1470000,-22.800000,45.816670
57897,"Akindrano Ambany",1877,143,"38K","38K2H5S2Q",2,2026-09-28 00:54:42.7430000,0,741,0,2026-09-28 00:54:42.7430000,-22.833330,45.766670
2604231,"Leezen",702,57,"32U","32U1H6S1Q",3,2022-05-14 20:14:38.5500000,0,0,6780,2026-09-28 00:54:45.1900000,53.866670,10.250000
57757,"Manombo",1877,143,"38K","38K2H5S2Q",2,2026-09-28 00:54:45.6000000,0,741,0,2026-09-28 00:54:45.6000000,-22.850000,45.733330
2602287,"Tonningstedt",702,57,"32U","32U1H6S1Q",3,2023-01-22 15:11:01.4930000,0,0,6317,2026-09-28 00:54:54.1430000,53.816670,10.233330
2602286,"Borstel",702,57,"32U","32U1H6S1Q",3,2023-01-22 15:00:29.8370000,0,0,8196,2026-09-28 00:54:59.8870000,53.816670,10.200000
1582397,"Currys Corner",3572,233,"12S","12S2H5S1Q",2,2014-09-10 04:05:19.9800000,0,2549374,0,2026-09-28 00:55:02.9670000,33.698650,-111.925150
1585777,"Trovia",3572,233,"12S","12S2H5S1Q",2,2018-07-30 13:13:59.1570000,0,2121083,0,2026-09-28 00:55:14.4370000,33.756150,-111.971260
1586664,"Desert Wind",3572,233,"12S","12S2H5S1Q",2,2018-07-17 00:23:01.2370000,0,1829275,0,2026-09-28 00:55:24.5300000,33.770320,-111.969590
2606257,"Bockhorn",702,57,"32U","32U1H6S1Q",3,2023-06-20 10:42:15.4070000,0,0,12195,2026-09-28 00:55:31.9870000,53.916670,10.133330
1764785,"Panoche",3567,233,"10S","10S1H6S4Q",1,2025-08-14 19:19:44.3930000,45749,0,0,2026-09-28 00:55:58.1200000,36.596900,-120.833510
1753421,"Idria",3567,233,"10S","10S1H6S4Q",1,2025-12-08 04:52:36.9830000,78183,0,0,2026-09-28 00:56:12.4930000,36.416900,-120.674340
1603492,"Gillette",3572,233,"12S","12S2H1S4Q",2,2025-02-16 19:22:52.2870000,0,2278348,0,2026-09-28 00:56:36.4770000,34.018920,-112.163490
104507,"Antanimbaribe",1879,143,"38K","38K1H2S4Q",2,2026-09-28 00:56:36.4930000,0,741,0,2026-09-28 00:56:36.4930000,-17.033330,45.066670
104815,"Andrafiezinara",1879,143,"38K","38K1H2S4Q",2,2026-09-28 00:56:43.3770000,0,741,0,2026-09-28 00:56:43.3770000,-17.000000,45.050000
104674,"Ambalatany",1879,143,"38K","38K1H2S4Q",2,2026-09-28 00:56:50.1570000,0,741,0,2026-09-28 00:56:50.1570000,-17.016670,45.033330
105161,"Antsingilitoka",1879,143,"38K","38K1H2S2Q",2,2026-09-28 00:56:53.7070000,0,741,0,2026-09-28 00:56:53.7070000,-16.966670,45.016670
105160,"Morafeno",1879,143,"38K","38K1H2S2Q",2,2026-09-28 00:56:57.0800000,0,741,0,2026-09-28 00:56:57.0800000,-16.966670,45.000000
450227,"Buhunge",2730,193,"35M","35M1H3S4Q",3,2026-09-28 00:57:05.0000000,0,0,1200,2026-09-28 00:57:05.0000000,-1.495000,29.611000
105337,"Anomilevy",1879,143,"38K","38K1H2S2Q",2,2026-09-28 00:57:05.4800000,0,741,0,2026-09-28 00:57:05.4800000,-16.950000,45.000000
105513,"Andranomilevy",1879,143,"38K","38K1H2S2Q",2,2026-09-28 00:57:06.2830000,0,741,0,2026-09-28 00:57:06.2830000,-16.933330,45.000000
104979,"Andreforefo",1879,143,"38K","38K1H2S1Q",2,2026-09-28 00:57:09.5270000,46,300,0,2026-09-28 00:57:09.5270000,-16.983330,44.966670
450098,"Musanze",2730,193,"35M","35M1H3S4Q",3,2026-09-28 00:57:13.6030000,0,0,1200,2026-09-28 00:57:13.6030000,-1.501300,29.609000
449996,"Kimonyi",2730,193,"35M","35M1H3S4Q",3,2026-09-28 00:57:19.1330000,0,0,1200,2026-09-28 00:57:19.1330000,-1.512000,29.602000
1393522,"Hempstead",3549,233,"14R","14R1H3S4Q",1,2013-10-26 17:12:27.1870000,18505702,0,0,2026-09-28 00:57:58.3270000,30.097440,-96.078290
2605578,"Todesfelde",702,57,"32U","32U1H6S1Q",3,2014-11-25 10:51:18.6330000,0,0,11797,2026-09-28 00:58:00.9930000,53.900000,10.183330
1466269,"Signal Village",3572,233,"12R","12R1H2S2Q",2,2023-07-09 21:08:16.7370000,0,998639,0,2026-09-28 00:58:43.1730000,31.550090,-110.356190
1466389,"Cavalay Park",3572,233,"12R","12R1H2S2Q",2,2023-07-09 21:07:55.8100000,0,76600,16757,2026-09-28 00:58:49.8200000,31.552320,-110.363140
449761,"Bunyoma",2730,193,"35M","35M1H3S4Q",3,2026-09-28 01:00:10.2400000,0,0,1200,2026-09-28 01:00:10.2400000,-1.526100,29.595670
449764,"Kitabura",2730,193,"35M","35M1H3S4Q",3,2026-09-28 01:00:16.6330000,0,0,1200,2026-09-28 01:00:16.6330000,-1.525740,29.605380
449781,"Bilira",2730,193,"35M","35M1H3S4Q",3,2026-09-28 01:00:22.2700000,0,0,1200,2026-09-28 01:00:22.2700000,-1.524100,29.612200
449974,"Nduruma",2730,193,"35M","35M1H3S4Q",3,2026-09-28 01:00:27.5270000,0,0,1200,2026-09-28 01:00:27.5270000,-1.514600,29.614500
450006,"Butera",2730,193,"35M","35M1H3S4Q",3,2026-09-28 01:00:32.4270000,0,0,1200,2026-09-28 01:00:32.4270000,-1.510800,29.620800
450095,"Kabatembagara",2730,193,"35M","35M1H3S4Q",3,2026-09-28 01:00:36.8030000,0,0,1200,2026-09-28 01:00:36.8030000,-1.501400,29.625900
449784,"Muguli",2730,193,"35M","35M1H3S4Q",3,2026-09-28 01:00:47.4400000,0,0,1200,2026-09-28 01:00:47.4430000,-1.523500,29.613500
2545440,"Monmore Green",979,77,"30U","30U1H5S4Q",2,2025-08-31 09:55:34.9470000,0,66178,0,2026-09-28 01:01:30.6300000,52.583330,-2.100000
2543937,"Coseley",979,77,"30U","30U1H5S4Q",2,2025-08-31 21:00:57.1100000,0,64756,0,2026-09-28 01:01:36.1330000,52.550000,-2.083330
2542820,"Himley",979,77,"30U","30U1H5S4Q",2,2026-07-25 19:33:49.8030000,0,73850,0,2026-09-28 01:01:44.1230000,52.519040,-2.181820
2540122,"Amblecote",979,77,"30U","30U1H5S4Q",2,2026-07-25 19:46:17.3170000,0,15600,0,2026-09-28 01:01:49.9300000,52.466670,-2.150000
2539325,"Wollaston",979,77,"30U","30U1H5S4Q",2,2026-07-25 20:07:52.3200000,0,60050,0,2026-09-28 01:01:55.8970000,52.450000,-2.166670
2294588,"Skyway",3578,233,"10T","10T1H2S2Q",2,2010-01-01 00:00:00.0000000,0,1412031,0,2026-09-28 01:02:49.2900000,47.491490,-122.254290
1133936,"Ma`ul",2346,173,"40Q","40Q1H3S1Q",2,2026-09-28 01:08:53.1270000,0,1452,0,2026-09-28 01:08:53.1270000,23.237780,58.722500
1130795,"Muhya",2346,173,"40Q","40Q1H3S1Q",2,2026-09-28 01:08:57.6930000,0,778,0,2026-09-28 01:08:57.6930000,23.158330,58.854170
1130268,"Al Misfah",2346,173,"40Q","40Q1H3S1Q",2,2026-09-28 01:09:00.9930000,0,778,0,2026-09-28 01:09:00.9970000,23.148610,58.830280
1134925,"Sahil",2346,173,"40Q","40Q1H3S1Q",2,2026-09-28 01:09:05.8200000,0,778,0,2026-09-28 01:09:05.8200000,23.265830,58.923060
1134855,"Quryat",2346,173,"40Q","40Q1H3S1Q",2,2026-09-28 01:09:11.4200000,0,778,0,2026-09-28 01:09:11.4230000,23.262780,58.916110
2032576,"Irvington",3559,233,"14T","14T2H6S2Q",2,2025-07-28 02:06:04.8870000,0,1117376,0,2026-09-28 01:09:33.2630000,41.321110,-96.054740
104506,"Analalava",1879,143,"38K","38K1H2S3Q",2,2026-09-28 01:11:20.9030000,0,741,0,2026-09-28 01:11:20.9030000,-17.033330,44.966670
1828219,"Mayfield Farms",3585,233,"18S","18S1H4S1Q",2,2026-09-28 00:50:32.8370000,0,13651,0,2026-09-28 01:11:23.3930000,37.622920,-77.382200
57453,"Amparihibe",1877,143,"38K","38K2H5S2Q",2,2026-09-28 01:11:51.7100000,0,741,0,2026-09-28 01:11:51.7100000,-22.883330,45.716670
57452,"Andriamandevy",1877,143,"38K","38K2H5S2Q",2,2026-09-28 01:11:54.5470000,0,741,0,2026-09-28 01:11:54.5470000,-22.883330,45.683330
57622,"Manavia",1877,143,"38K","38K2H5S2Q",2,2026-09-28 01:11:57.9830000,0,741,0,2026-09-28 01:11:57.9830000,-22.866670,45.650000
57896,"Maroanakaomby",1877,143,"38K","38K2H5S2Q",2,2026-09-28 01:12:00.1530000,0,741,0,2026-09-28 01:12:00.1530000,-22.833330,45.700000
58005,"Sarodrano",1877,143,"38K","38K2H5S2Q",2,2026-09-28 01:12:05.6900000,0,741,0,2026-09-28 01:12:05.6900000,-22.816670,45.700000
58006,"Bevoandelaka",1877,143,"38K","38K2H5S2Q",2,2026-09-28 01:12:05.7970000,0,741,0,2026-09-28 01:12:05.7970000,-22.816670,45.733330
58147,"Ambondro",1877,143,"38K","38K2H5S2Q",2,2026-09-28 01:12:08.0970000,0,741,0,2026-09-28 01:12:08.0970000,-22.800000,45.733330
58284,"Sakamahily",1877,143,"38K","38K2H5S2Q",2,2026-09-28 01:12:11.5730000,0,741,0,2026-09-28 01:12:11.5730000,-22.783330,45.750000
83379,"Morarano",1882,143,"38K","38K1H6S4Q",2,2026-09-28 01:12:20.5370000,0,741,0,2026-09-28 01:12:20.5370000,-19.533330,47.250000
83500,"Sobaba",1882,143,"38K","38K1H6S4Q",2,2026-09-28 01:12:24.1530000,0,741,0,2026-09-28 01:12:24.1530000,-19.516670,47.300000
83501,"Ambatotsipihina",1882,143,"38K","38K1H6S4Q",2,2026-09-28 01:12:28.2770000,0,741,0,2026-09-28 01:12:28.2770000,-19.516670,47.350000
83612,"Amberobe",1882,143,"38K","38K1H6S4Q",2,2026-09-28 01:12:40.9330000,0,741,0,2026-09-28 01:12:40.9330000,-19.500000,47.350000
83727,"Kelilalina Ambony",1882,143,"38K","38K1H6S4Q",2,2026-09-28 01:12:45.3770000,0,741,0,2026-09-28 01:12:45.3770000,-19.483330,47.316670
1605656,"Country Club Park",3567,233,"11S","11S2H1S4Q",3,2015-12-04 20:58:10.2400000,0,0,1088580,2026-09-28 01:12:46.7630000,34.050290,-118.321190
83611,"Morarano",1882,143,"38K","38K1H6S4Q",2,2026-09-28 01:12:48.4830000,0,741,0,2026-09-28 01:12:48.4830000,-19.500000,47.316670
83861,"Androndramena",1882,143,"38K","38K1H6S4Q",2,2026-09-28 01:12:49.5370000,0,741,0,2026-09-28 01:12:49.5400000,-19.466670,47.316670
83862,"Ambatobe",1882,143,"38K","38K1H6S4Q",2,2026-09-28 01:12:52.0300000,0,741,0,2026-09-28 01:12:52.0300000,-19.466670,47.333330
1902899,"Horstville",3567,233,"10S","10S1H3S1Q",2,2013-09-25 16:36:27.7600000,0,3901524,0,2026-09-28 01:17:57.8400000,39.027950,-121.391620
94899,"Ambohimarina",1882,143,"38K","38K1H3S3Q",2,2026-09-28 01:19:23.0000000,0,741,0,2026-09-28 01:19:23.0000000,-17.916670,46.250000
94771,"Bemasoandro",1882,143,"38K","38K1H3S3Q",2,2026-09-28 01:19:26.0970000,0,741,0,2026-09-28 01:19:26.0970000,-17.933330,46.300000
95209,"Anosibe",1879,143,"38K","38K1H3S3Q",2,2026-09-28 01:19:32.6800000,0,741,0,2026-09-28 01:19:32.6800000,-17.883330,46.233330
95579,"Antsahanavony",1882,143,"38K","38K1H3S3Q",2,2026-09-28 01:19:34.7700000,0,741,0,2026-09-28 01:19:34.7700000,-17.850000,46.316670
96642,"Betaimboay",1879,143,"38K","38K1H3S3Q",2,2026-09-28 01:19:39.3030000,0,741,0,2026-09-28 01:19:39.3030000,-17.766670,46.133330
97644,"Ambanjabe",1879,143,"38K","38K1H3S3Q",2,2026-09-28 01:19:51.3600000,0,741,0,2026-09-28 01:19:51.3600000,-17.666670,46.250000
97798,"Andasibe",1879,143,"38K","38K1H3S3Q",2,2026-09-28 01:19:56.1630000,0,741,0,2026-09-28 01:19:56.1630000,-17.650000,46.250000
98129,"Menavavakely",1879,143,"38K","38K1H3S3Q",2,2026-09-28 01:20:00.7430000,0,741,0,2026-09-28 01:20:00.7430000,-17.616670,46.266670
95817,"Ankarefo",1879,143,"38K","38K1H2S4Q",2,2026-09-28 01:20:21.3370000,0,741,0,2026-09-28 01:20:21.3370000,-17.833330,45.550000
97186,"Ankilitoka",1879,143,"38K","38K1H2S4Q",2,2026-09-28 01:20:25.5200000,0,741,0,2026-09-28 01:20:25.5200000,-17.716670,45.533330
97187,"Morarano",1879,143,"38K","38K1H2S4Q",2,2026-09-28 01:20:27.6000000,0,741,0,2026-09-28 01:20:27.6000000,-17.716670,45.550000
97188,"Mahatsinjo",1879,143,"38K","38K1H2S4Q",2,2026-09-28 01:20:30.5600000,0,741,0,2026-09-28 01:20:30.5600000,-17.716670,45.583330
97189,"Ambanjabe",1879,143,"38K","38K1H2S4Q",2,2026-09-28 01:20:33.5770000,0,741,0,2026-09-28 01:20:33.5770000,-17.716670,45.616670
97018,"Andebadeba",1879,143,"38K","38K1H2S4Q",2,2026-09-28 01:20:42.6270000,46,300,0,2026-09-28 01:20:42.6300000,-17.733330,45.650000
97020,"Andoharano",1879,143,"38K","38K1H2S4Q",2,2026-09-28 01:20:42.7070000,0,741,0,2026-09-28 01:20:42.7070000,-17.733330,45.666670
2361103,"Salt Spring Island",451,38,"10U","10U2H5S3Q",3,2016-09-25 21:23:35.0800000,0,0,2119609,2026-09-28 01:21:12.9870000,48.817260,-123.510020
97493,"Ambatomainty",1879,143,"38K","38K1H2S4Q",2,2026-09-28 01:21:16.3000000,0,741,0,2026-09-28 01:21:16.3000000,-17.683330,45.666670
13192,"Katoomba",143,13,"56H","56H1H1S3Q",2,2026-09-28 01:21:47.5630000,0,2348,2063,2026-09-28 01:21:47.5630000,-33.700000,150.300000
13141,"Blue Mountains",143,13,"56H","56H1H1S3Q",3,2025-04-05 10:17:26.5830000,0,1500,5473,2026-09-28 01:22:13.5930000,-33.713310,150.330650
13133,"Leura",143,13,"56H","56H1H1S3Q",3,2025-01-06 04:11:03.2500000,0,300,106548,2026-09-28 01:22:20.1070000,-33.716670,150.333330
2736771,"Malaya Zhaduanka",2661,192,"35V","35V2H6S1Q",3,2026-09-27 19:49:23.3900000,0,0,5506,2026-09-28 01:22:26.4630000,57.726500,28.535900
13318,"Blackheath",143,13,"56H","56H1H1S3Q",3,2025-02-18 09:13:13.8770000,0,7200,446900,2026-09-28 01:22:39.3430000,-33.650000,150.266670
13086,"Megalong",143,13,"56H","56H1H1S3Q",3,2024-09-12 13:28:12.7700000,0,300,19752,2026-09-28 01:23:22.1270000,-33.733330,150.250000
1134166,"Al Mu`walah",2346,173,"40Q","40Q1H3S1Q",2,2026-09-28 01:23:55.5600000,0,778,0,2026-09-28 01:23:55.5600000,23.246390,58.917220
1133986,"Mukhaysirah",2346,173,"40Q","40Q1H3S1Q",2,2026-09-28 01:24:02.1530000,0,778,0,2026-09-28 01:24:02.1530000,23.239440,58.910830
1133912,"Afa",2346,173,"40Q","40Q1H3S1Q",2,2026-09-28 01:24:03.2800000,0,778,0,2026-09-28 01:24:03.2800000,23.236670,58.896940
1134002,"Ramlah",2346,173,"40Q","40Q1H3S1Q",2,2026-09-28 01:24:11.7000000,0,778,0,2026-09-28 01:24:11.7000000,23.240280,58.901390
1133236,"Qarib",2346,173,"40Q","40Q1H3S1Q",2,2026-09-28 01:24:15.8070000,0,859,0,2026-09-28 01:24:15.8070000,23.219440,58.914720
97340,"Ampiakarandraifito",1879,143,"38K","38K1H2S4Q",2,2026-09-28 01:24:19.9400000,0,741,0,2026-09-28 01:24:19.9400000,-17.700000,45.666670
1659772,"Elaine Heights",3547,233,"17S","17S2H1S4Q",1,2026-09-26 16:03:43.1300000,10971,0,0,2026-09-28 01:24:25.1600000,34.835950,-82.572350
449841,"Kiberege I",2730,193,"35M","35M1H3S4Q",3,2026-09-28 01:25:16.0170000,0,0,1200,2026-09-28 01:25:16.0170000,-1.518200,29.612700
449806,"Nyirabagume",2730,193,"35M","35M1H3S4Q",3,2026-09-28 01:25:21.8170000,0,0,1200,2026-09-28 01:25:21.8170000,-1.521700,29.612500
1737111,"Ora",3567,233,"10S","10S1H6S4Q",3,2026-09-07 21:22:20.9230000,5500,0,21572,2026-09-28 01:25:22.8600000,36.151340,-120.326540
449800,"Kiberege II",2730,193,"35M","35M1H3S4Q",3,2026-09-28 01:25:30.8000000,0,0,1200,2026-09-28 01:25:30.8000000,-1.522100,29.616800
449819,"Kabiro",2730,193,"35M","35M1H3S4Q",3,2026-09-28 01:25:36.7500000,0,0,1200,2026-09-28 01:25:36.7500000,-1.520600,29.627600
449831,"Bushozi",2730,193,"35M","35M1H3S4Q",3,2026-09-28 01:25:39.9770000,0,0,1200,2026-09-28 01:25:39.9770000,-1.519300,29.626000
450008,"Kabaya",2730,193,"35M","35M1H3S4Q",3,2026-09-28 01:25:43.2100000,0,0,1200,2026-09-28 01:25:43.2100000,-1.510680,29.628540
450030,"Opyrwa",2730,193,"35M","35M1H3S4Q",3,2026-09-28 01:25:46.5470000,0,0,1200,2026-09-28 01:25:46.5470000,-1.508300,29.630900
450046,"Mubona II",2730,193,"35M","35M1H3S4Q",3,2026-09-28 01:25:52.5130000,0,0,1200,2026-09-28 01:25:52.5130000,-1.506400,29.636000
1530709,"Forest Trail",3547,233,"17S","17S2H6S3Q",1,2026-09-28 01:27:21.8100000,623,0,0,2026-09-28 01:27:21.8100000,32.801290,-79.762300
1544122,"Pineland",3547,233,"17S","17S2H6S1Q",1,2026-09-28 01:27:42.1900000,673,0,0,2026-09-28 01:27:42.1900000,33.043500,-79.587290
2214289,"Ottawa",457,38,"18T","18T1H5S1Q",2,2025-02-24 18:06:05.8270000,0,10450185,0,2026-09-28 01:28:19.9770000,45.411170,-75.698120
1543829,"Awendaw",3547,233,"17S","17S2H6S1Q",1,2026-09-28 01:28:29.6900000,698,0,0,2026-09-28 01:28:29.6900000,33.037670,-79.613130
1544887,"Smith",3547,233,"17S","17S2H6S1Q",1,2026-09-28 01:28:43.1300000,762,0,0,2026-09-28 01:28:43.1300000,33.057950,-79.769800
1550523,"Witherbee",3547,233,"17S","17S2H6S1Q",1,2026-09-28 01:29:16.4730000,796,50,0,2026-09-28 01:29:16.4730000,33.161840,-79.829800
1552910,"Bethera",3547,233,"17S","17S2H6S1Q",1,2026-09-28 01:29:23.5930000,788,0,0,2026-09-28 01:29:23.5930000,33.201560,-79.788130
1550464,"Thomas Corner",3547,233,"17S","17S2H6S1Q",1,2026-09-28 01:29:44.7130000,932,0,0,2026-09-28 01:29:44.7130000,33.160720,-79.714800
58415,"Ampisopiso",1877,143,"38K","38K2H5S2Q",2,2026-09-28 01:33:07.8070000,0,741,0,2026-09-28 01:33:07.8070000,-22.766670,45.750000
58416,"Andranomirietsy",1877,143,"38K","38K2H5S2Q",2,2026-09-28 01:33:11.9800000,0,741,0,2026-09-28 01:33:11.9800000,-22.766670,45.783330
58417,"Andranomanesika Sud",1877,143,"38K","38K2H5S2Q",2,2026-09-28 01:33:16.5500000,0,741,0,2026-09-28 01:33:16.5500000,-22.766670,45.816670
58814,"Mahasoa",1877,143,"38K","38K2H5S2Q",2,2026-09-28 01:33:46.9300000,0,741,0,2026-09-28 01:33:46.9300000,-22.716670,45.833330
58938,"Antanimavo",1880,143,"38K","38K2H5S2Q",2,2026-09-28 01:33:52.7630000,0,741,0,2026-09-28 01:33:52.7630000,-22.700000,45.800000
58937,"Iankatsa",1880,143,"38K","38K2H5S2Q",2,2026-09-28 01:33:57.2800000,0,741,0,2026-09-28 01:33:57.2800000,-22.700000,45.783330
58936,"Ambatovita",1880,143,"38K","38K2H5S2Q",2,2026-09-28 01:34:00.8000000,0,741,0,2026-09-28 01:34:00.8000000,-22.700000,45.766670
58935,"Beangaty",1877,143,"38K","38K2H5S2Q",2,2026-09-28 01:34:04.7170000,0,741,0,2026-09-28 01:34:04.7170000,-22.700000,45.750000
1405734,"Noxville",3549,233,"14R","14R1H2S3Q",1,2026-09-28 01:35:16.7330000,1032,0,0,2026-09-28 01:35:16.7330000,30.389910,-99.467280
1370918,"Reagan Wells",3549,233,"14R","14R1H5S1Q",1,2026-09-28 01:35:45.0300000,995,0,0,2026-09-28 01:35:45.0330000,29.538840,-99.837000
2390685,"Unterfarrnbach",715,57,"32U","32U2H6S1Q",3,2017-10-12 21:00:26.5170000,0,30900,622204,2026-09-28 01:36:26.9930000,49.490990,10.951820
83863,"Madena Haut",1882,143,"38K","38K1H6S4Q",2,2026-09-28 01:37:06.2400000,0,741,0,2026-09-28 01:37:06.2400000,-19.466670,47.366670
83966,"Ambatomikotrana",1882,143,"38K","38K1H6S4Q",2,2026-09-28 01:37:08.9100000,0,741,0,2026-09-28 01:37:08.9100000,-19.450000,47.383330
83968,"Ambohidava",1882,143,"38K","38K1H6S4Q",2,2026-09-28 01:37:11.8500000,0,741,0,2026-09-28 01:37:11.8500000,-19.450000,47.416670
84091,"Andranomanelatra",1882,143,"38K","38K1H6S4Q",2,2026-09-28 01:37:14.4470000,0,741,0,2026-09-28 01:37:14.4470000,-19.433330,47.400000
84092,"Ambohipihaonana",1882,143,"38K","38K1H6S4Q",2,2026-09-28 01:37:16.7000000,0,741,0,2026-09-28 01:37:16.7000000,-19.433330,47.416670
84211,"Marohisana",1882,143,"38K","38K1H6S4Q",2,2026-09-28 01:37:19.2300000,0,741,0,2026-09-28 01:37:19.2300000,-19.416670,47.366670
84329,"Ambinanibe",1882,143,"38K","38K1H6S4Q",2,2026-09-28 01:37:23.1300000,0,741,0,2026-09-28 01:37:23.1300000,-19.400000,47.383330
84328,"Andravola",1882,143,"38K","38K1H6S4Q",2,2026-09-28 01:37:24.9470000,0,741,0,2026-09-28 01:37:24.9470000,-19.400000,47.366670
1132721,"Al Luwayz",2346,173,"40Q","40Q1H3S1Q",2,2026-09-28 01:38:58.2200000,0,980,0,2026-09-28 01:38:58.2230000,23.209440,58.977500
1132642,"Al Fala",2346,173,"40Q","40Q1H3S1Q",2,2026-09-28 01:39:02.0430000,0,861,0,2026-09-28 01:39:02.0430000,23.205560,58.965560
1132530,"Munayzif",2346,173,"40Q","40Q1H3S1Q",2,2026-09-28 01:39:05.9270000,0,778,0,2026-09-28 01:39:05.9270000,23.201390,58.953330
1131301,"Hayl al Ghaf",2346,173,"40Q","40Q1H3S1Q",2,2026-09-28 01:39:09.1800000,0,861,0,2026-09-28 01:39:09.1800000,23.169440,58.922220
1132535,"Al Mahadin",2346,173,"40Q","40Q1H3S1Q",2,2026-09-28 01:39:20.9700000,0,861,0,2026-09-28 01:39:20.9700000,23.201670,58.986110
1759487,"Flat Rock",3545,233,"17S","17S1H5S4Q",3,2026-09-28 01:40:07.1800000,0,0,1047,2026-09-28 01:40:07.1800000,36.512360,-80.569780
1758574,"Mount Airy",3545,233,"17S","17S1H5S4Q",3,2026-09-28 01:40:14.2600000,0,0,1041,2026-09-28 01:40:14.2600000,36.499300,-80.607290
1757089,"Red Brush",3545,233,"17S","17S1H5S4Q",3,2026-09-28 01:40:19.8700000,0,0,1035,2026-09-28 01:40:19.8700000,36.476240,-80.694790
1826611,"Bois d' Arc",3540,233,"14S","14S1H6S2Q",2,2025-01-18 23:45:48.8670000,0,52051,0,2026-09-28 01:41:55.8700000,37.596410,-96.925310
46198,"Besakoa",1877,143,"38J","38J1H2S2Q",2,2026-09-28 01:43:10.1370000,0,1200,0,2026-09-28 01:43:10.1370000,-24.233330,45.566670
46298,"Bemangevo",1877,143,"38J","38J1H2S2Q",2,2026-09-28 01:43:14.7130000,0,1200,0,2026-09-28 01:43:14.7130000,-24.216670,45.566670
46489,"Ambotaky",1877,143,"38J","38J1H2S2Q",2,2026-09-28 01:43:18.7630000,0,1200,0,2026-09-28 01:43:18.7630000,-24.183330,45.566670
46396,"Asatra",1877,143,"38J","38J1H2S2Q",2,2026-09-28 01:43:22.3400000,0,1200,0,2026-09-28 01:43:22.3400000,-24.200000,45.583330
46397,"Ampandra",1877,143,"38J","38J1H2S2Q",2,2026-09-28 01:43:26.5570000,0,1200,0,2026-09-28 01:43:26.5570000,-24.200000,45.600000
46199,"Mahazoarivo",1877,143,"38J","38J1H2S2Q",2,2026-09-28 01:43:46.3830000,0,1200,0,2026-09-28 01:43:46.3830000,-24.233330,45.600000
2061641,"Llofriu",909,68,"31T","31T2H5S2Q",2,2026-09-28 01:44:25.9830000,0,1279,0,2026-09-28 01:44:25.9830000,41.933330,3.133330
2062568,"Regencos",909,68,"31T","31T2H5S2Q",2,2026-09-28 01:44:38.5530000,0,2426,0,2026-09-28 01:44:38.5530000,41.952710,3.170060
2063369,"Pals",909,68,"31T","31T2H5S2Q",2,2026-09-28 01:44:50.3930000,0,2419,0,2026-09-28 01:44:50.3930000,41.971020,3.148140
1527816,"Grand Prairie",3549,233,"14S","14S2H6S4Q",3,2015-05-14 20:06:03.1530000,0,0,3683686,2026-09-28 01:45:08.1800000,32.745960,-96.997780
1901886,"Wheatland",3567,233,"10S","10S1H3S1Q",2,2013-10-07 17:26:03.9700000,0,3942318,0,2026-09-28 01:46:24.5030000,39.009890,-121.423010
105336,"Mangoboky",1879,143,"38K","38K1H2S1Q",2,2026-09-28 01:46:36.2130000,0,741,0,2026-09-28 01:46:36.2130000,-16.950000,44.933330
85495,"Andranomiely",1882,143,"38K","38K1H5S4Q",2,2026-09-28 01:46:55.0900000,0,741,0,2026-09-28 01:46:55.0900000,-19.233330,45.900000
85713,"Amparihimbohitra",1882,143,"38K","38K1H5S4Q",2,2026-09-28 01:46:59.3300000,0,741,0,2026-09-28 01:46:59.3300000,-19.200000,45.883330
85983,"Miandrarivo",1882,143,"38K","38K1H5S4Q",2,2026-09-28 01:47:09.4500000,46,300,0,2026-09-28 01:47:09.4500000,-19.166670,45.866670
1887904,"Riego",3567,233,"10S","10S1H3S3Q",2,2013-10-26 20:19:32.4930000,0,3957961,0,2026-09-28 01:47:10.3370000,38.748810,-121.478000
86235,"Ambodifarihy",1882,143,"38K","38K1H5S4Q",2,2026-09-28 01:47:13.6170000,0,741,0,2026-09-28 01:47:13.6200000,-19.133330,45.883330
86456,"Antsirasira",1882,143,"38K","38K1H5S4Q",2,2026-09-28 01:47:17.7270000,0,741,0,2026-09-28 01:47:17.7270000,-19.100000,45.866670
86567,"Masoaretsaka",1882,143,"38K","38K1H5S4Q",2,2026-09-28 01:47:21.6630000,0,741,0,2026-09-28 01:47:21.6630000,-19.083330,45.850000
1884940,"Rio Linda",3567,233,"10S","10S1H3S3Q",2,2012-10-24 22:27:42.5400000,0,3959577,0,2026-09-28 01:47:24.4230000,38.687320,-121.458790
86455,"Fiakarantsoa",1882,143,"38K","38K1H5S4Q",2,2026-09-28 01:47:26.0430000,0,741,0,2026-09-28 01:47:26.0430000,-19.100000,45.816670
2283560,"Shevchenko",3441,230,"37T","37T1H1S2Q",1,2026-09-28 01:48:25.6270000,1200,0,0,2026-09-28 01:48:25.6270000,47.266670,37.983330
2741763,"Gusyata",2662,192,"40V","40V2H5S1Q",2,2023-05-12 08:54:21.8700000,0,2187430,0,2026-09-28 01:48:26.4470000,57.893060,56.078610
2282697,"Ivchenko",3441,230,"37T","37T1H2S1Q",1,2026-09-28 01:48:32.5300000,1200,0,0,2026-09-28 01:48:32.5300000,47.250000,38.000000
2282223,"Porokhnya",3441,230,"37T","37T1H2S1Q",1,2026-09-28 01:48:38.7100000,1200,0,0,2026-09-28 01:48:38.7130000,47.245210,38.028100
97645,"Mahatsinjo",1879,143,"38K","38K1H3S3Q",2,2026-09-28 01:48:39.4800000,0,741,0,2026-09-28 01:48:39.4800000,-17.666670,46.366670
97494,"Ampararano",1879,143,"38K","38K1H3S3Q",2,2026-09-28 01:48:44.0370000,0,741,0,2026-09-28 01:48:44.0400000,-17.683330,46.383330
97799,"Ambalavary",1879,143,"38K","38K1H3S3Q",2,2026-09-28 01:48:48.3800000,46,300,0,2026-09-28 01:48:48.3800000,-17.650000,46.383330
2285441,"Bertov",3441,230,"37T","37T1H1S2Q",1,2026-09-28 01:48:50.3430000,1200,0,0,2026-09-28 01:48:50.3430000,47.300000,37.950000
97800,"Ambalatany",1879,143,"38K","38K1H3S3Q",2,2026-09-28 01:48:55.6700000,0,741,0,2026-09-28 01:48:55.6700000,-17.650000,46.416670
97022,"Besakay",1879,143,"38K","38K1H3S3Q",2,2026-09-28 01:48:58.7200000,0,741,0,2026-09-28 01:48:58.7200000,-17.733330,46.516670
2286332,"Primorskoye",3441,230,"37T","37T1H1S2Q",1,2026-09-28 01:49:04.7070000,1200,0,0,2026-09-28 01:49:04.7070000,47.316670,37.933330
96828,"Ambakireny",1879,143,"38K","38K1H3S3Q",2,2026-09-28 01:49:04.7130000,0,741,0,2026-09-28 01:49:04.7130000,-17.750000,46.483330
96643,"Kingoribe",1879,143,"38K","38K1H3S3Q",2,2026-09-28 01:49:05.3530000,0,741,0,2026-09-28 01:49:05.3530000,-17.766670,46.466670
96226,"Ambaiboabe",1882,143,"38K","38K1H3S3Q",2,2026-09-28 01:49:09.6230000,0,741,0,2026-09-28 01:49:09.6230000,-17.800000,46.416670
2287940,"Lukovo",3441,230,"37T","37T1H1S2Q",1,2017-03-14 04:28:19.3600000,2176,0,0,2026-09-28 01:49:11.8100000,47.350000,37.933330
450010,"Kigombe",2730,193,"35M","35M1H3S4Q",3,2026-09-28 01:49:19.5170000,0,0,1200,2026-09-28 01:49:19.5170000,-1.510500,29.641800
2288735,"Veselyy",3441,230,"37T","37T1H1S2Q",1,2026-09-28 01:49:23.0600000,1200,0,0,2026-09-28 01:49:23.0600000,47.366670,37.933330
449978,"Rukereza",2730,193,"35M","35M1H3S4Q",3,2026-09-28 01:49:24.4870000,0,0,1200,2026-09-28 01:49:24.4870000,-1.514000,29.641200
105860,"Mahatsinjo",1879,143,"38K","38K1H2S1Q",2,2026-09-28 01:46:39.4230000,0,1941,0,2026-09-28 01:49:36.3630000,-16.900000,44.866670
2284981,"Chumak",3441,230,"37T","37T1H2S1Q",1,2026-09-28 01:49:41.4200000,1200,0,0,2026-09-28 01:49:41.4200000,47.296390,38.012220
449815,"Mubona",2730,193,"35M","35M1H3S4Q",3,2026-09-28 01:49:43.6930000,0,0,1200,2026-09-28 01:49:43.6970000,-1.521100,29.648800
2285613,"Dersove",3441,230,"37T","37T1H2S1Q",1,2026-09-28 01:49:47.9630000,1200,0,0,2026-09-28 01:49:47.9630000,47.305460,38.000180
449960,"Mubona I",2730,193,"35M","35M1H3S4Q",3,2026-09-28 01:49:48.4900000,0,0,1200,2026-09-28 01:49:48.4900000,-1.515800,29.651100
1879826,"Brandon Corner",3567,233,"10S","10S1H3S4Q",2,2015-10-19 19:38:12.3270000,0,3979449,300,2026-09-28 01:49:49.6770000,38.585740,-120.934380
106036,"Belamoty",1879,143,"38K","38K1H2S1Q",2,2026-09-28 01:49:51.4200000,46,300,0,2026-09-28 01:49:51.4200000,-16.883330,44.950000
85982,"Maharivo",1882,143,"38K","38K1H5S4Q",2,2026-09-28 01:49:52.6000000,0,741,0,2026-09-28 01:49:52.6000000,-19.166670,45.783330
450018,"Etiru",2730,193,"35M","35M1H3S4Q",3,2026-09-28 01:49:54.9570000,0,0,1200,2026-09-28 01:49:54.9570000,-1.510000,29.655900
106037,"Belolo",1879,143,"38K","38K1H2S2Q",2,2026-09-28 01:50:04.3430000,0,741,0,2026-09-28 01:50:04.3430000,-16.883330,45.000000
449812,"Mugara",2730,193,"35M","35M1H3S4Q",3,2026-09-28 01:50:10.0600000,0,0,1200,2026-09-28 01:50:10.0600000,-1.521400,29.634000
106038,"Ambahivahy",1879,143,"38K","38K1H2S2Q",2,2026-09-28 01:50:11.0530000,0,741,0,2026-09-28 01:50:11.0530000,-16.883330,45.033330
86115,"Ambohijatovo",1882,143,"38K","38K1H5S4Q",2,2026-09-28 01:50:14.1600000,0,741,0,2026-09-28 01:50:14.1600000,-19.150000,45.816670
449769,"Gisenyi",2730,193,"35M","35M1H3S4Q",3,2026-09-28 01:50:15.9070000,0,0,1200,2026-09-28 01:50:15.9070000,-1.525200,29.631600
106039,"Antanambao",1879,143,"38K","38K1H2S2Q",2,2026-09-28 01:50:22.0470000,0,741,0,2026-09-28 01:50:22.0500000,-16.883330,45.050000
449751,"Gacuba",2730,193,"35M","35M1H3S4Q",3,2026-09-28 01:50:26.7800000,0,0,1200,2026-09-28 01:50:26.7800000,-1.527400,29.628100
86721,"Andranomangatsiaka",1882,143,"38K","38K1H5S4Q",2,2026-09-28 01:50:32.1030000,0,741,0,2026-09-28 01:50:32.1030000,-19.066670,45.766670
105861,"Mahitsihazo",1879,143,"38K","38K1H2S2Q",2,2026-09-28 01:50:34.9230000,0,741,0,2026-09-28 01:50:34.9230000,-16.900000,45.100000
84330,"Mampihambo",1882,143,"38K","38K1H6S4Q",2,2026-09-28 01:50:37.3070000,0,741,0,2026-09-28 01:50:37.3070000,-19.400000,47.416670
84331,"Ambatolampy Bas",1882,143,"38K","38K1H6S4Q",2,2026-09-28 01:50:40.7370000,0,741,0,2026-09-28 01:50:40.7400000,-19.400000,47.450000
105162,"Bekodoka",1879,143,"38K","38K1H2S2Q",2,2026-09-28 01:50:40.9830000,0,741,0,2026-09-28 01:50:40.9830000,-16.966670,45.100000
84332,"Ambodivona",1882,143,"38K","38K1H6S4Q",2,2026-09-28 01:50:43.3000000,0,741,0,2026-09-28 01:50:43.3000000,-19.400000,47.466670
84212,"Andranovelona",1882,143,"38K","38K1H6S4Q",2,2026-09-28 01:50:45.6670000,0,741,0,2026-09-28 01:50:45.6670000,-19.416670,47.450000
105338,"Soanierana",1879,143,"38K","38K1H2S2Q",2,2026-09-28 01:50:46.5470000,0,741,0,2026-09-28 01:50:46.5470000,-16.950000,45.116670
83864,"Sahamadio",1882,143,"38K","38K1H6S4Q",2,2026-09-28 01:50:47.8830000,0,741,0,2026-09-28 01:50:47.8830000,-19.466670,47.450000
83729,"Ambohimena",1882,143,"38K","38K1H6S4Q",2,2026-09-28 01:50:50.2630000,0,741,0,2026-09-28 01:50:50.2630000,-19.483330,47.450000
105514,"Analabo",1879,143,"38K","38K1H2S2Q",2,2026-09-28 01:50:52.1700000,0,741,0,2026-09-28 01:50:52.1700000,-16.933330,45.166670
83613,"Mahaketraka",1882,143,"38K","38K1H6S4Q",2,2026-09-28 01:50:52.9570000,0,741,0,2026-09-28 01:50:52.9570000,-19.500000,47.433330
83728,"Ambohimarina",1882,143,"38K","38K1H6S4Q",2,2026-09-28 01:50:59.4370000,0,741,0,2026-09-28 01:50:59.4370000,-19.483330,47.433330
97643,"Mahazoarivo",1879,143,"38K","38K1H2S4Q",2,2026-09-28 01:51:00.8000000,0,741,0,2026-09-28 01:51:00.8000000,-17.666670,45.650000
97797,"Ampetsapetsa",1879,143,"38K","38K1H2S4Q",2,2026-09-28 01:51:05.7670000,0,741,0,2026-09-28 01:51:05.7670000,-17.650000,45.683330
97961,"Doany",1879,143,"38K","38K1H2S4Q",2,2026-09-28 01:51:09.1330000,0,741,0,2026-09-28 01:51:09.1330000,-17.633330,45.650000
98294,"Ambalarano",1879,143,"38K","38K1H2S4Q",2,2026-09-28 01:51:12.4470000,0,741,0,2026-09-28 01:51:12.4470000,-17.600000,45.566670
59057,"Mahasoa Sud Amber",1880,143,"38K","38K2H5S2Q",2,2026-09-28 01:51:12.7200000,0,741,0,2026-09-28 01:51:12.7200000,-22.683330,45.733330
2287941,"Dolina",3441,230,"37T","37T1H1S2Q",1,2026-09-28 01:51:12.9500000,1200,0,0,2026-09-28 01:51:12.9500000,47.350000,37.966670
1378172,"Leakey",3549,233,"14R","14R1H5S1Q",1,2026-09-28 01:51:15.0300000,1005,0,0,2026-09-28 01:51:15.0300000,29.728840,-99.761450
97796,"Bekitrobaka",1879,143,"38K","38K1H2S4Q",2,2026-09-28 01:51:19.3830000,0,741,0,2026-09-28 01:51:19.3830000,-17.650000,45.566670
58680,"Ampandrabe",1877,143,"38K","38K2H5S2Q",2,2026-09-28 01:51:20.5530000,0,741,0,2026-09-28 01:51:20.5530000,-22.733330,45.750000
58679,"Bekily",1877,143,"38K","38K2H5S2Q",2,2026-09-28 01:51:23.9270000,0,741,0,2026-09-28 01:51:23.9270000,-22.733330,45.716670
97492,"Anaborano",1879,143,"38K","38K1H2S4Q",2,2026-09-28 01:51:29.1300000,0,741,0,2026-09-28 01:51:29.1300000,-17.683330,45.566670
58413,"Andriandampy",1877,143,"38K","38K2H5S2Q",2,2026-09-28 01:51:29.1730000,0,741,0,2026-09-28 01:51:29.1730000,-22.766670,45.666670
1378791,"Vanderpool",3549,233,"14R","14R1H5S1Q",1,2026-09-28 01:51:30.5730000,1010,0,0,2026-09-28 01:51:30.5730000,29.745220,-99.555050
58540,"Andriandampy",1877,143,"38K","38K2H5S2Q",2,2026-09-28 01:51:33.3100000,0,741,0,2026-09-28 01:51:33.3100000,-22.750000,45.666670
97339,"Ambahivahy",1879,143,"38K","38K1H2S4Q",2,2026-09-28 01:51:35.3270000,0,741,0,2026-09-28 01:51:35.3270000,-17.700000,45.600000
1372170,"Flatrock Crossing",3549,233,"14R","14R1H5S1Q",1,2026-09-28 01:51:37.5330000,1006,0,0,2026-09-28 01:51:37.5330000,29.572730,-99.402270
58813,"Maromiandra",1880,143,"38K","38K2H5S2Q",2,2026-09-28 01:51:37.8270000,0,741,0,2026-09-28 01:51:37.8270000,-22.716670,45.650000
1369231,"Valdina Farms",3549,233,"14R","14R1H5S1Q",1,2026-09-28 01:51:44.6200000,1003,0,0,2026-09-28 01:51:44.6200000,29.494400,-99.380600
97642,"Antsarivary",1879,143,"38K","38K1H2S4Q",2,2026-09-28 01:51:45.2800000,0,741,0,2026-09-28 01:51:45.2800000,-17.666670,45.550000
11880,"Maianbar",143,13,"56H","56H1H4S2Q",3,2010-01-01 00:00:00.0000000,0,0,1004993,2026-09-28 01:51:56.2870000,-34.077780,151.130560
1132163,"Sallan",2346,173,"40Q","40Q1H3S1Q",2,2026-09-28 01:53:59.4270000,0,861,0,2026-09-28 01:53:59.4270000,23.196940,58.989170
1827595,"Greendale",3585,233,"18S","18S1H4S1Q",2,2026-09-28 01:54:00.1630000,0,5272,0,2026-09-28 01:54:01.6670000,37.614030,-77.496650
1131598,"Jinnah",2346,173,"40Q","40Q1H3S1Q",2,2026-09-28 01:54:04.0370000,0,861,0,2026-09-28 01:54:04.0370000,23.182780,58.989720
1131662,"Daghmar",2346,173,"40Q","40Q1H3S2Q",2,2026-09-28 01:54:07.4630000,0,861,0,2026-09-28 01:54:07.4630000,23.183330,59.000000
1131947,"Bilad",2346,173,"40Q","40Q1H3S1Q",2,2026-09-28 01:54:11.1400000,0,861,0,2026-09-28 01:54:11.1400000,23.187220,58.982780
1706157,"Lost Hills",3567,233,"11S","11S2H1S1Q",3,2015-06-15 12:34:17.3300000,3258,0,376766,2026-09-28 01:54:31.9930000,35.625400,-119.678850
58283,"Soaserana I",1877,143,"38K","38K2H5S2Q",2,2026-09-28 01:57:26.3500000,0,741,0,2026-09-28 01:57:26.3500000,-22.783330,45.600000
58412,"Rehovitsy",1877,143,"38K","38K2H5S2Q",2,2026-09-28 01:51:56.3970000,0,1941,0,2026-09-28 01:57:30.8230000,-22.766670,45.616670
1918844,"Waycross",3555,233,"16S","16S1H2S2Q",2,2013-07-31 20:28:07.2870000,0,15400774,0,2026-09-28 02:02:48.5000000,39.303660,-86.344160
1895950,"Mount Vernon Square",3536,233,"18S","18S1H1S3Q",3,2024-09-22 22:41:02.0430000,5100,0,2016351,2026-09-28 02:05:44.4930000,38.904830,-77.022750
1131473,"Hajir",2346,173,"40Q","40Q1H3S1Q",2,2026-09-28 02:09:17.1130000,0,861,0,2026-09-28 02:09:17.1130000,23.177220,58.986940
1128681,"Lasmu",2346,173,"40Q","40Q1H3S1Q",2,2026-09-28 02:09:22.4200000,0,861,0,2026-09-28 02:09:22.4200000,23.105280,58.847780
1128003,"Asayh",2346,173,"40Q","40Q1H3S1Q",2,2026-09-28 02:09:25.5830000,0,861,0,2026-09-28 02:09:25.5830000,23.088060,58.853060
1128092,"Ghabirah",2346,173,"40Q","40Q1H3S1Q",2,2026-09-28 02:09:30.1130000,0,861,0,2026-09-28 02:09:30.1130000,23.091670,58.862500
1127909,"Al Hisn",2346,173,"40Q","40Q1H3S1Q",2,2026-09-28 02:09:34.1000000,0,861,0,2026-09-28 02:09:34.1000000,23.083610,58.866670
2415434,"Oktyabr'",3439,230,"37U","37U2H1S3Q",1,2013-04-22 21:46:53.1130000,2095144,0,0,2026-09-28 02:09:45.4100000,50.013060,36.133330
84452,"Ambahondrano",1882,143,"38K","38K1H6S4Q",2,2026-09-28 02:10:36.1600000,0,741,0,2026-09-28 02:10:36.1600000,-19.383330,47.533330
83380,"Maromoka",1882,143,"38K","38K1H6S4Q",2,2026-09-28 02:10:42.0230000,0,741,0,2026-09-28 02:10:42.0230000,-19.533330,47.383330
83123,"Ambatolampy",1882,143,"38K","38K1H6S4Q",2,2026-09-28 02:10:45.1500000,0,741,0,2026-09-28 02:10:45.1500000,-19.566670,47.383330
83122,"Ampitantafika",1882,143,"38K","38K1H6S4Q",2,2026-09-28 02:10:48.4000000,0,741,0,2026-09-28 02:10:48.4000000,-19.566670,47.350000
83121,"Tsimahabeharona",1882,143,"38K","38K1H6S4Q",2,2026-09-28 02:10:50.7130000,0,741,0,2026-09-28 02:10:50.7130000,-19.566670,47.316670
83019,"Ambatoharanana",1882,143,"38K","38K1H6S4Q",2,2026-09-28 02:10:53.5370000,0,741,0,2026-09-28 02:10:53.5370000,-19.583330,47.333330
83020,"Ambohijanaka",1882,143,"38K","38K1H6S4Q",2,2026-09-28 02:10:57.4830000,0,741,0,2026-09-28 02:10:57.4830000,-19.583330,47.366670
83021,"Avaratriniala",1882,143,"38K","38K1H6S4Q",2,2026-09-28 02:10:59.2670000,0,741,0,2026-09-28 02:10:59.2670000,-19.583330,47.400000
2623015,"Konno-Podgornaya Sloboda",2649,192,"39U","39U1H1S3Q",1,2026-09-28 02:11:34.5230000,873,0,0,2026-09-28 02:11:34.5230000,54.316670,48.350000
2623803,"Mostovaya",2649,192,"39U","39U1H1S3Q",1,2026-09-28 02:11:55.3330000,846,0,0,2026-09-28 02:11:55.3330000,54.338060,48.340280
1660291,"Heathwood",3547,233,"17S","17S2H1S4Q",1,2026-09-27 20:27:29.0600000,11951,0,0,2026-09-28 02:11:56.9900000,34.844560,-82.539020
2623772,"Sel'd'",2649,192,"39U","39U1H1S3Q",1,2026-09-28 02:12:03.9470000,864,0,0,2026-09-28 02:12:03.9470000,54.336940,48.307780
2628440,"Murovano-Oshmyanka",441,36,"35U","35U1H1S4Q",1,2026-09-28 02:13:04.4400000,1100,0,0,2026-09-28 02:13:04.4400000,54.466670,25.783330
1548934,"Windom Corner",3547,233,"17S","17S2H6S1Q",1,2026-09-28 02:13:28.5500000,750,0,0,2026-09-28 02:13:28.5500000,33.134060,-79.712300
2293518,"Rakoshegy",1222,100,"34T","34T1H1S2Q",1,2017-11-09 17:43:49.9300000,647778,0,0,2026-09-28 02:13:34.7730000,47.466670,19.233330
1545983,"Fort Corner",3547,233,"17S","17S2H6S1Q",1,2026-09-28 02:13:36.8900000,856,0,0,2026-09-28 02:13:36.8900000,33.079060,-79.625630
449796,"Gacaca",2730,193,"35M","35M1H3S4Q",3,2026-09-28 02:14:21.9470000,0,0,1200,2026-09-28 02:14:21.9470000,-1.522500,29.589300
449855,"Gikoro II",2730,193,"35M","35M1H3S4Q",3,2026-09-28 02:14:28.8470000,0,0,1200,2026-09-28 02:14:28.8470000,-1.517100,29.570300
449954,"Rutomvu",2730,193,"35M","35M1H3S4Q",3,2026-09-28 02:14:33.3000000,0,0,1200,2026-09-28 02:14:33.3000000,-1.516300,29.564700
449822,"Gacondo",2730,193,"35M","35M1H3S4Q",3,2026-09-28 02:14:38.8500000,0,0,1200,2026-09-28 02:14:38.8500000,-1.519800,29.559200
449752,"Gataraga I",2730,193,"35M","35M1H3S4Q",3,2026-09-28 02:14:43.9570000,0,0,1200,2026-09-28 02:14:43.9570000,-1.527300,29.569000
449734,"Mugombwa",2730,193,"35M","35M1H3S4Q",3,2026-09-28 02:14:47.4100000,0,0,1200,2026-09-28 02:14:47.4100000,-1.528900,29.576200
449748,"Gataraga II",2730,193,"35M","35M1H3S4Q",3,2026-09-28 02:14:51.3470000,0,0,1200,2026-09-28 02:14:51.3470000,-1.527500,29.563600
449721,"Gataraga",2730,193,"35M","35M1H3S4Q",3,2026-09-28 02:14:55.1370000,0,0,1200,2026-09-28 02:14:55.1370000,-1.530600,29.559200
2194754,"Lisne",3435,230,"36T","36T1H6S3Q",2,2026-08-03 13:48:45.2500000,1200,2708,0,2026-09-28 02:15:33.4730000,44.940200,34.958170
1956528,"East Camden",3561,233,"18S","18S1H2S1Q",3,2026-03-03 12:08:22.6500000,0,9600,508628,2026-09-28 02:15:55.4500000,39.952890,-75.101560
2836381,"Alcatraz",3567,233,"10S","10S1H5S2Q",3,2013-07-21 02:02:03.3900000,0,0,26987688,2026-09-28 02:15:58.1100000,37.826886,-122.423224
2196829,"Krasna Sloboda",3435,230,"36T","36T1H6S3Q",2,2026-08-10 09:35:00.4630000,1200,5368,0,2026-09-28 02:16:22.0300000,44.983270,34.743800
2197126,"Sollar",3435,230,"36T","36T1H6S3Q",2,2026-08-10 09:35:16.6370000,600,7987,0,2026-09-28 02:16:27.1200000,44.983330,34.750000
1552041,"Oak Hill",3547,233,"17S","17S2H5S2Q",1,2026-09-28 02:16:43.4970000,1034,245,0,2026-09-28 02:16:43.4970000,33.187670,-80.018690
1692503,"Bakersfield",3567,233,"11S","11S2H1S1Q",3,2026-04-27 23:54:16.0870000,1965,0,229740,2026-09-28 02:17:35.3430000,35.373290,-119.018710
83502,"Ambohimandroso",1882,143,"38K","38K1H6S4Q",2,2026-09-28 02:18:39.6600000,0,741,0,2026-09-28 02:18:39.6600000,-19.516670,47.416670
83242,"Ibonga",1882,143,"38K","38K1H6S4Q",2,2026-09-28 02:18:43.3400000,0,741,0,2026-09-28 02:18:43.3400000,-19.550000,47.433330
82886,"Ambatolampikely",1882,143,"38K","38K1H6S4Q",2,2026-09-28 02:18:46.6500000,0,741,0,2026-09-28 02:18:46.6500000,-19.600000,47.366670
82887,"Morarano",1882,143,"38K","38K1H6S4Q",2,2026-09-28 02:18:49.3270000,0,741,0,2026-09-28 02:18:49.3270000,-19.600000,47.416670
83243,"Ambohikambana",1882,143,"38K","38K1H6S4Q",2,2026-09-28 02:18:52.5830000,0,741,0,2026-09-28 02:18:52.5830000,-19.550000,47.450000
58539,"Anjaha",1880,143,"38K","38K2H5S2Q",2,2026-09-28 02:19:02.2270000,0,741,0,2026-09-28 02:19:02.2270000,-22.750000,45.583330
58812,"Andoharotsy",1880,143,"38K","38K2H5S2Q",2,2026-09-28 02:19:07.5700000,0,741,0,2026-09-28 02:19:07.5700000,-22.716670,45.583330
58411,"Mahabo",1880,143,"38K","38K2H5S2Q",2,2026-09-28 02:19:11.6230000,0,741,0,2026-09-28 02:19:11.6230000,-22.766670,45.566670
58410,"Kelivondraka",1880,143,"38K","38K2H5S2Q",2,2026-09-28 02:19:13.4430000,0,741,0,2026-09-28 02:19:13.4430000,-22.766670,45.550000
58811,"Soaserana",1880,143,"38K","38K2H5S2Q",2,2026-09-28 02:19:16.8170000,0,741,0,2026-09-28 02:19:16.8170000,-22.716670,45.516670
58933,"Andratomity",1880,143,"38K","38K2H5S2Q",2,2026-09-28 02:19:19.7170000,0,741,0,2026-09-28 02:19:19.7170000,-22.700000,45.533330
59056,"Miary",1880,143,"38K","38K2H5S2Q",2,2026-09-28 02:19:24.4230000,0,741,0,2026-09-28 02:19:24.4230000,-22.683330,45.550000
59165,"Ambondrobe",1880,143,"38K","38K2H5S2Q",2,2026-09-28 02:19:25.2530000,0,741,0,2026-09-28 02:19:25.2530000,-22.666670,45.583330
2680075,"Whitekirk",977,77,"30V","30V2H5S4Q",3,2025-09-21 21:59:51.0070000,0,0,220919,2026-09-28 02:22:10.5330000,56.016670,-2.650000
2680074,"East Fortune",977,77,"30V","30V2H5S4Q",3,2025-09-20 17:12:42.0200000,0,0,275797,2026-09-28 02:22:15.4970000,56.016670,-2.683330
2681809,"North Berwick",977,77,"30V","30V2H5S4Q",3,2025-09-20 17:12:31.8500000,0,0,458469,2026-09-28 02:22:23.6000000,56.066670,-2.716670
2836391,"Almirante Brown Base",98,9,"20D","20D1H3S1Q",2,2025-01-02 18:16:28.9200000,1500,414646,0,2026-09-28 02:22:25.9030000,-64.895413,-62.870957
2680626,"Dirleton",977,77,"30V","30V2H5S4Q",3,2025-09-20 17:12:10.8370000,0,0,311222,2026-09-28 02:22:29.5000000,56.033330,-2.766670
2680625,"Gullane",977,77,"30V","30V2H5S4Q",3,2025-09-19 14:45:11.5530000,0,0,203567,2026-09-28 02:22:35.5470000,56.033330,-2.816670
2679540,"Drem",977,77,"30U","30U1H2S2Q",3,2025-09-20 17:12:22.7900000,0,0,199203,2026-09-28 02:22:41.6870000,56.000000,-2.783330
2679539,"Luffness",977,77,"30U","30U1H2S2Q",3,2025-09-19 14:45:19.2530000,0,0,179193,2026-09-28 02:22:46.6030000,56.000000,-2.833330
2679900,"Aberlady",977,77,"30V","30V2H5S4Q",3,2025-09-11 20:29:41.6770000,0,0,223044,2026-09-28 02:22:51.9400000,56.008840,-2.858510
1127496,"Minsift",2346,173,"40Q","40Q1H3S1Q",2,2026-09-28 02:24:10.6100000,0,402,0,2026-09-28 02:24:10.6100000,23.077500,58.871110
1127991,"Al Jazir",2346,173,"40Q","40Q1H3S1Q",2,2026-09-28 02:24:16.9970000,0,861,0,2026-09-28 02:24:16.9970000,23.087220,58.861390
1127591,"Hayl al Kabir",2346,173,"40Q","40Q1H3S1Q",2,2026-09-28 02:24:21.6030000,0,861,0,2026-09-28 02:24:21.6030000,23.081940,58.725280
1119009,"Qafis",2346,173,"40Q","40Q1H3S3Q",2,2026-09-28 02:24:24.9770000,0,861,0,2026-09-28 02:24:24.9770000,22.880560,58.775000
1116960,"Maqta`ah",2346,173,"40Q","40Q1H3S3Q",2,2026-09-28 02:24:28.3400000,0,861,0,2026-09-28 02:24:28.3400000,22.831110,58.990280
1119779,"`Umq",2344,173,"40Q","40Q1H3S4Q",2,2026-09-28 02:24:32.0100000,0,861,0,2026-09-28 02:24:32.0100000,22.899440,59.085830
2530506,"Landbeach",979,77,"31U","31U1H4S3Q",1,2016-05-02 11:20:20.5100000,777192,300,8017,2026-09-28 02:29:09.2030000,52.264480,0.162260
1535746,"Hermits Cove",3549,233,"15S","15S2H4S3Q",1,2021-07-10 19:26:52.3870000,1040153,0,0,2026-09-28 02:31:07.6470000,32.899570,-95.885520
2678828,"Longniddry",977,77,"30U","30U1H2S2Q",3,2025-09-11 20:29:20.3730000,0,0,147544,2026-09-28 02:32:23.7170000,55.975430,-2.895930
2678713,"Cockenzie",977,77,"30U","30U1H2S2Q",3,2025-09-09 18:49:17.4170000,0,0,184406,2026-09-28 02:32:30.9430000,55.968230,-2.965620
2678244,"Prestonpans",977,77,"30U","30U1H2S2Q",3,2025-09-09 18:49:06.6430000,0,0,190700,2026-09-28 02:32:36.1200000,55.959390,-2.980380
2678392,"Seafield",977,77,"30U","30U1H2S1Q",3,2025-06-07 21:26:57.6770000,0,0,300704,2026-09-28 02:32:51.6570000,55.966670,-3.150000
1691053,"Kayandee",3567,233,"11S","11S2H1S2Q",3,2023-06-26 01:22:34.7100000,1810,0,4303,2026-09-28 02:32:53.9000000,35.347460,-118.995100
2678760,"Leith",977,77,"30U","30U1H2S1Q",3,2025-06-07 20:29:11.1000000,0,0,517028,2026-09-28 02:32:57.5570000,55.971300,-3.172300
1689620,"Wible Orchard",3567,233,"11S","11S2H1S1Q",3,2023-06-26 01:20:48.8200000,1244,0,2357,2026-09-28 02:32:59.0500000,35.317740,-119.021210
2678892,"Newhaven",977,77,"30U","30U1H2S1Q",3,2025-06-07 20:28:17.4570000,0,0,446538,2026-09-28 02:33:03.3600000,55.979610,-3.197280
2678866,"Granton",977,77,"30U","30U1H2S1Q",3,2025-08-19 17:29:57.3230000,0,0,439920,2026-09-28 02:34:00.3470000,55.977930,-3.223800
1692771,"Landco",3567,233,"11S","11S2H1S1Q",3,2024-07-20 22:49:41.6030000,362,0,10618,2026-09-28 02:34:32.8430000,35.379400,-119.061210
449725,"Rwinzovu",2730,193,"35M","35M1H3S4Q",3,2026-09-28 02:38:39.5100000,0,0,1200,2026-09-28 02:38:39.5100000,-1.530200,29.537900
449782,"Butakanyundo",2730,193,"35M","35M1H3S4Q",3,2026-09-28 02:38:42.9430000,0,0,1200,2026-09-28 02:38:42.9430000,-1.524000,29.547900
449803,"Gakuku",2730,193,"35M","35M1H3S4Q",3,2026-09-28 02:38:34.9900000,0,0,2400,2026-09-28 02:38:49.9730000,-1.521900,29.536300
449581,"Kagongo",2730,193,"35M","35M1H3S4Q",3,2026-09-28 02:38:55.3430000,0,0,1200,2026-09-28 02:38:55.3430000,-1.535600,29.515100
449498,"Nyabirehe",2730,193,"35M","35M1H3S4Q",3,2026-09-28 02:38:58.3400000,0,0,1200,2026-09-28 02:38:58.3400000,-1.543400,29.517300
449494,"Rutagara",2730,193,"35M","35M1H3S4Q",3,2026-09-28 02:39:02.7230000,0,0,1200,2026-09-28 02:39:02.7230000,-1.543700,29.505100
449597,"Rukingo I",2730,193,"35M","35M1H3S4Q",3,2026-09-28 02:39:08.5300000,0,0,1200,2026-09-28 02:39:08.5300000,-1.533900,29.552200
2125568,"Lake View",3562,233,"18T","18T2H2S2Q",1,2026-09-28 02:39:13.4600000,1408,0,0,2026-09-28 02:39:13.4600000,43.286180,-74.010680
2156911,"Danebo",3576,233,"10T","10T1H5S3Q",3,2025-09-25 06:04:40.5500000,0,0,994993,2026-09-28 02:39:20.4670000,44.059570,-123.178700
2125753,"Overlook",3562,233,"18T","18T2H3S1Q",1,2026-09-28 02:39:25.7430000,1267,0,0,2026-09-28 02:39:25.7430000,43.292570,-73.946510
1126929,"Fara'",2346,173,"40Q","40Q1H3S1Q",2,2026-09-28 02:39:34.1070000,0,861,0,2026-09-28 02:39:34.1070000,23.066110,58.985830
1127335,"Mithqub",2346,173,"40Q","40Q1H3S1Q",2,2026-09-28 02:39:38.0700000,0,861,0,2026-09-28 02:39:38.0700000,23.071670,58.992500
1127546,"Dibab",2346,173,"40Q","40Q1H3S2Q",2,2026-09-28 02:39:47.6600000,0,861,0,2026-09-28 02:39:47.6600000,23.079720,59.054720
15634,"Erskine",138,13,"54H","54H1H1S1Q",1,2026-09-28 02:39:51.5970000,1034,98,300,2026-09-28 02:39:51.5970000,-32.733330,138.850000
1552521,"Moncks Corner",3547,233,"17S","17S2H5S2Q",2,2026-05-24 20:58:44.7330000,1034,46029,0,2026-09-28 02:39:52.8930000,33.196000,-80.013140
15430,"Dawson",138,13,"54H","54H1H1S1Q",1,2026-09-28 02:40:01.2830000,1035,0,0,2026-09-28 02:40:01.2830000,-32.800000,138.966670
1119679,"Harimah",2344,173,"40Q","40Q1H3S4Q",2,2026-09-28 02:40:04.6370000,0,861,0,2026-09-28 02:40:04.6370000,22.894170,59.165000
16100,"Yalpara",138,13,"54H","54H1H1S1Q",1,2026-09-28 02:40:05.6600000,1055,0,0,2026-09-28 02:40:05.6600000,-32.533330,138.933330
1553070,"Frazier Hill",3547,233,"17S","17S2H5S2Q",1,2026-09-28 02:40:08.2600000,1034,267,0,2026-09-28 02:40:08.2600000,33.204340,-80.029800
1119583,"Ta`ab",2344,173,"40Q","40Q1H3S4Q",2,2026-09-28 02:40:08.6230000,0,861,0,2026-09-28 02:40:08.6230000,22.889170,59.184170
16099,"Oladdie",138,13,"54H","54H1H1S1Q",1,2026-09-28 02:40:09.9970000,1028,0,0,2026-09-28 02:40:09.9970000,-32.533330,138.683330
1553245,"Sugar Hill",3547,233,"17S","17S2H5S2Q",1,2026-09-28 02:40:19.1530000,1034,255,0,2026-09-28 02:40:19.1530000,33.207950,-80.045640
15890,"Walloway",138,13,"54H","54H1H1S1Q",1,2026-09-28 02:40:20.6930000,1032,376,300,2026-09-28 02:40:20.6930000,-32.633330,138.583330
15633,"Orroroo",138,13,"54H","54H1H1S1Q",1,2026-09-28 02:40:25.1600000,1035,0,0,2026-09-28 02:40:25.1600000,-32.733330,138.616670
2284027,"Lakeland South",3578,233,"10T","10T1H2S2Q",2,2020-04-19 23:34:34.2800000,0,1419846,0,2026-09-28 02:40:30.8230000,47.278430,-122.283260
15324,"Black Rock",138,13,"54H","54H1H1S1Q",1,2026-09-28 02:40:30.8630000,1038,0,300,2026-09-28 02:40:30.8630000,-32.833330,138.700000
2680624,"Saint Davids",977,77,"30V","30V2H5S3Q",3,2025-06-08 02:45:14.5630000,0,0,712550,2026-09-28 02:40:34.6870000,56.033330,-3.350000
15152,"Minvalara",138,13,"54H","54H1H1S1Q",1,2026-09-28 02:40:35.8400000,1040,0,0,2026-09-28 02:40:35.8400000,-32.900000,138.750000
2681211,"Aberdour",977,77,"30V","30V2H5S3Q",3,2025-06-12 21:50:42.3370000,0,0,406525,2026-09-28 02:40:40.9030000,56.050000,-3.300000
2681212,"Burntisland",977,77,"30V","30V2H5S3Q",3,2025-08-02 16:10:10.9230000,0,0,431808,2026-09-28 02:40:49.7830000,56.050000,-3.233330
15018,"Ucolta",138,13,"54H","54H1H1S1Q",1,2026-09-28 02:41:07.4270000,1041,300,0,2026-09-28 02:41:07.4270000,-32.950000,138.966670
2157044,"Bethel",3576,233,"10T","10T1H5S3Q",3,2025-02-24 00:20:04.2500000,0,0,1002128,2026-09-28 02:41:43.3700000,44.065120,-123.132590
2156346,"Glenwood",3576,233,"10T","10T1H5S3Q",3,2024-10-16 13:59:59.1500000,0,0,1039501,2026-09-28 02:42:36.0530000,44.044290,-123.034810
1674825,"Mettler",3567,233,"11S","11S2H1S2Q",3,2017-12-07 02:21:45.8800000,1620,0,48868,2026-09-28 02:42:50.9900000,35.063560,-118.972970
2681213,"Pettycur",977,77,"30V","30V2H5S3Q",3,2025-06-15 16:02:07.4800000,0,0,278406,2026-09-28 02:46:12.1430000,56.050000,-3.166670
2681808,"Kinghorn",977,77,"30V","30V2H5S3Q",3,2025-06-15 16:27:40.1870000,0,0,350675,2026-09-28 02:46:18.1600000,56.066670,-3.166670
96227,"Ampizarantany",1882,143,"38K","38K1H3S3Q",2,2026-09-28 02:49:16.3400000,0,741,0,2026-09-28 02:49:16.3400000,-17.800000,46.450000
96228,"Andranomaitso",1882,143,"38K","38K1H3S3Q",2,2026-09-28 02:49:21.7970000,0,741,0,2026-09-28 02:49:21.7970000,-17.800000,46.500000
97341,"Beranonorana",1879,143,"38K","38K1H3S3Q",2,2026-09-28 02:49:26.0270000,0,741,0,2026-09-28 02:49:26.0270000,-17.700000,46.600000
96027,"Ambohimanatrika",1882,143,"38K","38K1H3S3Q",2,2026-09-28 02:49:32.8100000,0,741,0,2026-09-28 02:49:32.8100000,-17.816670,46.400000
95581,"Tanambao",1882,143,"38K","38K1H3S3Q",2,2026-09-28 02:49:36.8170000,0,741,0,2026-09-28 02:49:36.8170000,-17.850000,46.400000
95580,"Andranomavokely",1882,143,"38K","38K1H3S3Q",2,2026-09-28 02:49:40.5570000,0,741,0,2026-09-28 02:49:40.5570000,-17.850000,46.383330
95370,"Saonjo",1882,143,"38K","38K1H3S3Q",2,2026-09-28 02:49:44.5830000,0,741,0,2026-09-28 02:49:44.5830000,-17.866670,46.416670
95058,"Amboasary",1882,143,"38K","38K1H3S3Q",2,2026-09-28 02:49:49.0030000,0,741,0,2026-09-28 02:49:49.0030000,-17.900000,46.400000
93880,"Antokotoka",1882,143,"38K","38K1H6S1Q",2,2026-09-28 02:50:11.0330000,0,741,0,2026-09-28 02:50:11.0330000,-18.033330,46.333330
105862,"Bekoky",1879,143,"38K","38K1H2S2Q",2,2026-09-28 02:50:31.6500000,0,741,0,2026-09-28 02:50:31.6500000,-16.900000,45.183330
97338,"Marotsiazo",1879,143,"38K","38K1H2S4Q",2,2026-09-28 02:50:33.0300000,0,741,0,2026-09-28 02:50:33.0300000,-17.700000,45.533330
106732,"Andranomiolaka",1879,143,"38K","38K1H2S2Q",2,2026-09-28 02:50:38.2600000,0,741,0,2026-09-28 02:50:38.2600000,-16.816670,45.200000
97641,"Ankihonala",1879,143,"38K","38K1H2S4Q",2,2026-09-28 02:50:43.8530000,0,741,0,2026-09-28 02:50:43.8530000,-17.666670,45.516670
107141,"Bebada",1879,143,"38K","38K1H2S2Q",2,2026-09-28 02:50:46.7500000,0,741,0,2026-09-28 02:50:46.7500000,-16.783330,45.200000
107142,"Tsaratanana",1879,143,"38K","38K1H2S2Q",2,2026-09-28 02:50:52.7630000,0,741,0,2026-09-28 02:50:52.7630000,-16.783330,45.233330
106922,"Ampandriakilandy",1879,143,"38K","38K1H2S2Q",2,2026-09-28 02:50:54.9000000,0,741,0,2026-09-28 02:50:54.9000000,-16.800000,45.250000
106040,"Mahiagidro Nord",1879,143,"38K","38K1H2S2Q",2,2026-09-28 02:50:58.4830000,46,300,0,2026-09-28 02:50:58.4830000,-16.883330,45.300000
105863,"Mahiagidro-Sakalava",1879,143,"38K","38K1H2S2Q",2,2026-09-28 02:51:04.6270000,0,741,0,2026-09-28 02:51:04.6270000,-16.900000,45.316670
105689,"Bevitsika",1879,143,"38K","38K1H2S2Q",2,2026-09-28 02:51:11.1470000,0,741,0,2026-09-28 02:51:11.1470000,-16.916670,45.266670
98293,"Ampasindava",1879,143,"38K","38K1H2S4Q",2,2026-09-28 02:51:25.5270000,0,741,0,2026-09-28 02:51:25.5270000,-17.600000,45.500000
98644,"Behazomaty",1879,143,"38K","38K1H2S4Q",2,2026-09-28 02:51:29.2270000,0,741,0,2026-09-28 02:51:29.2270000,-17.566670,45.550000
98645,"Ambalovary",1879,143,"38K","38K1H2S4Q",2,2026-09-28 02:51:32.2000000,0,741,0,2026-09-28 02:51:32.2000000,-17.566670,45.566670
99023,"Maninianaly",1879,143,"38K","38K1H2S4Q",2,2026-09-28 02:51:36.8370000,0,741,0,2026-09-28 02:51:36.8370000,-17.533330,45.650000
98646,"Andabolava",1879,143,"38K","38K1H2S4Q",2,2026-09-28 02:51:41.2770000,0,741,0,2026-09-28 02:51:41.2770000,-17.566670,45.650000
98647,"Andabotokana",1879,143,"38K","38K1H2S4Q",2,2026-09-28 02:51:41.5700000,0,741,0,2026-09-28 02:51:41.5700000,-17.566670,45.683330
87219,"Androtra",1882,143,"38K","38K1H5S4Q",2,2026-09-28 02:51:57.4700000,0,741,0,2026-09-28 02:51:57.4700000,-19.000000,45.750000
2682927,"Pathhead",977,77,"30V","30V2H5S3Q",3,2025-06-15 17:33:00.8600000,0,0,376922,2026-09-28 02:52:01.1970000,56.100000,-3.150000
2683535,"Sinclairtown",977,77,"30V","30V2H5S3Q",3,2025-06-15 22:12:32.4030000,0,0,345826,2026-09-28 02:52:07.2700000,56.116670,-3.150000
87449,"Andriakely",1882,143,"38K","38K1H5S2Q",2,2026-09-28 02:52:08.4000000,0,741,0,2026-09-28 02:52:08.4000000,-18.966670,45.783330
87450,"Andasimazava",1882,143,"38K","38K1H5S2Q",2,2026-09-28 02:52:13.8700000,0,741,0,2026-09-28 02:52:13.8700000,-18.966670,45.816670
87582,"Besangajy",1882,143,"38K","38K1H5S2Q",2,2026-09-28 02:52:18.2800000,0,741,0,2026-09-28 02:52:18.2800000,-18.950000,45.783330
87970,"Antsakarivo",1882,143,"38K","38K1H5S2Q",2,2026-09-28 02:52:22.0270000,0,741,0,2026-09-28 02:52:22.0270000,-18.900000,45.750000
88119,"Ampandrana",1882,143,"38K","38K1H5S2Q",2,2026-09-28 02:52:28.9770000,0,741,0,2026-09-28 02:52:28.9770000,-18.883330,45.783330
88255,"Morarivo",1882,143,"38K","38K1H5S2Q",2,2026-09-28 02:52:33.5470000,0,741,0,2026-09-28 02:52:33.5470000,-18.866670,45.833330
88684,"Tsimahabeomby",1882,143,"38K","38K1H5S2Q",2,2026-09-28 02:52:38.0600000,0,741,0,2026-09-28 02:52:38.0600000,-18.800000,45.866670
2683534,"Kirkcaldy",977,77,"30V","30V2H5S3Q",3,2025-06-15 17:53:14.6130000,0,0,410498,2026-09-28 02:52:55.6000000,56.116670,-3.166670
98648,"Bemarivo",1879,143,"38K","38K1H2S4Q",2,2026-09-28 02:52:58.0600000,0,741,0,2026-09-28 02:52:58.0600000,-17.566670,45.700000
2529032,"Prierosbruck",713,57,"33U","33U1H4S4Q",3,2026-09-27 20:15:48.3200000,0,0,2098,2026-09-28 02:54:47.3630000,52.233330,13.766670
2529929,"Dolgenbrodt",713,57,"33U","33U1H4S4Q",3,2026-09-27 20:58:40.8700000,0,0,2041,2026-09-28 02:54:53.7300000,52.250000,13.783330
2529930,"Kolberg",713,57,"33U","33U1H4S4Q",3,2026-09-27 20:15:39.6930000,0,0,2067,2026-09-28 02:54:59.7600000,52.250000,13.800000
2302177,"Pannoniatelep",1217,100,"34T","34T1H1S2Q",3,2025-07-20 04:01:15.5700000,0,0,1302734,2026-09-28 02:56:57.2370000,47.650000,19.066670
2303002,"Dombhatdulo",1217,100,"34T","34T1H1S2Q",3,2026-09-11 00:57:17.5600000,0,0,3357,2026-09-28 02:57:03.4070000,47.666670,19.083330
2303779,"Izabella Udulotelep",1217,100,"34T","34T1H1S2Q",3,2026-09-10 04:32:41.8600000,0,0,2344,2026-09-28 02:57:08.9400000,47.683330,19.116670
2303785,"Margitmajor",1217,100,"34T","34T1H1S2Q",3,2026-09-11 00:29:35.2200000,0,0,3328,2026-09-28 02:57:14.2200000,47.683330,19.133330
2304635,"God",1217,100,"34T","34T1H1S2Q",3,2026-09-11 00:29:29.1830000,0,0,3346,2026-09-28 02:57:18.4230000,47.700000,19.133330
2304636,"Ujtelep",1217,100,"34T","34T1H1S2Q",3,2026-09-11 00:29:22.1270000,0,0,3289,2026-09-28 02:57:22.8500000,47.700000,19.150000
2303015,"Sandorpuszta",1217,100,"34T","34T1H1S2Q",3,2026-09-11 00:57:07.2730000,0,0,2892,2026-09-28 02:57:28.3800000,47.666670,19.150000
1117464,"Ash Shab",2344,173,"40Q","40Q1H3S4Q",2,2026-09-28 02:58:17.2470000,0,861,0,2026-09-28 02:58:17.2470000,22.839170,59.248060
1116983,"Qata`ah",2344,173,"40Q","40Q1H3S4Q",2,2026-09-28 02:58:28.1700000,0,861,0,2026-09-28 02:58:28.1700000,22.833060,59.233060
1116951,"As Saruwi",2344,173,"40Q","40Q1H3S4Q",2,2026-09-28 02:58:33.8830000,0,861,0,2026-09-28 02:58:33.8830000,22.830830,59.225000
1116903,"Tiwi",2344,173,"40Q","40Q1H3S4Q",2,2026-09-28 02:58:39.0500000,0,861,0,2026-09-28 02:58:39.0500000,22.828330,59.258330
1116880,"Quff",2344,173,"40Q","40Q1H3S4Q",2,2026-09-28 02:58:44.1000000,0,861,0,2026-09-28 02:58:44.1000000,22.827220,59.256110
1116800,"Jurayf",2344,173,"40Q","40Q1H3S4Q",2,2026-09-28 02:58:48.3330000,0,861,0,2026-09-28 02:58:48.3330000,22.822220,59.261110
449589,"Kigaga II",2730,193,"35M","35M1H3S4Q",3,2026-09-28 03:02:01.8800000,0,0,1200,2026-09-28 03:02:01.8800000,-1.534600,29.608500
59166,"Anivorano",1880,143,"38K","38K2H5S2Q",2,2026-09-28 03:02:03.4870000,0,741,0,2026-09-28 03:02:03.4870000,-22.666670,45.616670
1978415,"Campion",3568,233,"13T","13T2H5S3Q",2,2023-08-08 20:05:03.6730000,0,138977,0,2026-09-28 03:02:05.2970000,40.349430,-105.077760
449559,"Gacambwa",2730,193,"35M","35M1H3S4Q",3,2026-09-28 03:02:06.0870000,0,0,1200,2026-09-28 03:02:06.0870000,-1.538800,29.602500
59275,"Soatanimbary",1880,143,"38K","38K2H5S2Q",2,2026-09-28 03:02:07.0300000,0,741,0,2026-09-28 03:02:07.0300000,-22.650000,45.666670
449508,"Jomba",2730,193,"35M","35M1H3S4Q",3,2026-09-28 03:02:09.8930000,0,0,1200,2026-09-28 03:02:09.8930000,-1.542800,29.612100
59418,"Ampandrabe",1880,143,"38K","38K2H5S2Q",2,2026-09-28 03:02:10.3200000,0,741,0,2026-09-28 03:02:10.3200000,-22.633330,45.716670
59522,"Maharivo",1880,143,"38K","38K2H5S2Q",2,2026-09-28 03:02:13.1970000,0,741,0,2026-09-28 03:02:13.1970000,-22.616670,45.766670
449529,"Ndera",2730,193,"35M","35M1H3S4Q",3,2026-09-28 03:02:13.2770000,0,0,1200,2026-09-28 03:02:13.2770000,-1.541100,29.620600
59523,"Menalafika",1880,143,"38K","38K2H5S2Q",2,2026-09-28 03:02:17.2500000,0,741,0,2026-09-28 03:02:17.2500000,-22.616670,45.800000
59058,"Iankasy",1880,143,"38K","38K2H5S2Q",2,2026-09-28 03:02:20.1300000,0,741,0,2026-09-28 03:02:20.1300000,-22.683330,45.783330
59059,"Iabomary",1877,143,"38K","38K2H5S2Q",2,2026-09-28 03:02:23.6170000,0,741,0,2026-09-28 03:02:23.6170000,-22.683330,45.816670
449515,"Gakoro",2730,193,"35M","35M1H3S4Q",3,2026-09-28 03:02:25.4470000,0,0,1200,2026-09-28 03:02:25.4470000,-1.542000,29.628200
59276,"Menavava",1880,143,"38K","38K2H5S2Q",2,2026-09-28 03:02:26.1300000,0,741,0,2026-09-28 03:02:26.1300000,-22.650000,45.866670
449426,"Muko",2730,193,"35M","35M1H3S4Q",3,2026-09-28 03:02:30.2100000,0,0,1200,2026-09-28 03:02:30.2100000,-1.549540,29.628740
449481,"Mubuga",2730,193,"35M","35M1H3S4Q",3,2026-09-28 03:02:35.6500000,0,0,1200,2026-09-28 03:02:35.6500000,-1.544200,29.636100
449538,"Kankamba",2730,193,"35M","35M1H3S4Q",3,2026-09-28 03:02:39.1700000,0,0,1200,2026-09-28 03:02:39.1700000,-1.540400,29.639300
2682926,"Auchtertool",977,77,"30V","30V2H5S3Q",3,2025-06-13 04:24:18.3300000,0,0,283207,2026-09-28 03:03:06.6330000,56.100000,-3.250000
2684132,"Cardenden",977,77,"30V","30V2H5S3Q",3,2025-06-03 10:37:34.8130000,0,0,293501,2026-09-28 03:03:13.6500000,56.133330,-3.250000
2684131,"Auchterderran",977,77,"30V","30V2H5S3Q",3,2025-06-09 20:01:17.6930000,0,0,241790,2026-09-28 03:03:18.8570000,56.133330,-3.266670
1780348,"San Juan Bautista",3567,233,"10S","10S1H6S3Q",1,2024-05-18 00:20:12.7630000,977240,0,500,2026-09-28 03:03:38.7170000,36.845510,-121.538000
2156408,"Springfield",3576,233,"10T","10T1H5S3Q",3,2024-10-12 20:12:56.4900000,0,0,1014540,2026-09-28 03:04:24.7670000,44.046240,-123.022030
2157454,"North Springfield",3576,233,"10T","10T1H5S3Q",3,2024-10-29 23:56:15.1670000,0,0,1012189,2026-09-28 03:04:42.6430000,44.074850,-123.003140
2154585,"Goshen",3576,233,"10T","10T2H2S1Q",3,2024-11-04 22:42:22.2400000,0,0,1042512,2026-09-28 03:04:55.5600000,43.995400,-123.011470
83244,"Ambatotokana",1882,143,"38K","38K1H6S4Q",2,2026-09-28 03:04:58.9430000,0,741,0,2026-09-28 03:04:58.9430000,-19.550000,47.466670
83245,"Ambohitrila",1882,143,"38K","38K1H6S4Q",2,2026-09-28 03:05:01.9800000,0,741,0,2026-09-28 03:05:01.9800000,-19.550000,47.483330
83503,"Ankerana",1882,143,"38K","38K1H6S4Q",2,2026-09-28 03:05:04.2930000,0,741,0,2026-09-28 03:05:04.2930000,-19.516670,47.500000
84093,"Morarano",1882,143,"38K","38K1H6S4Q",2,2026-09-28 03:05:06.9800000,0,741,0,2026-09-28 03:05:06.9800000,-19.433330,47.483330
84094,"Ambatondrakalavao",1882,143,"38K","38K1H6S4Q",2,2026-09-28 03:05:10.4100000,0,741,0,2026-09-28 03:05:10.4100000,-19.433330,47.500000
84095,"Ambodirano",1882,143,"38K","38K1H6S4Q",2,2026-09-28 03:05:13.5170000,0,741,0,2026-09-28 03:05:13.5170000,-19.433330,47.516670
84333,"Ambohidrafy",1882,143,"38K","38K1H6S4Q",2,2026-09-28 03:05:19.4430000,0,741,0,2026-09-28 03:05:19.4430000,-19.400000,47.516670
84335,"Andapa",1882,143,"38K","38K1H6S4Q",2,2026-09-28 03:05:22.0270000,0,741,0,2026-09-28 03:05:22.0270000,-19.400000,47.533330
30836,"Woodridge",142,13,"56J","56J1H5S4Q",1,2026-09-28 03:06:24.8200000,850,0,0,2026-09-28 03:06:24.8200000,-27.633330,153.100000
30928,"Priestdale Lagoons",142,13,"56J","56J1H5S4Q",1,2026-09-28 03:06:27.9730000,849,0,0,2026-09-28 03:06:27.9730000,-27.600000,153.133330
31043,"Rochedale",142,13,"56J","56J1H5S4Q",1,2026-09-28 03:06:31.1800000,788,0,0,2026-09-28 03:06:31.1800000,-27.566670,153.133330
31193,"Capalaba",142,13,"56J","56J1H5S4Q",1,2026-09-28 03:07:03.6900000,788,0,0,2026-09-28 03:07:03.6900000,-27.516670,153.183330
2294654,"Mount View",3578,233,"10T","10T1H2S2Q",2,2015-04-16 00:48:07.9700000,0,1429683,2400,2026-09-28 03:07:14.6530000,47.494540,-122.349850
31241,"Dunwich",142,13,"56J","56J1H5S4Q",1,2026-09-28 03:07:15.9870000,788,0,0,2026-09-28 03:07:15.9870000,-27.500000,153.400000
31306,"Myora",142,13,"56J","56J1H5S4Q",1,2026-09-28 03:07:22.6830000,788,0,0,2026-09-28 03:07:22.6870000,-27.483330,153.416670
31148,"Raby Bay",142,13,"56J","56J1H5S4Q",1,2026-09-28 03:07:30.3230000,564,0,0,2026-09-28 03:07:30.3230000,-27.533330,153.266670
31194,"Ormiston",142,13,"56J","56J1H5S4Q",1,2026-09-28 03:07:35.0830000,788,0,0,2026-09-28 03:07:35.0830000,-27.516670,153.250000
31305,"Wellington Point",142,13,"56J","56J1H5S4Q",1,2026-09-28 03:07:39.1270000,788,0,0,2026-09-28 03:07:39.1270000,-27.483330,153.250000
1554405,"Cherry Hill",3547,233,"17S","17S2H6S1Q",1,2026-09-28 03:09:33.4900000,1417,0,0,2026-09-28 03:09:33.4900000,33.228780,-79.943130
94027,"Kelimahery",1882,143,"38K","38K1H6S1Q",2,2026-09-28 03:10:15.4670000,0,741,0,2026-09-28 03:10:15.4670000,-18.016670,46.283330
93606,"Tsaratanana",1882,143,"38K","38K1H6S1Q",2,2026-09-28 03:10:20.9870000,0,741,0,2026-09-28 03:10:20.9870000,-18.066670,46.316670
92789,"Marovitsika",1882,143,"38K","38K1H6S1Q",2,2026-09-28 03:10:27.1100000,0,741,0,2026-09-28 03:10:27.1100000,-18.166670,46.300000
92787,"Tsinjorano",1882,143,"38K","38K1H6S1Q",2,2026-09-28 03:10:32.5970000,0,752,0,2026-09-28 03:10:32.5970000,-18.166670,46.166670
94026,"Ankijambe",1882,143,"38K","38K1H6S1Q",2,2026-09-28 03:10:38.1700000,0,741,0,2026-09-28 03:10:38.1700000,-18.016670,46.133330
93879,"Bongakely",1882,143,"38K","38K1H6S1Q",2,2026-09-28 03:10:42.6570000,0,741,0,2026-09-28 03:10:42.6570000,-18.033330,46.116670
94601,"Kambiaty",1879,143,"38K","38K1H3S3Q",2,2026-09-28 03:10:46.3230000,0,741,0,2026-09-28 03:10:46.3230000,-17.950000,46.066670
95818,"Betaimboraka",1879,143,"38K","38K1H3S3Q",2,2026-09-28 03:10:51.9330000,0,741,0,2026-09-28 03:10:51.9330000,-17.833330,46.066670
87111,"Amparihivato",1882,143,"38K","38K1H5S4Q",2,2026-09-28 03:11:18.9400000,0,741,0,2026-09-28 03:11:18.9400000,-19.016670,45.700000
98835,"Ambonara",1879,143,"38K","38K1H2S4Q",2,2026-09-28 03:11:20.3330000,0,741,0,2026-09-28 03:11:20.3330000,-17.550000,45.733330
98649,"Besakay",1879,143,"38K","38K1H2S4Q",2,2026-09-28 03:11:25.8000000,0,741,0,2026-09-28 03:11:25.8000000,-17.566670,45.750000
87218,"Marovitsika",1882,143,"38K","38K1H5S4Q",2,2026-09-28 03:11:31.1030000,0,741,0,2026-09-28 03:11:31.1030000,-19.000000,45.716670
98447,"Ampandalova",1879,143,"38K","38K1H2S4Q",2,2026-09-28 03:11:36.8100000,46,300,0,2026-09-28 03:11:36.8100000,-17.583330,45.750000
98836,"Ambalabanty",1879,143,"38K","38K1H2S4Q",2,2026-09-28 03:11:40.9400000,0,741,0,2026-09-28 03:11:40.9400000,-17.550000,45.800000
99225,"Anjiabe",1879,143,"38K","38K1H2S4Q",2,2026-09-28 03:11:44.1430000,0,741,0,2026-09-28 03:11:44.1430000,-17.516670,45.866670
97190,"Mahavavikely",1879,143,"38K","38K1H2S4Q",2,2026-09-28 03:11:47.8300000,0,741,0,2026-09-28 03:11:47.8300000,-17.716670,45.800000
87324,"Belobaka",1882,143,"38K","38K1H5S2Q",2,2026-09-28 03:11:56.9900000,46,300,0,2026-09-28 03:11:56.9900000,-18.983330,45.683330
87323,"Mahatsinjo",1882,143,"38K","38K1H5S2Q",2,2026-09-28 03:12:03.4970000,0,741,0,2026-09-28 03:12:03.4970000,-18.983330,45.666670
87110,"Tsinjoarivo",1882,143,"38K","38K1H5S4Q",2,2026-09-28 03:12:10.5800000,0,741,0,2026-09-28 03:12:10.5800000,-19.016670,45.650000
96825,"Soatanimbary",1879,143,"38K","38K1H2S4Q",2,2026-09-28 03:12:11.9130000,0,1023,0,2026-09-28 03:12:11.9130000,-17.750000,45.766670
105340,"Andoharano",1879,143,"38K","38K1H2S2Q",2,2026-09-28 03:12:27.9830000,0,741,0,2026-09-28 03:12:27.9830000,-16.950000,45.233330
87446,"Maritampona",1882,143,"38K","38K1H5S2Q",2,2026-09-28 03:12:30.2800000,0,741,0,2026-09-28 03:12:30.2800000,-18.966670,45.616670
105163,"Befotika",1879,143,"38K","38K1H2S2Q",2,2026-09-28 03:12:33.6600000,0,741,0,2026-09-28 03:12:33.6600000,-16.966670,45.216670
87581,"Andakana",1882,143,"38K","38K1H5S2Q",2,2026-09-28 03:12:40.8100000,0,741,0,2026-09-28 03:12:40.8100000,-18.950000,45.633330
87447,"Antsampandrano",1882,143,"38K","38K1H5S2Q",2,2026-09-28 03:12:49.2130000,0,741,0,2026-09-28 03:12:49.2130000,-18.966670,45.666670
87448,"Borikely",1882,143,"38K","38K1H5S2Q",2,2026-09-28 03:12:54.5200000,0,741,0,2026-09-28 03:12:54.5200000,-18.966670,45.700000
105339,"Betaolankena",1879,143,"38K","38K1H2S2Q",2,2026-09-28 03:12:56.4900000,0,741,0,2026-09-28 03:12:56.4900000,-16.950000,45.216670
104817,"Sambaokofa",1879,143,"38K","38K1H2S4Q",2,2026-09-28 03:13:00.1330000,0,741,0,2026-09-28 03:13:00.1330000,-17.000000,45.350000
105164,"Sahondralava",1879,143,"38K","38K1H2S2Q",2,2026-09-28 03:13:04.5170000,0,741,0,2026-09-28 03:13:04.5170000,-16.966670,45.433330
1116952,"Ramlah",2344,173,"40Q","40Q1H3S4Q",2,2026-09-28 03:13:07.5800000,0,861,0,2026-09-28 03:13:07.5800000,22.830830,59.254720
106548,"Bekorafa",1879,143,"38K","38K1H2S2Q",2,2026-09-28 03:13:07.8470000,0,741,0,2026-09-28 03:13:07.8470000,-16.833330,45.433330
1112994,"`Umq Bi'r",2344,173,"40Q","40Q1H3S4Q",2,2026-09-28 03:13:09.7770000,0,861,0,2026-09-28 03:13:09.7770000,22.731670,59.162220
107351,"Andoharano",1879,143,"38K","38K1H2S2Q",2,2026-09-28 03:13:09.9130000,0,741,0,2026-09-28 03:13:09.9130000,-16.766670,45.400000
1110246,"Hilm",2344,173,"40Q","40Q1H3S4Q",2,2026-09-28 03:13:12.5670000,0,861,0,2026-09-28 03:13:12.5670000,22.656670,59.215280
1109684,"Hawl",2344,173,"40Q","40Q1H3S4Q",2,2026-09-28 03:13:16.7970000,0,861,0,2026-09-28 03:13:16.7970000,22.645000,59.252780
106359,"Ambodifano",1879,143,"38K","38K1H2S2Q",2,2026-09-28 03:13:16.8870000,0,741,0,2026-09-28 03:13:16.8870000,-16.850000,45.533330
1109716,"Qasa`ah",2344,173,"40Q","40Q1H3S4Q",2,2026-09-28 03:13:19.1930000,0,861,0,2026-09-28 03:13:19.1930000,22.646940,59.261390
106042,"Malainolo",1879,143,"38K","38K1H2S2Q",2,2026-09-28 03:13:33.5170000,0,741,0,2026-09-28 03:13:33.5170000,-16.883330,45.516670
96640,"Tsinjoarivo",1879,143,"38K","38K1H2S4Q",2,2026-09-28 03:13:44.9770000,0,741,0,2026-09-28 03:13:44.9770000,-17.766670,45.750000
2186505,"Williamsburg",3557,233,"16T","16T1H6S3Q",3,2026-09-28 03:15:26.6430000,0,0,897,2026-09-28 03:15:26.6430000,44.773610,-85.403960
1674842,"Mettler",3567,233,"11S","11S2H1S2Q",3,2026-09-28 03:15:36.2730000,0,0,2292,2026-09-28 03:15:42.1270000,35.063860,-118.970100
2186463,"Mabel",3557,233,"16T","16T1H6S3Q",3,2026-09-28 03:15:47.9600000,0,0,897,2026-09-28 03:15:47.9600000,44.772220,-85.356940
1698922,"Spicer City",3567,233,"11S","11S2H1S1Q",3,2026-09-28 03:16:20.5130000,0,0,1027,2026-09-28 03:16:20.5170000,35.501070,-119.604570
84678,"Beahitra",1882,143,"38K","38K1H6S4Q",2,2026-09-28 03:17:44.4770000,0,899,0,2026-09-28 03:17:44.4770000,-19.350000,47.533330
84676,"Antanetibe",1882,143,"38K","38K1H6S4Q",2,2026-09-28 03:17:47.4630000,0,899,0,2026-09-28 03:17:47.4670000,-19.350000,47.500000
84677,"Ambondrona",1882,143,"38K","38K1H6S4Q",2,2026-09-28 03:17:59.3970000,0,741,0,2026-09-28 03:17:59.3970000,-19.350000,47.516670
84918,"Ambohimanarintsoa",1882,143,"38K","38K1H6S4Q",2,2026-09-28 03:18:02.3730000,0,741,0,2026-09-28 03:18:02.3730000,-19.316670,47.533330
85174,"Ambato",1882,143,"38K","38K1H6S4Q",2,2026-09-28 03:18:05.3830000,0,741,0,2026-09-28 03:18:05.3830000,-19.283330,47.516670
85175,"Soamananety",1882,143,"38K","38K1H6S4Q",2,2026-09-28 03:18:07.5100000,0,741,0,2026-09-28 03:18:07.5100000,-19.283330,47.533330
85176,"Ambohitriteva",1882,143,"38K","38K1H6S4Q",2,2026-09-28 03:18:10.0000000,0,741,0,2026-09-28 03:18:10.0000000,-19.283330,47.550000
85400,"Manjaka",1882,143,"38K","38K1H6S4Q",2,2026-09-28 03:18:12.5100000,0,741,0,2026-09-28 03:18:12.5100000,-19.250000,47.550000
2684130,"Lochgelly",977,77,"30V","30V2H5S3Q",3,2025-10-26 22:45:21.0100000,0,0,241559,2026-09-28 03:19:38.1600000,56.133330,-3.316670
2684748,"Ballingry",977,77,"30V","30V2H5S3Q",3,2025-06-03 07:09:31.2700000,0,0,207398,2026-09-28 03:19:48.5670000,56.150000,-3.333330
2684129,"Kelty",977,77,"30V","30V2H5S3Q",3,2025-06-02 15:34:10.6500000,0,0,436944,2026-09-28 03:19:55.3230000,56.133330,-3.383330
2683533,"Cowdenbeath",977,77,"30V","30V2H5S3Q",3,2025-06-02 21:43:53.5370000,0,0,549293,2026-09-28 03:20:00.9300000,56.116670,-3.350000
1605762,"Los Angeles",3567,233,"11S","11S2H1S4Q",3,2015-03-30 00:48:05.8000000,0,0,53817376,2026-09-28 03:20:05.0400000,34.052230,-118.243680
2681807,"Donibristle",977,77,"30V","30V2H5S3Q",3,2025-06-15 13:22:16.6100000,0,0,362990,2026-09-28 03:20:06.4070000,56.066670,-3.350000
2682380,"Fordell",977,77,"30V","30V2H5S3Q",3,2025-06-08 02:45:30.3800000,0,0,428893,2026-09-28 03:20:11.8230000,56.083330,-3.366670
2681806,"Crossgates",977,77,"30V","30V2H5S3Q",3,2025-06-02 11:15:28.8170000,0,0,581767,2026-09-28 03:20:17.2530000,56.066670,-3.383330
2529939,"Hartensdorf",713,57,"33U","33U1H5S3Q",3,2026-09-20 07:00:50.5400000,0,0,1792,2026-09-28 03:21:42.1170000,52.250000,14.116670
58815,"Bekopay",1880,143,"38K","38K2H5S2Q",2,2026-09-28 03:22:14.8100000,0,909,0,2026-09-28 03:22:14.8100000,-22.716670,45.933330
58682,"Ambalavato",1880,143,"38K","38K2H5S2Q",2,2026-09-28 03:22:19.4930000,0,909,0,2026-09-28 03:22:19.4930000,-22.733330,45.900000
59060,"Ambinany",1880,143,"38K","38K2H5S2Q",2,2026-09-28 03:22:23.9000000,0,741,0,2026-09-28 03:22:23.9000000,-22.683330,45.883330
59061,"Anaviavy",1880,143,"38K","38K2H5S2Q",2,2026-09-28 03:22:28.9600000,0,909,0,2026-09-28 03:22:28.9600000,-22.683330,45.950000
58939,"Andrianday",1877,143,"38K","38K2H6S1Q",2,2026-09-28 03:22:32.4700000,0,909,0,2026-09-28 03:22:32.4700000,-22.700000,46.000000
59062,"Ambinany",1880,143,"38K","38K2H6S1Q",2,2026-09-28 03:22:36.5400000,0,741,0,2026-09-28 03:22:36.5400000,-22.683330,46.000000
59168,"Soamatasy",1880,143,"38K","38K2H6S1Q",2,2026-09-28 03:22:45.2630000,46,300,0,2026-09-28 03:22:45.2630000,-22.666670,46.000000
2682272,"Halbeath",977,77,"30V","30V2H5S3Q",3,2025-06-11 22:17:07.2030000,0,0,619770,2026-09-28 03:22:46.7930000,56.078120,-3.409450
58419,"Ankonatsy",1877,143,"38K","38K2H6S1Q",2,2026-09-28 03:22:58.7300000,0,741,0,2026-09-28 03:22:58.7300000,-22.766670,46.066670
1585073,"Rancho Palos Verdes",3567,233,"11S","11S2H4S2Q",3,2014-11-25 14:21:32.4030000,0,0,1029590,2026-09-28 03:23:32.3230000,33.744460,-118.387020
1599396,"Westchester",3567,233,"11S","11S2H4S2Q",3,2015-05-25 06:24:22.3630000,0,0,1154498,2026-09-28 03:24:29.9870000,33.959730,-118.400630
2304637,"Tece",1217,100,"34T","34T1H1S2Q",3,2026-09-11 00:28:32.1070000,0,0,4607,2026-09-28 03:24:32.5530000,47.700000,19.216670
2305437,"Csoeroeg",1217,100,"34T","34T1H1S2Q",3,2026-09-11 00:28:39.7030000,0,0,4375,2026-09-28 03:24:36.7630000,47.716670,19.200000
2303001,"Puspokmajor",1217,100,"34T","34T1H1S2Q",3,2024-12-30 10:40:23.5900000,0,0,2898023,2026-09-28 03:25:10.6630000,47.666670,19.066670
2528165,"Klein Rietz",713,57,"33U","33U1H5S3Q",3,2026-09-20 01:14:17.1370000,0,0,13171,2026-09-28 03:25:59.8630000,52.216670,14.200000
449702,"Kanza",2730,193,"35M","35M1H3S4Q",3,2026-09-28 03:26:10.0170000,0,0,1200,2026-09-28 03:26:10.0200000,-1.532500,29.637100
1591535,"La Palma",3567,233,"11S","11S2H4S2Q",3,2013-05-22 17:03:31.4070000,0,0,1439064,2026-09-28 03:26:10.4130000,33.846400,-118.046730
1591021,"Moody",3567,233,"11S","11S2H4S2Q",3,2014-12-29 04:49:51.2830000,0,0,1126694,2026-09-28 03:26:13.8930000,33.838070,-118.045900
449722,"Bugese",2730,193,"35M","35M1H3S4Q",3,2026-09-28 03:26:16.2430000,0,0,1200,2026-09-28 03:26:16.2430000,-1.530500,29.637000
1592363,"Cerritos",3567,233,"11S","11S2H4S2Q",3,2014-12-27 06:40:12.3870000,0,0,1117968,2026-09-28 03:26:18.9400000,33.858350,-118.064790
449758,"Mugara",2730,193,"35M","35M1H3S4Q",3,2026-09-28 03:26:22.0730000,0,0,1200,2026-09-28 03:26:22.0770000,-1.526400,29.641700
1592826,"Artesia",3567,233,"11S","11S2H4S2Q",3,2013-05-23 07:35:45.0000000,0,0,1036249,2026-09-28 03:26:30.1100000,33.865850,-118.083120
449975,"Kilyi",2730,193,"35M","35M1H3S4Q",3,2026-09-28 03:26:36.5400000,0,0,1200,2026-09-28 03:26:36.5400000,-1.514600,29.657400
449986,"Bulinda",2730,193,"35M","35M1H3S4Q",3,2026-09-28 03:26:41.8170000,0,0,1200,2026-09-28 03:26:41.8170000,-1.513000,29.668400
450021,"Tare",2730,193,"35M","35M1H3S4Q",3,2026-09-28 03:26:46.2570000,0,0,1200,2026-09-28 03:26:46.2570000,-1.509300,29.674600
449979,"Gitega",2730,193,"35M","35M1H3S4Q",3,2026-09-28 03:26:58.0930000,0,0,1200,2026-09-28 03:26:58.0970000,-1.514000,29.697200
1590612,"West Anaheim",3567,233,"11S","11S2H5S1Q",3,2015-03-19 02:27:42.6970000,0,0,1570781,2026-09-28 03:27:00.5400000,33.832240,-117.942560
2682379,"Townhill",977,77,"30V","30V2H5S3Q",3,2025-07-12 06:03:30.2700000,0,0,619870,2026-09-28 03:27:53.8600000,56.083330,-3.433330
1109725,"Qa`b",2344,173,"40Q","40Q1H3S4Q",2,2026-09-28 03:28:13.7470000,0,861,0,2026-09-28 03:28:13.7470000,22.647780,59.272220
1110940,"Kibdiyah",2344,173,"40Q","40Q1H3S4Q",2,2026-09-28 03:28:16.5030000,0,861,0,2026-09-28 03:28:16.5070000,22.676390,59.310830
1112115,"Qalhat",2344,173,"40Q","40Q1H3S4Q",2,2026-09-28 03:28:19.3400000,0,861,0,2026-09-28 03:28:19.3400000,22.700830,59.370000
1110145,"Jawdah",2344,173,"40Q","40Q1H3S4Q",2,2026-09-28 03:28:23.2670000,0,861,0,2026-09-28 03:28:23.2670000,22.650280,59.347780
1109601,"Shufi",2344,173,"40Q","40Q1H3S4Q",2,2026-09-28 03:28:26.7030000,0,861,0,2026-09-28 03:28:26.7070000,22.640280,59.290560
1588775,"Los Alamitos",3567,233,"11S","11S2H4S2Q",3,2013-05-13 15:17:36.9500000,0,0,1128537,2026-09-28 03:29:01.3570000,33.803070,-118.072560
2272914,"Amenia",3575,233,"14T","14T1H3S1Q",2,2014-07-29 14:30:03.5530000,0,2102065,0,2026-09-28 03:29:39.9930000,47.004970,-97.218980
2005486,"Gaslight Village",3559,233,"14T","14T2H6S4Q",2,2025-08-11 11:35:12.5100000,0,63759,0,2026-09-28 03:29:45.7530000,40.836670,-96.719460
2274078,"Vance",3575,233,"14T","14T1H3S1Q",2,2014-07-23 22:24:42.5600000,0,2062077,0,2026-09-28 03:29:46.2270000,47.033860,-97.217870
2258915,"Leonard",3575,233,"14T","14T1H3S3Q",2,2015-04-01 03:41:52.5100000,0,2052193,0,2026-09-28 03:30:09.2600000,46.651910,-97.245650
2255647,"Barrie",3575,233,"14T","14T1H3S3Q",2,2014-11-10 02:28:27.5430000,0,2072058,0,2026-09-28 03:30:17.4030000,46.568860,-97.122590
2109662,"Mottville",3562,233,"18T","18T2H1S4Q",1,2023-09-17 03:23:28.9000000,101171,0,0,2026-09-28 03:34:39.3300000,42.973680,-76.442440
2685256,"Rumblingbridge",977,77,"30V","30V2H5S3Q",3,2025-07-29 09:54:22.2100000,0,0,289404,2026-09-28 03:36:02.2830000,56.160180,-3.575360
2685359,"Powmill",977,77,"30V","30V2H5S3Q",3,2026-08-09 08:30:48.8530000,0,0,99706,2026-09-28 03:36:11.2930000,56.164530,-3.579230
2685411,"Crook of Devon",977,77,"30V","30V2H5S3Q",3,2025-07-27 10:31:50.2270000,0,0,393595,2026-09-28 03:36:18.7730000,56.166670,-3.550000
2185932,"Traverse City",3557,233,"16T","16T1H6S3Q",3,2026-09-27 22:44:59.1800000,0,0,10109,2026-09-28 03:37:54.3330000,44.763060,-85.620630
2185017,"Brookside",3557,233,"16T","16T1H6S3Q",3,2026-04-10 17:30:48.4000000,0,0,178745,2026-09-28 03:38:21.4070000,44.742220,-85.646740
96414,"Amparihisoa Sud",1879,143,"38K","38K1H3S3Q",2,2026-09-28 03:39:55.5230000,0,741,0,2026-09-28 03:39:55.5230000,-17.783330,46.050000
96641,"Amparihisoa Atsimo",1879,143,"38K","38K1H3S3Q",2,2026-09-28 03:40:01.8570000,0,741,0,2026-09-28 03:40:01.8570000,-17.766670,46.050000
96827,"Amparihisoa Afovoany",1879,143,"38K","38K1H3S3Q",2,2026-09-28 03:40:05.7100000,0,741,0,2026-09-28 03:40:05.7100000,-17.750000,46.050000
97021,"Amparihisoa Avaratra",1879,143,"38K","38K1H3S3Q",2,2026-09-28 03:40:10.0370000,0,741,0,2026-09-28 03:40:10.0370000,-17.733330,46.033330
95208,"Ambohipisaka",1882,143,"38K","38K1H2S4Q",2,2026-09-28 03:40:14.3500000,0,741,0,2026-09-28 03:40:14.3500000,-17.883330,45.966670
96225,"Belavabary",1879,143,"38K","38K1H2S4Q",2,2026-09-28 03:40:21.5400000,0,741,0,2026-09-28 03:40:21.5400000,-17.800000,45.883330
94770,"Antanimbaritsara",1879,143,"38K","38K1H2S4Q",2,2026-09-28 03:40:22.5030000,0,741,0,2026-09-28 03:40:22.5030000,-17.933330,45.966670
94453,"Ambohimena",1879,143,"38K","38K1H2S4Q",2,2026-09-28 03:40:26.8200000,0,741,0,2026-09-28 03:40:26.8200000,-17.966670,45.983330
2686706,"Middleton Fossoway",977,77,"30V","30V2H5S3Q",3,2025-07-24 20:41:40.8600000,0,0,199518,2026-09-28 03:40:44.6400000,56.200000,-3.566670
106043,"Morarano",1879,143,"38K","38K1H2S2Q",2,2026-09-28 03:40:52.6470000,0,741,0,2026-09-28 03:40:52.6470000,-16.883330,45.550000
87702,"Anosibe",1882,143,"38K","38K1H5S2Q",2,2026-09-28 03:40:52.7230000,0,741,0,2026-09-28 03:40:52.7230000,-18.933330,45.700000
105515,"Ambonara",1879,143,"38K","38K1H2S2Q",2,2026-09-28 03:40:56.6900000,0,741,0,2026-09-28 03:40:56.6900000,-16.933330,45.550000
2686707,"Kinross",977,77,"30V","30V2H5S3Q",3,2025-06-09 14:00:55.7370000,0,0,449949,2026-09-28 03:41:00.3200000,56.200000,-3.416670
103832,"Tsianaloka",1879,143,"38K","38K1H2S4Q",2,2026-09-28 03:41:01.1400000,0,741,0,2026-09-28 03:41:01.1400000,-17.100000,45.416670
103446,"Tsianaloka ou",1879,143,"38K","38K1H2S4Q",2,2026-09-28 03:41:05.4670000,46,300,0,2026-09-28 03:41:05.4670000,-17.133330,45.433330
103999,"Mahabe",1879,143,"38K","38K1H2S4Q",2,2026-09-28 03:41:08.2030000,46,300,0,2026-09-28 03:41:08.2030000,-17.083330,45.333330
104161,"Betsivaky",1879,143,"38K","38K1H2S4Q",2,2026-09-28 03:41:11.3070000,0,741,0,2026-09-28 03:41:11.3070000,-17.066670,45.316670
103831,"Ambalabao",1879,143,"38K","38K1H2S4Q",2,2026-09-28 03:41:17.1870000,0,741,0,2026-09-28 03:41:17.1870000,-17.100000,45.283330
52213,"Tsianerena",1877,143,"38K","38K2H6S3Q",2,2026-09-28 03:41:17.9370000,0,741,0,2026-09-28 03:41:17.9370000,-23.483330,46.000000
102586,"Ankadibe",1879,143,"38K","38K1H2S4Q",2,2026-09-28 03:41:18.9230000,0,741,0,2026-09-28 03:41:18.9230000,-17.216670,45.400000
52358,"Anja",1877,143,"38K","38K2H6S3Q",2,2026-09-28 03:41:21.9870000,0,741,0,2026-09-28 03:41:21.9870000,-23.466670,46.016670
88118,"Beambiaty",1882,143,"38K","38K1H5S2Q",2,2026-09-28 03:41:24.2900000,0,741,0,2026-09-28 03:41:24.2930000,-18.883330,45.733330
52650,"Tsitaloha",1877,143,"38K","38K2H5S4Q",2,2026-09-28 03:41:25.3330000,0,741,0,2026-09-28 03:41:25.3330000,-23.433330,45.983330
52942,"Benato",1877,143,"38K","38K2H5S4Q",2,2026-09-28 03:41:28.0300000,0,741,0,2026-09-28 03:41:28.0300000,-23.400000,45.916670
87836,"Bemahatazana",1882,143,"38K","38K1H5S2Q",2,2026-09-28 03:41:28.2730000,0,741,0,2026-09-28 03:41:28.2770000,-18.916670,45.666670
52790,"Ambatobe",1877,143,"38K","38K2H6S3Q",2,2026-09-28 03:41:31.6230000,0,741,0,2026-09-28 03:41:31.6230000,-23.416670,46.050000
88473,"Andriakely",1882,143,"38K","38K1H5S2Q",2,2026-09-28 03:41:31.9700000,0,741,0,2026-09-28 03:41:31.9700000,-18.833330,45.633330
53090,"Ampasy",1877,143,"38K","38K2H6S3Q",2,2026-09-28 03:41:36.4300000,0,741,0,2026-09-28 03:41:36.4300000,-23.383330,46.033330
88572,"Ankofafa",1882,143,"38K","38K1H5S2Q",2,2026-09-28 03:41:37.4470000,0,741,0,2026-09-28 03:41:37.4470000,-18.816670,45.633330
52943,"Iankaroka",1877,143,"38K","38K2H5S4Q",2,2026-09-28 03:41:40.2200000,0,741,0,2026-09-28 03:41:40.2200000,-23.400000,45.983330
88573,"Andasy Piquie",1882,143,"38K","38K1H5S2Q",2,2026-09-28 03:41:40.7700000,0,741,0,2026-09-28 03:41:40.7700000,-18.816670,45.750000
88785,"Ambohimanana",1882,143,"38K","38K1H5S2Q",2,2026-09-28 03:41:45.6730000,0,741,0,2026-09-28 03:41:45.6730000,-18.783330,45.833330
53089,"Benonoka",1877,143,"38K","38K2H5S4Q",2,2026-09-28 03:41:54.0200000,0,741,0,2026-09-28 03:41:54.0200000,-23.383330,45.983330
2245297,"Richland",3578,233,"11T","11T1H1S3Q",3,2025-08-06 19:24:21.2670000,0,0,61425,2026-09-28 03:41:56.6570000,46.285690,-119.284460
88899,"Ankijana Ambony",1882,143,"38K","38K1H5S2Q",2,2026-09-28 03:42:03.3070000,0,741,0,2026-09-28 03:42:03.3070000,-18.766670,45.850000
85632,"Tsarahonenana",1882,143,"38K","38K1H6S4Q",2,2026-09-28 03:42:12.6500000,0,741,0,2026-09-28 03:42:12.6500000,-19.216670,47.566670
85630,"Bemalaza",1882,143,"38K","38K1H6S4Q",2,2026-09-28 03:42:13.5200000,0,741,0,2026-09-28 03:42:13.5200000,-19.216670,47.533330
85737,"Ambohimarina",1882,143,"38K","38K1H6S4Q",2,2026-09-28 03:42:16.1100000,0,741,0,2026-09-28 03:42:16.1100000,-19.200000,47.533330
85514,"Antsorindrana",1882,143,"38K","38K1H6S4Q",2,2026-09-28 03:42:20.3170000,0,741,0,2026-09-28 03:42:20.3170000,-19.233330,47.516670
85399,"Amboanjobe",1882,143,"38K","38K1H6S4Q",2,2026-09-28 03:42:23.0200000,0,741,0,2026-09-28 03:42:23.0200000,-19.250000,47.500000
103642,"Ambanjabe",1879,143,"38K","38K1H2S4Q",2,2026-09-28 03:42:24.0730000,0,741,0,2026-09-28 03:42:24.0730000,-17.116670,45.250000
84451,"Alatsinainy",1882,143,"38K","38K1H6S4Q",2,2026-09-28 03:42:28.6270000,0,900,0,2026-09-28 03:42:28.6270000,-19.383330,47.433330
84450,"Ambatolampy",1882,143,"38K","38K1H6S4Q",2,2026-09-28 03:42:31.3630000,0,741,0,2026-09-28 03:42:31.3630000,-19.383330,47.416670
2060578,"Sallustiano",1377,110,"33T","33T2H4S1Q",3,2015-09-26 18:48:40.5530000,0,0,2788405,2026-09-28 03:42:35.9730000,41.909220,12.497250
84555,"Amparihimena",1882,143,"38K","38K1H6S4Q",2,2026-09-28 03:42:36.4100000,0,741,0,2026-09-28 03:42:36.4100000,-19.366670,47.400000
96224,"Antsakoamanera",1879,143,"38K","38K1H2S4Q",2,2026-09-28 03:42:37.0370000,0,741,0,2026-09-28 03:42:37.0370000,-17.800000,45.733330
96026,"Ambatofotsy",1879,143,"38K","38K1H2S4Q",2,2026-09-28 03:42:41.2970000,0,741,0,2026-09-28 03:42:41.2970000,-17.816670,45.750000
94769,"Antanimbaribe",1879,143,"38K","38K1H2S4Q",2,2026-09-28 03:42:47.8400000,0,741,0,2026-09-28 03:42:47.8400000,-17.933330,45.716670
94898,"Androtra",1879,143,"38K","38K1H2S4Q",2,2026-09-28 03:42:51.6770000,0,741,0,2026-09-28 03:42:51.6770000,-17.916670,45.666670
94768,"Berevo",1879,143,"38K","38K1H2S4Q",2,2026-09-28 03:42:54.6000000,0,741,0,2026-09-28 03:42:54.6000000,-17.933330,45.666670
94162,"Makaraingo",1879,143,"38K","38K1H5S2Q",2,2026-09-28 03:42:59.2400000,0,741,0,2026-09-28 03:42:59.2400000,-18.000000,45.600000
1109525,"Mahatt",2344,173,"40Q","40Q1H3S4Q",2,2026-09-28 03:43:08.3400000,0,861,0,2026-09-28 03:43:08.3400000,22.635280,59.307220
94304,"Makaraingo",1879,143,"38K","38K1H2S4Q",2,2026-09-28 03:43:08.6970000,0,741,0,2026-09-28 03:43:08.6970000,-17.983330,45.583330
1108903,"Ash Shubaykah",2344,173,"40Q","40Q1H3S4Q",2,2026-09-28 03:43:10.5900000,0,861,0,2026-09-28 03:43:10.5900000,22.617220,59.295000
94452,"Ankerana",1879,143,"38K","38K1H2S4Q",2,2026-09-28 03:43:11.7200000,0,741,0,2026-09-28 03:43:11.7200000,-17.966670,45.566670
1109640,"Sufun",2344,173,"40Q","40Q1H3S4Q",2,2026-09-28 03:43:16.4500000,0,861,0,2026-09-28 03:43:16.4500000,22.642220,59.287500
1107804,"`Addah",2344,173,"40Q","40Q1H3S4Q",2,2026-09-28 03:43:23.1170000,0,861,0,2026-09-28 03:43:23.1170000,22.599720,59.268890
1107646,"Sinaf",2344,173,"40Q","40Q1H3S4Q",2,2026-09-28 03:43:26.6930000,0,861,0,2026-09-28 03:43:26.6970000,22.588330,59.286390
53088,"Besakoa",1877,143,"38K","38K2H5S4Q",2,2026-09-28 03:43:39.0300000,0,741,0,2026-09-28 03:43:39.0300000,-23.383330,45.950000
1236614,"Miami",3538,233,"17R","17R2H5S2Q",3,2010-01-01 00:00:00.0000000,0,0,20747167,2026-09-28 03:47:51.8370000,25.774270,-80.193660
11148,"Colo Vale",143,13,"56H","56H1H4S1Q",3,2025-12-24 09:55:07.6000000,0,12452,52572,2026-09-28 03:47:59.4400000,-34.400000,150.483330
44667,"Ankaramena",1877,143,"38J","38J1H3S1Q",2,2026-06-29 05:58:49.2370000,0,1253,0,2026-09-28 03:48:45.9130000,-24.466670,46.133330
43364,"Ankaranabo",1877,143,"38J","38J1H3S1Q",2,2026-06-29 05:50:09.2370000,0,1253,0,2026-09-28 03:48:55.0030000,-24.616670,46.033330
51706,"Bemelo",1877,143,"38K","38K2H5S4Q",2,2026-09-28 03:49:08.5630000,0,1200,0,2026-09-28 03:49:08.5630000,-23.533330,45.533330
51514,"Mahazoarivo",1877,143,"38K","38K2H5S4Q",2,2026-09-28 03:49:12.6870000,0,1200,0,2026-09-28 03:49:12.6870000,-23.550000,45.533330
51330,"Mikaiky",1877,143,"38K","38K2H5S4Q",2,2026-09-28 03:49:16.5000000,0,1200,0,2026-09-28 03:49:16.5000000,-23.566670,45.533330
51139,"Mahabo",1877,143,"38K","38K2H5S4Q",2,2026-09-28 03:49:22.6270000,0,1200,0,2026-09-28 03:49:22.6270000,-23.583330,45.533330
50965,"Beampombo",1877,143,"38K","38K2H5S4Q",2,2026-09-28 03:49:25.0330000,0,1200,0,2026-09-28 03:49:25.0330000,-23.600000,45.550000
2159141,"Fir Grove",3576,233,"10T","10T1H5S3Q",3,2025-01-11 00:23:00.5870000,0,0,1009612,2026-09-28 03:50:05.8000000,44.119010,-123.138140
2158590,"Santa Clara",3576,233,"10T","10T1H5S3Q",3,2025-01-06 00:52:54.2070000,0,0,1007219,2026-09-28 03:50:20.4800000,44.103460,-123.131200
2687343,"Milnathort",977,77,"30V","30V2H5S3Q",3,2025-06-16 22:06:39.0630000,0,0,439665,2026-09-28 03:52:18.9670000,56.216670,-3.416670
2689098,"Carsebreck",977,77,"30V","30V2H5S3Q",3,2025-07-24 20:54:12.2800000,0,0,330299,2026-09-28 03:52:32.0670000,56.266670,-3.516670
2690276,"Dunning",977,77,"30V","30V2H5S3Q",3,2025-09-19 18:28:07.5470000,0,0,305029,2026-09-28 03:52:39.7170000,56.300000,-3.583330
2691419,"Forteviot",977,77,"30V","30V2H5S3Q",3,2025-09-19 16:02:31.3630000,0,0,181313,2026-09-28 03:53:35.8730000,56.333330,-3.533330
2529044,"Gorzig",713,57,"33U","33U1H5S3Q",3,2026-09-20 07:01:32.4370000,0,0,10665,2026-09-28 03:55:13.1700000,52.233330,14.200000
84674,"Miadompehonina",1882,143,"38K","38K1H6S4Q",2,2026-09-28 03:57:28.6300000,0,741,0,2026-09-28 03:57:28.6330000,-19.350000,47.383330
84448,"Tsiatajavona-Ankaratra",1882,143,"38K","38K1H6S4Q",2,2026-09-28 03:57:32.5630000,0,741,0,2026-09-28 03:57:32.5630000,-19.383330,47.350000
84449,"Bemasoandro",1882,143,"38K","38K1H6S4Q",2,2026-09-28 03:57:35.8630000,0,741,0,2026-09-28 03:57:35.8630000,-19.383330,47.366670
84553,"Andraraly",1882,143,"38K","38K1H6S4Q",2,2026-09-28 03:57:37.1100000,0,741,0,2026-09-28 03:57:37.1100000,-19.366670,47.333330
84327,"Andrano Maria",1882,143,"38K","38K1H6S4Q",2,2026-09-28 03:57:39.6900000,0,741,0,2026-09-28 03:57:39.6900000,-19.400000,47.316670
84090,"Analafandriambe",1882,143,"38K","38K1H6S4Q",2,2026-09-28 03:57:41.9130000,0,741,0,2026-09-28 03:57:41.9170000,-19.433330,47.283330
84210,"Analamalona",1882,143,"38K","38K1H6S4Q",2,2026-09-28 03:57:45.3100000,0,741,0,2026-09-28 03:57:45.3100000,-19.416670,47.283330
84209,"Amboromanga",1882,143,"38K","38K1H6S4Q",2,2026-09-28 03:57:49.9500000,0,741,0,2026-09-28 03:57:49.9500000,-19.416670,47.266670
2529043,"Rietz Neuendorf",713,57,"33U","33U1H5S3Q",3,2026-09-20 06:57:31.0070000,0,0,10615,2026-09-28 03:57:53.8930000,52.233330,14.166670
53700,"Beadabo",1877,143,"38K","38K2H5S4Q",2,2026-09-28 03:58:12.6230000,0,741,0,2026-09-28 03:58:12.6230000,-23.316670,45.983330
1106985,"Wadd",2344,173,"40Q","40Q1H3S4Q",2,2026-09-28 03:58:19.9900000,0,861,0,2026-09-28 03:58:19.9900000,22.568060,59.290830
53390,"Ankomanga",1877,143,"38K","38K2H6S3Q",2,2026-09-28 03:58:20.9500000,0,741,0,2026-09-28 03:58:20.9500000,-23.350000,46.116670
1106356,"`Abat",2344,173,"40Q","40Q1H3S4Q",2,2026-09-28 03:58:22.5230000,0,861,0,2026-09-28 03:58:22.5230000,22.550560,59.328060
53539,"Andemaka",1877,143,"38K","38K2H6S3Q",2,2026-09-28 03:58:28.0970000,0,741,0,2026-09-28 03:58:28.0970000,-23.333330,46.100000
53538,"Ambararata",1877,143,"38K","38K2H6S3Q",2,2026-09-28 03:58:18.8100000,0,1941,0,2026-09-28 03:58:32.5130000,-23.333330,46.033330
1108434,"Muqal",2344,173,"40Q","40Q1H3S4Q",2,2026-09-28 03:58:34.8700000,0,861,0,2026-09-28 03:58:34.8700000,22.614440,59.092500
1108237,"Dawwah",2344,173,"40Q","40Q1H3S4Q",2,2026-09-28 03:58:38.7230000,0,861,0,2026-09-28 03:58:38.7230000,22.603060,59.085000
1107673,"Zilaft",2344,173,"40Q","40Q1H3S4Q",2,2026-09-28 03:58:42.2670000,0,861,0,2026-09-28 03:58:42.2670000,22.590280,59.090830
53246,"Saheny",1877,143,"38K","38K2H5S4Q",2,2026-09-28 03:58:47.1930000,0,741,0,2026-09-28 03:58:47.1970000,-23.366670,45.950000
2691970,"Aberdalgie",977,77,"30V","30V2H5S3Q",3,2025-08-05 08:56:06.9830000,0,0,208758,2026-09-28 03:58:53.0230000,56.350000,-3.500000
2157876,"River Road",3576,233,"10T","10T1H5S3Q",3,2025-01-09 04:43:41.1270000,0,0,1012942,2026-09-28 03:58:53.3130000,44.084010,-123.133700
2158840,"Irving",3576,233,"10T","10T1H5S3Q",3,2025-02-24 16:04:43.4630000,0,0,1000949,2026-09-28 04:00:24.2200000,44.113460,-123.165090
516287,"Betania Village",1498,118,"04N","04N2H2S1Q",3,2026-09-28 04:01:23.6000000,0,0,851,2026-09-28 04:01:23.6000000,3.895260,-159.386120
2691420,"Forgandenny",977,77,"30V","30V2H5S3Q",3,2025-08-05 08:55:58.3330000,0,0,140772,2026-09-28 04:01:37.3870000,56.333330,-3.483330
516475,"Tereitaki Village",1498,118,"04N","04N2H2S1Q",3,2026-09-28 04:01:40.7800000,0,0,851,2026-09-28 04:01:40.7800000,3.903650,-159.387500
515631,"Tenenebo Village",1498,118,"04N","04N2H2S1Q",3,2026-09-28 04:01:51.6600000,0,0,851,2026-09-28 04:01:51.6600000,3.844180,-159.352700
2691421,"Bridge of Earn",977,77,"30V","30V2H5S3Q",3,2025-07-24 15:03:45.7600000,0,0,515765,2026-09-28 04:02:31.6530000,56.333330,-3.400000
1987075,"Castelmezzano",1381,110,"33T","33T2H6S3Q",1,2017-07-16 06:16:53.3630000,41150,0,0,2026-09-28 04:04:20.2600000,40.528820,16.045570
53863,"Beamalo",1877,143,"38K","38K2H6S3Q",2,2026-09-28 04:07:41.4400000,0,741,0,2026-09-28 04:07:41.4400000,-23.300000,46.016670
54031,"Vohimary",1877,143,"38K","38K2H6S3Q",2,2026-09-28 04:07:45.9500000,0,741,0,2026-09-28 04:07:45.9500000,-23.283330,46.016670
53864,"Vondrony",1877,143,"38K","38K2H6S3Q",2,2026-09-28 04:07:49.0800000,0,741,0,2026-09-28 04:07:49.0800000,-23.300000,46.083330
2303207,"Meridian",3578,233,"10T","10T1H2S2Q",2,2013-05-28 00:44:14.9170000,0,1348392,0,2026-09-28 04:13:22.8930000,47.669540,-122.330400
1106982,"Al `Adhfayn",2344,173,"40Q","40Q1H3S4Q",2,2026-09-28 04:13:41.1170000,0,861,0,2026-09-28 04:13:41.1170000,22.567780,59.111390
1106686,"Al Qahlah",2344,173,"40Q","40Q1H3S4Q",2,2026-09-28 04:13:43.5570000,0,861,0,2026-09-28 04:13:43.5570000,22.566670,59.100000
1106462,"Halfah",2344,173,"40Q","40Q1H3S4Q",2,2026-09-28 04:13:46.3330000,0,861,0,2026-09-28 04:13:46.3330000,22.558890,59.108330
1105936,"Bid`ah",2344,173,"40Q","40Q1H3S4Q",2,2026-09-28 04:13:50.7470000,0,861,0,2026-09-28 04:13:50.7470000,22.549720,59.120280
1105896,"`Ayn ash Shadniyah",2344,173,"40Q","40Q1H3S4Q",2,2026-09-28 04:13:53.8370000,0,861,0,2026-09-28 04:13:53.8370000,22.546940,59.128060
50681,"Besakoa",1877,143,"38K","38K2H5S4Q",2,2026-09-28 04:14:12.5870000,0,1200,0,2026-09-28 04:14:12.5870000,-23.633330,45.533330
50680,"Ambatobe",1877,143,"38K","38K2H5S4Q",2,2026-09-28 04:14:24.7030000,0,1200,0,2026-09-28 04:14:24.7030000,-23.633330,45.516670
449829,"Ruhanga",2730,193,"35M","35M1H3S4Q",3,2026-09-28 04:14:24.7730000,0,0,1200,2026-09-28 04:14:24.7730000,-1.519500,29.703900
54025,"Ampandratolona",1877,143,"38K","38K2H5S4Q",2,2026-09-28 04:14:35.9500000,0,1200,0,2026-09-28 04:14:35.9500000,-23.283330,45.433330
449511,"Ruhinga",2730,193,"35M","35M1H3S4Q",3,2026-09-28 04:14:35.9500000,0,0,1200,2026-09-28 04:14:35.9500000,-1.542500,29.706900
55723,"Andoharano",1877,143,"38K","38K2H5S4Q",2,2026-09-28 04:14:36.7130000,0,1200,0,2026-09-28 04:14:36.7130000,-23.083330,45.466670
56121,"Antanimainty",1877,143,"38K","38K2H5S4Q",2,2026-09-28 04:14:41.2470000,0,1200,0,2026-09-28 04:14:41.2470000,-23.033330,45.416670
1534875,"Woosley",3549,233,"15S","15S2H4S3Q",1,2021-07-10 04:01:12.3500000,1063055,0,0,2026-09-28 04:14:41.2830000,32.882070,-95.883580
449440,"Mukono",2730,193,"35M","35M1H3S4Q",3,2026-09-28 04:14:41.7030000,0,0,1200,2026-09-28 04:14:41.7030000,-1.548400,29.715600
449713,"Busaro",2730,193,"35M","35M1H3S4Q",3,2026-09-28 04:14:46.4630000,0,0,1200,2026-09-28 04:14:46.4630000,-1.531200,29.686600
56120,"Sakalama Soaleka",1877,143,"38K","38K2H5S4Q",2,2026-09-28 04:14:49.2200000,0,1200,0,2026-09-28 04:14:49.2200000,-23.033330,45.316670
449737,"Kabaya",2730,193,"35M","35M1H3S4Q",3,2026-09-28 04:14:52.7330000,0,0,1200,2026-09-28 04:14:52.7330000,-1.528400,29.678100
60897,"Sakamaningy",1880,143,"38K","38K2H5S2Q",2,2026-09-28 04:14:55.2500000,0,741,0,2026-09-28 04:14:55.2500000,-22.416670,45.566670
61004,"Tsiasitra",1880,143,"38K","38K2H5S2Q",2,2026-09-28 04:14:59.1600000,0,741,0,2026-09-28 04:14:59.1600000,-22.400000,45.550000
449778,"Nkora",2730,193,"35M","35M1H3S4Q",3,2026-09-28 04:15:01.3230000,0,0,1200,2026-09-28 04:15:01.3230000,-1.524500,29.670000
449719,"Buhama",2730,193,"35M","35M1H3S4Q",3,2026-09-28 04:15:08.9070000,0,0,1200,2026-09-28 04:15:08.9070000,-1.531000,29.654500
449660,"Kiryi",2730,193,"35M","35M1H3S4Q",3,2026-09-28 04:15:14.5230000,0,0,1200,2026-09-28 04:15:14.5230000,-1.533330,29.650000
2690860,"Dron",977,77,"30V","30V2H5S3Q",3,2025-08-05 08:55:29.8930000,0,0,155814,2026-09-28 04:15:51.0800000,56.316670,-3.383330
2690861,"Aberargie",977,77,"30V","30V2H5S3Q",3,2025-08-05 08:55:42.1570000,0,0,154537,2026-09-28 04:15:56.0570000,56.316670,-3.350000
2321634,"Lake Bosworth",3578,233,"10U","10U2H6S3Q",3,2026-09-28 04:16:53.9430000,0,0,712,2026-09-28 04:16:53.9430000,48.045370,-121.967230
2321630,"Lake Bosworth",3578,233,"10U","10U2H6S3Q",3,2026-09-28 04:17:07.8870000,0,0,712,2026-09-28 04:17:07.8870000,48.045100,-121.968460
2318333,"Forest Glade",3578,233,"10T","10T1H3S1Q",3,2026-09-28 04:17:15.0700000,0,0,672,2026-09-28 04:17:15.0700000,47.981490,-121.973180
92316,"Sarodrivotra",1882,143,"38K","38K1H5S2Q",2,2026-09-28 04:18:04.5570000,0,741,0,2026-09-28 04:18:04.5570000,-18.233330,45.883330
92542,"Mahasambo",1882,143,"38K","38K1H5S2Q",2,2026-09-28 04:18:07.5530000,0,741,0,2026-09-28 04:18:07.5530000,-18.200000,45.866670
91710,"Ambararata",1882,143,"38K","38K1H5S2Q",2,2026-09-28 04:18:10.7700000,0,741,0,2026-09-28 04:18:10.7700000,-18.333330,45.833330
91615,"Tsinjoarivo",1882,143,"38K","38K1H5S2Q",2,2026-09-28 04:18:14.5470000,0,741,0,2026-09-28 04:18:14.5470000,-18.350000,45.833330
8039,"Cudgewa North",140,13,"55H","55H2H2S2Q",3,2026-09-28 04:18:12.6700000,0,0,5106,2026-09-28 04:18:14.8730000,-36.116670,147.816670
91505,"Betaimboraka",1882,143,"38K","38K1H5S2Q",2,2026-09-28 04:18:18.4530000,0,741,0,2026-09-28 04:18:18.4530000,-18.366670,45.866670
90648,"Borikely",1882,143,"38K","38K1H5S2Q",2,2026-09-28 04:18:22.6270000,0,741,0,2026-09-28 04:18:22.6270000,-18.500000,45.866670
90232,"Fiankarantsoa",1882,143,"38K","38K1H5S2Q",2,2026-09-28 04:18:26.9930000,0,741,0,2026-09-28 04:18:26.9930000,-18.566670,45.866670
90120,"Belobakakely",1882,143,"38K","38K1H5S2Q",2,2026-09-28 04:18:30.7700000,0,741,0,2026-09-28 04:18:30.7700000,-18.583330,45.883330
13566,"Pearl Beach",143,13,"56H","56H1H1S4Q",3,2017-05-08 07:34:52.7000000,0,0,1003741,2026-09-28 04:19:07.6400000,-33.550000,151.300000
2285132,"Meisterschwanden",528,43,"32T","32T1H2S1Q",1,2026-09-28 04:21:04.6770000,1059,0,0,2026-09-28 04:21:04.6800000,47.300000,8.233330
2287631,"Villmergen",528,43,"32T","32T1H2S1Q",1,2026-09-28 04:21:14.6030000,1068,0,0,2026-09-28 04:21:14.6030000,47.350000,8.250000
94025,"Sahatampoka",1882,143,"38K","38K1H5S2Q",2,2026-09-28 04:21:41.0570000,0,741,0,2026-09-28 04:21:41.0570000,-18.016670,45.933330
93739,"Kamolandy",1882,143,"38K","38K1H5S2Q",2,2026-09-28 04:21:44.8100000,0,741,0,2026-09-28 04:21:44.8100000,-18.050000,45.933330
93740,"Mahajeby",1882,143,"38K","38K1H6S1Q",2,2026-09-28 04:21:48.8000000,0,741,0,2026-09-28 04:21:48.8000000,-18.050000,46.000000
93323,"Amparihibe",1882,143,"38K","38K1H5S2Q",2,2026-09-28 04:21:55.3000000,0,741,0,2026-09-28 04:21:55.3000000,-18.100000,45.983330
93163,"Ambaravaranala",1882,143,"38K","38K1H6S1Q",2,2026-09-28 04:21:57.2570000,0,741,0,2026-09-28 04:21:57.2570000,-18.116670,46.033330
93164,"Ankoririka",1882,143,"38K","38K1H6S1Q",2,2026-09-28 04:22:01.0600000,0,741,0,2026-09-28 04:22:01.0600000,-18.116670,46.100000
93165,"Marojao-Ambaravaranala",1882,143,"38K","38K1H6S1Q",2,2026-09-28 04:22:05.3970000,0,741,0,2026-09-28 04:22:05.3970000,-18.116670,46.133330
93324,"Karakaboa-Ambohimenabe",1882,143,"38K","38K1H6S1Q",2,2026-09-28 04:22:10.3200000,0,741,0,2026-09-28 04:22:10.3200000,-18.100000,46.166670
53865,"Antondrobe",1877,143,"38K","38K2H6S3Q",2,2026-09-28 04:22:46.8600000,0,741,0,2026-09-28 04:22:46.8600000,-23.300000,46.116670
54032,"Marovotry",1877,143,"38K","38K2H6S3Q",2,2026-09-28 04:22:50.8700000,0,741,0,2026-09-28 04:22:50.8700000,-23.283330,46.066670
54184,"Andakaka",1877,143,"38K","38K2H6S3Q",2,2026-09-28 04:22:53.9330000,0,741,0,2026-09-28 04:22:53.9330000,-23.266670,46.083330
54338,"Ambatolahy",1877,143,"38K","38K2H6S3Q",2,2026-09-28 04:22:56.9900000,0,741,0,2026-09-28 04:22:56.9900000,-23.250000,46.116670
54480,"Morahariva",1877,143,"38K","38K2H6S3Q",2,2026-09-28 04:23:01.2900000,0,741,0,2026-09-28 04:23:01.2900000,-23.233330,46.133330
89646,"Bemangoraka",1882,143,"38K","38K1H5S2Q",2,2026-09-28 04:23:02.2400000,0,741,0,2026-09-28 04:23:02.2400000,-18.650000,45.883330
54337,"Ambatovita",1877,143,"38K","38K2H6S3Q",2,2026-09-28 04:23:06.3470000,0,741,0,2026-09-28 04:23:06.3470000,-23.250000,46.083330
89540,"Ampiantsoanomby",1882,143,"38K","38K1H5S2Q",2,2026-09-28 04:23:06.9800000,0,741,0,2026-09-28 04:23:06.9800000,-18.666670,45.850000
2527314,"Glienicke",713,57,"33U","33U1H5S3Q",3,2026-09-18 20:48:53.9700000,0,0,10754,2026-09-28 04:27:09.2400000,52.200000,14.083330
1104538,"Sayq",2344,173,"40Q","40Q1H3S4Q",2,2026-09-28 04:28:38.7470000,0,861,0,2026-09-28 04:28:38.7500000,22.509720,59.122220
2688115,"Abramtsevo",2671,192,"37V","37V2H4S4Q",2,2023-11-30 05:10:08.1470000,0,105519,0,2026-09-28 04:28:41.1600000,56.233330,37.966670
1103195,"Sabt",2344,173,"40Q","40Q1H3S4Q",2,2026-09-28 04:28:41.7500000,0,861,0,2026-09-28 04:28:41.7500000,22.478330,59.126110
1103036,"Al Batin",2344,173,"40Q","40Q1H3S4Q",2,2026-09-28 04:28:44.1570000,0,861,0,2026-09-28 04:28:44.1570000,22.470280,59.106670
1100779,"Samud",2344,173,"40Q","40Q1H3S4Q",2,2026-09-28 04:28:47.0270000,0,861,0,2026-09-28 04:28:47.0270000,22.420280,59.151390
1100312,"Yistin",2344,173,"40Q","40Q1H3S4Q",2,2026-09-28 04:28:51.4370000,0,861,0,2026-09-28 04:28:51.4370000,22.416110,59.178060
2135837,"Kohler",3566,233,"16T","16T2H1S2Q",1,2026-09-28 04:29:26.1770000,1206,216,0,2026-09-28 04:29:26.1770000,43.496390,-88.023430
2514788,"Grivki",2657,192,"38U","38U2H2S1Q",1,2026-09-28 04:31:14.7730000,1200,0,0,2026-09-28 04:31:14.7730000,51.938900,44.112100
2514796,"Gogolevka",2665,192,"40U","40U2H3S1Q",1,2026-09-28 04:31:23.7530000,1200,0,0,2026-09-28 04:31:23.7530000,51.939170,58.984440
2514797,"Burovlyanka",2646,192,"37U","37U2H2S2Q",1,2026-09-28 04:31:27.6170000,1200,0,0,2026-09-28 04:31:27.6170000,51.939290,39.202890
2514803,"Nikol'skoye",2674,192,"37U","37U2H2S1Q",1,2026-09-28 04:31:34.7800000,1200,0,0,2026-09-28 04:31:34.7800000,51.939440,38.176670
2514809,"Il'inka",2665,192,"40U","40U2H2S1Q",1,2026-09-28 04:31:41.8230000,1200,0,0,2026-09-28 04:31:41.8230000,51.939720,56.050280
2132790,"Newburg",3566,233,"16T","16T2H1S2Q",1,2026-09-28 04:32:03.7270000,1206,2,0,2026-09-28 04:32:03.7270000,43.431670,-88.046480
93471,"Ankazoabo",1882,143,"38K","38K1H6S1Q",2,2026-09-28 04:33:31.8230000,0,741,0,2026-09-28 04:33:31.8230000,-18.083330,46.183330
92892,"Ankaditsaravala",1882,143,"38K","38K1H6S1Q",2,2026-09-28 04:33:37.9600000,0,752,0,2026-09-28 04:33:37.9600000,-18.150000,46.200000
92893,"Amberobe",1882,143,"38K","38K1H6S1Q",2,2026-09-28 04:33:45.7400000,0,741,0,2026-09-28 04:33:45.7400000,-18.150000,46.216670
92788,"Amparihitany",1882,143,"38K","38K1H6S1Q",2,2026-09-28 04:33:50.6000000,0,752,0,2026-09-28 04:33:50.6000000,-18.166670,46.233330
92545,"Anosibe",1882,143,"38K","38K1H6S1Q",2,2026-09-28 04:33:55.3430000,0,752,0,2026-09-28 04:33:55.3430000,-18.200000,46.233330
92659,"Ambohimenakely",1882,143,"38K","38K1H6S1Q",2,2026-09-28 04:34:00.8170000,16,300,0,2026-09-28 04:34:00.8170000,-18.183330,46.183330
92427,"Ambohidanera",1882,143,"38K","38K1H6S1Q",2,2026-09-28 04:34:11.4170000,0,752,0,2026-09-28 04:34:11.4170000,-18.216670,46.183330
92786,"Antsakay",1882,143,"38K","38K1H6S1Q",2,2026-09-28 04:34:17.5770000,0,741,0,2026-09-28 04:34:17.5770000,-18.166670,46.083330
449568,"Ngege",2730,193,"35M","35M1H3S4Q",3,2026-09-28 04:38:21.3600000,0,0,1200,2026-09-28 04:38:21.3600000,-1.537200,29.660500
449556,"Murambi",2730,193,"35M","35M1H3S4Q",3,2026-09-28 04:38:25.5800000,0,0,1200,2026-09-28 04:38:25.5800000,-1.539100,29.660200
449486,"Ngege",2730,193,"35M","35M1H3S4Q",3,2026-09-28 04:38:29.1200000,0,0,1200,2026-09-28 04:38:29.1200000,-1.544000,29.658600
449502,"Sayo",2730,193,"35M","35M1H3S4Q",3,2026-09-28 04:38:33.8430000,0,0,1200,2026-09-28 04:38:33.8430000,-1.543100,29.655900
449306,"Rubabi",2730,193,"35M","35M1H3S4Q",3,2026-09-28 04:38:38.9600000,0,0,1200,2026-09-28 04:38:38.9600000,-1.551600,29.652000
449228,"Gakenke",2730,193,"35M","35M1H3S4Q",3,2026-09-28 04:38:43.7770000,0,0,1200,2026-09-28 04:38:43.7770000,-1.557900,29.647400
449248,"Ruburanwa",2730,193,"35M","35M1H3S4Q",3,2026-09-28 04:38:47.8530000,0,0,1200,2026-09-28 04:38:47.8530000,-1.555900,29.644800
449099,"Rukoro",2730,193,"35M","35M1H3S4Q",3,2026-09-28 04:38:53.6470000,0,0,1200,2026-09-28 04:38:53.6470000,-1.566670,29.633330
2621462,"Diekendorn",702,57,"32U","32U1H2S4Q",3,2022-10-09 10:07:43.9400000,0,0,100957,2026-09-28 04:39:19.3800000,54.283330,9.816670
2171188,"Cabarton",3573,233,"11T","11T1H5S4Q",3,2022-09-04 22:16:28.8100000,0,6166,184022,2026-09-28 04:40:11.2300000,44.435450,-116.040130
1772285,"Ashton",3570,233,"11S","11S1H5S4Q",2,2026-09-28 04:40:11.2500000,0,1091,0,2026-09-28 04:40:11.2500000,36.720230,-116.672550
2523164,"Werder",713,57,"33U","33U1H5S3Q",3,2026-09-18 23:20:47.4070000,0,0,7671,2026-09-28 04:40:17.7600000,52.116670,14.033330
1781880,"Gold Center",3570,233,"11S","11S1H5S4Q",2,2026-09-28 04:40:18.9330000,0,1059,0,2026-09-28 04:40:18.9330000,36.868280,-116.767280
1783977,"Rhyolite",3570,233,"11S","11S1H5S4Q",2,2026-09-28 04:40:22.7530000,0,1044,0,2026-09-28 04:40:22.7530000,36.903830,-116.829230
1784232,"Beatty",3570,233,"11S","11S1H5S4Q",2,2026-09-28 04:40:25.9800000,0,1055,0,2026-09-28 04:40:25.9800000,36.908560,-116.759230
2172810,"Belvidere",3573,233,"11T","11T1H5S4Q",3,2022-08-31 21:14:53.3300000,0,1698,338365,2026-09-28 04:40:26.0170000,44.475450,-116.033460
1785805,"Beatty",3570,233,"11S","11S1H5S4Q",2,2026-09-28 04:40:29.1530000,0,1059,0,2026-09-28 04:40:29.1530000,36.935090,-116.702430
1788094,"Hot Springs",3570,233,"11S","11S1H5S4Q",2,2026-09-28 04:40:32.6470000,0,1050,0,2026-09-28 04:40:32.6470000,36.976890,-116.722840
1791143,"Springdale",3570,233,"11S","11S1H5S2Q",2,2026-09-28 04:40:39.6130000,0,1044,0,2026-09-28 04:40:39.6130000,37.029940,-116.755060
862952,"Ban Khlong Yi Siphok",3195,218,"47P","47P1H3S3Q",0,2026-09-28 04:41:07.7430000,0,0,0,2026-09-28 04:41:07.7430000,14.166670,100.666670
1771413,"Chloride City",3567,233,"11S","11S1H5S4Q",2,2026-09-28 04:41:26.1730000,0,1707,0,2026-09-28 04:41:26.1730000,36.706610,-116.882280
1780417,"Leadfield",3567,233,"11S","11S1H5S3Q",2,2026-09-28 04:41:35.3130000,0,1051,0,2026-09-28 04:41:35.3130000,36.846610,-117.059230
1585872,"Columbus",3551,233,"16S","16S2H5S2Q",2,2026-05-12 07:10:13.0070000,0,93778,0,2026-09-28 04:43:04.1170000,33.758160,-86.753330
2514822,"Novopetrovskoye",2696,192,"40U","40U2H2S2Q",1,2026-09-28 04:43:09.3570000,1200,0,0,2026-09-28 04:43:09.3570000,51.940280,57.838610
2514831,"Koskul'",2665,192,"40U","40U2H3S2Q",1,2026-09-28 04:43:14.8230000,1200,0,0,2026-09-28 04:43:14.8230000,51.940560,59.464440
2514840,"Aleksandrovka",2654,192,"37U","37U2H3S1Q",1,2026-09-28 04:43:19.3170000,1200,0,0,2026-09-28 04:43:19.3170000,51.940900,40.875370
1584540,"Monmouth",3551,233,"16S","16S2H5S2Q",2,2026-06-26 21:42:55.9000000,0,53650,0,2026-09-28 04:43:22.1330000,33.735660,-86.747770
2514841,"Chapayevka",2657,192,"38U","38U2H1S2Q",1,2026-09-28 04:43:29.4230000,1200,0,0,2026-09-28 04:43:29.4230000,51.940900,43.338100
1581027,"Cunningham",3551,233,"16S","16S2H5S2Q",2,2025-07-22 23:32:37.2600000,0,80884,0,2026-09-28 04:43:33.6470000,33.674550,-86.768880
1100800,"Layh",2344,173,"40Q","40Q1H3S4Q",2,2026-09-28 04:43:36.7070000,0,861,0,2026-09-28 04:43:36.7070000,22.421390,59.252500
1099605,"Tahwah",2344,173,"40Q","40Q1H3S4Q",2,2026-09-28 04:43:39.0630000,0,861,0,2026-09-28 04:43:39.0670000,22.399720,59.248610
89541,"Ampamoriana",1882,143,"38K","38K1H5S2Q",2,2026-09-28 04:43:40.4870000,0,741,0,2026-09-28 04:43:40.4870000,-18.666670,45.883330
1099590,"At Tayi",2344,173,"40Q","40Q1H3S4Q",2,2026-09-28 04:43:41.4070000,0,861,0,2026-09-28 04:43:41.4070000,22.398890,59.324720
89773,"Besaly Ambany",1882,143,"38K","38K1H5S2Q",2,2026-09-28 04:43:43.5630000,0,741,0,2026-09-28 04:43:43.5630000,-18.633330,45.916670
1100166,"At Tawayb",2344,173,"40Q","40Q1H3S4Q",2,2026-09-28 04:43:44.5700000,0,861,0,2026-09-28 04:43:44.5700000,22.407500,59.325560
1100933,"Fulayj",2344,173,"40Q","40Q1H3S4Q",2,2026-09-28 04:43:47.0470000,0,861,0,2026-09-28 04:43:47.0470000,22.427780,59.361110
89542,"Amparihimbozaha",1882,143,"38K","38K1H5S2Q",2,2026-09-28 04:43:50.6630000,0,741,0,2026-09-28 04:43:50.6630000,-18.666670,45.983330
89543,"Ampasambazimba",1882,143,"38K","38K1H6S1Q",2,2026-09-28 04:43:54.4700000,0,741,0,2026-09-28 04:43:54.4700000,-18.666670,46.016670
89433,"Analamarina Ouest",1882,143,"38K","38K1H6S1Q",2,2026-09-28 04:43:58.6630000,46,300,0,2026-09-28 04:43:58.6630000,-18.683330,46.016670
89107,"Ambohibolava",1882,143,"38K","38K1H5S2Q",2,2026-09-28 04:44:03.4770000,46,300,0,2026-09-28 04:44:03.4770000,-18.733330,45.850000
88999,"Antanimbaribe",1882,143,"38K","38K1H5S2Q",2,2026-09-28 04:44:07.3900000,0,741,0,2026-09-28 04:44:07.3900000,-18.750000,45.833330
1570063,"Redmont Park",3551,233,"16S","16S2H5S2Q",0,2026-09-28 04:44:13.3570000,0,0,0,2026-09-28 04:44:13.3570000,33.503160,-86.775270
2681804,"Blairhall",977,77,"30V","30V2H5S3Q",1,2020-01-16 09:28:42.1930000,601058,0,0,2026-09-28 04:46:42.2000000,56.066670,-3.600000
1584437,"White Oaks",3551,233,"16S","16S2H5S2Q",2,2020-12-07 23:38:17.5730000,0,661085,0,2026-09-28 04:46:50.7330000,33.733430,-86.689990
1764302,"Beatty Junction",3567,233,"11S","11S1H5S4Q",2,2026-09-28 04:47:11.8870000,0,1048,0,2026-09-28 04:47:11.8870000,36.588000,-116.943110
1759426,"Park Village",3567,233,"11S","11S1H5S4Q",2,2026-09-28 04:47:15.5130000,0,1074,0,2026-09-28 04:47:15.5130000,36.511060,-116.855610
1574950,"Roebuck Springs",3551,233,"16S","16S2H5S2Q",2,2020-11-27 07:44:54.3700000,0,641651,0,2026-09-28 04:47:34.5200000,33.577050,-86.703600
1575228,"Roebuck",3551,233,"16S","16S2H5S2Q",2,2020-11-27 06:45:49.2800000,0,627454,0,2026-09-28 04:47:42.7400000,33.581490,-86.703040
1575137,"Roebuck Terrace",3551,233,"16S","16S2H5S2Q",0,2026-09-28 04:47:52.2230000,0,0,0,2026-09-28 04:47:52.2230000,33.580100,-86.722490
55056,"Ankarandoha",1877,143,"38K","38K2H6S3Q",2,2026-09-28 04:48:25.1430000,0,741,0,2026-09-28 04:48:25.1430000,-23.166670,46.050000
1575254,"Zion City",3551,233,"16S","16S2H5S2Q",0,2026-09-28 04:48:25.5130000,0,0,0,2026-09-28 04:48:25.5130000,33.582050,-86.729990
55055,"Marovala",1877,143,"38K","38K2H6S3Q",2,2026-09-28 04:48:27.9430000,0,741,0,2026-09-28 04:48:27.9430000,-23.166670,46.033330
54919,"Mahatsinjo",1877,143,"38K","38K2H6S3Q",2,2026-09-28 04:48:30.9200000,0,741,0,2026-09-28 04:48:30.9200000,-23.183330,46.016670
54612,"Naninora",1877,143,"38K","38K2H6S3Q",2,2026-09-28 04:48:33.9330000,0,741,0,2026-09-28 04:48:33.9330000,-23.216670,46.083330
54479,"Ambalavato",1877,143,"38K","38K2H6S3Q",2,2026-09-28 04:48:36.5530000,0,741,0,2026-09-28 04:48:36.5530000,-23.233330,46.050000
1575535,"Biscayne Highlands",3551,233,"16S","16S2H5S2Q",2,2020-11-11 19:25:53.0770000,0,631869,0,2026-09-28 04:48:53.1870000,33.585380,-86.693320
59161,"Leoposa",1880,143,"38K","38K2H5S2Q",2,2026-09-28 04:49:03.7500000,0,741,0,2026-09-28 04:49:03.7500000,-22.666670,45.350000
59162,"Ambarinakoho",1880,143,"38K","38K2H5S2Q",2,2026-09-28 04:49:05.4800000,0,741,0,2026-09-28 04:49:05.4800000,-22.666670,45.366670
59163,"Tambohitra",1880,143,"38K","38K2H5S2Q",2,2026-09-28 04:49:08.2300000,0,741,0,2026-09-28 04:49:08.2300000,-22.666670,45.383330
2514869,"Volkovo",2657,192,"38U","38U2H3S2Q",1,2026-09-28 04:51:47.1170000,1200,0,0,2026-09-28 04:51:47.1170000,51.942200,47.308700
2514886,"Bashkirskaya Chumaza",2696,192,"40U","40U2H2S1Q",1,2026-09-28 04:51:52.8000000,1200,0,0,2026-09-28 04:51:52.8000000,51.942500,56.788330
2514887,"Bishtiryak",2696,192,"40U","40U2H2S2Q",1,2026-09-28 04:52:08.6970000,1200,0,0,2026-09-28 04:52:08.6970000,51.942500,57.178890
2514888,"Pugachevo",2696,192,"40U","40U2H2S2Q",1,2026-09-28 04:52:16.6400000,1200,0,0,2026-09-28 04:52:16.6400000,51.942500,57.816110
2514891,"Somovo",2646,192,"37U","37U2H2S1Q",1,2026-09-28 04:52:21.5200000,1200,0,0,2026-09-28 04:52:21.5200000,51.942670,38.805380
2209053,"Mairago",1375,110,"32T","32T1H5S2Q",1,2025-10-31 22:55:14.4200000,112625,0,0,2026-09-28 04:54:47.3830000,45.251770,9.578360
2674881,"Merksworth",977,77,"30U","30U1H1S2Q",3,2014-01-07 03:48:59.0370000,1200,0,3000527,2026-09-28 04:57:39.3430000,55.866670,-4.433330
1101796,"Gharayfah",2344,173,"40Q","40Q1H3S4Q",2,2026-09-28 04:58:45.5570000,0,861,0,2026-09-28 04:58:45.5570000,22.449170,59.374170
1100996,"Al Jiba`i",2344,173,"40Q","40Q1H3S4Q",2,2026-09-28 04:58:48.1530000,0,861,0,2026-09-28 04:58:48.1530000,22.430830,59.385280
2680915,"Charlestown",977,77,"30V","30V2H5S3Q",3,2026-09-08 23:28:15.4470000,517,0,30315,2026-09-28 04:58:48.3470000,56.036720,-3.498740
1100947,"Qasah",2344,173,"40Q","40Q1H3S4Q",2,2026-09-28 04:58:50.7200000,0,861,0,2026-09-28 04:58:50.7200000,22.428610,59.410280
1103954,"Rafsah",2344,173,"40Q","40Q1H3S4Q",2,2026-09-28 04:58:53.9630000,0,861,0,2026-09-28 04:58:53.9630000,22.496390,59.396390
1104593,"Tayma'",2344,173,"40Q","40Q1H3S4Q",2,2026-09-28 04:58:59.7800000,0,861,0,2026-09-28 04:58:59.7800000,22.513330,59.341110
2514897,"Belogrodnya",2657,192,"38U","38U2H3S2Q",1,2026-09-28 05:01:13.6870000,1200,0,0,2026-09-28 05:01:13.6870000,51.942800,47.151400
2514912,"Krasnyy Pakhar",2674,192,"37U","37U2H2S1Q",1,2026-09-28 05:01:18.2400000,1200,0,0,2026-09-28 05:01:18.2400000,51.943330,38.125280
2514916,"Neskuchnoye",2657,192,"38U","38U2H1S2Q",1,2026-09-28 05:01:20.3000000,1200,0,0,2026-09-28 05:01:20.3000000,51.943600,43.588800
2514921,"Bezobrazovo",2677,192,"37U","37U2H1S2Q",1,2026-09-28 05:01:22.8900000,1200,0,0,2026-09-28 05:01:22.8900000,51.943820,37.340540
2514931,"Galkino",2646,192,"37U","37U2H2S2Q",1,2026-09-28 05:01:25.7930000,1200,0,0,2026-09-28 05:01:25.7930000,51.944170,39.220240
1806066,"Farmer Station",3570,233,"11S","11S1H5S1Q",2,2026-09-28 05:02:16.6900000,0,1040,0,2026-09-28 05:02:16.6900000,37.251040,-117.003960
1809081,"Scottys Junction",3570,233,"11S","11S1H5S1Q",2,2026-09-28 05:02:18.9730000,0,1040,0,2026-09-28 05:02:18.9730000,37.298820,-117.052850
1804250,"Bonnie Claire",3570,233,"11S","11S1H5S1Q",2,2026-09-28 05:02:23.9170000,0,1039,0,2026-09-28 05:02:23.9170000,37.226600,-117.120900
2223110,"Ca' Onorai",1366,110,"32T","32T1H6S2Q",2,2017-10-12 07:18:00.8000000,0,119342,0,2026-09-28 05:02:31.0370000,45.671700,11.800430
448977,"Rusuri",2730,193,"35M","35M1H3S4Q",3,2026-09-28 05:02:32.1130000,0,0,1200,2026-09-28 05:02:32.1130000,-1.571500,29.628400
2222296,"Cittadella",1366,110,"32T","32T1H6S2Q",2,2017-05-08 14:29:20.6300000,0,155153,0,2026-09-28 05:02:35.4330000,45.650000,11.784200
2672058,"Stepanovskoye",2671,192,"37U","37U1H1S2Q",2,2026-09-28 05:02:35.5000000,0,3166,0,2026-09-28 05:02:37.2500000,55.780280,37.141970
449011,"Muguta",2730,193,"35M","35M1H3S4Q",3,2026-09-28 05:02:40.6100000,0,0,1200,2026-09-28 05:02:40.6100000,-1.568800,29.615400
2221948,"Tombolo",1366,110,"32T","32T1H6S2Q",2,2017-04-15 12:22:31.3870000,0,135878,0,2026-09-28 05:02:40.6830000,45.639500,11.825400
449133,"Rwaza",2730,193,"35M","35M1H3S4Q",3,2026-09-28 05:02:44.6700000,0,0,1200,2026-09-28 05:02:44.6700000,-1.565600,29.591000
2221157,"Onara",1366,110,"32T","32T1H6S2Q",2,2017-04-10 19:49:53.5170000,0,131815,0,2026-09-28 05:02:46.2370000,45.616670,11.816670
449425,"Mbizi",2730,193,"35M","35M1H3S4Q",3,2026-09-28 05:02:48.1670000,0,0,1200,2026-09-28 05:02:48.1670000,-1.549600,29.586000
448677,"Gihuli",2730,193,"35M","35M1H3S4Q",3,2026-09-28 05:02:52.2200000,0,0,1200,2026-09-28 05:02:52.2200000,-1.589500,29.603400
448615,"Cyasenge",2730,193,"35M","35M1H3S4Q",3,2026-09-28 05:02:55.7730000,0,0,1200,2026-09-28 05:02:55.7730000,-1.593700,29.623700
2221858,"Fontaniva",1366,110,"32T","32T1H6S2Q",2,2017-10-12 05:30:48.5770000,0,157269,0,2026-09-28 05:03:03.2970000,45.634000,11.748600
449507,"Kamatongo",2730,193,"35M","35M1H3S4Q",3,2026-09-28 05:03:06.4070000,0,0,1200,2026-09-28 05:03:06.4070000,-1.542800,29.568200
449572,"Rukingo II",2730,193,"35M","35M1H3S4Q",3,2026-09-28 05:03:12.2700000,0,0,1200,2026-09-28 05:03:12.2700000,-1.536700,29.546600
2222295,"Santa Croce Bigolina",1366,110,"32T","32T1H6S2Q",2,2017-05-08 05:59:15.2000000,0,106921,0,2026-09-28 05:03:12.3670000,45.650000,11.716670
2221521,"Carmignano di Brenta",1366,110,"32T","32T1H6S2Q",2,2017-05-08 05:39:36.8530000,0,114727,0,2026-09-28 05:03:26.8130000,45.630900,11.706500
2498919,"Neuboddeken",707,57,"32U","32U2H2S1Q",3,2025-03-06 13:38:55.3930000,517,0,124837,2026-09-28 05:03:36.5000000,51.600000,8.733330
2497347,"Tindeln",707,57,"32U","32U2H2S1Q",3,2025-03-06 16:48:41.7430000,0,0,105719,2026-09-28 05:03:40.6830000,51.566670,8.716670
2497348,"Haaren",707,57,"32U","32U2H2S1Q",3,2025-03-06 14:20:40.5400000,0,0,110720,2026-09-28 05:03:46.7200000,51.566670,8.733330
2497349,"Helmern",707,57,"32U","32U2H2S1Q",3,2025-03-06 14:16:58.4030000,0,0,138220,2026-09-28 05:03:50.0730000,51.566670,8.766670
2498920,"Henglarn",707,57,"32U","32U2H2S1Q",3,2025-03-06 12:55:57.5400000,0,0,121587,2026-09-28 05:03:54.1800000,51.600000,8.783330
2498921,"Atteln",707,57,"32U","32U2H2S1Q",3,2025-03-06 11:44:28.9770000,0,0,112329,2026-09-28 05:03:57.6100000,51.600000,8.800000
2499670,"Ebbinghausen",707,57,"32U","32U2H2S1Q",3,2025-03-06 08:43:43.0530000,0,0,117856,2026-09-28 05:04:02.5930000,51.616670,8.833330
2221156,"Ospitale di Brenta",1366,110,"32T","32T1H6S2Q",2,2017-05-08 19:29:23.5900000,0,107056,0,2026-09-28 05:05:11.9470000,45.616670,11.700000
2095281,"Malo Buchino",283,22,"34T","34T2H3S4Q",1,2016-11-24 07:24:10.3530000,156800,0,0,2026-09-28 05:06:22.2770000,42.683330,23.166670
2685414,"Buckhaven",977,77,"30V","30V2H5S3Q",3,2025-06-18 22:26:33.1300000,0,0,278194,2026-09-28 05:06:39.5000000,56.166670,-3.033330
2220741,"Grantorto",1366,110,"32T","32T1H6S2Q",2,2017-05-08 05:39:10.5870000,0,110606,0,2026-09-28 05:06:46.2400000,45.600900,11.731600
2497350,"Dalheim",707,57,"32U","32U2H2S1Q",3,2025-03-06 13:58:29.4000000,0,0,140785,2026-09-28 05:06:48.2300000,51.566670,8.850000
2498096,"Holtheim",707,57,"32U","32U2H2S1Q",3,2025-03-18 21:03:34.3630000,0,0,101714,2026-09-28 05:06:51.5230000,51.583330,8.900000
2686711,"Kennoway",977,77,"30V","30V2H5S3Q",3,2025-06-18 12:23:46.3970000,0,0,615557,2026-09-28 05:09:00.8800000,56.200000,-3.050000
1105796,"Fita'",2344,173,"40Q","40Q1H3S4Q",2,2026-09-28 05:13:59.5530000,0,861,0,2026-09-28 05:13:59.5530000,22.539440,59.381110
1105083,"Misliq",2344,173,"40Q","40Q1H3S4Q",2,2026-09-28 05:14:02.0100000,0,861,0,2026-09-28 05:14:02.0100000,22.519720,59.410000
1109115,"Al Ghalilah",2344,173,"40Q","40Q1H3S4Q",2,2026-09-28 05:14:04.8500000,0,861,0,2026-09-28 05:14:04.8500000,22.631110,59.437500
1108390,"Bi'r Bira'",2344,173,"40Q","40Q1H3S4Q",2,2026-09-28 05:14:07.9000000,0,861,0,2026-09-28 05:14:07.9000000,22.611670,59.468060
2291743,"Birr",528,43,"32T","32T1H2S1Q",1,2026-09-28 05:16:15.8570000,1057,0,0,2026-09-28 05:16:15.8570000,47.433330,8.200000
2514940,"Vasil'yevka",2646,192,"37U","37U2H3S1Q",1,2026-09-28 05:18:44.6400000,1200,0,0,2026-09-28 05:18:44.6430000,51.944440,40.453060
2514942,"Sosnovka",2657,192,"38U","38U2H1S2Q",1,2026-09-28 05:18:48.5570000,1200,0,0,2026-09-28 05:18:48.5570000,51.944440,43.991670
2514943,"Gavrilovka",2665,192,"40U","40U2H2S1Q",1,2026-09-28 05:18:51.9500000,1200,0,0,2026-09-28 05:18:51.9500000,51.944440,56.159170
2514944,"Ulalushka",2713,192,"45U","45U2H2S1Q",1,2026-09-28 05:18:55.0500000,1200,0,0,2026-09-28 05:18:55.0500000,51.944440,86.082780
2514947,"Zarechnoye",2665,192,"39U","39U2H3S2Q",1,2026-09-28 05:18:57.9200000,1200,0,0,2026-09-28 05:18:57.9200000,51.944720,53.166390
2514962,"Aya",2715,192,"45U","45U2H1S2Q",1,2026-09-28 05:19:00.7070000,1200,0,0,2026-09-28 05:19:00.7070000,51.945320,85.801680
1903775,"Higgins Corner",3567,233,"10S","10S1H3S1Q",2,2014-10-31 22:49:27.4630000,0,4009316,0,2026-09-28 05:19:04.6600000,39.042670,-121.094950
2519669,"Islayevka",2665,192,"40U","40U1H5S3Q",1,2026-09-28 05:19:05.2170000,1200,0,0,2026-09-28 05:19:05.2170000,52.049170,56.250830
2514965,"Novosel'noye",2665,192,"39U","39U2H3S1Q",1,2026-09-28 05:19:08.2000000,1200,0,0,2026-09-28 05:19:08.2000000,51.945560,52.755830
88786,"Miadankofeno",1882,143,"38K","38K1H5S2Q",2,2026-09-28 05:22:25.1770000,0,1023,0,2026-09-28 05:22:25.1770000,-18.783330,45.883330
90233,"Besaly Ambony",1882,143,"38K","38K1H5S2Q",2,2026-09-28 05:22:32.7300000,0,1952,0,2026-09-28 05:22:38.5630000,-18.566670,45.983330
90121,"Ampanomiongana",1882,143,"38K","38K1H6S1Q",2,2026-09-28 05:22:42.8170000,0,752,0,2026-09-28 05:22:42.8170000,-18.583330,46.000000
90335,"Amparihibe",1882,143,"38K","38K1H6S1Q",2,2026-09-28 05:22:52.0670000,0,752,0,2026-09-28 05:22:52.0670000,-18.550000,46.000000
90336,"Antaniditra",1882,143,"38K","38K1H6S1Q",2,2026-09-28 05:22:58.5830000,0,752,0,2026-09-28 05:22:58.5830000,-18.550000,46.016670
90440,"Mahatsinjo",1882,143,"38K","38K1H6S1Q",2,2026-09-28 05:23:06.3270000,0,752,0,2026-09-28 05:23:06.3270000,-18.533330,46.016670
90649,"Amparihimanga",1882,143,"38K","38K1H6S1Q",2,2026-09-28 05:23:10.1200000,0,752,0,2026-09-28 05:23:10.1200000,-18.500000,46.000000
2514966,"Sugul",2713,192,"45U","45U2H2S1Q",1,2026-09-28 05:23:25.6230000,1200,0,0,2026-09-28 05:23:25.6230000,51.945560,86.271390
91268,"Kavorondolo",1882,143,"38K","38K1H5S2Q",2,2026-09-28 05:23:31.1430000,0,741,0,2026-09-28 05:23:31.1430000,-18.400000,45.983330
2514987,"Chernavka",2657,192,"38U","38U2H1S2Q",1,2026-09-28 05:23:39.7700000,1200,0,0,2026-09-28 05:23:39.7700000,51.946600,43.041000
104816,"Anjiabe",1879,143,"38K","38K1H2S4Q",2,2026-09-28 05:24:06.5670000,0,741,0,2026-09-28 05:24:06.5670000,-17.000000,45.150000
2591946,"Garristown",1260,102,"29U","29U1H6S2Q",2,2023-09-09 07:32:38.6500000,0,137894,0,2026-09-28 05:24:14.4770000,53.566110,-6.385560
2588918,"Killosseny",1260,102,"29U","29U1H6S2Q",2,2026-02-21 20:36:10.6230000,0,61713,0,2026-09-28 05:24:22.3830000,53.488610,-6.306390
2589171,"Dooroge",1260,102,"29U","29U1H6S2Q",2,2026-06-13 21:43:30.9900000,0,2837,0,2026-09-28 05:24:28.4430000,53.500000,-6.250000
2589713,"Gracedieu",1260,102,"29U","29U1H6S2Q",2,2026-06-13 21:43:21.7570000,0,2917,0,2026-09-28 05:24:31.6700000,53.512780,-6.245280
1585298,"Morris",3551,233,"16S","16S2H5S2Q",2,2025-08-21 22:15:37.2300000,0,95249,0,2026-09-28 05:24:32.1400000,33.748160,-86.808600
2590905,"Ballough",1260,102,"29U","29U1H6S2Q",2,2017-08-06 10:14:19.8230000,0,94943,0,2026-09-28 05:24:36.0800000,53.535280,-6.196390
2591699,"The Five Roads",1260,102,"29U","29U1H6S2Q",2,2017-08-06 10:14:12.9470000,0,66521,0,2026-09-28 05:24:41.3670000,53.554170,-6.209170
103998,"Ambinda",1879,143,"38K","38K1H2S4Q",2,2026-09-28 05:24:45.1600000,0,741,0,2026-09-28 05:24:45.1600000,-17.083330,45.150000
103641,"Andabozato",1879,143,"38K","38K1H2S4Q",2,2026-09-28 05:24:51.0300000,0,741,0,2026-09-28 05:24:51.0300000,-17.116670,45.150000
103444,"Anahidrano",1879,143,"38K","38K1H2S4Q",2,2026-09-28 05:24:55.5000000,0,741,0,2026-09-28 05:24:55.5000000,-17.133330,45.150000
103445,"Ambonara",1879,143,"38K","38K1H2S4Q",2,2026-09-28 05:24:59.6330000,0,741,0,2026-09-28 05:24:59.6330000,-17.133330,45.216670
103255,"Ambalakazaha",1879,143,"38K","38K1H2S4Q",2,2026-09-28 05:25:02.9800000,0,741,0,2026-09-28 05:25:02.9800000,-17.150000,45.200000
102913,"Andriabe",1879,143,"38K","38K1H2S4Q",2,2026-09-28 05:25:06.2570000,0,741,0,2026-09-28 05:25:06.2570000,-17.183330,45.183330
102912,"Ankizobe",1879,143,"38K","38K1H2S4Q",2,2026-09-28 05:25:12.1500000,0,741,0,2026-09-28 05:25:12.1500000,-17.183330,45.150000
103254,"Bepia",1879,143,"38K","38K1H2S4Q",2,2026-09-28 05:25:16.5030000,0,741,0,2026-09-28 05:25:16.5030000,-17.150000,45.100000
2413169,"Zbydniowice",2439,180,"34U","34U2H4S2Q",2,2026-08-11 04:33:15.9030000,0,850414,0,2026-09-28 05:25:16.7900000,49.966240,19.954430
2413641,"Lusina",2439,180,"34U","34U2H4S2Q",2,2026-08-06 06:58:41.0600000,0,991154,0,2026-09-28 05:25:34.6930000,49.969330,19.930920
2514990,"Konstantinovskiy",2657,192,"38U","38U2H1S1Q",1,2026-09-28 05:25:39.2500000,1200,0,0,2026-09-28 05:25:39.2500000,51.946670,42.741670
2413073,"Gaj",2439,180,"34U","34U2H4S2Q",3,2017-08-31 18:24:04.2270000,0,460,1459367,2026-09-28 05:25:43.6030000,49.961780,19.899880
2413398,"Brzyczyna Gorna",2439,180,"34U","34U2H4S2Q",3,2024-09-05 18:16:37.6930000,0,460,110502,2026-09-28 05:25:46.3600000,49.966670,19.883330
2412881,"Chorowice",2439,180,"34U","34U2H4S2Q",3,2024-09-05 18:16:30.1600000,0,977,1024728,2026-09-28 05:25:51.4830000,49.953650,19.867920
2413646,"Brzyczyna",2439,180,"34U","34U2H4S2Q",3,2017-08-19 08:29:21.4200000,0,460,1039638,2026-09-28 05:25:55.1900000,49.969420,19.866930
2413739,"Korabniki",2439,180,"34U","34U2H4S2Q",3,2024-09-05 18:16:23.3030000,0,460,86108,2026-09-28 05:25:58.3000000,49.972630,19.855350
92319,"Mandrosoa",1882,143,"38K","38K1H6S1Q",2,2026-09-28 05:26:01.1570000,0,752,0,2026-09-28 05:26:01.1570000,-18.233330,46.116670
92426,"Ambohitsitaitaika",1882,143,"38K","38K1H6S1Q",2,2026-09-28 05:26:06.3770000,0,741,0,2026-09-28 05:26:06.3770000,-18.216670,46.133330
92658,"Ambatolampy",1882,143,"38K","38K1H6S1Q",2,2026-09-28 05:26:07.9300000,0,741,0,2026-09-28 05:26:07.9300000,-18.183330,46.050000
92544,"Mandrarahody",1882,143,"38K","38K1H6S1Q",2,2026-09-28 05:26:11.0830000,0,741,0,2026-09-28 05:26:11.0830000,-18.200000,46.066670
92425,"Morafeno",1882,143,"38K","38K1H6S1Q",2,2026-09-28 05:26:14.4670000,0,741,0,2026-09-28 05:26:14.4670000,-18.216670,46.050000
92785,"Ambohimiarina",1882,143,"38K","38K1H5S2Q",2,2026-09-28 05:26:17.8930000,0,741,0,2026-09-28 05:26:17.8930000,-18.166670,45.966670
92657,"Ambohitsivalana",1882,143,"38K","38K1H5S2Q",2,2026-09-28 05:26:21.6000000,0,741,0,2026-09-28 05:26:21.6000000,-18.183330,45.983330
92543,"Tsaramaraina",1882,143,"38K","38K1H5S2Q",2,2026-09-28 05:26:25.8430000,0,741,0,2026-09-28 05:26:25.8430000,-18.200000,45.966670
102068,"Bekoratsaka",1879,143,"38K","38K1H3S3Q",2,2026-09-28 05:27:13.2300000,0,741,0,2026-09-28 05:27:13.2300000,-17.266670,46.066670
101888,"Ampisaraho",1879,143,"38K","38K1H3S3Q",2,2026-09-28 05:27:17.3700000,0,741,0,2026-09-28 05:27:17.3700000,-17.283330,46.116670
101887,"Morafeno",1879,143,"38K","38K1H3S3Q",2,2026-09-28 05:27:21.6500000,0,741,0,2026-09-28 05:27:21.6500000,-17.283330,46.083330
101690,"Mahatsinjo",1879,143,"38K","38K1H3S3Q",2,2026-09-28 05:27:26.3600000,0,741,0,2026-09-28 05:27:26.3600000,-17.300000,46.083330
2548391,"Oborniki",2451,180,"33U","33U1H6S3Q",3,2019-03-12 15:11:27.3670000,0,0,1001397,2026-09-28 05:27:29.7300000,52.647390,16.814060
101480,"Antanandava",1879,143,"38K","38K1H3S3Q",2,2026-09-28 05:27:30.5200000,0,741,0,2026-09-28 05:27:30.5200000,-17.316670,46.066670
101298,"Madiromilomboka",1879,143,"38K","38K1H3S3Q",2,2026-09-28 05:27:36.1970000,0,741,0,2026-09-28 05:27:36.1970000,-17.333330,46.083330
101108,"Antsatrabe",1879,143,"38K","38K1H3S3Q",2,2026-09-28 05:27:39.6830000,0,741,0,2026-09-28 05:27:39.6830000,-17.350000,46.100000
100759,"Ampasina",1879,143,"38K","38K1H3S3Q",2,2026-09-28 05:27:43.7500000,0,741,0,2026-09-28 05:27:43.7500000,-17.383330,46.183330
61326,"Sakavalany",1880,143,"38K","38K2H5S2Q",2,2026-09-28 05:27:58.1070000,0,741,0,2026-09-28 05:27:58.1070000,-22.350000,45.566670
61006,"Vohimary",1880,143,"38K","38K2H5S2Q",2,2026-09-28 05:28:03.0400000,0,741,0,2026-09-28 05:28:03.0400000,-22.400000,45.566670
60541,"Andoharano",1880,143,"38K","38K2H5S2Q",2,2026-09-28 05:28:06.6970000,0,741,0,2026-09-28 05:28:06.6970000,-22.466670,45.566670
2548152,"Lukowo",2451,180,"33U","33U1H6S3Q",3,2026-09-25 13:16:40.7100000,0,0,765,2026-09-28 05:28:10.1100000,52.638790,16.878600
60340,"Andiolava",1880,143,"38K","38K2H5S2Q",2,2026-09-28 05:28:11.0230000,0,741,0,2026-09-28 05:28:11.0230000,-22.500000,45.616670
2514991,"Berezovo",2715,192,"45U","45U2H1S1Q",1,2026-09-28 05:28:11.9830000,1200,0,0,2026-09-28 05:28:11.9830000,51.946670,84.426390
60110,"Ankazoabokely",1880,143,"38K","38K2H5S2Q",2,2026-09-28 05:28:21.8470000,0,741,0,2026-09-28 05:28:21.8470000,-22.533330,45.550000
60540,"Sakoambola",1877,143,"38K","38K2H5S2Q",2,2026-09-28 05:28:26.9700000,0,741,0,2026-09-28 05:28:26.9700000,-22.466670,45.500000
60433,"Sakamaningibe",1880,143,"38K","38K2H5S2Q",2,2026-09-28 05:28:31.3600000,0,741,0,2026-09-28 05:28:31.3600000,-22.483330,45.500000
59987,"Andasy",1880,143,"38K","38K2H5S2Q",2,2026-09-28 05:28:35.1030000,0,741,0,2026-09-28 05:28:35.1030000,-22.550000,45.483330
1108245,"At Tawiyan",2344,173,"40Q","40Q1H3S4Q",2,2026-09-28 05:28:54.7500000,0,861,0,2026-09-28 05:28:54.7500000,22.603330,59.465280
1107148,"Sunaysilah",2344,173,"40Q","40Q1H3S4Q",2,2026-09-28 05:28:57.8130000,0,861,0,2026-09-28 05:28:57.8130000,22.579170,59.500280
1107160,"Shurayjah",2344,173,"40Q","40Q1H3S4Q",2,2026-09-28 05:29:00.9330000,0,861,0,2026-09-28 05:29:00.9330000,22.580000,59.511110
1106465,"Bilad as Sur",2344,173,"40Q","40Q1H3S4Q",2,2026-09-28 05:29:03.6830000,0,861,0,2026-09-28 05:29:03.6870000,22.559170,59.477220
1105882,"Abu Qal`ah",2344,173,"40Q","40Q1H3S4Q",2,2026-09-28 05:29:06.6800000,0,861,0,2026-09-28 05:29:06.6800000,22.545560,59.506390
1107000,"Muqraymatayn",2344,173,"40Q","40Q1H3S4Q",2,2026-09-28 05:29:12.1370000,0,861,0,2026-09-28 05:29:12.1370000,22.568890,59.522220
91892,"Bemerana",1882,143,"38K","38K1H6S1Q",2,2026-09-28 05:30:14.8400000,0,741,0,2026-09-28 05:30:14.8400000,-18.300000,46.016670
91893,"Ambatofotsikely",1882,143,"38K","38K1H6S1Q",2,2026-09-28 05:30:19.0700000,0,741,0,2026-09-28 05:30:19.0700000,-18.300000,46.033330
92317,"Ampitanombalahy",1882,143,"38K","38K1H5S2Q",2,2026-09-28 05:29:39.9630000,0,1482,0,2026-09-28 05:30:21.6300000,-18.233330,45.983330
862949,"Ban Lat",3195,218,"47P","47P1H3S3Q",1,2013-07-20 05:53:08.0600000,134784,0,0,2026-09-28 05:30:22.6130000,14.166670,100.566670
92320,"Ambatabe",1882,143,"38K","38K1H6S1Q",2,2026-09-28 05:30:34.5000000,0,752,0,2026-09-28 05:30:34.5000000,-18.233330,46.250000
92428,"Bejorery",1882,143,"38K","38K1H6S1Q",2,2026-09-28 05:30:38.6070000,46,300,0,2026-09-28 05:30:38.6100000,-18.216670,46.333330
2204204,"Cloa",945,75,"31T","31T1H6S1Q",1,2026-09-28 05:32:55.7070000,1099,0,0,2026-09-28 05:32:55.7070000,45.133330,4.550000
2203411,"Lalouvesc",945,75,"31T","31T1H6S1Q",1,2026-09-28 05:33:08.1700000,1096,84,0,2026-09-28 05:33:08.1700000,45.116670,4.533330
2202653,"Le Chier",945,75,"31T","31T1H6S1Q",1,2026-09-28 05:33:17.8730000,1094,0,0,2026-09-28 05:33:17.8730000,45.100000,4.500000
2202654,"Buisson",945,75,"31T","31T1H6S1Q",1,2026-09-28 05:33:29.0200000,1712,0,948,2026-09-28 05:33:29.0200000,45.100000,4.533330
2422537,"Borshchova",3439,230,"37U","37U2H1S3Q",1,2013-04-27 10:22:42.8400000,1990004,0,0,2026-09-28 05:33:36.3400000,50.164860,36.417290
2208855,"Les Taillas",964,75,"31T","31T1H6S1Q",1,2026-09-28 05:33:37.3170000,1113,654,0,2026-09-28 05:33:37.3170000,45.250000,4.250000
2514998,"Perevolochan",2696,192,"40U","40U2H3S1Q",1,2026-09-28 05:34:46.9070000,1200,0,0,2026-09-28 05:34:46.9070000,51.946940,58.070000
2515004,"Nazarovo",2646,192,"37U","37U2H2S2Q",1,2026-09-28 05:34:51.4100000,1200,0,0,2026-09-28 05:34:51.4100000,51.947220,39.218610
2292500,"Neuenhof",528,43,"32T","32T1H2S1Q",3,2023-02-21 02:34:11.1100000,362,0,2010058,2026-09-28 05:35:01.8630000,47.450000,8.316670
58810,"Benato",1880,143,"38K","38K2H5S2Q",2,2026-09-28 05:35:09.8970000,0,741,0,2026-09-28 05:35:09.8970000,-22.716670,45.483330
58932,"Sakavatony",1880,143,"38K","38K2H5S2Q",2,2026-09-28 05:35:11.5300000,0,741,0,2026-09-28 05:35:11.5300000,-22.700000,45.466670
59055,"Sambalahy",1880,143,"38K","38K2H5S2Q",2,2026-09-28 05:35:15.0070000,0,741,0,2026-09-28 05:35:15.0070000,-22.683330,45.516670
59164,"Ambatomainty",1880,143,"38K","38K2H5S2Q",2,2026-09-28 05:35:19.2800000,0,741,0,2026-09-28 05:35:19.2800000,-22.666670,45.450000
59416,"Satrokalakely",1880,143,"38K","38K2H5S2Q",2,2026-09-28 05:35:23.1230000,0,741,0,2026-09-28 05:35:23.1230000,-22.633330,45.483330
59417,"Nanarena",1880,143,"38K","38K2H5S2Q",2,2026-09-28 05:35:25.7200000,0,741,0,2026-09-28 05:35:25.7200000,-22.633330,45.550000
59871,"Ambolohando",1880,143,"38K","38K2H5S2Q",2,2026-09-28 05:35:30.2870000,0,741,0,2026-09-28 05:35:30.2870000,-22.566670,45.533330
59642,"Anaviavy",1880,143,"38K","38K2H5S2Q",2,2026-09-28 05:35:33.2270000,0,741,0,2026-09-28 05:35:33.2270000,-22.600000,45.500000
92116,"Ambodimangatelo",1882,143,"38K","38K1H6S1Q",2,2026-09-28 05:37:14.4270000,0,741,0,2026-09-28 05:37:14.4270000,-18.266670,46.050000
92009,"Kiranomena",1882,143,"38K","38K1H6S1Q",2,2026-09-28 05:37:20.7600000,0,741,0,2026-09-28 05:37:20.7600000,-18.283330,46.050000
92213,"Ambatotendrena",1882,143,"38K","38K1H6S1Q",2,2026-09-28 05:37:25.2570000,0,752,0,2026-09-28 05:37:25.2570000,-18.250000,46.116670
92430,"Tsimiandrifazaina",1882,143,"38K","38K1H6S1Q",2,2026-09-28 05:37:36.4970000,0,763,0,2026-09-28 05:37:36.4970000,-18.216670,46.366670
92660,"Mahatsinjo",1882,143,"38K","38K1H6S1Q",2,2026-09-28 05:37:41.1400000,0,741,0,2026-09-28 05:37:41.1400000,-18.183330,46.416670
93031,"Andranovelona",1882,143,"38K","38K1H6S1Q",2,2026-09-28 05:37:54.5970000,0,741,0,2026-09-28 05:37:54.5970000,-18.133330,46.433330
2531608,"Senzig",713,57,"33U","33U1H4S4Q",2,2025-05-21 14:32:01.5430000,0,10734,0,2026-09-28 05:37:57.0470000,52.283330,13.666670
92894,"Bemahatazana",1882,143,"38K","38K1H6S1Q",2,2026-09-28 05:37:59.9170000,0,741,0,2026-09-28 05:37:59.9170000,-18.150000,46.433330
92790,"Idoko",1882,143,"38K","38K1H6S1Q",2,2026-09-28 05:37:48.7100000,0,1941,0,2026-09-28 05:38:05.1270000,-18.166670,46.433330
104505,"Ankara",1879,143,"38K","38K1H2S3Q",2,2026-09-28 05:38:55.6700000,0,741,0,2026-09-28 05:38:55.6700000,-17.033330,44.900000
104504,"Ampoza",1879,143,"38K","38K1H2S3Q",2,2026-09-28 05:38:59.7330000,0,741,0,2026-09-28 05:38:59.7330000,-17.033330,44.833330
105688,"Ambalabao",1879,143,"38K","38K1H2S1Q",2,2026-09-28 05:39:03.1900000,0,741,0,2026-09-28 05:39:03.1900000,-16.916670,44.783330
106211,"Belela",1879,143,"38K","38K1H2S1Q",2,2026-09-28 05:39:07.3800000,0,741,0,2026-09-28 05:39:07.3800000,-16.866670,44.900000
106731,"Belatsaky",1879,143,"38K","38K1H2S1Q",2,2026-09-28 05:39:12.6630000,0,741,0,2026-09-28 05:39:12.6630000,-16.816670,44.883330
107566,"Ambabaky",1879,143,"38K","38K1H2S1Q",2,2026-09-28 05:39:16.1070000,0,741,0,2026-09-28 05:39:16.1070000,-16.750000,44.866670
105335,"Anosibe",1879,143,"38K","38K1H2S1Q",2,2026-09-28 05:39:20.7770000,0,741,0,2026-09-28 05:39:20.7770000,-16.950000,44.716670
104673,"Tsibidy",1879,143,"38K","38K1H2S3Q",2,2026-09-28 05:39:28.6830000,0,741,0,2026-09-28 05:39:28.6830000,-17.016670,44.700000
100760,"Behazomaty",1879,143,"38K","38K1H3S3Q",2,2026-09-28 05:39:54.8530000,0,741,0,2026-09-28 05:39:54.8530000,-17.383330,46.316670
59870,"Bemelo",1880,143,"38K","38K2H5S2Q",2,2026-09-28 05:40:05.4800000,0,741,0,2026-09-28 05:40:05.4800000,-22.566670,45.466670
101109,"Andebadebakely",1879,143,"38K","38K1H3S3Q",2,2026-09-28 05:40:05.8030000,0,741,0,2026-09-28 05:40:05.8030000,-17.350000,46.333330
101299,"Tsararano",1879,143,"38K","38K1H3S3Q",2,2026-09-28 05:40:09.2630000,0,741,0,2026-09-28 05:40:09.2630000,-17.333330,46.350000
59641,"Firoroky",1880,143,"38K","38K2H5S2Q",2,2026-09-28 05:40:09.4530000,0,741,0,2026-09-28 05:40:09.4530000,-22.600000,45.450000
101110,"Ankilahila",1879,143,"38K","38K1H3S3Q",2,2026-09-28 05:40:13.8200000,0,741,0,2026-09-28 05:40:13.8200000,-17.350000,46.366670
101300,"Ambovonomby",1879,143,"38K","38K1H3S3Q",2,2026-09-28 05:40:25.1330000,0,741,0,2026-09-28 05:40:25.1330000,-17.333330,46.383330
101481,"Ambalabao",1879,143,"38K","38K1H3S3Q",2,2026-09-28 05:40:28.7700000,0,741,0,2026-09-28 05:40:28.7700000,-17.316670,46.366670
101691,"Antsoabe",1879,143,"38K","38K1H3S3Q",2,2026-09-28 05:40:32.1430000,0,741,0,2026-09-28 05:40:32.1430000,-17.300000,46.383330
101482,"Betona",1879,143,"38K","38K1H3S3Q",2,2026-09-28 05:40:36.0930000,0,741,0,2026-09-28 05:40:36.0930000,-17.316670,46.433330
59521,"Zahavola",1880,143,"38K","38K2H5S2Q",2,2026-09-28 05:41:12.9770000,0,741,0,2026-09-28 05:41:12.9770000,-22.616670,45.366670
59414,"Beadabo",1880,143,"38K","38K2H5S2Q",2,2026-09-28 05:41:18.4170000,0,741,0,2026-09-28 05:41:18.4170000,-22.633330,45.383330
59415,"Soavitomany",1880,143,"38K","38K2H5S2Q",2,2026-09-28 05:41:21.8600000,0,741,0,2026-09-28 05:41:21.8600000,-22.633330,45.400000
59639,"Soarano",1880,143,"38K","38K2H5S2Q",2,2026-09-28 05:41:25.1870000,0,741,0,2026-09-28 05:41:25.1870000,-22.600000,45.400000
59751,"Sakavirohazo",1880,143,"38K","38K2H5S2Q",2,2026-09-28 05:41:30.4600000,0,741,0,2026-09-28 05:41:30.4600000,-22.583330,45.400000
1106687,"Sur",2344,173,"40Q","40Q1H3S4Q",2,2026-09-28 05:44:00.1770000,0,861,0,2026-09-28 05:44:00.1770000,22.566670,59.528890
1106965,"`Ayja",2344,173,"40Q","40Q1H3S4Q",2,2026-09-28 05:44:04.0300000,0,861,0,2026-09-28 05:44:04.0300000,22.566940,59.542780
1105922,"Sukaykira'",2344,173,"40Q","40Q1H3S4Q",2,2026-09-28 05:44:07.4200000,0,861,0,2026-09-28 05:44:07.4200000,22.549170,59.521390
1105211,"Salmiyah",2344,173,"40Q","40Q1H3S4Q",2,2026-09-28 05:44:10.4300000,0,861,0,2026-09-28 05:44:10.4300000,22.528610,59.528890
1106440,"Shiya'",2344,173,"40Q","40Q1H3S4Q",2,2026-09-28 05:44:20.0130000,0,890,0,2026-09-28 05:44:20.0130000,22.557780,59.617220
2737682,"Kachan",2661,192,"35V","35V2H6S1Q",3,2026-09-28 05:46:01.8500000,0,507,3899,2026-09-28 05:46:06.9970000,57.754900,28.616800
59274,"Voatavolava",1880,143,"38K","38K2H5S2Q",2,2026-09-28 05:41:02.7800000,0,1941,0,2026-09-28 05:47:10.5600000,-22.650000,45.350000
59413,"Mariany",1880,143,"38K","38K2H5S2Q",2,2026-09-28 05:41:08.3870000,0,1941,0,2026-09-28 05:47:14.9770000,-22.633330,45.366670
65005,"Behisatse",1877,143,"38K","38K2H2S4Q",2,2026-09-28 05:47:33.9730000,0,741,0,2026-09-28 05:47:33.9730000,-21.800000,45.116670
65256,"Tsembasotra",1877,143,"38K","38K2H2S4Q",2,2026-09-28 05:47:40.6670000,0,741,0,2026-09-28 05:47:40.6670000,-21.766670,45.116670
2571034,"Warslow",979,77,"30U","30U1H6S1Q",3,2025-06-26 05:51:49.4330000,0,0,34058,2026-09-28 05:47:55.2270000,53.116670,-1.866670
2570728,"Butterton",979,77,"30U","30U1H6S1Q",3,2026-03-30 09:25:19.5630000,0,0,12164,2026-09-28 05:48:21.3530000,53.106250,-1.889480
92214,"Antanisoa",1882,143,"38K","38K1H6S1Q",2,2026-09-28 05:48:23.0870000,0,763,0,2026-09-28 05:48:23.0870000,-18.250000,46.183330
92117,"Andebadeba",1882,143,"38K","38K1H6S1Q",2,2026-09-28 05:48:26.4930000,0,763,0,2026-09-28 05:48:26.4930000,-18.266670,46.183330
92010,"Analavory",1882,143,"38K","38K1H6S1Q",2,2026-09-28 05:48:29.4400000,0,752,0,2026-09-28 05:48:29.4400000,-18.283330,46.166670
2569832,"Grindon",979,77,"30U","30U1H6S1Q",3,2024-12-19 06:54:42.4470000,0,0,221608,2026-09-28 05:48:30.5570000,53.086960,-1.870680
91895,"Mandendamba",1882,143,"38K","38K1H6S1Q",2,2026-09-28 05:48:32.4670000,0,763,0,2026-09-28 05:48:32.4670000,-18.300000,46.216670
2570078,"Wetton",979,77,"30U","30U1H6S1Q",3,2024-08-08 03:53:30.5400000,0,0,198650,2026-09-28 05:48:34.8030000,53.095360,-1.838580
2570164,"Alstonefield",979,77,"30U","30U1H6S1Q",3,2024-08-08 03:53:23.9930000,0,0,47500,2026-09-28 05:48:39.7300000,53.098300,-1.806560
2569390,"Alsop en le Dale",979,77,"30U","30U1H6S1Q",3,2024-05-14 19:54:18.8170000,0,0,691699,2026-09-28 05:48:45.5430000,53.083330,-1.766670
2569391,"Parwich",979,77,"30U","30U1H6S1Q",3,2024-05-14 19:47:30.7000000,0,0,808150,2026-09-28 05:48:52.3700000,53.083330,-1.716670
2568990,"Bradbourne",979,77,"30U","30U1H6S1Q",3,2024-05-14 19:47:26.2630000,0,0,438788,2026-09-28 05:49:00.9000000,53.070820,-1.692410
92791,"Ambodifiakarana",1882,143,"38K","38K1H6S1Q",2,2026-09-28 05:49:07.9130000,0,741,0,2026-09-28 05:49:07.9130000,-18.166670,46.566670
92546,"Ankazomanga",1882,143,"38K","38K1H6S1Q",2,2026-09-28 05:49:21.4200000,0,741,0,2026-09-28 05:49:21.4200000,-18.200000,46.566670
93166,"Tsitiaditya",1882,143,"38K","38K1H6S1Q",2,2026-09-28 05:49:26.4400000,0,741,0,2026-09-28 05:49:26.4400000,-18.116670,46.716670
93167,"Velezana",1882,143,"38K","38K1H6S1Q",2,2026-09-28 05:49:35.3070000,0,741,0,2026-09-28 05:49:35.3070000,-18.116670,46.750000
93472,"Tsaramasoandro",1882,143,"38K","38K1H6S1Q",2,2026-09-28 05:49:38.7770000,0,741,0,2026-09-28 05:49:38.7770000,-18.083330,46.766670
93741,"Anivorano",1882,143,"38K","38K1H6S1Q",2,2026-09-28 05:49:42.9030000,0,741,0,2026-09-28 05:49:42.9030000,-18.050000,46.750000
93607,"Ambatofotsy",1882,143,"38K","38K1H6S1Q",2,2026-09-28 05:49:52.7630000,0,1343,0,2026-09-28 05:49:52.7630000,-18.066670,46.766670
95061,"Marovitsika",1882,143,"38K","38K1H3S3Q",2,2026-09-28 05:50:04.7370000,0,741,0,2026-09-28 05:50:04.7370000,-17.900000,46.800000
95819,"Antsatrana",1882,143,"38K","38K1H3S3Q",2,2026-09-28 05:50:09.0200000,0,741,0,2026-09-28 05:50:09.0200000,-17.833330,46.733330
65392,"Ilaza",1877,143,"38K","38K2H2S4Q",2,2026-09-28 05:54:12.4270000,0,741,0,2026-09-28 05:54:12.4270000,-21.750000,45.133330
65393,"Bepia",1877,143,"38K","38K2H2S4Q",2,2026-09-28 05:54:15.3630000,0,741,0,2026-09-28 05:54:15.3630000,-21.750000,45.150000
1809434,"Tokop",3570,233,"11S","11S1H5S1Q",2,2026-09-28 05:54:19.6600000,0,1038,0,2026-09-28 05:54:19.6600000,37.301600,-117.261180
1806485,"Old Camp",3570,233,"11S","11S1H5S1Q",2,2026-09-28 05:54:23.3770000,0,1038,0,2026-09-28 05:54:23.3770000,37.258260,-117.324800
1808959,"Stateline",3570,233,"11S","11S1H5S1Q",2,2026-09-28 05:54:27.1530000,0,1035,0,2026-09-28 05:54:27.1530000,37.296600,-117.406190
1812851,"Gold Point",3570,233,"11S","11S1H5S1Q",2,2026-09-28 05:54:30.5430000,0,2235,0,2026-09-28 05:54:43.3800000,37.354650,-117.365080
1819014,"Lida",3570,233,"11S","11S1H5S1Q",2,2026-09-28 05:54:46.6570000,0,1030,0,2026-09-28 05:54:46.6570000,37.458260,-117.498140
1821079,"Forks Station",3570,233,"11S","11S1H5S1Q",2,2026-09-28 05:54:51.7630000,0,1037,0,2026-09-28 05:54:51.7630000,37.495770,-117.166190
1824505,"Ralston",3570,233,"11S","11S1H5S1Q",2,2026-09-28 05:54:55.7830000,0,1036,0,2026-09-28 05:54:55.7830000,37.556040,-117.152850
911016,"Agacaim",1293,105,"43P","43P1H1S2Q",1,2026-09-28 05:55:05.3500000,600,573,0,2026-09-28 05:55:05.3500000,15.416670,73.900000
1832920,"Florence Hill",3570,233,"11S","11S1H5S1Q",2,2026-09-28 05:55:30.1200000,0,1671,0,2026-09-28 05:55:30.1200000,37.707710,-117.218690
96516,"Natheva",933,71,"01K","01K1H1S3Q",1,2026-09-28 05:55:35.5070000,1241,90,207,2026-09-28 05:55:35.5070000,-17.766670,-179.316670
2529341,"Powisle",2440,180,"34U","34U1H5S4Q",2,2020-05-11 11:05:12.7430000,0,2247406,0,2026-09-28 05:58:06.1900000,52.238340,21.028390
2375044,"Munchweiler am Klingbach",706,57,"32U","32U2H4S2Q",2,2015-02-27 18:47:52.6130000,0,920357,247237,2026-09-28 05:58:13.3900000,49.150000,7.966670
2529951,"Saska Kepa",2440,180,"34U","34U1H5S4Q",2,2020-03-18 17:25:59.7530000,0,1941590,0,2026-09-28 05:58:34.8500000,52.250000,21.066670
2530784,"Praga",2440,180,"34U","34U1H5S4Q",2,2019-12-17 09:20:00.2400000,0,1647916,0,2026-09-28 05:58:43.4600000,52.266670,21.083330
2531637,"Nowe Brodno",2440,180,"34U","34U1H5S4Q",2,2020-03-23 18:21:52.4200000,0,1767522,0,2026-09-28 05:58:53.3330000,52.283330,21.033330
2532019,"Targowek",2440,180,"34U","34U1H5S4Q",2,2019-09-03 14:55:37.1200000,0,1699446,0,2026-09-28 05:58:59.7930000,52.291850,21.048450
1103849,"Khawr al Jaramah",2344,173,"40Q","40Q1H3S4Q",2,2026-09-28 05:59:02.9670000,0,890,0,2026-09-28 05:59:02.9670000,22.491940,59.718330
2532440,"Stare Brodno",2440,180,"34U","34U1H5S4Q",2,2020-02-20 17:26:32.1100000,0,1491682,0,2026-09-28 05:59:05.0000000,52.300000,21.050000
1105138,"Al Hadd",2344,173,"40Q","40Q1H3S4Q",2,2026-09-28 05:59:08.2800000,0,891,0,2026-09-28 05:59:08.2800000,22.523060,59.788890
1103103,"Al Mahattah",2344,173,"40Q","40Q1H3S4Q",2,2026-09-28 05:59:12.0230000,0,891,0,2026-09-28 05:59:12.0230000,22.473610,59.763060
1095469,"Ad Daffah",2344,173,"40Q","40Q1H3S4Q",2,2026-09-28 05:59:17.4700000,0,891,0,2026-09-28 05:59:17.4700000,22.293060,59.820560
1092992,"Al Khabbah",2344,173,"40Q","40Q1H3S4Q",2,2026-09-28 05:59:21.2700000,0,891,0,2026-09-28 05:59:21.2700000,22.226390,59.799170
2352865,"Novo-Grigor'yevka",3432,230,"37U","37U2H5S3Q",1,2026-09-28 05:59:27.2270000,1200,0,0,2026-09-28 05:59:27.2270000,48.641110,38.896390
2736070,"Starukhino",2661,192,"35V","35V2H6S1Q",3,2026-09-28 05:59:32.2200000,0,52,600,2026-09-28 05:59:32.2230000,57.702300,28.469100
2351956,"Petrovka",3432,230,"37U","37U2H5S3Q",1,2026-09-28 05:59:34.6830000,1200,0,0,2026-09-28 05:59:34.6830000,48.617500,38.883330
2735847,"Chernoruch'ye",2661,192,"35V","35V2H6S1Q",3,2026-09-28 05:59:36.4530000,0,0,631,2026-09-28 05:59:36.4530000,57.699100,28.482700
2352078,"Khorosheye",3432,230,"37U","37U2H5S3Q",1,2026-09-28 05:59:41.4870000,1200,0,0,2026-09-28 05:59:41.4870000,48.627780,38.844720
2353642,"Pokhalivka",3432,230,"37U","37U2H5S3Q",1,2026-09-28 05:59:49.6770000,1200,0,0,2026-09-28 05:59:49.6770000,48.658330,38.801390
2352955,"Petroven'ki",3432,230,"37U","37U2H5S3Q",1,2026-09-28 05:59:53.8370000,1200,0,0,2026-09-28 05:59:53.8400000,48.648610,38.799440
2730884,"Avdyatovo",2661,192,"35V","35V2H6S1Q",3,2026-09-28 05:59:58.8800000,0,0,327,2026-09-28 05:59:58.8800000,57.530950,28.350470
2354449,"Krinichnyy",3432,230,"37U","37U2H5S3Q",1,2026-09-28 05:59:59.1970000,1200,0,0,2026-09-28 05:59:59.1970000,48.671940,38.778610
2353714,"Frunze",3432,230,"37U","37U2H5S3Q",1,2026-09-28 06:00:02.9470000,1200,0,0,2026-09-28 06:00:02.9470000,48.663330,38.761390
2729612,"Yudino",2661,192,"35V","35V2H6S1Q",3,2026-09-28 06:00:04.8700000,0,158,600,2026-09-28 06:00:04.8700000,57.484330,28.433970
2569392,"Brassington",979,77,"30U","30U1H6S1Q",3,2024-05-14 17:57:36.6500000,0,0,679044,2026-09-28 06:00:08.6530000,53.083330,-1.650000
2729081,"Astratovo",2661,192,"35V","35V2H6S1Q",3,2026-09-28 06:00:09.8300000,0,49,1092,2026-09-28 06:00:09.8300000,57.467700,28.361460
2567690,"Hognaston",979,77,"30U","30U1H6S1Q",3,2024-05-14 17:02:15.5500000,0,0,336802,2026-09-28 06:00:13.4570000,53.050000,-1.650000
2354412,"Sentyanovka",3432,230,"37U","37U2H5S3Q",1,2026-09-28 06:00:18.1500000,1200,0,0,2026-09-28 06:00:18.1500000,48.669720,38.750280
2566787,"Atlow",979,77,"30U","30U1H6S1Q",3,2024-05-14 19:47:19.2000000,0,0,401434,2026-09-28 06:00:18.2100000,53.033330,-1.650000
2566011,"Hulland",979,77,"30U","30U1H6S1Q",3,2024-05-14 19:47:14.6900000,0,0,588988,2026-09-28 06:00:24.9430000,53.016670,-1.633330
2566788,"Kirk Ireton",979,77,"30U","30U1H6S1Q",3,2024-05-14 17:05:11.3200000,0,0,749494,2026-09-28 06:00:30.3100000,53.033330,-1.600000
30991,"Eight Mile Plains",142,13,"56J","56J1H5S4Q",1,2026-09-28 06:05:29.3100000,788,0,0,2026-09-28 06:05:29.3100000,-27.583330,153.100000
2283646,"Schongau",517,43,"32T","32T1H2S1Q",3,2026-09-28 06:05:32.0430000,0,0,660,2026-09-28 06:05:32.0430000,47.268510,8.265110
30796,"Browns Plains",142,13,"56J","56J1H5S4Q",1,2026-09-28 06:05:34.9730000,1548,0,0,2026-09-28 06:05:37.0400000,-27.650000,153.033330
31304,"Badgen",142,13,"56J","56J1H5S4Q",1,2026-09-28 06:05:50.9930000,788,0,0,2026-09-28 06:05:50.9930000,-27.483330,153.233330
31303,"Birkdale",142,13,"56J","56J1H5S4Q",1,2026-09-28 06:05:54.6600000,788,0,0,2026-09-28 06:05:54.6600000,-27.483330,153.216670
30876,"Springwood",142,13,"56J","56J1H5S4Q",1,2026-09-28 06:06:10.0100000,804,0,0,2026-09-28 06:06:10.0100000,-27.611830,153.128990
2729079,"Kachanovo",2661,192,"35V","35V2H5S2Q",3,2026-09-28 06:11:10.0700000,0,61,300,2026-09-28 06:11:10.0700000,57.467510,27.763150
2729713,"Jerliki",2661,192,"35V","35V2H5S2Q",3,2026-09-28 06:11:13.6830000,0,0,981,2026-09-28 06:11:13.6830000,57.489370,27.757040
2731415,"Zapol'ye",2661,192,"35V","35V2H5S2Q",3,2026-09-28 06:11:19.9930000,0,631,1454,2026-09-28 06:11:19.9930000,57.548040,27.833540
2732251,"Lavry",2661,192,"35V","35V2H5S2Q",3,2026-09-28 06:11:36.5000000,0,117,300,2026-09-28 06:11:36.5000000,57.575150,27.482930
2268858,"Korolevskiy",3430,230,"36T","36T1H1S4Q",2,2025-07-18 09:22:03.1870000,0,73558,0,2026-09-28 06:11:36.5700000,46.900000,31.816670
65670,"Antongonarere",1877,143,"38K","38K2H2S4Q",2,2026-09-28 06:12:08.6730000,0,741,0,2026-09-28 06:12:08.6730000,-21.716670,45.183330
65948,"Andranomanintsy",1877,143,"38K","38K2H2S4Q",2,2026-09-28 06:12:11.2170000,0,741,0,2026-09-28 06:12:11.2170000,-21.683330,45.200000
65671,"Antatika",1877,143,"38K","38K2H2S4Q",2,2026-09-28 06:12:14.8430000,0,741,0,2026-09-28 06:12:14.8470000,-21.716670,45.216670
64883,"Ambolody",1877,143,"38K","38K2H2S4Q",2,2026-09-28 06:12:19.1500000,0,741,0,2026-09-28 06:12:19.1500000,-21.816670,45.166670
64651,"Amboapiky",1880,143,"38K","38K2H2S4Q",2,2026-09-28 06:12:25.7530000,0,741,0,2026-09-28 06:12:25.7530000,-21.850000,45.216670
64090,"Iakasy",1880,143,"38K","38K2H2S4Q",2,2026-09-28 06:12:27.3330000,0,741,0,2026-09-28 06:12:27.3330000,-21.916670,45.250000
63948,"Ambalabe",1880,143,"38K","38K2H2S4Q",2,2026-09-28 06:12:30.1100000,0,741,0,2026-09-28 06:12:30.1100000,-21.933330,45.266670
64091,"Anakondo",1877,143,"38K","38K2H2S4Q",2,2026-09-28 06:12:32.8730000,0,741,0,2026-09-28 06:12:32.8730000,-21.916670,45.300000
2151228,"Castello",1374,110,"33T","33T2H1S1Q",1,2026-09-28 06:13:13.3030000,1363,0,0,2026-09-28 06:13:13.3030000,43.900000,12.433330
2432818,"Torpoint",979,77,"30U","30U2H1S4Q",1,2026-08-17 12:57:01.1270000,60067,0,0,2026-09-28 06:13:19.7230000,50.375000,-4.200830
64756,"Bereketa",1877,143,"38K","38K2H2S4Q",2,2026-09-28 06:14:00.1670000,0,741,0,2026-09-28 06:14:00.1670000,-21.833330,45.283330
2152555,"Gradara",1374,110,"33T","33T2H1S1Q",1,2021-05-07 22:38:23.5700000,39475,0,0,2026-09-28 06:14:24.2400000,43.938870,12.771250
2064747,"Cappadocia",1382,110,"33T","33T2H1S4Q",1,2026-09-12 22:57:47.8500000,86311,0,0,2026-09-28 06:15:00.3770000,42.006530,13.279990
1094192,"Bu Fashiqah",2344,173,"40Q","40Q1H3S4Q",2,2026-09-28 06:15:32.5500000,0,1040,0,2026-09-28 06:15:32.5500000,22.261940,59.693890
1091371,"Ar Ru'ays",2344,173,"40Q","40Q1H3S4Q",2,2026-09-28 06:15:35.5130000,0,891,0,2026-09-28 06:15:35.5130000,22.179170,59.764170
1089901,"Al Khaddah",2344,173,"40Q","40Q1H3S4Q",2,2026-09-28 06:15:38.8500000,0,862,0,2026-09-28 06:15:38.8500000,22.128890,59.721110
1091182,"Ruwaydah",2344,173,"40Q","40Q1H3S4Q",2,2026-09-28 06:15:41.6030000,0,862,0,2026-09-28 06:15:41.6030000,22.166940,59.653610
1089794,"Bandah Jadidah",2344,173,"40Q","40Q1H3S4Q",2,2026-09-28 06:15:45.3930000,0,862,0,2026-09-28 06:15:45.3930000,22.119720,59.715280
1088820,"As Suwayh",2344,173,"40Q","40Q1H3S4Q",2,2026-09-28 06:15:50.9200000,0,862,0,2026-09-28 06:15:50.9200000,22.085280,59.685560
2413799,"Skawina",2439,180,"34U","34U2H4S2Q",3,2017-06-13 08:20:14.8500000,0,460,2044067,2026-09-28 06:16:19.2100000,49.975240,19.828690
2414462,"Kopanka",2439,180,"34U","34U2H4S2Q",3,2017-01-15 14:17:31.7070000,0,1136,1006668,2026-09-28 06:16:22.4500000,49.983460,19.793240
2414728,"Jeziorzany",2439,180,"34U","34U2H4S2Q",3,2017-10-22 21:13:31.9370000,0,1437,1018322,2026-09-28 06:16:27.2430000,49.994610,19.776080
2415243,"Sciejowice",2439,180,"34U","34U2H1S4Q",3,2017-08-21 11:59:56.4670000,0,1437,1003212,2026-09-28 06:16:30.6670000,50.004650,19.780370
2416128,"Piekary",2439,180,"34U","34U2H1S4Q",3,2017-09-24 13:10:33.4900000,0,1840,1008750,2026-09-28 06:16:34.1930000,50.024950,19.796160
2415480,"Tyniec",2439,180,"34U","34U2H1S4Q",3,2017-07-15 12:57:29.1670000,0,1380,1006075,2026-09-28 06:16:37.2000000,50.014910,19.809530
2416305,"Kostrze",2439,180,"34U","34U2H1S4Q",3,2026-04-10 13:48:39.0570000,0,2371,361367,2026-09-28 06:16:40.0600000,50.033110,19.842680
2416923,"Bielany",2439,180,"34U","34U2H1S4Q",3,2017-10-09 13:22:35.5800000,0,920,661069,2026-09-28 06:16:43.0670000,50.041930,19.823370
2418279,"Olszanica",2439,180,"34U","34U2H1S4Q",3,2019-01-12 15:34:51.7900000,0,1380,1089748,2026-09-28 06:16:56.0330000,50.066750,19.834270
2152368,"San Savino",1379,110,"33T","33T2H1S1Q",3,2026-09-28 06:18:03.0400000,0,0,1035,2026-09-28 06:18:03.0400000,43.933330,12.600000
2152258,"San Clemente",1379,110,"33T","33T2H1S1Q",3,2026-09-28 06:18:17.7870000,600,0,744,2026-09-28 06:18:17.7870000,43.932960,12.625850
2152369,"Sant'Andrea in Casale",1379,110,"33T","33T2H1S1Q",3,2026-09-28 06:18:40.1870000,0,0,1132,2026-09-28 06:18:40.1870000,43.933330,12.650000
2728987,"Zhelon'-Sitovka",3444,230,"35V","35V2H6S2Q",3,2026-09-28 06:18:40.8170000,0,0,1056,2026-09-28 06:18:40.8170000,57.466670,29.233330
2721669,"Khristinovka",3444,230,"35V","35V2H6S2Q",3,2026-09-28 06:18:50.3570000,0,0,1045,2026-09-28 06:18:50.3570000,57.233330,29.200000
2099225,"Gurlo",279,22,"34T","34T2H3S3Q",1,2025-06-09 04:32:29.6100000,194798,42387,0,2026-09-28 06:20:47.4900000,42.766670,22.850000
96028,"Ambohitririnina",1882,143,"38K","38K1H3S3Q",2,2026-09-28 06:24:41.0430000,0,741,0,2026-09-28 06:24:41.0430000,-17.816670,46.733330
96229,"Antsahandravolaina",1882,143,"38K","38K1H3S3Q",2,2026-09-28 06:24:47.3230000,0,741,0,2026-09-28 06:24:47.3230000,-17.800000,46.716670
96415,"Anosivola",1882,143,"38K","38K1H3S3Q",2,2026-09-28 06:24:51.9870000,0,741,0,2026-09-28 06:24:51.9870000,-17.783330,46.716670
97495,"Antobinimadama",1879,143,"38K","38K1H3S3Q",2,2026-09-28 06:24:58.7630000,0,741,0,2026-09-28 06:24:58.7630000,-17.683330,46.683330
97496,"Antsahampanana",1879,143,"38K","38K1H3S3Q",2,2026-09-28 06:25:03.0000000,0,741,0,2026-09-28 06:25:03.0000000,-17.683330,46.766670
96029,"Marivolanitra",1879,143,"38K","38K1H3S3Q",2,2026-09-28 06:25:07.4300000,0,741,0,2026-09-28 06:25:07.4300000,-17.816670,46.833330
96416,"Ampotaka",1879,143,"38K","38K1H3S3Q",2,2026-09-28 06:25:11.9300000,0,741,0,2026-09-28 06:25:11.9300000,-17.783330,46.933330
97342,"Ambibaka",1879,143,"38K","38K1H3S3Q",2,2026-09-28 06:25:16.4670000,0,741,0,2026-09-28 06:25:16.4670000,-17.700000,46.900000
2355136,"Krasnogorovka",3432,230,"37U","37U2H5S3Q",1,2026-09-28 06:25:54.7500000,1200,0,0,2026-09-28 06:25:54.7500000,48.683330,38.733330
2355210,"Gremuchiy",3432,230,"37U","37U2H5S3Q",1,2026-09-28 06:26:22.1770000,1200,0,0,2026-09-28 06:26:22.1770000,48.687500,38.741390
2354384,"Mar'yevka",3432,230,"37U","37U2H5S3Q",1,2026-09-28 06:26:31.2800000,1200,0,0,2026-09-28 06:26:31.2800000,48.667500,38.558890
2354390,"Berezovskoye",3432,230,"37U","37U2H5S3Q",1,2026-09-28 06:26:37.5630000,1200,0,0,2026-09-28 06:26:37.5630000,48.668060,38.609440
2354342,"Mikhaylovka",3432,230,"37U","37U2H5S3Q",1,2026-09-28 06:26:41.1600000,1200,0,0,2026-09-28 06:26:41.1600000,48.666670,38.616670
2352876,"Kirovsk",3432,230,"37U","37U2H5S3Q",1,2026-09-28 06:26:45.5930000,1200,0,0,2026-09-28 06:26:45.5930000,48.641940,38.652780
2353582,"Ternovyy",3432,230,"37U","37U2H5S3Q",1,2026-09-28 06:26:50.9800000,1200,0,0,2026-09-28 06:26:50.9800000,48.653890,38.698060
2352831,"Vol'nyy",3432,230,"37U","37U2H5S3Q",1,2026-09-28 06:26:56.3430000,1200,0,0,2026-09-28 06:26:56.3430000,48.638330,38.704720
2349528,"Truzhenik",3432,230,"37U","37U2H5S3Q",1,2026-09-28 06:27:27.5700000,1200,0,0,2026-09-28 06:27:27.5700000,48.575830,38.849440
59869,"Ferme de Ranohira",1880,143,"38K","38K2H5S2Q",2,2026-09-28 06:27:33.3370000,0,741,0,2026-09-28 06:27:33.3370000,-22.566670,45.383330
59752,"Sakavirohazo",1880,143,"38K","38K2H5S2Q",2,2026-09-28 06:27:43.1800000,0,741,0,2026-09-28 06:27:43.1800000,-22.583330,45.416670
59986,"Ranohira",1880,143,"38K","38K2H5S2Q",2,2026-09-28 06:27:47.4230000,0,741,0,2026-09-28 06:27:47.4230000,-22.550000,45.400000
60431,"Tanambao",1880,143,"38K","38K2H5S2Q",2,2026-09-28 06:27:57.3530000,0,741,0,2026-09-28 06:27:57.3530000,-22.483330,45.383330
60432,"Ranohira",1877,143,"38K","38K2H5S2Q",2,2026-09-28 06:28:02.2400000,0,741,0,2026-09-28 06:28:02.2400000,-22.483330,45.400000
60219,"Bevato",1880,143,"38K","38K2H5S2Q",2,2026-09-28 06:28:08.0000000,0,741,0,2026-09-28 06:28:08.0000000,-22.516670,45.400000
60772,"Ianaboty",1880,143,"38K","38K2H5S2Q",2,2026-09-28 06:28:13.6270000,0,741,0,2026-09-28 06:28:13.6270000,-22.433330,45.383330
60896,"Beadabo",1880,143,"38K","38K2H5S2Q",2,2026-09-28 06:28:18.2300000,0,741,0,2026-09-28 06:28:18.2300000,-22.416670,45.383330
2715881,"Altun",2661,192,"35V","35V2H6S2Q",3,2026-09-28 06:28:57.9770000,0,0,1134,2026-09-28 06:28:57.9770000,57.050000,29.150000
2282034,"Mueswangen",517,43,"32T","32T1H2S1Q",3,2026-09-28 06:05:45.6370000,0,0,18288,2026-09-28 06:28:58.3800000,47.238280,8.289140
2524827,"Lopten",713,57,"33U","33U1H4S4Q",3,2026-09-28 06:29:01.3300000,0,0,811,2026-09-28 06:29:01.3300000,52.150000,13.683330
2525670,"Kleinkoris",713,57,"33U","33U1H4S4Q",3,2026-09-28 06:29:04.9030000,0,0,788,2026-09-28 06:29:04.9030000,52.166670,13.683330
1089914,"Musawa",2344,173,"40Q","40Q1H3S4Q",2,2026-09-28 06:29:12.8330000,0,862,0,2026-09-28 06:29:12.8330000,22.129440,59.624170
2525669,"Gross Koris",713,57,"33U","33U1H4S4Q",3,2026-09-28 06:29:17.0070000,0,291,850,2026-09-28 06:29:17.0070000,52.166670,13.666670
1089421,"Sal",2344,173,"40Q","40Q1H3S4Q",2,2026-09-28 06:29:17.0600000,0,862,0,2026-09-28 06:29:17.0600000,22.110830,59.609720
1087617,"Qumaylah",2344,173,"40Q","40Q1H3S4Q",2,2026-09-28 06:29:17.9130000,0,862,0,2026-09-28 06:29:17.9130000,22.050000,59.633330
1086501,"As Sulayb",2344,173,"40Q","40Q1H3S4Q",2,2026-09-28 06:29:20.8300000,0,862,0,2026-09-28 06:29:20.8300000,22.014170,59.661390
2519849,"Schobendorf",713,57,"33U","33U1H4S4Q",3,2026-09-28 06:29:32.7270000,0,0,788,2026-09-28 06:29:32.7270000,52.050000,13.433330
2519848,"Lynow",713,57,"33U","33U1H4S4Q",3,2026-09-28 06:29:38.8770000,0,324,1410,2026-09-28 06:29:38.8770000,52.050000,13.383330
2675074,"Pogonnyy",2671,192,"37U","37U1H1S2Q",2,,0,1414312,0,2026-09-28 06:30:18.7600000,55.866670,37.750000
91801,"Ambatosariomby",1882,143,"38K","38K1H6S1Q",2,2026-09-28 06:30:18.8900000,0,763,0,2026-09-28 06:30:18.8900000,-18.316670,46.200000
91894,"Mahatsinjo",1882,143,"38K","38K1H6S1Q",2,2026-09-28 06:30:22.5500000,0,741,0,2026-09-28 06:30:22.5500000,-18.300000,46.066670
2675206,"Babushkin",2670,192,"37U","37U1H1S2Q",2,,0,1572615,0,2026-09-28 06:30:22.9030000,55.869310,37.729660
91800,"Antanetilava",1882,143,"38K","38K1H6S1Q",2,2026-09-28 06:30:25.0400000,0,741,0,2026-09-28 06:30:25.0400000,-18.316670,46.083330
2675663,"Yaroslavskiy",2670,192,"37U","37U1H1S2Q",2,,0,1347803,0,2026-09-28 06:30:27.2200000,55.883330,37.716670
91711,"Ambatofotsy",1882,143,"38K","38K1H6S1Q",2,2026-09-28 06:30:28.2430000,0,741,0,2026-09-28 06:30:28.2430000,-18.333330,46.050000
91616,"Befanihy",1882,143,"38K","38K1H6S1Q",2,2026-09-28 06:30:31.2070000,0,741,0,2026-09-28 06:30:31.2100000,-18.350000,46.083330
2675749,"Vatutino",2670,192,"37U","37U1H1S2Q",2,2023-06-24 23:58:38.7730000,0,1366317,0,2026-09-28 06:30:37.0070000,55.884410,37.690550
91382,"Ankisatra",1882,143,"38K","38K1H6S1Q",2,2026-09-28 06:30:37.1400000,0,741,0,2026-09-28 06:30:37.1400000,-18.383330,46.083330
91269,"Amparihitany",1882,143,"38K","38K1H6S1Q",2,2026-09-28 06:30:37.4800000,0,741,0,2026-09-28 06:30:37.4800000,-18.400000,46.066670
91270,"Atanetibe",1882,143,"38K","38K1H6S1Q",2,2026-09-28 06:30:40.4830000,0,741,0,2026-09-28 06:30:40.4830000,-18.400000,46.083330
2675662,"Rayevo",2670,192,"37U","37U1H1S2Q",2,2022-11-07 03:59:52.8800000,0,1483024,0,2026-09-28 06:30:43.5200000,55.883330,37.650000
2675247,"Medvedkovo",2670,192,"37U","37U1H1S2Q",2,2022-11-14 11:11:03.2000000,0,1618847,0,2026-09-28 06:30:54.7300000,55.872020,37.654050
2675073,"Kozeyevo",2670,192,"37U","37U1H1S2Q",2,2022-11-14 10:12:58.0700000,0,1544054,0,2026-09-28 06:31:00.6830000,55.866670,37.616670
2675072,"Otradnoye",2670,192,"37U","37U1H1S2Q",2,2022-11-18 15:05:05.0200000,0,1554705,0,2026-09-28 06:31:05.4730000,55.866670,37.600000
2675071,"Slobodka",2670,192,"37U","37U1H1S2Q",2,2022-11-15 20:34:28.6230000,0,1334718,0,2026-09-28 06:31:45.3270000,55.866670,37.583330
2276088,"Jetzmund",129,12,"32T","32T1H2S2Q",1,2026-09-28 06:33:50.0300000,788,0,0,2026-09-28 06:33:50.0300000,47.100000,9.866670
2276700,"Sankt Anton im Montafon",129,12,"32T","32T1H2S2Q",1,2026-09-28 06:33:54.7400000,644,0,0,2026-09-28 06:33:54.7400000,47.116670,9.866670
2277290,"Loruns",129,12,"32T","32T1H2S2Q",1,2026-09-28 06:33:59.7100000,788,0,0,2026-09-28 06:33:59.7100000,47.133060,9.850000
2277966,"Buers",129,12,"32T","32T1H2S2Q",1,2026-09-28 06:34:03.9230000,788,0,0,2026-09-28 06:34:03.9230000,47.149720,9.800000
2277914,"Buerserberg",129,12,"32T","32T1H2S2Q",1,2026-09-28 06:34:08.7800000,788,0,0,2026-09-28 06:34:08.7800000,47.146440,9.777360
2277965,"Matin",129,12,"32T","32T1H2S2Q",1,2026-09-28 06:34:12.8900000,517,0,188,2026-09-28 06:34:12.8900000,47.149720,9.766670
2278631,"Nuziders",129,12,"32T","32T1H2S2Q",1,2026-09-28 06:34:24.8230000,788,0,0,2026-09-28 06:34:24.8230000,47.166670,9.800000
2279240,"Unterfeld",129,12,"32T","32T1H2S2Q",1,2026-09-28 06:34:28.9130000,788,0,0,2026-09-28 06:34:28.9130000,47.181670,9.771940
2280813,"Rons",129,12,"32T","32T1H2S2Q",1,2026-09-28 06:34:39.4000000,788,0,0,2026-09-28 06:34:39.4000000,47.216670,9.700000
2419261,"Szczyglice",2439,180,"34U","34U2H1S4Q",3,2024-09-05 13:33:54.9670000,0,4000,82341,2026-09-28 06:35:02.1730000,50.091840,19.828430
2419171,"Balice",2439,180,"34U","34U2H1S4Q",3,2017-08-24 16:53:42.2500000,0,460,428874,2026-09-28 06:35:04.9570000,50.087990,19.794620
2419313,"Burow",2439,180,"34U","34U2H1S4Q",3,2024-09-08 09:13:03.8000000,0,1437,83724,2026-09-28 06:35:07.6930000,50.094710,19.772470
2419975,"Kleszczow",2439,180,"34U","34U2H1S4Q",3,2024-09-08 09:05:19.3870000,511,3175,98420,2026-09-28 06:35:10.2100000,50.105550,19.750410
2419306,"Brzoskwinia",2439,180,"34U","34U2H1S4Q",3,2026-08-16 12:28:31.4030000,0,460,1050,2026-09-28 06:35:13.2670000,50.094380,19.712560
2420045,"Nielepice",2439,180,"34U","34U2H1S4Q",2,2026-09-28 06:35:15.8230000,0,707,0,2026-09-28 06:35:15.8230000,50.108360,19.701400
2420750,"Rudawa",2439,180,"34U","34U2H1S4Q",3,2024-04-20 07:24:16.4930000,0,1727,107586,2026-09-28 06:35:18.2430000,50.121510,19.712390
2421468,"Brzezinka",2439,180,"34U","34U2H1S4Q",3,2018-04-30 18:04:01.8570000,0,1727,111131,2026-09-28 06:35:22.7200000,50.136370,19.739170
2148438,"Fano",1374,110,"33T","33T2H1S2Q",3,2026-09-28 06:36:13.3800000,300,0,1882,2026-09-28 06:36:13.3800000,43.820360,13.012060
97801,"Ampanambe",1879,143,"38K","38K1H3S3Q",2,2026-09-28 06:36:21.2000000,0,741,0,2026-09-28 06:36:21.2000000,-17.650000,46.900000
2153103,"Domagnano",3046,205,"33T","33T2H1S1Q",3,2026-09-28 06:36:26.1570000,0,300,1032,2026-09-28 06:36:26.1570000,43.952790,12.470080
98130,"Fanjarivo",1879,143,"38K","38K1H3S3Q",2,2026-09-28 06:36:28.2700000,0,741,0,2026-09-28 06:36:28.2700000,-17.616670,46.916670
2449262,"Richelette",255,20,"31U","31U2H3S4Q",1,2022-10-31 00:18:21.6230000,100085,0,0,2026-09-28 06:36:33.6130000,50.687800,5.739910
98451,"Andakana",1879,143,"38K","38K1H3S3Q",2,2026-09-28 06:36:35.1170000,0,741,0,2026-09-28 06:36:35.1170000,-17.583330,46.850000
98837,"Antsahalava",1879,143,"38K","38K1H3S3Q",2,2026-09-28 06:36:40.9200000,0,741,0,2026-09-28 06:36:40.9200000,-17.550000,46.833330
2152614,"Borgo Maggiore",1371,110,"33T","33T2H1S1Q",3,2026-09-28 06:36:44.3070000,0,1051,1500,2026-09-28 06:36:44.3100000,43.941050,12.444760
99227,"Ambararata",1879,143,"38K","38K1H3S3Q",2,2026-09-28 06:36:48.0030000,0,741,0,2026-09-28 06:36:48.0030000,-17.516670,46.800000
98449,"Antsirantany",1879,143,"38K","38K1H3S3Q",2,2026-09-28 06:36:50.3770000,0,741,0,2026-09-28 06:36:50.3770000,-17.583330,46.666670
2153564,"Mulazzano",1379,110,"33T","33T2H1S1Q",3,2026-09-28 06:36:51.9300000,0,762,1065,2026-09-28 06:36:51.9330000,43.966670,12.533330
99226,"Mandratikely",1879,143,"38K","38K1H3S3Q",2,2026-09-28 06:36:55.2300000,0,741,0,2026-09-28 06:36:55.2300000,-17.516670,46.683330
99373,"Androfiabe",1879,143,"38K","38K1H3S3Q",2,2026-09-28 06:37:00.9830000,0,741,0,2026-09-28 06:37:00.9830000,-17.500000,46.616670
2151232,"Santa Maria del Piano",1379,110,"33T","33T2H1S1Q",3,2026-09-28 06:37:04.5930000,0,0,874,2026-09-28 06:37:04.5930000,43.900000,12.533330
2150932,"Sasso Feltrio",1374,110,"33T","33T2H1S1Q",3,2026-09-28 06:37:14.0100000,509,636,893,2026-09-28 06:37:14.0100000,43.892360,12.510550
91061,"Beparasy",1882,143,"38K","38K1H6S1Q",2,2026-09-28 06:37:30.1570000,0,741,0,2026-09-28 06:37:30.1570000,-18.433330,46.083330
91271,"Manamido",1882,143,"38K","38K1H6S1Q",2,2026-09-28 06:37:34.8300000,0,752,0,2026-09-28 06:37:34.8300000,-18.400000,46.200000
90756,"Mahatsinjo",1882,143,"38K","38K1H6S1Q",2,2026-09-28 06:37:39.6600000,0,741,0,2026-09-28 06:37:39.6600000,-18.483330,46.200000
61112,"Iaborano",1880,143,"38K","38K2H5S2Q",2,2026-09-28 06:38:04.0630000,0,741,0,2026-09-28 06:38:04.0630000,-22.383330,45.400000
2680623,"Rosyth",977,77,"30V","30V2H5S3Q",3,2026-05-26 00:40:09.8800000,517,0,472478,2026-09-28 06:38:08.4030000,56.033330,-3.433330
61325,"Andriamanero",1880,143,"38K","38K2H5S2Q",2,2026-09-28 06:38:09.0100000,0,741,0,2026-09-28 06:38:09.0100000,-22.350000,45.400000
2682378,"Dunfermline",977,77,"30V","30V2H5S3Q",3,2025-06-24 18:26:55.9330000,517,0,824734,2026-09-28 06:38:17.9430000,56.083330,-3.466670
59989,"Amborompotsy",1880,143,"38K","38K2H5S2Q",2,2026-09-28 06:38:22.8200000,0,741,0,2026-09-28 06:38:22.8200000,-22.550000,45.633330
59872,"Sambay",1880,143,"38K","38K2H5S2Q",2,2026-09-28 06:38:26.3000000,0,741,0,2026-09-28 06:38:26.3000000,-22.566670,45.616670
449479,"Manjali I",2730,193,"35M","35M1H3S4Q",3,2026-09-28 06:39:59.0400000,0,0,1200,2026-09-28 06:39:59.0400000,-1.544500,29.544900
449169,"Rukoro",2730,193,"35M","35M1H3S4Q",3,2026-09-28 06:40:02.4530000,0,0,1200,2026-09-28 06:40:02.4530000,-1.563300,29.533400
449253,"Kigasa",2730,193,"35M","35M1H3S4Q",3,2026-09-28 06:40:05.8600000,0,0,1200,2026-09-28 06:40:05.8600000,-1.555500,29.566900
449456,"Karandaryi",2730,193,"35M","35M1H3S4Q",3,2026-09-28 06:40:10.7100000,0,0,1200,2026-09-28 06:40:10.7100000,-1.546600,29.511000
449284,"Gahira",2730,193,"35M","35M1H3S4Q",3,2026-09-28 06:40:13.8700000,0,0,1200,2026-09-28 06:40:13.8700000,-1.552900,29.503200
449028,"Sasangabo",2730,193,"35M","35M1H3S4Q",3,2026-09-28 06:40:18.3000000,0,0,1200,2026-09-28 06:40:18.3000000,-1.567100,29.510100
448690,"Kinyangage",2731,193,"35M","35M1H3S4Q",3,2026-09-28 06:40:22.4870000,0,0,1200,2026-09-28 06:40:22.4870000,-1.588800,29.492000
448308,"Jenda",2731,193,"35M","35M1H3S4Q",3,2026-09-28 06:40:26.1600000,0,0,1200,2026-09-28 06:40:26.1600000,-1.609400,29.487500
2371985,"Peltre",952,75,"32U","32U2H4S1Q",1,2025-08-27 04:31:36.9900000,5916,0,0,2026-09-28 06:42:57.3530000,49.083330,6.233330
2675661,"Yurlovo",2670,192,"37U","37U1H1S2Q",2,2022-11-01 04:21:35.0230000,0,1550565,0,2026-09-28 06:43:02.6870000,55.883330,37.616670
2371291,"Jury",952,75,"32U","32U2H4S1Q",1,2025-08-26 07:01:54.4770000,5969,0,0,2026-09-28 06:43:04.1130000,49.066670,6.250000
2675660,"Bibirevo",2670,192,"37U","37U1H1S2Q",2,2022-11-15 19:17:28.5570000,0,1430285,0,2026-09-28 06:43:07.1700000,55.883330,37.600000
2371986,"Ars-Laquenexy",952,75,"32U","32U2H4S1Q",1,2025-08-26 07:03:45.5670000,5850,0,0,2026-09-28 06:43:10.3430000,49.083330,6.283330
2675659,"Altuf'yevskiy",2670,192,"37U","37U1H1S2Q",2,2022-11-18 10:51:12.1730000,0,1543798,0,2026-09-28 06:43:11.7970000,55.883330,37.583330
2674771,"Beskudnikovo",2670,192,"37U","37U1H1S2Q",2,2022-11-18 14:37:56.8200000,0,1533992,0,2026-09-28 06:43:17.2130000,55.860000,37.560000
2675070,"Zapadnoye Degunino",2670,192,"37U","37U1H1S2Q",2,2022-11-18 10:47:29.2200000,0,1722564,0,2026-09-28 06:43:24.4600000,55.866670,37.533330
66681,"Mahabe",1877,143,"38K","38K2H2S4Q",2,2026-09-28 06:43:26.9930000,0,741,0,2026-09-28 06:43:26.9930000,-21.600000,45.200000
66680,"Bemokaranana",1877,143,"38K","38K2H2S4Q",2,2026-09-28 06:43:30.5200000,0,741,0,2026-09-28 06:43:30.5200000,-21.600000,45.183330
1081725,"Al Ashkharah",2344,173,"40Q","40Q1H6S2Q",2,2026-09-28 06:44:34.6930000,0,862,0,2026-09-28 06:44:34.6930000,21.850000,59.566670
1087011,"`Ayun",2344,173,"40Q","40Q1H3S4Q",2,2026-09-28 06:44:37.7970000,0,862,0,2026-09-28 06:44:37.7970000,22.032220,59.490280
1087351,"Al Jawabi",2344,173,"40Q","40Q1H3S4Q",2,2026-09-28 06:44:42.0200000,0,862,0,2026-09-28 06:44:42.0200000,22.036940,59.477780
1088319,"Juwaybi",2344,173,"40Q","40Q1H3S4Q",2,2026-09-28 06:44:46.9830000,0,862,0,2026-09-28 06:44:46.9830000,22.069720,59.471940
1086945,"Fulayj",2344,173,"40Q","40Q1H3S4Q",2,2026-09-28 06:44:51.0330000,0,862,0,2026-09-28 06:44:51.0330000,22.027220,59.445560
66942,"Mahazoarivo",1877,143,"38K","38K2H2S4Q",2,2026-09-28 06:45:29.6670000,0,741,0,2026-09-28 06:45:29.6670000,-21.566670,45.183330
67077,"Soaserano",1877,143,"38K","38K2H2S4Q",2,2026-09-28 06:45:33.8730000,0,741,0,2026-09-28 06:45:33.8730000,-21.550000,45.200000
67221,"Volambita",1877,143,"38K","38K2H2S4Q",2,2026-09-28 06:45:35.2270000,0,741,0,2026-09-28 06:45:35.2270000,-21.533330,45.183330
67520,"Ankazoabokely",1877,143,"38K","38K2H2S4Q",2,2026-09-28 06:46:21.5730000,46,300,0,2026-09-28 06:46:21.5770000,-21.500000,45.200000
67660,"Miary",1877,143,"38K","38K2H2S4Q",2,2026-09-28 06:46:35.9000000,0,741,0,2026-09-28 06:46:35.9000000,-21.483330,45.200000
67808,"Morarano",1877,143,"38K","38K2H2S4Q",2,2026-09-28 06:46:40.1800000,0,741,0,2026-09-28 06:46:40.1800000,-21.466670,45.200000
68701,"Ampolotsy",1877,143,"38K","38K2H2S4Q",2,2026-09-28 06:46:42.5770000,0,741,0,2026-09-28 06:46:42.5770000,-21.366670,45.233330
98450,"Antsitabe",1879,143,"38K","38K1H3S3Q",2,2026-09-28 06:46:47.5230000,0,741,0,2026-09-28 06:46:47.5230000,-17.583330,46.716670
99963,"Tsimandainga",1879,143,"38K","38K1H3S3Q",2,2026-09-28 06:46:59.2030000,46,300,0,2026-09-28 06:46:59.2030000,-17.450000,46.600000
100382,"Tsimandaingakely",1879,143,"38K","38K1H3S3Q",2,2026-09-28 06:47:04.9030000,0,741,0,2026-09-28 06:47:04.9030000,-17.416670,46.550000
84796,"Manotongana",1882,143,"38K","38K1H6S4Q",2,2026-09-28 06:47:09.2000000,0,741,0,2026-09-28 06:47:09.2000000,-19.333330,47.283330
84912,"Ambodinangavo Haut",1882,143,"38K","38K1H6S4Q",2,2026-09-28 06:47:13.0000000,0,741,0,2026-09-28 06:47:13.0000000,-19.316670,47.316670
85043,"Sabotsy Namatoana",1882,143,"38K","38K1H6S4Q",2,2026-09-28 06:47:16.2100000,0,741,0,2026-09-28 06:47:16.2100000,-19.300000,47.366670
102240,"Anosikely",1879,143,"38K","38K1H3S3Q",2,2026-09-28 06:47:19.8930000,0,741,0,2026-09-28 06:47:19.8930000,-17.250000,46.450000
102412,"Andimaka",1879,143,"38K","38K1H3S3Q",2,2026-09-28 06:47:24.9700000,0,741,0,2026-09-28 06:47:24.9700000,-17.233330,46.450000
85170,"Analampangana",1882,143,"38K","38K1H6S4Q",2,2026-09-28 06:47:27.1870000,0,741,0,2026-09-28 06:47:27.1870000,-19.283330,47.366670
2006744,"Pianura",1380,110,"33T","33T2H5S3Q",3,2016-11-13 21:10:24.9670000,0,0,886565,2026-09-28 06:47:28.7870000,40.859070,14.173140
102915,"Ambodimadiro",1879,143,"38K","38K1H3S3Q",2,2026-09-28 06:47:30.0230000,0,741,0,2026-09-28 06:47:30.0230000,-17.183330,46.500000
85169,"Ambatoharanana",1882,143,"38K","38K1H6S4Q",2,2026-09-28 06:47:36.3900000,0,741,0,2026-09-28 06:47:36.3900000,-19.283330,47.333330
102587,"Ambatomitsangana",1879,143,"38K","38K1H3S3Q",2,2026-09-28 06:47:36.8370000,0,741,0,2026-09-28 06:47:36.8400000,-17.216670,46.500000
102768,"Ambanjabe",1879,143,"38K","38K1H3S3Q",2,2026-09-28 06:47:41.6170000,0,741,0,2026-09-28 06:47:41.6170000,-17.200000,46.550000
85042,"Bekijana",1882,143,"38K","38K1H6S4Q",2,2026-09-28 06:47:47.1500000,0,741,0,2026-09-28 06:47:47.1500000,-19.300000,47.283330
85041,"Antsampandrano",1882,143,"38K","38K1H6S4Q",2,2026-09-28 06:47:50.3200000,0,741,0,2026-09-28 06:47:50.3200000,-19.300000,47.266670
85285,"Miaramasoandra",1882,143,"38K","38K1H6S4Q",2,2026-09-28 06:47:53.8200000,0,741,0,2026-09-28 06:47:53.8200000,-19.266670,47.283330
59873,"Vavavolo",1880,143,"38K","38K2H5S2Q",2,2026-09-28 06:47:57.2130000,0,741,0,2026-09-28 06:47:57.2130000,-22.566670,45.650000
60341,"Andrabaka",1880,143,"38K","38K2H5S2Q",2,2026-09-28 06:48:00.9030000,0,741,0,2026-09-28 06:48:00.9030000,-22.500000,45.683330
84914,"Antanandehibe",1882,143,"38K","38K1H6S4Q",2,2026-09-28 06:48:16.5800000,0,1075,0,2026-09-28 06:48:16.5800000,-19.316670,47.383330
60655,"Ambararatabe",1880,143,"38K","38K2H5S2Q",2,2026-09-28 06:48:18.9970000,0,741,0,2026-09-28 06:48:18.9970000,-22.450000,45.650000
60773,"Ambararatabe",1880,143,"38K","38K2H5S2Q",2,2026-09-28 06:48:23.3030000,0,741,0,2026-09-28 06:48:23.3030000,-22.433330,45.650000
68863,"Maromby",1877,143,"38K","38K2H2S4Q",2,2026-09-28 06:48:29.0700000,0,741,0,2026-09-28 06:48:29.0700000,-21.350000,45.233330
2357068,"Francheville",952,75,"31U","31U2H6S4Q",1,2025-01-15 15:27:34.6770000,5640,0,0,2026-09-28 06:48:43.9130000,48.733330,5.933330
2358582,"Avrainville",952,75,"31U","31U2H6S4Q",1,2025-01-15 10:22:49.9430000,5307,0,0,2026-09-28 06:48:53.6570000,48.766670,5.933330
90650,"Antaniditra",1882,143,"38K","38K1H6S1Q",2,2026-09-28 06:48:57.9900000,0,741,0,2026-09-28 06:48:57.9900000,-18.500000,46.200000
90549,"Bemasoandro",1882,143,"38K","38K1H6S1Q",2,2026-09-28 06:49:02.0070000,0,741,0,2026-09-28 06:49:02.0070000,-18.516670,46.216670
90337,"Tsinjoarivo",1882,143,"38K","38K1H6S1Q",2,2026-09-28 06:49:05.3800000,0,741,0,2026-09-28 06:49:05.3800000,-18.550000,46.200000
2359293,"Rosieres-en-Haye",952,75,"32U","32U2H4S3Q",1,2024-09-17 06:41:58.9200000,4893,0,0,2026-09-28 06:49:18.7200000,48.783330,6.000000
90442,"Mahazoarivo",1882,143,"38K","38K1H6S1Q",2,2026-09-28 06:49:20.0400000,0,741,0,2026-09-28 06:49:20.0400000,-18.533330,46.250000
2265344,"Zelenyy Gay",3438,230,"36T","36T1H2S3Q",2,2026-09-28 06:49:50.4100000,0,1564,0,2026-09-28 06:49:50.4100000,46.816670,32.450000
2263276,"Krutoy Yar",3438,230,"36T","36T1H2S3Q",2,2026-09-28 06:50:00.1100000,0,1506,0,2026-09-28 06:50:00.1100000,46.766670,32.483330
2262548,"Kurilovka",3438,230,"36T","36T1H2S3Q",2,2026-09-28 06:49:41.6700000,0,5625,0,2026-09-28 06:50:10.4200000,46.750000,32.416670
2675657,"Businovo",2670,192,"37U","37U1H1S2Q",2,2010-01-01 00:00:00.0000000,0,1898931,0,2026-09-28 06:50:23.1930000,55.883330,37.500000
2279899,"Gais",129,12,"32T","32T1H2S2Q",1,2026-09-28 06:51:55.2700000,788,0,0,2026-09-28 06:51:55.2700000,47.196110,9.712220
2280814,"Duns",129,12,"32T","32T1H2S2Q",1,2026-09-28 06:52:06.2670000,788,0,0,2026-09-28 06:52:06.2670000,47.216670,9.716670
2285096,"La Chapelle-sur-Erdre",949,75,"30T","30T1H3S1Q",1,2023-06-21 17:39:22.3100000,933906,0,0,2026-09-28 06:52:11.2600000,47.300000,-1.550000
2280815,"Schnifis",129,12,"32T","32T1H2S2Q",1,2026-09-28 06:52:18.6370000,788,0,0,2026-09-28 06:52:18.6370000,47.216670,9.733060
2280018,"Bludesch",129,12,"32T","32T1H2S2Q",1,2026-09-28 06:52:23.8030000,788,0,0,2026-09-28 06:52:23.8030000,47.200000,9.733060
2280816,"Bassing",129,12,"32T","32T1H2S2Q",1,2026-09-28 06:52:28.1470000,788,0,0,2026-09-28 06:52:28.1470000,47.216670,9.750000
69010,"Mandonariva",1877,143,"38K","38K2H2S4Q",2,2026-09-28 06:52:30.2670000,0,741,0,2026-09-28 06:52:30.2670000,-21.333330,45.233330
2280019,"Thuringen",129,12,"32T","32T1H2S2Q",1,2026-09-28 06:52:33.0970000,790,0,0,2026-09-28 06:52:33.0970000,47.200000,9.766670
68864,"Beronana",1877,143,"38K","38K2H2S4Q",2,2026-09-28 06:52:38.7100000,0,741,0,2026-09-28 06:52:38.7100000,-21.350000,45.250000
2280020,"Ludesch",129,12,"32T","32T1H2S2Q",1,2026-09-28 06:52:38.7500000,790,0,0,2026-09-28 06:52:38.7500000,47.200000,9.783060
2280817,"Innerberg",129,12,"32T","32T1H2S2Q",1,2026-09-28 06:52:43.1470000,788,0,0,2026-09-28 06:52:43.1470000,47.216670,9.783060
1908664,"Belhaven Beach",3542,233,"18S","18S1H1S2Q",1,2026-09-26 16:48:38.3000000,35656,0,0,2026-09-28 06:54:04.8000000,39.127610,-76.477740
2807735,"Lentaevaenniemi",3834,70,"34V","34V1H6S2Q",3,2017-08-13 09:49:05.3430000,0,0,1018392,2026-09-28 06:55:58.4230000,61.529410,23.716740
2807580,"Amuri",929,70,"34V","34V1H6S2Q",3,2015-12-12 03:56:34.1470000,0,0,11055659,2026-09-28 06:56:01.1200000,61.500180,23.743170
2807611,"Lappi",3834,70,"34V","34V1H6S2Q",3,2014-05-17 19:41:57.1300000,0,0,1093862,2026-09-28 06:56:07.2100000,61.509100,23.778530
2807590,"Tammela",3834,70,"34V","34V1H6S2Q",3,2015-04-27 09:22:52.0400000,0,0,1031017,2026-09-28 06:56:10.1900000,61.502410,23.779390
2807442,"Jaervensivu",3834,70,"34V","34V1H6S2Q",3,2013-12-23 18:05:31.0370000,0,0,1193309,2026-09-28 06:56:15.7500000,61.491080,23.802440
2807437,"Ristinarkku",3834,70,"34V","34V1H6S2Q",3,2016-08-14 06:22:41.0070000,0,0,1029832,2026-09-28 06:56:19.4400000,61.489410,23.854670
2807258,"Kaukajaervi",3834,70,"34V","34V1H6S2Q",3,2015-06-15 18:29:28.5500000,0,0,2107461,2026-09-28 06:56:23.3930000,61.466700,23.885990
2807305,"Vehmainen",929,70,"34V","34V1H6S2Q",3,2013-11-28 20:56:31.2870000,0,0,1044752,2026-09-28 06:56:28.3630000,61.476740,23.918270
2586667,"Cloghran",1260,102,"29U","29U1H6S2Q",2,2017-09-29 17:26:59.0970000,0,1042308,0,2026-09-28 07:01:34.9900000,53.433890,-6.226390
2585613,"Dardistown",1260,102,"29U","29U1H6S2Q",2,2026-09-28 07:01:38.4830000,0,1250,0,2026-09-28 07:01:38.4830000,53.416670,-6.238330
2586097,"Coultry",1260,102,"29U","29U1H6S2Q",3,2020-10-31 13:28:18.2230000,0,500,60275,2026-09-28 07:01:41.1530000,53.422220,-6.267220
2585498,"Williamsville",1260,102,"29U","29U1H6S2Q",2,2017-08-06 10:15:13.1030000,0,193219,0,2026-09-28 07:01:45.4570000,53.412780,-6.305280
2422038,"Rzeczki",2439,180,"34U","34U2H1S4Q",3,2017-04-08 17:43:06.9330000,0,2647,126555,2026-09-28 07:04:51.7500000,50.150000,19.750000
2423010,"Bedkowice",2439,180,"34U","34U2H1S4Q",3,2024-09-08 09:05:07.0530000,0,3004,35006,2026-09-28 07:04:53.1200000,50.167920,19.751380
2423221,"Szklary",2439,180,"34U","34U2H1S4Q",3,2017-04-24 21:09:27.9470000,743,3906,31270,2026-09-28 07:04:55.9370000,50.177450,19.713790
2423114,"Zary",2439,180,"34U","34U2H1S4Q",3,2024-04-20 07:24:51.6870000,300,1437,15560,2026-09-28 07:04:58.4330000,50.172300,19.693240
2423977,"Raclawice",2439,180,"34U","34U2H1S4Q",2,2016-09-09 18:52:31.0900000,0,13911,600,2026-09-28 07:05:01.1070000,50.193440,19.676860
2424815,"Czubrowice",2439,180,"34U","34U2H1S4Q",2,2026-05-25 02:42:52.8830000,0,2079,0,2026-09-28 07:05:06.0030000,50.213830,19.689010
2425523,"Gotkowice",2439,180,"34U","34U2H1S4Q",2,2016-04-10 18:43:42.0300000,0,53930,0,2026-09-28 07:05:07.7530000,50.228490,19.736670
2425531,"Saspow",2439,180,"34U","34U2H1S4Q",2,2016-03-16 15:03:01.4670000,0,32007,0,2026-09-28 07:05:11.9700000,50.228870,19.770070
103091,"Mahazoma",1879,143,"38K","38K1H3S3Q",2,2026-09-28 07:05:18.3970000,0,741,0,2026-09-28 07:05:18.3970000,-17.166670,46.566670
103257,"Ankadibe",1879,143,"38K","38K1H3S3Q",2,2026-09-28 07:05:21.9130000,0,741,0,2026-09-28 07:05:21.9130000,-17.150000,46.550000
103256,"Maromavo",1879,143,"38K","38K1H3S3Q",2,2026-09-28 07:05:25.0200000,0,741,0,2026-09-28 07:05:25.0200000,-17.150000,46.516670
103450,"Ampanaovatsokay",1879,143,"38K","38K1H3S3Q",2,2026-09-28 07:05:28.3270000,0,741,0,2026-09-28 07:05:28.3270000,-17.133330,46.483330
102767,"Analamanitra",1879,143,"38K","38K1H3S3Q",2,2026-09-28 07:05:32.1570000,0,741,0,2026-09-28 07:05:32.1570000,-17.200000,46.466670
101692,"Ampanaovato",1879,143,"38K","38K1H3S3Q",2,2026-09-28 07:05:42.0570000,0,741,0,2026-09-28 07:05:42.0570000,-17.300000,46.433330
101889,"Maria",1879,143,"38K","38K1H3S3Q",2,2026-09-28 07:05:40.4370000,0,1941,0,2026-09-28 07:05:47.5230000,-17.283330,46.433330
2149257,"Tavoleto",1374,110,"33T","33T2H1S1Q",3,2026-09-28 07:06:49.0730000,0,0,882,2026-09-28 07:06:49.0730000,43.844660,12.591950
2148621,"Sant'Angelo in Lizzola",1374,110,"33T","33T2H1S1Q",3,2026-09-28 07:07:33.3370000,0,0,1408,2026-09-28 07:07:33.3370000,43.826960,12.800760
2141301,"Acqualagna",1374,110,"33T","33T2H1S1Q",3,2026-09-28 07:07:45.8400000,0,0,1125,2026-09-28 07:07:45.8400000,43.626060,12.675960
61446,"Ambondro",1880,143,"38K","38K2H5S2Q",2,2026-09-28 07:10:46.8530000,0,741,0,2026-09-28 07:10:46.8530000,-22.333330,45.600000
61327,"Fenoarivo",1880,143,"38K","38K2H5S2Q",2,2026-09-28 07:10:50.0530000,0,741,0,2026-09-28 07:10:50.0530000,-22.350000,45.600000
61114,"Manatamia",1880,143,"38K","38K2H5S2Q",2,2026-09-28 07:10:53.1900000,0,741,0,2026-09-28 07:10:53.1900000,-22.383330,45.650000
60898,"Analanangily",1880,143,"38K","38K2H5S2Q",2,2026-09-28 07:10:56.5600000,0,741,0,2026-09-28 07:10:56.5600000,-22.416670,45.700000
60774,"Tanambao",1880,143,"38K","38K2H5S2Q",2,2026-09-28 07:10:59.8700000,0,741,0,2026-09-28 07:10:59.8700000,-22.433330,45.716670
60656,"Iaranany",1880,143,"38K","38K2H5S2Q",2,2026-09-28 07:11:04.3030000,0,741,0,2026-09-28 07:11:04.3030000,-22.450000,45.716670
60342,"Fenoarivo",1880,143,"38K","38K2H5S2Q",2,2026-09-28 07:11:07.2600000,0,741,0,2026-09-28 07:11:07.2600000,-22.500000,45.700000
2670061,"Novokuz'minki",2670,192,"37U","37U1H1S2Q",2,2019-04-30 15:32:15.9170000,0,1418999,0,2026-09-28 07:11:08.5670000,55.716670,37.783330
60222,"Satrapotsy",1880,143,"38K","38K2H5S2Q",2,2026-09-28 07:11:10.8900000,0,741,0,2026-09-28 07:11:10.8900000,-22.516670,45.716670
90237,"Mahatsinjo Est",1882,143,"38K","38K1H6S1Q",2,2026-09-28 07:11:36.2570000,0,741,0,2026-09-28 07:11:36.2570000,-18.566670,46.233330
90651,"Antanetibe",1882,143,"38K","38K1H6S1Q",2,2026-09-28 07:11:40.2670000,0,741,0,2026-09-28 07:11:40.2670000,-18.500000,46.300000
90338,"Andranovelona",1882,143,"38K","38K1H6S1Q",2,2026-09-28 07:11:54.4630000,0,741,0,2026-09-28 07:11:54.4630000,-18.550000,46.283330
89989,"Analatsifaka",1882,143,"38K","38K1H6S1Q",2,2026-09-28 07:11:58.9830000,0,741,0,2026-09-28 07:11:58.9830000,-18.600000,46.250000
89776,"Analamay",1882,143,"38K","38K1H6S1Q",2,2026-09-28 07:12:13.6870000,0,741,0,2026-09-28 07:12:13.6870000,-18.633330,46.200000
90122,"Ankerana Avaratra",1882,143,"38K","38K1H6S1Q",2,2026-09-28 07:12:13.8730000,0,741,0,2026-09-28 07:12:13.8730000,-18.583330,46.116670
90235,"Ambohimiarina",1882,143,"38K","38K1H6S1Q",2,2026-09-28 07:12:16.4170000,0,741,0,2026-09-28 07:12:16.4170000,-18.566670,46.150000
90441,"Marofarihy",1882,143,"38K","38K1H6S1Q",2,2026-09-28 07:12:19.5500000,0,741,0,2026-09-28 07:12:19.5500000,-18.533330,46.150000
102916,"Maroboa",1879,143,"38K","38K1H3S3Q",2,2026-09-28 07:13:06.0570000,0,741,0,2026-09-28 07:13:06.0570000,-17.183330,46.550000
2675069,"Novokhovrino",2670,192,"37U","37U1H1S2Q",2,,0,1638325,0,2026-09-28 07:13:09.1870000,55.866670,37.500000
102413,"Belavenona",1879,143,"38K","38K1H3S3Q",2,2026-09-28 07:13:12.7170000,0,741,0,2026-09-28 07:13:12.7170000,-17.233330,46.500000
2674663,"Golovinskiy",2670,192,"37U","37U1H1S2Q",2,,0,1631068,0,2026-09-28 07:13:14.1400000,55.853810,37.496040
102588,"Marosakoa",1879,143,"38K","38K1H3S3Q",2,2026-09-28 07:13:16.6170000,0,741,0,2026-09-28 07:13:16.6170000,-17.216670,46.516670
102242,"Maroakanga",1879,143,"38K","38K1H3S3Q",2,2026-09-28 07:13:20.1900000,0,741,0,2026-09-28 07:13:20.1900000,-17.250000,46.483330
101890,"Bemokaratsy",1879,143,"38K","38K1H3S3Q",2,2026-09-28 07:13:24.0470000,0,741,0,2026-09-28 07:13:24.0470000,-17.283330,46.450000
103451,"Mahatsinjo",1879,143,"38K","38K1H3S3Q",2,2026-09-28 07:13:29.9400000,0,741,0,2026-09-28 07:13:29.9400000,-17.133330,46.550000
2674529,"Levoberezhnyy",2670,192,"37U","37U1H1S2Q",2,2022-07-31 00:40:00.8330000,0,1436007,0,2026-09-28 07:13:43.8000000,55.850000,37.483330
2674840,"Aleshkino",2670,192,"37U","37U1H1S2Q",2,2022-07-31 05:52:27.5000000,0,1433131,0,2026-09-28 07:13:53.6100000,55.864470,37.423340
2674527,"Brattsevo",2670,192,"37U","37U1H1S2Q",2,2023-05-15 11:47:36.1570000,0,2459256,0,2026-09-28 07:13:57.7630000,55.850000,37.400000
2673983,"Spas",2670,192,"37U","37U1H1S2Q",2,2022-07-31 05:51:47.8800000,0,1385785,0,2026-09-28 07:14:02.0000000,55.833330,37.400000
103833,"Ambinary",1879,143,"38K","38K1H3S3Q",2,2026-09-28 07:14:16.0830000,0,741,0,2026-09-28 07:14:16.0830000,-17.100000,46.550000
2448443,"Marquette-lez-Lille",950,75,"31U","31U2H2S4Q",2,2013-10-12 21:01:03.6970000,0,1070676,900,2026-09-28 07:15:25.1170000,50.676280,3.066130
2447770,"Saint-Andre-lez-Lille",950,75,"31U","31U2H2S4Q",2,2013-10-13 19:52:52.0470000,0,1068501,900,2026-09-28 07:15:37.1470000,50.666670,3.050000
2285098,"Carquefou",949,75,"30T","30T1H3S1Q",1,2023-10-26 07:34:33.2230000,2237245,0,0,2026-09-28 07:15:39.5700000,47.300000,-1.500000
2284219,"Barbechat",949,75,"30T","30T1H3S1Q",1,2014-10-27 21:32:14.0700000,459570422,0,0,2026-09-28 07:15:45.5500000,47.283330,-1.283330
2446782,"Lambersart",950,75,"31U","31U2H2S4Q",2,2013-12-01 00:03:58.4970000,0,1143500,900,2026-09-28 07:15:48.1530000,50.650000,3.033330
2740726,"Shul'gino",2662,192,"40V","40V2H5S1Q",2,2023-05-10 02:15:50.0030000,0,3761931,8045,2026-09-28 07:16:23.4500000,57.855280,56.135560
69011,"Ampasilava",1877,143,"38K","38K2H2S4Q",2,2026-09-28 07:16:37.1970000,0,741,0,2026-09-28 07:16:37.1970000,-21.333330,45.316670
2673085,"Pokrovskoye-Streshnevo",2670,192,"37U","37U1H1S2Q",2,2022-07-31 05:41:07.1370000,0,1530382,0,2026-09-28 07:17:03.6230000,55.807970,37.458140
69325,"Makaikely-Ambararata",1877,143,"38K","38K2H2S4Q",2,2026-09-28 07:17:16.8230000,0,741,0,2026-09-28 07:17:16.8230000,-21.300000,45.283330
69326,"Kalomboro",1877,143,"38K","38K2H2S4Q",2,2026-09-28 07:17:19.9000000,0,741,0,2026-09-28 07:17:19.9000000,-21.300000,45.300000
69509,"Tsivoky",1877,143,"38K","38K2H2S4Q",2,2026-09-28 07:17:22.6100000,0,741,0,2026-09-28 07:17:22.6100000,-21.283330,45.366670
69327,"Tomboarivo",1877,143,"38K","38K2H2S4Q",2,2026-09-28 07:17:25.5130000,0,741,0,2026-09-28 07:17:25.5130000,-21.300000,45.466670
1764391,"West Ridge",3548,233,"17S","17S1H4S4Q",3,2023-03-17 08:20:59.6130000,0,0,170167,2026-09-28 07:17:28.4900000,36.589550,-82.217080
69510,"Fenoarivo",1877,143,"38K","38K2H2S4Q",2,2026-09-28 07:17:33.8270000,0,741,0,2026-09-28 07:17:33.8270000,-21.283330,45.516670
69662,"Ambalamarina",1877,143,"38K","38K2H2S4Q",2,2026-09-28 07:17:37.2770000,0,741,0,2026-09-28 07:17:37.2770000,-21.266670,45.533330
69013,"Mahasoa",1877,143,"38K","38K2H2S4Q",2,2026-09-28 07:17:45.1700000,0,741,0,2026-09-28 07:17:45.1700000,-21.333330,45.533330
84675,"Miadana",1882,143,"38K","38K1H6S4Q",2,2026-09-28 07:18:05.7000000,0,741,0,2026-09-28 07:18:05.7000000,-19.350000,47.450000
84797,"Manjakatompo-Firaisana",1882,143,"38K","38K1H6S4Q",2,2026-09-28 07:18:07.6730000,0,741,0,2026-09-28 07:18:07.6730000,-19.333330,47.433330
84798,"Ambatomainty",1882,143,"38K","38K1H6S4Q",2,2026-09-28 07:18:10.8330000,0,741,0,2026-09-28 07:18:10.8330000,-19.333330,47.450000
84916,"Andriambilany",1882,143,"38K","38K1H6S4Q",2,2026-09-28 07:18:14.6200000,0,741,0,2026-09-28 07:18:14.6200000,-19.316670,47.466670
85044,"Ampitana",1882,143,"38K","38K1H6S4Q",2,2026-09-28 07:18:18.7600000,0,1074,0,2026-09-28 07:18:18.7600000,-19.300000,47.450000
85173,"Naolana",1882,143,"38K","38K1H6S4Q",2,2026-09-28 07:18:24.1800000,0,741,0,2026-09-28 07:18:24.1800000,-19.283330,47.466670
1577196,"Upper Coalburg",3551,233,"16S","16S2H5S2Q",1,2026-09-25 06:40:23.7700000,400,0,0,2026-09-28 07:18:24.2370000,33.612330,-86.850830
85172,"Bemasoandro",1882,143,"38K","38K1H6S4Q",2,2026-09-28 07:18:28.2330000,0,741,0,2026-09-28 07:18:28.2330000,-19.283330,47.433330
85286,"Mandrevo",1882,143,"38K","38K1H6S4Q",2,2026-09-28 07:18:31.5700000,0,741,0,2026-09-28 07:18:31.5700000,-19.266670,47.433330
69012,"Ankezaeza",1877,143,"38K","38K2H2S4Q",2,2026-09-28 07:18:51.3370000,0,741,0,2026-09-28 07:18:51.3370000,-21.333330,45.483330
1580139,"Gardendale",3551,233,"16S","16S2H5S2Q",2,2025-08-26 05:40:26.0370000,0,308648,0,2026-09-28 07:19:33.1300000,33.660100,-86.812770
1832963,"Goldfield",3570,233,"11S","11S1H5S1Q",2,2026-09-28 07:20:47.5600000,0,3108,0,2026-09-28 07:20:47.5600000,37.708540,-117.235630
1833764,"West Spring",3570,233,"11S","11S1H5S1Q",2,2026-09-28 07:20:51.2370000,0,1030,0,2026-09-28 07:20:51.2370000,37.722150,-117.270640
1834702,"Gemfield",3570,233,"11S","11S1H5S1Q",2,2026-09-28 07:20:53.7530000,0,864,0,2026-09-28 07:20:53.7530000,37.739650,-117.295080
1832766,"Montezuma",3570,233,"11S","11S1H5S1Q",2,2026-09-28 07:20:59.5030000,0,861,0,2026-09-28 07:20:59.5030000,37.703820,-117.368970
1839370,"Alkali",3570,233,"11S","11S1H5S1Q",2,2026-09-28 07:21:02.7870000,0,857,0,2026-09-28 07:21:02.7870000,37.825770,-117.337580
66813,"Vohitseranana",1880,143,"38K","38K2H2S4Q",2,2026-09-28 07:21:58.0630000,0,741,0,2026-09-28 07:21:58.0630000,-21.583330,45.766670
67522,"Antanimaroroka",1880,143,"38K","38K2H2S4Q",2,2026-09-28 07:23:09.1000000,0,741,0,2026-09-28 07:23:09.1000000,-21.500000,45.633330
85287,"Ambodihady",1882,143,"38K","38K1H6S4Q",2,2026-09-28 07:24:04.5730000,0,741,0,2026-09-28 07:24:04.5770000,-19.266670,47.450000
85513,"Marovato",1882,143,"38K","38K1H6S4Q",2,2026-09-28 07:24:08.6430000,0,741,0,2026-09-28 07:24:08.6430000,-19.233330,47.450000
85629,"Ankady",1882,143,"38K","38K1H6S4Q",2,2026-09-28 07:24:11.6700000,0,741,0,2026-09-28 07:24:11.6700000,-19.216670,47.433330
85628,"Manjaka",1882,143,"38K","38K1H6S4Q",2,2026-09-28 07:24:18.6300000,0,741,0,2026-09-28 07:24:18.6300000,-19.216670,47.416670
15201,"Oodla Wirra",138,13,"54H","54H1H1S2Q",1,2026-09-28 07:24:31.6900000,1038,300,0,2026-09-28 07:24:31.6900000,-32.883330,139.066670
14955,"Parnaroo",138,13,"54H","54H1H1S2Q",1,2026-09-28 07:24:50.1000000,1041,319,0,2026-09-28 07:24:50.1000000,-32.983330,139.133330
15431,"Nackara",138,13,"54H","54H1H1S2Q",1,2026-09-28 07:25:03.4900000,1034,0,0,2026-09-28 07:25:03.4900000,-32.800000,139.233330
15742,"Paratoo",138,13,"54H","54H1H1S2Q",1,2026-09-28 07:25:07.2300000,1029,303,0,2026-09-28 07:25:07.2300000,-32.700000,139.366670
15996,"Yunta",138,13,"54H","54H1H1S2Q",1,2026-09-28 07:25:12.3270000,1023,0,0,2026-09-28 07:25:12.3270000,-32.583330,139.550000
2672894,"Shchukino",2670,192,"37U","37U1H1S2Q",2,2022-05-15 14:10:32.2800000,0,1402572,0,2026-09-28 07:25:24.8470000,55.800000,37.450000
16334,"Manna Hill",138,13,"54H","54H1H2S1Q",1,2026-09-28 07:25:27.2500000,1013,0,0,2026-09-28 07:25:27.2500000,-32.433330,140.000000
2288922,"La Grand Patais",949,75,"30T","30T1H3S1Q",1,2022-04-25 09:47:03.2830000,54509,0,0,2026-09-28 07:25:36.6070000,47.373420,-1.469590
16724,"Olary",138,13,"54H","54H1H2S1Q",1,2026-09-28 07:25:36.6170000,1004,0,0,2026-09-28 07:25:36.6170000,-32.283330,140.316670
2672390,"Khoroshevo-Mnevniki",2670,192,"37U","37U1H1S2Q",2,2022-07-30 10:36:51.4600000,0,1482255,0,2026-09-28 07:25:41.7430000,55.783640,37.471370
16685,"Radium Hill",138,13,"54H","54H1H2S1Q",1,2026-09-28 07:25:44.5370000,1001,0,0,2026-09-28 07:25:44.5370000,-32.300000,140.666670
2672063,"Khoroshevskiy Serebryanyy Bor",2670,192,"37U","37U1H1S2Q",2,2022-04-04 05:08:33.8300000,0,1432801,0,2026-09-28 07:25:46.1270000,55.780550,37.440720
10998,"Dublin",138,13,"54H","54H1H4S1Q",1,2026-09-28 07:26:26.8800000,945,0,0,2026-09-28 07:26:26.8800000,-34.450000,138.350000
65951,"Ambiaravy",1880,143,"38K","38K2H2S4Q",2,2026-09-28 07:27:43.9200000,0,741,0,2026-09-28 07:27:43.9200000,-21.683330,45.700000
2271648,"Ober-Wohlen",523,43,"32T","32T1H1S4Q",2,2026-09-25 17:42:28.0100000,0,1159149,0,2026-09-28 07:32:20.8470000,46.973750,7.358140
103834,"Bekabija",1879,143,"38K","38K1H3S3Q",2,2026-09-28 07:36:06.9630000,0,741,0,2026-09-28 07:36:06.9630000,-17.100000,46.566670
103452,"Bemangoraka",1879,143,"38K","38K1H3S3Q",2,2026-09-28 07:36:11.3170000,0,741,0,2026-09-28 07:36:11.3170000,-17.133330,46.600000
103835,"Tsaratananakely",1879,143,"38K","38K1H3S3Q",2,2026-09-28 07:36:16.7030000,0,1011,0,2026-09-28 07:36:16.7030000,-17.100000,46.633330
103836,"Bekabary",1879,143,"38K","38K1H3S3Q",2,2026-09-28 07:36:23.4130000,0,1011,0,2026-09-28 07:36:23.4130000,-17.100000,46.666670
104162,"Amboromalandy",1879,143,"38K","38K1H3S3Q",2,2026-09-28 07:36:27.7470000,0,1011,0,2026-09-28 07:36:27.7470000,-17.066670,46.700000
104343,"Bemokotra",1879,143,"38K","38K1H3S3Q",2,2026-09-28 07:36:32.3000000,46,851,0,2026-09-28 07:36:32.3000000,-17.050000,46.700000
104508,"Ambodimadiro",1879,143,"38K","38K1H3S3Q",2,2026-09-28 07:36:36.7200000,0,1011,0,2026-09-28 07:36:36.7200000,-17.033330,46.650000
104819,"Amboditany",1879,143,"38K","38K1H3S3Q",2,2026-09-28 07:36:40.9600000,0,1011,0,2026-09-28 07:36:40.9600000,-17.000000,46.666670
66092,"Ambararata",1880,143,"38K","38K2H2S4Q",2,2026-09-28 07:37:24.8170000,0,741,0,2026-09-28 07:37:24.8170000,-21.666670,45.700000
66683,"Ankazomangaria",1880,143,"38K","38K2H2S4Q",2,2026-09-28 07:37:28.9270000,0,741,0,2026-09-28 07:37:28.9270000,-21.600000,45.666670
68553,"Amberomena",1877,143,"38K","38K2H2S4Q",2,2026-09-28 07:37:32.8500000,0,741,0,2026-09-28 07:37:32.8500000,-21.383330,45.516670
68702,"Tsaravita",1877,143,"38K","38K2H2S4Q",2,2026-09-28 07:37:34.9370000,0,741,0,2026-09-28 07:37:34.9370000,-21.366670,45.483330
86007,"Amboasary",1882,143,"38K","38K1H6S4Q",2,2026-09-28 07:37:52.8700000,0,741,0,2026-09-28 07:37:52.8700000,-19.166670,47.516670
85736,"Behenjy",1882,143,"38K","38K1H6S4Q",2,2026-09-28 07:37:57.1600000,0,741,0,2026-09-28 07:37:57.1600000,-19.200000,47.483330
85873,"Bemasoandro",1882,143,"38K","38K1H6S4Q",2,2026-09-28 07:37:59.6830000,0,741,0,2026-09-28 07:37:59.6830000,-19.183330,47.466670
86006,"Ambohikambana",1882,143,"38K","38K1H6S4Q",2,2026-09-28 07:38:05.3200000,0,741,0,2026-09-28 07:38:05.3200000,-19.166670,47.483330
86144,"Fiadanana",1882,143,"38K","38K1H6S4Q",2,2026-09-28 07:38:07.1270000,0,741,0,2026-09-28 07:38:07.1270000,-19.150000,47.483330
86367,"Ampangabe",1882,143,"38K","38K1H6S4Q",2,2026-09-28 07:38:09.8070000,0,741,0,2026-09-28 07:38:09.8070000,-19.116670,47.516670
86478,"Ambalavao",1882,143,"38K","38K1H6S4Q",2,2026-09-28 07:38:12.5930000,0,741,0,2026-09-28 07:38:12.5930000,-19.100000,47.533330
86603,"Manankasina",1882,143,"38K","38K1H6S4Q",2,2026-09-28 07:38:15.1030000,0,741,0,2026-09-28 07:38:15.1030000,-19.083330,47.533330
2462617,"Geulle",2271,167,"31U","31U2H3S4Q",1,2026-09-28 05:58:31.2170000,13073,0,0,2026-09-28 07:41:14.5330000,50.921670,5.750000
2624006,"Sierakowice",2449,180,"33U","33U1H3S4Q",2,2017-06-18 19:30:17.0170000,0,158703,0,2026-09-28 07:43:08.4800000,54.346100,17.892520
86017,"Beparasy",1878,143,"39K","39K1H4S3Q",2,2026-09-28 07:45:26.4100000,0,846,0,2026-09-28 07:45:26.4100000,-19.166670,48.033330
86148,"Ambolitaka",1878,143,"39K","39K1H4S3Q",2,2026-09-28 07:45:46.7500000,0,846,0,2026-09-28 07:45:46.7500000,-19.150000,48.000000
86273,"Ambolomborona",1878,143,"39K","39K1H4S3Q",2,2026-09-28 07:45:52.0970000,0,741,0,2026-09-28 07:45:52.0970000,-19.133330,48.083330
86374,"Mandrifafana",1878,143,"39K","39K1H4S3Q",2,2026-09-28 07:45:55.0300000,0,846,0,2026-09-28 07:45:55.0300000,-19.116670,48.050000
86373,"Ambohibary",1878,143,"39K","39K1H4S3Q",2,2026-09-28 07:45:56.8300000,0,846,0,2026-09-28 07:45:56.8300000,-19.116670,48.033330
86372,"Ambalahorona",1878,143,"39K","39K1H4S3Q",2,2026-09-28 07:46:00.9630000,0,846,0,2026-09-28 07:46:00.9630000,-19.116670,48.016670
86375,"Marizana",1878,143,"39K","39K1H4S3Q",2,2026-09-28 07:46:03.0800000,0,741,0,2026-09-28 07:46:03.0800000,-19.116670,48.100000
86376,"Alakambato",1878,143,"39K","39K1H4S3Q",2,2026-09-28 07:46:05.2530000,0,741,0,2026-09-28 07:46:05.2530000,-19.116670,48.116670
86614,"Ambodimanga",1878,143,"39K","39K1H4S3Q",2,2026-09-28 07:47:19.1270000,0,741,0,2026-09-28 07:47:19.1270000,-19.083330,48.100000
1766165,"Sand City",3567,233,"10S","10S1H6S3Q",3,2026-08-05 21:51:45.2200000,0,0,1562411,2026-09-28 07:50:41.6730000,36.617180,-121.848290
2144596,"Montberon",951,75,"31T","31T2H1S2Q",2,2017-10-03 11:33:24.4400000,0,278514,0,2026-09-28 07:54:44.5070000,43.716670,1.483330
68552,"Antsirika",1877,143,"38K","38K2H2S4Q",2,2026-09-28 07:57:58.5800000,0,741,0,2026-09-28 07:57:58.5800000,-21.383330,45.483330
68418,"Marosakoa",1877,143,"38K","38K2H2S4Q",2,2026-09-28 07:58:04.2470000,0,741,0,2026-09-28 07:58:04.2470000,-21.400000,45.500000
68551,"Andranomena",1877,143,"38K","38K2H2S4Q",2,2026-09-28 07:58:05.4370000,0,741,0,2026-09-28 07:58:05.4370000,-21.383330,45.466670
68254,"Sakalalina",1877,143,"38K","38K2H2S4Q",2,2026-09-28 07:58:08.6130000,0,741,0,2026-09-28 07:58:08.6130000,-21.416670,45.466670
67378,"Berevo",1880,143,"38K","38K2H2S4Q",2,2026-09-28 07:58:23.6000000,0,741,0,2026-09-28 07:58:23.6000000,-21.516670,45.533330
2671773,"Tatarovo",2670,192,"37U","37U1H1S2Q",2,2022-04-03 03:58:00.3430000,0,1474094,0,2026-09-28 07:58:26.7570000,55.766670,37.433330
65801,"Manisakaomby",1880,143,"38K","38K2H2S4Q",2,2026-09-28 07:58:28.1570000,0,741,0,2026-09-28 07:58:28.1570000,-21.700000,45.650000
2671467,"Krylatskoye",2670,192,"37U","37U1H1S2Q",2,2022-04-04 05:08:18.6100000,0,1331989,0,2026-09-28 07:58:31.3370000,55.760660,37.440550
2406383,"Chelm",2439,180,"34U","34U2H4S2Q",2,2017-06-12 07:45:40.8670000,0,1028092,0,2026-09-28 07:58:31.7530000,49.816670,19.950000
67959,"Ankara",1877,143,"38K","38K2H2S4Q",2,2026-09-28 07:58:33.2700000,0,741,0,2026-09-28 07:58:33.2700000,-21.450000,45.466670
2405240,"Malakowka",2439,180,"34U","34U2H4S2Q",2,2026-04-04 14:34:41.2230000,0,1955632,0,2026-09-28 07:58:34.4930000,49.798310,19.940520
2671194,"Terekhovo",2670,192,"37U","37U1H1S2Q",2,2022-11-10 17:43:35.4930000,0,1387752,0,2026-09-28 07:58:35.8370000,55.750000,37.450000
67811,"Andranovaky",1877,143,"38K","38K2H2S4Q",2,2026-09-28 07:58:36.5930000,0,741,0,2026-09-28 07:58:36.5930000,-21.466670,45.466670
2405191,"Stroza",2439,180,"34U","34U2H4S2Q",2,2026-02-07 17:09:18.8070000,0,1013236,0,2026-09-28 07:58:36.9470000,49.796280,19.923790
2404679,"Jaworzyny",2439,180,"34U","34U2H4S2Q",2,2026-06-17 11:18:47.6070000,0,1004710,0,2026-09-28 07:58:40.6770000,49.783330,19.883330
2403490,"Wieciorka",2439,180,"34U","34U2H4S2Q",2,2026-07-01 17:50:29.2100000,0,6838,0,2026-09-28 07:58:43.5070000,49.759760,19.845430
2670969,"Fili",2670,192,"37U","37U1H1S2Q",2,2022-05-06 10:04:14.2370000,0,1671831,0,2026-09-28 07:58:43.5970000,55.748190,37.479680
2403063,"Wiecierza",2439,180,"34U","34U2H4S2Q",2,2026-07-01 17:50:19.4730000,0,51138,0,2026-09-28 07:58:46.5330000,49.750000,19.866670
2401901,"Tokarnia",2439,180,"34U","34U2H4S2Q",2,2026-07-01 17:49:57.3570000,0,3182,0,2026-09-28 07:58:48.7870000,49.727200,19.871610
2671196,"Shelepikha",2670,192,"37U","37U1H1S2Q",2,2019-03-22 19:59:12.5200000,0,1597311,0,2026-09-28 07:58:49.2470000,55.750000,37.516670
86604,"Ambatofotsy",1882,143,"38K","38K1H6S4Q",2,2026-09-28 07:58:50.7770000,0,741,0,2026-09-28 07:58:50.7770000,-19.083330,47.566670
2401897,"Skomielna Czarna",2439,180,"34U","34U2H4S2Q",2,2026-06-12 05:46:59.0030000,0,1894,0,2026-09-28 07:58:51.8330000,49.727090,19.836330
86741,"Tsararivotra",1882,143,"38K","38K1H6S4Q",2,2026-09-28 07:58:53.7370000,0,741,0,2026-09-28 07:58:53.7370000,-19.066670,47.566670
2670634,"Mazilovo",2670,192,"37U","37U1H1S2Q",2,2019-04-08 13:37:02.2230000,0,1607563,0,2026-09-28 07:58:59.1370000,55.733330,37.483330
86740,"Masindray",1882,143,"38K","38K1H6S4Q",2,2026-09-28 07:58:59.2500000,0,752,0,2026-09-28 07:58:59.2500000,-19.066670,47.516670
2348752,"Lozovskiy",3432,230,"37U","37U2H5S3Q",1,2026-09-28 07:58:59.5500000,1200,0,0,2026-09-28 07:58:59.5500000,48.564720,38.885280
2347853,"Slavyanoserbsk",3432,230,"37U","37U2H5S3Q",1,2026-09-28 07:59:03.0630000,1200,0,0,2026-09-28 07:59:03.0630000,48.549170,38.908330
87353,"Andoharanofotsy",1882,143,"38K","38K1H6S2Q",2,2026-09-28 07:59:05.3430000,0,741,0,2026-09-28 07:59:05.3430000,-18.983330,47.533330
2347617,"Lotikovo",3432,230,"37U","37U2H5S3Q",1,2026-09-28 07:59:06.8500000,1200,0,0,2026-09-28 07:59:06.8500000,48.533890,38.917500
87244,"Ankaraobato",1882,143,"38K","38K1H6S4Q",2,2026-09-28 07:59:08.4030000,0,741,0,2026-09-28 07:59:08.4030000,-19.000000,47.533330
2346734,"Lesogorovka",3432,230,"37U","37U2H5S3Q",1,2026-09-28 07:59:10.4700000,1200,0,0,2026-09-28 07:59:10.4730000,48.518060,38.908890
87245,"Ambohijanaka",1882,143,"38K","38K1H6S4Q",2,2026-09-28 07:59:13.3530000,46,300,0,2026-09-28 07:59:13.3530000,-19.000000,47.566670
2345076,"Alekseyevka",3432,230,"37U","37U2H5S3Q",1,2026-09-28 07:59:13.9870000,1200,0,0,2026-09-28 07:59:13.9870000,48.485830,38.912500
1792617,"Scotts Valley",3567,233,"10S","10S1H5S2Q",3,2026-09-23 04:02:55.6370000,0,0,1970346,2026-09-28 07:59:15.4530000,37.051060,-122.014680
87004,"Anjomakely",1882,143,"38K","38K1H6S4Q",2,2026-09-28 07:59:18.2930000,0,741,0,2026-09-28 07:59:18.2930000,-19.033330,47.550000
86860,"Ambohitsoa",1882,143,"38K","38K1H6S4Q",2,2026-09-28 07:59:22.8200000,0,741,0,2026-09-28 07:59:22.8200000,-19.050000,47.583330
2345184,"Mikhaylovka",3432,230,"37U","37U2H5S3Q",1,2026-09-28 07:59:23.6770000,1200,0,0,2026-09-28 07:59:23.6770000,48.493610,38.903890
2344234,"Isakovo",3432,230,"37U","37U2H5S3Q",1,2026-09-28 07:59:32.7170000,1200,0,0,2026-09-28 07:59:32.7170000,48.469720,38.903330
2342758,"Osipovka",3432,230,"37U","37U2H5S3Q",1,2026-09-28 07:59:38.2170000,1200,0,0,2026-09-28 07:59:38.2170000,48.448060,38.908610
2342734,"Troitskiy",3432,230,"37U","37U2H5S3Q",1,2022-10-24 12:53:39.8730000,2400,0,0,2026-09-28 08:00:01.6800000,48.446670,38.927500
2675658,"Korovino",2670,192,"37U","37U1H1S2Q",2,2022-11-15 10:52:56.2530000,0,1592886,0,2026-09-28 08:02:30.6400000,55.883330,37.516670
2669493,"Amin'yevo",2670,192,"37U","37U1H1S2Q",2,2019-01-30 10:12:46.9970000,0,1507134,0,2026-09-28 08:03:16.0970000,55.700000,37.466670
2666902,"Teplyy Stan",2670,192,"37U","37U1H1S2Q",2,2022-09-01 19:00:10.3500000,0,1810390,0,2026-09-28 08:03:24.9170000,55.620470,37.493380
2666768,"Uzkoye",2670,192,"37U","37U1H1S2Q",2,2022-07-25 09:05:26.5770000,0,1608978,0,2026-09-28 08:03:30.1270000,55.616670,37.533330
2302607,"Snyders Corner",3578,233,"10T","10T1H2S2Q",2,2014-08-22 23:53:18.0700000,2275,3996761,0,2026-09-28 08:03:33.4900000,47.666490,-122.163460
2666399,"Yasenevo",2670,192,"37U","37U1H1S2Q",2,2022-02-10 09:56:10.3070000,0,1622858,0,2026-09-28 08:03:38.0330000,55.606860,37.519910
2665852,"Chertanovo Yuzhnoye",2670,192,"37U","37U1H1S2Q",2,2022-11-20 22:17:02.9300000,0,2234843,0,2026-09-28 08:03:44.8500000,55.590720,37.595190
2665672,"Annino",2670,192,"37U","37U1H1S2Q",2,2022-07-12 10:32:38.4370000,0,2579461,0,2026-09-28 08:03:52.5770000,55.583330,37.600000
2665808,"Biryulevo Zapadnoye",2670,192,"37U","37U1H1S2Q",2,2024-03-05 18:48:21.5700000,0,1548955,0,2026-09-28 08:03:58.0030000,55.587660,37.642820
2301614,"Hunt's Point",3578,233,"10T","10T1H2S2Q",2,2013-04-28 08:23:56.7670000,517,1505682,0,2026-09-28 08:04:10.3070000,47.637580,-122.225600
2303285,"Ravenna",3578,233,"10T","10T1H2S2Q",1,2013-06-23 00:01:22.5100000,3776425,0,0,2026-09-28 08:04:25.8430000,47.675650,-122.297630
67663,"Berevo",1880,143,"38K","38K2H2S4Q",2,2026-09-28 08:06:02.0400000,0,741,0,2026-09-28 08:06:02.0400000,-21.483330,45.483330
67662,"Mego",1877,143,"38K","38K2H2S4Q",2,2026-09-28 08:06:05.8200000,0,741,0,2026-09-28 08:06:05.8200000,-21.483330,45.466670
68089,"Ambondro",1877,143,"38K","38K2H2S4Q",2,2026-09-28 08:06:09.2500000,0,741,0,2026-09-28 08:06:09.2500000,-21.433330,45.400000
2515005,"Aktashevo",2696,192,"40U","40U2H2S2Q",1,2026-09-28 08:06:09.8430000,1200,0,0,2026-09-28 08:06:09.8430000,51.947220,57.780830
2515014,"Benderovka",2657,192,"38U","38U2H1S2Q",1,2026-09-28 08:06:16.2300000,1200,0,0,2026-09-28 08:06:16.2300000,51.947500,43.899800
87005,"Ankadivory",1882,143,"38K","38K1H6S4Q",2,2026-09-28 08:06:20.2130000,0,741,0,2026-09-28 08:06:20.2130000,-19.033330,47.583330
2524824,"Silbersee",713,57,"33U","33U1H4S4Q",3,2026-09-28 08:06:21.7630000,0,0,811,2026-09-28 08:06:21.7630000,52.150000,13.633330
87133,"Masomboay",1882,143,"38K","38K1H6S4Q",2,2026-09-28 08:06:23.9170000,0,741,0,2026-09-28 08:06:23.9170000,-19.016670,47.600000
2515021,"Brodetskoye",2665,192,"40U","40U2H1S1Q",1,2026-09-28 08:06:25.2270000,1200,0,0,2026-09-28 08:06:25.2270000,51.947780,54.658890
87006,"Amboniriana",1882,143,"38K","38K1H6S4Q",2,2026-09-28 08:06:30.8900000,0,752,0,2026-09-28 08:06:30.8900000,-19.033330,47.616670
2515042,"Ovsyannikov",2646,192,"37U","37U2H2S1Q",1,2026-09-28 08:06:33.6800000,1200,0,0,2026-09-28 08:06:33.6800000,51.948490,38.696950
86743,"Ambohijato",1882,143,"38K","38K1H6S4Q",2,2026-09-28 08:06:40.3400000,0,741,0,2026-09-28 08:06:40.3400000,-19.066670,47.650000
86744,"Ankadinandriana",1882,143,"38K","38K1H6S4Q",2,2026-09-28 08:06:46.5000000,0,741,0,2026-09-28 08:06:46.5000000,-19.066670,47.666670
2515046,"Chemizovka",2657,192,"38U","38U2H2S2Q",1,2026-09-28 08:06:58.2530000,1200,0,0,2026-09-28 08:06:58.2530000,51.948610,45.089440
2515051,"Mikhaylovka",2657,192,"38U","38U2H3S1Q",1,2026-09-28 08:07:02.2470000,1200,0,0,2026-09-28 08:07:02.2470000,51.948890,46.974720
2515056,"Malyye Kopeny",2657,192,"38U","38U2H2S1Q",1,2026-09-28 08:07:17.4730000,1200,0,0,2026-09-28 08:07:17.4730000,51.949100,44.775800
2515065,"Lichnyy Trud",2674,192,"37U","37U2H2S1Q",1,2026-09-28 08:07:23.7600000,1200,0,0,2026-09-28 08:07:23.7600000,51.949170,38.096940
2515069,"Novoselovka",2657,192,"38U","38U2H2S1Q",1,2026-09-28 08:07:27.5000000,1200,0,0,2026-09-28 08:07:27.5000000,51.949200,44.264300
2671198,"Dorogomilovo",2670,192,"37U","37U1H1S2Q",2,2019-08-10 19:43:23.8070000,0,1709860,0,2026-09-28 08:07:56.0300000,55.750000,37.566670
2671197,"Presnenskiy",2670,192,"37U","37U1H1S2Q",2,2019-10-24 07:04:07.3130000,0,2446634,0,2026-09-28 08:08:02.3830000,55.750000,37.550000
2670635,"Potylikha",2670,192,"37U","37U1H1S2Q",2,2019-03-28 19:35:15.4900000,0,1641418,0,2026-09-28 08:08:06.9000000,55.733330,37.533330
2280550,"Haag",510,43,"32T","32T1H1S2Q",2,2026-05-08 14:43:32.6930000,0,1282868,0,2026-09-28 08:10:45.0770000,47.206860,7.437530
86750,"Ambodirano",1878,143,"39K","39K1H4S3Q",2,2026-09-28 08:18:31.5500000,0,741,0,2026-09-28 08:18:31.5500000,-19.066670,48.033330
86865,"Andratenina",1878,143,"39K","39K1H4S3Q",2,2026-09-28 08:18:37.0000000,0,741,0,2026-09-28 08:18:37.0000000,-19.050000,48.000000
2157001,"Rimini",1379,110,"33T","33T1H4S3Q",2,2026-09-28 08:19:29.5230000,780,3535,0,2026-09-28 08:19:29.5230000,44.063330,12.580830
86613,"Avilona",1878,143,"38K","38K1H6S4Q",2,2026-09-28 08:19:33.5400000,0,741,0,2026-09-28 08:19:33.5400000,-19.083330,47.983330
86612,"Antanandava",1878,143,"38K","38K1H6S4Q",2,2026-09-28 08:19:44.4870000,0,741,0,2026-09-28 08:19:44.4870000,-19.083330,47.950000
86485,"Sahalemaka",1878,143,"38K","38K1H6S4Q",2,2026-09-28 08:19:46.6030000,0,741,0,2026-09-28 08:19:46.6030000,-19.100000,47.950000
86611,"Ambarialoha",1878,143,"38K","38K1H6S4Q",2,2026-09-28 08:19:50.7030000,0,741,0,2026-09-28 08:19:50.7030000,-19.083330,47.933330
86749,"Antanjona",1878,143,"38K","38K1H6S4Q",2,2026-09-28 08:19:54.2170000,0,741,0,2026-09-28 08:19:54.2170000,-19.066670,47.966670
86863,"Ambodinivongo",1878,143,"38K","38K1H6S4Q",2,2026-09-28 08:19:59.7100000,0,741,0,2026-09-28 08:19:59.7100000,-19.050000,47.966670
86864,"Ambodiakondro",1878,143,"38K","38K1H6S4Q",2,2026-09-28 08:20:02.9470000,0,741,0,2026-09-28 08:20:02.9470000,-19.050000,47.983330
87011,"Andrangolaoka",1882,143,"38K","38K1H6S4Q",2,2026-09-28 08:23:14.0970000,0,741,0,2026-09-28 08:23:14.0970000,-19.033330,47.916670
85743,"Ambohibe",1878,143,"38K","38K1H6S4Q",2,2026-09-28 08:23:20.6300000,0,741,0,2026-09-28 08:23:20.6300000,-19.200000,47.916670
84560,"Ambohijanaka",1882,143,"38K","38K1H6S4Q",2,2026-09-28 08:23:31.2370000,0,741,0,2026-09-28 08:23:31.2400000,-19.366670,47.766670
2669497,"Kozhukhovo",2670,192,"37U","37U1H1S2Q",2,2022-11-21 04:09:02.4700000,0,3318898,0,2026-09-28 08:25:52.9300000,55.700000,37.666670
2670059,"Novaya Khokhlovka",2670,192,"37U","37U1H1S2Q",2,2023-05-04 08:29:12.7730000,0,3321316,0,2026-09-28 08:26:15.1930000,55.716670,37.683330
2332339,"Tal-ar-Groas",961,75,"30U","30U2H4S4Q",3,2023-02-19 19:58:03.7530000,0,517,4872,2026-09-28 08:26:44.5030000,48.248110,-4.420370
86745,"Ambohimanantsoa",1882,143,"38K","38K1H6S4Q",2,2026-09-28 08:27:13.0400000,0,741,0,2026-09-28 08:27:13.0400000,-19.066670,47.683330
86606,"Masobe",1882,143,"38K","38K1H6S4Q",2,2026-09-28 08:27:17.5870000,0,741,0,2026-09-28 08:27:17.5870000,-19.083330,47.683330
2237194,"Les Rappes",506,43,"32T","32T1H1S4Q",2,2026-09-28 08:27:17.8200000,9254,10340,0,2026-09-28 08:27:17.8200000,46.066670,7.083330
86481,"Ambodiala",1882,143,"38K","38K1H6S4Q",2,2026-09-28 08:27:20.2400000,0,741,0,2026-09-28 08:27:20.2400000,-19.100000,47.683330
2237527,"Les Valettes",506,43,"32T","32T1H1S4Q",2,2026-09-28 08:27:22.3770000,9833,10744,0,2026-09-28 08:27:22.3770000,46.075310,7.073480
86370,"Ambohiboahangy",1882,143,"38K","38K1H6S4Q",2,2026-09-28 08:27:22.8870000,0,741,0,2026-09-28 08:27:22.8870000,-19.116670,47.716670
86267,"Amboronosy",1882,143,"38K","38K1H6S4Q",2,2026-09-28 08:27:26.3700000,0,741,0,2026-09-28 08:27:26.3700000,-19.133330,47.750000
2237590,"Bovernier",506,43,"32T","32T1H1S4Q",2,2026-09-28 08:27:31.3870000,12811,13442,0,2026-09-28 08:27:31.3870000,46.079010,7.085840
86371,"Ambohijafy",1882,143,"38K","38K1H6S4Q",2,2026-09-28 08:27:32.3100000,0,741,0,2026-09-28 08:27:32.3100000,-19.116670,47.783330
86482,"Angodongodona",1882,143,"38K","38K1H6S4Q",2,2026-09-28 08:27:37.3830000,0,741,0,2026-09-28 08:27:37.3830000,-19.100000,47.766670
86607,"Fihasinana",1882,143,"38K","38K1H6S4Q",2,2026-09-28 08:27:50.4100000,0,741,0,2026-09-28 08:27:50.4100000,-19.083330,47.716670
86608,"Ambohiby",1882,143,"38K","38K1H6S4Q",2,2026-09-28 08:29:52.0070000,0,741,0,2026-09-28 08:29:52.0070000,-19.083330,47.733330
86609,"Mandrosoa",1882,143,"38K","38K1H6S4Q",2,2026-09-28 08:29:57.9130000,0,758,0,2026-09-28 08:29:57.9130000,-19.083330,47.766670
2525668,"Rankenheim",713,57,"33U","33U1H4S4Q",3,2026-09-28 08:32:32.0870000,0,528,2916,2026-09-28 08:32:33.2500000,52.166670,13.633330
2342547,"Malo-Ivanovka",3432,230,"37U","37U2H5S3Q",1,2026-09-28 08:37:36.5500000,1200,0,0,2026-09-28 08:37:36.5500000,48.435280,38.918890
2341832,"Stepanovka",3432,230,"37U","37U2H5S3Q",1,2026-09-28 08:37:40.7870000,1200,0,0,2026-09-28 08:37:40.7870000,48.426940,38.885830
2341752,"Volchiy",3432,230,"37U","37U2H5S3Q",1,2026-09-28 08:37:43.9900000,1200,0,0,2026-09-28 08:37:43.9900000,48.420830,38.866390
2340131,"Ogorodnyy",3432,230,"37U","37U2H5S3Q",1,2026-09-28 08:37:48.6230000,1200,0,0,2026-09-28 08:37:48.6230000,48.396390,38.844720
2342604,"Pereval'sk",3432,230,"37U","37U2H5S3Q",1,2026-09-28 08:37:56.9200000,1200,0,0,2026-09-28 08:37:56.9200000,48.439170,38.815560
2342494,"Parizhskaya Kommuna",3432,230,"37U","37U2H5S3Q",1,2026-09-28 08:38:02.4370000,1200,0,0,2026-09-28 08:38:02.4400000,48.433330,38.816670
2347616,"Petrovka",3432,230,"37U","37U2H5S3Q",1,2026-09-28 08:38:08.2170000,1200,0,0,2026-09-28 08:38:08.2170000,48.533890,38.814170
2347583,"Golovinovka",3432,230,"37U","37U2H5S3Q",1,2026-09-28 08:38:11.7800000,1200,0,0,2026-09-28 08:38:11.7800000,48.533330,38.800000
84801,"Bemasoandro",1882,143,"38K","38K1H6S4Q",2,2026-09-28 08:38:23.4670000,0,741,0,2026-09-28 08:38:23.4670000,-19.333330,47.766670
84685,"Anketrina",1882,143,"38K","38K1H6S4Q",2,2026-09-28 08:38:29.9070000,0,741,0,2026-09-28 08:38:29.9070000,-19.350000,47.800000
84684,"Ambondrona",1882,143,"38K","38K1H6S4Q",2,2026-09-28 08:38:37.4600000,0,741,0,2026-09-28 08:38:37.4600000,-19.350000,47.783330
84923,"Andranomifankatia",1882,143,"38K","38K1H6S4Q",2,2026-09-28 08:38:40.8200000,0,741,0,2026-09-28 08:38:40.8200000,-19.316670,47.783330
85178,"Amberobe",1882,143,"38K","38K1H6S4Q",2,2026-09-28 08:38:44.0330000,0,741,0,2026-09-28 08:38:44.0330000,-19.283330,47.783330
85179,"Ambatoharanana",1882,143,"38K","38K1H6S4Q",2,2026-09-28 08:38:47.8770000,0,741,0,2026-09-28 08:38:47.8770000,-19.283330,47.800000
84802,"Morarano",1882,143,"38K","38K1H6S4Q",2,2026-09-28 08:38:52.2630000,0,741,0,2026-09-28 08:38:52.2630000,-19.333330,47.816670
84803,"Andalatsarotra",1882,143,"38K","38K1H6S4Q",2,2026-09-28 08:38:55.2470000,0,741,0,2026-09-28 08:38:55.2470000,-19.333330,47.833330
2312474,"La Foucherie",961,75,"30T","30T1H3S1Q",3,2026-09-28 08:39:20.5370000,205,0,600,2026-09-28 08:39:20.5370000,47.866670,-1.316670
2311630,"La Giriere",961,75,"30T","30T1H3S1Q",3,2026-09-28 08:39:25.2300000,0,0,363,2026-09-28 08:39:25.2300000,47.850000,-1.333330
1379509,"Houston",3549,233,"15R","15R1H4S1Q",2,2020-12-17 05:05:35.4930000,0,15400792,0,2026-09-28 08:39:26.1700000,29.763280,-95.363270
2312472,"La Poltiere",961,75,"30T","30T1H3S1Q",3,2026-09-28 08:39:41.5400000,0,0,357,2026-09-28 08:39:41.5400000,47.866670,-1.433330
2313341,"Laigniere",961,75,"30T","30T1H3S1Q",1,2026-08-09 15:35:21.3900000,1048,0,348,2026-09-28 08:39:45.6630000,47.883330,-1.416670
2313340,"Coesmes",961,75,"30T","30T1H3S1Q",1,2026-08-09 15:35:17.0330000,1539,0,300,2026-09-28 08:39:47.7300000,47.883330,-1.433330
2314961,"Le Theil-de-Bretagne",961,75,"30T","30T1H3S1Q",3,2026-09-28 08:39:52.6730000,0,0,370,2026-09-28 08:39:52.6730000,47.916670,-1.433330
2314175,"Champagne",961,75,"30T","30T1H3S1Q",3,2026-09-28 08:39:55.8530000,0,0,357,2026-09-28 08:39:55.8530000,47.900000,-1.433330
2668645,"Lyubertsy",2671,192,"37U","37U1H1S2Q",2,2023-02-12 13:53:14.7130000,0,593252,0,2026-09-28 08:41:20.7300000,55.677190,37.893220
2289925,"Nagyteteny",1217,100,"34T","34T1H1S1Q",2,2026-09-28 08:42:26.7530000,0,1327,0,2026-09-28 08:42:26.7530000,47.395270,18.985660
2289385,"Gyokerpuszta",1217,100,"34T","34T1H1S1Q",2,2026-09-28 08:42:31.5300000,120,1034,154,2026-09-28 08:42:31.5300000,47.383330,18.983330
2288560,"Tarnok",1217,100,"34T","34T1H1S1Q",2,2026-09-28 08:42:52.2730000,0,1166,502,2026-09-28 08:42:52.2730000,47.366670,18.850000
2669585,"Tekstil'shchiki",2670,192,"37U","37U1H1S2Q",2,2019-06-22 11:55:13.5800000,0,1550211,0,2026-09-28 08:42:59.9870000,55.700330,37.742710
84924,"Nosimbola",1882,143,"38K","38K1H6S4Q",2,2026-09-28 08:43:54.0130000,0,741,0,2026-09-28 08:43:54.0130000,-19.316670,47.816670
85051,"Andravololona",1882,143,"38K","38K1H6S4Q",2,2026-09-28 08:43:57.7230000,0,741,0,2026-09-28 08:43:57.7230000,-19.300000,47.833330
85180,"Antokotoko",1882,143,"38K","38K1H6S4Q",2,2026-09-28 08:44:01.9130000,0,741,0,2026-09-28 08:44:01.9170000,-19.283330,47.866670
85407,"Miantsoarivo",1882,143,"38K","38K1H6S4Q",2,2026-09-28 08:44:05.7570000,0,741,0,2026-09-28 08:44:05.7570000,-19.250000,47.883330
85290,"Tsiazompaniry",1882,143,"38K","38K1H6S4Q",2,2026-09-28 08:45:27.4230000,0,741,0,2026-09-28 08:45:27.4230000,-19.266670,47.850000
2546822,"Popowo",2451,180,"33U","33U1H6S3Q",3,2019-02-13 23:47:47.6100000,0,0,1001269,2026-09-28 08:49:24.3400000,52.611600,16.651840
11280,"Linwood",138,13,"54H","54H1H4S1Q",1,2026-09-28 08:49:32.5000000,726,0,0,2026-09-28 08:49:32.5000000,-34.350000,138.766670
11319,"Stockport",138,13,"54H","54H1H4S1Q",1,2026-09-28 08:49:36.5830000,945,0,0,2026-09-28 08:49:36.5830000,-34.333330,138.733330
11491,"Brownlow",138,13,"54H","54H1H4S2Q",1,2026-09-28 08:50:07.8230000,1137,0,0,2026-09-28 08:50:07.8230000,-34.250000,139.266670
11426,"Frankton",138,13,"54H","54H1H4S2Q",1,2026-09-28 08:50:16.5000000,1140,0,0,2026-09-28 08:50:16.5000000,-34.283330,139.216670
11490,"Neale Flat",138,13,"54H","54H1H4S2Q",1,2026-09-28 08:50:20.5030000,1140,0,0,2026-09-28 08:50:20.5030000,-34.250000,139.166670
11713,"Sutherlands",138,13,"54H","54H1H4S2Q",1,2026-09-28 08:50:26.6430000,1134,0,0,2026-09-28 08:50:26.6430000,-34.150000,139.216670
11712,"Peep Hill",138,13,"54H","54H1H4S2Q",1,2026-09-28 08:50:31.2530000,1135,0,0,2026-09-28 08:50:31.2530000,-34.150000,139.150000
11625,"Eudunda",138,13,"54H","54H1H4S2Q",1,2026-09-28 08:50:35.1500000,1150,0,0,2026-09-28 08:50:35.1500000,-34.183330,139.066670
11711,"Hampden",138,13,"54H","54H1H4S2Q",1,2026-09-28 08:50:41.5700000,1138,0,0,2026-09-28 08:50:41.5700000,-34.150000,139.050000
2053094,"Lido di Roma",1377,110,"33T","33T2H4S1Q",3,2018-07-08 11:56:55.7600000,0,0,1569613,2026-09-28 08:51:02.6070000,41.732120,12.276540
2673529,"Strogino",2670,192,"37U","37U1H1S2Q",2,2021-11-22 07:19:23.3070000,0,1370275,0,2026-09-28 08:59:30.9970000,55.818380,37.412240
2214307,"Zelo Buon Persico",1375,110,"32T","32T1H5S2Q",1,2025-12-29 09:42:13.2930000,45800,0,0,2026-09-28 08:59:55.1870000,45.412470,9.432650
1611903,"Valencia",3567,233,"11S","11S2H2S3Q",3,2014-10-13 05:38:03.2270000,4136,0,771735,2026-09-28 09:00:11.6700000,34.146680,-117.272540
2669499,"Kuz'minki",2670,192,"37U","37U1H1S2Q",2,,0,1385374,0,2026-09-28 09:00:58.8870000,55.700000,37.800000
2289383,"Berki",1217,100,"34T","34T1H1S1Q",2,2026-09-28 09:05:55.2530000,0,1150,0,2026-09-28 09:05:55.2530000,47.383330,18.866670
2288561,"Doratanya",1217,100,"34T","34T1H1S1Q",2,2026-09-28 09:06:06.6500000,0,1034,526,2026-09-28 09:06:06.6500000,47.366670,18.866670
2286119,"Gabormajor",1221,100,"34T","34T1H1S1Q",2,2026-09-28 09:06:54.2100000,0,1858,1120,2026-09-28 09:06:54.2100000,47.316670,18.766670
2073403,"Warren",3583,233,"18T","18T2H3S4Q",1,2013-08-13 11:40:09.8900000,590645,0,0,2026-09-28 09:08:26.8300000,42.212590,-72.191190
85406,"Iharamalaza",1882,143,"38K","38K1H6S4Q",2,2026-09-28 09:11:08.8370000,0,741,0,2026-09-28 09:11:08.8370000,-19.250000,47.816670
85636,"Miadampehonina",1882,143,"38K","38K1H6S4Q",2,2026-09-28 09:11:11.5270000,0,741,0,2026-09-28 09:11:11.5270000,-19.216670,47.833330
85878,"Ankadilalana",1882,143,"38K","38K1H6S4Q",2,2026-09-28 09:11:16.9470000,0,741,0,2026-09-28 09:11:16.9470000,-19.183330,47.816670
85879,"Angodongodona",1882,143,"38K","38K1H6S4Q",2,2026-09-28 09:11:31.3570000,0,758,0,2026-09-28 09:11:31.3570000,-19.183330,47.850000
86016,"Tsiazompaniry-Kely",1882,143,"38K","38K1H6S4Q",2,2026-09-28 09:11:34.8500000,0,741,0,2026-09-28 09:11:34.8500000,-19.166670,47.866670
86272,"Miandrarivo",1882,143,"38K","38K1H6S4Q",2,2026-09-28 09:11:39.2370000,0,758,0,2026-09-28 09:11:39.2370000,-19.133330,47.866670
86015,"Tsaratanana",1882,143,"38K","38K1H6S4Q",2,2026-09-28 09:11:45.8370000,0,758,0,2026-09-28 09:11:45.8370000,-19.166670,47.833330
86014,"Tsarazaza",1882,143,"38K","38K1H6S4Q",2,2026-09-28 09:11:52.2170000,0,741,0,2026-09-28 09:11:52.2170000,-19.166670,47.816670
1335852,"Orlando",3538,233,"17R","17R1H5S3Q",3,2020-11-10 17:19:59.2070000,0,0,2363227,2026-09-28 09:14:30.1500000,28.538340,-81.379240
1595845,"Crystal Hills",3539,233,"17S","17S2H4S1Q",1,2013-09-27 01:38:21.3700000,925021,0,0,2026-09-28 09:15:26.4800000,33.907340,-83.417100
2127050,"La Cinquantina",1370,110,"32T","32T2H3S1Q",3,2026-09-28 09:17:12.4530000,0,18,1200,2026-09-28 09:17:12.4530000,43.316670,10.483330
1577242,"Frances Heights",3551,233,"16S","16S2H5S2Q",1,2026-09-28 07:20:33.6530000,7250,0,0,2026-09-28 09:17:50.0400000,33.613160,-86.836660
86270,"Merikanjaka",1882,143,"38K","38K1H6S4Q",2,2026-09-28 09:18:00.0500000,0,1058,0,2026-09-28 09:18:00.0500000,-19.133330,47.850000
86269,"Ambohitratsimo",1882,143,"38K","38K1H6S4Q",2,2026-09-28 09:18:11.9170000,0,758,0,2026-09-28 09:18:11.9170000,-19.133330,47.833330
86484,"Ambodinampahitra",1882,143,"38K","38K1H6S4Q",2,2026-09-28 09:18:17.3570000,0,758,0,2026-09-28 09:18:17.3600000,-19.100000,47.850000
86483,"Antanimasaka",1882,143,"38K","38K1H6S4Q",2,2026-09-28 09:18:22.2730000,0,758,0,2026-09-28 09:18:22.2730000,-19.100000,47.816670
2667911,"Chagino",2670,192,"37U","37U1H1S2Q",2,2020-03-03 12:35:36.6370000,0,1339570,0,2026-09-28 09:18:28.7870000,55.650000,37.800000
2285287,"Veghmajor",1221,100,"34T","34T1H1S1Q",2,2026-09-28 09:19:30.6630000,0,2901,0,2026-09-28 09:19:31.9530000,47.300000,18.733330
2281728,"Csikotanya",1221,100,"34T","34T1H1S1Q",2,2026-09-28 09:19:46.6000000,0,1034,360,2026-09-28 09:19:46.6000000,47.233330,18.683330
2282543,"Mereymajor",1221,100,"34T","34T1H1S1Q",2,2026-09-28 09:19:50.6400000,0,578,0,2026-09-28 09:19:50.6400000,47.250000,18.716670
2280986,"Kisvelence",1221,100,"34T","34T1H1S1Q",2,2026-09-28 09:20:03.7700000,0,621,0,2026-09-28 09:20:03.7700000,47.216670,18.666670
2681210,"Crossford",977,77,"30V","30V2H5S3Q",3,2026-09-28 09:21:03.9600000,0,0,3075,2026-09-28 09:21:05.2930000,56.050000,-3.500000
12283,"Geranium Plain",138,13,"54H","54H1H1S4Q",1,2026-09-28 09:26:49.9470000,1123,0,0,2026-09-28 09:26:49.9470000,-33.966670,139.166670
864496,"Ban Thai Wat",3195,218,"47P","47P1H3S3Q",1,2026-09-28 09:26:50.9500000,7547,0,0,2026-09-28 09:26:55.9000000,14.200000,100.550000
12152,"Robertstown",138,13,"54H","54H1H4S2Q",1,2026-09-28 09:27:09.0700000,1129,0,0,2026-09-28 09:27:09.0700000,-34.000000,139.066670
864494,"Ban Wat Bot",3195,218,"47P","47P1H3S3Q",1,2026-09-28 05:47:23.6930000,8467,0,0,2026-09-28 09:27:11.2400000,14.200000,100.533330
11826,"Australia Plains",138,13,"54H","54H1H4S2Q",1,2026-09-28 09:27:19.0330000,1134,0,0,2026-09-28 09:27:19.0330000,-34.100000,139.133330
11873,"Point Pass",138,13,"54H","54H1H4S2Q",1,2026-09-28 09:27:23.4370000,1134,0,0,2026-09-28 09:27:23.4370000,-34.083330,139.050000
11825,"Julia",138,13,"54H","54H1H4S2Q",1,2026-09-28 09:27:27.0600000,1137,0,0,2026-09-28 09:27:27.0600000,-34.100000,139.016670
11710,"Tarnma",138,13,"54H","54H1H4S1Q",1,2026-09-28 09:27:30.7800000,1140,0,0,2026-09-28 09:27:30.7800000,-34.150000,138.950000
11824,"Tothill Creek",138,13,"54H","54H1H4S1Q",1,2026-09-28 09:27:35.8000000,1138,0,0,2026-09-28 09:27:35.8000000,-34.100000,138.916670
11916,"Ngapala",138,13,"54H","54H1H4S1Q",1,2026-09-28 09:27:43.5730000,1135,0,0,2026-09-28 09:27:43.5730000,-34.066670,138.983330
11968,"Steelton",138,13,"54H","54H1H4S1Q",1,2026-09-28 09:28:03.5200000,1137,0,0,2026-09-28 09:28:03.5200000,-34.050000,138.883330
2126696,"Cecina",1370,110,"32T","32T2H3S1Q",3,2026-09-28 09:31:20.2300000,0,0,1150,2026-09-28 09:31:20.2300000,43.312830,10.524010
2133143,"Pomaia",1370,110,"32T","32T2H3S1Q",2,2025-11-25 14:22:42.0000000,0,6266,1800,2026-09-28 09:31:30.1270000,43.433740,10.566310
2112688,"La Bandita",1370,110,"32T","32T2H3S1Q",3,2026-09-28 09:31:43.1430000,0,0,388,2026-09-28 09:31:43.1430000,43.033330,10.633330
2107174,"Follonica",1370,110,"32T","32T2H3S3Q",3,2026-09-28 09:31:51.5930000,390,268,1385,2026-09-28 09:31:51.5930000,42.926330,10.761620
2111816,"Fattoria la Marsiliana",1370,110,"32T","32T2H3S1Q",3,2026-09-28 09:31:59.4770000,0,11,436,2026-09-28 09:31:59.4770000,43.016670,10.800000
2054407,"Ostia Antica",1377,110,"33T","33T2H4S1Q",3,2018-07-08 09:25:13.2970000,0,0,1433996,2026-09-28 09:32:21.0070000,41.761580,12.301550
2170741,"Piata Unirii",2632,190,"35T","35T1H5S3Q",1,2026-09-27 13:00:20.8500000,38978,0,0,2026-09-28 09:36:36.3300000,44.427330,26.102360
2676597,"Moodiesburn",977,77,"30U","30U1H1S2Q",1,2026-07-12 05:48:36.4700000,601025,0,0,2026-09-28 09:37:24.6600000,55.915010,-4.083310
2280981,"Buhinpuszta",1221,100,"34T","34T1H1S1Q",2,2026-09-28 09:37:48.3430000,0,1356,0,2026-09-28 09:37:48.3430000,47.216670,18.650000
2674333,"Pollok",977,77,"30U","30U1H1S2Q",1,2026-02-28 13:46:15.9600000,501185,0,0,2026-09-28 09:37:52.0400000,55.850000,-4.300000
2280605,"Gardony",1221,100,"34T","34T1H1S1Q",2,2026-09-28 09:37:56.4600000,0,860,0,2026-09-28 09:37:56.4600000,47.209420,18.636070
2280180,"Agardi Villatelep",1221,100,"34T","34T1H1S1Q",2,2026-09-28 09:38:02.0930000,0,1348,0,2026-09-28 09:38:02.0930000,47.200000,18.633330
2280987,"Bognarhaz",1221,100,"34T","34T1H1S1Q",2,2026-09-28 09:38:09.7400000,0,912,0,2026-09-28 09:38:09.7430000,47.216670,18.700000
2280181,"Hajdutanya",1221,100,"34T","34T1H1S1Q",3,2026-09-12 07:41:50.3200000,0,517,1998,2026-09-28 09:38:13.1070000,47.200000,18.683330
2280413,"Bettlach",510,43,"32T","32T1H1S2Q",2,2026-09-24 07:06:47.1300000,0,2002833,0,2026-09-28 09:41:22.8770000,47.200620,7.424050
86746,"Mahatsara",1882,143,"38K","38K1H6S4Q",2,2026-09-28 09:42:30.1100000,0,758,0,2026-09-28 09:42:30.1100000,-19.066670,47.766670
12282,"Brady Creek",138,13,"54H","54H1H1S4Q",1,2026-09-28 09:51:25.2130000,1128,0,0,2026-09-28 09:51:25.2130000,-33.966670,139.000000
12556,"Emu Downs",138,13,"54H","54H1H1S3Q",1,2026-09-28 09:51:30.4970000,1123,0,0,2026-09-28 09:51:30.4970000,-33.900000,138.966670
2005243,"Napoli",1380,110,"33T","33T2H5S3Q",3,2016-09-29 13:29:01.6630000,0,0,1010858,2026-09-28 09:51:31.8830000,40.833330,14.250000
12354,"Apoinga",138,13,"54H","54H1H1S3Q",1,2026-09-28 09:51:35.3300000,1128,0,0,2026-09-28 09:51:35.3300000,-33.950000,138.933330
12555,"Black Springs",138,13,"54H","54H1H1S3Q",1,2026-09-28 09:51:40.3200000,1126,300,0,2026-09-28 09:51:40.3200000,-33.900000,138.900000
12216,"Waterloo",138,13,"54H","54H1H1S3Q",1,2026-09-28 09:51:46.0700000,1133,0,0,2026-09-28 09:51:46.0700000,-33.983330,138.866670
12151,"Manoora",138,13,"54H","54H1H4S1Q",1,2026-09-28 09:51:49.9500000,1134,0,0,2026-09-28 09:51:49.9500000,-34.000000,138.816670
11872,"Saddleworth",138,13,"54H","54H1H4S1Q",1,2026-09-28 09:51:55.7270000,1140,0,0,2026-09-28 09:51:55.7270000,-34.083330,138.783330
11915,"Undalya",138,13,"54H","54H1H4S1Q",1,2026-09-28 09:52:11.6130000,1139,0,0,2026-09-28 09:52:11.6130000,-34.066670,138.683330
12503,"Mintaro",138,13,"54H","54H1H1S3Q",1,2026-09-28 09:52:39.3800000,1129,0,0,2026-09-28 09:52:39.3800000,-33.916670,138.716670
2691426,"Moonzie",977,77,"30V","30V2H5S3Q",3,2025-05-31 06:06:11.3030000,0,300,3238965,2026-09-28 09:53:16.5730000,56.333330,-3.066670
2275462,"Kussnacht",511,43,"32T","32T1H2S1Q",3,2026-07-22 17:03:23.8630000,1817,0,51989,2026-09-28 09:54:04.4770000,47.083330,8.433330
2516845,"Gross Ziescht",713,57,"33U","33U2H1S2Q",3,2026-09-28 09:54:24.7070000,0,0,869,2026-09-28 09:54:24.7070000,51.983330,13.483330
104814,"Antsirasira",1879,143,"38K","38K1H2S3Q",2,2026-09-28 09:54:40.0670000,0,741,0,2026-09-28 09:54:40.0670000,-17.000000,44.666670
105166,"Belambo",1879,143,"38K","38K1H3S1Q",2,2026-09-28 09:54:46.5570000,0,1011,0,2026-09-28 09:54:46.5570000,-16.966670,46.633330
104672,"Antsirasira Sud",1879,143,"38K","38K1H2S3Q",2,2026-09-28 09:55:18.8970000,0,741,0,2026-09-28 09:55:18.8970000,-17.016670,44.683330
103995,"Antsakoazato",1879,143,"38K","38K1H2S3Q",2,2026-09-28 09:55:31.5970000,0,741,0,2026-09-28 09:55:31.5970000,-17.083330,44.633330
63699,"Ambatohirika",1880,143,"38K","38K2H3S3Q",2,2026-09-28 09:55:31.6270000,0,741,0,2026-09-28 09:55:31.6270000,-21.966670,46.500000
2362883,"Loisy",952,75,"32U","32U2H4S3Q",1,2026-05-01 20:46:07.2230000,5386,0,0,2026-09-28 09:55:34.5600000,48.866670,6.100000
103252,"Tsiamelara",1879,143,"38K","38K1H2S3Q",2,2026-09-28 09:55:36.7730000,0,741,0,2026-09-28 09:55:36.7730000,-17.150000,44.650000
2362884,"Sainte-Genevieve",952,75,"32U","32U2H4S3Q",1,2026-05-01 20:46:12.4600000,5148,0,0,2026-09-28 09:55:44.3200000,48.866670,6.116670
63824,"Ambohipeno",1880,143,"38K","38K2H3S3Q",2,2026-09-28 09:55:46.3430000,46,300,0,2026-09-28 09:55:46.3430000,-21.950000,46.516670
63955,"Betsiratsy",1880,143,"38K","38K2H3S3Q",2,2026-09-28 09:55:50.8200000,0,741,0,2026-09-28 09:55:50.8200000,-21.933330,46.483330
103828,"Betsiaky",1879,143,"38K","38K1H2S3Q",2,2026-09-28 09:55:51.8000000,0,741,0,2026-09-28 09:55:51.8000000,-17.100000,44.683330
64258,"Ambinaniroa-Andonaka",1880,143,"38K","38K2H3S3Q",2,2026-09-28 09:55:56.4470000,0,741,0,2026-09-28 09:55:56.4470000,-21.900000,46.500000
64096,"Andranoroa",1880,143,"38K","38K2H3S3Q",2,2026-09-28 09:55:58.4870000,0,741,0,2026-09-28 09:55:58.4870000,-21.916670,46.500000
60220,"Andranofotsy",1880,143,"38K","38K2H5S2Q",2,2026-09-28 09:56:12.9370000,0,741,0,2026-09-28 09:56:12.9370000,-22.516670,45.666670
1824332,"Savage Town",3585,233,"18S","18S1H5S1Q",3,2026-09-28 09:28:41.6200000,0,0,1957,2026-09-28 09:56:19.8400000,37.552080,-75.801320
104675,"Ambodifiakarana",1879,143,"38K","38K1H3S3Q",2,2026-09-28 09:56:20.5530000,46,851,0,2026-09-28 09:56:20.5530000,-17.016670,46.566670
104818,"Bokarana",1879,143,"38K","38K1H3S3Q",2,2026-09-28 09:56:24.8870000,0,1011,0,2026-09-28 09:56:24.8870000,-17.000000,46.566670
1824316,"Cats Bridge",3585,233,"18S","18S1H5S1Q",3,2026-09-28 09:28:45.6270000,0,0,1518,2026-09-28 09:56:32.3630000,37.551800,-75.781870
104981,"Marobaria",1879,143,"38K","38K1H3S1Q",2,2026-09-28 09:56:34.3700000,46,851,0,2026-09-28 09:56:34.3700000,-16.983330,46.633330
1824940,"Mount Zion",3585,233,"18S","18S1H5S1Q",3,2026-09-28 09:29:02.2600000,0,0,1516,2026-09-28 09:56:36.2400000,37.565970,-75.782990
104983,"Mahatsinjo",1879,143,"38K","38K1H3S1Q",2,2026-09-28 09:56:38.0770000,0,1011,0,2026-09-28 09:56:38.0770000,-16.983330,46.650000
1825316,"Coal Kiln Crossing",3585,233,"18S","18S1H5S1Q",3,2026-09-28 09:29:05.6430000,0,0,1516,2026-09-28 09:56:40.1970000,37.570970,-75.794370
104984,"Anjokozoka",1879,143,"38K","38K1H3S1Q",2,2026-09-28 09:56:41.3230000,0,1011,0,2026-09-28 09:56:41.3230000,-16.983330,46.666670
105342,"Androfiabe",1879,143,"38K","38K1H3S1Q",2,2026-09-28 09:56:44.4930000,0,1011,0,2026-09-28 09:56:44.4930000,-16.950000,46.700000
1826105,"Painter",3585,233,"18S","18S1H5S1Q",3,2026-09-28 09:29:09.9630000,0,0,1514,2026-09-28 09:56:45.2630000,37.585410,-75.784930
1825603,"Mappsburg",3585,233,"18S","18S1H5S1Q",3,2026-09-28 09:29:13.8630000,0,0,1514,2026-09-28 09:56:50.9600000,37.577630,-75.763540
1824392,"Quinby",3585,233,"18S","18S1H5S1Q",3,2026-09-28 09:28:57.3330000,0,0,1517,2026-09-28 09:56:54.8030000,37.553750,-75.733820
106045,"Andolonizimirahalahy",1879,143,"38K","38K1H3S1Q",2,2026-09-28 09:56:54.9830000,0,1011,0,2026-09-28 09:56:54.9830000,-16.883330,46.683330
1826436,"Red Hill",3585,233,"18S","18S1H5S1Q",3,2026-09-28 09:37:04.1570000,0,0,1954,2026-09-28 09:56:58.3900000,37.592630,-75.751870
105694,"Antanambao",1879,143,"38K","38K1H3S1Q",2,2026-09-28 09:57:01.8200000,0,1011,0,2026-09-28 09:57:01.8200000,-16.916670,46.733330
60111,"Redango",1880,143,"38K","38K2H5S2Q",2,2026-09-28 09:56:51.0100000,0,1941,0,2026-09-28 09:57:05.9130000,-22.533330,45.766670
60223,"Ivaro",1880,143,"38K","38K2H5S2Q",2,2026-09-28 09:57:21.7530000,0,741,0,2026-09-28 09:57:21.7530000,-22.516670,45.750000
60343,"Nanarena",1880,143,"38K","38K2H5S2Q",2,2026-09-28 09:57:24.6500000,0,741,0,2026-09-28 09:57:24.6500000,-22.500000,45.766670
60775,"Ampandrasoatanimbary",1880,143,"38K","38K2H5S2Q",2,2026-09-28 09:57:28.2530000,0,741,0,2026-09-28 09:57:28.2530000,-22.433330,45.750000
8941,"Myponga",138,13,"54H","54H1H4S3Q",3,2024-09-08 10:01:30.9200000,0,28535,771112,2026-09-28 09:57:33.3730000,-35.400000,138.450000
60899,"Folatsandry",1880,143,"38K","38K2H5S2Q",2,2026-09-28 09:57:34.3000000,0,741,0,2026-09-28 09:57:34.3000000,-22.416670,45.733330
61008,"Folahatsandry",1880,143,"38K","38K2H5S2Q",2,2026-09-28 09:57:37.9870000,0,741,0,2026-09-28 09:57:37.9870000,-22.400000,45.750000
60776,"Kibanivato",1880,143,"38K","38K2H5S2Q",2,2026-09-28 09:57:47.8800000,0,741,0,2026-09-28 09:57:47.8800000,-22.433330,45.783330
105341,"Ambodivohitra",1879,143,"38K","38K1H3S1Q",2,2026-09-28 09:58:15.7900000,0,1011,0,2026-09-28 09:58:15.7900000,-16.950000,46.483330
105693,"Kamakama",1879,143,"38K","38K1H3S1Q",2,2026-09-28 09:58:21.5970000,0,1011,0,2026-09-28 09:58:21.5970000,-16.916670,46.483330
105517,"Tanambao",1879,143,"38K","38K1H3S1Q",2,2026-09-28 09:58:28.4270000,0,1011,0,2026-09-28 09:58:28.4270000,-16.933330,46.450000
105516,"Madirosoa",1879,143,"38K","38K1H3S1Q",2,2026-09-28 09:58:31.3430000,0,1011,0,2026-09-28 09:58:31.3430000,-16.933330,46.416670
105165,"Andalivao",1879,143,"38K","38K1H3S1Q",2,2026-09-28 09:58:35.6300000,0,1011,0,2026-09-28 09:58:35.6300000,-16.966670,46.416670
103996,"Soarano",1879,143,"38K","38K1H2S3Q",2,2026-09-28 09:58:50.6730000,0,741,0,2026-09-28 09:58:50.6730000,-17.083330,44.766670
103442,"Antanifotsy",1879,143,"38K","38K1H2S3Q",2,2026-09-28 09:58:57.5700000,0,741,0,2026-09-28 09:58:57.5700000,-17.133330,44.733330
103829,"Bokarano",1879,143,"38K","38K1H2S3Q",2,2026-09-28 09:59:01.6730000,0,741,0,2026-09-28 09:59:01.6730000,-17.100000,44.783330
102065,"Tsingilo",1879,143,"38K","38K1H2S3Q",2,2026-09-28 09:59:09.2030000,0,741,0,2026-09-28 09:59:09.2030000,-17.266670,44.600000
103638,"Ambalampamba",1879,143,"38K","38K1H2S3Q",2,2026-09-28 09:59:14.2500000,0,741,0,2026-09-28 09:59:14.2500000,-17.116670,44.566670
104159,"Bekodony",1879,143,"38K","38K1H2S3Q",2,2026-09-28 09:59:21.8130000,0,741,0,2026-09-28 09:59:21.8130000,-17.066670,44.616670
105350,"Marahitra",1879,143,"38K","38K1H3S2Q",2,2026-09-28 09:59:35.9870000,0,843,0,2026-09-28 09:59:35.9870000,-16.950000,47.016670
105520,"Bevoay",1879,143,"38K","38K1H3S2Q",2,2026-09-28 09:59:41.9470000,0,843,0,2026-09-28 09:59:41.9470000,-16.933330,47.033330
105869,"Belavenona",1879,143,"38K","38K1H3S2Q",2,2026-09-28 09:59:47.5370000,0,843,0,2026-09-28 09:59:47.5370000,-16.900000,47.033330
106363,"Vohitrosy",1879,143,"38K","38K1H3S2Q",2,2026-09-28 09:59:52.6100000,0,846,0,2026-09-28 09:59:52.6100000,-16.850000,47.000000
11914,"Kulpara",138,13,"54H","54H1H4S1Q",1,2026-09-28 10:02:44.3330000,1134,0,0,2026-09-28 10:02:44.3330000,-34.066670,138.033330
11603,"Port Wakefield",138,13,"54H","54H1H4S1Q",1,2026-09-28 10:02:55.1100000,1143,0,0,2026-09-28 10:02:55.1100000,-34.185680,138.151360
11870,"Beaufort",138,13,"54H","54H1H4S1Q",1,2026-09-28 10:02:59.0600000,1138,0,0,2026-09-28 10:02:59.0600000,-34.083330,138.200000
12102,"Nantawarra",138,13,"54H","54H1H4S1Q",1,2026-09-28 10:03:03.9030000,1134,0,0,2026-09-28 10:03:03.9030000,-34.016670,138.233330
1738859,"Dawson",3546,233,"15S","15S1H4S3Q",3,2013-12-01 23:20:28.6470000,0,0,4589654,2026-09-28 10:03:05.1730000,36.179820,-95.908600
12281,"Sunny Hill",138,13,"54H","54H1H1S3Q",1,2026-09-28 10:03:07.8700000,1131,0,0,2026-09-28 10:03:07.8700000,-33.966670,138.200000
12430,"Lochiel",138,13,"54H","54H1H1S3Q",1,2026-09-28 10:03:13.2470000,1128,0,0,2026-09-28 10:03:13.2470000,-33.933330,138.166670
12502,"Bumbunga",138,13,"54H","54H1H1S3Q",1,2026-09-28 10:03:18.1700000,1127,0,0,2026-09-28 10:03:18.1700000,-33.916670,138.233330
30797,"Slacks Creek",142,13,"56J","56J1H5S4Q",2,2024-09-16 22:50:41.4270000,102897,1633333,0,2026-09-28 10:03:19.8800000,-27.650000,153.150000
2515076,"Nizhnyaya Lugovatka",2646,192,"37U","37U2H3S1Q",1,2026-09-28 10:04:25.5600000,1200,0,0,2026-09-28 10:04:25.5600000,51.949440,40.098060
2050345,"Blanes",909,68,"31T","31T2H5S1Q",3,2023-04-07 01:12:30.9830000,0,257250,788812,2026-09-28 10:04:31.7700000,41.674190,2.790360
1826404,"Old Trower",3585,233,"18S","18S1H5S1Q",3,2026-09-28 09:37:15.7570000,0,0,1954,2026-09-28 10:04:55.8630000,37.591800,-75.705480
1827167,"Wachapreague",3585,233,"18S","18S1H5S1Q",3,2026-09-28 09:38:39.5370000,0,0,1953,2026-09-28 10:05:00.0600000,37.604300,-75.689650
1826540,"Piggen",3585,233,"18S","18S1H5S1Q",3,2026-09-28 09:37:21.3300000,0,0,1954,2026-09-28 10:05:08.1370000,37.594860,-75.720480
1828645,"Chancetown",3585,233,"18S","18S1H5S1Q",1,2016-05-28 04:30:48.1200000,8648,0,876,2026-09-28 10:10:00.6930000,37.632350,-75.700480
2054820,"Fiumicino",1377,110,"33T","33T2H4S1Q",3,2021-12-23 21:26:36.4630000,0,0,2035070,2026-09-28 10:10:03.3230000,41.767470,12.229070
2053518,"Porto",1377,110,"33T","33T2H4S1Q",3,2019-02-12 12:44:12.6570000,0,0,1811044,2026-09-28 10:10:17.0930000,41.738530,12.245810
64403,"Ikobono",1880,143,"38K","38K2H3S3Q",2,2026-09-28 10:12:35.5470000,0,741,0,2026-09-28 10:12:35.5470000,-21.883330,46.500000
64530,"Tolia",1880,143,"38K","38K2H3S3Q",2,2026-09-28 10:12:40.3930000,0,741,0,2026-09-28 10:12:40.3930000,-21.866670,46.516670
64660,"Nameho",1880,143,"38K","38K2H3S3Q",2,2026-09-28 10:12:43.6470000,0,741,0,2026-09-28 10:12:43.6470000,-21.850000,46.483330
64529,"Manara",1880,143,"38K","38K2H3S3Q",2,2026-09-28 10:12:46.6000000,0,741,0,2026-09-28 10:12:46.6000000,-21.866670,46.450000
2515080,"Okhochevka",2646,192,"37U","37U2H3S1Q",1,2026-09-28 10:12:49.0500000,1200,0,0,2026-09-28 10:12:49.0500000,51.949720,40.048060
64659,"Sahanala Zomandao",1880,143,"38K","38K2H3S3Q",2,2026-09-28 10:12:51.3630000,0,741,0,2026-09-28 10:12:51.3630000,-21.850000,46.433330
2515083,"Slastukha",2657,192,"38U","38U2H2S1Q",1,2026-09-28 10:12:53.7900000,1200,0,0,2026-09-28 10:12:53.7900000,51.949800,44.548500
64402,"Antsoaravy",1880,143,"38K","38K2H3S3Q",2,2026-09-28 10:12:56.5100000,0,741,0,2026-09-28 10:12:56.5100000,-21.883330,46.416670
2515377,"Shatilovo",2646,192,"37U","37U2H2S2Q",1,2026-09-28 10:12:58.4230000,1200,0,0,2026-09-28 10:12:58.4230000,51.950000,39.216670
2274731,"Cernier",516,43,"32T","32T1H1S1Q",1,2025-10-29 16:23:33.0670000,93140,40192,0,2026-09-28 10:12:59.6900000,47.058780,6.900400
64528,"Androbay",1880,143,"38K","38K2H3S3Q",2,2026-09-28 10:13:00.4130000,0,741,0,2026-09-28 10:13:00.4130000,-21.866670,46.383330
2515379,"Shadchino",2657,192,"38U","38U2H2S1Q",1,2026-09-28 10:13:01.6470000,1200,0,0,2026-09-28 10:13:01.6470000,51.950000,44.183330
64401,"Ivonje",1880,143,"38K","38K2H3S3Q",2,2026-09-28 10:13:03.3300000,0,741,0,2026-09-28 10:13:03.3300000,-21.883330,46.366670
2515380,"Shilovka",2657,192,"38U","38U2H2S1Q",1,2026-09-28 10:13:04.9330000,1200,0,0,2026-09-28 10:13:04.9330000,51.950000,44.216670
2515381,"Plattsovka",2657,192,"38U","38U2H2S1Q",1,2026-09-28 10:13:09.1970000,1200,0,0,2026-09-28 10:13:09.1970000,51.950000,44.450000
2515383,"Klevenskiy",2657,192,"39U","39U2H1S2Q",1,2026-09-28 10:13:13.3300000,1200,0,0,2026-09-28 10:13:13.3330000,51.950000,49.550000
2515385,"Kamyshin",2665,192,"39U","39U2H2S2Q",1,2026-09-28 10:13:17.7300000,1200,0,0,2026-09-28 10:13:17.7300000,51.950000,51.216670
2534479,"Dabrowka Szlachecka",2440,180,"34U","34U1H5S3Q",2,2019-10-11 13:27:18.4570000,0,1686115,0,2026-09-28 10:14:28.5900000,52.344940,20.960030
2534814,"Nowodwory",2440,180,"34U","34U1H5S3Q",2,2019-07-06 03:25:56.0770000,0,1398009,0,2026-09-28 10:14:34.0170000,52.350000,20.933330
2536415,"Cegielnia",2440,180,"34U","34U1H5S3Q",2,2019-04-23 22:55:38.4200000,0,2096911,0,2026-09-28 10:14:40.4130000,52.383330,20.916670
2537640,"Stanislawow",2440,180,"34U","34U1H5S3Q",2,2019-05-01 12:40:04.5030000,0,1327118,0,2026-09-28 10:14:45.7200000,52.411060,20.963970
2538144,"Michalow-Reginow",2440,180,"34U","34U1H5S3Q",2,2019-05-22 16:48:14.0270000,0,1361997,0,2026-09-28 10:14:49.5270000,52.417110,20.965950
2537460,"Wola Aleksandra",2440,180,"34U","34U1H5S3Q",2,2019-06-06 09:29:21.3270000,0,1457038,0,2026-09-28 10:14:53.8900000,52.403570,20.988180
2538754,"Lajsk",2440,180,"34U","34U1H5S3Q",2,2020-11-13 04:08:34.5700000,0,1305430,0,2026-09-28 10:14:58.0970000,52.433330,20.950000
86610,"Ambohitrandriamanitra",1882,143,"38K","38K1H6S4Q",2,2026-09-28 09:18:33.7430000,0,1958,0,2026-09-28 10:15:45.7230000,-19.083330,47.783330
86747,"Ambohijalovo",1882,143,"38K","38K1H6S4Q",2,2026-09-28 09:42:35.7300000,0,1958,0,2026-09-28 10:15:49.2800000,-19.066670,47.783330
88041,"Ambohijafy",1882,143,"38K","38K1H6S2Q",2,2026-09-28 10:15:58.8600000,0,741,0,2026-09-28 10:15:58.8600000,-18.900000,47.750000
88162,"Nanganehana",1882,143,"38K","38K1H6S2Q",2,2026-09-28 10:16:04.5430000,0,741,0,2026-09-28 10:16:04.5430000,-18.883330,47.766670
2516841,"Markendorf",713,57,"33U","33U2H1S2Q",3,2026-09-28 10:20:18.2100000,0,0,1056,2026-09-28 10:20:18.2100000,51.983330,13.166670
2518302,"Werder",713,57,"33U","33U1H4S4Q",3,2026-09-28 10:20:27.8770000,0,0,1057,2026-09-28 10:20:27.8770000,52.016670,13.133330
2294684,"North Bend",3578,233,"10T","10T1H3S1Q",1,2019-11-08 02:50:50.0170000,4435798,0,0,2026-09-28 10:22:27.2070000,47.495660,-121.786780
46490,"Ampandra",1877,143,"38J","38J1H2S2Q",2,2026-09-28 10:23:12.1600000,0,1200,0,2026-09-28 10:23:12.1600000,-24.183330,45.600000
2548098,"Nowy Folwark",2451,180,"33U","33U1H6S3Q",3,2025-10-27 09:20:47.5630000,0,0,600301,2026-09-28 10:23:19.4730000,52.637110,16.796270
46668,"Ambatopaika",1877,143,"38J","38J1H2S2Q",2,2026-09-28 10:23:26.2500000,0,1200,0,2026-09-28 10:23:26.2500000,-24.150000,45.616670
46768,"Manarivola",1877,143,"38J","38J1H2S2Q",2,2026-09-28 10:23:29.3000000,0,1200,0,2026-09-28 10:23:29.3000000,-24.133330,45.616670
46861,"Soabonaky",1877,143,"38J","38J1H2S2Q",2,2026-09-28 10:23:32.4370000,0,1200,0,2026-09-28 10:23:32.4370000,-24.116670,45.633330
46769,"Ambondrombe",1877,143,"38J","38J1H2S2Q",2,2026-09-28 10:23:41.0230000,0,1200,0,2026-09-28 10:23:41.0230000,-24.133330,45.650000
46770,"Analadaro",1877,143,"38J","38J1H2S2Q",2,2026-09-28 10:23:44.5670000,0,1200,0,2026-09-28 10:23:44.5670000,-24.133330,45.666670
46771,"Amboasary",1877,143,"38J","38J1H2S2Q",2,2026-09-28 10:23:47.8230000,0,1200,0,2026-09-28 10:23:47.8230000,-24.133330,45.683330
46863,"Antsakotsoa",1877,143,"38J","38J1H2S2Q",2,2026-09-28 10:23:51.1530000,0,1200,0,2026-09-28 10:23:51.1530000,-24.116670,45.683330
1827248,"Trower",3585,233,"18S","18S1H5S1Q",3,2026-09-28 10:05:25.9270000,0,0,1518,2026-09-28 10:24:33.5370000,37.605970,-75.741870
1827445,"Locust Mount",3585,233,"18S","18S1H5S1Q",3,2026-09-28 10:05:16.9930000,0,0,1956,2026-09-28 10:24:45.9800000,37.610410,-75.699650
1828065,"Keller",3585,233,"18S","18S1H5S1Q",3,2026-09-28 10:09:56.8000000,0,0,1519,2026-09-28 10:24:54.5800000,37.619300,-75.763820
1829860,"Bobtown",3585,233,"18S","18S1H5S1Q",3,2026-09-28 10:13:14.3170000,0,0,1519,2026-09-28 10:25:02.3800000,37.650960,-75.793260
1862589,"Hoopersville",3542,233,"18S","18S1H1S4Q",3,2026-09-28 10:25:22.2770000,151,0,600,2026-09-28 10:25:22.2770000,38.261230,-76.179940
1889051,"Valliant",3542,233,"18S","18S1H1S4Q",3,2026-09-28 10:25:31.3800000,0,0,741,2026-09-28 10:25:31.3800000,38.768730,-76.379670
12682,"Bute",138,13,"54H","54H1H1S3Q",1,2026-09-28 10:27:14.3570000,1118,0,0,2026-09-28 10:27:14.3570000,-33.866670,138.016670
13123,"Wokurna",138,13,"54H","54H1H1S3Q",1,2026-09-28 10:27:24.4700000,1101,0,0,2026-09-28 10:27:24.4700000,-33.716670,138.050000
13220,"Nurrondi",138,13,"54H","54H1H1S3Q",1,2026-09-28 10:27:41.5670000,1097,0,0,2026-09-28 10:27:41.5670000,-33.683330,138.083330
13124,"Barunga",138,13,"54H","54H1H1S3Q",1,2026-09-28 10:27:47.9700000,1104,0,0,2026-09-28 10:27:47.9700000,-33.716670,138.133330
12935,"Snowtown",138,13,"54H","54H1H1S3Q",1,2026-09-28 10:27:54.9730000,1115,0,0,2026-09-28 10:27:54.9730000,-33.783330,138.216670
12982,"Condowie",138,13,"54H","54H1H1S3Q",1,2026-09-28 10:28:05.4830000,1115,0,0,2026-09-28 10:28:05.4830000,-33.766670,138.300000
13186,"Brinkworth",138,13,"54H","54H1H1S3Q",1,2026-09-28 10:28:20.7170000,1107,0,0,2026-09-28 10:28:20.7170000,-33.700000,138.400000
13187,"Rochester",138,13,"54H","54H1H1S3Q",1,2026-09-28 10:28:31.3300000,1110,0,0,2026-09-28 10:28:31.3300000,-33.700000,138.483330
12736,"Blyth",138,13,"54H","54H1H1S3Q",1,2026-09-28 10:28:41.4030000,1125,0,0,2026-09-28 10:28:41.4030000,-33.850000,138.483330
866522,"Ban Huai Chorakhe",3195,218,"47P","47P1H3S3Q",2,2026-06-19 15:36:17.7830000,5430,621909,0,2026-09-28 10:29:00.1670000,14.250000,100.683330
46669,"Benonoka",1877,143,"38J","38J1H2S2Q",2,2026-09-28 10:32:41.7400000,0,1200,0,2026-09-28 10:32:41.7400000,-24.150000,45.650000
46299,"Tsianerena",1877,143,"38J","38J1H2S2Q",2,2026-09-28 10:32:46.3300000,0,1200,0,2026-09-28 10:32:46.3300000,-24.216670,45.633330
46200,"Andamoty",1877,143,"38J","38J1H2S2Q",2,2026-09-28 10:32:57.9930000,0,1200,0,2026-09-28 10:32:57.9930000,-24.233330,45.633330
46201,"Bemanambo",1877,143,"38J","38J1H2S2Q",2,2026-09-28 10:33:02.1800000,0,1200,0,2026-09-28 10:33:02.1800000,-24.233330,45.683330
63698,"Mahasoa",1880,143,"38K","38K2H3S3Q",2,2026-09-28 10:34:48.9530000,0,741,0,2026-09-28 10:34:48.9570000,-21.966670,46.433330
63563,"Mahasoa",1880,143,"38K","38K2H3S3Q",2,2026-09-28 10:34:52.1070000,0,741,0,2026-09-28 10:34:52.1070000,-21.983330,46.433330
63440,"Mandazaka",1880,143,"38K","38K2H6S1Q",2,2026-09-28 10:34:54.7300000,0,741,0,2026-09-28 10:34:54.7300000,-22.000000,46.516670
63700,"Anaviavy",1880,143,"38K","38K2H3S3Q",2,2026-09-28 10:34:58.0400000,0,741,0,2026-09-28 10:34:58.0400000,-21.966670,46.550000
63826,"Mafaitra Avaratra",1880,143,"38K","38K2H3S3Q",2,2026-09-28 10:35:00.9230000,0,741,0,2026-09-28 10:35:00.9230000,-21.950000,46.566670
63956,"Mahamonga",1880,143,"38K","38K2H3S3Q",2,2026-09-28 10:35:04.9430000,258,782,0,2026-09-28 10:35:04.9430000,-21.933330,46.566670
64259,"Ambinda",1880,143,"38K","38K2H3S3Q",2,2026-09-28 10:35:10.4530000,0,741,0,2026-09-28 10:35:10.4530000,-21.900000,46.533330
63957,"Ambohimahatsinjo",1880,143,"38K","38K2H3S3Q",2,2026-09-28 10:35:14.4400000,0,741,0,2026-09-28 10:35:14.4400000,-21.933330,46.616670
2254606,"Walcott",3575,233,"14T","14T1H3S4Q",2,2015-01-22 23:39:58.6600000,0,2112149,0,2026-09-28 10:39:03.7900000,46.548850,-96.936750
2268371,"Mapleton",3575,233,"14T","14T1H3S3Q",2,2014-10-10 02:52:04.3130000,0,3001838,0,2026-09-28 10:39:22.1270000,46.889140,-97.052590
1554021,"Lincoln Park",3549,233,"14S","14S2H6S2Q",3,2010-01-01 00:00:00.0000000,4944,0,1054157,2026-09-28 10:42:01.6730000,33.222060,-96.972780
2515386,"Putilovskiy",2665,192,"40U","40U2H1S1Q",1,2026-09-28 10:42:02.0100000,1200,0,0,2026-09-28 10:42:02.0100000,51.950000,54.600000
2515387,"Kargalinskiy",2665,192,"40U","40U2H1S1Q",1,2026-09-28 10:42:08.1430000,1200,0,0,2026-09-28 10:42:08.1430000,51.950000,54.733330
2515388,"Karabator",2665,192,"40U","40U2H1S2Q",1,2026-09-28 10:42:12.3870000,1200,0,0,2026-09-28 10:42:12.3870000,51.950000,55.933330
2515389,"Nazarovskiy",2696,192,"40U","40U2H2S2Q",1,2026-09-28 10:42:15.8500000,1200,0,0,2026-09-28 10:42:15.8500000,51.950000,57.116670
2515390,"Galikeyevo",2696,192,"40U","40U2H2S2Q",1,2026-09-28 10:42:18.9800000,1200,0,0,2026-09-28 10:42:18.9800000,51.950000,57.466670
2515391,"Nikolayevka",2696,192,"40U","40U2H3S1Q",1,2026-09-28 10:42:22.8230000,1200,0,0,2026-09-28 10:42:22.8230000,51.950000,58.333330
2515392,"Zubochistinskiy",2665,192,"40U","40U2H3S1Q",1,2026-09-28 10:42:25.8000000,1200,0,0,2026-09-28 10:42:25.8000000,51.950000,58.800000
2515403,"Pospelikha",2715,192,"44U","44U2H2S2Q",1,2026-09-28 10:42:29.3870000,1200,0,0,2026-09-28 10:42:29.3870000,51.950000,81.766670
2512842,"Prensdorf",713,57,"33U","33U2H1S2Q",3,2026-09-28 10:43:40.9630000,0,0,701,2026-09-28 10:43:40.9630000,51.900000,13.466670
2512843,"Gorsdorf",713,57,"33U","33U2H1S2Q",3,2026-09-28 10:43:46.8900000,0,0,690,2026-09-28 10:43:46.8900000,51.900000,13.483330
2515251,"Schenkendorf",713,57,"33U","33U2H1S2Q",3,2026-09-28 10:43:51.7770000,0,0,671,2026-09-28 10:43:51.7770000,51.950000,13.466670
2516011,"Damsdorf",713,57,"33U","33U2H1S2Q",3,2026-09-28 10:43:57.4200000,0,300,692,2026-09-28 10:43:57.4200000,51.966670,13.433330
2515250,"Glienig",713,57,"33U","33U2H1S2Q",3,2026-09-28 10:44:01.6500000,0,0,763,2026-09-28 10:44:01.6500000,51.950000,13.450000
2517578,"Merzdorf",713,57,"33U","33U2H1S2Q",3,2026-09-28 10:44:10.9370000,0,444,1810,2026-09-28 10:44:10.9370000,52.000000,13.416670
2516844,"Petkus",713,57,"33U","33U2H1S2Q",3,2026-09-28 10:44:26.7570000,0,0,715,2026-09-28 10:44:26.7570000,51.983330,13.350000
2040326,"El Masnou",909,68,"31T","31T2H5S1Q",3,2018-09-15 18:14:21.2400000,0,0,598963,2026-09-28 10:44:32.5270000,41.479780,2.318800
2515404,"Gavrilovskiy",2715,192,"44U","44U2H3S1Q",1,2026-09-28 10:47:54.0130000,1200,0,0,2026-09-28 10:47:54.0130000,51.950000,82.133330
2515405,"Il'inka",2715,192,"44U","44U2H3S1Q",1,2026-09-28 10:48:06.1300000,1200,0,0,2026-09-28 10:48:06.1300000,51.950000,82.350000
2515407,"Svetlyy Luch",2715,192,"45U","45U2H1S2Q",1,2026-09-28 10:48:18.1000000,1200,0,0,2026-09-28 10:48:18.1000000,51.950000,85.616670
2515408,"Verkhne-Ayskoye",2715,192,"45U","45U2H1S2Q",1,2026-09-28 10:50:54.1300000,1200,0,0,2026-09-28 10:50:54.1300000,51.950000,85.650000
2005242,"Vomero",1380,110,"33T","33T2H5S3Q",3,2016-11-13 15:04:34.5070000,0,0,813885,2026-09-28 10:53:13.4470000,40.833330,14.233330
2198546,"Saint-Seurin-sur-l'Isle",965,75,"31T","31T1H4S1Q",3,2026-09-12 09:25:50.8230000,0,0,64836,2026-09-28 10:53:19.4800000,45.016670,0.000000
2204847,"Saint-Martin-de-Coux",947,75,"30T","30T1H6S2Q",3,2026-09-28 10:53:23.9300000,0,0,1098,2026-09-28 10:53:23.9300000,45.150000,-0.100000
2206181,"Le Fouilloux",947,75,"30T","30T1H6S2Q",3,2026-09-28 10:53:26.7900000,0,0,1098,2026-09-28 10:53:26.7900000,45.183330,-0.116670
2206862,"Boscamnant",947,75,"30T","30T1H6S2Q",3,2026-09-28 10:53:29.4270000,0,0,1098,2026-09-28 10:53:29.4270000,45.200000,-0.066670
2207507,"La Genetouze",947,75,"30T","30T1H6S2Q",3,2026-09-28 10:53:32.0700000,0,0,1098,2026-09-28 10:53:32.0730000,45.216670,-0.016670
2208784,"Sauvignac",947,75,"30T","30T1H6S2Q",3,2026-09-28 10:53:34.9500000,0,0,2206,2026-09-28 10:53:43.5600000,45.250000,-0.083330
1631211,"Meridian",3546,233,"14S","14S2H3S3Q",3,2026-09-28 10:54:51.1200000,0,0,1020,2026-09-28 10:54:51.1200000,34.427310,-97.978090
88042,"Sambaina",1882,143,"38K","38K1H6S2Q",2,2026-09-28 10:54:58.8330000,0,741,0,2026-09-28 10:54:58.8330000,-18.900000,47.783330
1631087,"Meridian",3546,233,"14S","14S2H3S3Q",3,2026-09-28 10:55:01.8000000,0,0,1020,2026-09-28 10:55:01.8000000,34.425540,-97.975860
88043,"Ambohimahandry",1882,143,"38K","38K1H6S2Q",2,2026-09-28 10:55:02.8830000,0,741,0,2026-09-28 10:55:02.8830000,-18.900000,47.800000
88284,"Ambohimahatsinjo",1882,143,"38K","38K1H6S2Q",2,2026-09-28 10:55:06.5470000,0,741,0,2026-09-28 10:55:06.5470000,-18.866670,47.800000
1630189,"Sunray",3546,233,"14S","14S2H3S3Q",3,2026-09-28 10:55:07.9800000,0,0,1032,2026-09-28 10:55:07.9800000,34.412580,-97.965040
88389,"Mangotokana",1882,143,"38K","38K1H6S2Q",2,2026-09-28 10:55:09.8000000,0,741,0,2026-09-28 10:55:09.8000000,-18.850000,47.800000
88506,"Anosibe",1882,143,"38K","38K1H6S2Q",2,2026-09-28 10:55:14.4800000,0,741,0,2026-09-28 10:55:14.4800000,-18.833330,47.816670
1632659,"Liberty",3546,233,"14S","14S2H3S3Q",3,2026-09-28 10:55:14.5800000,0,0,1017,2026-09-28 10:55:14.5800000,34.449250,-97.964760
88505,"Ambohimiadana",1882,143,"38K","38K1H6S2Q",2,2026-09-28 10:55:17.8500000,0,741,0,2026-09-28 10:55:17.8500000,-18.833330,47.800000
1635462,"Dixie Park",3546,233,"14S","14S2H3S3Q",3,2026-09-28 10:55:19.6530000,0,0,1022,2026-09-28 10:55:19.6530000,34.487300,-97.949480
88597,"Andranomiady",1882,143,"38K","38K1H6S2Q",2,2026-09-28 10:55:20.4330000,0,741,0,2026-09-28 10:55:20.4330000,-18.816670,47.800000
88718,"Nanjakana",1882,143,"38K","38K1H6S2Q",2,2026-09-28 10:55:23.4570000,0,741,0,2026-09-28 10:55:23.4570000,-18.800000,47.783330
1635026,"Oklahoma Hills",3546,233,"14S","14S2H3S3Q",3,2026-09-28 10:55:23.9570000,0,0,1023,2026-09-28 10:55:23.9570000,34.482030,-97.928370
2515409,"Zagornyy",2713,192,"45U","45U2H2S1Q",1,2026-09-28 10:55:28.9400000,1200,0,0,2026-09-28 10:55:28.9400000,51.950000,86.083330
2515410,"Pil'shinovskiy",2713,192,"45U","45U2H2S1Q",1,2026-09-28 10:55:32.9670000,1200,0,0,2026-09-28 10:55:32.9670000,51.950000,86.433330
1595071,"Fleetwood",3546,233,"14S","14S2H6S1Q",3,2026-09-28 10:55:41.9330000,0,0,858,2026-09-28 10:55:41.9330000,33.896770,-97.851140
67958,"Ankazaeza",1877,143,"38K","38K2H2S4Q",2,2026-09-28 10:55:56.1470000,0,741,0,2026-09-28 10:55:56.1470000,-21.450000,45.383330
1624394,"Loco",3546,233,"14S","14S2H3S3Q",3,2026-09-28 10:55:56.4200000,0,0,1031,2026-09-28 10:55:56.4200000,34.329250,-97.681140
67809,"Makaikely",1877,143,"38K","38K2H2S4Q",2,2026-09-28 10:56:05.3700000,0,741,0,2026-09-28 10:56:05.3700000,-21.466670,45.350000
67810,"Ambalavato",1877,143,"38K","38K2H2S4Q",2,2026-09-28 10:56:07.1600000,0,741,0,2026-09-28 10:56:07.1600000,-21.466670,45.416670
1683176,"Nobletown",3546,233,"14S","14S2H3S2Q",3,2025-09-28 19:20:06.4330000,0,0,4560,2026-09-28 10:56:24.1770000,35.203130,-96.529740
9853,"Medindie",138,13,"54H","54H1H4S1Q",2,2023-10-15 22:08:01.7370000,300,1034454,0,2026-09-28 10:59:43.3330000,-34.896000,138.605000
9900,"Prospect",138,13,"54H","54H1H4S1Q",2,2023-10-17 06:40:58.5500000,600,1048965,0,2026-09-28 10:59:50.3070000,-34.882410,138.593300
1681630,"Indogco",3546,233,"14S","14S2H3S2Q",3,2026-09-28 11:00:50.9930000,0,0,1200,2026-09-28 11:00:50.9930000,35.176740,-96.566130
1694917,"Pharoah",3546,233,"14S","14S2H3S2Q",3,2026-09-28 11:01:26.9630000,0,0,1096,2026-09-28 11:01:26.9630000,35.420370,-96.123060
10040,"Teatree Gully",138,13,"54H","54H1H4S1Q",2,2024-11-13 16:32:03.0100000,300,1080973,0,2026-09-28 11:02:28.6600000,-34.816670,138.733330
63958,"Ankaramena",1880,143,"38K","38K2H3S3Q",2,2026-09-28 11:02:44.7400000,0,752,0,2026-09-28 11:02:44.7430000,-21.933330,46.633330
64531,"Morafeno Andrefana",1880,143,"38K","38K2H3S3Q",2,2026-09-28 11:02:49.4900000,0,741,0,2026-09-28 11:02:49.4900000,-21.866670,46.616670
64890,"Kisopa",1880,143,"38K","38K2H3S3Q",2,2026-09-28 11:02:53.3170000,0,741,0,2026-09-28 11:02:53.3170000,-21.816670,46.633330
65522,"Lalinia",1880,143,"38K","38K2H3S3Q",2,2026-09-28 11:02:58.8630000,0,741,0,2026-09-28 11:02:58.8630000,-21.733330,46.483330
65806,"Andohamaroilo",1880,143,"38K","38K2H3S3Q",2,2026-09-28 11:03:02.6230000,0,741,0,2026-09-28 11:03:02.6230000,-21.700000,46.483330
66099,"Andrainibe",1880,143,"38K","38K2H3S3Q",2,2026-09-28 11:03:05.8270000,0,741,0,2026-09-28 11:03:05.8270000,-21.666670,46.533330
64763,"Ranoandao",1880,143,"38K","38K2H3S3Q",2,2026-09-28 11:03:09.8500000,0,741,0,2026-09-28 11:03:09.8500000,-21.833330,46.366670
65266,"Vohitromby",1880,143,"38K","38K2H3S3Q",2,2026-09-28 11:03:14.5400000,0,741,0,2026-09-28 11:03:14.5400000,-21.766670,46.366670
1932608,"Newfield",3561,233,"18S","18S1H2S1Q",2,2021-06-14 17:04:15.6700000,600,2002752,0,2026-09-28 11:05:19.2070000,39.546500,-75.024900
1932524,"Pleasantville",3561,233,"18S","18S1H2S1Q",2,2021-04-24 23:51:28.9730000,300,2003978,0,2026-09-28 11:05:40.4370000,39.544560,-75.049060
1933154,"Willow Grove",3561,233,"18S","18S1H2S1Q",2,2021-06-09 23:36:02.2670000,1862,1557205,600,2026-09-28 11:05:50.2300000,39.554280,-75.078790
1932745,"Lawrence Corner",3561,233,"18S","18S1H2S1Q",2,2021-06-09 16:14:20.5470000,2100,326248,0,2026-09-28 11:06:04.1630000,39.549560,-75.135180
67661,"Antambao",1877,143,"38K","38K2H2S4Q",2,2026-09-28 11:06:10.9500000,0,741,0,2026-09-28 11:06:10.9500000,-21.483330,45.433330
67521,"Soatanana",1877,143,"38K","38K2H2S4Q",2,2026-09-28 11:06:14.0800000,0,741,0,2026-09-28 11:06:14.0800000,-21.500000,45.433330
67377,"Bekininy",1877,143,"38K","38K2H2S4Q",2,2026-09-28 11:06:17.3370000,0,741,0,2026-09-28 11:06:17.3370000,-21.516670,45.450000
2515411,"Kummunarskiy",2713,192,"45U","45U2H2S1Q",1,2026-09-28 11:06:18.9970000,1200,0,0,2026-09-28 11:06:18.9970000,51.950000,86.533330
67223,"Fiolea",1877,143,"38K","38K2H2S4Q",2,2026-09-28 11:06:20.9970000,0,741,0,2026-09-28 11:06:20.9970000,-21.533330,45.433330
1941489,"Ewan",3561,233,"18S","18S1H2S1Q",2,2022-01-16 23:36:03.3530000,600,1692473,0,2026-09-28 11:06:22.7100000,39.698730,-75.186010
2515412,"Yuktar",2713,192,"45U","45U2H2S1Q",1,2026-09-28 11:06:24.8470000,1200,0,0,2026-09-28 11:06:24.8470000,51.950000,86.633330
67222,"Volotarahy",1877,143,"38K","38K2H2S4Q",2,2026-09-28 11:06:30.9370000,0,741,0,2026-09-28 11:06:30.9370000,-21.533330,45.366670
1889927,"Crescendo",3542,233,"18S","18S1H1S4Q",3,2026-09-28 11:06:33.7300000,44,0,300,2026-09-28 11:06:33.7300000,38.786230,-76.293840
2515426,"Alashir",2720,192,"51U","51U2H1S1Q",1,2026-09-28 11:06:35.1770000,1200,0,0,2026-09-28 11:06:35.1770000,51.950000,120.133330
1890221,"Wittman",3542,233,"18S","18S1H1S4Q",3,2026-09-28 11:06:37.6470000,44,0,300,2026-09-28 11:06:37.6470000,38.793730,-76.294120
2515429,"Taburachka",2722,192,"52U","52U2H2S2Q",1,2026-09-28 11:06:46.5300000,1200,0,0,2026-09-28 11:06:46.5300000,51.950000,129.583330
67078,"Ihaviry",1877,143,"38K","38K2H2S4Q",2,2026-09-28 11:07:13.5930000,0,741,0,2026-09-28 11:07:13.5930000,-21.550000,45.383330
66811,"Sakananjy",1877,143,"38K","38K2H2S4Q",2,2026-09-28 11:07:17.7770000,0,741,0,2026-09-28 11:07:17.7770000,-21.583330,45.366670
66812,"Iakavia",1877,143,"38K","38K2H2S4Q",2,2026-09-28 11:07:22.0300000,0,741,0,2026-09-28 11:07:22.0300000,-21.583330,45.400000
66682,"Beroy",1877,143,"38K","38K2H2S4Q",2,2026-09-28 11:07:26.1770000,0,741,0,2026-09-28 11:07:26.1770000,-21.600000,45.400000
1963343,"Kearney",3584,233,"18T","18T2H5S4Q",1,2014-12-19 04:13:09.9130000,37868,0,0,2026-09-28 11:07:27.7670000,40.071780,-74.969610
1965314,"Stanwood",3584,233,"18T","18T2H5S4Q",3,2026-07-31 01:09:32.7700000,600,0,6850,2026-09-28 11:07:39.7670000,40.107330,-74.952390
1965185,"Bensalem",3584,233,"18T","18T2H5S4Q",1,2017-09-12 01:21:31.4370000,93821,0,0,2026-09-28 11:07:48.4870000,40.104550,-74.951280
89032,"Ambohitrony",1882,143,"38K","38K1H6S2Q",2,2026-09-28 11:09:01.9630000,0,741,0,2026-09-28 11:09:01.9630000,-18.750000,47.766670
89033,"Tsarasaoma",1882,143,"38K","38K1H6S2Q",2,2026-09-28 11:09:10.8130000,0,741,0,2026-09-28 11:09:10.8130000,-18.750000,47.783330
88925,"Antsarazaza",1882,143,"38K","38K1H6S2Q",2,2026-09-28 11:09:14.6970000,0,741,0,2026-09-28 11:09:14.6970000,-18.766670,47.800000
89034,"Ambohidanerana",1882,143,"38K","38K1H6S2Q",2,2026-09-28 11:09:18.5130000,0,741,0,2026-09-28 11:09:18.5130000,-18.750000,47.800000
88823,"Ambohitseheno",1882,143,"38K","38K1H6S2Q",2,2026-09-28 11:09:21.6770000,0,741,0,2026-09-28 11:09:21.6770000,-18.783330,47.800000
88821,"Ambohimahasoa",1882,143,"38K","38K1H6S2Q",2,2026-09-28 11:09:25.7030000,0,741,0,2026-09-28 11:09:25.7030000,-18.783330,47.766670
88596,"Soavinandriana",1882,143,"38K","38K1H6S2Q",2,2026-09-28 11:09:28.9800000,0,741,0,2026-09-28 11:09:28.9800000,-18.816670,47.750000
88717,"Mandritsara",1882,143,"38K","38K1H6S2Q",2,2026-09-28 11:09:32.4230000,0,741,0,2026-09-28 11:09:32.4230000,-18.800000,47.733330
66539,"Iaborano",1877,143,"38K","38K2H2S4Q",2,2026-09-28 11:09:43.2670000,0,741,0,2026-09-28 11:09:43.2670000,-21.616670,45.400000
66538,"Bemavo",1877,143,"38K","38K2H2S4Q",2,2026-09-28 11:09:48.1730000,0,741,0,2026-09-28 11:09:48.1730000,-21.616670,45.383330
2290313,"Pestimre",1222,100,"34T","34T1H1S2Q",1,2010-01-01 00:00:00.0000000,608720,0,0,2026-09-28 11:13:20.4300000,47.400000,19.200000
2179405,"Farmington Falls",3556,233,"19T","19T1H4S4Q",1,2026-09-28 11:13:23.1500000,2013,0,0,2026-09-28 11:13:23.1500000,44.620900,-70.075340
1637887,"Belton",3547,233,"17S","17S2H1S4Q",3,2026-01-01 00:43:52.1000000,517,0,9794,2026-09-28 11:15:32.4030000,34.522890,-82.494290
1640070,"Toney Creek",3547,233,"17S","17S2H1S4Q",3,2025-12-29 04:42:51.9400000,517,0,2779,2026-09-28 11:15:45.2930000,34.554280,-82.422350
1641611,"Cheddar",3547,233,"17S","17S2H1S4Q",3,2026-01-01 00:42:25.7630000,517,0,8577,2026-09-28 11:15:50.9370000,34.578170,-82.496240
1644351,"Williamston",3547,233,"17S","17S2H1S4Q",3,2025-12-28 17:36:10.5070000,517,0,7142,2026-09-28 11:16:00.0870000,34.618450,-82.477910
2140861,"Moss",3573,233,"11T","11T2H2S2Q",3,2023-04-29 18:03:26.0470000,0,0,101437,2026-09-28 11:16:02.5570000,43.615720,-116.620130
1645764,"East View",3547,233,"17S","17S2H1S4Q",3,2025-12-29 06:24:24.7570000,517,0,6253,2026-09-28 11:16:06.1570000,34.639840,-82.437070
1644919,"Ware Place",3547,233,"17S","17S2H1S4Q",3,2025-10-30 09:39:44.4170000,517,0,4622,2026-09-28 11:16:12.6470000,34.627890,-82.390960
2141284,"Midway",3573,233,"11T","11T2H2S2Q",3,2023-04-15 14:42:56.3430000,0,0,68580,2026-09-28 11:16:20.6170000,43.625440,-116.632360
1648015,"White Plains",3547,233,"17S","17S2H1S4Q",3,2026-01-01 00:30:22.8830000,517,0,8312,2026-09-28 11:16:24.3270000,34.673170,-82.532630
1397180,"Dripping Springs",3549,233,"14R","14R1H2S4Q",2,2026-06-10 06:33:01.3830000,0,2124836,0,2026-09-28 11:17:05.2600000,30.190210,-98.086680
1390649,"Cochran",3549,233,"14R","14R1H3S4Q",1,2013-10-22 03:54:11.1200000,7915274,0,0,2026-09-28 11:17:12.5730000,30.028830,-96.129400
46398,"Andriabe Est",1877,143,"38J","38J1H2S2Q",2,2026-09-28 11:17:20.0730000,0,1200,0,2026-09-28 11:17:20.0730000,-24.200000,45.666670
46491,"Beraketa",1877,143,"38J","38J1H2S2Q",2,2026-09-28 11:17:31.2400000,0,1200,0,2026-09-28 11:17:31.2400000,-24.183330,45.683330
46567,"Sakoamasy",1877,143,"38J","38J1H2S2Q",2,2026-09-28 11:17:34.8530000,0,1200,0,2026-09-28 11:17:34.8530000,-24.166670,45.683330
46568,"Beraketa Nord",1877,143,"38J","38J1H2S2Q",2,2026-09-28 11:17:38.3600000,0,1200,0,2026-09-28 11:17:38.3600000,-24.166670,45.700000
46300,"Mahabo Est",1877,143,"38J","38J1H2S2Q",2,2026-09-28 11:17:41.7970000,0,1200,0,2026-09-28 11:17:41.8000000,-24.216670,45.700000
46399,"Ambia Sarodrano",1877,143,"38J","38J1H2S2Q",2,2026-09-28 11:17:45.1830000,0,1200,0,2026-09-28 11:17:45.1830000,-24.200000,45.716670
46492,"Besakoa",1877,143,"38J","38J1H2S2Q",2,2026-09-28 11:17:48.7270000,0,1200,0,2026-09-28 11:17:48.7270000,-24.183330,45.716670
46493,"Anadabomaro",1877,143,"38J","38J1H2S2Q",2,2026-09-28 11:17:52.0270000,0,1200,0,2026-09-28 11:17:52.0270000,-24.183330,45.750000
65677,"Fenoarivo",1880,143,"38K","38K2H3S3Q",2,2026-09-28 11:20:56.4600000,0,741,0,2026-09-28 11:20:56.4600000,-21.716670,46.383330
64658,"Andranoboaka",1880,143,"38K","38K2H3S3Q",2,2026-09-28 11:20:59.5570000,0,741,0,2026-09-28 11:20:59.5570000,-21.850000,46.333330
64657,"Fany",1880,143,"38K","38K2H3S3Q",2,2026-09-28 11:21:02.6330000,0,741,0,2026-09-28 11:21:02.6330000,-21.850000,46.316670
64656,"Ankatsakatsa",1877,143,"38K","38K2H3S3Q",2,2026-09-28 11:21:05.7430000,0,741,0,2026-09-28 11:21:05.7430000,-21.850000,46.300000
65009,"Andriambe",1880,143,"38K","38K2H3S3Q",2,2026-09-28 11:21:09.2200000,0,741,0,2026-09-28 11:21:09.2200000,-21.800000,46.300000
65132,"Sakafia",1880,143,"38K","38K2H3S3Q",2,2026-09-28 11:21:12.8600000,0,741,0,2026-09-28 11:21:12.8600000,-21.783330,46.316670
65265,"Befotaka",1880,143,"38K","38K2H3S3Q",2,2026-09-28 11:21:16.9830000,0,741,0,2026-09-28 11:21:16.9830000,-21.766670,46.300000
65676,"Mahavanona",1880,143,"38K","38K2H3S3Q",2,2026-09-28 11:21:20.3300000,0,741,0,2026-09-28 11:21:20.3300000,-21.716670,46.266670
2515440,"Galiakhmetovo",2696,192,"40U","40U2H2S2Q",1,2026-09-28 11:23:49.9470000,1200,0,0,2026-09-28 11:23:49.9470000,51.950280,57.540280
2515443,"Semenovka",2674,192,"37U","37U2H2S1Q",1,2026-09-28 11:23:56.1300000,1200,0,0,2026-09-28 11:23:56.1300000,51.950340,38.179540
2515444,"Livenka",2646,192,"37U","37U2H2S1Q",1,2026-09-28 11:24:01.7100000,1200,0,0,2026-09-28 11:24:01.7100000,51.950380,38.608670
2515453,"Novokalmanka",2715,192,"44U","44U2H3S2Q",1,2026-09-28 11:24:05.9030000,1200,0,0,2026-09-28 11:24:05.9030000,51.950900,83.365000
2515458,"Novorodnikovka",2665,192,"39U","39U2H3S2Q",1,2026-09-28 11:24:09.2030000,1200,0,0,2026-09-28 11:24:09.2030000,51.951110,53.288060
2515459,"Koroteyevka",2677,192,"37U","37U2H1S2Q",1,2026-09-28 11:24:12.7100000,1200,0,0,2026-09-28 11:24:12.7100000,51.951130,37.608240
2515467,"Berezovka",2657,192,"38U","38U2H1S2Q",1,2026-09-28 11:24:16.5270000,1200,0,0,2026-09-28 11:24:16.5270000,51.951390,43.930830
2537952,"Lebus",713,57,"33U","33U1H5S3Q",3,2026-09-28 11:25:02.1470000,0,0,955,2026-09-28 11:25:02.1470000,52.416670,14.533330
2518317,"Leeskow",713,57,"33U","33U1H5S3Q",3,2026-09-28 11:25:18.6200000,0,0,1056,2026-09-28 11:25:18.6200000,52.016670,14.416670
2517586,"Staakow",713,57,"33U","33U2H2S1Q",3,2026-09-28 11:25:27.5630000,0,0,1057,2026-09-28 11:25:27.5630000,52.000000,14.416670
2409154,"Zawada",2439,180,"34U","34U2H4S2Q",3,2018-07-17 18:35:51.2230000,0,0,1713307,2026-09-28 11:26:05.1530000,49.876500,19.961990
1690549,"Weleetka",3546,233,"14S","14S2H3S2Q",3,2026-09-28 11:26:39.1100000,0,0,1095,2026-09-28 11:26:39.1100000,35.335650,-96.136390
2518303,"Kemlitz",713,57,"33U","33U1H4S4Q",3,2026-09-28 11:26:45.2700000,0,0,809,2026-09-28 11:26:45.2700000,52.016670,13.466670
1692252,"Bookertee",3546,233,"14S","14S2H3S2Q",3,2026-09-28 11:26:48.8130000,0,0,1200,2026-09-28 11:26:48.8130000,35.367320,-96.083340
2517577,"Liessen",713,57,"33U","33U2H1S2Q",3,2026-09-28 11:26:55.1630000,0,0,844,2026-09-28 11:26:55.1630000,52.000000,13.350000
88388,"Miarina",1882,143,"38K","38K1H6S2Q",2,2026-09-28 11:26:56.5700000,0,741,0,2026-09-28 11:26:56.5700000,-18.850000,47.733330
1693417,"Bryant",3546,233,"14S","14S2H3S2Q",3,2026-09-28 11:26:59.7700000,0,0,532,2026-09-28 11:26:59.7700000,35.390650,-96.064720
88387,"Anjepy",1882,143,"38K","38K1H6S2Q",2,2026-09-28 11:27:00.5330000,0,741,0,2026-09-28 11:27:00.5330000,-18.850000,47.716670
88504,"Manakavaly",1882,143,"38K","38K1H6S2Q",2,2026-09-28 11:27:04.1770000,0,741,0,2026-09-28 11:27:04.1770000,-18.833330,47.716670
2519059,"Stulpe",713,57,"33U","33U1H4S4Q",3,2026-09-28 11:27:04.4370000,0,496,1034,2026-09-28 11:27:04.4370000,52.033330,13.316670
88595,"Anerinerina",1882,143,"38K","38K1H6S2Q",2,2026-09-28 11:27:08.8800000,0,741,0,2026-09-28 11:27:08.8800000,-18.816670,47.716670
1695426,"Okemah",3546,233,"14S","14S2H3S2Q",3,2026-09-28 11:27:09.5770000,0,0,1200,2026-09-28 11:27:09.5770000,35.432590,-96.305010
2519847,"Holbeck",713,57,"33U","33U1H4S4Q",3,2026-09-28 11:27:11.6500000,0,500,1034,2026-09-28 11:27:11.6500000,52.050000,13.283330
88594,"Ampiadanana",1882,143,"38K","38K1H6S2Q",2,2026-09-28 11:27:11.7230000,0,741,0,2026-09-28 11:27:11.7230000,-18.816670,47.700000
88716,"Viliahazo",1882,143,"38K","38K1H6S2Q",2,2026-09-28 11:27:14.8300000,0,741,0,2026-09-28 11:27:14.8300000,-18.800000,47.700000
88714,"Ambohidrano",1882,143,"38K","38K1H6S2Q",2,2026-09-28 11:27:19.2600000,0,741,0,2026-09-28 11:27:19.2600000,-18.800000,47.683330
64888,"Androbay",1880,143,"38K","38K2H3S3Q",2,2026-09-28 11:27:20.3100000,0,741,0,2026-09-28 11:27:20.3100000,-21.816670,46.250000
88923,"Ampaneva",1882,143,"38K","38K1H6S2Q",2,2026-09-28 11:27:22.2930000,0,741,0,2026-09-28 11:27:22.2930000,-18.766670,47.700000
65805,"Antsakoazato",1880,143,"38K","38K2H3S3Q",2,2026-09-28 11:27:26.3470000,0,741,0,2026-09-28 11:27:26.3470000,-21.700000,46.300000
66096,"Anjiva",1880,143,"38K","38K2H3S3Q",2,2026-09-28 11:27:29.5100000,0,741,0,2026-09-28 11:27:29.5100000,-21.666670,46.316670
1661044,"Story",3546,233,"14S","14S2H3S3Q",3,2026-09-28 11:27:31.2400000,0,0,1052,2026-09-28 11:27:31.2400000,34.855350,-97.458640
66245,"Ambondrombe",1880,143,"38K","38K2H3S3Q",2,2026-09-28 11:27:33.3000000,0,741,0,2026-09-28 11:27:33.3000000,-21.650000,46.333330
66537,"Vohitelo",1877,143,"38K","38K2H2S4Q",2,2026-09-28 11:27:35.8700000,0,741,0,2026-09-28 11:27:35.8700000,-21.616670,45.350000
1650964,"Purdy",3546,233,"14S","14S2H3S3Q",3,2026-09-28 11:27:37.1900000,0,0,1046,2026-09-28 11:27:37.1930000,34.715910,-97.587530
66389,"Vohitrovo",1877,143,"38K","38K2H2S4Q",2,2026-09-28 11:27:39.9830000,46,300,0,2026-09-28 11:27:39.9830000,-21.633330,45.333330
66097,"Morafeno",1880,143,"38K","38K2H3S3Q",2,2026-09-28 11:27:42.7870000,0,741,0,2026-09-28 11:27:42.7870000,-21.666670,46.416670
66391,"Ambohipasy",1877,143,"38K","38K2H2S4Q",2,2026-09-28 11:27:43.5930000,0,741,0,2026-09-28 11:27:43.5930000,-21.633330,45.400000
66392,"Maromiandra",1877,143,"38K","38K2H2S4Q",2,2026-09-28 11:27:47.6630000,0,741,0,2026-09-28 11:27:47.6630000,-21.633330,45.416670
1641064,"Hope",3546,233,"14S","14S2H3S3Q",3,2026-09-28 11:27:49.2200000,0,0,1037,2026-09-28 11:27:49.2200000,34.568970,-97.836700
66091,"Itrema",1877,143,"38K","38K2H2S4Q",2,2026-09-28 11:27:50.2770000,0,741,0,2026-09-28 11:27:50.2770000,-21.666670,45.416670
66090,"Tanandava",1877,143,"38K","38K2H2S4Q",2,2026-09-28 11:27:52.7870000,0,741,0,2026-09-28 11:27:52.7870000,-21.666670,45.400000
65800,"Andramita",1880,143,"38K","38K2H2S4Q",2,2026-09-28 11:27:55.4400000,0,741,0,2026-09-28 11:27:55.4400000,-21.700000,45.416670
1660331,"Rocky Ford",3546,233,"14S","14S2H2S4Q",3,2026-09-28 11:28:05.3970000,0,0,1037,2026-09-28 11:28:05.3970000,34.845350,-98.071990
1656865,"Mount View",3546,233,"14S","14S2H2S4Q",3,2026-09-28 11:28:11.3000000,0,0,1032,2026-09-28 11:28:11.3000000,34.797010,-98.176710
2515478,"Kuznovskiye Vyselki",2654,192,"37U","37U2H3S1Q",1,2026-09-28 11:28:19.7500000,1200,0,0,2026-09-28 11:28:19.7500000,51.951670,40.557780
10124,"Golden Grove",138,13,"54H","54H1H4S1Q",2,2023-11-05 10:25:22.9800000,300,1081125,0,2026-09-28 11:29:25.8370000,-34.783330,138.733330
10295,"Sampsons Flat",138,13,"54H","54H1H4S1Q",2,2023-11-12 01:48:56.6030000,300,1998265,0,2026-09-28 11:29:31.2100000,-34.716670,138.766670
10339,"One Tree Hill",138,13,"54H","54H1H4S1Q",2,2023-11-11 19:12:47.8830000,300,1320005,0,2026-09-28 11:29:36.7800000,-34.700000,138.766670
10382,"Smithfield",138,13,"54H","54H1H4S1Q",2,2023-10-05 12:21:07.2670000,300,2008145,0,2026-09-28 11:29:43.9900000,-34.683330,138.683330
10256,"Elizabeth",138,13,"54H","54H1H4S1Q",2,2023-11-02 11:09:03.1970000,300,1086743,0,2026-09-28 11:29:50.0600000,-34.733330,138.650000
10338,"Penfield",138,13,"54H","54H1H4S1Q",2,2023-11-03 05:17:01.4200000,300,1006815,0,2026-09-28 11:29:57.8430000,-34.700000,138.633330
866523,"Ban Bo Ta Lo (3)",3195,218,"47P","47P1H3S3Q",2,2026-06-10 12:34:45.8330000,2534,745994,0,2026-09-28 11:30:05.7000000,14.250000,100.700000
10427,"Virginia",138,13,"54H","54H1H4S1Q",2,2023-10-20 05:34:06.4470000,300,1229685,0,2026-09-28 11:30:08.2570000,-34.666670,138.566670
2218601,"Saint-Bruno-de-Montarville",459,38,"18T","18T1H6S1Q",1,2026-09-09 12:50:16.7730000,170149,0,0,2026-09-28 11:30:25.9970000,45.533410,-73.349160
46569,"Anivorano",1877,143,"38J","38J1H2S2Q",2,2026-09-28 11:31:42.1830000,0,1200,0,2026-09-28 11:31:42.1830000,-24.166670,45.733330
46670,"Ivango",1877,143,"38J","38J1H2S2Q",2,2026-09-28 11:31:47.7700000,0,1200,0,2026-09-28 11:31:47.7700000,-24.150000,45.733330
43362,"Beromby",1877,143,"38J","38J1H2S2Q",2,2026-09-28 11:33:40.8100000,0,1200,0,2026-09-28 11:33:40.8100000,-24.616670,45.783330
43520,"Ambararata Ambony",1877,143,"38J","38J1H2S2Q",2,2026-09-28 11:33:45.6400000,0,1200,0,2026-09-28 11:33:45.6400000,-24.600000,45.783330
43519,"Ambolokoky",1877,143,"38J","38J1H2S2Q",2,2026-09-28 11:33:49.8470000,0,1200,0,2026-09-28 11:33:49.8470000,-24.600000,45.766670
1890897,"Nutcracker Point",3542,233,"18S","18S1H1S4Q",3,2026-09-28 11:33:55.3200000,46,0,300,2026-09-28 11:33:55.3200000,38.806230,-76.285780
43361,"Ambinany",1877,143,"38J","38J1H2S2Q",2,2026-09-28 11:33:55.8930000,0,1200,0,2026-09-28 11:33:55.8930000,-24.616670,45.716670
1891476,"McDaniel",3542,233,"18S","18S1H1S4Q",3,2026-09-28 11:33:59.1330000,46,0,300,2026-09-28 11:33:59.1330000,38.817620,-76.278010
1892476,"Claiborne",3542,233,"18S","18S1H1S4Q",3,2026-09-28 11:34:01.8900000,49,0,300,2026-09-28 11:34:01.8900000,38.837620,-76.277730
1891897,"Tunis",3542,233,"18S","18S1H1S4Q",3,2026-09-28 11:34:04.9470000,49,0,300,2026-09-28 11:34:04.9470000,38.827890,-76.266620
1890766,"Mallard Point",3542,233,"18S","18S1H1S4Q",3,2026-09-28 11:34:07.9270000,46,0,300,2026-09-28 11:34:07.9270000,38.803170,-76.267730
1891206,"Porters Pride",3542,233,"18S","18S1H1S4Q",3,2026-09-28 11:34:14.1970000,47,0,300,2026-09-28 11:34:14.1970000,38.814840,-76.245500
1886224,"Elston Shores",3542,233,"18S","18S1H1S4Q",3,2026-09-28 11:34:22.6770000,36,0,300,2026-09-28 11:34:22.6770000,38.715400,-76.275230
1886782,"Neavitt",3542,233,"18S","18S1H1S4Q",3,2026-09-28 11:34:26.9400000,0,0,307,2026-09-28 11:34:26.9400000,38.724560,-76.282450
2290308,"Felsosztavkadulo",1217,100,"34T","34T1H1S1Q",2,2026-09-28 11:34:57.7800000,0,842,0,2026-09-28 11:34:57.7800000,47.400000,18.833330
2520664,"Dumde",713,57,"33U","33U1H4S4Q",3,2026-09-28 11:35:05.9500000,0,496,1034,2026-09-28 11:35:05.9500000,52.066670,13.316670
2521491,"Schonefeld",713,57,"33U","33U1H4S4Q",3,2026-09-28 11:35:13.2200000,0,548,1034,2026-09-28 11:35:13.2200000,52.083330,13.316670
2786836,"Luizino",2675,192,"35V","35V2H3S2Q",3,2016-10-28 15:04:38.6700000,0,0,1858853,2026-09-28 11:36:34.8770000,59.859090,29.923420
2292395,"Edgewick",3578,233,"10T","10T1H3S1Q",1,2019-10-03 17:45:27.7600000,3297008,0,0,2026-09-28 11:36:43.2100000,47.448440,-121.726220
2296098,"Ellisville",3578,233,"10T","10T1H3S1Q",1,2019-12-31 17:51:37.3800000,3258941,0,0,2026-09-28 11:36:51.6300000,47.522320,-121.758170
2296823,"Ernies Grove",3578,233,"10T","10T1H3S1Q",1,2020-01-04 01:09:51.9000000,3328764,0,0,2026-09-28 11:36:59.3800000,47.535100,-121.745390
2296133,"Preston",3578,233,"10T","10T1H3S1Q",1,2022-08-15 23:55:35.1830000,5012425,0,0,2026-09-28 11:37:06.9900000,47.523710,-121.927060
2296291,"Issaquah",3578,233,"10T","10T1H2S2Q",1,2021-08-16 19:14:25.5170000,5024847,0,0,2026-09-28 11:37:11.1100000,47.530100,-122.032620
2298425,"Eastgate",3578,233,"10T","10T1H2S2Q",1,2014-04-09 07:04:59.9630000,6036800,0,0,2026-09-28 11:37:19.4200000,47.571420,-122.134170
2304113,"Lake Marcel-Stillwater",3578,233,"10T","10T1H3S1Q",1,2022-03-01 15:31:41.8430000,5255209,0,0,2026-09-28 11:37:30.0270000,47.692630,-121.915130
2303343,"Union Hill-Novelty Hill",3578,233,"10T","10T1H2S2Q",1,2022-05-18 00:47:56.7670000,5501143,0,0,2026-09-28 11:37:35.0730000,47.678870,-122.028330
2519851,"Baruth",713,57,"33U","33U1H4S4Q",3,2026-09-28 11:38:15.0030000,0,148,517,2026-09-28 11:38:15.0030000,52.050000,13.500000
2521494,"Muckendorf",713,57,"33U","33U1H4S4Q",3,2026-09-28 11:38:20.1800000,0,0,789,2026-09-28 11:38:20.1800000,52.083330,13.483330
1940376,"Morantown",3542,233,"17S","17S1H3S2Q",1,2026-09-28 11:39:18.9470000,1075,0,0,2026-09-28 11:39:18.9470000,39.678700,-78.890860
1947719,"Slabtown",3584,233,"17S","17S1H3S2Q",1,2026-09-28 11:39:24.5700000,594,0,0,2026-09-28 11:39:24.5700000,39.802860,-78.983640
1946235,"Warrens Mill",3584,233,"17S","17S1H3S2Q",1,2026-09-28 11:39:30.3200000,593,0,0,2026-09-28 11:39:30.3200000,39.779530,-78.956970
1953321,"Salco",3584,233,"17S","17S1H3S2Q",1,2026-09-28 11:39:40.4430000,315,0,38,2026-09-28 11:39:40.4430000,39.900910,-78.940580
1951946,"Burkhelder",3584,233,"17S","17S1H3S1Q",1,2026-09-28 11:39:49.0900000,599,0,0,2026-09-28 11:39:49.0900000,39.880910,-79.033080
1958796,"Fairview",3584,233,"17S","17S1H3S1Q",1,2026-09-28 11:39:57.0000000,531,0,0,2026-09-28 11:39:57.0000000,39.990080,-79.001970
1950143,"Bittners Mill",3584,233,"17S","17S1H3S2Q",1,2026-09-28 11:40:02.8200000,516,0,0,2026-09-28 11:40:02.8230000,39.849810,-78.817520
1942476,"Finzel",3542,233,"17S","17S1H3S2Q",1,2026-09-28 11:40:08.6100000,1040,0,0,2026-09-28 11:40:08.6100000,39.714530,-78.945300
1960040,"Lavansville",3584,233,"17T","17T2H6S3Q",1,2026-09-28 11:40:42.6800000,1236,0,0,2026-09-28 11:40:42.6800000,40.015910,-79.153360
1530892,"Beck Landing",3547,233,"17S","17S2H5S4Q",2,2026-08-10 11:20:55.4100000,2068,4334,0,2026-09-28 11:40:44.4730000,32.804620,-80.418710
1577138,"Fairview Commons",3539,233,"17S","17S2H4S1Q",3,2026-09-28 11:19:07.9430000,105444587,1377,105453721,2026-09-28 11:41:10.3070000,33.611220,-83.943520
65673,"Matambalahy",1880,143,"38K","38K2H2S4Q",2,2026-09-28 11:27:57.9770000,0,1941,0,2026-09-28 11:42:10.9430000,-21.716670,45.450000
65395,"Anaramalinika",1880,143,"38K","38K2H2S4Q",2,2026-09-28 11:42:17.1600000,0,741,0,2026-09-28 11:42:17.1600000,-21.750000,45.466670
65394,"Soarano",1880,143,"38K","38K2H2S4Q",2,2026-09-28 11:42:22.0400000,0,741,0,2026-09-28 11:42:22.0400000,-21.750000,45.450000
65257,"Famoto",1880,143,"38K","38K2H2S4Q",2,2026-09-28 11:42:24.6730000,0,741,0,2026-09-28 11:42:24.6730000,-21.766670,45.450000
64884,"Bekinana",1880,143,"38K","38K2H2S4Q",2,2026-09-28 11:42:29.3800000,0,741,0,2026-09-28 11:42:29.3800000,-21.816670,45.450000
65007,"Ankalilana",1880,143,"38K","38K2H2S4Q",2,2026-09-28 11:42:31.7400000,0,741,0,2026-09-28 11:42:31.7400000,-21.800000,45.366670
66098,"Maroilo",1880,143,"38K","38K2H3S3Q",2,2026-09-28 11:42:49.0830000,0,741,0,2026-09-28 11:42:49.0830000,-21.666670,46.433330
66088,"Ankazomena Nord",1877,143,"38K","38K2H2S4Q",2,2026-09-28 11:42:49.7970000,46,300,0,2026-09-28 11:42:49.7970000,-21.666670,45.333330
66246,"Vohimaranitra",1880,143,"38K","38K2H3S3Q",2,2026-09-28 11:42:52.4000000,46,300,0,2026-09-28 11:42:52.4000000,-21.650000,46.450000
66087,"Ambiky",1877,143,"38K","38K2H2S4Q",2,2026-09-28 11:42:53.0730000,0,741,0,2026-09-28 11:42:53.0730000,-21.666670,45.316670
66396,"Kilalo",1880,143,"38K","38K2H3S3Q",2,2026-09-28 11:42:55.9570000,0,741,0,2026-09-28 11:42:55.9570000,-21.633330,46.483330
66545,"Antsiriloa",1880,143,"38K","38K2H3S3Q",2,2026-09-28 11:42:59.2200000,0,741,0,2026-09-28 11:42:59.2200000,-21.616670,46.450000
66544,"Andrareza",1880,143,"38K","38K2H3S3Q",2,2026-09-28 11:43:02.5970000,46,300,0,2026-09-28 11:43:02.5970000,-21.616670,46.366670
88924,"Ambohitrakely",1882,143,"38K","38K1H6S2Q",2,2026-09-28 11:43:03.6770000,0,741,0,2026-09-28 11:43:03.6770000,-18.766670,47.733330
66685,"Ingaro",1880,143,"38K","38K2H3S3Q",2,2026-09-28 11:43:07.3070000,0,741,0,2026-09-28 11:43:07.3070000,-21.600000,46.366670
89031,"Ambohibao Atsimo",1882,143,"38K","38K1H6S2Q",2,2026-09-28 11:43:08.8430000,0,741,0,2026-09-28 11:43:08.8430000,-18.750000,47.750000
89134,"Andriampamaky",1882,143,"38K","38K1H6S2Q",2,2026-09-28 11:43:12.2700000,0,741,0,2026-09-28 11:43:12.2700000,-18.733330,47.766670
67226,"Vinany",1880,143,"38K","38K2H3S3Q",2,2026-09-28 11:43:15.1370000,0,741,0,2026-09-28 11:43:15.1370000,-21.533330,46.400000
67227,"Ambalatsilalovana",1880,143,"38K","38K2H3S3Q",2,2026-09-28 11:43:18.9270000,0,741,0,2026-09-28 11:43:18.9270000,-21.533330,46.416670
88386,"Ambohitrinimamba",1882,143,"38K","38K1H6S2Q",2,2026-09-28 11:43:21.1870000,0,741,0,2026-09-28 11:43:21.1870000,-18.850000,47.683330
88201,"Soavina",1882,143,"38K","38K1H6S2Q",2,2026-09-28 11:43:24.8170000,0,741,0,2026-09-28 11:43:24.8170000,-18.869780,47.681090
88199,"Ambohibehasina",1882,143,"38K","38K1H6S2Q",2,2026-09-28 11:43:27.6330000,0,741,0,2026-09-28 11:43:27.6330000,-18.870530,47.694870
88189,"Ambanitsena",1882,143,"38K","38K1H6S2Q",2,2026-09-28 11:43:32.8000000,0,741,0,2026-09-28 11:43:32.8000000,-18.876250,47.685300
88160,"Alarobia",1882,143,"38K","38K1H6S2Q",2,2026-09-28 11:43:37.6900000,46,300,0,2026-09-28 11:43:37.6900000,-18.883330,47.700000
1888193,"Indian Harbor",3542,233,"18S","18S1H1S4Q",3,2026-09-28 11:43:52.8070000,41,0,300,2026-09-28 11:43:52.8070000,38.751510,-76.282730
1889104,"Bozman",3542,233,"18S","18S1H1S4Q",3,2026-09-28 11:43:59.9570000,43,0,300,2026-09-28 11:43:59.9570000,38.770120,-76.271060
1888337,"Grace Creek",3542,233,"18S","18S1H1S4Q",3,2026-09-28 11:44:04.1570000,0,0,306,2026-09-28 11:44:04.1570000,38.755400,-76.268840
1888293,"Mulberry Point",3542,233,"18S","18S1H1S4Q",3,2026-09-28 11:44:08.5470000,41,0,300,2026-09-28 11:44:08.5470000,38.754290,-76.249950
66686,"Androtsa",1880,143,"38K","38K2H3S3Q",2,2026-09-28 11:44:28.5800000,0,741,0,2026-09-28 11:44:28.5800000,-21.600000,46.500000
1902555,"Plumas Lake",3567,233,"10S","10S1H3S1Q",3,2026-09-18 17:11:48.8500000,0,0,2001281,2026-09-28 11:45:53.5000000,39.020730,-121.558020
1886871,"King Farms",3567,233,"10S","10S1H3S3Q",3,2026-09-14 22:25:54.1200000,0,0,2501019,2026-09-28 11:46:08.6530000,38.726570,-121.691350
66945,"Sakay",1880,143,"38K","38K2H3S3Q",2,2026-09-28 11:47:04.3270000,0,741,0,2026-09-28 11:47:04.3270000,-21.566670,46.550000
66247,"Mahavony",1880,143,"38K","38K2H3S3Q",2,2026-09-28 11:47:08.0000000,0,741,0,2026-09-28 11:47:08.0000000,-21.650000,46.600000
1888639,"Broad Creek Farms",3542,233,"18S","18S1H1S4Q",3,2026-09-28 11:48:35.2500000,43,0,300,2026-09-28 11:48:35.2500000,38.763170,-76.256340
2515506,"Ivnitsy",2646,192,"37U","37U2H2S2Q",1,2026-09-28 11:51:13.4100000,1200,0,0,2026-09-28 11:51:13.4100000,51.952930,39.363640
1961283,"Geiger",3584,233,"17T","17T2H6S3Q",1,2026-09-28 11:51:22.8770000,711,0,0,2026-09-28 11:51:22.8770000,40.034240,-79.040300
2515523,"Altayskoye",2715,192,"45U","45U2H1S2Q",1,2026-09-28 11:51:23.8900000,1200,0,0,2026-09-28 11:51:23.8900000,51.953330,85.332500
2515530,"Grachevka",2674,192,"37U","37U2H2S1Q",1,2026-09-28 11:51:26.7170000,1200,0,0,2026-09-28 11:51:26.7170000,51.953810,38.188510
1960810,"Listie",3584,233,"17T","17T2H6S3Q",1,2026-09-28 11:51:29.8200000,702,0,0,2026-09-28 11:51:29.8200000,40.028130,-79.013360
2515535,"Sadovka",2677,192,"37U","37U2H1S2Q",1,2026-09-28 11:51:30.4970000,1200,0,0,2026-09-28 11:51:30.4970000,51.954030,37.320930
10638,"Lewiston",138,13,"54H","54H1H4S1Q",2,2023-10-08 10:38:59.2170000,300,1005322,0,2026-09-28 11:51:31.5630000,-34.600000,138.600000
2515547,"Lobanovka",2657,192,"38U","38U2H1S1Q",1,2026-09-28 11:51:35.6770000,1200,0,0,2026-09-28 11:51:35.6770000,51.954720,42.902220
10582,"Gawler River",138,13,"54H","54H1H4S1Q",2,2023-11-14 22:17:09.9330000,300,1002113,0,2026-09-28 11:51:38.6830000,-34.616670,138.633330
2515551,"Dankovka",2674,192,"37U","37U2H3S1Q",1,2026-09-28 11:51:39.1530000,1200,0,0,2026-09-28 11:51:39.1530000,51.954870,40.307880
1961431,"Wells Creek",3584,233,"17T","17T2H6S4Q",1,2026-09-28 11:51:42.3700000,707,0,0,2026-09-28 11:51:42.3700000,40.037860,-78.994750
2515568,"Strelka",2654,192,"37U","37U2H3S1Q",1,2026-09-28 11:51:43.1770000,1200,0,0,2026-09-28 11:51:43.1770000,51.955440,40.759370
10545,"Angle Vale",138,13,"54H","54H1H4S1Q",2,2023-11-15 06:24:18.4100000,300,1056776,0,2026-09-28 11:51:44.2370000,-34.633330,138.650000
2515571,"Aleksandrovka",2646,192,"37U","37U2H2S1Q",1,2026-09-28 11:51:47.3370000,1200,0,0,2026-09-28 11:51:47.3370000,51.955620,38.374700
10704,"Wards Belt",138,13,"54H","54H1H4S1Q",2,2013-09-24 07:31:34.1700000,300,1156523,0,2026-09-28 11:51:51.9300000,-34.583330,138.666670
10639,"Loos",138,13,"54H","54H1H4S1Q",2,2023-10-10 05:49:52.4930000,300,1203973,0,2026-09-28 11:51:57.9400000,-34.600000,138.700000
10640,"Gawler",138,13,"54H","54H1H4S1Q",2,2023-11-05 08:36:23.5230000,300,2002056,0,2026-09-28 11:52:04.8770000,-34.600000,138.733330
10705,"Willaston",138,13,"54H","54H1H4S1Q",2,2016-07-13 02:36:20.4300000,300,2004182,0,2026-09-28 11:52:10.9470000,-34.583330,138.750000
10706,"Concordia",138,13,"54H","54H1H4S1Q",2,2016-07-06 11:35:54.0900000,300,2004262,0,2026-09-28 11:52:17.0530000,-34.583330,138.800000
1095923,"North Point",1146,95,"50Q","50Q1H1S3Q",3,2016-10-04 02:46:48.4400000,600,0,494413,2026-09-28 11:54:29.1630000,22.300000,114.200000
1957554,"Bexley",3563,233,"17S","17S1H1S2Q",3,2021-11-09 17:35:12.8230000,120651,0,329829,2026-09-28 11:55:53.7230000,39.968950,-82.937680
2674528,"Zakharkovo",2670,192,"37U","37U1H1S2Q",2,2022-07-31 05:52:40.6770000,0,1377440,0,2026-09-28 11:57:06.1270000,55.850000,37.450000
2674658,"Tushino",2670,192,"37U","37U1H1S2Q",2,2022-07-31 05:52:33.9700000,0,1346948,0,2026-09-28 11:57:12.9170000,55.853560,37.431050
2675656,"Levoberezhnaya",2670,192,"37U","37U1H1S2Q",2,2022-07-31 04:32:51.3930000,0,1401447,0,2026-09-28 11:57:26.8600000,55.883330,37.483330
2290137,"Obererlinsbach",510,43,"32T","32T1H2S1Q",3,2022-12-31 18:20:52.2370000,0,0,10200263,2026-09-28 11:57:53.6830000,47.400000,8.000000
1976567,"Pools Corner",3584,233,"18T","18T2H5S3Q",3,2023-02-09 13:09:08.0030000,1034,0,148848,2026-09-28 11:58:48.3530000,40.313720,-75.105450
1976417,"Doylestown",3584,233,"18T","18T2H5S3Q",3,2023-02-09 13:09:01.3000000,1551,0,202062,2026-09-28 11:58:56.6800000,40.310110,-75.129890
1975228,"Castle Valley",3584,233,"18T","18T2H5S3Q",3,2021-05-19 20:10:45.3700000,3398,0,101447,2026-09-28 11:59:04.6200000,40.287330,-75.159060
1975534,"Farm School",3584,233,"18T","18T2H5S3Q",3,2021-03-29 14:50:13.6170000,517,0,95968,2026-09-28 11:59:11.3270000,40.294550,-75.172670
1653631,"Sterling",3546,233,"14S","14S2H2S4Q",3,2026-09-28 11:59:11.6330000,0,0,1030,2026-09-28 11:59:11.6330000,34.750350,-98.171710
1975703,"New Britain",3584,233,"18T","18T2H5S3Q",3,2021-03-29 14:35:26.5830000,4038,0,155919,2026-09-28 11:59:16.9100000,40.299000,-75.181010
1975423,"Forest Park",3584,233,"18T","18T2H5S3Q",3,2019-07-10 23:41:05.6970000,950,0,230933,2026-09-28 11:59:21.6200000,40.291770,-75.199340
1974519,"Brittany Farms",3584,233,"18T","18T2H5S3Q",3,2019-07-25 20:40:57.5470000,2437,0,146640,2026-09-28 11:59:25.7700000,40.275940,-75.207950
1622718,"Loveland",3546,233,"14S","14S2H2S4Q",3,2026-09-28 11:59:33.1300000,0,0,999,2026-09-28 11:59:33.1300000,34.305360,-98.771730
1973665,"Heather Knoll",3584,233,"18T","18T2H5S3Q",3,2018-09-11 14:30:06.5600000,1034,0,94203,2026-09-28 11:59:42.0900000,40.260700,-75.228500
1913372,"Nashville",3555,233,"16S","16S1H2S2Q",2,2013-09-07 13:49:17.3800000,0,14500835,0,2026-09-28 12:00:18.8900000,39.207270,-86.251100
66100,"Antanambao",1880,143,"38K","38K2H3S3Q",2,2026-09-28 12:00:29.9170000,0,741,0,2026-09-28 12:00:29.9170000,-21.666670,46.616670
66101,"Mahavanona",1880,143,"38K","38K2H3S3Q",2,2026-09-28 12:00:33.1200000,0,741,0,2026-09-28 12:00:33.1200000,-21.666670,46.633330
66102,"Manamisoa",1880,143,"38K","38K2H3S3Q",2,2026-09-28 12:00:36.2530000,0,741,0,2026-09-28 12:00:36.2530000,-21.666670,46.650000
66397,"Ambinanimbaza",1880,143,"38K","38K2H3S3Q",2,2026-09-28 12:00:39.7670000,0,741,0,2026-09-28 12:00:39.7670000,-21.633330,46.633330
65678,"Ambohitrinivoay",1880,143,"38K","38K2H3S3Q",2,2026-09-28 12:00:42.8670000,0,741,0,2026-09-28 12:00:42.8670000,-21.716670,46.616670
65523,"Fivanoana",1880,143,"38K","38K2H3S3Q",2,2026-09-28 12:00:46.2600000,228,781,0,2026-09-28 12:00:46.2600000,-21.733330,46.633330
1971983,"Montgomery Crossing",3584,233,"18T","18T2H5S3Q",3,2019-12-19 03:16:06.8930000,0,0,99903,2026-09-28 12:01:00.3570000,40.229500,-75.221200
1974143,"Little Farm Trace Park",3584,233,"18T","18T2H5S3Q",3,2019-07-14 17:19:30.9200000,0,0,188460,2026-09-28 12:01:07.6870000,40.267300,-75.217800
1973765,"Clayton Hill II",3584,233,"18T","18T2H5S3Q",3,2018-08-15 10:54:19.4470000,0,0,98064,2026-09-28 12:01:14.9430000,40.263500,-75.244600
1729048,"Royal",3545,233,"17S","17S1H6S4Q",3,2026-09-28 12:01:20.5470000,0,0,1344,2026-09-28 12:01:20.5470000,36.015150,-78.358050
1976215,"Newville",3584,233,"18T","18T2H5S3Q",3,2025-05-10 18:04:30.9800000,0,0,28319,2026-09-28 12:01:26.7400000,40.305660,-75.219900
1712881,"Connor",3545,233,"17S","17S2H3S2Q",3,2013-11-12 22:15:29.6030000,0,0,292262,2026-09-28 12:01:33.6370000,35.742100,-78.148330
1702658,"Lowell Mill",3545,233,"17S","17S2H3S2Q",3,2013-07-18 14:51:48.1100000,0,0,801449,2026-09-28 12:01:45.7900000,35.566550,-78.160830
1699598,"Rains Crossroads",3545,233,"17S","17S2H3S2Q",3,2013-08-10 11:56:00.0800000,0,0,376713,2026-09-28 12:01:51.5270000,35.515160,-78.144440
1697030,"Princeton",3545,233,"17S","17S2H3S2Q",3,2013-07-29 22:00:33.8200000,0,0,297350,2026-09-28 12:01:56.6630000,35.465990,-78.160550
1696782,"Delwood",3545,233,"17S","17S2H3S2Q",3,2013-08-07 21:26:52.8800000,0,0,235736,2026-09-28 12:02:20.2300000,35.459610,-78.164990
2676235,"Vagonoremont",2670,192,"37U","37U1H1S2Q",2,2022-11-18 12:46:46.5100000,0,1391541,0,2026-09-28 12:03:02.3530000,55.900000,37.550000
63827,"Lanjainony",1880,143,"38K","38K2H3S3Q",2,2026-09-28 12:03:36.5930000,0,752,0,2026-09-28 12:03:36.5930000,-21.950000,46.650000
63565,"Ambatomainty",1880,143,"38K","38K2H3S3Q",2,2026-09-28 12:03:43.9700000,46,300,0,2026-09-28 12:03:43.9700000,-21.983330,46.783330
2519850,"Paplitz",713,57,"33U","33U1H4S4Q",3,2026-09-28 12:04:35.1000000,0,300,657,2026-09-28 12:04:35.1000000,52.050000,13.466670
2519060,"Klein Ziescht",713,57,"33U","33U1H4S4Q",3,2026-09-28 12:04:41.6270000,0,0,1122,2026-09-28 12:04:41.6270000,52.033330,13.533330
2519061,"Klasdorf",713,57,"33U","33U1H4S4Q",3,2026-09-28 12:04:46.0100000,0,300,796,2026-09-28 12:04:46.0100000,52.033330,13.550000
2519852,"Radeland",713,57,"33U","33U1H4S4Q",3,2026-09-28 12:04:50.1330000,0,0,811,2026-09-28 12:04:50.1330000,52.050000,13.550000
2519062,"Glashutte",713,57,"33U","33U1H4S4Q",3,2026-09-28 12:04:53.6170000,0,0,811,2026-09-28 12:04:53.6170000,52.033330,13.583330
2519854,"Dornswalde",713,57,"33U","33U1H4S4Q",3,2026-09-28 12:04:57.0370000,0,0,1883,2026-09-28 12:04:59.5300000,52.050000,13.600000
1700324,"Eden Woods",3545,233,"17S","17S2H3S2Q",3,2013-09-06 10:22:40.3000000,0,0,184586,2026-09-28 12:06:10.4200000,35.525720,-78.314720
1699986,"Fairfield",3545,233,"17S","17S2H3S2Q",3,2013-06-17 00:50:16.5470000,0,0,223219,2026-09-28 12:06:23.8100000,35.519330,-78.316390
1701125,"Old Farm Acres",3545,233,"17S","17S2H3S2Q",3,2015-02-14 14:33:18.0530000,0,0,321760,2026-09-28 12:07:14.9500000,35.537940,-78.357780
43818,"Andohakaolo",1877,143,"38J","38J1H2S2Q",2,2026-09-28 12:09:02.4930000,0,1200,0,2026-09-28 12:09:02.4930000,-24.566670,45.750000
43977,"Andohakaolo",1877,143,"38J","38J1H2S2Q",2,2026-09-28 12:09:05.6200000,0,1200,0,2026-09-28 12:09:05.6200000,-24.550000,45.750000
44139,"Antanimary",1877,143,"38J","38J1H2S2Q",2,2026-09-28 12:09:08.4970000,0,1200,0,2026-09-28 12:09:08.4970000,-24.533330,45.750000
44138,"Ankilirano",1877,143,"38J","38J1H2S2Q",2,2026-09-28 12:09:12.2070000,0,1200,0,2026-09-28 12:09:12.2070000,-24.533330,45.733330
44281,"Ankazofotsy",1877,143,"38J","38J1H2S2Q",2,2026-09-28 12:09:16.1730000,0,1200,0,2026-09-28 12:09:16.1730000,-24.516670,45.716670
44662,"Kalandy",1877,143,"38J","38J1H2S2Q",2,2026-09-28 12:09:19.4230000,0,1200,0,2026-09-28 12:09:19.4230000,-24.466670,45.716670
44663,"Fima",1877,143,"38J","38J1H2S2Q",2,2026-09-28 12:09:22.7930000,0,1200,0,2026-09-28 12:09:22.7930000,-24.466670,45.733330
44414,"Besatra",1877,143,"38J","38J1H2S2Q",2,2026-09-28 12:09:26.6370000,0,1200,0,2026-09-28 12:09:26.6370000,-24.500000,45.683330
1820968,"The Mews",3585,233,"18S","18S1H4S1Q",3,2022-12-07 03:38:49.0430000,0,951,1149548,2026-09-28 12:10:09.0500000,37.493200,-77.480540
2005241,"Villanova",1380,110,"33T","33T2H5S3Q",3,2016-12-08 10:13:39.0170000,0,0,966286,2026-09-28 12:10:51.3400000,40.833330,14.216670
43518,"Ankilimilopaka",1877,143,"38J","38J1H2S2Q",2,2026-09-28 12:11:04.2370000,0,1200,0,2026-09-28 12:11:04.2370000,-24.600000,45.716670
1900084,"Bay Ridge Junction",3542,233,"18S","18S1H1S4Q",3,2026-07-06 15:19:23.8930000,11374,0,29820,2026-09-28 12:12:05.9930000,38.978720,-76.504410
63828,"Morafeno",1880,143,"38K","38K2H3S3Q",2,2026-09-28 12:14:09.9830000,0,752,0,2026-09-28 12:14:09.9830000,-21.950000,46.683330
63701,"Morafeno Sud",1880,143,"38K","38K2H3S3Q",2,2026-09-28 12:14:12.1870000,0,752,0,2026-09-28 12:14:12.1870000,-21.966670,46.683330
10773,"Rosedale",138,13,"54H","54H1H4S1Q",2,2016-09-09 00:04:11.2130000,300,1607445,0,2026-09-28 12:14:13.5270000,-34.550000,138.850000
63702,"Vidia",1880,143,"38K","38K2H3S3Q",2,2026-09-28 12:14:15.8000000,0,776,0,2026-09-28 12:14:15.8000000,-21.966670,46.716670
63564,"Anara",1880,143,"38K","38K2H3S3Q",2,2026-09-28 12:14:19.7570000,0,758,0,2026-09-28 12:14:19.7570000,-21.983330,46.750000
10774,"Gomersal",138,13,"54H","54H1H4S1Q",2,2016-09-05 10:15:08.5700000,300,1138938,0,2026-09-28 12:14:20.4630000,-34.550000,138.883330
63831,"Mahasoa",1880,143,"38K","38K2H3S3Q",2,2026-09-28 12:14:23.0970000,0,741,0,2026-09-28 12:14:23.0970000,-21.950000,46.766670
10707,"Rowland Flat",138,13,"54H","54H1H4S1Q",2,2025-09-14 04:22:55.2400000,300,1005197,0,2026-09-28 12:14:26.6600000,-34.583330,138.933330
63830,"Antanambao",1880,143,"38K","38K2H3S3Q",2,2026-09-28 12:14:26.7070000,0,758,0,2026-09-28 12:14:26.7070000,-21.950000,46.750000
63829,"Tanambao",1880,143,"38K","38K2H3S3Q",2,2026-09-28 12:14:30.2470000,0,741,0,2026-09-28 12:14:30.2470000,-21.950000,46.716670
10641,"Altona",138,13,"54H","54H1H4S1Q",2,2016-09-06 02:39:27.3270000,300,1005682,0,2026-09-28 12:14:31.6970000,-34.600000,138.916670
63959,"Ifaha",1880,143,"38K","38K2H3S3Q",2,2026-09-28 12:14:32.5670000,0,741,0,2026-09-28 12:14:32.5670000,-21.933330,46.716670
10584,"Lyndoch",138,13,"54H","54H1H4S1Q",2,2016-07-01 05:38:30.2930000,300,2004492,0,2026-09-28 12:14:37.4370000,-34.616670,138.883330
10585,"Karawirra",138,13,"54H","54H1H4S1Q",2,2016-09-05 10:14:57.5000000,300,1877147,0,2026-09-28 12:14:45.0800000,-34.616670,138.933330
10586,"Trial Hill",138,13,"54H","54H1H4S1Q",2,2016-09-06 04:54:48.7730000,300,1567277,0,2026-09-28 12:14:51.2400000,-34.616670,138.950000
10429,"Mount Crawford",138,13,"54H","54H1H4S1Q",2,2014-12-11 08:11:18.4370000,300,1769870,0,2026-09-28 12:14:57.4000000,-34.666670,138.950000
10428,"Williamstown",138,13,"54H","54H1H4S1Q",2,2016-07-01 00:48:33.9730000,300,2009510,0,2026-09-28 12:15:28.7500000,-34.666670,138.866670
43354,"Isihy",1877,143,"38J","38J1H2S2Q",2,2026-09-28 12:18:16.3100000,0,1200,0,2026-09-28 12:18:16.3100000,-24.616670,45.450000
43355,"Redaoka",1877,143,"38J","38J1H2S2Q",2,2026-09-28 12:18:21.0200000,0,1200,0,2026-09-28 12:18:21.0200000,-24.616670,45.466670
1977466,"New Galena",3584,233,"18T","18T2H5S3Q",3,2024-07-12 22:22:55.9230000,0,0,116101,2026-09-28 12:21:16.2000000,40.330380,-75.187670
1960935,"Tacony",3584,233,"18T","18T2H5S3Q",1,2015-04-11 18:30:47.6130000,551117,0,724,2026-09-28 12:21:30.4530000,40.031220,-75.044340
1969054,"Gwynn Oaks",3584,233,"18T","18T2H5S3Q",3,2019-11-05 02:11:52.6770000,0,0,225723,2026-09-28 12:21:38.3600000,40.173300,-75.219400
1966901,"Rubicam",3584,233,"18T","18T2H5S3Q",3,2022-09-21 17:26:13.2930000,0,0,125048,2026-09-28 12:21:45.6270000,40.133440,-75.115170
2168566,"Gilbert",3557,233,"16T","16T1H6S3Q",3,2026-04-20 08:53:50.3470000,13500,0,16504,2026-09-28 12:22:41.0530000,44.375560,-85.418670
10182,"Cromer",138,13,"54H","54H1H4S2Q",2,2014-12-11 10:35:21.3600000,300,2000884,0,2026-09-28 12:26:14.5470000,-34.766670,139.000000
10126,"Mount Pleasant",138,13,"54H","54H1H4S2Q",2,2014-12-11 20:30:24.5900000,300,2000451,0,2026-09-28 12:26:22.9700000,-34.783330,139.033330
10043,"Tungkillo",138,13,"54H","54H1H4S2Q",2,2014-11-10 12:22:21.5600000,300,2001715,0,2026-09-28 12:26:35.7100000,-34.816670,139.066670
10042,"Birdwood",138,13,"54H","54H1H4S1Q",2,2014-12-16 03:45:10.6800000,300,1666566,0,2026-09-28 12:26:42.3400000,-34.816670,138.966670
9927,"Mount Torrens",138,13,"54H","54H1H4S1Q",2,2014-12-13 10:00:24.4300000,300,1998873,0,2026-09-28 12:26:48.2800000,-34.866670,138.950000
9799,"Charleston",138,13,"54H","54H1H4S1Q",2,2014-11-23 19:38:24.2870000,300,1292856,0,2026-09-28 12:26:58.8030000,-34.916670,138.900000
9745,"Woodside",138,13,"54H","54H1H4S1Q",2,2013-06-25 21:10:57.9170000,300,2000351,0,2026-09-28 12:27:05.1170000,-34.950000,138.866670
2511281,"Krimnitz",713,57,"33U","33U2H1S2Q",3,2026-09-28 12:27:10.1000000,0,300,965,2026-09-28 12:27:10.1000000,51.866670,13.916670
2521490,"Gottow",713,57,"33U","33U1H4S4Q",3,2026-09-28 12:28:05.3970000,0,423,1034,2026-09-28 12:28:05.3970000,52.083330,13.266670
2540898,"Wolvey",979,77,"30U","30U1H6S3Q",0,2026-09-28 12:30:19.9370000,0,0,0,2026-09-28 12:30:19.9370000,52.483330,-1.366670
2537800,"Stretton under Fosse",979,77,"30U","30U1H6S3Q",0,2026-09-28 12:30:26.3800000,0,0,0,2026-09-28 12:30:26.3800000,52.416670,-1.333330
2538567,"Foleshill",979,77,"30U","30U1H6S3Q",0,2026-09-28 12:30:30.6600000,0,0,0,2026-09-28 12:30:30.6600000,52.433330,-1.466670
2537041,"Parkside",979,77,"30U","30U1H6S3Q",0,2026-09-28 12:30:37.5770000,0,0,0,2026-09-28 12:30:37.5770000,52.400000,-1.500000
2544670,"Baxterley",979,77,"30U","30U1H6S3Q",0,2026-09-28 12:30:51.7030000,0,0,0,2026-09-28 12:30:51.7030000,52.566670,-1.583330
2545212,"Atherstone",979,77,"30U","30U1H6S3Q",0,2026-09-28 12:30:55.2770000,0,0,0,2026-09-28 12:30:55.2770000,52.575360,-1.546930
64405,"Antsoaravavy",1880,143,"38K","38K2H3S3Q",2,2026-09-28 12:34:10.2370000,0,741,0,2026-09-28 12:34:10.2370000,-21.883330,46.666670
64406,"Morafeno Avaratra",1880,143,"38K","38K2H3S3Q",2,2026-09-28 12:34:13.7600000,0,741,0,2026-09-28 12:34:13.7600000,-21.883330,46.683330
64260,"Morafeno Nord",1880,143,"38K","38K2H3S3Q",2,2026-09-28 12:34:17.1070000,0,741,0,2026-09-28 12:34:17.1070000,-21.900000,46.700000
64261,"Fitekoloha",1880,143,"38K","38K2H3S3Q",2,2026-09-28 12:34:21.6030000,0,741,0,2026-09-28 12:34:21.6030000,-21.900000,46.716670
64262,"Ilomay",1880,143,"38K","38K2H3S3Q",2,2026-09-28 12:34:24.2370000,0,758,0,2026-09-28 12:34:24.2370000,-21.900000,46.750000
64265,"Valalamiely",1880,143,"38K","38K2H3S3Q",2,2026-09-28 12:34:32.6100000,0,741,0,2026-09-28 12:34:32.6100000,-21.900000,46.800000
64407,"Tsaramandroso",1880,143,"38K","38K2H3S3Q",2,2026-09-28 12:34:41.1330000,0,758,0,2026-09-28 12:34:41.1330000,-21.883330,46.750000
2522303,"Schoneweide",713,57,"33U","33U1H4S4Q",3,2026-09-28 12:35:46.6900000,0,0,1084,2026-09-28 12:35:46.6900000,52.100000,13.266670
2266913,"Everest",3575,233,"14T","14T1H3S3Q",2,2014-06-27 14:54:41.0800000,0,2100069,0,2026-09-28 12:35:58.7900000,46.859700,-97.221200
2521492,"Schmelze",713,57,"33U","33U1H4S4Q",3,2026-09-28 12:36:03.3730000,0,0,1226,2026-09-28 12:36:03.3730000,52.083330,13.383330
64408,"Ambalavaokely",1880,143,"38K","38K2H3S3Q",2,2026-09-28 12:37:50.0400000,0,741,0,2026-09-28 12:37:50.0400000,-21.883330,46.800000
64532,"Ambalamaro",1880,143,"38K","38K2H3S3Q",2,2026-09-28 12:38:00.2970000,0,741,0,2026-09-28 12:38:00.2970000,-21.866670,46.783330
64667,"Anara",1880,143,"38K","38K2H3S3Q",2,2026-09-28 12:38:04.3600000,0,741,0,2026-09-28 12:38:04.3600000,-21.850000,46.816670
2515599,"Verkhnyaya Aya",2715,192,"45U","45U2H1S2Q",1,2026-09-28 12:38:35.7270000,1200,0,0,2026-09-28 12:38:35.7270000,51.956670,85.656670
2515603,"Chapushka",2657,192,"38U","38U2H1S2Q",1,2026-09-28 12:38:44.4300000,1200,0,0,2026-09-28 12:38:44.4300000,51.956800,43.895000
2515606,"Talakan",2720,192,"51U","51U2H1S1Q",1,2026-09-28 12:38:47.2100000,1200,0,0,2026-09-28 12:38:47.2130000,51.956940,120.208330
1900822,"West Annapolis",3542,233,"18S","18S1H1S4Q",3,2026-06-25 23:38:18.8000000,4136,0,105014,2026-09-28 12:39:07.6970000,38.990940,-76.499680
2521493,"Horstwalde",713,57,"33U","33U1H4S4Q",3,2026-09-28 12:39:26.7370000,0,0,803,2026-09-28 12:39:26.7370000,52.083330,13.400000
1659796,"Marshall Heights",3547,233,"17S","17S2H1S4Q",1,2026-09-26 16:03:23.9600000,11075,0,0,2026-09-28 12:39:32.0270000,34.836230,-82.606800
2515611,"Mikhaylovka",2715,192,"44U","44U2H3S2Q",1,2026-09-28 12:39:51.8270000,1200,0,0,2026-09-28 12:39:51.8270000,51.957100,83.805600
2515620,"Rakhmanovka",2657,192,"39U","39U2H1S2Q",1,2026-09-28 12:39:54.3370000,1200,0,0,2026-09-28 12:39:54.3370000,51.957510,49.482890
2515637,"Novaya Alekseyevka",2657,192,"38U","38U2H3S1Q",1,2026-09-28 12:39:57.4670000,1200,0,0,2026-09-28 12:39:57.4670000,51.958060,46.808330
2515658,"Polyakovka",2665,192,"40U","40U2H2S1Q",1,2026-09-28 12:40:09.5500000,1200,0,0,2026-09-28 12:40:09.5500000,51.958890,56.577220
2515659,"Chumaza",2696,192,"40U","40U2H2S1Q",1,2026-09-28 12:40:22.2170000,1200,0,0,2026-09-28 12:40:22.2170000,51.958890,56.703610
2285961,"Safenwil",528,43,"32T","32T1H1S2Q",3,2023-09-12 14:00:29.8700000,0,0,2253877,2026-09-28 12:42:01.9200000,47.316670,7.983330
2400363,"Letownia",2439,180,"34U","34U2H4S2Q",2,2026-06-12 04:43:46.7600000,0,2818,0,2026-09-28 12:44:10.9600000,49.697450,19.871090
2400634,"Letownia Dolna",2439,180,"34U","34U2H4S2Q",2,2026-06-12 05:04:43.3200000,0,1568,0,2026-09-28 12:44:15.3900000,49.700000,19.883330
2400027,"Krzeczow",2439,180,"34U","34U2H4S2Q",2,2026-06-12 04:43:51.2770000,0,1934,0,2026-09-28 12:44:18.0130000,49.684960,19.908920
2399840,"Smigawa",2439,180,"34U","34U2H4S2Q",2,2026-06-12 05:04:34.7400000,0,4064,0,2026-09-28 12:44:20.8230000,49.683330,19.933330
2399841,"Tenczyn Dolny",2439,180,"34U","34U2H4S2Q",2,2026-06-11 19:55:20.6330000,0,4649,0,2026-09-28 12:44:30.6230000,49.683330,19.950000
2400067,"Tenczyn",2439,180,"34U","34U2H4S2Q",2,2026-06-11 19:55:01.5600000,0,3782,0,2026-09-28 12:44:34.3470000,49.686510,19.969880
2401463,"Zarebki",2439,180,"34U","34U2H5S1Q",2,2026-06-12 03:33:47.8600000,0,4318,0,2026-09-28 12:44:38.4970000,49.716670,20.000000
2402252,"Wegierskie",2439,180,"34U","34U2H5S1Q",2,2026-06-12 03:20:46.9970000,0,8133,0,2026-09-28 12:44:42.9000000,49.733330,20.033330
2056603,"Focene",1377,110,"33T","33T2H4S1Q",3,2019-02-12 16:20:38.1900000,0,0,1433869,2026-09-28 12:45:11.0670000,41.813670,12.213540
2204677,"Unionvale",3576,233,"10T","10T1H5S1Q",2,2025-12-05 07:06:45.3900000,0,5586651,0,2026-09-28 12:46:11.8030000,45.143170,-123.060660
1858677,"Tommaso Natale",1363,110,"33S","33S1H1S4Q",2,2026-09-16 17:46:52.4170000,0,427031,0,2026-09-28 12:47:26.5000000,38.183330,13.283330
1389926,"Raccoon Bend",3549,233,"14R","14R1H3S4Q",1,2013-10-22 04:19:30.3770000,9809217,0,0,2026-09-28 12:53:43.9030000,30.011890,-96.133020
1107595,"Qianzhen",3390,228,"51Q","51Q1H1S3Q",2,2026-05-27 14:51:24.3630000,0,1220782,0,2026-09-28 12:53:54.2200000,22.585070,120.317540
1567114,"Pawleys Retreat",3547,233,"17S","17S2H6S1Q",3,2025-03-30 07:13:03.2630000,0,0,11780,2026-09-28 12:54:24.3470000,33.457950,-79.139770
1580652,"DC Ranch",3572,233,"12S","12S2H5S1Q",2,2019-04-01 15:33:19.1400000,0,2956573,4654,2026-09-28 12:56:16.9970000,33.667540,-111.865420
2515664,"Mikhaylovskiy",2654,192,"37U","37U2H3S1Q",1,2026-09-28 12:57:13.9530000,1200,0,0,2026-09-28 12:57:13.9530000,51.959060,40.634470
2515675,"Kiselevka",2657,192,"38U","38U2H2S2Q",1,2026-09-28 12:57:23.0430000,1200,0,0,2026-09-28 12:57:23.0430000,51.959170,45.078610
2515676,"Rovenka",2674,192,"37U","37U2H3S1Q",1,2026-09-28 12:57:26.3200000,1200,0,0,2026-09-28 12:57:26.3200000,51.959260,40.517970
2515692,"Verkhnyaya Lugovatka",2646,192,"37U","37U2H3S1Q",1,2026-09-28 12:57:35.2800000,1200,0,0,2026-09-28 12:57:35.2800000,51.959580,40.100460
2515696,"Verkhneye Gurovo",2677,192,"37U","37U2H1S2Q",1,2026-09-28 12:57:38.4300000,1200,0,0,2026-09-28 12:57:38.4300000,51.959820,37.587900
2515712,"Nikolo-Sergiyevka",2654,192,"37U","37U2H3S1Q",1,2026-09-28 12:57:42.0430000,1200,0,0,2026-09-28 12:57:42.0430000,51.960460,40.693190
2515717,"Alekseyevka",2674,192,"37U","37U2H3S1Q",1,2026-09-28 12:57:44.9170000,1200,0,0,2026-09-28 12:57:44.9170000,51.960560,40.422500
2515724,"Makan",2696,192,"40U","40U2H3S1Q",1,2026-09-28 12:57:47.5970000,1200,0,0,2026-09-28 12:57:47.5970000,51.960830,58.341390
2515732,"Sadovyy",2677,192,"37U","37U2H1S2Q",1,2026-09-28 12:59:07.0030000,1200,0,0,2026-09-28 12:59:07.0030000,51.961180,37.792400
2547495,"Golaszyn",2451,180,"33U","33U1H6S3Q",3,2025-10-28 21:30:34.9230000,0,0,600533,2026-09-28 12:59:28.4300000,52.627020,16.839640
2278079,"Oberweg",131,12,"33T","33T1H2S1Q",1,2019-02-03 21:09:25.8170000,18745940,0,0,2026-09-28 12:59:35.8870000,47.150000,14.633330
2422031,"Czulow-Papiernia",2450,180,"34U","34U2H1S4Q",3,2014-12-11 20:49:32.1430000,2017,0,79064,2026-09-28 13:00:04.7400000,50.150000,19.016670
2515751,"Buribay",2696,192,"40U","40U2H3S1Q",1,2026-09-28 13:00:50.9900000,1200,0,0,2026-09-28 13:00:50.9900000,51.961670,58.159170
1937668,"South Cumberland",3542,233,"17S","17S1H3S2Q",3,2026-06-12 17:36:52.0770000,0,0,411284,2026-09-28 13:01:19.0200000,39.632590,-78.755850
1938183,"Cumberland Heights",3542,233,"17S","17S1H3S2Q",3,2026-03-16 16:19:50.4000000,0,0,650900,2026-09-28 13:01:24.9370000,39.640090,-78.756960
1938985,"Cumberland",3542,233,"17S","17S1H3S2Q",3,2025-09-22 15:48:15.7670000,0,0,2621667,2026-09-28 13:01:33.1670000,39.652870,-78.762520
1938237,"Ridgeley",3550,233,"17S","17S1H3S2Q",3,2018-08-26 10:54:38.6600000,0,0,30676534,2026-09-28 13:01:40.7330000,39.641480,-78.774460
1701297,"Redwood Village",3545,233,"17S","17S2H3S2Q",3,2013-04-02 17:17:19.7970000,0,0,224159,2026-09-28 13:02:26.1730000,35.540720,-78.269170
2232077,"Power City",3576,233,"11T","11T1H4S1Q",2,2024-12-11 01:47:15.7000000,0,27616,8789,2026-09-28 13:02:47.6730000,45.911800,-119.303910
64263,"Volotara",1880,143,"38K","38K2H3S3Q",2,2026-09-28 13:02:51.1330000,0,1517,0,2026-09-28 13:02:51.1330000,-21.900000,46.766670
64666,"Ankazomidona",1880,143,"38K","38K2H3S3Q",2,2026-09-28 13:02:58.7670000,0,741,0,2026-09-28 13:02:58.7670000,-21.850000,46.783330
64663,"Fihasinana",1880,143,"38K","38K2H3S3Q",2,2026-09-28 13:03:04.5530000,0,741,0,2026-09-28 13:03:04.5530000,-21.850000,46.700000
64661,"Fotakiloha",1880,143,"38K","38K2H3S3Q",2,2026-09-28 13:03:08.4970000,0,741,0,2026-09-28 13:03:08.4970000,-21.850000,46.683330
1086864,"Al Qutaytirah",2344,173,"40Q","40Q1H3S4Q",2,2026-09-28 13:03:11.0800000,0,862,0,2026-09-28 13:03:11.0800000,22.021110,59.445830
64764,"Tamia",1877,143,"38K","38K2H3S3Q",2,2026-09-28 13:03:12.0470000,0,741,0,2026-09-28 13:03:12.0470000,-21.833330,46.683330
1089406,"Al Khutum",2344,173,"40Q","40Q1H3S4Q",2,2026-09-28 13:03:15.2800000,0,862,0,2026-09-28 13:03:15.2800000,22.109720,59.382500
64664,"Ankosibe",1880,143,"38K","38K2H3S3Q",2,2026-09-28 13:03:15.9670000,0,1517,0,2026-09-28 13:03:15.9670000,-21.850000,46.766670
1089871,"Dumi",2344,173,"40Q","40Q1H3S4Q",2,2026-09-28 13:03:22.9570000,0,862,0,2026-09-28 13:03:22.9570000,22.126110,59.405000
64766,"Ampitana",1880,143,"38K","38K2H3S3Q",2,2026-09-28 13:03:24.1300000,0,741,0,2026-09-28 13:03:24.1300000,-21.833330,46.833330
1089773,"Hulayfah",2344,173,"40Q","40Q1H3S4Q",2,2026-09-28 13:03:26.6970000,0,862,0,2026-09-28 13:03:26.6970000,22.118060,59.403060
1086393,"Al Bulaydah",2344,173,"40Q","40Q1H3S4Q",2,2026-09-28 13:03:31.0900000,0,862,0,2026-09-28 13:03:31.0900000,22.005830,59.354720
2515773,"Natal'ino",2657,192,"38U","38U2H1S2Q",1,2026-09-28 13:03:33.5900000,1200,0,0,2026-09-28 13:03:33.5900000,51.962500,43.683800
1086528,"Bilad Bani Bu `Ali",2344,173,"40Q","40Q1H3S4Q",2,2026-09-28 13:03:34.6470000,0,862,0,2026-09-28 13:03:34.6470000,22.016110,59.324170
1088471,"Bilad Bani Bu Hasan",2344,173,"40Q","40Q1H3S4Q",2,2026-09-28 13:03:38.3630000,0,862,0,2026-09-28 13:03:38.3630000,22.081670,59.279720
1090862,"Al Wafi",2344,173,"40Q","40Q1H3S4Q",2,2026-09-28 13:03:42.8900000,0,862,0,2026-09-28 13:03:42.8900000,22.163610,59.235000
2122339,"Northville",3562,233,"18T","18T2H2S2Q",2,2026-09-28 10:37:51.3400000,0,16946,0,2026-09-28 13:05:19.0100000,43.225630,-74.172080
2122086,"Carpenters Corners",3562,233,"18T","18T2H2S2Q",2,2026-09-28 13:05:25.4900000,0,3387,0,2026-09-28 13:05:30.9730000,43.218680,-74.154020
2515778,"Troitsk-Roslyay",2654,192,"37U","37U2H3S2Q",1,2026-09-28 13:05:51.3030000,1200,0,0,2026-09-28 13:05:51.3030000,51.962780,41.103330
2795608,"Voivala",929,70,"34V","34V1H6S3Q",1,2013-09-27 21:14:51.8630000,12110,0,0,2026-09-28 13:07:21.4000000,60.410000,22.425000
2796161,"Kellarimaki",929,70,"34V","34V1H6S3Q",1,2013-09-11 23:12:40.1630000,19586,0,0,2026-09-28 13:07:34.0600000,60.433890,22.447220
2796870,"Ketola",929,70,"34V","34V1H6S3Q",1,2026-05-20 10:15:57.9830000,5439,0,0,2026-09-28 13:07:46.5970000,60.475000,22.457220
2797132,"Karpijoki",929,70,"34V","34V1H6S3Q",1,2013-09-15 03:46:49.3800000,90976,0,0,2026-09-28 13:07:52.4500000,60.485560,22.455000
2797429,"Karvala",929,70,"34V","34V1H6S3Q",1,2013-11-15 16:54:31.8070000,3872,0,0,2026-09-28 13:08:00.4470000,60.501670,22.464720
2667345,"Orekhovo-Borisovo Yuzhnoye",2670,192,"37U","37U1H1S2Q",2,2020-05-22 13:48:09.7800000,0,1369788,0,2026-09-28 13:08:07.1200000,55.633330,37.733330
2797211,"Vaantela",929,70,"34V","34V1H6S3Q",1,2013-12-22 11:36:19.1230000,8703,0,0,2026-09-28 13:08:23.4800000,60.496670,22.389720
2797177,"Aliskulma",929,70,"34V","34V1H6S3Q",1,2026-05-20 09:57:34.7270000,6789,0,0,2026-09-28 13:08:30.2700000,60.491110,22.369170
2796805,"Auranlaakso",929,70,"34V","34V1H6S3Q",1,2013-09-08 17:17:54.7830000,31144,0,0,2026-09-28 13:08:36.2830000,60.468560,22.352290
2796569,"Kausela",929,70,"34V","34V1H6S3Q",1,2013-09-25 18:52:13.4900000,20298,0,0,2026-09-28 13:08:42.5300000,60.463950,22.360270
43510,"Ampanaperandotsy",1877,143,"38J","38J1H2S2Q",2,2026-09-28 13:08:59.8170000,0,1200,0,2026-09-28 13:08:59.8170000,-24.600000,45.433330
43678,"Tsilany",1877,143,"38J","38J1H2S2Q",2,2026-09-28 13:09:04.2500000,0,1200,0,2026-09-28 13:09:04.2500000,-24.583330,45.466670
2668433,"Vorontsovo",2670,192,"37U","37U1H1S2Q",2,2022-04-04 06:57:13.1630000,0,1611338,0,2026-09-28 13:09:04.2830000,55.666670,37.550000
44130,"Vohidroy",1877,143,"38J","38J1H2S2Q",2,2026-09-28 13:09:07.9970000,0,1200,0,2026-09-28 13:09:07.9970000,-24.533330,45.466670
44131,"Marotrano",1877,143,"38J","38J1H2S2Q",2,2026-09-28 13:09:11.1700000,0,1200,0,2026-09-28 13:09:11.1700000,-24.533330,45.483330
44133,"Marosaraka",1877,143,"38J","38J1H2S2Q",2,2026-09-28 13:09:14.4400000,0,1200,0,2026-09-28 13:09:14.4400000,-24.533330,45.500000
44538,"Mandily",1877,143,"38J","38J1H2S2Q",2,2026-09-28 13:09:18.7170000,0,1200,0,2026-09-28 13:09:18.7170000,-24.483330,45.500000
44909,"Mikaikarivo",1877,143,"38J","38J1H2S2Q",2,2026-09-28 13:09:24.3970000,0,1200,0,2026-09-28 13:09:24.3970000,-24.433330,45.550000
2058254,"Fregene",1377,110,"33T","33T2H4S1Q",3,2018-10-13 09:09:01.5500000,0,0,1395674,2026-09-28 13:12:04.9730000,41.850510,12.196710
43512,"Ampirifiry",1877,143,"38J","38J1H2S2Q",2,2026-09-28 13:13:15.5970000,0,1200,0,2026-09-28 13:13:15.5970000,-24.600000,45.483330
43679,"Ananakaraka",1877,143,"38J","38J1H2S2Q",2,2026-09-28 13:13:19.9600000,0,1200,0,2026-09-28 13:13:19.9600000,-24.583330,45.483330
2675412,"Oboldino",2671,192,"37U","37U1H1S2Q",2,2023-09-08 07:13:19.8330000,0,25478,6152,2026-09-28 13:13:59.8400000,55.881630,37.928030
1989466,"Midland Beach",3562,233,"18T","18T2H5S4Q",3,2013-07-04 11:40:36.3970000,12037,0,13228,2026-09-28 13:14:01.4070000,40.573160,-74.094590
64765,"Ambalalova",1880,143,"38K","38K2H3S3Q",2,2026-09-28 13:14:17.4200000,0,741,0,2026-09-28 13:14:17.4200000,-21.833330,46.816670
64891,"Marovoro",1880,143,"38K","38K2H3S3Q",2,2026-09-28 13:14:23.3500000,0,741,0,2026-09-28 13:14:23.3500000,-21.816670,46.716670
64892,"Afisamisoa",1880,143,"38K","38K2H3S3Q",2,2026-09-28 13:14:31.9530000,0,776,0,2026-09-28 13:14:31.9530000,-21.816670,46.733330
64893,"Andohavolo",1880,143,"38K","38K2H3S3Q",2,2026-09-28 13:14:36.5600000,0,1517,0,2026-09-28 13:14:36.5600000,-21.816670,46.783330
64895,"Betokija",1880,143,"38K","38K2H3S3Q",2,2026-09-28 13:14:46.7300000,0,741,0,2026-09-28 13:14:46.7300000,-21.816670,46.800000
65011,"Ambalavaokely",1880,143,"38K","38K2H3S3Q",2,2026-09-28 13:14:51.6300000,0,741,0,2026-09-28 13:14:51.6300000,-21.800000,46.800000
65012,"Soanierana",1880,143,"38K","38K2H3S3Q",2,2026-09-28 13:14:53.6630000,0,741,0,2026-09-28 13:14:53.6630000,-21.800000,46.833330
1390573,"Hockley",3549,233,"15R","15R1H1S3Q",1,2017-05-14 11:29:27.9930000,7512276,0,0,2026-09-28 13:15:21.8730000,30.026890,-95.844400
63278,"Vohitsaoka",1880,143,"38K","38K2H6S1Q",2,2026-09-28 13:15:26.1870000,0,752,0,2026-09-28 13:15:26.1870000,-22.033330,46.716670
2002198,"Belfast",3584,233,"18T","18T2H5S3Q",3,2023-03-22 18:25:27.2300000,0,0,3634,2026-09-28 13:17:02.7700000,40.783170,-75.275420
43356,"Maropiko",1877,143,"38J","38J1H2S2Q",2,2026-09-28 13:17:07.9030000,0,1200,0,2026-09-28 13:17:07.9030000,-24.616670,45.516670
43680,"Akilimalagy",1877,143,"38J","38J1H2S2Q",2,2026-09-28 13:17:12.1500000,0,1200,0,2026-09-28 13:17:12.1500000,-24.583330,45.500000
1657730,"Candlewood",3535,233,"15S","15S2H2S4Q",3,2025-12-22 00:04:34.4970000,0,0,398452,2026-09-28 13:17:14.0170000,34.807870,-92.426270
2413734,"Libertow",2439,180,"34U","34U2H4S2Q",3,2026-09-28 13:18:46.1600000,0,0,1215,2026-09-28 13:18:46.1600000,49.972420,19.894610
1091881,"Jadid",2344,173,"40Q","40Q1H3S4Q",2,2026-09-28 13:18:58.6800000,0,983,0,2026-09-28 13:18:58.6800000,22.192780,59.221390
1092874,"Al Kamil",2344,173,"40Q","40Q1H3S4Q",2,2026-09-28 13:19:01.7430000,0,861,0,2026-09-28 13:19:01.7430000,22.219720,59.202500
1093541,"Buwayrid",2344,173,"40Q","40Q1H3S4Q",2,2026-09-28 13:19:04.8330000,0,861,0,2026-09-28 13:19:04.8330000,22.243060,59.215560
1090325,"Fulayj al Masha'ikh",2344,173,"40Q","40Q1H3S4Q",2,2026-09-28 13:19:07.9300000,0,862,0,2026-09-28 13:19:07.9300000,22.140560,59.161390
1070086,"Abu `Ukayshah",2344,173,"40Q","40Q1H6S2Q",2,2026-09-28 13:19:14.8870000,0,863,0,2026-09-28 13:19:14.8870000,21.400000,59.283330
1065999,"Sharkh",2344,173,"40Q","40Q1H6S2Q",2,2026-09-28 13:19:18.7070000,0,863,0,2026-09-28 13:19:18.7070000,21.250000,59.050000
1061750,"Ghalat",2344,173,"40Q","40Q1H6S1Q",2,2026-09-28 13:19:22.2900000,0,863,0,2026-09-28 13:19:22.2900000,21.100000,58.883330
1054353,"An Nuqdah",2343,173,"40Q","40Q1H6S3Q",2,2026-09-28 13:19:27.7670000,0,863,0,2026-09-28 13:19:27.7670000,20.848920,58.736830
2523153,"Fernneuendorf",713,57,"33U","33U1H4S4Q",3,2026-09-28 13:19:27.7670000,0,0,783,2026-09-28 13:19:27.7670000,52.116670,13.383330
2522304,"Kummersdorf-Gut",713,57,"33U","33U1H4S4Q",3,2026-09-28 13:19:37.1300000,0,0,1559,2026-09-28 13:19:37.1300000,52.100000,13.366670
2524823,"Klausdorf",713,57,"33U","33U1H4S4Q",3,2026-09-28 13:19:41.6200000,0,0,815,2026-09-28 13:19:41.6200000,52.150000,13.400000
2523968,"Lindenbruck",713,57,"33U","33U1H4S4Q",3,2026-09-28 13:19:45.5730000,0,0,788,2026-09-28 13:19:45.5730000,52.133330,13.500000
2523967,"Neuhof",713,57,"33U","33U1H4S4Q",3,2026-09-28 13:19:52.0470000,0,0,790,2026-09-28 13:19:52.0470000,52.133330,13.483330
2523154,"Zesch",713,57,"33U","33U1H4S4Q",3,2026-09-28 13:20:00.4030000,0,0,788,2026-09-28 13:20:00.4030000,52.116670,13.533330
2523155,"Neuendorf",713,57,"33U","33U1H4S4Q",3,2026-09-28 13:20:04.8470000,0,0,788,2026-09-28 13:20:04.8470000,52.116670,13.583330
2666769,"Turbaza Krasnyy Mayak",2670,192,"37U","37U1H1S2Q",2,2022-04-17 15:33:16.6470000,0,1651863,0,2026-09-28 13:20:22.3300000,55.616670,37.600000
2666985,"Tsaritsyno",2670,192,"37U","37U1H1S2Q",2,2020-01-11 10:25:47.4300000,0,1516143,0,2026-09-28 13:20:33.8030000,55.625400,37.650320
2667342,"Kotlyakovo",2670,192,"37U","37U1H1S2Q",2,2021-12-02 09:18:50.1330000,0,1430233,0,2026-09-28 13:20:42.5400000,55.633330,37.650000
2667579,"Moskvorech'ye-Saburovo",2670,192,"37U","37U1H1S2Q",2,2020-01-11 12:33:16.4570000,0,1542527,0,2026-09-28 13:20:50.3630000,55.641730,37.667540
2667907,"Kon'kovo",2670,192,"37U","37U1H1S2Q",2,2019-05-12 05:46:21.5500000,0,1292736,0,2026-09-28 13:20:58.6530000,55.650000,37.666670
2668437,"Kolomenskoye",2670,192,"37U","37U1H1S2Q",2,2019-12-21 11:36:48.9370000,0,1536121,0,2026-09-28 13:21:21.8900000,55.666670,37.683330
2668132,"Batyunino",2670,192,"37U","37U1H1S2Q",2,2020-03-03 12:29:10.0970000,0,1568123,0,2026-09-28 13:21:29.6670000,55.660000,37.700000
43682,"Manolondroa",1877,143,"38J","38J1H2S2Q",2,2026-09-28 13:21:31.6600000,0,1200,0,2026-09-28 13:21:31.6600000,-24.583330,45.516670
2667344,"Shipilovo",2670,192,"37U","37U1H1S2Q",2,2020-01-25 06:07:22.8800000,0,1526109,0,2026-09-28 13:21:46.8400000,55.633330,37.700000
2043321,"Nickerson",3559,233,"14T","14T2H6S2Q",1,2026-09-19 11:55:38.8530000,103832,0,0,2026-09-28 13:22:59.7570000,41.534440,-96.470300
1993486,"Port Ivory",3562,233,"18T","18T2H5S4Q",3,2013-07-04 04:05:37.5630000,4086,0,45117,2026-09-28 13:23:06.4670000,40.640940,-74.180140
2208244,"Melegnanello",1375,110,"32T","32T1H5S2Q",3,2026-08-31 07:44:52.1670000,3464,0,3938,2026-09-28 13:25:25.5000000,45.233330,9.616670
2547697,"Glascote",979,77,"30U","30U1H6S3Q",0,2026-09-28 13:27:36.5400000,0,0,0,2026-09-28 13:27:36.5400000,52.633330,-1.666670
2546229,"Drayton Bassett",979,77,"30U","30U1H6S3Q",0,2026-09-28 13:27:46.9130000,0,0,0,2026-09-28 13:27:46.9130000,52.600000,-1.716670
65010,"Ambalamanankavana",1880,143,"38K","38K2H3S3Q",2,2026-09-28 13:27:47.2800000,0,741,0,2026-09-28 13:27:47.2800000,-21.800000,46.650000
2545442,"Middleton",979,77,"30U","30U1H6S3Q",0,2026-09-28 13:27:51.6230000,0,0,0,2026-09-28 13:27:51.6230000,52.583330,-1.733330
65133,"Manamisoa Atsimo",1880,143,"38K","38K2H3S3Q",2,2026-09-28 13:27:53.4500000,0,741,0,2026-09-28 13:27:53.4500000,-21.783330,46.650000
65134,"Tserenambola",1880,143,"38K","38K2H3S3Q",2,2026-09-28 13:27:57.0970000,0,741,0,2026-09-28 13:27:57.0970000,-21.783330,46.666670
65135,"Volafotsy",1880,143,"38K","38K2H3S3Q",2,2026-09-28 13:28:00.3230000,0,741,0,2026-09-28 13:28:00.3230000,-21.783330,46.700000
65267,"Lahimena",1880,143,"38K","38K2H3S3Q",2,2026-09-28 13:28:03.4900000,0,741,0,2026-09-28 13:28:03.4900000,-21.766670,46.666670
65524,"Filongo",1880,143,"38K","38K2H3S3Q",2,2026-09-28 13:28:06.5800000,0,741,0,2026-09-28 13:28:06.5800000,-21.733330,46.666670
65525,"Atondritra",1880,143,"38K","38K2H3S3Q",2,2026-09-28 13:28:09.9630000,0,741,0,2026-09-28 13:28:09.9630000,-21.733330,46.683330
2544669,"Sutton Coldfield",979,77,"30U","30U1H6S3Q",0,2026-09-28 13:28:11.1070000,0,0,0,2026-09-28 13:28:11.1070000,52.566670,-1.816670
65526,"Ambondrotra",1880,143,"38K","38K2H3S3Q",2,2026-09-28 13:28:13.6100000,0,741,0,2026-09-28 13:28:13.6100000,-21.733330,46.700000
2220426,"Burago di Molgora",1375,110,"32T","32T1H5S2Q",1,2025-12-12 01:55:54.0530000,39380,0,0,2026-09-28 13:28:21.4530000,45.596480,9.381650
44412,"Imantsaka",1877,143,"38J","38J1H2S2Q",2,2026-09-28 13:28:28.1300000,0,1200,0,2026-09-28 13:28:28.1300000,-24.500000,45.516670
44277,"Malangiandro",1877,143,"38J","38J1H2S2Q",2,2026-09-28 13:28:31.7500000,0,1200,0,2026-09-28 13:28:31.7500000,-24.516670,45.516670
44784,"Mamorhena",1877,143,"38J","38J1H2S2Q",2,2026-09-28 13:28:35.6730000,0,1200,0,2026-09-28 13:28:35.6730000,-24.450000,45.583330
44910,"Sorony",1877,143,"38J","38J1H2S2Q",2,2026-09-28 13:28:38.9770000,0,1200,0,2026-09-28 13:28:38.9770000,-24.433330,45.600000
2207278,"Berning Mill",3558,233,"15T","15T1H5S1Q",2,2017-05-09 04:37:31.9030000,0,1837917,0,2026-09-28 13:28:58.6330000,45.206910,-93.624410
2123225,"Clarkville",3562,233,"18T","18T2H2S2Q",2,2026-09-28 13:05:35.5530000,0,4519,0,2026-09-28 13:29:08.7370000,43.243410,-74.122910
2123983,"Maple Grove",3562,233,"18T","18T2H2S2Q",2,2026-09-27 15:08:08.9800000,0,4604,0,2026-09-28 13:29:14.2870000,43.256180,-74.153740
2215222,"Caleppio",1375,110,"32T","32T1H5S2Q",1,2026-09-18 04:34:42.1400000,3566,0,0,2026-09-28 13:29:32.1430000,45.434360,9.382500
2556087,"Normanton upon Soar",979,77,"30U","30U1H6S3Q",0,2026-09-28 13:29:40.0870000,0,0,0,2026-09-28 13:29:40.0870000,52.808260,-1.242490
2553895,"Shepshed",979,77,"30U","30U1H6S3Q",0,2026-09-28 13:29:51.9570000,0,0,0,2026-09-28 13:29:51.9570000,52.765700,-1.290210
2555880,"Langley Priory",979,77,"30U","30U1H6S3Q",0,2026-09-28 13:29:56.3300000,0,0,0,2026-09-28 13:29:56.3300000,52.800190,-1.356360
2549191,"Newton Regis",979,77,"30U","30U1H6S3Q",0,2026-09-28 13:32:44.8400000,0,0,0,2026-09-28 13:32:44.8400000,52.666020,-1.587780
2523970,"Egsdorf",713,57,"33U","33U1H4S4Q",3,2026-09-28 13:32:48.7370000,0,0,787,2026-09-28 13:32:48.7370000,52.133330,13.583330
2548347,"Shuttington",979,77,"30U","30U1H6S3Q",0,2026-09-28 13:32:50.3830000,0,0,0,2026-09-28 13:32:50.3830000,52.645820,-1.628040
2549218,"Thorpe Constantine",979,77,"30U","30U1H6S3Q",0,2026-09-28 13:32:54.9970000,0,0,0,2026-09-28 13:32:54.9970000,52.666670,-1.616670
2523156,"Teupitz",713,57,"33U","33U1H4S4Q",3,2026-09-28 13:32:56.7930000,0,0,1237,2026-09-28 13:32:56.7930000,52.116670,13.616670
2552342,"Wychnor",979,77,"30U","30U1H6S3Q",2,2026-09-28 13:33:36.3930000,0,1150,0,2026-09-28 13:33:36.3930000,52.733330,-1.733330
1043050,"Sur Masirah",2344,173,"40Q","40Q1H6S3Q",2,2026-09-28 13:34:09.8700000,0,863,0,2026-09-28 13:34:09.8700000,20.415720,58.733960
1043172,"Al Humr",2344,173,"40Q","40Q1H6S3Q",2,2026-09-28 13:34:13.0270000,0,863,0,2026-09-28 13:34:13.0270000,20.416670,58.750000
1048087,"Filim",2343,173,"40Q","40Q1H6S3Q",2,2026-09-28 13:34:20.1770000,0,863,0,2026-09-28 13:34:20.1800000,20.616670,58.200000
1044602,"Khaluf",2343,173,"40Q","40Q1H6S3Q",2,2026-09-28 13:34:25.1430000,0,863,0,2026-09-28 13:34:25.1430000,20.470760,58.061210
1044407,"Ghadw",2343,173,"40Q","40Q1H6S3Q",2,2026-09-28 13:34:28.9100000,0,863,0,2026-09-28 13:34:28.9100000,20.466670,58.050000
1057472,"Al Ghubar",2343,173,"40Q","40Q1H5S3Q",2,2026-09-28 13:34:39.5000000,0,837,0,2026-09-28 13:34:39.5000000,20.950000,56.766670
1966526,"Mapleton",3571,233,"12T","12T2H5S3Q",1,2026-08-24 00:00:24.9430000,370355,0,0,2026-09-28 13:35:30.7630000,40.130230,-111.578530
2224311,"Bonner Landing",3557,233,"16T","16T1H6S1Q",3,2026-09-28 13:35:33.1900000,966,0,1104,2026-09-28 13:35:33.1900000,45.704170,-85.579530
2226059,"Saint James",3557,233,"16T","16T1H6S1Q",3,2026-09-28 13:35:36.6030000,968,0,1069,2026-09-28 13:35:36.6030000,45.751110,-85.515640
1964399,"Sutro",3571,233,"12T","12T2H5S3Q",1,2025-11-09 02:39:28.6200000,3650,0,0,2026-09-28 13:35:37.6100000,40.091900,-111.597140
1963815,"Moark Junction",3571,233,"12T","12T2H5S3Q",1,2025-11-11 03:42:43.3200000,62171,0,0,2026-09-28 13:35:42.4770000,40.082730,-111.588250
1963465,"Gomex",3571,233,"12T","12T2H5S3Q",1,2023-05-26 23:07:31.4430000,300672,0,0,2026-09-28 13:35:47.3370000,40.074400,-111.579080
1961331,"Castilla",3571,233,"12T","12T2H5S3Q",1,2026-09-22 20:26:00.8400000,4136,0,2562,2026-09-28 13:35:54.2070000,40.035510,-111.526020
1958844,"Thistle",3571,233,"12S","12S1H2S1Q",1,2026-09-22 20:26:11.2500000,1957,0,0,2026-09-28 13:36:02.3530000,39.991340,-111.498240
2663155,"Fedyukovo",2671,192,"37U","37U1H1S2Q",2,2024-02-16 10:12:44.8900000,0,90736,0,2026-09-28 13:36:10.5630000,55.514440,37.692560
1962318,"Salem",3571,233,"12T","12T2H5S3Q",1,2021-08-07 02:24:24.3770000,382994,0,0,2026-09-28 13:36:19.9000000,40.053010,-111.673540
2662840,"Podzaval'ye",2671,192,"37U","37U1H1S2Q",2,2023-07-28 15:27:04.7270000,0,83095,0,2026-09-28 13:36:26.9800000,55.500000,37.700000
2662298,"Bol'shoye Bryantsevo",2671,192,"37U","37U1H1S2Q",2,2023-08-04 18:44:19.7370000,0,81635,0,2026-09-28 13:36:33.5470000,55.483330,37.683330
2662031,"Vorypayevo",2671,192,"37U","37U1H1S2Q",2,2023-08-04 18:43:50.0230000,0,72860,0,2026-09-28 13:36:40.0930000,55.480520,37.671700
2661975,"Maloye Bryantsevo",2671,192,"37U","37U1H1S2Q",2,2023-08-04 18:44:12.8370000,0,64344,0,2026-09-28 13:36:48.9930000,55.478060,37.669720
2524462,"Brwinow",2440,180,"34U","34U1H5S3Q",2,2021-02-16 19:58:53.6800000,0,1189752,0,2026-09-28 13:36:52.8930000,52.142690,20.716970
2661495,"Uslon'",2671,192,"37U","37U1H1S2Q",2,2023-12-24 14:30:17.9430000,0,52838,0,2026-09-28 13:36:56.5530000,55.465000,37.641390
2661423,"Agafonovo",2671,192,"37U","37U1H1S2Q",2,2023-12-24 14:07:43.6070000,0,50276,0,2026-09-28 13:37:02.7300000,55.460830,37.645560
2551625,"Alrewas",979,77,"30U","30U1H6S3Q",2,2026-09-28 13:37:15.8430000,0,1150,0,2026-09-28 13:37:15.8430000,52.716670,-1.733330
2295990,"Buelach / Altstadt",503,43,"32T","32T1H2S1Q",3,2024-05-09 11:19:12.8600000,0,0,19742171,2026-09-28 13:37:15.9800000,47.517610,8.540460
2067033,"Pereto",1382,110,"33T","33T2H1S4Q",1,2026-09-12 22:57:40.0930000,48476,0,0,2026-09-28 13:39:19.6630000,42.058930,13.101390
1534372,"Smithfield",3549,233,"14S","14S2H6S3Q",3,2015-03-19 03:47:50.4730000,0,0,3677283,2026-09-28 13:39:54.9400000,32.870960,-97.215290
2523605,"Voorschoten",2265,167,"31U","31U1H6S3Q",1,2025-03-09 14:28:41.8500000,11956,3785,400,2026-09-28 13:39:56.6030000,52.127500,4.448610
2550028,"Whittington",979,77,"30U","30U1H6S3Q",2,2026-09-28 13:41:16.2670000,0,1150,0,2026-09-28 13:41:16.2670000,52.683330,-1.766670
1535549,"Azle",3549,233,"14S","14S2H6S3Q",3,2015-01-25 04:22:04.3130000,0,0,1740750,2026-09-28 13:41:40.3400000,32.895130,-97.545860
65399,"Vinany",1880,143,"38K","38K2H3S3Q",2,2026-09-28 13:43:01.7630000,0,741,0,2026-09-28 13:43:01.7630000,-21.750000,46.700000
65268,"Mangailay",1880,143,"38K","38K2H3S3Q",2,2026-09-28 13:43:05.5530000,0,741,0,2026-09-28 13:43:05.5530000,-21.766670,46.783330
65137,"Idondo",1880,143,"38K","38K2H3S3Q",2,2026-09-28 13:43:09.0270000,0,741,0,2026-09-28 13:43:09.0270000,-21.783330,46.800000
65269,"Ampietama",1880,143,"38K","38K2H3S3Q",2,2026-09-28 13:43:12.3030000,0,741,0,2026-09-28 13:43:12.3030000,-21.766670,46.850000
65400,"Iomindry",1880,143,"38K","38K2H3S3Q",2,2026-09-28 13:43:15.5730000,46,300,0,2026-09-28 13:43:15.5730000,-21.750000,46.850000
65401,"Tsarasaotra",1880,143,"38K","38K2H3S3Q",2,2026-09-28 13:43:19.0570000,0,741,0,2026-09-28 13:43:19.0570000,-21.750000,46.866670
44660,"Ampamata",1877,143,"38J","38J1H2S2Q",2,2026-09-28 13:44:01.2930000,0,1200,0,2026-09-28 13:44:01.2930000,-24.466670,45.633330
44134,"Morafeno",1877,143,"38J","38J1H2S2Q",2,2026-09-28 13:44:07.9370000,0,1200,0,2026-09-28 13:44:07.9370000,-24.533330,45.533330
43813,"Mikoboky",1877,143,"38J","38J1H2S2Q",2,2026-09-28 13:44:12.5730000,0,1200,0,2026-09-28 13:44:12.5730000,-24.566670,45.533330
43357,"Andraiketamalemy",1877,143,"38J","38J1H2S2Q",2,2026-09-28 13:44:16.0800000,0,1200,0,2026-09-28 13:44:16.0800000,-24.616670,45.550000
43513,"Berondro",1877,143,"38J","38J1H2S2Q",2,2026-09-28 13:44:19.4870000,0,1200,0,2026-09-28 13:44:19.4870000,-24.600000,45.550000
43358,"Bekopika",1877,143,"38J","38J1H2S2Q",2,2026-09-28 13:44:22.9600000,0,1200,0,2026-09-28 13:44:22.9600000,-24.616670,45.583330
43815,"Marasoreky",1877,143,"38J","38J1H2S2Q",2,2026-09-28 13:47:23.4030000,0,1200,0,2026-09-28 13:47:23.4030000,-24.566670,45.550000
1048086,"Haylat Harashif",2343,173,"40Q","40Q1H5S3Q",2,2026-09-28 13:49:17.7370000,0,861,0,2026-09-28 13:49:17.7370000,20.616670,56.933330
1048085,"Haylat al Ghabarah",2343,173,"40Q","40Q1H5S3Q",2,2026-09-28 13:49:23.7070000,0,861,0,2026-09-28 13:49:23.7070000,20.616670,56.616670
1049732,"Haylat Bin `Anuz",2343,173,"40Q","40Q1H5S3Q",2,2026-09-28 13:49:27.8930000,0,861,0,2026-09-28 13:49:27.8970000,20.683330,56.500000
1055524,"Barik",2343,173,"40Q","40Q1H5S3Q",2,2026-09-28 13:49:29.9270000,0,861,0,2026-09-28 13:49:29.9270000,20.883330,56.516670
2264036,"Grand Mound",3578,233,"10T","10T1H2S3Q",1,2026-09-27 22:17:41.7800000,24687,0,0,2026-09-28 13:49:32.3330000,46.787880,-123.011250
1055523,"Haylat La'mia",2343,173,"40Q","40Q1H5S3Q",2,2026-09-28 13:49:36.7170000,0,861,0,2026-09-28 13:49:36.7170000,20.883330,56.116670
2661493,"Makarovo",2671,192,"37U","37U1H1S2Q",2,2024-09-13 15:19:20.3400000,0,37174,0,2026-09-28 13:50:14.6430000,55.464800,37.672590
2661515,"Domodedovo",2671,192,"37U","37U1H1S2Q",2,2024-09-13 14:32:31.8100000,0,79636,0,2026-09-28 13:50:24.5100000,55.466470,37.700340
2660913,"Zabolot'ye",2671,192,"37U","37U1H1S2Q",2,2023-08-04 18:27:57.0400000,0,34954,0,2026-09-28 13:50:34.6130000,55.446180,37.677620
2660725,"Shcherbinka",2671,192,"37U","37U1H1S2Q",2,2023-09-11 03:41:13.2200000,0,40175,0,2026-09-28 13:50:42.8700000,55.435560,37.647780
65531,"Ambakoana",1880,143,"38K","38K2H3S3Q",2,2026-09-28 13:50:57.3370000,0,741,0,2026-09-28 13:50:57.3370000,-21.733330,46.883330
65530,"Ambatolahy",1880,143,"38K","38K2H3S3Q",2,2026-09-28 13:51:00.2200000,0,741,0,2026-09-28 13:51:00.2200000,-21.733330,46.866670
65529,"Betorabato",1880,143,"38K","38K2H3S3Q",2,2026-09-28 13:51:03.2570000,0,741,0,2026-09-28 13:51:03.2570000,-21.733330,46.816670
65528,"Ankorokoto",1880,143,"38K","38K2H3S3Q",2,2026-09-28 13:51:09.1230000,0,741,0,2026-09-28 13:51:09.1230000,-21.733330,46.783330
65527,"Tomboarivo",1880,143,"38K","38K2H3S3Q",2,2026-09-28 13:51:13.1700000,0,741,0,2026-09-28 13:51:13.1700000,-21.733330,46.766670
66103,"Fopohony",1880,143,"38K","38K2H3S3Q",2,2026-09-28 13:51:17.6230000,0,741,0,2026-09-28 13:51:17.6230000,-21.666670,46.716670
65953,"Antanifotsy",1880,143,"38K","38K2H3S3Q",2,2026-09-28 13:51:42.5270000,0,741,0,2026-09-28 13:51:42.5270000,-21.683330,46.666670
2172395,"Saint-Geniez-d'Olt",951,75,"31T","31T1H5S3Q",3,2020-11-20 22:25:25.3700000,0,857,1150,2026-09-28 13:51:55.1630000,44.466670,2.983330
2172396,"Pomayrols",951,75,"31T","31T1H5S4Q",2,2026-09-28 13:52:02.8270000,0,1727,1200,2026-09-28 13:52:02.8270000,44.466670,3.016670
2170252,"Campagnac",951,75,"31T","31T1H5S4Q",2,2026-09-28 13:52:17.4000000,0,2449,816,2026-09-28 13:52:21.8470000,44.416670,3.083330
2170253,"Canilhac",954,75,"31T","31T1H5S4Q",3,2019-11-17 16:32:35.0000000,0,984,4560,2026-09-28 13:52:28.2100000,44.416670,3.150000
2196083,"Solignac-sur-Loire",964,75,"31T","31T1H5S4Q",3,2016-06-05 18:15:13.4200000,0,300,28589,2026-09-28 13:52:59.2930000,44.966670,3.883330
2118843,"Emmonsburg",3562,233,"18T","18T2H2S2Q",2,2026-09-28 13:53:39.2170000,0,842,0,2026-09-28 13:53:39.2170000,43.153130,-74.709590
1683299,"Cosnino",3572,233,"12S","12S2H2S1Q",1,2013-02-02 23:55:02.1200000,8538987,0,0,2026-09-28 13:53:42.9370000,35.205570,-111.474880
2119102,"Irondale",3562,233,"18T","18T2H2S2Q",2,2026-09-28 13:53:43.0970000,0,634,0,2026-09-28 13:53:43.0970000,43.162570,-74.778480
1694488,"Buies Creek",3545,233,"17S","17S2H3S2Q",3,2026-09-28 13:51:40.1070000,0,0,2845,2026-09-28 13:53:43.2130000,35.412690,-78.736230
1694507,"Buies Creek",3545,233,"17S","17S2H3S2Q",3,2026-09-28 13:51:43.8330000,0,0,2749,2026-09-28 13:53:46.8430000,35.413220,-78.735570
2119744,"Curtis",3562,233,"18T","18T2H2S2Q",2,2026-09-28 13:53:47.1300000,0,842,0,2026-09-28 13:53:47.1300000,43.173130,-74.810980
2117063,"Doxtater Corner",3562,233,"18T","18T2H2S2Q",2,2026-09-28 13:53:51.9700000,0,847,0,2026-09-28 13:53:51.9700000,43.116740,-74.733200
2115585,"Dempster Corners",3562,233,"18T","18T2H2S2Q",2,2026-09-28 13:53:56.4270000,0,1043,0,2026-09-28 13:53:56.4270000,43.089240,-74.581250
2114695,"Scotchbrush",3562,233,"18T","18T2H2S2Q",2,2026-09-28 13:54:00.1000000,0,1043,0,2026-09-28 13:54:00.1000000,43.071740,-74.573750
2114715,"Bradtville",3562,233,"18T","18T2H2S2Q",2,2026-09-28 13:54:03.8530000,0,1043,0,2026-09-28 13:54:03.8530000,43.072570,-74.506810
2117175,"Bleecker",3562,233,"18T","18T2H2S2Q",2,2026-09-28 13:54:08.0930000,0,846,0,2026-09-28 13:54:08.0930000,43.119790,-74.367640
2557916,"Swarkeston",979,77,"30U","30U1H6S3Q",2,2026-09-28 13:55:57.7530000,0,1150,0,2026-09-28 13:55:57.7530000,52.850000,-1.433330
2523825,"Eydon",979,77,"30U","30U1H6S3Q",1,2026-09-28 13:56:53.8070000,1150,0,0,2026-09-28 13:56:53.8070000,52.133330,-1.200000
2523826,"Moreton Pinkney",979,77,"30U","30U1H6S3Q",1,2026-09-28 13:57:00.7270000,1150,0,0,2026-09-28 13:57:00.7270000,52.133330,-1.150000
2524701,"Maidford",979,77,"30U","30U1H6S3Q",1,2026-09-28 13:57:10.3230000,1250,0,0,2026-09-28 13:57:10.3230000,52.150000,-1.100000
2523827,"Blakesley",979,77,"30U","30U1H6S3Q",1,2026-09-28 13:57:18.3930000,1250,0,0,2026-09-28 13:57:18.3930000,52.133330,-1.083330
2522178,"Wappenham",979,77,"30U","30U1H6S3Q",1,2026-09-28 13:57:24.8870000,1250,0,0,2026-09-28 13:57:24.8870000,52.100000,-1.083330
2522986,"Slapton",979,77,"30U","30U1H6S3Q",1,2026-09-28 13:57:30.5970000,1250,0,0,2026-09-28 13:57:30.5970000,52.116070,-1.064850
2522179,"Abthorpe",979,77,"30U","30U1H6S3Q",1,2026-09-28 13:57:35.8400000,1250,0,0,2026-09-28 13:57:35.8400000,52.100000,-1.050000
2520529,"Syresham",979,77,"30U","30U1H6S3Q",1,2026-09-28 13:57:41.7900000,1250,0,0,2026-09-28 13:57:41.7900000,52.066670,-1.083330
2212387,"Casalmaiocco",1375,110,"32T","32T1H5S2Q",1,2025-11-01 19:27:13.3300000,3252,0,0,2026-09-28 13:57:51.7630000,45.353870,9.374350
2216019,"Poncarale",1375,110,"32T","32T1H6S1Q",1,2020-11-20 08:25:09.5800000,108570,0,0,2026-09-28 13:58:45.4930000,45.460980,10.176770
2214880,"Bagnolo Mella",1375,110,"32T","32T1H6S1Q",1,2023-01-06 12:21:47.9370000,107087,0,0,2026-09-28 13:58:52.7600000,45.429080,10.184370
2216625,"Borgosatollo",1375,110,"32T","32T1H6S1Q",1,2022-05-20 23:14:35.5470000,110852,0,0,2026-09-28 13:59:01.4400000,45.480780,10.241070
2216405,"Castenedolo",1375,110,"32T","32T1H6S1Q",1,2022-05-21 03:37:34.6600000,111282,0,0,2026-09-28 13:59:07.7000000,45.469480,10.295670
2214098,"Ghedi",1375,110,"32T","32T1H6S1Q",1,2022-10-14 05:01:43.1630000,105078,0,0,2026-09-28 13:59:17.7070000,45.401080,10.279270
2278993,"Oberruti",528,43,"32T","32T1H2S1Q",3,2023-02-02 09:47:37.7870000,0,0,2001214,2026-09-28 13:59:30.9800000,47.166730,8.394410
2217756,"Rezzato",1375,110,"32T","32T1H6S1Q",1,2022-05-21 21:07:32.8130000,143437,0,0,2026-09-28 13:59:35.6900000,45.514180,10.316670
2218117,"Mazzano",1375,110,"32T","32T1H6S1Q",1,2022-05-22 08:17:08.1230000,109766,0,0,2026-09-28 13:59:42.8600000,45.520080,10.353870
1716526,"Woodcrest",3545,233,"17S","17S2H3S2Q",3,2026-09-24 03:37:28.6700000,0,0,609848,2026-09-28 13:59:44.1630000,35.803760,-78.612230
2219168,"Prevalle",1375,110,"32T","32T1H6S1Q",1,2022-10-18 14:50:00.0330000,108733,0,0,2026-09-28 14:00:05.4470000,45.551380,10.422070
43970,"Ambatobe",1877,143,"38J","38J1H2S2Q",2,2026-09-28 14:00:39.6300000,0,1200,0,2026-09-28 14:00:39.6300000,-24.550000,45.550000
43971,"Anivorano",1877,143,"38J","38J1H2S2Q",2,2026-09-28 14:00:42.8470000,0,1200,0,2026-09-28 14:00:42.8470000,-24.550000,45.566670
44278,"Maranaoha",1877,143,"38J","38J1H2S2Q",2,2026-09-28 14:00:46.1070000,0,1200,0,2026-09-28 14:00:46.1070000,-24.516670,45.583330
2554746,"Branston",979,77,"30U","30U1H6S3Q",2,2026-09-28 14:00:47.4770000,0,1150,0,2026-09-28 14:00:47.4770000,52.783330,-1.666670
44135,"Maranaoha",1877,143,"38J","38J1H2S2Q",2,2026-09-28 14:00:49.4330000,0,1200,0,2026-09-28 14:00:49.4330000,-24.533330,45.583330
1619896,"Granada Hills",3567,233,"11S","11S2H1S4Q",1,2026-09-26 12:47:56.6600000,2310,0,0,2026-09-28 14:01:09.1230000,34.264720,-118.523140
1610904,"Calabasas Highlands",3567,233,"11S","11S2H1S4Q",1,2026-09-26 00:53:29.7670000,2658,0,0,2026-09-28 14:01:26.3770000,34.130840,-118.645360
1609471,"Topanga Park",3567,233,"11S","11S2H1S4Q",1,2026-09-27 20:42:49.6800000,2766,0,0,2026-09-28 14:01:31.1830000,34.107510,-118.629250
2211903,"Chieve",1375,110,"32T","32T1H5S2Q",1,2026-09-28 14:01:25.2400000,2430,0,0,2026-09-28 14:01:31.6230000,45.340470,9.616460
1610935,"Santa Maria",3567,233,"11S","11S2H1S4Q",1,2026-09-28 00:46:51.5730000,2818,0,0,2026-09-28 14:01:41.5070000,34.131400,-118.574530
1982922,"Pittsburgh",3584,233,"17T","17T2H6S3Q",3,2014-01-16 21:01:18.0800000,0,0,41072640,2026-09-28 14:01:43.4770000,40.440620,-79.995890
1609919,"Sylvia Park",3567,233,"11S","11S2H1S4Q",1,2026-09-25 23:21:51.0200000,2631,0,0,2026-09-28 14:01:45.5900000,34.115010,-118.581750
2213124,"Offanengo",1375,110,"32T","32T1H5S2Q",1,2023-10-02 10:26:28.4170000,112735,0,0,2026-09-28 14:01:58.3770000,45.378870,9.742360
2796530,"Kultanummi",929,70,"34V","34V1H6S3Q",1,2014-05-03 20:17:40.6970000,57541,0,0,2026-09-28 14:03:12.4270000,60.460010,22.370050
2796272,"Kalttassuo",929,70,"34V","34V1H6S3Q",1,2013-10-12 05:26:43.8070000,495235,0,0,2026-09-28 14:03:20.7570000,60.449260,22.368810
2796167,"Laehteenmaeki",929,70,"34V","34V1H6S3Q",1,2013-10-08 09:23:33.3170000,25090,0,0,2026-09-28 14:03:26.3900000,60.435000,22.377500
2796074,"Vaala",929,70,"34V","34V1H6S3Q",1,2013-10-08 11:50:04.1830000,281746,0,0,2026-09-28 14:03:47.6830000,60.433330,22.364720
2796245,"Littoinen",929,70,"34V","34V1H6S3Q",1,2013-11-01 21:46:58.0300000,124236,0,0,2026-09-28 14:03:58.3230000,60.445750,22.399060
2545441,"Streetly",979,77,"30U","30U1H6S3Q",2,2024-09-21 11:12:30.9270000,0,2396,0,2026-09-28 14:04:08.7170000,52.583330,-1.883330
2546971,"Upper Stonnall",979,77,"30U","30U1H6S3Q",2,2010-01-01 00:00:00.0000000,0,25347,0,2026-09-28 14:04:09.7470000,52.616670,-1.900000
2563546,"Cossall",979,77,"30U","30U1H6S3Q",3,2024-05-16 05:23:14.8070000,0,0,730921,2026-09-28 14:04:10.8100000,52.966670,-1.283330
2578485,"Clowne",979,77,"30U","30U1H6S1Q",3,2024-07-10 05:37:09.5300000,0,0,181092,2026-09-28 14:04:11.8400000,53.266670,-1.250000
1052497,"Haylat Bin `Aruq",2343,173,"40Q","40Q1H5S3Q",2,2026-09-28 14:04:14.2230000,0,861,0,2026-09-28 14:04:14.2230000,20.783330,56.150000
1044841,"Kibrit",2343,173,"40Q","40Q1H5S3Q",2,2026-09-28 14:04:17.9770000,0,861,0,2026-09-28 14:04:17.9770000,20.483330,56.250000
2796493,"Hannunniitty",929,70,"34V","34V1H6S3Q",1,2013-10-22 14:50:38.5130000,625908,0,0,2026-09-28 14:04:18.5130000,60.455230,22.323790
1040508,"Shiqqat al `Awd",2343,173,"40Q","40Q1H5S3Q",2,2026-09-28 14:04:23.8330000,0,861,0,2026-09-28 14:04:23.8330000,20.316670,56.166670
2796226,"Laukkavuori",929,70,"34V","34V1H6S3Q",1,2013-09-07 11:54:30.2300000,178651,0,0,2026-09-28 14:04:26.0430000,60.443310,22.327610
1046088,"Zawliyah",2343,173,"40Q","40Q1H4S4Q",2,2026-09-28 14:04:27.7130000,0,861,0,2026-09-28 14:04:27.7130000,20.533330,55.933330
1036970,"Ma' al Mushash",2343,173,"40Q","40Q1H5S3Q",2,2026-09-28 14:04:31.1370000,0,861,0,2026-09-28 14:04:31.1370000,20.183330,56.033330
2795624,"Rauvola",929,70,"34V","34V1H6S3Q",1,2013-07-17 12:45:48.8600000,106032,0,0,2026-09-28 14:04:39.2400000,60.413090,22.316060
2553156,"Walton upon Trent",979,77,"30U","30U1H6S3Q",2,2026-09-28 14:04:46.3100000,0,1150,0,2026-09-28 14:04:46.3100000,52.750000,-1.683330
2795637,"Katariina",929,70,"34V","34V1H6S3Q",1,2013-08-13 19:43:16.9230000,340853,0,0,2026-09-28 14:04:49.1670000,60.415290,22.279240
2551626,"Croxall",979,77,"30U","30U1H6S3Q",2,2026-09-28 14:05:03.5630000,0,1150,0,2026-09-28 14:05:03.5630000,52.716670,-1.700000
2097817,"East Lansing",3557,233,"16T","16T2H3S4Q",1,2017-07-10 09:44:20.9430000,2579944,0,0,2026-09-28 14:05:23.1270000,42.736980,-84.483870
2669496,"Novyye Cheremushki",2670,192,"37U","37U1H1S2Q",2,2019-07-12 08:44:47.0470000,0,1788610,0,2026-09-28 14:05:28.8070000,55.700000,37.583330
2669845,"Luzhniki",2670,192,"37U","37U1H1S2Q",2,2019-06-24 05:19:41.1230000,0,1861654,0,2026-09-28 14:05:43.7130000,55.715990,37.553760
2670058,"Vorob'yevo",2670,192,"37U","37U1H1S2Q",2,2019-04-01 15:27:54.5370000,0,1543904,0,2026-09-28 14:05:50.9300000,55.716670,37.533330
2740700,"Savenki",2662,192,"40V","40V2H5S1Q",2,2023-05-10 15:21:27.5600000,0,3536926,37945,2026-09-28 14:05:54.6500000,57.853890,56.115000
2211240,"Casaletto Ceredano",1375,110,"32T","32T1H5S2Q",1,2026-09-28 14:01:38.7230000,1034,0,0,2026-09-28 14:06:10.4170000,45.318070,9.617560
43973,"Ambatofotsy",1877,143,"38J","38J1H2S2Q",2,2026-09-28 14:06:22.2300000,0,1200,0,2026-09-28 14:06:22.2330000,-24.550000,45.583330
43816,"Ambatomasy",1877,143,"38J","38J1H2S2Q",2,2026-09-28 14:06:26.2700000,0,1200,0,2026-09-28 14:06:26.2700000,-24.566670,45.583330
2670637,"Taganskiy",2670,192,"37U","37U1H1S2Q",2,2019-04-16 11:47:54.9630000,0,1631888,0,2026-09-28 14:06:30.7200000,55.733330,37.666670
2550029,"Elford",979,77,"30U","30U1H6S3Q",2,2026-09-28 14:07:49.4400000,0,1150,0,2026-09-28 14:07:49.4400000,52.683330,-1.716670
2561092,"Stanton by Dale",979,77,"30U","30U1H6S3Q",2,2026-08-03 17:30:12.9970000,0,19146,0,2026-09-28 14:08:08.4300000,52.916670,-1.300000
2561093,"Sandiacre",979,77,"30U","30U1H6S3Q",2,2010-01-01 00:00:00.0000000,0,15299,0,2026-09-28 14:08:10.1500000,52.916670,-1.283330
2671776,"Lefortovo",2670,192,"37U","37U1H1S2Q",2,2019-04-20 16:39:18.4600000,0,3773069,0,2026-09-28 14:08:15.2830000,55.766670,37.700000
1551493,"Minchin",3549,233,"14S","14S2H6S1Q",3,2015-09-29 10:58:40.5300000,0,0,3362358,2026-09-28 14:09:40.4500000,33.179290,-97.153620
1551175,"Jagoe",3549,233,"14S","14S2H6S1Q",3,2015-10-05 13:18:24.4030000,0,0,3727168,2026-09-28 14:09:47.6530000,33.173730,-97.149180
1550079,"Corinth",3549,233,"14S","14S2H6S1Q",3,2015-09-02 13:18:02.1330000,0,0,5105249,2026-09-28 14:10:03.5200000,33.154010,-97.064730
1546868,"Copper Canyon",3549,233,"14S","14S2H6S1Q",3,2016-01-21 19:38:54.8030000,0,0,5051532,2026-09-28 14:10:18.8200000,33.095950,-97.096680
2544786,"Berlin Reinickendorf",714,57,"33U","33U1H4S4Q",2,2014-11-22 17:46:23.5330000,0,2336278,0,2026-09-28 14:10:23.6630000,52.566670,13.333330
1545241,"Double Oak",3549,233,"14S","14S2H6S1Q",3,2015-12-11 16:43:35.7800000,0,0,5075473,2026-09-28 14:10:23.8270000,33.065120,-97.110570
1545713,"Bartonville",3549,233,"14S","14S2H6S1Q",3,2023-11-11 19:27:00.4370000,0,0,5021151,2026-09-28 14:10:28.5300000,33.073180,-97.131680
1548109,"Lake Dallas",3549,233,"14S","14S2H6S1Q",3,2016-03-28 14:25:09.4970000,0,0,5016350,2026-09-28 14:10:37.2330000,33.119290,-97.025560
2359884,"Saturna",451,38,"10U","10U2H5S3Q",3,2013-08-01 15:28:48.3600000,0,0,3002899,2026-09-28 14:12:42.9930000,48.799650,-123.202620
1889254,"Rolles Beach",3542,233,"18S","18S1H1S4Q",3,2026-09-28 14:15:30.1630000,0,0,1063,2026-09-28 14:15:30.1630000,38.773450,-76.250500
1889982,"Mount Pleasant",3542,233,"18S","18S1H1S4Q",3,2026-09-28 14:15:35.4970000,0,0,1063,2026-09-28 14:15:35.5000000,38.787620,-76.253560
1890035,"Mount Pleasant Farms",3542,233,"18S","18S1H1S4Q",3,2026-09-28 14:15:41.5800000,0,0,1063,2026-09-28 14:15:41.5800000,38.789010,-76.245780
65807,"Andoharano",1880,143,"38K","38K2H3S3Q",2,2026-09-28 14:15:45.8400000,0,741,0,2026-09-28 14:15:45.8400000,-21.700000,46.716670
1890870,"Martingham",3542,233,"18S","18S1H1S4Q",3,2026-09-28 14:15:48.2870000,0,0,1061,2026-09-28 14:15:48.2870000,38.805670,-76.230780
65811,"Andramoro",1880,143,"38K","38K2H3S3Q",2,2026-09-28 14:15:50.1700000,0,741,0,2026-09-28 14:15:50.1700000,-21.700000,46.766670
1891012,"Quail Hollow",3542,233,"18S","18S1H1S4Q",3,2026-09-28 14:15:52.2430000,0,0,1061,2026-09-28 14:15:52.2430000,38.809560,-76.226340
65679,"Ambalamahazotra",1880,143,"38K","38K2H3S3Q",2,2026-09-28 14:15:53.9900000,0,741,0,2026-09-28 14:15:53.9900000,-21.716670,46.816670
65812,"Vandambe",1880,143,"38K","38K2H3S3Q",2,2026-09-28 14:15:56.6230000,0,741,0,2026-09-28 14:15:56.6230000,-21.700000,46.816670
1890885,"Gullwing Villas",3542,233,"18S","18S1H1S4Q",3,2026-09-28 14:15:57.7900000,0,0,1061,2026-09-28 14:15:57.7900000,38.805950,-76.219950
1890847,"Swan Villas",3542,233,"18S","18S1H1S4Q",3,2026-09-28 14:16:02.7700000,0,0,1059,2026-09-28 14:16:02.7700000,38.805120,-76.216610
65954,"Amboatany",1880,143,"38K","38K2H3S3Q",2,2026-09-28 14:16:03.2570000,0,741,0,2026-09-28 14:16:03.2570000,-21.683330,46.816670
1889882,"Saint Michaels",3542,233,"18S","18S1H1S4Q",3,2026-09-28 14:16:05.5200000,0,0,1061,2026-09-28 14:16:05.5200000,38.785120,-76.224390
65813,"Ijobo",1880,143,"38K","38K2H3S3Q",2,2026-09-28 14:16:06.7300000,0,741,0,2026-09-28 14:16:06.7300000,-21.700000,46.866670
65955,"Kitapa",1880,143,"38K","38K2H3S3Q",2,2026-09-28 14:16:11.0970000,0,741,0,2026-09-28 14:16:11.0970000,-21.683330,46.850000
65956,"Ankindresibe",1880,143,"38K","38K2H3S3Q",2,2026-09-28 14:16:13.6200000,0,741,0,2026-09-28 14:16:13.6200000,-21.683330,46.883330
2546972,"Weeford",979,77,"30U","30U1H6S3Q",2,2026-09-28 14:16:42.9830000,0,1150,0,2026-09-28 14:16:42.9830000,52.616670,-1.783330
2550842,"Edingale",979,77,"30U","30U1H6S3Q",2,2026-09-28 14:16:54.8900000,0,1150,0,2026-09-28 14:16:54.8900000,52.700000,-1.683330
2561559,"Derby",979,77,"30U","30U1H6S3Q",2,2026-02-18 23:31:57.7300000,0,64443,0,2026-09-28 14:17:10.8700000,52.922770,-1.476630
1033280,"As Safiq",2348,173,"40Q","40Q1H4S4Q",2,2026-09-28 14:19:19.7530000,0,861,0,2026-09-28 14:19:19.7530000,20.033330,55.600000
1030792,"Hayma'",2343,173,"40Q","40Q2H2S1Q",2,2026-09-28 14:19:29.9930000,0,862,0,2026-09-28 14:19:29.9930000,19.933330,56.316670
2345977,"Landivisiau",961,75,"30U","30U2H4S4Q",1,2024-02-27 15:31:16.1670000,519957,46406,38882,2026-09-28 14:19:55.9530000,48.507840,-4.068330
1022312,"Duqm",2343,173,"40Q","40Q2H2S2Q",2,2026-09-28 14:20:12.7370000,0,1200,0,2026-09-28 14:20:12.7370000,19.650000,57.700000
2547702,"Leicester",979,77,"30U","30U1H6S3Q",0,2026-09-28 14:20:13.0370000,0,0,0,2026-09-28 14:20:13.0370000,52.633330,-1.133330
1027383,"Nafun",2343,173,"40Q","40Q2H2S2Q",2,2026-09-28 14:20:16.0300000,0,1200,0,2026-09-28 14:20:16.0300000,19.812940,57.721910
2550032,"Thurcaston",979,77,"30U","30U1H6S3Q",0,2026-09-28 14:20:17.4100000,0,0,0,2026-09-28 14:20:17.4100000,52.683330,-1.150000
1028030,"Surayr",2343,173,"40Q","40Q2H2S2Q",2,2026-09-28 14:20:19.9570000,0,1200,0,2026-09-28 14:20:19.9570000,19.833330,57.750000
2552674,"Woodhouse",979,77,"30U","30U1H6S3Q",0,2026-09-28 14:20:22.6200000,0,0,0,2026-09-28 14:20:22.6200000,52.733690,-1.202830
1889339,"Tricfield",3542,233,"18S","18S1H1S4Q",3,2026-09-28 14:20:56.5300000,0,0,1061,2026-09-28 14:20:56.5300000,38.775670,-76.226890
66107,"Voatavolemaka",1880,143,"38K","38K2H3S3Q",2,2026-09-28 14:21:05.1600000,0,741,0,2026-09-28 14:21:05.1600000,-21.666670,46.866670
66105,"Soanatao",1880,143,"38K","38K2H3S3Q",2,2026-09-28 14:21:08.8800000,0,741,0,2026-09-28 14:21:08.8800000,-21.666670,46.850000
1889426,"Rio Vista",3542,233,"18S","18S1H1S4Q",3,2026-09-28 14:21:09.9200000,0,0,1059,2026-09-28 14:21:09.9200000,38.777900,-76.210500
66104,"Ambatovory",1880,143,"38K","38K2H3S3Q",2,2026-09-28 14:21:11.7200000,0,741,0,2026-09-28 14:21:11.7200000,-21.666670,46.833330
1889340,"Cove View",3542,233,"18S","18S1H1S4Q",3,2026-09-28 14:21:17.0230000,0,0,1056,2026-09-28 14:21:17.0230000,38.775670,-76.204110
66248,"Andoharano",1880,143,"38K","38K2H3S3Q",2,2026-09-28 14:21:19.4230000,0,741,0,2026-09-28 14:21:19.4230000,-21.650000,46.900000
2515788,"Tupilkin",2657,192,"38U","38U2H3S2Q",1,2026-09-28 14:23:29.3430000,1200,0,0,2026-09-28 14:23:29.3430000,51.963100,47.492600
2550030,"Haselour",979,77,"30U","30U1H6S3Q",2,2026-09-28 14:23:29.9770000,0,1150,0,2026-09-28 14:23:29.9770000,52.683330,-1.700000
2515798,"Kamyshevka",2677,192,"37U","37U2H1S2Q",1,2026-09-28 14:24:49.7900000,1200,0,0,2026-09-28 14:24:49.7900000,51.963600,37.298280
2671195,"Nizhniye Mnevniki",2670,192,"37U","37U1H1S2Q",2,2021-12-19 14:09:17.7870000,0,1830595,0,2026-09-28 14:24:56.0400000,55.750000,37.466670
2521372,"Silverstone",979,77,"30U","30U1H6S3Q",1,2026-09-28 14:26:06.5770000,1200,0,0,2026-09-28 14:26:06.5770000,52.083330,-1.016670
2529740,"Northampton",979,77,"30U","30U1H6S4Q",1,2026-09-28 11:34:39.5300000,2400,0,0,2026-09-28 14:26:21.1370000,52.250000,-0.883330
2535455,"Maidwell",979,77,"30U","30U1H6S4Q",1,2026-09-28 14:26:35.6930000,1200,0,0,2026-09-28 14:26:35.6930000,52.366670,-0.900000
2545338,"South Wigston",979,77,"30U","30U1H6S3Q",0,2026-09-28 14:26:37.2600000,0,0,0,2026-09-28 14:26:37.2600000,52.580200,-1.132880
2546236,"Oadby",979,77,"30U","30U1H6S3Q",0,2026-09-28 14:26:42.1100000,0,0,0,2026-09-28 14:26:42.1100000,52.600000,-1.083330
2547703,"Humberstone",979,77,"30U","30U1H6S3Q",0,2026-09-28 14:26:45.5270000,0,0,0,2026-09-28 14:26:45.5270000,52.633330,-1.066670
2543946,"Croft",979,77,"30U","30U1H6S3Q",0,2026-09-28 14:27:00.3100000,0,0,0,2026-09-28 14:27:00.3100000,52.550000,-1.233330
1582355,"Callisburg",3549,233,"14S","14S2H6S1Q",1,2026-09-26 16:59:29.2170000,34654,0,1105,2026-09-28 14:27:08.8100000,33.697880,-97.008900
2541652,"Ashby Magna",979,77,"30U","30U1H6S3Q",0,2026-09-28 14:27:10.8770000,0,0,0,2026-09-28 14:27:10.8770000,52.500000,-1.166670
2539340,"Lutterworth",979,77,"30U","30U1H6S3Q",0,2026-09-28 14:27:15.4970000,0,0,0,2026-09-28 14:27:15.4970000,52.450000,-1.200000
1581475,"Custer City",3549,233,"14S","14S2H6S1Q",1,2026-09-23 14:39:33.6500000,4477,0,0,2026-09-28 14:27:17.2300000,33.682880,-97.050010
2543192,"Peatling Magna",979,77,"30U","30U1H6S3Q",0,2026-09-28 14:27:22.2600000,0,0,0,2026-09-28 14:27:22.2600000,52.533330,-1.116670
1579388,"Oak Ridge",3549,233,"14S","14S2H6S1Q",1,2026-04-30 12:24:31.3100000,25055,0,20890,2026-09-28 14:27:22.7700000,33.648160,-97.038340
2542413,"Arnesby",979,77,"30U","30U1H6S3Q",0,2026-09-28 14:27:27.3070000,0,0,0,2026-09-28 14:27:27.3070000,52.516670,-1.083330
2541654,"Shearsby",979,77,"30U","30U1H6S3Q",0,2026-09-28 14:27:35.4300000,0,0,0,2026-09-28 14:27:35.4300000,52.500000,-1.066670
2540903,"Mowsley",979,77,"30U","30U1H6S3Q",0,2026-09-28 14:27:41.3370000,0,0,0,2026-09-28 14:27:41.3370000,52.483330,-1.050000
2147150,"grimaldi inferiore",1376,110,"32T","32T2H1S2Q",1,2016-09-29 08:26:15.4630000,533577,0,0,2026-09-28 14:27:47.2670000,43.785540,7.532780
2536030,"Wolston",979,77,"30U","30U1H6S3Q",0,2026-09-28 14:27:56.7670000,0,0,0,2026-09-28 14:27:56.7670000,52.377170,-1.395440
2533049,"Princethorpe",979,77,"30U","30U1H6S3Q",0,2026-09-28 14:28:01.8000000,0,0,0,2026-09-28 14:28:01.8000000,52.316670,-1.416670
2531462,"Broadwell",979,77,"30U","30U1H6S3Q",0,2026-09-28 14:28:06.0000000,0,0,0,2026-09-28 14:28:06.0000000,52.283330,-1.333330
2532255,"Birdingbury",979,77,"30U","30U1H6S3Q",0,2026-09-28 14:28:12.9630000,0,0,0,2026-09-28 14:28:12.9630000,52.300000,-1.366670
2534643,"Bilton",979,77,"30U","30U1H6S3Q",0,2026-09-28 14:28:17.8200000,0,0,0,2026-09-28 14:28:17.8200000,52.350000,-1.283330
2537044,"Cosford",979,77,"30U","30U1H6S3Q",0,2026-09-28 14:28:22.6630000,0,0,0,2026-09-28 14:28:22.6630000,52.400000,-1.266670
2536214,"Clifton upon Dunsmore",979,77,"30U","30U1H6S3Q",0,2026-09-28 14:28:26.4900000,0,0,0,2026-09-28 14:28:26.4900000,52.383330,-1.216670
43683,"Ankindria Ambany",1877,143,"38J","38J1H2S2Q",2,2026-09-28 14:29:40.6970000,0,1200,0,2026-09-28 14:29:40.6970000,-24.583330,45.600000
43514,"Ankindria Ambony",1877,143,"38J","38J1H2S2Q",2,2026-09-28 14:29:44.8100000,0,1200,0,2026-09-28 14:29:44.8100000,-24.600000,45.600000
43684,"Iamanda",1877,143,"38J","38J1H2S2Q",2,2026-09-28 14:29:49.1530000,0,1200,0,2026-09-28 14:29:49.1530000,-24.583330,45.616670
43685,"Datsotsy",1877,143,"38J","38J1H2S2Q",2,2026-09-28 14:29:55.6270000,0,1200,0,2026-09-28 14:29:55.6300000,-24.583330,45.633330
1884883,"Fairbank",3542,233,"18S","18S1H1S4Q",3,2026-09-28 10:25:38.2600000,0,0,1497,2026-09-28 14:29:55.7370000,38.685670,-76.338000
1885624,"Tilghman Island Beach",3542,233,"18S","18S1H1S4Q",3,2026-09-28 10:26:18.3300000,0,0,1497,2026-09-28 14:29:59.8170000,38.700120,-76.341890
1885737,"Tilghman Island",3542,233,"18S","18S1H1S4Q",3,2026-09-28 11:06:02.6730000,0,0,3033,2026-09-28 14:30:03.7670000,38.702950,-76.335380
1885756,"Tilghman Island",3542,233,"18S","18S1H1S4Q",3,2026-09-28 11:06:06.4700000,0,0,1497,2026-09-28 14:30:06.5230000,38.703730,-76.338560
1885987,"Avalon",3542,233,"18S","18S1H1S4Q",3,2026-09-28 11:06:09.4370000,0,0,1497,2026-09-28 14:30:09.6500000,38.709290,-76.338280
1886486,"Tilghman",3542,233,"18S","18S1H1S4Q",3,2026-09-28 11:06:13.1530000,0,0,1509,2026-09-28 14:30:17.7030000,38.717060,-76.334390
43515,"Besatra",1877,143,"38J","38J1H2S2Q",2,2026-09-28 14:30:30.2970000,0,1200,0,2026-09-28 14:30:30.2970000,-24.600000,45.633330
1887082,"Deep Harbor",3542,233,"18S","18S1H1S4Q",3,2026-09-28 11:06:16.1200000,0,0,1497,2026-09-28 14:30:30.3430000,38.732060,-76.331060
43359,"Iambendra",1877,143,"38J","38J1H2S2Q",2,2026-09-28 14:30:35.1230000,0,1200,0,2026-09-28 14:30:35.1230000,-24.616670,45.666670
43360,"Besatra",1877,143,"38J","38J1H2S2Q",2,2026-09-28 14:30:38.6070000,0,1200,0,2026-09-28 14:30:38.6070000,-24.616670,45.683330
1888572,"Sherwood",3542,233,"18S","18S1H1S4Q",3,2026-09-28 11:06:23.8800000,0,0,1497,2026-09-28 14:30:38.7130000,38.761510,-76.318840
43516,"Kelilemby",1877,143,"38J","38J1H2S2Q",2,2026-09-28 14:30:45.5970000,0,1200,0,2026-09-28 14:30:45.5970000,-24.600000,45.666670
2257169,"Agums",1369,110,"32T","32T1H3S3Q",1,2026-09-28 14:30:57.0970000,920,62,0,2026-09-28 14:30:57.0970000,46.616670,10.583330
2257844,"Spondigna",1369,110,"32T","32T1H3S3Q",1,2026-09-28 14:31:14.2070000,920,0,0,2026-09-28 14:31:14.2070000,46.633330,10.616670
2139520,"Le Mirail",951,75,"31T","31T2H1S2Q",2,2023-12-16 07:49:37.1300000,0,968116,506,2026-09-28 14:32:18.7570000,43.576410,1.394580
9940,"Enfield",138,13,"54H","54H1H4S1Q",2,2023-10-18 09:28:07.8270000,0,1042019,0,2026-09-28 14:32:21.3870000,-34.852600,138.602550
66402,"Vohimarina",1880,143,"38K","38K2H3S3Q",2,2026-09-28 14:33:26.7800000,0,741,0,2026-09-28 14:33:26.7800000,-21.633330,46.900000
2257170,"Cengles",1369,110,"32T","32T1H3S3Q",2,2025-02-13 17:21:07.5170000,300,1303,0,2026-09-28 14:33:30.8600000,46.616670,10.633330
66401,"Antaniditra",1880,143,"38K","38K2H3S3Q",2,2026-09-28 14:33:32.3000000,0,741,0,2026-09-28 14:33:32.3000000,-21.633330,46.833330
66400,"Maromanana",1880,143,"38K","38K2H3S3Q",2,2026-09-28 14:33:35.3130000,0,741,0,2026-09-28 14:33:35.3130000,-21.633330,46.816670
66399,"Malafaoy",1880,143,"38K","38K2H3S3Q",2,2026-09-28 14:33:38.1630000,0,758,0,2026-09-28 14:33:38.1630000,-21.633330,46.800000
66549,"Lamosina",1880,143,"38K","38K2H3S3Q",2,2026-09-28 14:33:41.2770000,0,758,0,2026-09-28 14:33:41.2770000,-21.616670,46.800000
66550,"Soamarina",1880,143,"38K","38K2H3S3Q",2,2026-09-28 14:33:45.0200000,0,741,0,2026-09-28 14:33:45.0200000,-21.616670,46.816670
66551,"Tsimany",1880,143,"38K","38K2H3S3Q",2,2026-09-28 14:33:48.4100000,0,741,0,2026-09-28 14:33:48.4100000,-21.616670,46.833330
66548,"Antsakoa",1880,143,"38K","38K2H3S3Q",2,2026-09-28 14:33:52.2000000,0,741,0,2026-09-28 14:33:52.2000000,-21.616670,46.766670
1033726,"Manazif",2343,173,"40Q","40Q1H5S4Q",2,2026-09-28 14:34:27.2370000,0,1200,0,2026-09-28 14:34:27.2370000,20.050000,57.733330
1046529,"Raqi",2343,173,"40Q","40Q1H5S4Q",2,2026-09-28 14:34:35.6070000,0,862,0,2026-09-28 14:34:35.6070000,20.550000,57.516670
2515800,"Novoalekseyevka",2657,192,"38U","38U2H3S1Q",1,2026-09-28 14:34:37.2630000,1200,0,0,2026-09-28 14:34:37.2630000,51.963610,46.346110
2515818,"Semenovka",2654,192,"37U","37U2H3S1Q",1,2026-09-28 14:34:40.8830000,1200,0,0,2026-09-28 14:34:40.8830000,51.964170,40.721670
2515823,"Gorino",2657,192,"38U","38U2H3S2Q",1,2026-09-28 14:34:47.1700000,1200,0,0,2026-09-28 14:34:47.1700000,51.964400,47.414900
1059278,"Tawi Kuraysh",2343,173,"40Q","40Q1H6S1Q",2,2026-09-28 14:34:51.3070000,0,862,0,2026-09-28 14:34:51.3070000,21.016670,58.016670
1889120,"Madison Place",3542,233,"18S","18S1H1S4Q",3,2026-09-28 14:34:55.0000000,0,0,1065,2026-09-28 14:34:55.0000000,38.770400,-76.204110
1889105,"Riverside",3542,233,"18S","18S1H1S4Q",3,2026-09-28 14:34:58.1800000,0,0,1068,2026-09-28 14:34:58.1800000,38.770120,-76.207450
1888386,"Rays Point",3542,233,"18S","18S1H1S4Q",3,2026-09-28 14:35:03.6600000,0,0,1068,2026-09-28 14:35:03.6600000,38.756780,-76.219110
2515825,"Sergeyevka",2674,192,"37U","37U2H3S1Q",1,2026-09-28 14:35:10.5630000,1200,0,0,2026-09-28 14:35:10.5630000,51.964440,40.365560
2515829,"Oktyabr'skiy",2657,192,"38U","38U2H1S2Q",1,2026-09-28 14:35:13.0770000,1200,0,0,2026-09-28 14:35:13.0770000,51.964700,43.557300
1212795,"The Palm Jumeirah",10,2,"40R","40R2H4S2Q",2,2026-09-28 14:35:55.5700000,0,1077,0,2026-09-28 14:35:55.5700000,25.116070,55.135060
1212327,"Knowledge Village",10,2,"40R","40R2H4S2Q",2,2026-09-28 14:36:09.0370000,0,1146,26,2026-09-28 14:36:09.0370000,25.102230,55.164330
2541557,"Corby",979,77,"30U","30U1H6S4Q",1,2026-09-28 14:36:27.3070000,1200,0,0,2026-09-28 14:36:27.3070000,52.496790,-0.688360
1887751,"Cedar Grove",3567,233,"10S","10S1H3S4Q",3,2025-12-29 23:09:22.4930000,0,0,1000665,2026-09-28 14:36:28.8870000,38.744630,-120.656870
1887330,"Motor City",3567,233,"10S","10S1H3S4Q",3,2026-09-11 19:18:37.8300000,0,0,6274,2026-09-28 14:36:45.3800000,38.733790,-120.740490
66398,"Soarano",1880,143,"38K","38K2H3S3Q",2,2026-09-28 14:39:04.8570000,0,741,0,2026-09-28 14:39:04.8570000,-21.633330,46.750000
66547,"Akahomody",1880,143,"38K","38K2H3S3Q",2,2026-09-28 14:39:19.1530000,0,741,0,2026-09-28 14:39:19.1530000,-21.616670,46.683330
66546,"Ambatolahy",1880,143,"38K","38K2H3S3Q",2,2026-09-28 14:39:28.7900000,0,741,0,2026-09-28 14:39:28.7900000,-21.616670,46.666670
66687,"Ambatorondro",1880,143,"38K","38K2H3S3Q",2,2026-09-28 14:39:41.7500000,0,741,0,2026-09-28 14:39:41.7500000,-21.600000,46.650000
66688,"Ambalamahasoa",1880,143,"38K","38K2H3S3Q",2,2026-09-28 14:39:45.3300000,0,741,0,2026-09-28 14:39:45.3300000,-21.600000,46.666670
2209866,"Boresse-et-Martron",947,75,"30T","30T1H6S2Q",3,2026-09-28 14:40:49.0200000,0,0,1720,2026-09-28 14:40:49.0200000,45.283330,-0.116670
2210399,"Guizengeard",947,75,"30T","30T1H6S2Q",2,2015-09-12 14:31:46.4530000,0,3115,691,2026-09-28 14:40:52.5170000,45.300000,-0.100000
2199366,"Laubardemont",965,75,"30T","30T1H6S2Q",3,2026-09-28 14:41:02.1500000,0,0,1098,2026-09-28 14:41:02.1500000,45.033330,-0.150000
2199364,"Guitres",965,75,"30T","30T1H6S2Q",3,2026-09-28 14:41:05.3500000,0,0,1098,2026-09-28 14:41:05.3500000,45.033330,-0.183330
2199363,"Saint-Martin-de-Laye",965,75,"30T","30T1H6S2Q",3,2026-09-28 14:41:08.6530000,0,0,1098,2026-09-28 14:41:08.6530000,45.033330,-0.216670
2197733,"Saint-Denis-de-Pile",965,75,"30T","30T1H6S4Q",3,2026-09-28 14:41:11.9100000,0,0,2349,2026-09-28 14:41:11.9100000,45.000000,-0.200000
2197732,"Bonzac",965,75,"30T","30T1H6S4Q",3,2026-09-28 14:41:16.0970000,0,0,1099,2026-09-28 14:41:16.0970000,45.000000,-0.216670
2195103,"Les Billaux",965,75,"30T","30T1H6S4Q",2,2022-11-22 22:52:23.5600000,0,22761,517,2026-09-28 14:41:19.9200000,44.950000,-0.233330
1888205,"Solitude",3542,233,"18S","18S1H1S4Q",3,2026-09-28 14:43:16.1500000,0,0,1138,2026-09-28 14:43:16.1500000,38.751780,-76.199110
2511285,"Stottoff",713,57,"33U","33U2H1S2Q",3,2026-09-28 14:43:20.1230000,0,7100,8119,2026-09-28 14:43:20.1230000,51.866670,13.966670
1887541,"Edgeview",3542,233,"18S","18S1H1S4Q",3,2026-09-28 14:43:20.5230000,0,0,1138,2026-09-28 14:43:20.5230000,38.739010,-76.200220
1888271,"Newcomb",3542,233,"18S","18S1H1S4Q",3,2026-09-28 14:43:23.5300000,0,0,1137,2026-09-28 14:43:23.5300000,38.753730,-76.176060
2511284,"Stennewitz",713,57,"33U","33U2H1S2Q",3,2026-09-28 14:43:32.8570000,0,3469,5687,2026-09-28 14:43:34.5830000,51.866670,13.950000
1887396,"Royal Acres",3542,233,"18S","18S1H1S4Q",1,2026-09-24 01:20:27.2100000,1142,0,1138,2026-09-28 14:43:53.1330000,38.735120,-76.185500
66689,"Besoarava",1880,143,"38K","38K2H3S3Q",2,2026-09-28 14:44:59.5000000,0,758,0,2026-09-28 14:44:59.5000000,-21.600000,46.733330
66815,"Andrainjato",1880,143,"38K","38K2H3S3Q",2,2026-09-28 14:45:06.6930000,0,741,0,2026-09-28 14:45:06.6930000,-21.583330,46.633330
1387578,"Uhland",3549,233,"14R","14R1H6S1Q",2,2021-09-26 18:40:18.0630000,0,572338,0,2026-09-28 14:45:07.2170000,29.957720,-97.786110
67083,"Marodinta",1880,143,"38K","38K2H3S3Q",2,2026-09-28 14:45:10.4170000,0,741,0,2026-09-28 14:45:10.4170000,-21.550000,46.650000
66946,"Miandrinirariny",1880,143,"38K","38K2H3S3Q",2,2026-09-28 14:45:13.8830000,0,741,0,2026-09-28 14:45:13.8830000,-21.566670,46.650000
2307357,"Richmond Highlands",3578,233,"10T","10T1H2S2Q",2,2015-10-15 17:25:03.5100000,0,1534578,0,2026-09-28 14:45:25.9170000,47.761210,-122.346240
67084,"Miray",1880,143,"38K","38K2H3S3Q",2,2026-09-28 14:46:30.1330000,0,741,0,2026-09-28 14:46:30.1330000,-21.550000,46.666670
1384558,"Lockhart",3549,233,"14R","14R1H6S1Q",2,2026-09-28 14:46:38.3000000,0,1049,0,2026-09-28 14:46:38.3000000,29.884940,-97.670000
10008,"Modbury",138,13,"54H","54H1H4S1Q",2,2023-11-24 10:36:52.7300000,0,2007541,0,2026-09-28 14:47:22.4070000,-34.833330,138.683330
9961,"Gilles Plains",138,13,"54H","54H1H4S1Q",2,2023-11-10 10:22:38.2800000,0,1366408,0,2026-09-28 14:47:24.9600000,-34.850000,138.650000
9960,"Northfield",138,13,"54H","54H1H4S1Q",2,2023-10-28 11:42:06.0870000,0,1022001,0,2026-09-28 14:47:38.4030000,-34.850000,138.633330
9938,"Blair Athol",138,13,"54H","54H1H4S1Q",2,2023-10-18 00:10:24.1530000,0,1069017,0,2026-09-28 14:47:41.8970000,-34.858890,138.596560
67082,"Ambohibolamena",1880,143,"38K","38K2H3S3Q",2,2026-09-28 14:48:33.2470000,0,741,0,2026-09-28 14:48:33.2500000,-21.550000,46.633330
67228,"Manolotrony",1880,143,"38K","38K2H3S3Q",2,2026-09-28 14:48:43.3600000,0,741,0,2026-09-28 14:48:43.3600000,-21.533330,46.633330
43517,"Ankafoza",1877,143,"38J","38J1H2S2Q",2,2026-09-28 14:48:49.6530000,0,1200,0,2026-09-28 14:48:49.6530000,-24.600000,45.683330
43686,"Manajaold",1877,143,"38J","38J1H2S2Q",2,2026-09-28 14:48:52.5070000,0,1200,0,2026-09-28 14:48:52.5070000,-24.583330,45.683330
43817,"Anjatelo",1877,143,"38J","38J1H2S2Q",2,2026-09-28 14:48:55.3770000,0,1200,0,2026-09-28 14:48:55.3770000,-24.566670,45.666670
43974,"Andalakaolo",1877,143,"38J","38J1H2S2Q",2,2026-09-28 14:48:59.0800000,0,1200,0,2026-09-28 14:48:59.0800000,-24.550000,45.683330
43976,"Ankilinano",1877,143,"38J","38J1H2S2Q",2,2026-09-28 14:49:01.9170000,0,1200,0,2026-09-28 14:49:01.9170000,-24.550000,45.700000
44136,"Antafianampela",1877,143,"38J","38J1H2S2Q",2,2026-09-28 14:49:05.1030000,0,1200,0,2026-09-28 14:49:05.1030000,-24.533330,45.666670
1219295,"Al Qusais Industrial Area First",11,2,"40R","40R2H4S2Q",2,2026-09-28 14:49:36.5030000,73,300,0,2026-09-28 14:49:36.5030000,25.290570,55.388260
1219218,"Al Qusais Industrial Area Second",11,2,"40R","40R2H4S2Q",2,2026-09-28 14:49:47.1770000,46,568,0,2026-09-28 14:49:47.1770000,25.287390,55.395380
1218872,"Muhaisanah Fourth",10,2,"40R","40R2H4S2Q",2,2026-09-28 14:49:56.3870000,47,600,0,2026-09-28 14:49:56.3870000,25.281720,55.405340
1218227,"Al Qusais Third",10,2,"40R","40R2H4S2Q",2,2026-09-28 14:50:07.7900000,46,554,0,2026-09-28 14:50:07.7900000,25.263560,55.396500
1868789,"Walmort",3567,233,"10S","10S1H3S3Q",3,2026-09-15 17:30:11.1130000,0,0,2001361,2026-09-28 14:50:20.6470000,38.380470,-121.244110
9878,"Woodville",138,13,"54H","54H1H4S1Q",2,2023-10-23 05:22:53.6400000,0,2000731,0,2026-09-28 14:50:37.6870000,-34.883330,138.550000
1148665,"Madinat Zayid",14,2,"39Q","39Q1H3S2Q",2,2026-09-28 14:50:46.7430000,0,837,0,2026-09-28 14:50:46.7430000,23.616670,53.750000
10294,"Waterloo Corner",138,13,"54H","54H1H4S1Q",2,2023-10-09 02:50:18.3400000,0,1430637,0,2026-09-28 14:50:50.6200000,-34.716670,138.583330
44280,"Mafilefy",1877,143,"38J","38J1H2S2Q",2,2026-09-28 14:51:29.0270000,0,1200,0,2026-09-28 14:51:29.0270000,-24.516670,45.666670
2541670,"De Gors",2269,167,"31U","31U1H6S3Q",1,2025-04-10 09:44:08.6430000,493442,0,0,2026-09-28 14:52:06.0100000,52.500000,4.950000
2555535,"Ticknall",979,77,"30U","30U1H6S3Q",2,2026-09-28 14:55:11.2130000,0,1150,0,2026-09-28 14:55:11.2130000,52.800000,-1.483330
2534644,"Hillmorton",979,77,"30U","30U1H6S3Q",0,2010-01-01 00:00:00.0000000,0,0,0,2026-09-28 14:57:23.2370000,52.350000,-1.216670
2536215,"Catthorpe",979,77,"30U","30U1H6S3Q",0,2010-01-01 00:00:00.0000000,0,0,0,2026-09-28 14:57:24.2670000,52.383330,-1.183330
2537045,"Swinford",979,77,"30U","30U1H6S3Q",0,2010-01-01 00:00:00.0000000,0,0,0,2026-09-28 14:57:26.3530000,52.400000,-1.150000
2537046,"Stanford on Avon",979,77,"30U","30U1H6S3Q",0,2010-01-01 00:00:00.0000000,0,0,0,2026-09-28 14:57:27.3870000,52.400000,-1.133330
2540133,"Gilmorton",979,77,"30U","30U1H6S3Q",0,2010-01-01 00:00:00.0000000,0,0,0,2026-09-28 14:57:28.5630000,52.466670,-1.150000
2557114,"King's Newton",979,77,"30U","30U1H6S3Q",2,2026-09-28 15:02:37.5600000,0,1150,0,2026-09-28 15:02:37.5600000,52.833330,-1.416670
2557115,"Weston upon Trent",979,77,"30U","30U1H6S3Q",2,2026-09-28 15:02:43.8070000,0,1150,0,2026-09-28 15:02:43.8070000,52.833330,-1.400000
2562690,"Stanton Gate",979,77,"30U","30U1H6S3Q",2,2026-09-28 15:03:52.0300000,0,1150,0,2026-09-28 15:03:52.0300000,52.950000,-1.283330
1147900,"Bu Rays",14,2,"39Q","39Q1H3S2Q",2,2026-09-28 15:04:28.6930000,0,852,0,2026-09-28 15:04:28.6930000,23.598060,53.736110
1149891,"Sikkat al Khayl",14,2,"39Q","39Q1H3S2Q",2,2026-09-28 15:04:31.8500000,0,851,0,2026-09-28 15:04:31.8500000,23.640560,53.622220
1405818,"Marshall Ford",3549,233,"14R","14R1H3S3Q",1,2026-09-28 15:04:25.8270000,1910,0,0,2026-09-28 15:04:36.9600000,30.391870,-97.888620
2077847,"Foster",3557,233,"17T","17T2H1S3Q",1,2016-07-23 12:14:46.3430000,4080232,0,0,2026-09-28 15:05:18.8770000,42.314480,-83.781050
1231859,"Al `Uqayr",2739,194,"39R","39R2H5S1Q",2,2026-09-28 15:05:32.9630000,155,600,0,2026-09-28 15:05:32.9630000,25.643060,50.214440
1366490,"Jazireh-ye Jonubi",1342,108,"39R","39R1H5S1Q",2,2026-09-28 15:06:10.7900000,0,842,0,2026-09-28 15:06:10.7900000,29.418400,50.666000
1406405,"Four Points",3549,233,"14R","14R1H3S3Q",1,2026-09-28 15:06:22.1000000,253,0,0,2026-09-28 15:06:22.1000000,30.403810,-97.853620
2257037,"Tschengls",1369,110,"32T","32T1H3S3Q",1,2026-09-28 15:07:10.7030000,920,0,0,2026-09-28 15:07:10.7030000,46.612420,10.637000
44413,"Ampanaperandrotsy",1877,143,"38J","38J1H2S2Q",2,2026-09-28 15:07:37.0800000,0,1200,0,2026-09-28 15:07:37.0800000,-24.500000,45.650000
44279,"Andalapito",1877,143,"38J","38J1H2S2Q",2,2026-09-28 15:07:41.0330000,0,1200,0,2026-09-28 15:07:41.0330000,-24.516670,45.633330
45270,"Ampihamy",1877,143,"38J","38J1H2S2Q",2,2026-09-28 15:08:06.0570000,0,1200,0,2026-09-28 15:08:06.0570000,-24.383330,45.350000
45269,"Soaravimasy",1877,143,"38J","38J1H2S2Q",2,2026-09-28 15:08:09.4100000,0,1200,0,2026-09-28 15:08:09.4100000,-24.383330,45.333330
45166,"Mahazoarivo",1877,143,"38J","38J1H2S2Q",2,2026-09-28 15:08:12.8900000,0,1200,0,2026-09-28 15:08:12.8900000,-24.400000,45.316670
2539342,"Husbands Bosworth",979,77,"30U","30U1H6S3Q",0,2010-01-01 00:00:00.0000000,0,0,0,2026-09-28 15:08:25.6100000,52.450000,-1.050000
2540134,"Walton",979,77,"30U","30U1H6S3Q",0,2010-01-01 00:00:00.0000000,0,0,0,2026-09-28 15:08:26.6470000,52.466670,-1.116670
2542414,"Saddington",979,77,"30U","30U1H6S3Q",0,2010-01-01 00:00:00.0000000,0,0,0,2026-09-28 15:08:27.6800000,52.516670,-1.033330
2542267,"Ashley",979,77,"30U","30U1H6S4Q",1,2026-09-28 15:09:15.2770000,1623,0,0,2026-09-28 15:09:18.1800000,52.511420,-0.831960
1887675,"Royal Oak",3542,233,"18S","18S1H1S4Q",3,2026-09-28 15:10:09.5230000,0,0,1144,2026-09-28 15:10:09.5230000,38.742340,-76.177720
1887862,"Loves Folly",3542,233,"18S","18S1H1S4Q",3,2026-09-28 15:10:12.5370000,0,0,1144,2026-09-28 15:10:12.5370000,38.747620,-76.164110
1992171,"Lawrenceville",3550,233,"17T","17T2H5S4Q",3,2023-01-09 10:11:34.8470000,288900,300,12176918,2026-09-28 15:10:16.3600000,40.617560,-80.543680
1888352,"Thanksgiving",3542,233,"18S","18S1H1S4Q",3,2026-09-28 15:10:19.3300000,0,0,1090,2026-09-28 15:10:19.3300000,38.755670,-76.156610
1888681,"Arcadia Shores",3542,233,"18S","18S1H1S4Q",3,2026-09-28 15:10:21.9470000,0,0,1090,2026-09-28 15:10:21.9470000,38.764010,-76.160500
1889403,"Ingleton",3542,233,"18S","18S1H1S4Q",3,2026-09-28 15:10:24.1600000,0,0,1090,2026-09-28 15:10:24.1600000,38.777340,-76.164670
1889471,"Aveley",3542,233,"18S","18S1H1S4Q",3,2026-09-28 15:10:27.1200000,0,0,1090,2026-09-28 15:10:27.1200000,38.779280,-76.138830
1889853,"Doncaster",3542,233,"18S","18S1H1S4Q",3,2026-09-28 15:10:29.6700000,0,0,1144,2026-09-28 15:10:29.6700000,38.784280,-76.131610
1890290,"Anchorage",3542,233,"18S","18S1H1S4Q",3,2026-09-28 15:10:31.2400000,0,0,1147,2026-09-28 15:10:31.2400000,38.795670,-76.138280
1936033,"Brentwood",3555,233,"16S","16S1H2S2Q",3,2019-06-23 09:44:08.6100000,0,0,192241,2026-09-28 15:11:20.3900000,39.602780,-86.182780
44532,"Soaloky",1877,143,"38J","38J1H2S2Q",2,2026-09-28 15:11:40.7200000,0,1200,0,2026-09-28 15:11:40.7200000,-24.483330,45.250000
1391857,"Mustang Ridge",3549,233,"14R","14R1H3S3Q",1,2026-09-28 15:14:33.6970000,396,234,0,2026-09-28 15:14:33.6970000,30.056880,-97.691110
2670636,"Zamoskvorech'ye",2670,192,"37U","37U1H1S2Q",2,2023-03-12 13:49:06.6830000,0,2829694,0,2026-09-28 15:14:45.1430000,55.733330,37.633330
1390367,"Goforth",3549,233,"14R","14R1H3S3Q",1,2026-09-28 15:18:05.4370000,720,0,0,2026-09-28 15:18:05.4370000,30.021880,-97.793340
1393345,"Turnersville",3549,233,"14R","14R1H3S3Q",1,2026-09-28 15:18:39.4900000,652,0,0,2026-09-28 15:18:39.4900000,30.092710,-97.781110
1366644,"Jazireh-ye Miani",1342,108,"39R","39R1H5S1Q",2,2026-09-28 15:19:36.5300000,0,842,0,2026-09-28 15:19:36.5300000,29.423000,50.663200
1366926,"Jazireh-ye Shomali",1342,108,"39R","39R1H5S1Q",2,2026-09-28 15:19:39.5670000,0,842,0,2026-09-28 15:19:39.5670000,29.431100,50.658100
1367290,"Sakhar",1342,108,"39R","39R1H5S1Q",2,2026-09-28 15:19:43.0700000,0,842,0,2026-09-28 15:19:43.0700000,29.441110,50.657500
1368450,"Kuhak-e Kuchek",1342,108,"39R","39R1H5S1Q",2,2026-09-28 15:19:46.1600000,0,842,0,2026-09-28 15:19:46.1600000,29.472300,50.686500
1389824,"Niederwald",3549,233,"14R","14R1H3S3Q",1,2026-09-28 15:20:13.6230000,1524,0,0,2026-09-28 15:20:16.6600000,30.009380,-97.728060
1389659,"Mendoza",3549,233,"14R","14R1H3S3Q",1,2026-09-28 15:20:26.5930000,2369,0,0,2026-09-28 15:20:30.0730000,30.004940,-97.686110
1389650,"Lytton Springs",3549,233,"14R","14R1H3S3Q",1,2026-09-28 15:20:43.6700000,1201,0,0,2026-09-28 15:20:47.1130000,30.004660,-97.612500
2525537,"Upper Boddington",979,77,"30U","30U1H6S3Q",0,2010-01-01 00:00:00.0000000,0,0,0,2026-09-28 15:22:29.9730000,52.166670,-1.283330
2527163,"Priors Marston",979,77,"30U","30U1H6S3Q",0,2010-01-01 00:00:00.0000000,0,0,0,2026-09-28 15:22:31.0130000,52.200000,-1.283330
2528859,"Napton on the Hill",979,77,"30U","30U1H6S3Q",0,2010-01-01 00:00:00.0000000,0,0,0,2026-09-28 15:22:32.0470000,52.233330,-1.316670
2539171,"North Kilworth",979,77,"30U","30U1H6S3Q",0,2010-01-01 00:00:00.0000000,0,0,0,2026-09-28 15:22:33.0770000,52.444240,-1.095800
1407823,"Volente",3549,233,"14R","14R1H3S3Q",1,2026-09-28 15:22:56.4300000,2017,0,0,2026-09-28 15:23:00.0730000,30.433810,-97.903620
1396811,"Utley",3549,233,"14R","14R1H3S3Q",2,2026-03-11 06:36:38.9630000,1500,5546,0,2026-09-28 15:23:33.5800000,30.181880,-97.420830
2192536,"Glen Arbor",3557,233,"16T","16T1H6S3Q",3,2026-09-28 15:24:14.0830000,0,0,927,2026-09-28 15:24:14.0830000,44.897500,-85.985370
67229,"Andondona",1880,143,"38K","38K2H3S3Q",2,2026-09-28 15:24:34.9470000,0,741,0,2026-09-28 15:24:34.9470000,-21.533330,46.683330
2192945,"Glen Haven",3557,233,"16T","16T1H5S4Q",3,2026-09-28 15:24:39.2500000,0,0,929,2026-09-28 15:24:39.2500000,44.901940,-86.027590
67382,"Matsinjorano",1880,143,"38K","38K2H3S3Q",2,2026-09-28 15:24:42.6400000,0,741,0,2026-09-28 15:24:42.6400000,-21.516670,46.683330
2193376,"Leelanau Schools",3557,233,"16T","16T1H6S3Q",3,2026-09-28 15:24:43.0270000,0,0,927,2026-09-28 15:24:43.0270000,44.915270,-85.970920
67528,"Ankazomanga",1880,143,"38K","38K2H3S3Q",2,2026-09-28 15:24:45.4900000,0,741,0,2026-09-28 15:24:45.4900000,-21.500000,46.683330
2195008,"Port Oneida",3557,233,"16T","16T1H6S3Q",3,2026-09-28 15:24:46.5800000,0,0,927,2026-09-28 15:24:46.5800000,44.947770,-85.945650
67527,"Atako",1880,143,"38K","38K2H3S3Q",2,2026-09-28 15:24:48.4100000,0,741,0,2026-09-28 15:24:48.4100000,-21.500000,46.666670
67526,"Ambolovoka",1880,143,"38K","38K2H3S3Q",2,2026-09-28 15:24:51.3700000,0,741,0,2026-09-28 15:24:51.3700000,-21.500000,46.650000
67525,"Ambalavato",1880,143,"38K","38K2H3S3Q",2,2026-09-28 15:24:54.3430000,0,741,0,2026-09-28 15:24:54.3430000,-21.500000,46.633330
67381,"Mangarakaraka",1880,143,"38K","38K2H3S3Q",2,2026-09-28 15:24:57.7970000,0,741,0,2026-09-28 15:24:57.7970000,-21.516670,46.600000
66816,"Ianatao",1880,143,"38K","38K2H3S3Q",2,2026-09-28 15:25:01.5530000,0,741,0,2026-09-28 15:25:01.5530000,-21.583330,46.750000
1596545,"La Mirada",3567,233,"11S","11S2H4S2Q",3,2014-10-21 05:16:34.9770000,0,0,1680996,2026-09-28 15:25:16.9370000,33.917240,-118.012010
1597677,"Leffingwell",3567,233,"11S","11S2H5S1Q",3,2014-09-28 02:22:55.2200000,0,0,1207380,2026-09-28 15:25:44.0930000,33.933350,-117.993120
1902701,"Whitehouse",3542,233,"18S","18S1H1S2Q",1,2015-08-16 16:35:30.5670000,261156,0,0,2026-09-28 15:25:48.0530000,39.023720,-76.923860
2154126,"Sagries",954,75,"31T","31T2H3S1Q",3,2020-06-10 11:45:07.4630000,0,0,300513,2026-09-28 15:25:49.3770000,43.983330,4.416670
2203750,"North Manitou",3557,233,"16T","16T1H6S1Q",3,2026-09-28 15:26:10.5770000,0,0,930,2026-09-28 15:26:10.5770000,45.120260,-85.979260
1102705,"San Ramon",644,51,"17Q","17Q1H3S3Q",2,2020-03-03 19:58:45.1300000,90,750,0,2026-09-28 15:27:12.8730000,22.466670,-79.950000
51521,"Ankomanga",1877,143,"38K","38K2H6S3Q",2,2026-09-28 15:28:10.3370000,0,1200,0,2026-09-28 15:28:10.3370000,-23.550000,46.000000
50969,"Bekily",1877,143,"38K","38K2H6S3Q",2,2026-09-28 15:28:13.5200000,0,1200,0,2026-09-28 15:28:13.5200000,-23.600000,46.016670
50378,"Antanimora",1877,143,"38K","38K2H5S4Q",2,2026-09-28 15:28:17.8030000,0,1200,0,2026-09-28 15:28:17.8030000,-23.666670,45.983330
50376,"Amboliala",1877,143,"38K","38K2H5S4Q",2,2026-09-28 15:28:21.3030000,0,1200,0,2026-09-28 15:28:21.3070000,-23.666670,45.966670
50522,"Ankatrakatraka",1877,143,"38K","38K2H5S4Q",2,2026-09-28 15:28:24.4000000,0,1200,0,2026-09-28 15:28:24.4000000,-23.650000,45.950000
50093,"Mandabe",1877,143,"38K","38K2H6S3Q",2,2026-09-28 15:28:30.4030000,0,1200,0,2026-09-28 15:28:30.4030000,-23.700000,46.083330
2040348,"Tremont",3563,233,"17T","17T2H5S1Q",3,2022-04-06 23:44:34.1130000,0,0,984503,2026-09-28 15:28:31.7370000,41.480330,-81.683190
2256458,"Stelvio",1369,110,"32T","32T1H3S3Q",2,2025-02-13 14:37:23.4130000,0,2198,0,2026-09-28 15:28:39.7970000,46.598010,10.545260
2551630,"Coalville",979,77,"30U","30U1H6S3Q",2,2026-09-28 15:28:58.6800000,0,1150,0,2026-09-28 15:28:58.6800000,52.716670,-1.366670
2515832,"Zelenyy Lug",2674,192,"37U","37U2H1S2Q",1,2026-09-28 15:30:15.2400000,1200,0,0,2026-09-28 15:30:15.2400000,51.964720,37.983890
2515835,"Barkovka",2677,192,"37U","37U2H1S2Q",1,2026-09-28 15:30:18.0500000,1200,0,0,2026-09-28 15:30:18.0500000,51.964870,37.537180
2515842,"Urazbayevo",2696,192,"40U","40U2H2S2Q",1,2026-09-28 15:30:20.3430000,1200,0,0,2026-09-28 15:30:20.3430000,51.965000,57.443610
2515843,"Krasnoyarskiy",2665,192,"40U","40U2H3S2Q",1,2026-09-28 15:30:22.6130000,1200,0,0,2026-09-28 15:30:22.6130000,51.965000,59.896670
2515860,"Tatyr-Uzyak",2696,192,"40U","40U2H3S1Q",1,2026-09-28 15:30:25.1500000,1200,0,0,2026-09-28 15:30:25.1500000,51.965830,58.143060
2515862,"Borki",2646,192,"37U","37U2H2S2Q",1,2026-09-28 15:30:29.3500000,1200,0,0,2026-09-28 15:30:29.3500000,51.965930,39.347810
2515868,"Troitskoye",2646,192,"37U","37U2H2S1Q",1,2026-09-28 15:30:33.2800000,1200,0,0,2026-09-28 15:30:33.2800000,51.966110,38.419170
2515869,"Yasnaya Polyana",2674,192,"37U","37U2H3S1Q",1,2026-09-28 15:30:36.1630000,1200,0,0,2026-09-28 15:30:36.1630000,51.966110,40.338060
1961701,"Payson",3571,233,"12T","12T2H5S3Q",1,2026-09-20 12:59:46.2000000,7326,0,0,2026-09-28 15:30:41.2800000,40.044400,-111.732150
1964129,"Lewis",3571,233,"12T","12T2H5S3Q",1,2023-07-25 14:30:41.3600000,212303,0,0,2026-09-28 15:30:46.6000000,40.085510,-111.703820
1964510,"Benjamin",3571,233,"12T","12T2H5S3Q",1,2023-07-25 14:30:51.7700000,430252,0,0,2026-09-28 15:30:50.9230000,40.094520,-111.738730
1964661,"Benjamin",3571,233,"12T","12T2H5S3Q",1,,7632,0,0,2026-09-28 15:30:57.3930000,40.098290,-111.731320
1966170,"Lake Shore",3571,233,"12T","12T2H5S3Q",1,2019-07-20 21:20:46.0430000,300298,0,0,2026-09-28 15:31:02.6530000,40.121900,-111.730480
67230,"Tsinjoroa",1880,143,"38K","38K2H3S3Q",2,2026-09-28 15:31:05.3470000,0,902,0,2026-09-28 15:31:05.3470000,-21.533330,46.750000
1966620,"Lake Shore",3571,233,"12T","12T2H5S3Q",1,2023-06-27 07:38:07.4000000,382711,0,0,2026-09-28 15:31:07.3870000,40.132250,-111.748300
66947,"Ankazobe",1880,143,"38K","38K2H3S3Q",2,2026-09-28 15:31:09.3130000,0,741,0,2026-09-28 15:31:09.3130000,-21.566670,46.783330
67085,"Valambao",1880,143,"38K","38K2H3S3Q",2,2026-09-28 15:31:11.5830000,0,758,0,2026-09-28 15:31:11.5830000,-21.550000,46.800000
1967166,"Palmyra",3571,233,"12T","12T2H5S3Q",1,2022-08-11 13:42:31.3330000,487924,0,0,2026-09-28 15:31:12.4930000,40.140230,-111.698820
66817,"Mahasila",1880,143,"38K","38K2H3S3Q",2,2026-09-28 15:31:15.1370000,0,741,0,2026-09-28 15:31:15.1370000,-21.583330,46.833330
67819,"Tearomizaha",1880,143,"38K","38K2H3S3Q",2,2026-09-28 15:31:20.7000000,0,741,0,2026-09-28 15:31:20.7000000,-21.466670,46.700000
1967460,"Palmyra",3571,233,"12T","12T2H5S3Q",1,2022-02-14 00:35:38.9530000,320603,0,0,2026-09-28 15:31:21.6630000,40.146960,-111.697110
2223571,"Varennes",459,38,"18T","18T1H6S1Q",1,2026-06-12 16:13:10.3370000,450865,0,0,2026-09-28 15:31:39.8770000,45.683380,-73.432460
2561864,"Trowell",979,77,"30U","30U1H6S3Q",2,2026-09-28 15:31:59.2000000,0,1150,0,2026-09-28 15:31:59.2000000,52.933330,-1.283330
49949,"Ambatolahy",1877,143,"38K","38K2H6S3Q",2,2026-09-28 15:32:39.5500000,0,1200,0,2026-09-28 15:32:39.5500000,-23.716670,46.133330
2526352,"Wormleighton",979,77,"30U","30U1H6S3Q",0,2010-01-01 00:00:00.0000000,0,0,0,2026-09-28 15:33:32.4130000,52.183330,-1.350000
2528003,"Ladbroke",979,77,"30U","30U1H6S3Q",0,2010-01-01 00:00:00.0000000,0,0,0,2026-09-28 15:33:33.4400000,52.216670,-1.383330
2529735,"Southam",979,77,"30U","30U1H6S3Q",0,2010-01-01 00:00:00.0000000,0,0,0,2026-09-28 15:33:34.4730000,52.250000,-1.383330
2795462,"Kaistarniemi",929,70,"34V","34V1H6S3Q",1,2013-07-24 21:03:10.3900000,186591,0,0,2026-09-28 15:33:45.3270000,60.400000,22.250000
2795334,"Kulkkilanranta",929,70,"34V","34V1H6S3Q",1,2013-07-29 16:23:45.3600000,95526,0,0,2026-09-28 15:34:00.2170000,60.391940,22.169440
49218,"Benonoky",1877,143,"38K","38K2H6S3Q",2,2026-09-28 15:34:07.1730000,0,1200,0,2026-09-28 15:34:07.1730000,-23.800000,46.033330
2796487,"Pahaniemi",929,70,"34V","34V1H6S3Q",1,2013-07-17 11:16:41.8030000,482499,0,0,2026-09-28 15:34:14.4100000,60.453940,22.201220
1368961,"Bandar-e Rig",1342,108,"39R","39R1H5S1Q",2,2026-09-28 15:34:38.9900000,0,842,0,2026-09-28 15:34:38.9900000,29.485700,50.628200
2796879,"Kaerla",929,70,"34V","34V1H6S3Q",1,2013-07-24 13:49:54.0330000,1003190,0,0,2026-09-28 15:34:39.3470000,60.476110,22.277220
1368388,"`Arash",1342,108,"39R","39R1H5S1Q",2,2026-09-28 15:34:42.9030000,0,842,0,2026-09-28 15:34:42.9030000,29.470000,50.596390
1369935,"Arash",1342,108,"39R","39R1H5S1Q",2,2026-09-28 15:34:46.3200000,0,842,0,2026-09-28 15:34:46.3200000,29.513600,50.607200
1369562,"Kuhak-e Bozorg",1342,108,"39R","39R1H5S1Q",2,2026-09-28 15:34:51.3000000,0,842,0,2026-09-28 15:34:51.3030000,29.502600,50.726000
2798514,"Pakainen",929,70,"34V","34V1H6S3Q",1,2013-12-19 04:30:07.0900000,23208,0,0,2026-09-28 15:34:55.0500000,60.583330,22.200000
1368055,"Rud-e Shur",1342,108,"39R","39R1H5S1Q",2,2026-09-28 15:34:55.2070000,0,842,0,2026-09-28 15:34:55.2100000,29.462400,50.768200
2798736,"Papumaki",929,70,"34V","34V1H6S3Q",1,2013-09-05 02:30:01.3530000,18569,0,0,2026-09-28 15:34:59.7000000,60.600000,22.216670
2798874,"Ojankulma",929,70,"34V","34V1H6S3Q",1,2013-12-19 04:31:31.8630000,10265,0,0,2026-09-28 15:35:04.5330000,60.608890,22.228610
2799308,"Leinainen",929,70,"34V","34V1H6S3Q",1,2013-09-11 20:43:49.9030000,16924,0,0,2026-09-28 15:35:10.6800000,60.636670,22.261110
2209402,"Le Chene",964,75,"31T","31T1H6S1Q",1,2026-09-28 15:35:10.7330000,1124,0,0,2026-09-28 15:35:10.7330000,45.266670,4.250000
2799089,"Kautranta",929,70,"34V","34V1H6S3Q",1,2013-10-26 10:26:28.0670000,24554,0,0,2026-09-28 15:35:15.9900000,60.623060,22.273890
2208604,"Sainte-Sigolene",964,75,"31T","31T1H6S1Q",1,2026-09-28 15:35:17.5070000,1122,0,0,2026-09-28 15:35:17.5070000,45.243290,4.233430
2208483,"La Batie",964,75,"31T","31T1H6S1Q",1,2026-09-28 15:35:24.0900000,1125,0,0,2026-09-28 15:35:24.0900000,45.237610,4.247500
2208015,"Le Pinet",964,75,"31T","31T1H6S1Q",1,2026-09-28 15:35:30.7030000,1121,0,0,2026-09-28 15:35:30.7030000,45.228900,4.237120
2212722,"Aurec-sur-Loire",964,75,"31T","31T1H6S1Q",1,2026-09-28 15:35:39.3070000,883,0,0,2026-09-28 15:35:39.3070000,45.366670,4.200000
2217869,"Boisset-Saint-Priest",945,75,"31T","31T1H6S1Q",1,2026-09-28 15:35:46.8200000,930,0,0,2026-09-28 15:35:46.8200000,45.516670,4.116670
2217870,"Saint-Priest",945,75,"31T","31T1H6S1Q",1,2026-09-28 15:35:52.3670000,930,0,0,2026-09-28 15:35:52.3670000,45.516670,4.133330
2217868,"Mollay",945,75,"31T","31T1H6S1Q",3,2020-11-23 21:08:35.8830000,1089,0,1250,2026-09-28 15:35:57.8570000,45.516670,4.083330
2209776,"Borgo San Giovanni",1375,110,"32T","32T1H5S2Q",3,2026-09-28 15:36:23.6770000,0,0,947,2026-09-28 15:36:23.6770000,45.277870,9.434960
2515877,"Kuzhnov Chernechik",2674,192,"37U","37U2H3S1Q",1,2026-09-28 15:38:20.8170000,1200,0,0,2026-09-28 15:38:20.8170000,51.966390,40.386670
2516144,"Alekseyevka",2657,192,"38U","38U2H3S2Q",1,2026-09-28 15:38:24.4070000,1200,0,0,2026-09-28 15:38:24.4070000,51.966670,47.333330
2516146,"Davydovka",2657,192,"39U","39U2H1S1Q",1,2026-09-28 15:38:27.1400000,1200,0,0,2026-09-28 15:38:27.1400000,51.966670,48.850000
2516147,"Chapayevskiy",2657,192,"39U","39U2H2S1Q",1,2026-09-28 15:38:30.3230000,1200,0,0,2026-09-28 15:38:30.3230000,51.966670,50.200000
2255333,"Cavolano",1369,110,"32T","32T1H3S3Q",2,2025-02-13 14:33:04.2500000,0,1696,0,2026-09-28 15:39:18.8270000,46.566670,10.566670
2445556,"Beyne-Heusay",255,20,"31U","31U2H3S4Q",1,2026-05-01 23:10:36.6630000,30500,0,0,2026-09-28 15:40:55.9830000,50.623260,5.656240
2117961,"Jackson Summit",3562,233,"18T","18T2H2S2Q",2,2026-09-28 15:42:55.6570000,0,943,0,2026-09-28 15:42:55.6570000,43.134240,-74.284020
2121737,"Sacandaga Park",3562,233,"18T","18T2H2S2Q",2,2026-09-28 15:10:34.6630000,0,24011,0,2026-09-28 15:43:11.7930000,43.216180,-74.189300
2510491,"Klein Klessow",713,57,"33U","33U2H1S2Q",3,2026-09-28 15:44:26.4930000,0,0,1070,2026-09-28 15:44:26.4930000,51.850000,13.950000
2510490,"Klein Beuchow",713,57,"33U","33U2H1S2Q",3,2026-09-28 15:44:33.1200000,0,0,1069,2026-09-28 15:44:33.1200000,51.850000,13.916670
2294535,"Boulevard Park",3578,233,"10T","10T1H2S2Q",2,2014-12-23 23:01:28.4100000,0,1328461,0,2026-09-28 15:47:19.9570000,47.489270,-122.315120
1394799,"Onion Creek Census Designated Place (historical)",3549,233,"14R","14R1H3S3Q",2,2026-07-19 16:33:57.6570000,80,6170,0,2026-09-28 15:47:28.2370000,30.129600,-97.788440
2191580,"Isadore",3557,233,"16T","16T1H6S3Q",3,2026-09-28 15:47:30.1530000,0,0,918,2026-09-28 15:47:30.1530000,44.877780,-85.773700
2185157,"Fivemile Corner",3557,233,"16T","16T1H6S3Q",3,2026-09-28 15:47:48.5800000,0,0,904,2026-09-28 15:47:48.5800000,44.746670,-85.522850
2186460,"Acme",3557,233,"16T","16T1H6S3Q",3,2026-09-28 15:47:50.9800000,0,0,903,2026-09-28 15:47:50.9800000,44.771950,-85.501460
49946,"Manombo",1877,143,"38K","38K2H5S4Q",2,2026-09-28 15:47:56.4130000,0,1200,0,2026-09-28 15:47:56.4130000,-23.716670,45.850000
49794,"Mahazoarivo",1877,143,"38K","38K2H5S4Q",2,2026-09-28 15:47:59.8830000,0,1200,0,2026-09-28 15:47:59.8830000,-23.733330,45.850000
2187367,"Cherry Bend",3557,233,"16T","16T1H6S3Q",3,2026-09-28 15:48:01.9000000,0,0,896,2026-09-28 15:48:01.9000000,44.793610,-85.647580
49947,"Besakoa",1877,143,"38K","38K2H5S4Q",2,2026-09-28 15:48:03.2470000,0,1200,0,2026-09-28 15:48:03.2470000,-23.716670,45.900000
49795,"Andriabe",1877,143,"38K","38K2H5S4Q",2,2026-09-28 15:48:07.6000000,0,1200,0,2026-09-28 15:48:07.6000000,-23.733330,45.883330
67529,"Tananaomby",1880,143,"38K","38K2H3S3Q",2,2026-09-28 15:48:47.3700000,0,741,0,2026-09-28 15:48:47.3700000,-21.500000,46.766670
67231,"Ivory",1880,143,"38K","38K2H3S3Q",2,2026-09-28 15:49:00.7600000,0,758,0,2026-09-28 15:49:00.7600000,-21.533330,46.800000
67383,"Iladilady",1880,143,"38K","38K2H3S3Q",2,2026-09-28 15:49:03.9800000,0,741,0,2026-09-28 15:49:03.9800000,-21.516670,46.783330
67384,"Mahalahy",1880,143,"38K","38K2H3S3Q",2,2026-09-28 15:50:02.0100000,0,758,0,2026-09-28 15:50:02.0100000,-21.516670,46.800000
2349493,"Indian Village",3578,233,"10U","10U2H5S4Q",3,2025-04-09 01:50:10.9430000,0,1500,184450,2026-09-28 15:50:02.6600000,48.572880,-122.650730
67232,"Ambalamarina Amaisana",1880,143,"38K","38K2H3S3Q",2,2026-09-28 15:50:03.5070000,0,741,0,2026-09-28 15:50:03.5070000,-21.533330,46.816670
1368422,"Rud-e Shur",1342,108,"39R","39R1H5S1Q",2,2026-09-28 15:50:05.2970000,0,842,0,2026-09-28 15:50:05.2970000,29.471200,50.775900
67086,"Morarano-Vahambe",1880,143,"38K","38K2H3S3Q",2,2026-09-28 15:50:06.5470000,0,741,0,2026-09-28 15:50:06.5470000,-21.550000,46.833330
1368916,"Sami`a",1342,108,"39R","39R1H5S1Q",2,2026-09-28 15:50:09.4330000,0,842,0,2026-09-28 15:50:09.4330000,29.484300,50.805400
66948,"Ivoenana",1880,143,"38K","38K2H3S3Q",2,2026-09-28 15:50:10.0100000,0,741,0,2026-09-28 15:50:10.0130000,-21.566670,46.833330
1368962,"Chehel Zar`i-ye `Ajam",1342,108,"39R","39R1H5S1Q",2,2026-09-28 15:50:13.5700000,0,842,0,2026-09-28 15:50:13.5700000,29.485700,50.855700
67087,"Tsaratanana",1880,143,"38K","38K2H3S3Q",2,2026-09-28 15:50:14.0470000,0,741,0,2026-09-28 15:50:14.0470000,-21.550000,46.850000
1367926,"Chehel Zar`i-ye `Arab",1342,108,"39R","39R1H5S1Q",2,2026-09-28 15:50:17.1430000,0,842,0,2026-09-28 15:50:17.1430000,29.458900,50.866900
66552,"Ambaibo",1880,143,"38K","38K2H3S3Q",2,2026-09-28 15:50:17.9930000,0,741,0,2026-09-28 15:50:17.9930000,-21.616670,46.883330
2196395,"Fountain Point",3557,233,"16T","16T1H6S3Q",3,2026-09-28 15:50:18.2030000,0,0,939,2026-09-28 15:50:18.2030000,44.969440,-85.705360
1368759,"`Ateybeh",1342,108,"39R","39R1H5S1Q",2,2026-09-28 15:50:22.0570000,0,842,0,2026-09-28 15:50:22.0570000,29.482100,50.894300
1367945,"Chah Dul",1342,108,"39R","39R1H5S1Q",2,2026-09-28 15:50:38.9830000,0,843,0,2026-09-28 15:50:38.9830000,29.459700,50.956900
1585200,"Balm",3549,233,"14S","14S2H6S2Q",1,2026-09-28 15:50:44.8670000,951,0,0,2026-09-28 15:50:44.8670000,33.746770,-96.976670
2555152,"Burton on the Wolds",979,77,"30U","30U1H6S3Q",0,2026-09-28 15:50:56.0530000,0,0,0,2026-09-28 15:50:56.0530000,52.785740,-1.129880
2552742,"Thrussington",979,77,"30U","30U1H6S3Q",0,2026-09-28 15:51:01.9730000,0,0,0,2026-09-28 15:51:01.9730000,52.736290,-1.040610
2552348,"Hoby",979,77,"30U","30U1H6S4Q",0,2026-09-28 15:51:07.0570000,0,0,0,2026-09-28 15:51:07.0570000,52.733330,-1.000000
2550034,"Queniborough",979,77,"30U","30U1H6S3Q",0,2026-09-28 15:51:10.4530000,0,0,0,2026-09-28 15:51:10.4530000,52.683330,-1.033330
1587116,"Walnut Bend",3549,233,"14S","14S2H6S1Q",3,2014-10-15 17:46:29.8470000,1800,0,324040,2026-09-28 15:51:15.8830000,33.778720,-97.064730
1558143,"Dalton",3549,233,"14S","14S2H6S1Q",3,2017-10-10 00:20:43.4030000,300,0,1561906,2026-09-28 15:52:20.0600000,33.299280,-97.204740
49641,"Antanisoa",1877,143,"38K","38K2H5S4Q",2,2026-09-28 15:52:30.0800000,0,1200,0,2026-09-28 15:52:30.0800000,-23.750000,45.883330
49501,"Beakondro",1877,143,"38K","38K2H5S4Q",2,2026-09-28 15:52:36.7830000,0,1200,0,2026-09-28 15:52:36.7830000,-23.766670,45.916670
2561094,"Stapleford",979,77,"30U","30U1H6S3Q",2,2026-09-28 15:52:44.9100000,0,1150,0,2026-09-28 15:52:44.9100000,52.916670,-1.266670
2556336,"Melbourne",979,77,"30U","30U1H6S3Q",2,2026-09-28 15:52:59.4570000,0,1150,0,2026-09-28 15:52:59.4570000,52.816670,-1.433330
2555395,"Calke",979,77,"30U","30U1H6S3Q",2,2026-09-28 15:53:05.0530000,0,1150,0,2026-09-28 15:53:05.0530000,52.795290,-1.449850
2557747,"Kingston on Soar",979,77,"30U","30U1H6S3Q",2,2026-09-28 15:53:20.1000000,0,1150,0,2026-09-28 15:53:20.1000000,52.844670,-1.255700
1538909,"Coppell",3549,233,"14S","14S2H6S3Q",3,2015-08-08 22:06:35.0530000,1101,0,4448227,2026-09-28 15:53:23.9130000,32.954570,-97.015010
2518966,"Klein Heidekamp",2273,167,"31U","31U1H6S4Q",1,2017-12-15 08:40:48.3470000,1253965,0,0,2026-09-28 15:53:23.9600000,52.033330,5.900000
2556301,"Diseworth",979,77,"30U","30U1H6S3Q",2,2026-09-28 15:53:25.3300000,0,1150,0,2026-09-28 15:53:25.3300000,52.816350,-1.331060
2167431,"Chief Lake",3557,233,"16T","16T1H5S4Q",3,2026-09-28 15:53:50.5130000,0,0,1180,2026-09-28 15:53:50.5130000,44.348610,-86.102310
2555975,"Tonge",979,77,"30U","30U1H6S3Q",2,2026-09-28 15:53:57.4730000,0,1150,0,2026-09-28 15:53:57.4730000,52.804010,-1.377070
2163702,"Manistee",3557,233,"16T","16T1H5S4Q",1,2026-09-25 22:43:14.2200000,41428,0,6019,2026-09-28 15:54:06.1900000,44.244450,-86.324250
66553,"Andakana",1880,143,"38K","38K2H3S3Q",2,2026-09-28 15:54:57.0370000,0,741,0,2026-09-28 15:54:57.0370000,-21.616670,46.900000
66690,"Ambodihady",1880,143,"38K","38K2H3S3Q",2,2026-09-28 15:55:00.8530000,0,741,0,2026-09-28 15:55:00.8530000,-21.600000,46.900000
2516149,"Chalkino",2665,192,"40U","40U2H1S1Q",1,2026-09-28 15:55:13.5000000,1200,0,0,2026-09-28 15:55:13.5000000,51.966670,54.416670
2516150,"Voznesenka",2665,192,"40U","40U2H1S1Q",1,2026-09-28 15:55:17.2970000,1200,0,0,2026-09-28 15:55:17.2970000,51.966670,54.883330
2516151,"Staryy Kazlair",2665,192,"40U","40U2H2S1Q",1,2026-09-28 15:55:20.0400000,1200,0,0,2026-09-28 15:55:20.0400000,51.966670,56.316670
2516152,"Mar'yevka",2665,192,"40U","40U2H2S1Q",1,2026-09-28 15:55:22.7300000,1200,0,0,2026-09-28 15:55:22.7300000,51.966670,56.483330
2516153,"Novovasil'yevskiy",2696,192,"40U","40U2H2S2Q",1,2026-09-28 15:55:25.1970000,1200,0,0,2026-09-28 15:55:25.1970000,51.966670,57.550000
2516154,"Ul'trakova",2696,192,"40U","40U2H2S2Q",1,2026-09-28 15:55:28.2400000,1200,0,0,2026-09-28 15:55:28.2400000,51.966670,57.700000
2516155,"Mitayeva",2696,192,"40U","40U2H2S2Q",1,2026-09-28 15:55:31.5170000,1200,0,0,2026-09-28 15:55:31.5170000,51.966670,57.733330
2516156,"Utarbayeva",2696,192,"40U","40U2H2S2Q",1,2026-09-28 15:55:35.1330000,1200,0,0,2026-09-28 15:55:35.1330000,51.966670,57.750000
1824623,"Foster City",3567,233,"10S","10S1H5S2Q",1,2025-01-27 17:13:21.2600000,3636027,0,4860,2026-09-28 15:58:20.6800000,37.558550,-122.271080
1823096,"Redwood Shores",3567,233,"10S","10S1H5S2Q",1,2025-01-09 22:39:58.7830000,3266729,0,8367,2026-09-28 15:58:29.2000000,37.531880,-122.248020
1822520,"Belmont",3567,233,"10S","10S1H5S2Q",1,2026-06-02 19:39:28.3170000,2501697,0,7125,2026-09-28 15:58:47.6570000,37.520210,-122.275800
2313175,"Concarneau",961,75,"30T","30T1H2S1Q",3,2022-08-19 15:27:11.0930000,0,0,7127385,2026-09-28 15:58:51.3570000,47.875020,-3.922450
66949,"Besoa",1880,143,"38K","38K2H3S3Q",2,2026-09-28 16:00:36.4530000,0,741,0,2026-09-28 16:00:36.4530000,-21.566670,46.883330
66950,"Ivory",1880,143,"38K","38K2H3S3Q",2,2026-09-28 16:00:39.6630000,0,741,0,2026-09-28 16:00:39.6630000,-21.566670,46.916670
67088,"Antsangy",1880,143,"38K","38K2H3S3Q",2,2026-09-28 16:00:47.8300000,0,741,0,2026-09-28 16:00:47.8300000,-21.550000,46.916670
67233,"Ambalatsila",1880,143,"38K","38K2H3S3Q",2,2026-09-28 16:00:51.1430000,0,741,0,2026-09-28 16:00:51.1430000,-21.533330,46.950000
2555917,"Breedon on the Hill",979,77,"30U","30U1H6S3Q",2,2026-09-28 16:02:35.6630000,0,1150,0,2026-09-28 16:02:35.6630000,52.801960,-1.402980
67386,"Tanambao",1880,143,"38K","38K2H3S3Q",2,2026-09-28 16:02:53.6830000,0,741,0,2026-09-28 16:02:53.6830000,-21.516670,46.933330
1407045,"Hudson Bend",3549,233,"14R","14R1H3S3Q",2,2026-09-28 16:02:55.2030000,0,6150,0,2026-09-28 16:03:07.0200000,30.417140,-97.929180
2411764,"Altmannsdorf",715,57,"32U","32U2H6S1Q",3,2016-11-25 09:42:47.6400000,0,0,466798,2026-09-28 16:03:18.3030000,49.933330,10.433330
2196036,"Saillans",965,75,"30T","30T1H6S4Q",2,2023-01-21 16:00:06.0900000,0,15152,1034,2026-09-28 16:03:29.6370000,44.966670,-0.266670
2534638,"Barnt Green",979,77,"30U","30U1H6S3Q",2,2026-09-28 16:03:35.2300000,0,1150,0,2026-09-28 16:03:35.2300000,52.350000,-1.983330
2194263,"Neac",965,75,"30T","30T1H6S4Q",3,2026-09-28 16:03:35.2430000,0,0,1109,2026-09-28 16:03:35.2430000,44.933330,-0.183330
2194264,"Saint-Georges",965,75,"30T","30T1H6S4Q",3,2026-09-28 16:03:38.6370000,0,0,1100,2026-09-28 16:03:38.6370000,44.933330,-0.133330
2192632,"Les Salles-de-Castillon",965,75,"31T","31T1H4S3Q",3,2026-09-14 16:55:37.0930000,0,0,2240,2026-09-28 16:03:44.6730000,44.900000,0.000000
2192631,"Gardegan-et-Tourtirac",965,75,"30T","30T1H6S4Q",3,2026-09-28 16:03:50.5100000,0,0,1101,2026-09-28 16:03:50.5130000,44.900000,-0.016670
2516157,"Oktyabr'skiy",2696,192,"40U","40U2H2S2Q",1,2026-09-28 16:03:52.5570000,1200,0,0,2026-09-28 16:03:52.5570000,51.966670,57.966670
2190927,"Belves-de-Castillon",965,75,"30T","30T1H6S4Q",3,2026-09-28 16:03:55.5670000,0,0,1102,2026-09-28 16:03:55.5670000,44.866670,-0.016670
2516158,"Yusha",2696,192,"40U","40U2H3S1Q",1,2026-09-28 16:04:00.3730000,1200,0,0,2026-09-28 16:04:00.3730000,51.966670,58.150000
2193445,"Loubat",965,75,"31T","31T1H4S3Q",3,2026-09-28 16:04:01.5270000,0,0,1104,2026-09-28 16:04:01.5270000,44.916670,0.300000
2516159,"Arantash",2696,192,"40U","40U2H3S1Q",1,2026-09-28 16:04:05.0930000,1200,0,0,2026-09-28 16:04:05.0930000,51.966670,58.533330
2193446,"Les Eymaries",965,75,"31T","31T1H4S3Q",3,2026-09-28 16:04:05.2130000,0,0,1119,2026-09-28 16:04:05.2130000,44.916670,0.316670
2193447,"Le Tulen",965,75,"31T","31T1H4S3Q",3,2026-09-28 16:04:11.1400000,0,0,1102,2026-09-28 16:04:11.1400000,44.916670,0.333330
1369058,"Zakaria'i",1342,108,"39R","39R1H5S1Q",2,2026-09-28 16:04:59.5630000,0,842,0,2026-09-28 16:04:59.5670000,29.489000,50.973000
1368477,"Shabankareh",1342,108,"39R","39R1H5S1Q",2,2026-09-28 16:05:04.2930000,0,843,0,2026-09-28 16:05:04.2930000,29.473200,50.993500
1368392,"Shabankareh",1342,108,"39R","39R1H5S2Q",2,2026-09-28 16:05:08.0970000,0,843,0,2026-09-28 16:05:08.0970000,29.470200,51.000700
1368185,"Deh Kohneh",1342,108,"39R","39R1H5S2Q",2,2026-09-28 16:05:12.3570000,0,843,0,2026-09-28 16:05:12.3570000,29.466110,51.010560
1537725,"Keller",3549,233,"14S","14S2H6S3Q",3,2010-01-01 00:00:00.0000000,0,0,3570336,2026-09-28 16:08:29.3800000,32.934570,-97.251680
2152830,"Wolf Creek",3576,233,"10T","10T2H2S1Q",3,2025-02-04 18:34:30.5170000,0,0,820974,2026-09-28 16:09:53.1530000,43.949840,-123.378980
2216756,"Saint-Marcellin-en-Forez",945,75,"31T","31T1H6S1Q",1,2026-09-28 16:11:11.5270000,887,0,0,2026-09-28 16:11:11.5270000,45.483330,4.166670
2216157,"L'Hopitalet",945,75,"31T","31T1H6S1Q",1,2026-09-28 16:11:21.0570000,882,0,0,2026-09-28 16:11:21.0570000,45.466670,4.183330
2216757,"Razoux",945,75,"31T","31T1H6S1Q",1,2026-09-28 16:11:25.6330000,1077,0,0,2026-09-28 16:11:25.6330000,45.483330,4.200000
2216754,"La Roche",945,75,"31T","31T1H6S1Q",1,2026-09-28 16:11:32.4500000,1077,0,363,2026-09-28 16:11:32.4500000,45.483330,4.133330
2216156,"La Mure",945,75,"31T","31T1H6S1Q",1,2026-09-28 16:11:36.9830000,882,0,0,2026-09-28 16:11:36.9830000,45.466670,4.150000
2215579,"Fressonnet",945,75,"31T","31T1H6S1Q",1,2026-09-28 16:11:41.2900000,947,0,0,2026-09-28 16:11:41.2900000,45.450000,4.133330
2216753,"Dicles",945,75,"31T","31T1H6S1Q",1,2026-09-28 16:11:45.8870000,1074,0,0,2026-09-28 16:11:45.8870000,45.483330,4.116670
2216752,"Chenereilles",945,75,"31T","31T1H6S1Q",1,2026-09-28 16:11:50.4870000,1074,0,0,2026-09-28 16:11:50.4870000,45.483330,4.083330
2284184,"Cumberland",3578,233,"10T","10T1H3S1Q",2,2022-04-22 21:28:32.1400000,0,1252844,0,2026-09-28 16:11:51.8930000,47.282880,-121.927060
2059507,"Malagrotta",1377,110,"33T","33T2H4S1Q",3,2018-12-27 09:00:40.1870000,0,0,1643678,2026-09-28 16:12:04.6230000,41.883330,12.333330
2668964,"Novinki",2670,192,"37U","37U1H1S2Q",2,2022-07-30 15:24:14.7100000,0,1403705,0,2026-09-28 16:12:06.2070000,55.683330,37.666670
2540126,"Birmingham",979,77,"30U","30U1H6S3Q",2,2026-09-28 16:12:38.1830000,0,1150,0,2026-09-28 16:12:38.1830000,52.466670,-1.916670
2516168,"Ozernyy",2715,192,"44U","44U2H3S1Q",1,2026-09-28 16:14:53.0500000,1200,0,0,2026-09-28 16:14:53.0500000,51.966670,82.150000
2516171,"Osokina",2715,192,"45U","45U2H1S2Q",1,2026-09-28 16:14:57.4130000,1200,0,0,2026-09-28 16:14:57.4130000,51.966670,85.216670
2516173,"Panovskiy",2713,192,"45U","45U2H2S1Q",1,2026-09-28 16:15:00.4330000,1200,0,0,2026-09-28 16:15:00.4330000,51.966670,86.266670
2516174,"Nizhnyaya Tyrga",2713,192,"45U","45U2H2S1Q",1,2026-09-28 16:15:03.5730000,1200,0,0,2026-09-28 16:15:03.5730000,51.966670,86.516670
2516175,"Sil'kovskiy",2713,192,"45U","45U2H2S1Q",1,2026-09-28 16:15:06.3700000,1200,0,0,2026-09-28 16:15:06.3700000,51.966670,86.566670
1660212,"North Hills",3547,233,"17S","17S2H1S4Q",1,2026-09-26 13:52:28.3170000,11052,0,0,2026-09-28 16:16:31.4570000,34.843170,-82.609020
2115425,"Broadalbin Junction",3562,233,"18T","18T2H2S2Q",2,2026-09-28 16:17:18.9230000,212,517,0,2026-09-28 16:17:18.9230000,43.085070,-74.294020
2114533,"Kingsboro",3562,233,"18T","18T2H2S2Q",2,2026-09-28 16:17:33.0630000,0,845,0,2026-09-28 16:17:33.0630000,43.067290,-74.341250
2114755,"Dennies Crossing",3562,233,"18T","18T2H2S2Q",2,2026-09-28 16:17:38.2370000,246,517,0,2026-09-28 16:17:38.2370000,43.073680,-74.309580
1394218,"Carl",3549,233,"14R","14R1H3S3Q",1,2026-09-21 00:24:59.3370000,214071,0,0,2026-09-28 16:18:25.4530000,30.114100,-97.749730
2115082,"West Bush",3562,233,"18T","18T2H2S2Q",2,2026-09-28 16:18:54.5830000,432,517,0,2026-09-28 16:18:54.5830000,43.083130,-74.378190
2463152,"Koeln",707,57,"32U","32U2H1S3Q",2,2017-07-01 03:03:23.6200000,0,150875579,0,2026-09-28 16:19:17.7200000,50.933330,6.950000
1366971,"Boveyri-ye `Olya",1342,108,"39R","39R1H5S2Q",2,2026-09-28 16:20:38.0900000,0,843,0,2026-09-28 16:20:38.0900000,29.432400,51.041300
1366705,"Boveyri-ye Sofla",1342,108,"39R","39R1H5S2Q",2,2026-09-28 16:20:42.4800000,0,843,0,2026-09-28 16:20:42.4800000,29.425000,51.044000
1365931,"Chah Mushi-ye `Olya",1342,108,"39R","39R1H5S2Q",2,2026-09-28 16:20:48.8600000,0,843,0,2026-09-28 16:20:48.8600000,29.404200,51.043900
1365880,"Chah Mushi-ye Vosta",1342,108,"39R","39R1H5S2Q",2,2026-09-28 16:20:54.8670000,0,843,0,2026-09-28 16:20:54.8670000,29.402800,51.037700
1365582,"Chah Mushi-ye Sofla",1342,108,"39R","39R1H5S2Q",2,2026-09-28 16:20:59.6270000,0,843,0,2026-09-28 16:20:59.6270000,29.396300,51.037700
2536795,"Balsall Common",979,77,"30U","30U1H6S3Q",2,2026-09-28 16:21:18.5600000,0,1150,0,2026-09-28 16:21:18.5600000,52.392150,-1.648340
2578718,"Rakitovka",2658,192,"39U","39U1H5S1Q",3,2023-02-25 07:40:29.7630000,0,0,1200944,2026-09-28 16:21:39.6800000,53.266670,50.283330
2255926,"Gomagoi",1369,110,"32T","32T1H3S3Q",2,2025-02-13 14:33:15.8930000,0,688,0,2026-09-28 16:21:56.5670000,46.583330,10.533330
1567396,"Woodville Acres",3547,233,"17S","17S2H6S1Q",3,2026-09-28 12:54:32.9870000,0,0,18615,2026-09-28 16:23:11.7870000,33.462670,-79.135880
2233878,"Saint-Priest-la-Prugne",945,75,"31T","31T1H5S2Q",1,2026-09-28 16:24:27.4570000,945,0,0,2026-09-28 16:24:27.4570000,45.966670,3.750000
2239469,"Saint-Bonnet-des-Quarts",945,75,"31T","31T1H2S4Q",1,2026-09-28 16:24:41.2270000,997,0,0,2026-09-28 16:24:41.2270000,46.133330,3.850000
2237153,"Saint-Rirand",945,75,"31T","31T1H2S4Q",1,2026-09-28 16:24:48.6470000,945,0,300,2026-09-28 16:24:48.6470000,46.066670,3.850000
2234497,"Laprugne",964,75,"31T","31T1H5S2Q",1,2026-09-28 16:24:56.0000000,963,0,0,2026-09-28 16:24:56.0000000,45.983330,3.750000
2536776,"Canley",979,77,"30U","30U1H6S3Q",2,2026-09-28 16:24:58.8400000,0,1150,0,2026-09-28 16:24:58.8400000,52.391630,-1.558860
2228429,"Rillieux-la-Pape",945,75,"31T","31T1H6S1Q",3,2026-09-07 23:07:53.6300000,10959,0,87281,2026-09-28 16:25:05.3270000,45.816670,4.900000
2544684,"Harringworth",979,77,"30U","30U1H6S4Q",0,2010-01-01 00:00:00.0000000,0,0,0,2026-09-28 16:26:50.2600000,52.566670,-0.650000
2545193,"Seaton",979,77,"30U","30U1H6S4Q",0,2010-01-01 00:00:00.0000000,0,0,0,2026-09-28 16:26:51.3930000,52.574890,-0.667590
2545449,"Uppingham",979,77,"30U","30U1H6S4Q",0,2010-01-01 00:00:00.0000000,0,0,0,2026-09-28 16:26:52.4330000,52.583330,-0.716670
2546847,"Preston",979,77,"30U","30U1H6S4Q",0,2010-01-01 00:00:00.0000000,0,0,0,2026-09-28 16:26:55.5570000,52.612640,-0.714370
2546874,"Ridlington",979,77,"30U","30U1H6S4Q",0,2010-01-01 00:00:00.0000000,0,0,0,2026-09-28 16:26:56.5930000,52.613370,-0.756000
2547257,"Wing",979,77,"30U","30U1H6S4Q",0,2010-01-01 00:00:00.0000000,0,0,0,2026-09-28 16:26:57.6900000,52.617750,-0.682700
2366300,"Stains",955,75,"31U","31U2H5S3Q",2,2026-07-27 18:34:09.6930000,0,686,517,2026-09-28 16:27:37.1170000,48.950000,2.383330
2364095,"Paris 18 Buttes-Montmartre",955,75,"31U","31U2H5S3Q",3,2023-03-31 06:35:55.4500000,0,0,2509510,2026-09-28 16:28:05.5870000,48.892500,2.344400
2540858,"Fillongley",979,77,"30U","30U1H6S3Q",2,2026-09-28 16:28:41.5400000,0,1150,0,2026-09-28 16:28:41.5400000,52.482520,-1.587270
2543154,"Nether Whitacre",979,77,"30U","30U1H6S3Q",2,2026-09-28 16:29:07.9370000,0,1150,0,2026-09-28 16:29:07.9370000,52.533190,-1.657220
2550400,"Bablinek",2451,180,"33U","33U1H6S3Q",3,2025-12-09 17:54:40.3730000,0,0,52448,2026-09-28 16:32:00.5130000,52.685710,16.695720
1365159,"Sa`dabad",1342,108,"39R","39R1H5S2Q",2,2026-09-28 16:35:03.9400000,0,843,0,2026-09-28 16:35:03.9400000,29.383400,51.106700
1365461,"Moshfeqabad",1342,108,"39R","39R1H5S2Q",2,2026-09-28 16:35:07.5530000,0,843,0,2026-09-28 16:35:07.5530000,29.392600,51.113100
1365189,"Sa`dabad",1342,108,"39R","39R1H5S2Q",2,2026-09-28 16:35:11.2300000,0,843,0,2026-09-28 16:35:11.2300000,29.384500,51.114800
1363826,"Janyal",1342,108,"39R","39R1H5S2Q",2,2026-09-28 16:35:15.0400000,0,843,0,2026-09-28 16:35:15.0400000,29.350000,51.133330
1364090,"Jetut",1342,108,"39R","39R1H5S2Q",2,2026-09-28 16:35:19.3100000,0,843,0,2026-09-28 16:35:19.3100000,29.356800,51.146500
67385,"Fierana",1880,143,"38K","38K2H3S3Q",2,2026-09-28 16:35:28.0800000,0,741,0,2026-09-28 16:35:28.0800000,-21.516670,46.850000
67530,"Ambalandrazana",1880,143,"38K","38K2H3S3Q",2,2026-09-28 16:35:33.2000000,0,741,0,2026-09-28 16:35:33.2000000,-21.500000,46.833330
67665,"Itahy",1880,143,"38K","38K2H3S3Q",2,2026-09-28 16:35:35.5370000,46,300,0,2026-09-28 16:35:35.5370000,-21.483330,46.850000
67820,"Ambatolahy",1880,143,"38K","38K2H3S3Q",2,2026-09-28 16:35:39.2870000,0,741,0,2026-09-28 16:35:39.2870000,-21.466670,46.800000
67965,"Andoharano",1880,143,"38K","38K2H3S3Q",2,2026-09-28 16:35:42.7100000,0,741,0,2026-09-28 16:35:42.7100000,-21.450000,46.766670
67966,"Isoamatamaho",1880,143,"38K","38K2H3S3Q",2,2026-09-28 16:35:47.0200000,0,741,0,2026-09-28 16:35:47.0200000,-21.450000,46.783330
67967,"Ambalasoa",1880,143,"38K","38K2H3S3Q",2,2026-09-28 16:35:50.3800000,0,741,0,2026-09-28 16:35:50.3800000,-21.450000,46.816670
68101,"Ambodiranomena",1880,143,"38K","38K2H3S3Q",2,2026-09-28 16:35:53.7100000,0,741,0,2026-09-28 16:35:53.7100000,-21.433330,46.783330
1982284,"Indian Heights",3555,233,"16T","16T2H5S4Q",3,2025-04-12 22:38:20.4830000,0,0,607548,2026-09-28 16:36:43.7600000,40.427260,-86.125550
2798827,"Kierikkala",929,70,"34V","34V1H6S3Q",1,2013-09-28 03:32:45.9400000,10354,0,0,2026-09-28 16:37:31.1500000,60.600280,22.299720
2798840,"Seppala",929,70,"34V","34V1H6S3Q",1,2013-10-22 21:53:20.0870000,12348,0,0,2026-09-28 16:37:41.1800000,60.602220,22.317500
2798200,"Saarenoja",929,70,"34V","34V1H6S3Q",1,2013-10-24 11:54:03.3570000,4586,0,0,2026-09-28 16:37:52.9400000,60.560830,22.300830
1704311,"Beulahtown",3545,233,"17S","17S2H3S2Q",3,2013-06-02 01:08:29.0570000,0,0,355854,2026-09-28 16:38:01.6500000,35.593770,-78.171380
2797993,"Koskennurmi",929,70,"34V","34V1H6S3Q",1,2015-07-22 06:04:35.7900000,14186,0,0,2026-09-28 16:38:03.1670000,60.548610,22.324440
2797835,"Jakarla",929,70,"34V","34V1H6S3Q",1,2013-09-08 20:15:01.1500000,26570,0,0,2026-09-28 16:38:11.7730000,60.533330,22.350000
1707156,"Hawra",3545,233,"17S","17S2H3S2Q",3,2013-12-30 13:51:38.8100000,0,0,983120,2026-09-28 16:38:12.9830000,35.642940,-78.088600
2797834,"Maaria",929,70,"34V","34V1H6S3Q",1,2013-09-01 02:56:45.6230000,17026,0,0,2026-09-28 16:38:16.6300000,60.533330,22.333330
1708124,"Moores Crossroads",3545,233,"17S","17S2H3S2Q",3,2014-06-05 00:04:10.2630000,0,0,335476,2026-09-28 16:38:17.3230000,35.659050,-78.054710
1709056,"Lamms Crossroads",3545,233,"17S","17S2H3S2Q",3,2013-04-02 18:18:01.0470000,0,0,311520,2026-09-28 16:38:25.9370000,35.675160,-78.037210
1709355,"Scotts",3545,233,"17S","17S2H3S2Q",3,2012-09-29 18:21:14.9330000,0,0,288353,2026-09-28 16:38:29.9770000,35.681550,-78.016380
2797745,"Moisio",929,70,"34V","34V1H6S3Q",1,2013-08-26 15:51:52.8330000,7929,0,0,2026-09-28 16:38:30.4300000,60.533050,22.302930
1711599,"Fillmore",3545,233,"17S","17S2H3S2Q",3,2013-03-18 19:56:57.1100000,0,0,360910,2026-09-28 16:38:35.8170000,35.718770,-78.031380
2798161,"Kanervamaki",929,70,"34V","34V1H6S3Q",1,2013-11-23 10:37:23.2070000,12605,0,0,2026-09-28 16:38:54.9430000,60.553060,22.307780
2557487,"Kegworth",979,77,"30U","30U1H6S3Q",2,2026-09-28 16:39:45.6600000,0,1150,0,2026-09-28 16:39:45.6600000,52.834820,-1.280420
2060583,"prati",1377,110,"33T","33T2H4S1Q",3,2015-09-26 18:50:36.5230000,0,0,2985122,2026-09-28 16:40:27.6600000,41.909430,12.468190
2669754,"Rozhdestvenno",2671,192,"37U","37U1H1S2Q",2,2024-07-11 14:44:39.4500000,0,11525,517,2026-09-28 16:40:37.6630000,55.710000,37.270000
2268930,"Littlerock",3578,233,"10T","10T1H2S3Q",3,2026-09-28 16:40:41.6800000,0,0,324,2026-09-28 16:40:41.6800000,46.901770,-123.017920
2268493,"Maytown",3578,233,"10T","10T1H2S4Q",3,2026-09-28 16:40:47.4330000,0,0,334,2026-09-28 16:40:47.4330000,46.897600,-122.943470
2266875,"Tenino",3578,233,"10T","10T1H2S4Q",3,2026-09-28 16:40:53.2600000,0,0,425,2026-09-28 16:40:53.2600000,46.856770,-122.852910
2267731,"Chain Hill",3578,233,"10T","10T1H2S4Q",3,2026-09-28 16:41:05.1500000,0,0,602,2026-09-28 16:41:05.1500000,46.880380,-122.845690
2275271,"Madrona Beach",3578,233,"10T","10T1H2S1Q",3,2026-09-28 16:41:13.5700000,0,0,449,2026-09-28 16:41:13.5700000,47.072040,-123.017090
2275839,"Sunrise Beach",3578,233,"10T","10T1H2S2Q",3,2026-09-28 16:41:23.0930000,0,0,391,2026-09-28 16:41:23.0930000,47.085370,-122.990980
2276486,"Gravelly Beach",3578,233,"10T","10T1H2S2Q",3,2026-09-28 16:41:28.9300000,0,0,453,2026-09-28 16:41:28.9300000,47.104540,-122.965140
2277238,"Elizan Beach",3578,233,"10T","10T1H2S1Q",3,2026-09-28 16:41:40.4200000,0,0,360,2026-09-28 16:41:40.4200000,47.128980,-123.000980
2275920,"Sunset Beach",3578,233,"10T","10T1H2S2Q",3,2026-09-28 16:41:47.1530000,0,0,450,2026-09-28 16:41:47.1530000,47.092320,-122.962370
2272888,"Lamberts Corner",3578,233,"10T","10T1H2S2Q",3,2026-09-28 16:41:55.1530000,0,0,341,2026-09-28 16:41:55.1530000,47.003430,-122.965700
2272380,"Belmore",3578,233,"10T","10T1H2S4Q",3,2026-09-28 16:42:03.1900000,0,0,336,2026-09-28 16:42:03.1900000,46.987320,-122.962360
2270376,"South Union",3578,233,"10T","10T1H2S4Q",3,2026-09-28 16:42:14.7170000,0,0,322,2026-09-28 16:42:14.7170000,46.943150,-122.907360
2269742,"Plumb",3578,233,"10T","10T1H2S4Q",3,2026-09-28 16:42:20.8530000,0,0,327,2026-09-28 16:42:20.8530000,46.928150,-122.856250
2269045,"Western Junction",3578,233,"10T","10T1H2S4Q",3,2026-09-28 16:42:26.3400000,0,0,313,2026-09-28 16:42:26.3400000,46.908990,-122.792350
2268346,"Rainier",3578,233,"10T","10T1H2S4Q",3,2026-09-28 16:42:31.9470000,0,0,312,2026-09-28 16:42:31.9470000,46.888160,-122.688460
2268990,"Skookumchuck",3578,233,"10T","10T1H2S4Q",3,2026-09-28 16:42:42.0100000,0,0,313,2026-09-28 16:42:42.0100000,46.905380,-122.770960
2266969,"McIntosh",3578,233,"10T","10T1H2S4Q",3,2026-09-28 16:42:50.6600000,0,0,408,2026-09-28 16:42:50.6600000,46.862880,-122.777630
2274232,"Mushroom Corner",3578,233,"10T","10T1H2S2Q",3,2026-09-28 16:42:59.1600000,0,0,340,2026-09-28 16:42:59.1600000,47.046760,-122.764860
2274134,"Olympia",3578,233,"10T","10T1H2S2Q",3,2026-09-28 16:43:04.9170000,0,0,347,2026-09-28 16:43:04.9170000,47.037870,-122.900700
2269063,"Offutt Lake",3578,233,"10T","10T1H2S4Q",3,2026-09-28 16:43:11.0630000,0,0,489,2026-09-28 16:43:11.0630000,46.910380,-122.825690
2270931,"Fir Tree",3578,233,"10T","10T1H2S4Q",3,2026-09-28 16:43:22.1400000,0,0,322,2026-09-28 16:43:22.1400000,46.956210,-122.783190
2272341,"Kellys Korner",3578,233,"10T","10T1H2S4Q",3,2026-09-28 16:43:28.5830000,0,0,332,2026-09-28 16:43:28.5830000,46.984820,-122.768190
2271538,"East Olympia",3578,233,"10T","10T1H2S4Q",3,2026-09-28 16:43:34.8300000,0,0,327,2026-09-28 16:43:34.8330000,46.967600,-122.835690
2516176,"Yugala",2713,192,"45U","45U2H2S1Q",1,2026-09-28 16:43:39.9430000,1200,0,0,2026-09-28 16:43:39.9430000,51.966670,86.583330
2271746,"Bush",3578,233,"10T","10T1H2S4Q",3,2026-09-28 16:43:41.1200000,0,0,329,2026-09-28 16:43:41.1200000,46.978990,-122.879030
2516177,"Ederbes",2713,192,"45U","45U2H2S2Q",1,2026-09-28 16:43:44.7830000,1200,0,0,2026-09-28 16:43:44.7830000,51.966670,87.250000
2516184,"Ul'zete",2723,192,"49U","49U2H2S1Q",1,2026-09-28 16:43:47.4500000,1200,0,0,2026-09-28 16:43:47.4500000,51.966670,110.516670
2516185,"Zagustay",2723,192,"49U","49U2H2S1Q",1,2026-09-28 16:43:50.7330000,1200,0,0,2026-09-28 16:43:50.7330000,51.966670,110.750000
2272948,"Tumwater",3578,233,"10T","10T1H2S2Q",3,2026-09-28 16:43:52.6370000,0,0,358,2026-09-28 16:43:52.6370000,47.007320,-122.909310
2516190,"Mironovo",2720,192,"50U","50U2H2S2Q",1,2026-09-28 16:43:53.0030000,1200,0,0,2026-09-28 16:43:53.0030000,51.966670,117.633330
2516191,"Yurgina",2722,192,"52U","52U2H1S1Q",1,2026-09-28 16:43:56.6530000,1200,0,0,2026-09-28 16:43:56.6530000,51.966670,126.783330
2516192,"Lesistyy",2722,192,"52U","52U2H2S1Q",1,2026-09-28 16:43:58.9770000,1200,0,0,2026-09-28 16:43:58.9770000,51.966670,128.750000
2274637,"Tanglewilde-Thompson Place",3578,233,"10T","10T1H2S2Q",3,2026-09-28 16:43:59.3100000,0,0,343,2026-09-28 16:43:59.3100000,47.051160,-122.780810
2516193,"Uglovaya",2722,192,"52U","52U2H2S2Q",1,2026-09-28 16:44:01.5130000,1200,0,0,2026-09-28 16:44:01.5170000,51.966670,129.383330
2274695,"Thompson Place",3578,233,"10T","10T1H2S2Q",3,2026-09-28 16:44:04.8300000,0,0,343,2026-09-28 16:44:04.8300000,47.055370,-122.783470
2274711,"Nisqually",3578,233,"10T","10T1H2S2Q",3,2026-09-28 16:44:10.3900000,0,0,427,2026-09-28 16:44:10.3900000,47.056490,-122.701240
2273587,"Nisqually Indian Community",3578,233,"10T","10T1H2S2Q",3,2026-09-28 16:44:19.3230000,0,0,337,2026-09-28 16:44:19.3230000,47.025870,-122.688410
2273564,"Saint Clair",3578,233,"10T","10T1H2S2Q",3,2026-09-28 16:44:26.5770000,0,0,337,2026-09-28 16:44:26.5800000,47.023990,-122.724300
2273660,"Union Mill",3578,233,"10T","10T1H2S2Q",3,2026-09-28 16:44:33.0330000,0,0,428,2026-09-28 16:44:33.0330000,47.032600,-122.774580
2274085,"Lacey",3578,233,"10T","10T1H2S2Q",3,2026-09-28 16:44:39.0100000,0,0,343,2026-09-28 16:44:39.0100000,47.034260,-122.823190
2282093,"Ballow",3578,233,"10T","10T1H2S2Q",3,2026-09-28 16:44:46.0270000,0,0,380,2026-09-28 16:44:46.0270000,47.240370,-122.867080
2283857,"Herron",3578,233,"10T","10T1H2S2Q",3,2026-09-28 16:44:55.4000000,0,0,385,2026-09-28 16:44:55.4000000,47.274260,-122.812360
2287348,"Fair Harbor",3578,233,"10T","10T1H2S2Q",3,2026-09-28 16:45:02.7730000,0,0,398,2026-09-28 16:45:02.7730000,47.342040,-122.832080
2283939,"Hartstene",3578,233,"10T","10T1H2S2Q",3,2026-09-28 16:45:10.7870000,0,0,387,2026-09-28 16:45:10.7870000,47.276480,-122.887090
2277783,"Boston Harbor",3578,233,"10T","10T1H2S2Q",3,2026-09-28 16:45:16.7600000,0,0,360,2026-09-28 16:45:16.7600000,47.138430,-122.900970
2276457,"North Olympia",3578,233,"10T","10T1H2S2Q",3,2026-09-28 16:45:26.9800000,0,0,358,2026-09-28 16:45:26.9800000,47.102600,-122.882640
2275382,"South Bay",3578,233,"10T","10T1H2S2Q",3,2026-09-28 16:45:35.7930000,0,0,351,2026-09-28 16:45:35.7930000,47.080370,-122.845970
2277915,"Puget",3578,233,"10T","10T1H2S2Q",3,2026-09-28 16:45:42.9970000,0,0,360,2026-09-28 16:45:42.9970000,47.146480,-122.793750
1406808,"Hudson Bend",3549,233,"14R","14R1H3S3Q",2,2026-09-03 13:46:25.0400000,0,156293,0,2026-09-28 16:46:42.0770000,30.413870,-97.927920
2194103,"Keswick",3557,233,"16T","16T1H6S3Q",3,2026-09-28 16:48:03.8270000,0,0,936,2026-09-28 16:48:03.8270000,44.928890,-85.653690
1535485,"Prospect",3549,233,"15S","15S2H4S3Q",1,2021-12-09 22:57:41.1070000,439720,0,0,2026-09-28 16:48:07.8870000,32.893730,-95.811350
2192364,"Leelanau Shores",3557,233,"16T","16T1H6S3Q",3,2026-09-28 16:48:09.4600000,0,0,1033,2026-09-28 16:48:09.4600000,44.892220,-85.693420
2191527,"Bingham",3557,233,"16T","16T1H6S3Q",3,2026-09-28 16:48:12.9130000,0,0,1029,2026-09-28 16:48:12.9130000,44.875830,-85.674250
1744337,"Owasso",3546,233,"15S","15S1H4S3Q",3,2013-09-02 23:02:05.2970000,0,0,8210762,2026-09-28 16:50:07.7400000,36.269540,-95.854710
1363726,"Mohammadabad",1342,108,"39R","39R1H5S2Q",2,2026-09-28 16:50:08.5500000,0,843,0,2026-09-28 16:50:08.5500000,29.348330,51.188330
1363021,"Baregahi",1342,108,"39R","39R1H5S2Q",2,2026-09-28 16:50:15.5900000,0,843,0,2026-09-28 16:50:15.5900000,29.329100,51.217900
1361800,"Deh Qa`ed",1342,108,"39R","39R1H5S2Q",2,2026-09-28 16:50:17.4200000,0,799,0,2026-09-28 16:50:17.4200000,29.297500,51.193400
1360065,"Kuy-e Azadegan",1342,108,"39R","39R1H5S2Q",2,2026-09-28 16:50:22.1170000,0,799,0,2026-09-28 16:50:22.1170000,29.251900,51.230500
1357145,"Nanizak",1342,108,"39R","39R1H5S2Q",2,2026-09-28 16:50:25.4570000,0,843,0,2026-09-28 16:50:25.4570000,29.177300,51.309100
1537767,"Center Point",3549,233,"14S","14S2H6S3Q",3,2014-02-15 17:49:43.6230000,0,0,2068818,2026-09-28 16:51:57.5870000,32.935400,-97.543080
2672896,"Mar'ina Roshcha",2670,192,"37U","37U1H1S2Q",2,2019-04-02 18:23:32.8500000,0,1734255,0,2026-09-28 16:52:07.5070000,55.800000,37.616670
1679379,"Blanchard",3546,233,"14S","14S2H3S1Q",2,2024-12-19 20:33:23.8630000,0,1956549,4799,2026-09-28 16:52:39.5770000,35.137840,-97.658090
1677445,"Middleberg",3546,233,"14S","14S2H3S1Q",2,2025-10-11 17:51:42.0100000,0,1965994,1603,2026-09-28 16:52:47.6300000,35.106180,-97.735040
1684962,"Bridge Creek",3546,233,"14S","14S2H3S1Q",2,2010-01-01 00:00:00.0000000,0,1995703,3361,2026-09-28 16:52:54.7500000,35.235060,-97.736710
1694020,"Flynn",3546,233,"14S","14S2H3S1Q",2,2010-01-01 00:00:00.0000000,0,1999766,1448,2026-09-28 16:53:16.0300000,35.401730,-97.487540
1398326,"Vinson",3549,233,"14R","14R1H3S3Q",2,2020-07-07 02:29:40.2900000,0,799108,0,2026-09-28 16:53:42.8600000,30.218270,-97.781120
1697265,"Oklahoma City",3546,233,"14S","14S2H3S1Q",2,2024-09-22 19:37:54.9730000,517,4006790,2482,2026-09-28 16:54:20.9000000,35.467560,-97.516430
2813112,"Jyvaskylan Maalaiskunta",929,70,"35V","35V1H1S4Q",2,2015-09-18 17:49:41.9100000,3900,7972262,122801,2026-09-28 16:54:42.8830000,62.283330,25.716670
2540906,"Cottingham",979,77,"30U","30U1H6S4Q",0,2010-01-01 00:00:00.0000000,0,0,0,2026-09-28 16:55:57.4230000,52.483330,-0.750000
2541545,"Corby",979,77,"30U","30U1H6S4Q",0,2010-01-01 00:00:00.0000000,0,0,0,2026-09-28 16:55:58.4530000,52.496370,-0.689390
2541657,"Rockingham",979,77,"30U","30U1H6S4Q",0,2010-01-01 00:00:00.0000000,0,0,0,2026-09-28 16:55:59.4870000,52.500000,-0.716670
2542419,"Great Easton",979,77,"30U","30U1H6S4Q",0,2010-01-01 00:00:00.0000000,0,0,0,2026-09-28 16:56:00.6430000,52.516670,-0.750000
2542420,"Caldecott",979,77,"30U","30U1H6S4Q",0,2010-01-01 00:00:00.0000000,0,0,0,2026-09-28 16:56:02.1130000,52.516670,-0.716670
2542410,"Burbage",979,77,"30U","30U1H6S3Q",0,2026-09-28 16:56:12.2730000,0,0,0,2026-09-28 16:56:12.2730000,52.516670,-1.350000
2547699,"Congerstone",979,77,"30U","30U1H6S3Q",0,2026-09-28 16:56:37.8530000,0,0,0,2026-09-28 16:56:37.8530000,52.633330,-1.450000
2553158,"Woodville",979,77,"30U","30U1H6S3Q",0,2026-09-28 16:56:44.1000000,0,0,0,2026-09-28 16:56:44.1000000,52.750000,-1.516670
2553943,"Hartshorne",979,77,"30U","30U1H6S3Q",0,2026-09-28 16:56:50.5300000,0,0,0,2026-09-28 16:56:50.5300000,52.766670,-1.516670
2553942,"Swadlincote",979,77,"30U","30U1H6S3Q",0,2026-09-28 16:56:54.2700000,0,0,0,2026-09-28 16:56:54.2700000,52.766670,-1.550000
2553941,"Newhall",979,77,"30U","30U1H6S3Q",0,2026-09-28 16:56:58.9530000,0,0,0,2026-09-28 16:56:58.9530000,52.766670,-1.566670
2553157,"Church Gresley",979,77,"30U","30U1H6S3Q",0,2026-09-28 16:57:03.0730000,0,0,0,2026-09-28 16:57:03.0770000,52.750000,-1.566670
2552343,"Linton",979,77,"30U","30U1H6S3Q",0,2026-09-28 16:57:06.8570000,0,0,0,2026-09-28 16:57:06.8570000,52.733330,-1.583330
1885322,"Saint Andrews Village",3567,233,"10S","10S1H3S3Q",2,2012-08-10 00:52:54.1070000,0,3805244,531086,2026-09-28 16:57:10.7100000,38.697400,-121.081060
2547967,"Kirby Muxloe",979,77,"30U","30U1H6S3Q",0,2026-09-28 16:57:39.4830000,0,0,0,2026-09-28 16:57:39.4830000,52.633380,-1.233220
2090248,"Bloomfield Township",3557,233,"17T","17T2H1S3Q",1,2014-08-25 11:32:16.6370000,3490131,0,0,2026-09-28 16:57:47.7000000,42.575600,-83.273420
105702,"Ambodimanga",1879,143,"38K","38K1H3S1Q",2,2026-09-28 16:59:05.6600000,0,741,0,2026-09-28 16:59:05.6600000,-16.916670,46.966670
105868,"Ambodiroka",1879,143,"38K","38K1H3S1Q",2,2026-09-28 16:59:11.6400000,0,741,0,2026-09-28 16:59:11.6400000,-16.900000,46.933330
106215,"Betsiboka",1879,143,"38K","38K1H3S1Q",2,2026-09-28 16:59:18.4230000,0,741,0,2026-09-28 16:59:18.4230000,-16.866670,46.950000
106362,"Boinakely Riviere",1879,143,"38K","38K1H3S1Q",2,2026-09-28 16:59:24.8400000,0,741,0,2026-09-28 16:59:24.8400000,-16.850000,46.950000
106927,"Kalamilotra",1879,143,"38K","38K1H3S2Q",2,2026-09-28 16:59:32.3500000,0,846,0,2026-09-28 16:59:32.3500000,-16.800000,47.016670
107360,"Ambalabonga",1879,143,"38K","38K1H3S2Q",2,2026-09-28 16:59:39.6970000,0,846,0,2026-09-28 16:59:39.6970000,-16.766670,47.033330
107361,"Ampombomazava",1879,143,"38K","38K1H3S2Q",2,2026-09-28 16:59:46.3100000,0,846,0,2026-09-28 16:59:46.3100000,-16.766670,47.050000
107576,"Ankirembaremba",1879,143,"38K","38K1H3S2Q",2,2026-09-28 16:59:52.3300000,0,846,0,2026-09-28 16:59:52.3300000,-16.750000,47.050000
1651827,"Momford Landing",3545,233,"18S","18S2H1S3Q",3,2022-03-10 21:08:39.3230000,0,0,105081,2026-09-28 17:00:16.6670000,34.727660,-77.405800
104342,"Andohobe",1879,143,"38K","38K1H2S3Q",2,2026-09-28 17:00:56.6000000,0,741,0,2026-09-28 17:00:56.6000000,-17.050000,44.583330
104158,"Sarotravoaka",1879,143,"38K","38K1H2S3Q",2,2026-09-28 17:01:00.8400000,0,741,0,2026-09-28 17:01:00.8400000,-17.066670,44.566670
104671,"Andranovorimirafy",1879,143,"38K","38K1H2S3Q",2,2026-09-28 17:01:05.6800000,0,741,0,2026-09-28 17:01:05.6800000,-17.016670,44.600000
105159,"Ambatomainty",1879,143,"38K","38K1H2S1Q",2,2026-09-28 17:01:11.8670000,0,741,0,2026-09-28 17:01:11.8670000,-16.966670,44.616670
105334,"Maromena",1879,143,"38K","38K1H2S1Q",2,2026-09-28 17:01:17.1700000,0,741,0,2026-09-28 17:01:17.1700000,-16.950000,44.666670
105512,"Ambalarano",1879,143,"38K","38K1H2S1Q",2,2026-09-28 17:01:23.3030000,0,741,0,2026-09-28 17:01:23.3030000,-16.933330,44.633330
106209,"Andranovoribe",1879,143,"38K","38K1H2S1Q",2,2026-09-28 17:01:27.9070000,46,300,0,2026-09-28 17:01:27.9070000,-16.866670,44.650000
106547,"Antsakoabe",1879,143,"38K","38K1H2S1Q",2,2026-09-28 17:01:33.1070000,0,741,0,2026-09-28 17:01:33.1070000,-16.833330,44.650000
2040606,"El Carrer del Canonge",909,68,"31T","31T2H5S1Q",3,2018-03-10 18:53:53.9370000,0,0,103441,2026-09-28 17:01:39.0200000,41.483330,2.300000
2038838,"la Manresana",909,68,"31T","31T2H5S1Q",3,2021-09-24 12:53:05.0370000,0,0,83254,2026-09-28 17:01:46.9230000,41.450000,2.266670
2040410,"Tiana",909,68,"31T","31T2H5S1Q",3,2023-04-19 15:53:43.6000000,0,0,133396,2026-09-28 17:02:03.8900000,41.482020,2.267020
105695,"Antetezana",1879,143,"38K","38K1H3S1Q",2,2026-09-28 17:02:09.5970000,0,1011,0,2026-09-28 17:02:09.5970000,-16.916670,46.750000
2041114,"Alella",909,68,"31T","31T2H5S1Q",3,2017-10-25 09:10:59.3770000,0,0,34490,2026-09-28 17:02:12.2030000,41.493790,2.294510
106046,"Bemangoraka",1879,143,"38K","38K1H3S1Q",2,2026-09-28 17:02:17.0270000,0,741,0,2026-09-28 17:02:17.0270000,-16.883330,46.766670
2041258,"Teia",909,68,"31T","31T2H5S1Q",3,2023-04-20 16:09:19.0470000,0,0,33760,2026-09-28 17:02:18.2130000,41.498040,2.322060
106737,"Bekabary",1879,143,"38K","38K1H3S1Q",2,2026-09-28 17:02:22.5330000,0,741,0,2026-09-28 17:02:22.5330000,-16.816670,46.783330
2041459,"Premia de Dalt",909,68,"31T","31T2H5S1Q",3,2017-07-18 08:35:25.7030000,0,0,85726,2026-09-28 17:02:24.8330000,41.500000,2.350000
106552,"Ambatolampy",1879,143,"38K","38K1H3S1Q",2,2026-09-28 17:02:29.2770000,0,741,0,2026-09-28 17:02:29.2770000,-16.833330,46.800000
2042286,"Vilassar de Dalt",909,68,"31T","31T2H5S1Q",3,2017-10-26 13:41:07.2170000,0,0,790205,2026-09-28 17:02:31.8630000,41.516670,2.366670
106553,"Madiromirafy",1879,143,"38K","38K1H3S1Q",2,2026-09-28 17:02:35.4130000,0,741,0,2026-09-28 17:02:35.4130000,-16.833330,46.833330
2042781,"Cabrils",909,68,"31T","31T2H5S1Q",3,2018-10-12 05:09:39.9700000,0,0,173256,2026-09-28 17:02:38.3570000,41.527600,2.369960
106212,"Maroaboaly",1879,143,"38K","38K1H3S1Q",2,2026-09-28 17:02:40.7230000,0,741,0,2026-09-28 17:02:40.7230000,-16.866670,46.816670
106213,"Maroandravina",1879,143,"38K","38K1H3S1Q",2,2026-09-28 17:02:46.2700000,0,741,0,2026-09-28 17:02:46.2700000,-16.866670,46.833330
106214,"Ampampamena",1879,143,"38K","38K1H3S1Q",2,2026-09-28 17:02:51.8970000,0,741,0,2026-09-28 17:02:51.8970000,-16.866670,46.850000
2593886,"Ardcath",1260,102,"29U","29U1H6S2Q",3,,0,0,490622,2026-09-28 17:03:17.7300000,53.608060,-6.391390
61009,"Betsingilofilo",1880,143,"38K","38K2H5S2Q",2,2026-09-28 17:03:19.9770000,0,741,0,2026-09-28 17:03:19.9770000,-22.400000,45.816670
61115,"Antroboka",1880,143,"38K","38K2H5S2Q",2,2026-09-28 17:03:29.2370000,0,741,0,2026-09-28 17:03:29.2370000,-22.383330,45.816670
60657,"Vohitsosy",1880,143,"38K","38K2H5S2Q",2,2026-09-28 17:03:37.7400000,0,741,0,2026-09-28 17:03:37.7400000,-22.450000,45.900000
60778,"Vohitsosy",1880,143,"38K","38K2H5S2Q",2,2026-09-28 17:03:43.3300000,0,741,0,2026-09-28 17:03:43.3300000,-22.433330,45.900000
61116,"Ambondromandrevo",1880,143,"38K","38K2H5S2Q",2,2026-09-28 17:03:46.9670000,0,741,0,2026-09-28 17:03:46.9670000,-22.383330,45.883330
61329,"Ambalateva",1880,143,"38K","38K2H5S2Q",2,2026-09-28 17:03:51.2900000,0,741,0,2026-09-28 17:03:51.2900000,-22.350000,45.883330
61447,"Andranoboaka",1880,143,"38K","38K2H5S2Q",2,2026-09-28 17:03:57.1800000,0,741,0,2026-09-28 17:03:57.1800000,-22.333330,45.866670
61676,"Izana",1880,143,"38K","38K2H5S2Q",2,2026-09-28 17:04:01.8800000,0,741,0,2026-09-28 17:04:01.8800000,-22.300000,45.900000
1363305,"Rahdar",1342,108,"39R","39R1H5S2Q",2,2026-09-28 17:05:12.1900000,0,843,0,2026-09-28 17:05:12.1900000,29.335700,51.263900
1364516,"Qaravolkhaneh",1342,108,"39R","39R1H5S2Q",2,2026-09-28 17:05:15.9970000,0,843,0,2026-09-28 17:05:15.9970000,29.367400,51.270700
1364391,"Boneh-ye Jaberi",1342,108,"39R","39R1H5S2Q",2,2026-09-28 17:05:20.0930000,0,843,0,2026-09-28 17:05:20.0930000,29.366000,51.236400
1365387,"Heydarabad",1342,108,"39R","39R1H5S2Q",2,2026-09-28 17:05:23.2330000,0,843,0,2026-09-28 17:05:23.2330000,29.390560,51.254440
1366051,"Sarkavirdan",1342,108,"39R","39R1H5S2Q",2,2026-09-28 17:05:28.2830000,0,843,0,2026-09-28 17:05:28.2830000,29.407500,51.260280
2190605,"Heimforth",3557,233,"16T","16T1H6S3Q",3,2026-09-28 17:05:32.5370000,0,0,937,2026-09-28 17:05:32.5370000,44.857500,-85.708970
2189496,"Fouch",3557,233,"16T","16T1H6S3Q",3,2026-09-28 17:05:35.8570000,0,0,1089,2026-09-28 17:05:35.8570000,44.833890,-85.721190
1660793,"Burdine Springs",3547,233,"17S","17S2H1S4Q",1,2026-09-26 13:52:23.9200000,10790,0,0,2026-09-28 17:05:38.0970000,34.850670,-82.601240
2188986,"Hatchs",3557,233,"16T","16T1H6S3Q",3,2026-09-28 17:05:39.5930000,0,0,964,2026-09-28 17:05:39.5930000,44.826940,-85.681190
2188918,"Crystal Spring",3557,233,"16T","16T1H6S3Q",3,2026-09-28 17:05:43.3630000,0,0,911,2026-09-28 17:05:43.3630000,44.824440,-85.648690
89647,"Ambohitromby",1882,143,"38K","38K1H5S2Q",2,2026-09-28 04:43:46.8670000,0,1941,0,2026-09-28 17:05:49.8800000,-18.650000,45.966670
89987,"Tamponala",1882,143,"38K","38K1H6S1Q",2,2026-09-28 17:05:59.0600000,0,741,0,2026-09-28 17:05:59.0600000,-18.600000,46.100000
2122197,"Edinburg",3562,233,"18T","18T2H2S2Q",2,2026-09-28 17:00:02.5570000,1645,7981,0,2026-09-28 17:06:03.3670000,43.221740,-74.104020
90234,"Ambohitsivalana",1882,143,"38K","38K1H6S1Q",2,2026-09-28 17:06:06.7370000,0,741,0,2026-09-28 17:06:06.7370000,-18.566670,46.083330
89648,"Amparihisoa",1882,143,"38K","38K1H6S1Q",2,2026-09-28 17:06:12.8200000,0,763,0,2026-09-28 17:06:12.8200000,-18.650000,46.083330
89774,"Ankerana Atsimo",1882,143,"38K","38K1H6S1Q",2,2026-09-28 17:06:18.6070000,0,741,0,2026-09-28 17:06:18.6070000,-18.633330,46.100000
89435,"Soavimbahoaka",1882,143,"38K","38K1H6S1Q",2,2026-09-28 17:06:24.3770000,0,741,0,2026-09-28 17:06:24.3770000,-18.683330,46.100000
89649,"Anivorano",1882,143,"38K","38K1H6S1Q",2,2026-09-28 17:06:30.2100000,0,741,0,2026-09-28 17:06:30.2100000,-18.650000,46.150000
89775,"Ankerana Sud",1882,143,"38K","38K1H6S1Q",2,2026-09-28 17:06:35.9600000,0,741,0,2026-09-28 17:06:35.9600000,-18.633330,46.116670
2318273,"Cavalero Corner",3578,233,"10T","10T1H2S2Q",1,2020-06-24 19:30:56.1770000,4527112,0,0,2026-09-28 17:06:50.0730000,47.978150,-122.134850
1660894,"Greenville",3547,233,"17S","17S2H1S4Q",3,2026-05-29 04:37:35.5770000,0,0,121285,2026-09-28 17:07:29.6870000,34.852620,-82.394010
2529031,"Patz",713,57,"33U","33U1H4S4Q",2,2026-09-19 08:46:06.9100000,0,5165,0,2026-09-28 17:08:52.7300000,52.233330,13.650000
107765,"Ambanjabe",1879,143,"38K","38K1H3S2Q",2,2026-09-28 17:10:01.6900000,0,846,0,2026-09-28 17:10:01.6900000,-16.733330,47.066670
107766,"Anjohibe",1879,143,"38K","38K1H3S2Q",2,2026-09-28 17:10:07.3800000,0,844,0,2026-09-28 17:10:07.3800000,-16.733330,47.116670
108147,"Ambalanjanakomby",1879,143,"38K","38K1H3S2Q",2,2026-09-28 17:10:14.1200000,0,741,0,2026-09-28 17:10:14.1200000,-16.700000,47.083330
108146,"Ambanjalava",1879,143,"38K","38K1H3S2Q",2,2026-09-28 17:10:21.7370000,0,741,0,2026-09-28 17:10:21.7370000,-16.700000,47.033330
107575,"Madirotelo",1879,143,"38K","38K1H3S2Q",2,2026-09-28 17:10:26.8600000,0,846,0,2026-09-28 17:10:26.8600000,-16.750000,47.000000
107764,"Begogo",1879,143,"38K","38K1H3S1Q",2,2026-09-28 17:10:32.8170000,0,741,0,2026-09-28 17:10:32.8170000,-16.733330,46.966670
107574,"Mangidirano",1879,143,"38K","38K1H3S1Q",2,2026-09-28 17:10:40.0030000,0,741,0,2026-09-28 17:10:40.0030000,-16.750000,46.966670
107359,"Ambodimanga",1879,143,"38K","38K1H3S1Q",2,2026-09-28 17:10:49.8130000,0,741,0,2026-09-28 17:10:49.8130000,-16.766670,46.950000
107150,"Androva",1879,143,"38K","38K1H3S1Q",2,2026-09-28 17:11:20.9900000,0,741,0,2026-09-28 17:11:20.9900000,-16.783330,46.933330
68100,"Ipaka",1880,143,"38K","38K2H3S3Q",2,2026-09-28 17:11:32.6700000,0,741,0,2026-09-28 17:11:32.6700000,-21.433330,46.766670
68262,"Ambalamarina",1880,143,"38K","38K2H3S3Q",2,2026-09-28 17:11:38.8370000,0,741,0,2026-09-28 17:11:38.8370000,-21.416670,46.766670
68261,"Ambalafasina",1880,143,"38K","38K2H3S3Q",2,2026-09-28 17:11:41.9000000,0,741,0,2026-09-28 17:11:41.9000000,-21.416670,46.716670
67964,"Vondrona",1880,143,"38K","38K2H3S3Q",2,2026-09-28 17:11:46.1700000,0,741,0,2026-09-28 17:11:46.1700000,-21.450000,46.666670
67817,"Tanamarina-Sakay",1880,143,"38K","38K2H3S3Q",2,2026-09-28 17:11:49.9100000,46,300,0,2026-09-28 17:11:49.9100000,-21.466670,46.616670
1531629,"Alsa",3549,233,"14S","14S2H6S4Q",1,2021-07-06 23:05:30.3370000,1013053,0,0,2026-09-28 17:11:51.5830000,32.818460,-96.033860
67816,"Marozaza II",1880,143,"38K","38K2H3S3Q",2,2026-09-28 17:11:53.8430000,0,741,0,2026-09-28 17:11:53.8430000,-21.466670,46.550000
67963,"Ankarambory",1880,143,"38K","38K2H3S3Q",2,2026-09-28 17:11:57.9430000,0,741,0,2026-09-28 17:11:57.9430000,-21.450000,46.516670
68096,"Ambalamarina",1880,143,"38K","38K2H3S3Q",2,2026-09-28 17:12:00.5600000,0,741,0,2026-09-28 17:12:00.5600000,-21.433330,46.516670
69292,"Puerto Guarani",2587,187,"21K","21K2H2S3Q",1,2026-09-28 17:12:09.3130000,928,0,0,2026-09-28 17:12:09.3130000,-21.300000,-57.916670
106730,"Ankilahila",1879,143,"38K","38K1H2S1Q",2,2026-09-28 17:12:22.3300000,0,741,0,2026-09-28 17:12:22.3300000,-16.816670,44.633330
106921,"Ambendrabe",1879,143,"38K","38K1H2S1Q",2,2026-09-28 17:12:26.9270000,0,741,0,2026-09-28 17:12:26.9270000,-16.800000,44.633330
106729,"Analabo",1879,143,"38K","38K1H2S1Q",2,2026-09-28 17:12:32.1970000,0,741,0,2026-09-28 17:12:32.1970000,-16.816670,44.616670
106546,"Antsivango",1879,143,"38K","38K1H2S1Q",2,2026-09-28 17:12:36.1700000,0,741,0,2026-09-28 17:12:36.1700000,-16.833330,44.616670
106358,"Antsiavangokely",1879,143,"38K","38K1H2S1Q",2,2026-09-28 17:12:40.5670000,0,741,0,2026-09-28 17:12:40.5670000,-16.850000,44.616670
107140,"Ambotaka",1879,143,"38K","38K1H2S1Q",2,2026-09-28 17:12:53.8100000,0,741,0,2026-09-28 17:12:53.8100000,-16.783330,44.600000
107756,"Androtsiabo",1879,143,"38K","38K1H2S1Q",2,2026-09-28 17:12:58.1030000,0,741,0,2026-09-28 17:12:58.1070000,-16.733330,44.633330
2006332,"Havelock",3559,233,"14T","14T2H6S4Q",2,2025-08-11 11:19:05.6470000,0,32056,0,2026-09-28 17:13:00.9800000,40.850280,-96.634180
107949,"Antanimavo",1879,143,"38K","38K1H2S1Q",2,2026-09-28 17:13:05.0470000,0,741,0,2026-09-28 17:13:05.0470000,-16.716670,44.633330
1955479,"Harbor Hills",3563,233,"17S","17S1H1S2Q",1,2026-09-28 14:28:24.8570000,5669,0,0,2026-09-28 17:13:12.5830000,39.936610,-82.434390
61330,"Ambilanivia",1880,143,"38K","38K2H5S2Q",2,2026-09-28 17:13:30.1230000,0,741,0,2026-09-28 17:13:30.1230000,-22.350000,45.950000
61331,"Analamisary",1880,143,"38K","38K2H5S2Q",2,2026-09-28 17:13:36.1930000,0,741,0,2026-09-28 17:13:36.1930000,-22.350000,45.966670
106047,"Ambodimanga",1879,143,"38K","38K1H3S1Q",2,2026-09-28 17:13:56.8670000,0,1011,0,2026-09-28 17:13:56.8670000,-16.883330,46.850000
105866,"Manganoro",1879,143,"38K","38K1H3S1Q",2,2026-09-28 17:14:02.7600000,0,1011,0,2026-09-28 17:14:02.7600000,-16.900000,46.833330
105864,"Ambodimadiro",1879,143,"38K","38K1H3S1Q",2,2026-09-28 17:14:10.5200000,46,851,0,2026-09-28 17:14:10.5200000,-16.900000,46.816670
105697,"Tsiamidivola",1879,143,"38K","38K1H3S1Q",2,2026-09-28 17:14:16.0170000,0,1011,0,2026-09-28 17:14:16.0170000,-16.916670,46.816670
105167,"Marofototra",1879,143,"38K","38K1H3S1Q",2,2026-09-28 17:14:35.5600000,0,1011,0,2026-09-28 17:14:35.5600000,-16.966670,46.766670
105343,"Tsinjorano",1879,143,"38K","38K1H3S1Q",2,2026-09-28 17:14:41.2600000,46,851,0,2026-09-28 17:14:41.2600000,-16.950000,46.783330
105345,"Androfiamadinika",1879,143,"38K","38K1H3S1Q",2,2026-09-28 17:14:48.1970000,0,846,0,2026-09-28 17:14:48.1970000,-16.950000,46.800000
61448,"Ambatomitikitra",1880,143,"38K","38K2H5S2Q",2,2026-09-28 17:15:14.3500000,0,741,0,2026-09-28 17:15:14.3500000,-22.333330,45.966670
61784,"Betalahaka Avaratra",1880,143,"38K","38K2H6S1Q",2,2026-09-28 17:15:23.1330000,0,741,0,2026-09-28 17:15:23.1330000,-22.283330,46.016670
61785,"Bereketa",1880,143,"38K","38K2H6S1Q",2,2026-09-28 17:15:41.6670000,0,741,0,2026-09-28 17:15:41.6670000,-22.283330,46.050000
62004,"Mahazoarivo",1880,143,"38K","38K2H6S1Q",2,2026-09-28 17:15:46.7200000,0,741,0,2026-09-28 17:15:46.7200000,-22.250000,46.033330
1652601,"Simpsonville",3547,233,"17S","17S2H1S4Q",3,2025-10-30 18:40:15.3000000,1301,0,35887,2026-09-28 17:16:23.9970000,34.737060,-82.254280
1658497,"Pine Forest",3547,233,"17S","17S2H1S4Q",2,2026-09-21 20:18:51.3730000,660,80858,0,2026-09-28 17:16:48.3930000,34.817620,-82.305400
1715719,"Eagle Rock",3545,233,"17S","17S2H3S2Q",3,2026-02-21 13:14:43.5430000,0,0,104609,2026-09-28 17:16:51.9900000,35.791260,-78.408330
1717167,"Lizard Lick",3545,233,"17S","17S2H3S2Q",3,2026-09-25 14:20:23.5300000,0,0,9534,2026-09-28 17:17:10.2770000,35.816540,-78.375000
2797571,"Paimala",929,70,"34V","34V1H6S3Q",1,2013-08-29 12:40:15.0000000,15938,0,0,2026-09-28 17:17:10.4300000,60.516670,22.350000
2796882,"Vanhalinna",929,70,"34V","34V1H6S3Q",1,2013-11-14 12:43:01.2730000,81422,0,0,2026-09-28 17:17:22.2830000,60.476390,22.380560
2796513,"Muurassuo",929,70,"34V","34V1H6S3Q",1,2013-09-28 07:04:51.9400000,26069,0,0,2026-09-28 17:17:27.1700000,60.458060,22.412780
2796812,"Tuulissuo",929,70,"34V","34V1H6S3Q",1,2013-11-13 09:24:49.2500000,19720,0,0,2026-09-28 17:17:33.7000000,60.468890,22.426670
2795754,"Hulkkio",929,70,"34V","34V1H6S3Q",1,2017-03-11 06:50:11.5730000,23575,0,0,2026-09-28 17:17:43.0200000,60.416670,22.433330
2795381,"Hovipelto",929,70,"34V","34V1H6S3Q",1,2013-10-25 15:15:34.2730000,23263,0,0,2026-09-28 17:17:49.6930000,60.399720,22.373890
2797141,"Metsamaki",929,70,"34V","34V1H6S3Q",1,2013-11-19 18:10:27.2600000,8344,0,0,2026-09-28 17:18:13.5830000,60.486940,22.331110
2796919,"Oriketo",929,70,"34V","34V1H6S3Q",1,2013-08-20 08:32:02.2570000,35033,0,0,2026-09-28 17:18:19.2530000,60.480560,22.318610
49351,"Ampasimaika",1877,143,"38K","38K2H5S4Q",2,2026-09-28 17:18:26.2330000,0,1200,0,2026-09-28 17:18:26.2330000,-23.783330,45.916670
49352,"Itroho",1877,143,"38K","38K2H5S4Q",2,2026-09-28 17:18:29.2900000,0,1200,0,2026-09-28 17:18:29.2900000,-23.783330,45.950000
2796523,"Pohjola",3833,70,"34V","34V1H6S3Q",1,2013-08-14 15:12:19.5500000,998962,0,0,2026-09-28 17:18:36.4530000,60.459210,22.260020
48824,"Ianandrarezo",1877,143,"38K","38K2H5S4Q",2,2026-09-28 17:18:38.4270000,0,1200,0,2026-09-28 17:18:38.4300000,-23.850000,45.883330
48551,"Ambararata",1877,143,"38K","38K2H5S4Q",2,2026-09-28 17:18:41.5930000,0,1200,0,2026-09-28 17:18:41.5930000,-23.883330,45.900000
48552,"Fenoarivo",1877,143,"38K","38K2H5S4Q",2,2026-09-28 17:18:44.6170000,0,1200,0,2026-09-28 17:18:44.6170000,-23.883330,45.916670
48959,"Soatanana",1877,143,"38K","38K2H5S4Q",2,2026-09-28 17:18:47.6570000,0,1200,0,2026-09-28 17:18:47.6570000,-23.833330,45.950000
48702,"Inanarena",1877,143,"38K","38K2H5S4Q",2,2026-09-28 17:18:50.5970000,0,1200,0,2026-09-28 17:18:50.5970000,-23.866670,45.950000
48553,"Imamaha",1877,143,"38K","38K2H5S4Q",2,2026-09-28 17:18:53.5630000,0,1200,0,2026-09-28 17:18:53.5630000,-23.883330,45.966670
2049232,"Sant Genis de Palafolls",909,68,"31T","31T2H5S1Q",3,2022-05-03 14:02:36.3070000,0,0,969285,2026-09-28 17:19:00.4200000,41.650000,2.716670
2417,"Wellington",2324,172,"60G","60G1H1S3Q",3,2019-09-02 17:05:15.5030000,0,0,18163104,2026-09-28 17:19:26.8930000,-41.286640,174.775570
2530589,"Wilby",979,77,"30U","30U1H6S4Q",1,2010-01-01 00:00:00.0000000,708487,1500,0,2026-09-28 17:20:22.9800000,52.266670,-0.716670
1366847,"Dalaki",1342,108,"39R","39R1H5S2Q",2,2026-09-28 17:20:41.7830000,0,843,0,2026-09-28 17:20:41.7830000,29.429400,51.293100
1367294,"Boneh-ye Jamushi",1342,108,"39R","39R1H5S2Q",2,2026-09-28 17:20:45.2870000,0,843,0,2026-09-28 17:20:45.2870000,29.441200,51.264800
1367330,"Sadeh",1342,108,"39R","39R1H5S2Q",2,2026-09-28 17:20:49.4270000,0,843,0,2026-09-28 17:20:49.4270000,29.442400,51.246500
1368152,"Sarqanat",1342,108,"39R","39R1H5S2Q",2,2026-09-28 17:20:52.9600000,0,843,0,2026-09-28 17:20:52.9600000,29.465100,51.265100
1368722,"Bi Barah",1342,108,"39R","39R1H5S2Q",2,2026-09-28 17:20:55.5770000,0,843,0,2026-09-28 17:20:55.5770000,29.480830,51.250000
2516194,"Bichi",2718,192,"54U","54U2H1S1Q",1,2026-09-28 17:22:59.2370000,1200,0,0,2026-09-28 17:22:59.2370000,51.966670,138.250000
2516212,"Solntse Dubrava",2646,192,"37U","37U2H2S2Q",1,2026-09-28 17:23:20.1130000,1200,0,0,2026-09-28 17:23:20.1130000,51.967090,39.210710
2516213,"Svobodnyy Trud",2722,192,"52U","52U2H1S2Q",1,2026-09-28 17:23:22.7230000,1200,0,0,2026-09-28 17:23:22.7230000,51.967100,127.287200
2516218,"Sultanguzino",2696,192,"40U","40U2H3S1Q",1,2026-09-28 17:23:26.1470000,1200,0,0,2026-09-28 17:23:26.1470000,51.967220,58.601940
2516228,"Malaya Vereyka",2646,192,"37U","37U2H2S1Q",1,2026-09-28 17:23:29.6900000,1200,0,0,2026-09-28 17:23:29.6900000,51.967500,38.713060
2516229,"Komarovka",2657,192,"38U","38U2H3S1Q",1,2026-09-28 17:23:34.0670000,1200,0,0,2026-09-28 17:23:34.0670000,51.967500,46.653330
2516230,"Novoselki",2665,192,"40U","40U2H2S1Q",1,2026-09-28 17:23:36.8570000,1200,0,0,2026-09-28 17:23:36.8570000,51.967500,56.432500
2516233,"Otrada",2654,192,"37U","37U2H3S1Q",1,2026-09-28 17:23:39.5500000,1200,0,0,2026-09-28 17:23:39.5500000,51.967560,40.802010
2516240,"Malaya Tarasovka",2657,192,"39U","39U2H1S2Q",1,2026-09-28 17:24:17.3800000,1200,0,0,2026-09-28 17:24:17.3800000,51.967990,49.486090
2529927,"Grabendorf",713,57,"33U","33U1H4S4Q",3,2026-09-28 17:27:28.6300000,0,61,656,2026-09-28 17:27:28.6300000,52.250000,13.716670
2531609,"Bindowbruck",713,57,"33U","33U1H4S4Q",3,2026-09-28 17:27:36.0330000,0,0,800,2026-09-28 17:27:36.0330000,52.283330,13.733330
2529928,"Gussow",713,57,"33U","33U1H4S4Q",3,2026-09-28 17:27:41.6700000,0,0,790,2026-09-28 17:27:41.6700000,52.250000,13.733330
2530753,"Bindow Siedlung",713,57,"33U","33U1H4S4Q",3,2026-09-28 17:27:47.3200000,0,0,783,2026-09-28 17:27:47.3200000,52.266670,13.733330
2530754,"Bindow Sud",713,57,"33U","33U1H4S4Q",3,2026-09-28 17:27:57.3500000,0,75,1018,2026-09-28 17:27:57.3500000,52.266670,13.750000
2531610,"Bindow",713,57,"33U","33U1H4S4Q",3,2026-09-28 17:28:01.3930000,0,0,872,2026-09-28 17:28:01.3930000,52.283330,13.750000
48270,"Morafeno",1877,143,"38K","38K2H5S4Q",2,2026-09-28 17:28:22.1370000,0,1200,0,2026-09-28 17:28:22.1370000,-23.916670,45.983330
48163,"Antandrotsy",1877,143,"38K","38K2H6S3Q",2,2026-09-28 17:28:25.5630000,0,1200,0,2026-09-28 17:28:25.5630000,-23.933330,46.000000
48400,"Beronono",1877,143,"38K","38K2H6S3Q",2,2026-09-28 17:28:28.8100000,0,1200,0,2026-09-28 17:28:28.8100000,-23.900000,46.000000
48272,"Betsioka",1877,143,"38K","38K2H6S3Q",2,2026-09-28 17:28:32.3930000,0,1200,0,2026-09-28 17:28:32.3930000,-23.916670,46.033330
1717676,"Zebulon",3545,233,"17S","17S2H3S2Q",3,2026-09-25 14:20:33.5130000,0,0,8497,2026-09-28 17:29:54.4100000,35.824320,-78.314720
2672995,"Sokol'niki",2670,192,"37U","37U1H1S2Q",2,2022-11-06 13:48:21.5030000,0,2901947,0,2026-09-28 17:31:39.0100000,55.802020,37.671590
2565285,"Mayfield",979,77,"30U","30U1H6S3Q",2,2024-05-16 09:31:37.8630000,0,103402,0,2026-09-28 17:34:04.4200000,53.000000,-1.766670
1386280,"Dale",3549,233,"14R","14R1H6S1Q",1,2026-09-28 17:34:10.2000000,523,0,0,2026-09-28 17:34:10.2000000,29.927440,-97.564440
48703,"Ambaribe",1877,143,"38K","38K2H6S3Q",2,2026-09-28 17:34:20.7100000,0,1200,0,2026-09-28 17:34:20.7100000,-23.866670,46.033330
1388165,"Saint Johns Colony",3549,233,"14R","14R1H6S1Q",2,2026-09-08 16:26:29.7100000,300,4149,0,2026-09-28 17:34:26.1430000,29.971050,-97.558330
55447,"Morarano",1877,143,"38K","38K2H5S4Q",2,2026-09-28 17:34:58.0800000,0,1200,0,2026-09-28 17:34:58.0800000,-23.116670,45.816670
1387313,"Monaville",3549,233,"14R","14R1H6S2Q",1,2013-10-22 13:38:07.4970000,19603322,0,0,2026-09-28 17:35:00.1270000,29.950780,-96.038850
55446,"Morarano",1877,143,"38K","38K2H5S4Q",2,2026-09-28 17:35:01.4700000,0,1200,0,2026-09-28 17:35:01.4700000,-23.116670,45.800000
2060548,"Colonna",1377,110,"33T","33T2H4S1Q",3,2015-09-17 14:39:09.5800000,0,0,2687358,2026-09-28 17:35:09.7270000,41.908030,12.488540
2060500,"Via Veneto",1377,110,"33T","33T2H4S1Q",3,2016-03-09 20:43:57.8130000,0,0,2617663,2026-09-28 17:35:18.8070000,41.906570,12.490170
1599147,"Waterford",3539,233,"16S","16S2H6S2Q",1,2013-04-28 15:42:02.3270000,739220,0,0,2026-09-28 17:36:11.2630000,33.955380,-84.287980
105701,"Androtrabe",1879,143,"38K","38K1H3S1Q",2,2026-09-28 17:36:23.4870000,0,741,0,2026-09-28 17:36:23.4870000,-16.916670,46.950000
105519,"Mahatsinjo",1879,143,"38K","38K1H3S1Q",2,2026-09-28 17:36:30.6030000,0,741,0,2026-09-28 17:36:30.6030000,-16.933330,46.950000
1368771,"Vahdattiyeh",1342,108,"39R","39R1H5S2Q",2,2026-09-28 17:36:31.0870000,0,843,0,2026-09-28 17:36:31.0870000,29.482300,51.236600
29684,"Barranquilla",558,46,"19J","19J2H1S1Q",1,2026-09-28 17:36:33.9900000,803,0,0,2026-09-28 17:36:33.9900000,-28.150000,-71.133330
105348,"Manirery",1879,143,"38K","38K1H3S1Q",2,2026-09-28 17:36:35.7330000,0,741,0,2026-09-28 17:36:35.7330000,-16.950000,46.916670
1368505,"Shul",1342,108,"39R","39R1H5S2Q",2,2026-09-28 17:36:37.7200000,0,843,0,2026-09-28 17:36:37.7200000,29.474300,51.151200
29838,"Carrizal Bajo",556,46,"19J","19J2H1S1Q",1,2026-09-28 17:36:39.1570000,729,0,0,2026-09-28 17:36:39.1570000,-28.088330,-71.152220
104680,"Ambalarano",1879,143,"38K","38K1H3S3Q",2,2026-09-28 17:36:40.9900000,46,783,0,2026-09-28 17:36:40.9900000,-17.016670,46.900000
1368791,"Mazare`i",1342,108,"39R","39R1H5S2Q",2,2026-09-28 17:36:42.1700000,0,843,0,2026-09-28 17:36:42.1700000,29.483060,51.231390
1367937,"Eslamabad",1342,108,"39R","39R1H5S2Q",2,2026-09-28 17:36:45.5800000,0,843,0,2026-09-28 17:36:45.5800000,29.459400,51.205200
104988,"Berere",1879,143,"38K","38K1H3S1Q",2,2026-09-28 17:36:46.3470000,0,845,0,2026-09-28 17:36:46.3470000,-16.983330,46.916670
1367220,"Tall-e Kharaki",1342,108,"39R","39R1H5S2Q",2,2026-09-28 17:36:51.6130000,0,843,0,2026-09-28 17:36:51.6130000,29.438890,51.193890
105169,"Antsakoamamy",1879,143,"38K","38K1H3S1Q",2,2026-09-28 17:36:52.2430000,0,846,0,2026-09-28 17:36:52.2430000,-16.966670,46.816670
105347,"Ambalanano",1879,143,"38K","38K1H3S1Q",2,2026-09-28 17:36:59.4200000,0,846,0,2026-09-28 17:36:59.4200000,-16.950000,46.850000
105346,"Maevatanana",1879,143,"38K","38K1H3S1Q",2,2026-09-28 17:37:06.0870000,0,846,0,2026-09-28 17:37:06.0870000,-16.950000,46.833330
2555534,"Abbots Bromley",979,77,"30U","30U1H6S3Q",2,2010-01-01 00:00:00.0000000,0,93549,0,2026-09-28 17:37:12.2430000,52.800000,-1.866670
104987,"Marosakoa",1879,143,"38K","38K1H3S1Q",2,2026-09-28 17:37:35.2800000,0,846,0,2026-09-28 17:37:35.2800000,-16.983330,46.783330
104678,"Antsirasira",1879,143,"38K","38K1H3S3Q",2,2026-09-28 17:37:43.7700000,0,846,0,2026-09-28 17:37:43.7700000,-17.016670,46.783330
104986,"Sarodrano",1879,143,"38K","38K1H3S1Q",2,2026-09-28 17:37:49.5400000,0,846,0,2026-09-28 17:37:49.5400000,-16.983330,46.766670
104677,"Bekabija",1879,143,"38K","38K1H3S3Q",2,2026-09-28 17:38:06.2230000,0,846,0,2026-09-28 17:38:06.2230000,-17.016670,46.733330
104985,"Ambohimena",1879,143,"38K","38K1H3S1Q",2,2026-09-28 17:38:11.6570000,0,846,0,2026-09-28 17:38:11.6570000,-16.983330,46.750000
2400616,"Nova Ves",690,56,"33U","33U2H5S2Q",1,2025-01-14 15:23:08.6070000,680031,0,0,2026-09-28 17:38:13.1800000,49.700000,15.766670
104679,"Androfiakely",1879,143,"38K","38K1H3S3Q",2,2026-09-28 17:38:22.8800000,0,846,0,2026-09-28 17:38:22.8800000,-17.016670,46.800000
105168,"Ambodimanry",1879,143,"38K","38K1H3S1Q",2,2026-09-28 17:38:30.4200000,0,846,0,2026-09-28 17:38:30.4200000,-16.966670,46.800000
107948,"Bevaho",1879,143,"38K","38K1H2S1Q",2,2026-09-28 17:38:57.9370000,0,741,0,2026-09-28 17:38:57.9370000,-16.716670,44.583330
73558,"Puerto Voluntad",2587,187,"21K","21K2H2S1Q",1,2026-09-28 17:38:59.0230000,937,0,0,2026-09-28 17:38:59.0230000,-20.800000,-57.966670
74160,"Puerto Leda",2587,187,"21K","21K2H2S1Q",1,2026-09-28 17:39:04.2600000,938,0,0,2026-09-28 17:39:04.2600000,-20.716670,-57.983330
108134,"Amborometroka",1879,143,"38K","38K1H2S1Q",2,2026-09-28 17:39:06.3600000,0,741,0,2026-09-28 17:39:06.3600000,-16.700000,44.550000
74396,"Estancia Triunfo",2587,187,"21K","21K2H1S2Q",1,2026-09-28 17:39:10.5770000,939,0,0,2026-09-28 17:39:10.5770000,-20.683330,-58.016670
108303,"Ampoza",1879,143,"38K","38K1H2S1Q",2,2026-09-28 17:39:12.5200000,0,741,0,2026-09-28 17:39:12.5200000,-16.683330,44.516670
107947,"Bevary",1879,143,"38K","38K1H2S1Q",2,2026-09-28 17:39:15.4370000,0,741,0,2026-09-28 17:39:15.4370000,-16.716670,44.516670
107564,"Ankaboka",1879,143,"38K","38K1H2S1Q",2,2026-09-28 17:39:19.8630000,0,741,0,2026-09-28 17:39:19.8630000,-16.750000,44.516670
74909,"Puerto Nuevo",2587,187,"21K","21K2H1S2Q",1,2026-09-28 17:39:20.7370000,940,0,0,2026-09-28 17:39:20.7370000,-20.616670,-58.050000
107350,"Ambatobe",1879,143,"38K","38K1H2S1Q",2,2026-09-28 17:39:24.2170000,0,741,0,2026-09-28 17:39:24.2170000,-16.766670,44.550000
75981,"Estancia Riacho Alegre",2587,187,"21K","21K2H1S2Q",1,2026-09-28 17:39:27.7730000,943,0,0,2026-09-28 17:39:27.7730000,-20.466670,-58.033330
107139,"Androtsy",1879,143,"38K","38K1H2S1Q",2,2026-09-28 17:39:28.9130000,0,741,0,2026-09-28 17:39:28.9130000,-16.783330,44.583330
106920,"Ambalatany",1879,143,"38K","38K1H2S1Q",2,2026-09-28 17:39:33.8900000,0,741,0,2026-09-28 17:39:33.8900000,-16.800000,44.533330
62088,"Antanandava",1880,143,"38K","38K2H6S1Q",2,2026-09-28 17:39:59.3930000,0,741,0,2026-09-28 17:39:59.3930000,-22.233330,46.050000
62192,"Ihazoroa",1880,143,"38K","38K2H6S1Q",2,2026-09-28 17:40:09.6130000,0,741,0,2026-09-28 17:40:09.6130000,-22.216670,46.083330
62301,"Beadabo",1880,143,"38K","38K2H6S1Q",2,2026-09-28 17:40:15.1600000,0,741,0,2026-09-28 17:40:15.1600000,-22.200000,46.050000
62300,"Ankazovinelo",1880,143,"38K","38K2H5S2Q",2,2026-09-28 17:40:20.9900000,46,300,0,2026-09-28 17:40:20.9900000,-22.200000,45.966670
62679,"Ambinda",1880,143,"38K","38K2H5S2Q",2,2026-09-28 17:40:24.5800000,0,741,0,2026-09-28 17:40:24.5800000,-22.133330,45.950000
63090,"Fenoarivo",1880,143,"38K","38K2H5S2Q",2,2026-09-28 17:40:29.4930000,0,741,0,2026-09-28 17:40:29.4930000,-22.066670,45.916670
68097,"Fanjatoana",1880,143,"38K","38K2H3S3Q",2,2026-09-28 17:40:31.6170000,0,741,0,2026-09-28 17:40:31.6170000,-21.433330,46.550000
63272,"Bekinana",1880,143,"38K","38K2H5S2Q",2,2026-09-28 17:40:34.8330000,0,741,0,2026-09-28 17:40:34.8330000,-22.033330,45.900000
68098,"Ankafy",1880,143,"38K","38K2H3S3Q",2,2026-09-28 17:40:34.9070000,46,300,0,2026-09-28 17:40:34.9070000,-21.433330,46.600000
68259,"Solila",1880,143,"38K","38K2H3S3Q",2,2026-09-28 17:40:39.0830000,0,741,0,2026-09-28 17:40:39.0830000,-21.416670,46.616670
63359,"Fenoarivo",1880,143,"38K","38K2H5S2Q",2,2026-09-28 17:40:40.1700000,0,741,0,2026-09-28 17:40:40.1700000,-22.016670,45.883330
68260,"Soanierana",1880,143,"38K","38K2H3S3Q",2,2026-09-28 17:40:42.0700000,0,741,0,2026-09-28 17:40:42.0700000,-21.416670,46.633330
68423,"Anlamitsangans",1880,143,"38K","38K2H3S3Q",2,2026-09-28 17:40:45.7770000,46,300,0,2026-09-28 17:40:45.7770000,-21.400000,46.666670
67524,"Beampombo",1880,143,"38K","38K2H3S3Q",2,2026-09-28 17:41:02.9400000,0,741,0,2026-09-28 17:41:02.9400000,-21.500000,46.383330
89897,"Analamisakana",1882,143,"38K","38K1H6S1Q",2,2026-09-28 17:41:07.9470000,0,741,0,2026-09-28 17:41:07.9470000,-18.616670,46.133330
67664,"Soatanimbary",1880,143,"38K","38K2H3S3Q",2,2026-09-28 17:41:12.7230000,0,741,0,2026-09-28 17:41:12.7230000,-21.483330,46.350000
68094,"Antsamby",1880,143,"38K","38K2H3S3Q",2,2026-09-28 17:41:17.1830000,0,741,0,2026-09-28 17:41:17.1830000,-21.433330,46.383330
89898,"Antanisoa",1882,143,"38K","38K1H6S1Q",2,2026-09-28 17:41:21.2200000,0,741,0,2026-09-28 17:41:21.2200000,-18.616670,46.166670
68095,"Atsamby",1880,143,"38K","38K2H3S3Q",2,2026-09-28 17:41:28.9170000,0,741,0,2026-09-28 17:41:28.9170000,-21.433330,46.400000
89778,"Amboahangikely",1882,143,"38K","38K1H6S1Q",2,2026-09-28 17:41:31.2300000,0,741,0,2026-09-28 17:41:31.2300000,-18.633330,46.266670
89900,"Analamarina",1882,143,"38K","38K1H6S1Q",2,2026-09-28 17:41:40.0270000,46,300,0,2026-09-28 17:41:40.0270000,-18.616670,46.250000
89545,"Fierenana",1882,143,"38K","38K1H6S1Q",2,2026-09-28 17:41:46.2300000,0,741,0,2026-09-28 17:41:46.2300000,-18.666670,46.250000
89436,"Sarodrivotra",1882,143,"38K","38K1H6S1Q",2,2026-09-28 17:41:51.6430000,0,741,0,2026-09-28 17:41:51.6430000,-18.683330,46.216670
89544,"Fiadonana",1882,143,"38K","38K1H6S1Q",2,2026-09-28 17:41:56.6130000,0,741,0,2026-09-28 17:41:56.6130000,-18.666670,46.200000
89652,"Mavoandro Andrefana",1882,143,"38K","38K1H6S1Q",2,2026-09-28 17:42:02.6130000,46,300,0,2026-09-28 17:42:02.6130000,-18.650000,46.200000
67962,"Mahasoa",1880,143,"38K","38K2H3S3Q",2,2026-09-28 17:43:50.8730000,0,741,0,2026-09-28 17:43:50.8730000,-21.450000,46.416670
69014,"Tanamarina",1880,143,"38K","38K2H3S3Q",2,2026-09-28 17:44:03.0930000,0,741,0,2026-09-28 17:44:03.0930000,-21.333330,46.133330
105518,"Antaninandro",1879,143,"38K","38K1H3S1Q",2,2026-09-28 17:44:35.3300000,0,846,0,2026-09-28 17:44:35.3300000,-16.933330,46.833330
104509,"Antanandava",1879,143,"38K","38K1H3S3Q",2,2026-09-28 17:38:17.0730000,0,2046,0,2026-09-28 17:44:45.0330000,-17.033330,46.750000
105867,"Andramy",1879,143,"38K","38K1H3S1Q",2,2026-09-28 17:44:51.2570000,0,741,0,2026-09-28 17:44:51.2600000,-16.900000,46.866670
82840,"Campamento Rivarola",2587,187,"21K","21K1H4S4Q",1,2026-09-28 17:44:53.4030000,961,0,0,2026-09-28 17:44:53.4030000,-19.600000,-58.733330
1600652,"Whittier",3567,233,"11S","11S2H4S2Q",3,2013-08-21 23:16:46.4900000,0,0,16598515,2026-09-28 17:44:54.3900000,33.979180,-118.032840
82601,"Catorce de Mayo",2587,187,"21K","21K1H4S4Q",1,2026-09-28 17:44:56.9100000,961,0,0,2026-09-28 17:44:56.9100000,-19.633330,-58.733330
104682,"Bemarivo-Betsiboka",1879,143,"38K","38K1H3S3Q",2,2026-09-28 17:44:57.6430000,0,845,0,2026-09-28 17:44:57.6430000,-17.016670,46.983330
82336,"Ibapobo",2587,187,"21K","21K1H4S4Q",1,2026-09-28 17:45:10.1530000,960,0,0,2026-09-28 17:45:10.1530000,-19.666670,-58.733330
106048,"Beratsimanana",1879,143,"38K","38K1H3S1Q",2,2026-09-28 17:45:18.4500000,0,1011,0,2026-09-28 17:45:18.4500000,-16.883330,46.883330
106360,"Bemangahazo",1879,143,"38K","38K1H3S1Q",2,2026-09-28 17:45:26.2370000,0,741,0,2026-09-28 17:45:26.2370000,-16.850000,46.883330
102769,"Bekapirijy",1879,143,"38K","38K1H3S3Q",2,2026-09-28 17:46:01.1600000,0,741,0,2026-09-28 17:46:01.1600000,-17.200000,46.816670
102590,"Antobibe",1879,143,"38K","38K1H3S3Q",2,2026-09-28 17:46:08.7200000,0,741,0,2026-09-28 17:46:08.7200000,-17.216670,46.766670
102245,"Jaomavo",1879,143,"38K","38K1H3S3Q",2,2026-09-28 17:46:14.4530000,0,741,0,2026-09-28 17:46:14.4530000,-17.250000,46.800000
101694,"Kiangarakely",1879,143,"38K","38K1H3S3Q",2,2026-09-28 17:46:19.5430000,0,741,0,2026-09-28 17:46:19.5430000,-17.300000,46.766670
101892,"Anjiabe",1879,143,"38K","38K1H3S3Q",2,2026-09-28 17:46:24.5370000,0,741,0,2026-09-28 17:46:24.5370000,-17.283330,46.800000
2740725,"Pany",2662,192,"40V","40V2H5S1Q",2,2023-06-24 10:19:32.1030000,0,3596219,24300,2026-09-28 17:46:54.3200000,57.855280,56.100000
106033,"Ambohitramboalambo",1879,143,"38K","38K1H2S1Q",1,2017-10-23 16:39:01.3770000,1246,300,0,2026-09-28 17:46:58.9200000,-16.883330,44.566670
106545,"Andrafiatokana",1879,143,"38K","38K1H2S1Q",2,2026-09-28 17:47:03.0730000,0,741,0,2026-09-28 17:47:03.0730000,-16.833330,44.516670
106032,"Beloka",1879,143,"38K","38K1H2S1Q",2,2026-09-28 17:47:07.8330000,0,741,0,2026-09-28 17:47:07.8330000,-16.883330,44.516670
106918,"Bejofo",1879,143,"38K","38K1H2S1Q",2,2026-09-28 17:47:13.7300000,46,300,0,2026-09-28 17:47:13.7300000,-16.800000,44.516670
107563,"Besalampy",1879,143,"38K","38K1H2S1Q",2,2026-09-28 17:47:18.1530000,0,741,0,2026-09-28 17:47:18.1530000,-16.750000,44.483330
63358,"Bevoandrika",1880,143,"38K","38K2H5S2Q",2,2026-09-28 17:47:56.3800000,0,741,0,2026-09-28 17:47:56.3800000,-22.016670,45.866670
63437,"Marovitsika",1880,143,"38K","38K2H5S2Q",2,2026-09-28 17:48:06.1700000,0,741,0,2026-09-28 17:48:06.1700000,-22.000000,45.883330
63277,"Antsely",1880,143,"38K","38K2H6S1Q",2,2026-09-28 17:48:46.5370000,0,741,0,2026-09-28 17:48:46.5370000,-22.033330,46.550000
63182,"Antsianerena",1880,143,"38K","38K2H6S1Q",2,2026-09-28 17:48:50.0100000,0,741,0,2026-09-28 17:48:50.0100000,-22.050000,46.516670
63360,"Ambodin Ifandana",1880,143,"38K","38K2H6S1Q",2,2026-09-28 17:49:00.3500000,0,741,0,2026-09-28 17:49:00.3500000,-22.016670,46.383330
64095,"Keliberano",1880,143,"38K","38K2H3S3Q",2,2026-09-28 17:49:11.5200000,0,741,0,2026-09-28 17:49:11.5200000,-21.916670,46.316670
106361,"Ambavahadiala",1879,143,"38K","38K1H3S1Q",2,2026-09-28 17:49:27.3330000,0,741,0,2026-09-28 17:49:27.3330000,-16.850000,46.916670
2060078,"Ponte",1377,110,"33T","33T2H4S1Q",3,2015-09-14 22:25:23.0400000,0,0,3000411,2026-09-28 17:49:38.8330000,41.899660,12.466520
106555,"Ankaramainty",1879,143,"38K","38K1H3S1Q",2,2026-09-28 17:49:40.3000000,0,741,0,2026-09-28 17:49:40.3000000,-16.833330,46.933330
106556,"Andranomavokely",1879,143,"38K","38K1H3S1Q",2,2026-09-28 17:49:47.0830000,0,741,0,2026-09-28 17:49:47.0830000,-16.833330,46.950000
2059973,"Regola",1377,110,"33T","33T2H4S1Q",3,2015-09-14 17:35:57.8900000,0,0,3433405,2026-09-28 17:49:50.4370000,41.895890,12.470510
2052696,"Morenci",3557,233,"16T","16T2H6S2Q",1,2026-09-28 17:49:54.4170000,1476,0,0,2026-09-28 17:49:54.4170000,41.719490,-84.218000
2051954,"Denson",3563,233,"16T","16T2H6S2Q",1,2025-08-10 01:23:40.6970000,6187,0,0,2026-09-28 17:50:01.9230000,41.705610,-84.148280
1366921,"Tall-e Qatel",1342,108,"39R","39R1H5S2Q",2,2026-09-28 17:50:31.7830000,0,843,0,2026-09-28 17:50:31.7830000,29.430830,51.194720
1366924,"Tol-e Sarkub",1342,108,"39R","39R1H5S2Q",2,2026-09-28 17:50:34.7230000,0,843,0,2026-09-28 17:50:34.7230000,29.431000,51.168100
1366618,"Barmak",1342,108,"39R","39R1H5S2Q",2,2026-09-28 17:50:37.9470000,0,843,0,2026-09-28 17:50:37.9470000,29.422200,51.163600
1366725,"Genavkan",1342,108,"39R","39R1H5S2Q",2,2026-09-28 17:50:40.6430000,0,843,0,2026-09-28 17:50:40.6430000,29.425600,51.141300
1366268,"Zir Rah",1342,108,"39R","39R1H5S2Q",2,2026-09-28 17:50:43.4370000,0,843,0,2026-09-28 17:50:43.4370000,29.414100,51.150200
2511614,"Whempstead",979,77,"30U","30U2H3S2Q",3,2026-05-16 16:54:56.1730000,0,0,109024,2026-09-28 17:55:08.1900000,51.871190,-0.084630
2252714,"Harvey",3557,233,"16T","16T1H2S3Q",1,2012-08-06 01:18:15.5430000,820350,0,0,2026-09-28 17:56:00.0670000,46.491990,-87.351500
2783348,"Annolovo",2675,192,"36V","36V2H1S1Q",3,2016-10-29 14:24:42.7200000,0,0,373759,2026-09-28 17:56:08.0900000,59.633890,30.540000
2452454,"Glons",255,20,"31U","31U2H3S4Q",1,2026-09-09 06:41:55.4070000,100985,0,0,2026-09-28 17:56:47.6100000,50.749860,5.552040
54918,"Antranomanara",1877,143,"38K","38K2H5S4Q",2,2026-09-28 17:56:58.9700000,0,1200,0,2026-09-28 17:56:58.9700000,-23.183330,45.883330
2532416,"Kablow",713,57,"33U","33U1H4S4Q",3,2026-09-28 17:57:10.0400000,0,0,656,2026-09-28 17:57:10.0400000,52.300000,13.733330
52073,"Tatabe",1877,143,"38K","38K2H5S4Q",2,2026-09-28 17:57:10.8130000,0,1200,0,2026-09-28 17:57:10.8130000,-23.500000,45.833330
52211,"Sambalahy",1877,143,"38K","38K2H5S4Q",2,2026-09-28 17:57:14.0000000,0,1200,0,2026-09-28 17:57:14.0000000,-23.483330,45.850000
52356,"Beraketa",1877,143,"38K","38K2H5S4Q",2,2026-09-28 17:57:17.1370000,0,1200,0,2026-09-28 17:57:17.1370000,-23.466670,45.833330
52941,"Besakoa",1877,143,"38K","38K2H5S4Q",2,2026-09-28 17:57:22.3100000,0,1200,0,2026-09-28 17:57:22.3100000,-23.400000,45.833330
53087,"Sakoa",1877,143,"38K","38K2H5S4Q",2,2026-09-28 17:57:25.1800000,0,1200,0,2026-09-28 17:57:25.1800000,-23.383330,45.866670
53537,"Bevoandelaka",1877,143,"38K","38K2H5S4Q",2,2026-09-28 17:57:28.5070000,0,1200,0,2026-09-28 17:57:28.5070000,-23.333330,45.900000
53389,"Folira",1877,143,"38K","38K2H5S4Q",2,2026-09-28 17:57:31.8000000,0,1200,0,2026-09-28 17:57:31.8000000,-23.350000,45.850000
87808,"Las Cutas",348,29,"20K","20K1H6S2Q",1,2026-09-28 17:57:35.3000000,508,0,0,2026-09-28 17:57:35.3000000,-18.916670,-60.916670
64257,"Mahabodo",1880,143,"38K","38K2H3S3Q",2,2026-09-28 17:58:16.1400000,0,741,0,2026-09-28 17:58:16.1400000,-21.900000,46.283330
64655,"Bemaninjo",1880,143,"38K","38K2H3S3Q",2,2026-09-28 17:58:23.6330000,0,741,0,2026-09-28 17:58:23.6330000,-21.850000,46.200000
64887,"Ambohidrasoly",1880,143,"38K","38K2H3S3Q",2,2026-09-28 17:58:27.7700000,0,741,0,2026-09-28 17:58:27.7700000,-21.816670,46.183330
64886,"Morafeno",1880,143,"38K","38K2H3S3Q",2,2026-09-28 17:58:31.7000000,0,741,0,2026-09-28 17:58:31.7000000,-21.816670,46.150000
65397,"Mahazoarivo",1880,143,"38K","38K2H3S3Q",2,2026-09-28 17:58:35.5500000,0,741,0,2026-09-28 17:58:35.5500000,-21.750000,46.116670
65262,"Sakamanitra",1880,143,"38K","38K2H3S3Q",2,2026-09-28 17:58:39.6630000,0,741,0,2026-09-28 17:58:39.6630000,-21.766670,46.116670
65398,"Ankatsakatsa",1880,143,"38K","38K2H3S3Q",2,2026-09-28 17:58:43.8600000,0,741,0,2026-09-28 17:58:43.8600000,-21.750000,46.133330
106926,"Anosikely",1879,143,"38K","38K1H3S1Q",2,2026-09-28 17:59:08.6670000,0,741,0,2026-09-28 17:59:08.6670000,-16.800000,46.933330
2676493,"Valentinovka",2671,192,"37U","37U1H1S2Q",2,2023-09-11 13:39:12.2200000,0,223284,0,2026-09-28 17:59:15.5970000,55.909170,37.890000
105698,"Ambodimanga",1879,143,"38K","38K1H3S1Q",2,2026-09-28 17:45:09.4200000,0,1856,0,2026-09-28 17:59:17.8330000,-16.916670,46.850000
106554,"Andavakakoho",1879,143,"38K","38K1H3S1Q",2,2026-09-28 17:59:27.5470000,0,741,0,2026-09-28 17:59:27.5470000,-16.833330,46.883330
2463705,"Catsop",2271,167,"31U","31U2H3S4Q",2,2026-09-16 17:59:54.1030000,0,1224221,0,2026-09-28 17:59:28.0200000,50.939170,5.766670
106738,"Marovoalavo",1879,143,"38K","38K1H3S1Q",2,2026-09-28 17:59:34.6100000,0,741,0,2026-09-28 17:59:34.6100000,-16.816670,46.866670
449537,"Kagezi",2730,193,"35M","35M1H3S4Q",3,2026-09-28 17:59:38.7430000,0,0,1200,2026-09-28 17:59:38.7430000,-1.540400,29.556300
449495,"Manjali II",2730,193,"35M","35M1H3S4Q",3,2026-09-28 17:59:41.9700000,0,0,1200,2026-09-28 17:59:41.9700000,-1.543700,29.537100
449391,"Mararo",2730,193,"35M","35M1H3S4Q",3,2026-09-28 17:59:45.4300000,0,0,1200,2026-09-28 17:59:45.4300000,-1.550000,29.550000
448885,"Rurengeri",2730,193,"35M","35M1H3S4Q",3,2026-09-28 17:59:48.5070000,0,0,1200,2026-09-28 17:59:48.5070000,-1.579600,29.528600
106924,"Anosikely",1879,143,"38K","38K1H3S1Q",2,2026-09-28 17:59:49.5730000,0,741,0,2026-09-28 17:59:49.5730000,-16.800000,46.900000
1397136,"Bear Creek",3549,233,"14R","14R1H3S3Q",2,2020-05-30 08:45:34.1370000,150,686636,0,2026-09-28 17:59:50.3030000,30.189100,-97.944730
449437,"Gatovu",2730,193,"35M","35M1H3S4Q",3,2026-09-28 17:59:53.9930000,0,0,1200,2026-09-28 17:59:53.9930000,-1.548600,29.534500
449224,"Busogo",2730,193,"35M","35M1H3S4Q",3,2026-09-28 17:59:57.1570000,0,0,1200,2026-09-28 17:59:57.1570000,-1.558400,29.543400
1409056,"Lago Vista",3549,233,"14R","14R1H3S3Q",2,2026-08-08 12:07:11.1300000,600,39571,0,2026-09-28 17:59:59.3930000,30.460200,-97.988350
449218,"Byangabo",2730,193,"35M","35M1H3S4Q",3,2026-09-28 18:00:00.9770000,0,0,1200,2026-09-28 18:00:00.9800000,-1.559000,29.549400
106925,"Ankazomahitsy",1879,143,"38K","38K1H3S1Q",2,2026-09-28 18:00:01.2600000,0,741,0,2026-09-28 18:00:01.2600000,-16.800000,46.916670
107573,"Ambalalemoka",1879,143,"38K","38K1H3S1Q",2,2026-09-28 18:00:08.1230000,0,741,0,2026-09-28 18:00:08.1230000,-16.750000,46.900000
108145,"Bevilany",1879,143,"38K","38K1H3S1Q",2,2026-09-28 18:00:15.7270000,0,741,0,2026-09-28 18:00:15.7270000,-16.700000,46.950000
1403506,"Manor",3549,233,"14R","14R1H3S3Q",2,2024-11-04 04:31:14.8270000,0,395305,0,2026-09-28 18:00:18.0930000,30.340760,-97.556950
449552,"Mukingo",2730,193,"35M","35M1H3S4Q",3,2026-09-28 18:00:23.6230000,0,0,1200,2026-09-28 18:00:23.6230000,-1.539400,29.555800
101483,"Ambaranata",1879,143,"38K","38K1H3S3Q",2,2026-09-28 18:00:59.2500000,0,741,0,2026-09-28 18:00:59.2500000,-17.316670,46.783330
100943,"Mandraty",1879,143,"38K","38K1H3S3Q",2,2026-09-28 18:01:04.6870000,0,741,0,2026-09-28 18:01:04.6870000,-17.366670,46.816670
65952,"Sahasota",1880,143,"38K","38K2H3S3Q",2,2026-09-28 18:01:09.8170000,0,741,0,2026-09-28 18:01:09.8170000,-21.683330,46.100000
100762,"Ambatolampikely",1879,143,"38K","38K1H3S3Q",2,2026-09-28 18:01:09.9030000,0,1200,0,2026-09-28 18:01:09.9030000,-17.383330,46.766670
100763,"Ambodiriamy",1879,143,"38K","38K1H3S3Q",2,2026-09-28 18:01:14.9200000,0,741,0,2026-09-28 18:01:14.9200000,-17.383330,46.800000
100575,"Ampandrianakanga",1879,143,"38K","38K1H3S3Q",2,2026-09-28 18:01:21.0930000,0,741,0,2026-09-28 18:01:21.0930000,-17.400000,46.816670
101113,"Antafofo",1879,143,"38K","38K1H3S3Q",2,2026-09-28 18:01:25.5530000,0,741,0,2026-09-28 18:01:25.5530000,-17.350000,46.850000
100385,"Antsatrana",1879,143,"38K","38K1H3S3Q",2,2026-09-28 18:01:33.4430000,0,741,0,2026-09-28 18:01:33.4430000,-17.416670,46.850000
1395129,"Onion Creek",3549,233,"14R","14R1H3S3Q",2,2024-10-15 07:20:50.3530000,0,70279,0,2026-09-28 18:01:35.1000000,30.136600,-97.784170
100386,"Antafia",1879,143,"38K","38K1H3S3Q",2,2026-09-28 18:01:42.3770000,0,741,0,2026-09-28 18:01:42.3770000,-17.416670,46.866670
2670057,"Gladyshevo",2670,192,"37U","37U1H1S2Q",2,2019-04-13 19:18:58.6300000,0,2160762,0,2026-09-28 18:02:24.2770000,55.716670,37.516670
107755,"Andranomanenty",1879,143,"38K","38K1H2S1Q",2,2026-09-28 18:02:24.6970000,0,741,0,2026-09-28 18:02:24.6970000,-16.733330,44.466670
76239,"Puerto Esperanza",2587,187,"21K","21K2H1S2Q",1,2026-09-28 18:02:25.1000000,943,0,0,2026-09-28 18:02:25.1000000,-20.433330,-58.100000
107946,"Marofototra",1879,143,"38K","38K1H2S1Q",2,2026-09-28 18:02:34.4170000,0,741,0,2026-09-28 18:02:34.4170000,-16.716670,44.433330
109080,"Voalavo",1879,143,"38K","38K1H2S1Q",2,2026-09-28 18:02:40.0170000,0,741,0,2026-09-28 18:02:40.0170000,-16.616670,44.466670
2211211,"Mercier",459,38,"18T","18T1H6S1Q",1,2026-05-25 13:12:36.0700000,450357,0,0,2026-09-28 18:02:40.2300000,45.316780,-73.749190
109936,"Ankotrofotsy",1879,143,"38K","38K1H2S1Q",2,2026-09-28 18:02:46.2570000,0,741,0,2026-09-28 18:02:46.2600000,-16.550000,44.533330
109290,"Ampanangananjia",1879,143,"38K","38K1H2S1Q",2,2026-09-28 18:02:51.6400000,0,741,0,2026-09-28 18:02:51.6400000,-16.600000,44.533330
63559,"Androtsy Ambany",1880,143,"38K","38K2H2S4Q",2,2026-09-28 18:03:27.8370000,0,741,0,2026-09-28 18:03:27.8370000,-21.983330,45.883330
2557910,"Grindley",979,77,"30U","30U1H6S3Q",2,2026-02-16 06:53:54.5630000,0,102290,0,2026-09-28 18:03:33.1500000,52.850000,-1.933330
63694,"Mangarano",1880,143,"38K","38K2H2S4Q",2,2026-09-28 18:03:35.3900000,0,741,0,2026-09-28 18:03:35.3900000,-21.966670,45.866670
64253,"Beora",1880,143,"38K","38K2H2S4Q",2,2026-09-28 18:03:38.7630000,0,741,0,2026-09-28 18:03:38.7630000,-21.900000,45.850000
64254,"Miary",1880,143,"38K","38K2H2S4Q",2,2026-09-28 18:03:45.2430000,0,741,0,2026-09-28 18:03:45.2430000,-21.900000,45.883330
63695,"Anezandava",1880,143,"38K","38K2H2S4Q",2,2026-09-28 18:03:50.6470000,0,741,0,2026-09-28 18:03:50.6470000,-21.966670,45.933330
2672391,"Troitse-Lykovo",2670,192,"37U","37U1H1S2Q",2,2021-12-08 17:35:28.4330000,0,1337360,0,2026-09-28 18:04:00.7370000,55.783670,37.405400
63438,"Manejandava",1880,143,"38K","38K2H5S2Q",2,2026-09-28 18:04:30.7270000,0,741,0,2026-09-28 18:04:30.7270000,-22.000000,45.950000
793687,"Ban Huai Sai Tai",3167,218,"47P","47P1H5S4Q",1,2016-07-27 16:37:58.4500000,409341,194349,0,2026-09-28 18:05:19.6600000,12.683330,99.950000
1365568,"Ardeshirabad",1342,108,"39R","39R1H5S2Q",2,2026-09-28 18:05:37.2800000,0,843,0,2026-09-28 18:05:37.2800000,29.395700,51.132200
89899,"Soarano",1882,143,"38K","38K1H6S1Q",2,2026-09-28 18:05:38.2100000,0,741,0,2026-09-28 18:05:38.2100000,-18.616670,46.233330
1365007,"Al-e Yusefi-ye Sofla",1342,108,"39R","39R1H5S2Q",2,2026-09-28 18:05:40.4730000,0,843,0,2026-09-28 18:05:40.4730000,29.381500,51.153800
89777,"Antsakoa",1882,143,"38K","38K1H6S1Q",2,2026-09-28 18:05:43.6630000,0,741,0,2026-09-28 18:05:43.6630000,-18.633330,46.216670
1365571,"Al-e Yusefi-ye `Olya",1342,108,"39R","39R1H5S2Q",2,2026-09-28 18:05:44.0370000,0,843,0,2026-09-28 18:05:44.0370000,29.395800,51.162700
1365994,"Halpah'i",1342,108,"39R","39R1H5S2Q",2,2026-09-28 18:05:47.7300000,0,843,0,2026-09-28 18:05:47.7300000,29.405900,51.165800
89650,"Tsaramasoandro",1882,143,"38K","38K1H6S1Q",2,2026-09-28 18:05:50.2770000,0,741,0,2026-09-28 18:05:50.2770000,-18.650000,46.166670
1365917,"Bashirabad",1342,108,"39R","39R1H5S2Q",2,2026-09-28 18:05:51.4200000,0,843,0,2026-09-28 18:05:51.4200000,29.403900,51.189900
89651,"Ambohibary",1882,143,"38K","38K1H6S1Q",2,2026-09-28 18:05:55.3230000,0,741,0,2026-09-28 18:05:55.3230000,-18.650000,46.183330
89988,"Analafasika",1882,143,"38K","38K1H6S1Q",2,2026-09-28 18:06:01.3800000,0,741,0,2026-09-28 18:06:01.3800000,-18.600000,46.233330
90123,"Mahatsinjo Ouest",1882,143,"38K","38K1H6S1Q",2,2026-09-28 18:06:07.6300000,0,741,0,2026-09-28 18:06:07.6300000,-18.583330,46.233330
1966138,"Weldon",3554,233,"16T","16T2H4S4Q",3,2026-09-28 18:06:13.8070000,0,0,2002,2026-09-28 18:06:13.8070000,40.121150,-88.745350
90238,"Tsiahirika",1882,143,"38K","38K1H6S1Q",2,2026-09-28 18:06:15.2300000,0,741,0,2026-09-28 18:06:15.2300000,-18.566670,46.250000
1969410,"De Witt",3554,233,"16T","16T2H4S4Q",3,2026-09-28 18:06:22.3600000,0,0,1104,2026-09-28 18:06:22.3600000,40.181150,-88.786180
89990,"Ambaravaranala",1882,143,"38K","38K1H6S1Q",2,2026-09-28 18:06:22.7070000,0,741,0,2026-09-28 18:06:22.7070000,-18.600000,46.266670
1971047,"Fullerton",3554,233,"16T","16T2H4S4Q",3,2026-09-28 18:06:26.1770000,0,0,712,2026-09-28 18:06:26.1770000,40.210310,-88.744520
1971745,"Parnell",3554,233,"16T","16T2H4S4Q",3,2026-09-28 18:06:30.1170000,0,0,1077,2026-09-28 18:06:30.1170000,40.223090,-88.720630
1966197,"De Land",3554,233,"16T","16T2H4S4Q",3,2026-09-28 18:06:33.4130000,0,0,1069,2026-09-28 18:06:33.4130000,40.122260,-88.645350
1966036,"Combs",3554,233,"16T","16T2H4S4Q",3,2026-09-28 18:06:36.4200000,0,0,1070,2026-09-28 18:06:36.4200000,40.119480,-88.610340
110171,"Antanatanamba",1879,143,"38K","38K1H3S1Q",2,2026-09-28 18:07:01.9900000,0,741,0,2026-09-28 18:07:01.9900000,-16.533330,46.850000
110170,"Mahabibo",1879,143,"38K","38K1H3S1Q",2,2026-09-28 18:07:08.1300000,0,741,0,2026-09-28 18:07:08.1300000,-16.533330,46.833330
110169,"Madirovalokely",1879,143,"38K","38K1H3S1Q",2,2026-09-28 18:07:14.1230000,0,741,0,2026-09-28 18:07:14.1230000,-16.533330,46.816670
109952,"Maromandalo",1879,143,"38K","38K1H3S1Q",2,2026-09-28 18:07:20.1170000,0,741,0,2026-09-28 18:07:20.1170000,-16.550000,46.750000
110168,"Madirovalokely",1879,143,"38K","38K1H3S1Q",2,2026-09-28 18:07:26.5430000,0,741,0,2026-09-28 18:07:26.5430000,-16.533330,46.783330
45030,"Benjabihy",1877,143,"38J","38J1H2S2Q",2,2026-09-28 18:07:31.1730000,0,1200,0,2026-09-28 18:07:31.1730000,-24.416670,45.283330
109519,"Fonoalakely",1879,143,"38K","38K1H3S1Q",2,2026-09-28 18:07:32.6300000,0,741,0,2026-09-28 18:07:32.6300000,-16.583330,46.750000
45268,"Ampandra",1877,143,"38J","38J1H2S2Q",2,2026-09-28 18:07:34.4300000,0,1200,0,2026-09-28 18:07:34.4300000,-24.383330,45.283330
2516243,"Vyshneye Bol'shoye",2674,192,"37U","37U2H1S2Q",1,2026-09-28 18:07:35.7470000,1200,0,0,2026-09-28 18:07:35.7470000,51.968230,37.861260
45385,"Ankilimilopaka",1877,143,"38J","38J1H2S2Q",2,2026-09-28 18:07:37.3730000,0,1200,0,2026-09-28 18:07:37.3730000,-24.366670,45.266670
2516257,"Medyanikovo",2657,192,"38U","38U2H3S1Q",1,2026-09-28 18:07:42.9930000,1200,0,0,2026-09-28 18:07:42.9970000,51.968330,46.686940
108876,"Ambohijia",1879,143,"38K","38K1H2S1Q",2,2026-09-28 18:08:06.7030000,0,741,0,2026-09-28 18:08:06.7030000,-16.633330,44.533330
108683,"Antsohatoka",1879,143,"38K","38K1H2S1Q",2,2026-09-28 18:08:15.2770000,0,741,0,2026-09-28 18:08:15.2770000,-16.650000,44.533330
100178,"Ampotaka",1879,143,"38K","38K1H3S3Q",2,2026-09-28 18:08:36.2070000,0,741,0,2026-09-28 18:08:36.2070000,-17.433330,46.850000
2516258,"Oktyabr'skiy",2665,192,"40U","40U2H3S2Q",1,2026-09-28 18:08:37.2270000,1200,0,0,2026-09-28 18:08:37.2270000,51.968330,59.648060
2516260,"Platovets",2677,192,"37U","37U2H1S2Q",1,2026-09-28 18:08:41.2270000,1200,0,0,2026-09-28 18:08:41.2270000,51.968510,37.774400
2516265,"Put' k Sotsializmu",2674,192,"37U","37U2H2S1Q",1,2026-09-28 18:08:44.5170000,1200,0,0,2026-09-28 18:08:44.5170000,51.968610,38.091940
2516272,"Studeno-Ivanovka",2657,192,"38U","38U2H1S1Q",1,2026-09-28 18:08:47.4000000,1200,0,0,2026-09-28 18:08:47.4000000,51.968890,42.897220
99965,"Marovoalava",1879,143,"38K","38K1H3S3Q",2,2026-09-28 18:08:49.1970000,0,741,0,2026-09-28 18:08:49.1970000,-17.450000,46.883330
2516274,"Belonosovka",2674,192,"37U","37U2H3S1Q",1,2026-09-28 18:08:50.4370000,1200,0,0,2026-09-28 18:08:50.4400000,51.968900,40.284300
2516292,"Berezovka",2646,192,"37U","37U2H2S1Q",1,2026-09-28 18:08:53.9400000,1200,0,0,2026-09-28 18:08:53.9400000,51.969630,38.340970
99027,"Ambodifiakarana",1879,143,"38K","38K1H3S3Q",2,2026-09-28 18:08:55.9500000,0,741,0,2026-09-28 18:08:55.9500000,-17.533330,46.900000
2516300,"Mukhamed'yanovo",2696,192,"40U","40U2H2S1Q",1,2026-09-28 18:08:56.7370000,1200,0,0,2026-09-28 18:08:56.7370000,51.970000,56.945000
99026,"Ankaboka",1879,143,"38K","38K1H3S3Q",2,2026-09-28 18:09:01.1070000,0,741,0,2026-09-28 18:09:01.1070000,-17.533330,46.850000
98838,"Antanandava",1879,143,"38K","38K1H3S3Q",2,2026-09-28 18:09:09.1870000,0,741,0,2026-09-28 18:09:09.1870000,-17.550000,46.900000
2006202,"San Giacomo dei Capri",1380,110,"33T","33T2H5S3Q",3,2016-12-26 05:45:11.0830000,0,0,914938,2026-09-28 18:10:28.3900000,40.850000,14.216670
108889,"Kapingo",1879,143,"38K","38K1H3S1Q",2,2026-09-28 18:10:52.2330000,0,741,0,2026-09-28 18:10:52.2330000,-16.633330,46.733330
46485,"Bevoa",1877,143,"38J","38J1H2S2Q",2,2026-09-28 18:11:29.6730000,0,1200,0,2026-09-28 18:11:29.6730000,-24.183330,45.333330
46392,"Ankorabe",1877,143,"38J","38J1H2S2Q",2,2026-09-28 18:11:34.7170000,0,1200,0,2026-09-28 18:11:34.7170000,-24.200000,45.333330
108694,"Antantelinandriamamy",1879,143,"38K","38K1H3S1Q",2,2026-09-28 18:11:43.4230000,0,741,0,2026-09-28 18:11:43.4230000,-16.650000,46.750000
108502,"Marosakoa",1879,143,"38K","38K1H3S1Q",2,2026-09-28 18:11:50.3170000,0,741,0,2026-09-28 18:11:50.3170000,-16.666670,46.766670
108316,"Antanambao",1879,143,"38K","38K1H3S1Q",2,2026-09-28 18:11:59.2500000,0,741,0,2026-09-28 18:11:59.2500000,-16.683330,46.783330
2533211,"Wildau",713,57,"33U","33U1H4S4Q",2,2026-09-19 08:45:11.9500000,0,142082,0,2026-09-28 18:12:23.6000000,52.316670,13.633330
2294601,"Turgi",528,43,"32T","32T1H2S1Q",3,2024-06-25 08:28:40.9230000,0,0,2000330,2026-09-28 18:12:28.6270000,47.492010,8.254120
2297937,"Loch",716,57,"32T","32T1H2S1Q",3,2025-05-12 20:51:18.6300000,0,0,2050,2026-09-28 18:12:30.2570000,47.566670,8.066670
2298443,"Luttingen",716,57,"32T","32T1H2S1Q",3,2025-04-20 17:21:03.9400000,0,0,2039,2026-09-28 18:12:39.0370000,47.572560,8.098470
2298548,"Grunholz",716,57,"32T","32T1H2S1Q",3,2025-04-20 17:20:57.9070000,0,0,2040,2026-09-28 18:12:44.2570000,47.577390,8.087140
66394,"Betokolava",1880,143,"38K","38K2H3S3Q",2,2026-09-28 18:12:52.5900000,0,741,0,2026-09-28 18:12:52.5900000,-21.633330,46.100000
2557111,"Stowe",979,77,"30U","30U1H6S3Q",2,2020-07-22 16:35:22.4500000,0,91550,0,2026-09-28 18:12:53.4070000,52.833330,-2.000000
66541,"Tanandava",1880,143,"38K","38K2H3S3Q",2,2026-09-28 18:12:57.4600000,0,741,0,2026-09-28 18:12:57.4600000,-21.616670,46.150000
2531607,"Konigs Wusterhausen",713,57,"33U","33U1H4S4Q",2,2025-05-17 08:57:24.9670000,0,1011668,0,2026-09-28 18:13:00.1600000,52.283330,13.616670
67815,"Tsiahoka",1880,143,"38K","38K2H3S3Q",2,2026-09-28 18:13:02.4230000,0,741,0,2026-09-28 18:13:02.4230000,-21.466670,46.066670
67379,"Andranoboaka",1880,143,"38K","38K2H3S3Q",2,2026-09-28 18:13:05.8430000,0,741,0,2026-09-28 18:13:05.8430000,-21.516670,46.033330
67523,"Onisoa",1880,143,"38K","38K2H3S3Q",2,2026-09-28 18:13:15.8930000,0,741,0,2026-09-28 18:13:15.8930000,-21.500000,46.016670
1772317,"Puerto de la Torre",897,68,"30S","30S1H4S4Q",1,2026-03-08 15:53:13.7570000,684,0,0,2026-09-28 18:13:16.9930000,36.720760,-4.502510
1772621,"Campanillas",897,68,"30S","30S1H4S4Q",3,2026-02-23 18:22:14.1070000,0,0,2822,2026-09-28 18:13:18.4170000,36.726430,-4.533750
67960,"Ambalanibory",1880,143,"38K","38K2H2S4Q",2,2026-09-28 18:13:18.8330000,0,741,0,2026-09-28 18:13:18.8330000,-21.450000,45.983330
1782630,"Casabermeja",897,68,"30S","30S1H4S4Q",1,2010-01-01 00:00:00.0000000,53,0,0,2026-09-28 18:13:19.7530000,36.883330,-4.433330
1785502,"La Joya",897,68,"30S","30S1H4S4Q",3,2010-01-01 00:00:00.0000000,0,0,22,2026-09-28 18:13:20.8000000,36.932470,-4.623180
68420,"Andranoboaka",1880,143,"38K","38K2H3S3Q",2,2026-09-28 18:13:21.2270000,0,741,0,2026-09-28 18:13:21.2270000,-21.400000,46.033330
1785555,"Villanueva de la Concepcion",897,68,"30S","30S1H4S4Q",1,2010-01-01 00:00:00.0000000,1041,0,94,2026-09-28 18:13:21.8430000,36.933330,-4.516670
1787434,"Villanueva de Cauche",897,68,"30S","30S1H4S4Q",0,2010-01-01 00:00:00.0000000,0,0,0,2026-09-28 18:13:22.8670000,36.966670,-4.450000
2546098,"Allexton",979,77,"30U","30U1H6S4Q",0,2010-01-01 00:00:00.0000000,0,0,0,2026-09-28 18:13:26.2670000,52.596480,-0.791020
2546242,"Loddington",979,77,"30U","30U1H6S4Q",0,2010-01-01 00:00:00.0000000,0,0,0,2026-09-28 18:13:27.3100000,52.600000,-0.833330
2546547,"Belton",979,77,"30U","30U1H6S4Q",0,2010-01-01 00:00:00.0000000,0,0,0,2026-09-28 18:13:28.3430000,52.601900,-0.794960
2547704,"Withcote",979,77,"30U","30U1H6S4Q",0,2010-01-01 00:00:00.0000000,0,0,0,2026-09-28 18:13:29.3800000,52.633330,-0.816670
2551632,"Ratcliffe on the Wreake",979,77,"30U","30U1H6S3Q",0,2010-01-01 00:00:00.0000000,0,0,0,2026-09-28 18:13:30.4230000,52.716670,-1.066670
2553492,"Seagrave",979,77,"30U","30U1H6S3Q",0,2010-01-01 00:00:00.0000000,0,0,0,2026-09-28 18:13:31.5430000,52.750840,-1.085070
2555536,"Willoughby on the Wolds",979,77,"30U","30U1H6S3Q",0,2010-01-01 00:00:00.0000000,0,0,0,2026-09-28 18:13:32.7400000,52.800000,-1.050000
9731,"Fullarton",138,13,"54H","54H1H4S1Q",2,2023-10-02 06:23:11.3000000,0,2000348,0,2026-09-28 18:19:13.0930000,-34.951000,138.629000
1365801,"Sarbast",1342,108,"39R","39R1H5S2Q",2,2026-09-28 18:20:40.8800000,0,843,0,2026-09-28 18:20:40.8800000,29.400300,51.219900
1365243,"Boneh-ye Mahmud",1342,108,"39R","39R1H5S2Q",2,2026-09-28 18:20:44.0500000,0,843,0,2026-09-28 18:20:44.0500000,29.386110,51.178890
1364808,"Nazar Aqa",1342,108,"39R","39R1H5S2Q",2,2026-09-28 18:20:47.4800000,0,843,0,2026-09-28 18:20:47.4800000,29.376500,51.181700
1361900,"Lardeh",1342,108,"39R","39R1H5S2Q",2,2026-09-28 18:20:51.3600000,0,843,0,2026-09-28 18:20:51.3600000,29.300000,51.316670
1364399,"Geshni",1342,108,"39R","39R1H5S2Q",2,2026-09-28 18:21:06.9570000,0,843,0,2026-09-28 18:21:06.9570000,29.366390,51.402500
1380458,"Johnsue",3549,233,"15R","15R1H4S1Q",1,2013-11-09 16:07:54.4600000,4571978,0,0,2026-09-28 18:23:17.8530000,29.786060,-95.876620
46195,"Salikadaro",1877,143,"38J","38J1H2S2Q",2,2026-09-28 18:23:48.0430000,0,1200,0,2026-09-28 18:23:48.0430000,-24.233330,45.333330
46293,"Bekily",1877,143,"38J","38J1H2S2Q",2,2026-09-28 18:23:52.1770000,0,1200,0,2026-09-28 18:23:52.1770000,-24.216670,45.316670
46390,"Ankasy",1877,143,"38J","38J1H2S2Q",2,2026-09-28 18:23:55.0100000,0,1200,0,2026-09-28 18:23:55.0100000,-24.200000,45.316670
44776,"Andombiry",1877,143,"38J","38J1H2S2Q",2,2026-09-28 18:24:04.1130000,0,1200,0,2026-09-28 18:24:04.1130000,-24.450000,45.166670
449205,"Karambi",2730,193,"35M","35M1H3S4Q",3,2026-09-28 18:26:10.1970000,0,0,1200,2026-09-28 18:26:10.1970000,-1.560000,29.562600
449236,"Karuliza",2730,193,"35M","35M1H3S4Q",3,2026-09-28 18:26:13.4870000,0,0,1200,2026-09-28 18:26:13.4870000,-1.557200,29.558500
449172,"Ntarama",2730,193,"35M","35M1H3S4Q",3,2026-09-28 18:26:16.8300000,0,0,1200,2026-09-28 18:26:16.8300000,-1.563200,29.557600
448980,"Rutoyi",2730,193,"35M","35M1H3S4Q",3,2026-09-28 18:26:20.7130000,0,0,1200,2026-09-28 18:26:20.7130000,-1.571400,29.577800
449315,"Bulinga",2730,193,"35M","35M1H3S4Q",3,2026-09-28 18:26:24.6600000,0,0,1200,2026-09-28 18:26:24.6600000,-1.550600,29.579100
449594,"Kanyana",2730,193,"35M","35M1H3S4Q",3,2026-09-28 18:26:30.8200000,0,0,1200,2026-09-28 18:26:30.8200000,-1.534200,29.586900
449184,"Munanira",2730,193,"35M","35M1H3S4Q",3,2026-09-28 18:26:37.5000000,0,0,1200,2026-09-28 18:26:37.5000000,-1.562000,29.586400
449542,"Mubuga",2730,193,"35M","35M1H3S4Q",3,2026-09-28 18:26:43.9200000,0,0,1200,2026-09-28 18:26:43.9200000,-1.540200,29.593600
1531898,"McCoy",3549,233,"14S","14S2H6S4Q",1,2018-02-08 21:49:11.7170000,800211,0,0,2026-09-28 18:27:35.8730000,32.823740,-96.107470
2667909,"Kur'yanovo",2671,192,"37U","37U1H1S2Q",2,2021-12-27 18:20:58.2100000,0,1629596,0,2026-09-28 18:27:54.2330000,55.650000,37.700000
2807445,"Pyynikki",3834,70,"34V","34V1H6S2Q",3,2016-04-01 13:41:56.2800000,0,0,26277265,2026-09-28 18:28:14.0570000,61.492230,23.723860
2665427,"Bachurino",2671,192,"37U","37U1H1S2Q",2,2022-10-24 05:37:13.1870000,0,2367364,0,2026-09-28 18:28:27.4900000,55.581670,37.521940
2665226,"Kommunarka",2671,192,"37U","37U1H1S2Q",2,2022-07-22 06:51:00.5300000,0,1205213,0,2026-09-28 18:29:29.3370000,55.569520,37.489320
45028,"Asosa",1877,143,"38J","38J1H2S2Q",2,2026-09-28 18:29:32.9570000,0,1200,0,2026-09-28 18:29:32.9570000,-24.416670,45.166670
1550592,"Farmersville",3549,233,"14S","14S2H6S2Q",1,2026-07-01 07:19:23.9570000,213750,0,0,2026-09-28 18:30:42.7230000,33.163450,-96.359980
1524614,"Talty",3549,233,"14S","14S2H6S4Q",1,2026-08-15 02:05:23.3900000,152700,0,0,2026-09-28 18:30:51.9370000,32.683190,-96.385540
1530337,"Colquitt",3549,233,"14S","14S2H6S4Q",1,2025-05-04 17:18:46.1300000,87792,0,0,2026-09-28 18:30:57.1600000,32.795400,-96.357480
9764,"Adelaide",138,13,"54H","54H1H4S1Q",2,2013-09-23 01:25:34.3330000,0,107562216,0,2026-09-28 18:31:12.3530000,-34.933330,138.600000
2543948,"Countesthorpe",979,77,"30U","30U1H6S3Q",0,2026-09-28 18:35:25.3600000,0,0,0,2026-09-28 18:35:25.3600000,52.550000,-1.133330
1362269,"Jamghari",1342,108,"39R","39R1H5S2Q",2,2026-09-28 18:35:50.1030000,0,843,0,2026-09-28 18:35:50.1030000,29.309170,51.406110
1365009,"Jamileh",1342,108,"39R","39R1H5S2Q",2,2026-09-28 18:35:52.4600000,0,842,0,2026-09-28 18:35:52.4600000,29.381540,51.519020
1361025,"Shekarak",1342,108,"39R","39R1H5S2Q",2,2026-09-28 18:35:55.0870000,0,843,0,2026-09-28 18:35:55.0870000,29.276740,51.581110
1361686,"Akhvoreh",1342,108,"39R","39R1H5S2Q",2,2026-09-28 18:35:57.4100000,0,843,0,2026-09-28 18:35:57.4100000,29.294170,51.471670
1398672,"Mostyn",3549,233,"15R","15R1H1S3Q",1,2017-12-08 21:07:49.2700000,553992,0,0,2026-09-28 18:36:02.6830000,30.228270,-95.690220
2544680,"Great Glen",979,77,"30U","30U1H6S3Q",0,2010-01-01 00:00:00.0000000,0,0,0,2026-09-28 18:36:22.6200000,52.566670,-1.033330
2546238,"Great Stretton",979,77,"30U","30U1H6S3Q",0,2010-01-01 00:00:00.0000000,0,0,0,2026-09-28 18:36:23.6470000,52.600000,-1.016670
2546979,"Thurnby",979,77,"30U","30U1H6S3Q",0,2010-01-01 00:00:00.0000000,0,0,0,2026-09-28 18:36:24.6800000,52.616670,-1.033330
2546980,"Houghton on the Hill",979,77,"30U","30U1H6S4Q",0,2010-01-01 00:00:00.0000000,0,0,0,2026-09-28 18:36:25.7170000,52.616670,-0.983330
2548479,"Belgrave",979,77,"30U","30U1H6S3Q",0,2010-01-01 00:00:00.0000000,0,0,0,2026-09-28 18:36:26.7570000,52.650000,-1.116670
2548480,"Hungerton",979,77,"30U","30U1H6S4Q",0,2010-01-01 00:00:00.0000000,0,0,0,2026-09-28 18:36:27.8000000,52.650000,-0.966670
2552984,"Quorndon",979,77,"30U","30U1H6S3Q",0,2010-01-01 00:00:00.0000000,0,0,0,2026-09-28 18:36:28.8370000,52.744610,-1.173480
1958565,"East Columbus",3563,233,"17S","17S1H1S2Q",1,2026-09-25 19:56:34.5300000,284153,0,202211,2026-09-28 18:38:44.2530000,39.985060,-82.927680
68557,"Morafeno",1880,143,"38K","38K2H3S3Q",2,2026-09-28 18:38:50.1200000,0,1482,0,2026-09-28 18:38:50.1200000,-21.383330,46.050000
69334,"Volovandana",1880,143,"38K","38K2H3S3Q",2,2026-09-28 18:39:00.7800000,0,741,0,2026-09-28 18:39:00.7800000,-21.300000,46.300000
69670,"Andrakavitra",1880,143,"38K","38K2H3S3Q",2,2026-09-28 18:39:06.1970000,0,741,0,2026-09-28 18:39:06.1970000,-21.266670,46.300000
69669,"Mahasoa-Beronono",1880,143,"38K","38K2H3S3Q",2,2026-09-28 18:39:10.8100000,0,741,0,2026-09-28 18:39:10.8100000,-21.266670,46.283330
69827,"Andranomavo",1880,143,"38K","38K2H3S3Q",2,2026-09-28 18:39:15.2630000,0,741,0,2026-09-28 18:39:15.2630000,-21.250000,46.266670
69668,"Mahatsinjo",1880,143,"38K","38K2H3S3Q",2,2026-09-28 18:39:19.0330000,0,741,0,2026-09-28 18:39:19.0330000,-21.266670,46.233330
69826,"Saonjovy",1880,143,"38K","38K2H3S3Q",2,2026-09-28 18:39:21.8030000,0,741,0,2026-09-28 18:39:21.8030000,-21.250000,46.216670
69667,"Ambatomainty",1880,143,"38K","38K2H3S3Q",2,2026-09-28 18:39:25.5200000,0,741,0,2026-09-28 18:39:25.5200000,-21.266670,46.183330
2516309,"Chernovaya",2715,192,"45U","45U2H1S1Q",1,2026-09-28 18:40:59.9930000,1200,0,0,2026-09-28 18:40:59.9930000,51.970300,84.753600
2516333,"Uspenskoye",2664,192,"37U","37U2H1S2Q",1,2026-09-28 18:41:03.4670000,1200,0,0,2026-09-28 18:41:03.4670000,51.971290,37.425700
2516349,"Karasi",2657,192,"38U","38U2H3S2Q",1,2026-09-28 18:41:07.6100000,1200,0,0,2026-09-28 18:41:07.6100000,51.971700,47.446000
2516362,"Solov'ikha",2715,192,"45U","45U2H1S1Q",1,2026-09-28 18:41:13.5300000,1200,0,0,2026-09-28 18:41:13.5300000,51.972400,84.145700
449424,"Busanze",2730,193,"35M","35M1H3S4Q",3,2026-09-28 18:41:13.9730000,0,0,1200,2026-09-28 18:41:13.9730000,-1.549600,29.577600
2516389,"Plekhany",2657,192,"38U","38U2H3S2Q",1,2026-09-28 18:41:16.2830000,1200,0,0,2026-09-28 18:41:16.2830000,51.973300,47.356800
449501,"Kabere II",2730,193,"35M","35M1H3S4Q",3,2026-09-28 18:41:17.9600000,0,0,1200,2026-09-28 18:41:17.9600000,-1.543100,29.588400
2516397,"Naberezhnoye",2674,192,"37U","37U2H2S1Q",1,2026-09-28 18:41:19.0030000,1200,0,0,2026-09-28 18:41:19.0030000,51.973480,38.117930
449497,"Gaturo",2730,193,"35M","35M1H3S4Q",3,2026-09-28 18:41:21.2200000,0,0,1200,2026-09-28 18:41:21.2200000,-1.543600,29.595100
2516401,"Pervoye Maya",2674,192,"37U","37U2H3S1Q",1,2026-09-28 18:41:21.8330000,1200,0,0,2026-09-28 18:41:21.8330000,51.973610,40.408610
2516402,"Bogdanovka",2657,192,"38U","38U2H2S2Q",1,2026-09-28 18:41:24.0300000,1200,0,0,2026-09-28 18:41:24.0300000,51.973610,45.071110
449463,"Busura",2730,193,"35M","35M1H3S4Q",3,2026-09-28 18:41:26.9000000,0,0,1200,2026-09-28 18:41:26.9000000,-1.545900,29.600800
449305,"Kigaga I",2730,193,"35M","35M1H3S4Q",3,2026-09-28 18:42:10.5870000,0,0,1200,2026-09-28 18:42:10.5900000,-1.551600,29.615700
449282,"Karambi",2730,193,"35M","35M1H3S4Q",3,2026-09-28 18:42:16.3070000,0,0,1200,2026-09-28 18:42:16.3070000,-1.553000,29.627500
1728714,"Clemmons West",3545,233,"17S","17S1H5S4Q",3,2010-01-01 00:00:00.0000000,0,3600,224872,2026-09-28 18:42:30.1600000,36.008750,-80.385330
2021709,"Raza de Cima",2549,185,"29T","29T2H5S2Q",1,2026-09-28 18:42:54.6870000,200,127,0,2026-09-28 18:42:54.6870000,41.116670,-8.616670
2021712,"Gravelos",2549,185,"29T","29T2H5S2Q",2,2026-07-23 11:28:18.9500000,380,3850,0,2026-09-28 18:44:16.4370000,41.116670,-8.600000
1128842,"La Campana",650,51,"17Q","17Q1H2S1Q",2,2020-02-24 15:44:48.2270000,149,815,0,2026-09-28 18:46:50.1470000,23.111940,-81.717780
1980141,"Ribas de Jarama",904,68,"30T","30T2H5S3Q",1,2013-03-14 18:31:17.7800000,1242580,0,0,2026-09-28 18:48:08.2570000,40.383330,-3.516670
2558708,"Sandon",979,77,"30U","30U1H5S4Q",2,2020-07-22 09:08:07.6170000,0,100296,0,2026-09-28 18:48:28.4970000,52.866670,-2.083330
449457,"Bukoro",2730,193,"35M","35M1H3S4Q",3,2026-09-28 18:49:12.9430000,0,0,1200,2026-09-28 18:49:12.9430000,-1.546500,29.666400
449031,"Mugogo",2730,193,"35M","35M1H3S4Q",3,2026-09-28 18:49:16.5900000,0,0,1200,2026-09-28 18:49:16.5900000,-1.566800,29.661600
1130030,"Puerto Escondido",650,51,"17Q","17Q1H2S1Q",1,2026-09-28 18:49:31.0930000,501,0,0,2026-09-28 18:49:31.0930000,23.139170,-81.724170
2254695,"Solda di Fuori",1369,110,"32T","32T1H3S3Q",2,2025-02-13 13:55:33.9270000,0,543,0,2026-09-28 18:49:51.5470000,46.550000,10.550000
2332528,"Ringsheim",716,57,"32U","32U2H4S4Q",3,2022-05-01 22:24:58.7930000,0,0,18175870,2026-09-28 18:49:54.5400000,48.250000,7.783330
2217661,"Montreal",459,38,"18T","18T1H6S1Q",1,2016-11-12 03:39:02.8630000,143166607,0,0,2026-09-28 18:50:52.5000000,45.508840,-73.587810
1361080,"Tang-e Darkash",1342,108,"39R","39R1H5S2Q",2,2026-09-28 18:50:54.2800000,0,843,0,2026-09-28 18:50:54.2800000,29.278330,51.453610
1360135,"Fariab",1342,108,"39R","39R1H5S2Q",2,2026-09-28 18:50:57.2630000,0,843,0,2026-09-28 18:50:57.2630000,29.254000,51.476800
1359760,"Fariab",1342,108,"39R","39R1H5S2Q",2,2026-09-28 18:50:58.6700000,0,843,0,2026-09-28 18:50:58.6700000,29.246900,51.484800
1359358,"Tang-e Fariab",1342,108,"39R","39R1H5S2Q",2,2026-09-28 18:51:01.2300000,0,844,0,2026-09-28 18:51:01.2300000,29.234300,51.455500
1360106,"Ab Garmu",1342,108,"39R","39R1H5S2Q",2,2026-09-28 18:51:05.9500000,0,843,0,2026-09-28 18:51:05.9500000,29.253280,51.521890
1261290,"Delray Beach",3538,233,"17R","17R2H2S4Q",2,2026-01-20 23:58:20.6000000,0,211052,21199,2026-09-28 18:51:30.4330000,26.461460,-80.072820
2165651,"Haring",3557,233,"16T","16T1H6S3Q",3,2026-09-27 13:49:50.1330000,300,0,4025,2026-09-28 18:51:53.3530000,44.298620,-85.413110
2166102,"Missaukee Junction",3557,233,"16T","16T1H6S3Q",3,2026-04-20 08:53:44.5570000,14100,0,14808,2026-09-28 18:52:05.5300000,44.308900,-85.414500
2197435,"Falcon Heights",3558,233,"15T","15T1H5S3Q",2,2018-06-09 17:14:40.3670000,0,3610866,7970,2026-09-28 18:54:00.7600000,44.991630,-93.166330
2673984,"Ivan'kovo",2670,192,"37U","37U1H1S2Q",2,2022-07-31 05:41:16.5270000,0,1444671,0,2026-09-28 18:54:59.7030000,55.833330,37.466670
2665337,"Prokshino",2671,192,"37U","37U1H1S2Q",2,2022-09-11 23:49:37.7200000,0,578694,0,2026-09-28 18:55:33.9900000,55.576760,37.433880
2290985,"Niederrohrdorf",528,43,"32T","32T1H2S1Q",3,2023-01-25 08:48:20.8430000,0,0,9971235,2026-09-28 18:55:40.8100000,47.416670,8.300000
69333,"Ankizeta",1880,143,"38K","38K2H3S3Q",2,2026-09-28 18:55:46.2330000,0,741,0,2026-09-28 18:55:46.2330000,-21.300000,46.133330
69825,"Androy",1880,143,"38K","38K2H3S3Q",2,2026-09-28 18:55:51.0500000,0,741,0,2026-09-28 18:55:51.0500000,-21.250000,46.183330
69666,"Tanambao",1880,143,"38K","38K2H3S3Q",2,2026-09-28 18:55:54.1800000,0,741,0,2026-09-28 18:55:54.1800000,-21.266670,46.166670
2231041,"L'Hopital",945,75,"31T","31T1H6S2Q",3,2018-09-25 17:30:06.9800000,0,0,26482,2026-09-28 18:55:58.7400000,45.883330,5.266670
69665,"Betsinjaka",1880,143,"38K","38K2H3S3Q",2,2026-09-28 18:56:05.1200000,0,741,0,2026-09-28 18:56:05.1200000,-21.266670,46.133330
69664,"Sahamanjary",1880,143,"38K","38K2H3S3Q",2,2026-09-28 18:56:08.5300000,300,745,0,2026-09-28 18:56:08.5300000,-21.266670,46.083330
2290533,"Dietikon",503,43,"32T","32T1H2S1Q",3,2024-09-16 08:29:23.0900000,0,0,5562630,2026-09-28 18:56:10.3900000,47.401650,8.400150
69985,"Andramy",1880,143,"38K","38K2H3S3Q",2,2026-09-28 18:56:12.9200000,0,741,0,2026-09-28 18:56:12.9200000,-21.233330,46.083330
2663719,"Gubkino",2671,192,"37U","37U1H1S2Q",2,2023-07-30 20:03:37.6870000,0,155790,0,2026-09-28 18:56:14.9600000,55.530830,37.467220
69332,"Marovotry",1880,143,"38K","38K2H3S3Q",2,2026-09-28 18:56:16.7770000,300,743,0,2026-09-28 18:56:16.7770000,-21.300000,46.050000
69516,"Fenoarivo",1880,143,"38K","38K2H3S3Q",2,2026-09-28 18:56:21.7970000,300,743,0,2026-09-28 18:56:21.7970000,-21.283330,46.016670
2637403,"Nizhnegorodka",2696,192,"40U","40U1H1S4Q",3,2022-04-01 08:46:46.7370000,0,0,3940456,2026-09-28 18:58:42.5500000,54.732700,55.901400
2532415,"Zernsdorf",713,57,"33U","33U1H4S4Q",3,2026-09-28 19:00:17.9130000,0,0,1032,2026-09-28 19:00:17.9130000,52.300000,13.700000
2533214,"Kablow Ziegelei",713,57,"33U","33U1H4S4Q",3,2026-09-28 19:00:25.2200000,0,0,1082,2026-09-28 19:00:25.2200000,52.316670,13.716670
2542415,"Church Langton",979,77,"30U","30U1H6S4Q",0,2010-01-01 00:00:00.0000000,0,0,0,2026-09-28 19:00:28.9400000,52.516670,-0.933330
2542416,"East Langton",979,77,"30U","30U1H6S4Q",0,2010-01-01 00:00:00.0000000,0,0,0,2026-09-28 19:00:29.9630000,52.516670,-0.916670
2543194,"Tur Langton",979,77,"30U","30U1H6S4Q",0,2010-01-01 00:00:00.0000000,0,0,0,2026-09-28 19:00:32.0330000,52.533330,-0.933330
2663750,"Shchibrovo",2670,192,"37U","37U1H1S2Q",2,2023-03-20 15:13:05.9670000,0,771991,0,2026-09-28 19:02:01.2300000,55.532650,37.528770
45384,"Anarabehavatsy",1877,143,"38J","38J1H2S2Q",2,2026-09-28 19:02:01.8600000,0,1200,0,2026-09-28 19:02:01.8600000,-24.366670,45.216670
45808,"Mikaikarivo Andrefana",1877,143,"38J","38J1H2S2Q",2,2026-09-28 19:02:05.2270000,0,1200,0,2026-09-28 19:02:05.2300000,-24.300000,45.250000
2288883,"Zuerich (Kreis 4) / Werd",503,43,"32T","32T1H2S1Q",3,2024-06-19 08:47:10.8200000,0,0,3808921,2026-09-28 19:02:08.9400000,47.371780,8.525840
2447771,"Marcq-en-Baroeul",950,75,"31U","31U2H2S4Q",2,2013-11-04 07:17:28.7570000,0,10750261,1200,2026-09-28 19:02:08.9700000,50.666670,3.083330
45809,"Belio Haut",1877,143,"38J","38J1H2S2Q",2,2026-09-28 19:02:08.9800000,0,1200,0,2026-09-28 19:02:08.9800000,-24.300000,45.266670
45810,"Belio Bas",1877,143,"38J","38J1H2S2Q",2,2026-09-28 19:02:12.6700000,0,1200,0,2026-09-28 19:02:12.6700000,-24.300000,45.283330
45908,"Besandraha",1877,143,"38J","38J1H2S2Q",2,2026-09-28 19:02:15.6830000,0,1200,0,2026-09-28 19:02:15.6830000,-24.283330,45.266670
45584,"Antsakoamalangy",1877,143,"38J","38J1H2S2Q",2,2026-09-28 19:02:19.1900000,0,1200,0,2026-09-28 19:02:19.1900000,-24.333330,45.216670
45583,"Andombiry",1877,143,"38J","38J1H2S2Q",2,2026-09-28 19:02:22.6070000,0,1200,0,2026-09-28 19:02:22.6070000,-24.333330,45.200000
45906,"Antenindahy",1877,143,"38J","38J1H2S2Q",2,2026-09-28 19:02:25.7700000,0,1200,0,2026-09-28 19:02:25.7700000,-24.283330,45.216670
2560611,"Church Broughton",979,77,"30U","30U1H6S3Q",2,2010-01-01 00:00:00.0000000,0,101080,0,2026-09-28 19:03:38.2100000,52.900410,-1.696210
88071,"Ambatokely",1882,143,"38K","38K1H6S2Q",2,2026-09-28 19:03:38.4900000,0,741,0,2026-09-28 19:03:38.4900000,-18.884690,47.685510
88040,"Nandihizana",1882,143,"38K","38K1H6S2Q",2,2026-09-28 19:03:43.0200000,0,741,0,2026-09-28 19:03:43.0200000,-18.900000,47.716670
87878,"Farariana",1882,143,"38K","38K1H6S2Q",2,2026-09-28 19:03:46.1930000,0,741,0,2026-09-28 19:03:46.1930000,-18.916670,47.700000
66086,"Ankazomena",1877,143,"38K","38K2H2S4Q",2,2026-09-28 19:04:05.0630000,0,741,0,2026-09-28 19:04:05.0630000,-21.666670,45.283330
87751,"Anjeva",1882,143,"38K","38K1H6S2Q",2,2026-09-28 19:04:08.4000000,0,741,0,2026-09-28 19:04:08.4000000,-18.933330,47.666670
87480,"Iravoandriana",1882,143,"38K","38K1H6S2Q",2,2026-09-28 19:04:14.2200000,0,741,0,2026-09-28 19:04:14.2200000,-18.966670,47.666670
87481,"Ambato",1882,143,"38K","38K1H6S2Q",2,2026-09-28 19:04:17.6270000,0,741,0,2026-09-28 19:04:17.6270000,-18.966670,47.683330
87355,"Antanamalaza",1882,143,"38K","38K1H6S2Q",2,2026-09-28 19:04:22.2730000,0,741,0,2026-09-28 19:04:22.2730000,-18.983330,47.683330
87479,"Masindray",1882,143,"38K","38K1H6S2Q",2,2026-09-28 19:04:26.8330000,0,741,0,2026-09-28 19:04:26.8330000,-18.966670,47.633330
65950,"Ankazomena Sud",1877,143,"38K","38K2H2S4Q",2,2026-09-28 19:05:34.2270000,0,741,0,2026-09-28 19:05:34.2300000,-21.683330,45.283330
65258,"Andranoboka",1880,143,"38K","38K2H2S4Q",2,2026-09-28 19:05:47.7230000,0,741,0,2026-09-28 19:05:47.7230000,-21.766670,45.550000
65008,"Sakave",1880,143,"38K","38K2H2S4Q",2,2026-09-28 19:05:50.7700000,0,741,0,2026-09-28 19:05:50.7700000,-21.800000,45.550000
66085,"Ambondro",1877,143,"38K","38K2H2S4Q",2,2026-09-28 19:05:59.6500000,0,741,0,2026-09-28 19:05:59.6500000,-21.666670,45.266670
65949,"Dangovato",1877,143,"38K","38K2H2S4Q",2,2026-09-28 19:06:03.4800000,0,741,0,2026-09-28 19:06:03.4800000,-21.683330,45.250000
65799,"Ambohibolava",1877,143,"38K","38K2H2S4Q",2,2026-09-28 19:06:07.4570000,0,741,0,2026-09-28 19:06:07.4570000,-21.700000,45.266670
1360036,"Darreh Rajuneh",1342,108,"39R","39R1H5S2Q",2,2026-09-28 19:06:10.2230000,0,843,0,2026-09-28 19:06:10.2230000,29.251160,51.524860
65672,"Ipingo",1877,143,"38K","38K2H2S4Q",2,2026-09-28 19:06:10.4400000,0,741,0,2026-09-28 19:06:10.4400000,-21.716670,45.250000
1358696,"Dam Darsi",1342,108,"39R","39R1H5S2Q",2,2026-09-28 19:06:13.2070000,0,843,0,2026-09-28 19:06:13.2070000,29.217770,51.554860
65129,"Itandrano",1877,143,"38K","38K2H2S4Q",2,2026-09-28 19:06:13.6300000,0,741,0,2026-09-28 19:06:13.6300000,-21.783330,45.283330
1358425,"Sena",1342,108,"39R","39R1H5S2Q",2,2026-09-28 19:06:15.8270000,0,843,0,2026-09-28 19:06:15.8270000,29.211930,51.560360
1358136,"Bon-e Sena",1342,108,"39R","39R1H5S2Q",2,2026-09-28 19:06:18.8870000,0,843,0,2026-09-28 19:06:18.8870000,29.203270,51.572130
1357348,"Abshirin",1342,108,"39R","39R1H5S2Q",2,2026-09-28 19:06:22.3570000,0,843,0,2026-09-28 19:06:22.3570000,29.182990,51.584700
1358331,"Talkhab",1342,108,"39R","39R1H5S2Q",2,2026-09-28 19:06:26.0400000,0,844,0,2026-09-28 19:06:26.0400000,29.208890,51.505260
1956899,"West Chester",3584,233,"18S","18S1H2S1Q",3,2019-08-27 02:31:53.1400000,0,0,100865,2026-09-28 19:07:30.1030000,39.960660,-75.605490
2436764,"Kiev",3434,230,"36U","36U2H1S3Q",1,2026-07-22 03:23:49.7870000,2072,0,0,2026-09-28 19:07:42.2370000,50.454660,30.523800
1955790,"Pamona Park",3584,233,"18S","18S1H2S1Q",3,2019-11-15 12:54:27.7530000,0,0,100375,2026-09-28 19:07:43.6570000,39.943500,-75.604700
2113003,"Milwaukee",3566,233,"16T","16T2H2S1Q",3,2026-08-09 20:21:50.6570000,20400,0,625310,2026-09-28 19:08:31.5330000,43.038900,-87.906470
2561087,"Longford",979,77,"30U","30U1H6S3Q",2,2024-07-19 14:51:31.3770000,0,56912,0,2026-09-28 19:08:41.3900000,52.916670,-1.666670
2113772,"Brady Street",3566,233,"16T","16T2H2S1Q",1,2026-03-19 16:55:37.2170000,4575,0,0,2026-09-28 19:08:47.7730000,43.052910,-87.903220
2343283,"Dnipropetrovsk",3442,230,"36U","36U2H6S3Q",1,2020-06-06 03:31:16.4300000,1836,0,0,2026-09-28 19:09:07.6500000,48.450000,34.983330
2504307,"Neuhaus",707,57,"32U","32U2H2S1Q",3,2025-03-06 06:26:49.5370000,0,0,1034500,2026-09-28 19:09:57.1870000,51.716670,8.716670
2549908,"Kiszewo",2451,180,"33U","33U1H6S3Q",3,2026-09-28 19:10:14.4300000,0,0,956,2026-09-28 19:10:14.4300000,52.679430,16.673800
1605449,"Pacific Palisades",3567,233,"11S","11S2H1S4Q",3,2015-02-03 19:00:45.4770000,0,0,1422764,2026-09-28 19:11:00.3400000,34.048060,-118.526470
68868,"Ambalatelo",1880,143,"38K","38K2H3S3Q",2,2026-09-28 19:11:15.4400000,300,745,0,2026-09-28 19:11:15.4400000,-21.350000,46.033330
2542802,"Osiecko",2447,180,"33U","33U1H5S4Q",3,2026-09-28 19:11:17.1430000,0,0,963,2026-09-28 19:11:17.1430000,52.518280,15.296050
68867,"Soaseranana",1880,143,"38K","38K2H3S3Q",2,2026-09-28 19:11:19.2470000,0,741,0,2026-09-28 19:11:19.2470000,-21.350000,46.016670
2543590,"Pniewo",2447,180,"33U","33U1H5S4Q",3,2026-09-28 19:11:22.1800000,0,0,1141,2026-09-28 19:11:22.1800000,52.535610,15.311580
69331,"Tsarabitsihy",1880,143,"38K","38K2H3S3Q",2,2026-09-28 19:11:22.4630000,300,745,0,2026-09-28 19:11:22.4630000,-21.300000,46.016670
2543709,"Krzywokleszcz",2447,180,"33U","33U1H5S4Q",3,2026-09-28 19:11:25.7900000,0,0,1143,2026-09-28 19:11:25.7900000,52.541080,15.366480
69164,"Mikaiky",1880,143,"38K","38K2H2S4Q",2,2026-09-28 19:11:32.1100000,0,741,0,2026-09-28 19:11:32.1100000,-21.316670,45.983330
69329,"Tsitondroina",1880,143,"38K","38K2H2S4Q",2,2026-09-28 19:11:37.3330000,0,1482,0,2026-09-28 19:11:37.3330000,-21.300000,45.983330
2532841,"Koryta",2447,180,"33U","33U1H5S4Q",3,2026-09-28 19:11:37.9600000,0,0,871,2026-09-28 19:11:37.9600000,52.309120,15.171520
68556,"Iabokazo",1880,143,"38K","38K2H2S4Q",2,2026-09-28 19:11:40.9130000,0,741,0,2026-09-28 19:11:40.9130000,-21.383330,45.950000
2530766,"Niedzwiedzi Lug",2447,180,"33U","33U1H5S4Q",3,2026-09-28 19:11:43.9200000,0,0,868,2026-09-28 19:11:43.9200000,52.266670,15.133330
69163,"Andranomaitso",1880,143,"38K","38K2H2S4Q",2,2026-09-28 19:11:44.5400000,0,741,0,2026-09-28 19:11:44.5400000,-21.316670,45.950000
2528786,"Kijewo",2447,180,"33U","33U1H5S4Q",3,2026-09-28 19:11:52.7600000,0,0,867,2026-09-28 19:11:52.7600000,52.231690,15.141760
2530161,"Klonica",2447,180,"33U","33U1H5S4Q",3,2026-09-28 19:12:04.5100000,0,0,876,2026-09-28 19:12:04.5100000,52.252260,15.216670
2671310,"Moscow",2670,192,"37U","37U1H1S2Q",2,2010-01-01 00:00:00.0000000,300,83654338,0,2026-09-28 19:12:49.2130000,55.752220,37.615560
1913705,"North Frederick Terrace",3585,233,"17S","17S1H3S2Q",3,2025-03-20 02:05:28.2000000,81414,0,657784,2026-09-28 19:13:58.2700000,39.214270,-78.187220
449251,"Rugali",2730,193,"35M","35M1H3S4Q",3,2026-09-28 19:14:08.8670000,0,0,1200,2026-09-28 19:14:08.8670000,-1.555800,29.660400
449217,"Rutare",2730,193,"35M","35M1H3S4Q",3,2026-09-28 19:14:12.2100000,0,0,1200,2026-09-28 19:14:12.2100000,-1.559100,29.660300
449433,"Rusake",2730,193,"35M","35M1H3S4Q",3,2026-09-28 19:14:16.0800000,0,0,1200,2026-09-28 19:14:16.0800000,-1.548800,29.670600
449553,"Kibereka",2730,193,"35M","35M1H3S4Q",3,2026-09-28 19:14:21.6670000,0,0,1200,2026-09-28 19:14:21.6670000,-1.539400,29.676000
449484,"Nyarugando",2730,193,"35M","35M1H3S4Q",3,2026-09-28 19:14:25.7870000,0,0,1200,2026-09-28 19:14:25.7870000,-1.544100,29.675600
449534,"Ramba",2730,193,"35M","35M1H3S4Q",3,2026-09-28 19:14:29.1600000,0,0,1200,2026-09-28 19:14:29.1600000,-1.540700,29.683300
449489,"Rwaza",2730,193,"35M","35M1H3S4Q",3,2026-09-28 19:14:34.0300000,0,0,1200,2026-09-28 19:14:34.0300000,-1.543900,29.686200
449471,"Gako",2730,193,"35M","35M1H3S4Q",3,2026-09-28 19:14:38.1570000,0,0,1200,2026-09-28 19:14:38.1570000,-1.545300,29.694600
2120556,"Sweets Crossing",3562,233,"18T","18T2H2S2Q",2,2026-09-28 19:16:41.7330000,0,5282,0,2026-09-28 19:16:48.0770000,43.188130,-74.198740
2118912,"Cranberry Creek",3562,233,"18T","18T2H2S2Q",2,2026-09-28 19:16:51.4770000,0,2254,0,2026-09-28 19:16:53.6730000,43.155630,-74.219580
2117427,"Dennies Hollow",3562,233,"18T","18T2H2S2Q",2,2026-09-28 19:16:57.4930000,0,634,0,2026-09-28 19:16:57.4930000,43.127570,-74.251800
2432292,"Dauernheim",710,57,"32U","32U2H2S3Q",2,2015-09-10 09:12:07.4830000,0,580815,0,2026-09-28 19:19:05.3800000,50.366670,8.950000
2067745,"Glen of Saint Clare",3562,233,"17T","17T2H3S4Q",3,2026-09-28 19:20:01.0900000,0,0,2032,2026-09-28 19:20:12.5600000,42.075560,-78.478610
1356595,"Sayeban",1342,108,"39R","39R1H5S2Q",2,2026-09-28 19:20:14.2070000,0,844,0,2026-09-28 19:20:14.2070000,29.161670,51.536670
1356276,"Tang-e Eram",1342,108,"39R","39R1H5S2Q",2,2026-09-28 19:20:16.9930000,0,844,0,2026-09-28 19:20:16.9930000,29.152560,51.527990
1360303,"Deh Now",1342,108,"39R","39R1H5S2Q",2,2026-09-28 19:20:19.7300000,0,843,0,2026-09-28 19:20:19.7300000,29.258890,51.603330
1357842,"Puz Par",1342,108,"39R","39R1H5S2Q",2,2026-09-28 19:20:22.1600000,0,844,0,2026-09-28 19:20:22.1600000,29.196110,51.677220
1357150,"Bidu",1342,108,"39R","39R1H5S2Q",2,2026-09-28 19:20:24.7300000,0,844,0,2026-09-28 19:20:24.7300000,29.177360,51.603340
2263406,"Lynchburg",3575,233,"14T","14T1H3S3Q",2,2014-07-06 14:29:57.6870000,0,2070093,0,2026-09-28 19:20:47.6070000,46.774420,-97.262870
2259696,"Woods",3575,233,"14T","14T1H3S3Q",2,2015-01-29 22:11:23.2730000,0,2113277,0,2026-09-28 19:20:54.2530000,46.679970,-97.188980
2067814,"Olean",3562,233,"17T","17T2H3S4Q",3,2026-04-18 06:17:14.2200000,0,0,11561,2026-09-28 19:21:35.2670000,42.077560,-78.429740
2003203,"Lincoln",3559,233,"14T","14T2H6S4Q",2,2013-11-16 04:03:31.4300000,0,43393635,0,2026-09-28 19:22:52.2230000,40.800000,-96.666960
1933330,"Westfall",3563,233,"17S","17S1H1S2Q",3,2020-10-19 16:19:55.3900000,0,0,1740942,2026-09-28 19:23:38.3030000,39.558120,-82.999070
2600973,"Warnow",709,57,"32U","32U1H6S2Q",2,2026-09-28 19:24:27.1800000,0,670,0,2026-09-28 19:24:27.1800000,53.783330,11.883330
2600972,"Eickhof",709,57,"32U","32U1H6S2Q",2,2026-09-28 19:24:35.2530000,0,671,0,2026-09-28 19:24:35.2530000,53.783330,11.833330
2601616,"Laase",709,57,"32U","32U1H6S2Q",2,2026-09-28 19:24:39.2030000,0,517,120,2026-09-28 19:24:39.2030000,53.800000,11.816670
2602053,"Schependorf",709,57,"32U","32U1H6S2Q",2,2026-09-28 19:24:47.8730000,0,1064,0,2026-09-28 19:24:47.8730000,53.809880,11.839740
2602760,"Qualitz",709,57,"32U","32U1H6S2Q",2,2026-09-28 19:24:54.6170000,0,1160,0,2026-09-28 19:24:54.6170000,53.827610,11.820090
2601615,"Rothenmoor",709,57,"32U","32U1H6S2Q",2,2026-09-28 19:24:59.1130000,0,622,0,2026-09-28 19:24:59.1130000,53.800000,11.800000
2600971,"Eickelberg",709,57,"32U","32U1H6S2Q",2,2026-09-28 19:25:04.2670000,0,784,0,2026-09-28 19:25:04.2670000,53.783330,11.816670
2600970,"Gross Labenz",709,57,"32U","32U1H6S2Q",2,2026-09-28 19:25:08.1400000,0,669,0,2026-09-28 19:25:08.1400000,53.783330,11.783330
2599672,"Klein Gornow",709,57,"32U","32U1H6S2Q",2,2026-09-28 19:25:12.4900000,0,861,0,2026-09-28 19:25:12.4900000,53.750000,11.800000
2402794,"Plzen",697,56,"33U","33U2H4S2Q",3,2026-08-12 13:03:50.7630000,0,61200,884046,2026-09-28 19:25:17.4530000,49.747470,13.377590
87354,"Ambohimasina",1882,143,"38K","38K1H6S2Q",2,2026-09-28 19:26:00.4400000,0,741,0,2026-09-28 19:26:00.4400000,-18.983330,47.633330
65006,"Andranomena",1877,143,"38K","38K2H2S4Q",2,2026-09-28 19:26:00.5470000,0,741,0,2026-09-28 19:26:00.5470000,-21.800000,45.300000
64652,"Anaviavy",1877,143,"38K","38K2H2S4Q",2,2026-09-28 19:26:07.5370000,0,741,0,2026-09-28 19:26:07.5370000,-21.850000,45.333330
64395,"Vohimary",1880,143,"38K","38K2H2S4Q",2,2026-09-28 19:26:11.6300000,0,741,0,2026-09-28 19:26:11.6330000,-21.883330,45.366670
2404195,"Bila Hora",697,56,"33U","33U2H4S2Q",2,2026-09-28 19:26:13.8600000,0,1075,0,2026-09-28 19:26:13.8630000,49.772370,13.410100
64396,"Sakafotsy",1880,143,"38K","38K2H2S4Q",2,2026-09-28 19:26:14.9800000,0,741,0,2026-09-28 19:26:14.9800000,-21.883330,45.450000
63949,"Ankolitsazo",1880,143,"38K","38K2H2S4Q",2,2026-09-28 19:26:19.6800000,0,741,0,2026-09-28 19:26:19.6800000,-21.933330,45.433330
63821,"Menamaty Iloto",1880,143,"38K","38K2H2S4Q",2,2026-09-28 19:26:22.8370000,0,741,0,2026-09-28 19:26:22.8370000,-21.950000,45.383330
78118,"Destacamento Militar Numero Dos Parque Cue",2589,187,"20K","20K2H3S1Q",2,2026-09-28 19:26:25.0270000,0,569,0,2026-09-28 19:26:25.0270000,-20.216670,-61.800000
63557,"Iakaboka",1880,143,"38K","38K2H2S4Q",2,2026-09-28 19:26:25.6530000,0,741,0,2026-09-28 19:26:25.6530000,-21.983330,45.400000
63556,"Ankaboka",1877,143,"38K","38K2H2S4Q",2,2026-09-28 19:26:28.7400000,0,741,0,2026-09-28 19:26:28.7400000,-21.983330,45.350000
87134,"Antanetibe",1882,143,"38K","38K1H6S4Q",2,2026-09-28 19:26:54.2830000,0,741,0,2026-09-28 19:26:54.2830000,-19.016670,47.683330
87356,"Ampahimanga",1882,143,"38K","38K1H6S2Q",2,2026-09-28 19:27:02.6070000,0,741,0,2026-09-28 19:27:02.6100000,-18.983330,47.700000
83819,"Agua Pasto",348,29,"20K","20K1H6S3Q",2,2026-09-28 19:27:05.4900000,58,300,0,2026-09-28 19:27:05.4900000,-19.466670,-61.200000
87007,"Antanimarina",1882,143,"38K","38K1H6S4Q",2,2026-09-28 19:27:08.1100000,0,758,0,2026-09-28 19:27:08.1100000,-19.033330,47.716670
87135,"Ambohimpanana",1882,143,"38K","38K1H6S4Q",2,2026-09-28 19:27:21.5700000,0,1482,0,2026-09-28 19:27:21.5700000,-19.016670,47.700000
87137,"Antanatsara",1882,143,"38K","38K1H6S4Q",2,2026-09-28 19:27:26.5100000,0,741,0,2026-09-28 19:27:26.5100000,-19.016670,47.733330
87008,"Amboanemba",1882,143,"38K","38K1H6S4Q",2,2026-09-28 19:27:29.2230000,46,300,0,2026-09-28 19:27:29.2230000,-19.033330,47.733330
87138,"Andriatany",1882,143,"38K","38K1H6S4Q",2,2026-09-28 19:27:32.5000000,0,741,0,2026-09-28 19:27:32.5000000,-19.016670,47.766670
2049456,"Bass River",3583,233,"19T","19T2H4S2Q",3,2026-09-28 19:27:53.2070000,0,0,1035,2026-09-28 19:27:53.2070000,41.652890,-70.203630
2072370,"Four Corners",3583,233,"18T","18T2H3S4Q",3,2026-07-24 16:53:57.3770000,0,0,798932,2026-09-28 19:28:15.5900000,42.185930,-72.348140
2516406,"Kryukovo",2677,192,"37U","37U2H1S2Q",1,2026-09-28 19:29:00.3770000,1200,0,0,2026-09-28 19:29:00.3770000,51.973890,37.205000
2516425,"Danilovka",2657,192,"38U","38U2H2S1Q",1,2026-09-28 19:29:04.5970000,1200,0,0,2026-09-28 19:29:04.5970000,51.974200,44.893600
2516433,"Platonovka",2657,192,"38U","38U2H2S1Q",1,2026-09-28 19:29:07.6200000,1200,0,0,2026-09-28 19:29:07.6200000,51.974440,44.115560
2516436,"Tsyganka",2677,192,"37U","37U2H1S2Q",1,2026-09-28 19:29:10.0370000,1200,0,0,2026-09-28 19:29:10.0370000,51.974620,37.684780
2516455,"Kol'tsovo",2722,192,"52U","52U2H1S1Q",1,2026-09-28 19:29:12.8430000,1200,0,0,2026-09-28 19:29:12.8430000,51.975400,126.475100
2516444,"Stupino",2646,192,"37U","37U2H2S2Q",1,2026-09-28 19:29:15.5670000,1200,0,0,2026-09-28 19:29:15.5670000,51.974890,39.380600
2516461,"Nauka",2657,192,"39U","39U2H1S2Q",1,2026-09-28 19:29:18.8770000,1200,0,0,2026-09-28 19:29:18.8770000,51.975720,49.781240
2516476,"Vasil'yevka",2674,192,"37U","37U2H2S1Q",1,2026-09-28 19:29:21.5030000,1200,0,0,2026-09-28 19:29:21.5030000,51.976110,38.031110
2254014,"Albergo della Posta",1369,110,"32T","32T1H3S3Q",2,2025-02-13 12:17:33.7470000,0,1605,0,2026-09-28 19:29:47.1200000,46.533330,10.583330
2708963,"Vtuzgorodok",2705,192,"41V","41V2H4S3Q",1,2026-07-24 09:39:04.8830000,1133753,0,0,2026-09-28 19:30:03.3000000,56.851110,60.658060
2307182,"Grand Marais",3558,233,"15T","15T1H3S2Q",3,2026-09-28 19:30:21.5100000,0,0,996,2026-09-28 19:30:21.5100000,47.750450,-90.334270
2366768,"Garencieres",956,75,"31U","31U2H4S4Q",3,2021-02-11 06:03:02.7730000,0,0,385228,2026-09-28 19:30:41.3830000,48.955870,1.265230
2199062,"Peshawbestown",3557,233,"16T","16T1H6S1Q",3,2026-09-28 16:47:49.6130000,0,0,1890,2026-09-28 19:30:51.4170000,45.024170,-85.600920
2200630,"Omena",3557,233,"16T","16T1H6S1Q",3,2026-09-28 16:47:45.6670000,0,0,1887,2026-09-28 19:30:54.3300000,45.055560,-85.588970
2201728,"Ahgosatown",3557,233,"16T","16T1H6S1Q",3,2026-09-28 16:47:35.0000000,0,0,1878,2026-09-28 19:30:57.2400000,45.081110,-85.591750
2204074,"Northport",3557,233,"16T","16T1H6S1Q",3,2026-09-28 15:47:41.1800000,0,0,2049,2026-09-28 19:31:01.2430000,45.131390,-85.616750
2199028,"Leland",3557,233,"16T","16T1H6S1Q",3,2026-09-28 15:47:37.7770000,0,0,2057,2026-09-28 19:31:04.4900000,45.023050,-85.759810
2196632,"Suttons Bay",3557,233,"16T","16T1H6S3Q",3,2026-09-28 16:47:57.0400000,0,0,3604,2026-09-28 19:31:13.5400000,44.976670,-85.650640
2188202,"Empire",3557,233,"16T","16T1H5S4Q",3,2026-06-02 14:38:52.2930000,0,0,24352,2026-09-28 19:32:57.1570000,44.811110,-86.060090
2516477,"Matveyevka",2674,192,"37U","37U2H3S1Q",1,2026-09-28 19:33:04.2870000,1200,0,0,2026-09-28 19:33:04.2870000,51.976110,40.288610
2516480,"Bol'shoye",2674,192,"37U","37U2H1S2Q",1,2026-09-28 19:33:23.5200000,1200,0,0,2026-09-28 19:33:23.5200000,51.976230,37.862300
70394,"Ambatomalama",1880,143,"38K","38K2H3S3Q",2,2026-09-28 19:33:25.0130000,0,741,0,2026-09-28 19:33:25.0130000,-21.183330,46.150000
2151867,"Cedar Mills",457,38,"17T","17T2H3S1Q",2,2026-09-24 22:44:34.5730000,0,39260,0,2026-09-28 19:33:27.2030000,43.916810,-79.799640
70255,"Maromaniry",1880,143,"38K","38K2H3S3Q",2,2026-09-28 19:33:35.9800000,0,741,0,2026-09-28 19:33:35.9800000,-21.200000,46.166670
70116,"Masiakombilahy",1880,143,"38K","38K2H3S3Q",2,2026-09-28 19:33:41.7030000,0,741,0,2026-09-28 19:33:41.7030000,-21.216670,46.200000
70117,"Ambalamahasoa",1880,143,"38K","38K2H3S3Q",2,2026-09-28 19:33:45.2300000,0,741,0,2026-09-28 19:33:45.2300000,-21.216670,46.216670
70838,"Bekinana",1880,143,"38K","38K2H3S3Q",2,2026-09-28 19:33:48.8600000,0,741,0,2026-09-28 19:33:48.8600000,-21.133330,46.183330
70543,"Ambatovory",1880,143,"38K","38K2H3S3Q",2,2026-09-28 19:33:51.0670000,0,741,0,2026-09-28 19:33:51.0670000,-21.166670,46.250000
70686,"Sambihetsaka",1880,143,"38K","38K2H3S3Q",2,2026-09-28 19:33:55.4830000,0,741,0,2026-09-28 19:33:55.4830000,-21.150000,46.266670
2677530,"Bolshevo",2671,192,"37U","37U1H1S2Q",2,2024-06-30 05:58:15.9900000,0,294472,0,2026-09-28 19:33:55.5100000,55.934860,37.830020
70395,"Bevaondrano",1880,143,"38K","38K2H3S3Q",2,2026-09-28 19:33:58.7830000,0,741,0,2026-09-28 19:33:58.7830000,-21.183330,46.350000
87009,"Miadanandriana",1882,143,"38K","38K1H6S4Q",2,2026-09-28 19:34:16.0170000,0,741,0,2026-09-28 19:34:16.0170000,-19.033330,47.783330
86861,"Imerinarivo",1882,143,"38K","38K1H6S4Q",2,2026-09-28 19:34:19.3400000,0,741,0,2026-09-28 19:34:19.3400000,-19.050000,47.800000
86748,"Ambohipeno",1882,143,"38K","38K1H6S4Q",2,2026-09-28 19:34:22.1130000,0,741,0,2026-09-28 19:34:22.1130000,-19.066670,47.833330
86862,"Miadamanjaka",1882,143,"38K","38K1H6S4Q",2,2026-09-28 19:34:26.0270000,0,741,0,2026-09-28 19:34:26.0270000,-19.050000,47.833330
63434,"Siravato",1880,143,"38K","38K2H5S2Q",2,2026-09-28 19:34:46.3570000,0,741,0,2026-09-28 19:34:46.3570000,-22.000000,45.366670
63356,"Terabaomiotaky",1880,143,"38K","38K2H5S2Q",2,2026-09-28 19:34:50.5330000,0,741,0,2026-09-28 19:34:50.5330000,-22.016670,45.316670
63355,"Andramy",1880,143,"38K","38K2H5S2Q",2,2026-09-28 19:34:58.8130000,0,741,0,2026-09-28 19:34:58.8130000,-22.016670,45.300000
62987,"Dangovato",1880,143,"38K","38K2H5S2Q",2,2026-09-28 19:35:01.0300000,0,741,0,2026-09-28 19:35:01.0300000,-22.083330,45.316670
62786,"Ankinofika",1880,143,"38K","38K2H5S2Q",2,2026-09-28 19:35:03.6470000,0,741,0,2026-09-28 19:35:03.6470000,-22.116670,45.350000
62787,"Zahavola",1880,143,"38K","38K2H5S2Q",2,2026-09-28 19:35:06.7200000,0,741,0,2026-09-28 19:35:06.7200000,-22.116670,45.383330
63088,"Kijana",1880,143,"38K","38K2H5S2Q",2,2026-09-28 19:35:10.3300000,0,741,0,2026-09-28 19:35:10.3300000,-22.066670,45.400000
1732856,"Boulder Junction",3570,233,"11S","11S1H6S3Q",2,2014-06-03 05:15:39.7500000,0,24361665,0,2026-09-28 19:35:54.4600000,36.081080,-115.198050
1734455,"Bracken",3570,233,"11S","11S1H6S3Q",2,2014-03-04 07:47:15.0900000,0,24364335,0,2026-09-28 19:36:25.8970000,36.107470,-115.191110
1351911,"Khalji",1340,108,"39R","39R1H5S2Q",2,2026-09-28 19:37:04.9170000,0,844,0,2026-09-28 19:37:04.9170000,29.027860,51.909880
1352479,"Konardan",1340,108,"39R","39R1H5S2Q",2,2026-09-28 19:37:08.3900000,0,844,0,2026-09-28 19:37:08.3900000,29.045160,51.912310
1353544,"Puzeh-ye Hallaji",1340,108,"39R","39R1H5S2Q",2,2026-09-28 19:37:10.9570000,0,953,0,2026-09-28 19:37:10.9570000,29.076650,51.912840
1353507,"Veysabad",1340,108,"39R","39R1H5S2Q",2,2026-09-28 19:37:14.5770000,0,844,0,2026-09-28 19:37:14.5770000,29.075260,51.864200
1353286,"Qanat Bagh",1340,108,"39R","39R1H5S2Q",2,2026-09-28 19:37:19.8070000,0,844,0,2026-09-28 19:37:19.8070000,29.067600,51.876830
449428,"Kabuga",2730,193,"35M","35M1H3S4Q",3,2026-09-28 19:37:53.6570000,0,0,1200,2026-09-28 19:37:53.6570000,-1.549100,29.692700
449444,"Kibugabuga",2730,193,"35M","35M1H3S4Q",3,2026-09-28 19:37:56.9330000,0,0,1200,2026-09-28 19:37:56.9330000,-1.548000,29.703900
449279,"Murambi",2730,193,"35M","35M1H3S4Q",3,2026-09-28 19:38:00.0830000,0,0,1200,2026-09-28 19:38:00.0830000,-1.553300,29.686000
449016,"Kabungwe",2730,193,"35M","35M1H3S4Q",3,2026-09-28 19:38:03.3830000,0,0,1200,2026-09-28 19:38:03.3830000,-1.568600,29.699000
449171,"Musebeya",2730,193,"35M","35M1H3S4Q",3,2026-09-28 19:38:06.6530000,0,0,1200,2026-09-28 19:38:06.6530000,-1.563300,29.690100
449274,"Gashunga",2730,193,"35M","35M1H3S4Q",3,2026-09-28 19:38:10.6800000,0,0,1200,2026-09-28 19:38:10.6800000,-1.553600,29.710600
449201,"Rusayo",2730,193,"35M","35M1H3S4Q",3,2026-09-28 19:38:13.6530000,0,0,1200,2026-09-28 19:38:13.6530000,-1.560500,29.717800
449233,"Kanaba",2730,193,"35M","35M1H3S4Q",3,2026-09-28 19:38:17.2170000,0,0,1200,2026-09-28 19:38:17.2170000,-1.557300,29.713400
1695252,"Lillard Park",3546,233,"14S","14S2H3S1Q",2,2024-10-02 13:14:24.7070000,0,1997820,3361,2026-09-28 19:38:37.6400000,35.428670,-97.594210
2516487,"Krasnyy Gorodok",2715,192,"45U","45U2H1S1Q",1,2026-09-28 19:38:44.4930000,1200,0,0,2026-09-28 19:38:44.4930000,51.976400,84.662700
1693724,"Wheatland",3546,233,"14S","14S2H3S1Q",2,2010-01-01 00:00:00.0000000,0,2155481,5481,2026-09-28 19:38:45.3170000,35.397840,-97.652260
2516492,"Kirilovka",2677,192,"37U","37U2H1S2Q",1,2026-09-28 19:38:48.2030000,1200,0,0,2026-09-28 19:38:48.2030000,51.976470,37.743920
2516507,"Kireyevka",2674,192,"37U","37U2H2S1Q",1,2026-09-28 19:38:58.0130000,1200,0,0,2026-09-28 19:38:58.0130000,51.977150,38.292090
70256,"Mandarano",1880,143,"38K","38K2H3S3Q",2,2026-09-28 19:39:24.3470000,0,741,0,2026-09-28 19:39:24.3470000,-21.200000,46.366670
69517,"Ankaramena",1880,143,"38K","38K2H3S3Q",2,2026-09-28 19:39:28.0870000,0,741,0,2026-09-28 19:39:28.0870000,-21.283330,46.366670
68869,"Androtsy",1880,143,"38K","38K2H3S3Q",2,2026-09-28 19:39:31.0930000,0,741,0,2026-09-28 19:39:31.0930000,-21.350000,46.350000
68559,"Ambalahady",1880,143,"38K","38K2H3S3Q",2,2026-09-28 19:39:34.4330000,0,741,0,2026-09-28 19:39:34.4330000,-21.383330,46.416670
69335,"Ampanobe",1880,143,"38K","38K2H3S3Q",2,2026-09-28 19:39:37.8100000,0,741,0,2026-09-28 19:39:37.8100000,-21.300000,46.400000
2538573,"Glaisdale",979,77,"30U","30U1H6S4Q",0,2010-01-01 00:00:00.0000000,0,0,0,2026-09-28 19:39:42.3600000,52.433330,-0.800000
2539346,"Great Oakley",979,77,"30U","30U1H6S4Q",0,2010-01-01 00:00:00.0000000,0,0,0,2026-09-28 19:39:43.9270000,52.450000,-0.716670
2539347,"Little Oakley",979,77,"30U","30U1H6S4Q",0,2010-01-01 00:00:00.0000000,0,0,0,2026-09-28 19:39:45.6270000,52.450000,-0.683330
2540138,"Stoke Albany",979,77,"30U","30U1H6S4Q",0,2010-01-01 00:00:00.0000000,0,0,0,2026-09-28 19:39:46.6570000,52.466670,-0.800000
2540904,"Great Bowden",979,77,"30U","30U1H6S4Q",0,2010-01-01 00:00:00.0000000,0,0,0,2026-09-28 19:39:47.6970000,52.483330,-0.900000
2543952,"Lyddington",979,77,"30U","30U1H6S4Q",0,2010-01-01 00:00:00.0000000,0,0,0,2026-09-28 19:39:48.7530000,52.550000,-0.700000
2115728,"Riceville",3562,233,"18T","18T2H2S2Q",2,2026-09-28 19:40:43.8570000,0,795,0,2026-09-28 19:40:43.8570000,43.093680,-74.281800
2116368,"Mayfield",3562,233,"18T","18T2H2S2Q",2,2026-09-28 19:40:48.4070000,0,893,0,2026-09-28 19:40:48.4070000,43.104520,-74.264860
2121588,"Batchellerville",3562,233,"18T","18T2H2S2Q",2,2026-09-28 19:41:04.7370000,42,3102,0,2026-09-28 19:41:06.9330000,43.211740,-74.081800
87010,"Mahazina",1882,143,"38K","38K1H6S4Q",2,2026-09-28 19:42:43.8070000,0,741,0,2026-09-28 19:42:43.8070000,-19.033330,47.816670
87139,"Mantasoa",1882,143,"38K","38K1H6S4Q",2,2026-09-28 19:42:46.7700000,0,741,0,2026-09-28 19:42:46.7700000,-19.016670,47.833330
87247,"Analamalemy",1882,143,"38K","38K1H6S4Q",2,2026-09-28 19:42:49.3130000,0,741,0,2026-09-28 19:42:49.3130000,-19.000000,47.783330
87357,"Antanamarina",1882,143,"38K","38K1H6S2Q",2,2026-09-28 19:42:51.7030000,0,741,0,2026-09-28 19:42:51.7030000,-18.983330,47.800000
87358,"Anjozora",1882,143,"38K","38K1H6S2Q",2,2026-09-28 19:42:54.2130000,0,741,0,2026-09-28 19:42:54.2130000,-18.983330,47.850000
87486,"Andobo",1882,143,"38K","38K1H6S2Q",2,2026-09-28 19:42:56.6100000,0,741,0,2026-09-28 19:42:56.6100000,-18.966670,47.816670
45700,"Analalava",1877,143,"38J","38J1H2S2Q",2,2026-09-28 19:43:16.6700000,0,1200,0,2026-09-28 19:43:16.6700000,-24.316670,45.266670
45499,"Anivorano",1877,143,"38J","38J1H2S2Q",2,2026-09-28 19:43:21.5670000,0,1200,0,2026-09-28 19:43:21.5670000,-24.350000,45.200000
45500,"Anjatsoa",1877,143,"38J","38J1H2S2Q",2,2026-09-28 19:43:24.7500000,0,1200,0,2026-09-28 19:43:24.7500000,-24.350000,45.216670
45267,"Ambondraka Sud",1877,143,"38J","38J1H2S2Q",2,2026-09-28 19:43:28.0100000,0,1200,0,2026-09-28 19:43:28.0100000,-24.383330,45.233330
1729028,"Exploration Peak Park",3570,233,"11S","11S1H6S3Q",2,2014-08-05 05:36:49.3330000,0,24316856,0,2026-09-28 19:43:28.3800000,36.014890,-115.267960
45165,"Andranojirioky",1877,143,"38J","38J1H2S2Q",2,2026-09-28 19:43:31.0530000,0,1200,0,2026-09-28 19:43:31.0530000,-24.400000,45.250000
44650,"Miary",1877,143,"38J","38J1H2S2Q",2,2026-09-28 19:43:34.0530000,0,1200,0,2026-09-28 19:43:34.0530000,-24.466670,45.250000
44648,"Marofany",1877,143,"38J","38J1H2S2Q",2,2026-09-28 19:43:37.3430000,0,1200,0,2026-09-28 19:43:37.3430000,-24.466670,45.233330
44647,"Belamoty",1877,143,"38J","38J1H2S2Q",2,2026-09-28 19:43:42.0400000,0,1200,0,2026-09-28 19:43:42.0400000,-24.466670,45.216670
1727420,"Bard",3570,233,"11S","11S2H3S1Q",2,2014-06-06 05:37:35.8500000,0,24739269,0,2026-09-28 19:43:53.0800000,35.987750,-115.237500
63178,"Antoho",1880,143,"38K","38K2H5S2Q",2,2026-09-28 19:44:14.9900000,0,741,0,2026-09-28 19:44:14.9900000,-22.050000,45.383330
63270,"Salaza",1880,143,"38K","38K2H5S2Q",2,2026-09-28 19:44:18.0030000,0,741,0,2026-09-28 19:44:18.0030000,-22.033330,45.400000
2370459,"Moussy-le-Vieux",955,75,"31U","31U2H5S1Q",2,2025-11-21 20:52:37.9530000,0,2319,0,2026-09-28 19:44:19.1200000,49.047120,2.624930
63558,"Fatanadabo",1877,143,"38K","38K2H2S4Q",2,2026-09-28 19:44:21.1370000,0,741,0,2026-09-28 19:44:21.1370000,-21.983330,45.500000
63435,"Talloakerivo",1880,143,"38K","38K2H5S2Q",2,2026-09-28 19:44:25.4270000,0,741,0,2026-09-28 19:44:25.4270000,-22.000000,45.500000
63357,"Tsialoakarivo",1880,143,"38K","38K2H5S2Q",2,2026-09-28 19:44:26.8830000,0,741,0,2026-09-28 19:44:26.8830000,-22.016670,45.500000
63179,"Andranotsiritra",1880,143,"38K","38K2H5S2Q",2,2026-09-28 19:44:31.1530000,0,741,0,2026-09-28 19:44:31.1530000,-22.050000,45.500000
62788,"Andrakodia",1880,143,"38K","38K2H5S2Q",2,2026-09-28 19:44:33.1600000,0,741,0,2026-09-28 19:44:33.1600000,-22.116670,45.516670
2370494,"Longperrier",955,75,"31U","31U2H5S1Q",2,2025-11-21 20:52:44.9470000,0,9196,0,2026-09-28 19:44:37.4530000,49.048440,2.665710
2261687,"Villetta",1369,110,"32T","32T1H3S3Q",1,,7552,0,600,2026-09-28 19:44:56.2030000,46.733330,10.833330
44645,"Andamotinambo",1877,143,"38J","38J1H2S2Q",2,2026-09-28 19:45:16.4300000,0,1200,0,2026-09-28 19:45:16.4300000,-24.466670,45.200000
70503,"Estancia Don Felipe Feltes",2587,187,"21K","21K2H1S4Q",2,2026-09-28 19:47:20.7100000,0,996,0,2026-09-28 19:47:20.7100000,-21.166670,-58.766670
2253451,"Solda",1369,110,"32T","32T1H3S3Q",2,2025-02-13 12:13:42.4100000,0,233714,0,2026-09-28 19:47:25.6800000,46.516670,10.600000
71102,"Estancia Inmakata",2587,187,"21K","21K2H1S4Q",2,2026-09-28 19:47:29.8530000,0,951,0,2026-09-28 19:47:29.8530000,-21.100000,-58.700000
70805,"Estancia General Diaz",2587,187,"21K","21K2H1S4Q",2,2026-09-28 19:47:45.1400000,126,300,0,2026-09-28 19:47:45.1400000,-21.133330,-58.500000
71369,"Estancia Isla Corazon",2587,187,"21K","21K2H1S4Q",2,2026-09-28 19:48:07.4370000,0,897,0,2026-09-28 19:48:07.4370000,-21.066670,-58.400000
70087,"Estancia Esperanza",2587,187,"21K","21K2H1S4Q",2,2026-09-28 19:48:21.6770000,0,1182,0,2026-09-28 19:48:21.6770000,-21.216670,-58.233330
71509,"Estancia Campichuelo",2587,187,"21K","21K2H1S4Q",2,2026-09-28 19:48:53.9200000,0,898,0,2026-09-28 19:48:53.9200000,-21.050000,-58.233330
71510,"Estancia Casualidad",2587,187,"21K","21K2H1S4Q",2,2026-09-28 19:49:02.5870000,0,900,0,2026-09-28 19:49:02.5900000,-21.050000,-58.116670
71511,"Estancia San Jorge",2587,187,"21K","21K2H1S4Q",2,2026-09-28 19:49:11.4530000,0,900,0,2026-09-28 19:49:11.4530000,-21.050000,-58.100000
71370,"Estancia Barrero Grande",2587,187,"21K","21K2H1S4Q",2,2026-09-28 19:49:15.0600000,0,900,0,2026-09-28 19:49:15.0600000,-21.066670,-58.083330
71236,"Estancia Primavera",2587,187,"21K","21K2H1S4Q",2,2026-09-28 19:49:18.1170000,0,900,0,2026-09-28 19:49:18.1170000,-21.083330,-58.100000
44777,"Mikaikarivo",1877,143,"38J","38J1H2S2Q",2,2026-09-28 19:49:33.5630000,0,1200,0,2026-09-28 19:49:33.5630000,-24.450000,45.216670
1968509,"Springville",3571,233,"12T","12T2H5S3Q",1,2019-10-26 06:08:23.0600000,443693,0,0,2026-09-28 19:51:18.1400000,40.165230,-111.610750
55692,"Puerto San Juan",2573,187,"21K","21K2H5S3Q",2,2026-09-28 19:51:53.0030000,0,1059,0,2026-09-28 19:51:53.0030000,-23.083330,-57.716670
55946,"Puerto Cooper",2573,187,"21K","21K2H5S3Q",2,2026-09-28 19:52:02.3200000,0,1059,0,2026-09-28 19:52:02.3200000,-23.050000,-57.716670
2295463,"Mettmenriet",503,43,"32T","32T1H2S1Q",3,2024-06-26 15:13:30.1200000,0,0,14246272,2026-09-28 19:52:02.7230000,47.512600,8.545720
2516510,"Smorodinka",2657,192,"39U","39U2H1S2Q",1,2026-09-28 19:52:24.5100000,1200,0,0,2026-09-28 19:52:24.5100000,51.977260,49.939850
2516521,"Gryaznyye",2654,192,"37U","37U2H3S2Q",1,2026-09-28 19:52:30.0500000,1200,0,0,2026-09-28 19:52:30.0500000,51.977500,41.140560
2516532,"Burenino",2665,192,"39U","39U2H3S1Q",1,2026-09-28 19:52:31.9200000,1200,0,0,2026-09-28 19:52:31.9200000,51.977780,52.833610
56039,"Estancia Potrero",2580,187,"21K","21K2H5S3Q",2,2026-09-28 19:52:32.6130000,0,1059,0,2026-09-28 19:52:32.6130000,-23.041390,-57.697500
2516533,"Danilovka",2715,192,"45U","45U2H1S2Q",1,2026-09-28 19:52:35.6700000,1200,0,0,2026-09-28 19:52:35.6700000,51.977780,85.048610
55817,"Puerto Napegue",2580,187,"21K","21K2H5S3Q",2,2026-09-28 19:52:35.9830000,0,1059,0,2026-09-28 19:52:35.9830000,-23.066670,-57.666670
2516547,"Levinka",2713,192,"45U","45U2H2S1Q",1,2026-09-28 19:52:39.1930000,1200,0,0,2026-09-28 19:52:39.1930000,51.978610,86.420830
55548,"Puerto Armandina",2580,187,"21K","21K2H5S3Q",2,2026-09-28 19:52:40.3730000,0,1060,0,2026-09-28 19:52:40.3730000,-23.100000,-57.650000
57572,"Estancia Cabanas",2580,187,"21K","21K2H5S1Q",2,2026-09-28 19:52:55.9700000,0,1058,0,2026-09-28 19:52:55.9700000,-22.866670,-57.650000
58502,"Puerto Itapucu Mi",2580,187,"21K","21K2H5S1Q",2,2026-09-28 19:53:02.8270000,0,1153,0,2026-09-28 19:53:02.8270000,-22.750000,-57.866670
49108,"Estancia San Onofre",2573,187,"21K","21K2H5S3Q",2,2026-09-28 19:53:17.6970000,0,1060,0,2026-09-28 19:53:17.6970000,-23.811670,-57.580280
47785,"Estancia La Mocha",2573,187,"21K","21K2H5S3Q",2,2026-09-28 19:53:28.4730000,0,1060,0,2026-09-28 19:53:28.4730000,-23.973330,-57.677500
1750445,"Skiatook",3546,233,"14S","14S1H6S4Q",3,2013-08-16 19:17:15.7430000,0,0,7110641,2026-09-28 19:53:51.9400000,36.368420,-96.001380
1354748,"Qanat-e Bagh-e Khongeh Savar",1340,108,"39R","39R1H5S2Q",2,2026-09-28 19:54:00.1830000,0,844,0,2026-09-28 19:54:00.1830000,29.112860,51.830040
1355035,"Khongeh Savar",1340,108,"39R","39R1H5S2Q",2,2026-09-28 19:54:02.9830000,0,844,0,2026-09-28 19:54:02.9830000,29.119130,51.824650
1355283,"Runi",1342,108,"39R","39R1H5S2Q",2,2026-09-28 19:54:07.6500000,0,844,0,2026-09-28 19:54:07.6500000,29.126760,51.751620
1355852,"Aqa Mir Ahmad",1342,108,"39R","39R1H5S2Q",2,2026-09-28 19:54:10.8730000,0,844,0,2026-09-28 19:54:10.8730000,29.141860,51.655420
1355990,"Mazra`eh-ye Kaftaru",1342,108,"39R","39R1H5S2Q",2,2026-09-28 19:54:14.6570000,0,844,0,2026-09-28 19:54:14.6570000,29.145830,51.640280
1356363,"Murdeh Kheyr",1342,108,"39R","39R1H5S2Q",2,2026-09-28 19:54:17.8100000,0,844,0,2026-09-28 19:54:17.8100000,29.155170,51.634560
2516550,"Yegor'yevka",2657,192,"38U","38U2H1S2Q",1,2026-09-28 19:54:19.2400000,1200,0,0,2026-09-28 19:54:19.2400000,51.978700,43.037900
51069,"Estancia Cuatro de Mayo",2572,187,"21K","21K2H5S3Q",2,2026-09-28 19:54:57.9070000,0,1060,0,2026-09-28 19:54:57.9070000,-23.586940,-57.137220
51547,"Estancia Tres Marias",2572,187,"21K","21K2H5S3Q",2,2026-09-28 19:55:11.2270000,0,1060,0,2026-09-28 19:55:11.2270000,-23.549440,-57.111670
2224222,"Terrebonne",459,38,"18T","18T1H6S1Q",1,2026-06-11 18:01:35.8130000,450260,0,0,2026-09-28 19:55:15.8830000,45.700040,-73.647320
49742,"Guardia-cue",2572,187,"21K","21K2H5S3Q",2,2026-09-28 19:55:17.3130000,0,1061,0,2026-09-28 19:55:17.3130000,-23.733330,-57.150000
49306,"Estancia Pedernal",2573,187,"21K","21K2H5S3Q",2,2026-09-28 19:55:25.0130000,0,1062,0,2026-09-28 19:55:25.0130000,-23.783330,-57.166670
48432,"Estancia Serratti",2572,187,"21K","21K2H5S3Q",2,2026-09-28 19:55:33.9270000,0,1062,0,2026-09-28 19:55:33.9270000,-23.895830,-57.194440
56363,"Estancia San Juan",2573,187,"21K","21K2H4S3Q",2,2026-09-28 19:55:55.1400000,0,609,0,2026-09-28 19:55:55.1400000,-23.000000,-59.600000
2487224,"Rott",707,57,"32U","32U2H1S1Q",2,2014-08-27 04:47:42.6800000,0,14854448,0,2026-09-28 19:55:59.9870000,51.350000,6.600000
1403415,"Claybank",3541,233,"15R","15R1H3S4Q",2,2025-09-20 16:18:43.7930000,0,1947349,0,2026-09-28 19:56:01.2630000,30.338800,-90.863150
57212,"Paraje Tuyuyu",2573,187,"21K","21K2H4S1Q",2,2026-09-28 19:56:06.4430000,0,636,0,2026-09-28 19:56:06.4430000,-22.900000,-59.466670
57028,"Estancia Millon",2573,187,"21K","21K2H4S1Q",2,2026-09-28 19:56:27.8830000,0,636,0,2026-09-28 19:56:27.8830000,-22.916670,-59.500000
56461,"Estancia Cara u",2573,187,"21K","21K2H4S1Q",2,2026-09-28 19:56:46.8100000,0,636,0,2026-09-28 19:56:46.8100000,-22.983330,-59.500000
2670053,"Setun'",2670,192,"37U","37U1H1S2Q",2,2019-01-27 15:19:48.0930000,0,1427440,0,2026-09-28 19:57:03.4700000,55.716670,37.416670
44778,"Ankeramena",1877,143,"38J","38J1H2S2Q",2,2026-09-28 19:57:17.5900000,0,1200,0,2026-09-28 19:57:17.5900000,-24.450000,45.233330
37865,"Santa Elena",2579,187,"21J","21J1H2S4Q",2,2026-09-28 19:57:23.7900000,0,1078,0,2026-09-28 19:57:23.7900000,-25.400000,-56.800000
44899,"Mikaiky",1877,143,"38J","38J1H2S2Q",2,2026-09-28 19:57:23.7930000,0,1200,0,2026-09-28 19:57:23.7930000,-24.433330,45.183330
45029,"Mikaiky",1877,143,"38J","38J1H2S2Q",2,2026-09-28 19:57:27.8170000,0,1200,0,2026-09-28 19:57:27.8170000,-24.416670,45.183330
87482,"Alarobia",1882,143,"38K","38K1H6S2Q",2,2026-09-28 19:57:28.5800000,0,741,0,2026-09-28 19:57:28.5800000,-18.966670,47.733330
38295,"Tacuary",2579,187,"21J","21J1H2S4Q",2,2026-09-28 19:57:33.1430000,0,1077,0,2026-09-28 19:57:33.1430000,-25.316670,-56.816670
87483,"Ankadimanga",1882,143,"38K","38K1H6S2Q",2,2026-09-28 19:57:43.7600000,0,741,0,2026-09-28 19:57:43.7600000,-18.966670,47.750000
38370,"Isla Pucu",2579,187,"21J","21J1H2S4Q",2,2026-09-28 19:57:44.0600000,0,1077,0,2026-09-28 19:57:44.0600000,-25.300000,-56.900000
45164,"Antsakoamasy",1877,143,"38J","38J1H2S2Q",2,2026-09-28 19:57:52.4300000,0,1200,0,2026-09-28 19:57:52.4300000,-24.400000,45.166670
38640,"Andres Aquirye",2579,187,"21J","21J1H2S4Q",2,2026-09-28 19:57:59.2470000,0,1075,0,2026-09-28 19:57:59.2470000,-25.250000,-56.933330
53497,"Puerto Yrigoyen",2573,187,"21K","21K2H5S3Q",2,2026-09-28 19:58:27.1700000,0,1056,0,2026-09-28 19:58:27.1700000,-23.333330,-57.416670
53662,"Retiro Yrigoyen",2573,187,"21K","21K2H5S3Q",2,2026-09-28 19:58:42.3370000,0,1056,0,2026-09-28 19:58:42.3370000,-23.316670,-57.500000
53019,"Estancia Palo Santo",2573,187,"21K","21K2H5S3Q",2,2026-09-28 19:58:52.2300000,0,1056,0,2026-09-28 19:58:52.2300000,-23.387780,-57.583060
87611,"Mangarano",1882,143,"38K","38K1H6S2Q",2,2026-09-28 19:58:56.1670000,0,741,0,2026-09-28 19:58:56.1670000,-18.950000,47.750000
52804,"Puerto Militar",2573,187,"21K","21K2H5S3Q",2,2026-09-28 19:59:02.6030000,0,1057,0,2026-09-28 19:59:02.6030000,-23.416390,-57.478610
54806,"Estancia Buena Vista",2573,187,"21K","21K2H5S3Q",2,2026-09-28 19:59:10.8700000,0,1053,0,2026-09-28 19:59:10.8700000,-23.193890,-57.815830
87612,"Ambohitrony",1882,143,"38K","38K1H6S2Q",2,2026-09-28 19:59:12.7970000,0,741,0,2026-09-28 19:59:12.7970000,-18.950000,47.783330
87485,"Andriambazaha",1882,143,"38K","38K1H6S2Q",2,2026-09-28 19:59:18.4630000,0,741,0,2026-09-28 19:59:18.4630000,-18.966670,47.800000
54719,"Puesto Toldo-i",2573,187,"21K","21K2H5S3Q",2,2026-09-28 19:59:20.2870000,0,1052,0,2026-09-28 19:59:20.2870000,-23.200000,-57.983330
87613,"Ambohinavela",1882,143,"38K","38K1H6S2Q",2,2026-09-28 19:59:22.2500000,0,741,0,2026-09-28 19:59:22.2500000,-18.950000,47.800000
53147,"Estancia Buena Vista",2573,187,"21K","21K2H5S3Q",2,2026-09-28 19:59:32.8730000,0,1054,0,2026-09-28 19:59:32.8730000,-23.374170,-57.857500
2034332,"L'Hospitalet de Llobregat",909,68,"31T","31T2H5S1Q",3,2024-03-17 09:35:58.5070000,0,213023,2247608,2026-09-28 19:59:39.4700000,41.359670,2.100280
52027,"Puesto Corralito",2573,187,"21K","21K2H5S3Q",2,2026-09-28 19:59:40.5030000,0,1056,0,2026-09-28 19:59:40.5030000,-23.500000,-57.650000
87752,"Samia",1882,143,"38K","38K1H6S2Q",2,2026-09-28 20:00:09.4570000,0,741,0,2026-09-28 20:00:09.4570000,-18.933330,47.783330
2571599,"Oudega",2274,167,"31U","31U1H6S2Q",1,2023-02-14 18:12:35.0870000,1449665,0,0,2026-09-28 20:00:39.5200000,53.125040,5.998880
87753,"Soavinandriana",1882,143,"38K","38K1H6S2Q",2,2026-09-28 20:00:42.6000000,0,741,0,2026-09-28 20:00:42.6000000,-18.933330,47.800000
87879,"Manjakandriana",1882,143,"38K","38K1H6S2Q",2,2026-09-28 20:00:46.2930000,0,741,0,2026-09-28 20:00:46.2930000,-18.916670,47.800000
2547056,"Brieselang-Nord",713,57,"33U","33U1H4S4Q",2,2026-09-28 18:36:48.0130000,0,14993,0,2026-09-28 20:01:02.0930000,52.616670,13.000000
1955678,"Birdwood Hill",3584,233,"18S","18S1H2S1Q",3,2019-11-15 23:29:09.1770000,0,0,100298,2026-09-28 20:02:10.1270000,39.940900,-75.603800
1955011,"Allegiance",3584,233,"18S","18S1H2S1Q",3,2019-11-16 01:11:52.2700000,0,0,53481,2026-09-28 20:02:25.3200000,39.931700,-75.620200
2172519,"Giulesti",2632,190,"35T","35T1H5S3Q",3,2026-07-07 19:33:25.7130000,0,0,1000041,2026-09-28 20:02:25.7400000,44.466670,26.000000
87614,"Marotanora",1882,143,"38K","38K1H6S2Q",2,2026-09-28 20:02:55.5930000,0,741,0,2026-09-28 20:02:55.5930000,-18.950000,47.833330
87880,"Andranomangatsiaka",1882,143,"38K","38K1H6S2Q",2,2026-09-28 20:02:59.7900000,0,741,0,2026-09-28 20:02:59.7900000,-18.916670,47.833330
1724689,"Sloan",3570,233,"11S","11S2H3S1Q",2,2014-08-02 08:09:36.7030000,0,23608510,0,2026-09-28 20:03:34.4000000,35.943590,-115.217220
2264753,"Essex",3578,233,"10T","10T1H2S3Q",3,2026-09-28 20:03:58.1200000,8,0,300,2026-09-28 20:03:58.1200000,46.803990,-123.006530
2264818,"Grand Mound",3578,233,"10T","10T1H2S3Q",3,2026-09-28 20:04:18.0900000,0,0,2265,2026-09-28 20:04:20.5000000,46.808520,-123.013560
68560,"Anosifito",1880,143,"38K","38K2H3S3Q",2,2026-09-28 20:05:14.1830000,0,741,0,2026-09-28 20:05:14.1830000,-21.383330,46.450000
2501721,"Fokkershoek",2270,167,"31U","31U2H3S2Q",3,2019-03-25 14:43:00.5270000,0,0,3119198,2026-09-28 20:05:15.9100000,51.658330,5.451390
68561,"Manamisoa",1880,143,"38K","38K2H3S3Q",2,2026-09-28 20:05:17.2470000,0,741,0,2026-09-28 20:05:17.2470000,-21.383330,46.483330
2066846,"Woodland",3562,233,"18T","18T2H2S4Q",1,2026-09-28 20:05:18.0970000,891,0,0,2026-09-28 20:05:18.0970000,42.053150,-74.331820
68421,"Fompohona",1880,143,"38K","38K2H3S3Q",2,2026-09-28 20:05:20.1430000,0,741,0,2026-09-28 20:05:20.1430000,-21.400000,46.483330
2066522,"Mount Pleasant",3562,233,"18T","18T2H2S4Q",1,2026-09-28 20:05:21.9400000,870,0,0,2026-09-28 20:05:21.9400000,42.048420,-74.289040
68422,"Ianakazo",1880,143,"38K","38K2H3S3Q",2,2026-09-28 20:05:22.6670000,0,741,0,2026-09-28 20:05:22.6670000,-21.400000,46.516670
68258,"Kirano",1880,143,"38K","38K2H3S3Q",2,2026-09-28 20:05:25.9800000,0,741,0,2026-09-28 20:05:25.9800000,-21.416670,46.550000
2066410,"Mount Tremper",3562,233,"18T","18T2H2S4Q",1,2026-09-28 20:05:27.3670000,891,0,0,2026-09-28 20:05:27.3670000,42.044810,-74.275420
2109904,"Long Bridge",3562,233,"18T","18T2H1S4Q",1,2023-09-17 03:01:03.9300000,91182,0,0,2026-09-28 20:05:28.0270000,42.980340,-76.446050
68562,"Vohibola",1880,143,"38K","38K2H3S3Q",2,2026-09-28 20:05:29.1870000,0,741,0,2026-09-28 20:05:29.1870000,-21.383330,46.633330
68705,"Mahasoa",1880,143,"38K","38K2H3S3Q",2,2026-09-28 20:05:32.2370000,0,741,0,2026-09-28 20:05:32.2370000,-21.366670,46.566670
2070606,"Manorville",3562,233,"18T","18T2H2S4Q",1,2026-09-28 20:05:32.8270000,953,0,0,2026-09-28 20:05:32.8270000,42.142310,-74.035970
69018,"Voenana",1880,143,"38K","38K2H3S3Q",2,2026-09-28 20:05:36.9030000,0,741,0,2026-09-28 20:05:36.9030000,-21.333330,46.566670
2073793,"Cauterskill",3562,233,"18T","18T2H3S3Q",1,2026-09-28 20:05:38.7170000,1119,0,0,2026-09-28 20:05:38.7170000,42.220090,-73.891240
2543085,"Charlottenburg-Nord",714,57,"33U","33U1H4S4Q",2,2014-10-14 15:10:15.9800000,0,4023090,0,2026-09-28 20:05:38.7200000,52.530480,13.293710
17711,"Burswood",137,13,"50J","50J2H4S4Q",2,2017-01-07 14:09:52.6170000,0,1530245,688,2026-09-28 20:05:40.4870000,-31.958720,115.903960
2073711,"Catskill",3562,233,"18T","18T2H3S3Q",1,2026-09-28 20:05:43.3500000,1008,0,0,2026-09-28 20:05:43.3500000,42.217310,-73.864570
2073250,"Greendale",3562,233,"18T","18T2H3S3Q",1,2026-09-28 20:05:47.0000000,1062,0,0,2026-09-28 20:05:47.0000000,42.207310,-73.847070
2072648,"Oak Hill Landing",3562,233,"18T","18T2H3S3Q",1,2026-09-28 20:05:52.4700000,1103,0,0,2026-09-28 20:05:52.4700000,42.194260,-73.850410
2621461,"Ohe",702,57,"32U","32U1H2S4Q",3,2022-10-05 06:36:44.2000000,0,0,60264,2026-09-28 20:06:18.4200000,54.283330,9.766670
2071772,"Linlithgo",3562,233,"18T","18T2H3S3Q",1,2026-09-28 20:06:37.8830000,924,0,0,2026-09-28 20:06:37.8830000,42.171480,-73.847070
2533212,"Niederlehme",713,57,"33U","33U1H4S4Q",2,2026-09-19 08:44:23.5400000,0,51936,0,2026-09-28 20:06:50.3230000,52.316670,13.650000
449294,"Rukubankanda",2730,193,"35M","35M1H3S4Q",3,2026-09-28 20:07:07.0230000,0,0,1200,2026-09-28 20:07:07.0230000,-1.552500,29.702200
449267,"Kanyanzige",2730,193,"35M","35M1H3S4Q",3,2026-09-28 20:07:10.4030000,0,0,1200,2026-09-28 20:07:10.4030000,-1.554300,29.706800
449189,"Kamisave",2730,193,"35M","35M1H3S4Q",3,2026-09-28 20:07:13.6530000,0,0,1200,2026-09-28 20:07:13.6530000,-1.561900,29.715200
449256,"Gihango",2730,193,"35M","35M1H3S4Q",3,2026-09-28 20:07:17.7670000,0,0,1200,2026-09-28 20:07:17.7670000,-1.555100,29.695400
449129,"Tonguburo",2730,193,"35M","35M1H3S4Q",3,2026-09-28 20:07:21.3870000,0,0,1200,2026-09-28 20:07:21.3870000,-1.565900,29.697600
448978,"Muhorore",2730,193,"35M","35M1H3S4Q",3,2026-09-28 20:07:24.9400000,0,0,1200,2026-09-28 20:07:24.9400000,-1.571500,29.706000
448964,"Buraza",2730,193,"35M","35M1H3S4Q",3,2026-09-28 20:07:31.7200000,0,0,1200,2026-09-28 20:07:31.7200000,-1.573100,29.716300
448950,"Muhaza",2730,193,"35M","35M1H3S4Q",3,2026-09-28 20:07:35.3870000,0,0,1200,2026-09-28 20:07:35.3870000,-1.574280,29.711880
17550,"Bentley",137,13,"50H","50H1H1S2Q",2,2016-05-03 01:22:56.8300000,0,1205831,876,2026-09-28 20:07:48.7230000,-32.000000,115.916670
2392600,"Kaubenheim",715,57,"32U","32U2H6S1Q",3,2016-11-21 05:23:13.8770000,0,0,510861,2026-09-28 20:08:49.1730000,49.533330,10.466670
1895814,"Franklin McPherson Square",3536,233,"18S","18S1H1S3Q",3,2026-05-15 04:23:24.6530000,0,0,1216147,2026-09-28 20:10:03.2400000,38.901500,-77.033030
2280762,"L'Anglesort",949,75,"30T","30T1H3S1Q",1,2010-01-01 00:00:00.0000000,2017202,0,0,2026-09-28 20:11:31.8530000,47.216670,-1.400000
2533856,"Dunchurch",979,77,"30U","30U1H6S3Q",0,2010-01-01 00:00:00.0000000,0,0,0,2026-09-28 20:11:51.4830000,52.333330,-1.283330
2536216,"Lilbourne",979,77,"30U","30U1H6S3Q",0,2010-01-01 00:00:00.0000000,0,0,0,2026-09-28 20:11:52.5130000,52.383330,-1.166670
2537042,"Brinklow",979,77,"30U","30U1H6S3Q",0,2010-01-01 00:00:00.0000000,0,0,0,2026-09-28 20:11:53.5600000,52.400000,-1.350000
2538572,"Desborough",979,77,"30U","30U1H6S4Q",0,2010-01-01 00:00:00.0000000,0,0,0,2026-09-28 20:11:54.5900000,52.433330,-0.816670
2540901,"Ashby Parva",979,77,"30U","30U1H6S3Q",0,2010-01-01 00:00:00.0000000,0,0,0,2026-09-28 20:11:55.6200000,52.483330,-1.216670
2541653,"Bruntingthorpe",979,77,"30U","30U1H6S3Q",0,2010-01-01 00:00:00.0000000,0,0,0,2026-09-28 20:11:56.6500000,52.500000,-1.100000
2546234,"Braunstone",979,77,"30U","30U1H6S3Q",0,2010-01-01 00:00:00.0000000,0,0,0,2026-09-28 20:11:57.6970000,52.600000,-1.166670
44775,"Sakoabevositsy",1877,143,"38J","38J1H2S2Q",2,2026-09-28 20:12:44.7800000,0,1200,0,2026-09-28 20:12:44.7800000,-24.450000,45.133330
44773,"Sakoamilahatsy",1877,143,"38J","38J1H2S2Q",2,2026-09-28 20:12:47.9570000,0,1200,0,2026-09-28 20:12:47.9570000,-24.450000,45.116670
44898,"Sakoamilahatsy",1877,143,"38J","38J1H2S2Q",2,2026-09-28 20:12:51.7200000,0,1200,0,2026-09-28 20:12:51.7200000,-24.433330,45.116670
45027,"Reromotsy",1877,143,"38J","38J1H2S2Q",2,2026-09-28 20:12:55.3830000,0,1200,0,2026-09-28 20:12:55.3830000,-24.416670,45.116670
45163,"Mahalay",1877,143,"38J","38J1H2S2Q",2,2026-09-28 20:13:09.6530000,0,1200,0,2026-09-28 20:13:09.6530000,-24.400000,45.116670
2310820,"Thiellay",961,75,"30T","30T1H3S1Q",1,2026-09-28 20:13:41.4970000,1177,0,0,2026-09-28 20:13:41.4970000,47.833330,-1.400000
87754,"Ankazondriaka",1882,143,"38K","38K1H6S2Q",2,2026-09-28 20:14:06.3930000,0,741,0,2026-09-28 20:14:06.3930000,-18.933330,47.866670
87615,"Ampasipotsy",1882,143,"38K","38K1H6S2Q",2,2026-09-28 20:14:11.9670000,0,741,0,2026-09-28 20:14:11.9670000,-18.950000,47.883330
87487,"Andranobe",1882,143,"38K","38K1H6S2Q",2,2026-09-28 20:14:15.1030000,0,741,0,2026-09-28 20:14:15.1030000,-18.966670,47.916670
87616,"Ampanarianjono",1878,143,"38K","38K1H6S2Q",2,2026-09-28 20:14:17.9200000,0,741,0,2026-09-28 20:14:17.9200000,-18.950000,47.950000
87755,"Ambatolaona",1882,143,"38K","38K1H6S2Q",2,2026-09-28 20:14:20.6070000,0,741,0,2026-09-28 20:14:20.6070000,-18.933330,47.900000
87881,"Marozevo",1878,143,"38K","38K1H6S2Q",2,2026-09-28 20:14:23.4000000,0,741,0,2026-09-28 20:14:23.4000000,-18.916670,47.933330
87883,"Mahasoa",1878,143,"38K","38K1H6S2Q",2,2026-09-28 20:14:26.6970000,0,741,0,2026-09-28 20:14:26.6970000,-18.916670,47.950000
87756,"Tsatahalana",1878,143,"38K","38K1H6S2Q",2,2026-09-28 20:14:29.1530000,0,741,0,2026-09-28 20:14:29.1530000,-18.933330,47.983330
62678,"Morapanatsa",1880,143,"38K","38K2H5S2Q",2,2026-09-28 20:15:01.0270000,0,741,0,2026-09-28 20:15:01.0270000,-22.133330,45.550000
62482,"Ianakondro",1880,143,"38K","38K2H5S2Q",2,2026-09-28 20:15:04.2200000,0,741,0,2026-09-28 20:15:04.2200000,-22.166670,45.616670
2271824,"Saint-Hilaire-de-Mortagne",949,75,"30T","30T1H3S4Q",1,2024-10-12 19:02:04.1630000,1023900,0,0,2026-09-28 20:15:09.2970000,46.983330,-0.933330
62390,"Ampandrabe",1880,143,"38K","38K2H5S2Q",2,2026-09-28 20:15:12.7870000,0,741,0,2026-09-28 20:15:12.7870000,-22.183330,45.633330
62189,"Ambohitsimamory",1880,143,"38K","38K2H5S2Q",2,2026-09-28 20:15:15.5330000,0,741,0,2026-09-28 20:15:15.5330000,-22.216670,45.633330
62188,"Ambaibo",1880,143,"38K","38K2H5S2Q",2,2026-09-28 20:15:18.2500000,0,741,0,2026-09-28 20:15:18.2500000,-22.216670,45.600000
62001,"Vohitrakanga",1880,143,"38K","38K2H5S2Q",2,2026-09-28 20:15:20.8830000,0,741,0,2026-09-28 20:15:20.8830000,-22.250000,45.616670
62000,"Tsianaloky",1880,143,"38K","38K2H5S2Q",2,2026-09-28 20:15:23.3700000,0,741,0,2026-09-28 20:15:23.3700000,-22.250000,45.600000
61782,"Ambindabe",1880,143,"38K","38K2H5S2Q",2,2026-09-28 20:15:25.7600000,0,741,0,2026-09-28 20:15:25.7600000,-22.283330,45.616670
1693099,"Mustang",3546,233,"14S","14S2H3S1Q",2,2024-09-28 02:46:13.1330000,0,2993067,7187,2026-09-28 20:15:43.4070000,35.384230,-97.724490
1696447,"Smith Village",3546,233,"14S","14S2H3S1Q",2,2024-12-20 09:36:18.8600000,0,1998756,1965,2026-09-28 20:15:55.2400000,35.450890,-97.457260
2565286,"Clifton",979,77,"30U","30U1H6S3Q",2,2024-05-16 09:50:08.3100000,0,101969,0,2026-09-28 20:17:25.5770000,53.000000,-1.750000
2235440,"Lugano",508,43,"32T","32T1H2S3Q",3,2026-09-24 14:18:51.7100000,1500,0,226686,2026-09-28 20:18:06.4700000,46.010080,8.960040
2788420,"Zhernovka",2676,192,"36V","36V2H1S1Q",3,2016-09-09 13:30:35.3200000,0,0,3014743,2026-09-28 20:18:45.6300000,59.950000,30.466670
1983613,"Crumb Corner",3555,233,"16T","16T2H5S4Q",3,2025-01-19 15:38:31.5700000,0,0,574049,2026-09-28 20:19:28.6870000,40.453920,-86.927790
2518488,"Kopaszewko",2451,180,"33U","33U1H6S3Q",2,2026-09-27 12:16:36.6270000,0,63750,0,2026-09-28 20:19:43.3870000,52.017370,16.820900
2638301,"Whitehead",978,77,"30U","30U1H1S3Q",1,2024-11-20 23:22:17.9700000,200859,0,0,2026-09-28 20:20:09.1030000,54.753710,-5.709330
2524285,"Den Deijl",2265,167,"31U","31U1H6S3Q",1,2026-09-28 20:20:51.2200000,922,0,0,2026-09-28 20:20:51.2200000,52.137500,4.412500
2560024,"Plumtree",979,77,"30U","30U1H6S3Q",0,2010-01-01 00:00:00.0000000,0,0,0,2026-09-28 20:20:54.2200000,52.891400,-1.090050
2560851,"Cotgrave",979,77,"30U","30U1H6S3Q",0,2010-01-01 00:00:00.0000000,0,0,0,2026-09-28 20:20:55.2500000,52.908590,-1.037520
2561013,"Cropwell Bishop",979,77,"30U","30U1H6S4Q",0,2010-01-01 00:00:00.0000000,0,0,0,2026-09-28 20:20:56.2970000,52.914800,-0.984820
2561098,"Tollerton",979,77,"30U","30U1H6S3Q",0,2010-01-01 00:00:00.0000000,0,0,0,2026-09-28 20:20:57.3400000,52.916670,-1.083330
2561707,"Cropwell Butler",979,77,"30U","30U1H6S4Q",0,2010-01-01 00:00:00.0000000,0,0,0,2026-09-28 20:20:58.3830000,52.928260,-0.984480
69017,"Manambovona",1880,143,"38K","38K2H3S3Q",2,2026-09-28 20:21:04.8300000,0,741,0,2026-09-28 20:21:04.8300000,-21.333330,46.516670
69016,"Lahazoarivo",1880,143,"38K","38K2H3S3Q",2,2026-09-28 20:21:06.3800000,0,741,0,2026-09-28 20:21:06.3800000,-21.333330,46.483330
69336,"Ambahibe",1880,143,"38K","38K2H3S3Q",2,2026-09-28 20:21:08.9100000,0,741,0,2026-09-28 20:21:08.9130000,-21.300000,46.450000
69165,"Vohatsara",1880,143,"38K","38K2H3S3Q",2,2026-09-28 20:21:11.7330000,0,904,0,2026-09-28 20:21:11.7330000,-21.316670,46.516670
69337,"Ambalavao Andrefana",1880,143,"38K","38K2H3S3Q",2,2026-09-28 20:21:14.2600000,0,741,0,2026-09-28 20:21:14.2600000,-21.300000,46.533330
69338,"Anjiva",1880,143,"38K","38K2H3S3Q",2,2026-09-28 20:21:24.5670000,0,741,0,2026-09-28 20:21:24.5670000,-21.300000,46.566670
69166,"Antanamarina",1880,143,"38K","38K2H3S3Q",2,2026-09-28 20:21:27.4500000,0,741,0,2026-09-28 20:21:27.4500000,-21.316670,46.583330
69829,"Vohimiolana",1880,143,"38K","38K2H3S3Q",2,2026-09-28 20:21:30.3230000,0,741,0,2026-09-28 20:21:30.3230000,-21.250000,46.533330
1406032,"Hilltop",3549,233,"14R","14R1H2S4Q",1,2026-09-28 20:23:15.7600000,454,0,0,2026-09-28 20:23:15.7600000,30.397700,-98.968660
1354837,"Cheshmeh Zard",1342,108,"39R","39R1H5S2Q",2,2026-09-28 20:25:41.7700000,0,843,0,2026-09-28 20:25:41.7700000,29.116100,51.573910
1354907,"Kamar Zard",1342,108,"39R","39R1H5S2Q",2,2026-09-28 20:25:45.2170000,0,843,0,2026-09-28 20:25:45.2170000,29.116670,51.566670
1354709,"Tang-e Zard",1342,108,"39R","39R1H5S2Q",2,2026-09-28 20:25:49.6600000,0,843,0,2026-09-28 20:25:49.6600000,29.111390,51.556670
1354694,"Parchunag",1342,108,"39R","39R1H5S2Q",2,2026-09-28 20:25:52.0700000,0,843,0,2026-09-28 20:25:52.0700000,29.111100,51.537130
1354526,"Cheh Bak",1342,108,"39R","39R1H5S2Q",2,2026-09-28 20:25:54.6300000,0,843,0,2026-09-28 20:25:54.6300000,29.105600,51.589280
1353774,"Bozpar",1342,108,"39R","39R1H5S2Q",2,2026-09-28 20:25:57.7600000,0,844,0,2026-09-28 20:25:57.7600000,29.083330,51.683330
1353376,"Cheh Bak",1342,108,"39R","39R1H5S2Q",2,2026-09-28 20:26:00.6200000,0,844,0,2026-09-28 20:26:00.6200000,29.070780,51.600210
1352659,"Tolombeh-ye Mohammad `Alipur",1342,108,"39R","39R1H5S2Q",2,2026-09-28 20:26:03.4800000,0,844,0,2026-09-28 20:26:03.4800000,29.050000,51.616670
2159135,"Burton",457,38,"17T","17T1H6S4Q",3,2019-07-17 00:27:52.7200000,0,0,1926581,2026-09-28 20:27:30.2830000,44.118770,-78.722020
2084475,"Stockbridge",3557,233,"16T","16T2H3S4Q",1,2026-02-08 14:04:45.7130000,862809,0,0,2026-09-28 20:28:42.2030000,42.451150,-84.180510
2083889,"Williamsville",3557,233,"16T","16T2H3S4Q",1,2016-05-03 03:32:34.6430000,1205722,8864,0,2026-09-28 20:28:54.7670000,42.438920,-84.096620
1576856,"Park Place South",3539,233,"16S","16S2H6S2Q",3,2013-08-17 23:32:49.7500000,0,0,1019605,2026-09-28 20:29:26.7000000,33.606220,-84.442980
45382,"Ananaboro",1877,143,"38J","38J1H2S2Q",2,2026-09-28 20:30:11.6870000,0,1200,0,2026-09-28 20:30:11.6870000,-24.366670,45.116670
45383,"Anaromalangy",1877,143,"38J","38J1H2S2Q",2,2026-09-28 20:30:14.4630000,0,1200,0,2026-09-28 20:30:14.4630000,-24.366670,45.133330
45498,"Bevondro",1877,143,"38J","38J1H2S2Q",2,2026-09-28 20:30:18.8600000,0,1200,0,2026-09-28 20:30:18.8600000,-24.350000,45.150000
45496,"Ankilibory",1877,143,"38J","38J1H2S2Q",2,2026-09-28 20:30:22.0400000,0,1200,0,2026-09-28 20:30:22.0400000,-24.350000,45.116670
45697,"Bedeboky",1877,143,"38J","38J1H2S2Q",2,2026-09-28 20:30:24.8670000,0,1200,0,2026-09-28 20:30:24.8670000,-24.316670,45.116670
45699,"Bevohidava",1877,143,"38J","38J1H2S2Q",2,2026-09-28 20:30:27.5270000,0,1200,0,2026-09-28 20:30:27.5270000,-24.316670,45.150000
448905,"Busoga",2730,193,"35M","35M1H3S4Q",3,2026-09-28 20:31:05.8870000,0,0,1200,2026-09-28 20:31:05.8870000,-1.578500,29.709200
448881,"Gatoke",2730,193,"35M","35M1H3S4Q",3,2026-09-28 20:31:14.2870000,0,0,1200,2026-09-28 20:31:14.2870000,-1.579900,29.704200
448953,"Rugaragara",2730,193,"35M","35M1H3S4Q",3,2026-09-28 20:31:17.6230000,0,0,1200,2026-09-28 20:31:17.6230000,-1.574100,29.692800
448856,"Cyabingo",2730,193,"35M","35M1H3S4Q",3,2026-09-28 20:31:21.7930000,0,0,1200,2026-09-28 20:31:21.7930000,-1.581900,29.689100
448841,"Bukuba",2730,193,"35M","35M1H3S4Q",3,2026-09-28 20:31:25.5870000,0,0,1200,2026-09-28 20:31:25.5870000,-1.582600,29.696400
30699,"Bethania Junction",142,13,"56J","56J1H5S4Q",2,2018-05-08 11:43:33.8630000,0,7853518,0,2026-09-28 20:31:27.9830000,-27.683330,153.166670
448694,"Muramba",2730,193,"35M","35M1H3S4Q",3,2026-09-28 20:31:30.0530000,0,0,1200,2026-09-28 20:31:30.0530000,-1.588500,29.692600
448716,"Mutanda",2730,193,"35M","35M1H3S4Q",3,2026-09-28 20:31:33.8200000,0,0,1200,2026-09-28 20:31:33.8200000,-1.586200,29.683100
448560,"Rukore",2730,193,"35M","35M1H3S4Q",3,2026-09-28 20:31:37.8600000,0,0,1200,2026-09-28 20:31:37.8600000,-1.598200,29.690000
87617,"Ampasimootsy",1878,143,"39K","39K1H4S1Q",2,2026-09-28 20:31:41.1330000,46,300,0,2026-09-28 20:31:41.1330000,-18.950000,48.033330
87488,"Ambodiriana",1878,143,"39K","39K1H4S1Q",2,2026-09-28 20:31:45.9300000,0,741,0,2026-09-28 20:31:45.9300000,-18.966670,48.050000
87359,"Tananjaza",1878,143,"39K","39K1H4S1Q",2,2026-09-28 20:31:58.1630000,0,741,0,2026-09-28 20:31:58.1630000,-18.983330,48.016670
89807,"Antsahalava",1882,143,"38K","38K1H6S2Q",2,2026-09-28 20:32:30.3670000,0,741,0,2026-09-28 20:32:30.3670000,-18.633330,47.683330
89360,"Ambohitrolomahitsy",1882,143,"38K","38K1H6S2Q",2,2026-09-28 20:32:34.4870000,0,741,0,2026-09-28 20:32:34.4870000,-18.700000,47.683330
89243,"Analamanjaka",1882,143,"38K","38K1H6S2Q",2,2026-09-28 20:32:46.3300000,0,741,0,2026-09-28 20:32:46.3300000,-18.716670,47.683330
89563,"Antamponala",1882,143,"38K","38K1H6S2Q",2,2026-09-28 20:32:58.4600000,0,741,0,2026-09-28 20:32:58.4600000,-18.666670,47.700000
89682,"Alakamisy",1882,143,"38K","38K1H6S2Q",2,2026-09-28 20:33:01.8870000,0,741,0,2026-09-28 20:33:01.8870000,-18.650000,47.700000
89683,"Ambatomiranty",1882,143,"38K","38K1H6S2Q",2,2026-09-28 20:33:04.8630000,0,741,0,2026-09-28 20:33:04.8630000,-18.650000,47.716670
2532414,"Neuemuhle",713,57,"33U","33U1H4S4Q",2,2026-09-19 08:44:37.2630000,0,36155,0,2026-09-28 20:34:19.5600000,52.300000,13.666670
2257111,"Lasa",1369,110,"32T","32T1H3S3Q",1,2026-09-28 20:36:04.8230000,847,0,0,2026-09-28 20:36:04.8230000,46.616610,10.700160
69828,"Amberomena",1880,143,"38K","38K2H3S3Q",2,2026-09-28 20:36:20.7030000,0,741,0,2026-09-28 20:36:20.7030000,-21.250000,46.466670
69986,"Mandanona",1880,143,"38K","38K2H3S3Q",2,2026-09-28 20:36:25.9870000,0,741,0,2026-09-28 20:36:25.9870000,-21.233330,46.416670
70118,"Lanary",1880,143,"38K","38K2H3S3Q",2,2026-09-28 20:36:29.0500000,0,741,0,2026-09-28 20:36:29.0500000,-21.216670,46.416670
70257,"Analabe",1880,143,"38K","38K2H3S3Q",2,2026-09-28 20:36:32.0100000,0,741,0,2026-09-28 20:36:32.0100000,-21.200000,46.500000
70119,"Maherivinda",1880,143,"38K","38K2H3S3Q",2,2026-09-28 20:36:36.8570000,0,741,0,2026-09-28 20:36:36.8570000,-21.216670,46.566670
69518,"Manindroavio",1880,143,"38K","38K2H3S3Q",2,2026-09-28 20:36:40.8070000,0,741,0,2026-09-28 20:36:40.8070000,-21.283330,46.616670
69167,"Tsilalaovana",1880,143,"38K","38K2H3S3Q",2,2026-09-28 20:36:44.7900000,46,300,0,2026-09-28 20:36:44.7900000,-21.316670,46.650000
68706,"Ambalamahatsara",1880,143,"38K","38K2H3S3Q",2,2026-09-28 20:36:51.4430000,0,741,0,2026-09-28 20:36:51.4430000,-21.366670,46.683330
1519836,"Lancaster",3549,233,"14S","14S2H6S4Q",3,2023-11-06 10:31:57.8870000,0,0,3373726,2026-09-28 20:38:01.5000000,32.592080,-96.756110
3,"McMurdo Station",98,9,"59C","59C2H1S3Q",2,2026-08-31 05:47:27.8570000,0,21797,0,2026-09-28 20:39:23.2830000,-77.655350,168.222660
68563,"Analandramisave",1880,143,"38K","38K2H3S3Q",2,2026-09-28 20:40:47.4570000,0,741,0,2026-09-28 20:40:47.4570000,-21.383330,46.700000
68707,"Adabo",1880,143,"38K","38K2H3S3Q",2,2026-09-28 20:40:51.3670000,0,741,0,2026-09-28 20:40:51.3670000,-21.366670,46.716670
69168,"Andoharano",1880,143,"38K","38K2H3S3Q",2,2026-09-28 20:40:55.6170000,0,741,0,2026-09-28 20:40:55.6170000,-21.316670,46.700000
2489353,"Genooi",2271,167,"32U","32U2H1S1Q",1,2015-04-15 19:28:57.2700000,377504,200983,0,2026-09-28 20:41:04.9600000,51.393330,6.165280
1351971,"Dehrud-e Bala",1342,108,"39R","39R1H5S2Q",2,2026-09-28 20:41:18.8270000,0,844,0,2026-09-28 20:41:18.8270000,29.030030,51.630920
1351018,"Dehrud-e Pa'in",1342,108,"39R","39R1H5S2Q",2,2026-09-28 20:41:23.2230000,0,844,0,2026-09-28 20:41:23.2230000,29.000040,51.654130
1354259,"Samuk",1342,108,"39R","39R1H5S2Q",2,2026-09-28 20:41:32.7830000,0,843,0,2026-09-28 20:41:32.7830000,29.098700,51.474400
1354616,"Davazdah Arghun",1342,108,"39R","39R1H5S2Q",2,2026-09-28 20:41:37.0500000,0,843,0,2026-09-28 20:41:37.0500000,29.108300,51.424700
61783,"Bemavo",1880,143,"38K","38K2H5S2Q",2,2026-09-28 20:41:39.1170000,0,741,0,2026-09-28 20:41:39.1170000,-22.283330,45.633330
1354639,"Owpa-ye Arghun",1342,108,"39R","39R1H5S2Q",2,2026-09-28 20:41:41.1030000,0,843,0,2026-09-28 20:41:41.1030000,29.108800,51.406800
61551,"Satrokala",1880,143,"38K","38K2H5S2Q",2,2026-09-28 20:41:42.5300000,46,300,0,2026-09-28 20:41:42.5300000,-22.316670,45.733330
1353713,"Zeyni",1342,108,"39R","39R1H5S2Q",2,2026-09-28 20:41:45.8170000,0,843,0,2026-09-28 20:41:45.8170000,29.082600,51.439600
61552,"Andonadraty",1880,143,"38K","38K2H5S2Q",2,2026-09-28 20:41:51.7000000,46,300,0,2026-09-28 20:41:51.7000000,-22.316670,45.750000
61328,"Ambakoa",1880,143,"38K","38K2H5S2Q",2,2026-09-28 20:41:53.9100000,0,741,0,2026-09-28 20:41:53.9100000,-22.350000,45.750000
61554,"Langay",1880,143,"38K","38K2H5S2Q",2,2026-09-28 20:41:56.1930000,0,741,0,2026-09-28 20:41:56.1930000,-22.316670,45.783330
1755635,"Scranton",3567,233,"11S","11S1H5S4Q",2,2026-09-28 20:41:56.6200000,0,1121,0,2026-09-28 20:41:56.6200000,36.451900,-116.503660
60777,"Ankazotelo",1880,143,"38K","38K2H5S2Q",2,2026-09-28 20:41:59.9170000,0,741,0,2026-09-28 20:41:59.9170000,-22.433330,45.850000
2498711,"Boddeken",707,57,"32U","32U2H2S1Q",3,2025-03-06 16:48:52.0430000,0,0,638111,2026-09-28 20:41:59.9470000,51.596270,8.678000
60434,"Ambatolahy",1880,143,"38K","38K2H5S2Q",2,2026-09-28 20:42:01.9370000,0,741,0,2026-09-28 20:42:01.9370000,-22.483330,45.833330
60112,"Ivaro",1880,143,"38K","38K2H5S2Q",2,2026-09-28 20:42:04.3530000,0,741,0,2026-09-28 20:42:04.3530000,-22.533330,45.816670
1766650,"Camp Desert Rock",3570,233,"11S","11S1H5S4Q",2,2026-09-28 20:42:06.6600000,0,935,0,2026-09-28 20:42:06.6600000,36.627180,-116.020030
1404952,"Villa Siesta Retirement Village",3549,233,"14R","14R1H3S3Q",2,2020-09-30 23:26:33.2570000,0,6093083,0,2026-09-28 20:42:12.6630000,30.372430,-97.671120
1768560,"Mercury",3570,233,"11S","11S1H6S3Q",2,2026-09-28 20:42:13.8170000,0,1144,0,2026-09-28 20:42:13.8170000,36.660510,-115.994470
89684,"Mangatany",1882,143,"38K","38K1H6S2Q",2,2026-09-28 20:42:17.0900000,0,741,0,2026-09-28 20:42:17.0900000,-18.650000,47.733330
1737307,"Manse",3570,233,"11S","11S1H6S3Q",2,2026-09-28 20:42:19.8500000,0,945,0,2026-09-28 20:42:19.8500000,36.154690,-115.902240
89244,"Ambohitra",1882,143,"38K","38K1H6S2Q",2,2026-09-28 20:42:20.9030000,0,741,0,2026-09-28 20:42:20.9030000,-18.716670,47.733330
89361,"Ankazondandy",1882,143,"38K","38K1H6S2Q",2,2026-09-28 20:42:24.9170000,0,741,0,2026-09-28 20:42:24.9170000,-18.700000,47.783330
1758121,"Crystal",3570,233,"11S","11S1H5S4Q",2,2026-09-28 20:42:28.6900000,0,923,0,2026-09-28 20:42:28.6900000,36.491620,-116.167540
89245,"Tsarahonenana",1882,143,"38K","38K1H6S2Q",2,2026-09-28 20:42:30.2930000,0,741,0,2026-09-28 20:42:30.2930000,-18.716670,47.800000
2529234,"Kosobudz",2447,180,"33U","33U1H5S4Q",3,2026-09-28 20:42:35.2030000,0,0,889,2026-09-28 20:42:35.2030000,52.233640,15.244920
2530494,"Toporow",2447,180,"33U","33U1H5S4Q",3,2026-09-28 20:42:39.8530000,0,0,887,2026-09-28 20:42:39.8530000,52.263980,15.262060
2532171,"Pozrzadlo",2447,180,"33U","33U1H5S4Q",3,2026-09-28 20:42:43.4770000,0,0,894,2026-09-28 20:42:43.4770000,52.297850,15.246560
90988,"Antoby Sud",1882,143,"38K","38K1H6S2Q",2,2026-09-28 20:42:49.5530000,0,741,0,2026-09-28 20:42:49.5530000,-18.450000,47.666670
90883,"Ambohimangazafy",1882,143,"38K","38K1H6S2Q",2,2026-09-28 20:42:53.7800000,0,741,0,2026-09-28 20:42:53.7800000,-18.466670,47.683330
2542758,"Jarnatow",2447,180,"33U","33U1H5S4Q",3,2026-09-28 20:42:54.9370000,0,0,1486,2026-09-28 20:42:54.9400000,52.516780,15.168650
2539001,"Grochowo",2447,180,"33U","33U1H5S4Q",3,2026-09-28 20:43:07.2230000,0,0,1136,2026-09-28 20:43:07.2230000,52.438120,15.289710
2291741,"Herzberg",528,43,"32T","32T1H2S1Q",3,2023-03-24 08:36:58.1000000,0,0,2705082,2026-09-28 20:43:11.3000000,47.433330,8.033330
2536630,"Trzesniowek",2447,180,"33U","33U1H5S4Q",3,2026-09-28 20:43:16.6870000,0,0,572,2026-09-28 20:43:16.6870000,52.385730,15.263510
2364943,"Aubervilliers",955,75,"31U","31U2H5S3Q",3,2026-09-28 20:20:50.9270000,0,0,15914,2026-09-28 20:43:41.3230000,48.916670,2.383330
59753,"Imakarivo Nord",1880,143,"38K","38K2H5S2Q",2,2026-09-28 20:44:00.3570000,0,741,0,2026-09-28 20:44:00.3570000,-22.583330,45.816670
60780,"Kelivondraka",1880,143,"38K","38K2H6S1Q",2,2026-09-28 20:44:11.6100000,0,741,0,2026-09-28 20:44:11.6100000,-22.433330,46.000000
2236914,"Dino",508,43,"32T","32T1H2S3Q",3,2026-09-28 20:44:24.4070000,0,0,717,2026-09-28 20:44:24.4070000,46.053010,8.984280
1884427,"Orangevale",3567,233,"10S","10S1H3S3Q",2,2012-08-09 16:00:01.5430000,0,8089881,0,2026-09-28 20:44:30.0300000,38.678510,-121.225780
2235613,"Massagno",508,43,"32T","32T1H2S3Q",3,2026-09-28 20:44:33.6930000,0,0,806,2026-09-28 20:44:33.6930000,46.016670,8.950000
79327,"Balaclava",2073,155,"40K","40K2H2S2Q",3,2024-12-13 16:28:48.5500000,0,0,418011,2026-09-28 20:45:00.6870000,-20.083260,57.515660
69169,"Andohasaha",1880,143,"38K","38K2H3S3Q",2,2026-09-28 20:45:32.8730000,0,741,0,2026-09-28 20:45:32.8730000,-21.316670,46.716670
69340,"Seranana",1880,143,"38K","38K2H3S3Q",2,2026-09-28 20:45:36.2600000,0,741,0,2026-09-28 20:45:36.2600000,-21.300000,46.716670
69519,"Antsahavory",1880,143,"38K","38K2H3S3Q",2,2026-09-28 20:45:39.7670000,0,741,0,2026-09-28 20:45:39.7670000,-21.283330,46.716670
1252191,"Naha-shi",1424,114,"52R","52R2H1S4Q",3,2024-05-17 16:16:00.4370000,0,0,1717,2026-09-28 20:45:41.3530000,26.212500,127.681110
69339,"Ambalavao Atsinanana",1880,143,"38K","38K2H3S3Q",2,2026-09-28 20:45:44.4270000,0,741,0,2026-09-28 20:45:44.4270000,-21.300000,46.700000
9681,"Oakbank",138,13,"54H","54H1H4S1Q",2,2014-10-26 21:48:55.6030000,300,1999556,0,2026-09-28 20:45:49.9600000,-34.983330,138.850000
2257522,"Coldrano",1369,110,"32T","32T1H3S3Q",1,2026-09-28 20:45:55.4000000,2614,0,0,2026-09-28 20:45:55.4000000,46.619820,10.825910
9623,"Mount Barker Junction",138,13,"54H","54H1H4S3Q",2,2014-10-23 10:10:58.4300000,300,2000825,0,2026-09-28 20:46:04.1600000,-35.016670,138.850000
9576,"Hahndorf",138,13,"54H","54H1H4S3Q",2,2013-07-11 11:39:36.7470000,300,1998234,0,2026-09-28 20:46:11.2430000,-35.033330,138.800000
9622,"Vimy Ridge",138,13,"54H","54H1H4S3Q",2,2013-06-19 10:55:13.8000000,300,2001686,0,2026-09-28 20:46:17.4770000,-35.016670,138.766670
9621,"Carripook",138,13,"54H","54H1H4S3Q",2,2014-09-15 22:39:07.6500000,300,2002611,0,2026-09-28 20:46:24.7200000,-35.016670,138.750000
9620,"Aldgate",138,13,"54H","54H1H4S3Q",2,2013-05-21 23:24:31.0070000,600,1997681,0,2026-09-28 20:46:47.1330000,-35.016670,138.733330
2786776,"Strel'na",2676,192,"36V","36V2H1S1Q",3,2016-08-27 15:44:46.5870000,0,0,320059,2026-09-28 20:51:08.8800000,59.851890,30.036110
2508533,"Macharen",2270,167,"31U","31U2H3S2Q",1,2021-04-12 07:19:51.9400000,804765,0,0,2026-09-28 20:51:51.6100000,51.805830,5.544440
1767610,"Amargosa Valley",3570,233,"11S","11S1H5S4Q",2,2026-09-28 20:52:04.3630000,0,1122,0,2026-09-28 20:52:04.3630000,36.643840,-116.400330
1755571,"Labbe Camp",3570,233,"11S","11S1H5S4Q",2,2026-09-28 20:52:24.8130000,0,945,0,2026-09-28 20:52:24.8130000,36.450790,-116.056420
2173247,"Grivita",2632,190,"35T","35T1H5S3Q",3,2026-07-07 19:36:35.1600000,0,0,110020,2026-09-28 20:52:29.6300000,44.483330,26.016670
1753574,"Johnnie",3570,233,"11S","11S1H5S4Q",2,2026-09-28 20:52:34.0830000,0,945,0,2026-09-28 20:52:34.0830000,36.419680,-116.071700
1742655,"Pahrump",3570,233,"11S","11S1H5S4Q",2,2026-09-28 20:52:47.3830000,0,945,0,2026-09-28 20:52:47.3830000,36.241070,-116.017550
2510922,"Sacomb",979,77,"30U","30U2H3S2Q",3,2026-05-25 00:21:17.4300000,0,0,92224,2026-09-28 20:52:51.9330000,51.858840,-0.067720
448624,"Murehe",2730,193,"35M","35M1H3S4Q",3,2026-09-28 20:55:11.1600000,0,0,1200,2026-09-28 20:55:11.1600000,-1.593300,29.689800
448734,"Nyakarambi",2730,193,"35M","35M1H3S4Q",3,2026-09-28 20:55:15.5300000,0,0,1200,2026-09-28 20:55:15.5300000,-1.584900,29.674000
448835,"Gishubi",2730,193,"35M","35M1H3S4Q",3,2026-09-28 20:55:18.7170000,0,0,1200,2026-09-28 20:55:18.7170000,-1.583200,29.671500
448944,"Mataba",2730,193,"35M","35M1H3S4Q",3,2026-09-28 20:55:21.9570000,0,0,1200,2026-09-28 20:55:21.9570000,-1.574900,29.675000
448973,"Kibingo",2730,193,"35M","35M1H3S4Q",3,2026-09-28 20:55:25.7270000,0,0,1200,2026-09-28 20:55:25.7270000,-1.572000,29.670200
449208,"Kimpungu",2730,193,"35M","35M1H3S4Q",3,2026-09-28 20:55:29.4200000,0,0,1200,2026-09-28 20:55:29.4200000,-1.559900,29.674600
449276,"Kamabuye",2730,193,"35M","35M1H3S4Q",3,2026-09-28 20:55:34.2700000,0,0,1200,2026-09-28 20:55:34.2700000,-1.553500,29.672800
449309,"Nyakarambi",2730,193,"35M","35M1H3S4Q",3,2026-09-28 20:55:38.5500000,0,0,1200,2026-09-28 20:55:38.5500000,-1.551400,29.674200
1353633,"Barvaz",1342,108,"39R","39R1H5S2Q",2,2026-09-28 20:56:32.2400000,0,843,0,2026-09-28 20:56:32.2400000,29.080000,51.428400
1353438,"Barvaz",1342,108,"39R","39R1H5S2Q",2,2026-09-28 20:56:37.9470000,0,843,0,2026-09-28 20:56:37.9470000,29.072600,51.422400
1353343,"Shurak",1342,108,"39R","39R1H5S2Q",2,2026-09-28 20:56:40.9730000,0,843,0,2026-09-28 20:56:40.9730000,29.069600,51.445000
1352976,"Sar Maleh",1342,108,"39R","39R1H5S2Q",2,2026-09-28 20:56:54.7530000,0,843,0,2026-09-28 20:56:54.7530000,29.059600,51.435400
1352882,"Sar Maleh",1342,108,"39R","39R1H5S2Q",2,2026-09-28 20:56:59.2770000,0,843,0,2026-09-28 20:56:59.2770000,29.055800,51.462800
90884,"Ambohibary",1882,143,"38K","38K1H6S2Q",2,2026-09-28 20:57:10.9300000,0,741,0,2026-09-28 20:57:10.9300000,-18.466670,47.700000
90772,"Maromehy",1882,143,"38K","38K1H6S2Q",2,2026-09-28 20:57:14.8430000,0,741,0,2026-09-28 20:57:14.8430000,-18.483330,47.700000
90671,"Andafiatsinanana",1882,143,"38K","38K1H6S2Q",2,2026-09-28 20:57:32.2500000,0,741,0,2026-09-28 20:57:32.2500000,-18.500000,47.716670
90468,"Ambondrona",1882,143,"38K","38K1H6S2Q",2,2026-09-28 20:57:36.3000000,0,741,0,2026-09-28 20:57:36.3000000,-18.533330,47.716670
90568,"Ambohimasina",1882,143,"38K","38K1H6S2Q",2,2026-09-28 20:57:58.6900000,0,741,0,2026-09-28 20:57:58.6900000,-18.516670,47.700000
91295,"Andoharano",1882,143,"38K","38K1H6S2Q",2,2026-09-28 20:59:17.0970000,0,741,0,2026-09-28 20:59:17.0970000,-18.400000,47.666670
90469,"Andranomalaza",1882,143,"38K","38K1H6S2Q",2,2026-09-28 20:59:24.0930000,0,741,0,2026-09-28 20:59:24.0930000,-18.533330,47.750000
2190041,"Burdickville",3557,233,"16T","16T1H6S3Q",3,2026-09-28 15:24:32.8900000,0,0,2042,2026-09-28 21:00:18.9330000,44.848890,-85.948150
2140211,"Remus",3557,233,"16T","16T2H3S1Q",3,2026-09-28 21:00:26.1200000,0,0,828,2026-09-28 21:00:26.1200000,43.596700,-85.144750
60542,"Antaliby",1880,143,"38K","38K2H5S2Q",2,2026-09-28 21:00:35.1700000,0,741,0,2026-09-28 21:00:35.1700000,-22.466670,45.933330
60435,"Ankazotelo",1880,143,"38K","38K2H5S2Q",2,2026-09-28 21:00:45.6470000,0,741,0,2026-09-28 21:00:45.6470000,-22.483330,45.883330
1740749,"Pahrump",3570,233,"11S","11S1H6S3Q",2,2026-09-28 21:00:46.7430000,0,945,0,2026-09-28 21:00:46.7430000,36.208290,-115.983910
2190538,"Maple City",3557,233,"16T","16T1H6S3Q",3,2026-04-16 14:16:33.1630000,0,0,39484,2026-09-28 21:00:53.5770000,44.855550,-85.855920
60224,"Andriabe",1880,143,"38K","38K2H5S2Q",2,2026-09-28 21:00:59.6000000,0,741,0,2026-09-28 21:00:59.6000000,-22.516670,45.933330
59990,"Manaovasoa",1880,143,"38K","38K2H5S2Q",2,2026-09-28 21:01:04.9130000,0,741,0,2026-09-28 21:01:04.9130000,-22.550000,45.916670
2193855,"Schomberg",3557,233,"16T","16T1H6S3Q",3,2026-09-28 15:47:33.9500000,0,0,1798,2026-09-28 21:01:05.0000000,44.921390,-85.773970
59874,"Ambatosate",1880,143,"38K","38K2H5S2Q",2,2026-09-28 21:01:06.8330000,0,741,0,2026-09-28 21:01:06.8330000,-22.566670,45.950000
59643,"Manombo",1880,143,"38K","38K2H5S2Q",2,2026-09-28 21:01:09.2970000,0,741,0,2026-09-28 21:01:09.2970000,-22.600000,45.916670
59525,"Marekoto",1880,143,"38K","38K2H5S2Q",2,2026-09-28 21:01:11.9000000,0,741,0,2026-09-28 21:01:11.9000000,-22.616670,45.900000
59167,"Anivorano",1880,143,"38K","38K2H5S2Q",2,2026-09-28 21:01:18.5000000,0,909,0,2026-09-28 21:01:18.5000000,-22.666670,45.950000
90261,"Ambohinaorina",1882,143,"38K","38K1H6S2Q",2,2026-09-28 21:01:30.3730000,0,741,0,2026-09-28 21:01:30.3730000,-18.566670,47.750000
90259,"Ambatofisaorana",1882,143,"38K","38K1H6S2Q",2,2026-09-28 21:01:33.1700000,0,741,0,2026-09-28 21:01:33.1730000,-18.566670,47.716670
89561,"Maropapango",1882,143,"38K","38K1H6S2Q",2,2026-09-28 21:01:36.4230000,0,741,0,2026-09-28 21:01:36.4230000,-18.666670,47.666670
89681,"Miarina",1882,143,"38K","38K1H6S2Q",2,2026-09-28 21:01:51.3170000,0,741,0,2026-09-28 21:01:51.3170000,-18.650000,47.666670
2187891,"Greilickville",3557,233,"16T","16T1H6S3Q",3,2026-04-10 17:30:46.8630000,0,0,6710,2026-09-28 21:01:54.5770000,44.801490,-85.652630
9618,"Upper Sturt",138,13,"54H","54H1H4S3Q",2,2014-09-25 23:41:52.8070000,1839,1994211,0,2026-09-28 21:02:11.3300000,-35.016670,138.683330
2179417,"Benzonia",3557,233,"16T","16T1H5S4Q",3,2026-04-15 14:25:08.9100000,0,0,11055,2026-09-28 21:02:28.9700000,44.621390,-86.099260
2179758,"Beulah",3557,233,"16T","16T1H5S4Q",3,2026-04-12 14:41:13.8470000,0,0,8807,2026-09-28 21:02:34.5730000,44.631940,-86.090920
2181290,"Honor",3557,233,"16T","16T1H5S4Q",3,2026-05-05 02:18:32.2970000,0,0,9729,2026-09-28 21:02:38.3100000,44.663890,-86.018150
1658609,"Isbell Heights",3547,233,"17S","17S2H1S4Q",3,2025-11-15 13:20:09.1030000,720,0,30734,2026-09-28 21:05:19.5430000,34.819280,-82.346510
46009,"Ankatsakatsa",1877,143,"38J","38J1H2S2Q",2,2026-09-28 21:05:19.9370000,0,1200,0,2026-09-28 21:05:19.9370000,-24.266670,45.300000
46008,"Andranonaondry",1877,143,"38J","38J1H2S2Q",2,2026-09-28 21:05:25.2130000,0,1200,0,2026-09-28 21:05:25.2130000,-24.266670,45.283330
46007,"Anja Sud",1877,143,"38J","38J1H2S2Q",2,2026-09-28 21:05:28.5200000,0,1200,0,2026-09-28 21:05:28.5200000,-24.266670,45.266670
46005,"Bedeboky",1877,143,"38J","38J1H2S2Q",2,2026-09-28 21:05:32.9800000,0,1200,0,2026-09-28 21:05:32.9800000,-24.266670,45.250000
46110,"Antanantsoa",1877,143,"38J","38J1H2S2Q",2,2026-09-28 21:05:35.7770000,0,1200,0,2026-09-28 21:05:35.7770000,-24.250000,45.283330
1662849,"Stone Lake Heights",3547,233,"17S","17S2H1S4Q",3,2025-11-10 20:51:03.6500000,360,0,31635,2026-09-28 21:05:38.9670000,34.882340,-82.374560
46109,"Anja Avaratra",1877,143,"38J","38J1H2S2Q",2,2026-09-28 21:05:39.0870000,0,1200,0,2026-09-28 21:05:39.0870000,-24.250000,45.266670
46194,"Sakavokony",1877,143,"38J","38J1H2S2Q",2,2026-09-28 21:05:42.6800000,0,1200,0,2026-09-28 21:05:42.6800000,-24.233330,45.266670
46107,"Ambolonakanga",1877,143,"38J","38J1H2S2Q",2,2026-09-28 21:05:46.6500000,0,1200,0,2026-09-28 21:05:46.6500000,-24.250000,45.233330
2539332,"Tyseley",979,77,"30U","30U1H6S3Q",0,2010-01-01 00:00:00.0000000,0,0,0,2026-09-28 21:06:06.5800000,52.450000,-1.833330
2541646,"Perry Barr",979,77,"30U","30U1H6S3Q",0,2010-01-01 00:00:00.0000000,0,0,0,2026-09-28 21:06:07.6330000,52.500000,-1.900000
2542406,"Witton",979,77,"30U","30U1H6S3Q",0,2010-01-01 00:00:00.0000000,0,0,0,2026-09-28 21:06:08.7230000,52.516670,-1.883330
2543940,"Holly Lane",979,77,"30U","30U1H6S3Q",0,2010-01-01 00:00:00.0000000,0,0,0,2026-09-28 21:06:09.8330000,52.550000,-1.883330
2545391,"Four Oaks",979,77,"30U","30U1H6S3Q",0,2010-01-01 00:00:00.0000000,0,0,0,2026-09-28 21:06:10.8670000,52.581980,-1.832400
2545976,"Roughley",979,77,"30U","30U1H6S3Q",0,2010-01-01 00:00:00.0000000,0,0,0,2026-09-28 21:06:11.9030000,52.591890,-1.807420
2547696,"Shenstone",979,77,"30U","30U1H6S3Q",0,2010-01-01 00:00:00.0000000,0,0,0,2026-09-28 21:06:12.9300000,52.633330,-1.833330
1659501,"Judson",3547,233,"17S","17S2H1S4Q",3,2025-11-25 10:02:03.8330000,771,0,10000,2026-09-28 21:06:19.4830000,34.833170,-82.427620
1658565,"Smith Heights",3547,233,"17S","17S2H1S4Q",3,2024-12-05 15:28:50.0470000,945,0,8750,2026-09-28 21:06:26.2400000,34.818730,-82.432350
2521161,"Hogeveen",2265,167,"31U","31U1H6S3Q",2,2023-03-23 06:44:09.2670000,877,252945,0,2026-09-28 21:06:50.5030000,52.077500,4.580560
1870575,"Wilton",3567,233,"10S","10S1H3S3Q",3,2026-09-23 18:34:56.3270000,0,633685,1520211,2026-09-28 21:07:10.2630000,38.412980,-121.212710
2162014,"Liaucous",951,75,"31T","31T1H5S4Q",2,2026-09-28 20:53:37.9600000,0,74703,0,2026-09-28 21:07:26.0630000,44.200000,3.200000
1879853,"Quillens Point",3537,233,"18S","18S1H2S3Q",1,2026-06-24 13:43:23.0630000,260872,0,0,2026-09-28 21:07:42.6370000,38.586500,-75.072680
1884887,"El Dorado Hills",3567,233,"10S","10S1H3S3Q",3,2026-08-28 21:03:37.1700000,0,0,2003683,2026-09-28 21:07:45.7100000,38.685740,-121.082170
12820,"Hunter's Hill",143,13,"56H","56H1H1S4Q",3,2017-03-27 04:38:27.9900000,0,0,1204422,2026-09-28 21:08:08.9400000,-33.816700,151.133000
2096123,"Macomb",3557,233,"17T","17T2H1S4Q",1,2013-11-26 19:35:11.9670000,11900629,0,0,2026-09-28 21:08:17.0900000,42.700870,-82.959090
1879822,"Newtons Acres",3537,233,"18S","18S1H2S3Q",1,2026-06-24 13:43:28.7070000,112172,0,0,2026-09-28 21:08:19.1430000,38.585670,-75.075740
2285495,"Bayne Junction",3578,233,"10T","10T1H3S1Q",2,2022-01-08 08:25:09.6370000,0,1112341,0,2026-09-28 21:08:25.2630000,47.300940,-121.908720
44897,"Milombiky",1877,143,"38J","38J1H2S2Q",2,2026-09-28 21:09:50.3470000,0,1200,0,2026-09-28 21:09:50.3470000,-24.433330,45.066670
44896,"Besosa",1877,143,"38J","38J1H2S2Q",2,2026-09-28 21:09:54.5700000,0,1200,0,2026-09-28 21:09:54.5700000,-24.433330,45.033330
12643,"Woolloomooloo",143,13,"56H","56H1H1S4Q",3,2017-02-07 12:48:37.3730000,0,0,1604251,2026-09-28 21:10:12.7900000,-33.870420,151.219680
1353294,"Sardavan",1342,108,"39R","39R1H5S2Q",2,2026-09-28 21:11:40.7830000,0,843,0,2026-09-28 21:11:40.7830000,29.067900,51.445400
1351875,"Quchi",1342,108,"39R","39R1H5S2Q",2,2026-09-28 21:11:46.9570000,0,843,0,2026-09-28 21:11:46.9570000,29.026500,51.448200
1351660,"Chah-e Sarazir",1342,108,"39R","39R1H5S2Q",2,2026-09-28 21:11:52.7370000,0,843,0,2026-09-28 21:11:52.7370000,29.018800,51.449400
1350890,"Zirmalleh",1342,108,"39R","39R1H5S4Q",2,2026-09-28 21:11:56.9530000,0,843,0,2026-09-28 21:11:56.9530000,28.996900,51.466200
12581,"Chippendale",143,13,"56H","56H1H1S4Q",3,2017-08-11 21:51:22.3630000,0,0,1505729,2026-09-28 21:11:57.8230000,-33.886730,151.197450
1349195,"Kalameh",1342,108,"39R","39R1H5S4Q",2,2026-09-28 21:12:00.4030000,0,844,0,2026-09-28 21:12:00.4030000,28.944600,51.459600
1350941,"Deh Rud-e Pa'in",1342,108,"39R","39R1H5S4Q",2,2026-09-28 21:12:05.8630000,0,844,0,2026-09-28 21:12:05.8630000,28.999100,51.655000
69673,"Filazana",1880,143,"38K","38K2H3S3Q",2,2026-09-28 21:13:12.7800000,0,741,0,2026-09-28 21:13:12.7800000,-21.266670,46.666670
69672,"Anosivolo",1880,143,"38K","38K2H3S3Q",2,2026-09-28 21:13:15.6470000,0,741,0,2026-09-28 21:13:15.6470000,-21.266670,46.650000
69671,"Maina",1880,143,"38K","38K2H3S3Q",2,2026-09-28 21:13:19.0200000,0,741,0,2026-09-28 21:13:19.0200000,-21.266670,46.633330
69830,"Ampopohona",1880,143,"38K","38K2H3S3Q",2,2026-09-28 21:13:28.8070000,46,300,0,2026-09-28 21:13:28.8070000,-21.250000,46.700000
69831,"Ambovony",1880,143,"38K","38K2H3S3Q",2,2026-09-28 21:13:32.6000000,0,741,0,2026-09-28 21:13:32.6000000,-21.250000,46.716670
70263,"Amponobe",1880,143,"38K","38K2H3S3Q",2,2026-09-28 21:13:36.8400000,0,741,0,2026-09-28 21:13:36.8400000,-21.200000,46.716670
70262,"Ambalanivo",1880,143,"38K","38K2H3S3Q",2,2026-09-28 21:13:40.7000000,0,741,0,2026-09-28 21:13:40.7000000,-21.200000,46.700000
70261,"Amboarafy",1881,143,"38K","38K2H3S3Q",2,2026-09-28 21:13:48.8770000,0,741,0,2026-09-28 21:13:48.8770000,-21.200000,46.683330
12757,"Georges Heights",143,13,"56H","56H1H1S4Q",3,2017-12-21 09:27:07.9100000,0,0,1331047,2026-09-28 21:14:09.9670000,-33.836940,151.255560
2303218,"Adams",3578,233,"10T","10T1H2S2Q",2,2017-04-04 02:10:18.5000000,0,1314440,0,2026-09-28 21:14:28.5170000,47.670280,-122.388060
1528645,"Ponpon",3547,233,"17S","17S2H5S4Q",2,2026-08-10 12:32:05.8100000,0,30042,0,2026-09-28 21:14:31.2830000,32.761840,-80.434820
2303290,"Ballard",3578,233,"10T","10T1H2S2Q",1,2020-12-31 22:18:23.9570000,3987284,6567,0,2026-09-28 21:14:34.2800000,47.675930,-122.387350
1537395,"Cainhoy",3547,233,"17S","17S2H6S3Q",0,2026-09-28 21:15:08.3100000,0,0,0,2026-09-28 21:15:08.3100000,32.929340,-79.831190
1535580,"Martins Point Landing",3547,233,"17S","17S2H6S3Q",2,2026-09-28 21:15:13.2370000,0,50,0,2026-09-28 21:15:13.2370000,32.896010,-79.838690
2166130,"Harrietta",3557,233,"16T","16T1H6S3Q",3,2026-04-19 23:07:18.9230000,6000,0,8628,2026-09-28 21:15:17.4800000,44.310010,-85.697840
1714186,"Stratford Park",3545,233,"17S","17S2H3S2Q",3,2013-03-25 20:29:51.0100000,0,0,630674,2026-09-28 21:16:07.7130000,35.765150,-78.606390
70260,"Itsara",1880,143,"38K","38K2H3S3Q",2,2026-09-28 21:16:46.8030000,0,741,0,2026-09-28 21:16:46.8030000,-21.200000,46.666670
70397,"Tearomihila",1880,143,"38K","38K2H3S3Q",2,2026-09-28 21:16:58.2530000,0,741,0,2026-09-28 21:16:58.2530000,-21.183330,46.633330
70259,"Mandrihirariny",1880,143,"38K","38K2H3S3Q",2,2026-09-28 21:17:02.2400000,0,741,0,2026-09-28 21:17:02.2400000,-21.200000,46.616670
59277,"Iantsifitra",1880,143,"38K","38K2H5S2Q",2,2026-09-28 21:18:27.9630000,0,741,0,2026-09-28 21:18:27.9630000,-22.650000,45.983330
88818,"Manankasina",1882,143,"38K","38K1H6S2Q",2,2026-09-28 21:18:28.0300000,0,741,0,2026-09-28 21:18:28.0300000,-18.783330,47.550000
88817,"Anosiarivo",1882,143,"38K","38K1H6S2Q",2,2026-09-28 21:18:34.5470000,0,741,0,2026-09-28 21:18:34.5470000,-18.783330,47.533330
59754,"Mangona",1880,143,"38K","38K2H5S2Q",2,2026-09-28 21:18:35.9270000,0,741,0,2026-09-28 21:18:35.9300000,-22.583330,45.983330
60113,"Ambatolahy",1880,143,"38K","38K2H6S1Q",2,2026-09-28 21:18:42.3200000,0,741,0,2026-09-28 21:18:42.3200000,-22.533330,46.000000
88712,"Ambodifasina",1882,143,"38K","38K1H6S2Q",2,2026-09-28 21:18:42.6430000,0,741,0,2026-09-28 21:18:42.6430000,-18.800000,47.516670
88382,"Antehiroka",1882,143,"38K","38K1H6S2Q",1,2018-12-30 07:07:01.6900000,600,516,0,2026-09-28 21:18:57.6270000,-18.850000,47.483330
88711,"Ivato",1882,143,"38K","38K1H6S2Q",2,2026-09-28 21:19:17.8370000,0,741,0,2026-09-28 21:19:17.8370000,-18.800000,47.483330
88816,"Andranomalaza",1882,143,"38K","38K1H6S2Q",2,2026-09-28 21:19:21.5900000,0,741,0,2026-09-28 21:19:21.5900000,-18.783330,47.483330
88919,"Ambohimarina",1882,143,"38K","38K1H6S2Q",2,2026-09-28 21:19:24.1270000,0,741,0,2026-09-28 21:19:24.1270000,-18.766670,47.483330
449175,"Rugogwe",2730,193,"35M","35M1H3S4Q",3,2026-09-28 21:19:35.7100000,0,0,1200,2026-09-28 21:19:35.7100000,-1.563000,29.667600
60437,"Masiakampy",1880,143,"38K","38K2H6S1Q",2,2026-09-28 21:19:37.6470000,0,741,0,2026-09-28 21:19:37.6470000,-22.483330,46.050000
448961,"Nyarubuye",2730,193,"35M","35M1H3S4Q",3,2026-09-28 21:19:38.7100000,0,0,1200,2026-09-28 21:19:38.7100000,-1.573400,29.657500
60225,"Ampandrabe",1880,143,"38K","38K2H6S1Q",2,2026-09-28 21:19:40.8670000,0,741,0,2026-09-28 21:19:40.8670000,-22.516670,46.050000
449029,"Kiganda",2730,193,"35M","35M1H3S4Q",3,2026-09-28 21:19:41.5770000,0,0,1200,2026-09-28 21:19:41.5800000,-1.567000,29.674700
448874,"Kabuye",2730,193,"35M","35M1H3S4Q",3,2026-09-28 21:19:45.4530000,0,0,1200,2026-09-28 21:19:45.4530000,-1.580500,29.659200
448708,"Kavumu",2730,193,"35M","35M1H3S4Q",3,2026-09-28 21:19:49.4730000,0,0,1200,2026-09-28 21:19:49.4770000,-1.587100,29.662100
448620,"Muroli",2730,193,"35M","35M1H3S4Q",3,2026-09-28 21:19:52.4200000,0,0,1200,2026-09-28 21:19:52.4200000,-1.593400,29.673000
89024,"Belanitra",1882,143,"38K","38K1H6S2Q",2,2026-09-28 21:19:52.5300000,0,741,0,2026-09-28 21:19:52.5300000,-18.750000,47.483330
448667,"Rurebo",2730,193,"35M","35M1H3S4Q",3,2026-09-28 21:19:55.7470000,0,0,1200,2026-09-28 21:19:55.7470000,-1.590000,29.671800
88498,"Talata-maty",1882,143,"38K","38K1H6S2Q",2,2026-09-28 21:20:01.7000000,0,752,0,2026-09-28 21:20:01.7000000,-18.833330,47.450000
59755,"Anaviavy",1880,143,"38K","38K2H6S1Q",2,2026-09-28 21:20:07.3070000,0,741,0,2026-09-28 21:20:07.3070000,-22.583330,46.083330
58940,"Bema",1880,143,"38K","38K2H6S1Q",2,2026-09-28 21:20:11.9430000,0,741,0,2026-09-28 21:20:11.9430000,-22.700000,46.050000
58541,"Ankazondrano Sud",1880,143,"38K","38K2H6S1Q",2,2026-09-28 21:20:16.3700000,0,741,0,2026-09-28 21:20:16.3700000,-22.750000,46.100000
58542,"Tritrivo",1880,143,"38K","38K2H6S1Q",2,2026-09-28 21:20:20.1300000,0,741,0,2026-09-28 21:20:20.1300000,-22.750000,46.116670
2593406,"Ostland",708,57,"32U","32U1H4S1Q",3,2026-09-28 18:35:41.4230000,0,0,30229,2026-09-28 21:20:47.3170000,53.600000,6.733330
2212314,"Lery",459,38,"18T","18T1H6S1Q",1,2026-05-25 00:43:12.8530000,450706,0,0,2026-09-28 21:22:31.4600000,45.350080,-73.799190
2257845,"Oris",1369,110,"32T","32T1H3S3Q",2,2025-02-14 11:02:09.4670000,0,98,0,2026-09-28 21:22:47.9370000,46.633330,10.650000
2257846,"Traga",1369,110,"32T","32T1H3S3Q",1,2026-09-28 21:22:56.7500000,118,0,0,2026-09-28 21:22:56.7500000,46.633330,10.683330
2161409,"Peyreleau",951,75,"31T","31T1H5S4Q",3,2019-03-24 11:56:39.1670000,0,8100,757035,2026-09-28 21:23:32.8000000,44.183330,3.216670
1347481,"Ahmadi",1342,108,"39R","39R1H5S4Q",2,2026-09-28 21:26:38.0270000,0,844,0,2026-09-28 21:26:38.0270000,28.895400,51.586900
1347751,"Khun",1342,108,"39R","39R1H5S4Q",2,2026-09-28 21:26:42.0900000,0,844,0,2026-09-28 21:26:42.0900000,28.901600,51.529000
1347928,"Tang Zard-e Bala",1342,108,"39R","39R1H5S4Q",2,2026-09-28 21:26:44.8300000,0,844,0,2026-09-28 21:26:44.8300000,28.908200,51.500400
1348017,"Tang Zard-e Bala",1342,108,"39R","39R1H5S4Q",2,2026-09-28 21:26:48.5670000,0,844,0,2026-09-28 21:26:48.5670000,28.911200,51.498200
1896530,"Playa",901,68,"30S","30S1H3S4Q",2,2026-09-28 21:26:50.5170000,0,1372,0,2026-09-28 21:26:50.5170000,38.916670,-0.083330
1348022,"Tang Zard-e Pa'in",1342,108,"39R","39R1H5S4Q",2,2026-09-28 21:26:51.7770000,0,844,0,2026-09-28 21:26:51.7770000,28.911400,51.476300
1896375,"Tossal Gros",901,68,"30S","30S1H3S4Q",2,2026-09-28 21:26:55.4130000,0,1262,0,2026-09-28 21:26:55.4130000,38.914360,-0.113720
88918,"Fiakarana",1882,143,"38K","38K1H6S2Q",2,2026-09-28 21:26:57.4600000,0,741,0,2026-09-28 21:26:57.4600000,-18.766670,47.450000
1896527,"Huertas",901,68,"30S","30S1H3S4Q",2,2026-09-28 21:26:59.1600000,0,837,0,2026-09-28 21:26:59.1600000,38.916670,-0.116670
88917,"Ambohitsimeloka",1882,143,"38K","38K1H6S2Q",2,2026-09-28 21:27:00.3200000,0,741,0,2026-09-28 21:27:00.3200000,-18.766670,47.433330
88916,"Ambohibary",1882,143,"38K","38K1H6S2Q",2,2026-09-28 21:27:02.8830000,0,741,0,2026-09-28 21:27:02.8830000,-18.766670,47.416670
88279,"Ambohitrimanjaka",1882,143,"38K","38K1H6S2Q",2,2026-09-28 21:27:15.1700000,0,752,0,2026-09-28 21:27:15.1700000,-18.866670,47.433330
87730,"Alakamisy",1882,143,"38K","38K1H6S2Q",2,2026-09-28 21:27:19.7900000,0,741,0,2026-09-28 21:27:19.7900000,-18.933330,47.416670
58683,"Ankazondrano Nord",1880,143,"38K","38K2H6S1Q",2,2026-09-28 21:27:47.7430000,0,741,0,2026-09-28 21:27:47.7430000,-22.733330,46.116670
58816,"Soasirana",1880,143,"38K","38K2H6S1Q",2,2026-09-28 21:28:04.4800000,0,741,0,2026-09-28 21:28:04.4800000,-22.716670,46.166670
59063,"Andrera",1880,143,"38K","38K2H6S1Q",2,2026-09-28 21:28:07.9830000,0,741,0,2026-09-28 21:28:07.9830000,-22.683330,46.133330
1832836,"Fort Leonard Wood",3543,233,"15S","15S1H5S2Q",2,2013-04-06 18:54:42.3600000,0,9639594,0,2026-09-28 21:28:20.4000000,37.705730,-92.157170
2174503,"Cascade",3573,233,"11T","11T1H5S4Q",3,2022-08-31 21:49:45.6700000,0,10602,136109,2026-09-28 21:29:17.5770000,44.516280,-116.041800
2284919,"Forest Beach",3578,233,"10T","10T1H2S2Q",1,2019-08-23 03:42:35.4030000,1005148,0,0,2026-09-28 21:29:56.6870000,47.293990,-122.688470
2301705,"Overlake",3578,233,"10T","10T1H2S2Q",2,2013-02-18 16:02:17.2830000,0,10158216,0,2026-09-28 21:30:25.8270000,47.643430,-122.143180
2300826,"Highlands",3578,233,"10T","10T1H2S2Q",2,2013-02-18 08:07:00.1600000,0,2221037,0,2026-09-28 21:30:32.0200000,47.621770,-122.149570
1380797,"Boerne",3549,233,"14R","14R1H5S2Q",3,2013-04-28 02:03:12.2570000,0,0,4091721,2026-09-28 21:30:57.2070000,29.794660,-98.731970
2441018,"Weston",979,77,"30U","30U2H2S4Q",2,2013-10-22 22:59:57.0800000,900,160972,8700,2026-09-28 21:31:37.8800000,50.540280,-2.448610
2277985,"Villedieu-la-Blouere",949,75,"30T","30T1H3S1Q",1,2023-07-17 21:03:08.7800000,620747,0,0,2026-09-28 21:33:03.7000000,47.150000,-1.066670
70258,"Soanatao",1880,143,"38K","38K2H3S3Q",2,2026-09-28 21:33:03.8570000,0,741,0,2026-09-28 21:33:03.8570000,-21.200000,46.600000
70396,"Andranomavo",1880,143,"38K","38K2H3S3Q",2,2026-09-28 21:33:07.5000000,0,741,0,2026-09-28 21:33:07.5000000,-21.183330,46.600000
70545,"Ankazo",1880,143,"38K","38K2H3S3Q",2,2026-09-28 21:33:10.6830000,0,741,0,2026-09-28 21:33:10.6830000,-21.166670,46.583330
70690,"Ikalamavony",1880,143,"38K","38K2H3S3Q",2,2026-09-28 21:33:21.8470000,0,741,0,2026-09-28 21:33:21.8470000,-21.150000,46.583330
70843,"Antanambao Avaratra",1880,143,"38K","38K2H3S3Q",2,2026-09-28 21:33:24.4330000,0,741,0,2026-09-28 21:33:24.4330000,-21.133330,46.583330
70544,"Tambohomandrevo",1880,143,"38K","38K2H3S3Q",2,2026-09-28 21:33:28.0330000,0,741,0,2026-09-28 21:33:28.0330000,-21.166670,46.566670
70689,"Mahavanona",1880,143,"38K","38K2H3S3Q",2,2026-09-28 21:33:31.0470000,0,741,0,2026-09-28 21:33:31.0470000,-21.150000,46.566670
70687,"Monamisoa",1880,143,"38K","38K2H3S3Q",2,2026-09-28 21:33:34.4700000,0,741,0,2026-09-28 21:33:34.4700000,-21.150000,46.550000
12635,"Haymarket",143,13,"56H","56H1H1S4Q",3,2010-01-01 00:00:00.0000000,0,0,3328742,2026-09-28 21:33:45.2030000,-33.878680,151.205260
1537683,"Wando",3547,233,"17S","17S2H6S3Q",0,2026-09-28 21:33:54.3500000,0,0,0,2026-09-28 21:33:54.3500000,32.933510,-79.831750
1542004,"Charity",3547,233,"17S","17S2H6S1Q",2,2026-09-28 21:34:05.0230000,0,1200,0,2026-09-28 21:34:05.0230000,33.006000,-79.849800
1543002,"Red Hill",3547,233,"17S","17S2H6S1Q",2,2026-09-28 21:34:10.3400000,0,600,0,2026-09-28 21:34:10.3400000,33.022950,-79.854250
1546562,"New Hope",3547,233,"17S","17S2H6S1Q",2,2026-09-28 21:34:14.8030000,0,647,0,2026-09-28 21:34:14.8030000,33.089610,-79.816470
1546908,"Huger",3547,233,"17S","17S2H6S1Q",2,2026-09-28 21:34:19.4130000,0,642,0,2026-09-28 21:34:19.4130000,33.096560,-79.803410
1549028,"Limerick",3547,233,"17S","17S2H6S1Q",2,2026-09-28 21:34:26.9200000,0,642,0,2026-09-28 21:34:26.9200000,33.136000,-79.815080
1548770,"Cordesville",3547,233,"17S","17S2H6S1Q",2,2026-09-28 21:34:33.4330000,0,642,0,2026-09-28 21:34:33.4330000,33.132110,-79.883410
1714666,"Isle Forest",3545,233,"17S","17S2H3S2Q",3,2026-01-12 12:18:22.2700000,0,0,551203,2026-09-28 21:34:41.5200000,35.772650,-78.684170
1715920,"Method",3545,233,"17S","17S2H3S2Q",3,2013-03-25 21:07:39.9470000,0,0,523375,2026-09-28 21:34:50.0270000,35.794870,-78.692780
2264758,"Davos",519,43,"32T","32T1H2S4Q",3,2026-07-29 07:36:50.9630000,51172,0,551393,2026-09-28 21:35:19.0830000,46.804290,9.837230
12811,"Crows Nest",143,13,"56H","56H1H1S4Q",3,2017-03-15 10:56:05.7100000,0,0,1660277,2026-09-28 21:35:40.9970000,-33.828060,151.201670
70842,"Vohimena",1880,143,"38K","38K2H3S3Q",2,2026-09-28 21:35:43.9200000,0,741,0,2026-09-28 21:35:43.9200000,-21.133330,46.516670
59170,"Andresa",1880,143,"38K","38K2H6S1Q",2,2026-09-28 21:35:44.1830000,0,741,0,2026-09-28 21:35:44.1830000,-22.666670,46.133330
70841,"Ambalamahavelona",1880,143,"38K","38K2H3S3Q",2,2026-09-28 21:35:46.7370000,0,741,0,2026-09-28 21:35:46.7370000,-21.133330,46.483330
59419,"Ankazomitohy",1880,143,"38K","38K2H6S1Q",2,2026-09-28 21:35:47.9100000,0,741,0,2026-09-28 21:35:47.9100000,-22.633330,46.133330
59420,"Antaratsy",1880,143,"38K","38K2H6S1Q",2,2026-09-28 21:35:52.1300000,0,741,0,2026-09-28 21:35:52.1300000,-22.633330,46.216670
59645,"Analalory",1880,143,"38K","38K2H6S1Q",2,2026-09-28 21:35:55.4570000,0,741,0,2026-09-28 21:35:55.4570000,-22.600000,46.216670
59644,"Vondrony",1880,143,"38K","38K2H6S1Q",2,2026-09-28 21:35:58.2300000,0,741,0,2026-09-28 21:35:58.2300000,-22.600000,46.200000
59756,"Bekanoka",1880,143,"38K","38K2H6S1Q",2,2026-09-28 21:36:01.8570000,0,741,0,2026-09-28 21:36:01.8570000,-22.583330,46.200000
89808,"Sadabe",1882,143,"38K","38K1H6S2Q",2,2026-09-28 21:36:26.3130000,0,741,0,2026-09-28 21:36:26.3130000,-18.633330,47.700000
89922,"Ampangabe",1882,143,"38K","38K1H6S2Q",2,2026-09-28 21:36:29.1230000,0,741,0,2026-09-28 21:36:29.1230000,-18.616670,47.716670
2115570,"Munsonville",3562,233,"18T","18T2H2S2Q",2,2026-09-28 21:36:30.6000000,0,758,0,2026-09-28 21:36:30.6000000,43.088960,-74.239580
2114853,"Red Bunch Corners",3562,233,"18T","18T2H2S2Q",2,2026-09-28 21:36:33.6170000,0,780,0,2026-09-28 21:36:33.6170000,43.076460,-74.259300
89923,"Ambatomainty",1882,143,"38K","38K1H6S2Q",2,2026-09-28 21:36:34.6830000,0,741,0,2026-09-28 21:36:34.6830000,-18.616670,47.733330
90025,"Antalatakely",1882,143,"38K","38K1H6S2Q",2,2026-09-28 21:36:40.3030000,0,741,0,2026-09-28 21:36:40.3030000,-18.600000,47.750000
2113769,"Gloversville",3562,233,"18T","18T2H2S2Q",2,2026-09-28 21:36:40.6500000,0,668,0,2026-09-28 21:36:40.6500000,43.052850,-74.343750
90026,"Anjozorofady",1882,143,"38K","38K1H6S2Q",2,2026-09-28 21:36:42.6800000,0,741,0,2026-09-28 21:36:42.6800000,-18.600000,47.783330
89564,"Ambambao Nord",1882,143,"38K","38K1H6S2Q",2,2026-09-28 21:36:47.1830000,0,741,0,2026-09-28 21:36:47.1830000,-18.666670,47.766670
2114167,"Smiths Corners",3562,233,"18T","18T2H2S2Q",2,2026-09-28 21:36:47.9600000,0,846,0,2026-09-28 21:36:47.9600000,43.064240,-74.375690
1954452,"Bannon",3563,233,"17S","17S1H1S2Q",3,2022-03-08 13:38:51.2370000,5428,0,649086,2026-09-28 21:36:49.7700000,39.920340,-82.946850
2113882,"Meco",3562,233,"18T","18T2H2S2Q",2,2026-09-28 21:36:50.6330000,0,846,0,2026-09-28 21:36:50.6330000,43.055910,-74.382360
70839,"Ambalavao Nord",1880,143,"38K","38K2H3S3Q",2,2026-09-28 21:37:06.8970000,0,741,0,2026-09-28 21:37:06.8970000,-21.133330,46.450000
2523053,"Kerkehout",2265,167,"31U","31U1H6S3Q",2,2026-09-28 21:38:20.0430000,372,517,0,2026-09-28 21:38:20.0430000,52.116670,4.383330
2523838,"Kievietsduin",2265,167,"31U","31U1H6S3Q",2,2026-09-28 21:38:28.2000000,0,539,0,2026-09-28 21:38:28.2000000,52.133330,4.366670
2523052,"De Kieviet",2265,167,"31U","31U1H6S3Q",2,2026-09-28 21:38:24.1700000,0,1551,0,2026-09-28 21:38:32.5970000,52.116670,4.366670
1776772,"Tres Pinos",3567,233,"10S","10S1H6S3Q",1,2024-09-17 02:32:42.9200000,470681,0,2400,2026-09-28 21:38:43.6100000,36.789960,-121.321040
1604783,"Las Flores",3567,233,"11S","11S2H1S4Q",1,2026-09-27 20:41:19.1770000,3696,0,0,2026-09-28 21:39:14.2030000,34.037230,-118.635920
1607895,"Wildwood",3567,233,"11S","11S2H1S4Q",1,2026-09-27 20:41:07.2600000,2788,0,0,2026-09-28 21:39:40.7400000,34.083620,-118.599530
1607569,"Fernwood",3567,233,"11S","11S2H1S4Q",1,2026-09-28 11:02:51.7700000,2716,0,0,2026-09-28 21:39:45.4700000,34.079450,-118.602580
1608241,"Topanga",3567,233,"11S","11S2H1S4Q",1,2026-09-28 17:33:07.0130000,2746,0,0,2026-09-28 21:39:52.4170000,34.089270,-118.604360
1609062,"Topanga Oaks",3567,233,"11S","11S2H1S4Q",1,2026-09-28 11:02:30.2570000,3029,0,0,2026-09-28 21:39:59.8170000,34.101120,-118.590360
1610539,"Glenview",3567,233,"11S","11S2H1S4Q",1,2026-09-28 17:33:01.5300000,2356,0,0,2026-09-28 21:40:11.6430000,34.124450,-118.601470
1600859,"Van Ness",3567,233,"11S","11S2H4S2Q",3,2013-10-10 13:34:27.5900000,0,0,1004481,2026-09-28 21:40:55.8600000,33.982510,-118.319520
77466,"Puesto Palmares",2587,187,"20K","20K2H3S2Q",2,2026-09-28 21:41:02.2770000,0,1139,0,2026-09-28 21:41:02.2770000,-20.283330,-60.150000
2516556,"Ledovskoye",2677,192,"37U","37U2H1S2Q",1,2026-09-28 21:41:04.1000000,1200,0,0,2026-09-28 21:41:04.1000000,51.978920,37.568220
2516570,"Belovka",2665,192,"40U","40U2H1S2Q",1,2026-09-28 21:41:08.9970000,1200,0,0,2026-09-28 21:41:08.9970000,51.979300,55.448200
2516591,"Iskra",2715,192,"45U","45U2H1S1Q",1,2026-09-28 21:41:11.7200000,1200,0,0,2026-09-28 21:41:11.7200000,51.980500,84.793400
2516606,"Kommunisticheskiy",2657,192,"38U","38U2H1S2Q",1,2026-09-28 21:41:14.7900000,1200,0,0,2026-09-28 21:41:14.7900000,51.980830,43.600000
77321,"Jhovy",2587,187,"20K","20K2H3S2Q",2,2026-09-28 21:41:14.9530000,0,1141,0,2026-09-28 21:41:14.9530000,-20.300000,-60.100000
2516619,"Ivanovka",2696,192,"40U","40U2H2S2Q",1,2026-09-28 21:41:18.3930000,1200,0,0,2026-09-28 21:41:18.3930000,51.981390,57.892220
2516632,"Yegor'yevka",2665,192,"40U","40U2H1S2Q",1,2026-09-28 21:41:22.4730000,1200,0,0,2026-09-28 21:41:22.4730000,51.981700,55.896000
79755,"Agua Dulce",2587,187,"21K","21K2H1S1Q",2,2026-09-28 21:41:22.5000000,0,618,0,2026-09-28 21:41:22.5000000,-20.016670,-59.766670
2516636,"Sulayevka",2677,192,"37U","37U2H1S2Q",1,2026-09-28 21:41:27.0770000,1200,0,0,2026-09-28 21:41:27.0770000,51.981930,37.288430
2516650,"Klyuchi",2657,192,"38U","38U2H3S1Q",1,2026-09-28 21:41:30.2570000,1200,0,0,2026-09-28 21:41:30.2570000,51.982220,46.513890
82802,"Cancha Labrada",2587,187,"21K","21K1H4S3Q",2,2026-09-28 21:41:33.8130000,0,992,0,2026-09-28 21:41:33.8130000,-19.609170,-59.651940
1347770,"Faryab",1342,108,"39R","39R1H5S4Q",2,2026-09-28 21:41:41.2070000,0,844,0,2026-09-28 21:41:41.2070000,28.902400,51.464600
1346714,"Shahijani",1342,108,"39R","39R1H5S4Q",2,2026-09-28 21:41:44.0970000,0,844,0,2026-09-28 21:41:44.0970000,28.869100,51.494000
1344933,"Tavakkolabad",1342,108,"39R","39R1H5S4Q",2,2026-09-28 21:41:47.0970000,0,844,0,2026-09-28 21:41:47.0970000,28.815300,51.530300
1344822,"Talheh",1342,108,"39R","39R1H5S4Q",2,2026-09-28 21:41:50.4430000,0,844,0,2026-09-28 21:41:50.4430000,28.811300,51.521900
1345420,"Bushkan",1342,108,"39R","39R1H5S4Q",2,2026-09-28 21:41:54.7300000,0,844,0,2026-09-28 21:41:54.7300000,28.829300,51.698000
59526,"Beadabo",1880,143,"38K","38K2H6S1Q",2,2026-09-28 21:42:06.6770000,0,741,0,2026-09-28 21:42:06.6770000,-22.616670,46.333330
59527,"Belongoa",1880,143,"38K","38K2H6S1Q",2,2026-09-28 21:42:12.8330000,0,741,0,2026-09-28 21:42:12.8330000,-22.616670,46.416670
59647,"Ambohibolamena",1880,143,"38K","38K2H6S1Q",2,2026-09-28 21:42:16.4800000,0,741,0,2026-09-28 21:42:16.4800000,-22.600000,46.316670
8223,"Walwa",140,13,"55H","55H1H5S4Q",2,2024-10-26 05:49:20.1700000,0,86879,7800,2026-09-28 21:43:06.5630000,-35.966670,147.733330
448617,"Gisorora",2730,193,"35M","35M1H3S4Q",3,2026-09-28 21:20:02.3470000,0,0,2400,2026-09-28 21:43:28.1070000,-1.593600,29.653200
448914,"Songa",2730,193,"35M","35M1H3S4Q",3,2026-09-28 21:43:32.3500000,0,0,1200,2026-09-28 21:43:32.3500000,-1.577900,29.644000
448946,"Nkotsi",2730,193,"35M","35M1H3S4Q",3,2026-09-28 21:43:35.2070000,0,0,1200,2026-09-28 21:43:35.2070000,-1.574700,29.641300
449007,"Basumba",2730,193,"35M","35M1H3S4Q",3,2026-09-28 21:43:38.7930000,0,0,1200,2026-09-28 21:43:38.7930000,-1.569300,29.642400
449193,"Nyakinama",2730,193,"35M","35M1H3S4Q",3,2026-09-28 21:43:44.0100000,0,0,1200,2026-09-28 21:43:44.0100000,-1.561400,29.630400
449185,"Rugalika",2730,193,"35M","35M1H3S4Q",3,2026-09-28 21:43:47.1870000,0,0,1200,2026-09-28 21:43:47.1870000,-1.562000,29.619100
448858,"Bugombe",2730,193,"35M","35M1H3S4Q",3,2026-09-28 21:43:51.8070000,0,0,1200,2026-09-28 21:43:51.8070000,-1.581800,29.633100
1935297,"Waverly",3554,233,"16S","16S1H1S1Q",3,2024-12-20 12:57:28.7030000,0,0,239927,2026-09-28 21:44:25.9300000,39.591720,-89.952880
448737,"Muheta",2730,193,"35M","35M1H3S4Q",3,2026-09-28 21:44:26.2470000,0,0,1200,2026-09-28 21:44:26.2470000,-1.584700,29.663300
2124661,"West Day",3562,233,"18T","18T2H2S2Q",2,2026-09-28 21:45:54.6130000,0,5342,0,2026-09-28 21:45:59.2170000,43.267290,-74.069570
1495479,"Cooper River Landing",3547,233,"17S","17S2H5S4Q",1,2026-09-28 21:46:06.7970000,1068,0,0,2026-09-28 21:46:06.7970000,32.133820,-80.869000
1497522,"Bryan Landing",3547,233,"17S","17S2H5S4Q",1,2026-09-28 21:46:16.9470000,1068,0,0,2026-09-28 21:46:16.9470000,32.176320,-80.824830
2546973,"Fazeley",979,77,"30U","30U1H6S3Q",0,2010-01-01 00:00:00.0000000,0,0,0,2026-09-28 21:46:17.5500000,52.616670,-1.700000
2548473,"Wigginton",979,77,"30U","30U1H6S3Q",0,2010-01-01 00:00:00.0000000,0,0,0,2026-09-28 21:46:18.7730000,52.650000,-1.683330
2550655,"Clifton Campville",979,77,"30U","30U1H6S3Q",0,2010-01-01 00:00:00.0000000,0,0,0,2026-09-28 21:46:20.1370000,52.694640,-1.628380
2551143,"Chilcote",979,77,"30U","30U1H6S3Q",0,2010-01-01 00:00:00.0000000,0,0,0,2026-09-28 21:46:21.7430000,52.700310,-1.576190
2551474,"Lullington",979,77,"30U","30U1H6S3Q",0,2010-01-01 00:00:00.0000000,0,0,0,2026-09-28 21:46:22.9800000,52.712740,-1.631210
2551627,"Overseal",979,77,"30U","30U1H6S3Q",0,2010-01-01 00:00:00.0000000,0,0,0,2026-09-28 21:46:24.0830000,52.716670,-1.566670
2552309,"Coton in the Elms",979,77,"30U","30U1H6S3Q",0,2010-01-01 00:00:00.0000000,0,0,0,2026-09-28 21:46:25.1270000,52.733070,-1.636960
2553047,"Rosliston",979,77,"30U","30U1H6S3Q",0,2010-01-01 00:00:00.0000000,0,0,0,2026-09-28 21:46:26.1700000,52.746940,-1.638420
2208112,"Secugnago",1375,110,"32T","32T1H5S2Q",1,2025-10-31 22:54:59.9270000,101375,0,0,2026-09-28 21:46:27.1700000,45.232870,9.593460
2553940,"Drakelowe",979,77,"30U","30U1H6S3Q",0,2010-01-01 00:00:00.0000000,0,0,0,2026-09-28 21:46:27.2070000,52.766670,-1.633330
1495092,"Heritage Woods",3547,233,"17S","17S2H5S4Q",1,2026-09-28 21:46:28.3170000,1068,0,0,2026-09-28 21:46:28.3170000,32.127150,-80.810390
2412994,"Wrzasowice",2439,180,"34U","34U2H4S2Q",3,2017-08-07 16:55:29.2770000,0,0,1041553,2026-09-28 21:46:32.7970000,49.958620,19.946540
1485969,"The Landings",3539,233,"17R","17R1H2S1Q",2,2022-05-17 17:55:22.0200000,517,11676,300,2026-09-28 21:46:52.2230000,31.944660,-81.024280
1485778,"Marshwood at the Landings",3539,233,"17R","17R1H2S1Q",1,2026-09-28 21:46:59.7800000,1776,0,0,2026-09-28 21:46:59.7800000,31.939940,-81.031500
2516653,"Krasnyy Vostok",2665,192,"40U","40U2H1S2Q",1,2026-09-28 21:47:07.7900000,1200,0,0,2026-09-28 21:47:07.7900000,51.982400,55.864600
2516658,"Nikandrovka",2646,192,"37U","37U2H2S1Q",1,2026-09-28 21:47:11.8830000,1200,0,0,2026-09-28 21:47:11.8830000,51.982500,38.667090
2516659,"Georgiyevka",2674,192,"37U","37U2H3S1Q",1,2026-09-28 21:47:14.9930000,1200,0,0,2026-09-28 21:47:14.9930000,51.982500,40.314720
2516662,"Lopatki",2646,192,"37U","37U2H2S2Q",1,2026-09-28 21:47:20.5370000,1200,0,0,2026-09-28 21:47:20.5370000,51.982620,39.335740
1491112,"Liberty City",3539,233,"17S","17S2H5S3Q",1,2026-09-28 21:47:30.6330000,1268,525,0,2026-09-28 21:47:30.6330000,32.047710,-81.137610
2564387,"Osmaston",979,77,"30U","30U1H6S3Q",2,2026-09-17 09:32:14.9330000,0,101836,0,2026-09-28 21:47:51.7400000,52.983330,-1.700000
2590313,"Oldtown",1260,102,"29U","29U1H6S2Q",2,2020-06-28 07:06:00.6500000,0,1089415,0,2026-09-28 21:48:13.7970000,53.525280,-6.315560
2522192,"Prinsenhof",2265,167,"31U","31U1H6S3Q",2,2026-09-28 21:49:42.8900000,0,2495,0,2026-09-28 21:49:42.8900000,52.100000,4.400000
2522012,"Stompwijk",2265,167,"31U","31U1H6S3Q",2,2026-09-28 21:49:49.4700000,0,682,0,2026-09-28 21:49:49.4700000,52.095000,4.470830
2521913,"Gelderswoude",2265,167,"31U","31U1H6S3Q",2,2026-09-28 21:49:53.3530000,0,1768,0,2026-09-28 21:49:55.4670000,52.091670,4.530560
2522735,"Zuidbuurt",2265,167,"31U","31U1H6S3Q",2,2026-09-28 21:49:59.9770000,0,788,0,2026-09-28 21:49:59.9770000,52.108330,4.504170
2522815,"Westeinde",2265,167,"31U","31U1H6S3Q",2,2026-09-28 21:50:03.8500000,0,788,0,2026-09-28 21:50:03.8500000,52.110830,4.480560
9765,"Beaumont",138,13,"54H","54H1H4S1Q",2,2023-10-14 20:16:33.3330000,0,1649666,0,2026-09-28 21:51:38.5470000,-34.933330,138.650000
2516665,"Komsomol'skiy",2646,192,"37U","37U2H2S2Q",1,2026-09-28 21:51:39.8800000,1200,0,0,2026-09-28 21:51:39.8800000,51.982880,39.224140
2516668,"Kamenka",2665,192,"40U","40U2H1S2Q",1,2026-09-28 21:51:45.8500000,1200,0,0,2026-09-28 21:51:45.8500000,51.983000,55.809900
71129,"Soarano",1880,143,"38K","38K2H3S3Q",2,2026-09-28 21:52:05.7400000,0,741,0,2026-09-28 21:52:05.7400000,-21.100000,46.433330
2524497,"Czempin",2451,180,"33U","33U1H6S3Q",2,2025-03-28 16:07:59.6800000,0,2983896,0,2026-09-28 21:52:06.3930000,52.144040,16.764080
71265,"Ambalamahatsinjo",1880,143,"38K","38K2H3S3Q",2,2026-09-28 21:52:08.9470000,0,741,0,2026-09-28 21:52:08.9470000,-21.083330,46.433330
71415,"Vohitseranana",1880,143,"38K","38K2H3S3Q",2,2026-09-28 21:52:11.6670000,0,741,0,2026-09-28 21:52:11.6670000,-21.066670,46.433330
71417,"Ambalamarina",1880,143,"38K","38K2H3S3Q",2,2026-09-28 21:52:15.1130000,0,741,0,2026-09-28 21:52:15.1130000,-21.066670,46.450000
1591444,"Dolanco Junction",3567,233,"11S","11S2H4S2Q",3,2013-05-16 09:36:12.7230000,0,0,953396,2026-09-28 21:52:15.3600000,33.845020,-118.300070
71130,"Madina",1880,143,"38K","38K2H3S3Q",2,2026-09-28 21:52:19.0030000,0,741,0,2026-09-28 21:52:19.0030000,-21.100000,46.483330
70988,"Mandoanono",1880,143,"38K","38K2H3S3Q",2,2026-09-28 21:52:22.7730000,0,741,0,2026-09-28 21:52:22.7730000,-21.116670,46.483330
70989,"Ampeha",1880,143,"38K","38K2H3S3Q",2,2026-09-28 21:52:25.9300000,0,741,0,2026-09-28 21:52:25.9300000,-21.116670,46.500000
71131,"Ambatolahy",1880,143,"38K","38K2H3S3Q",2,2026-09-28 21:52:29.1500000,0,741,0,2026-09-28 21:52:29.1500000,-21.100000,46.500000
1844117,"El Cerrito",3567,233,"10S","10S1H5S2Q",2,2025-08-01 12:23:41.0230000,0,3888144,19646,2026-09-28 21:52:45.0900000,37.915760,-122.311640
802269,"Tha Yang",3167,218,"47P","47P1H5S4Q",1,2016-02-19 23:42:21.6500000,556515,108917,0,2026-09-28 21:53:03.0600000,12.957720,99.905550
2222701,"Galliera Veneta",1366,110,"32T","32T1H6S2Q",2,2017-01-31 05:32:41.8900000,0,915436,0,2026-09-28 21:53:39.1430000,45.663500,11.830900
89685,"Marovoalavo",1882,143,"38K","38K1H6S2Q",2,2026-09-28 21:53:55.4800000,0,741,0,2026-09-28 21:53:55.4800000,-18.650000,47.800000
89565,"Tanambao",1882,143,"38K","38K1H6S2Q",2,2026-09-28 21:53:59.1400000,0,741,0,2026-09-28 21:53:59.1400000,-18.666670,47.800000
89466,"Antaninandro",1882,143,"38K","38K1H6S2Q",2,2026-09-28 21:54:05.0400000,0,741,0,2026-09-28 21:54:05.0400000,-18.683330,47.816670
89467,"Ampasika",1882,143,"38K","38K1H6S2Q",2,2026-09-28 21:54:11.7830000,0,741,0,2026-09-28 21:54:11.7830000,-18.683330,47.833330
89363,"Mandena",1882,143,"38K","38K1H6S2Q",2,2026-09-28 21:54:14.3700000,0,741,0,2026-09-28 21:54:14.3700000,-18.700000,47.833330
89135,"Ambatomasina",1882,143,"38K","38K1H6S2Q",2,2026-09-28 21:54:16.8300000,0,741,0,2026-09-28 21:54:16.8300000,-18.733330,47.850000
88824,"Arisitikolo",1882,143,"38K","38K1H6S2Q",2,2026-09-28 21:54:20.5030000,0,741,0,2026-09-28 21:54:20.5030000,-18.783330,47.833330
2566012,"Ireton Wood",979,77,"30U","30U1H6S1Q",3,2024-05-14 17:58:14.2670000,0,0,741217,2026-09-28 21:54:23.4530000,53.016670,-1.583330
88719,"Ambohidray",1882,143,"38K","38K1H6S2Q",2,2026-09-28 21:54:24.3570000,0,741,0,2026-09-28 21:54:24.3570000,-18.800000,47.833330
2516976,"Mar'inka",2657,192,"38U","38U2H2S1Q",1,2026-09-28 21:54:51.8800000,1200,0,0,2026-09-28 21:54:51.8800000,51.983330,44.333330
2516977,"Starovasil'yevskiy",2657,192,"39U","39U2H1S1Q",1,2026-09-28 21:55:02.3000000,1200,0,0,2026-09-28 21:55:02.3000000,51.983330,48.250000
80942,"Jesuitas",2587,187,"21K","21K1H4S3Q",2,2026-09-28 21:55:17.3330000,0,1160,0,2026-09-28 21:55:17.3330000,-19.850000,-59.283330
9615,"Windy Corner",138,13,"54H","54H1H4S3Q",2,2024-09-30 17:34:00.5100000,0,1893370,0,2026-09-28 21:55:20.7500000,-35.016670,138.600000
80326,"Pozo de Buey",2587,187,"21K","21K1H4S3Q",2,2026-09-28 21:55:26.7570000,0,439,0,2026-09-28 21:55:26.7570000,-19.933330,-59.133330
12806,"North Sydney",143,13,"56H","56H1H1S4Q",3,2017-03-15 10:55:52.9900000,0,0,1540685,2026-09-28 21:55:27.6130000,-33.833300,151.200000
91134,"San Roque",348,29,"21K","21K1H4S1Q",2,2026-09-28 21:55:35.7370000,0,418,0,2026-09-28 21:55:35.7370000,-18.416670,-59.566670
1344266,"Bedeh",1342,108,"39R","39R1H5S4Q",2,2026-09-28 21:56:41.7870000,0,844,0,2026-09-28 21:56:41.7870000,28.793600,51.751200
1343815,"Sholdan",1342,108,"39R","39R1H5S4Q",2,2026-09-28 21:56:43.2470000,0,844,0,2026-09-28 21:56:43.2470000,28.781400,51.723700
1343723,"Hajjiabad",1342,108,"39R","39R1H5S4Q",2,2026-09-28 21:56:45.7130000,0,844,0,2026-09-28 21:56:45.7130000,28.777900,51.736400
71552,"Adabomaro",1880,143,"38K","38K2H3S3Q",2,2026-09-28 21:56:46.0800000,0,741,0,2026-09-28 21:56:46.0800000,-21.050000,46.316670
1342885,"Derang",1342,108,"39R","39R1H5S4Q",2,2026-09-28 21:56:48.5500000,0,844,0,2026-09-28 21:56:48.5500000,28.750700,51.612900
71944,"Fenoarivo-Kivavaho",1880,143,"38K","38K2H3S3Q",2,2026-09-28 21:56:49.9770000,0,741,0,2026-09-28 21:56:49.9770000,-21.000000,46.333330
1341828,"Shah Pesar Mard",1342,108,"39R","39R1H5S4Q",2,2026-09-28 21:56:52.8070000,0,844,0,2026-09-28 21:56:52.8070000,28.718200,51.665800
2473609,"Wroclaw",2445,180,"33U","33U2H3S2Q",1,2016-02-08 20:40:44.9630000,424230868,0,0,2026-09-28 21:56:53.9000000,51.100000,17.033330
72252,"Vohimarina",1880,143,"38K","38K2H3S1Q",2,2026-09-28 21:56:59.9570000,0,741,0,2026-09-28 21:56:59.9570000,-20.966670,46.316670
71945,"Bekifafa",1880,143,"38K","38K2H3S3Q",2,2026-09-28 21:57:05.4970000,0,741,0,2026-09-28 21:57:05.4970000,-21.000000,46.383330
1491320,"Union Junction",3539,233,"17S","17S2H5S3Q",3,2026-09-28 21:58:23.3030000,458,184,1200,2026-09-28 21:58:26.9330000,32.050210,-81.126500
12582,"Surry Hills",143,13,"56H","56H1H1S4Q",2,2026-09-24 04:39:38.9000000,0,1839230,6516,2026-09-28 21:58:54.8400000,-33.886110,151.214440
12629,"The Glebe",143,13,"56H","56H1H1S4Q",2,2026-09-05 21:37:44.4300000,0,4484963,0,2026-09-28 21:59:08.1770000,-33.879440,151.186390
1880088,"O'Fallon",3554,233,"16S","16S1H1S3Q",3,2021-11-24 14:04:38.9500000,0,0,59328848,2026-09-28 21:59:23.3170000,38.592270,-89.911210
2421132,"Huckelheim",715,57,"32U","32U2H2S4Q",2,2013-04-16 13:09:35.2970000,0,923703,0,2026-09-28 21:59:27.2700000,50.133330,9.250000
2017715,"Besiktas",3348,225,"35T","35T2H6S2Q",3,2023-07-29 10:46:32.3670000,0,0,1016943,2026-09-28 21:59:47.5700000,41.045410,29.009910
1820088,"Redwood Junction",3567,233,"10S","10S1H5S2Q",1,2025-04-22 18:09:46.4400000,2353045,0,12295,2026-09-28 21:59:57.7730000,37.477160,-122.221350
2306555,"Briarcrest",3578,233,"10T","10T1H2S2Q",1,2021-04-10 11:26:25.8300000,3750229,0,0,2026-09-28 22:00:09.9970000,47.743710,-122.297350
71681,"Ambalavato",1880,143,"38K","38K2H3S3Q",2,2026-09-28 22:00:18.2500000,0,741,0,2026-09-28 22:00:18.2500000,-21.033330,46.433330
71835,"Andranomavo",1880,143,"38K","38K2H3S3Q",2,2026-09-28 22:00:21.9530000,0,741,0,2026-09-28 22:00:21.9530000,-21.016670,46.433330
12816,"Cammeray",143,13,"56H","56H1H1S4Q",3,2017-02-23 05:20:20.4470000,0,0,1750870,2026-09-28 22:00:44.8400000,-33.822500,151.215830
2687276,"Pittenweem",977,77,"30V","30V2H5S4Q",3,2025-06-20 22:40:31.2370000,0,0,387627,2026-09-28 22:01:05.2930000,56.214060,-2.728390
2522896,"Weipoort",2265,167,"31U","31U1H6S3Q",2,2026-09-28 22:01:32.5230000,94,813,0,2026-09-28 22:01:32.5230000,52.113330,4.523610
2522645,"Bent",2265,167,"31U","31U1H6S3Q",2,2026-09-28 22:01:36.0730000,0,894,0,2026-09-28 22:01:36.0730000,52.105830,4.556940
2523633,"Hazerswoude-Rijndijk",2265,167,"31U","31U1H6S3Q",2,2026-09-28 22:01:47.8200000,50,517,0,2026-09-28 22:01:47.8200000,52.128330,4.591670
2523842,"Koudekerk aan den Rijn",2265,167,"31U","31U1H6S3Q",1,2025-03-08 13:13:19.2600000,418163,1034,0,2026-09-28 22:01:54.8600000,52.133330,4.601390
2523719,"Groenendijk",2265,167,"31U","31U1H6S3Q",2,2026-09-28 22:02:02.9830000,0,800,0,2026-09-28 22:02:02.9830000,52.130830,4.559720
12644,"Pyrmont",143,13,"56H","56H1H1S4Q",3,2013-07-18 08:25:02.1930000,0,0,3078969,2026-09-28 22:02:22.0000000,-33.869850,151.194020
1979361,"El Piul",904,68,"30T","30T2H5S3Q",1,2014-08-17 16:25:49.9130000,1046970,0,0,2026-09-28 22:02:25.4270000,40.366670,-3.500000
71947,"Andranomafana",1880,143,"38K","38K2H3S3Q",2,2026-09-28 22:02:27.6230000,0,741,0,2026-09-28 22:02:27.6230000,-21.000000,46.450000
71554,"Ambalamalemy",1880,143,"38K","38K2H3S3Q",2,2026-09-28 22:02:41.1700000,0,741,0,2026-09-28 22:02:41.1700000,-21.050000,46.483330
2691971,"Luthrie",977,77,"30V","30V2H5S3Q",3,2025-05-30 07:08:40.5330000,0,0,1800942,2026-09-28 22:02:42.9200000,56.350000,-3.083330
2023110,"Cheyenne",3579,233,"13T","13T2H5S2Q",0,2026-09-28 22:02:42.9270000,0,0,0,2026-09-28 22:02:42.9270000,41.139980,-104.820250
12755,"Neutral Bay",143,13,"56H","56H1H1S4Q",3,2017-03-15 06:05:05.1800000,0,0,1758635,2026-09-28 22:03:21.6670000,-33.838890,151.216670
12756,"Waverton",143,13,"56H","56H1H1S4Q",3,2017-03-15 10:55:45.6270000,0,0,1529002,2026-09-28 22:03:39.3170000,-33.838630,151.200460
2048624,"Dune Acres Station",3555,233,"16T","16T2H5S1Q",3,2026-09-10 13:32:46.0800000,0,0,312067,2026-09-28 22:04:06.4000000,41.637260,-87.084760
71418,"Tsinjorano",1880,143,"38K","38K2H3S3Q",2,2026-09-28 22:04:15.3770000,0,741,0,2026-09-28 22:04:15.3770000,-21.066670,46.516670
2223889,"Lachenaie",459,38,"18T","18T1H6S1Q",1,2026-06-07 18:47:32.7470000,450514,0,0,2026-09-28 22:04:22.3300000,45.698630,-73.578270
2293050,"Zuerich-Kloten Airport",503,43,"32T","32T1H2S1Q",3,2023-05-24 13:55:32.8030000,0,0,27326169,2026-09-28 22:04:23.2670000,47.457750,8.555770
2445854,"Lille",950,75,"31U","31U2H2S4Q",2,2013-11-16 12:00:01.8900000,0,99863864,1500,2026-09-28 22:04:23.2730000,50.633330,3.066670
2371987,"Laquenexy",952,75,"32U","32U2H4S1Q",1,2025-02-27 14:22:04.0430000,5512,0,0,2026-09-28 22:04:27.4570000,49.083330,6.316670
2372742,"Colligny",952,75,"32U","32U2H4S1Q",1,2025-08-26 07:03:55.6300000,5884,0,0,2026-09-28 22:04:35.4730000,49.100000,6.333330
2448666,"Mortier",255,20,"31U","31U2H3S4Q",1,2025-05-07 17:37:31.6500000,100254,0,0,2026-09-28 22:05:20.0630000,50.682460,5.743100
2453078,"Oborne",255,20,"31U","31U2H3S4Q",1,2026-09-09 06:40:49.2700000,7261,0,0,2026-09-28 22:05:48.9330000,50.755460,5.538360
2516978,"Nikol'skiy",2657,192,"39U","39U2H1S1Q",1,2026-09-28 22:05:49.8970000,1200,0,0,2026-09-28 22:05:49.8970000,51.983330,48.400000
2516980,"Smolenka",2657,192,"39U","39U2H2S1Q",1,2026-09-28 22:05:55.0700000,1200,0,0,2026-09-28 22:05:55.0700000,51.983330,50.033330
2516981,"Karzhanovskiy",2658,192,"39U","39U2H2S1Q",1,2026-09-28 22:05:57.8870000,1200,0,0,2026-09-28 22:05:57.8870000,51.983330,50.566670
2516983,"Khleborob",2665,192,"39U","39U2H2S2Q",1,2026-09-28 22:06:01.3000000,1200,0,0,2026-09-28 22:06:01.3000000,51.983330,51.666670
12805,"Cremorne",143,13,"56H","56H1H1S4Q",3,2017-03-15 06:05:11.0430000,0,0,1372367,2026-09-28 22:06:52.4030000,-33.833330,151.225000
1669776,"Ayia Napa",686,55,"36S","36S2H3S3Q",1,2018-05-08 19:16:12.2970000,22839243,0,0,2026-09-28 22:07:48.3830000,34.982130,34.001830
2291897,"Vertpuszta",1221,100,"34T","34T1H1S1Q",2,2026-06-26 10:03:53.5170000,0,707207,0,2026-09-28 22:08:34.8200000,47.433330,18.700000
59875,"Sakave",1880,143,"38K","38K2H6S1Q",2,2026-09-28 22:09:03.3900000,0,741,0,2026-09-28 22:09:03.3900000,-22.566670,46.300000
59992,"Miary",1880,143,"38K","38K2H6S1Q",2,2026-09-28 22:09:18.4000000,0,741,0,2026-09-28 22:09:18.4000000,-22.550000,46.300000
1612006,"Brents Junction",3567,233,"11S","11S2H1S4Q",1,2026-09-28 21:38:55.6870000,3590,0,0,2026-09-28 22:09:18.8800000,34.148340,-118.697870
59876,"Ambinda",1880,143,"38K","38K2H6S1Q",2,2026-09-28 22:09:21.4530000,0,741,0,2026-09-28 22:09:21.4530000,-22.566670,46.366670
1606326,"Malibu Bowl",3567,233,"11S","11S2H1S4Q",1,2026-09-28 11:02:45.1770000,3356,0,0,2026-09-28 22:09:22.9130000,34.061120,-118.740370
1605425,"Malibu Hills",3567,233,"11S","11S2H1S4Q",1,2026-09-28 17:33:48.5100000,3527,0,0,2026-09-28 22:09:29.5100000,34.047510,-118.744250
2694772,"Kinnaird",977,77,"30V","30V2H5S3Q",3,2025-07-24 13:28:24.4300000,0,0,106276,2026-09-28 22:09:42.6570000,56.433330,-3.233330
59877,"Sahamboritra",1880,143,"38K","38K2H6S1Q",2,2026-09-28 22:09:47.5130000,0,741,0,2026-09-28 22:09:47.5130000,-22.566670,46.433330
60544,"Marokoliva",1880,143,"38K","38K2H6S1Q",2,2026-09-28 22:09:52.9800000,0,741,0,2026-09-28 22:09:52.9800000,-22.466670,46.400000
60116,"Analavoka",1880,143,"38K","38K2H6S1Q",2,2026-09-28 22:09:56.7970000,0,741,0,2026-09-28 22:09:56.7970000,-22.533330,46.500000
2563535,"Bradley in the Moors",979,77,"30U","30U1H6S3Q",2,2024-07-29 18:44:16.1670000,300,1073251,0,2026-09-28 22:10:00.9570000,52.966670,-1.916670
59528,"Andambario",1880,143,"38K","38K2H6S1Q",2,2026-09-28 22:10:06.9970000,0,741,0,2026-09-28 22:10:06.9970000,-22.616670,46.516670
59648,"Anosibe",1880,143,"38K","38K2H6S1Q",2,2026-09-28 22:10:10.2700000,0,741,0,2026-09-28 22:10:10.2700000,-22.600000,46.483330
88508,"Ankolika",1882,143,"38K","38K1H6S2Q",2,2026-09-28 22:10:24.2870000,0,741,0,2026-09-28 22:10:24.2870000,-18.833330,47.833330
2557912,"Marchington Woodlands",979,77,"30U","30U1H6S3Q",2,2023-06-06 14:26:04.7800000,2100,99869,0,2026-09-28 22:10:26.2770000,52.850000,-1.833330
88390,"Lampahambana",1882,143,"38K","38K1H6S2Q",2,2026-09-28 22:10:27.2630000,0,741,0,2026-09-28 22:10:27.2630000,-18.850000,47.833330
2696925,"Dronley",977,77,"30V","30V2H5S3Q",3,2025-07-20 22:03:03.6670000,0,0,163173,2026-09-28 22:10:28.6230000,56.500000,-3.066670
88286,"Ambohimasina",1882,143,"38K","38K1H6S2Q",2,2026-09-28 22:10:30.0030000,0,741,0,2026-09-28 22:10:30.0030000,-18.866670,47.833330
88044,"Andanona",1882,143,"38K","38K1H6S2Q",2,2026-09-28 22:10:32.5900000,0,741,0,2026-09-28 22:10:32.5900000,-18.900000,47.850000
88045,"Andafibe",1882,143,"38K","38K1H6S2Q",2,2026-09-28 22:10:39.2270000,0,741,0,2026-09-28 22:10:39.2270000,-18.900000,47.883330
88287,"Ankazofotsy",1882,143,"38K","38K1H6S2Q",2,2026-09-28 22:10:41.7270000,0,741,0,2026-09-28 22:10:41.7270000,-18.866670,47.916670
87884,"Miakadaza",1878,143,"38K","38K1H6S2Q",2,2026-09-28 22:10:46.9330000,0,741,0,2026-09-28 22:10:46.9330000,-18.916670,47.983330
2697996,"Kirkton of Tealing",977,77,"30V","30V2H5S4Q",3,2025-07-08 05:40:50.6500000,0,0,244810,2026-09-28 22:10:51.3830000,56.533330,-2.966670
2364264,"Port-sur-Seille",952,75,"32U","32U2H4S3Q",1,2024-09-25 05:48:39.7970000,6185,0,0,2026-09-28 22:10:51.7030000,48.900000,6.166670
87012,"Ampasimpotsy",1878,143,"39K","39K1H4S3Q",2,2026-09-28 22:10:53.3030000,0,741,0,2026-09-28 22:10:53.3030000,-19.033330,48.016670
2364265,"Clemery",952,75,"32U","32U2H4S3Q",1,2024-09-23 21:15:39.0200000,3879,0,0,2026-09-28 22:10:58.8870000,48.900000,6.183330
2696927,"Murroes",977,77,"30V","30V2H5S4Q",3,2025-07-08 05:41:37.4670000,0,0,113073,2026-09-28 22:11:01.6470000,56.500000,-2.866670
1605746,"Brentwood",3567,233,"11S","11S2H1S4Q",3,2016-01-16 05:30:47.7970000,0,0,1105100,2026-09-28 22:11:03.9130000,34.051950,-118.473970
2696379,"Monifieth",977,77,"30V","30V2H5S4Q",3,2025-09-18 19:54:32.8500000,0,0,138701,2026-09-28 22:11:19.1600000,56.483330,-2.816670
2696767,"Lucknow",977,77,"30V","30V2H5S4Q",3,2025-06-17 22:25:58.1800000,0,0,145461,2026-09-28 22:11:26.8500000,56.491030,-2.780400
1341952,"Ashir",1342,108,"39R","39R1H5S4Q",2,2026-09-28 22:11:45.6700000,0,844,0,2026-09-28 22:11:45.6700000,28.723300,51.519200
1343519,"Geshi",1342,108,"39R","39R1H5S4Q",2,2026-09-28 22:12:06.2130000,0,844,0,2026-09-28 22:12:06.2130000,28.770300,51.464500
1343838,"Tol Gorgu",1342,108,"39R","39R1H5S4Q",2,2026-09-28 22:12:09.3500000,0,844,0,2026-09-28 22:12:09.3500000,28.782300,51.444000
1344060,"Banyun",1342,108,"39R","39R1H5S4Q",2,2026-09-28 22:12:22.8030000,0,844,0,2026-09-28 22:12:22.8030000,28.786300,51.435600
1343690,"Ab Bu'i",1342,108,"39R","39R1H5S4Q",2,2026-09-28 22:12:26.0030000,0,802,0,2026-09-28 22:12:26.0030000,28.776940,51.303610
2111463,"Mohawk",3562,233,"18T","18T2H2S1Q",1,2024-10-09 03:48:12.6900000,100554,0,0,2026-09-28 22:12:55.8130000,43.011460,-75.004040
2639158,"Gransha",978,77,"30U","30U1H1S3Q",1,2024-11-20 23:22:25.7300000,124611,0,0,2026-09-28 22:13:12.5870000,54.783330,-5.716670
1756656,"Molus",3567,233,"10S","10S1H6S3Q",1,2026-09-19 08:18:55.7130000,495561,0,1800,2026-09-28 22:13:18.8200000,36.468020,-121.394100
2118886,"Rochester",3562,233,"18T","18T2H1S1Q",1,2023-06-22 12:00:31.0330000,1058412,0,0,2026-09-28 22:13:20.2500000,43.154780,-77.615560
59529,"Miarinarivo",1880,143,"38K","38K2H6S1Q",2,2026-09-28 22:13:24.3830000,0,741,0,2026-09-28 22:13:24.3830000,-22.616670,46.566670
59649,"Morarano",1880,143,"38K","38K2H6S1Q",2,2026-09-28 22:13:30.3570000,0,741,0,2026-09-28 22:13:30.3570000,-22.600000,46.583330
2107337,"Waterville",3562,233,"18T","18T2H2S3Q",1,2016-04-18 10:53:40.0430000,10751,0,0,2026-09-28 22:13:32.5330000,42.931180,-75.379890
2593405,"Tusskendor",708,57,"32U","32U1H4S1Q",3,2026-09-28 18:49:13.2030000,0,0,30572,2026-09-28 22:14:40.1800000,53.600000,6.716670
71682,"Ambodisaka",1880,143,"38K","38K2H3S3Q",2,2026-09-28 22:14:48.8930000,0,741,0,2026-09-28 22:14:48.8930000,-21.033330,46.500000
802630,"Ban Tha Khoi",3167,218,"47P","47P1H5S4Q",1,2024-11-21 14:43:32.2370000,131198,300,0,2026-09-28 22:14:53.2970000,12.966670,99.883330
71132,"Malaikofara",1880,143,"38K","38K2H3S3Q",2,2026-09-28 22:14:53.5670000,0,741,0,2026-09-28 22:14:53.5670000,-21.100000,46.550000
71419,"Lovola",1880,143,"38K","38K2H3S3Q",2,2026-09-28 22:14:56.0330000,0,741,0,2026-09-28 22:14:56.0330000,-21.066670,46.533330
802629,"Ban Bo Takua",3167,218,"47P","47P1H5S4Q",1,2024-11-21 15:12:26.9630000,213237,1851,0,2026-09-28 22:14:59.7700000,12.966670,99.866670
71420,"Ambalamirary",1880,143,"38K","38K2H3S3Q",2,2026-09-28 22:14:59.7870000,0,741,0,2026-09-28 22:14:59.7870000,-21.066670,46.566670
2562683,"Shirley",979,77,"30U","30U1H6S3Q",2,2024-07-16 01:25:50.7530000,0,100850,0,2026-09-28 22:15:02.9270000,52.950000,-1.666670
71555,"Andranomavo Avaratra",1880,143,"38K","38K2H3S3Q",2,2026-09-28 22:15:03.0870000,0,741,0,2026-09-28 22:15:03.0870000,-21.050000,46.550000
71683,"Anara",1880,143,"38K","38K2H3S3Q",2,2026-09-28 22:15:05.4470000,0,741,0,2026-09-28 22:15:05.4470000,-21.033330,46.533330
803213,"Ban Mae Bua",3167,218,"47P","47P1H5S4Q",1,2024-12-11 06:45:18.8070000,202952,1505,0,2026-09-28 22:15:05.4830000,12.983330,99.866670
71836,"Antsiravondrona",1880,143,"38K","38K2H3S3Q",2,2026-09-28 22:15:09.1200000,0,741,0,2026-09-28 22:15:09.1200000,-21.016670,46.533330
803214,"Ban Yang Yong",3167,218,"47P","47P1H5S4Q",1,2024-12-11 06:47:49.1530000,137527,1179,0,2026-09-28 22:15:11.9030000,12.983330,99.883330
803711,"Ban Nong Chek Tai",3167,218,"47P","47P1H5S4Q",1,2024-12-11 06:42:58.5470000,140082,1179,0,2026-09-28 22:15:17.1770000,13.000000,99.866670
71684,"Ambatovory",1880,143,"38K","38K2H3S3Q",2,2026-09-28 22:15:18.4270000,0,741,0,2026-09-28 22:15:18.4270000,-21.033330,46.583330
803713,"Ban Tha Krathiam",3167,218,"47P","47P1H5S4Q",1,2024-12-11 06:50:57.4900000,138104,662,0,2026-09-28 22:15:23.7870000,13.000000,99.900000
804262,"Ban Tha Maklua",3167,218,"47P","47P1H5S2Q",1,2024-12-11 06:31:34.8800000,120388,662,0,2026-09-28 22:15:28.5530000,13.016670,99.900000
804784,"Ban Rai Prarong",3167,218,"47P","47P1H5S2Q",1,2025-01-15 13:08:08.1470000,149614,817,0,2026-09-28 22:15:33.8070000,13.033330,99.883330
2451478,"Haccourt",255,20,"31U","31U2H3S4Q",2,2025-03-22 10:29:22.4870000,0,2174031,0,2026-09-28 22:16:35.6300000,50.732720,5.669440
805371,"Ban Pong Salot",3167,218,"47P","47P1H5S2Q",1,2025-01-15 13:16:03.6730000,148318,1089,0,2026-09-28 22:17:20.7370000,13.050000,99.833330
1396429,"Pinehurst",3549,233,"15R","15R1H1S3Q",1,2017-01-16 00:37:21.9770000,3593940,0,0,2026-09-28 22:17:22.9130000,30.171050,-95.682450
2545811,"Konradshohe",714,57,"33U","33U1H4S4Q",2,2015-04-10 18:59:24.7570000,0,2057357,0,2026-09-28 22:17:58.4270000,52.585350,13.227580
2696380,"Barry",977,77,"30V","30V2H5S4Q",3,2025-07-26 05:46:01.9630000,0,0,140887,2026-09-28 22:18:34.3700000,56.483330,-2.750000
2696911,"Barry",977,77,"30V","30V2H5S4Q",3,2025-06-26 16:09:08.8070000,0,0,149737,2026-09-28 22:18:40.3770000,56.499930,-2.756500
2696928,"Carnoustie",977,77,"30V","30V2H5S4Q",3,2025-07-19 18:27:24.9370000,0,0,153607,2026-09-28 22:18:47.1170000,56.500000,-2.716670
2696929,"Panbride",977,77,"30V","30V2H5S4Q",3,2025-07-20 09:07:14.6200000,0,0,160522,2026-09-28 22:18:53.0600000,56.500000,-2.700000
71948,"Ambalakinana",1880,143,"38K","38K2H3S3Q",2,2026-09-28 22:22:15.9270000,0,741,0,2026-09-28 22:22:15.9270000,-21.000000,46.550000
72104,"Ambalamahatsinjo",1880,143,"38K","38K2H3S1Q",2,2026-09-28 22:22:19.4700000,0,741,0,2026-09-28 22:22:19.4700000,-20.983330,46.516670
72254,"Ambatolahy",1880,143,"38K","38K2H3S1Q",2,2026-09-28 22:22:21.1400000,0,741,0,2026-09-28 22:22:21.1400000,-20.966670,46.516670
72255,"Ihorombe",1880,143,"38K","38K2H3S1Q",2,2026-09-28 22:22:24.0370000,0,741,0,2026-09-28 22:22:24.0400000,-20.966670,46.550000
72529,"Soambahafeno",1880,143,"38K","38K2H3S1Q",2,2026-09-28 22:22:27.2930000,0,741,0,2026-09-28 22:22:27.2930000,-20.933330,46.533330
72528,"Tsihefa",1880,143,"38K","38K2H3S1Q",2,2026-09-28 22:22:31.3000000,0,741,0,2026-09-28 22:22:31.3030000,-20.933330,46.516670
1886897,"Waterford Village",3567,233,"10S","10S1H3S3Q",3,2026-09-10 19:51:55.3570000,0,0,2000885,2026-09-28 22:25:09.2400000,38.727120,-121.078830
2523841,"Achthoven",2265,167,"31U","31U1H6S3Q",2,2026-09-28 22:25:42.5530000,1800,2652,0,2026-09-28 22:25:42.5530000,52.133330,4.550000
2524450,"Hoge Rijndijk",2265,167,"31U","31U1H6S3Q",1,2026-05-16 11:15:24.0930000,18711,362,0,2026-09-28 22:25:50.5600000,52.142500,4.526390
2004876,"Sugar Hill",3562,233,"18T","18T2H6S3Q",1,2026-09-21 19:13:00.7570000,693349,0,0,2026-09-28 22:25:57.7800000,40.827500,-73.943330
2005365,"Colonial Park Houses",3562,233,"18T","18T2H6S3Q",3,2013-12-01 13:33:10.4800000,3796,0,468385,2026-09-28 22:26:19.4530000,40.833610,-73.936390
1960312,"East Linden",3563,233,"17T","17T2H4S4Q",3,2018-06-18 03:50:57.7100000,19626,0,1176548,2026-09-28 22:26:22.0270000,40.016730,-82.949900
1961540,"Clinton",3563,233,"17T","17T2H4S4Q",3,2021-05-10 03:13:57.5230000,6465,0,1017182,2026-09-28 22:26:29.6100000,40.040620,-82.960740
72671,"Amboasary",1880,143,"38K","38K2H3S1Q",2,2026-09-28 22:26:31.0030000,0,741,0,2026-09-28 22:26:31.0030000,-20.916670,46.516670
1962590,"Moores Corners",3563,233,"17T","17T2H4S4Q",3,2013-03-01 00:14:42.4830000,19459,0,923699,2026-09-28 22:26:44.4700000,40.059230,-82.953240
72526,"Fenoarivo",1880,143,"38K","38K2H3S1Q",2,2026-09-28 22:26:51.8870000,0,741,0,2026-09-28 22:26:51.8870000,-20.933330,46.450000
72527,"Ambatofotsy",1880,143,"38K","38K2H3S1Q",2,2026-09-28 22:26:55.1100000,0,741,0,2026-09-28 22:26:55.1100000,-20.933330,46.483330
2167375,"Yuma",3557,233,"16T","16T1H6S3Q",3,2026-04-18 14:44:51.1400000,5800,0,75166,2026-09-28 22:27:03.3930000,44.346670,-85.754790
2546032,"Maniewo",2451,180,"33U","33U1H6S3Q",3,2025-10-27 08:43:25.9900000,0,0,656315,2026-09-28 22:27:20.1130000,52.594180,16.866250
2135468,"Boonville",3562,233,"18T","18T2H2S1Q",1,2024-04-09 01:15:04.6170000,14503,0,0,2026-09-28 22:28:58.4070000,43.483680,-75.336560
72670,"Antsaharavina",1880,143,"38K","38K2H3S1Q",2,2026-09-28 22:29:15.1830000,0,741,0,2026-09-28 22:29:15.1830000,-20.916670,46.433330
72806,"Ambatomainty",1880,143,"38K","38K2H3S1Q",2,2026-09-28 22:29:25.2830000,0,741,0,2026-09-28 22:29:25.2830000,-20.900000,46.450000
73085,"Ranotsara",1880,143,"38K","38K2H3S1Q",2,2026-09-28 22:30:14.2330000,0,741,0,2026-09-28 22:30:14.2330000,-20.866670,46.350000
1342913,"Chah-e Ramah",1342,108,"39R","39R1H5S4Q",2,2026-09-28 22:30:35.7030000,0,802,0,2026-09-28 22:30:35.7030000,28.751800,51.300700
1341508,"`Arabi",1342,108,"39R","39R1H5S4Q",2,2026-09-28 22:30:38.2500000,0,841,0,2026-09-28 22:30:38.2500000,28.709100,51.327500
1340961,"Badam Zar",1342,108,"39R","39R1H5S4Q",2,2026-09-28 22:30:40.6200000,0,841,0,2026-09-28 22:30:40.6200000,28.692100,51.346800
1345823,"Dom Reydan",1342,108,"39R","39R1H5S4Q",2,2026-09-28 22:30:45.0270000,0,801,0,2026-09-28 22:30:45.0270000,28.841600,51.284200
1339712,"Khvormuj",1342,108,"39R","39R1H5S4Q",2,2026-09-28 22:30:48.2830000,0,841,0,2026-09-28 22:30:48.2830000,28.654300,51.380000
1339181,"Langak",1342,108,"39R","39R1H5S4Q",2,2026-09-28 22:30:51.3500000,0,841,0,2026-09-28 22:30:51.3500000,28.636500,51.374800
1493843,"Chatham City",3539,233,"17S","17S2H5S3Q",1,2026-09-28 22:33:31.5830000,2937,2507,300,2026-09-28 22:33:31.5830000,32.100480,-81.154280
1494069,"Wheat Hill",3539,233,"17S","17S2H5S3Q",1,2026-09-28 22:33:38.5930000,1268,0,600,2026-09-28 22:33:38.5930000,32.106040,-81.156220
1500966,"Exley",3539,233,"17S","17S2H5S3Q",1,2026-09-28 22:33:56.7330000,1584,852,1296,2026-09-28 22:33:56.7330000,32.245750,-81.229000
1492970,"Savannah",3539,233,"17S","17S2H5S3Q",2,2019-06-18 22:43:39.6400000,1117,3295841,300,2026-09-28 22:34:13.7770000,32.083540,-81.099830
59650,"Amboakitsy",1880,143,"38K","38K2H6S1Q",2,2026-09-28 22:35:05.0600000,0,741,0,2026-09-28 22:35:05.0600000,-22.600000,46.666670
59994,"Beadabo",1880,143,"38K","38K2H6S1Q",2,2026-09-28 22:35:07.8770000,0,741,0,2026-09-28 22:35:07.8770000,-22.550000,46.633330
59993,"Belemboka",1880,143,"38K","38K2H6S1Q",2,2026-09-28 22:35:10.5130000,0,741,0,2026-09-28 22:35:10.5130000,-22.550000,46.583330
60117,"Andravindahy",1880,143,"38K","38K2H6S1Q",2,2026-09-28 22:35:13.3270000,0,741,0,2026-09-28 22:35:13.3270000,-22.533330,46.666670
60441,"Mahavelo",1880,143,"38K","38K2H6S1Q",2,2026-09-28 22:35:15.8870000,0,741,0,2026-09-28 22:35:15.8870000,-22.483330,46.583330
60440,"Sakafaseny",1880,143,"38K","38K2H6S1Q",2,2026-09-28 22:35:18.9070000,0,741,0,2026-09-28 22:35:18.9070000,-22.483330,46.550000
60545,"Amboromena",1880,143,"38K","38K2H6S1Q",2,2026-09-28 22:35:22.8470000,0,741,0,2026-09-28 22:35:22.8470000,-22.466670,46.666670
60546,"Lalovo",1880,143,"38K","38K2H6S1Q",2,2026-09-28 22:35:26.3770000,0,741,0,2026-09-28 22:35:26.3770000,-22.466670,46.683330
87140,"Ambohimilatsara",1878,143,"39K","39K1H4S3Q",2,2026-09-28 22:35:40.5970000,0,741,0,2026-09-28 22:35:40.5970000,-19.016670,48.016670
87141,"Manorakanjo",1878,143,"39K","39K1H4S3Q",2,2026-09-28 22:35:44.7330000,0,741,0,2026-09-28 22:35:44.7330000,-19.016670,48.033330
87249,"Vohitakona",1878,143,"39K","39K1H4S3Q",2,2026-09-28 22:35:47.6230000,0,741,0,2026-09-28 22:35:47.6230000,-19.000000,48.050000
87013,"Antseranambe",1878,143,"39K","39K1H4S3Q",2,2026-09-28 22:35:50.7200000,0,741,0,2026-09-28 22:35:50.7200000,-19.033330,48.116670
86866,"Mangabe",1878,143,"39K","39K1H4S3Q",2,2026-09-28 22:35:53.1970000,0,741,0,2026-09-28 22:35:53.1970000,-19.050000,48.133330
86867,"Andranomandry",1878,143,"39K","39K1H4S3Q",2,2026-09-28 22:35:55.8770000,0,741,0,2026-09-28 22:35:55.8770000,-19.050000,48.200000
87490,"Ambohijazavavy",1878,143,"39K","39K1H4S1Q",2,2026-09-28 22:36:01.1230000,0,741,0,2026-09-28 22:36:01.1230000,-18.966670,48.100000
87885,"Anosibe",1878,143,"39K","39K1H4S1Q",2,2026-09-28 22:36:04.0770000,0,741,0,2026-09-28 22:36:04.0770000,-18.916670,48.050000
2363275,"Champs-Elysees",955,75,"31U","31U2H5S3Q",3,2022-01-23 17:02:32.2200000,0,83599,1481788,2026-09-28 22:36:16.6430000,48.869850,2.307210
805946,"Ban Nong Kapu",3167,218,"47P","47P1H5S2Q",1,2025-01-15 13:19:24.0300000,143143,300,0,2026-09-28 22:36:34.9030000,13.066670,99.850000
806576,"Ban Than",3167,218,"47P","47P1H5S2Q",1,2025-01-15 13:27:41.3600000,141941,1101,0,2026-09-28 22:36:41.4870000,13.083330,99.850000
808524,"Ban Hua Don",3167,218,"47P","47P1H5S2Q",2,2026-09-28 22:36:55.0430000,0,1146,0,2026-09-28 22:36:55.0430000,13.133330,99.866670
808525,"Ban Hua Saphan",3167,218,"47P","47P1H5S2Q",2,2026-09-28 22:36:59.0730000,0,1146,0,2026-09-28 22:36:59.0730000,13.133330,99.883330
808523,"Ban Na Pho",3167,218,"47P","47P1H5S2Q",2,2026-09-28 22:37:03.9100000,0,1146,0,2026-09-28 22:37:03.9100000,13.133330,99.850000
809190,"Ban Nong Klang",3167,218,"47P","47P1H5S2Q",2,2026-09-28 22:37:09.4900000,0,1146,0,2026-09-28 22:37:09.4900000,13.150000,99.850000
42622,"Tranoroa",1877,143,"38J","38J1H2S2Q",2,2026-09-28 22:37:12.2230000,0,1517,0,2026-09-28 22:37:12.2230000,-24.700000,45.066670
809188,"Ban Nong Khe",3167,218,"47P","47P1H5S2Q",2,2026-09-28 22:37:14.1130000,0,1146,0,2026-09-28 22:37:14.1130000,13.150000,99.833330
809193,"Ban Nong Hin",3167,218,"47P","47P1H5S2Q",2,2026-09-28 22:37:18.7300000,0,1146,0,2026-09-28 22:37:18.7300000,13.150000,99.883330
45160,"Ankilvalo-Ambany",1877,143,"38J","38J1H2S2Q",2,2026-09-28 22:37:32.4200000,0,1200,0,2026-09-28 22:37:32.4200000,-24.400000,45.050000
45162,"Ankilvalo-Ambony",1877,143,"38J","38J1H2S2Q",2,2026-09-28 22:37:35.1600000,0,1200,0,2026-09-28 22:37:35.1600000,-24.400000,45.066670
45266,"Tsaratsatra",1877,143,"38J","38J1H2S2Q",2,2026-09-28 22:37:37.5870000,0,1200,0,2026-09-28 22:37:37.5870000,-24.383330,45.066670
45381,"Androidroy",1877,143,"38J","38J1H2S2Q",2,2026-09-28 22:37:41.0570000,0,1200,0,2026-09-28 22:37:41.0570000,-24.366670,45.066670
45264,"Votovoatavo",1877,143,"38J","38J1H2S2Q",2,2026-09-28 22:37:44.6100000,0,1200,0,2026-09-28 22:37:44.6100000,-24.383330,45.050000
45494,"Ankilimamy",1877,143,"38J","38J1H2S2Q",2,2026-09-28 22:37:47.7170000,0,1200,0,2026-09-28 22:37:47.7170000,-24.350000,45.050000
45580,"Andongondongo",1877,143,"38J","38J1H2S2Q",2,2026-09-28 22:37:55.3100000,0,1200,0,2026-09-28 22:37:55.3100000,-24.333330,45.050000
73208,"Sakamadio Andrefana",1880,143,"38K","38K2H3S1Q",2,2026-09-28 22:38:07.9370000,0,741,0,2026-09-28 22:38:07.9370000,-20.850000,46.383330
809922,"Ban Nong Chik",3167,218,"47P","47P1H5S2Q",2,2026-09-28 22:38:09.2870000,0,1146,0,2026-09-28 22:38:09.2870000,13.166670,99.850000
72948,"Tanambao",1880,143,"38K","38K2H3S1Q",2,2026-09-28 22:38:12.5930000,0,741,0,2026-09-28 22:38:12.5930000,-20.883330,46.450000
810640,"Ban Nong Pla Lai (1)",3167,218,"47P","47P1H5S2Q",2,2026-09-28 22:38:14.9200000,0,1146,0,2026-09-28 22:38:14.9200000,13.183330,99.866670
73086,"Imalaza",1880,143,"38K","38K2H3S1Q",2,2026-09-28 22:38:16.1330000,0,741,0,2026-09-28 22:38:16.1330000,-20.866670,46.483330
72949,"Andovoka",1880,143,"38K","38K2H3S1Q",2,2026-09-28 22:38:18.2200000,0,741,0,2026-09-28 22:38:18.2200000,-20.883330,46.500000
72950,"Antenibe",1880,143,"38K","38K2H3S1Q",2,2026-09-28 22:38:21.6400000,0,741,0,2026-09-28 22:38:21.6400000,-20.883330,46.533330
811342,"Ban Nong Pla Lai (2)",3167,218,"47P","47P1H5S2Q",2,2026-09-28 22:38:24.2600000,0,1146,0,2026-09-28 22:38:24.2600000,13.200000,99.883330
72106,"Andriha",1880,143,"38K","38K2H3S1Q",2,2026-09-28 22:38:25.4600000,0,741,0,2026-09-28 22:38:25.4600000,-20.983330,46.666670
809924,"Ban Lamphang",3167,218,"47P","47P1H5S2Q",2,2026-09-28 22:38:29.4900000,0,1146,0,2026-09-28 22:38:29.4900000,13.166670,99.900000
809925,"Ban Khru",3167,218,"47P","47P1H5S2Q",2,2026-09-28 22:38:48.7000000,0,1146,0,2026-09-28 22:38:48.7000000,13.166670,99.916670
810641,"Ban Pak Khlong",3167,218,"47P","47P1H5S2Q",2,2026-09-28 22:38:55.1270000,0,1146,0,2026-09-28 22:38:55.1270000,13.183330,99.950000
71949,"Ambalanosy",1880,143,"38K","38K2H3S3Q",2,2026-09-28 22:38:55.6030000,0,741,0,2026-09-28 22:38:55.6030000,-21.000000,46.700000
811383,"Ban Laem",3167,218,"47P","47P1H5S2Q",2,2026-09-28 22:39:07.9530000,0,1146,0,2026-09-28 22:39:07.9530000,13.200360,99.980080
811344,"Ban Bang Khrok",3167,218,"47P","47P1H5S2Q",2,2026-09-28 22:39:15.1800000,0,1146,0,2026-09-28 22:39:15.1800000,13.200000,99.950000
812807,"Ban Samae Chai",3167,218,"47P","47P1H5S2Q",2,2026-09-28 22:39:19.8900000,0,1146,0,2026-09-28 22:39:19.8900000,13.233330,99.933330
812806,"Ban Pak Khlong Khung Tamnak",3167,218,"47P","47P1H5S2Q",2,2026-09-28 22:39:31.7530000,0,1146,0,2026-09-28 22:39:31.7530000,13.233330,99.916670
812805,"Ban Phraek Setthi",3167,218,"47P","47P1H5S2Q",2,2026-09-28 22:39:35.8470000,0,1146,0,2026-09-28 22:39:35.8470000,13.233330,99.900000
812043,"Ban Khao Samo Bang",3167,218,"47P","47P1H5S2Q",2,2026-09-28 22:39:46.5530000,0,1146,0,2026-09-28 22:39:46.5530000,13.216670,99.883330
811341,"Ban Phai",3167,218,"47P","47P1H5S2Q",2,2026-09-28 22:39:51.8500000,0,1146,0,2026-09-28 22:39:51.8500000,13.200000,99.850000
811340,"Ban Thap Khang",3167,218,"47P","47P1H5S2Q",2,2026-09-28 22:40:02.9200000,0,1146,0,2026-09-28 22:40:02.9200000,13.200000,99.833330
812039,"Ban Khao Yoi",3167,218,"47P","47P1H5S2Q",2,2026-09-28 22:40:07.3300000,0,1146,0,2026-09-28 22:40:07.3300000,13.216670,99.833330
2228711,"Warren",3576,233,"10T","10T1H5S2Q",2,2015-10-10 13:01:06.8270000,0,313218,243260,2026-09-28 22:40:07.5370000,45.819000,-122.848990
2624378,"Gdansk",2449,180,"34U","34U1H1S3Q",2,2019-06-07 12:01:43.3100000,0,11511980,0,2026-09-28 22:40:10.0400000,54.352050,18.646370
812802,"Ban Huai Luang",3167,218,"47P","47P1H5S2Q",2,2026-09-28 22:40:12.6900000,0,1146,0,2026-09-28 22:40:12.6900000,13.233330,99.850000
812801,"Ban Huai Krathaek",3167,218,"47P","47P1H5S2Q",2,2026-09-28 22:40:16.9600000,0,1146,0,2026-09-28 22:40:16.9600000,13.233330,99.816670
813061,"Khao Yoi",3167,218,"47P","47P1H5S2Q",2,2026-09-28 22:40:27.6530000,0,1146,0,2026-09-28 22:40:27.6530000,13.240250,99.824280
813525,"Ban Sa Phang",3167,218,"47P","47P1H5S2Q",2,2026-09-28 22:40:32.0370000,0,1146,0,2026-09-28 22:40:32.0370000,13.250000,99.833330
814255,"Ban Nong Som",3167,218,"47P","47P1H5S2Q",2,2026-09-28 22:40:38.0070000,0,1146,0,2026-09-28 22:40:38.0070000,13.266670,99.833330
814256,"Ban Ton Lamphaen",3189,218,"47P","47P1H5S2Q",2,2026-09-28 22:40:44.9570000,0,1146,0,2026-09-28 22:40:44.9570000,13.266670,99.883330
807572,"Phetchaburi",3167,218,"47P","47P1H5S2Q",1,2013-07-23 09:03:34.5470000,5724516,300,0,2026-09-28 22:41:02.8000000,13.111890,99.944670
807855,"Ban Saphan Yai Non",3167,218,"47P","47P1H5S2Q",1,2015-05-26 15:11:56.7370000,2116267,1200,0,2026-09-28 22:41:17.7330000,13.116670,99.950000
813527,"Ban Bang Kang",3167,218,"47P","47P1H5S2Q",2,2026-09-28 22:41:34.1630000,0,1146,0,2026-09-28 22:41:34.1670000,13.250000,99.933330
813526,"Ban Khung Tamnak",3167,218,"47P","47P1H5S2Q",2,2026-09-28 22:41:38.4970000,0,1146,0,2026-09-28 22:41:38.4970000,13.250000,99.916670
814257,"Ban Khlong Hailam",3167,218,"47P","47P1H5S2Q",2,2026-09-28 22:41:43.1430000,0,1146,0,2026-09-28 22:41:43.1470000,13.266670,99.916670
814258,"Ban Khlong Kao",3167,218,"47P","47P1H5S2Q",2,2026-09-28 22:41:57.5630000,0,1146,0,2026-09-28 22:41:57.5630000,13.266670,99.933330
815042,"Ban Huai Duan",3167,218,"47P","47P1H5S2Q",2,2026-09-28 22:42:10.1470000,0,1146,0,2026-09-28 22:42:10.1470000,13.283330,99.816670
815041,"Ban Nong Chumphon",3167,218,"47P","47P1H5S2Q",2,2026-09-28 22:42:14.4230000,0,1146,0,2026-09-28 22:42:14.4230000,13.283330,99.800000
815831,"Ban Bang Ka Chap",3167,218,"47P","47P1H5S2Q",2,2026-09-28 22:42:19.0400000,0,1146,0,2026-09-28 22:42:19.0400000,13.300000,99.833330
81640,"Campamento Michin",2587,187,"21K","21K1H4S3Q",2,2026-09-28 22:42:26.2030000,0,405,0,2026-09-28 22:42:26.2030000,-19.750000,-59.483330
74037,"San Rafael",2587,187,"21K","21K2H1S1Q",2,2026-09-28 22:42:32.4930000,0,1163,0,2026-09-28 22:42:32.4930000,-20.733330,-59.516670
83818,"Palmar de las Islas",348,29,"20K","20K1H6S3Q",2,2026-09-28 22:42:45.9570000,0,1101,0,2026-09-28 22:42:45.9570000,-19.466670,-61.350000
797216,"Cha-am",3167,218,"47P","47P1H5S4Q",1,2016-02-19 13:11:20.6100000,704403,128079,0,2026-09-28 22:43:34.6200000,12.800000,99.966670
2557909,"Salt",979,77,"30U","30U1H5S4Q",2,2022-01-28 19:31:23.7170000,0,100946,0,2026-09-28 22:44:40.9900000,52.850000,-2.066670
1338968,"Langak",1342,108,"39R","39R1H5S4Q",2,2026-09-28 22:46:06.7900000,0,841,0,2026-09-28 22:46:06.7900000,28.631700,51.379700
1338253,"Mohammadabad",1342,108,"39R","39R1H5S4Q",2,2026-09-28 22:46:09.4770000,0,841,0,2026-09-28 22:46:09.4770000,28.608600,51.372600
1337604,"Barekat",1342,108,"39R","39R1H5S4Q",2,2026-09-28 22:46:12.7930000,0,841,0,2026-09-28 22:46:12.7930000,28.589000,51.369100
1337282,"Nowderaz",1342,108,"39R","39R1H5S4Q",2,2026-09-28 22:46:16.7370000,0,841,0,2026-09-28 22:46:16.7370000,28.580500,51.377800
1337616,"Boheyri",1342,108,"39R","39R1H5S4Q",2,2026-09-28 22:46:22.2170000,0,841,0,2026-09-28 22:46:22.2170000,28.589500,51.376200
2161671,"Bardino Vecchio",1376,110,"32T","32T1H5S3Q",1,2016-05-31 19:17:27.4170000,6170668,0,0,2026-09-28 22:47:59.7770000,44.189130,8.272020
2084107,"Farmington Acres",3557,233,"17T","17T2H1S3Q",1,2015-02-02 17:31:46.8630000,4397122,0,0,2026-09-28 22:49:05.1300000,42.445040,-83.385490
2303258,"Redmond",3578,233,"10T","10T1H2S2Q",2,2014-06-23 14:04:49.5530000,4861,3092444,0,2026-09-28 22:51:10.6070000,47.673990,-122.121510
88165,"Ambatonifody",1878,143,"39K","39K1H4S1Q",2,2026-09-28 22:54:46.9130000,0,741,0,2026-09-28 22:54:46.9130000,-18.883330,48.050000
88046,"Ambodigavo",1878,143,"39K","39K1H4S1Q",2,2026-09-28 22:54:50.1200000,0,741,0,2026-09-28 22:54:50.1200000,-18.900000,48.100000
87757,"Ambohibakoka",1878,143,"39K","39K1H4S1Q",2,2026-09-28 22:54:52.4730000,0,741,0,2026-09-28 22:54:52.4730000,-18.933330,48.116670
87618,"Soavinorona",1878,143,"39K","39K1H4S1Q",2,2026-09-28 22:54:55.5600000,0,741,0,2026-09-28 22:54:55.5600000,-18.950000,48.133330
87619,"Lahimena",1878,143,"39K","39K1H4S1Q",2,2026-09-28 22:54:57.4730000,0,741,0,2026-09-28 22:54:57.4730000,-18.950000,48.166670
87491,"Ambodiaviavy",1878,143,"39K","39K1H4S1Q",2,2026-09-28 22:55:04.4570000,0,741,0,2026-09-28 22:55:04.4570000,-18.966670,48.183330
87492,"Ambohibary",1878,143,"39K","39K1H4S1Q",2,2026-09-28 22:55:06.7130000,0,741,0,2026-09-28 22:55:06.7130000,-18.966670,48.200000
87360,"Sahafitahana",1878,143,"39K","39K1H4S1Q",2,2026-09-28 22:55:09.2500000,0,741,0,2026-09-28 22:55:09.2500000,-18.983330,48.216670
60442,"Camp Lavergne",1880,143,"38K","38K2H6S1Q",2,2026-09-28 22:55:19.2170000,0,741,0,2026-09-28 22:55:19.2170000,-22.483330,46.716670
60229,"Mahazoarivo",1880,143,"38K","38K2H6S1Q",2,2026-09-28 22:55:24.5930000,0,741,0,2026-09-28 22:55:24.5930000,-22.516670,46.750000
59995,"Antondrotsy",1880,143,"38K","38K2H6S1Q",2,2026-09-28 22:55:26.2800000,0,741,0,2026-09-28 22:55:26.2800000,-22.550000,46.766670
59878,"Besakoa",1880,143,"38K","38K2H6S1Q",2,2026-09-28 22:55:29.2900000,0,741,0,2026-09-28 22:55:29.2900000,-22.566670,46.750000
59758,"Bekininy",1880,143,"38K","38K2H6S1Q",2,2026-09-28 22:55:31.9030000,0,741,0,2026-09-28 22:55:31.9030000,-22.583330,46.766670
107960,"Marosakoakely",1879,143,"38K","38K1H3S1Q",2,2026-09-28 22:55:35.8100000,0,741,0,2026-09-28 22:55:35.8100000,-16.716670,46.766670
107762,"Kamotro",1879,143,"38K","38K1H3S1Q",2,2026-09-28 22:55:40.3500000,0,741,0,2026-09-28 22:55:40.3500000,-16.733330,46.766670
59759,"Kirotsy",1880,143,"38K","38K2H6S1Q",2,2026-09-28 22:55:43.4970000,0,741,0,2026-09-28 22:55:43.4970000,-22.583330,46.816670
107761,"Andisaka",1879,143,"38K","38K1H3S1Q",2,2026-09-28 22:55:44.4700000,0,741,0,2026-09-28 22:55:44.4700000,-16.733330,46.716670
59532,"Analabe",1880,143,"38K","38K2H6S1Q",2,2026-09-28 22:55:46.1930000,0,741,0,2026-09-28 22:55:46.1930000,-22.616670,46.816670
59533,"Marofonoka",1880,143,"38K","38K2H6S1Q",2,2026-09-28 22:55:49.3470000,0,741,0,2026-09-28 22:55:49.3470000,-22.616670,46.833330
107962,"Mangabe",1879,143,"38K","38K1H3S1Q",2,2026-09-28 22:55:52.0530000,0,741,0,2026-09-28 22:55:52.0530000,-16.716670,46.816670
108144,"Morafeno",1879,143,"38K","38K1H3S1Q",2,2026-09-28 22:55:56.1230000,0,741,0,2026-09-28 22:55:56.1230000,-16.700000,46.816670
108143,"Mangidirano",1879,143,"38K","38K1H3S1Q",2,2026-09-28 22:56:01.7070000,0,741,0,2026-09-28 22:56:01.7070000,-16.700000,46.800000
107357,"Ampitolova",1879,143,"38K","38K1H3S1Q",2,2026-09-28 22:56:05.8170000,0,741,0,2026-09-28 22:56:05.8170000,-16.766670,46.833330
107763,"Ambinanikely",1879,143,"38K","38K1H3S1Q",2,2026-09-28 22:56:10.9430000,0,741,0,2026-09-28 22:56:10.9470000,-16.733330,46.883330
1642473,"Castle Canyon Mesa",3572,233,"12S","12S2H1S4Q",1,2015-03-30 00:16:25.6870000,104680669,0,0,2026-09-28 22:56:12.3500000,34.590860,-112.355720
2067550,"Glenview",3554,233,"16T","16T2H2S3Q",2,2026-09-14 19:12:17.5400000,0,260134,0,2026-09-28 22:56:25.2730000,42.069750,-87.787840
98839,"Miarinarivo",1879,143,"38K","38K1H3S3Q",2,2026-09-28 22:56:31.5900000,0,741,0,2026-09-28 22:56:31.5900000,-17.550000,46.916670
99228,"Antahandava",1879,143,"38K","38K1H3S3Q",2,2026-09-28 22:56:39.5200000,0,741,0,2026-09-28 22:56:39.5200000,-17.516670,46.933330
99229,"Malatsy",1879,143,"38K","38K1H3S3Q",2,2026-09-28 22:56:43.7930000,0,741,0,2026-09-28 22:56:43.7930000,-17.516670,46.950000
98653,"Tsarahonenana",1879,143,"38K","38K1H3S3Q",2,2026-09-28 22:56:47.9300000,0,741,0,2026-09-28 22:56:47.9300000,-17.566670,46.933330
98453,"Andriba",1879,143,"38K","38K1H3S3Q",2,2026-09-28 22:56:55.6570000,0,741,0,2026-09-28 22:56:55.6570000,-17.583330,46.933330
98452,"Ambarinanahary",1879,143,"38K","38K1H3S3Q",2,2026-09-28 22:57:00.4130000,0,741,0,2026-09-28 22:57:00.4130000,-17.583330,46.916670
98651,"Ambohitromby",1879,143,"38K","38K1H3S3Q",2,2026-09-28 22:57:08.5300000,0,741,0,2026-09-28 22:57:08.5300000,-17.566670,46.916670
98295,"Mangasoavina",1879,143,"38K","38K1H3S3Q",2,2026-09-28 22:57:15.8000000,0,741,0,2026-09-28 22:57:15.8000000,-17.600000,46.916670
2353153,"Wolfschlugen",716,57,"32U","32U2H5S4Q",1,2026-09-28 22:57:37.2530000,2012,0,0,2026-09-28 22:57:37.2530000,48.650000,9.283330
2353152,"Harthausen",716,57,"32U","32U2H5S4Q",1,2026-09-28 22:57:44.1230000,1460,0,0,2026-09-28 22:57:44.1230000,48.650000,9.250000
2353958,"Sielmingen",716,57,"32U","32U2H5S4Q",1,2026-09-28 22:57:49.1300000,2079,300,0,2026-09-28 22:57:49.1300000,48.666670,9.233330
108488,"Beampemba",1879,143,"38K","38K1H2S1Q",2,2026-09-28 22:57:55.2430000,0,741,0,2026-09-28 22:57:55.2430000,-16.666670,44.550000
108684,"Tsimalia",1879,143,"38K","38K1H2S1Q",2,2026-09-28 22:57:58.5270000,0,741,0,2026-09-28 22:57:58.5270000,-16.650000,44.566670
2353587,"Plattenhardt",716,57,"32U","32U2H5S4Q",1,2026-09-28 22:57:59.4500000,3503,0,53,2026-09-28 22:57:59.4500000,48.654030,9.196630
108685,"Antsakoazato",1879,143,"38K","38K1H2S1Q",2,2026-09-28 22:58:05.0970000,0,741,0,2026-09-28 22:58:05.0970000,-16.650000,44.583330
109081,"Ampanangana",1879,143,"38K","38K1H2S1Q",2,2026-09-28 22:58:08.6030000,46,300,0,2026-09-28 22:58:08.6030000,-16.616670,44.550000
108879,"Antsiamalia",1879,143,"38K","38K1H2S1Q",2,2026-09-28 22:58:12.4100000,0,741,0,2026-09-28 22:58:12.4100000,-16.633330,44.566670
2356335,"Filder",716,57,"32U","32U2H5S4Q",1,2026-09-28 22:58:15.8570000,1666,0,0,2026-09-28 22:58:15.8570000,48.716670,9.250000
109082,"Ampananganapotaka",1879,143,"38K","38K1H2S1Q",2,2026-09-28 22:58:16.0300000,0,741,0,2026-09-28 22:58:16.0300000,-16.616670,44.566670
109291,"Amboanio",1879,143,"38K","38K1H2S1Q",2,2026-09-28 22:58:19.2100000,0,741,0,2026-09-28 22:58:19.2100000,-16.600000,44.566670
109507,"Andranolava",1879,143,"38K","38K1H2S1Q",2,2026-09-28 22:58:22.4030000,0,741,0,2026-09-28 22:58:22.4030000,-16.583330,44.583330
2354761,"Kongen",716,57,"32U","32U2H5S4Q",1,2026-09-28 22:58:33.0470000,1422,0,0,2026-09-28 22:58:33.0470000,48.683330,9.366670
63439,"Tsinjoroba",1880,143,"38K","38K2H6S1Q",2,2026-09-28 22:58:36.9530000,0,741,0,2026-09-28 22:58:36.9530000,-22.000000,46.000000
2352099,"Reudern",716,57,"32U","32U2H5S4Q",2,2021-08-02 08:08:53.7930000,517,2415,0,2026-09-28 22:58:39.6300000,48.628940,9.385160
63273,"Vohitsira",1880,143,"38K","38K2H6S1Q",2,2026-09-28 22:58:50.2270000,0,741,0,2026-09-28 22:58:50.2270000,-22.033330,46.000000
63274,"Soakiza",1880,143,"38K","38K2H6S1Q",2,2026-09-28 22:58:53.7970000,46,300,0,2026-09-28 22:58:53.7970000,-22.033330,46.033330
63091,"Anaviavy",1880,143,"38K","38K2H6S1Q",2,2026-09-28 22:59:02.3170000,0,741,0,2026-09-28 22:59:02.3170000,-22.066670,46.050000
63180,"Ankisira",1880,143,"38K","38K2H6S1Q",2,2026-09-28 22:59:05.9900000,0,741,0,2026-09-28 22:59:05.9900000,-22.050000,46.066670
2214938,"Sunnyside",3576,233,"10T","10T1H5S2Q",2,2023-07-22 21:12:26.5830000,0,1277888,0,2026-09-28 22:59:08.1570000,45.431940,-122.557300
63275,"Antaratra",1880,143,"38K","38K2H6S1Q",2,2026-09-28 22:59:09.5770000,0,741,0,2026-09-28 22:59:09.5770000,-22.033330,46.100000
62884,"Abohazo",1880,143,"38K","38K2H6S1Q",2,2026-09-28 22:59:14.2800000,0,741,0,2026-09-28 22:59:14.2800000,-22.100000,46.050000
62791,"Ambondro",1880,143,"38K","38K2H6S1Q",2,2026-09-28 22:59:18.6700000,0,741,0,2026-09-28 22:59:18.6700000,-22.116670,46.066670
1510613,"Carlsbad",3569,233,"13S","13S2H5S4Q",2,2026-09-28 22:59:28.9830000,0,900,0,2026-09-28 22:59:28.9830000,32.420670,-104.228840
1690715,"Moore",3546,233,"14S","14S2H3S1Q",2,2010-01-01 00:00:00.0000000,0,1956823,0,2026-09-28 23:00:06.9430000,35.339510,-97.486700
45694,"Ankily",1877,143,"38J","38J1H2S2Q",2,2026-09-28 23:00:40.5370000,0,1200,0,2026-09-28 23:00:40.5370000,-24.316670,45.050000
45695,"Antsakoamasy",1877,143,"38J","38J1H2S2Q",2,2026-09-28 23:00:43.3070000,0,1200,0,2026-09-28 23:00:43.3070000,-24.316670,45.066670
45696,"Beparo",1877,143,"38J","38J1H2S2Q",2,2026-09-28 23:00:48.6570000,0,1200,0,2026-09-28 23:00:48.6570000,-24.316670,45.083330
45806,"Ankilimalanga",1877,143,"38J","38J1H2S2Q",2,2026-09-28 23:00:51.3930000,0,1200,0,2026-09-28 23:00:51.3930000,-24.300000,45.083330
448935,"Rwobe",2730,193,"35M","35M1H3S4Q",3,2026-09-28 23:00:53.6670000,0,0,1200,2026-09-28 23:00:53.6670000,-1.575800,29.681000
45807,"Bedeboky",1877,143,"38J","38J1H2S2Q",2,2026-09-28 23:00:55.3070000,0,1200,0,2026-09-28 23:00:55.3070000,-24.300000,45.133330
448892,"Ntebeyimandwa",2730,193,"35M","35M1H3S4Q",3,2026-09-28 23:00:57.5970000,0,0,1200,2026-09-28 23:00:57.5970000,-1.579100,29.680300
2154845,"Whitchurch-Stouffville",457,38,"17T","17T1H6S3Q",2,2013-10-09 21:12:39.0130000,0,7555947,0,2026-09-28 23:01:00.4400000,44.000120,-79.316300
448899,"Gahama",2730,193,"35M","35M1H3S4Q",3,2026-09-28 23:01:01.6000000,0,0,1200,2026-09-28 23:01:01.6000000,-1.578800,29.683400
44770,"Anjabotretriky",1877,143,"38J","38J1H2S1Q",2,2026-09-28 23:01:04.9900000,0,1200,0,2026-09-28 23:01:04.9900000,-24.450000,44.983330
44771,"Anaromiteraka",1877,143,"38J","38J1H2S2Q",2,2026-09-28 23:01:07.5630000,0,1200,0,2026-09-28 23:01:07.5630000,-24.450000,45.000000
44895,"Anaramiteraky",1877,143,"38J","38J1H2S2Q",2,2026-09-28 23:01:10.2670000,0,1200,0,2026-09-28 23:01:10.2670000,-24.433330,45.000000
448652,"Nyabisika",2730,193,"35M","35M1H3S4Q",3,2026-09-28 23:01:10.7100000,0,0,1200,2026-09-28 23:01:10.7100000,-1.590600,29.702300
1337188,"Mal-e Ashk",1342,108,"39R","39R1H5S4Q",2,2026-09-28 23:01:14.8800000,0,841,0,2026-09-28 23:01:14.8800000,28.577200,51.385200
448721,"Ntaraga",2730,193,"35M","35M1H3S4Q",3,2026-09-28 23:01:15.3130000,0,0,1200,2026-09-28 23:01:15.3130000,-1.586000,29.716100
448616,"Rigumbu",2730,193,"35M","35M1H3S4Q",3,2026-09-28 23:01:18.5200000,0,0,1200,2026-09-28 23:01:18.5200000,-1.593700,29.716100
1337000,"Mal-e Gol",1342,108,"39R","39R1H5S4Q",2,2026-09-28 23:01:19.5530000,0,841,0,2026-09-28 23:01:19.5530000,28.570900,51.384800
1336355,"Mal-e Gavdan",1342,108,"39R","39R1H5S4Q",2,2026-09-28 23:01:23.0500000,0,841,0,2026-09-28 23:01:23.0500000,28.552600,51.378700
448675,"Rigimbu",2730,193,"35M","35M1H3S4Q",3,2026-09-28 23:01:24.6830000,0,0,1200,2026-09-28 23:01:24.6830000,-1.589600,29.721900
1335368,"Mangol",1342,108,"39R","39R1H5S4Q",2,2026-09-28 23:01:25.9830000,0,841,0,2026-09-28 23:01:25.9830000,28.524400,51.412700
448691,"Rutamba",2730,193,"35M","35M1H3S4Q",3,2026-09-28 23:01:28.7470000,0,0,1200,2026-09-28 23:01:28.7470000,-1.588800,29.725500
1334850,"Gowri",1342,108,"39R","39R1H5S4Q",2,2026-09-28 23:01:29.6670000,0,842,0,2026-09-28 23:01:29.6670000,28.508500,51.443500
2362595,"Paris",955,75,"31U","31U2H5S3Q",3,2022-09-21 21:28:19.0530000,2662,2676,18368488,2026-09-28 23:01:47.1930000,48.853410,2.348800
2592620,"Borkum",708,57,"32U","32U1H4S1Q",3,2026-09-28 18:32:01.8800000,0,0,40570,2026-09-28 23:02:06.8470000,53.580940,6.691530
1717469,"Coley Forest",3545,233,"17S","17S2H3S2Q",3,2013-08-07 23:24:18.4930000,0,0,540641,2026-09-28 23:03:21.6170000,35.820430,-78.673340
2493858,"Saint Fagans",976,77,"30U","30U2H2S1Q",3,2022-07-05 08:25:31.6300000,0,0,960559,2026-09-28 23:03:55.0330000,51.488890,-3.270280
1607152,"Larchmont Village",3567,233,"11S","11S2H1S4Q",1,2015-12-29 18:12:49.4430000,38353267,0,0,2026-09-28 23:04:00.9000000,34.073060,-118.323890
2304931,"Victory Heights",3578,233,"10T","10T1H2S2Q",1,2013-04-19 01:00:52.8830000,3860876,0,0,2026-09-28 23:04:52.5030000,47.707600,-122.307630
1414582,"Loyal Valley",3549,233,"14R","14R1H2S3Q",1,2026-09-28 23:05:01.0730000,1104,0,0,2026-09-28 23:05:01.0730000,30.575740,-99.007830
1410128,"Cherry Spring",3549,233,"14R","14R1H2S3Q",1,2026-09-28 23:05:08.4730000,1091,0,0,2026-09-28 23:05:08.4730000,30.483250,-99.009220
1415922,"Oxford",3549,233,"14R","14R1H2S4Q",1,2026-09-28 23:05:16.1170000,1124,0,0,2026-09-28 23:05:16.1170000,30.604070,-98.704200
1413960,"Click",3549,233,"14R","14R1H2S4Q",1,2026-09-28 23:05:24.7900000,1125,0,0,2026-09-28 23:05:24.7900000,30.563240,-98.573920
1408359,"Blowout",3549,233,"14R","14R1H2S4Q",1,2026-09-28 23:05:31.6670000,1113,0,0,2026-09-28 23:05:31.6670000,30.447140,-98.577530
864499,"Ban Lam Sai",3195,218,"47P","47P1H3S3Q",1,2026-09-23 03:07:50.0700000,371141,0,0,2026-09-28 23:05:32.1970000,14.200000,100.650000
1406826,"Eckert",3549,233,"14R","14R1H2S4Q",1,2026-09-28 23:05:38.5030000,1101,0,0,2026-09-28 23:05:38.5030000,30.414360,-98.736700
1406296,"Willow City",3549,233,"14R","14R1H2S4Q",1,2026-09-28 23:05:45.1770000,1101,0,0,2026-09-28 23:05:45.1770000,30.400750,-98.701420
1408202,"Crabapple",3549,233,"14R","14R1H2S4Q",1,2026-09-28 23:05:52.0430000,1098,0,0,2026-09-28 23:05:52.0430000,30.442970,-98.837540
853083,"Ban Khlong Sip Et Hok Wa",3203,218,"47P","47P1H6S1Q",1,2026-02-14 13:42:43.3970000,835021,0,0,2026-09-28 23:06:01.1530000,13.970170,100.843170
1413869,"Prairie Mountain",3549,233,"14R","14R1H2S4Q",1,2026-09-28 23:06:14.6300000,1111,0,0,2026-09-28 23:06:14.6300000,30.560740,-98.879490
2822589,"Iqaluit",456,38,"19V","19V1H2S2Q",2,2026-09-28 23:06:59.6670000,0,1067,0,2026-09-28 23:06:59.6670000,63.750590,-68.514490
1604415,"Malibu Beach",3567,233,"11S","11S2H1S4Q",1,2026-09-28 17:33:38.3070000,3907,0,0,2026-09-28 23:07:39.4630000,34.032790,-118.688420
1605185,"El Nido",3567,233,"11S","11S2H1S4Q",1,2026-09-28 04:12:02.2300000,4237,0,0,2026-09-28 23:07:43.8030000,34.043620,-118.739250
1607671,"Monte Nido",3567,233,"11S","11S2H1S4Q",1,2026-09-28 17:33:27.3770000,3916,0,0,2026-09-28 23:07:48.1970000,34.080840,-118.687030
1612808,"Hidden Hills",3567,233,"11S","11S2H1S4Q",1,2026-09-27 01:30:52.4270000,4069,0,0,2026-09-28 23:07:54.8900000,34.160280,-118.652310
1612645,"Calabasas",3567,233,"11S","11S2H1S4Q",1,2026-09-28 00:46:42.9000000,4064,0,0,2026-09-28 23:08:00.1400000,34.157780,-118.638420
1613361,"Woodland Hills",3567,233,"11S","11S2H1S4Q",1,2026-09-27 04:12:17.8570000,4056,0,0,2026-09-28 23:08:06.3500000,34.168340,-118.605920
1615514,"Canoga Park",3567,233,"11S","11S2H1S4Q",1,2026-09-26 22:48:59.0000000,3324,0,0,2026-09-28 23:08:11.6070000,34.201120,-118.598140
1616253,"Winnetka",3567,233,"11S","11S2H1S4Q",1,2026-09-28 00:46:57.9200000,3605,0,0,2026-09-28 23:08:22.4030000,34.213340,-118.572030
1602599,"Leimert Park",3567,233,"11S","11S2H1S4Q",3,2015-04-17 18:37:13.0070000,0,0,1084297,2026-09-28 23:08:45.1700000,34.006960,-118.331460
2502697,"Doornhoek",2270,167,"31U","31U2H3S2Q",1,2024-12-10 10:22:15.0470000,6499775,2100,3440397,2026-09-28 23:10:08.8330000,51.681670,5.406940
2590621,"Gottin",702,57,"32U","32U1H6S1Q",1,2026-09-26 10:58:01.2770000,456157,0,0,2026-09-28 23:10:25.3630000,53.533330,10.700000
2236669,"Brizon",945,75,"32T","32T1H1S3Q",2,2023-09-05 16:50:46.2370000,0,909966,0,2026-09-28 23:10:52.5930000,46.050000,6.450000
45026,"Andrakia",1877,143,"38J","38J1H2S2Q",2,2026-09-28 23:10:55.9000000,0,1200,0,2026-09-28 23:10:55.9000000,-24.416670,45.000000
45159,"Marololo Atsimo",1877,143,"38J","38J1H2S2Q",2,2026-09-28 23:10:59.8400000,0,1200,0,2026-09-28 23:10:59.8400000,-24.400000,45.000000
45262,"Marololo",1877,143,"38J","38J1H2S2Q",2,2026-09-28 23:11:03.1300000,0,1200,0,2026-09-28 23:11:03.1300000,-24.383330,45.000000
45263,"Vohitsampela",1877,143,"38J","38J1H2S2Q",2,2026-09-28 23:11:06.4030000,0,1200,0,2026-09-28 23:11:06.4030000,-24.383330,45.016670
2019716,"Tie Siding",3579,233,"13T","13T2H5S1Q",2,2019-04-29 18:34:13.3830000,0,936089,0,2026-09-28 23:11:57.7900000,41.080260,-105.507490
2208121,"Andover",3558,233,"15T","15T1H5S1Q",1,2013-08-03 22:56:36.1400000,3489563,0,0,2026-09-28 23:11:59.6700000,45.233300,-93.291340
2584892,"Grunerdeich",711,57,"32U","32U1H6S1Q",3,2016-05-06 10:19:08.5870000,0,0,1529418,2026-09-28 23:12:02.7830000,53.400000,10.200000
2268908,"Casselton",3575,233,"14T","14T1H3S3Q",2,2015-01-05 17:05:08.8330000,0,2710153,0,2026-09-28 23:12:07.6900000,46.900530,-97.211200
87361,"Maroharena",1878,143,"39K","39K1H4S1Q",2,2026-09-28 23:12:41.5930000,0,741,0,2026-09-28 23:12:41.5930000,-18.983330,48.233330
87014,"Farizana",1878,143,"39K","39K1H4S3Q",2,2026-09-28 23:12:43.7000000,0,741,0,2026-09-28 23:12:43.7000000,-19.033330,48.250000
2170039,"Manton",3557,233,"16T","16T1H6S3Q",3,2026-04-20 08:53:53.9170000,12300,0,25509,2026-09-28 23:12:44.4370000,44.410840,-85.398940
86868,"Mangidifoza",1878,143,"39K","39K1H4S3Q",2,2026-09-28 23:12:46.7430000,0,741,0,2026-09-28 23:12:46.7430000,-19.050000,48.233330
86486,"Sandrangato",1878,143,"39K","39K1H4S3Q",2,2026-09-28 23:12:49.2570000,0,741,0,2026-09-28 23:12:49.2570000,-19.100000,48.233330
86615,"Volidasy",1878,143,"39K","39K1H4S3Q",2,2026-09-28 23:12:51.5570000,0,741,0,2026-09-28 23:12:51.5570000,-19.083330,48.283330
86377,"Besariaka",1878,143,"39K","39K1H4S3Q",2,2026-09-28 23:12:53.9300000,0,741,0,2026-09-28 23:12:53.9300000,-19.116670,48.250000
86019,"Sandrangato",1878,143,"39K","39K1H4S3Q",2,2026-09-28 23:12:56.5300000,0,741,0,2026-09-28 23:12:56.5300000,-19.166670,48.250000
2115916,"Gorthey Corners",3562,233,"18T","18T2H2S2Q",1,2025-09-30 20:50:22.8700000,98876,1034,0,2026-09-28 23:12:56.6000000,43.098960,-74.167630
86149,"Niagarakely",1878,143,"39K","39K1H4S3Q",2,2026-09-28 23:12:58.8370000,0,741,0,2026-09-28 23:12:58.8370000,-19.150000,48.233330
2116447,"North Broadalbin",3562,233,"18T","18T2H2S2Q",1,2025-09-30 00:07:59.8300000,100029,517,0,2026-09-28 23:13:02.4130000,43.107020,-74.162350
59423,"Ambalakazaha",1880,143,"38K","38K2H6S1Q",2,2026-09-28 23:13:07.0170000,0,741,0,2026-09-28 23:13:07.0170000,-22.633330,46.833330
2117128,"Benedict",3562,233,"18T","18T2H2S2Q",1,2025-09-30 00:59:53.3070000,99341,1034,0,2026-09-28 23:13:08.2230000,43.118410,-74.143190
58945,"Amboza",1880,143,"38K","38K2H6S1Q",2,2026-09-28 23:13:10.7230000,0,741,0,2026-09-28 23:13:10.7230000,-22.700000,46.850000
2118354,"Fayville",3562,233,"18T","18T2H2S2Q",1,2025-09-30 01:00:08.5830000,99147,2068,0,2026-09-28 23:13:13.6870000,43.147020,-74.120410
1674709,"Palisades",3549,233,"14S","14S2H1S1Q",1,2021-02-19 07:01:06.0570000,905020,0,0,2026-09-28 23:13:20.6970000,35.061720,-101.802410
2144918,"Igerna",3562,233,"18T","18T2H3S1Q",2,2026-09-28 23:13:42.5470000,0,1069,0,2026-09-28 23:13:42.5500000,43.724230,-73.920960
2147313,"Minerva",3562,233,"18T","18T2H3S1Q",2,2026-09-28 23:13:48.9800000,0,1043,0,2026-09-28 23:13:48.9800000,43.791450,-73.984300
58946,"Bemandresy Andrefana",1880,143,"38K","38K2H6S1Q",2,2026-09-28 23:14:19.6070000,0,741,0,2026-09-28 23:14:19.6070000,-22.700000,46.900000
59177,"Tanandava",1880,143,"38K","38K2H6S1Q",2,2026-09-28 23:14:22.1800000,0,741,0,2026-09-28 23:14:22.1800000,-22.666670,46.900000
107147,"Mahalavolona",1879,143,"38K","38K1H3S1Q",2,2026-09-28 23:14:23.9230000,0,741,0,2026-09-28 23:14:23.9230000,-16.783330,46.850000
59068,"Ampatsinakoho",1880,143,"38K","38K2H6S1Q",2,2026-09-28 23:14:24.5200000,0,741,0,2026-09-28 23:14:24.5200000,-22.683330,46.916670
59069,"Mahasoa",1880,143,"38K","38K2H6S1Q",2,2026-09-28 23:14:27.2770000,0,741,0,2026-09-28 23:14:27.2770000,-22.683330,46.950000
58821,"Isatro",1880,143,"38K","38K2H6S1Q",2,2026-09-28 23:14:29.6130000,0,741,0,2026-09-28 23:14:29.6130000,-22.716670,46.966670
107148,"Marololo",1879,143,"38K","38K1H3S1Q",2,2026-09-28 23:14:40.7130000,0,741,0,2026-09-28 23:14:40.7130000,-16.783330,46.866670
105696,"Ambatomainty",1879,143,"38K","38K1H3S1Q",2,2026-09-28 17:14:21.3370000,0,2211,0,2026-09-28 23:14:45.5830000,-16.916670,46.800000
86018,"Ampasimpotsy",1878,143,"39K","39K1H4S3Q",2,2026-09-28 23:14:46.3200000,0,741,0,2026-09-28 23:14:46.3200000,-19.166670,48.233330
106923,"Anjiakely",1879,143,"38K","38K1H3S1Q",2,2026-09-28 23:14:52.0530000,0,741,0,2026-09-28 23:14:52.0530000,-16.800000,46.866670
107149,"Amparibe",1879,143,"38K","38K1H3S1Q",2,2026-09-28 23:14:56.6330000,0,741,0,2026-09-28 23:14:56.6330000,-16.783330,46.916670
107358,"Bekobay",1879,143,"38K","38K1H3S1Q",2,2026-09-28 23:15:01.7670000,0,741,0,2026-09-28 23:15:01.7670000,-16.766670,46.933330
109302,"Betaramahamay",1879,143,"38K","38K1H3S1Q",2,2026-09-28 23:15:06.5330000,0,741,0,2026-09-28 23:15:06.5330000,-16.600000,46.683330
109518,"Marolaona",1879,143,"38K","38K1H3S1Q",2,2026-09-28 23:15:12.8630000,0,741,0,2026-09-28 23:15:12.8630000,-16.583330,46.700000
109724,"Amboroabobe",1879,143,"38K","38K1H3S1Q",2,2026-09-28 23:15:22.4330000,0,741,0,2026-09-28 23:15:22.4330000,-16.566670,46.716670
109083,"Ambalavondro",1879,143,"38K","38K1H2S1Q",2,2026-09-28 23:15:41.9030000,0,741,0,2026-09-28 23:15:41.9030000,-16.616670,44.600000
108880,"Ankasakasakely",1879,143,"38K","38K1H2S1Q",2,2026-09-28 23:15:45.5130000,46,300,0,2026-09-28 23:15:45.5130000,-16.633330,44.616670
109508,"Anosindambo",1879,143,"38K","38K1H2S1Q",2,2026-09-28 23:15:49.0170000,0,741,0,2026-09-28 23:15:49.0170000,-16.583330,44.633330
109292,"Ampandra-Morarano",1879,143,"38K","38K1H2S1Q",2,2026-09-28 23:15:52.3400000,0,741,0,2026-09-28 23:15:52.3400000,-16.600000,44.650000
108304,"Ambodimanga",1879,143,"38K","38K1H2S1Q",2,2026-09-28 23:15:55.6230000,46,300,0,2026-09-28 23:15:55.6230000,-16.683330,44.650000
108135,"Ankotrofotsy",1879,143,"38K","38K1H2S1Q",2,2026-09-28 23:15:59.6900000,46,300,0,2026-09-28 23:15:59.6900000,-16.700000,44.650000
1410744,"Jonestown",3549,233,"14R","14R1H3S3Q",2,2024-09-23 03:09:23.2970000,0,9304520,0,2026-09-28 23:16:04.2800000,30.495470,-97.923350
1334549,"Guri-ye Jonubi",1342,108,"39R","39R1H5S4Q",2,2026-09-28 23:16:16.2200000,0,904,0,2026-09-28 23:16:16.2200000,28.500000,51.433330
1333687,"Hoseyn-e Za'eri",1342,108,"39R","39R1H5S4Q",2,2026-09-28 23:16:19.4400000,0,842,0,2026-09-28 23:16:19.4400000,28.472500,51.482200
1333291,"Dowlatabad",1342,108,"39R","39R1H5S4Q",2,2026-09-28 23:16:22.3000000,0,842,0,2026-09-28 23:16:22.3000000,28.461700,51.489200
1333097,"Marhaba'i-ye Now",1342,108,"39R","39R1H5S4Q",2,2026-09-28 23:16:27.9000000,0,842,0,2026-09-28 23:16:27.9000000,28.454900,51.481900
2671370,"Vladimirskiy Poselok",2670,192,"37U","37U1H1S2Q",2,2019-06-01 20:24:25.1000000,0,1414165,0,2026-09-28 23:16:31.3700000,55.754910,37.776450
97497,"Antsahampanana",1879,143,"38K","38K1H3S3Q",2,2026-09-28 23:16:36.5830000,0,741,0,2026-09-28 23:16:36.5830000,-17.683330,46.933330
97343,"Tsimanirano",1879,143,"38K","38K1H3S3Q",2,2026-09-28 23:16:41.9130000,0,741,0,2026-09-28 23:16:41.9130000,-17.700000,46.966670
97191,"Ambararata",1879,143,"38K","38K1H3S4Q",2,2026-09-28 23:16:45.3200000,0,741,0,2026-09-28 23:16:45.3200000,-17.716670,47.000000
97023,"Mahatsinjo",1879,143,"38K","38K1H3S4Q",2,2026-09-28 23:16:49.4500000,0,741,0,2026-09-28 23:16:49.4500000,-17.733330,47.016670
96030,"Ambohibao",1879,143,"38K","38K1H3S3Q",2,2026-09-28 23:16:54.8170000,0,741,0,2026-09-28 23:16:54.8170000,-17.816670,46.966670
95371,"Andriamenakely",1882,143,"38K","38K1H3S3Q",2,2026-09-28 23:16:58.8370000,0,741,0,2026-09-28 23:16:58.8370000,-17.866670,46.950000
95062,"Marofarihy",1882,143,"38K","38K1H3S3Q",2,2026-09-28 23:17:05.9530000,0,741,0,2026-09-28 23:17:05.9530000,-17.900000,46.966670
94901,"Mandrarahody Nord",1882,143,"38K","38K1H3S3Q",2,2026-09-28 23:17:09.1430000,0,741,0,2026-09-28 23:17:09.1430000,-17.916670,46.966670
62680,"Manamby",1880,143,"38K","38K2H6S1Q",2,2026-09-28 23:17:23.2800000,0,741,0,2026-09-28 23:17:23.2800000,-22.133330,46.066670
62792,"Ambatomita",1880,143,"38K","38K2H6S1Q",2,2026-09-28 23:17:26.8770000,0,741,0,2026-09-28 23:17:26.8770000,-22.116670,46.100000
62391,"Mahasoa",1880,143,"38K","38K2H6S1Q",2,2026-09-28 23:17:31.7270000,0,741,0,2026-09-28 23:17:31.7270000,-22.183330,46.083330
62485,"Ankazobe",1880,143,"38K","38K2H6S1Q",2,2026-09-28 23:17:35.1300000,0,741,0,2026-09-28 23:17:35.1300000,-22.166670,46.100000
62486,"Mikaiky",1880,143,"38K","38K2H6S1Q",2,2026-09-28 23:17:38.0330000,0,741,0,2026-09-28 23:17:38.0330000,-22.166670,46.116670
62302,"Antsakanampela",1880,143,"38K","38K2H6S1Q",2,2026-09-28 23:17:41.1700000,0,741,0,2026-09-28 23:17:41.1700000,-22.200000,46.116670
1447347,"Avon",3551,233,"16R","16R1H3S1Q",2,2013-08-10 15:56:02.6270000,173733,1993190,0,2026-09-28 23:17:44.3230000,31.189340,-85.286040
62089,"Isalaza",1880,143,"38K","38K2H6S1Q",2,2026-09-28 23:17:44.5000000,0,741,0,2026-09-28 23:17:44.5000000,-22.233330,46.116670
62005,"Mitsinjorano",1880,143,"38K","38K2H6S1Q",2,2026-09-28 23:17:47.9130000,0,741,0,2026-09-28 23:17:47.9130000,-22.250000,46.116670
2503842,"Pont-y-pwl",976,77,"30U","30U2H2S1Q",3,2016-11-27 14:18:02.8070000,0,0,1011254,2026-09-28 23:18:58.7230000,51.701110,-3.044440
2440421,"Easton",979,77,"30U","30U2H2S4Q",2,,900,3042,2646,2026-09-28 23:20:46.9870000,50.533330,-2.450000
2440422,"Southwell",979,77,"30U","30U2H2S4Q",2,,568,1954,0,2026-09-28 23:20:52.6370000,50.533330,-2.433330
1955433,"Quincy",3554,233,"15S","15S1H3S1Q",1,2019-02-19 04:40:57.4730000,270470724,0,0,2026-09-28 23:21:00.0000000,39.935600,-91.409870
2440862,"Southwell",979,77,"30U","30U2H2S4Q",2,,473,2604,0,2026-09-28 23:21:03.7870000,50.534540,-2.445400
2447754,"Upwey",979,77,"30U","30U2H2S4Q",2,2025-10-12 20:50:16.8170000,807,6183,917,2026-09-28 23:21:34.5430000,50.666670,-2.483330
1976528,"Devonshire Crest",3584,233,"18T","18T2H4S4Q",3,2025-11-22 14:22:05.6530000,4653,0,1210186,2026-09-28 23:21:48.0070000,40.312870,-76.743030
2444909,"Chickerell",979,77,"30U","30U2H2S4Q",2,2013-11-19 20:59:54.2230000,1200,76572,0,2026-09-28 23:21:57.9300000,50.616670,-2.500000
2516984,"Petushkov",2665,192,"39U","39U2H3S1Q",1,2026-09-28 23:22:07.2300000,1200,0,0,2026-09-28 23:22:07.2300000,51.983330,52.516670
2516979,"Bol'shaya Tarasovka",2657,192,"39U","39U2H1S2Q",1,2026-09-28 22:05:52.3330000,2400,0,0,2026-09-28 23:22:11.4300000,51.983330,49.517880
2516985,"Oktyabr'",2665,192,"39U","39U2H3S2Q",1,2026-09-28 23:22:18.9170000,1200,0,0,2026-09-28 23:22:18.9170000,51.983330,53.166670
2516988,"Losevka",2665,192,"40U","40U2H1S1Q",1,2026-09-28 23:22:21.7800000,1200,0,0,2026-09-28 23:22:21.7800000,51.983330,54.533330
2516989,"Zapadnyy",2665,192,"40U","40U2H1S1Q",1,2026-09-28 23:22:25.2770000,1200,0,0,2026-09-28 23:22:25.2770000,51.983330,54.733330
2516992,"Stepanovka",2665,192,"40U","40U2H2S1Q",1,2026-09-28 23:22:28.1000000,1200,0,0,2026-09-28 23:22:28.1000000,51.983330,56.066670
2516993,"Palatinka",2665,192,"40U","40U2H2S1Q",1,2026-09-28 23:22:32.6730000,1200,0,0,2026-09-28 23:22:32.6770000,51.983330,56.316670
2516994,"Berkust",2665,192,"40U","40U2H2S1Q",1,2026-09-28 23:22:36.6100000,1200,0,0,2026-09-28 23:22:36.6100000,51.983330,56.650000
1778262,"Ridgemark",3567,233,"10S","10S1H6S3Q",1,2024-09-17 03:16:47.4900000,1002681,0,0,2026-09-28 23:22:54.7700000,36.812460,-121.365770
1567125,"Bonanza",3539,233,"16S","16S2H6S2Q",3,2013-08-03 21:50:46.6330000,0,36465,715368,2026-09-28 23:22:58.1330000,33.458150,-84.336580
2516995,"Akzigitovo",2696,192,"40U","40U2H2S2Q",1,2026-09-28 23:23:14.8430000,1200,0,0,2026-09-28 23:23:14.8430000,51.983330,57.400000
1778023,"Ridgemark",3567,233,"10S","10S1H6S3Q",1,2026-09-27 23:12:57.5600000,755363,0,0,2026-09-28 23:23:25.0300000,36.808250,-121.362250
1781940,"Cottage Corners",3567,233,"10S","10S1H6S3Q",1,2024-08-28 14:37:02.7630000,1002977,0,517,2026-09-28 23:23:49.0030000,36.869400,-121.400490
66513,"Porto Maria",2587,187,"21K","21K2H2S3Q",2,2021-04-26 17:16:33.9030000,0,2400,0,2026-09-28 23:24:29.9770000,-21.616670,-57.950000
2122338,"Poland",3562,233,"18T","18T2H2S1Q",1,2016-04-07 23:43:07.3930000,13628,0,0,2026-09-28 23:24:51.0700000,43.225620,-75.061270
2016613,"Galata",3348,225,"35T","35T2H6S1Q",3,2024-02-16 12:10:37.8230000,0,0,139607,2026-09-28 23:25:11.3130000,41.026020,28.974510
70088,"San Carlos",2587,187,"21K","21K2H2S3Q",1,2026-09-28 23:25:16.2270000,462,0,0,2026-09-28 23:25:16.2270000,-21.216670,-57.850000
2272588,"Kirchlindach",523,43,"32T","32T1H1S4Q",2,2026-09-23 00:22:29.5930000,0,1156983,0,2026-09-28 23:25:17.4630000,47.000000,7.416670
72052,"Porto Santa Rosa",375,31,"21K","21K2H2S1Q",2,2026-09-28 20:47:13.7470000,220,225,0,2026-09-28 23:25:24.5900000,-20.983330,-57.800000
73052,"Porto Braga",375,31,"21K","21K2H2S1Q",1,2026-09-28 23:25:30.2370000,220,86,0,2026-09-28 23:25:30.2400000,-20.866670,-57.833330
2008880,"Eastwood Park",3571,233,"12T","12T2H5S3Q",3,2013-10-19 20:08:34.0370000,10269,1990,370329,2026-09-28 23:25:35.3730000,40.895220,-111.854660
448564,"Musekera",2730,193,"35M","35M1H3S4Q",3,2026-09-28 23:25:58.0970000,0,0,1200,2026-09-28 23:25:58.0970000,-1.597800,29.753800
448361,"Buhuga",2730,193,"35M","35M1H3S4Q",3,2026-09-28 23:26:02.6770000,0,0,1200,2026-09-28 23:26:02.6770000,-1.605690,29.747490
448263,"Nyarubuye",2730,193,"35M","35M1H3S4Q",3,2026-09-28 23:26:08.9230000,0,0,1200,2026-09-28 23:26:08.9230000,-1.612900,29.748900
448221,"Cyintare",2730,193,"35M","35M1H3S4Q",3,2026-09-28 23:26:13.3600000,0,0,1200,2026-09-28 23:26:13.3600000,-1.615700,29.738100
448561,"Mugali",2730,193,"35M","35M1H3S4Q",3,2026-09-28 23:26:17.5430000,0,0,1200,2026-09-28 23:26:17.5430000,-1.598200,29.725300
72215,"Estancia Barrero",2587,187,"21K","21K2H2S1Q",2,2026-09-28 20:47:31.5230000,220,222,0,2026-09-28 23:26:20.1100000,-20.966670,-57.883330
448407,"Gasave",2730,193,"35M","35M1H3S4Q",3,2026-09-28 23:26:21.9430000,0,0,1200,2026-09-28 23:26:21.9430000,-1.602200,29.722800
448537,"Karuhunge",2730,193,"35M","35M1H3S4Q",3,2026-09-28 23:26:27.0970000,0,0,1200,2026-09-28 23:26:27.0970000,-1.599300,29.714900
2517009,"Kuznechikha",2715,192,"44U","44U2H3S1Q",1,2026-09-28 23:26:27.2370000,1200,0,0,2026-09-28 23:26:27.2370000,51.983330,82.500000
448274,"Bugaragara",2730,193,"35M","35M1H3S4Q",3,2026-09-28 23:26:31.9730000,0,0,1200,2026-09-28 23:26:31.9730000,-1.611900,29.719900
2517010,"Andreyevskiy",2715,192,"45U","45U2H1S1Q",1,2026-09-28 23:26:40.0900000,1200,0,0,2026-09-28 23:26:40.0900000,51.983330,84.716670
2676019,"Summerston",977,77,"30U","30U1H1S2Q",3,2014-03-15 12:05:33.0770000,59321,0,2772577,2026-09-28 23:27:55.9770000,55.898750,-4.291710
4,"Snow Hill",98,9,"21D","21D1H2S1Q",2,2023-11-27 11:00:41.0000000,0,512360,0,2026-09-28 23:28:42.4730000,-64.466700,-57.200000
2147478,"Pudding Hollow",3562,233,"18T","18T2H2S2Q",2,2026-09-28 23:29:44.2270000,0,1043,0,2026-09-28 23:29:44.2270000,43.797290,-74.011530
2149276,"Northwoods Club",3562,233,"18T","18T2H2S2Q",2,2026-09-28 23:29:59.6030000,0,1043,0,2026-09-28 23:29:59.6030000,43.845340,-74.145700
2124236,"Bull Hill",3562,233,"18T","18T2H2S2Q",2,2026-09-28 23:30:19.6870000,0,1465,0,2026-09-28 23:30:22.5630000,43.263960,-74.909880
2224831,"Charlemagne",459,38,"18T","18T1H6S1Q",1,2026-06-12 22:56:05.9170000,420141,0,0,2026-09-28 23:30:31.0000000,45.716780,-73.482470
2118218,"Salisbury Center",3562,233,"18T","18T2H2S2Q",2,2026-09-28 23:30:35.4700000,0,602,0,2026-09-28 23:30:35.4700000,43.142570,-74.786540
2118278,"Fish House",3562,233,"18T","18T2H2S2Q",1,2025-09-30 01:00:05.3630000,98045,2068,0,2026-09-28 23:30:58.9200000,43.144520,-74.132910
1738567,"Las Vegas",3570,233,"11S","11S1H6S3Q",2,2014-01-06 05:24:19.2230000,0,158433767,0,2026-09-28 23:30:59.7930000,36.174970,-115.137220
70504,"Estancia San Antonio",2587,187,"21K","21K2H2S3Q",1,2026-09-28 23:31:02.3700000,220,186,0,2026-09-28 23:31:02.3730000,-21.166670,-57.933330
2117962,"Glenwild",3562,233,"18T","18T2H2S2Q",1,2017-07-20 17:39:59.7670000,98553,1551,0,2026-09-28 23:31:11.2500000,43.134240,-74.064850
1333102,"Naseri",1342,108,"39R","39R1H5S4Q",2,2026-09-28 23:31:28.1000000,0,842,0,2026-09-28 23:31:28.1000000,28.455000,51.500280
10009,"Hope Valley",138,13,"54H","54H1H4S1Q",2,2023-10-31 21:00:26.8570000,5375,1969186,0,2026-09-28 23:31:34.9300000,-34.833330,138.700000
1333180,"Naseri",1342,108,"39R","39R1H5S4Q",2,2026-09-28 23:31:36.7900000,0,842,0,2026-09-28 23:31:36.7900000,28.457100,51.496000
1336257,"Derazi",1342,108,"39R","39R1H5S4Q",2,2026-09-28 23:31:39.3930000,0,844,0,2026-09-28 23:31:39.3930000,28.550000,51.566670
1335448,"Keshtu",1342,108,"39R","39R1H5S4Q",2,2026-09-28 23:31:41.6700000,0,844,0,2026-09-28 23:31:41.6700000,28.527300,51.628800
1335314,"Beshak",1342,108,"39R","39R1H5S4Q",2,2026-09-28 23:31:44.4600000,0,954,0,2026-09-28 23:31:44.4600000,28.522600,51.635800
2566775,"Wybunbury",979,77,"30U","30U1H5S2Q",2,2024-10-09 12:14:23.2500000,0,843300,0,2026-09-28 23:32:56.3630000,53.033330,-2.450000
2040376,"Ocata",909,68,"31T","31T2H5S1Q",3,2018-01-13 17:58:35.1370000,0,0,884307,2026-09-28 23:33:07.1230000,41.481380,2.325750
58688,"Vohibato",1880,143,"38K","38K2H6S1Q",2,2026-09-28 23:33:24.7330000,0,741,0,2026-09-28 23:33:24.7330000,-22.733330,46.950000
58689,"Bereketa",1880,143,"38K","38K2H6S2Q",2,2026-09-28 23:33:27.7270000,0,741,0,2026-09-28 23:33:27.7270000,-22.733330,47.000000
58549,"Mahazoarivo",1880,143,"38K","38K2H6S2Q",2,2026-09-28 23:33:30.4400000,0,741,0,2026-09-28 23:33:30.4400000,-22.750000,47.016670
58293,"Anezandava",1880,143,"38K","38K2H6S2Q",2,2026-09-28 23:33:33.0600000,0,741,0,2026-09-28 23:33:33.0600000,-22.783330,47.000000
58294,"Bemandresy",1880,143,"38K","38K2H6S2Q",2,2026-09-28 23:33:37.8530000,0,741,0,2026-09-28 23:33:37.8530000,-22.783330,47.050000
58550,"Ankarinarivo",1880,143,"38K","38K2H6S2Q",2,2026-09-28 23:33:39.8000000,0,741,0,2026-09-28 23:33:39.8000000,-22.750000,47.050000
58947,"Maropaika",1880,143,"38K","38K2H6S1Q",2,2026-09-28 23:33:44.1700000,0,741,0,2026-09-28 23:33:44.1700000,-22.700000,46.983330
59425,"Matsakare",1880,143,"38K","38K2H6S1Q",2,2026-09-28 23:33:46.6470000,0,741,0,2026-09-28 23:33:46.6470000,-22.633330,46.950000
1547677,"Ellwood",3547,233,"17S","17S2H6S1Q",2,2026-09-28 23:34:31.2700000,0,946,0,2026-09-28 23:34:31.2700000,33.111000,-79.936190
1546927,"Childsbury",3547,233,"17S","17S2H6S1Q",2,2026-05-25 10:56:55.2970000,0,3696,0,2026-09-28 23:34:42.5730000,33.097120,-79.933970
1546952,"Pimlico",3547,233,"17S","17S2H6S1Q",2,2026-09-28 23:34:47.5900000,868,1782,0,2026-09-28 23:34:47.5900000,33.097390,-79.960360
2220329,"Boucherville",459,38,"18T","18T1H6S1Q",1,2026-06-12 01:16:28.9230000,430496,0,0,2026-09-28 23:34:50.7900000,45.591040,-73.436050
1546701,"Strawberry Landing",3547,233,"17S","17S2H6S1Q",2,2026-09-28 23:34:53.6070000,0,1647,0,2026-09-28 23:34:53.6070000,33.092120,-79.944250
1546596,"Rice Hope",3547,233,"17S","17S2H6S1Q",2,2026-09-28 23:34:57.9700000,836,877,0,2026-09-28 23:34:57.9700000,33.090450,-79.932860
45380,"Marololo",1877,143,"38J","38J1H2S2Q",2,2026-09-28 23:35:03.3970000,0,1200,0,2026-09-28 23:35:03.3970000,-24.366670,45.000000
1547839,"Mepkin",3547,233,"17S","17S2H6S1Q",2,2026-09-28 23:35:05.1330000,0,665,0,2026-09-28 23:35:05.1330000,33.114890,-79.952300
66224,"San Anacleto",2587,187,"21K","21K2H2S3Q",2,2021-04-26 16:21:24.8500000,440,672,0,2026-09-28 23:35:05.9830000,-21.650000,-57.916670
45493,"Besaly Bas",1877,143,"38J","38J1H2S2Q",2,2026-09-28 23:35:06.3830000,0,1200,0,2026-09-28 23:35:06.3830000,-24.350000,45.000000
45579,"Besaly",1877,143,"38J","38J1H2S2Q",2,2026-09-28 23:35:09.7870000,0,1200,0,2026-09-28 23:35:09.7870000,-24.333330,45.000000
1551404,"Old Cordesville",3547,233,"17S","17S2H6S1Q",2,2026-09-28 23:35:11.4700000,0,642,0,2026-09-28 23:35:11.4700000,33.177670,-79.916750
85293,"Fanantenano",1878,143,"39K","39K1H4S3Q",2,2026-09-28 23:35:14.9630000,0,741,0,2026-09-28 23:35:14.9630000,-19.266670,48.250000
45025,"Marohola",1877,143,"38J","38J1H2S1Q",2,2026-09-28 23:35:15.0530000,0,1200,0,2026-09-28 23:35:15.0530000,-24.416670,44.966670
85182,"Bevanana",1878,143,"39K","39K1H4S3Q",2,2026-09-28 23:35:20.5070000,0,741,0,2026-09-28 23:35:20.5070000,-19.283330,48.283330
2208625,"Dayton",3558,233,"15T","15T1H5S1Q",2,2016-07-08 00:22:24.4230000,0,3760160,0,2026-09-28 23:35:22.7230000,45.243850,-93.514960
85294,"Ambohimandroso",1878,143,"39K","39K1H4S3Q",2,2026-09-28 23:35:23.2070000,0,741,0,2026-09-28 23:35:23.2070000,-19.266670,48.300000
85410,"Ambodivarongy",1878,143,"39K","39K1H4S3Q",2,2026-09-28 23:35:26.7030000,0,741,0,2026-09-28 23:35:26.7030000,-19.250000,48.333330
85411,"Ampasimazava",1878,143,"39K","39K1H4S3Q",2,2026-09-28 23:35:29.4870000,0,741,0,2026-09-28 23:35:29.4870000,-19.250000,48.383330
85522,"Ambodinonoka",1878,143,"39K","39K1H4S3Q",2,2026-09-28 23:35:31.9200000,0,741,0,2026-09-28 23:35:31.9200000,-19.233330,48.416670
85638,"Ambatomasino",1878,143,"39K","39K1H4S3Q",2,2026-09-28 23:35:34.4000000,0,741,0,2026-09-28 23:35:34.4000000,-19.216670,48.383330
85881,"Ampasinambo",1878,143,"39K","39K1H4S3Q",2,2026-09-28 23:35:37.9430000,0,741,0,2026-09-28 23:35:37.9430000,-19.183330,48.383330
1552214,"Wadboo",3547,233,"17S","17S2H6S1Q",2,2026-09-28 23:35:40.8900000,0,700,0,2026-09-28 23:35:40.8900000,33.191000,-79.937580
45158,"Bevato",1877,143,"38J","38J1H2S1Q",2,2026-09-28 23:35:42.7200000,0,1200,0,2026-09-28 23:35:42.7200000,-24.400000,44.816670
45261,"Amoina",1877,143,"38J","38J1H2S1Q",2,2026-09-28 23:35:46.2970000,0,1200,0,2026-09-28 23:35:46.2970000,-24.383330,44.800000
1552346,"Stony Landing",3547,233,"17S","17S2H6S1Q",2,2026-09-28 23:35:49.3400000,0,125,0,2026-09-28 23:35:49.3400000,33.193230,-79.969250
45492,"Andrarary",1877,143,"38J","38J1H2S1Q",2,2026-09-28 23:35:49.6400000,0,1200,0,2026-09-28 23:35:49.6400000,-24.350000,44.783330
1552871,"Mittenlane",3547,233,"17S","17S2H6S1Q",2,2026-09-28 23:35:55.8630000,0,255,0,2026-09-28 23:35:55.8630000,33.201000,-79.997580
1403435,"River Hills",3549,233,"14R","14R1H3S3Q",2,2024-10-15 07:19:50.9030000,0,350265,0,2026-09-28 23:35:57.4600000,30.339090,-97.849450
45577,"Antsoha",1877,143,"38J","38J1H2S1Q",2,2026-09-28 23:35:59.1530000,0,1200,0,2026-09-28 23:35:59.1530000,-24.333330,44.750000
1609045,"La Verne",3567,233,"11S","11S2H2S3Q",3,2013-05-30 03:23:16.3100000,40326,0,1048112,2026-09-28 23:36:37.9600000,34.100840,-117.767840
1942935,"Golden Heights",3568,233,"13S","13S1H2S1Q",2,2013-12-22 18:41:05.5130000,0,624592,0,2026-09-28 23:37:02.2300000,39.720000,-105.179440
2544683,"Stockerston",979,77,"30U","30U1H6S4Q",1,2026-09-28 22:25:42.0300000,3600,0,0,2026-09-28 23:37:08.5830000,52.566670,-0.766670
2293090,"Five Corners",3578,233,"10T","10T1H2S2Q",1,2020-08-27 02:29:58.0300000,3957224,16357,0,2026-09-28 23:37:14.1730000,47.459540,-122.334010
2544682,"Horninghold",979,77,"30U","30U1H6S4Q",1,2026-09-28 23:37:20.7730000,1200,0,0,2026-09-28 23:37:20.7730000,52.566670,-0.800000
2543951,"Hallaton",979,77,"30U","30U1H6S4Q",1,2026-09-28 23:37:26.2300000,1200,0,0,2026-09-28 23:37:26.2300000,52.550000,-0.833330
2542418,"Medbourne",979,77,"30U","30U1H6S4Q",1,2026-09-28 23:37:30.9200000,1200,0,0,2026-09-28 23:37:30.9200000,52.516670,-0.816670
2543195,"Slawston",979,77,"30U","30U1H6S4Q",1,2026-09-28 23:37:38.2700000,1200,0,0,2026-09-28 23:37:38.2700000,52.533330,-0.850000
2543950,"Gloostone",979,77,"30U","30U1H6S4Q",1,2026-09-28 23:37:43.7800000,1200,0,0,2026-09-28 23:37:43.7800000,52.550000,-0.883330
2542417,"Thorpe Langton",979,77,"30U","30U1H6S4Q",1,2026-09-28 23:37:48.4730000,1200,0,0,2026-09-28 23:37:48.4730000,52.516670,-0.900000
2351951,"Bogdanovka",3432,230,"37U","37U2H5S3Q",1,2026-09-28 23:38:10.8600000,1200,0,0,2026-09-28 23:38:10.8600000,48.616940,38.730830
2350386,"Trudovoy",3432,230,"37U","37U2H5S3Q",1,2026-09-28 23:38:15.4530000,1200,0,0,2026-09-28 23:38:15.4570000,48.589720,38.735280
2351208,"Krinichnaya",3432,230,"37U","37U2H5S3Q",1,2026-09-28 23:38:19.2600000,1200,0,0,2026-09-28 23:38:19.2600000,48.603330,38.716110
2528727,"Warsaw",2440,180,"34U","34U1H5S4Q",2,2022-07-26 12:16:57.6570000,0,133039012,0,2026-09-28 23:38:21.1870000,52.229770,21.011780
2345949,"Zhilovka",3432,230,"37U","37U2H5S3Q",1,2026-09-28 23:38:23.7100000,1200,0,0,2026-09-28 23:38:23.7100000,48.506110,38.758060
2347582,"Kamenka",3432,230,"37U","37U2H5S3Q",1,2026-09-28 23:38:27.2430000,1200,0,0,2026-09-28 23:38:27.2430000,48.533330,38.766670
2348552,"Kamenskiy",3432,230,"37U","37U2H5S3Q",1,2026-09-28 23:38:31.8070000,1200,0,0,2026-09-28 23:38:31.8070000,48.552780,38.705280
2349533,"Nikolayevka",3432,230,"37U","37U2H5S3Q",1,2026-09-28 23:38:35.7030000,1200,0,0,2026-09-28 23:38:35.7030000,48.576110,38.690280
2352946,"Sadovyy",3432,230,"37U","37U2H5S3Q",1,2026-09-28 23:38:43.0130000,1200,0,0,2026-09-28 23:38:43.0130000,48.648060,38.527220
2353575,"Kashanovka",3432,230,"37U","37U2H5S3Q",1,2026-09-28 23:38:54.6600000,1200,0,0,2026-09-28 23:38:54.6600000,48.653330,38.413330
2351299,"Pilipchatino",3441,230,"37U","37U2H5S3Q",1,2026-09-28 23:39:05.8930000,1200,0,0,2026-09-28 23:39:05.8930000,48.610280,38.246390
2348598,"Mednaya Ruda",3441,230,"37U","37U2H5S3Q",1,2026-09-28 23:39:09.7800000,1200,0,0,2026-09-28 23:39:09.7800000,48.555830,38.210000
2064770,"Elk Grove",3554,233,"16T","16T2H2S3Q",1,2025-04-14 19:31:13.4330000,443743,157139,0,2026-09-28 23:39:38.3570000,42.007250,-87.940340
2697467,"East Haven",977,77,"30V","30V2H5S4Q",3,2025-07-20 09:27:33.6070000,0,0,198796,2026-09-28 23:39:47.6400000,56.516670,-2.666670
2698510,"Arbirlot",977,77,"30V","30V2H5S4Q",3,2025-09-18 19:54:51.5070000,0,0,240172,2026-09-28 23:39:53.4170000,56.550000,-2.650000
2698511,"Arbroath",977,77,"30V","30V2H5S4Q",3,2025-09-18 19:54:57.4870000,0,0,174991,2026-09-28 23:39:58.8100000,56.550000,-2.583330
49033,"Itanara",2582,187,"21K","21K2H6S3Q",1,2026-09-28 23:40:01.9530000,309,0,0,2026-09-28 23:40:01.9530000,-23.816670,-55.783330
2699594,"Colliston",977,77,"30V","30V2H5S4Q",3,2025-07-25 06:25:22.3430000,0,0,226443,2026-09-28 23:40:04.4400000,56.583330,-2.633330
2699043,"Saint Vigeans",977,77,"30V","30V2H5S4Q",3,2025-09-24 14:34:09.7200000,0,0,174351,2026-09-28 23:40:12.6970000,56.566670,-2.566670
2351324,"Aleksandrovka",3432,230,"37U","37U2H5S3Q",1,2026-09-28 23:40:13.7130000,1200,0,0,2026-09-28 23:40:13.7130000,48.612220,38.430560
2351927,"Rubashkino",3432,230,"37U","37U2H5S3Q",1,2026-09-28 23:40:17.1930000,1200,0,0,2026-09-28 23:40:17.1930000,48.616670,38.433330
2352103,"Popasnaya",3432,230,"37U","37U2H5S3Q",1,2026-09-28 23:40:25.8200000,1200,0,0,2026-09-28 23:40:25.8200000,48.629170,38.383330
2351321,"Pobeda",3432,230,"37U","37U2H5S3Q",1,2026-09-28 23:40:29.2400000,1200,0,0,2026-09-28 23:40:29.2400000,48.611940,38.397500
2836268,"Grise Fiord",456,38,"17X","17X1H4S4Q",1,2026-09-28 23:40:31.3470000,370,0,0,2026-09-28 23:40:31.3470000,76.418400,-82.894680
2351273,"Kalinova Popasnaya",3432,230,"37U","37U2H5S3Q",1,2026-09-28 23:40:32.9370000,1200,0,0,2026-09-28 23:40:32.9370000,48.608610,38.336110
2352023,"Rozovka",3432,230,"37U","37U2H5S3Q",1,2026-09-28 23:40:36.6500000,1200,0,0,2026-09-28 23:40:36.6500000,48.623330,38.310000
2836190,"Arctic Bay",456,38,"16X","16X2H6S1Q",1,2026-09-28 23:40:40.2700000,220,4,0,2026-09-28 23:40:40.2700000,73.034710,-85.166300
2350429,"Vyskrivka",3432,230,"37U","37U2H5S3Q",1,2026-09-28 23:40:42.9630000,1200,0,0,2026-09-28 23:40:42.9670000,48.592500,38.285280
2830446,"Pangnirtung",456,38,"20W","20W2H1S3Q",1,2026-09-28 23:40:48.3270000,263,0,0,2026-09-28 23:40:48.3270000,66.145110,-65.712520
2349635,"Preobrazhenka",3432,230,"37U","37U2H5S3Q",1,2026-09-28 23:40:49.3130000,1200,0,0,2026-09-28 23:40:49.3130000,48.582500,38.356940
2349574,"Novozvanovka",3432,230,"37U","37U2H5S3Q",1,2026-09-28 23:40:53.0770000,1200,0,0,2026-09-28 23:40:53.0770000,48.578060,38.372500
2350341,"Krasnoye Ozero",3432,230,"37U","37U2H5S3Q",1,2026-09-28 23:40:56.4470000,1200,0,0,2026-09-28 23:40:56.4470000,48.585830,38.388890
2836172,"Pond Inlet",456,38,"18X","18X2H4S3Q",1,2026-09-28 23:40:58.1730000,220,56,0,2026-09-28 23:40:58.1730000,72.701370,-77.959330
2834057,"Hall Beach",456,38,"17W","17W1H5S3Q",1,2026-09-28 23:41:04.0700000,308,0,0,2026-09-28 23:41:04.0700000,68.791340,-81.235980
2351980,"Borshchevatoye",3432,230,"37U","37U2H5S3Q",1,2026-09-28 23:41:04.3170000,1200,0,0,2026-09-28 23:41:04.3170000,48.619720,38.491940
2835672,"Clyde River",456,38,"19W","19W1H2S4Q",1,2026-09-28 23:41:12.2830000,220,68,0,2026-09-28 23:41:12.2830000,70.469160,-68.591430
2351338,"Imeni Krupskoy",3432,230,"37U","37U2H5S3Q",1,2026-09-28 23:41:14.7530000,1200,0,0,2026-09-28 23:41:14.7530000,48.613890,38.525000
2351128,"Dolinovskoye",3432,230,"37U","37U2H5S3Q",1,2026-09-28 23:41:18.7430000,1200,0,0,2026-09-28 23:41:18.7430000,48.600000,38.535560
2835522,"Cape Parry",454,38,"10W","10W1H1S4Q",1,2026-09-28 23:41:19.3900000,310,0,0,2026-09-28 23:41:19.3900000,70.150520,-124.671830
2349593,"Vladimirovka",3432,230,"37U","37U2H5S3Q",1,2026-09-28 23:41:23.4900000,1200,0,0,2026-09-28 23:41:23.4900000,48.579170,38.520000
2349408,"Kalinovo",3432,230,"37U","37U2H5S3Q",1,2026-09-28 23:41:27.8500000,1200,0,0,2026-09-28 23:41:27.8500000,48.567780,38.516940
2835257,"Letty Harbour",454,38,"10W","10W1H4S2Q",1,2026-09-28 23:41:29.6900000,505,0,0,2026-09-28 23:41:29.6900000,69.850510,-124.438220
2348597,"Mikhaylovka",3432,230,"37U","37U2H5S3Q",1,2026-09-28 23:41:33.4000000,1200,0,0,2026-09-28 23:41:33.4000000,48.555560,38.527220
1784142,"Logan",3567,233,"10S","10S1H6S3Q",1,2024-08-19 23:45:39.3030000,326155,0,0,2026-09-28 23:41:39.7200000,36.906900,-121.631610
2349432,"Leninskiy Bombardi",3432,230,"37U","37U2H5S3Q",1,2026-09-28 23:41:41.1930000,1200,0,0,2026-09-28 23:41:41.1930000,48.569440,38.622780
2348739,"Stakhanov",3432,230,"37U","37U2H5S3Q",1,2026-09-28 23:41:48.2370000,1200,0,0,2026-09-28 23:41:48.2370000,48.563330,38.650830
2347720,"Bugayevka",3432,230,"37U","37U2H5S3Q",1,2026-09-28 23:41:52.5900000,1200,0,0,2026-09-28 23:41:52.5900000,48.541110,38.668610
2346877,"Krivorozh'ye",3432,230,"37U","37U2H5S3Q",1,2026-09-28 23:41:59.5100000,1200,0,0,2026-09-28 23:41:59.5100000,48.526940,38.691940
2345962,"Bryanka",3432,230,"37U","37U2H5S3Q",1,2026-09-28 23:42:04.5530000,1200,0,0,2026-09-28 23:42:04.5530000,48.506940,38.661670
2345016,"Lozovaya Pavlovka",3432,230,"37U","37U2H5S3Q",1,2026-09-28 23:42:09.5430000,1200,0,0,2026-09-28 23:42:09.5430000,48.483330,38.700000
598536,"Ine",1886,144,"59N","59N1H2S4Q",1,2026-09-28 23:42:12.1870000,256,0,0,2026-09-28 23:42:12.1870000,6.983330,171.700000
599191,"Warwir",1886,144,"59N","59N1H2S2Q",1,2026-09-28 23:42:19.2000000,268,0,0,2026-09-28 23:42:19.2000000,7.003420,171.595220
599930,"Lukwoj",1886,144,"59N","59N1H2S2Q",1,2026-09-28 23:42:22.9800000,256,0,0,2026-09-28 23:42:22.9800000,7.018140,171.584860
2344160,"Zamkovka",3432,230,"37U","37U2H5S3Q",1,2026-09-28 23:42:24.3500000,1200,0,0,2026-09-28 23:42:24.3500000,48.466670,38.683330
2343431,"Lyuksemburg",3432,230,"37U","37U2H5S3Q",1,2026-09-28 23:42:28.4930000,1200,0,0,2026-09-28 23:42:28.4930000,48.456670,38.672500
2342625,"Artemovsk",3432,230,"37U","37U2H5S3Q",1,2026-09-28 23:42:35.4600000,1200,0,0,2026-09-28 23:42:35.4600000,48.440280,38.742220
2340893,"Yashchikovo",3432,230,"37U","37U2H5S3Q",1,2026-09-28 23:42:41.6570000,1200,0,0,2026-09-28 23:42:41.6570000,48.401110,38.737500
2340092,"Seleznevka",3432,230,"37U","37U2H5S3Q",1,2026-09-28 23:42:45.6170000,1200,0,0,2026-09-28 23:42:45.6170000,48.393890,38.796940
702561,"Melang",1896,144,"59P","59P2H4S2Q",1,2026-09-28 23:42:51.8730000,277,0,0,2026-09-28 23:42:51.8730000,9.896310,169.260090
58948,"Manarivo",1880,143,"38K","38K2H6S2Q",2,2026-09-28 23:42:54.3530000,0,741,0,2026-09-28 23:42:54.3530000,-22.700000,47.016670
59178,"Mahasoa",1880,143,"38K","38K2H6S2Q",2,2026-09-28 23:42:57.3900000,0,741,0,2026-09-28 23:42:57.3900000,-22.666670,47.016670
59289,"Marolaka",1880,143,"38K","38K2H6S2Q",2,2026-09-28 23:43:01.6500000,0,741,0,2026-09-28 23:43:01.6500000,-22.650000,47.016670
702466,"Jebal",1896,144,"59P","59P2H4S2Q",1,2026-09-28 23:43:02.3870000,277,0,0,2026-09-28 23:43:02.3870000,9.889970,169.272410
2336800,"Utkino",3432,230,"37U","37U2H5S3Q",1,2026-09-28 23:43:04.5570000,1200,0,0,2026-09-28 23:43:04.5570000,48.332780,38.800280
12648,"Darling Harbour",143,13,"56H","56H1H1S4Q",3,2017-01-19 09:23:22.8330000,0,0,2565354,2026-09-28 23:43:05.0700000,-33.868470,151.200340
700272,"Likiep",1896,144,"59P","59P2H4S2Q",1,2026-09-28 23:43:06.6400000,287,0,0,2026-09-28 23:43:06.6400000,9.825110,169.310650
85882,"Lakato",1878,143,"39K","39K1H4S3Q",2,2026-09-28 23:43:09.0470000,0,741,0,2026-09-28 23:43:09.0470000,-19.183330,48.433330
2336671,"Voskresenovka",3432,230,"37U","37U2H5S3Q",1,2026-09-28 23:43:10.1270000,1200,0,0,2026-09-28 23:43:10.1270000,48.325830,38.787500
85883,"Ambinany",1878,143,"39K","39K1H4S3Q",2,2026-09-28 23:43:11.5130000,0,741,0,2026-09-28 23:43:11.5130000,-19.183330,48.450000
2335659,"Temiryazevka",3432,230,"37U","37U2H5S3Q",1,2026-09-28 23:43:13.8400000,1200,0,0,2026-09-28 23:43:13.8400000,48.301110,38.742220
86150,"Ambodiaviavy",1878,143,"39K","39K1H4S3Q",2,2026-09-28 23:43:13.8870000,0,741,0,2026-09-28 23:43:13.8870000,-19.150000,48.450000
86379,"Ambodirafia",1878,143,"39K","39K1H4S3Q",2,2026-09-28 23:43:16.5970000,0,741,0,2026-09-28 23:43:16.5970000,-19.116670,48.433330
2333964,"Zaporozh'ye",3432,230,"37U","37U2H5S3Q",1,2026-09-28 23:43:17.9300000,1200,0,0,2026-09-28 23:43:17.9300000,48.271940,38.718060
86378,"Ambodigavo",1878,143,"39K","39K1H4S3Q",2,2026-09-28 23:43:19.2400000,0,741,0,2026-09-28 23:43:19.2400000,-19.116670,48.400000
2333922,"Imeni Petrovskogo",3432,230,"37U","37U2H5S3Q",1,2026-09-28 23:43:21.6500000,1200,0,0,2026-09-28 23:43:21.6530000,48.270000,38.696110
671399,"Ujae",1906,144,"58P","58P2H5S4Q",1,2026-09-28 23:43:33.7570000,277,0,0,2026-09-28 23:43:33.7570000,8.933380,165.757230
671093,"Ujae",1906,144,"58P","58P2H5S4Q",1,2026-09-28 23:43:37.5730000,277,0,0,2026-09-28 23:43:37.5730000,8.932180,165.764160
1612019,"Studio City",3567,233,"11S","11S2H1S4Q",3,2014-12-23 21:01:49.3770000,0,0,1099452,2026-09-28 23:44:07.2670000,34.148620,-118.396470
691026,"Wodmej",1910,144,"59P","59P2H5S1Q",1,2026-09-28 23:44:09.0630000,704,0,0,2026-09-28 23:44:09.0630000,9.551240,170.149380
2155850,"College Hill",3576,233,"10T","10T1H5S3Q",1,2025-06-30 03:00:56.4800000,11763745,0,0,2026-09-28 23:44:13.8500000,44.030960,-123.098140
688008,"Wotje",1910,144,"59P","59P2H5S1Q",1,2026-09-28 23:44:15.7670000,440,379,0,2026-09-28 23:44:15.7670000,9.454290,170.236740
1912768,"Town Hill",3555,233,"16S","16S1H2S2Q",2,2013-09-04 23:27:11.1270000,0,14255991,0,2026-09-28 23:44:50.5770000,39.198100,-86.246660
688035,"Wotje",1910,144,"59P","59P2H5S1Q",1,2026-09-28 23:44:56.7630000,268,0,0,2026-09-28 23:44:56.7630000,9.455310,170.236670
2003550,"Red Feather Lakes",3568,233,"13T","13T2H5S3Q",2,2021-08-04 04:22:16.7330000,0,6495299,0,2026-09-28 23:44:58.9130000,40.802480,-105.591660
2701240,"Guthrie",977,77,"30V","30V2H5S4Q",3,2025-11-16 23:13:34.5770000,0,0,134964,2026-09-28 23:45:00.3630000,56.633330,-2.700000
2699593,"Carmyllie",977,77,"30V","30V2H5S4Q",3,2025-09-19 14:24:58.3000000,0,0,206688,2026-09-28 23:45:08.1900000,56.583330,-2.716670
2697997,"Monikie",977,77,"30V","30V2H5S4Q",3,2025-07-08 05:41:11.8500000,0,0,156260,2026-09-28 23:45:17.3470000,56.533330,-2.816670
2699042,"Kirkbuddo",977,77,"30V","30V2H5S4Q",3,2025-07-08 06:22:23.3430000,0,0,188430,2026-09-28 23:45:22.2030000,56.566670,-2.800000
2700690,"Letham",977,77,"30V","30V2H5S4Q",3,2025-07-24 06:17:11.6230000,0,0,239005,2026-09-28 23:45:30.2800000,56.616670,-2.766670
2700689,"Dunnichen",977,77,"30V","30V2H5S4Q",3,2025-07-24 06:17:00.1770000,0,0,206376,2026-09-28 23:45:35.3070000,56.616670,-2.800000
2700688,"Kingsmuir",977,77,"30V","30V2H5S4Q",3,2025-07-08 06:22:46.9500000,0,0,220977,2026-09-28 23:45:52.8530000,56.616670,-2.833330
66056,"Colonia Carmelo Peralta",2587,187,"21K","21K2H2S3Q",1,2026-09-28 23:46:01.8430000,957,0,0,2026-09-28 23:46:01.8430000,-21.666670,-57.950000
72216,"Tauoa",375,31,"21K","21K2H2S1Q",1,2026-09-28 23:46:10.8300000,244,0,0,2026-09-28 23:46:10.8300000,-20.966670,-57.733330
72778,"Reverdito",375,31,"21K","21K2H2S1Q",1,2026-09-28 23:46:21.6430000,1032,0,0,2026-09-28 23:46:21.6470000,-20.900000,-57.750000
2538136,"Prickwillow",979,77,"31U","31U1H4S3Q",1,2016-07-27 06:29:20.5070000,531689,2100,11007,2026-09-28 23:46:32.4030000,52.416860,0.345960
80471,"Capitan Pablo Lagerenza",2587,187,"20K","20K1H6S4Q",1,2026-09-28 23:46:33.0030000,220,31,0,2026-09-28 23:46:33.0030000,-19.916670,-60.783330
2346910,"Troitskoye",3432,230,"37U","37U2H5S3Q",1,2026-09-28 23:46:47.9100000,1200,0,0,2026-09-28 23:46:47.9100000,48.528890,38.392500
1337731,"Lavar-e Pa'in",1342,108,"39R","39R1H5S4Q",2,2026-09-28 23:46:49.3800000,0,844,0,2026-09-28 23:46:49.3800000,28.593600,51.566900
2018732,"Slippery Rock",3584,233,"17T","17T2H5S2Q",3,2022-09-07 20:25:13.1600000,0,0,550867,2026-09-28 23:46:50.9230000,41.063950,-80.056450
1338057,"Lavar-e Shomali",1342,108,"39R","39R1H5S4Q",2,2026-09-28 23:46:53.5700000,0,844,0,2026-09-28 23:46:53.5700000,28.601700,51.559900
2346903,"Zapadnyy",3432,230,"37U","37U2H5S3Q",1,2026-09-28 23:46:53.6600000,1200,0,0,2026-09-28 23:46:53.6600000,48.528610,38.428060
80220,"Puesto Warnes",2587,187,"20K","20K1H6S4Q",1,2026-09-28 23:46:56.3700000,1050,0,0,2026-09-28 23:46:56.3700000,-19.950000,-60.750000
1338076,"Lavar-e Ra'is Gholam",1342,108,"39R","39R1H5S4Q",2,2026-09-28 23:46:56.8430000,0,844,0,2026-09-28 23:46:56.8430000,28.602400,51.570600
2345117,"Skelya",3432,230,"37U","37U2H5S3Q",1,2026-09-28 23:47:00.1970000,1200,0,0,2026-09-28 23:47:00.1970000,48.488610,38.423890
1342946,"Makhdan",1342,108,"39R","39R1H5S4Q",2,2026-09-28 23:47:00.7400000,0,844,0,2026-09-28 23:47:00.7400000,28.753300,51.499200
1342897,"Mokhladan",1342,108,"39R","39R1H5S4Q",2,2026-09-28 23:47:03.9400000,0,844,0,2026-09-28 23:47:03.9400000,28.751200,51.501200
84636,"Palmar de las Islas",348,29,"20K","20K1H6S4Q",1,2026-09-28 23:47:04.2600000,220,206,0,2026-09-28 23:47:04.2600000,-19.350000,-60.450000
2345048,"Dolgiy",3432,230,"37U","37U2H5S3Q",1,2026-09-28 23:47:04.7970000,1200,0,0,2026-09-28 23:47:04.7970000,48.483610,38.452500
2345205,"Kudryanovka",3432,230,"37U","37U2H5S3Q",1,2026-09-28 23:47:08.6730000,1200,0,0,2026-09-28 23:47:08.6730000,48.494720,38.497220
1342753,"Derang",1342,108,"39R","39R1H5S4Q",2,2026-09-28 23:47:09.5000000,0,844,0,2026-09-28 23:47:09.5000000,28.748890,51.612500
83201,"Estancia San Jose",2587,187,"20K","20K1H6S4Q",1,2026-09-28 23:47:11.9030000,220,212,0,2026-09-28 23:47:11.9030000,-19.550000,-60.500000
2344416,"Annovka",3432,230,"37U","37U2H5S3Q",1,2026-09-28 23:47:14.7730000,1200,0,0,2026-09-28 23:47:14.7730000,48.481390,38.541390
1341468,"Tang Rud",1342,108,"39R","39R1H5S4Q",2,2026-09-28 23:47:25.5100000,0,844,0,2026-09-28 23:47:25.5100000,28.707500,51.704700
2347646,"Konstantinovka",3441,230,"37U","37U2H5S3Q",1,2026-09-28 23:47:28.6930000,1200,0,0,2026-09-28 23:47:28.6930000,48.536390,38.274170
47672,"Estancia Espinillo",2573,187,"21K","21K2H5S3Q",1,2026-09-28 23:47:30.5030000,220,219,0,2026-09-28 23:47:30.5030000,-23.984170,-57.939170
2347622,"Petrusovskiy",3441,230,"37U","37U2H5S3Q",1,2026-09-28 23:47:33.0000000,1200,0,0,2026-09-28 23:47:33.0000000,48.534170,38.246110
2346876,"Vidrodzhennya",3441,230,"37U","37U2H5S3Q",1,2026-09-28 23:47:38.3230000,1200,0,0,2026-09-28 23:47:38.3230000,48.526940,38.221110
37606,"Itacurubi de la Cordillera",2579,187,"21J","21J1H2S4Q",1,2026-09-28 23:47:40.1200000,1020,0,0,2026-09-28 23:47:40.1200000,-25.450000,-56.850000
2346695,"Vozrozhdeniye",3441,230,"37U","37U2H5S3Q",1,2026-09-28 23:47:42.2670000,1200,0,0,2026-09-28 23:47:42.2670000,48.516670,38.216670
2193237,"McCall",3573,233,"11T","11T1H5S4Q",3,2023-02-16 13:29:58.0300000,0,0,1000169,2026-09-28 23:47:43.3730000,44.911010,-116.098740
2346036,"Gusinyy",3441,230,"37U","37U2H5S3Q",1,2026-09-28 23:47:49.4170000,1200,0,0,2026-09-28 23:47:49.4170000,48.511940,38.269170
79862,"Estancia Los Laureles",2587,187,"20K","20K2H3S2Q",1,2026-09-28 23:47:52.4600000,1100,0,0,2026-09-28 23:47:52.4600000,-20.000000,-60.666670
2345256,"Krasnyy Pakhar'",3441,230,"37U","37U2H5S3Q",1,2026-09-28 23:47:53.6430000,1200,0,0,2026-09-28 23:47:53.6430000,48.498610,38.293330
2343520,"Mironovskiy",3441,230,"37U","37U2H5S3Q",1,2026-09-28 23:48:01.8130000,1200,0,0,2026-09-28 23:48:01.8130000,48.461110,38.276110
2194709,"Pine Ridge",3573,233,"11T","11T1H5S4Q",3,2022-12-17 03:05:38.1070000,0,0,101353,2026-09-28 23:48:14.2300000,44.938780,-116.382630
83936,"San Antonio",2587,187,"20K","20K1H6S4Q",1,2026-09-28 23:48:14.5400000,1017,0,0,2026-09-28 23:48:14.5400000,-19.450000,-60.183330
2345014,"Mironovka",3441,230,"37U","37U2H5S3Q",1,2026-09-28 23:48:26.8730000,1200,0,0,2026-09-28 23:48:26.8730000,48.483330,38.250000
2344159,"Mar'yanovka",3441,230,"37U","37U2H5S3Q",1,2026-09-28 23:48:31.5200000,1200,0,0,2026-09-28 23:48:31.5200000,48.466670,38.165000
81053,"Puesto Cabo Gimenez",2587,187,"20K","20K1H6S4Q",1,2026-09-28 23:48:34.3330000,1037,0,0,2026-09-28 23:48:34.3330000,-19.833330,-60.616670
2344243,"Semigor'ye",3441,230,"37U","37U2H5S3Q",1,2026-09-28 23:48:36.5800000,1200,0,0,2026-09-28 23:48:36.5800000,48.470000,38.138890
81769,"Puesto Barbaro",2587,187,"20K","20K1H6S4Q",1,2026-09-28 23:48:38.2870000,220,215,0,2026-09-28 23:48:38.2870000,-19.733330,-60.600000
1878674,"Mayhew",3567,233,"10S","10S1H3S3Q",2,2013-03-31 23:54:34.2830000,0,1297122,1190075,2026-09-28 23:48:41.1800000,38.565180,-121.350780
82839,"Batallon Numero Uno Palmar de las Islas",2587,187,"20K","20K1H6S4Q",1,2026-09-28 23:48:42.4500000,220,212,0,2026-09-28 23:48:42.4500000,-19.600000,-60.566670
2341855,"Luganskoye",3441,230,"37U","37U2H5S3Q",1,2026-09-28 23:48:42.6770000,1200,0,0,2026-09-28 23:48:42.6770000,48.428330,38.267500
83821,"Estancia San Miguel",2587,187,"20K","20K1H6S4Q",1,2026-09-28 23:48:46.5670000,220,207,0,2026-09-28 23:48:46.5670000,-19.466670,-60.550000
2341780,"Gorlovskiy Shakhter",3441,230,"37U","37U2H5S3Q",1,2026-09-28 23:48:50.2600000,1200,0,0,2026-09-28 23:48:50.2600000,48.422780,38.103890
84297,"Palo Pintado",348,29,"20K","20K1H6S4Q",1,2026-09-28 23:48:51.6330000,220,203,0,2026-09-28 23:48:51.6330000,-19.400000,-60.633330
84411,"Yugo Quebrado",348,29,"20K","20K1H6S4Q",1,2026-09-28 23:48:55.3670000,220,205,0,2026-09-28 23:48:55.3670000,-19.383330,-60.516670
2340922,"Gol'movskiy",3441,230,"37U","37U2H5S3Q",1,2026-09-28 23:48:57.1730000,1200,0,0,2026-09-28 23:48:57.1730000,48.403330,38.082220
2341062,"Dolomit",3441,230,"37U","37U2H5S3Q",1,2026-09-28 23:49:02.2330000,1200,0,0,2026-09-28 23:49:02.2330000,48.413060,38.138330
85948,"Cerro Quebrado",348,29,"20K","20K1H6S4Q",1,2026-09-28 23:49:02.4730000,1070,0,0,2026-09-28 23:49:02.4730000,-19.166670,-60.450000
2340033,"Sukhoy Yar",3441,230,"37U","37U2H5S3Q",1,2026-09-28 23:49:09.5030000,1200,0,0,2026-09-28 23:49:09.5030000,48.391110,38.132220
84753,"Potrero del Rey",348,29,"20K","20K1H6S4Q",1,2026-09-28 23:49:11.6170000,1023,0,0,2026-09-28 23:49:11.6170000,-19.333330,-60.300000
2339197,"Zhitnyy Yar",3441,230,"37U","37U2H5S3Q",1,2026-09-28 23:49:15.3600000,1200,0,0,2026-09-28 23:49:15.3600000,48.375560,38.118610
2338166,"Kalininsk",3441,230,"37U","37U2H5S3Q",1,2026-09-28 23:49:18.9630000,1200,0,0,2026-09-28 23:49:18.9630000,48.350000,38.133330
2338414,"Gurty",3441,230,"37U","37U2H5S3Q",1,2026-09-28 23:49:24.4300000,1200,0,0,2026-09-28 23:49:24.4300000,48.363890,38.179170
2336723,"Shevchenko",3441,230,"37U","37U2H5S3Q",1,2026-09-28 23:49:28.2730000,1200,0,0,2026-09-28 23:49:28.2730000,48.329170,38.196940
2341760,"Mount Vernon",3578,233,"10U","10U2H5S4Q",2,2026-09-28 23:38:34.2630000,0,2355,900,2026-09-28 23:49:31.4570000,48.421220,-122.334050
2339955,"Lozovoye",3441,230,"37U","37U2H5S3Q",1,2026-09-28 23:49:36.6470000,1200,0,0,2026-09-28 23:49:36.6470000,48.385830,38.231940
74631,"Cardoso",375,31,"21K","21K2H2S1Q",1,2026-09-28 23:49:38.0030000,988,0,0,2026-09-28 23:49:38.0030000,-20.650000,-57.650000
1895789,"Chinatown",3536,233,"18S","18S1H1S3Q",3,2026-08-25 13:55:28.1930000,460021,0,723270,2026-09-28 23:49:40.1670000,38.900940,-77.022750
2338261,"Imeni Kalinino",3441,230,"37U","37U2H5S3Q",1,2026-09-28 23:49:41.1130000,1200,0,0,2026-09-28 23:49:41.1130000,48.355280,38.253610
2338229,"Kalinovka",3441,230,"37U","37U2H5S3Q",1,2026-09-28 23:49:52.0430000,1200,0,0,2026-09-28 23:49:52.0430000,48.353060,38.294170
448379,"Kirwa",2730,193,"35M","35M1H3S4Q",3,2026-09-28 23:49:57.3470000,0,0,1200,2026-09-28 23:49:57.3470000,-1.603900,29.705900
448432,"Nyamugali",2730,193,"35M","35M1H3S4Q",3,2026-09-28 23:50:00.8570000,0,0,1200,2026-09-28 23:50:00.8570000,-1.600500,29.697900
2470900,"Pandgatheide",256,20,"31U","31U2H3S1Q",2,2015-10-27 08:09:14.9230000,136361,478428,45,2026-09-28 23:50:02.3700000,51.058560,4.229090
2342632,"Yekaterinovka",3432,230,"37U","37U2H5S3Q",1,2026-09-28 23:50:04.8600000,1200,0,0,2026-09-28 23:50:04.8600000,48.440830,38.439720
448428,"Kamagare",2730,193,"35M","35M1H3S4Q",3,2026-09-28 23:50:07.4930000,0,0,1200,2026-09-28 23:50:07.4930000,-1.600700,29.675600
2342571,"Sanzharovka",3441,230,"37U","37U2H5S3Q",1,2026-09-28 23:50:08.7270000,1200,0,0,2026-09-28 23:50:08.7270000,48.436940,38.429440
2341736,"Novo-Troitskoye",3441,230,"37U","37U2H5S3Q",1,2026-09-28 23:50:12.7200000,1200,0,0,2026-09-28 23:50:12.7200000,48.419720,38.426110
448406,"Rurembo",2730,193,"35M","35M1H3S4Q",3,2026-09-28 23:50:13.8700000,0,0,1200,2026-09-28 23:50:13.8700000,-1.602200,29.675000
448544,"Nyakabungo",2730,193,"35M","35M1H3S4Q",3,2026-09-28 23:50:17.9030000,0,0,1200,2026-09-28 23:50:17.9030000,-1.599000,29.671900
2341935,"Rozsadka",3441,230,"37U","37U2H5S3Q",1,2026-09-28 23:50:18.5470000,1200,0,0,2026-09-28 23:50:18.5470000,48.432780,38.351110
46370,"Colonia Siete Montes",2582,187,"21J","21J1H3S1Q",1,2026-09-28 23:50:22.1670000,914,0,0,2026-09-28 23:50:22.1670000,-24.200000,-55.833330
448303,"Mucaca",2730,193,"35M","35M1H3S4Q",3,2026-09-28 23:50:25.5970000,0,0,1200,2026-09-28 23:50:25.5970000,-1.609600,29.683100
448315,"Kigote",2730,193,"35M","35M1H3S4Q",3,2026-09-28 23:50:29.7100000,0,0,1200,2026-09-28 23:50:29.7100000,-1.608600,29.693100
448234,"Kamonyi",2730,193,"35M","35M1H3S4Q",3,2026-09-28 23:50:33.4070000,0,0,1200,2026-09-28 23:50:33.4070000,-1.615200,29.695900
2192291,"Evergreen",3573,233,"11T","11T1H5S4Q",3,2023-01-06 01:30:49.7530000,0,0,70238,2026-09-28 23:50:36.1670000,44.890170,-116.390140
1888268,"Glasgow Village",3543,233,"15S","15S1H3S4Q",2,2026-09-21 18:52:11.3070000,1551,1305709,747972,2026-09-28 23:50:43.1730000,38.753660,-90.198440
2344318,"Glubokiy",3432,230,"37U","37U2H5S3Q",1,2026-09-28 23:50:43.8370000,1200,0,0,2026-09-28 23:50:43.8370000,48.474440,38.590000
1787696,"Rio Del Mar",3567,233,"10S","10S1H6S3Q",3,2013-06-22 16:10:21.8830000,0,0,2239925,2026-09-28 23:50:46.2600000,36.968280,-121.900230
2343485,"Novo-Aleksandrovka",3432,230,"37U","37U2H5S3Q",1,2026-09-28 23:50:49.7870000,1200,0,0,2026-09-28 23:50:49.7870000,48.459170,38.455000
1396348,"Moores Crossing",3549,233,"14R","14R1H3S3Q",2,2024-12-20 03:38:33.2830000,1218,36624,0,2026-09-28 23:50:50.6430000,30.168820,-97.663890
2343344,"Nadarovka",3432,230,"37U","37U2H5S3Q",1,2026-09-28 23:50:58.2200000,1200,0,0,2026-09-28 23:50:58.2200000,48.451670,38.497500
1694030,"Valley Brook",3546,233,"14S","14S2H3S1Q",2,2024-12-17 02:12:28.8000000,0,1992324,7033,2026-09-28 23:51:07.1670000,35.402010,-97.481430
2342706,"Vydernoy",3432,230,"37U","37U2H5S3Q",1,2026-09-28 23:51:28.3000000,1200,0,0,2026-09-28 23:51:28.3000000,48.445280,38.623890
68833,"Terere",375,31,"21K","21K2H2S3Q",1,2026-09-28 23:51:30.5830000,980,0,0,2026-09-28 23:51:30.5830000,-21.350000,-57.850000
69130,"Sao Francisco do Terere",375,31,"21K","21K2H2S3Q",1,2026-09-28 23:51:36.5830000,980,0,0,2026-09-28 23:51:36.5830000,-21.316670,-57.833330
2342493,"Sabovka",3432,230,"37U","37U2H5S3Q",1,2026-09-28 23:51:38.8670000,1200,0,0,2026-09-28 23:51:38.8670000,48.433330,38.616670
69477,"Turuma",375,31,"21K","21K2H2S3Q",1,2026-09-28 23:51:42.5930000,981,0,0,2026-09-28 23:51:42.5930000,-21.283330,-57.866670
2343354,"Lomovatka",3432,230,"37U","37U2H5S3Q",1,2026-09-28 23:51:48.4030000,1200,0,0,2026-09-28 23:51:48.4030000,48.451940,38.569170
71103,"Barranco Branco",375,31,"21K","21K2H2S3Q",1,2026-09-28 23:51:49.7970000,984,0,0,2026-09-28 23:51:49.7970000,-21.100000,-57.816670
2343318,"Stepanovka",3432,230,"37U","37U2H5S3Q",1,2026-09-28 23:51:53.9900000,1200,0,0,2026-09-28 23:51:53.9900000,48.450280,38.551390
2342566,"Yuzhnaya Lomovatka",3432,230,"37U","37U2H5S3Q",1,2026-09-28 23:51:58.0530000,1200,0,0,2026-09-28 23:51:58.0530000,48.436670,38.527220
1976150,"Hillymeade",3584,233,"18T","18T2H4S4Q",3,2024-08-03 08:05:02.1630000,11636,0,883503,2026-09-28 23:51:59.0370000,40.304260,-76.739690
2341896,"Chervonnyy Prapor",3432,230,"37U","37U2H5S3Q",1,2026-09-28 23:52:03.1600000,1200,0,0,2026-09-28 23:52:03.1600000,48.430560,38.557500
553385,"Namdrik E",1900,144,"59N","59N1H4S1Q",1,2026-09-28 23:52:03.8770000,243,0,0,2026-09-28 23:52:03.8770000,5.620430,168.128240
552747,"Namdrik",1900,144,"59N","59N1H4S1Q",1,2026-09-28 23:52:07.7300000,243,0,0,2026-09-28 23:52:07.7300000,5.599440,168.102820
552693,"Namdrik S",1900,144,"59N","59N1H4S1Q",1,2026-09-28 23:52:12.8870000,243,0,0,2026-09-28 23:52:12.8870000,5.595610,168.106660
1717725,"Brentwood",3545,233,"17S","17S2H3S2Q",3,2013-03-19 22:04:26.8000000,0,0,521395,2026-09-28 23:52:15.8370000,35.825150,-78.601950
2252034,"Gurney",3566,233,"15T","15T1H3S4Q",3,2013-07-30 11:17:59.0970000,0,0,6532006,2026-09-28 23:52:18.3770000,46.472730,-90.508240
747528,"New Rongelap",1902,144,"58P","58P2H3S1Q",1,2026-09-28 23:52:21.0870000,277,0,0,2026-09-28 23:52:21.0870000,11.161200,166.891890
747565,"Rongelap",1902,144,"58P","58P2H3S1Q",1,2026-09-28 23:52:27.1870000,287,0,0,2026-09-28 23:52:27.1870000,11.163510,166.894080
2341027,"Yelenovka",3432,230,"37U","37U2H5S3Q",1,2026-09-28 23:52:47.6300000,1200,0,0,2026-09-28 23:52:47.6300000,48.411110,38.576110
717099,"Mejit",1915,144,"59P","59P2H2S3Q",1,2026-09-28 23:52:54.1100000,256,0,0,2026-09-28 23:52:54.1100000,10.275310,170.864610
2339992,"Bayrachki",3432,230,"37U","37U2H5S3Q",1,2026-09-28 23:52:55.2700000,1200,0,0,2026-09-28 23:52:55.2700000,48.388610,38.608330
717116,"Mejit",1915,144,"59P","59P2H2S3Q",1,2026-09-28 23:52:58.3470000,256,0,0,2026-09-28 23:52:58.3470000,10.276330,170.864350
2339928,"Maloivanovka",3432,230,"37U","37U2H5S3Q",1,2026-09-28 23:52:59.1800000,1200,0,0,2026-09-28 23:52:59.1800000,48.384440,38.646940
1543200,"Hebron",3549,233,"14S","14S2H6S2Q",3,2023-11-08 23:00:16.6500000,0,0,35662261,2026-09-28 23:53:08.5100000,33.026510,-96.863610
1495813,"Emery Park",3572,233,"12S","12S2H5S4Q",3,2013-09-24 21:15:45.5200000,0,0,5671402,2026-09-28 23:53:14.2000000,32.141190,-110.955920
2339298,"Logvinov",3441,230,"37U","37U2H5S3Q",1,2026-09-28 23:53:14.4700000,1200,0,0,2026-09-28 23:53:14.4700000,48.381110,38.349170
630757,"Loen",1901,144,"59N","59N1H1S1Q",1,2026-09-28 23:53:13.7270000,1356,0,0,2026-09-28 23:53:16.2830000,7.760070,168.230720
2340048,"Verkhne-Lozovyy",3441,230,"37U","37U2H5S3Q",1,2026-09-28 23:53:19.9600000,1200,0,0,2026-09-28 23:53:19.9600000,48.391940,38.422220
630789,"Loen",1901,144,"59N","59N1H1S1Q",1,2026-09-28 23:53:23.1900000,256,0,0,2026-09-28 23:53:23.1900000,7.762960,168.227310
2338460,"Novogrigor'yevka",3441,230,"37U","37U2H5S3Q",1,2026-09-28 23:53:25.2870000,1200,0,0,2026-09-28 23:53:25.2900000,48.366390,38.416390
2135882,"Speculator",3562,233,"18T","18T2H2S2Q",2,2026-09-24 23:39:35.5900000,0,114617,0,2026-09-28 23:53:27.7330000,43.497290,-74.361810
2339292,"Novo-Vergelevka",3432,230,"37U","37U2H5S3Q",1,2026-09-28 23:53:34.6770000,1200,0,0,2026-09-28 23:53:34.6770000,48.380830,38.475280
565364,"Enewa",1899,144,"59N","59N1H3S3Q",1,2026-09-28 23:53:35.3200000,236,0,0,2026-09-28 23:53:35.3200000,6.028750,172.029250
564797,"Lukunwod",1899,144,"59N","59N1H3S3Q",1,2026-09-28 23:53:39.6370000,287,0,0,2026-09-28 23:53:39.6370000,6.011930,172.064270
2339976,"Komissarovka",3432,230,"37U","37U2H5S3Q",1,2026-09-28 23:53:41.0270000,1200,0,0,2026-09-28 23:53:41.0270000,48.387500,38.516390
564870,"Likej",1899,144,"59N","59N1H3S3Q",1,2026-09-28 23:53:44.5330000,287,0,0,2026-09-28 23:53:44.5330000,6.016070,172.054910
2340157,"Manuylovka",3432,230,"37U","37U2H5S3Q",1,2026-09-28 23:53:45.5770000,1200,0,0,2026-09-28 23:53:45.5770000,48.397780,38.533610
2339885,"Baronskoye",3432,230,"37U","37U2H5S3Q",1,2026-09-28 23:53:51.5070000,1200,0,0,2026-09-28 23:53:51.5070000,48.383330,38.550000
1886106,"Green Valley Acres",3567,233,"10S","10S1H3S3Q",2,2012-08-12 02:18:14.0800000,0,1459755,1095852,2026-09-28 23:53:51.9070000,38.712400,-121.071890
2338188,"Imeni Demchenko",3432,230,"37U","37U2H5S3Q",1,2026-09-28 23:53:56.7300000,1200,0,0,2026-09-28 23:53:56.7300000,48.350560,38.572780
2336683,"Chernukhino",3432,230,"37U","37U2H5S3Q",1,2026-09-28 23:54:02.0730000,1200,0,0,2026-09-28 23:54:02.0730000,48.326390,38.519440
528120,"Japejiroi",1890,144,"59N","59N1H4S3Q",1,2026-09-28 23:54:02.3000000,243,0,0,2026-09-28 23:54:02.3000000,4.604140,168.762570
2315504,"Possession",3578,233,"10T","10T1H2S2Q",2,2021-11-27 23:03:21.0630000,0,1306093,0,2026-09-28 23:54:05.2500000,47.917600,-122.376250
527681,"Chittakain",1890,144,"59N","59N1H4S3Q",1,2026-09-28 23:54:07.4630000,243,0,0,2026-09-28 23:54:07.4630000,4.582670,168.731890
527634,"Chittoin",1890,144,"59N","59N1H4S3Q",1,2026-09-28 23:54:12.7300000,243,0,0,2026-09-28 23:54:12.7300000,4.577620,168.701850
527674,"Ebon",1890,144,"59N","59N1H4S3Q",1,2026-09-28 23:54:16.5630000,243,0,0,2026-09-28 23:54:16.5630000,4.581990,168.696360
528143,"Meidj",1890,144,"59N","59N1H4S3Q",1,2026-09-28 23:54:24.2100000,243,0,0,2026-09-28 23:54:24.2100000,4.605900,168.680210
528209,"Enilok",1890,144,"59N","59N1H4S3Q",1,2026-09-28 23:54:28.9370000,243,0,0,2026-09-28 23:54:28.9370000,4.610690,168.668550
528765,"Toka",1890,144,"59N","59N1H4S3Q",1,2026-09-28 23:54:32.6130000,243,0,0,2026-09-28 23:54:32.6130000,4.636230,168.652370
529402,"Enekoion",1890,144,"59N","59N1H4S3Q",1,2026-09-28 23:54:36.0730000,243,0,0,2026-09-28 23:54:36.0730000,4.668350,168.668180
611353,"Airuk",1884,144,"59N","59N1H1S1Q",1,2026-09-28 23:54:55.9100000,220,12,0,2026-09-28 23:54:55.9100000,7.277170,168.820300
2060062,"Parione",1377,110,"33T","33T2H4S1Q",3,2016-03-09 22:44:14.9800000,0,0,2916106,2026-09-28 23:55:02.1270000,41.899050,12.474120
611400,"Airuk",1884,144,"59N","59N1H1S1Q",1,2026-09-28 23:55:05.1870000,427,0,0,2026-09-28 23:55:05.1870000,7.278610,168.821670
2276543,"Beachcrest",3578,233,"10T","10T1H2S2Q",1,2026-09-27 19:47:03.6430000,601073,0,0,2026-09-28 23:55:34.0500000,47.108150,-122.748740
604591,"Ejit - relocation of Bikini inhabitants",1897,144,"59N","59N1H2S2Q",1,2026-09-28 23:55:36.5370000,256,0,0,2026-09-28 23:55:36.5370000,7.123610,171.349880
603986,"Majuro  temp LL",1897,144,"59N","59N1H2S2Q",1,2026-09-28 23:55:42.8800000,268,0,0,2026-09-28 23:55:42.8800000,7.110050,171.365560
2076264,"Ann Arbor",3557,233,"17T","17T2H1S3Q",1,2016-07-16 20:11:44.6630000,45297482,0,0,2026-09-28 23:55:43.4200000,42.277560,-83.740880
2302510,"Konstanz",716,57,"32T","32T1H2S2Q",3,2026-06-02 12:02:23.4870000,0,0,179593,2026-09-28 23:55:45.1400000,47.660330,9.175820
603150,"Majuro",1897,144,"59N","59N1H2S2Q",1,2026-09-28 23:55:46.2230000,616,0,0,2026-09-28 23:55:46.2230000,7.089710,171.380270
602334,"Rairik",1897,144,"59N","59N1H2S2Q",1,2026-09-28 23:55:57.1470000,915,99,0,2026-09-28 23:55:57.1470000,7.071850,171.311320
9420,"Wagga Wagga",143,13,"55H","55H1H5S4Q",2,2013-04-05 11:03:40.4800000,0,736936040,0,2026-09-28 23:56:12.5570000,-35.116670,147.366670
80823,"Piron",2587,187,"21K","21K1H4S4Q",1,2026-09-28 23:56:42.6530000,1057,0,0,2026-09-28 23:56:42.6530000,-19.866670,-58.433330
80824,"Toro",2587,187,"21K","21K1H4S4Q",1,2026-09-28 23:56:45.8070000,1057,0,0,2026-09-28 23:56:45.8070000,-19.866670,-58.383330
79863,"Audivert",2587,187,"21K","21K2H1S2Q",1,2026-09-28 23:56:49.3200000,1056,0,0,2026-09-28 23:56:49.3200000,-20.000000,-58.350000
80943,"Aguaray",2587,187,"21K","21K1H4S4Q",1,2026-09-28 23:56:57.5870000,1059,0,0,2026-09-28 23:56:57.5870000,-19.850000,-58.516670
80822,"Reten-cue",2587,187,"21K","21K1H4S4Q",1,2026-09-28 23:57:02.5930000,1059,0,0,2026-09-28 23:57:02.5930000,-19.866670,-58.500000
81176,"Tajhyire",2587,187,"21K","21K1H4S4Q",1,2026-09-28 23:57:05.7370000,1060,0,0,2026-09-28 23:57:05.7370000,-19.816670,-58.550000
81407,"Ypytu",2587,187,"21K","21K1H4S4Q",1,2026-09-28 23:57:08.7000000,1060,0,0,2026-09-28 23:57:08.7000000,-19.783330,-58.550000
81641,"Mbarigui",2587,187,"21K","21K1H4S4Q",1,2026-09-28 23:57:13.3470000,1060,0,0,2026-09-28 23:57:13.3470000,-19.750000,-58.600000
81770,"Guyra Toro",2587,187,"21K","21K1H4S4Q",1,2026-09-28 23:57:18.1700000,1060,0,0,2026-09-28 23:57:18.1700000,-19.733330,-58.616670
82067,"Caacupe",2587,187,"21K","21K1H4S4Q",1,2026-09-28 23:57:25.1730000,1061,0,0,2026-09-28 23:57:25.1730000,-19.700000,-58.650000
82066,"Garrapata",2587,187,"21K","21K1H4S4Q",1,2026-09-28 23:57:33.9400000,1063,0,0,2026-09-28 23:57:33.9400000,-19.700000,-58.716670
76649,"Destacamento General P. Colman",2587,187,"20K","20K2H3S2Q",1,2026-09-28 23:57:54.2530000,584,0,0,2026-09-28 23:57:54.2530000,-20.383330,-60.516670
1964576,"Jenkintown",3584,233,"18T","18T2H5S3Q",3,2022-12-11 15:44:07.9700000,56752,0,140592,2026-09-28 23:58:07.9630000,40.095940,-75.125170
69580,"Estancia La Patricia",2589,187,"20K","20K2H3S3Q",1,2026-09-28 23:58:08.9230000,1012,0,0,2026-09-28 23:58:08.9230000,-21.278060,-61.033890
69129,"Estancia Ararapo",2589,187,"20K","20K2H3S3Q",1,2026-09-28 23:58:12.2470000,220,48,0,2026-09-28 23:58:12.2470000,-21.316670,-61.133330
69880,"Estancia San Isidro",2589,187,"20K","20K2H3S3Q",1,2026-09-28 23:58:17.4630000,1014,0,0,2026-09-28 23:58:17.4630000,-21.247780,-61.008610
69950,"Estancia San Isidro",2589,187,"20K","20K2H3S4Q",1,2026-09-28 23:58:24.2200000,220,49,0,2026-09-28 23:58:24.2200000,-21.233330,-60.966670
59290,"Anivorano",1880,143,"38K","38K2H6S2Q",2,2026-09-28 23:58:27.9700000,0,741,0,2026-09-28 23:58:27.9700000,-22.650000,47.066670
59070,"Ampasibe Atsinanana",1880,143,"38K","38K2H6S2Q",2,2026-09-28 23:58:32.4500000,0,741,0,2026-09-28 23:58:32.4500000,-22.683330,47.083330
2031860,"Garden Valley Courts",3559,233,"15T","15T2H4S1Q",2,2025-06-20 23:51:47.6970000,0,1366472,0,2026-09-28 23:58:32.4670000,41.308330,-95.938350
58949,"Analamaha",1880,143,"38K","38K2H6S2Q",2,2026-09-28 23:58:35.0930000,0,741,0,2026-09-28 23:58:35.0930000,-22.700000,47.083330
59179,"Nihaonana",1880,143,"38K","38K2H6S2Q",2,2026-09-28 23:58:38.2470000,0,741,0,2026-09-28 23:58:38.2470000,-22.666670,47.133330
65585,"Estancia La Mariposa",2589,187,"20K","20K2H3S3Q",1,2026-09-28 23:58:41.9400000,1010,0,0,2026-09-28 23:58:41.9400000,-21.721940,-61.346940
59426,"Berondra",1880,143,"38K","38K2H6S2Q",2,2026-09-28 23:58:42.1100000,0,741,0,2026-09-28 23:58:42.1100000,-22.633330,47.100000
59536,"Mahabo",1880,143,"38K","38K2H6S2Q",2,2026-09-28 23:58:45.1700000,0,741,0,2026-09-28 23:58:45.1700000,-22.616670,47.116670
65036,"Estancia La Esmeralda",2589,187,"20K","20K2H3S3Q",1,2026-09-28 23:58:50.8900000,1010,0,0,2026-09-28 23:58:50.8900000,-21.799720,-61.395560
59427,"Bekizaha",1880,143,"38K","38K2H6S2Q",2,2026-09-28 23:58:53.5670000,0,741,0,2026-09-28 23:58:53.5670000,-22.633330,47.133330
64289,"Estancia Hernandarias",2589,187,"20K","20K2H3S3Q",1,2026-09-28 23:58:57.5170000,1008,0,0,2026-09-28 23:58:57.5170000,-21.898610,-61.421110
67335,"Estancia Dojavina",2589,187,"20K","20K2H3S3Q",1,2026-09-28 23:59:04.5930000,1011,0,0,2026-09-28 23:59:04.5930000,-21.516670,-61.183330
68597,"Estancia Mari Christie",2589,187,"20K","20K2H3S3Q",1,2026-09-28 23:59:11.4000000,367,0,0,2026-09-28 23:59:11.4000000,-21.381670,-61.257220
1531354,"Ables Springs",3549,233,"14S","14S2H6S4Q",1,2026-09-28 17:20:15.6230000,95212,0,0,2026-09-28 23:59:14.1700000,32.814850,-96.121080
69794,"Estancia Brusqueti",2589,187,"20K","20K2H3S3Q",1,2026-09-28 23:59:16.3900000,220,45,0,2026-09-28 23:59:16.3900000,-21.250000,-61.300000
86020,"Tsaratampona",1878,143,"39K","39K1H4S3Q",2,2026-09-28 23:59:18.9400000,0,741,0,2026-09-28 23:59:18.9400000,-19.166670,48.383330
86487,"Sahatoloza",1878,143,"39K","39K1H4S3Q",2,2026-09-28 23:59:21.7430000,0,741,0,2026-09-28 23:59:21.7430000,-19.100000,48.383330
86616,"Andranotelo",1878,143,"39K","39K1H4S3Q",2,2026-09-28 23:59:24.2000000,0,741,0,2026-09-28 23:59:24.2000000,-19.083330,48.366670
87015,"Ambodiriana",1878,143,"39K","39K1H4S3Q",2,2026-09-28 23:59:26.6970000,0,741,0,2026-09-28 23:59:26.6970000,-19.033330,48.350000
75980,"Puesto Curupayty",2589,187,"20K","20K2H3S1Q",1,2026-09-28 23:59:28.8800000,650,0,0,2026-09-28 23:59:28.8800000,-20.466670,-61.966670
87250,"Ambalafary",1878,143,"39K","39K1H4S3Q",2,2026-09-28 23:59:31.1500000,0,741,0,2026-09-28 23:59:31.1500000,-19.000000,48.333330
87364,"Bevalanirana",1878,143,"39K","39K1H4S1Q",2,2026-09-28 23:59:33.9930000,0,741,0,2026-09-28 23:59:33.9930000,-18.983330,48.333330
87365,"Tsaravinany",1878,143,"39K","39K1H4S1Q",2,2026-09-28 23:59:36.8230000,0,741,0,2026-09-28 23:59:36.8230000,-18.983330,48.350000
1660457,"Monte Vista",3547,233,"17S","17S2H1S4Q",1,2026-09-26 13:52:15.9130000,11075,0,0,2026-09-28 23:59:37.8700000,34.847340,-82.623740
87366,"Ankisatra",1878,143,"39K","39K1H4S1Q",2,2026-09-28 23:59:38.3030000,0,741,0,2026-09-28 23:59:38.3030000,-18.983330,48.366670
76118,"Puesto Guarani",2589,187,"20K","20K2H2S2Q",1,2026-09-28 23:59:38.5400000,1035,0,0,2026-09-28 23:59:38.5400000,-20.450000,-62.150000
79284,"Pozo Colorado",348,29,"20K","20K2H3S1Q",1,2026-09-28 23:59:44.8800000,220,182,0,2026-09-28 23:59:44.8800000,-20.083330,-61.983330
79163,"Piquirenda",2587,187,"20K","20K2H3S1Q",1,2026-09-28 23:59:50.6000000,648,0,0,2026-09-28 23:59:50.6000000,-20.100000,-61.766670
2,"Serre Che",98,9,"01B","01B1H1S1Q",1,2026-09-28 23:59:59.9870000,3300,2485,0,2026-09-28 23:59:59.9870000,-83.886400,34.980500
2555182,"Bad Freienwalde",713,57,"33U","33U1H5S3Q",2,2014-09-07 14:04:43.2000000,0,460533417,0,2026-09-29 00:00:19.5600000,52.787300,14.030400
1886178,"Oak Creek Hills",3567,233,"10S","10S1H3S3Q",3,2026-09-20 22:36:01.9600000,0,0,1977221,2026-09-29 00:00:29.4030000,38.714070,-121.076890
1563219,"Greenwood",3539,233,"16S","16S2H6S2Q",3,2013-07-20 22:40:42.1070000,0,0,25741318,2026-09-29 00:00:37.0530000,33.392890,-84.168810
1555841,"Flovilla",3539,233,"17S","17S2H4S1Q",3,2013-07-11 23:47:22.8370000,0,0,5710987,2026-09-29 00:00:48.7430000,33.253730,-83.898520
1945735,"Indianapolis",3555,233,"16S","16S1H2S2Q",2,2013-10-19 22:28:45.1070000,0,38277601,20173,2026-09-29 00:00:51.0170000,39.768380,-86.158040
2293850,"Tanner",3578,233,"10T","10T1H3S1Q",1,2024-12-12 08:19:07.0330000,3393912,0,0,2026-09-29 00:00:56.1230000,47.475380,-121.746220
2309845,"Maltby",3578,233,"10T","10T1H2S2Q",2,2017-01-28 23:37:14.3300000,0,1931958,0,2026-09-29 00:01:02.7130000,47.804280,-122.095720
2309862,"Maltby",3578,233,"10T","10T1H2S2Q",2,2017-02-25 22:00:16.2070000,0,2271048,0,2026-09-29 00:01:21.9770000,47.805100,-122.113180
