ZoneId,Description,RegionId,CountryId,UtmGrid,GridRef,ZoneControlState,DateCapturedUtc,LegionCount,SwarmCount,FacelessCount,LastUpdateDateUtc,Latitude,Longitude
2009009,"Forest Park",3571,233,"12T","12T2H5S3Q",1,2026-10-05 00:01:02.7800000,1017,0,0,2026-10-05 00:01:02.7800000,40.897720,-111.861600
2008879,"Ellis Park",3571,233,"12T","12T2H5S3Q",1,2026-10-05 00:01:10.4400000,1017,0,0,2026-10-05 00:01:10.4400000,40.895220,-111.858270
2009406,"Twin Hollows",3571,233,"12T","12T2H5S3Q",1,2026-10-05 00:01:16.0670000,1011,0,0,2026-10-05 00:01:16.0700000,40.901330,-111.861880
2303290,"Ballard",3578,233,"10T","10T1H2S2Q",1,2020-12-31 22:18:23.9570000,3983958,3619,0,2026-10-05 00:04:15.7770000,47.675930,-122.387350
1568969,"Bronze Boot",3572,233,"12S","12S2H4S2Q",2,2024-06-08 07:59:40.2200000,0,1363798,0,2026-10-05 00:09:52.2300000,33.485880,-112.044870
2193574,"Malinici",235,17,"33T","33T1H6S4Q",2,2026-10-05 00:10:42.6200000,0,777,0,2026-10-05 00:10:42.6200000,44.916670,17.785000
2193405,"Donji Palackovci",235,17,"33T","33T1H6S4Q",2,2026-10-05 00:10:48.0000000,0,777,0,2026-10-05 00:10:48.0000000,44.915830,17.750280
2192603,"Jovici",235,17,"33T","33T1H6S4Q",2,2026-10-05 00:10:52.8470000,0,777,0,2026-10-05 00:10:52.8470000,44.899440,17.735560
1626164,"Spring Valley",3572,233,"12S","12S2H1S4Q",3,2026-09-22 16:36:30.3900000,0,0,8280,2026-10-05 00:11:42.5700000,34.353170,-112.151230
1669735,"Drake",3572,233,"12S","12S2H1S4Q",3,2023-09-08 00:27:32.7100000,0,0,27739,2026-10-05 00:12:09.8530000,34.981410,-112.376280
1668293,"Eddy Place",3572,233,"12S","12S2H1S4Q",3,2019-03-25 08:55:07.0100000,0,0,19694,2026-10-05 00:12:21.3870000,34.960570,-112.602680
1874964,"Mascoutah",3554,233,"16S","16S1H1S3Q",3,2023-10-07 00:23:40.6670000,0,0,1100335,2026-10-05 00:14:18.3130000,38.490330,-89.793150
1783841,"Chittenden",3567,233,"10S","10S1H6S3Q",1,2024-08-21 00:30:56.0100000,505201,0,0,2026-10-05 00:27:21.5530000,36.901340,-121.605220
2292395,"Edgewick",3578,233,"10T","10T1H3S1Q",1,2019-10-03 17:45:27.7600000,3293760,0,0,2026-10-05 00:29:44.8900000,47.448440,-121.726220
2164067,"Cadillac",3557,233,"16T","16T1H6S3Q",3,2026-09-30 23:35:39.0530000,0,0,110603,2026-10-05 00:30:02.5300000,44.251950,-85.401160
1983591,"Milltown",3561,233,"18T","18T2H5S3Q",3,2026-10-05 00:33:00.0600000,0,0,986,2026-10-05 00:33:00.0600000,40.453440,-75.024610
1984356,"Kingwood",3561,233,"18T","18T2H5S3Q",3,2026-10-05 00:33:05.2930000,0,0,1083,2026-10-05 00:33:05.2930000,40.469830,-75.019060
1986064,"Point Breeze",3561,233,"18T","18T2H5S4Q",3,2026-10-05 00:33:10.9200000,472,0,517,2026-10-05 00:33:10.9200000,40.506210,-74.964330
2298635,"Crosby",3578,233,"10T","10T1H2S2Q",1,2013-08-25 02:13:04.9470000,512578,1034,0,2026-10-05 00:34:10.0000000,47.582040,-122.865990
1547339,"Hilltop",3539,233,"16S","16S2H6S2Q",3,2015-04-20 00:06:31.2700000,0,0,300543,2026-10-05 00:37:39.1570000,33.104010,-84.436030
1547452,"Hilltop",3539,233,"16S","16S2H6S2Q",3,2015-04-20 00:10:21.2230000,0,0,376653,2026-10-05 00:37:46.6300000,33.106340,-84.438300
1575541,"Swan Lake",3539,233,"16S","16S2H6S2Q",3,2013-08-04 14:08:00.8500000,0,0,1002612,2026-10-05 00:38:12.6400000,33.585390,-84.199360
1563218,"West Hampton",3539,233,"16S","16S2H6S2Q",3,2013-07-10 13:01:30.2830000,0,0,1140181,2026-10-05 00:38:38.9230000,33.392890,-84.290200
1764785,"Panoche",3567,233,"10S","10S1H6S4Q",1,2025-08-14 19:19:44.3930000,15962,0,7540,2026-10-05 00:44:23.4800000,36.596900,-120.833510
1562642,"Woodlawn",3539,233,"16S","16S2H6S2Q",3,2013-07-10 13:00:45.9800000,0,0,1002794,2026-10-05 00:48:36.3000000,33.382890,-84.296310
2305016,"Seal Rock",3578,233,"10T","10T1H2S2Q",1,2019-09-15 03:57:52.0330000,1647155,8272,0,2026-10-05 00:51:07.8430000,47.713700,-122.885720
1888268,"Glasgow Village",3543,233,"15S","15S1H3S4Q",2,2026-09-21 18:52:11.3070000,1551,1356637,599151,2026-10-05 00:54:01.0370000,38.753660,-90.198440
2787661,"Kudrovo",2675,192,"36V","36V2H1S1Q",3,2015-12-22 18:54:21.5330000,0,1800,4982929,2026-10-05 01:03:15.5030000,59.907220,30.505830
1657852,"Parkins Lake",3547,233,"17S","17S2H1S4Q",1,2026-10-05 01:35:29.3900000,4371,0,0,2026-10-05 01:35:31.2030000,34.809840,-82.348180
1830784,"Dyer",3570,233,"11S","11S1H4S2Q",3,2026-10-05 01:39:46.1100000,0,0,1995,2026-10-05 01:39:46.1100000,37.667500,-118.066390
1914075,"Cortena",3567,233,"10S","10S1H2S2Q",3,2026-10-05 01:42:23.7430000,0,798,1052,2026-10-05 01:42:23.7430000,39.219060,-122.186090
1917205,"Maxwell",3567,233,"10S","10S1H2S2Q",3,2026-10-05 01:42:29.7930000,0,0,1050,2026-10-05 01:42:29.7930000,39.276280,-122.191370
1917270,"Mills Orchards",3567,233,"10S","10S1H2S2Q",3,2026-10-05 01:42:34.7270000,0,802,1050,2026-10-05 01:42:34.7270000,39.277390,-122.274980
1919077,"Sites",3567,233,"10S","10S1H2S2Q",3,2026-10-05 01:42:39.7400000,0,804,1050,2026-10-05 01:42:39.7400000,39.308780,-122.338590
1921455,"Delevan",3567,233,"10S","10S1H2S2Q",3,2026-10-05 01:42:45.2930000,0,0,1048,2026-10-05 01:42:45.2930000,39.354050,-122.191090
1924464,"Norman",3567,233,"10S","10S1H2S2Q",3,2026-10-05 01:42:53.7600000,0,0,1047,2026-10-05 01:42:53.7600000,39.407940,-122.191920
1926272,"Logandale",3567,233,"10S","10S1H2S2Q",3,2026-10-05 01:43:01.9270000,0,0,1047,2026-10-05 01:43:01.9270000,39.437110,-122.191920
1920944,"Devils Elbow",3567,233,"10S","10S1H2S2Q",3,2026-10-05 01:43:16.7030000,0,0,1051,2026-10-05 01:43:16.7030000,39.345720,-122.428870
1922555,"Stonyford",3567,233,"10S","10S1H2S2Q",3,2026-10-05 01:43:38.4500000,0,0,1051,2026-10-05 01:43:38.4500000,39.375160,-122.544160
1982163,"Smiths Corner",3584,233,"18T","18T2H5S3Q",1,2026-08-26 00:04:30.0900000,35501,0,6188,2026-10-05 01:43:46.0370000,40.424270,-75.105170
1912320,"Leesville",3567,233,"10S","10S1H2S2Q",3,2026-10-05 01:45:49.3500000,0,0,1062,2026-10-05 01:45:49.3500000,39.189330,-122.423590
7730,"Nariel Upper",140,13,"55H","55H2H2S2Q",3,2026-10-05 01:44:17.1830000,0,0,5554,2026-10-05 01:57:34.1000000,-36.316670,147.816670
7705,"Upper Thougla",140,13,"55H","55H2H2S2Q",3,2026-10-05 01:57:42.2830000,0,0,1266,2026-10-05 01:57:42.2830000,-36.333330,147.916670
1536157,"Bouchard",3549,233,"14S","14S2H6S4Q",1,2026-08-03 01:56:29.8130000,1214038,0,8584,2026-10-05 01:58:12.4630000,32.907070,-96.759440
1970365,"Ironton",3571,233,"12T","12T2H5S3Q",1,2026-09-13 21:05:49.3670000,60575,0,0,2026-10-05 02:21:12.5870000,40.198570,-111.618250
1986013,"Horsetooth Heights",3568,233,"13T","13T2H5S3Q",2,2024-06-28 12:14:08.9700000,0,292271,0,2026-10-05 02:25:46.1970000,40.504430,-105.154150
2005025,"Polo Grounds Houses",3562,233,"18T","18T2H6S3Q",3,2013-11-07 15:40:42.6500000,12677,0,275330,2026-10-05 02:25:53.0900000,40.830830,-73.938060
2252217,"Kimball",3566,233,"15T","15T1H3S4Q",3,2014-12-22 02:19:11.7570000,0,0,6601988,2026-10-05 02:38:12.6370000,46.481890,-90.306010
2037759,"Davidsons Corner",3552,233,"18T","18T2H6S2Q",2,2026-10-05 02:41:57.9330000,4325,10891,1596,2026-10-05 02:43:02.3970000,41.428710,-72.976220
2037502,"Bethany",3552,233,"18T","18T2H6S2Q",1,2013-07-09 04:15:59.8400000,127017,7703,0,2026-10-05 02:44:12.9300000,41.421760,-72.997050
2463534,"Grimbergen",256,20,"31U","31U2H3S3Q",1,2026-10-05 02:25:07.6070000,17235,0,0,2026-10-05 02:48:54.4830000,50.934090,4.372130
2457173,"Broek",255,20,"31U","31U2H3S3Q",1,2026-10-05 02:49:35.9970000,970,0,0,2026-10-05 02:49:36.0000000,50.833330,4.283330
1389283,"Wimberley",3549,233,"14R","14R1H5S2Q",3,2025-11-17 05:22:17.4470000,0,0,1593627,2026-10-05 02:57:06.5670000,29.997440,-98.098620
1394218,"Carl",3549,233,"14R","14R1H3S3Q",1,2026-09-21 00:24:59.3370000,206745,0,0,2026-10-05 03:21:38.5900000,30.114100,-97.749730
1390367,"Goforth",3549,233,"14R","14R1H3S3Q",1,2026-10-05 03:22:15.3670000,389,0,0,2026-10-05 03:22:15.3670000,30.021880,-97.793340
2173247,"Grivita",2632,190,"35T","35T1H5S3Q",3,2026-07-07 19:36:35.1600000,0,0,910020,2026-10-05 03:24:34.1970000,44.483330,26.016670
1578717,"Fort McDowell",3572,233,"12S","12S2H5S1Q",2,2022-07-17 02:09:56.0400000,0,1402054,0,2026-10-05 03:24:50.4500000,33.636710,-111.674580
2206152,"Leini",1372,110,"32T","32T1H4S2Q",2,2015-06-10 17:25:05.9330000,9000,773571,1800,2026-10-05 03:31:13.4300000,45.182750,7.714220
1554435,"Siluria",3551,233,"16S","16S2H5S2Q",3,2026-10-02 03:19:34.2730000,0,0,112191,2026-10-05 03:33:07.3230000,33.229280,-86.824990
2185932,"Traverse City",3557,233,"16T","16T1H6S3Q",3,2026-09-27 22:44:59.1800000,0,0,68159,2026-10-05 03:33:58.5200000,44.763060,-85.620630
2080665,"Court Park",3583,233,"19T","19T2H1S4Q",2,2026-05-17 18:07:33.0100000,0,1202295,0,2026-10-05 03:35:53.3030000,42.372880,-70.994770
2079656,"Bay Village",3583,233,"19T","19T2H1S3Q",1,2025-10-03 15:11:06.2070000,18174,1034,0,2026-10-05 03:36:18.2700000,42.350650,-71.069770
2085417,"Swampscott",3583,233,"19T","19T2H1S4Q",2,2026-10-05 03:36:30.1600000,4563,5421,0,2026-10-05 03:36:30.1600000,42.470930,-70.917550
2084972,"Phillips Point",3583,233,"19T","19T2H1S4Q",1,2025-07-02 15:48:22.4700000,1074,517,0,2026-10-05 03:36:48.2730000,42.463990,-70.895330
2087056,"West Town Landing",3583,233,"19T","19T2H1S4Q",1,2022-05-06 13:44:30.4870000,8887,1711,0,2026-10-05 03:37:04.8770000,42.506760,-70.872830
2087207,"South Salem",3583,233,"19T","19T2H1S4Q",1,2025-07-17 12:42:53.7000000,27796,2892,0,2026-10-05 03:37:16.6070000,42.511210,-70.892550
2087668,"Salem",3583,233,"19T","19T2H1S4Q",2,2025-09-06 16:55:44.3800000,0,1449579,0,2026-10-05 03:37:36.9400000,42.519540,-70.896720
2087669,"Derby Wharf",3583,233,"19T","19T2H1S4Q",2,2025-09-08 13:16:20.9470000,0,1377913,0,2026-10-05 03:37:43.2970000,42.519540,-70.885050
1701079,"Lake Aluma",3546,233,"14S","14S2H3S1Q",2,2010-01-01 00:00:00.0000000,877,1999702,300,2026-10-05 04:11:55.5870000,35.537000,-97.441150
1696447,"Smith Village",3546,233,"14S","14S2H3S1Q",2,2024-12-20 09:36:18.8600000,360,1998079,1965,2026-10-05 04:12:08.1870000,35.450890,-97.457260
1717142,"Pine Grove",3548,233,"17S","17S2H1S1Q",1,2026-07-31 18:51:03.1170000,10883,0,0,2026-10-05 04:31:53.7030000,35.815920,-83.577950
2012593,"Hillside Meadow",3571,233,"12T","12T2H5S3Q",1,2020-02-15 04:16:14.5370000,211230,0,0,2026-10-05 04:40:15.6370000,40.956610,-111.885490
1763573,"Ambler Park",3567,233,"10S","10S1H6S3Q",1,2026-09-15 05:42:14.1670000,460426,0,0,2026-10-05 04:51:30.9200000,36.576350,-121.720220
1663390,"Paulden",3572,233,"12S","12S2H1S4Q",3,2026-10-05 04:51:26.3270000,0,0,9771,2026-10-05 04:51:39.3130000,34.888880,-112.493080
2812048,"Kanne",2819,198,"33V","33V1H2S4Q",3,2026-10-05 05:05:09.3700000,0,0,1008,2026-10-05 05:05:09.3700000,62.133330,15.183330
2812049,"Gassjo",2819,198,"33V","33V1H2S4Q",3,2026-10-05 05:05:13.9670000,0,0,1008,2026-10-05 05:05:13.9670000,62.133330,15.400000
2812386,"Grubban",2819,198,"33V","33V1H2S4Q",3,2026-10-05 05:05:23.8870000,0,0,1008,2026-10-05 05:05:23.8870000,62.183330,15.333330
2812385,"Fassjo",2819,198,"33V","33V1H2S4Q",3,2026-10-05 05:05:29.7700000,0,0,1008,2026-10-05 05:05:29.7700000,62.183330,15.166670
1382643,"Plymouth Place",3549,233,"15R","15R1H4S1Q",2,2021-04-21 04:44:05.8030000,0,737789,0,2026-10-05 05:05:31.8170000,29.838800,-95.359400
1382082,"Colonial Gardens",3549,233,"15R","15R1H4S1Q",2,2021-01-11 08:08:01.1700000,0,617826,0,2026-10-05 05:05:38.0500000,29.825400,-95.358700
2812611,"Minne",2819,198,"33V","33V1H2S4Q",3,2026-10-05 05:05:42.0170000,0,0,1008,2026-10-05 05:05:42.0170000,62.216670,15.166670
1380545,"Glen Park",3549,233,"15R","15R1H4S1Q",2,2021-02-11 16:59:39.1930000,0,528748,0,2026-10-05 05:05:42.3800000,29.788200,-95.355100
2812719,"Stensan",2819,198,"33V","33V1H2S4Q",3,2026-10-05 05:05:45.6670000,0,0,1008,2026-10-05 05:05:45.6670000,62.233330,15.166670
1380402,"Woodland Heights",3549,233,"15R","15R1H4S1Q",2,2021-03-16 14:21:32.8400000,0,824162,0,2026-10-05 05:05:47.7800000,29.784600,-95.380600
2812941,"Nybodarna",2807,198,"33V","33V1H2S4Q",3,2026-10-05 05:05:50.6800000,0,0,1008,2026-10-05 05:05:50.6800000,62.266670,15.150000
1380816,"Brook Smith",3549,233,"15R","15R1H4S1Q",2,2021-01-14 15:27:05.5130000,0,1061483,0,2026-10-05 05:05:51.7300000,29.795000,-95.375300
2813199,"Linsjobodarna",2807,198,"33V","33V1H2S4Q",3,2026-10-05 05:05:54.8400000,0,0,1007,2026-10-05 05:05:54.8400000,62.300000,15.216670
2813437,"Torrflonas",2807,198,"33V","33V1H2S4Q",3,2026-10-05 05:07:27.7730000,0,0,1007,2026-10-05 05:07:27.7770000,62.333330,15.116670
1380906,"Shady Acres",3549,233,"15R","15R1H4S1Q",2,2021-03-28 04:36:33.1930000,897,776541,0,2026-10-05 05:07:55.8900000,29.797700,-95.415600
2813657,"Mickel-Pers",2807,198,"33V","33V1H2S4Q",3,2026-10-05 05:10:05.2130000,0,0,1006,2026-10-05 05:10:05.2130000,62.366670,15.083330
1579275,"Peacock Village",3572,233,"12S","12S2H4S2Q",2,2022-09-03 02:47:08.2670000,0,3337171,0,2026-10-05 05:12:07.3070000,33.645870,-112.239600
1888585,"Dufour",3567,233,"10S","10S1H3S3Q",3,2026-02-04 02:21:20.8930000,0,0,50914,2026-10-05 05:26:15.5170000,38.761850,-121.843020
1880020,"Plainfield",3567,233,"10S","10S1H3S3Q",3,2026-01-25 09:16:16.7730000,0,0,7150321,2026-10-05 05:26:25.2500000,38.590740,-121.796910
2226453,"Pollionnay",945,75,"31T","31T1H6S1Q",1,2026-10-05 05:31:13.7400000,8944,0,8503,2026-10-05 05:31:13.7400000,45.766670,4.650000
1884457,"Madison",3567,233,"10S","10S1H3S3Q",3,2025-12-19 02:17:41.4100000,0,0,13976,2026-10-05 05:31:26.4170000,38.679350,-121.968300
2111314,"Weaver",3576,233,"10T","10T2H2S1Q",2,2026-10-05 05:34:57.9200000,0,300,67,2026-10-05 05:34:57.9200000,43.007620,-123.310620
2110352,"Tri-City",3576,233,"10T","10T2H2S3Q",2,2026-10-05 05:35:07.6000000,0,300,82,2026-10-05 05:35:07.6000000,42.984560,-123.311730
2109917,"Tri City",3576,233,"10T","10T2H2S3Q",2,2026-10-05 05:35:18.8670000,0,300,193,2026-10-05 05:35:18.8670000,42.980670,-123.323120
2108693,"Surprise Valley",3576,233,"10T","10T2H2S3Q",2,2026-10-05 05:35:27.8570000,0,300,86,2026-10-05 05:35:27.8570000,42.954010,-123.309510
2062643,"Bensenville",3554,233,"16T","16T2H5S1Q",1,2025-03-31 14:28:47.5170000,861918,78351,0,2026-10-05 05:39:00.6370000,41.955030,-87.940070
1903775,"Higgins Corner",3567,233,"10S","10S1H3S1Q",2,2014-10-31 22:49:27.4630000,0,4023316,0,2026-10-05 05:45:57.4000000,39.042670,-121.094950
841194,"Ban Na Song",3218,218,"47P","47P1H6S1Q",1,2013-06-14 06:06:41.4470000,17245347,0,0,2026-10-05 05:52:48.2100000,13.766670,100.566670
800855,"Ban Nong Faek",3167,218,"47P","47P1H5S4Q",1,2025-02-12 12:33:57.5900000,247229,0,0,2026-10-05 05:54:04.1070000,12.916670,99.866670
2521495,"Oderin",713,57,"33U","33U1H4S4Q",3,2026-09-25 08:12:25.4900000,0,0,10864,2026-10-05 06:14:36.8000000,52.083330,13.716670
2420479,"Jaroszowice",2450,180,"34U","34U2H1S4Q",3,2014-11-12 10:54:47.9770000,2700,15900,345082,2026-10-05 06:14:40.8970000,50.116670,19.066670
1658874,"Del Rio",3572,233,"12S","12S2H1S4Q",1,2016-07-15 05:43:42.2200000,1993129,2265,5693,2026-10-05 06:17:44.0830000,34.823080,-112.443500
1664341,"Abra",3572,233,"12S","12S2H1S4Q",1,2016-10-12 02:53:34.8070000,1946051,300,11512,2026-10-05 06:17:51.4570000,34.901960,-112.446840
1579174,"Sun Valley",3551,233,"16S","16S2H5S2Q",2,2021-03-05 15:14:17.0730000,0,670090,0,2026-10-05 06:24:04.6000000,33.644270,-86.698880
2224618,"Saint-Laurent-de-Vaux",945,75,"31T","31T1H6S1Q",3,2015-12-15 17:22:58.6830000,5275,0,23438,2026-10-05 06:25:06.8200000,45.716670,4.633330
2154126,"Sagries",954,75,"31T","31T2H3S1Q",3,2020-06-10 11:45:07.4630000,0,0,400513,2026-10-05 06:34:09.5200000,43.983330,4.416670
2624680,"Stainton",979,77,"30U","30U1H3S3Q",2,2013-10-14 09:58:58.4900000,0,621075,14400,2026-10-05 06:40:06.6730000,54.365160,-1.838840
2641355,"Ballylumford",978,77,"30U","30U1H1S3Q",1,2024-11-20 23:22:46.3300000,131372,0,0,2026-10-05 06:43:48.5070000,54.844690,-5.783360
2438025,"Hasselbach",710,57,"32U","32U2H2S3Q",2,2019-02-12 04:57:26.8470000,0,708088,0,2026-10-05 06:49:39.5570000,50.483330,8.200000
2522305,"Markisch Buchholz",713,57,"33U","33U1H4S4Q",3,2026-09-24 06:25:48.4400000,0,0,12017,2026-10-05 06:53:06.6700000,52.100000,13.750000
1886106,"Green Valley Acres",3567,233,"10S","10S1H3S3Q",3,2026-09-29 18:21:27.4670000,0,0,1770488,2026-10-05 06:53:12.6900000,38.712400,-121.071890
2440438,"Chemy",950,75,"31U","31U2H2S3Q",2,2015-04-30 17:37:33.1900000,0,76246,1800,2026-10-05 06:58:06.5930000,50.533330,2.983330
2241659,"Mex",506,43,"32T","32T1H1S3Q",2,2026-10-05 07:04:24.7600000,0,12913,0,2026-10-05 07:04:36.0500000,46.185180,6.999880
2143291,"Fenouillet",951,75,"31T","31T2H1S2Q",2,2017-10-19 04:31:51.8500000,0,471831,0,2026-10-05 07:12:14.8800000,43.680410,1.392000
2333426,"Wallburg",716,57,"32U","32U2H4S4Q",3,2022-08-31 21:30:59.3230000,0,0,567745,2026-10-05 07:15:08.3730000,48.266670,7.850000
2336755,"Le Boennec",961,75,"30U","30U2H5S3Q",2,2026-10-05 07:19:22.1670000,0,945,0,2026-10-05 07:19:22.1670000,48.330890,-3.635550
2336815,"Poullaouen",961,75,"30U","30U2H5S3Q",2,2026-10-05 07:19:28.2900000,0,945,300,2026-10-05 07:19:28.2900000,48.333330,-3.650000
2335658,"Kerdutal-le-Roi",961,75,"30U","30U2H5S3Q",2,2026-10-05 07:19:35.8700000,0,945,0,2026-10-05 07:19:35.8700000,48.301020,-3.648070
2334807,"Le Neveit",961,75,"30U","30U2H5S3Q",2,2026-10-05 07:19:42.7930000,0,945,0,2026-10-05 07:19:42.7930000,48.286580,-3.623280
2335046,"Plounevezel",961,75,"30U","30U2H5S3Q",2,2026-10-05 07:19:48.1730000,0,945,0,2026-10-05 07:19:48.1730000,48.300000,-3.600000
2334210,"Kergroaz",961,75,"30U","30U2H5S3Q",3,2026-04-03 13:41:41.1900000,0,300,2984,2026-10-05 07:19:53.0470000,48.283330,-3.583330
2337391,"Kergouach",961,75,"30U","30U2H5S3Q",2,2026-10-05 07:20:09.1300000,0,945,0,2026-10-05 07:20:09.1300000,48.335890,-3.701330
2338228,"Locmaria-Berrien",961,75,"30U","30U2H5S3Q",2,2026-10-05 07:20:15.4170000,0,945,0,2026-10-05 07:20:15.4170000,48.353000,-3.695560
2338240,"Kerliou",961,75,"30U","30U2H5S3Q",2,2026-10-05 07:20:36.3200000,0,945,0,2026-10-05 07:20:36.3200000,48.353910,-3.711420
2225676,"Chapman Landing",3576,233,"10T","10T1H5S2Q",2,2015-07-20 01:48:05.1900000,0,1624309,362,2026-10-05 07:20:53.1600000,45.745950,-122.840660
2338363,"Huelgoat",961,75,"30U","30U2H5S3Q",2,2026-10-05 07:31:34.2030000,0,945,0,2026-10-05 07:31:34.2030000,48.361120,-3.745780
2274156,"Scammon Landing",3578,233,"10T","10T1H3S2Q",3,2024-09-08 02:41:52.0430000,0,0,47320,2026-10-05 07:31:35.4770000,47.039580,-120.023670
2337566,"Moustarguern",961,75,"30U","30U2H5S3Q",2,2026-10-05 07:31:40.2200000,0,945,0,2026-10-05 07:31:40.2200000,48.346110,-3.753000
2335947,"Plouye",961,75,"30U","30U2H5S3Q",2,2026-10-05 07:31:47.3970000,0,945,0,2026-10-05 07:31:47.3970000,48.316670,-3.733330
2336814,"Saint-Herbot",961,75,"30U","30U2H5S3Q",2,2026-10-05 07:31:57.8200000,0,945,0,2026-10-05 07:31:57.8200000,48.333330,-3.800000
2337639,"Plouenez",961,75,"30U","30U2H5S3Q",2,2026-10-05 07:32:03.7430000,0,945,0,2026-10-05 07:32:03.7430000,48.350000,-3.816670
2339361,"Ruguellou",961,75,"30U","30U2H5S3Q",2,2026-10-05 07:32:18.6270000,0,945,0,2026-10-05 07:32:18.6270000,48.383330,-3.833330
2293747,"Villnachern",528,43,"32T","32T1H2S1Q",1,2026-10-05 07:32:45.1630000,788,0,0,2026-10-05 07:32:45.1630000,47.470980,8.159750
2339301,"Kerbrann",961,75,"30U","30U2H5S3Q",2,2026-10-05 07:48:57.4400000,0,945,0,2026-10-05 07:48:57.4400000,48.381330,-3.851560
2340038,"La Feuillee",961,75,"30U","30U2H5S3Q",2,2026-10-05 07:49:02.6500000,0,945,0,2026-10-05 07:49:02.6500000,48.391450,-3.855220
2339311,"Kerbarguin",961,75,"30U","30U2H5S3Q",2,2026-10-05 07:49:08.1630000,0,945,0,2026-10-05 07:49:08.1630000,48.381890,-3.861450
2339967,"Kerberou",961,75,"30U","30U2H5S3Q",2,2026-10-05 07:49:13.8400000,0,939,0,2026-10-05 07:49:13.8400000,48.386660,-3.869660
2340142,"Litiez",961,75,"30U","30U2H5S3Q",2,2026-10-05 07:49:19.2370000,0,945,0,2026-10-05 07:49:19.2370000,48.397000,-3.877220
2339323,"Botmeur",961,75,"30U","30U2H5S3Q",2,2026-10-05 07:49:28.6730000,0,945,0,2026-10-05 07:49:28.6730000,48.382440,-3.918440
2341117,"Restancaroff",961,75,"30U","30U2H5S3Q",2,2026-10-05 07:55:23.5730000,0,939,0,2026-10-05 07:55:23.5730000,48.416670,-3.933330
2341826,"La Garenne",961,75,"30U","30U2H5S3Q",2,2026-10-05 07:55:28.8430000,0,945,0,2026-10-05 07:55:28.8430000,48.426420,-3.953080
1729253,"Ripley",3546,233,"14S","14S1H6S4Q",1,2026-10-05 08:05:12.5370000,977,0,0,2026-10-05 08:05:12.5370000,36.017840,-96.905580
2343414,"Coazeuzen",961,75,"30U","30U2H5S3Q",2,2026-10-05 08:07:41.8870000,0,945,0,2026-10-05 08:07:41.8870000,48.455500,-3.997000
2342801,"Saint-Sauveur",961,75,"30U","30U2H5S3Q",2,2026-10-05 08:08:09.9800000,0,945,0,2026-10-05 08:08:09.9800000,48.450000,-4.000000
12756,"Waverton",143,13,"56H","56H1H1S4Q",3,2017-03-15 10:55:45.6270000,0,0,1610487,2026-10-05 08:08:11.4070000,-33.838630,151.200460
2345155,"Lampaul-Guimiliau",961,75,"30U","30U2H4S4Q",2,2026-10-05 08:08:23.5200000,0,997,0,2026-10-05 08:08:23.5200000,48.491560,-4.041440
2523158,"Halbe",713,57,"33U","33U1H4S4Q",3,2026-09-27 18:41:22.0670000,0,0,13669,2026-10-05 08:09:53.8830000,52.116670,13.700000
2458549,"Brussels",254,20,"31U","31U2H3S3Q",1,2025-01-13 09:02:04.5070000,19380533,0,0,2026-10-05 08:10:37.5730000,50.850450,4.348780
2286844,"Durrenasch",528,43,"32T","32T1H2S1Q",1,2026-10-05 08:16:39.7330000,879,66,0,2026-10-05 08:16:39.7330000,47.333330,8.150000
1773734,"Little Duck",3585,233,"17S","17S1H4S4Q",3,2022-03-17 03:33:24.7530000,0,0,134862,2026-10-05 08:23:34.8970000,36.744270,-82.348480
2285963,"Leutwil",528,43,"32T","32T1H2S1Q",1,2026-10-05 08:24:55.1530000,1113,0,0,2026-10-05 08:24:55.1530000,47.316670,8.166670
2285964,"Niederhallwil",528,43,"32T","32T1H2S1Q",1,2026-10-05 08:25:03.9570000,1153,0,0,2026-10-05 08:25:03.9570000,47.316670,8.183330
2428666,"Berezovka",3439,230,"36U","36U2H3S4Q",1,2025-12-15 09:17:47.2470000,2810278,0,0,2026-10-05 08:27:35.3170000,50.291110,35.893890
2020371,"Coffee Creek",3567,233,"10T","10T2H5S2Q",2,2026-10-05 08:28:03.6270000,0,839,0,2026-10-05 08:28:03.6270000,41.089030,-122.708910
2021205,"Coffee",3567,233,"10T","10T2H5S2Q",2,2026-10-05 08:28:14.9630000,0,839,0,2026-10-05 08:28:14.9630000,41.102920,-122.778080
2523159,"Streganz-Ziegelei",713,57,"33U","33U1H4S4Q",3,2026-09-24 06:25:42.9200000,0,0,10811,2026-10-05 08:28:20.2000000,52.116670,13.783330
2018772,"Carrville",3567,233,"10T","10T2H5S2Q",2,2026-10-05 08:28:24.4530000,0,839,0,2026-10-05 08:28:24.4530000,41.064870,-122.704190
2486110,"Turnhout",256,20,"31U","31U2H3S1Q",1,2025-07-29 07:25:12.9570000,157849,0,0,2026-10-05 08:28:32.4730000,51.322540,4.944710
2042561,"Cheeseville",3567,233,"10T","10T2H5S2Q",2,2026-10-05 08:28:38.6300000,0,838,0,2026-10-05 08:28:38.6300000,41.520970,-122.899760
2040361,"Deacon Lee Place",3567,233,"10T","10T2H5S2Q",2,2026-10-05 08:29:14.3400000,0,892,0,2026-10-05 08:29:14.3400000,41.480690,-122.929200
2039217,"Etna",3567,233,"10T","10T2H5S2Q",2,2026-10-05 08:29:24.3600000,0,838,0,2026-10-05 08:29:24.3600000,41.456810,-122.894760
2031912,"Callahan",3567,233,"10T","10T2H5S2Q",2,2026-10-05 08:29:33.6800000,0,839,0,2026-10-05 08:29:33.6800000,41.309590,-122.801420
2029186,"Foster",3567,233,"10T","10T2H5S2Q",2,2026-10-05 08:29:46.1100000,0,1545,0,2026-10-05 08:29:46.1100000,41.253750,-122.958920
1663306,"Java",3567,233,"11S","11S2H3S4Q",2,2026-10-05 08:30:00.8070000,0,1109,0,2026-10-05 08:30:00.8070000,34.887500,-114.727190
1664253,"Klinefelter",3567,233,"11S","11S2H3S4Q",2,2026-10-05 08:30:34.5200000,0,1112,0,2026-10-05 08:30:34.5200000,34.900560,-114.766910
1666891,"Ibis",3567,233,"11S","11S2H3S4Q",2,2026-10-05 08:30:54.3600000,0,1119,0,2026-10-05 08:30:54.3600000,34.940000,-114.792470
2167633,"Odaile",2642,190,"35T","35T1H5S3Q",1,2026-10-05 08:30:54.3800000,1137,82,171,2026-10-05 08:30:54.3800000,44.350000,26.083330
1667043,"Arrowhead Junction",3567,233,"11S","11S2H3S4Q",2,2026-10-05 08:31:10.1530000,0,1121,0,2026-10-05 08:31:10.1530000,34.942780,-114.824420
1666688,"Bannock",3567,233,"11S","11S2H3S4Q",2,2026-10-05 08:31:17.7100000,0,1120,0,2026-10-05 08:31:17.7100000,34.936670,-114.863860
1665558,"Homer",3567,233,"11S","11S2H3S4Q",2,2026-10-05 08:31:29.7600000,0,1120,0,2026-10-05 08:31:29.7600000,34.920000,-114.936920
1665505,"Goffs",3567,233,"11S","11S2H3S3Q",2,2026-10-05 08:31:45.6200000,0,1124,0,2026-10-05 08:31:45.6230000,34.919160,-115.062750
1658244,"Fenner",3567,233,"11S","11S2H3S3Q",2,2026-10-05 08:31:58.1170000,0,1131,0,2026-10-05 08:31:58.1170000,34.815830,-115.179150
1652381,"Essex",3567,233,"11S","11S2H3S3Q",2,2026-10-05 08:32:07.3200000,175,1099,0,2026-10-05 08:32:07.3200000,34.733610,-115.244980
1626891,"Chubbuck",3567,233,"11S","11S2H3S3Q",2,2026-10-05 08:32:17.3830000,0,1075,0,2026-10-05 08:32:17.3830000,34.365000,-115.286090
165979,"Canto Grande",2379,175,"18L","18L1H4S3Q",1,2019-08-17 15:11:03.2870000,20045,0,0,2026-10-05 08:32:36.5870000,-11.970000,-77.010560
1630773,"Archer",3567,233,"11S","11S2H3S3Q",2,2026-10-05 08:32:43.3500000,0,1600,0,2026-10-05 08:32:43.3500000,34.420560,-115.365540
1645489,"Danby",3567,233,"11S","11S2H3S3Q",2,2026-10-05 08:33:02.9270000,0,1075,0,2026-10-05 08:33:02.9270000,34.635550,-115.348040
1637697,"Cadiz",3567,233,"11S","11S2H3S3Q",2,2026-10-05 08:33:14.2770000,0,1078,0,2026-10-05 08:33:14.2770000,34.520000,-115.512770
1640547,"Chambless",3567,233,"11S","11S2H3S3Q",2,2026-10-05 08:33:32.9870000,0,1080,0,2026-10-05 08:33:32.9870000,34.561390,-115.544710
1638923,"Saltus",3567,233,"11S","11S2H3S3Q",2,2026-10-05 08:33:42.6430000,0,1079,0,2026-10-05 08:33:42.6430000,34.537770,-115.689990
1641899,"Bagdad",3567,233,"11S","11S2H3S3Q",2,2026-10-05 08:34:05.4630000,4,1056,0,2026-10-05 08:34:05.4630000,34.582770,-115.875560
2167632,"Alunisu",2642,190,"35T","35T1H5S3Q",3,2024-01-07 17:32:37.3100000,703,0,1640,2026-10-05 08:34:06.8500000,44.350000,26.050000
1647696,"Klondike",3567,233,"11S","11S2H2S4Q",2,2026-10-05 08:34:17.4700000,0,1078,0,2026-10-05 08:34:17.4700000,34.668320,-116.003060
1650403,"Ash Hill",3567,233,"11S","11S2H2S4Q",2,2026-10-05 08:34:39.0300000,0,1014,0,2026-10-05 08:34:39.0300000,34.706930,-116.055010
1645034,"Stedman",3567,233,"11S","11S2H2S4Q",2,2026-10-05 08:34:47.8100000,4,1076,0,2026-10-05 08:34:47.8100000,34.629990,-116.168070
1647362,"Ragtown",3567,233,"11S","11S2H2S4Q",2,2026-10-05 08:35:01.3130000,0,1077,0,2026-10-05 08:35:01.3130000,34.664990,-116.151950
1651405,"Ludlow",3567,233,"11S","11S2H2S4Q",2,2026-10-05 08:35:13.2230000,0,1078,0,2026-10-05 08:35:13.2230000,34.721100,-116.160010
1662327,"Broadwell",3567,233,"11S","11S2H2S4Q",2,2026-10-05 08:35:23.7330000,19,1081,0,2026-10-05 08:35:23.7330000,34.873880,-116.193350
2533212,"Niederlehme",713,57,"33U","33U1H4S4Q",2,2026-09-30 19:48:03.8870000,0,542945,0,2026-10-05 08:35:26.9600000,52.316670,13.650000
1651711,"Argos",3567,233,"11S","11S2H2S4Q",2,2026-10-05 08:35:32.6230000,157,1080,0,2026-10-05 08:35:32.6230000,34.725820,-116.250850
1654194,"Pisgah",3567,233,"11S","11S2H2S4Q",2,2026-10-05 08:35:43.2130000,0,1076,0,2026-10-05 08:35:43.2130000,34.759710,-116.355300
1657458,"Hector",3567,233,"11S","11S2H2S4Q",2,2026-10-05 08:35:58.9270000,0,1128,0,2026-10-05 08:35:58.9270000,34.803880,-116.452520
1766850,"Badger",3567,233,"11S","11S1H4S3Q",2,2026-10-05 08:36:13.0730000,0,999,0,2026-10-05 08:36:13.0730000,36.631340,-119.013160
1767427,"Sierra Glen",3567,233,"11S","11S1H4S3Q",2,2026-10-05 08:36:28.8730000,132,999,0,2026-10-05 08:36:28.8730000,36.639390,-119.000110
1768272,"Hartland",3567,233,"11S","11S1H4S4Q",2,2026-10-05 08:36:37.3370000,0,999,0,2026-10-05 08:36:37.3370000,36.654390,-118.957610
1765394,"Lone Pine",3567,233,"11S","11S1H4S4Q",2,2026-10-05 08:36:54.9730000,0,1014,0,2026-10-05 08:36:54.9730000,36.606040,-118.062870
1763604,"Lone Pine",3567,233,"11S","11S1H4S4Q",2,2026-10-05 08:37:09.0830000,0,1013,0,2026-10-05 08:37:09.0830000,36.576960,-118.078130
1763106,"Alabama Hills",3567,233,"11S","11S1H4S4Q",2,2026-10-05 08:37:31.1870000,0,1012,0,2026-10-05 08:37:31.1870000,36.567710,-118.089810
1771295,"Beveridge",3567,233,"11S","11S1H5S3Q",2,2026-10-05 08:37:41.2230000,0,1043,0,2026-10-05 08:37:41.2230000,36.704380,-117.915080
1773923,"Reward",3567,233,"11S","11S1H4S4Q",2,2026-10-05 08:37:50.9400000,0,1011,0,2026-10-05 08:37:50.9400000,36.747430,-118.055090
1773530,"Manzanar",3567,233,"11S","11S1H4S4Q",2,2026-10-05 08:37:59.5270000,0,1011,0,2026-10-05 08:37:59.5270000,36.739930,-118.080650
2216620,"Liscate",1375,110,"32T","32T1H5S2Q",1,2025-09-30 06:38:52.8500000,41669,0,0,2026-10-05 08:38:14.6770000,45.480470,9.412550
1777946,"Kearsarge",3567,233,"11S","11S1H4S4Q",2,2026-10-05 08:38:14.7200000,0,1008,0,2026-10-05 08:38:14.7200000,36.806880,-118.117310
1777722,"Independence",3567,233,"11S","11S1H4S4Q",2,2026-10-05 08:38:24.5830000,0,1005,0,2026-10-05 08:38:24.5830000,36.802710,-118.200100
1779060,"Independence",3567,233,"11S","11S1H4S4Q",2,2026-10-05 08:38:35.1530000,0,1056,0,2026-10-05 08:38:35.1530000,36.824400,-118.209770
2040120,"Hotlum",3567,233,"10T","10T2H5S2Q",2,2026-10-05 08:38:48.7130000,0,843,0,2026-10-05 08:38:48.7130000,41.474040,-122.314460
1717438,"Spear Creek Summer Home Tract",3567,233,"11S","11S2H1S2Q",2,2026-10-05 08:39:09.6800000,0,1019,0,2026-10-05 08:39:09.6800000,35.819950,-118.594250
1717765,"Sugarloaf Village",3567,233,"11S","11S2H1S2Q",2,2026-10-05 08:39:25.9100000,0,1017,0,2026-10-05 08:39:25.9100000,35.825780,-118.634250
1716896,"Poso Park",3567,233,"11S","11S2H1S2Q",2,2026-10-05 08:39:40.7100000,0,1017,0,2026-10-05 08:39:40.7100000,35.810780,-118.634810
1716590,"Panorama Heights",3567,233,"11S","11S2H1S2Q",2,2026-10-05 08:39:50.9300000,0,1017,0,2026-10-05 08:39:50.9300000,35.804950,-118.629250
1716617,"Pleasant View",3567,233,"11S","11S2H1S2Q",2,2026-10-05 08:40:01.8730000,0,1017,0,2026-10-05 08:40:01.8730000,35.805510,-118.640920
1716646,"Balance Rock",3567,233,"11S","11S2H1S2Q",2,2026-10-05 08:40:24.8270000,0,1017,0,2026-10-05 08:40:24.8270000,35.806060,-118.652030
1716895,"Idlewild",3567,233,"11S","11S2H1S2Q",2,2026-10-05 08:40:35.2170000,0,1015,0,2026-10-05 08:40:35.2170000,35.810780,-118.672030
1716573,"Posey",3567,233,"11S","11S2H1S2Q",2,2026-10-05 08:40:45.1800000,0,1014,0,2026-10-05 08:40:45.1800000,35.804670,-118.682870
1712091,"Glennville",3567,233,"11S","11S2H1S2Q",2,2026-10-05 08:41:02.5200000,0,1013,0,2026-10-05 08:41:02.5200000,35.728840,-118.703700
1715638,"Riverkern",3567,233,"11S","11S2H1S2Q",2,2026-10-05 08:41:17.6000000,0,1025,0,2026-10-05 08:41:17.6000000,35.789670,-118.447030
1714467,"Camp Owens",3567,233,"11S","11S2H1S2Q",2,2026-10-05 08:41:29.4870000,0,1026,0,2026-10-05 08:41:29.4870000,35.768560,-118.430920
1713630,"Kernville",3567,233,"11S","11S2H1S2Q",2,2026-10-05 08:41:38.8070000,0,1026,0,2026-10-05 08:41:38.8070000,35.754670,-118.425360
1713560,"Kernville",3567,233,"11S","11S2H1S2Q",2,2026-10-05 08:41:46.0230000,0,1026,0,2026-10-05 08:41:46.0230000,35.753330,-118.432430
1776549,"Seven Pines",3567,233,"11S","11S1H4S4Q",2,2026-10-05 08:42:00.4470000,0,1012,133,2026-10-05 08:42:00.4470000,36.785490,-118.293990
1711199,"Wofford Heights",3567,233,"11S","11S2H1S2Q",2,2026-10-05 08:42:30.4470000,0,1023,0,2026-10-05 08:42:30.4470000,35.713060,-118.472740
1710858,"Wofford Heights",3567,233,"11S","11S2H1S2Q",2,2026-10-05 08:42:41.7170000,0,1025,0,2026-10-05 08:42:41.7170000,35.706900,-118.456200
1712114,"Alta Sierra",3567,233,"11S","11S2H1S2Q",2,2026-10-05 08:42:54.5730000,0,1020,0,2026-10-05 08:42:54.5730000,35.729120,-118.549530
1706878,"Lake Isabella",3567,233,"11S","11S2H1S2Q",2,2026-10-05 08:43:12.1830000,0,1023,77,2026-10-05 08:43:12.1830000,35.637800,-118.481930
1706174,"Keyesville",3567,233,"11S","11S2H1S2Q",2,2026-10-05 08:43:27.8970000,0,1022,53,2026-10-05 08:43:27.8970000,35.625790,-118.510920
1706049,"Squirrel Mountain Valley",3567,233,"11S","11S2H1S2Q",2,2026-10-05 08:43:38.9730000,0,1026,0,2026-10-05 08:43:38.9730000,35.623290,-118.409810
1706034,"Squirrel Mountain Valley",3567,233,"11S","11S2H1S2Q",2,2026-10-05 08:43:56.0000000,0,1026,26,2026-10-05 08:43:56.0000000,35.622890,-118.407570
1706967,"Mountain Mesa",3567,233,"11S","11S2H1S2Q",2,2026-10-05 08:44:03.7400000,0,1026,0,2026-10-05 08:44:03.7400000,35.639400,-118.405640
1711073,"Shirley Meadows",3567,233,"11S","11S2H1S2Q",2,2026-10-05 08:44:17.8900000,0,1020,0,2026-10-05 08:44:17.8900000,35.710790,-118.556480
1707061,"Mountain Mesa",3567,233,"11S","11S2H1S2Q",2,2026-10-05 08:44:49.1670000,0,1026,0,2026-10-05 08:44:49.1670000,35.641150,-118.404260
1706824,"South Lake",3567,233,"11S","11S2H1S2Q",2,2026-10-05 08:45:00.1370000,0,1028,0,2026-10-05 08:45:00.1370000,35.636900,-118.367030
1706669,"South Lake",3567,233,"11S","11S2H1S2Q",2,2026-10-05 08:45:16.3530000,0,1028,0,2026-10-05 08:45:16.3530000,35.633560,-118.356470
1883288,"Aetna Springs",3567,233,"10S","10S1H2S4Q",2,2026-10-05 08:46:35.2900000,0,825,0,2026-10-05 08:46:35.2900000,38.653520,-122.482760
1825712,"Harp",3567,233,"10S","10S1H6S2Q",2,2026-10-05 08:47:05.6670000,0,1015,0,2026-10-05 08:47:05.6670000,37.580490,-120.984930
1790526,"Dairyland",3567,233,"10S","10S1H6S2Q",2,2026-10-05 08:47:38.3630000,0,954,0,2026-10-05 08:47:38.3630000,37.018280,-120.310450
2038623,"Carrick",3567,233,"10T","10T2H5S2Q",2,2026-10-05 08:47:55.6430000,0,842,0,2026-10-05 08:47:55.6430000,41.446750,-122.363450
1823866,"Montpelier",3567,233,"10S","10S1H6S2Q",2,2026-10-05 08:48:24.3570000,0,1072,0,2026-10-05 08:48:24.3570000,37.544930,-120.706040
1822813,"Denair",3567,233,"10S","10S1H6S2Q",2,2026-10-05 08:48:34.1900000,0,1056,0,2026-10-05 08:48:34.1900000,37.526320,-120.796870
1815860,"The Grove",3567,233,"10S","10S1H6S2Q",2,2026-10-05 08:48:48.1530000,0,1104,0,2026-10-05 08:48:48.1530000,37.403830,-120.594920
1815007,"Winton",3567,233,"10S","10S1H6S2Q",2,2026-10-05 08:49:05.4670000,0,1119,0,2026-10-05 08:49:05.4670000,37.389380,-120.613250
2524829,"Kolonie Gross Eichholz",713,57,"33U","33U1H4S4Q",3,2026-09-24 13:20:51.1500000,0,0,11799,2026-10-05 08:49:21.3300000,52.150000,13.883330
1813881,"Arena",3567,233,"10S","10S1H6S2Q",3,2026-09-07 23:13:09.4000000,0,600,737,2026-10-05 08:49:46.7770000,37.370770,-120.676310
1816841,"Cressey",3567,233,"10S","10S1H6S2Q",3,2026-09-07 23:16:31.9400000,0,600,655,2026-10-05 08:49:59.1400000,37.419660,-120.667420
1810573,"Fergus",3567,233,"10S","10S1H6S2Q",2,2026-10-05 08:50:18.3730000,0,1116,0,2026-10-05 08:50:18.3730000,37.319380,-120.538250
1746403,"Home Garden",3567,233,"11S","11S1H4S3Q",2,2026-10-05 08:50:31.4370000,110,300,190,2026-10-05 08:50:31.4370000,36.304110,-119.637930
1748826,"Grangeville",3567,233,"11S","11S1H4S3Q",2,2026-10-05 08:50:42.9000000,0,1208,129,2026-10-05 08:50:42.9000000,36.343560,-119.708740
1747260,"Fort Roosevelt",3567,233,"11S","11S1H4S3Q",2,2026-10-05 08:50:51.4400000,124,300,191,2026-10-05 08:50:51.4400000,36.317450,-119.657910
1747054,"Armona",3567,233,"11S","11S1H4S3Q",2,2026-10-05 08:51:07.3830000,0,1208,211,2026-10-05 08:51:07.3830000,36.315780,-119.708460
1721068,"Earlimart",3567,233,"11S","11S2H1S1Q",2,2026-10-05 08:51:17.4530000,0,300,78,2026-10-05 08:51:17.4530000,35.884120,-119.272330
1720876,"Earlimart",3567,233,"11S","11S2H1S1Q",2,2026-10-05 08:51:41.9600000,0,300,167,2026-10-05 08:51:41.9600000,35.881850,-119.271310
1717975,"Radnor",3567,233,"11S","11S2H1S1Q",2,2026-10-05 08:51:51.5730000,0,300,165,2026-10-05 08:51:51.5730000,35.830230,-119.261780
1762107,"Dolomite",3567,233,"11S","11S1H5S3Q",2,2026-10-05 08:52:05.8700000,0,1041,0,2026-10-05 08:52:05.8700000,36.552990,-117.945360
1761427,"Mock",3567,233,"11S","11S1H5S3Q",2,2026-10-05 08:52:25.6000000,0,1042,0,2026-10-05 08:52:25.6000000,36.543550,-117.933420
1760275,"Swansea",3567,233,"11S","11S1H5S3Q",2,2026-10-05 08:52:33.9370000,0,1020,0,2026-10-05 08:52:33.9370000,36.524660,-117.903970
1757853,"Keeler",3567,233,"11S","11S1H5S3Q",2,2026-10-05 08:52:43.2570000,0,1044,0,2026-10-05 08:52:43.2570000,36.487160,-117.873970
1757694,"Keeler",3567,233,"11S","11S1H5S3Q",2,2026-10-05 08:52:56.9170000,0,1022,0,2026-10-05 08:52:56.9170000,36.484620,-117.872040
1819287,"Chemurgic",3567,233,"10S","10S1H6S2Q",2,2026-10-05 08:53:15.5300000,0,963,286,2026-10-05 08:53:15.5300000,37.464100,-120.918820
1746860,"Cartago",3567,233,"11S","11S1H4S4Q",2,2026-10-05 08:53:32.2370000,0,1016,0,2026-10-05 08:53:32.2370000,36.312290,-118.026120
1744986,"Olancha",3567,233,"11S","11S1H4S4Q",2,2026-10-05 08:53:41.6530000,0,1017,0,2026-10-05 08:53:41.6530000,36.281880,-118.006470
1747456,"Cartago",3567,233,"11S","11S1H4S4Q",2,2026-10-05 08:53:57.6030000,0,1016,0,2026-10-05 08:53:57.6030000,36.320770,-118.026470
1744382,"Olancha",3567,233,"11S","11S1H4S4Q",2,2026-10-05 08:54:03.7930000,0,1017,0,2026-10-05 08:54:03.7930000,36.270350,-118.001490
2020752,"Summerville",3567,233,"10T","10T2H5S1Q",2,2026-10-05 08:54:31.6570000,0,837,0,2026-10-05 08:54:31.6570000,41.098750,-123.067820
2023150,"Cecilville",3567,233,"10T","10T2H5S1Q",2,2026-10-05 08:54:41.6270000,0,837,0,2026-10-05 08:54:41.6270000,41.140970,-123.140040
2031260,"Sawyers Bar",3567,233,"10T","10T2H5S1Q",2,2026-10-05 08:54:59.1570000,0,837,0,2026-10-05 08:54:59.1570000,41.297360,-123.130320
1726219,"Calvada Springs",3567,233,"11S","11S2H3S1Q",2,2026-10-05 08:55:10.4100000,0,945,0,2026-10-05 08:55:10.4100000,35.968300,-115.895020
1718302,"Tecopa",3567,233,"11S","11S2H2S2Q",2,2026-10-05 08:55:21.7700000,0,911,0,2026-10-05 08:55:21.7700000,35.835150,-116.207530
1718949,"Tecopa",3567,233,"11S","11S2H2S2Q",2,2026-10-05 08:55:29.9200000,0,1091,300,2026-10-05 08:55:29.9200000,35.848300,-116.226410
2698508,"Ardler",977,77,"30V","30V2H5S3Q",3,2025-08-04 19:03:57.5500000,0,0,166698,2026-10-05 08:55:54.3770000,56.550000,-3.200000
1743493,"Grant",3567,233,"11S","11S1H5S3Q",2,2026-10-05 08:55:42.9900000,0,2068,0,2026-10-05 08:55:58.8900000,36.255490,-117.993970
1725163,"Shoshone",3567,233,"11S","11S2H2S2Q",2,2026-10-05 08:56:09.7700000,0,897,0,2026-10-05 08:56:09.7700000,35.951010,-116.305570
2698509,"Newtyle",977,77,"30V","30V2H5S3Q",3,2025-08-06 21:18:48.4670000,0,0,239003,2026-10-05 08:56:12.9170000,56.550000,-3.133330
2697465,"Woodside",977,77,"30V","30V2H5S3Q",3,2025-07-25 07:00:45.4200000,0,0,167599,2026-10-05 08:57:07.0230000,56.516670,-3.283330
2695838,"Collace",977,77,"30V","30V2H5S3Q",3,2025-07-24 20:05:13.2670000,0,0,152449,2026-10-05 08:57:35.9970000,56.466670,-3.283330
1698078,"Searles",3567,233,"11S","11S2H2S1Q",2,2026-10-05 08:57:39.6170000,0,1052,0,2026-10-05 08:57:39.6170000,35.483850,-117.635340
1718099,"Linnie",3567,233,"11S","11S2H2S1Q",2,2026-10-05 08:57:57.5800000,0,1022,0,2026-10-05 08:57:57.5800000,35.833010,-117.867020
1717376,"Pearsonville",3567,233,"11S","11S2H2S1Q",2,2026-10-05 08:58:11.6070000,0,1021,0,2026-10-05 08:58:11.6070000,35.818710,-117.875490
1716831,"Pearsonville",3567,233,"11S","11S2H2S1Q",2,2026-10-05 08:58:17.9200000,0,1021,0,2026-10-05 08:58:17.9200000,35.809670,-117.873130
1724329,"Little Lake",3567,233,"11S","11S2H2S1Q",2,2026-10-05 08:58:36.0670000,0,1021,0,2026-10-05 08:58:36.0670000,35.936610,-117.906740
1707032,"China Lake Acres",3567,233,"11S","11S2H2S1Q",2,2026-10-05 08:58:47.6100000,0,1050,0,2026-10-05 08:58:47.6100000,35.640510,-117.763960
1706921,"China Lake Acres",3567,233,"11S","11S2H2S1Q",2,2026-10-05 08:59:07.2500000,0,1049,0,2026-10-05 08:59:07.2500000,35.638410,-117.764900
1707341,"Inyokern",3567,233,"11S","11S2H2S1Q",2,2026-10-05 08:59:16.2100000,0,1022,0,2026-10-05 08:59:16.2100000,35.646900,-117.812570
1707861,"Inyokern",3567,233,"11S","11S2H2S1Q",2,2026-10-05 08:59:21.7000000,0,1022,0,2026-10-05 08:59:21.7000000,35.654570,-117.821400
1710634,"Bradys",3567,233,"11S","11S2H2S1Q",2,2026-10-05 08:59:50.2670000,0,1020,0,2026-10-05 08:59:50.2670000,35.702180,-117.868680
1708434,"Indian Wells",3567,233,"11S","11S2H2S1Q",2,2026-10-05 08:59:59.8130000,0,1020,0,2026-10-05 08:59:59.8130000,35.665230,-117.873120
1698913,"Harts Place",3567,233,"11S","11S2H2S1Q",2,2026-10-05 09:00:14.4300000,0,1015,0,2026-10-05 09:00:14.4300000,35.500790,-117.948680
1701626,"Armistead",3567,233,"11S","11S2H2S1Q",2,2026-10-05 09:00:25.9700000,0,1017,0,2026-10-05 09:00:25.9700000,35.547730,-117.927570
1686404,"Cinco",3567,233,"11S","11S2H1S2Q",2,2026-10-05 09:00:35.8930000,0,1007,0,2026-10-05 09:00:35.8930000,35.263300,-118.036180
1687463,"Rancho Seco",3567,233,"11S","11S2H2S1Q",2,2026-10-05 09:00:51.4730000,0,1010,0,2026-10-05 09:00:51.4730000,35.283020,-117.989790
1692532,"Ricardo",3567,233,"11S","11S2H2S1Q",2,2026-10-05 09:01:04.2170000,0,1012,0,2026-10-05 09:01:04.2170000,35.373850,-117.989240
1689028,"Cantil",3567,233,"11S","11S2H2S1Q",2,2026-10-05 09:01:13.2670000,0,1011,0,2026-10-05 09:01:13.2670000,35.308850,-117.968400
1690204,"Gypsite",3567,233,"11S","11S2H2S1Q",2,2026-10-05 09:01:19.7000000,0,1014,0,2026-10-05 09:01:19.7000000,35.331070,-117.931180
1691727,"Saltdale",3567,233,"11S","11S2H2S1Q",2,2026-10-05 09:01:40.0230000,0,2025,0,2026-10-05 09:01:55.5430000,35.359130,-117.887570
1691499,"Ceneda",3567,233,"11S","11S2H2S1Q",2,2026-10-05 09:02:11.3600000,0,817,0,2026-10-05 09:02:11.3600000,35.354410,-117.897290
1692617,"Old Garlock",3567,233,"11S","11S2H2S1Q",2,2026-10-05 09:02:21.4800000,0,1018,0,2026-10-05 09:02:21.4800000,35.375790,-117.825070
1694052,"Garlock",3567,233,"11S","11S2H2S1Q",2,2026-10-05 09:02:37.4000000,0,1047,0,2026-10-05 09:02:37.4000000,35.402460,-117.790060
1695177,"Goler Heights",3567,233,"11S","11S2H2S1Q",2,2026-10-05 09:02:47.2470000,0,1022,0,2026-10-05 09:02:47.2470000,35.426900,-117.745900
1694976,"Rand",3567,233,"11S","11S2H2S1Q",2,2026-10-05 09:03:03.0200000,0,1050,0,2026-10-05 09:03:03.0200000,35.421910,-117.692560
1862332,"Bridgeport",3567,233,"11S","11S1H1S3Q",2,2026-10-05 09:03:12.8630000,0,1023,0,2026-10-05 09:03:12.8630000,38.255750,-119.231270
1790049,"Madera Highlands",3567,233,"10S","10S1H6S2Q",2,2026-10-05 09:03:21.1930000,0,955,0,2026-10-05 09:03:21.1930000,37.011060,-120.081000
1790583,"Madera Acres",3567,233,"10S","10S1H6S2Q",2,2026-10-05 09:03:30.8270000,0,957,0,2026-10-05 09:03:30.8270000,37.019110,-120.066830
1793207,"Valley Lake Ranchos",3567,233,"10S","10S1H6S2Q",2,2026-10-05 09:03:41.4670000,0,962,0,2026-10-05 09:03:41.4670000,37.061340,-120.015720
1789061,"Bonadelle Ranchos Five",3567,233,"11S","11S1H4S3Q",2,2026-10-05 09:04:02.0830000,0,963,0,2026-10-05 09:04:02.0830000,36.993000,-119.982940
1797084,"Daulton",3567,233,"11S","11S1H4S1Q",2,2026-10-05 09:04:13.2000000,0,963,0,2026-10-05 09:04:13.2000000,37.119110,-119.982110
1810875,"Bass Lake",3567,233,"11S","11S1H4S1Q",2,2026-10-05 09:04:50.4130000,0,1005,0,2026-10-05 09:04:50.4130000,37.324670,-119.566250
2677748,"West End",977,77,"30U","30U1H2S1Q",3,2025-08-19 17:30:24.5130000,0,0,88620,2026-10-05 09:04:57.3170000,55.948500,-3.214320
2678150,"New Town",977,77,"30U","30U1H2S1Q",3,2025-08-19 17:29:50.5330000,0,0,502824,2026-10-05 09:05:06.7600000,55.954100,-3.197540
1823985,"North Wawona",3567,233,"11S","11S1H4S1Q",2,2026-10-05 09:05:09.5900000,0,970,0,2026-10-05 09:05:09.5900000,37.547710,-119.644600
1812973,"Old Corral",3567,233,"11S","11S1H4S1Q",2,2026-10-05 09:05:32.8030000,0,974,0,2026-10-05 09:05:32.8030000,37.356890,-119.607090
1823752,"South Wawona",3567,233,"11S","11S1H4S1Q",2,2026-10-05 09:05:40.0530000,0,970,0,2026-10-05 09:05:40.0530000,37.542440,-119.644880
1823507,"Wawona",3567,233,"11S","11S1H4S1Q",2,2026-10-05 09:06:00.9600000,0,969,0,2026-10-05 09:06:00.9600000,37.536880,-119.656270
1820168,"Fish Camp",3567,233,"11S","11S1H4S1Q",2,2026-10-05 09:06:11.3400000,0,970,0,2026-10-05 09:06:11.3400000,37.478550,-119.640430
1818011,"Sugar Pine",3567,233,"11S","11S1H4S1Q",2,2026-10-05 09:06:22.1670000,0,971,0,2026-10-05 09:06:22.1670000,37.441050,-119.634320
1819219,"Elliott Corner",3567,233,"11S","11S1H4S1Q",2,2026-10-05 09:06:40.2570000,0,967,0,2026-10-05 09:06:40.2570000,37.462720,-119.774610
1822415,"Darrah",3567,233,"11S","11S1H4S1Q",2,2026-10-05 09:06:49.6330000,0,964,0,2026-10-05 09:06:49.6330000,37.517990,-119.835170
1824847,"Jerseydale",3567,233,"11S","11S1H4S1Q",2,2026-10-05 09:07:03.8100000,0,994,0,2026-10-05 09:07:03.8100000,37.563550,-119.857390
166072,"Belen",2379,175,"18L","18L1H4S3Q",1,2019-08-17 15:18:54.9600000,8779,0,0,2026-10-05 09:07:10.5330000,-11.964170,-77.018890
1714705,"Brown",3567,233,"11S","11S2H2S1Q",2,2026-10-05 09:07:14.6970000,0,1022,0,2026-10-05 09:07:14.6970000,35.773560,-117.850070
1870273,"Peaceful Pines",3567,233,"11S","11S1H1S3Q",2,2026-10-05 09:07:27.5730000,0,954,0,2026-10-05 09:07:27.5730000,38.406020,-119.789340
1827197,"Briceburg",3567,233,"11S","11S1H4S1Q",2,2026-10-05 09:07:46.5030000,0,960,0,2026-10-05 09:07:46.5030000,37.604930,-119.966840
1885225,"Markleeville",3567,233,"11S","11S1H1S3Q",2,2026-10-05 09:07:59.0070000,0,949,0,2026-10-05 09:07:59.0070000,38.694910,-119.780180
1883758,"Loope",3567,233,"11S","11S1H1S3Q",2,2026-10-05 09:08:16.6270000,0,953,0,2026-10-05 09:08:16.6270000,38.665180,-119.696010
2005921,"Cedar Stock",3567,233,"10T","10T2H5S4Q",2,2026-10-05 09:08:26.9000000,0,837,0,2026-10-05 09:08:26.9000000,40.846260,-122.829750
2007003,"Ridgeville",3567,233,"10T","10T2H5S4Q",2,2026-10-05 09:08:41.3800000,0,837,0,2026-10-05 09:08:41.3800000,40.864590,-122.803080
2019353,"Sims",3567,233,"10T","10T2H5S2Q",2,2026-10-05 09:08:51.0700000,0,840,0,2026-10-05 09:08:51.0700000,41.071820,-122.355010
2022464,"Sweetbriar",3567,233,"10T","10T2H5S2Q",2,2026-10-05 09:09:03.7500000,0,1288,0,2026-10-05 09:09:03.7500000,41.129870,-122.320290
2023486,"Dirigo",3567,233,"10T","10T2H5S2Q",2,2026-10-05 09:09:13.6400000,0,1570,0,2026-10-05 09:09:13.6400000,41.149320,-122.310570
2024277,"Castle Crag",3567,233,"10T","10T2H5S2Q",2,2026-10-05 09:09:27.4900000,0,1035,0,2026-10-05 09:09:27.4900000,41.162650,-122.291950
2028711,"Shasta Springs",3567,233,"10T","10T2H5S2Q",2,2026-10-05 09:09:36.1430000,0,842,0,2026-10-05 09:09:36.1430000,41.246820,-122.261120
2028269,"Shasta Retreat",3567,233,"10T","10T2H5S2Q",2,2026-10-05 09:09:46.8300000,0,842,56,2026-10-05 09:09:46.8300000,41.235430,-122.272510
2030053,"Kinyon",3567,233,"10T","10T2H6S1Q",2,2026-10-05 09:10:06.0630000,0,845,0,2026-10-05 09:10:06.0630000,41.271270,-121.894160
2024817,"Obie",3567,233,"10T","10T2H6S1Q",2,2026-10-05 09:10:16.4300000,0,846,0,2026-10-05 09:10:16.4300000,41.169600,-121.714710
2017328,"Gomez",3567,233,"10T","10T2H6S1Q",2,2026-10-05 09:10:29.8430000,0,875,0,2026-10-05 09:10:29.8430000,41.036000,-121.516370
2021530,"Dana",3567,233,"10T","10T2H6S1Q",2,2026-10-05 09:10:49.7770000,0,846,0,2026-10-05 09:10:49.7770000,41.111550,-121.564710
2022474,"Spalding Corner",3567,233,"10T","10T2H6S1Q",2,2026-10-05 09:11:09.8670000,0,846,0,2026-10-05 09:11:09.8670000,41.130440,-121.580270
2023324,"Harlow Place",3567,233,"10T","10T2H6S1Q",2,2026-10-05 09:11:22.1070000,0,846,0,2026-10-05 09:11:22.1070000,41.145160,-121.676930
2026222,"Pondosa",3567,233,"10T","10T2H6S1Q",2,2026-10-05 09:11:34.7770000,0,846,0,2026-10-05 09:11:34.7770000,41.199330,-121.688880
2032758,"Slagger",3567,233,"10T","10T2H6S1Q",2,2026-10-05 09:11:44.0200000,0,850,0,2026-10-05 09:11:44.0200000,41.325720,-121.723050
2033285,"Hambone",3567,233,"10T","10T2H6S1Q",2,2026-10-05 09:11:52.8500000,0,846,0,2026-10-05 09:11:52.8500000,41.334880,-121.697770
2029347,"Bartle",3567,233,"10T","10T2H6S1Q",2,2026-10-05 09:12:02.9400000,0,845,0,2026-10-05 09:12:02.9400000,41.257660,-121.821110
2030250,"Swobe",3567,233,"10T","10T2H6S1Q",2,2026-10-05 09:12:13.1500000,0,844,0,2026-10-05 09:12:13.1500000,41.276830,-121.914440
2029261,"McCloud",3567,233,"10T","10T2H5S2Q",2,2026-10-05 09:12:26.9600000,0,843,0,2026-10-05 09:12:26.9600000,41.255710,-122.139450
2029204,"McCloud",3567,233,"10T","10T2H5S2Q",2,2026-10-05 09:12:37.1570000,0,843,0,2026-10-05 09:12:37.1570000,41.254060,-122.136070
2018620,"Glenburn",3567,233,"10T","10T2H6S1Q",2,2026-10-05 09:12:49.1600000,0,846,0,2026-10-05 09:12:49.1600000,41.061270,-121.490260
1878720,"Coleville",3567,233,"11S","11S1H1S3Q",2,2026-10-05 09:12:57.9000000,0,1013,0,2026-10-05 09:12:57.9000000,38.566300,-119.507110
2025943,"Wyntoon",3567,233,"10T","10T2H5S2Q",2,2026-10-05 09:13:15.7300000,0,843,0,2026-10-05 09:13:15.7300000,41.191550,-122.064450
1881456,"Topaz",3567,233,"11S","11S1H1S3Q",2,2026-10-05 09:13:25.9400000,0,965,0,2026-10-05 09:13:25.9400000,38.618820,-119.519490
1812293,"Atwater",3567,233,"10S","10S1H6S2Q",2,2026-10-05 09:13:41.3300000,0,1104,0,2026-10-05 09:13:41.3300000,37.347720,-120.609080
1813305,"Fluhr",3567,233,"10S","10S1H6S2Q",2,2026-10-05 09:13:52.2930000,0,1107,0,2026-10-05 09:13:52.2930000,37.362720,-120.577690
1817413,"Delhi",3567,233,"10S","10S1H6S2Q",2,2026-10-05 09:14:03.9400000,0,1065,0,2026-10-05 09:14:03.9400000,37.432160,-120.778540
1815376,"Irwin",3567,233,"10S","10S1H6S2Q",2,2026-10-05 09:14:32.4730000,0,1053,0,2026-10-05 09:14:32.4730000,37.396880,-120.849930
1819815,"Patterson",3567,233,"10S","10S1H6S1Q",2,2026-10-05 09:15:03.5630000,0,995,0,2026-10-05 09:15:03.5630000,37.471600,-121.129660
1714522,"Searles Valley",3567,233,"11S","11S2H2S1Q",2,2026-10-05 09:15:42.3470000,0,1060,0,2026-10-05 09:15:42.3470000,35.769710,-117.399430
1748611,"Panamint Springs",3567,233,"11S","11S1H5S3Q",2,2026-10-05 09:15:55.8100000,0,1057,0,2026-10-05 09:15:55.8100000,36.339660,-117.467840
1730874,"Millspaugh",3567,233,"11S","11S1H5S3Q",2,2026-10-05 09:16:07.3870000,0,1059,0,2026-10-05 09:16:07.3900000,36.046060,-117.460890
1735125,"Panamint",3567,233,"11S","11S1H5S3Q",2,2026-10-05 09:16:24.2200000,0,1068,0,2026-10-05 09:16:24.2200000,36.118280,-117.095330
1747283,"Armona",3567,233,"11S","11S1H4S3Q",2,2026-10-05 09:17:09.6100000,0,2165,195,2026-10-05 09:17:15.3130000,36.317830,-119.705350
1755252,"Furnace Creek",3567,233,"11S","11S1H5S4Q",2,2026-10-05 09:17:31.3630000,0,1101,0,2026-10-05 09:17:31.3630000,36.447800,-116.852900
1755709,"Indian Village",3567,233,"11S","11S1H5S4Q",2,2026-10-05 09:18:09.6630000,0,1098,0,2026-10-05 09:18:09.6630000,36.453050,-116.863800
1753917,"Furnace Creek",3567,233,"11S","11S1H5S4Q",2,2026-10-05 09:18:55.4830000,0,1098,0,2026-10-05 09:18:55.4830000,36.426230,-116.874050
1489937,"Chub",3549,233,"13S","13S2H6S4Q",2,2026-10-05 09:19:28.4500000,0,600,136,2026-10-05 09:19:28.4500000,32.024010,-102.019300
1916986,"Franktown",3570,233,"11S","11S1H1S1Q",2,2026-09-07 03:04:33.4400000,0,7331,0,2026-10-05 09:19:57.7900000,39.271580,-119.840740
2002676,"Ensign Downs",3571,233,"12T","12T2H5S3Q",2,2026-10-05 09:20:28.4330000,56,600,0,2026-10-05 09:20:28.4330000,40.788560,-111.886330
2002704,"Ensign Downs Place",3571,233,"12T","12T2H5S3Q",2,2026-10-05 09:20:52.3200000,235,900,0,2026-10-05 09:20:52.3200000,40.789110,-111.886600
2002468,"Panorama",3571,233,"12T","12T2H5S3Q",2,2026-10-05 09:21:05.6270000,0,978,0,2026-10-05 09:21:05.6270000,40.784390,-111.880210
2001785,"Hillside Townhouse Condominium",3571,233,"12T","12T2H5S3Q",1,2026-08-19 16:51:08.4330000,415,300,0,2026-10-05 09:21:18.5830000,40.774950,-111.888830
2001653,"The Avenues Hertiage Condominium",3571,233,"12T","12T2H5S3Q",2,2026-10-05 09:21:41.6400000,0,926,0,2026-10-05 09:21:41.6400000,40.772170,-111.871320
2001786,"Mid Avenues Condominium",3571,233,"12T","12T2H5S3Q",2,2026-10-05 09:21:59.1530000,0,992,0,2026-10-05 09:21:59.1530000,40.774950,-111.867990
2001052,"Fort Douglas",3571,233,"12T","12T2H5S3Q",2,2026-10-05 09:22:25.9230000,0,1200,0,2026-10-05 09:22:25.9230000,40.763560,-111.831880
2001709,"Bonneville on the Hill",3571,233,"12T","12T2H5S3Q",2,2026-10-05 09:22:31.9470000,0,1200,0,2026-10-05 09:22:31.9470000,40.773280,-111.846880
2002166,"Arlington Hills",3571,233,"12T","12T2H5S3Q",2,2026-10-05 09:22:35.4030000,0,1200,0,2026-10-05 09:22:35.4030000,40.782450,-111.849100
2001654,"Victoria Place",3571,233,"12T","12T2H5S3Q",2,2026-10-05 09:22:39.4170000,0,1200,0,2026-10-05 09:22:39.4170000,40.772170,-111.852990
2002011,"Grand View",3571,233,"12T","12T2H5S3Q",2,2026-10-05 09:22:44.0000000,0,1200,0,2026-10-05 09:22:44.0000000,40.779390,-111.866320
2002165,"Dunfords",3571,233,"12T","12T2H5S3Q",2,2026-10-05 09:22:52.5600000,0,1200,0,2026-10-05 09:22:52.5600000,40.782450,-111.867990
2000053,"Yalecrest Heights",3571,233,"12T","12T2H5S3Q",2,2026-10-05 09:23:11.8900000,0,1200,0,2026-10-05 09:23:11.8900000,40.746340,-111.837990
2000038,"Yalecroft",3571,233,"12T","12T2H5S3Q",2,2026-10-05 09:23:14.4830000,0,1200,0,2026-10-05 09:23:14.4830000,40.746060,-111.834930
1999900,"Foothill",3571,233,"12T","12T2H5S3Q",2,2026-10-05 09:23:18.9200000,0,1200,0,2026-10-05 09:23:18.9200000,40.743000,-111.834100
1998646,"Wood Hollow Condo",3571,233,"12T","12T2H5S3Q",2,2026-10-05 09:23:29.0900000,0,1200,0,2026-10-05 09:23:29.0900000,40.719950,-111.858820
2001524,"Bonneville Tower Condominium",3571,233,"12T","12T2H5S3Q",2,2026-10-05 09:23:53.9600000,0,961,0,2026-10-05 09:23:53.9600000,40.769950,-111.867990
2001717,"Carlton Towers Condominium",3571,233,"12T","12T2H5S3Q",2,2026-10-05 09:24:18.9300000,0,2058,0,2026-10-05 09:24:21.1830000,40.773560,-111.881320
1530192,"Toltec",3572,233,"12S","12S2H5S3Q",2,2026-10-05 09:24:51.9800000,0,600,173,2026-10-05 09:24:51.9800000,32.792280,-111.614850
1712849,"Sperry",3567,233,"11S","11S2H2S2Q",2,2026-10-05 09:26:38.0230000,0,1134,0,2026-10-05 09:26:38.0230000,35.741640,-116.222240
1703885,"Valjean",3567,233,"11S","11S2H2S2Q",2,2026-10-05 09:26:48.6270000,0,1131,300,2026-10-05 09:26:48.6270000,35.585530,-116.124740
2039265,"Edgewood",3567,233,"10T","10T2H5S2Q",2,2026-10-05 09:26:58.9800000,0,842,0,2026-10-05 09:26:58.9800000,41.458200,-122.431680
2037545,"Weed",3567,233,"10T","10T2H5S2Q",2,2026-10-05 09:27:12.1400000,0,842,0,2026-10-05 09:27:12.1400000,41.422650,-122.386130
2035921,"Black Butte",3567,233,"10T","10T2H5S2Q",2,2026-10-05 09:27:28.3700000,0,1109,0,2026-10-05 09:27:28.3700000,41.391540,-122.361130
2039405,"Edgewood",3567,233,"10T","10T2H5S2Q",2,2026-10-05 09:27:41.2970000,308,1166,0,2026-10-05 09:27:41.3000000,41.462170,-122.426070
2045623,"Cougar",3567,233,"10T","10T2H5S2Q",2,2026-10-05 09:27:50.7430000,0,843,0,2026-10-05 09:27:50.7430000,41.583210,-122.185290
2042937,"Andesite",3567,233,"10T","10T2H5S2Q",2,2026-10-05 09:27:59.8370000,0,843,0,2026-10-05 09:27:59.8370000,41.532370,-122.204730
2042056,"Bolam",3567,233,"10T","10T2H5S2Q",2,2026-10-05 09:28:18.3570000,0,843,0,2026-10-05 09:28:18.3570000,41.514040,-122.249180
2054385,"Hawkinsville",3567,233,"10T","10T2H5S2Q",2,2026-10-05 09:28:27.8430000,0,840,0,2026-10-05 09:28:27.8430000,41.760700,-122.621970
2048763,"Grenada",3567,233,"10T","10T2H5S2Q",2,2026-10-05 09:28:44.4600000,0,841,0,2026-10-05 09:28:44.4600000,41.640580,-122.526010
2042551,"Gazelle",3567,233,"10T","10T2H5S2Q",2,2026-10-05 09:28:53.8030000,0,841,0,2026-10-05 09:28:53.8030000,41.520700,-122.520300
2005861,"Pinewood Cove",3567,233,"10T","10T2H5S4Q",2,2026-10-05 09:29:06.3900000,0,837,0,2026-10-05 09:29:06.3900000,40.845140,-122.846410
1999798,"Big Bar",3567,233,"10T","10T2H5S3Q",2,2026-10-05 09:29:20.6200000,0,835,0,2026-10-05 09:29:20.6200000,40.740980,-123.255870
1770610,"Etheda Springs",3567,233,"11S","11S1H4S3Q",2,2026-10-05 09:29:29.1600000,0,762,0,2026-10-05 09:29:29.1600000,36.694110,-119.007330
1770670,"Pinehurst",3567,233,"11S","11S1H4S3Q",2,2026-10-05 09:29:38.7730000,0,998,0,2026-10-05 09:29:38.7730000,36.695230,-119.016500
1771422,"Cedarbrook",3567,233,"11S","11S1H4S3Q",2,2026-10-05 09:29:48.9330000,134,998,300,2026-10-05 09:29:48.9330000,36.706890,-119.008160
1777061,"Kanawyers",3567,233,"11S","11S1H4S4Q",2,2026-10-05 09:30:06.6600000,0,1015,0,2026-10-05 09:30:06.6600000,36.795220,-118.584820
1768731,"Stony Creek Village",3567,233,"11S","11S1H4S4Q",2,2026-10-05 09:30:15.5100000,117,1007,0,2026-10-05 09:30:15.5100000,36.664110,-118.840660
1763436,"Pinewood",3567,233,"11S","11S1H4S4Q",2,2026-10-05 09:30:25.2600000,100,1010,0,2026-10-05 09:30:25.2600000,36.573830,-118.765930
1756418,"Silver City",3567,233,"11S","11S1H4S4Q",2,2026-10-05 09:30:36.2030000,0,1016,0,2026-10-05 09:30:36.2030000,36.466050,-118.645930
1756393,"Cabin Cove",3567,233,"11S","11S1H4S4Q",2,2026-10-05 09:30:58.1770000,0,1016,0,2026-10-05 09:30:58.1770000,36.465500,-118.653980
1759905,"Potwisha",3567,233,"11S","11S1H4S4Q",2,2026-10-05 09:31:14.9770000,0,1008,0,2026-10-05 09:31:14.9770000,36.517450,-118.799820
1755559,"Oak Grove",3567,233,"11S","11S1H4S4Q",2,2026-10-05 09:31:24.2800000,45,1009,0,2026-10-05 09:31:24.2800000,36.450500,-118.792040
1759654,"Advance",3567,233,"11S","11S1H4S4Q",2,2026-10-05 09:31:36.6130000,0,1006,0,2026-10-05 09:31:36.6130000,36.515780,-118.902600
1756392,"Hammond",3567,233,"11S","11S1H4S4Q",2,2026-10-05 09:31:50.6630000,0,1007,0,2026-10-05 09:31:50.6630000,36.465500,-118.861210
1754204,"Three Rivers",3567,233,"11S","11S1H4S4Q",2,2026-10-05 09:32:04.2470000,0,1308,0,2026-10-05 09:32:04.2470000,36.431910,-118.879250
1754744,"Three Rivers",3567,233,"11S","11S1H4S4Q",2,2026-10-05 09:32:14.2000000,0,1007,114,2026-10-05 09:32:14.2000000,36.438840,-118.904540
1756737,"Kaweah",3567,233,"11S","11S1H4S4Q",2,2026-10-05 09:32:25.6400000,0,1005,0,2026-10-05 09:32:25.6400000,36.469670,-118.918430
1751199,"Lemoncove",3567,233,"11S","11S1H4S3Q",2,2026-10-05 09:32:41.9100000,129,1302,0,2026-10-05 09:32:41.9100000,36.382730,-119.024550
1751009,"Lemon Cove",3567,233,"11S","11S1H4S3Q",2,2026-10-05 09:33:06.0400000,134,1003,0,2026-10-05 09:33:06.0400000,36.378830,-119.031420
1750976,"Goodale",3567,233,"11S","11S1H4S3Q",2,2026-10-05 09:33:22.6600000,338,987,0,2026-10-05 09:33:22.6600000,36.378000,-119.044270
1749730,"Lindcove",3567,233,"11S","11S1H4S3Q",2,2026-10-05 09:33:32.0370000,132,1002,0,2026-10-05 09:33:32.0370000,36.357730,-119.064550
1752674,"Naranjo",3567,233,"11S","11S1H4S3Q",2,2026-10-05 09:33:45.4630000,141,1002,0,2026-10-05 09:33:45.4630000,36.404670,-119.062600
1747688,"Yokohl",3567,233,"11S","11S1H4S3Q",2,2026-10-05 09:33:55.7270000,202,1302,0,2026-10-05 09:33:55.7270000,36.325510,-119.082330
1747700,"Merryman",3567,233,"11S","11S1H4S3Q",2,2026-10-05 09:34:13.8170000,175,1001,0,2026-10-05 09:34:13.8200000,36.325780,-119.105380
1743034,"Tonyville",3567,233,"11S","11S1H4S3Q",2,2026-10-05 09:34:28.7870000,138,1002,0,2026-10-05 09:34:28.7870000,36.248560,-119.090660
1742872,"Lucca",3567,233,"11S","11S1H4S3Q",2,2026-10-05 09:34:40.9700000,0,1002,0,2026-10-05 09:34:40.9700000,36.245230,-119.089830
1741672,"Vance",3567,233,"11S","11S1H4S3Q",2,2026-10-05 09:34:53.4530000,159,1002,0,2026-10-05 09:34:53.4530000,36.224120,-119.103440
1740977,"Cairns Corner",3567,233,"11S","11S1H4S3Q",2,2026-10-05 09:35:10.5800000,84,1005,0,2026-10-05 09:35:10.5800000,36.212450,-119.135660
1742871,"Burr",3567,233,"11S","11S1H4S3Q",2,2026-10-05 09:35:24.6530000,136,1006,0,2026-10-05 09:35:24.6530000,36.245230,-119.115110
1745401,"Toolville",3567,233,"11S","11S1H4S3Q",2,2026-10-05 09:35:37.9670000,193,1001,0,2026-10-05 09:35:37.9670000,36.287450,-119.117610
1701984,"Renoville",3567,233,"11S","11S2H2S2Q",2,2026-10-05 09:35:48.1270000,0,1127,0,2026-10-05 09:35:48.1270000,35.552750,-116.189180
1902528,"Foresthill",3567,233,"10S","10S1H3S2Q",2,2026-10-03 03:12:48.2700000,0,1546,0,2026-10-05 09:36:07.4030000,39.020180,-120.817990
2677793,"Edinburgh",977,77,"30U","30U1H2S1Q",1,2026-10-05 04:53:21.3470000,180786,0,0,2026-10-05 09:37:19.2300000,55.950000,-3.200000
2284219,"Barbechat",949,75,"30T","30T1H3S1Q",1,2014-10-27 21:32:14.0700000,459618533,300,0,2026-10-05 09:37:41.5270000,47.283330,-1.283330
1816118,"Hilmar",3567,233,"10S","10S1H6S2Q",2,2026-10-05 09:37:16.6530000,0,4499,90,2026-10-05 09:37:48.6270000,37.408550,-120.850200
1907623,"Iowa Hill",3567,233,"10S","10S1H3S2Q",2,2026-10-05 09:38:06.7030000,0,860,0,2026-10-05 09:38:06.7030000,39.108510,-120.859380
1722596,"Ashford Junction",3567,233,"11S","11S2H2S2Q",2,2026-10-05 09:38:22.4570000,0,1124,0,2026-10-05 09:38:22.4570000,35.909680,-116.673370
1741956,"Badwater",3567,233,"11S","11S1H5S4Q",2,2026-10-05 09:38:36.6970000,0,1117,0,2026-10-05 09:38:36.6970000,36.229670,-116.766990
1747564,"Ryan",3567,233,"11S","11S1H5S4Q",2,2026-10-05 09:38:47.6900000,0,1126,0,2026-10-05 09:38:47.6900000,36.323010,-116.671440
1813221,"Poleta",3567,233,"11S","11S1H4S2Q",2,2026-10-05 09:40:17.4370000,0,1017,0,2026-10-05 09:40:17.4370000,37.361320,-118.326220
1815723,"Laws",3567,233,"11S","11S1H4S2Q",2,2026-10-05 09:40:35.8430000,0,1015,0,2026-10-05 09:40:35.8430000,37.400760,-118.345660
1813925,"Mountain View Mobile and Recreational Vehicle Park",3567,233,"11S","11S1H4S2Q",2,2026-10-05 09:40:47.4900000,0,987,89,2026-10-05 09:40:47.4900000,37.371600,-118.393720
1814859,"Dixon Lane-Meadow Creek",3567,233,"11S","11S1H4S2Q",2,2026-10-05 09:41:00.6000000,0,1030,0,2026-10-05 09:41:00.6000000,37.386390,-118.415270
1814135,"Brockmans Corner",3567,233,"11S","11S1H4S2Q",2,2026-10-05 09:41:11.5600000,0,986,96,2026-10-05 09:41:11.5600000,37.376040,-118.432330
1813196,"West Bishop",3567,233,"11S","11S1H4S2Q",2,2026-10-05 09:41:25.6800000,0,984,90,2026-10-05 09:41:25.6800000,37.361040,-118.455110
1807795,"Wilkerson",3567,233,"11S","11S1H4S2Q",2,2026-10-05 09:41:38.5400000,0,990,76,2026-10-05 09:41:38.5400000,37.279430,-118.387690
1806255,"Peterson Mill",3567,233,"11S","11S1H4S2Q",2,2026-10-05 09:41:52.8200000,0,1013,0,2026-10-05 09:41:52.8200000,37.254370,-118.478440
1805118,"Aspendell",3567,233,"11S","11S1H4S2Q",2,2026-10-05 09:42:04.9730000,0,1008,0,2026-10-05 09:42:04.9730000,37.237990,-118.598450
1816314,"Alta Vista",3567,233,"11S","11S1H4S2Q",2,2026-10-05 09:42:14.1730000,0,981,119,2026-10-05 09:42:14.1730000,37.412710,-118.542620
1816799,"Mesa",3567,233,"11S","11S1H4S2Q",2,2026-10-05 09:42:58.9930000,0,981,119,2026-10-05 09:42:58.9930000,37.418950,-118.542390
1816023,"Round Valley",3567,233,"11S","11S1H4S2Q",2,2026-10-05 09:43:07.9970000,0,980,122,2026-10-05 09:43:07.9970000,37.406680,-118.581970
1816826,"Round Valley",3567,233,"11S","11S1H4S2Q",2,2026-10-05 09:43:32.6500000,0,994,8,2026-10-05 09:43:32.6500000,37.419380,-118.587620
1858090,"Dog Town",3567,233,"11S","11S1H1S3Q",2,2026-10-05 09:43:47.5970000,0,1011,0,2026-10-05 09:43:47.5970000,38.170200,-119.197370
1859066,"Willow Springs",3567,233,"11S","11S1H1S3Q",2,2026-10-05 09:43:59.3230000,0,1010,0,2026-10-05 09:43:59.3230000,38.188530,-119.204600
1763197,"Alico",3567,233,"11S","11S1H5S3Q",2,2026-10-05 09:44:13.1570000,0,1018,0,2026-10-05 09:44:13.1570000,36.569660,-117.963140
1769601,"Owenyo",3567,233,"11S","11S1H4S4Q",2,2026-10-05 09:44:22.7930000,0,1014,0,2026-10-05 09:44:22.7930000,36.678270,-118.044250
1794105,"Fish Springs",3567,233,"11S","11S1H4S2Q",2,2026-10-05 09:44:32.6370000,0,1026,0,2026-10-05 09:44:32.6370000,37.074930,-118.253710
1798663,"Monola",3567,233,"11S","11S1H4S2Q",2,2026-10-05 09:44:45.6830000,0,1024,0,2026-10-05 09:44:45.6830000,37.143540,-118.243710
1801256,"Zurich",3567,233,"11S","11S1H4S2Q",2,2026-10-05 09:45:01.5930000,0,1023,0,2026-10-05 09:45:01.5930000,37.182710,-118.260100
1800073,"Big Pine",3567,233,"11S","11S1H4S2Q",2,2026-10-05 09:45:14.8700000,0,996,46,2026-10-05 09:45:14.8700000,37.164930,-118.289550
1800153,"Big Pine",3567,233,"11S","11S1H4S2Q",2,2026-10-05 09:45:30.4470000,0,996,49,2026-10-05 09:45:30.4470000,37.166130,-118.296820
1822960,"Chalfant Valley",3567,233,"11S","11S1H4S2Q",2,2026-10-05 09:45:44.6300000,0,1012,0,2026-10-05 09:45:44.6300000,37.529370,-118.363450
1831283,"Hammil",3567,233,"11S","11S1H4S2Q",2,2026-10-05 09:46:02.7630000,0,1008,0,2026-10-05 09:46:02.7630000,37.678540,-118.403730
1839499,"Montgomery City",3567,233,"11S","11S1H4S2Q",2,2026-10-05 09:46:16.2200000,0,1005,0,2026-10-05 09:46:16.2200000,37.828540,-118.430950
1839069,"Benton",3567,233,"11S","11S1H4S2Q",2,2026-10-05 09:46:25.3470000,0,1004,0,2026-10-05 09:46:25.3470000,37.819100,-118.476510
1838028,"Benton Hot Springs",3567,233,"11S","11S1H4S2Q",2,2026-10-05 09:46:35.2170000,0,2012,0,2026-10-05 09:46:45.6570000,37.800210,-118.529010
1860209,"Chinatown",3567,233,"11S","11S1H1S3Q",2,2026-10-05 09:47:00.2670000,0,983,0,2026-10-05 09:47:00.2670000,38.213810,-119.014030
1860162,"Bodie",3567,233,"11S","11S1H1S3Q",2,2026-10-05 09:47:21.1100000,0,983,0,2026-10-05 09:47:21.1100000,38.212140,-119.012090
1867471,"Upper Town",3567,233,"11S","11S1H1S3Q",2,2026-10-05 09:47:29.6800000,0,1114,0,2026-10-05 09:47:29.6800000,38.354360,-119.117930
1868207,"Lower Town",3567,233,"11S","11S1H1S3Q",2,2026-10-05 09:47:44.7630000,0,977,0,2026-10-05 09:47:44.7630000,38.367420,-119.119870
1380797,"Boerne",3549,233,"14R","14R1H5S2Q",3,2013-04-28 02:03:12.2570000,0,0,4146921,2026-10-05 09:47:57.8300000,29.794660,-98.731970
1870727,"Belfort",3567,233,"11S","11S1H1S3Q",2,2026-10-05 09:47:57.9770000,0,971,0,2026-10-05 09:47:57.9770000,38.416310,-119.267100
1867323,"Fales Hot Springs",3567,233,"11S","11S1H1S3Q",2,2026-10-05 09:48:15.2870000,0,968,98,2026-10-05 09:48:15.2870000,38.351030,-119.400160
1867077,"Sonora Junction",3567,233,"11S","11S1H1S3Q",2,2026-10-05 09:48:23.4000000,0,966,0,2026-10-05 09:48:23.4000000,38.348530,-119.451830
1876148,"Walker",3567,233,"11S","11S1H1S3Q",2,2026-10-05 09:48:51.5330000,0,964,0,2026-10-05 09:48:51.5330000,38.514910,-119.476830
1895480,"Dresslerville",3570,233,"11S","11S1H1S3Q",2,2026-09-13 14:24:27.3870000,0,2170,0,2026-10-05 09:49:00.6500000,38.897960,-119.716840
1888369,"Wellington",3570,233,"11S","11S1H1S3Q",2,2026-10-02 23:24:30.0600000,0,2184,0,2026-10-05 09:49:22.2700000,38.756300,-119.375990
1890664,"Smith",3570,233,"11S","11S1H1S3Q",2,2026-10-02 23:24:36.9470000,0,2187,0,2026-10-05 09:49:46.9830000,38.800470,-119.327380
1895201,"Nordyke",3570,233,"11S","11S1H1S3Q",2,2026-10-02 23:24:47.0430000,0,2198,0,2026-10-05 09:49:58.1370000,38.891300,-119.187100
1881493,"Sulfur",3570,233,"11S","11S1H1S3Q",2,2026-10-05 09:50:13.4700000,0,1047,0,2026-10-05 09:50:13.4700000,38.619640,-119.253770
1744260,"Darwin",3567,233,"11S","11S1H5S3Q",2,2026-10-05 09:50:24.1230000,0,1056,0,2026-10-05 09:50:24.1230000,36.268000,-117.591730
1744296,"Darwin",3567,233,"11S","11S1H5S3Q",2,2026-10-05 09:50:34.8000000,0,1056,0,2026-10-05 09:50:34.8000000,36.268800,-117.589000
1790048,"Notarb",3567,233,"10S","10S1H6S2Q",2,2026-10-05 09:51:22.4570000,0,1262,0,2026-10-05 09:51:22.4570000,37.011060,-120.119050
1823844,"Midpines",3567,233,"11S","11S1H4S1Q",2,2026-10-05 09:51:32.5230000,0,742,0,2026-10-05 09:51:32.5230000,37.544380,-119.920450
1857486,"Lairds Landing",3567,233,"10S","10S1H2S4Q",2,2026-10-05 09:52:00.3270000,0,1500,740,2026-10-05 09:52:05.8970000,38.159370,-122.912500
1859048,"McDonald",3567,233,"10S","10S1H2S4Q",2,2026-10-05 09:52:30.8230000,0,1800,831,2026-10-05 09:52:35.0800000,38.188250,-122.909440
1859300,"Blakes Landing",3567,233,"10S","10S1H2S4Q",3,2026-09-15 19:22:32.0100000,0,300,2800,2026-10-05 09:52:49.1370000,38.194360,-122.919440
1982284,"Indian Heights",3555,233,"16T","16T2H5S4Q",3,2025-04-12 22:38:20.4830000,0,0,645948,2026-10-05 09:52:53.1330000,40.427260,-86.125550
1859505,"Nicks Cove",3567,233,"10S","10S1H2S4Q",3,2026-09-15 19:22:35.7470000,0,300,2004,2026-10-05 09:52:58.8970000,38.199640,-122.921110
1867067,"Hessel",3567,233,"10S","10S1H2S4Q",2,2026-10-05 09:53:34.4170000,0,1500,1234,2026-10-05 09:53:34.4170000,38.348250,-122.777210
1745983,"Midvalley",3567,233,"11S","11S1H4S3Q",2,2026-10-05 09:53:56.0400000,230,992,0,2026-10-05 09:53:56.0400000,36.298010,-119.388170
1749331,"Goshen",3567,233,"11S","11S1H4S3Q",2,2026-10-05 09:54:15.7070000,0,991,0,2026-10-05 09:54:15.7070000,36.351060,-119.420120
1749377,"Goshen",3567,233,"11S","11S1H4S3Q",2,2026-10-05 09:54:30.5530000,83,991,0,2026-10-05 09:54:30.5530000,36.351680,-119.421070
1748613,"Remnoy",3567,233,"11S","11S1H4S3Q",2,2026-10-05 09:54:45.8900000,6,2091,0,2026-10-05 09:54:45.8900000,36.339670,-119.554290
1747865,"Shell",3567,233,"11S","11S1H4S3Q",2,2026-10-05 09:54:57.8200000,0,990,0,2026-10-05 09:54:57.8200000,36.328840,-119.623180
1747795,"Hanford",3567,233,"11S","11S1H4S3Q",2,2026-10-05 09:55:16.7670000,113,990,0,2026-10-05 09:55:16.7670000,36.327450,-119.645680
1751106,"Lucerne",3567,233,"11S","11S1H4S3Q",2,2026-10-05 09:55:25.6130000,0,983,0,2026-10-05 09:55:25.6130000,36.380780,-119.664300
1752204,"Shirley",3567,233,"11S","11S1H4S3Q",2,2026-10-05 09:55:44.1970000,0,983,0,2026-10-05 09:55:44.1970000,36.398560,-119.664300
1752486,"Hardwick",3567,233,"11S","11S1H4S3Q",2,2026-10-05 09:55:53.1730000,0,981,0,2026-10-05 09:55:53.1730000,36.401340,-119.718740
1754441,"Laton",3567,233,"11S","11S1H4S3Q",2,2026-10-05 09:56:02.1630000,0,981,0,2026-10-05 09:56:02.1630000,36.433850,-119.691540
1754284,"Laton",3567,233,"11S","11S1H4S3Q",2,2026-10-05 09:56:28.8730000,0,981,0,2026-10-05 09:56:28.8770000,36.433280,-119.686800
1755686,"Traver",3567,233,"11S","11S1H4S3Q",2,2026-10-05 09:56:38.9500000,211,989,0,2026-10-05 09:56:38.9500000,36.452670,-119.482380
1755826,"Traver",3567,233,"11S","11S1H4S3Q",2,2026-10-05 09:56:50.2370000,0,988,0,2026-10-05 09:56:50.2370000,36.455230,-119.484850
1788836,"Corralitos",3567,233,"10S","10S1H6S3Q",1,2024-10-25 22:11:19.7230000,1062009,0,0,2026-10-05 09:56:51.8500000,36.988560,-121.806340
1759564,"Kingsburg",3567,233,"11S","11S1H4S3Q",2,2026-10-05 09:56:59.6900000,226,985,0,2026-10-05 09:56:59.6900000,36.513840,-119.554020
1759034,"Wildflower",3567,233,"11S","11S1H4S3Q",2,2026-10-05 09:57:21.7100000,0,981,0,2026-10-05 09:57:21.7100000,36.503840,-119.683190
1759945,"Conejo",3567,233,"11S","11S1H4S3Q",2,2026-10-05 09:57:33.0000000,213,980,0,2026-10-05 09:57:33.0000000,36.518280,-119.719020
1761307,"Wineland",3567,233,"11S","11S1H4S3Q",2,2026-10-05 09:57:43.7370000,0,985,0,2026-10-05 09:57:43.7370000,36.541620,-119.583740
1762847,"Monmouth",3567,233,"11S","11S1H4S3Q",2,2026-10-05 09:57:57.8230000,0,979,0,2026-10-05 09:57:57.8230000,36.566060,-119.740140
1765303,"Bowles",3567,233,"11S","11S1H4S3Q",2,2026-10-05 09:58:09.2130000,0,978,0,2026-10-05 09:58:09.2130000,36.604120,-119.750970
1765542,"Bowles",3567,233,"11S","11S1H4S3Q",2,2026-10-05 09:58:22.8570000,0,978,0,2026-10-05 09:58:22.8570000,36.608750,-119.752390
1763256,"Selma",3567,233,"11S","11S1H4S3Q",2,2026-10-05 09:58:38.0900000,0,983,0,2026-10-05 09:58:38.0900000,36.570780,-119.612080
1765697,"Parlier",3567,233,"11S","11S1H4S3Q",2,2026-10-05 09:58:53.2300000,257,985,0,2026-10-05 09:58:53.2300000,36.611620,-119.527070
2770115,"Rouma",851,64,"35V","35V2H1S3Q",3,2026-10-05 09:59:01.4530000,0,0,1125,2026-10-05 09:59:01.4530000,58.981940,24.067780
1766410,"Miley",3567,233,"11S","11S1H4S3Q",2,2026-10-05 09:59:19.3500000,0,985,0,2026-10-05 09:59:19.3500000,36.622170,-119.547070
2769253,"Nomme-Huugi",847,64,"35V","35V2H1S3Q",3,2026-10-05 09:59:09.2830000,0,0,2317,2026-10-05 09:59:21.3830000,58.936670,24.235560
1681797,"ming gu wu",1447,114,"53S","53S2H3S1Q",2,2026-05-22 03:17:37.9430000,0,520087,2661,2026-10-05 09:59:24.6700000,35.180230,136.906940
1768354,"Del Rey",3567,233,"11S","11S1H4S3Q",2,2026-10-05 09:59:32.8100000,0,983,0,2026-10-05 09:59:32.8100000,36.656210,-119.599200
1768493,"Del Rey",3567,233,"11S","11S1H4S3Q",2,2026-10-05 09:59:43.2600000,0,983,0,2026-10-05 09:59:43.2600000,36.659120,-119.593740
2769631,"Kumma",847,64,"35V","35V2H1S3Q",3,2026-10-05 09:59:43.8030000,0,0,1122,2026-10-05 09:59:43.8030000,58.954720,24.836390
2769314,"Linnaaluste",847,64,"35V","35V2H1S3Q",3,2026-10-05 09:59:51.4630000,0,0,1391,2026-10-05 09:59:51.4630000,58.940830,24.938330
2768250,"Aasuvalja",853,64,"35V","35V2H1S4Q",3,2026-10-05 10:00:14.2000000,0,0,1119,2026-10-05 10:00:14.2000000,58.894440,25.417780
2768853,"Venevere",853,64,"35V","35V2H1S4Q",3,2026-10-05 10:00:19.8970000,0,0,1117,2026-10-05 10:00:19.8970000,58.918890,25.474720
2769595,"Polliku",847,64,"35V","35V2H1S4Q",3,2026-10-05 10:00:45.9900000,0,0,1122,2026-10-05 10:00:45.9900000,58.951940,25.180000
2770360,"Vana-Kaiu",847,64,"35V","35V2H1S4Q",3,2026-10-05 10:00:56.9400000,0,0,1115,2026-10-05 10:00:56.9400000,58.989440,25.083890
2769569,"Lihu",847,64,"35V","35V2H1S4Q",3,2026-10-05 10:01:43.3430000,0,0,1122,2026-10-05 10:01:43.3430000,58.950560,25.063060
1712506,"Borosolvay",3567,233,"11S","11S2H2S1Q",2,2026-10-05 10:01:48.3800000,0,1060,0,2026-10-05 10:01:48.3800000,35.734950,-117.401720
1713122,"Argus",3567,233,"11S","11S2H2S1Q",2,2026-10-05 10:01:58.8530000,0,1060,0,2026-10-05 10:01:58.8530000,35.747180,-117.395340
1714413,"Searles Valley",3567,233,"11S","11S2H2S1Q",2,2026-10-05 10:02:09.8130000,0,1060,0,2026-10-05 10:02:09.8170000,35.767450,-117.403950
1824505,"Ralston",3570,233,"11S","11S1H5S1Q",2,2026-09-28 05:54:55.7830000,0,2236,0,2026-10-05 10:02:18.8730000,37.556040,-117.152850
1770383,"Deer Crossing",3567,233,"11S","11S1H4S3Q",2,2026-10-05 10:04:34.4170000,0,997,0,2026-10-05 10:04:34.4170000,36.689950,-119.048720
1770522,"Miramonte",3567,233,"11S","11S1H4S3Q",2,2026-10-05 10:04:48.0170000,140,997,0,2026-10-05 10:04:48.0200000,36.692450,-119.052330
1776114,"Goodmill",3567,233,"11S","11S1H4S3Q",2,2026-10-05 10:04:58.6400000,0,989,0,2026-10-05 10:04:58.6400000,36.780780,-119.023440
1721496,"Ducor",3567,233,"11S","11S2H1S1Q",2,2026-10-05 10:05:07.8530000,164,1003,0,2026-10-05 10:05:07.8530000,35.891620,-119.047320
1721649,"Ducor",3567,233,"11S","11S2H1S1Q",2,2026-10-05 10:05:17.7430000,164,1003,0,2026-10-05 10:05:17.7430000,35.894330,-119.045570
1721458,"Fountain Springs",3567,233,"11S","11S2H1S2Q",2,2026-10-05 10:05:33.1270000,0,1007,0,2026-10-05 10:05:33.1270000,35.891060,-118.915650
1725649,"Terra Bella",3567,233,"11S","11S2H1S1Q",2,2026-10-05 10:05:41.7570000,160,1009,0,2026-10-05 10:05:41.7570000,35.959610,-119.038890
1725818,"Terra Bella",3567,233,"11S","11S2H1S1Q",2,2026-10-05 10:05:52.1100000,160,1006,300,2026-10-05 10:05:52.1100000,35.962450,-119.044270
1726807,"Deer Creek Colony",3567,233,"11S","11S2H1S1Q",2,2026-10-05 10:06:21.2500000,162,1010,0,2026-10-05 10:06:21.2500000,35.978290,-119.000100
1727712,"Elmco",3567,233,"11S","11S2H1S1Q",2,2026-10-05 10:06:38.0330000,158,1008,0,2026-10-05 10:06:38.0330000,35.992450,-119.042880
1729295,"Lois",3567,233,"11S","11S1H4S3Q",2,2026-10-05 10:06:50.1930000,158,1009,0,2026-10-05 10:06:50.1930000,36.018560,-119.027600
1729531,"Magnolia",3567,233,"11S","11S1H4S4Q",2,2026-10-05 10:07:03.4870000,160,1010,0,2026-10-05 10:07:03.4870000,36.022730,-118.995100
1729517,"Sunland",3567,233,"11S","11S1H4S4Q",2,2026-10-05 10:07:15.8030000,162,1010,0,2026-10-05 10:07:15.8030000,36.022450,-118.982320
1730418,"Lumer",3567,233,"11S","11S1H4S4Q",2,2026-10-05 10:07:34.4770000,0,1006,0,2026-10-05 10:07:34.4770000,36.037450,-118.991210
1730740,"Plano",3567,233,"11S","11S1H4S3Q",2,2026-10-05 10:07:55.1870000,0,1005,0,2026-10-05 10:07:55.1870000,36.043560,-119.008430
1730654,"Ponca",3567,233,"11S","11S1H4S3Q",2,2026-10-05 10:08:11.1070000,0,1002,0,2026-10-05 10:08:11.1070000,36.041900,-119.017050
1732249,"Nanceville",3567,233,"11S","11S1H4S3Q",2,2026-10-05 10:08:23.0470000,0,1004,0,2026-10-05 10:08:23.0470000,36.069400,-119.073160
1731979,"Jones Corner",3567,233,"11S","11S1H4S3Q",2,2026-10-05 10:08:52.9800000,148,1002,0,2026-10-05 10:08:52.9800000,36.065790,-119.107050
2050401,"Perez",3567,233,"10T","10T2H6S1Q",2,2026-10-05 10:09:28.3170000,0,855,0,2026-10-05 10:09:28.3170000,41.676270,-121.254150
2402794,"Plzen",697,56,"33U","33U2H4S2Q",3,2026-08-12 13:03:50.7630000,0,101400,742451,2026-10-05 10:11:10.4700000,49.747470,13.377590
2403451,"Ujezd",697,56,"33U","33U2H4S2Q",2,2026-10-05 10:12:35.6570000,0,930,0,2026-10-05 10:12:35.6570000,49.758540,13.434820
1815420,"Sylvania",3570,233,"11S","11S1H5S1Q",2,2026-10-05 10:14:31.0400000,0,1892,0,2026-10-05 10:14:31.0430000,37.397990,-117.724250
2046118,"Kephart",3567,233,"10T","10T2H6S1Q",2,2026-10-05 10:15:30.6200000,0,855,0,2026-10-05 10:15:30.6230000,41.589050,-121.314150
2621463,"Trentrade",702,57,"32U","32U1H2S4Q",3,2022-10-05 21:33:59.0570000,0,0,71903,2026-10-05 10:21:51.5530000,54.283330,9.866670
2770084,"Oraniku",847,64,"35V","35V2H1S4Q",3,2026-10-05 10:22:50.2670000,0,0,1122,2026-10-05 10:22:50.2670000,58.979720,25.129440
2771330,"Lagevainu",847,64,"35V","35V2H1S2Q",3,2026-10-05 10:23:06.4430000,0,0,1129,2026-10-05 10:23:06.4430000,59.035560,25.089170
2772358,"Siuge",847,64,"35V","35V2H1S2Q",3,2026-10-05 10:23:17.1730000,0,0,1128,2026-10-05 10:23:17.1730000,59.083890,25.134440
2772519,"Rava",856,64,"35V","35V2H1S2Q",3,2026-10-05 10:23:24.5100000,0,0,1130,2026-10-05 10:23:24.5100000,59.097220,25.285830
2775399,"Nombra",856,64,"35V","35V2H1S2Q",3,2026-10-05 10:23:36.7700000,0,0,1067,2026-10-05 10:23:36.7700000,59.228890,25.249170
2776637,"Kiviloo",856,64,"35V","35V2H1S2Q",3,2026-10-05 10:23:43.9770000,0,0,1132,2026-10-05 10:23:43.9770000,59.289440,25.238610
2777558,"Paenurme",856,64,"35V","35V2H1S2Q",3,2026-10-05 10:23:54.3400000,0,0,1055,2026-10-05 10:23:54.3400000,59.333330,25.250000
2779819,"Hirvli",856,64,"35V","35V2H1S2Q",3,2026-10-05 10:24:15.6830000,0,0,1134,2026-10-05 10:24:15.6830000,59.440000,25.540000
2779517,"Sigula",856,64,"35V","35V2H1S2Q",3,2026-10-05 10:24:20.9730000,0,0,1134,2026-10-05 10:24:20.9730000,59.431110,25.594440
1870055,"Dillard",3567,233,"10S","10S1H3S3Q",2,2013-05-16 19:37:41.1700000,0,2863993,698692,2026-10-05 10:27:48.4000000,38.401300,-121.256890
2048957,"Tionesta",3567,233,"10T","10T2H6S1Q",2,2026-10-05 10:29:49.2270000,0,851,0,2026-10-05 10:29:49.2270000,41.645990,-121.328040
2055971,"Cornell",3567,233,"10T","10T2H6S1Q",2,2026-10-05 10:30:00.4400000,0,851,0,2026-10-05 10:30:00.4400000,41.799330,-121.319430
2061829,"Dalton",3567,233,"10T","10T2H6S1Q",2,2026-10-05 10:31:27.3930000,0,849,0,2026-10-05 10:31:27.3930000,41.936270,-121.419440
2780203,"Mustametsa",856,64,"35V","35V2H1S2Q",3,2026-10-05 10:44:54.1630000,0,0,1135,2026-10-05 10:44:54.1630000,59.465000,25.570560
2780745,"Uuri",856,64,"35V","35V2H1S2Q",3,2026-10-05 10:45:07.3000000,0,0,1135,2026-10-05 10:45:07.3000000,59.489170,25.580280
2781402,"Suurekorve",856,64,"35V","35V2H1S2Q",3,2026-10-05 10:45:15.4800000,0,0,1135,2026-10-05 10:45:15.4800000,59.530560,25.653330
2781355,"Kolgakula",856,64,"35V","35V2H1S2Q",3,2026-10-05 10:45:21.0830000,0,0,1135,2026-10-05 10:45:21.0830000,59.524170,25.719720
2520668,"Neu Lubbenau",713,57,"33U","33U1H4S4Q",3,2026-09-19 09:23:33.4830000,0,0,11398,2026-10-05 10:45:38.3130000,52.066670,13.900000
2779357,"Aaspere",850,64,"35V","35V2H2S1Q",3,2026-10-05 10:45:39.4130000,0,0,1120,2026-10-05 10:45:39.4130000,59.416940,26.117220
2521498,"Damm",713,57,"33U","33U1H4S4Q",3,2026-09-19 15:12:21.5470000,0,0,10789,2026-10-05 10:45:44.5270000,52.083330,13.866670
2779529,"Essu",850,64,"35V","35V2H2S1Q",3,2026-10-05 10:45:55.7500000,1048,0,1189,2026-10-05 10:45:55.7500000,59.432500,26.365000
2780506,"Ojakula",850,64,"35V","35V2H2S1Q",3,2026-10-05 10:46:00.9900000,0,0,1133,2026-10-05 10:46:00.9900000,59.482220,26.483610
2780826,"Kunda",850,64,"35V","35V2H2S1Q",3,2026-10-05 10:46:06.4030000,0,0,1127,2026-10-05 10:46:06.4030000,59.498610,26.526110
1517122,"Watkins",3549,233,"14S","14S2H6S4Q",1,2020-12-28 22:28:13.9130000,177621,0,0,2026-10-05 10:48:03.0500000,32.539580,-96.027750
2064303,"Kalina",3567,233,"10T","10T2H6S1Q",2,2026-10-05 10:50:52.5600000,0,856,0,2026-10-05 10:50:52.5600000,41.995160,-121.420270
2064949,"Malin",3576,233,"10T","10T2H3S3Q",2,2026-10-03 17:05:26.8370000,0,2180,0,2026-10-05 10:51:03.3300000,42.012660,-121.408600
1731339,"Poplar",3567,233,"11S","11S1H4S3Q",2,2026-10-05 10:51:11.5330000,0,1002,0,2026-10-05 10:51:11.5330000,36.053290,-119.143160
1731500,"Poplar-Cotton Center",3567,233,"11S","11S1H4S3Q",2,2026-10-05 10:51:18.7370000,0,1000,0,2026-10-05 10:51:18.7400000,36.056350,-119.149190
1731995,"Cotton Center",3567,233,"11S","11S1H4S3Q",2,2026-10-05 10:51:26.7500000,0,1001,0,2026-10-05 10:51:26.7500000,36.066060,-119.142880
1732968,"Vincent",3567,233,"11S","11S1H4S3Q",2,2026-10-05 10:51:38.9900000,143,1001,0,2026-10-05 10:51:38.9900000,36.083290,-119.145380
1736622,"Plainview",3567,233,"11S","11S1H4S3Q",2,2026-10-05 10:51:46.7930000,0,1000,0,2026-10-05 10:51:46.7970000,36.144120,-119.134000
1734850,"Zante",3567,233,"11S","11S1H4S3Q",2,2026-10-05 10:51:54.8770000,149,1008,0,2026-10-05 10:51:54.8770000,36.114670,-119.045660
1733615,"Woodville",3567,233,"11S","11S1H4S3Q",2,2026-10-05 10:52:03.5070000,0,1000,0,2026-10-05 10:52:03.5070000,36.093560,-119.199000
1733397,"Woodville",3567,233,"11S","11S1H4S3Q",2,2026-10-05 10:52:15.4770000,138,999,0,2026-10-05 10:52:15.4770000,36.089830,-119.205030
1733664,"Lowes Corner",3567,233,"11S","11S1H4S3Q",2,2026-10-05 10:52:22.6370000,0,998,0,2026-10-05 10:52:22.6370000,36.094400,-119.232050
1735430,"Octol",3567,233,"11S","11S1H4S3Q",2,2026-10-05 10:52:32.7930000,0,1936,0,2026-10-05 10:52:37.4330000,36.123840,-119.328450
1900834,"Round Hill",3570,233,"11S","11S1H1S3Q",2,2026-09-22 08:42:42.4430000,0,2145,0,2026-10-05 10:52:50.0900000,38.991300,-119.940460
1900605,"Elk Point",3570,233,"11S","11S1H1S3Q",2,2026-09-22 08:42:35.5070000,0,2145,0,2026-10-05 10:52:59.1800000,38.986020,-119.956570
1902644,"Skyland",3570,233,"11S","11S1H1S1Q",2,2026-09-22 08:42:47.0400000,0,2146,0,2026-10-05 10:53:08.6270000,39.022410,-119.948240
1542770,"Rancho Bernardo",3567,233,"11S","11S2H5S1Q",2,2026-10-05 10:53:15.0270000,0,590,0,2026-10-05 10:53:15.0270000,33.018650,-117.060870
1907419,"Tahoe Pines",3567,233,"10S","10S1H3S2Q",2,2026-10-05 10:53:44.7170000,0,999,14,2026-10-05 10:53:44.7170000,39.104630,-120.160190
1905074,"Tahoma Meadows",3567,233,"10S","10S1H3S2Q",2,2026-10-05 10:54:32.2300000,0,1079,44,2026-10-05 10:54:32.2300000,39.065190,-120.147970
1905322,"Tahoma",3567,233,"10S","10S1H3S2Q",2,2026-10-05 10:55:03.0300000,0,2700,1234,2026-10-05 10:55:07.0270000,39.067410,-120.128240
2522309,"Neu Schadow",713,57,"33U","33U1H4S4Q",3,2026-09-24 05:04:58.1970000,0,0,10944,2026-10-05 10:55:09.2500000,52.100000,13.933330
1908658,"Timberland",3567,233,"10S","10S1H3S2Q",2,2026-10-05 10:55:27.6430000,0,991,217,2026-10-05 10:55:27.6430000,39.127410,-120.165750
1909731,"Talmont",3567,233,"10S","10S1H3S2Q",2,2026-10-05 10:55:45.6430000,0,1003,0,2026-10-05 10:55:45.6430000,39.144910,-120.166860
1714070,"Trona",3567,233,"11S","11S2H2S1Q",2,2026-10-05 10:56:19.0000000,0,1062,0,2026-10-05 10:56:19.0000000,35.762730,-117.372830
1715441,"Pioneer Point",3567,233,"11S","11S2H2S1Q",2,2026-10-05 10:56:26.3830000,0,1062,0,2026-10-05 10:56:26.3830000,35.785790,-117.363390
1717895,"Valley Wells",3567,233,"11S","11S2H2S1Q",2,2026-10-05 10:56:35.1570000,0,1062,0,2026-10-05 10:56:35.1570000,35.828290,-117.331720
1799306,"Sierra Vista",3567,233,"10S","10S1H6S2Q",2,2026-10-05 10:56:51.7200000,0,954,0,2026-10-05 10:56:51.7200000,37.151330,-120.286290
1798454,"Minturn",3567,233,"10S","10S1H6S2Q",2,2026-10-05 10:56:58.3100000,0,954,0,2026-10-05 10:56:58.3100000,37.139670,-120.274340
1797310,"Chowchilla",3567,233,"10S","10S1H6S2Q",2,2026-10-05 10:57:08.2400000,0,955,0,2026-10-05 10:57:08.2400000,37.123000,-120.260180
1624598,"Cordes Junction",3572,233,"12S","12S2H1S4Q",2,2026-10-05 10:57:15.4670000,0,1000,0,2026-10-05 10:57:15.4670000,34.332250,-112.120440
1625397,"Arcosanti",3572,233,"12S","12S2H1S4Q",2,2026-10-05 10:57:24.0470000,0,983,0,2026-10-05 10:57:24.0470000,34.343080,-112.100710
1626799,"Ocotillo",3572,233,"12S","12S2H1S4Q",3,2026-09-22 16:36:20.5870000,0,300,13718,2026-10-05 10:57:34.4100000,34.363640,-112.201830
1734119,"Globe",3567,233,"11S","11S1H4S4Q",2,2026-10-05 10:57:48.7300000,0,1009,0,2026-10-05 10:57:48.7300000,36.101060,-118.828150
1735048,"Springville",3567,233,"11S","11S1H4S4Q",2,2026-10-05 10:57:56.9800000,0,1008,0,2026-10-05 10:57:56.9800000,36.116780,-118.834380
1735750,"Springville",3567,233,"11S","11S1H4S4Q",2,2026-10-05 10:58:03.0370000,0,1009,0,2026-10-05 10:58:03.0370000,36.130230,-118.818150
1716911,"White River",3567,233,"11S","11S2H1S2Q",2,2026-10-05 10:58:09.3500000,0,1009,0,2026-10-05 10:58:09.3500000,35.811060,-118.842870
1722164,"Stone Place",3567,233,"11S","11S2H1S2Q",2,2026-10-05 10:58:15.8130000,0,1012,0,2026-10-05 10:58:15.8130000,35.902450,-118.734260
1720807,"California Hot Springs",3567,233,"11S","11S2H1S2Q",2,2026-10-05 10:58:25.8730000,0,1016,0,2026-10-05 10:58:25.8730000,35.880230,-118.673700
1720693,"Pine Flat",3567,233,"11S","11S2H1S2Q",2,2026-10-05 10:58:35.5430000,0,1017,0,2026-10-05 10:58:35.5430000,35.878010,-118.651480
1719017,"White River Summer Home Tract",3567,233,"11S","11S2H1S2Q",2,2026-10-05 10:58:43.8930000,0,1017,0,2026-10-05 10:58:43.8930000,35.849390,-118.627030
1718241,"Guernsey Mill",3567,233,"11S","11S2H1S2Q",2,2026-10-05 10:58:51.7100000,0,1017,0,2026-10-05 10:58:51.7100000,35.834120,-118.616480
1718481,"Sugarloaf Mountain Park",3567,233,"11S","11S2H1S2Q",2,2026-10-05 10:59:05.5070000,0,1018,0,2026-10-05 10:59:05.5070000,35.838840,-118.604530
1723641,"Fairview",3567,233,"11S","11S2H1S2Q",2,2026-10-05 10:59:12.9900000,0,1023,0,2026-10-05 10:59:12.9900000,35.925780,-118.494810
1723687,"Roads End",3567,233,"11S","11S2H1S2Q",2,2026-10-05 10:59:19.2270000,0,1023,0,2026-10-05 10:59:19.2270000,35.926620,-118.499250
1726618,"Johnsondale",3567,233,"11S","11S2H1S2Q",2,2026-10-05 10:59:26.2070000,0,1022,41,2026-10-05 10:59:26.2070000,35.974670,-118.540920
1817934,"Indian Gulch",3567,233,"10S","10S1H6S2Q",2,2026-10-05 10:59:40.7630000,0,954,0,2026-10-05 10:59:40.7630000,37.439380,-120.196850
1808592,"Planada",3567,233,"10S","10S1H6S2Q",2,2026-10-05 10:59:48.7530000,0,951,0,2026-10-05 10:59:48.7530000,37.290770,-120.318520
2561857,"Marston Montgomery",979,77,"30U","30U1H6S3Q",2,2026-04-01 02:07:24.6830000,0,623463,10856,2026-10-05 10:59:52.5400000,52.933330,-1.783330
1808487,"Planada",3567,233,"10S","10S1H6S2Q",2,2026-10-05 10:59:57.4300000,0,951,0,2026-10-05 10:59:57.4300000,37.289150,-120.325110
1808975,"Calpack",3567,233,"10S","10S1H6S2Q",2,2026-10-05 11:00:09.3800000,0,949,0,2026-10-05 11:00:09.3800000,37.296890,-120.352130
1808928,"Tuttle",3567,233,"10S","10S1H6S2Q",2,2026-10-05 11:00:16.5400000,0,948,0,2026-10-05 11:00:16.5400000,37.296050,-120.378800
1808849,"Kadota",3567,233,"10S","10S1H6S2Q",2,2026-10-05 11:00:25.7370000,0,947,0,2026-10-05 11:00:25.7370000,37.294940,-120.412130
1808992,"Bear Creek",3567,233,"10S","10S1H6S2Q",2,2026-10-05 11:00:33.1630000,0,948,0,2026-10-05 11:00:33.1630000,37.297160,-120.417410
1805248,"Lingard",3567,233,"10S","10S1H6S2Q",2,2026-10-05 11:00:41.7100000,0,948,0,2026-10-05 11:00:41.7100000,37.240220,-120.397410
1803029,"Athlone",3567,233,"10S","10S1H6S2Q",2,2026-10-05 11:00:56.9800000,0,949,0,2026-10-05 11:00:56.9800000,37.208000,-120.357960
1727048,"Redwood Corral",3567,233,"11S","11S2H1S2Q",2,2026-10-05 11:01:09.3030000,0,1016,0,2026-10-05 11:01:09.3030000,35.982450,-118.662590
1730086,"Wheatons",3567,233,"11S","11S1H4S4Q",2,2026-10-05 11:01:20.9230000,0,1014,0,2026-10-05 11:01:20.9230000,36.032450,-118.702590
1733421,"Smith Mill",3567,233,"11S","11S1H4S4Q",2,2026-10-05 11:01:27.9430000,0,1017,0,2026-10-05 11:01:27.9430000,36.090230,-118.658420
1736542,"Camp Nelson",3567,233,"11S","11S1H4S4Q",2,2026-10-05 11:01:36.6500000,0,1019,0,2026-10-05 11:01:36.6500000,36.142720,-118.609260
1736686,"Cedar Slope",3567,233,"11S","11S1H4S4Q",2,2026-10-05 11:02:00.5300000,0,1020,0,2026-10-05 11:02:00.5300000,36.145220,-118.578420
1734600,"Quaker Meadow",3567,233,"11S","11S1H4S4Q",2,2026-10-05 11:02:12.5400000,0,1021,0,2026-10-05 11:02:12.5400000,36.110220,-118.554530
1742342,"Mountain Home",3567,233,"11S","11S1H4S4Q",2,2026-10-05 11:02:20.8330000,0,1014,0,2026-10-05 11:02:20.8330000,36.234670,-118.695930
1741486,"Milo",3567,233,"11S","11S1H4S4Q",2,2026-10-05 11:02:28.4700000,0,1009,0,2026-10-05 11:02:28.4700000,36.220230,-118.817320
2248393,"Upson",3566,233,"15T","15T1H3S4Q",3,2013-08-11 01:32:33.8530000,0,0,6327835,2026-10-05 11:02:31.4930000,46.369120,-90.406850
1692282,"Randsburg",3567,233,"11S","11S2H2S1Q",2,2026-10-05 11:02:35.4530000,0,1051,0,2026-10-05 11:02:35.4530000,35.367960,-117.660620
1692481,"Johannesburg",3567,233,"11S","11S2H2S1Q",2,2026-10-05 11:02:47.9770000,0,1051,0,2026-10-05 11:02:47.9770000,35.372740,-117.634780
1692438,"Johannesburg",3567,233,"11S","11S2H2S1Q",2,2026-10-05 11:02:53.4500000,0,1052,0,2026-10-05 11:02:53.4500000,35.371760,-117.641960
1701672,"Spangler",3567,233,"11S","11S2H2S1Q",2,2026-10-05 11:03:05.7500000,0,1059,0,2026-10-05 11:03:05.7500000,35.548850,-117.451440
1691673,"Red Mountain",3567,233,"11S","11S2H2S1Q",2,2026-10-05 11:03:14.6170000,0,1053,0,2026-10-05 11:03:14.6170000,35.358300,-117.616730
1710583,"Skytop",3567,233,"11S","11S2H2S1Q",2,2026-10-05 11:03:23.2400000,0,1058,0,2026-10-05 11:03:23.2400000,35.701340,-117.498950
1710859,"Westend",3567,233,"11S","11S2H2S1Q",2,2026-10-05 11:03:35.2600000,0,1062,0,2026-10-05 11:03:35.2600000,35.706900,-117.392280
1711326,"South Trona",3567,233,"11S","11S2H2S1Q",2,2026-10-05 11:03:42.5170000,0,1062,0,2026-10-05 11:03:42.5170000,35.715510,-117.397280
1719639,"Homewood Canyon-Valley Wells",3567,233,"11S","11S2H2S1Q",2,2026-10-05 11:03:49.4830000,0,1062,0,2026-10-05 11:03:49.4830000,35.860440,-117.371760
1732477,"Junction Ranch",3567,233,"11S","11S1H5S3Q",2,2026-10-05 11:03:58.2470000,0,1059,0,2026-10-05 11:03:58.2470000,36.073830,-117.512840
1663174,"Lenwood",3567,233,"11S","11S2H2S3Q",2,2026-10-05 11:04:10.4270000,0,1061,0,2026-10-05 11:04:10.4270000,34.885510,-117.106870
1663460,"Grandview",3567,233,"11S","11S2H2S3Q",2,2026-10-05 11:04:19.9970000,0,1061,0,2026-10-05 11:04:19.9970000,34.889980,-117.106710
1662496,"Lenwood",3567,233,"11S","11S2H2S3Q",2,2026-10-05 11:04:26.3100000,0,1061,0,2026-10-05 11:04:26.3100000,34.876650,-117.103930
1664669,"Hutt",3567,233,"11S","11S2H2S3Q",2,2026-10-05 11:04:37.4800000,0,1062,0,2026-10-05 11:04:37.4800000,34.907760,-117.075320
1936395,"Four Pines",3567,233,"10S","10S1H2S1Q",2,2026-10-05 11:08:16.8030000,0,841,0,2026-10-05 11:08:16.8030000,39.609880,-123.012780
1940299,"Hays Place",3567,233,"10S","10S1H2S2Q",2,2026-10-05 11:08:23.4030000,0,842,0,2026-10-05 11:08:23.4030000,39.677100,-122.911110
1941491,"O'Neil Place",3567,233,"10S","10S1H2S2Q",2,2026-10-05 11:08:34.1830000,0,842,0,2026-10-05 11:08:34.1830000,39.698770,-122.960280
1942194,"Jenks Place",3567,233,"10S","10S1H2S2Q",2,2026-10-05 11:08:41.8970000,0,843,0,2026-10-05 11:08:41.8970000,39.708490,-122.848330
1944835,"Cubbler Place",3567,233,"10S","10S1H2S1Q",2,2026-10-05 11:08:51.4330000,0,840,0,2026-10-05 11:08:51.4330000,39.752660,-123.149730
1952522,"Reeves Place",3567,233,"10S","10S1H2S1Q",2,2026-10-05 11:08:58.5300000,0,841,0,2026-10-05 11:08:58.5300000,39.889040,-123.113620
1905767,"Elkinsville",3555,233,"16S","16S1H2S2Q",2,2010-01-01 00:00:00.0000000,0,1852067,1500,2026-10-05 11:08:58.6530000,39.076160,-86.264710
1967038,"Cain Rock",3567,233,"10T","10T2H5S3Q",2,2026-10-05 11:09:11.6230000,0,838,0,2026-10-05 11:09:11.6230000,40.136810,-123.592800
1936033,"Brentwood",3555,233,"16S","16S1H2S2Q",3,2019-06-23 09:44:08.6100000,0,0,335991,2026-10-05 11:09:13.1130000,39.602780,-86.182780
1968925,"Steelhead",3567,233,"10T","10T2H5S3Q",2,2026-10-05 11:09:22.0370000,0,838,0,2026-10-05 11:09:22.0370000,40.170150,-123.645310
1964066,"Harris",3567,233,"10T","10T2H5S3Q",2,2026-10-05 11:09:30.6770000,0,837,0,2026-10-05 11:09:30.6770000,40.084040,-123.658640
1959428,"Cooks Valley",3567,233,"10T","10T2H5S3Q",2,2026-10-05 11:09:37.7130000,0,837,0,2026-10-05 11:09:37.7130000,40.001260,-123.786140
1965346,"Briceland",3567,233,"10T","10T2H5S3Q",2,2026-10-05 11:09:47.1370000,0,837,0,2026-10-05 11:09:47.1400000,40.107920,-123.900030
1960593,"Whitethorn",3567,233,"10T","10T2H5S3Q",2,2026-10-05 11:09:56.2030000,0,836,0,2026-10-05 11:09:56.2030000,40.023760,-123.943080
1962768,"Thorn Junction",3567,233,"10T","10T2H5S3Q",2,2026-10-05 11:10:07.9500000,0,836,0,2026-10-05 11:10:07.9500000,40.063480,-123.963640
1967101,"Ettersburg",3567,233,"10T","10T2H5S3Q",2,2026-10-05 11:10:18.4470000,0,837,0,2026-10-05 11:10:18.4470000,40.138480,-123.997260
1954513,"Kenny",3567,233,"10S","10S1H2S1Q",2,2026-10-05 11:10:28.2830000,0,835,0,2026-10-05 11:10:28.2830000,39.921810,-123.898640
1952434,"Riverdale",3567,233,"10S","10S1H2S1Q",2,2026-10-05 11:10:41.7200000,0,836,0,2026-10-05 11:10:41.7200000,39.887650,-123.747520
1951016,"Leggett",3567,233,"10S","10S1H2S1Q",2,2026-10-05 11:10:51.6330000,0,836,0,2026-10-05 11:10:51.6330000,39.865710,-123.714190
2522307,"Neuendorf am See",713,57,"33U","33U1H4S4Q",3,2026-09-19 15:12:17.7830000,0,0,10794,2026-10-05 11:11:13.6300000,52.100000,13.900000
1942779,"Dos Rios",3567,233,"10S","10S1H2S1Q",2,2026-10-05 11:11:19.8630000,0,1138,0,2026-10-05 11:11:19.8630000,39.716820,-123.353350
1939241,"Tatu",3567,233,"10S","10S1H2S1Q",2,2026-10-05 11:11:30.0200000,0,838,0,2026-10-05 11:11:30.0200000,39.658210,-123.344740
1936603,"Farley",3567,233,"10S","10S1H2S1Q",2,2026-10-05 11:11:40.2130000,0,838,0,2026-10-05 11:11:40.2130000,39.614600,-123.367240
1933187,"Longvale",3567,233,"10S","10S1H2S1Q",2,2026-10-05 11:11:47.5100000,0,837,0,2026-10-05 11:11:47.5100000,39.555160,-123.429740
1926432,"DeCamp",3567,233,"10S","10S1H2S1Q",2,2026-10-05 11:11:54.3870000,0,837,0,2026-10-05 11:11:54.3870000,39.440160,-123.356120
1803501,"Crater",3567,233,"11S","11S1H5S1Q",2,2026-10-05 11:12:06.8800000,0,1026,0,2026-10-05 11:12:06.8800000,37.216040,-117.687300
1995680,"Wigdon Place",3567,233,"10T","10T2H5S3Q",2,2026-10-05 11:12:17.7800000,0,835,0,2026-10-05 11:12:17.7800000,40.675140,-123.461150
2003834,"Burnt Ranch",3567,233,"10T","10T2H5S3Q",2,2026-10-05 11:12:29.5370000,0,835,0,2026-10-05 11:12:29.5370000,40.809030,-123.474210
1972741,"Payne",3567,233,"10T","10T2H5S3Q",2,2026-10-05 11:12:39.3000000,0,837,0,2026-10-05 11:12:39.3000000,40.242930,-123.092800
1862168,"Lakeside Terrace",3567,233,"10S","10S1H3S4Q",2,2026-10-05 11:12:47.1000000,0,938,0,2026-10-05 11:12:47.1000000,38.251580,-120.321030
1861826,"McKay",3567,233,"10S","10S1H3S4Q",2,2026-10-05 11:12:58.1770000,0,938,0,2026-10-05 11:12:58.1770000,38.246860,-120.308250
1862457,"Blue Lake Junction",3567,233,"10S","10S1H3S4Q",2,2026-10-05 11:13:14.2600000,0,936,0,2026-10-05 11:13:14.2600000,38.258530,-120.331590
1773272,"Wilsonia",3567,233,"11S","11S1H4S4Q",2,2026-10-05 11:13:24.1130000,130,997,0,2026-10-05 11:13:24.1170000,36.734950,-118.956500
1773531,"Grant Grove Village",3567,233,"11S","11S1H4S4Q",2,2026-10-05 11:13:30.9330000,130,996,0,2026-10-05 11:13:30.9330000,36.739950,-118.962610
1780247,"Crabtree",3567,233,"11S","11S1H4S3Q",2,2026-10-05 11:13:38.6970000,148,992,0,2026-10-05 11:13:38.6970000,36.843560,-119.089840
1539388,"Poway",3567,233,"11S","11S2H5S3Q",2,2026-10-05 11:13:49.0770000,0,453,0,2026-10-05 11:13:49.0770000,32.962820,-117.035860
1917381,"Laughlin",3567,233,"10S","10S1H2S1Q",2,2026-10-05 11:14:02.2870000,0,838,0,2026-10-05 11:14:02.2870000,39.279610,-123.234450
1916544,"Redwood Valley",3567,233,"10S","10S1H2S1Q",2,2026-10-05 11:14:08.8800000,0,838,0,2026-10-05 11:14:08.8800000,39.265440,-123.204450
1919810,"Potter Valley",3567,233,"10S","10S1H2S1Q",2,2026-10-05 11:14:16.4630000,0,880,0,2026-10-05 11:14:16.4630000,39.322110,-123.113060
1914111,"Cooper",3567,233,"10S","10S1H2S1Q",2,2026-10-05 11:14:22.7430000,0,843,0,2026-10-05 11:14:22.7430000,39.219610,-123.004170
1914949,"Calpella",3567,233,"10S","10S1H2S1Q",2,2026-10-05 11:14:36.9900000,0,838,0,2026-10-05 11:14:36.9900000,39.233500,-123.203890
1912408,"The Forks",3567,233,"10S","10S1H2S1Q",2,2026-10-05 11:14:54.0630000,0,840,0,2026-10-05 11:14:54.0630000,39.191000,-123.207780
1911199,"Presswood",3567,233,"10S","10S1H2S1Q",2,2026-10-05 11:15:00.9030000,0,1668,0,2026-10-05 11:15:00.9030000,39.168230,-123.205840
1910145,"Ukiah",3567,233,"10S","10S1H2S1Q",2,2026-10-05 11:15:07.5430000,0,846,0,2026-10-05 11:15:07.5430000,39.150170,-123.207780
1908963,"Talmage",3567,233,"10S","10S1H2S1Q",2,2026-10-05 11:15:18.1770000,0,840,0,2026-10-05 11:15:18.1770000,39.133230,-123.167780
1909218,"Cape Horn",3567,233,"10S","10S1H2S1Q",2,2026-10-05 11:15:34.0970000,0,1684,0,2026-10-05 11:15:34.0970000,39.135460,-123.635290
2344693,"Giersdorf",715,57,"33U","33U2H4S3Q",3,2014-08-27 10:57:09.4330000,0,0,114689,2026-10-05 11:15:45.3630000,48.483330,12.333330
1897227,"Flumeville",3567,233,"10S","10S1H2S3Q",2,2026-10-05 11:15:47.4400000,0,1159,0,2026-10-05 11:15:47.4400000,38.929350,-123.709740
1894143,"Gallaway",3567,233,"10S","10S1H2S3Q",2,2026-10-05 11:15:57.4230000,0,1143,0,2026-10-05 11:15:57.4230000,38.869080,-123.653350
1888759,"Gualala",3567,233,"10S","10S1H2S3Q",2,2026-10-05 11:16:07.1130000,0,837,0,2026-10-05 11:16:07.1130000,38.765740,-123.528070
2055544,"Mount Hebron",3567,233,"10T","10T2H5S2Q",2,2026-10-05 11:16:17.1930000,0,845,0,2026-10-05 11:16:17.1930000,41.785460,-122.008190
2053066,"Jerome",3567,233,"10T","10T2H5S2Q",2,2026-10-05 11:16:27.6900000,0,845,0,2026-10-05 11:16:27.6900000,41.731540,-122.000280
2051130,"Kegg",3567,233,"10T","10T2H6S1Q",2,2026-10-05 11:16:34.6600000,0,845,0,2026-10-05 11:16:34.6600000,41.689320,-121.986950
2055601,"Mount Hebron",3567,233,"10T","10T2H5S2Q",2,2026-10-05 11:16:44.5970000,0,845,0,2026-10-05 11:16:44.5970000,41.787090,-122.004170
1794207,"Fairmead",3567,233,"10S","10S1H6S2Q",2,2026-10-05 11:16:57.2730000,0,958,0,2026-10-05 11:16:57.2730000,37.076330,-120.192950
1791828,"Berenda",3567,233,"10S","10S1H6S2Q",2,2026-10-05 11:17:06.1470000,0,960,0,2026-10-05 11:17:06.1470000,37.040220,-120.153500
1786767,"Bonita",3567,233,"10S","10S1H6S4Q",2,2026-10-05 11:17:33.1700000,0,959,0,2026-10-05 11:17:33.1700000,36.952450,-120.201830
1804615,"Plainsburg",3567,233,"10S","10S1H6S2Q",2,2026-10-05 11:17:41.0200000,0,951,0,2026-10-05 11:17:41.0200000,37.233000,-120.324350
1803723,"Le Grand",3567,233,"10S","10S1H6S2Q",2,2026-10-05 11:17:47.9630000,0,954,0,2026-10-05 11:17:47.9670000,37.217260,-120.256860
1804360,"Le Grand",3567,233,"10S","10S1H6S2Q",2,2026-10-05 11:18:01.9970000,0,954,0,2026-10-05 11:18:01.9970000,37.228550,-120.248230
1787163,"Madera",3567,233,"10S","10S1H6S4Q",2,2026-10-05 11:18:11.9030000,0,964,0,2026-10-05 11:18:11.9030000,36.961340,-120.060720
1787958,"Storey",3567,233,"10S","10S1H6S4Q",2,2026-10-05 11:18:25.2170000,269,966,0,2026-10-05 11:18:25.2170000,36.974110,-120.019050
1785446,"Italian Swiss Colony",3567,233,"10S","10S1H6S4Q",2,2026-10-05 11:18:33.4430000,0,963,0,2026-10-05 11:18:33.4430000,36.931060,-120.106550
1782483,"La Vina",3567,233,"10S","10S1H6S4Q",2,2026-10-05 11:18:43.8100000,0,963,0,2026-10-05 11:18:43.8100000,36.880500,-120.110440
1780825,"Ripperdan",3567,233,"10S","10S1H6S4Q",2,2026-10-05 11:18:59.5930000,0,965,0,2026-10-05 11:18:59.5930000,36.851340,-120.055990
1785250,"Parkwood",3567,233,"10S","10S1H6S4Q",2,2026-10-05 11:19:09.8000000,0,965,0,2026-10-05 11:19:09.8000000,36.927400,-120.038990
1785381,"Borden",3567,233,"10S","10S1H6S4Q",2,2026-10-05 11:19:19.4770000,0,966,0,2026-10-05 11:19:19.4770000,36.929950,-120.026550
1786372,"Parksdale",3567,233,"10S","10S1H6S4Q",2,2026-10-05 11:19:27.1370000,0,966,0,2026-10-05 11:19:27.1370000,36.947170,-120.022940
1786325,"Parksdale",3567,233,"10S","10S1H6S4Q",2,2026-10-05 11:19:37.6100000,0,966,0,2026-10-05 11:19:37.6100000,36.946220,-120.021790
1783200,"Irrigosa",3567,233,"11S","11S1H4S3Q",2,2026-10-05 11:19:46.7400000,0,968,0,2026-10-05 11:19:46.7400000,36.891060,-119.987380
1777686,"Biola",3567,233,"10S","10S1H6S4Q",2,2026-10-05 11:19:56.0370000,0,967,0,2026-10-05 11:19:56.0370000,36.802170,-120.016270
1777335,"Biola",3567,233,"10S","10S1H6S4Q",2,2026-10-05 11:20:05.2130000,0,967,0,2026-10-05 11:20:05.2130000,36.799940,-120.020990
1778172,"Highway City",3567,233,"11S","11S1H4S3Q",2,2026-10-05 11:20:17.8400000,0,972,0,2026-10-05 11:20:17.8400000,36.810780,-119.884870
1786899,"Sumner Hill",3567,233,"11S","11S1H4S3Q",2,2026-10-05 11:20:26.0400000,0,975,0,2026-10-05 11:20:26.0400000,36.955510,-119.750150
1788654,"Friant",3567,233,"11S","11S1H4S3Q",2,2026-10-05 11:20:35.8670000,0,976,0,2026-10-05 11:20:35.8670000,36.984040,-119.711590
1788802,"Friant",3567,233,"11S","11S1H4S3Q",2,2026-10-05 11:20:43.6970000,0,976,0,2026-10-05 11:20:43.6970000,36.987730,-119.711810
1792579,"Indian Springs",3567,233,"11S","11S1H4S1Q",2,2026-10-05 11:20:53.6000000,0,975,0,2026-10-05 11:20:53.6000000,37.050500,-119.732370
1790204,"Marshall Junction",3567,233,"11S","11S1H4S1Q",2,2026-10-05 11:21:06.3670000,0,981,0,2026-10-05 11:21:06.3670000,37.013840,-119.569030
1791681,"Prather",3567,233,"11S","11S1H4S1Q",2,2026-10-05 11:21:15.4500000,0,982,0,2026-10-05 11:21:15.4500000,37.037450,-119.514020
1794145,"Auberry",3567,233,"11S","11S1H4S1Q",2,2026-10-05 11:21:25.4270000,0,983,0,2026-10-05 11:21:25.4270000,37.075450,-119.490050
1794469,"Auberry",3567,233,"11S","11S1H4S1Q",2,2026-10-05 11:21:34.0370000,0,983,0,2026-10-05 11:21:34.0400000,37.080780,-119.485410
1795329,"New Auberry",3567,233,"11S","11S1H4S1Q",2,2026-10-05 11:21:52.0700000,0,982,0,2026-10-05 11:21:52.0700000,37.093280,-119.497080
2058663,"Mulkey Place",3567,233,"10T","10T2H6S2Q",2,2026-10-05 11:22:00.8130000,0,1712,0,2026-10-05 11:22:00.8130000,41.864890,-120.638850
1629924,"Wilhoit",3572,233,"12S","12S2H1S4Q",3,2026-10-03 15:32:14.8570000,0,300,4119,2026-10-05 11:22:09.6800000,34.408250,-112.615630
1817325,"Amsterdam",3567,233,"10S","10S1H6S2Q",2,2026-10-05 11:22:26.0270000,0,940,0,2026-10-05 11:22:26.0270000,37.430220,-120.542140
1820892,"Hopeton",3567,233,"10S","10S1H6S2Q",2,2026-10-05 11:22:42.9670000,0,939,0,2026-10-05 11:22:42.9670000,37.491600,-120.531030
1773937,"Fresno",3567,233,"11S","11S1H4S3Q",2,2026-10-05 11:22:50.4600000,0,976,0,2026-10-05 11:22:50.4600000,36.747730,-119.772370
2060539,"Yontocket",3567,233,"10T","10T2H4S2Q",2,2026-10-05 11:23:01.1270000,0,839,0,2026-10-05 11:23:01.1270000,41.907610,-124.198970
1667037,"Bear",3572,233,"12S","12S2H1S4Q",3,2026-10-05 00:12:46.5500000,0,300,9966,2026-10-05 11:23:30.5500000,34.942520,-112.247390
1847436,"Pizona",3567,233,"11S","11S1H4S2Q",2,2026-10-05 11:23:44.9730000,0,796,0,2026-10-05 11:23:44.9770000,37.971600,-118.558180
2142961,"Simplot",3573,233,"11T","11T2H2S2Q",3,2026-09-08 22:35:01.6330000,0,0,34180,2026-10-05 11:24:12.9600000,43.669600,-116.733470
1663181,"Paulden",3572,233,"12S","12S2H1S4Q",3,2026-10-05 06:17:13.9970000,0,300,8936,2026-10-05 11:24:15.6100000,34.885580,-112.468230
2142953,"Weitz",3573,233,"11T","11T2H2S2Q",3,2026-09-08 22:35:08.7370000,0,0,34888,2026-10-05 11:24:20.0800000,43.669330,-116.759590
2143021,"Greenleaf",3573,233,"11T","11T2H2S2Q",3,2026-09-08 22:55:43.7730000,0,0,24123,2026-10-05 11:24:25.1030000,43.671270,-116.816260
1668283,"Mack",3572,233,"12S","12S2H1S4Q",3,2026-10-05 03:55:20.3600000,0,300,8525,2026-10-05 11:24:41.4570000,34.960300,-112.287110
1864318,"Del Monte",3570,233,"11S","11S1H1S4Q",2,2026-10-05 11:24:56.1600000,0,2053,0,2026-10-05 11:24:56.1600000,38.294360,-118.930140
2146298,"Amsco",3573,233,"11T","11T2H2S2Q",3,2023-04-21 23:45:51.1870000,0,0,192398,2026-10-05 11:24:56.6270000,43.764610,-116.649300
2145743,"Josephson",3573,233,"11T","11T2H2S2Q",3,2026-07-17 17:44:08.1700000,0,0,21788,2026-10-05 11:25:02.5100000,43.748770,-116.638470
1633196,"Walker",3572,233,"12S","12S2H1S4Q",3,2026-10-04 02:58:13.5700000,0,300,11088,2026-10-05 11:25:18.5270000,34.455860,-112.378220
2549834,"Bablin",2451,180,"33U","33U1H6S3Q",2,2026-10-02 11:55:37.6270000,0,23783,0,2026-10-05 11:25:27.3700000,52.677050,16.717050
1632849,"Poland Junction",3572,233,"12S","12S2H1S4Q",3,2026-10-03 15:45:14.3330000,0,600,11285,2026-10-05 11:25:35.5600000,34.450860,-112.269330
1905144,"Pomins",3567,233,"10S","10S1H3S2Q",3,2026-09-21 20:53:01.2430000,0,1200,2907,2026-10-05 11:26:08.5830000,39.066570,-120.126850
1907638,"Idlewild",3567,233,"10S","10S1H3S2Q",3,2026-08-28 19:19:50.7600000,0,300,383,2026-10-05 11:26:44.4600000,39.108800,-120.159360
1964698,"Dublin",3563,233,"17T","17T2H4S3Q",1,2026-09-20 22:26:21.2170000,140123,0,0,2026-10-05 11:28:34.2100000,40.099230,-83.114080
1755569,"Mineral King",3567,233,"11S","11S1H4S4Q",2,2026-10-05 11:29:35.2270000,0,822,0,2026-10-05 11:29:35.2270000,36.450770,-118.594820
2120556,"Sweets Crossing",3562,233,"18T","18T2H2S2Q",1,2026-10-05 03:28:54.5330000,34771,0,0,2026-10-05 11:32:43.6200000,43.188130,-74.198740
2112926,"Parson Farms",3562,233,"18T","18T2H1S2Q",1,2023-09-15 13:17:47.6830000,54488,0,0,2026-10-05 11:38:05.2230000,43.036730,-76.280210
1828248,"Hickman",3567,233,"10S","10S1H6S2Q",2,2026-10-05 11:43:32.0570000,0,909,0,2026-10-05 11:43:32.0570000,37.623540,-120.753820
2318273,"Cavalero Corner",3578,233,"10T","10T1H2S2Q",1,2020-06-24 19:30:56.1770000,4964412,0,0,2026-10-05 11:44:38.8200000,47.978150,-122.134850
1828373,"Hickman",3567,233,"10S","10S1H6S2Q",2,2026-10-05 11:44:52.3130000,0,930,0,2026-10-05 11:44:52.3130000,37.626330,-120.752670
1912716,"Evanston",3543,233,"15S","15S1H1S2Q",1,2026-01-02 01:01:15.8230000,270091,0,0,2026-10-05 11:46:31.0300000,39.196950,-94.539400
12517,"Clovelly",143,13,"56H","56H1H1S4Q",3,2017-06-17 02:15:24.6730000,0,0,1268709,2026-10-05 11:49:04.4800000,-33.912500,151.250000
12451,"Coogee",143,13,"56H","56H1H1S4Q",3,2017-06-17 02:15:35.9700000,0,0,1160546,2026-10-05 11:49:36.8430000,-33.920500,151.255220
12441,"Daceyville",143,13,"56H","56H1H1S4Q",3,2018-02-04 01:38:19.9200000,0,0,1034276,2026-10-05 11:49:44.7330000,-33.933330,151.233330
2680624,"Saint Davids",977,77,"30V","30V2H5S3Q",3,2025-06-08 02:45:14.5630000,0,0,778350,2026-10-05 11:52:39.8470000,56.033330,-3.350000
9108,"Aldinga",138,13,"54H","54H1H4S3Q",2,2025-06-30 04:06:35.2630000,0,635167,0,2026-10-05 11:53:56.9430000,-35.283330,138.483330
1537212,"Old Union",3549,233,"14S","14S2H6S3Q",3,2015-04-09 18:27:25.6300000,0,0,4948401,2026-10-05 11:55:56.6400000,32.925960,-97.127230
2555182,"Bad Freienwalde",713,57,"33U","33U1H5S3Q",2,2014-09-07 14:04:43.2000000,0,460799067,0,2026-10-05 11:56:17.7030000,52.787300,14.030400
2542092,"Purmerend",2269,167,"31U","31U1H6S3Q",1,2020-08-17 05:06:06.7100000,1004120,0,0,2026-10-05 11:59:23.6830000,52.505000,4.959720
2486355,"Sandford",979,77,"30U","30U2H2S2Q",3,2015-09-14 08:16:31.6770000,0,0,647531,2026-10-05 12:08:50.9900000,51.332280,-2.831220
2660194,"Akishovo",2671,192,"37U","37U1H1S2Q",2,2023-07-30 18:24:34.0470000,0,165759,0,2026-10-05 12:11:36.0730000,55.420280,37.458890
2254515,"Marquette",3557,233,"16T","16T1H2S3Q",1,2012-08-07 23:57:31.5000000,40901704,0,0,2026-10-05 12:21:43.0870000,46.543540,-87.395420
1897325,"Sutton Place",3536,233,"18S","18S1H1S3Q",1,2015-06-03 11:26:23.0300000,985583,0,566318,2026-10-05 12:22:07.9570000,38.931500,-77.081640
1942935,"Golden Heights",3568,233,"13S","13S1H2S1Q",2,2013-12-22 18:41:05.5130000,0,762992,0,2026-10-05 12:28:37.5700000,39.720000,-105.179440
2507239,"Halton",979,77,"30U","30U2H3S2Q",1,2013-05-29 19:47:18.7430000,1756373,0,7200,2026-10-05 12:31:27.2470000,51.782710,-0.734670
2065960,"Colle Santa Colomba",1377,110,"33T","33T2H1S3Q",3,2019-05-16 17:44:48.6400000,0,0,885241,2026-10-05 12:35:06.0330000,42.033330,12.566670
1556577,"Keystone",3551,233,"16S","16S2H5S2Q",3,2026-10-02 13:17:11.1600000,0,0,156471,2026-10-05 12:40:15.1470000,33.267890,-86.809710
1553524,"Verlie",3551,233,"16S","16S2H5S2Q",3,2021-11-12 17:37:54.1470000,0,0,272568,2026-10-05 12:44:13.6300000,33.213170,-86.801930
2243611,"Cayuga",3566,233,"15T","15T1H3S4Q",3,2013-01-14 11:55:33.8070000,0,0,5387401,2026-10-05 12:45:42.0570000,46.244400,-90.682400
2052948,"Fumone",1377,110,"33T","33T2H4S2Q",3,2013-04-18 17:42:06.4530000,0,0,72673,2026-10-05 12:46:40.1000000,41.727520,13.272500
1560698,"Rolling Ridge",3551,233,"16S","16S2H5S2Q",3,2026-10-05 12:49:36.8070000,0,0,300,2026-10-05 12:49:36.8070000,33.347890,-86.871100
2040102,"Haines Corners",3562,233,"18T","18T2H6S1Q",2,2016-05-30 23:31:50.0930000,900,268211,0,2026-10-05 12:56:46.6100000,41.473700,-73.582070
2549061,"Uscikowiec",2451,180,"33U","33U1H6S3Q",3,2026-05-28 16:54:22.5200000,0,4344,86485,2026-10-05 12:58:39.0600000,52.661430,16.750770
1642473,"Castle Canyon Mesa",3572,233,"12S","12S2H1S4Q",1,2015-03-30 00:16:25.6870000,104968169,0,0,2026-10-05 13:02:49.3930000,34.590860,-112.355720
1535949,"Russellville",3539,233,"17S","17S2H4S3Q",1,2026-10-05 13:05:04.3800000,3869,0,0,2026-10-05 13:05:10.9530000,32.902630,-83.991300
1534069,"Dyas",3539,233,"17S","17S2H4S3Q",1,2026-10-05 13:05:18.7700000,1643,0,0,2026-10-05 13:05:18.7700000,32.866250,-83.994350
1604832,"Avocado Heights",3567,233,"11S","11S2H1S4Q",3,2013-10-06 22:09:14.4370000,0,0,1115947,2026-10-05 13:10:40.2770000,34.038130,-118.002260
2323296,"Getchell",3578,233,"10U","10U2H5S4Q",1,2021-02-03 02:02:26.3470000,2147476,0,0,2026-10-05 13:16:53.6170000,48.072040,-122.097080
2255260,"Zalakaros",1212,100,"33T","33T1H3S4Q",2,2018-12-26 07:11:20.5130000,0,2271705,0,2026-10-05 13:18:15.5200000,46.565140,17.124880
856338,"Ban Lam Phak Kut",3203,218,"47P","47P1H3S3Q",1,2013-06-15 15:52:58.7400000,899235,0,0,2026-10-05 13:20:12.9530000,14.033330,100.750000
2278079,"Oberweg",131,12,"33T","33T1H2S1Q",1,2019-02-03 21:09:25.8170000,18905940,0,0,2026-10-05 13:20:29.6730000,47.150000,14.633330
2051324,"Ferentino",1377,110,"33T","33T2H4S2Q",3,2013-04-18 17:42:19.9000000,0,0,26627,2026-10-05 13:20:47.3530000,41.695320,13.256400
2325243,"Sisco Heights",3578,233,"10U","10U2H5S4Q",1,2010-01-01 00:00:00.0000000,2220164,0,0,2026-10-05 13:21:33.3970000,48.115380,-122.097080
2326997,"Jordan",3578,233,"10U","10U2H5S4Q",1,2022-09-03 04:34:28.9070000,2209436,0,0,2026-10-05 13:21:38.3930000,48.147880,-122.037360
2325242,"Jordan Road-Canyon Creek",3578,233,"10U","10U2H6S3Q",1,2023-07-19 11:04:56.1530000,2180098,0,0,2026-10-05 13:21:48.9870000,48.115370,-121.987490
1720935,"Walnut Grove",3548,233,"17S","17S2H1S1Q",1,2026-10-05 13:21:49.6370000,1089,0,0,2026-10-05 13:21:49.6370000,35.882870,-83.469610
2040810,"Haviland Hollow",3562,233,"18T","18T2H6S1Q",2,2014-12-30 22:59:36.1730000,5100,226526,0,2026-10-05 13:21:51.3300000,41.484540,-73.570680
1722319,"Millican Grove",3548,233,"17S","17S2H1S1Q",1,2026-10-05 13:22:00.8500000,1960,0,0,2026-10-05 13:22:00.8500000,35.905090,-83.508220
1723401,"Alder Branch",3548,233,"17S","17S2H1S1Q",1,2026-10-05 13:22:07.3170000,1353,0,0,2026-10-05 13:22:07.3170000,35.921760,-83.554890
1715514,"Waldens Creek",3548,233,"17S","17S2H1S1Q",1,2026-10-05 13:22:15.9970000,1011,0,0,2026-10-05 13:22:15.9970000,35.787310,-83.626560
1715565,"Pigeon Forge",3548,233,"17S","17S2H1S1Q",1,2026-06-28 12:56:03.1530000,82142,0,0,2026-10-05 13:22:27.7030000,35.788420,-83.554330
2205788,"Maleo",1375,110,"32T","32T1H5S2Q",1,2017-04-09 10:03:38.8700000,8373,0,0,2026-10-05 13:22:35.1870000,45.167470,9.761460
2673577,"Shchitnikovo",2671,192,"37U","37U1H1S2Q",2,2023-05-26 10:14:17.2200000,0,627887,0,2026-10-05 13:23:48.2400000,55.820950,37.861630
1551175,"Jagoe",3549,233,"14S","14S2H6S1Q",3,2015-10-05 13:18:24.4030000,0,0,3723937,2026-10-05 13:26:23.4900000,33.173730,-97.149180
1551493,"Minchin",3549,233,"14S","14S2H6S1Q",3,2015-09-29 10:58:40.5300000,0,0,3360847,2026-10-05 13:26:31.6370000,33.179290,-97.153620
2217661,"Montreal",459,38,"18T","18T1H6S1Q",1,2016-11-12 03:39:02.8630000,143321707,0,0,2026-10-05 13:40:27.4300000,45.508840,-73.587810
862952,"Ban Khlong Yi Siphok",3195,218,"47P","47P1H3S3Q",1,2026-10-05 13:45:13.7400000,622,0,0,2026-10-05 13:45:13.7400000,14.166670,100.666670
862953,"Ban Khlongsi Si",3203,218,"47P","47P1H3S3Q",1,2026-10-05 13:45:40.8330000,622,0,0,2026-10-05 13:45:40.8330000,14.166670,100.700000
1553019,"Maylene",3551,233,"16S","16S2H5S2Q",3,2021-10-26 02:23:42.4400000,0,2400,123470,2026-10-05 13:46:02.1230000,33.203450,-86.861660
863703,"Ban Wang Noi (3)",3203,218,"47P","47P1H3S3Q",1,2026-10-05 13:47:16.8430000,622,0,0,2026-10-05 13:47:16.8430000,14.183330,100.700000
2198196,"Roseville",3558,233,"15T","15T1H5S1Q",1,2013-10-12 20:18:34.7730000,4599956,0,0,2026-10-05 13:48:45.2370000,45.006080,-93.156610
862954,"Ban Khlong Hok",3203,218,"47P","47P1H3S3Q",1,2026-10-05 13:48:50.5130000,622,0,0,2026-10-05 13:48:50.5130000,14.166670,100.733330
863704,"Ban Khlong Hok (3)",3203,218,"47P","47P1H3S3Q",1,2026-10-05 13:48:54.1470000,622,0,0,2026-10-05 13:48:54.1470000,14.183330,100.733330
863705,"Ban Suan Di",3203,218,"47P","47P1H3S3Q",1,2026-10-05 13:48:57.5800000,622,0,0,2026-10-05 13:48:57.5800000,14.183330,100.750000
864500,"Ban Khlong Hok Wa Sai Bon (2)",3195,218,"47P","47P1H3S3Q",1,2026-10-05 13:49:00.7500000,622,0,0,2026-10-05 13:49:00.7500000,14.200000,100.750000
864501,"Ban Khlong Chet (1)",3203,218,"47P","47P1H3S3Q",1,2026-10-05 13:49:10.1470000,1150,0,0,2026-10-05 13:49:10.1470000,14.200000,100.766670
862244,"Ban Khlong Kao (3)",3203,218,"47P","47P1H3S3Q",1,2026-10-05 13:49:28.5970000,1107,0,0,2026-10-05 13:49:28.5970000,14.150000,100.800000
1585200,"Balm",3549,233,"14S","14S2H6S2Q",1,2026-10-05 13:49:37.6570000,951,0,0,2026-10-05 13:49:37.6570000,33.746770,-96.976670
1391852,"Waller",3549,233,"15R","15R1H1S3Q",1,2013-10-28 23:05:18.0100000,14417360,0,0,2026-10-05 13:49:49.7370000,30.056610,-95.926900
1579847,"Valley View",3572,233,"12S","12S2H4S2Q",2,2022-12-13 07:03:53.3130000,0,1387710,0,2026-10-05 14:02:38.6000000,33.654760,-112.079320
862243,"Ban Khlong Ha (1)",3203,218,"47P","47P1H3S3Q",2,2026-10-05 13:53:48.4770000,0,13050,0,2026-10-05 14:02:50.8330000,14.150000,100.716670
862242,"Ban Khlong Sam",3203,218,"47P","47P1H3S3Q",1,2026-10-05 14:06:15.3030000,788,0,0,2026-10-05 14:06:15.3030000,14.150000,100.666670
2417208,"Jakobsthal",715,57,"32U","32U2H2S4Q",2,2013-04-12 05:49:14.4700000,0,361502,0,2026-10-05 14:09:59.5370000,50.050000,9.316670
2040147,"Putnam Lake",3562,233,"18T","18T2H6S1Q",2,2016-03-06 14:03:25.7270000,3900,276043,0,2026-10-05 14:13:17.5800000,41.474640,-73.548300
1974491,"Spring Mount",3584,233,"18T","18T2H5S3Q",3,2017-06-28 13:21:22.4230000,2999,0,146008,2026-10-05 14:13:40.9470000,40.275360,-75.465150
1868685,"Barnett",3543,233,"15S","15S1H2S4Q",1,2010-01-01 00:00:00.0000000,686911,5400,817,2026-10-05 14:17:56.9830000,38.378360,-92.674630
2194887,"Saint Paul",3558,233,"15T","15T1H5S3Q",2,2014-03-25 01:30:26.5200000,0,10718265,0,2026-10-05 14:19:38.0270000,44.944410,-93.093270
2327648,"Smokey Point",3578,233,"10U","10U2H5S4Q",2,2013-11-04 13:57:06.7870000,517,1240977,0,2026-10-05 14:22:29.1930000,48.152320,-122.182640
1307538,"Port Aransas",3549,233,"14R","14R2H3S1Q",3,2021-08-09 17:25:00.5970000,0,0,588067,2026-10-05 14:26:10.0700000,27.833920,-97.061100
1306326,"Mustang Beach",3549,233,"14R","14R2H3S1Q",3,2026-06-08 04:55:24.7200000,0,0,19535,2026-10-05 14:26:17.8870000,27.803640,-97.090820
1311552,"Falman-County Acres",3549,233,"14R","14R2H3S1Q",3,2026-10-05 14:27:02.3370000,0,0,2444,2026-10-05 14:27:09.9100000,27.925200,-97.166790
1701568,"Bridgeport",3546,233,"14S","14S2H2S2Q",1,2026-10-05 14:27:38.6070000,1079,0,0,2026-10-05 14:27:38.6070000,35.546440,-98.384510
1313552,"Estes",3549,233,"14R","14R2H3S1Q",3,2026-10-05 14:27:47.5330000,0,0,1212,2026-10-05 14:27:47.5330000,27.963910,-97.100270
1301835,"Peary Place",3549,233,"14R","14R2H3S1Q",3,2026-10-05 14:28:05.6400000,0,0,841,2026-10-05 14:28:05.6400000,27.679200,-97.324710
1687966,"Cowden Junction",3546,233,"14S","14S2H2S2Q",1,2026-10-05 14:28:11.0430000,1069,0,0,2026-10-05 14:28:11.0430000,35.290890,-98.711460
1302751,"Gardendale",3549,233,"14R","14R2H3S1Q",3,2026-10-05 14:28:15.1670000,0,0,2220,2026-10-05 14:28:16.7630000,27.705030,-97.381100
1724068,"Eagle City",3546,233,"14S","14S2H2S2Q",1,2026-10-05 14:28:36.2370000,2150,0,0,2026-10-05 14:28:36.2400000,35.933100,-98.591750
1697446,"Hinton",3546,233,"14S","14S2H2S2Q",1,2026-10-05 14:29:00.8770000,1071,600,0,2026-10-05 14:29:00.8800000,35.471440,-98.355620
2537811,"Thetford",979,77,"31U","31U1H4S3Q",1,2016-08-13 01:30:04.2530000,208443,1500,17130,2026-10-05 14:30:22.6030000,52.416670,0.750000
2112962,"Windcrest Park",3562,233,"18T","18T2H1S2Q",1,2023-09-15 13:21:33.4430000,46838,0,0,2026-10-05 14:30:33.3930000,43.037840,-76.295480
1712989,"Thomas",3546,233,"14S","14S2H2S2Q",1,2026-10-05 14:30:38.5130000,1117,0,0,2026-10-05 14:30:38.5130000,35.744220,-98.747580
2109017,"Willow Glen",3562,233,"18T","18T2H1S4Q",1,2023-09-17 12:08:31.9800000,101100,0,0,2026-10-05 14:30:46.4900000,42.963400,-76.436050
2102067,"Elmwood",3562,233,"18T","18T2H1S4Q",1,2024-08-09 23:16:23.1470000,7140,0,0,2026-10-05 14:31:00.0400000,42.826740,-76.523270
2102885,"Wyckoff",3562,233,"18T","18T2H1S4Q",1,2024-08-10 01:20:35.5030000,4488,0,0,2026-10-05 14:31:04.5170000,42.842010,-76.527440
1704815,"Calumet",3546,233,"14S","14S2H2S2Q",3,2015-07-21 21:46:39.3500000,517,300,11385,2026-10-05 14:31:38.6600000,35.601160,-98.118670
1712082,"Greenfield",3546,233,"14S","14S2H2S2Q",1,2026-10-05 14:31:58.8430000,1050,0,0,2026-10-05 14:31:58.8430000,35.728660,-98.377850
2609548,"Wansford",979,77,"30U","30U1H6S2Q",1,2026-07-04 19:24:59.4100000,433044,0,0,2026-10-05 14:32:08.5200000,53.990920,-0.381170
1914530,"Greenfield",3561,233,"18S","18S1H2S2Q",3,2022-08-19 03:15:40.5130000,0,0,84459,2026-10-05 14:32:24.7270000,39.228450,-74.705720
1702834,"Dead Women Crossing",3546,233,"14S","14S2H2S2Q",1,2026-10-05 14:32:47.0000000,1057,0,0,2026-10-05 14:32:47.0000000,35.567830,-98.650910
1688843,"Eakly",3546,233,"14S","14S2H2S2Q",1,2026-10-05 14:34:12.9100000,1092,0,0,2026-10-05 14:34:12.9100000,35.305330,-98.557840
1693176,"Bessie",3546,233,"14S","14S2H2S2Q",1,2026-10-05 14:34:36.2300000,1057,182,0,2026-10-05 14:34:36.2300000,35.385880,-98.988140
1687967,"Three-Way Corner",3546,233,"14S","14S2H2S2Q",1,2026-10-05 14:35:10.2170000,1055,0,0,2026-10-05 14:35:10.2170000,35.290890,-98.412000
2686713,"Lundin Links",977,77,"30V","30V2H5S4Q",3,2025-06-19 11:46:44.1870000,0,0,444574,2026-10-05 14:35:13.0900000,56.200000,-2.950000
2741763,"Gusyata",2662,192,"40V","40V2H5S1Q",2,2023-05-12 08:54:21.8700000,0,2554930,0,2026-10-05 14:35:21.0870000,57.893060,56.078610
1684952,"Swan Lake",3546,233,"14S","14S2H2S2Q",1,2026-10-05 14:35:23.7470000,1073,0,0,2026-10-05 14:35:23.7470000,35.234780,-98.516170
2411285,"Bettel",1659,135,"32U","32U2H4S1Q",3,2026-10-05 14:35:48.4130000,0,0,2094,2026-10-05 14:35:52.3370000,49.917220,6.227780
2412113,"Gralingen",1659,135,"32U","32U2H4S1Q",3,2026-10-05 14:36:03.8070000,0,0,2705,2026-10-05 14:36:07.2130000,49.936940,6.101670
2325953,"Stimson Crossing",3578,233,"10U","10U2H5S4Q",2,2014-05-16 12:39:09.9830000,4499,1123164,0,2026-10-05 14:36:18.8130000,48.122880,-122.183200
2415426,"Fennbierg",1659,135,"32U","32U2H1S3Q",3,2026-10-05 14:36:17.9970000,0,0,7897,2026-10-05 14:36:23.8870000,50.012780,6.091390
2807321,"Musa",3833,70,"34V","34V1H5S2Q",1,2026-10-05 14:37:30.4770000,2598,0,0,2026-10-05 14:37:33.8200000,61.481820,21.741510
2807436,"Karjaranta",3833,70,"34V","34V1H5S2Q",1,2026-10-05 14:37:39.6230000,3228,0,0,2026-10-05 14:37:45.2230000,61.489200,21.764430
2807162,"Liikastenmaeki",3833,70,"34V","34V1H5S2Q",1,2026-10-05 14:37:49.3670000,1340,0,0,2026-10-05 14:37:49.3670000,61.461160,21.750180
2623451,"Ording",702,57,"32U","32U1H2S3Q",3,2025-10-13 05:21:47.4270000,0,0,11071,2026-10-05 14:42:49.7030000,54.333330,8.600000
2807301,"Tiilimaeki",3833,70,"34V","34V1H5S2Q",1,2026-10-05 14:42:56.8930000,1948,0,0,2026-10-05 14:43:00.1270000,61.475430,21.778850
2807166,"Hankreeti",3833,70,"34V","34V1H5S2Q",1,2026-10-05 14:43:05.8900000,1358,0,0,2026-10-05 14:43:05.8900000,61.462440,21.729410
1307287,"Ingleside On-the-Bay",3549,233,"14R","14R2H3S1Q",1,2026-10-05 14:46:08.2400000,300,0,213,2026-10-05 14:46:08.2400000,27.829470,-97.223320
1307070,"Port Ingleside",3549,233,"14R","14R2H3S1Q",1,2026-10-05 14:46:23.8630000,640,0,0,2026-10-05 14:46:23.8630000,27.823640,-97.195270
854329,"Ban Thung Tan",3203,218,"47P","47P1H6S1Q",1,2013-09-15 08:00:02.5200000,892188,0,0,2026-10-05 14:48:37.4200000,13.995640,100.563360
2102750,"Niles",3562,233,"18T","18T2H1S4Q",1,2024-08-07 14:07:58.3200000,18300,0,0,2026-10-05 14:49:50.6200000,42.837570,-76.413550
2280466,"Sumner",3578,233,"10T","10T1H2S2Q",3,2010-01-01 00:00:00.0000000,3797,0,1769282,2026-10-05 14:51:16.7400000,47.203160,-122.240400
2807352,"Pori",929,70,"34V","34V1H5S2Q",1,2026-10-05 14:51:33.2370000,2290,0,0,2026-10-05 14:51:39.3730000,61.483330,21.783330
2807307,"Riihiketo",3833,70,"34V","34V1H5S2Q",1,2026-10-05 14:51:51.0930000,1923,0,0,2026-10-05 14:51:55.9770000,61.477810,21.798330
2541670,"De Gors",2269,167,"31U","31U1H6S3Q",1,2025-04-10 09:44:08.6430000,868442,0,0,2026-10-05 15:08:34.9230000,52.500000,4.950000
1406405,"Four Points",3549,233,"14R","14R1H3S3Q",2,2026-09-29 02:53:35.4200000,517,13741,0,2026-10-05 15:12:35.1130000,30.403810,-97.853620
1407045,"Hudson Bend",3549,233,"14R","14R1H3S3Q",2,2026-09-28 16:02:55.2030000,877,3553,0,2026-10-05 15:12:45.5300000,30.417140,-97.929180
1400925,"Barton Creek",3549,233,"14R","14R1H3S3Q",1,2024-09-27 04:47:47.2200000,2001777,0,0,2026-10-05 15:12:54.9100000,30.281660,-97.867790
1399001,"Oak Hill",3549,233,"14R","14R1H3S3Q",2,2010-01-01 00:00:00.0000000,360,603638,0,2026-10-05 15:13:31.6130000,30.235490,-97.860010
1563408,"Pilot Point",3549,233,"14S","14S2H6S2Q",1,2026-10-05 15:13:51.8000000,849,0,0,2026-10-05 15:13:51.8000000,33.396500,-96.960560
1407823,"Volente",3549,233,"14R","14R1H3S3Q",1,2026-09-28 15:22:56.4300000,3167,0,0,2026-10-05 15:13:55.6870000,30.433810,-97.903620
1401497,"Lost Creek",3549,233,"14R","14R1H3S3Q",2,2024-10-15 07:20:03.2700000,517,403812,0,2026-10-05 15:16:10.4800000,30.294420,-97.845300
1395129,"Onion Creek",3549,233,"14R","14R1H3S3Q",2,2024-10-15 07:20:50.3530000,517,69668,0,2026-10-05 15:16:18.3700000,30.136600,-97.784170
1395918,"Bluff Springs",3549,233,"14R","14R1H3S3Q",2,2026-07-21 07:28:11.8530000,4079,49553,0,2026-10-05 15:19:34.1930000,30.157710,-97.768890
1397213,"Pleasant Hill",3549,233,"14R","14R1H3S3Q",2,2020-07-10 05:39:28.2000000,4042,1175671,0,2026-10-05 15:19:42.5400000,30.191040,-97.777500
858066,"Ban Khlong Chet Bon (2)",3203,218,"47P","47P1H3S3Q",2,2026-10-05 15:20:52.7900000,0,10020,0,2026-10-05 15:20:55.3800000,14.066670,100.766670
1312987,"City-by-the Sea",3549,233,"14R","14R2H3S1Q",1,2026-10-05 15:21:16.1800000,300,0,267,2026-10-05 15:21:16.1800000,27.951690,-97.104990
2519740,"Meerzicht",2265,167,"31U","31U1H6S3Q",2,2023-03-16 17:55:35.9400000,0,100028,0,2026-10-05 15:22:29.9970000,52.050000,4.466670
2519535,"De Kruisweg",2265,167,"31U","31U1H6S3Q",2,2022-07-01 13:08:04.2670000,0,35304,0,2026-10-05 15:22:44.9200000,52.044170,4.544440
1543759,"Lucky Ridge",3549,233,"14S","14S2H6S1Q",3,2026-10-05 15:23:19.7730000,0,0,10000,2026-10-05 15:23:28.3800000,33.036230,-97.668360
1553310,"Scottsdale",3551,233,"16S","16S2H5S2Q",3,2026-10-02 13:37:53.8070000,0,0,52750,2026-10-05 15:23:33.2300000,33.209000,-86.820820
2523161,"Koplin",713,57,"33U","33U1H4S4Q",3,2026-09-19 15:12:11.5470000,0,0,10789,2026-10-05 15:24:56.5630000,52.116670,13.916670
2523971,"Wutscherogge",713,57,"33U","33U1H4S4Q",3,2026-09-24 04:59:38.8000000,0,0,10887,2026-10-05 15:25:07.1400000,52.133330,13.933330
1393238,"Creedmoor",3549,233,"14R","14R1H3S3Q",1,2026-10-05 15:26:23.6700000,601,0,0,2026-10-05 15:26:23.6700000,30.089940,-97.733890
2549700,"Kowanowko",2451,180,"33U","33U1H6S3Q",3,2019-03-12 14:40:53.8270000,0,0,494482,2026-10-05 15:31:42.6770000,52.673040,16.851900
2524497,"Czempin",2451,180,"33U","33U1H6S3Q",2,2025-03-28 16:07:59.6800000,0,2908859,0,2026-10-05 15:32:18.2700000,52.144040,16.764080
2104399,"Sunset Ridge Mobile Home Park",3557,233,"16T","16T2H3S4Q",1,2017-03-11 01:44:49.2700000,3168727,0,0,2026-10-05 15:36:53.1430000,42.869440,-84.936110
2107269,"Collins",3557,233,"16T","16T2H3S4Q",1,2017-03-20 04:11:46.5530000,3001379,0,0,2026-10-05 15:37:08.3170000,42.929200,-84.943890
2110713,"Muir",3557,233,"16T","16T2H3S4Q",1,2017-03-21 07:46:44.8230000,3002888,0,0,2026-10-05 15:37:28.1330000,42.995870,-84.942500
2098884,"Sunfield",3557,233,"16T","16T2H3S4Q",1,2017-03-21 19:19:07.9830000,3016248,0,0,2026-10-05 15:38:46.6000000,42.762260,-84.992500
2095578,"Little Venice",3557,233,"16T","16T2H3S4Q",1,2017-04-25 19:04:30.0900000,3028201,0,0,2026-10-05 15:38:55.0400000,42.690590,-84.955830
2040376,"Ocata",909,68,"31T","31T2H5S1Q",3,2018-01-13 17:58:35.1370000,0,0,903057,2026-10-05 15:39:22.2270000,41.481380,2.325750
2040326,"El Masnou",909,68,"31T","31T2H5S1Q",3,2018-09-15 18:14:21.2400000,0,0,638963,2026-10-05 15:39:28.8770000,41.479780,2.318800
2040606,"El Carrer del Canonge",909,68,"31T","31T2H5S1Q",3,2018-03-10 18:53:53.9370000,0,0,105941,2026-10-05 15:39:51.1400000,41.483330,2.300000
2041114,"Alella",909,68,"31T","31T2H5S1Q",3,2017-10-25 09:10:59.3770000,0,0,36990,2026-10-05 15:39:56.6970000,41.493790,2.294510
2041258,"Teia",909,68,"31T","31T2H5S1Q",3,2023-04-20 16:09:19.0470000,0,0,35010,2026-10-05 15:40:01.0370000,41.498040,2.322060
2039891,"Montgat",909,68,"31T","31T2H5S1Q",3,2022-04-17 12:07:40.9330000,0,0,1214309,2026-10-05 15:40:11.6600000,41.468590,2.280010
1792617,"Scotts Valley",3567,233,"10S","10S1H5S2Q",3,2026-09-23 04:02:55.6370000,3072,0,1970197,2026-10-05 15:40:19.1730000,37.051060,-122.014680
1545282,"Cottondale",3549,233,"14S","14S2H6S1Q",3,2026-10-05 15:40:47.8530000,0,0,1150,2026-10-05 15:40:47.8530000,33.065950,-97.704750
2041624,"la Conreria",909,68,"31T","31T2H5S1Q",3,2024-03-19 10:49:26.6000000,0,0,33676,2026-10-05 15:40:57.9200000,41.500610,2.240270
2042285,"Santa Maria de Martorelles",909,68,"31T","31T2H5S1Q",3,2023-04-19 15:54:12.0600000,0,0,491859,2026-10-05 15:41:15.5230000,41.516670,2.250000
2524830,"Kehrigk",713,57,"33U","33U1H4S4Q",3,2026-09-18 21:11:28.4600000,0,0,10762,2026-10-05 15:42:33.7830000,52.150000,13.916670
1550544,"Monte Bello",3551,233,"16S","16S2H5S2Q",3,2024-10-24 14:30:32.5930000,0,0,7580,2026-10-05 15:43:10.6200000,33.162340,-86.819990
2280703,"Gertrude",3578,233,"10T","10T1H2S2Q",3,2026-10-05 15:43:55.9700000,0,0,7158,2026-10-05 15:43:57.7800000,47.214260,-122.667910
2280513,"Selzach",510,43,"32T","32T1H1S2Q",2,2026-10-01 22:44:43.4570000,0,2000014,0,2026-10-05 15:44:25.6670000,47.205310,7.455210
2284176,"Walkers Landing",3578,233,"10T","10T1H2S2Q",3,2025-09-06 14:29:03.1830000,0,0,2421,2026-10-05 15:44:31.3570000,47.282600,-122.925420
1552231,"Mission Hills",3551,233,"16S","16S2H5S2Q",3,2019-09-07 01:32:26.0370000,0,0,277291,2026-10-05 15:45:31.5170000,33.191230,-86.837770
2093288,"Stalls Corner",3557,233,"16T","16T2H3S4Q",1,2017-04-30 03:42:02.5570000,3059732,0,0,2026-10-05 15:45:32.1500000,42.641150,-84.894990
2042781,"Cabrils",909,68,"31T","31T2H5S1Q",3,2018-10-12 05:09:39.9700000,0,0,174506,2026-10-05 15:46:52.7100000,41.527600,2.369960
1393345,"Turnersville",3549,233,"14R","14R1H3S3Q",1,2026-10-05 15:52:21.4500000,6498,0,0,2026-10-05 15:52:30.3900000,30.092710,-97.781110
1702525,"Micro",3545,233,"17S","17S2H3S2Q",3,2013-07-16 23:31:36.9300000,0,0,266277,2026-10-05 15:52:43.1100000,35.563770,-78.204440
1703292,"Bagley",3545,233,"17S","17S2H3S2Q",3,2013-07-18 14:51:26.8700000,0,0,322725,2026-10-05 15:52:48.4900000,35.576550,-78.169440
2538504,"Zuiderwoude",2269,167,"31U","31U1H6S4Q",1,2020-12-01 22:24:33.2000000,855867,0,0,2026-10-05 15:53:37.4330000,52.431670,5.036110
858065,"Ban Khlong Hok",3203,218,"47P","47P1H3S3Q",2,2026-10-05 15:47:12.5300000,0,10895,0,2026-10-05 15:54:10.8500000,14.066670,100.733330
2235440,"Lugano",508,43,"32T","32T1H2S3Q",1,2026-09-30 14:09:23.3270000,546896,0,0,2026-10-05 15:55:00.4530000,46.010080,8.960040
2324355,"Perlach",715,57,"32U","32U2H6S4Q",2,2018-04-27 04:59:14.4500000,0,1241506,0,2026-10-05 15:55:23.8130000,48.099520,11.627830
2103594,"Owasco",3562,233,"18T","18T2H1S4Q",1,2024-08-07 14:08:05.6370000,13188,0,0,2026-10-05 15:57:41.3030000,42.855070,-76.465210
2681211,"Aberdour",977,77,"30V","30V2H5S3Q",3,2025-06-12 21:50:42.3370000,0,0,478175,2026-10-05 15:59:39.1500000,56.050000,-3.300000
2685415,"Methil",977,77,"30V","30V2H5S3Q",3,2025-06-19 06:45:16.5630000,0,0,283962,2026-10-05 16:00:55.6970000,56.166670,-3.016670
2675437,"Innellan",977,77,"30U","30U1H1S2Q",1,2026-10-05 16:02:52.3870000,655,0,0,2026-10-05 16:02:52.3870000,55.883330,-4.966670
2671000,"Millport",977,77,"30U","30U1H1S2Q",1,2026-10-05 16:03:28.8870000,2051,0,0,2026-10-05 16:03:29.7600000,55.750000,-4.950000
2672110,"Largs",977,77,"30U","30U1H1S2Q",3,2026-09-20 10:07:39.1230000,1551,0,171819,2026-10-05 16:03:39.6170000,55.783330,-4.850000
2300931,"Stevens",3578,233,"10T","10T1H2S2Q",1,2013-03-07 21:14:25.8430000,3992729,10857,0,2026-10-05 16:04:05.5070000,47.629720,-122.306670
2411764,"Altmannsdorf",715,57,"32U","32U2H6S1Q",3,2016-11-25 09:42:47.6400000,0,0,1963498,2026-10-05 16:05:46.1430000,49.933330,10.433330
2524828,"Munchehofe",713,57,"33U","33U1H4S4Q",3,2026-09-19 15:53:34.9630000,0,0,10762,2026-10-05 16:08:29.4070000,52.150000,13.850000
1908606,"Townsends Inlet",3561,233,"18S","18S1H2S2Q",3,2021-08-13 15:05:40.0930000,0,0,375839,2026-10-05 16:08:55.1600000,39.126500,-74.711270
2113003,"Milwaukee",3566,233,"16T","16T2H2S1Q",3,2026-08-09 20:21:50.6570000,44100,0,488827,2026-10-05 16:09:15.1200000,43.038900,-87.906470
1619896,"Granada Hills",3567,233,"11S","11S2H1S4Q",1,2026-09-26 12:47:56.6600000,20439,0,0,2026-10-05 16:14:37.9330000,34.264720,-118.523140
1796004,"The Willows",3567,233,"10S","10S1H6S1Q",1,2026-01-19 19:49:57.8630000,1100343,0,0,2026-10-05 16:14:41.0300000,37.102730,-121.924680
1983613,"Crumb Corner",3555,233,"16T","16T2H5S4Q",3,2025-01-19 15:38:31.5700000,0,0,660349,2026-10-05 16:16:04.6230000,40.453920,-86.927790
2102837,"Owasco Lake Station",3562,233,"18T","18T2H1S4Q",1,2024-08-10 01:15:24.0130000,5738,0,0,2026-10-05 16:17:02.2130000,42.840620,-76.526330
2103810,"Fleming",3562,233,"18T","18T2H1S4Q",1,2024-08-09 23:16:10.4830000,4476,0,0,2026-10-05 16:17:11.4700000,42.861730,-76.574110
2102945,"Mapleton",3562,233,"18T","18T2H1S4Q",1,2024-08-09 23:16:02.2400000,10688,0,0,2026-10-05 16:17:24.3170000,42.843680,-76.599940
1590046,"Carefree",3572,233,"12S","12S2H5S1Q",2,2025-05-23 23:00:30.0230000,0,3065679,0,2026-10-05 16:18:23.4830000,33.822260,-111.918200
1596986,"Wranglers Roost",3572,233,"12S","12S2H4S2Q",2,2025-05-17 05:16:24.5330000,0,1275327,0,2026-10-05 16:18:45.7000000,33.924200,-112.113210
1545033,"Aurora",3549,233,"14S","14S2H6S1Q",3,2010-01-01 00:00:00.0000000,0,0,1682963,2026-10-05 16:18:46.6570000,33.060680,-97.503360
2498921,"Atteln",707,57,"32U","32U2H2S1Q",3,2025-03-06 11:44:28.9770000,0,0,117329,2026-10-05 16:18:47.3770000,51.600000,8.800000
1552615,"Willow Glen",3551,233,"16S","16S2H5S2Q",3,2014-10-18 04:13:24.2670000,0,0,283088,2026-10-05 16:27:41.2830000,33.197620,-86.833320
1901206,"es Canar",896,68,"31S","31S1H1S4Q",3,2017-06-22 21:03:23.7870000,0,900,1108674,2026-10-05 16:31:37.3000000,38.999080,1.578960
2501953,"Aldenham",979,77,"30U","30U2H3S2Q",3,2014-01-11 17:08:58.9670000,0,0,966696,2026-10-05 16:34:08.3400000,51.666670,-0.350000
2526485,"Lippe",713,57,"33U","33U1H4S4Q",3,2026-09-27 11:22:09.2000000,0,0,10505,2026-10-05 16:35:41.2630000,52.183330,13.850000
2182827,"Reggio nell'Emilia",1379,110,"32T","32T1H6S3Q",1,2022-02-01 05:46:09.4630000,3237981,0,0,2026-10-05 16:38:13.0070000,44.698250,10.631250
2105383,"Oakwood",3562,233,"18T","18T2H1S4Q",1,2024-08-09 23:15:58.2400000,11962,0,0,2026-10-05 16:43:09.2000000,42.889510,-76.647170
2520666,"Kothen",713,57,"33U","33U1H4S4Q",3,2026-09-19 19:44:18.9670000,0,0,10781,2026-10-05 16:54:24.8470000,52.066670,13.800000
1606326,"Malibu Bowl",3567,233,"11S","11S2H1S4Q",1,2026-10-01 15:05:22.7670000,31859,0,0,2026-10-05 16:54:49.1230000,34.061120,-118.740370
1548018,"Annaville",3549,233,"14S","14S2H6S1Q",3,2026-10-05 11:57:01.8130000,0,0,23750,2026-10-05 16:55:40.5830000,33.117060,-97.571970
2116319,"Dillard",3576,233,"10T","10T2H2S1Q",2,2026-10-05 16:58:41.1530000,0,3792,0,2026-10-05 16:58:48.1700000,43.102890,-123.427850
1713590,"Churchill Downs",3545,233,"17S","17S2H3S2Q",3,2013-07-08 07:29:44.6500000,0,0,600571,2026-10-05 16:59:18.4670000,35.754040,-78.784730
2246599,"Lawson",3557,233,"16T","16T1H2S3Q",1,2012-08-08 23:45:09.4130000,1022831,0,0,2026-10-05 17:00:40.2800000,46.329670,-87.136530
858889,"Ban Khlong Ha (2)",3203,218,"47P","47P1H3S3Q",2,2026-10-05 16:41:25.2170000,0,11044,0,2026-10-05 17:01:14.5100000,14.083330,100.716670
806900,"Ban Nok Ban",3167,218,"47P","47P1H6S1Q",0,2010-01-01 00:00:00.0000000,0,0,0,2026-10-05 17:04:14.5170000,13.093530,100.012860
808523,"Ban Na Pho",3167,218,"47P","47P1H5S2Q",0,2010-01-01 00:00:00.0000000,0,0,0,2026-10-05 17:04:15.5500000,13.133330,99.850000
808524,"Ban Hua Don",3167,218,"47P","47P1H5S2Q",0,2010-01-01 00:00:00.0000000,0,0,0,2026-10-05 17:04:16.5900000,13.133330,99.866670
808525,"Ban Hua Saphan",3167,218,"47P","47P1H5S2Q",0,2010-01-01 00:00:00.0000000,0,0,0,2026-10-05 17:04:17.6600000,13.133330,99.883330
808528,"Ban Sam Ruan",3167,218,"47P","47P1H5S2Q",0,2010-01-01 00:00:00.0000000,0,0,0,2026-10-05 17:04:18.8430000,13.133330,99.900000
809193,"Ban Nong Hin",3167,218,"47P","47P1H5S2Q",0,2010-01-01 00:00:00.0000000,0,0,0,2026-10-05 17:04:19.9530000,13.150000,99.883330
809194,"Ban Hua Wiang",3167,218,"47P","47P1H5S2Q",0,2010-01-01 00:00:00.0000000,0,0,0,2026-10-05 17:04:21.1900000,13.150000,99.900000
809196,"Ban Kum Tok",3167,218,"47P","47P1H5S2Q",0,2010-01-01 00:00:00.0000000,0,0,0,2026-10-05 17:04:22.3670000,13.150000,99.950000
809924,"Ban Lamphang",3167,218,"47P","47P1H5S2Q",0,2010-01-01 00:00:00.0000000,0,0,0,2026-10-05 17:04:23.7970000,13.166670,99.900000
809925,"Ban Khru",3167,218,"47P","47P1H5S2Q",0,2010-01-01 00:00:00.0000000,0,0,0,2026-10-05 17:04:25.2430000,13.166670,99.916670
809927,"Ban Mai (3)",3167,218,"47P","47P1H5S2Q",0,2010-01-01 00:00:00.0000000,0,0,0,2026-10-05 17:04:26.5100000,13.166670,99.950000
814256,"Ban Ton Lamphaen",3189,218,"47P","47P1H5S2Q",0,2010-01-01 00:00:00.0000000,0,0,0,2026-10-05 17:04:27.6900000,13.266670,99.883330
814257,"Ban Khlong Hailam",3167,218,"47P","47P1H5S2Q",0,2010-01-01 00:00:00.0000000,0,0,0,2026-10-05 17:04:28.8230000,13.266670,99.916670
814258,"Ban Khlong Kao",3167,218,"47P","47P1H5S2Q",0,2010-01-01 00:00:00.0000000,0,0,0,2026-10-05 17:04:30.2400000,13.266670,99.933330
815832,"Ban Yi San",3189,218,"47P","47P1H5S2Q",0,2010-01-01 00:00:00.0000000,0,0,0,2026-10-05 17:04:31.5030000,13.300000,99.916670
816579,"Ban Khlong Chong",3189,218,"47P","47P1H5S2Q",0,2010-01-01 00:00:00.0000000,0,0,0,2026-10-05 17:04:32.6400000,13.316670,99.950000
817330,"Ban Khlong Khon",3189,218,"47P","47P1H5S2Q",0,2010-01-01 00:00:00.0000000,0,0,0,2026-10-05 17:04:33.6670000,13.333330,99.966670
818108,"Ban Khlong Khut Noi",3189,218,"47P","47P1H5S2Q",0,2010-01-01 00:00:00.0000000,0,0,0,2026-10-05 17:04:34.7070000,13.350000,99.933330
818109,"Ban Khlong Khot",3189,218,"47P","47P1H5S2Q",0,2010-01-01 00:00:00.0000000,0,0,0,2026-10-05 17:04:35.7430000,13.350000,99.966670
818885,"Ban Khlong Lek",3189,218,"47P","47P1H5S2Q",0,2010-01-01 00:00:00.0000000,0,0,0,2026-10-05 17:04:36.9630000,13.366670,99.916670
819663,"Ban Nong Suang",3163,218,"47P","47P1H5S2Q",0,2010-01-01 00:00:00.0000000,0,0,0,2026-10-05 17:04:38.1070000,13.383330,99.850000
819664,"Ban Rong Na",3189,218,"47P","47P1H5S2Q",0,2010-01-01 00:00:00.0000000,0,0,0,2026-10-05 17:04:39.1400000,13.383330,99.866670
819668,"Ban Khlong Khut Ta Klom",3189,218,"47P","47P1H5S2Q",0,2010-01-01 00:00:00.0000000,0,0,0,2026-10-05 17:04:40.1730000,13.383330,99.916670
821239,"Ban Nong Ngao",3163,218,"47P","47P1H5S2Q",0,2010-01-01 00:00:00.0000000,0,0,0,2026-10-05 17:04:41.2100000,13.416670,99.783330
821244,"Ban Pak Kai (2)",3163,218,"47P","47P1H5S2Q",0,2010-01-01 00:00:00.0000000,0,0,0,2026-10-05 17:04:42.2430000,13.416670,99.833330
853212,"Ban Pak Khlong Sip Hok",3213,218,"47P","47P1H6S1Q",2,2026-04-27 09:37:10.3900000,0,851938,0,2026-10-05 17:06:00.6970000,13.973780,100.959810
864494,"Ban Wat Bot",3195,218,"47P","47P1H3S3Q",2,2026-09-29 15:30:08.9670000,0,433121,0,2026-10-05 17:06:07.1430000,14.200000,100.533330
853481,"Ban Khlong Sip Si",3213,218,"47P","47P1H6S1Q",2,2026-04-26 14:46:48.1130000,0,430772,0,2026-10-05 17:06:07.4130000,13.981360,100.914500
866523,"Ban Bo Ta Lo (3)",3195,218,"47P","47P1H3S3Q",2,2026-06-10 12:34:45.8330000,0,437945,0,2026-10-05 17:06:58.7000000,14.250000,100.700000
862955,"Ban Khlong Chet (2)",3203,218,"47P","47P1H3S3Q",0,2010-01-01 00:00:00.0000000,0,0,0,2026-10-05 17:07:16.0770000,14.166670,100.750000
862956,"Ban Khlong Paet (1)",3203,218,"47P","47P1H3S3Q",2,2026-10-05 17:01:24.6070000,0,9921,0,2026-10-05 17:07:17.1270000,14.166670,100.783330
865216,"Ban Wang Chula",3195,218,"47P","47P1H3S3Q",0,2010-01-01 00:00:00.0000000,0,0,0,2026-10-05 17:07:18.1630000,14.216670,100.766670
2150142,"Del Monte",3573,233,"11T","11T2H2S2Q",3,2026-07-19 01:16:42.1630000,1840,0,47748,2026-10-05 17:07:58.0830000,43.868780,-116.543190
9763,"Keswick",138,13,"54H","54H1H4S1Q",2,2024-09-25 18:00:32.8070000,0,2007273,0,2026-10-05 17:10:43.1400000,-34.933330,138.566670
2521497,"Neu Kothen",713,57,"33U","33U1H4S4Q",3,2026-09-19 19:16:12.0470000,0,0,10795,2026-10-05 17:10:44.0900000,52.083330,13.800000
2143980,"Gagnac-sur-Garonne",951,75,"31T","31T2H1S2Q",2,2017-09-28 15:41:45.7230000,0,424596,0,2026-10-05 17:14:57.7330000,43.699900,1.375350
2141152,"Pibrac",951,75,"31T","31T2H1S2Q",2,2015-10-09 20:30:48.6900000,0,870031,0,2026-10-05 17:15:32.8970000,43.620420,1.285400
2142141,"Cornebarrieu",951,75,"31T","31T2H1S2Q",2,2023-04-10 20:43:56.2670000,0,405379,0,2026-10-05 17:15:41.9300000,43.650000,1.333330
2142905,"Beauzelle",951,75,"31T","31T2H1S2Q",2,2024-04-16 16:51:06.2730000,0,476882,0,2026-10-05 17:15:47.7130000,43.667130,1.375180
2142142,"Lalande",951,75,"31T","31T2H1S2Q",2,2017-12-15 08:08:33.6070000,0,1566383,0,2026-10-05 17:15:56.5400000,43.650000,1.416670
2143221,"Launaguet",951,75,"31T","31T2H1S2Q",2,2018-04-05 16:35:12.3130000,0,407215,0,2026-10-05 17:16:09.9370000,43.678180,1.456030
2144596,"Montberon",951,75,"31T","31T2H1S2Q",2,2017-10-03 11:33:24.4400000,0,279764,0,2026-10-05 17:16:18.9600000,43.716670,1.483330
2144021,"Lapeyrouse-Fossat",951,75,"31T","31T2H1S2Q",2,2018-03-30 18:15:49.6800000,0,407693,0,2026-10-05 17:16:22.9830000,43.700000,1.516670
853083,"Ban Khlong Sip Et Hok Wa",3203,218,"47P","47P1H6S1Q",1,2026-02-14 13:42:43.3970000,484651,0,0,2026-10-05 17:17:02.7570000,13.970170,100.843170
854278,"Ban Khlong Soi Thi Sip Et",3203,218,"47P","47P1H6S1Q",1,2026-03-24 09:08:06.3730000,345159,0,0,2026-10-05 17:17:03.3900000,13.994560,100.843360
864499,"Ban Lam Sai",3195,218,"47P","47P1H3S3Q",1,2026-09-23 03:07:50.0700000,406971,0,0,2026-10-05 17:17:04.3430000,14.200000,100.650000
2622851,"Bad Sankt Peter",702,57,"32U","32U1H2S3Q",3,2025-05-30 08:53:06.9670000,0,0,92254,2026-10-05 17:27:29.6800000,54.316670,8.600000
2103729,"Powers Corner",3562,233,"18T","18T2H1S4Q",1,2024-04-08 00:24:44.5530000,16639,0,0,2026-10-05 17:30:11.9970000,42.859510,-76.664390
2307182,"Grand Marais",3558,233,"15T","15T1H3S2Q",3,2026-10-05 17:19:25.8270000,0,0,16191,2026-10-05 17:30:23.2630000,47.750450,-90.334270
1551853,"Glen Forest",3551,233,"16S","16S2H5S2Q",3,2019-09-07 01:32:33.1230000,0,0,278730,2026-10-05 17:32:03.3400000,33.184280,-86.824430
2554745,"Tatenhill",979,77,"30U","30U1H6S3Q",2,2024-06-28 13:02:46.0330000,0,318238,0,2026-10-05 17:34:28.2600000,52.783330,-1.700000
2557759,"Rolleston",979,77,"30U","30U1H6S3Q",2,2024-07-21 01:14:35.6970000,0,77038,0,2026-10-05 17:34:36.6100000,52.845240,-1.645980
2559800,"Etwall",979,77,"30U","30U1H6S3Q",2,2024-07-21 01:14:30.5800000,0,53946,0,2026-10-05 17:34:44.0370000,52.883530,-1.600230
2124281,"Riversdale",3576,233,"10T","10T2H2S1Q",2,2026-10-05 17:34:56.9300000,0,300,160,2026-10-05 17:34:56.9300000,43.265390,-123.421470
2123367,"Melrose",3576,233,"10T","10T2H2S1Q",2,2026-10-05 17:35:14.0030000,0,300,118,2026-10-05 17:35:14.0030000,43.247620,-123.458970
2122185,"Calkins",3576,233,"10T","10T2H2S1Q",2,2026-10-05 17:35:21.7000000,0,300,157,2026-10-05 17:35:21.7000000,43.221500,-123.408690
2122896,"Edenbower",3576,233,"10T","10T2H2S1Q",2,2026-10-05 17:35:27.9670000,0,300,23,2026-10-05 17:35:27.9670000,43.234560,-123.382300
2121747,"Roseburg",3576,233,"10T","10T2H2S1Q",2,2026-10-05 17:35:34.6700000,0,300,34,2026-10-05 17:35:34.6700000,43.216500,-123.341740
2522306,"Kleinwasserburg",713,57,"33U","33U1H4S4Q",3,2026-09-19 19:16:15.2270000,0,0,10783,2026-10-05 17:45:27.5600000,52.100000,13.800000
2117253,"Winston",3576,233,"10T","10T2H2S1Q",2,2026-10-05 17:46:11.4870000,0,1043,0,2026-10-05 17:46:11.4870000,43.122340,-123.412570
2118767,"Green",3576,233,"10T","10T2H2S1Q",2,2026-10-05 17:46:17.6930000,0,300,163,2026-10-05 17:46:17.6930000,43.150710,-123.385700
2119047,"Green",3576,233,"10T","10T2H2S1Q",2,2026-10-05 17:46:23.9670000,0,300,99,2026-10-05 17:46:23.9670000,43.160390,-123.367850
2120530,"Oaks",3576,233,"10T","10T2H2S1Q",2,2026-10-05 17:46:31.3030000,0,300,11,2026-10-05 17:46:31.3030000,43.187340,-123.362020
2284046,"Algona",3578,233,"10T","10T1H2S2Q",1,2010-01-01 00:00:00.0000000,1251735,0,0,2026-10-05 17:46:54.8930000,47.278990,-122.252060
1828269,"Blanding",3571,233,"12S","12S1H6S1Q",1,2026-10-01 14:36:42.4270000,351156,0,314859,2026-10-05 17:48:13.5630000,37.624160,-109.478180
2293006,"Gregory Heights",3578,233,"10T","10T1H2S2Q",2,2015-03-11 00:51:38.1330000,0,1324602,0,2026-10-05 17:48:35.0100000,47.455930,-122.360960
1851113,"Erice",1363,110,"33S","33S1H1S3Q",3,2023-03-01 13:18:24.7800000,240,0,2804,2026-10-05 17:49:58.8100000,38.037040,12.586530
2512852,"Kaden",713,57,"33U","33U2H1S2Q",3,2026-09-19 17:12:22.0000000,0,0,1916,2026-10-05 17:51:16.0430000,51.900000,13.800000
2294716,"Shorewood",3578,233,"10T","10T1H2S2Q",1,2013-08-09 19:38:55.4870000,4515153,60957,0,2026-10-05 17:54:04.3800000,47.497040,-122.363460
2487224,"Rott",707,57,"32U","32U2H1S1Q",2,2014-08-27 04:47:42.6800000,0,15023198,0,2026-10-05 17:54:05.4200000,51.350000,6.600000
2667558,"Silikat",2671,192,"37U","37U1H1S2Q",2,2010-01-01 00:00:00.0000000,0,1117278,0,2026-10-05 17:55:55.5430000,55.640000,37.850000
2204677,"Unionvale",3576,233,"10T","10T1H5S1Q",2,2025-12-05 07:06:45.3900000,0,5661051,0,2026-10-05 17:56:31.9730000,45.143170,-123.060660
2676019,"Summerston",977,77,"30U","30U1H1S2Q",3,2014-03-15 12:05:33.0770000,241061,0,2768857,2026-10-05 17:58:45.4730000,55.898750,-4.291710
864496,"Ban Thai Wat",3195,218,"47P","47P1H3S3Q",2,2026-09-30 02:22:50.3900000,0,199362,0,2026-10-05 17:59:16.8200000,14.200000,100.550000
866522,"Ban Huai Chorakhe",3195,218,"47P","47P1H3S3Q",2,2026-06-19 15:36:17.7830000,0,392983,0,2026-10-05 17:59:16.8430000,14.250000,100.683330
854389,"Ban Tai Aen Khlong Sip Si",3213,218,"47P","47P1H6S1Q",2,2026-06-11 14:11:55.6030000,0,227729,0,2026-10-05 17:59:17.2400000,13.997640,100.914640
852508,"Ban Pak Khlong Sip Ha",3213,218,"47P","47P1H6S1Q",2,2026-05-17 17:02:56.3300000,0,359593,0,2026-10-05 17:59:20.0600000,13.964920,100.937500
1810678,"Parkmoor",3567,233,"10S","10S1H6S1Q",1,2025-09-09 16:29:08.1400000,1449523,0,0,2026-10-05 18:00:11.2600000,37.321050,-121.930790
2523160,"Birkholz",713,57,"33U","33U1H4S4Q",3,2026-09-19 19:16:07.2670000,0,0,10783,2026-10-05 18:00:31.7100000,52.116670,13.816670
1609045,"La Verne",3567,233,"11S","11S2H2S3Q",3,2013-05-30 03:23:16.3100000,110638,0,979033,2026-10-05 18:03:55.8200000,34.100840,-117.767840
2528727,"Warsaw",2440,180,"34U","34U1H5S4Q",2,2022-07-26 12:16:57.6570000,0,133367762,0,2026-10-05 18:03:57.2400000,52.229770,21.011780
2689376,"Lathones",977,77,"30V","30V2H5S4Q",3,2025-06-18 21:50:46.0500000,0,0,209038,2026-10-05 18:06:50.0000000,56.268000,-2.850090
2689980,"Dunino",977,77,"30V","30V2H5S4Q",3,2025-06-21 06:18:14.2430000,0,0,185022,2026-10-05 18:07:17.2100000,56.285390,-2.747100
2533211,"Wildau",713,57,"33U","33U1H4S4Q",2,2026-09-19 08:45:11.9500000,0,653647,0,2026-10-05 18:10:14.6100000,52.316670,13.633330
850649,"Lam Luk Ka",3203,218,"47P","47P1H6S1Q",1,2026-01-28 15:17:33.5270000,407879,0,0,2026-10-05 18:12:16.1330000,13.932260,100.749370
852304,"Ban Khlong Soi Thi Sip Et",3203,218,"47P","47P1H6S1Q",1,2026-09-23 05:26:46.7670000,709592,0,0,2026-10-05 18:12:16.1330000,13.958420,100.842140
853907,"Ban Khlong Sip Et Sai Klang",3203,218,"47P","47P1H6S1Q",1,2026-09-23 05:26:48.1700000,723940,0,0,2026-10-05 18:12:21.5970000,13.984610,100.844190
2158840,"Irving",3576,233,"10T","10T1H5S3Q",3,2025-02-24 16:04:43.4630000,0,4136,998949,2026-10-05 18:12:54.7770000,44.113460,-123.165090
2519060,"Klein Ziescht",713,57,"33U","33U1H4S4Q",3,2026-09-28 12:04:41.6270000,0,0,11122,2026-10-05 18:17:33.8830000,52.033330,13.533330
1935297,"Waverly",3554,233,"16S","16S1H1S1Q",3,2024-12-20 12:57:28.7030000,0,0,306427,2026-10-05 18:19:22.0770000,39.591720,-89.952880
1627259,"Comanche",3546,233,"14S","14S2H3S3Q",3,2026-10-05 14:11:53.2470000,0,4346,24600,2026-10-05 18:20:19.4600000,34.368970,-97.963920
2690864,"Boarhills",977,77,"30V","30V2H5S4Q",3,2025-06-27 14:38:37.1130000,0,0,261567,2026-10-05 18:23:40.2430000,56.316670,-2.700000
7916,"Corryong",140,13,"55H","55H2H2S2Q",2,2024-10-25 11:35:17.8170000,0,135749,5100,2026-10-05 18:24:09.2870000,-36.200000,147.883330
1753700,"Gravette",3535,233,"15S","15S1H4S4Q",2,2026-08-31 18:08:44.1500000,0,192386,0,2026-10-05 18:29:32.7230000,36.422020,-94.453550
2281581,"Muhlau",528,43,"32T","32T1H2S1Q",3,2026-03-26 10:37:17.2770000,0,0,2086073,2026-10-05 18:31:21.4430000,47.233330,8.383330
1880088,"O'Fallon",3554,233,"16S","16S1H1S3Q",3,2021-11-24 14:04:38.9500000,0,0,59518848,2026-10-05 18:32:22.7400000,38.592270,-89.911210
1937668,"South Cumberland",3542,233,"17S","17S1H3S2Q",3,2026-06-12 17:36:52.0770000,0,0,424184,2026-10-05 18:35:03.5330000,39.632590,-78.755850
1938183,"Cumberland Heights",3542,233,"17S","17S1H3S2Q",3,2026-03-16 16:19:50.4000000,0,0,665050,2026-10-05 18:35:10.5600000,39.640090,-78.756960
1938985,"Cumberland",3542,233,"17S","17S1H3S2Q",3,2025-09-22 15:48:15.7670000,0,0,2635817,2026-10-05 18:35:20.0870000,39.652870,-78.762520
1938237,"Ridgeley",3550,233,"17S","17S1H3S2Q",3,2018-08-26 10:54:38.6600000,0,0,30723734,2026-10-05 18:35:29.2430000,39.641480,-78.774460
2503546,"Selm",707,57,"32U","32U2H1S2Q",3,2026-01-01 09:27:45.3100000,0,0,203872,2026-10-05 18:45:55.1770000,51.700000,7.466670
2142033,"Beaupuy",951,75,"31T","31T2H1S2Q",2,2018-03-30 14:07:00.7430000,0,275442,0,2026-10-05 18:47:36.6100000,43.647130,1.555170
2519061,"Klasdorf",713,57,"33U","33U1H4S4Q",3,2026-09-28 12:04:46.0100000,0,0,11918,2026-10-05 18:49:55.3930000,52.033330,13.550000
2519062,"Glashutte",713,57,"33U","33U1H4S4Q",3,2026-09-28 12:04:53.6170000,0,0,4561,2026-10-05 18:50:12.0370000,52.033330,13.583330
2124038,"Elgarose",3576,233,"10T","10T2H2S1Q",2,2026-10-05 18:53:22.2300000,0,300,192,2026-10-05 18:53:22.2300000,43.258170,-123.485910
2827642,"Laanila",925,70,"35W","35W2H4S2Q",1,2020-09-19 18:54:50.5130000,183532,0,0,2026-10-05 18:54:24.5200000,65.023830,25.507850
2438417,"Holzheim",710,57,"32U","32U2H2S3Q",2,2016-02-13 13:07:28.3630000,0,1609506,0,2026-10-05 19:02:06.7500000,50.488090,8.721430
2282401,"Merenschwand",528,43,"32T","32T1H2S1Q",3,2026-03-26 10:37:10.5700000,0,0,1208259,2026-10-05 19:02:06.7570000,47.250000,8.366670
2688977,"Crail",977,77,"30V","30V2H5S4Q",3,2025-07-05 15:23:05.6070000,0,0,428703,2026-10-05 19:02:12.2130000,56.260420,-2.626760
1679454,"Noble",3546,233,"14S","14S2H3S1Q",3,2026-10-05 19:10:22.0200000,0,0,2604,2026-10-05 19:10:26.1730000,35.139240,-97.394750
1694177,"Newalla",3546,233,"14S","14S2H3S1Q",3,2026-10-05 19:10:55.1930000,0,0,1716,2026-10-05 19:11:02.0100000,35.405070,-97.162810
1698302,"Harrah",3546,233,"14S","14S2H3S1Q",3,2026-10-05 19:11:18.3630000,0,0,2544,2026-10-05 19:11:26.6430000,35.489510,-97.163640
1698429,"Midway",3546,233,"14S","14S2H3S1Q",3,2026-10-05 19:11:39.1830000,0,0,656,2026-10-05 19:11:39.1830000,35.492560,-97.088640
2665948,"Mamonovo",2671,192,"37U","37U1H1S2Q",2,2026-09-12 06:33:05.6800000,0,25550,0,2026-10-05 19:12:00.5370000,55.596530,37.809310
1702619,"Britton",3546,233,"14S","14S2H3S1Q",2,,1356,3449,2170,2026-10-05 19:12:18.4670000,35.565610,-97.531150
2665878,"Razvilka",2671,192,"37U","37U1H1S2Q",2,2026-08-20 08:16:43.7070000,0,8285,0,2026-10-05 19:12:28.6170000,55.592090,37.740850
2375044,"Munchweiler am Klingbach",706,57,"32U","32U2H4S2Q",2,2015-02-27 18:47:52.6130000,0,810081,306175,2026-10-05 19:16:31.8700000,49.150000,7.966670
2521492,"Schmelze",713,57,"33U","33U1H4S4Q",3,2026-10-02 08:45:51.3900000,0,0,10755,2026-10-05 19:18:20.5170000,52.083330,13.383330
1578794,"Brandywine",3572,233,"12S","12S2H4S2Q",2,2022-05-13 21:16:48.8100000,0,2100049,0,2026-10-05 19:18:26.3500000,33.638100,-112.140990
1578982,"Saddlehorn Ranch",3572,233,"12S","12S2H4S2Q",2,2026-03-21 00:44:59.5370000,0,4895165,0,2026-10-05 19:19:00.7730000,33.641150,-112.188490
2687348,"Anstruther Easter",977,77,"30V","30V2H5S4Q",3,2025-07-05 15:23:32.2600000,0,0,466716,2026-10-05 19:19:24.5500000,56.216670,-2.683330
1686841,"Landergin",3549,233,"13S","13S2H3S2Q",1,2026-10-05 19:22:43.7830000,1551,1396,517,2026-10-05 19:22:43.7830000,35.269500,-102.557990
1687101,"Adrian",3549,233,"13S","13S2H3S2Q",1,2026-10-05 19:23:58.5170000,2120,809,817,2026-10-05 19:23:58.5170000,35.274780,-102.665210
1690761,"Wimberly Place",3549,233,"13S","13S2H3S2Q",1,2026-10-05 19:24:53.5000000,777,0,517,2026-10-05 19:24:53.5000000,35.340610,-102.682710
2125860,"Cleveland",3576,233,"10T","10T2H2S1Q",2,2026-10-05 19:25:21.4570000,0,3060,0,2026-10-05 19:25:23.8630000,43.296230,-123.476470
1502336,"Paluxy",3549,233,"14S","14S2H6S3Q",1,2026-10-05 19:26:39.1630000,1800,0,882,2026-10-05 19:26:39.1670000,32.270700,-97.907530
1508854,"Tolar",3549,233,"14S","14S2H6S3Q",1,2026-10-05 19:26:59.8230000,300,0,109,2026-10-05 19:26:59.8230000,32.389030,-97.920590
2036617,"Maysville",3584,233,"17T","17T2H5S2Q",3,2025-05-12 14:02:27.8370000,0,0,810911,2026-10-05 19:28:44.4300000,41.404500,-80.452570
9742,"Plympton",138,13,"54H","54H1H4S1Q",2,2023-10-20 08:14:51.7070000,0,1708657,0,2026-10-05 19:29:54.4400000,-34.950000,138.550000
9574,"Darlington",138,13,"54H","54H1H4S3Q",2,2024-10-22 23:17:39.5770000,0,1723971,0,2026-10-05 19:30:07.1700000,-35.033330,138.566670
1657836,"Barksdale",3547,233,"17S","17S2H1S4Q",1,2026-10-05 19:30:25.7330000,2201,0,0,2026-10-05 19:30:27.7500000,34.809560,-82.364840
1657961,"Marshall Forest",3547,233,"17S","17S2H1S4Q",1,2026-10-05 19:30:42.9270000,1730,0,0,2026-10-05 19:30:49.5500000,34.811230,-82.373180
1738859,"Dawson",3546,233,"15S","15S1H4S3Q",3,2013-12-01 23:20:28.6470000,0,0,4556702,2026-10-05 19:31:12.4300000,36.179820,-95.908600
2003203,"Lincoln",3559,233,"14T","14T2H6S4Q",2,2013-11-16 04:03:31.4300000,0,42763826,0,2026-10-05 19:31:12.4370000,40.800000,-96.666960
2247789,"Rouse",3566,233,"15T","15T1H3S4Q",3,2013-07-03 02:54:52.9270000,0,0,6311156,2026-10-05 19:31:35.9030000,46.356340,-90.465740
2578718,"Rakitovka",2658,192,"39U","39U1H5S1Q",3,2023-02-25 07:40:29.7630000,0,0,1280944,2026-10-05 19:35:09.3330000,53.266670,50.283330
1765561,"Llanada",3567,233,"10S","10S1H6S4Q",3,2026-10-04 06:18:58.2930000,0,0,560319,2026-10-05 19:39:53.1900000,36.609120,-120.916570
2670746,"Perovo",2670,192,"37U","37U1H1S2Q",2,2022-11-18 06:05:02.0170000,0,1408835,0,2026-10-05 19:42:17.2170000,55.735010,37.790880
1896745,"Ibiza Nueva",896,68,"31S","31S1H1S4Q",2,2026-10-05 14:54:36.8400000,0,60911,0,2026-10-05 19:45:51.0130000,38.918420,1.444320
1388810,"Pioneer Town",3549,233,"14R","14R1H5S2Q",3,2025-11-12 14:00:20.1330000,0,0,1541488,2026-10-05 19:45:58.9600000,29.986050,-98.108070
1583886,"Skandia Mobile Country Park",3567,233,"11S","11S2H4S2Q",3,2015-03-03 23:47:31.0270000,0,0,1102015,2026-10-05 19:47:30.8100000,33.724740,-118.040340
1581787,"La Bolsa",3567,233,"11S","11S2H5S1Q",3,2013-06-12 17:27:46.6170000,0,0,1622470,2026-10-05 19:48:54.3700000,33.686690,-117.997560
2055063,"Trivigliano",1377,110,"33T","33T2H4S2Q",3,2013-04-19 14:52:38.6530000,4800,0,180016,2026-10-05 19:52:13.0370000,41.775720,13.272300
2294421,"Riverton",3578,233,"10T","10T1H2S2Q",1,2013-03-28 03:12:29.2100000,3984624,0,0,2026-10-05 19:52:23.4300000,47.484270,-122.294570
2667050,"Alekseyevka",2670,192,"37U","37U1H1S2Q",2,2023-07-17 12:52:35.8230000,0,1311379,0,2026-10-05 19:53:36.7830000,55.630000,37.800000
2208756,"Turano Lodigiano",1375,110,"32T","32T1H5S2Q",1,2026-09-29 10:37:39.7030000,4335,0,0,2026-10-05 19:53:48.3400000,45.248870,9.621460
2521493,"Horstwalde",713,57,"33U","33U1H4S4Q",3,2026-10-02 08:45:45.3330000,0,0,10791,2026-10-05 19:54:16.7770000,52.083330,13.400000
2205420,"Codogno",1375,110,"32T","32T1H5S2Q",1,2019-08-11 16:06:35.2930000,730368,0,0,2026-10-05 19:55:49.7430000,45.161870,9.702160
2287453,"Glencove",3578,233,"10T","10T1H2S2Q",2,2026-06-23 00:12:09.3500000,0,33465,2400,2026-10-05 19:56:53.7530000,47.345930,-122.737080
2378091,"Dieresdorf",715,57,"32U","32U2H6S1Q",3,2016-08-05 12:08:19.9900000,0,0,81761,2026-10-05 19:58:31.3400000,49.216670,10.566670
2036335,"El Poble Nou",909,68,"31T","31T2H5S1Q",2,2026-10-05 19:58:29.0270000,0,8137,0,2026-10-05 19:58:36.0900000,41.400000,2.200000
2277985,"Villedieu-la-Blouere",949,75,"30T","30T1H3S1Q",1,2023-07-17 21:03:08.7800000,640747,0,0,2026-10-05 19:59:03.9170000,47.150000,-1.066670
1571913,"Paradise Valley",3572,233,"12S","12S2H5S1Q",2,2026-01-28 17:15:12.4030000,0,1750186,0,2026-10-05 20:00:10.8970000,33.531150,-111.942650
12571,"Redfern",143,13,"56H","56H1H1S4Q",3,2012-03-12 11:01:18.8770000,0,0,151194138,2026-10-05 20:01:39.1430000,-33.892790,151.204150
1588364,"Carefree Foothills",3572,233,"12S","12S2H5S1Q",2,2025-05-23 23:00:07.0870000,0,1550281,0,2026-10-05 20:02:11.3700000,33.798090,-111.949310
2392600,"Kaubenheim",715,57,"32U","32U2H6S1Q",3,2016-11-21 05:23:13.8770000,0,0,1106311,2026-10-05 20:07:23.2730000,49.533330,10.466670
2156731,"Eugene",3576,233,"10T","10T1H5S3Q",3,2024-10-03 23:02:28.9670000,3000,0,1089505,2026-10-05 20:10:35.0730000,44.052070,-123.086750
2341127,"Plestan",961,75,"30U","30U2H5S4Q",3,2026-10-05 20:11:33.1930000,0,198,300,2026-10-05 20:11:33.1930000,48.416670,-2.450000
2341970,"Tremaudan",961,75,"30U","30U2H5S4Q",3,2026-10-05 20:11:38.8070000,0,0,701,2026-10-05 20:11:38.8070000,48.433330,-2.400000
2342815,"Pledeliac",961,75,"30U","30U2H5S4Q",3,2026-10-05 20:11:43.0170000,0,0,909,2026-10-05 20:11:43.0170000,48.450000,-2.383330
2343634,"Tregomar",961,75,"30U","30U2H5S4Q",3,2026-10-05 20:11:48.1030000,0,0,513,2026-10-05 20:11:48.1030000,48.466670,-2.433330
2342814,"Saint-Rieul",961,75,"30U","30U2H5S4Q",3,2026-10-05 20:11:55.1470000,0,0,790,2026-10-05 20:11:55.1470000,48.450000,-2.416670
2346140,"La Grandville",961,75,"30U","30U2H5S4Q",3,2026-10-05 20:12:04.2400000,0,0,788,2026-10-05 20:12:04.2400000,48.516670,-2.633330
2346993,"Lermot",961,75,"30U","30U2H5S4Q",3,2026-10-05 20:12:10.7330000,0,195,300,2026-10-05 20:12:10.7330000,48.533330,-2.666670
2346139,"Hillion",961,75,"30U","30U2H5S4Q",3,2026-10-05 20:12:19.9000000,0,0,726,2026-10-05 20:12:19.9030000,48.516670,-2.683330
2393891,"Zd'ar nad Sazavou",690,56,"33U","33U2H5S2Q",1,2021-01-06 11:51:04.5930000,870004,0,0,2026-10-05 20:13:17.4200000,49.562630,15.939240
12648,"Darling Harbour",143,13,"56H","56H1H1S4Q",3,2017-01-19 09:23:22.8330000,0,0,3063425,2026-10-05 20:15:14.1730000,-33.868470,151.200340
1980947,"El Negralejo",904,68,"30T","30T2H5S3Q",1,2013-02-10 08:29:51.5000000,1391300,0,0,2026-10-05 20:17:41.9100000,40.400000,-3.516670
1980141,"Ribas de Jarama",904,68,"30T","30T2H5S3Q",1,2013-03-14 18:31:17.7800000,1245080,0,0,2026-10-05 20:17:46.1500000,40.383330,-3.516670
1979361,"El Piul",904,68,"30T","30T2H5S3Q",1,2014-08-17 16:25:49.9130000,1243220,0,0,2026-10-05 20:17:55.7070000,40.366670,-3.500000
12440,"Mascot",143,13,"56H","56H1H1S4Q",3,2015-10-29 22:45:59.2470000,0,0,5356296,2026-10-05 20:18:05.9400000,-33.933330,151.200000
12368,"Banksmeadow",143,13,"56H","56H1H1S4Q",3,2017-05-27 03:02:42.8500000,0,0,1004239,2026-10-05 20:18:14.5000000,-33.950000,151.216670
12294,"Port Botany",143,13,"56H","56H1H1S4Q",3,2017-05-10 04:10:37.5300000,0,0,1204825,2026-10-05 20:18:22.5800000,-33.966670,151.216670
12228,"Phillip Bay",143,13,"56H","56H1H1S4Q",3,2017-04-25 04:03:03.8030000,0,0,2879385,2026-10-05 20:18:34.7700000,-33.983330,151.233330
1657527,"Paramount Park",3547,233,"17S","17S2H1S4Q",1,2026-10-05 20:21:00.5070000,2246,0,0,2026-10-05 20:21:00.5070000,34.805120,-82.370680
2294025,"Latona",3578,233,"10T","10T1H2S2Q",1,2013-02-09 08:08:30.7800000,4495469,0,0,2026-10-05 20:22:18.3900000,47.483150,-122.301240
1658470,"Traxler Park",3547,233,"17S","17S2H1S4Q",1,2026-10-05 20:23:05.5530000,1276,0,0,2026-10-05 20:23:05.5530000,34.817060,-82.383180
1679809,"Hargis",3569,233,"13S","13S2H3S1Q",1,2026-10-05 20:23:07.7200000,1272,0,0,2026-10-05 20:23:07.7200000,35.146170,-103.816360
1678727,"Palomas",3569,233,"13S","13S2H3S1Q",1,2026-10-05 20:23:13.3930000,1490,344,0,2026-10-05 20:23:13.3930000,35.128390,-103.917750
1656713,"Jordan",3569,233,"13S","13S2H3S3Q",1,2026-10-05 20:23:30.9600000,1107,0,0,2026-10-05 20:23:30.9600000,34.794510,-103.848300
1658838,"Ragland",3569,233,"13S","13S2H3S3Q",1,2026-10-05 20:23:40.9670000,658,0,0,2026-10-05 20:23:40.9670000,34.822560,-103.742190
1666531,"Quay",3569,233,"13S","13S2H3S3Q",1,2026-10-05 20:23:48.3230000,1393,0,0,2026-10-05 20:23:48.3230000,34.933950,-103.760520
1692634,"Hooverville",3569,233,"13S","13S2H2S2Q",1,2026-10-05 20:24:24.8870000,1333,0,0,2026-10-05 20:24:24.8870000,35.376160,-104.217750
1676976,"Montoya",3569,233,"13S","13S2H2S2Q",1,2026-10-05 20:25:29.5370000,1737,700,0,2026-10-05 20:25:29.5370000,35.099780,-104.063860
14171,"Chittaway Point",143,13,"56H","56H1H1S4Q",3,2019-01-25 06:52:32.3900000,0,0,1005777,2026-10-05 20:25:46.7170000,-33.316670,151.450000
2100051,"Slavovtsi",283,22,"34T","34T2H3S4Q",1,2025-07-30 11:32:33.6770000,266005,0,0,2026-10-05 20:27:15.0370000,42.783330,23.333330
2523153,"Fernneuendorf",713,57,"33U","33U1H4S4Q",3,2026-10-02 08:45:32.7370000,0,0,10788,2026-10-05 20:27:59.0630000,52.116670,13.383330
2345296,"Langueux",961,75,"30U","30U2H5S4Q",3,2026-10-05 20:31:01.0400000,0,0,768,2026-10-05 20:31:01.0400000,48.500000,-2.716670
2346992,"Le Vallet",961,75,"30U","30U2H5S4Q",3,2026-10-05 20:31:08.2800000,0,0,736,2026-10-05 20:31:08.2800000,48.533330,-2.716670
2319954,"Pont-Pean",961,75,"30U","30U2H6S3Q",3,2026-10-05 20:31:19.5470000,0,0,1362,2026-10-05 20:31:19.5470000,48.013200,-1.703800
2319303,"Orgeres",961,75,"30T","30T1H3S1Q",3,2026-10-05 20:31:25.2270000,0,0,1065,2026-10-05 20:31:25.2270000,48.000000,-1.666670
2319304,"Bourgbarre",961,75,"30T","30T1H3S1Q",3,2026-10-05 20:31:29.7130000,0,0,428,2026-10-05 20:31:29.7130000,48.000000,-1.616670
2320903,"Veneffles",961,75,"30U","30U2H6S3Q",3,2026-10-05 20:31:34.7800000,0,0,1078,2026-10-05 20:31:34.7800000,48.033330,-1.500000
2321747,"Chateaugiron",961,75,"30U","30U2H6S3Q",3,2026-10-05 20:31:39.0470000,0,0,411,2026-10-05 20:31:39.0470000,48.050000,-1.500000
2313334,"Chaumeray",961,75,"30T","30T1H3S1Q",3,2026-10-05 20:32:08.9930000,0,0,324,2026-10-05 20:32:08.9930000,47.883330,-1.850000
2498920,"Henglarn",707,57,"32U","32U2H2S1Q",3,2025-03-06 12:55:57.5400000,0,0,957837,2026-10-05 20:33:05.5000000,51.600000,8.783330
2530589,"Wilby",979,77,"30U","30U1H6S4Q",1,2010-01-01 00:00:00.0000000,571405,1500,15600,2026-10-05 20:34:54.4930000,52.266670,-0.716670
1573008,"Santo Tomas",3572,233,"12S","12S2H5S1Q",2,2026-06-12 22:45:12.5870000,0,1230727,0,2026-10-05 20:36:59.7400000,33.548380,-111.916530
12447,"Kingsford",143,13,"56H","56H1H1S4Q",3,2017-03-29 21:46:28.5370000,0,0,1106039,2026-10-05 20:37:12.3830000,-33.923990,151.227490
12369,"Matraville",143,13,"56H","56H1H1S4Q",3,2017-05-07 23:35:41.4470000,0,0,2066594,2026-10-05 20:37:20.6470000,-33.950000,151.233330
2687276,"Pittenweem",977,77,"30V","30V2H5S4Q",3,2025-06-20 22:40:31.2370000,0,0,405127,2026-10-05 20:37:25.0470000,56.214060,-2.728390
12295,"Malabar",143,13,"56H","56H1H1S4Q",3,2017-06-04 01:57:10.1530000,0,0,1519427,2026-10-05 20:37:29.5070000,-33.966670,151.250000
12293,"Botany",143,13,"56H","56H1H1S4Q",3,2017-06-18 10:09:02.3200000,0,0,1054709,2026-10-05 20:37:42.9200000,-33.966670,151.200000
12512,"Saint Peters",143,13,"56H","56H1H1S4Q",3,2017-02-07 12:50:13.2170000,0,0,1032768,2026-10-05 20:38:02.0370000,-33.916670,151.183330
2691427,"Strathkinness",977,77,"30V","30V2H5S4Q",3,2025-05-29 12:52:17.2100000,0,0,699685,2026-10-05 20:38:08.8770000,56.333330,-2.866670
12642,"Dover Heights",143,13,"56H","56H1H1S4Q",3,2026-08-07 23:11:01.3000000,0,1034,1022646,2026-10-05 20:38:13.1870000,-33.870830,151.279170
2237189,"Pontchy",945,75,"32T","32T1H1S3Q",2,2023-09-05 07:46:37.1500000,0,1000563,0,2026-10-05 20:40:13.1700000,46.066670,6.416670
2357889,"Wiflingshausen",716,57,"32U","32U2H5S4Q",3,2025-09-09 06:28:49.3670000,1386,0,4254,2026-10-05 20:41:08.8700000,48.750000,9.333330
1887369,"Smithflat",3567,233,"10S","10S1H3S4Q",3,2026-02-28 12:15:26.6470000,0,0,504537,2026-10-05 20:41:32.2700000,38.734630,-120.755210
1404952,"Villa Siesta Retirement Village",3549,233,"14R","14R1H3S3Q",2,2020-09-30 23:26:33.2570000,0,6283083,0,2026-10-05 20:43:21.5930000,30.372430,-97.671120
2522304,"Kummersdorf-Gut",713,57,"33U","33U1H4S4Q",3,2026-10-02 08:45:42.0500000,0,0,10675,2026-10-05 20:43:48.7230000,52.100000,13.366670
2524823,"Klausdorf",713,57,"33U","33U1H4S4Q",3,2026-10-02 08:45:16.3170000,0,0,5789,2026-10-05 20:44:02.8700000,52.150000,13.400000
2367441,"Les Baux-Sainte-Croix",956,75,"31U","31U2H4S4Q",3,2020-11-07 18:27:37.0170000,0,0,593571,2026-10-05 20:47:58.4470000,48.969900,1.096100
12696,"Point Piper",143,13,"56H","56H1H1S4Q",3,2010-01-01 00:00:00.0000000,0,0,1173317,2026-10-05 20:50:12.1270000,-33.866670,151.250000
2291897,"Vertpuszta",1221,100,"34T","34T1H1S1Q",2,2026-06-26 10:03:53.5170000,0,709707,0,2026-10-05 20:53:00.0070000,47.433330,18.700000
2286977,"Gyurusaljapuszta",1221,100,"34T","34T1H1S1Q",0,2026-10-05 20:53:09.0170000,0,0,0,2026-10-05 20:53:09.0170000,47.333330,18.683330
2516338,"Nowy Dwor",2451,180,"33U","33U2H3S1Q",2,2026-10-02 19:12:42.8830000,0,103650,0,2026-10-05 20:53:39.2830000,51.971430,16.875910
2681212,"Burntisland",977,77,"30V","30V2H5S3Q",3,2025-08-02 16:10:10.9230000,0,0,578908,2026-10-05 20:54:18.3200000,56.050000,-3.233330
1922876,"Cala Ferrera",896,68,"31S","31S1H2S2Q",3,2025-03-28 22:23:30.0330000,0,58413,126185,2026-10-05 20:55:13.5400000,39.381420,3.239120
1824623,"Foster City",3567,233,"10S","10S1H5S2Q",1,2025-01-27 17:13:21.2600000,3504866,0,15673,2026-10-05 20:55:18.6370000,37.558550,-122.271080
2690279,"Pitscottie",977,77,"30V","30V2H5S4Q",3,2025-06-04 21:45:06.4500000,0,0,1267554,2026-10-05 20:55:39.2830000,56.300000,-2.933330
1822520,"Belmont",3567,233,"10S","10S1H5S2Q",1,2026-06-02 19:39:28.3170000,2485467,0,13107,2026-10-05 20:55:46.0230000,37.520210,-122.275800
1823096,"Redwood Shores",3567,233,"10S","10S1H5S2Q",1,2025-01-09 22:39:58.7830000,3236285,0,18812,2026-10-05 20:56:16.5300000,37.531880,-122.248020
1840166,"Diablo",3567,233,"10S","10S1H6S1Q",2,2023-06-23 05:05:11.3130000,0,3109862,3102,2026-10-05 20:56:54.0900000,37.840500,-121.961090
12586,"Surry Hills",143,13,"56H","56H1H1S4Q",3,2017-02-12 11:08:18.0600000,0,0,2044579,2026-10-05 20:57:29.0100000,-33.883740,151.212820
2519851,"Baruth",713,57,"33U","33U1H4S4Q",3,2026-09-28 11:38:15.0030000,0,0,7848,2026-10-05 21:00:40.2330000,52.050000,13.500000
12643,"Woolloomooloo",143,13,"56H","56H1H1S4Q",3,2017-02-07 12:48:37.3730000,0,0,1709526,2026-10-05 21:00:59.2330000,-33.870420,151.219680
2517451,"Jerka",2451,180,"33U","33U2H3S1Q",2,2026-10-05 21:01:33.4930000,0,3750,0,2026-10-05 21:01:34.8130000,51.999520,16.848670
30797,"Slacks Creek",142,13,"56J","56J1H5S4Q",2,2024-09-16 22:50:41.4270000,185823,1402815,0,2026-10-05 21:13:08.7470000,-27.650000,153.150000
1610935,"Santa Maria",3567,233,"11S","11S2H1S4Q",1,2026-09-29 20:53:47.5930000,20465,0,1551,2026-10-05 21:16:30.5470000,34.131400,-118.574530
2312467,"Loheac",961,75,"30T","30T1H3S1Q",3,2026-10-05 21:19:16.6970000,0,0,798,2026-10-05 21:19:16.6970000,47.866670,-1.883330
2310064,"Guipry",961,75,"30T","30T1H3S1Q",3,2026-10-05 21:19:23.6430000,0,0,453,2026-10-05 21:19:23.6430000,47.816670,-1.833330
2310065,"Port de Guipry",961,75,"30T","30T1H3S1Q",3,2026-10-05 21:19:32.5900000,0,0,452,2026-10-05 21:19:32.5900000,47.816670,-1.816670
2309192,"Malon",961,75,"30T","30T1H3S1Q",3,2026-10-05 21:19:35.9430000,0,169,600,2026-10-05 21:19:35.9430000,47.800000,-1.850000
2309193,"Treguily",961,75,"30T","30T1H3S1Q",3,2026-10-05 21:19:40.8800000,0,0,773,2026-10-05 21:19:40.8800000,47.800000,-1.833330
2310063,"Pipriac",961,75,"30T","30T1H3S1Q",3,2026-10-05 21:19:47.7230000,0,0,1566,2026-10-05 21:19:47.7230000,47.816670,-1.950000
2156481,"Veneta",3576,233,"10T","10T1H5S3Q",3,2025-02-01 00:41:58.4400000,0,0,556628,2026-10-05 21:24:10.9070000,44.048730,-123.350930
1381478,"Redwood",3549,233,"14R","14R1H6S1Q",3,2026-01-01 04:20:26.9970000,0,0,843731,2026-10-05 21:25:22.4430000,29.810220,-97.911390
2519852,"Radeland",713,57,"33U","33U1H4S4Q",3,2026-09-28 12:04:50.1330000,0,0,10811,2026-10-05 21:27:26.3900000,52.050000,13.550000
2671370,"Vladimirskiy Poselok",2670,192,"37U","37U1H1S2Q",2,2019-06-01 20:24:25.1000000,0,1490415,0,2026-10-05 21:28:38.6970000,55.754910,37.776450
1928269,"Valencia",901,68,"30S","30S1H3S2Q",3,2023-05-05 07:51:52.0100000,0,0,866620,2026-10-05 21:28:57.1000000,39.469750,-0.377390
802269,"Tha Yang",3167,218,"47P","47P1H5S4Q",1,2016-02-19 23:42:21.6500000,131685,58412,0,2026-10-05 21:31:47.1400000,12.957720,99.905550
2151867,"Cedar Mills",457,38,"17T","17T2H3S1Q",2,2026-10-05 21:32:06.0100000,0,7305,0,2026-10-05 21:32:13.7930000,43.916810,-79.799640
2099225,"Gurlo",279,22,"34T","34T2H3S3Q",1,2025-06-09 04:32:29.6100000,180472,58862,0,2026-10-05 21:32:24.7930000,42.766670,22.850000
2151301,"Humber",457,38,"17T","17T2H3S1Q",2,2026-09-02 21:53:36.9270000,0,166718,0,2026-10-05 21:32:37.9700000,43.900110,-79.816340
1712692,"Indian Trail",3545,233,"17S","17S2H3S2Q",3,2013-07-12 11:23:26.8770000,0,0,580346,2026-10-05 21:33:57.8830000,35.738490,-78.837230
1957496,"Eastmoor",3563,233,"17S","17S1H1S2Q",1,2026-08-13 12:05:54.4830000,567025,0,0,2026-10-05 21:38:47.2270000,39.967840,-82.911010
1760432,"Rancho Tierra Grande",3567,233,"10S","10S1H6S3Q",3,2026-09-10 05:18:54.2800000,0,0,130819,2026-10-05 21:39:14.3200000,36.528020,-121.803840
1658181,"Knollwood",3547,233,"17S","17S2H1S4Q",1,2026-10-05 21:39:12.8270000,6330,0,0,2026-10-05 21:39:17.9930000,34.814840,-82.396510
1718446,"Chandler",3548,233,"17S","17S2H1S1Q",3,2024-07-26 06:20:15.2500000,0,0,6823,2026-10-05 21:39:37.2800000,35.838140,-83.984070
1720802,"West Emory",3548,233,"16S","16S2H3S2Q",3,2024-07-26 05:42:50.0000000,0,0,3644,2026-10-05 21:39:54.4600000,35.880080,-84.090470
1715553,"Marmor",3548,233,"16S","16S2H3S2Q",3,2024-07-26 05:43:26.9930000,0,0,6845,2026-10-05 21:40:36.4070000,35.788140,-84.117130
1604415,"Malibu Beach",3567,233,"11S","11S2H1S4Q",1,2026-10-05 20:29:49.6830000,19709,0,0,2026-10-05 21:41:30.7800000,34.032790,-118.688420
1563219,"Greenwood",3539,233,"16S","16S2H6S2Q",3,2013-07-20 22:40:42.1070000,0,0,26484318,2026-10-05 21:41:36.4630000,33.392890,-84.168810
1552521,"Moncks Corner",3547,233,"17S","17S2H5S2Q",2,2026-05-24 20:58:44.7330000,0,670036,0,2026-10-05 21:44:17.6200000,33.196000,-80.013140
2161671,"Bardino Vecchio",1376,110,"32T","32T1H5S3Q",1,2016-05-31 19:17:27.4170000,6290668,0,0,2026-10-05 21:44:59.6130000,44.189130,8.272020
2491861,"Eltham",979,77,"31U","31U2H1S1Q",3,2013-11-20 23:14:51.6100000,0,0,1010759,2026-10-05 21:45:29.3070000,51.450000,0.050000
2004594,"Hamilton Houses",3562,233,"18T","18T2H6S3Q",3,2013-12-02 13:46:19.3270000,18231,0,437769,2026-10-05 21:45:57.1200000,40.821110,-73.942780
1403415,"Claybank",3541,233,"15R","15R1H3S4Q",2,2025-09-20 16:18:43.7930000,0,2159849,0,2026-10-05 21:46:44.9730000,30.338800,-90.863150
1820088,"Redwood Junction",3567,233,"10S","10S1H5S2Q",1,2025-04-22 18:09:46.4400000,2275380,0,14342,2026-10-05 21:47:23.2900000,37.477160,-122.221350
1819179,"Felton Gables",3567,233,"10S","10S1H5S2Q",1,2026-04-23 22:32:18.7070000,2047289,0,7755,2026-10-05 21:47:27.4170000,37.461940,-122.189440
1818805,"Menlo Park",3567,233,"10S","10S1H5S2Q",1,2025-05-12 21:31:48.6870000,2052326,0,12098,2026-10-05 21:47:30.5400000,37.453830,-122.182190
1819614,"Menlo Oaks",3567,233,"10S","10S1H5S2Q",1,2024-12-27 15:04:55.4200000,2065678,0,5687,2026-10-05 21:47:35.3230000,37.467500,-122.166940
1820046,"Belle Haven",3567,233,"10S","10S1H5S2Q",1,2026-04-19 16:22:07.6270000,2006715,0,7238,2026-10-05 21:47:40.7600000,37.476330,-122.159410
1819117,"The Willows",3567,233,"10S","10S1H5S2Q",1,2024-12-21 21:09:26.5770000,2213515,0,3619,2026-10-05 21:47:43.6300000,37.460560,-122.154720
1819684,"East Palo Alto",3567,233,"10S","10S1H5S2Q",1,2025-04-07 21:03:18.6170000,2506158,0,2585,2026-10-05 21:47:46.7100000,37.468830,-122.141080
1817054,"Stanford",3567,233,"10S","10S1H5S2Q",1,2026-05-13 16:44:02.3200000,2008633,0,517,2026-10-05 21:47:50.6130000,37.424110,-122.166080
1577161,"Fountain Hills",3572,233,"12S","12S2H5S1Q",2,2025-01-19 13:19:57.8400000,0,1325185,0,2026-10-05 21:48:32.7870000,33.611710,-111.717360
2412839,"Janowice",2439,180,"34U","34U2H5S1Q",3,2019-03-24 06:43:52.0000000,0,0,1472170,2026-10-05 21:48:58.5200000,49.951990,20.010400
2206621,"Cavacurta",1375,110,"32T","32T1H5S2Q",1,2025-09-29 19:39:06.4700000,101420,0,0,2026-10-05 21:53:00.6130000,45.189770,9.741860
2532178,"Ermelo",2273,167,"31U","31U1H6S4Q",1,2015-03-20 15:16:39.3900000,94355022,0,0,2026-10-05 21:53:52.8400000,52.298330,5.622220
1840775,"Alamo",3567,233,"10S","10S1H5S2Q",2,2024-10-19 00:15:29.8830000,0,3003705,3309,2026-10-05 21:56:09.2130000,37.850200,-122.032180
2242906,"Helena",3557,233,"16T","16T1H2S3Q",1,2012-08-08 23:30:38.6070000,1139944,0,2400,2026-10-05 22:06:02.6170000,46.218280,-87.272360
2035072,"Bogatell Beach",909,68,"31T","31T2H5S1Q",2,2026-10-05 22:07:43.4030000,0,8771,0,2026-10-05 22:07:55.1370000,41.373960,2.189580
1885322,"Saint Andrews Village",3567,233,"10S","10S1H3S3Q",3,2026-10-03 22:49:40.4600000,0,1095913,1724908,2026-10-05 22:09:58.0300000,38.697400,-121.081060
1605185,"El Nido",3567,233,"11S","11S2H1S4Q",1,2026-10-01 11:59:56.2030000,29206,0,900,2026-10-05 22:11:04.6230000,34.043620,-118.739250
2346136,"Saint-Brieuc",961,75,"30U","30U2H5S4Q",3,2026-10-05 22:12:00.3400000,0,0,1112,2026-10-05 22:12:00.3400000,48.516670,-2.783330
2346137,"Le Legue",961,75,"30U","30U2H5S4Q",3,2026-10-05 22:12:12.2300000,0,0,749,2026-10-05 22:12:12.2300000,48.516670,-2.750000
2346138,"Cesson",961,75,"30U","30U2H5S4Q",3,2026-10-05 22:12:16.5600000,0,0,830,2026-10-05 22:12:16.5600000,48.516670,-2.733330
2290985,"Niederrohrdorf",528,43,"32T","32T1H2S1Q",3,2023-01-25 08:48:20.8430000,14842,0,9849276,2026-10-05 22:12:41.2170000,47.416670,8.300000
2279813,"Altreu",510,43,"32T","32T1H1S2Q",2,2026-09-30 06:04:18.3870000,0,1151537,0,2026-10-05 22:13:06.5030000,47.192340,7.448470
1607671,"Monte Nido",3567,233,"11S","11S2H1S4Q",1,2026-10-05 17:00:40.2900000,21692,0,0,2026-10-05 22:17:08.7570000,34.080840,-118.687030
1713556,"Maplewood Forest",3545,233,"17S","17S2H3S2Q",3,2013-03-30 21:18:42.4730000,0,0,970030,2026-10-05 22:19:03.2500000,35.753210,-78.602780
2206067,"Northdale",3558,233,"15T","15T1H5S1Q",1,2013-09-01 14:16:59.7930000,3979497,0,0,2026-10-05 22:19:28.4030000,45.178580,-93.280230
2035658,"Sant Pere, Santa Caterina i La Ribera",909,68,"31T","31T2H5S1Q",2,2026-10-05 22:20:25.2070000,0,7798,0,2026-10-05 22:20:30.3670000,41.384500,2.181520
2033490,"Rollersville",3563,233,"17T","17T2H4S1Q",1,2026-10-05 22:21:33.0500000,773,0,0,2026-10-05 22:21:33.0500000,41.340890,-83.378260
2490031,"Sully",976,77,"30U","30U2H2S1Q",3,2022-07-05 08:24:55.0000000,0,0,1022547,2026-10-05 22:23:46.5800000,51.406390,-3.218330
1609062,"Topanga Oaks",3567,233,"11S","11S2H1S4Q",1,2026-09-28 11:02:30.2570000,18148,0,0,2026-10-05 22:24:44.0870000,34.101120,-118.590360
2154061,"Florence",3576,233,"10T","10T2H1S2Q",2,2026-08-28 01:22:27.1430000,0,10523,0,2026-10-05 22:27:16.9970000,43.982620,-124.099840
1555841,"Flovilla",3539,233,"17S","17S2H4S1Q",3,2013-07-11 23:47:22.8370000,0,0,6640987,2026-10-05 22:27:38.7700000,33.253730,-83.898520
1945735,"Indianapolis",3555,233,"16S","16S1H2S2Q",2,2013-10-19 22:28:45.1070000,0,37829756,108052,2026-10-05 22:28:07.5630000,39.768380,-86.158040
2237719,"Ayse",945,75,"32T","32T1H1S3Q",2,2023-09-05 07:46:26.5000000,0,196874,0,2026-10-05 22:29:50.0930000,46.083330,6.433330
2003681,"Clason Point",3562,233,"18T","18T2H6S3Q",3,2015-05-19 12:24:19.7070000,3124,0,664508,2026-10-05 22:31:20.0900000,40.805660,-73.949580
2038838,"la Manresana",909,68,"31T","31T2H5S1Q",3,2021-09-24 12:53:05.0370000,0,0,149504,2026-10-05 22:34:37.5770000,41.450000,2.266670
1447347,"Avon",3551,233,"16R","16R1H3S1Q",2,2013-08-10 15:56:02.6270000,205687,1824870,0,2026-10-05 22:34:38.0000000,31.189340,-85.286040
1563256,"Patrick Park",3572,233,"12S","12S2H4S2Q",3,2024-09-22 20:15:35.7130000,0,0,1345316,2026-10-05 22:35:02.3370000,33.393660,-112.020700
1566482,"Phoenix",3572,233,"12S","12S2H4S2Q",2,2023-05-19 22:47:21.2370000,0,2439611,0,2026-10-05 22:35:11.4600000,33.448380,-112.074040
2606234,"Copmanthorpe",979,77,"30U","30U1H6S1Q",2,2014-04-22 12:58:07.6370000,300,564715,23700,2026-10-05 22:35:25.0900000,53.916670,-1.133330
2624378,"Gdansk",2449,180,"34U","34U1H1S3Q",2,2019-06-07 12:01:43.3100000,0,11610730,0,2026-10-05 22:36:14.0800000,54.352050,18.646370
1380233,"Staples",3549,233,"14R","14R1H6S1Q",2,2026-10-04 12:56:31.5630000,0,57016,0,2026-10-05 22:36:23.5770000,29.781330,-97.836110
1966526,"Mapleton",3571,233,"12T","12T2H5S3Q",1,2026-08-24 00:00:24.9430000,441605,0,0,2026-10-05 22:36:28.6300000,40.130230,-111.578530
2358634,"Obertal",716,57,"32U","32U2H5S4Q",3,2026-10-05 22:39:52.1330000,3,0,529,2026-10-05 22:39:52.1330000,48.766670,9.316670
1609919,"Sylvia Park",3567,233,"11S","11S2H1S4Q",1,2026-10-01 05:55:51.2170000,14299,0,0,2026-10-05 22:40:21.4400000,34.115010,-118.581750
2591336,"Hinterbrack",708,57,"32U","32U1H5S2Q",3,2022-05-21 17:41:51.4870000,0,0,908247,2026-10-05 22:40:40.4900000,53.550000,9.750000
12286,"Glenfield",143,13,"56H","56H1H1S3Q",3,2017-08-14 02:22:03.2100000,0,517,1325870,2026-10-05 22:40:52.4870000,-33.966670,150.900000
2590621,"Gottin",702,57,"32U","32U1H6S1Q",1,2026-10-04 22:38:34.5800000,111201,0,0,2026-10-05 22:41:26.6470000,53.533330,10.700000
1558524,"West Chandler",3572,233,"12S","12S2H5S1Q",3,2013-05-08 04:58:00.8600000,0,0,5056644,2026-10-05 22:42:55.7970000,33.305330,-111.945700
2120469,"Newport",3562,233,"18T","18T2H2S1Q",1,2016-04-03 16:29:47.8630000,9797,0,0,2026-10-05 22:43:34.9030000,43.185900,-75.014320
1524145,"Florence Hill",3549,233,"14S","14S2H6S3Q",3,2015-05-08 08:03:32.9270000,0,0,4226526,2026-10-05 22:44:56.7670000,32.673190,-97.015280
1669776,"Ayia Napa",686,55,"36S","36S2H3S3Q",1,2018-05-08 19:16:12.2970000,24829493,0,0,2026-10-05 22:45:01.6630000,34.982130,34.001830
1891715,"Spanish Flat",3567,233,"10S","10S1H3S4Q",2,2012-08-12 22:56:23.9530000,0,2607638,192315,2026-10-05 22:48:27.8400000,38.823230,-120.809380
2502010,"Bork",707,57,"32U","32U2H1S2Q",3,2026-01-01 08:26:58.2070000,0,0,188466,2026-10-05 22:49:13.6670000,51.666670,7.466670
1379509,"Houston",3549,233,"15R","15R1H4S1Q",2,2020-12-17 05:05:35.4930000,0,15413091,0,2026-10-05 22:50:58.6100000,29.763280,-95.363270
1596289,"Morton",3567,233,"11S","11S2H4S2Q",3,2015-03-28 01:32:01.7530000,360,0,947947,2026-10-05 22:51:59.4900000,33.913900,-118.183960
12805,"Cremorne",143,13,"56H","56H1H1S4Q",3,2017-03-15 06:05:11.0430000,0,0,1547967,2026-10-05 22:52:44.4700000,-33.833330,151.225000
2153315,"Glenada",3576,233,"10T","10T2H1S2Q",2,2026-08-28 01:22:33.8670000,0,10520,0,2026-10-05 22:53:52.1170000,43.960400,-124.104010
1562946,"Hampton",3539,233,"16S","16S2H6S2Q",3,2013-08-05 11:48:11.3900000,0,3900,10016517,2026-10-05 22:54:24.8170000,33.387060,-84.282980
2004054,"Patterson Houses",3562,233,"18T","18T2H6S3Q",3,2014-04-23 12:12:40.1630000,0,0,239802,2026-10-05 22:54:50.1570000,40.813990,-73.923470
1560339,"Hunts",3539,233,"17S","17S2H4S1Q",2,2026-10-05 22:54:55.1130000,0,1135,0,2026-10-05 22:54:55.1130000,33.340410,-83.405720
2003867,"Morningside Heights",3562,233,"18T","18T2H6S3Q",3,2013-12-31 14:21:06.4130000,3824,0,73944,2026-10-05 22:54:55.2370000,40.810000,-73.962500
2003623,"Le Petit Senegal",3562,233,"18T","18T2H6S3Q",3,2016-03-09 10:31:46.0930000,2948,300,944319,2026-10-05 22:55:01.2600000,40.804440,-73.955280
1560508,"Imperial",3539,233,"17S","17S2H4S1Q",2,2026-10-05 22:55:05.2500000,0,1135,0,2026-10-05 22:55:05.2500000,33.344020,-83.404890
1559644,"Eatonton",3539,233,"17S","17S2H4S1Q",2,2026-10-05 22:55:09.5300000,0,1158,0,2026-10-05 22:55:09.5300000,33.326800,-83.388500
2003694,"Mill Brook Houses",3562,233,"18T","18T2H6S3Q",3,2026-08-28 06:06:55.1070000,0,0,21432,2026-10-05 22:55:16.5870000,40.805930,-73.919030
2003820,"Harlem",3562,233,"18T","18T2H6S3Q",3,2014-01-11 06:18:07.5200000,300,0,546258,2026-10-05 22:55:54.2200000,40.808740,-73.945880
2498654,"Heikant",2270,167,"31U","31U2H3S2Q",1,2026-10-05 09:49:45.6400000,30266,0,0,2026-10-05 22:56:15.2270000,51.594170,5.159720
2497844,"Heukelom",2270,167,"31U","31U2H3S2Q",1,2025-08-28 23:19:10.5730000,879,0,0,2026-10-05 22:56:34.1770000,51.576670,5.156940
2501965,"Dommel Bergen",2270,167,"31U","31U2H3S1Q",2,2021-04-30 18:30:50.2400000,6287,16252,0,2026-10-05 22:57:23.7230000,51.666670,4.866670
2084475,"Stockbridge",3557,233,"16T","16T2H3S4Q",1,2026-02-08 14:04:45.7130000,821369,0,0,2026-10-05 22:59:36.2670000,42.451150,-84.180510
2083889,"Williamsville",3557,233,"16T","16T2H3S4Q",1,2016-05-03 03:32:34.6430000,1189679,6816,0,2026-10-05 22:59:46.3100000,42.438920,-84.096620
1716893,"Budleigh",3545,233,"17S","17S2H3S2Q",3,2013-07-16 00:32:53.6930000,0,0,840038,2026-10-05 23:02:30.1600000,35.810710,-78.671120
1580652,"DC Ranch",3572,233,"12S","12S2H5S1Q",2,2019-04-01 15:33:19.1400000,0,2987992,5016,2026-10-05 23:03:13.1330000,33.667540,-111.865420
1495813,"Emery Park",3572,233,"12S","12S2H5S4Q",3,2013-09-24 21:15:45.5200000,0,0,6590152,2026-10-05 23:04:05.1100000,32.141190,-110.955920
2119110,"Old City",3562,233,"18T","18T2H2S2Q",1,2016-04-03 16:29:42.4500000,14548,0,0,2026-10-05 23:05:13.3030000,43.162850,-74.984880
2231299,"Salva",3557,233,"16T","16T1H5S1Q",3,2026-10-05 23:05:14.1500000,0,0,1216,2026-10-05 23:05:14.1500000,45.887740,-87.204580
2231864,"Cornell",3557,233,"16T","16T1H5S1Q",3,2026-10-05 23:05:22.9200000,0,0,1448,2026-10-05 23:05:22.9200000,45.901350,-87.222360
2692922,"Logie",977,77,"30V","30V2H5S4Q",3,2025-06-05 04:34:24.4900000,0,0,2486133,2026-10-05 23:05:36.8500000,56.372710,-2.966390
1839165,"Gospel Ridge",3543,233,"15S","15S1H5S2Q",2,2013-04-12 16:50:51.7770000,0,5729605,0,2026-10-05 23:05:36.8600000,37.821430,-92.159050
2683533,"Cowdenbeath",977,77,"30V","30V2H5S3Q",3,2025-06-02 21:43:53.5370000,0,0,572543,2026-10-05 23:06:16.8100000,56.116670,-3.350000
2135882,"Speculator",3562,233,"18T","18T2H2S2Q",1,2026-10-05 23:08:35.5630000,1155,0,0,2026-10-05 23:08:35.5630000,43.497290,-74.361810
1588775,"Los Alamitos",3567,233,"11S","11S2H4S2Q",3,2013-05-13 15:17:36.9500000,0,0,882250,2026-10-05 23:11:00.2000000,33.803070,-118.072560
1976150,"Hillymeade",3584,233,"18T","18T2H4S4Q",3,2024-08-03 08:05:02.1630000,251360,0,542919,2026-10-05 23:11:03.0000000,40.304260,-76.739690
13091,"Rogans Hill",143,13,"56H","56H1H1S4Q",2,2026-07-09 10:05:48.7800000,0,17447998,0,2026-10-05 23:11:18.4930000,-33.733330,151.016670
1509403,"Brassell",3551,233,"16S","16S2H5S4Q",1,2016-04-18 18:26:12.8100000,16507,14700,0,2026-10-05 23:11:56.6030000,32.399580,-86.040240
1509532,"Tysonville",3551,233,"16S","16S2H6S3Q",1,2016-05-13 21:50:17.6930000,26930,13570,3796,2026-10-05 23:12:11.7230000,32.400420,-85.998570
2036602,"el Poblenou",909,68,"31T","31T2H5S1Q",2,2026-10-05 22:36:53.3900000,0,14381,0,2026-10-05 23:12:31.8370000,41.403920,2.204130
2686712,"Leven",977,77,"30V","30V2H5S4Q",3,2025-06-19 06:45:25.2070000,0,0,591936,2026-10-05 23:12:41.0570000,56.200000,-3.000000
2509272,"Megen",2270,167,"31U","31U2H3S2Q",1,2021-06-04 05:27:00.4270000,806560,0,0,2026-10-05 23:12:44.9870000,51.821670,5.562500
1405818,"Marshall Ford",3549,233,"14R","14R1H3S3Q",2,2026-09-29 02:53:59.0030000,0,12091,0,2026-10-05 23:16:23.2230000,30.391870,-97.888620
2495647,"Roosendaal",2270,167,"31U","31U2H3S1Q",1,2026-05-18 10:24:01.1800000,164711,0,0,2026-10-05 23:17:30.7600000,51.530830,4.465280
9420,"Wagga Wagga",143,13,"55H","55H1H5S4Q",2,2013-04-05 11:03:40.4800000,0,739000940,0,2026-10-05 23:18:27.7030000,-35.116670,147.366670
1721723,"Lovell",3548,233,"16S","16S2H3S2Q",3,2023-05-04 14:58:39.8400000,0,0,22650,2026-10-05 23:18:57.1330000,35.895640,-84.137140
2197435,"Falcon Heights",3558,233,"15T","15T1H5S3Q",2,2018-06-09 17:14:40.3670000,0,3517236,3600,2026-10-05 23:19:15.4930000,44.991630,-93.166330
1604783,"Las Flores",3567,233,"11S","11S2H1S4Q",1,2026-10-03 01:41:58.2100000,21943,0,0,2026-10-05 23:19:44.1130000,34.037230,-118.635920
12816,"Cammeray",143,13,"56H","56H1H1S4Q",3,2017-02-23 05:20:20.4470000,0,1179,2009734,2026-10-05 23:20:00.8870000,-33.822500,151.215830
12859,"Artarmon",143,13,"56H","56H1H1S4Q",2,2026-09-25 05:56:11.7100000,0,2105864,0,2026-10-05 23:20:12.2730000,-33.816670,151.183330
1608686,"San Gabriel",3567,233,"11S","11S2H1S4Q",3,2014-10-13 22:05:45.4530000,0,0,820680,2026-10-05 23:20:56.7270000,34.096110,-118.105830
1558157,"Warfield",3539,233,"17S","17S2H4S1Q",2,2026-10-05 23:23:13.8200000,171,1137,0,2026-10-05 23:23:13.8200000,33.299580,-83.383770
1557222,"Meda",3539,233,"17S","17S2H4S1Q",2,2026-10-05 23:23:19.0600000,0,1133,0,2026-10-05 23:23:19.0600000,33.281250,-83.366830
1555421,"Hallwood",3539,233,"17S","17S2H4S1Q",2,2026-10-05 23:23:24.4130000,129,1181,0,2026-10-05 23:23:24.4130000,33.247080,-83.363220
1553930,"Nona",3539,233,"17S","17S2H4S1Q",2,2026-10-05 23:23:28.9270000,0,1138,0,2026-10-05 23:23:28.9270000,33.219860,-83.345990
1553583,"Dennis",3539,233,"17S","17S2H4S1Q",2,2026-10-05 23:23:32.4330000,0,1145,0,2026-10-05 23:23:32.4330000,33.214300,-83.342380
1554937,"Flat Rock",3539,233,"17S","17S2H4S1Q",2,2026-10-05 23:23:36.2300000,0,1162,0,2026-10-05 23:23:36.2300000,33.237360,-83.317380
1550146,"Meriwether",3539,233,"17S","17S2H4S1Q",2,2026-10-05 23:23:41.5970000,0,1135,0,2026-10-05 23:23:41.5970000,33.155140,-83.319050
1545827,"Blandy",3539,233,"17S","17S2H4S1Q",2,2026-10-05 23:23:55.3830000,0,1133,0,2026-10-05 23:23:55.3830000,33.075420,-83.305160
1675158,"Lake Tanglewood",3549,233,"14S","14S2H1S1Q",1,2021-08-17 23:33:23.7900000,643102,0,0,2026-10-05 23:24:01.3470000,35.067550,-101.787130
1381528,"Redwood",3549,233,"14R","14R1H6S1Q",3,2026-01-01 20:54:18.6670000,0,0,795504,2026-10-05 23:24:08.6430000,29.811270,-97.908850
1565824,"Lovejoy",3539,233,"16S","16S2H6S2Q",3,2013-04-20 15:36:50.4070000,0,0,9998801,2026-10-05 23:24:22.2330000,33.436220,-84.314370
2487199,"Driehoek",256,20,"31U","31U2H3S1Q",1,2026-10-05 23:24:55.1770000,1330,0,0,2026-10-05 23:24:55.1770000,51.350000,4.383330
2487581,"Putte",256,20,"31U","31U2H3S1Q",2,2019-07-24 08:31:24.8370000,517,92945,0,2026-10-05 23:25:17.8900000,51.350860,4.394550
1930262,"Yellowbud",3563,233,"17S","17S1H1S1Q",3,2020-10-12 01:21:38.7530000,0,0,1220940,2026-10-05 23:25:32.7800000,39.504230,-83.009630
2037447,"Provencals",909,68,"31T","31T2H5S1Q",2,2026-10-05 23:27:34.1400000,0,2456,0,2026-10-05 23:27:38.2130000,41.420200,2.196320
2094043,"Waldenburg",3557,233,"17T","17T2H1S4Q",1,2013-06-28 02:07:09.9770000,20320859,0,0,2026-10-05 23:27:51.4600000,42.657260,-82.937420
2035916,"West Point",3562,233,"18T","18T2H6S1Q",2,2026-04-26 00:40:37.3300000,0,1235320,0,2026-10-05 23:28:16.0870000,41.391480,-73.955970
1607895,"Wildwood",3567,233,"11S","11S2H1S4Q",1,2026-10-01 12:00:11.8930000,13025,0,0,2026-10-05 23:29:43.1900000,34.083620,-118.599530
1842044,"Walnut Heights",3567,233,"10S","10S1H5S2Q",2,2024-11-13 19:24:44.1070000,0,3057805,1034,2026-10-05 23:30:24.3370000,37.876590,-122.051070
1842932,"Sacanap",3567,233,"10S","10S1H5S2Q",2,2025-12-04 09:23:09.7930000,0,2917012,30045,2026-10-05 23:30:28.9930000,37.893260,-122.076070
1844798,"Waldon",3567,233,"10S","10S1H5S2Q",2,2025-02-26 00:31:28.5900000,0,3099528,9153,2026-10-05 23:30:32.5000000,37.926310,-122.055520
1513361,"New Bingham",3551,233,"16S","16S2H5S4Q",1,2015-08-25 02:34:59.7100000,78269,2700,750,2026-10-05 23:30:35.1170000,32.469300,-86.161910
1844887,"Sparkle",3567,233,"10S","10S1H5S2Q",2,2025-02-01 00:39:16.9270000,0,3017269,2585,2026-10-05 23:30:37.4200000,37.928260,-122.056630
1845043,"Las Juntas",3567,233,"10S","10S1H5S2Q",2,2025-04-29 06:41:13.4270000,0,3018030,6721,2026-10-05 23:30:41.9630000,37.931870,-122.054410
1845344,"Bancroft",3567,233,"10S","10S1H5S2Q",2,2025-05-26 20:40:01.6570000,0,3030531,7238,2026-10-05 23:30:45.3670000,37.933810,-122.047180
1856763,"Chabot Terrace",3567,233,"10S","10S1H2S4Q",2,2023-02-19 01:23:20.9470000,0,3551820,11492,2026-10-05 23:30:54.4700000,38.147140,-122.246080
2076264,"Ann Arbor",3557,233,"17T","17T2H1S3Q",1,2016-07-16 20:11:44.6630000,45916782,0,0,2026-10-05 23:31:37.2370000,42.277560,-83.740880
2276543,"Beachcrest",3578,233,"10T","10T1H2S2Q",1,2026-09-27 19:47:03.6430000,1230760,0,0,2026-10-05 23:31:38.9170000,47.108150,-122.748740
1552835,"Elliotsville",3551,233,"16S","16S2H5S2Q",3,2026-10-02 12:07:47.1630000,0,0,65165,2026-10-05 23:35:09.8170000,33.200120,-86.829160
2118960,"Oriskany",3562,233,"18T","18T2H2S1Q",1,2019-04-26 17:12:23.1300000,12216,0,0,2026-10-05 23:36:17.5600000,43.157290,-75.332670
2119661,"Marcy",3562,233,"18T","18T2H2S1Q",1,2019-04-26 17:11:06.6830000,10314,0,0,2026-10-05 23:36:23.8430000,43.170630,-75.291560
2292902,"Kloten / Kloten (Zentrum)",503,43,"32T","32T1H2S1Q",3,2026-07-23 16:39:34.4870000,31916,0,2432045,2026-10-05 23:37:18.8730000,47.451340,8.586830
2293810,"Baden",528,43,"32T","32T1H2S1Q",3,2023-02-17 11:20:04.1570000,0,0,2077600,2026-10-05 23:37:27.8800000,47.473330,8.305920
1958492,"Shepard",3563,233,"17S","17S1H1S2Q",3,2021-08-10 00:42:32.2970000,231670,0,785333,2026-10-05 23:37:44.5530000,39.983400,-82.941570
1738567,"Las Vegas",3570,233,"11S","11S1H6S3Q",2,2014-01-06 05:24:19.2230000,0,158987517,0,2026-10-05 23:37:59.6030000,36.174970,-115.137220
2155850,"College Hill",3576,233,"10T","10T1H5S3Q",1,2025-06-30 03:00:56.4800000,12859734,0,0,2026-10-05 23:38:26.5500000,44.030960,-123.098140
1835705,"Brookshire",3567,233,"10S","10S1H5S2Q",2,2024-01-17 08:05:04.0100000,0,3016619,0,2026-10-05 23:39:07.8970000,37.759090,-122.028290
1842687,"Orinda Village",3567,233,"10S","10S1H5S2Q",2,2025-08-26 02:08:32.3270000,0,3018413,0,2026-10-05 23:39:27.2900000,37.887430,-122.195520
1844117,"El Cerrito",3567,233,"10S","10S1H5S2Q",2,2025-08-01 12:23:41.0230000,0,3905699,362,2026-10-05 23:39:35.6530000,37.915760,-122.311640
1841193,"Rheem",3567,233,"10S","10S1H5S2Q",2,2025-10-27 18:57:08.2570000,0,3018487,864,2026-10-05 23:40:01.6770000,37.860760,-122.127190
1577316,"Black Creek",3551,233,"16S","16S2H5S2Q",2,2025-10-03 04:22:43.4270000,0,191550,0,2026-10-05 23:40:36.0130000,33.614270,-86.781100
1724841,"Wood Creek West",3548,233,"16S","16S2H3S2Q",3,2022-04-05 22:47:43.7100000,0,0,20360,2026-10-05 23:40:49.0900000,35.946470,-84.134640
2359221,"Saint-Duzec",961,75,"30U","30U2H5S3Q",2,2016-09-13 10:25:50.8500000,0,143304539,0,2026-10-05 23:41:26.2900000,48.783330,-3.550000
2479888,"Wommelgem",256,20,"31U","31U2H3S1Q",1,2026-08-21 02:26:11.1700000,369334,0,0,2026-10-05 23:42:22.7100000,51.204520,4.522500
1836761,"San Ramon",3567,233,"10S","10S1H6S1Q",2,2023-10-17 16:10:40.4730000,0,3006663,642,2026-10-05 23:43:22.0670000,37.779930,-121.978020
1957554,"Bexley",3563,233,"17S","17S1H1S2Q",3,2021-11-09 17:35:12.8230000,152569,0,255587,2026-10-05 23:44:10.4430000,39.968950,-82.937680
1771283,"Mercey Hot Springs",3567,233,"10S","10S1H6S4Q",3,2026-10-05 21:10:33.2400000,0,0,75538,2026-10-05 23:46:16.3330000,36.704120,-120.860180
13840,"Point Clare",143,13,"56H","56H1H1S4Q",3,2018-04-21 12:48:02.8070000,0,1396,1033397,2026-10-05 23:46:44.9230000,-33.450000,151.333330
1839173,"Danville",3567,233,"10S","10S1H6S1Q",2,2023-12-01 01:25:29.6600000,0,3058967,0,2026-10-05 23:46:49.0070000,37.821590,-121.999960
13809,"Koolewong",143,13,"56H","56H1H1S4Q",3,2018-04-19 12:35:41.6400000,0,1551,1072102,2026-10-05 23:46:54.3770000,-33.466670,151.316670
13710,"Blackwall",143,13,"56H","56H1H1S4Q",3,2018-04-24 23:02:22.4270000,0,2068,1045184,2026-10-05 23:46:58.0030000,-33.500000,151.316670
13711,"Woy Woy",143,13,"56H","56H1H1S4Q",3,2018-04-29 02:07:06.3200000,0,3102,1022683,2026-10-05 23:47:02.4300000,-33.500000,151.333330
1684877,"Rio Rancho",3569,233,"13S","13S2H1S2Q",1,2026-10-05 23:21:46.6170000,17582,0,0,2026-10-05 23:47:05.1300000,35.233380,-106.664470
13758,"Mount Pleasant",143,13,"56H","56H1H1S4Q",3,2018-04-30 03:00:29.4330000,0,1551,1005689,2026-10-05 23:47:06.1330000,-33.483330,151.350000
13759,"Davistown",143,13,"56H","56H1H1S4Q",3,2018-05-04 22:48:33.1670000,0,4240,1002193,2026-10-05 23:47:09.9030000,-33.483330,151.366670
1840115,"Alamo Oaks",3567,233,"10S","10S1H6S1Q",2,2023-07-16 15:48:37.8930000,0,3005939,1034,2026-10-05 23:47:12.0130000,37.839370,-121.993020
13714,"Daleys Point",143,13,"56H","56H1H1S4Q",3,2019-09-02 05:44:53.1800000,0,1551,1004159,2026-10-05 23:47:15.3100000,-33.496890,151.355040
13712,"Empire Bay",143,13,"56H","56H1H1S4Q",3,2019-08-29 08:14:11.7870000,0,2068,1020228,2026-10-05 23:47:18.0830000,-33.500000,151.366670
13667,"Killcare",143,13,"56H","56H1H1S4Q",3,2017-08-31 06:10:23.8070000,0,2068,1051659,2026-10-05 23:47:44.1470000,-33.516670,151.366670
1607569,"Fernwood",3567,233,"11S","11S2H1S4Q",1,2026-10-05 20:08:28.8400000,14289,0,0,2026-10-05 23:48:42.4430000,34.079450,-118.602580
2003821,"Upper Manhattan",3562,233,"18T","18T2H6S3Q",3,2013-12-03 13:15:10.0000000,8100,0,527870,2026-10-05 23:48:45.3130000,40.808810,-73.947770
1608241,"Topanga",3567,233,"11S","11S2H1S4Q",1,2026-09-28 17:33:07.0130000,13582,0,0,2026-10-05 23:48:52.8530000,34.089270,-118.604360
1857720,"Collins",3567,233,"10S","10S1H2S4Q",2,2023-02-23 06:02:07.1200000,0,4042579,8835,2026-10-05 23:49:49.1670000,38.165750,-122.252470
1858278,"Lowell",3567,233,"10S","10S1H2S4Q",2,2023-02-28 20:01:53.2300000,0,3005155,8475,2026-10-05 23:49:52.7430000,38.174080,-122.253300
1858318,"American Canyon",3567,233,"10S","10S1H2S4Q",2,2023-03-13 16:00:47.6000000,0,2915523,14335,2026-10-05 23:49:55.7530000,38.174920,-122.260800
1885888,"Franciscan Village",3567,233,"10S","10S1H3S3Q",2,2012-08-12 05:36:22.4930000,0,1786607,1034396,2026-10-05 23:49:55.9070000,38.706850,-121.081610
1859143,"Lombard",3567,233,"10S","10S1H2S4Q",2,2023-04-17 08:28:07.7400000,0,3014581,9149,2026-10-05 23:49:58.7300000,38.190750,-122.256080
1859015,"Napa Junction",3567,233,"10S","10S1H2S4Q",2,2023-03-26 13:06:39.1330000,0,2992022,8632,2026-10-05 23:50:01.4800000,38.187420,-122.250800
1861533,"Embarcadero",3567,233,"10S","10S1H2S4Q",3,2015-03-02 17:17:02.8330000,0,0,413358,2026-10-05 23:50:13.8400000,38.239920,-122.449700
1858454,"Fairville",3567,233,"10S","10S1H2S4Q",3,2014-05-04 20:44:12.4930000,0,0,707736,2026-10-05 23:50:19.7230000,38.177970,-122.445530
2006722,"Fordham",3562,233,"18T","18T2H6S3Q",3,2014-09-14 17:17:49.4670000,3078,300,232956,2026-10-05 23:50:25.6670000,40.858680,-73.898160
1860738,"Haystack",3567,233,"10S","10S1H2S4Q",3,2013-07-10 03:43:01.6700000,0,0,998596,2026-10-05 23:50:27.7300000,38.223250,-122.609980
1578526,"Fountain Hills",3572,233,"12S","12S2H5S1Q",2,2025-10-18 18:50:09.3070000,0,1318030,0,2026-10-05 23:50:38.3930000,33.633380,-111.742360
2154845,"Whitchurch-Stouffville",457,38,"17T","17T1H6S3Q",2,2013-10-09 21:12:39.0130000,0,7324056,4520,2026-10-05 23:50:55.8430000,44.000120,-79.316300
1763217,"Corral de Tierra",3567,233,"10S","10S1H6S3Q",1,2026-09-15 07:01:14.1030000,178525,0,46698,2026-10-05 23:52:15.9400000,36.569960,-121.732450
2274134,"Olympia",3578,233,"10T","10T1H2S2Q",1,2026-10-01 04:25:58.0300000,732406,0,0,2026-10-05 23:52:19.6100000,47.037870,-122.900700
2004661,"Esplanade Gardens",3562,233,"18T","18T2H6S3Q",3,2013-11-30 18:54:50.2330000,12173,0,266608,2026-10-05 23:52:38.4930000,40.822780,-73.936390
1809815,"Willow Glen",3567,233,"10S","10S1H6S1Q",1,2025-08-28 20:27:33.4900000,1277454,0,0,2026-10-05 23:53:48.7400000,37.308550,-121.889680
1656914,"Dreher Colony",3547,233,"17S","17S2H1S4Q",3,2024-11-30 14:28:10.4470000,1448,0,2037,2026-10-05 23:54:32.2170000,34.797900,-82.380960
1554021,"Lincoln Park",3549,233,"14S","14S2H6S2Q",3,2010-01-01 00:00:00.0000000,35909,0,571753,2026-10-05 23:57:03.3000000,33.222060,-96.972780
1885887,"Hidden Valley",3567,233,"10S","10S1H3S3Q",2,2012-08-10 01:26:55.5800000,0,3875986,803102,2026-10-05 23:57:18.3100000,38.706850,-121.091890
2064770,"Elk Grove",3554,233,"16T","16T2H2S3Q",2,2026-10-05 23:12:41.0200000,2772,30918,0,2026-10-05 23:58:01.9470000,42.007250,-87.940340
2228711,"Warren",3576,233,"10T","10T1H5S2Q",2,2026-09-30 20:53:42.0470000,0,302020,0,2026-10-05 23:58:19.1030000,45.819000,-122.848990
1543200,"Hebron",3549,233,"14S","14S2H6S2Q",3,2023-11-08 23:00:16.6500000,15359,0,36643014,2026-10-05 23:58:58.1900000,33.026510,-96.863610
2156902,"Noti",3576,233,"10T","10T1H5S3Q",3,2025-02-04 18:34:15.7770000,0,4636,149219,2026-10-05 23:58:58.5630000,44.059010,-123.448710
2047311,"Porter",3555,233,"16T","16T2H5S1Q",3,2026-09-10 13:32:43.6000000,0,0,329729,2026-10-05 23:59:06.4570000,41.615590,-87.074200
13144,"Hornsby",143,13,"56H","56H1H1S4Q",2,2026-09-16 04:37:40.7900000,0,3200945,0,2026-10-05 23:59:10.5370000,-33.702440,151.099310
1860921,"McNear",3567,233,"10S","10S1H2S4Q",3,2013-07-10 22:04:52.8270000,0,0,844642,2026-10-05 23:59:20.4530000,38.228530,-122.614150
1861056,"Petaluma",3567,233,"10S","10S1H2S4Q",3,2013-07-11 07:16:30.3700000,0,0,943907,2026-10-05 23:59:24.2630000,38.232420,-122.636650
1861532,"East Petaluma",3567,233,"10S","10S1H2S4Q",3,2013-07-11 19:37:41.7170000,0,0,675347,2026-10-05 23:59:27.4030000,38.239920,-122.634150
2214289,"Ottawa",457,38,"18T","18T1H5S1Q",2,2025-02-24 18:06:05.8270000,0,10641435,0,2026-10-06 00:00:37.8770000,45.411170,-75.698120
1992171,"Lawrenceville",3550,233,"17T","17T2H5S4Q",3,2023-01-09 10:11:34.8470000,292500,300,12120422,2026-10-06 00:00:51.7600000,40.617560,-80.543680
1878674,"Mayhew",3567,233,"10S","10S1H3S3Q",3,2026-10-05 04:39:17.3600000,0,843828,1080692,2026-10-06 00:01:10.5630000,38.565180,-121.350780
