ZoneId,Description,RegionId,CountryId,UtmGrid,GridRef,ZoneControlState,DateCapturedUtc,LegionCount,SwarmCount,FacelessCount,LastUpdateDateUtc,Latitude,Longitude
2044657,"Eckley",3563,233,"16T","16T2H6S2Q",3,2026-08-31 00:01:08.1500000,0,0,1087,2026-08-31 00:01:08.1500000,41.563660,-84.249390
1812072,"Woodland Acres",3567,233,"10S","10S1H5S2Q",1,2026-02-14 00:42:34.8030000,1519601,0,4653,2026-08-31 00:01:17.3770000,37.343330,-122.079170
1812340,"Loyola",3567,233,"10S","10S1H5S2Q",1,2024-04-08 03:03:08.9400000,2497298,0,3775,2026-08-31 00:06:53.6930000,37.348440,-122.098270
949586,"Laguna",2143,158,"15Q","15Q2H5S4Q",3,2026-08-31 00:12:57.4670000,0,0,1200,2026-08-31 00:12:57.4700000,17.000000,-92.283330
943964,"La Hormiga",2143,158,"15Q","15Q2H5S4Q",3,2026-08-31 00:13:38.8130000,0,0,1095,2026-08-31 00:13:38.8130000,16.755560,-92.616670
942935,"Maria Auxiliadora",2143,158,"15Q","15Q2H5S4Q",3,2026-08-31 00:14:09.4770000,0,867,1200,2026-08-31 00:14:09.4770000,16.716670,-92.616670
941872,"Aguas del Hoyo",2143,158,"15Q","15Q2H5S3Q",3,2026-08-31 00:15:08.7230000,0,0,679,2026-08-31 00:15:08.7230000,16.666670,-93.100000
1960312,"East Linden",3563,233,"17T","17T2H4S4Q",3,2018-06-18 03:50:57.7100000,7814,0,1211183,2026-08-31 00:15:55.9730000,40.016730,-82.949900
1961540,"Clinton",3563,233,"17T","17T2H4S4Q",3,2021-05-10 03:13:57.5230000,7001,0,1025858,2026-08-31 00:16:25.4000000,40.040620,-82.960740
811198,"Hacienda Arazuru",1172,97,"16P","16P1H5S1Q",3,2026-08-31 00:16:42.0130000,0,0,1200,2026-08-31 00:16:42.0130000,13.200000,-87.133330
811200,"San Agustin",1172,97,"16P","16P1H5S1Q",3,2026-08-31 00:16:47.8600000,0,0,1200,2026-08-31 00:16:47.8600000,13.200000,-87.116670
810493,"El Mojon",1172,97,"16P","16P1H5S1Q",3,2026-08-31 00:16:51.7630000,0,0,1200,2026-08-31 00:16:51.7630000,13.183330,-87.100000
815165,"Santa Rosa",1172,97,"16P","16P1H5S1Q",3,2026-08-31 00:16:57.6170000,0,0,1200,2026-08-31 00:16:57.6170000,13.286110,-87.082500
2040155,"Bryan",3563,233,"16T","16T2H6S2Q",3,2023-01-07 14:35:40.8070000,0,0,100819,2026-08-31 00:17:29.5600000,41.474770,-84.552450
2131624,"Pracica",1863,141,"34T","34T2H1S2Q",2,2026-08-31 00:17:30.1700000,0,1200,0,2026-08-31 00:17:30.1700000,43.404170,19.109170
2130730,"Dolina",1863,141,"34T","34T2H1S2Q",2,2026-08-31 00:17:37.1870000,0,1200,0,2026-08-31 00:17:37.1870000,43.386110,19.109170
2131172,"Zabrnjica",1863,141,"34T","34T2H1S2Q",2,2026-08-31 00:17:46.9200000,0,1200,0,2026-08-31 00:17:46.9200000,43.399440,19.089440
2132519,"Mjedenik",1863,141,"34T","34T2H1S2Q",2,2026-08-31 00:17:53.5800000,0,1200,0,2026-08-31 00:17:53.5800000,43.422500,19.045280
2133523,"Romac",1863,141,"34T","34T2H1S2Q",2,2026-08-31 00:17:57.9470000,0,1200,0,2026-08-31 00:17:57.9470000,43.446390,19.043330
2040333,"Willow Glenn",3563,233,"16T","16T2H6S2Q",3,2026-08-31 00:17:40.6170000,0,0,5072,2026-08-31 00:17:59.8130000,41.480050,-84.592170
2134218,"Babici",1863,141,"34T","34T2H1S2Q",2,2026-08-31 00:18:03.2030000,0,1065,0,2026-08-31 00:18:03.2030000,43.459440,19.014440
12745,"Canada Bay",143,13,"56H","56H1H1S4Q",3,2017-03-11 06:35:23.0400000,0,517,1089850,2026-08-31 00:18:48.6400000,-33.850000,151.150000
12744,"Abbotsford",143,13,"56H","56H1H1S4Q",3,2017-03-11 06:10:42.2200000,0,1034,1230967,2026-08-31 00:18:52.5930000,-33.850000,151.133330
12743,"Mortlake",143,13,"56H","56H1H1S4Q",3,2019-07-21 02:47:13.7530000,0,1034,1393542,2026-08-31 00:18:55.9570000,-33.850000,151.116670
12624,"Croydon",143,13,"56H","56H1H1S4Q",3,2017-04-30 04:38:11.4130000,0,1034,1076219,2026-08-31 00:19:04.7700000,-33.883330,151.116670
12579,"Ashfield",143,13,"56H","56H1H1S4Q",3,2019-07-20 12:17:41.6570000,0,1551,1053982,2026-08-31 00:19:13.0330000,-33.887300,151.124320
12625,"Leichhardt",143,13,"56H","56H1H1S4Q",3,2019-07-20 12:17:33.4630000,0,1034,1013805,2026-08-31 00:19:22.4030000,-33.883330,151.150000
12570,"Stanmore",143,13,"56H","56H1H1S4Q",3,2017-05-16 05:14:35.5370000,0,517,1016826,2026-08-31 00:19:35.1000000,-33.894070,151.164240
1736113,"West Tulsa",3546,233,"14S","14S1H6S4Q",3,2013-05-28 05:27:03.0070000,0,300,45998375,2026-08-31 00:22:12.5000000,36.135090,-96.002500
2048121,"Heun",3559,233,"14T","14T2H6S1Q",3,2016-11-10 16:37:25.1870000,0,8100,810602,2026-08-31 00:23:20.7070000,41.630010,-97.040590
2316769,"Faymont",952,75,"32T","32T1H1S1Q",1,2017-11-29 23:44:51.0300000,1000530,0,0,2026-08-31 00:24:59.0970000,47.950000,6.533330
1946286,"Mohawk Vista",3567,233,"10S","10S1H3S2Q",3,2026-08-31 00:26:16.3930000,0,895,988,2026-08-31 00:26:16.3930000,39.780730,-120.578550
1947803,"Mohawk Vista",3567,233,"10S","10S1H3S2Q",3,2026-08-31 00:26:32.1600000,0,957,987,2026-08-31 00:26:32.1600000,39.804840,-120.588380
12510,"Lakemba",143,13,"56H","56H1H1S4Q",3,2017-07-16 05:52:12.3470000,0,1551,1100539,2026-08-31 00:29:00.5300000,-33.916670,151.083330
12443,"Roselands",143,13,"56H","56H1H1S4Q",3,2017-07-30 00:03:12.0830000,0,1367,1126984,2026-08-31 00:29:11.1030000,-33.933170,151.073200
12362,"Riverwood",143,13,"56H","56H1H1S4Q",3,2019-07-11 03:25:59.8830000,0,1034,1098216,2026-08-31 00:29:17.1400000,-33.950000,151.050000
12361,"Padstow",143,13,"56H","56H1H1S4Q",3,2017-04-26 21:17:09.2700000,0,1034,1033638,2026-08-31 00:29:24.8300000,-33.950000,151.033330
814102,"La Jaguita",1172,97,"16P","16P1H5S1Q",3,2026-08-31 00:38:13.6900000,0,0,1200,2026-08-31 00:38:13.6900000,13.266670,-87.016670
685984,"Adampan",1619,131,"44P","44P2H5S1Q",2,2026-08-31 00:38:15.4130000,0,1200,0,2026-08-31 00:38:15.4130000,9.390500,80.339900
813895,"Plan de Acosta",1172,97,"16P","16P1H5S1Q",3,2026-08-31 00:38:17.1800000,0,0,1200,2026-08-31 00:38:17.1800000,13.260560,-87.037220
814097,"El Cerro",1172,97,"16P","16P1H5S1Q",3,2026-08-31 00:38:23.2700000,0,0,1200,2026-08-31 00:38:23.2700000,13.266670,-87.083330
686921,"Porikkadavai",1619,131,"44P","44P2H5S1Q",2,2026-08-31 00:38:23.3400000,0,1200,0,2026-08-31 00:38:23.3400000,9.416670,80.333330
687405,"Kunchupparantan",1619,131,"44P","44P2H5S1Q",2,2026-08-31 00:38:27.1630000,0,1200,0,2026-08-31 00:38:27.1630000,9.433330,80.333330
813376,"Los Llanitos",1172,97,"16P","16P1H5S2Q",3,2026-08-31 00:38:29.4370000,0,0,1200,2026-08-31 00:38:29.4400000,13.250000,-87.000000
813707,"Ojo de Agua",1172,97,"16P","16P1H5S1Q",3,2026-08-31 00:38:36.1730000,0,0,1200,2026-08-31 00:38:36.1730000,13.255000,-87.002500
813326,"El Penon",1172,97,"16P","16P1H5S1Q",3,2026-08-31 00:38:42.2800000,0,0,1200,2026-08-31 00:38:42.2800000,13.248610,-87.002220
686059,"Kilinochchi",1619,131,"44P","44P2H5S1Q",2,2026-08-31 00:38:44.4100000,0,1200,0,2026-08-31 00:38:44.4130000,9.396100,80.398200
685355,"Utheravankai",1619,131,"44P","44P2H5S1Q",2,2026-08-31 00:38:48.2430000,0,1200,0,2026-08-31 00:38:48.2430000,9.366670,80.400000
812645,"La Aldea",1172,97,"16P","16P1H5S2Q",3,2026-08-31 00:38:52.7100000,0,0,1200,2026-08-31 00:38:52.7100000,13.233330,-87.000000
683212,"Terumurikandi",1619,131,"44P","44P2H5S1Q",2,2026-08-31 00:38:52.7130000,0,1200,0,2026-08-31 00:38:52.7130000,9.303300,80.409400
682111,"Kokavil",1619,131,"44P","44P2H5S1Q",2,2026-08-31 00:38:56.2970000,0,1200,0,2026-08-31 00:38:56.2970000,9.271600,80.408800
813903,"Apinto",1172,97,"16P","16P1H5S1Q",3,2026-08-31 00:38:59.7170000,0,0,1200,2026-08-31 00:38:59.7170000,13.260830,-87.023060
680587,"Padinaddampore",1619,131,"44P","44P2H5S1Q",2,2026-08-31 00:38:59.8700000,0,1200,0,2026-08-31 00:38:59.8700000,9.231900,80.412600
2617549,"Sprucefield",450,38,"12U","12U1H1S4Q",3,2026-08-30 20:52:40.5930000,0,0,1719,2026-08-31 00:39:57.3270000,54.183470,-112.818680
2286773,"Odessa",3578,233,"11T","11T1H1S2Q",3,2026-08-31 00:40:20.2330000,0,0,1280,2026-08-31 00:40:21.6500000,47.333200,-118.690830
2281491,"Schoonover",3578,233,"11T","11T1H1S2Q",3,2026-08-31 00:40:37.7430000,0,0,1470,2026-08-31 00:40:39.0870000,47.231540,-118.581380
2287374,"Nemo",3578,233,"11T","11T1H1S2Q",3,2026-08-31 00:40:43.9800000,0,0,688,2026-08-31 00:40:43.9800000,47.342930,-118.595550
1925306,"Simerson",3567,233,"10S","10S1H2S1Q",2,2026-08-31 00:42:42.0200000,0,837,0,2026-08-31 00:42:42.0200000,39.421000,-123.355010
1756076,"Buladeen",3548,233,"17S","17S1H4S4Q",3,2022-09-23 03:17:50.5930000,0,0,122790,2026-08-31 00:46:11.2630000,36.459840,-82.018460
2055140,"Mayberry Village",3552,233,"18T","18T2H6S2Q",3,2021-12-15 20:58:54.3230000,0,300,89964,2026-08-31 00:47:54.7670000,41.778710,-72.586480
2051999,"Bensted Corner",3552,233,"18T","18T2H6S2Q",3,2023-11-17 23:23:39.3770000,0,1061,98848,2026-08-31 00:48:18.0500000,41.706490,-72.879820
2044719,"Highland",3552,233,"18T","18T2H6S2Q",1,2024-01-18 21:49:21.7800000,295635,600,0,2026-08-31 00:48:30.3170000,41.565650,-72.738150
2040016,"Mount Parnassus",3552,233,"18T","18T2H6S2Q",3,2020-08-25 22:08:50.4030000,0,300,198948,2026-08-31 00:48:52.3570000,41.471770,-72.412860
2045407,"Gilman",3552,233,"18T","18T2H6S2Q",3,2019-04-24 11:55:25.7500000,0,300,96318,2026-08-31 00:49:04.5630000,41.577040,-72.199250
12287,"East Hills",143,13,"56H","56H1H1S3Q",3,2017-07-29 23:26:35.2100000,0,1347,1043094,2026-08-31 00:49:38.6230000,-33.966670,150.983330
12220,"Holsworthy",143,13,"56H","56H1H1S3Q",3,2017-06-13 08:08:58.6900000,0,879,1004979,2026-08-31 00:49:47.8000000,-33.983330,150.966670
12286,"Glenfield",143,13,"56H","56H1H1S3Q",3,2017-08-14 02:22:03.2100000,0,517,1347974,2026-08-31 00:49:57.1330000,-33.966670,150.900000
12108,"Long Point",143,13,"56H","56H1H4S1Q",3,2019-06-28 05:21:19.2500000,0,1034,1299633,2026-08-31 00:50:00.9270000,-34.016670,150.900000
12157,"Ingleburn",143,13,"56H","56H1H4S1Q",3,2019-06-28 05:37:28.0600000,0,517,1263884,2026-08-31 00:50:06.7100000,-34.000000,150.866670
69354,"Manariventy",1880,143,"39K","39K2H1S3Q",2,2026-08-31 00:50:37.9300000,0,741,0,2026-08-31 00:50:37.9300000,-21.300000,48.183330
2485446,"Doel",256,20,"31U","31U2H3S1Q",2,2015-05-09 20:48:18.4930000,600,1173792,0,2026-08-31 00:50:48.7770000,51.311000,4.264170
69355,"Andranomavo",1880,143,"39K","39K2H1S3Q",2,2026-08-31 00:50:49.5700000,0,741,0,2026-08-31 00:50:49.5700000,-21.300000,48.200000
1532535,"Reinhardt",3549,233,"14S","14S2H6S4Q",3,2016-02-10 07:19:04.3570000,0,0,6395875,2026-08-31 00:51:40.6370000,32.835130,-96.689160
2607186,"Fedorah",450,38,"12U","12U1H4S1Q",2,2019-08-17 04:12:27.0230000,0,16767,0,2026-08-31 00:51:42.6570000,53.933450,-113.335310
681488,"Puttuvedduvanmanatkulam",1619,131,"44P","44P2H5S1Q",2,2026-08-31 00:52:07.9770000,0,1200,0,2026-08-31 00:52:07.9770000,9.250000,80.366670
681489,"Murikandi",1619,131,"44P","44P2H5S1Q",2,2026-08-31 00:52:12.4400000,0,1200,0,2026-08-31 00:52:12.4400000,9.250000,80.383330
680907,"Murikandi",1619,131,"44P","44P2H5S1Q",2,2026-08-31 00:52:16.7470000,0,1200,0,2026-08-31 00:52:16.7470000,9.233330,80.316670
680295,"Manalkulam",1619,131,"44P","44P2H5S1Q",2,2026-08-31 00:52:20.3530000,0,1200,0,2026-08-31 00:52:20.3530000,9.216670,80.300000
679175,"Veddaiyadaippu",1619,131,"44P","44P2H5S1Q",2,2026-08-31 00:52:23.8800000,0,1200,0,2026-08-31 00:52:23.8800000,9.183330,80.283330
678620,"Alankulam",1619,131,"44P","44P2H5S1Q",2,2026-08-31 00:52:27.8000000,0,1200,0,2026-08-31 00:52:27.8000000,9.166670,80.283330
678621,"Terankandal",1619,131,"44P","44P2H5S1Q",2,2026-08-31 00:52:31.5600000,0,1200,0,2026-08-31 00:52:31.5600000,9.166670,80.300000
679174,"Uyilankulam",1619,131,"44P","44P2H5S1Q",2,2026-08-31 00:52:34.9830000,0,1200,0,2026-08-31 00:52:34.9830000,9.183330,80.266670
198532,"Jacob Sopu",3817,248,"36L","36L1H1S4Q",2,2026-08-31 00:54:47.2830000,0,996,0,2026-08-31 00:54:47.2830000,-9.033330,31.100000
198735,"Chisulo",3817,248,"36L","36L1H1S4Q",2,2026-08-31 00:54:53.9570000,0,996,0,2026-08-31 00:54:53.9570000,-9.016670,31.150000
198533,"Munyama",3817,248,"36L","36L1H1S4Q",2,2026-08-31 00:54:57.1370000,0,996,0,2026-08-31 00:54:57.1370000,-9.033330,31.133330
197906,"Nyanda",3817,248,"36L","36L1H1S4Q",2,2026-08-31 00:55:00.0530000,0,996,0,2026-08-31 00:55:00.0530000,-9.083330,31.116670
197905,"Mulutula Machina",3817,248,"36L","36L1H1S4Q",2,2026-08-31 00:55:02.4170000,0,996,0,2026-08-31 00:55:02.4170000,-9.083330,31.100000
197679,"Mulutula",3817,248,"36L","36L1H1S4Q",2,2026-08-31 00:55:04.8470000,0,996,0,2026-08-31 00:55:04.8470000,-9.100000,31.166670
196725,"Kaunda",3817,248,"36L","36L1H1S4Q",2,2026-08-31 00:55:07.4270000,0,996,0,2026-08-31 00:55:07.4270000,-9.166670,31.100000
199309,"Lwalika",3817,248,"36L","36L1H1S2Q",2,2026-08-31 00:55:11.1770000,0,995,0,2026-08-31 00:55:11.1770000,-8.966670,31.133330
1979398,"Nea Kerasea",1066,89,"34T","34T2H6S4Q",1,2026-08-31 00:56:12.3670000,10070,0,0,2026-08-31 00:56:19.6600000,40.366670,23.233330
1839165,"Gospel Ridge",3543,233,"15S","15S1H5S2Q",2,2013-04-12 16:50:51.7770000,0,7223203,0,2026-08-31 00:57:30.9800000,37.821430,-92.159050
2691426,"Moonzie",977,77,"30V","30V2H5S3Q",3,2025-05-31 06:06:11.3030000,0,0,3123792,2026-08-31 00:57:30.9830000,56.333330,-3.066670
1926432,"DeCamp",3567,233,"10S","10S1H2S1Q",2,2026-08-31 00:59:51.2900000,0,837,0,2026-08-31 00:59:51.2900000,39.440160,-123.356120
2060546,"Hornbrook",3567,233,"10T","10T2H5S2Q",3,2026-08-31 00:59:57.1370000,0,1711,1800,2026-08-31 00:59:57.1370000,41.907950,-122.559620
1400925,"Barton Creek",3549,233,"14R","14R1H3S3Q",1,2024-09-27 04:47:47.2200000,1290759,0,0,2026-08-31 01:00:05.3570000,30.281660,-97.867790
2369472,"Tsawwassen",451,38,"10U","10U2H5S1Q",3,2012-12-26 02:04:29.0270000,0,0,8123044,2026-08-31 01:04:33.0900000,49.018000,-123.081720
2368168,"Point Roberts",3578,233,"10U","10U2H5S3Q",3,2013-04-27 11:23:40.9500000,0,0,5659089,2026-08-31 01:04:38.8230000,48.985380,-123.077970
2367580,"South Beach",3578,233,"10U","10U2H5S3Q",3,2013-04-27 01:35:38.6930000,0,0,5053843,2026-08-31 01:04:41.9370000,48.977330,-123.050470
2355959,"Camp Orkila",3578,233,"10U","10U2H5S4Q",3,2016-02-05 22:29:10.5570000,0,0,2009369,2026-08-31 01:04:55.5770000,48.701220,-122.941850
2355274,"Beach Haven",3578,233,"10U","10U2H5S4Q",3,2016-06-28 21:51:21.7770000,0,0,1315788,2026-08-31 01:04:58.9530000,48.692050,-122.950740
2355211,"Waldron",3578,233,"10U","10U2H5S3Q",3,2016-12-15 13:49:11.6670000,0,0,1987801,2026-08-31 01:05:03.2570000,48.687600,-123.036850
2355170,"Prevost",3578,233,"10U","10U2H5S3Q",3,2023-08-18 13:36:06.4270000,0,0,1474795,2026-08-31 01:05:10.9270000,48.683990,-123.211300
1717975,"Radnor",3567,233,"11S","11S2H1S1Q",2,2026-08-31 01:05:54.5900000,0,996,0,2026-08-31 01:05:54.5900000,35.830230,-119.261780
814098,"El Terrerito",1172,97,"16P","16P1H5S1Q",3,2026-08-31 01:06:00.5370000,0,0,1200,2026-08-31 01:06:00.5370000,13.266670,-87.033330
814307,"Huatales",1172,97,"16P","16P1H5S1Q",3,2026-08-31 01:06:05.1200000,0,0,1200,2026-08-31 01:06:05.1200000,13.267500,-87.030000
814479,"Guajiniquil",1172,97,"16P","16P1H5S1Q",3,2026-08-31 01:06:08.6730000,0,0,1200,2026-08-31 01:06:08.6730000,13.272220,-87.026670
813132,"La Cuchilla",1172,97,"16P","16P1H5S1Q",3,2026-08-31 01:06:12.9930000,0,0,1200,2026-08-31 01:06:12.9930000,13.242780,-87.027220
813375,"Los Huatales",1172,97,"16P","16P1H5S1Q",3,2026-08-31 01:06:17.0700000,0,0,1200,2026-08-31 01:06:17.0700000,13.250000,-87.033330
814294,"El Caracol",1172,97,"16P","16P1H5S1Q",3,2026-08-31 01:06:22.5770000,0,0,1200,2026-08-31 01:06:22.5770000,13.266940,-87.017780
814629,"San Judas",1172,97,"16P","16P1H5S1Q",3,2026-08-31 01:06:27.0600000,0,0,1200,2026-08-31 01:06:27.0600000,13.276670,-87.011110
814887,"El Jocote",1172,97,"16P","16P1H5S1Q",3,2026-08-31 01:06:32.6300000,0,0,1200,2026-08-31 01:06:32.6300000,13.283330,-87.016670
1767427,"Sierra Glen",3567,233,"11S","11S1H4S3Q",2,2026-08-31 01:06:46.0570000,132,999,0,2026-08-31 01:06:46.0570000,36.639390,-119.000110
1954877,"Gate Place",3567,233,"10S","10S1H3S2Q",2,2026-08-31 01:06:58.0630000,0,876,0,2026-08-31 01:06:58.0630000,39.929060,-120.577720
55300,"Mahazoarivo",1877,143,"38K","38K2H5S3Q",2,2026-08-31 01:08:10.8100000,0,741,0,2026-08-31 01:08:10.8100000,-23.133330,44.450000
55573,"Tsingora",1877,143,"38K","38K2H5S3Q",2,2026-08-31 01:08:14.0470000,0,741,0,2026-08-31 01:08:14.0500000,-23.100000,44.450000
55439,"Ambondro-Mandeha",1877,143,"38K","38K2H5S3Q",2,2026-08-31 01:08:18.1700000,0,741,0,2026-08-31 01:08:18.1700000,-23.116670,44.483330
2004545,"Thurman",3553,233,"15T","15T2H4S3Q",2,2024-09-20 11:39:17.3070000,0,109579,0,2026-08-31 01:09:46.4000000,40.820000,-95.747780
2004631,"McPaul",3553,233,"15T","15T2H4S3Q",2,2024-10-17 18:22:00.5700000,0,203783,0,2026-08-31 01:09:50.3200000,40.821950,-95.802780
2008399,"Bartlett",3553,233,"15T","15T2H4S3Q",2,2014-07-20 01:37:35.1900000,0,329151,0,2026-08-31 01:09:53.5570000,40.885000,-95.795000
2009043,"Tabor",3553,233,"15T","15T2H4S3Q",2,2024-09-20 11:40:13.3430000,0,105879,0,2026-08-31 01:09:56.9700000,40.898330,-95.671390
2011406,"Burr Oak",3553,233,"15T","15T2H4S3Q",2,2014-06-17 03:05:46.0470000,0,1012529,0,2026-08-31 01:10:00.4470000,40.935830,-95.787780
2015533,"Hillsdale",3553,233,"15T","15T2H4S1Q",2,2016-03-01 01:45:22.7230000,0,132002,0,2026-08-31 01:10:04.4930000,41.007500,-95.670840
2015339,"Malvern",3553,233,"15T","15T2H4S1Q",2,2025-06-15 23:02:20.2400000,0,220973,0,2026-08-31 01:10:09.0470000,41.002780,-95.585280
2012342,"Clark",3553,233,"15T","15T2H4S3Q",2,2024-08-19 02:27:31.1770000,0,3493,0,2026-08-31 01:10:19.6500000,40.950550,-95.540280
2014348,"White Cloud",3553,233,"15T","15T2H4S3Q",2,2015-12-27 01:15:50.8030000,0,9549,0,2026-08-31 01:10:24.8170000,40.984160,-95.523050
1989270,"Miglionico",1381,110,"33T","33T2H6S3Q",1,2017-11-01 15:13:18.4700000,875096,0,0,2026-08-31 01:11:36.9970000,40.568420,16.502480
1895789,"Chinatown",3536,233,"18S","18S1H1S3Q",3,2026-08-25 13:55:28.1930000,605461,0,1044853,2026-08-31 01:11:38.8030000,38.900940,-77.022750
2248563,"Lewiston Orchards",3573,233,"11T","11T1H2S4Q",2,2013-11-22 15:57:10.9330000,0,5149832,0,2026-08-31 01:12:55.3970000,46.380440,-116.975430
2250314,"North Lewiston",3573,233,"11T","11T1H2S3Q",2,2013-11-22 11:04:01.0300000,0,3553766,0,2026-08-31 01:13:02.7100000,46.424610,-117.004050
1553310,"Scottsdale",3551,233,"16S","16S2H5S2Q",2,2026-08-31 00:14:09.7330000,0,33972,0,2026-08-31 01:13:08.2700000,33.209000,-86.820820
2250388,"Transfer",3573,233,"11T","11T1H2S3Q",2,2013-11-24 17:22:34.7770000,0,3025961,0,2026-08-31 01:13:09.0300000,46.429050,-117.030440
2249863,"Clarkston",3578,233,"11T","11T1H2S3Q",2,2013-12-22 05:05:13.8900000,0,6208436,0,2026-08-31 01:13:18.0200000,46.416270,-117.045160
2249785,"West Clarkston",3578,233,"11T","11T1H2S3Q",2,2013-11-24 17:56:36.0900000,0,2099135,0,2026-08-31 01:13:26.8070000,46.410780,-117.063880
2249644,"Highland",3578,233,"11T","11T1H2S3Q",2,2013-11-24 17:58:40.5770000,0,1628399,0,2026-08-31 01:13:32.1570000,46.403610,-117.069140
2249627,"West Clarkston-Highland",3578,233,"11T","11T1H2S3Q",2,2013-11-26 05:31:25.0330000,0,2103495,0,2026-08-31 01:13:36.5100000,46.402870,-117.063950
11501,"Coalcliff",143,13,"56H","56H1H4S1Q",2,2026-08-31 01:18:32.3530000,0,1944,0,2026-08-31 01:18:37.3200000,-34.250000,150.983330
11500,"Clifton",143,13,"56H","56H1H4S1Q",2,2026-08-31 01:18:40.9600000,0,1953,0,2026-08-31 01:18:44.1000000,-34.250000,150.966670
11469,"Scarborough",143,13,"56H","56H1H4S1Q",2,2026-08-31 01:18:53.4500000,0,3225,0,2026-08-31 01:19:02.1800000,-34.266670,150.950000
2228796,"L'Assomption",459,38,"18T","18T1H6S1Q",1,2026-07-01 10:57:08.6700000,350914,0,0,2026-08-31 01:22:32.9930000,45.823180,-73.429400
813372,"Pie de la Cuesta",1159,97,"16P","16P1H5S1Q",3,2026-08-31 01:22:37.5600000,0,0,1200,2026-08-31 01:22:37.5600000,13.250000,-87.066670
813251,"Agua Fria",1172,97,"16P","16P1H5S1Q",3,2026-08-31 01:22:42.2300000,0,0,1200,2026-08-31 01:22:42.2300000,13.245830,-87.046940
1909494,"Gratitude",3542,233,"18S","18S1H1S2Q",1,2026-08-31 01:23:05.9030000,1145,0,0,2026-08-31 01:23:05.9030000,39.140670,-76.259950
1908276,"New Yarmouth",3542,233,"18S","18S1H1S2Q",1,2026-08-31 01:23:13.7630000,1145,0,0,2026-08-31 01:23:13.7630000,39.119280,-76.228840
1909282,"Sharpstown",3542,233,"18S","18S1H1S2Q",1,2026-08-31 01:23:24.0570000,1145,0,0,2026-08-31 01:23:24.0570000,39.136500,-76.218560
1908233,"Cliffs City",3542,233,"18S","18S1H1S2Q",1,2026-08-31 01:23:35.3400000,1144,0,0,2026-08-31 01:23:35.3400000,39.118440,-76.149670
1906846,"Deerfield",3542,233,"18S","18S1H1S2Q",1,2026-08-31 01:23:42.6430000,1145,0,0,2026-08-31 01:23:42.6430000,39.095110,-76.082450
1904651,"Bulle Rock",3542,233,"18S","18S1H1S2Q",1,2026-08-31 01:23:48.1500000,1145,0,0,2026-08-31 01:23:48.1500000,39.057060,-76.146620
1905760,"Corsica Landing",3542,233,"18S","18S1H1S2Q",1,2026-08-31 01:23:53.9770000,1145,0,0,2026-08-31 01:23:53.9770000,39.075940,-76.111610
1905640,"Pusey Landing",3542,233,"18S","18S1H1S2Q",1,2026-08-31 01:23:58.8430000,1144,0,0,2026-08-31 01:23:58.8430000,39.073720,-76.095780
2322612,"Pebble Beach",3578,233,"10U","10U2H5S4Q",2,2014-06-14 11:44:25.6400000,0,897866,0,2026-08-31 01:25:49.4330000,48.066480,-122.387370
200174,"Chisembe",3817,248,"36L","36L1H1S2Q",2,2026-08-31 01:26:21.4900000,0,804,258,2026-08-31 01:26:21.4900000,-8.900000,31.000000
197677,"Kasonkomona",3817,248,"36L","36L1H1S4Q",2,2026-08-31 01:26:26.4100000,0,792,0,2026-08-31 01:26:26.4100000,-9.100000,31.033330
197424,"John Zombe",3817,248,"36L","36L1H1S4Q",2,2026-08-31 01:26:28.5970000,0,996,0,2026-08-31 01:26:28.5970000,-9.116670,31.033330
197423,"Lemba",3817,248,"36L","36L1H1S4Q",2,2026-08-31 01:26:30.7270000,0,996,0,2026-08-31 01:26:30.7270000,-9.116670,31.016670
196281,"Chitimvula",3817,248,"36L","36L1H1S4Q",2,2026-08-31 01:26:33.4430000,0,996,0,2026-08-31 01:26:33.4430000,-9.200000,31.050000
195918,"Maziti",3817,248,"36L","36L1H1S4Q",2,2026-08-31 01:26:38.2970000,0,996,0,2026-08-31 01:26:38.2970000,-9.233330,31.100000
196080,"Chendamakala",3817,248,"36L","36L1H1S4Q",2,2026-08-31 01:26:38.7000000,0,996,0,2026-08-31 01:26:38.7000000,-9.216670,31.150000
195478,"Kambakasuma",3817,248,"36L","36L1H1S4Q",2,2026-08-31 01:26:44.4600000,0,996,0,2026-08-31 01:26:44.4600000,-9.266670,31.166670
1919882,"Bear Wallow",3555,233,"16S","16S1H2S2Q",2,2013-11-20 08:53:03.2500000,0,14350738,0,2026-08-31 01:29:12.1230000,39.323660,-86.368880
2162813,"Junction City",3576,233,"10T","10T1H5S3Q",3,2025-02-03 23:55:50.6430000,0,0,248538,2026-08-31 01:29:57.8770000,44.219290,-123.205650
813677,"La Laguna",1172,97,"16P","16P1H5S1Q",3,2026-08-31 01:30:24.5600000,0,0,1200,2026-08-31 01:30:24.5600000,13.253890,-87.042780
814669,"El Cacao",1172,97,"16P","16P1H5S1Q",3,2026-08-31 01:30:30.1900000,0,0,1200,2026-08-31 01:30:30.1900000,13.277780,-87.033890
814885,"Las Casitas",1172,97,"16P","16P1H5S1Q",3,2026-08-31 01:30:34.2270000,0,0,1200,2026-08-31 01:30:34.2270000,13.283330,-87.033330
815265,"Corpus",1172,97,"16P","16P1H5S1Q",3,2026-08-31 01:30:38.0270000,0,0,1200,2026-08-31 01:30:38.0270000,13.288890,-87.034720
815395,"Hacienda El Portila",1172,97,"16P","16P1H5S1Q",3,2026-08-31 01:30:43.1600000,0,0,1200,2026-08-31 01:30:43.1600000,13.292500,-87.019170
814890,"El Nancital",1172,97,"16P","16P1H5S2Q",3,2026-08-31 01:30:48.3900000,0,0,1200,2026-08-31 01:30:48.3900000,13.283330,-87.000000
1426709,"Schwertner",3549,233,"14R","14R1H3S3Q",1,2015-09-20 14:32:16.6930000,2100728,0,0,2026-08-31 01:30:59.8270000,30.815470,-97.514170
1918844,"Waycross",3555,233,"16S","16S1H2S2Q",2,2013-07-31 20:28:07.2870000,0,11665224,0,2026-08-31 01:31:43.4070000,39.303660,-86.344160
2620315,"Hollow Lake",450,38,"12U","12U1H1S4Q",3,2026-08-31 01:32:13.0270000,0,0,808,2026-08-31 01:32:13.0270000,54.250170,-112.785280
2609363,"Opal",450,38,"12U","12U1H4S1Q",3,2026-08-31 01:32:35.0630000,0,0,2558,2026-08-31 01:32:37.6900000,53.983450,-113.218700
2607187,"Eastgate",450,38,"12U","12U1H4S1Q",3,2026-08-31 01:33:03.0300000,0,0,2302,2026-08-31 01:33:10.4470000,53.933450,-113.202000
2607891,"Redwater",450,38,"12U","12U1H4S1Q",3,2026-08-31 01:33:32.4100000,0,0,684,2026-08-31 01:33:32.4100000,53.950150,-113.101990
2605845,"Amelia",450,38,"12U","12U1H4S1Q",3,2026-08-31 01:33:43.1430000,0,0,684,2026-08-31 01:33:43.1430000,53.900150,-113.051980
2087669,"Derby Wharf",3583,233,"19T","19T2H1S4Q",2,2025-09-08 13:16:20.9470000,0,1345413,0,2026-08-31 01:36:18.5100000,42.519540,-70.885050
11794,"Woronora Dam",143,13,"56H","56H1H4S1Q",3,2026-07-31 06:57:34.5800000,0,1034,1019521,2026-08-31 01:36:40.5170000,-34.116670,150.933330
11363,"Thirroul",143,13,"56H","56H1H4S1Q",2,2026-08-31 01:36:54.4700000,0,1043,0,2026-08-31 01:36:54.4700000,-34.316670,150.916670
195477,"Chitambala",3817,248,"36L","36L1H1S4Q",2,2026-08-31 01:37:02.7730000,0,996,0,2026-08-31 01:37:02.7730000,-9.266670,31.133330
1898299,"Westmoreland Hills",3542,233,"18S","18S1H1S3Q",1,2026-08-31 01:37:03.3130000,3518,0,0,2026-08-31 01:37:04.7200000,38.949000,-77.105530
195248,"Kwangu",3817,248,"36L","36L1H1S4Q",2,2026-08-31 01:37:05.7600000,0,996,0,2026-08-31 01:37:05.7600000,-9.283330,31.200000
195479,"Lukweza",3817,248,"36L","36L1H1S4Q",2,2026-08-31 01:37:07.9970000,0,996,0,2026-08-31 01:37:07.9970000,-9.266670,31.250000
195008,"Muzizi",3817,248,"36L","36L1H1S4Q",2,2026-08-31 01:37:16.5700000,0,996,0,2026-08-31 01:37:16.5700000,-9.300000,31.233330
11536,"Stanwell Tops",143,13,"56H","56H1H4S1Q",3,2021-03-09 09:57:18.4800000,0,3049,597297,2026-08-31 01:45:23.3270000,-34.219290,150.976400
1538845,"Naaman",3549,233,"14S","14S2H6S4Q",1,2023-07-28 06:00:14.6070000,1064020,0,1444,2026-08-31 01:45:36.6100000,32.953730,-96.627220
1542487,"Murphy",3549,233,"14S","14S2H6S2Q",1,2023-07-28 05:33:35.8370000,2090199,0,1288,2026-08-31 01:45:52.1070000,33.015120,-96.613050
195009,"Mukanda",3817,248,"36L","36L1H1S4Q",2,2026-08-31 01:48:25.0000000,0,996,0,2026-08-31 01:48:25.0000000,-9.300000,31.250000
194567,"Kalyati",3817,248,"36L","36L1H1S4Q",2,2026-08-31 01:48:32.1570000,0,996,0,2026-08-31 01:48:32.1570000,-9.333330,31.250000
194566,"David Chito",3817,248,"36L","36L1H1S4Q",2,2026-08-31 01:48:36.0130000,0,996,0,2026-08-31 01:48:36.0130000,-9.333330,31.216670
194363,"Mulumwesi",3817,248,"36L","36L1H1S4Q",2,2026-08-31 01:48:37.1670000,0,997,0,2026-08-31 01:48:37.1670000,-9.350000,31.233330
2595065,"Campbell",450,38,"12U","12U1H4S1Q",2,2020-06-18 04:25:28.9270000,0,135082,0,2026-08-31 01:52:01.2200000,53.633440,-113.568720
2596418,"Lancaster Park",450,38,"12U","12U1H4S1Q",2,2020-10-29 15:14:39.1600000,0,141225,0,2026-08-31 01:52:08.0100000,53.666840,-113.485320
2083003,"Lake Creek",3576,233,"10T","10T2H2S4Q",2,2023-10-10 02:10:00.7700000,0,982,959,2026-08-31 01:52:31.2730000,42.420830,-122.622780
2603169,"Bon Accord",450,38,"12U","12U1H4S1Q",2,2019-08-31 13:41:41.2370000,0,41871,0,2026-08-31 01:52:39.1270000,53.833450,-113.418720
2062918,"Eileen",3567,233,"10T","10T2H5S1Q",3,2026-08-31 01:52:45.7630000,0,0,2065,2026-08-31 01:52:45.7630000,41.962900,-123.105320
2603170,"Gibbons",450,38,"12U","12U1H4S1Q",2,2019-08-17 04:12:55.0600000,0,28527,0,2026-08-31 01:52:45.8730000,53.833450,-113.335310
2601178,"New Lunnon",450,38,"12U","12U1H4S1Q",2,2019-08-17 04:13:22.2900000,0,36109,0,2026-08-31 01:52:51.2700000,53.783450,-113.335310
2057765,"Seiad Valley",3567,233,"10T","10T2H5S1Q",2,2021-07-25 20:07:45.6800000,0,11103,300,2026-08-31 01:53:12.2900000,41.840410,-123.192550
815654,"El Porvenir",1172,97,"16P","16P1H5S2Q",3,2026-08-31 01:54:22.6470000,0,0,1200,2026-08-31 01:54:22.6500000,13.300000,-87.000000
816087,"El Trapiche",1172,97,"16P","16P1H5S1Q",3,2026-08-31 01:54:26.4100000,0,0,1200,2026-08-31 01:54:26.4100000,13.307220,-87.008610
814103,"El Potrero",1172,97,"16P","16P1H5S2Q",3,2026-08-31 01:54:30.4230000,0,0,1200,2026-08-31 01:54:30.4230000,13.266670,-87.000000
813377,"El Llano",1172,97,"16P","16P1H5S2Q",3,2026-08-31 01:54:34.4200000,0,0,1200,2026-08-31 01:54:34.4200000,13.250000,-86.983330
813378,"Aguacatal",1172,97,"16P","16P1H5S2Q",3,2026-08-31 01:54:40.1570000,0,0,1200,2026-08-31 01:54:40.1570000,13.250000,-86.966670
812652,"Papalon",1172,97,"16P","16P1H5S2Q",3,2026-08-31 01:54:43.6230000,0,0,1200,2026-08-31 01:54:43.6230000,13.233330,-86.966670
1362939,"Montbrook",3538,233,"17R","17R1H4S2Q",1,2022-02-28 22:58:47.6900000,232289,0,0,2026-08-31 01:54:46.7470000,29.327190,-82.450380
68589,"Ambalavaro",1880,143,"39K","39K2H1S3Q",2,2026-08-31 01:54:49.7770000,0,741,0,2026-08-31 01:54:49.7770000,-21.383330,48.250000
815653,"El Quebrachal",1172,97,"16P","16P1H5S1Q",3,2026-08-31 01:54:51.3300000,0,0,1200,2026-08-31 01:54:51.3300000,13.300000,-87.016670
66836,"Pakapakaina",1880,143,"39K","39K2H1S3Q",2,2026-08-31 01:54:57.1400000,0,741,0,2026-08-31 01:54:57.1400000,-21.583330,48.200000
812650,"Las Pintadas",1172,97,"16P","16P1H5S2Q",3,2026-08-31 01:55:00.8230000,0,0,1200,2026-08-31 01:55:00.8230000,13.233330,-86.983330
66961,"Ankarefo",1880,143,"39K","39K2H1S3Q",2,2026-08-31 01:55:02.3530000,0,741,0,2026-08-31 01:55:02.3530000,-21.566670,48.183330
2598452,"Duagh",450,38,"12U","12U1H4S1Q",2,2019-08-17 04:17:59.7570000,0,18187,0,2026-08-31 01:55:05.5500000,53.716840,-113.385310
66835,"Antsaka",1880,143,"39K","39K2H1S3Q",2,2026-08-31 01:55:05.7700000,0,776,0,2026-08-31 01:55:05.7700000,-21.583330,48.150000
66569,"Ampasimbola",1880,143,"39K","39K2H1S3Q",2,2026-08-31 01:55:23.0530000,0,776,0,2026-08-31 01:55:23.0530000,-21.616670,48.133330
65699,"Manampafana",1880,143,"39K","39K2H1S3Q",2,2026-08-31 01:55:30.4170000,0,1065,0,2026-08-31 01:55:30.4170000,-21.716670,48.150000
65830,"Vohijanara",1880,143,"39K","39K2H1S3Q",2,2026-08-31 01:55:37.8600000,0,909,0,2026-08-31 01:55:37.8600000,-21.700000,48.100000
66568,"Mahasoa",1880,143,"39K","39K2H1S3Q",2,2026-08-31 01:55:51.8400000,0,741,0,2026-08-31 01:55:51.8400000,-21.616670,48.116670
66567,"Ampitamalandy",1880,143,"39K","39K2H1S3Q",2,2026-08-31 01:56:02.1530000,0,776,0,2026-08-31 01:56:02.1530000,-21.616670,48.100000
1588020,"Lomita",3567,233,"11S","11S2H4S2Q",3,2013-06-13 01:13:59.5400000,0,0,1048021,2026-08-31 01:57:37.3670000,33.792240,-118.315070
66707,"Mahatsara",1880,143,"39K","39K2H1S3Q",2,2026-08-31 02:01:15.3100000,0,741,0,2026-08-31 02:01:15.3100000,-21.600000,48.100000
65419,"Ankarimalaza",1880,143,"39K","39K2H1S3Q",2,2026-08-31 02:01:28.4200000,0,741,0,2026-08-31 02:01:28.4200000,-21.750000,48.016670
2223325,"Chermignac",947,75,"30T","30T1H6S2Q",2,2013-07-20 09:05:18.3400000,0,546060418,10500,2026-08-31 02:04:55.8770000,45.683330,-0.666670
194361,"Mutengo",3817,248,"36L","36L1H1S4Q",2,2026-08-31 02:06:41.8470000,0,996,0,2026-08-31 02:06:41.8470000,-9.350000,31.183330
194141,"Pensulo",3817,248,"36L","36L1H1S4Q",2,2026-08-31 02:06:44.3400000,0,996,0,2026-08-31 02:06:44.3400000,-9.366670,31.133330
195007,"Chimbwe",3817,248,"36L","36L1H1S4Q",2,2026-08-31 02:06:47.2300000,0,996,0,2026-08-31 02:06:47.2300000,-9.300000,31.100000
194565,"Kakuso",3817,248,"36L","36L1H1S4Q",2,2026-08-31 02:06:50.0200000,0,996,0,2026-08-31 02:06:50.0200000,-9.333330,31.066670
195006,"John Kapembwa",3817,248,"36L","36L1H1S4Q",2,2026-08-31 02:06:52.6030000,0,996,0,2026-08-31 02:06:52.6030000,-9.300000,31.050000
195247,"Chinakila",3817,248,"36L","36L1H1S4Q",2,2026-08-31 02:06:58.1900000,0,996,0,2026-08-31 02:06:58.1900000,-9.283330,31.016670
1922699,"Pohick",3550,233,"17S","17S1H2S1Q",2,2026-08-31 02:10:39.4370000,0,999,0,2026-08-31 02:10:39.4370000,39.377850,-81.481510
1922290,"Valley Manor Addition",3550,233,"17S","17S1H2S1Q",2,2026-08-31 02:10:44.2770000,0,1000,0,2026-08-31 02:10:44.2770000,39.369240,-81.481230
1922209,"Boaz",3550,233,"17S","17S1H2S1Q",2,2026-08-31 02:10:48.1470000,0,1000,0,2026-08-31 02:10:48.1470000,39.367360,-81.485280
1922354,"Sand Hill",3550,233,"17S","17S1H2S1Q",2,2026-08-31 02:10:54.3530000,0,999,0,2026-08-31 02:10:54.3530000,39.370910,-81.490120
2796893,"Norra Paippis",927,70,"35V","35V1H4S4Q",1,2021-12-15 16:23:16.8000000,15779,0,0,2026-08-31 02:11:50.7130000,60.477220,25.236670
1321012,"The Retreat at Tampa Palms",3538,233,"17R","17R1H4S4Q",2,2026-08-31 02:11:55.4530000,0,769,0,2026-08-31 02:11:55.4530000,28.112800,-82.388700
1321111,"Grand Reserve at Tampa Palms",3538,233,"17R","17R1H4S4Q",2,2026-08-31 02:12:07.6700000,0,768,0,2026-08-31 02:12:07.6700000,28.115500,-82.385200
1321318,"Pointe at Tampa Palms",3538,233,"17R","17R1H4S4Q",2,2026-08-31 02:12:16.2970000,0,768,0,2026-08-31 02:12:16.2970000,28.118000,-82.380600
1321741,"Highwoods Preserve",3538,233,"17R","17R1H4S4Q",2,2026-08-31 02:12:38.8730000,0,768,0,2026-08-31 02:12:38.8730000,28.131300,-82.374300
1322029,"Richmond Place",3538,233,"17R","17R1H4S4Q",2,2026-08-31 02:12:48.2430000,0,768,0,2026-08-31 02:12:48.2430000,28.136700,-82.369900
2294450,"Inglesea",3578,233,"10T","10T1H2S2Q",2,2014-09-05 01:50:11.3700000,0,1299274,0,2026-08-31 02:12:49.5370000,47.485650,-122.356510
2002093,"Lexington",3559,233,"14T","14T2H5S3Q",2,2023-11-18 16:38:38.5900000,0,12075,300,2026-08-31 02:15:02.0430000,40.780840,-99.741500
2006785,"Cozad",3559,233,"14T","14T2H5S3Q",2,2021-10-25 05:38:17.5100000,0,19589,299,2026-08-31 02:15:15.0700000,40.859730,-99.987340
2022233,"North Platte",3559,233,"14T","14T2H4S2Q",2,2025-05-06 02:24:01.4530000,0,125122,300,2026-08-31 02:15:39.7730000,41.123890,-100.765420
2363478,"Vesuvius",451,38,"10U","10U2H5S3Q",3,2016-01-27 19:58:02.1170000,0,0,1727715,2026-08-31 02:15:45.3570000,48.881370,-123.572070
2023099,"Village Square",3559,233,"14T","14T2H4S2Q",2,2023-06-01 18:15:08.6900000,0,45036,300,2026-08-31 02:15:49.3200000,41.139720,-100.802370
2316645,"Fobes Hill",3578,233,"10T","10T1H2S2Q",2,2014-06-01 21:11:08.6900000,0,1313224,0,2026-08-31 02:16:01.4700000,47.948990,-122.119850
2051205,"Humphrey",3559,233,"14T","14T2H6S1Q",2,2026-05-26 14:34:04.0500000,0,705,300,2026-08-31 02:16:46.9070000,41.691680,-97.484490
2052006,"Creston",3559,233,"14T","14T2H6S1Q",2,2026-08-26 03:52:25.7600000,0,900,314,2026-08-31 02:17:06.2730000,41.706680,-97.362540
681490,"Alankulam",1619,131,"44P","44P2H5S1Q",2,2026-08-31 02:17:29.3970000,0,741,0,2026-08-31 02:17:29.3970000,9.250000,80.450000
680419,"Alavedduvan",1619,131,"44P","44P2H5S1Q",2,2026-08-31 02:17:35.1370000,0,741,0,2026-08-31 02:17:35.1370000,9.221100,80.485900
679912,"Ampakamam",1619,131,"44P","44P2H5S1Q",2,2026-08-31 02:17:40.9930000,0,741,0,2026-08-31 02:17:40.9930000,9.211600,80.485000
678873,"Pulumaichchinatikulam",1619,131,"44P","44P2H5S1Q",2,2026-08-31 02:17:44.8230000,0,741,0,2026-08-31 02:17:44.8230000,9.181400,80.472000
678103,"Olumadu",1619,131,"44P","44P2H5S1Q",2,2026-08-31 02:17:48.1930000,0,741,0,2026-08-31 02:17:48.1930000,9.151600,80.488700
678855,"Panikkankulam",1619,131,"44P","44P2H5S1Q",2,2026-08-31 02:17:51.5300000,0,741,0,2026-08-31 02:17:51.5300000,9.180300,80.426800
2062488,"Stanton",3559,233,"14T","14T2H6S1Q",2,2025-08-08 12:08:33.5730000,0,825,300,2026-08-31 02:17:53.1370000,41.950280,-97.223930
675955,"Taddankulam",1619,131,"44P","44P2H5S1Q",2,2026-08-31 02:17:56.1930000,0,741,0,2026-08-31 02:17:56.1930000,9.083330,80.366670
674876,"Aiyamperumal",1619,131,"44P","44P2H5S1Q",2,2026-08-31 02:18:00.9530000,0,741,0,2026-08-31 02:18:00.9570000,9.050000,80.366670
2065370,"Spurville",3559,233,"14T","14T2H3S3Q",2,2025-08-08 16:31:55.0900000,0,859,300,2026-08-31 02:18:05.7330000,42.018890,-97.214210
2069255,"Hoskins",3559,233,"14T","14T2H3S3Q",2,2025-08-08 19:01:35.1870000,0,828,300,2026-08-31 02:18:17.4130000,42.112230,-97.306160
2065676,"Norfolk",3559,233,"14T","14T2H3S3Q",2,2025-08-12 20:16:00.3900000,0,185691,300,2026-08-31 02:18:26.8200000,42.028340,-97.417000
195713,"Sume",3817,248,"36L","36L1H1S3Q",2,2026-08-31 02:22:10.1270000,0,996,0,2026-08-31 02:22:10.1270000,-9.250000,30.966670
195917,"Kasakula",3817,248,"36L","36L1H1S3Q",2,2026-08-31 02:22:12.6730000,0,996,0,2026-08-31 02:22:12.6730000,-9.233330,30.950000
196079,"Yoram",3817,248,"36L","36L1H1S3Q",2,2026-08-31 02:22:15.8570000,0,996,0,2026-08-31 02:22:15.8570000,-9.216670,30.966670
1529645,"Dallas",3549,233,"14S","14S2H6S4Q",3,2024-03-27 21:46:44.3100000,0,0,10517924,2026-08-31 02:25:53.5400000,32.783060,-96.806670
673893,"Kompuvaittakulam",1619,131,"44P","44P2H5S1Q",2,2026-08-31 02:28:28.4270000,0,1200,0,2026-08-31 02:28:28.4270000,9.016670,80.366670
674380,"Nedunkeni",1619,131,"44P","44P2H5S1Q",2,2026-08-31 02:28:33.6100000,0,741,0,2026-08-31 02:28:33.6100000,9.033330,80.366670
675954,"Kandalveli",1619,131,"44P","44P2H5S1Q",2,2026-08-31 02:28:36.8770000,0,1200,0,2026-08-31 02:28:36.8770000,9.083330,80.350000
676469,"Mutaliyakulam",1619,131,"44P","44P2H5S1Q",2,2026-08-31 02:28:42.5130000,0,1200,0,2026-08-31 02:28:42.5130000,9.100000,80.350000
677528,"Vadakadu",1619,131,"44P","44P2H5S1Q",2,2026-08-31 02:28:44.2970000,0,1200,0,2026-08-31 02:28:44.2970000,9.133330,80.350000
677025,"Sinna Aiyamperumal",1619,131,"44P","44P2H5S1Q",2,2026-08-31 02:28:48.0400000,0,1200,0,2026-08-31 02:28:48.0400000,9.116670,80.333330
677526,"Aninchiyankulam",1619,131,"44P","44P2H5S1Q",2,2026-08-31 02:28:52.3200000,0,1200,0,2026-08-31 02:28:52.3200000,9.133330,80.316670
69039,"Ankazotokana",1880,143,"39K","39K2H1S3Q",2,2026-08-31 02:29:03.2400000,0,741,0,2026-08-31 02:29:03.2400000,-21.333330,48.150000
68886,"Tsararano",1880,143,"39K","39K2H1S3Q",2,2026-08-31 02:29:08.3430000,0,741,0,2026-08-31 02:29:08.3430000,-21.350000,48.150000
68725,"Ankaramiambana",1880,143,"39K","39K2H1S3Q",1,2017-11-21 20:39:24.9300000,1200,741,0,2026-08-31 02:29:18.9730000,-21.366670,48.183330
72272,"Tsaramiadana",1880,143,"38K","38K2H3S2Q",2,2026-08-31 02:29:31.3470000,0,741,0,2026-08-31 02:29:31.3470000,-20.966670,47.933330
72541,"Andapakely",1880,143,"38K","38K2H3S2Q",2,2026-08-31 02:29:35.2270000,0,741,0,2026-08-31 02:29:35.2270000,-20.933330,47.950000
72816,"Sandravakoka",1880,143,"38K","38K2H3S2Q",2,2026-08-31 02:29:39.9470000,0,741,0,2026-08-31 02:29:39.9470000,-20.900000,47.933330
73100,"Mahadonaka",1880,143,"38K","38K2H3S2Q",2,2026-08-31 02:29:44.5000000,0,741,0,2026-08-31 02:29:44.5000000,-20.866670,47.933330
73228,"Mahela",1880,143,"38K","38K2H3S2Q",2,2026-08-31 02:29:49.7800000,0,741,0,2026-08-31 02:29:49.7800000,-20.850000,47.900000
1683519,"Hickory Grove",3545,233,"17S","17S2H1S2Q",3,2024-12-31 11:58:04.0770000,0,0,10684,2026-08-31 02:31:58.4030000,35.210120,-82.104000
1406848,"North Shore Acres",3549,233,"14R","14R1H3S3Q",2,2024-10-15 07:19:13.8300000,0,394145,0,2026-08-31 02:34:05.6600000,30.415200,-97.962790
1956528,"East Camden",3561,233,"18S","18S1H2S1Q",3,2026-03-03 12:08:22.6500000,0,7200,319991,2026-08-31 02:35:57.3230000,39.952890,-75.101560
2443905,"Ougree",255,20,"31U","31U2H3S4Q",1,2022-06-25 18:52:21.7130000,100793,0,0,2026-08-31 02:36:07.9830000,50.598710,5.543000
2445576,"Fetinne",255,20,"31U","31U2H3S4Q",1,2021-11-22 13:49:42.8670000,100552,0,0,2026-08-31 02:36:26.6930000,50.623840,5.583580
2448276,"Herstal",255,20,"31U","31U2H3S4Q",1,2023-07-11 08:08:52.2770000,260637,0,0,2026-08-31 02:36:39.2700000,50.670240,5.628880
2444010,"Cour a Xhendelesse",255,20,"31U","31U2H3S4Q",1,2021-02-14 13:55:32.2900000,2740,0,0,2026-08-31 02:37:37.5400000,50.600000,5.783330
1683586,"Collinsville",3545,233,"17S","17S2H1S2Q",3,2024-12-31 11:57:57.1000000,0,0,9630,2026-08-31 02:40:41.7000000,35.211500,-82.087330
677527,"Oddaruttakulam",1619,131,"44P","44P2H5S1Q",2,2026-08-31 02:40:50.2500000,0,1200,0,2026-08-31 02:40:50.2500000,9.133330,80.333330
677525,"Mallavi",1619,131,"44P","44P2H5S1Q",2,2026-08-31 02:40:56.8700000,0,1200,0,2026-08-31 02:40:56.8700000,9.133330,80.283330
676468,"Puvarasankulam",1619,131,"44P","44P2H5S1Q",2,2026-08-31 02:40:58.6730000,0,1200,0,2026-08-31 02:40:58.6730000,9.100000,80.283330
675952,"Komparuttakulam",1619,131,"44P","44P2H5S1Q",2,2026-08-31 02:41:02.7770000,0,1200,0,2026-08-31 02:41:02.7770000,9.083330,80.283330
675953,"Pandiyankulam",1619,131,"44P","44P2H5S1Q",2,2026-08-31 02:41:06.9570000,0,1200,0,2026-08-31 02:41:06.9570000,9.083330,80.300000
674874,"Moddai",1619,131,"44P","44P2H5S1Q",2,2026-08-31 02:41:11.2300000,0,1200,0,2026-08-31 02:41:11.2300000,9.050000,80.300000
811913,"El Terrero",1172,97,"16P","16P1H5S2Q",3,2026-08-31 02:42:28.4400000,0,0,1200,2026-08-31 02:42:28.4400000,13.216670,-86.966670
811207,"Sonzapote",1172,97,"16P","16P1H5S2Q",3,2026-08-31 02:42:34.4900000,0,0,1200,2026-08-31 02:42:34.4900000,13.200000,-86.983330
811910,"Concepcion de Maria",1172,97,"16P","16P1H5S2Q",3,2026-08-31 02:42:37.9870000,0,0,1200,2026-08-31 02:42:37.9870000,13.216670,-87.000000
811912,"El Tule",1172,97,"16P","16P1H5S2Q",3,2026-08-31 02:42:48.6030000,0,0,1200,2026-08-31 02:42:48.6030000,13.216670,-86.983330
811206,"Las Granadas",1172,97,"16P","16P1H5S2Q",3,2026-08-31 02:42:56.1200000,0,0,1200,2026-08-31 02:42:56.1200000,13.200000,-87.000000
810954,"La Joya",1172,97,"16P","16P1H5S1Q",3,2026-08-31 02:43:01.9600000,0,0,1200,2026-08-31 02:43:01.9600000,13.192780,-87.001110
810495,"El Pacon",1172,97,"16P","16P1H5S2Q",3,2026-08-31 02:43:06.5070000,0,0,1200,2026-08-31 02:43:06.5070000,13.183330,-87.000000
810774,"Pabellona",1172,97,"16P","16P1H5S1Q",3,2026-08-31 02:43:13.0700000,0,0,1200,2026-08-31 02:43:13.0700000,13.186110,-87.005000
73364,"Ankazovelona",1880,143,"38K","38K2H3S2Q",2,2026-08-31 02:44:37.6600000,0,741,0,2026-08-31 02:44:37.6600000,-20.833330,47.900000
73599,"Anivorano",1880,143,"38K","38K2H3S2Q",2,2026-08-31 02:44:41.4530000,0,741,0,2026-08-31 02:44:41.4530000,-20.800000,47.866670
73733,"Ambohitsara Atsinanana",1880,143,"38K","38K2H3S2Q",2,2026-08-31 02:44:45.7100000,0,741,0,2026-08-31 02:44:45.7100000,-20.783330,47.850000
74564,"Ambinanysahalalangy",1880,143,"38K","38K2H3S2Q",2,2026-08-31 02:44:51.5770000,0,741,0,2026-08-31 02:44:51.5770000,-20.666670,47.816670
74563,"Ambinanindrano",1880,143,"38K","38K2H3S2Q",2,2026-08-31 02:44:55.5030000,0,741,0,2026-08-31 02:44:55.5030000,-20.666670,47.800000
74691,"Antanjonanga",1880,143,"38K","38K2H3S2Q",2,2026-08-31 02:45:02.3630000,0,741,0,2026-08-31 02:45:02.3630000,-20.650000,47.783330
74971,"Malazamasina Avaratra",1880,143,"38K","38K2H3S2Q",2,2026-08-31 02:46:36.0400000,0,741,0,2026-08-31 02:46:36.0400000,-20.616670,47.766670
1673489,"Inman Mills",3547,233,"17S","17S2H1S2Q",3,2025-10-25 07:22:10.0100000,0,0,9127,2026-08-31 02:47:06.8500000,35.040690,-82.101300
2006694,"Sunny Brae",3567,233,"10T","10T2H4S4Q",2,2026-08-31 02:47:29.4200000,0,836,0,2026-08-31 02:47:29.4200000,40.858180,-124.066450
1670532,"Lone Oak",3547,233,"17S","17S2H2S3Q",3,2026-04-26 05:01:47.4370000,0,0,8228,2026-08-31 02:49:15.6170000,34.992340,-81.979830
1612645,"Calabasas",3567,233,"11S","11S2H1S4Q",1,2026-08-31 02:50:22.3500000,1073,0,0,2026-08-31 02:50:22.3500000,34.157780,-118.638420
1668015,"Arcadia Heights",3547,233,"17S","17S2H2S3Q",3,2025-06-26 13:50:14.0070000,0,0,9325,2026-08-31 02:51:05.3130000,34.956230,-81.999830
1385098,"La Escondida",2156,158,"13R","13R1H5S2Q",1,2026-08-31 02:51:49.8400000,942,0,0,2026-08-31 02:51:49.8400000,29.900000,-104.733330
1390541,"Las Lulas",3549,233,"13R","13R1H2S4Q",1,2026-08-31 02:52:23.4070000,942,0,0,2026-08-31 02:52:23.4070000,30.025990,-104.695760
2062176,"Burnwood",3562,233,"18T","18T2H5S1Q",2,2026-08-31 02:52:50.0670000,0,747,0,2026-08-31 02:52:50.0670000,41.946750,-75.060440
1388665,"Jose Martinez",2156,158,"13R","13R1H5S2Q",1,2026-08-31 02:52:54.5570000,942,0,0,2026-08-31 02:52:54.5570000,29.983330,-104.700000
2061105,"Methol",3562,233,"18T","18T2H5S1Q",2,2026-08-31 02:53:05.7170000,0,747,0,2026-08-31 02:53:05.7170000,41.919530,-75.011830
2059945,"Tennanah Lake",3562,233,"18T","18T2H5S2Q",2,2026-08-31 02:53:19.9330000,0,746,0,2026-08-31 02:53:19.9330000,41.895090,-74.976550
1388666,"Barrancos de Guadalupe",2156,158,"13R","13R1H5S2Q",1,2026-08-31 02:53:28.4500000,942,0,0,2026-08-31 02:53:28.4500000,29.983330,-104.683330
2060077,"Acidalia",3562,233,"18T","18T2H5S1Q",2,2026-08-31 02:53:36.8130000,0,1365,0,2026-08-31 02:53:36.8130000,41.899530,-75.033220
2059124,"Fernwood",3562,233,"18T","18T2H5S1Q",2,2026-08-31 02:53:50.7900000,0,747,0,2026-08-31 02:53:50.7900000,41.874530,-75.069610
2058011,"Basket",3562,233,"18T","18T2H5S1Q",2,2026-08-31 02:53:58.9000000,0,747,0,2026-08-31 02:53:58.9000000,41.848980,-75.109890
192538,"Alloleya",3817,248,"36L","36L1H1S4Q",2,2026-08-31 02:53:59.7700000,0,891,0,2026-08-31 02:53:59.7700000,-9.450000,31.050000
191351,"Moses Bulaya",3817,248,"36L","36L1H1S3Q",2,2026-08-31 02:54:02.6130000,0,891,0,2026-08-31 02:54:02.6130000,-9.500000,30.983330
2058269,"Long Eddy",3562,233,"18T","18T2H5S1Q",2,2026-08-31 02:54:05.0500000,0,754,0,2026-08-31 02:54:05.0500000,41.850920,-75.133500
192166,"Mulenga",3817,248,"36L","36L1H1S4Q",2,2026-08-31 02:54:05.9630000,0,891,0,2026-08-31 02:54:05.9630000,-9.466670,31.183330
191796,"Malupenga",3817,248,"36L","36L1H1S4Q",2,2026-08-31 02:54:08.2870000,0,892,0,2026-08-31 02:54:08.2870000,-9.483330,31.216670
192539,"Chisanya",3817,248,"36L","36L1H1S4Q",2,2026-08-31 02:54:10.8630000,0,891,0,2026-08-31 02:54:10.8630000,-9.450000,31.216670
193259,"Kalukanya",3817,248,"36L","36L1H1S4Q",2,2026-08-31 02:54:13.6000000,0,997,0,2026-08-31 02:54:13.6000000,-9.416670,31.250000
193599,"Mulutula",3817,248,"36L","36L1H1S4Q",2,2026-08-31 02:54:21.0070000,0,997,0,2026-08-31 02:54:21.0070000,-9.400000,31.250000
1387945,"Santa Barbara",2156,158,"13R","13R1H5S2Q",1,2026-08-31 02:54:21.8900000,942,0,0,2026-08-31 02:54:21.8900000,29.966670,-104.700000
194362,"Senga Hill",3817,248,"36L","36L1H1S4Q",2,2026-08-31 02:54:21.8900000,0,996,0,2026-08-31 02:54:21.8930000,-9.350000,31.216670
2057171,"Stalker",3584,233,"18T","18T2H5S1Q",2,2026-08-31 02:54:25.8730000,0,748,0,2026-08-31 02:54:25.8730000,41.826200,-75.120450
2249198,"Vineland",3578,233,"11T","11T1H2S3Q",2,2013-11-25 23:36:52.0830000,0,5067522,0,2026-08-31 02:54:29.5370000,46.397110,-117.054050
55297,"Betola",1877,143,"38K","38K2H5S3Q",2,2026-08-31 02:54:37.8200000,0,741,0,2026-08-31 02:54:37.8200000,-23.133330,44.266670
55430,"Arkilimaro",1877,143,"38K","38K2H5S3Q",2,2026-08-31 02:54:40.4130000,0,741,0,2026-08-31 02:54:40.4130000,-23.116670,44.250000
2249055,"Clarkston Heights-Vineland",3578,233,"11T","11T1H2S3Q",2,2013-11-24 17:57:20.3670000,0,2187493,0,2026-08-31 02:54:41.7870000,46.387420,-117.083000
55431,"Ankenta",1877,143,"38K","38K2H5S3Q",2,2026-08-31 02:54:43.1100000,0,741,0,2026-08-31 02:54:43.1100000,-23.116670,44.266670
55717,"Ambahatra",1877,143,"38K","38K2H5S3Q",2,2026-08-31 02:54:46.1970000,0,741,0,2026-08-31 02:54:46.2000000,-23.083330,44.300000
55841,"Tranokaky",1877,143,"38K","38K2H5S3Q",2,2026-08-31 02:54:51.1400000,0,741,0,2026-08-31 02:54:51.1400000,-23.066670,44.233330
1387217,"Refugio",2156,158,"13R","13R1H5S2Q",1,2026-08-31 02:54:54.3370000,942,0,0,2026-08-31 02:54:54.3370000,29.950000,-104.700000
55840,"Behena",1877,143,"38K","38K2H5S3Q",2,2026-08-31 02:54:55.6730000,0,741,0,2026-08-31 02:54:55.6730000,-23.066670,44.216670
674872,"Uluvaneri",1619,131,"44P","44P2H5S1Q",2,2026-08-31 02:55:22.9030000,0,1200,0,2026-08-31 02:55:22.9030000,9.050000,80.266670
674873,"Naddankandal",1619,131,"44P","44P2H5S1Q",2,2026-08-31 02:55:28.6000000,0,1200,0,2026-08-31 02:55:28.6000000,9.050000,80.283330
675420,"Ramiyankulam",1619,131,"44P","44P2H5S1Q",2,2026-08-31 02:55:37.7170000,0,1200,0,2026-08-31 02:55:37.7170000,9.066670,80.266670
675419,"Kumiladikkulam",1619,131,"44P","44P2H5S1Q",2,2026-08-31 02:55:43.9400000,0,1200,0,2026-08-31 02:55:43.9400000,9.066670,80.250000
675951,"Parappukkal",1619,131,"44P","44P2H5S1Q",2,2026-08-31 02:55:50.0570000,0,1200,0,2026-08-31 02:55:50.0570000,9.083330,80.233330
1387218,"Chivarrias Blancas",2156,158,"13R","13R1H5S2Q",1,2026-08-31 02:56:12.9470000,941,0,0,2026-08-31 02:56:12.9470000,29.950000,-104.683330
1678328,"Garden Park",3547,233,"17S","17S2H2S1Q",3,2025-11-24 15:12:39.9930000,0,0,11011,2026-08-31 02:56:20.7170000,35.120130,-81.692320
1679338,"Grassy Pond",3547,233,"17S","17S2H2S1Q",3,2025-05-19 04:07:21.2170000,0,0,8946,2026-08-31 02:56:28.2400000,35.137070,-81.672320
1386542,"Paredon",2156,158,"13R","13R1H5S2Q",1,2026-08-31 02:57:00.5930000,941,0,0,2026-08-31 02:57:00.5930000,29.933330,-104.683330
2214284,"Cerano",1372,110,"32T","32T1H5S1Q",2,2014-05-13 09:58:05.4470000,1521,723477,360,2026-08-31 02:59:06.6400000,45.410970,8.780040
2211421,"Gravellona",1375,110,"32T","32T1H5S1Q",3,2026-08-31 02:59:15.0370000,0,0,1075,2026-08-31 02:59:15.0370000,45.327660,8.764140
1385810,"Guadalupe",2156,158,"13R","13R1H5S2Q",1,2026-08-31 02:59:16.9900000,941,0,0,2026-08-31 02:59:16.9900000,29.916670,-104.700000
2212326,"Vespolate",1372,110,"32T","32T1H5S1Q",3,2026-08-31 02:59:21.1470000,0,0,3823,2026-08-31 02:59:30.1570000,45.350360,8.667840
1385811,"Salineta",2156,158,"13R","13R1H5S2Q",1,2026-08-31 03:00:41.6900000,941,0,0,2026-08-31 03:00:41.6900000,29.916670,-104.683330
1385099,"Las Conchas",2156,158,"13R","13R1H5S2Q",1,2026-08-31 03:01:12.4670000,941,0,0,2026-08-31 03:01:12.4670000,29.900000,-104.666670
1383761,"Presidio de Vado de Piedra",2156,158,"13R","13R1H5S2Q",1,2026-08-31 03:01:22.9030000,941,0,0,2026-08-31 03:01:22.9030000,29.866670,-104.650000
1886378,"Haciibrahimusagi",3292,225,"36S","36S1H3S3Q",2,2026-07-20 17:38:13.0570000,0,429186,0,2026-08-31 03:03:53.6400000,38.716670,34.966670
811692,"El Palito",1172,97,"16P","16P1H5S1Q",3,2026-08-31 03:06:28.9200000,0,0,1200,2026-08-31 03:06:28.9200000,13.210280,-87.004720
812272,"Las Mesas",1172,97,"16P","16P1H5S1Q",3,2026-08-31 03:06:34.3830000,0,0,1200,2026-08-31 03:06:34.3830000,13.222780,-87.008060
813045,"Tiscagua",1172,97,"16P","16P1H5S1Q",3,2026-08-31 03:06:47.7830000,0,0,2400,2026-08-31 03:07:32.1600000,13.239720,-87.041110
812644,"La Chacara",1172,97,"16P","16P1H5S1Q",3,2026-08-31 03:07:38.5430000,0,0,1200,2026-08-31 03:07:38.5430000,13.233330,-87.033330
812327,"La Plomosa",1172,97,"16P","16P1H5S1Q",3,2026-08-31 03:07:43.7600000,0,0,1200,2026-08-31 03:07:43.7600000,13.224720,-87.020560
811909,"Guacimal",1172,97,"16P","16P1H5S1Q",3,2026-08-31 03:07:50.3130000,0,0,1200,2026-08-31 03:07:50.3130000,13.216670,-87.016670
811824,"Omoa",1172,97,"16P","16P1H5S1Q",3,2026-08-31 03:07:55.6530000,0,0,1200,2026-08-31 03:07:55.6530000,13.214170,-87.016940
811434,"El Cerron",1172,97,"16P","16P1H5S1Q",3,2026-08-31 03:08:11.6870000,0,0,1200,2026-08-31 03:08:11.6870000,13.201670,-87.018610
194771,"Mwenyi",3817,248,"36L","36L1H1S4Q",2,2026-08-31 03:09:52.3000000,0,891,0,2026-08-31 03:09:52.3030000,-9.316670,31.350000
194364,"Sindano",3817,248,"36L","36L1H1S4Q",2,2026-08-31 03:09:54.2800000,0,891,0,2026-08-31 03:09:54.2800000,-9.350000,31.383330
194144,"Petelo Yumbo",3817,248,"36L","36L1H1S4Q",2,2026-08-31 03:09:57.3300000,0,891,0,2026-08-31 03:09:57.3300000,-9.366670,31.366670
193262,"Chamazambi",3817,248,"36L","36L1H1S4Q",2,2026-08-31 03:10:00.7230000,0,891,0,2026-08-31 03:10:00.7230000,-9.416670,31.350000
193261,"Moses",3817,248,"36L","36L1H1S4Q",2,2026-08-31 03:10:04.5300000,0,891,0,2026-08-31 03:10:04.5300000,-9.416670,31.333330
193260,"Kasukusume",3817,248,"36L","36L1H1S4Q",2,2026-08-31 03:10:08.4400000,0,891,0,2026-08-31 03:10:08.4400000,-9.416670,31.300000
1815186,"Broadwater",3585,233,"18S","18S1H5S1Q",3,2026-08-31 03:15:13.7100000,0,0,1032,2026-08-31 03:15:13.7100000,37.392920,-75.708540
1824366,"Davis Wharf",3585,233,"18S","18S1H5S1Q",3,2026-08-31 03:15:49.1530000,0,0,1038,2026-08-31 03:15:49.1530000,37.552910,-75.877990
676467,"Manavanchan",1619,131,"44P","44P2H5S1Q",2,2026-08-31 03:19:59.3170000,0,1200,0,2026-08-31 03:19:59.3170000,9.100000,80.250000
677023,"Kuttimulai",1619,131,"44P","44P2H5S1Q",2,2026-08-31 03:20:10.8500000,0,1200,0,2026-08-31 03:20:10.8500000,9.116670,80.233330
677024,"Oddankulam",1619,131,"44P","44P2H5S1Q",2,2026-08-31 03:20:13.7270000,0,1200,0,2026-08-31 03:20:13.7270000,9.116670,80.266670
678053,"Kothampiyakulam",1619,131,"44P","44P2H5S1Q",2,2026-08-31 03:20:19.2700000,0,1200,0,2026-08-31 03:20:19.2700000,9.150000,80.266670
678052,"Kalvilan",1619,131,"44P","44P2H5S1Q",2,2026-08-31 03:20:25.2030000,0,1200,0,2026-08-31 03:20:25.2030000,9.150000,80.233330
679715,"Tenniyankulam",1619,131,"44P","44P2H5S1Q",2,2026-08-31 03:20:28.9670000,0,1200,0,2026-08-31 03:20:28.9670000,9.200000,80.233330
677524,"Tikali",1619,131,"44P","44P2H5S1Q",2,2026-08-31 03:20:33.9270000,0,1200,0,2026-08-31 03:20:33.9270000,9.133330,80.150000
676466,"Kurunthankulam",1619,131,"44P","44P2H5S1Q",2,2026-08-31 03:20:41.0830000,0,1200,0,2026-08-31 03:20:41.0830000,9.100000,80.150000
2791303,"Berghamn",929,70,"34V","34V1H5S4Q",3,2026-08-31 03:20:41.6930000,3468,0,6741,2026-08-31 03:20:41.6930000,60.150000,21.300000
55976,"Maroly",1877,143,"38K","38K2H5S3Q",2,2026-08-31 03:23:07.2470000,0,741,0,2026-08-31 03:23:07.2470000,-23.050000,44.183330
56235,"Fativolo",1877,143,"38K","38K2H5S3Q",2,2026-08-31 03:23:11.5900000,0,741,0,2026-08-31 03:23:11.5900000,-23.016670,44.150000
56109,"Samboindefo",1877,143,"38K","38K2H5S3Q",2,2026-08-31 03:23:13.0430000,46,300,0,2026-08-31 03:23:13.0430000,-23.033330,44.133330
56108,"Ambarimanira",1877,143,"38K","38K2H5S3Q",2,2026-08-31 03:23:16.1830000,0,741,0,2026-08-31 03:23:16.1830000,-23.033330,44.116670
56234,"Antsaonjo",1877,143,"38K","38K2H5S3Q",2,2026-08-31 03:23:19.0400000,0,741,0,2026-08-31 03:23:19.0400000,-23.016670,44.083330
56233,"Maropia",1877,143,"38K","38K2H5S3Q",2,2026-08-31 03:23:26.4170000,0,741,0,2026-08-31 03:23:26.4170000,-23.016670,44.033330
57259,"Ankoratsaka",1877,143,"38K","38K2H5S1Q",2,2026-08-31 03:23:29.7030000,0,741,0,2026-08-31 03:23:29.7030000,-22.900000,44.066670
57063,"Boka",1877,143,"38K","38K2H5S1Q",2,2026-08-31 03:23:32.3300000,258,300,0,2026-08-31 03:23:32.3300000,-22.916670,44.116670
2214756,"Cassinetta di Lugagnano",1375,110,"32T","32T1H5S1Q",2,2014-06-05 19:54:23.1230000,2260,646326,3858,2026-08-31 03:24:14.6030000,45.422470,8.906040
192167,"Chundu",3817,248,"36L","36L1H1S4Q",2,2026-08-31 03:24:55.7200000,0,892,0,2026-08-31 03:24:55.7200000,-9.466670,31.283330
191797,"Walichupa",3817,248,"36L","36L1H1S4Q",2,2026-08-31 03:24:59.2870000,0,892,0,2026-08-31 03:24:59.2870000,-9.483330,31.283330
192168,"Maule",3817,248,"36L","36L1H1S4Q",2,2026-08-31 03:25:06.9900000,0,892,0,2026-08-31 03:25:06.9900000,-9.466670,31.333330
192169,"Supuni Babiyo",3817,248,"36L","36L1H1S4Q",2,2026-08-31 03:25:11.4630000,0,892,0,2026-08-31 03:25:11.4630000,-9.466670,31.400000
193600,"Chindiboyi",3817,248,"36L","36L1H1S4Q",2,2026-08-31 03:25:17.2800000,0,432,0,2026-08-31 03:25:17.2800000,-9.400000,31.466670
190934,"Miyongolo",3817,248,"36L","36L1H1S4Q",2,2026-08-31 03:25:21.8830000,0,892,0,2026-08-31 03:25:21.8870000,-9.516670,31.350000
858890,"Ban Khlong Sip",3203,218,"47P","47P1H3S3Q",0,2010-01-01 00:00:00.0000000,0,0,0,2026-08-31 03:26:03.3730000,14.083330,100.833330
4408,"Sea View",140,13,"55H","55H2H4S2Q",2,2026-08-31 03:27:56.6000000,0,1101,0,2026-08-31 03:27:56.6000000,-38.283330,145.933330
4361,"Trida",140,13,"55H","55H2H4S2Q",2,2026-08-31 03:28:00.9930000,0,300,168,2026-08-31 03:28:00.9930000,-38.316670,145.966670
4360,"Ferndale",140,13,"55H","55H2H4S2Q",2,2026-08-31 03:28:05.1700000,0,300,168,2026-08-31 03:28:05.1700000,-38.316670,145.933330
4436,"Allambee",140,13,"55H","55H2H5S1Q",2,2026-08-31 03:28:09.7600000,0,300,261,2026-08-31 03:28:09.7600000,-38.266670,146.033330
4543,"Yarragon",140,13,"55H","55H2H5S1Q",3,2026-08-15 06:39:13.5300000,0,300,474,2026-08-31 03:28:15.8730000,-38.200000,146.066670
4568,"Darnum",140,13,"55H","55H2H5S1Q",3,2026-08-15 06:30:35.2870000,0,300,474,2026-08-31 03:28:30.3430000,-38.183330,146.016670
4488,"Cloverlea",140,13,"55H","55H2H5S1Q",2,2026-08-31 03:28:36.8430000,0,300,259,2026-08-31 03:28:36.8430000,-38.233330,146.000000
1971977,"Newtown",3584,233,"18T","18T2H5S4Q",3,2024-03-08 13:28:58.1770000,0,0,120589,2026-08-31 03:28:38.4670000,40.229280,-74.936830
4487,"Gainsborough",140,13,"55H","55H2H4S2Q",2,2026-08-31 03:28:42.2900000,0,300,259,2026-08-31 03:28:42.2900000,-38.233330,145.966670
1971505,"Roelofs",3584,233,"18T","18T2H5S4Q",1,2014-12-29 23:10:06.2200000,69722,0,6724,2026-08-31 03:28:45.4030000,40.217050,-74.861550
1972021,"Woodside",3584,233,"18T","18T2H5S4Q",3,2026-05-17 14:08:35.3930000,1144,0,8133,2026-08-31 03:28:50.7770000,40.230560,-74.860590
1972502,"Scammells Corner",3584,233,"18T","18T2H5S4Q",1,2026-07-03 13:03:02.2300000,29058,0,20945,2026-08-31 03:28:57.0800000,40.236500,-74.852390
4542,"Lardner",140,13,"55H","55H2H4S2Q",2,2026-08-31 03:28:58.1600000,0,300,157,2026-08-31 03:28:58.1600000,-38.200000,145.866670
1972860,"Yardley",3584,233,"18T","18T2H5S4Q",1,2014-10-10 15:58:21.1270000,130615,0,517,2026-08-31 03:29:01.1000000,40.245660,-74.846000
1973612,"Scudders Falls",3561,233,"18T","18T2H5S4Q",1,2015-07-03 02:23:44.6400000,285521,0,4309,2026-08-31 03:29:04.5030000,40.259270,-74.836830
1974249,"Ewing",3561,233,"18T","18T2H5S4Q",3,2024-06-18 20:48:56.7030000,0,0,20839,2026-08-31 03:29:12.7130000,40.269830,-74.799880
1973838,"Ewing",3561,233,"18T","18T2H5S4Q",3,2023-11-05 22:18:59.1800000,0,0,18295,2026-08-31 03:29:20.2600000,40.265080,-74.800600
1922654,"Steamboat",3570,233,"11S","11S1H1S1Q",3,2026-08-31 03:12:25.0770000,0,0,11933,2026-08-31 03:30:08.4130000,39.377130,-119.743800
811204,"El Penon",1172,97,"16P","16P1H5S1Q",3,2026-08-31 03:31:23.4200000,0,0,1200,2026-08-31 03:31:23.4200000,13.200000,-87.033330
1933342,"Centerville",3554,233,"15S","15S1H3S2Q",3,2024-12-20 12:57:24.4370000,0,0,517544,2026-08-31 03:31:27.2800000,39.558380,-90.029280
812209,"El Quebrachito",1172,97,"16P","16P1H5S1Q",3,2026-08-31 03:31:28.7300000,0,0,1200,2026-08-31 03:31:28.7300000,13.220560,-87.037780
812489,"El Zapotal",1172,97,"16P","16P1H5S1Q",3,2026-08-31 03:31:35.0270000,0,0,1200,2026-08-31 03:31:35.0270000,13.229440,-87.043060
810761,"Los Matapalos",1172,97,"16P","16P1H5S1Q",3,2026-08-31 03:31:47.5230000,0,0,1200,2026-08-31 03:31:47.5230000,13.185560,-87.035000
809649,"Rio Grande",1172,97,"16P","16P1H5S1Q",3,2026-08-31 03:31:52.4730000,0,0,1200,2026-08-31 03:31:52.4730000,13.163330,-87.028330
809044,"Los Matapalos",1172,97,"16P","16P1H5S1Q",3,2026-08-31 03:31:58.5470000,0,0,1200,2026-08-31 03:31:58.5470000,13.150000,-87.016670
808834,"Rio Abajo",1172,97,"16P","16P1H5S1Q",3,2026-08-31 03:32:23.9100000,0,0,1200,2026-08-31 03:32:23.9100000,13.142500,-87.007500
808326,"Jocote",1172,97,"16P","16P1H5S1Q",3,2026-08-31 03:32:28.7630000,0,0,1200,2026-08-31 03:32:28.7630000,13.132220,-87.010830
2182827,"Reggio nell'Emilia",1379,110,"32T","32T1H6S3Q",1,2022-02-01 05:46:09.4630000,2917981,0,0,2026-08-31 03:35:08.6600000,44.698250,10.631250
2791926,"Honsnas",929,70,"34V","34V1H5S4Q",3,2026-08-31 03:37:51.0470000,987,0,2400,2026-08-31 03:37:51.0470000,60.183330,21.333330
1190382,"Summerland Key",3538,233,"17R","17R2H5S3Q",2,2024-08-11 04:25:45.6570000,0,94384,0,2026-08-31 03:38:30.5330000,24.665700,-81.442300
191353,"Kangombe Chisha",3817,248,"36L","36L1H1S4Q",2,2026-08-31 03:39:51.9400000,0,892,0,2026-08-31 03:39:51.9430000,-9.500000,31.400000
190027,"Mukusunga",3817,248,"36L","36L1H1S4Q",2,2026-08-31 03:39:54.7200000,0,892,0,2026-08-31 03:39:54.7230000,-9.550000,31.383330
189619,"Kapembwa",3817,248,"36L","36L1H1S4Q",2,2026-08-31 03:39:57.6000000,0,892,0,2026-08-31 03:39:57.6000000,-9.566670,31.433330
190935,"Changwa",3817,248,"36L","36L1H1S4Q",2,2026-08-31 03:40:00.5330000,0,892,0,2026-08-31 03:40:00.5330000,-9.516670,31.466670
192170,"Kansilye",3817,248,"36L","36L1H1S4Q",2,2026-08-31 03:40:03.6970000,0,892,0,2026-08-31 03:40:03.6970000,-9.466670,31.500000
1825270,"Shields",3585,233,"18S","18S1H5S1Q",3,2026-08-31 03:41:23.3670000,0,0,1038,2026-08-31 03:41:23.3670000,37.570130,-75.853540
1825768,"Craddockville",3585,233,"18S","18S1H5S1Q",3,2026-08-31 03:41:27.0130000,0,0,1038,2026-08-31 03:41:27.0130000,37.581800,-75.868820
1827581,"Cedar View",3585,233,"18S","18S1H5S1Q",3,2026-08-31 03:41:31.8770000,0,0,1038,2026-08-31 03:41:31.8770000,37.613740,-75.875770
1825668,"Middlesex",3585,233,"18S","18S1H5S1Q",3,2026-08-31 03:41:35.7870000,0,0,1038,2026-08-31 03:41:35.7870000,37.579300,-75.836880
1824415,"Belle Haven",3585,233,"18S","18S1H5S1Q",3,2026-08-31 03:41:40.8870000,0,0,1037,2026-08-31 03:41:40.8870000,37.554300,-75.820490
1824332,"Savage Town",3585,233,"18S","18S1H5S1Q",3,2026-08-31 03:41:52.9000000,0,0,1037,2026-08-31 03:41:52.9000000,37.552080,-75.801320
1824316,"Cats Bridge",3585,233,"18S","18S1H5S1Q",3,2026-08-31 03:41:57.5670000,0,0,1036,2026-08-31 03:41:57.5670000,37.551800,-75.781870
2212925,"Ozzero",1375,110,"32T","32T1H5S1Q",3,2026-08-31 03:42:09.9330000,0,0,9478,2026-08-31 03:42:15.7100000,45.367370,8.923140
1824940,"Mount Zion",3585,233,"18S","18S1H5S1Q",3,2026-08-31 03:43:02.1530000,0,0,1036,2026-08-31 03:43:02.1530000,37.565970,-75.782990
2057653,"Mileses",3562,233,"18T","18T2H5S1Q",2,2026-08-31 03:43:13.3430000,0,747,0,2026-08-31 03:43:13.3470000,41.836480,-75.066000
2172521,"Floreasca",2632,190,"35T","35T1H5S3Q",3,2026-07-07 19:30:50.0070000,0,0,650035,2026-08-31 03:43:29.1970000,44.466670,26.100000
57605,"Bebaria",1877,143,"38K","38K2H5S1Q",2,2026-08-31 03:43:40.8530000,0,741,0,2026-08-31 03:43:40.8530000,-22.866670,44.066670
57886,"Ampotaka",1877,143,"38K","38K2H5S1Q",2,2026-08-31 03:43:45.7700000,0,741,0,2026-08-31 03:43:45.7700000,-22.833330,44.033330
2057818,"Fremont Center",3562,233,"18T","18T2H5S1Q",2,2026-08-31 03:43:49.6000000,0,747,0,2026-08-31 03:43:49.6000000,41.842310,-75.042940
57994,"Iaborano",1877,143,"38K","38K2H5S1Q",2,2026-08-31 03:43:51.8600000,0,741,0,2026-08-31 03:43:51.8600000,-22.816670,44.033330
58134,"Antrokombo",1877,143,"38K","38K2H4S2Q",2,2026-08-31 03:43:54.0230000,0,741,0,2026-08-31 03:43:54.0230000,-22.800000,43.983330
58264,"Mitsinjo",1877,143,"38K","38K2H5S1Q",2,2026-08-31 03:43:59.6470000,0,741,0,2026-08-31 03:43:59.6470000,-22.783330,44.000000
2057172,"Pleasant Valley",3562,233,"18T","18T2H5S1Q",2,2026-08-31 03:44:00.5830000,0,747,0,2026-08-31 03:44:00.5830000,41.826200,-75.025440
58265,"Analafanja",1877,143,"38K","38K2H5S1Q",2,2026-08-31 03:44:03.0100000,0,741,0,2026-08-31 03:44:03.0100000,-22.783330,44.016670
58266,"Mandembata",1877,143,"38K","38K2H5S1Q",2,2026-08-31 03:44:07.3200000,0,741,0,2026-08-31 03:44:07.3200000,-22.783330,44.050000
58403,"Andranomena",1877,143,"38K","38K2H5S1Q",2,2026-08-31 03:44:09.2930000,0,741,0,2026-08-31 03:44:09.2930000,-22.766670,44.000000
2057887,"Obernburg",3562,233,"18T","18T2H5S1Q",2,2026-08-31 03:44:09.8600000,0,759,0,2026-08-31 03:44:09.8600000,41.844810,-75.007110
2054476,"Hortonville",3562,233,"18T","18T2H5S1Q",2,2026-08-31 03:44:47.0170000,0,747,0,2026-08-31 03:44:47.0170000,41.764260,-75.030170
2054544,"Callicoon",3562,233,"18T","18T2H5S1Q",2,2026-08-31 03:45:01.7700000,0,747,0,2026-08-31 03:45:01.7700000,41.766490,-75.061060
2054815,"Callicoon",3562,233,"18T","18T2H5S1Q",2,2026-08-31 03:45:07.0970000,0,747,0,2026-08-31 03:45:07.0970000,41.767310,-75.056280
2052279,"East Cochecton",3562,233,"18T","18T2H5S1Q",2,2026-08-31 03:45:21.5000000,0,746,0,2026-08-31 03:45:21.5000000,41.715370,-75.015720
2053050,"Falls Mills",3562,233,"18T","18T2H5S2Q",2,2026-08-31 03:46:06.1100000,0,746,0,2026-08-31 03:46:06.1100000,41.730920,-74.982110
2031632,"Orleans",3567,233,"10T","10T2H5S1Q",3,2026-08-31 03:48:38.2470000,0,0,2080,2026-08-31 03:48:38.2470000,41.301520,-123.541170
2025833,"Weitchpec",3567,233,"10T","10T2H5S1Q",3,2026-08-31 03:48:59.3570000,0,0,2086,2026-08-31 03:48:59.3570000,41.188180,-123.708390
58667,"Soatanimbary",1877,143,"38K","38K2H5S1Q",2,2026-08-31 03:49:10.8070000,0,741,0,2026-08-31 03:49:10.8070000,-22.733330,44.000000
2011570,"Willow Creek",3567,233,"10T","10T2H5S3Q",3,2026-08-31 03:49:12.2570000,0,0,2110,2026-08-31 03:49:12.2570000,40.939580,-123.631440
58404,"Bezaha",1877,143,"38K","38K2H5S1Q",2,2026-08-31 03:49:15.4300000,0,741,0,2026-08-31 03:49:15.4300000,-22.766670,44.050000
2009645,"Essex",3567,233,"10T","10T2H4S4Q",3,2026-08-31 03:49:28.0500000,0,862,2202,2026-08-31 03:49:28.0500000,40.905960,-124.035340
2031223,"Notchko",3567,233,"10T","10T2H5S1Q",3,2026-08-31 03:49:43.6930000,0,802,960,2026-08-31 03:49:43.6930000,41.296230,-123.869790
4593,"Drouin South",140,13,"55H","55H2H4S2Q",2,2026-08-31 03:52:54.4130000,0,300,155,2026-08-31 03:52:54.4130000,-38.166670,145.833330
4665,"Drouin",140,13,"55H","55H2H4S2Q",2,2026-08-31 03:52:57.4430000,0,300,150,2026-08-31 03:52:57.4430000,-38.133330,145.850000
4729,"Drouin West",140,13,"55H","55H2H4S2Q",2,2026-08-31 03:53:02.5000000,0,300,146,2026-08-31 03:53:02.5000000,-38.100000,145.866670
4756,"Robin Hood",140,13,"55H","55H2H4S2Q",2,2026-08-31 03:53:07.3970000,0,300,145,2026-08-31 03:53:07.3970000,-38.083330,145.833330
4804,"Labertouche",140,13,"55H","55H2H4S2Q",2,2026-08-31 03:53:13.7670000,0,300,143,2026-08-31 03:53:13.7670000,-38.050000,145.800000
4755,"Longwarry North",140,13,"55H","55H2H4S2Q",2,2026-08-31 03:53:15.0100000,0,300,147,2026-08-31 03:53:15.0100000,-38.083330,145.766670
4728,"Longwarry",140,13,"55H","55H2H4S2Q",2,2026-08-31 03:53:18.7970000,0,300,149,2026-08-31 03:53:18.7970000,-38.100000,145.766670
97347,"Amparihimaina",1878,143,"39K","39K1H1S3Q",2,2026-08-31 03:53:55.4870000,0,741,0,2026-08-31 03:53:55.4870000,-17.700000,48.150000
192901,"Chikwanda",3817,248,"36L","36L1H1S4Q",2,2026-08-31 03:54:57.4430000,0,892,0,2026-08-31 03:54:57.4430000,-9.433330,31.516670
192171,"Leo Makoti",3817,248,"36L","36L1H1S4Q",2,2026-08-31 03:55:00.1170000,0,892,0,2026-08-31 03:55:00.1170000,-9.466670,31.533330
191354,"Kalandanya",3817,248,"36L","36L1H1S4Q",2,2026-08-31 03:55:02.5270000,0,892,0,2026-08-31 03:55:02.5270000,-9.500000,31.550000
191355,"Kaniki",3817,248,"36L","36L1H1S4Q",2,2026-08-31 03:55:06.5370000,0,892,0,2026-08-31 03:55:06.5370000,-9.500000,31.583330
192172,"Masanje",3817,248,"36L","36L1H1S4Q",2,2026-08-31 03:55:08.9270000,0,892,0,2026-08-31 03:55:08.9270000,-9.466670,31.600000
811523,"El Vijagual",1172,97,"16P","16P1H5S1Q",3,2026-08-31 03:55:28.0300000,0,0,1200,2026-08-31 03:55:28.0300000,13.204720,-87.045000
811203,"El Consuelo",1172,97,"16P","16P1H5S1Q",3,2026-08-31 03:55:34.5670000,0,0,1200,2026-08-31 03:55:34.5670000,13.200000,-87.050000
811202,"El Palo de Agua",1172,97,"16P","16P1H5S1Q",3,2026-08-31 03:55:38.1600000,0,0,1200,2026-08-31 03:55:38.1600000,13.200000,-87.053060
810259,"Rio Arriba",1172,97,"16P","16P1H5S1Q",3,2026-08-31 03:55:47.2000000,0,0,1200,2026-08-31 03:55:47.2000000,13.176390,-87.048610
809253,"Santa Teresa",1172,97,"16P","16P1H5S1Q",3,2026-08-31 03:55:52.4500000,0,0,1200,2026-08-31 03:55:52.4500000,13.150280,-87.037780
808731,"El Perico",1172,97,"16P","16P1H5S1Q",3,2026-08-31 03:55:57.3800000,0,0,1200,2026-08-31 03:55:57.3800000,13.138890,-87.032220
808334,"Las Uvas",1172,97,"16P","16P1H5S1Q",3,2026-08-31 03:56:01.8930000,0,0,1200,2026-08-31 03:56:01.8930000,13.132500,-87.022500
674379,"Chiraddikulam",1619,131,"44P","44P2H5S1Q",2,2026-08-31 03:56:20.1600000,0,1200,0,2026-08-31 03:56:20.1600000,9.033330,80.250000
677529,"Vannivilankulam",1619,131,"44P","44P2H5S1Q",2,2026-08-31 03:56:28.5130000,0,1200,0,2026-08-31 03:56:28.5130000,9.133330,80.383330
807564,"Los Coyotes",1172,97,"16P","16P1H5S1Q",3,2026-08-31 03:56:30.9900000,0,0,1200,2026-08-31 03:56:30.9900000,13.111670,-87.021390
677223,"Mankulam",1619,131,"44P","44P2H5S1Q",2,2026-08-31 03:56:33.3900000,0,1200,0,2026-08-31 03:56:33.3900000,9.130400,80.443000
675631,"Pandiyan",1619,131,"44P","44P2H5S1Q",2,2026-08-31 03:56:39.6630000,0,1200,0,2026-08-31 03:56:39.6630000,9.081300,80.421900
675421,"Kummakulam",1619,131,"44P","44P2H5S1Q",2,2026-08-31 03:56:44.7400000,0,1200,0,2026-08-31 03:56:44.7400000,9.066670,80.400000
1825316,"Coal Kiln Crossing",3585,233,"18S","18S1H5S1Q",3,2026-08-31 03:56:52.4330000,0,0,1036,2026-08-31 03:56:52.4330000,37.570970,-75.794370
674479,"Putuvilankulam",1619,131,"44P","44P2H5S1Q",2,2026-08-31 03:56:54.0400000,0,1200,0,2026-08-31 03:56:54.0400000,9.041800,80.450100
675517,"Mannakulam",1619,131,"44P","44P2H5S1Q",2,2026-08-31 03:57:04.9300000,0,1200,0,2026-08-31 03:57:04.9300000,9.071700,80.451400
675560,"Appakkuttikinattadi",1619,131,"44P","44P2H5S1Q",2,2026-08-31 03:57:10.4500000,0,1200,0,2026-08-31 03:57:10.4500000,9.075300,80.458700
1383083,"Molino de Vado de Piedras",2156,158,"13R","13R1H5S2Q",1,2026-08-31 03:57:19.0900000,940,0,0,2026-08-31 03:57:19.0900000,29.850000,-104.633330
1382392,"Las Viboras",2156,158,"13R","13R1H5S2Q",1,2026-08-31 03:57:36.4530000,940,0,0,2026-08-31 03:57:36.4530000,29.833330,-104.616670
1382031,"Chinati",3549,233,"13R","13R1H5S2Q",1,2026-08-31 03:57:41.3930000,940,0,0,2026-08-31 03:57:41.3930000,29.824060,-104.605760
1379639,"Ramirez",2156,158,"13R","13R1H5S2Q",1,2026-08-31 03:58:10.4370000,940,0,0,2026-08-31 03:58:10.4370000,29.766670,-104.600000
1381027,"Viborero",2156,158,"13R","13R1H5S2Q",1,2026-08-31 03:58:23.3470000,1621,0,0,2026-08-31 03:58:23.3470000,29.800000,-104.616670
2004872,"Bracut",3567,233,"10T","10T2H4S4Q",2,2026-08-31 03:58:28.0400000,0,837,0,2026-08-31 03:58:28.0400000,40.827350,-124.083390
1379640,"Buenos Aires",2156,158,"13R","13R1H5S2Q",1,2026-08-31 03:58:32.3370000,939,0,0,2026-08-31 03:58:32.3370000,29.766670,-104.583330
862242,"Ban Khlong Sam",3203,218,"47P","47P1H3S3Q",2,2026-08-31 03:58:50.0600000,0,788,0,2026-08-31 03:58:50.0600000,14.150000,100.666670
1379373,"Adobes",3549,233,"13R","13R1H5S2Q",1,2026-08-31 03:59:21.1700000,939,0,0,2026-08-31 03:59:21.1700000,29.759340,-104.553540
1378252,"Borrachio",3549,233,"13R","13R1H5S2Q",1,2026-08-31 03:59:30.1270000,939,0,0,2026-08-31 03:59:30.1270000,29.731290,-104.543820
2670969,"Fili",2670,192,"37U","37U1H1S2Q",2,2022-05-06 10:04:14.2370000,0,1663531,0,2026-08-31 04:00:09.3400000,55.748190,37.479680
2671774,"Verkhniye Mnevniki",2671,192,"37U","37U1H1S2Q",2,2022-07-15 12:09:53.0000000,0,1601945,0,2026-08-31 04:00:13.5000000,55.766670,37.483330
2672894,"Shchukino",2670,192,"37U","37U1H1S2Q",2,2022-05-15 14:10:32.2800000,0,1394472,0,2026-08-31 04:00:17.6730000,55.800000,37.450000
2673529,"Strogino",2670,192,"37U","37U1H1S2Q",2,2021-11-22 07:19:23.3070000,0,1333025,0,2026-08-31 04:00:25.1000000,55.818380,37.412240
2673983,"Spas",2670,192,"37U","37U1H1S2Q",2,2022-07-31 05:51:47.8800000,0,1374035,0,2026-08-31 04:00:30.5570000,55.833330,37.400000
2674527,"Brattsevo",2670,192,"37U","37U1H1S2Q",2,2023-05-15 11:47:36.1570000,0,2452006,0,2026-08-31 04:00:34.7900000,55.850000,37.400000
2674840,"Aleshkino",2670,192,"37U","37U1H1S2Q",2,2022-07-31 05:52:27.5000000,0,1424931,0,2026-08-31 04:00:39.6270000,55.864470,37.423340
1826105,"Painter",3585,233,"18S","18S1H5S1Q",3,2026-08-31 04:02:58.6700000,0,0,1037,2026-08-31 04:02:58.6700000,37.585410,-75.784930
1826064,"Middlesex",3585,233,"18S","18S1H5S1Q",3,2026-08-31 04:03:02.8900000,0,0,1038,2026-08-31 04:03:02.8900000,37.584580,-75.809650
1827392,"Boston",3585,233,"18S","18S1H5S1Q",3,2026-08-31 04:03:10.9070000,0,0,1038,2026-08-31 04:03:10.9070000,37.609300,-75.842710
865908,"Ban Wang Kha",3195,218,"47P","47P1H3S3Q",1,2026-08-31 04:05:23.0370000,788,0,0,2026-08-31 04:05:23.0370000,14.233330,100.783330
865217,"Ban Khlong Paet (3)",3203,218,"47P","47P1H3S3Q",1,2026-08-31 04:05:28.4470000,789,0,0,2026-08-31 04:05:28.4470000,14.216670,100.783330
2151610,"Wilford",3573,233,"12T","12T2H2S1Q",2,2026-06-27 04:11:07.5970000,0,1182,900,2026-08-31 04:06:07.7500000,43.912690,-111.677740
2150702,"Hart",3573,233,"12T","12T2H2S1Q",2,2025-12-15 17:45:11.0000000,0,24158,1862,2026-08-31 04:06:25.5400000,43.884080,-111.739130
858066,"Ban Khlong Chet Bon (2)",3203,218,"47P","47P1H3S3Q",2,2026-08-31 04:06:43.1930000,0,403,0,2026-08-31 04:06:43.1930000,14.066670,100.766670
2153839,"Twin Groves",3573,233,"12T","12T2H2S1Q",2,2026-01-21 20:34:25.4530000,0,8252,300,2026-08-31 04:06:47.7100000,43.974360,-111.627740
2143728,"Byrne",3573,233,"12T","12T2H2S1Q",2,2024-03-30 04:37:51.3870000,0,22023,1128,2026-08-31 04:07:28.4330000,43.691860,-111.746630
58532,"Mikoboka",1877,143,"38K","38K2H5S1Q",2,2026-08-31 04:07:32.4000000,0,741,0,2026-08-31 04:07:32.4000000,-22.750000,44.066670
2142456,"Rudy",3573,233,"12T","12T2H2S1Q",2,2026-01-20 02:40:38.2470000,0,29404,300,2026-08-31 04:07:39.0300000,43.656580,-111.833300
58533,"Soatanana",1877,143,"38K","38K2H5S1Q",2,2026-08-31 04:07:48.6370000,0,741,0,2026-08-31 04:07:48.6370000,-22.750000,44.083330
58668,"Aborotsy",1877,143,"38K","38K2H5S1Q",2,2026-08-31 04:07:52.4430000,0,741,0,2026-08-31 04:07:52.4430000,-22.733330,44.083330
58804,"Aborano",1877,143,"38K","38K2H5S1Q",2,2026-08-31 04:07:55.7630000,0,741,0,2026-08-31 04:07:55.7630000,-22.716670,44.083330
1827980,"Pennyville",3585,233,"18S","18S1H5S1Q",3,2026-08-31 04:07:59.4970000,0,0,1038,2026-08-31 04:07:59.4970000,37.617630,-75.832710
58920,"Fanjakana",1877,143,"38K","38K2H5S1Q",2,2026-08-31 04:08:04.0070000,0,741,0,2026-08-31 04:08:04.0070000,-22.700000,44.083330
59152,"Beherika",1877,143,"38K","38K2H5S1Q",2,2026-08-31 04:08:25.7500000,0,741,0,2026-08-31 04:08:25.7500000,-22.666670,44.083330
2153197,"Heman",3573,233,"12T","12T2H2S1Q",2,2024-03-27 23:56:22.1730000,0,231662,300,2026-08-31 04:08:29.5970000,43.956300,-111.797470
59268,"Milenaka",1877,143,"38K","38K2H5S1Q",2,2026-08-31 04:08:39.0830000,0,741,0,2026-08-31 04:08:39.0830000,-22.650000,44.083330
59747,"Fenoarivo",1877,143,"38K","38K2H5S1Q",2,2026-08-31 04:08:44.3100000,0,741,0,2026-08-31 04:08:44.3100000,-22.583330,44.066670
2145569,"Jensen",3573,233,"12T","12T2H2S1Q",2,2014-01-22 21:37:13.7700000,0,1994743,300,2026-08-31 04:09:06.9430000,43.742690,-111.747190
97195,"Ampanotokana",1878,143,"39K","39K1H1S3Q",2,2026-08-31 04:09:25.9970000,0,741,0,2026-08-31 04:09:25.9970000,-17.716670,48.166670
96834,"Morarano Chrome",1878,143,"39K","39K1H1S3Q",2,2026-08-31 04:09:29.2470000,0,741,0,2026-08-31 04:09:29.2470000,-17.750000,48.166670
97348,"Maharidaza",1878,143,"39K","39K1H1S3Q",2,2026-08-31 04:09:34.1200000,0,741,0,2026-08-31 04:09:34.1200000,-17.700000,48.183330
97196,"Ambatoharamanga",1878,143,"39K","39K1H1S3Q",2,2026-08-31 04:09:37.9300000,0,741,0,2026-08-31 04:09:37.9300000,-17.716670,48.200000
97028,"Ambohidray",1878,143,"39K","39K1H1S3Q",2,2026-08-31 04:09:41.0370000,0,804,0,2026-08-31 04:09:41.0370000,-17.733330,48.200000
96423,"Ankoririka",1878,143,"39K","39K1H1S3Q",2,2026-08-31 04:09:44.3800000,0,741,0,2026-08-31 04:09:44.3800000,-17.783330,48.183330
96653,"Morarano",1878,143,"39K","39K1H1S3Q",2,2026-08-31 04:09:48.7830000,0,741,0,2026-08-31 04:09:48.7830000,-17.766670,48.166670
190936,"Chela Mbilima",3817,248,"36L","36L1H1S4Q",2,2026-08-31 04:09:59.8600000,0,892,0,2026-08-31 04:09:59.8600000,-9.516670,31.616670
190488,"Chambanenge",3817,248,"36L","36L1H1S4Q",2,2026-08-31 04:10:04.9270000,0,892,0,2026-08-31 04:10:04.9270000,-9.533330,31.650000
191356,"Dauseni",3817,248,"36L","36L1H1S4Q",2,2026-08-31 04:10:06.1270000,0,892,0,2026-08-31 04:10:06.1300000,-9.500000,31.650000
192173,"Kakula",3817,248,"36L","36L1H1S4Q",2,2026-08-31 04:10:09.1970000,0,892,0,2026-08-31 04:10:09.1970000,-9.466670,31.666670
191798,"Chalikosa",3817,248,"36L","36L1H1S4Q",2,2026-08-31 04:10:11.7970000,0,892,0,2026-08-31 04:10:11.7970000,-9.483330,31.683330
2003996,"Indianola",3567,233,"10T","10T2H4S4Q",2,2026-08-31 04:10:19.6900000,0,837,0,2026-08-31 04:10:19.6900000,40.812630,-124.083120
1532675,"Rawlins",3549,233,"14S","14S2H6S4Q",3,2025-04-04 11:12:33.0800000,0,0,2812879,2026-08-31 04:10:27.3770000,32.838180,-96.736670
2076987,"Climax",3576,233,"10T","10T2H2S4Q",2,2026-08-31 04:10:29.0470000,0,1002,0,2026-08-31 04:10:29.0470000,42.295130,-122.619750
675526,"Periyakulam",1619,131,"44P","44P2H5S1Q",2,2026-08-31 04:10:33.3570000,0,1200,0,2026-08-31 04:10:33.3570000,9.072300,80.482300
2074804,"Talent",3576,233,"10T","10T2H2S4Q",2,2026-08-31 04:10:37.5030000,0,1001,0,2026-08-31 04:10:37.5030000,42.245680,-122.788650
676122,"Putukulam",1619,131,"44P","44P2H5S1Q",2,2026-08-31 04:10:37.6200000,0,1200,0,2026-08-31 04:10:37.6230000,9.095500,80.492500
676565,"Katkidanku",1619,131,"44P","44P2H5S1Q",2,2026-08-31 04:10:42.2530000,0,1200,0,2026-08-31 04:10:42.2530000,9.104600,80.509300
676496,"Kunchukkulam",1619,131,"44P","44P2H5S1Q",2,2026-08-31 04:10:46.8970000,0,1200,0,2026-08-31 04:10:46.8970000,9.100600,80.460100
677637,"Periyapuliyankulam",1619,131,"44P","44P2H5S1Q",2,2026-08-31 04:10:51.5670000,0,1200,0,2026-08-31 04:10:51.5670000,9.139600,80.503600
677708,"Murikandi",1619,131,"44P","44P2H5S1Q",2,2026-08-31 04:11:00.3930000,0,1200,0,2026-08-31 04:11:00.3930000,9.144100,80.505000
678104,"Karuppaddamurippu",1619,131,"44P","44P2H5S1Q",2,2026-08-31 04:11:14.1170000,0,1200,0,2026-08-31 04:11:14.1170000,9.151600,80.535100
2137282,"Iona",3573,233,"12T","12T2H2S1Q",2,2023-07-19 03:33:20.5300000,0,29652,300,2026-08-31 04:11:19.2130000,43.526300,-111.933020
865216,"Ban Wang Chula",3195,218,"47P","47P1H3S3Q",1,2026-08-31 04:13:48.2270000,754,0,0,2026-08-31 04:13:48.2270000,14.216670,100.766670
864501,"Ban Khlong Chet (1)",3203,218,"47P","47P1H3S3Q",1,2026-08-31 04:13:53.4200000,787,0,0,2026-08-31 04:13:53.4200000,14.200000,100.766670
864500,"Ban Khlong Hok Wa Sai Bon (2)",3195,218,"47P","47P1H3S3Q",1,2026-08-31 04:13:57.2600000,788,0,0,2026-08-31 04:13:57.2600000,14.200000,100.750000
863705,"Ban Suan Di",3203,218,"47P","47P1H3S3Q",1,2026-08-31 04:13:59.3870000,788,0,0,2026-08-31 04:13:59.3870000,14.183330,100.750000
862955,"Ban Khlong Chet (2)",3203,218,"47P","47P1H3S3Q",1,2026-08-31 04:14:02.9100000,788,0,0,2026-08-31 04:14:02.9100000,14.166670,100.750000
863704,"Ban Khlong Hok (3)",3203,218,"47P","47P1H3S3Q",1,2026-08-31 04:14:10.1970000,789,0,0,2026-08-31 04:14:10.1970000,14.183330,100.733330
1378980,"Ramirez",2156,158,"13R","13R1H5S2Q",1,2026-08-31 04:14:24.5700000,939,0,0,2026-08-31 04:14:24.5700000,29.750000,-104.583330
1377726,"El Ramireno",2156,158,"13R","13R1H5S2Q",1,2026-08-31 04:14:30.6200000,939,0,0,2026-08-31 04:14:30.6200000,29.716670,-104.566670
1377789,"Indio",3549,233,"13R","13R1H5S2Q",1,2026-08-31 04:14:37.5730000,939,0,0,2026-08-31 04:14:37.5730000,29.717680,-104.537700
2517259,"Splawie",2451,180,"33U","33U2H3S1Q",2,2026-08-23 11:41:46.5330000,0,107500,0,2026-08-31 04:14:43.3100000,51.992090,16.632950
2516340,"Wydorowo",2451,180,"33U","33U2H3S1Q",2,2026-07-06 18:47:33.4170000,0,24375,0,2026-08-31 04:15:22.3700000,51.971500,16.541120
862952,"Ban Khlong Yi Siphok",3195,218,"47P","47P1H3S3Q",1,2026-08-31 04:20:03.5800000,788,0,0,2026-08-31 04:20:03.5800000,14.166670,100.666670
60335,"Andaty",1877,143,"38K","38K2H5S1Q",2,2026-08-31 04:21:37.3670000,0,741,0,2026-08-31 04:21:37.3670000,-22.500000,44.033330
60334,"Andafy",1877,143,"38K","38K2H5S1Q",2,2026-08-31 04:21:41.3970000,0,741,0,2026-08-31 04:21:41.3970000,-22.500000,44.016670
60646,"Andaka",1877,143,"38K","38K2H5S1Q",2,2026-08-31 04:22:30.1070000,0,741,0,2026-08-31 04:22:30.1070000,-22.450000,44.000000
60213,"Antsaonjo",1877,143,"38K","38K2H4S2Q",2,2026-08-31 04:22:33.6700000,0,741,0,2026-08-31 04:22:33.6700000,-22.516670,43.966670
60333,"Ampandra Avaratra",1877,143,"38K","38K2H4S2Q",2,2026-08-31 04:22:36.8070000,0,741,0,2026-08-31 04:22:36.8100000,-22.500000,43.933330
191357,"John Chivuta",3817,248,"36L","36L1H1S4Q",2,2026-08-31 04:25:07.2900000,0,892,0,2026-08-31 04:25:07.2900000,-9.500000,31.700000
192902,"Teta",3817,248,"36L","36L1H1S4Q",2,2026-08-31 04:25:10.7200000,0,892,0,2026-08-31 04:25:10.7200000,-9.433330,31.700000
192903,"Lazalo",3817,248,"36L","36L1H1S4Q",2,2026-08-31 04:25:13.8570000,0,892,0,2026-08-31 04:25:13.8570000,-9.433330,31.716670
193264,"Kapoli",3817,248,"36L","36L1H1S4Q",2,2026-08-31 04:25:17.4400000,0,892,0,2026-08-31 04:25:17.4400000,-9.416670,31.683330
193603,"Mpande",3817,248,"36L","36L1H1S4Q",2,2026-08-31 04:25:21.7870000,0,892,0,2026-08-31 04:25:21.7870000,-9.400000,31.666670
2745519,"Afognak",3581,233,"05V","05V2H2S4Q",1,2026-04-16 02:24:10.9600000,475688,0,0,2026-08-31 04:25:34.1370000,58.022120,-152.765230
803775,"Ban Don Na Lum",3167,218,"47P","47P1H6S1Q",2,2026-08-31 04:25:42.2530000,0,1043,0,2026-08-31 04:25:42.2530000,13.001340,100.027230
815041,"Ban Nong Chumphon",3167,218,"47P","47P1H5S2Q",2,2026-08-31 04:26:13.5830000,0,1200,0,2026-08-31 04:26:13.5830000,13.283330,99.800000
803537,"Ban Mot Tanoi",3167,218,"47P","47P1H6S3Q",2,2026-08-27 13:47:09.6200000,0,431,0,2026-08-31 04:26:18.5400000,12.996070,100.036230
813061,"Khao Yoi",3167,218,"47P","47P1H5S2Q",2,2026-08-31 04:26:35.2470000,0,1200,0,2026-08-31 04:26:35.2470000,13.240250,99.824280
862954,"Ban Khlong Hok",3203,218,"47P","47P1H3S3Q",1,2026-08-31 04:26:35.7900000,788,0,0,2026-08-31 04:26:35.7900000,14.166670,100.733330
863703,"Ban Wang Noi (3)",3203,218,"47P","47P1H3S3Q",1,2026-08-31 04:26:44.4500000,788,0,0,2026-08-31 04:26:44.4500000,14.183330,100.700000
812802,"Ban Huai Luang",3167,218,"47P","47P1H5S2Q",2,2026-08-31 04:26:56.5500000,0,1200,0,2026-08-31 04:26:56.5500000,13.233330,99.850000
814256,"Ban Ton Lamphaen",3189,218,"47P","47P1H5S2Q",2,2026-08-31 04:27:06.9130000,0,1200,0,2026-08-31 04:27:06.9130000,13.266670,99.883330
803820,"Ban Nong Ta Phuk",3167,218,"47P","47P1H6S1Q",2,2026-08-31 04:27:17.5500000,0,1242,0,2026-08-31 04:27:17.5500000,13.003030,100.036470
2675073,"Kozeyevo",2670,192,"37U","37U1H1S2Q",2,2022-11-14 10:12:58.0700000,0,1540454,0,2026-08-31 04:27:19.4870000,55.866670,37.616670
821508,"Amphawa",3189,218,"47P","47P1H5S2Q",2,2026-08-31 04:27:29.1330000,0,1200,0,2026-08-31 04:27:29.1330000,13.424360,99.956880
819670,"Ban Map Lat (1)",3189,218,"47P","47P1H5S2Q",2,2026-08-31 04:27:41.7970000,1725,1992,0,2026-08-31 04:27:41.7970000,13.383330,99.983330
2676002,"Lianozovo",2670,192,"37U","37U1H1S2Q",2,,0,1336396,0,2026-08-31 04:27:42.5500000,55.897830,37.586800
2676235,"Vagonoremont",2670,192,"37U","37U1H1S2Q",2,2022-11-18 12:46:46.5100000,0,1384141,0,2026-08-31 04:27:54.1930000,55.900000,37.550000
2675657,"Businovo",2670,192,"37U","37U1H1S2Q",2,2010-01-01 00:00:00.0000000,0,1896581,0,2026-08-31 04:27:58.2670000,55.883330,37.500000
2675069,"Novokhovrino",2670,192,"37U","37U1H1S2Q",2,,0,1631025,0,2026-08-31 04:28:02.4700000,55.866670,37.500000
819987,"Ban Lat Ta Thap",3189,218,"47P","47P1H6S1Q",2,2026-08-31 04:28:06.2430000,0,1200,0,2026-08-31 04:28:06.2430000,13.392830,100.003030
2675656,"Levoberezhnaya",2670,192,"37U","37U1H1S2Q",2,2022-07-31 04:32:51.3930000,0,1351497,0,2026-08-31 04:28:08.1030000,55.883330,37.483330
1913372,"Nashville",3555,233,"16S","16S1H2S2Q",2,2013-09-07 13:49:17.3800000,0,11750490,0,2026-08-31 04:28:20.2430000,39.207270,-86.251100
2788189,"Khyazel'ki",2675,192,"36V","36V2H1S1Q",3,2016-08-27 08:06:33.1430000,0,0,704399,2026-08-31 04:28:42.9830000,59.936390,30.687500
2412879,"Losevo",3439,230,"37U","37U2H4S1Q",1,2013-04-28 20:37:12.0100000,2005138,0,300,2026-08-31 04:29:36.6470000,49.953610,36.321670
2412357,"Chunikhin",3439,230,"37U","37U2H4S1Q",1,2013-04-28 20:33:45.9100000,2002071,0,300,2026-08-31 04:29:42.6900000,49.946940,36.336670
2412755,"Krasnaya Armiya",3439,230,"37U","37U2H4S1Q",1,2013-04-28 15:35:58.8130000,2012374,0,600,2026-08-31 04:29:51.1800000,49.950000,36.366670
2412908,"Imeni Frunze",3439,230,"37U","37U2H4S1Q",1,2013-04-28 15:58:28.6870000,2000938,0,300,2026-08-31 04:29:57.8700000,49.954870,36.353440
2413162,"Imeni Frunze",3439,230,"37U","37U2H4S1Q",1,2013-04-28 20:35:22.3770000,2007625,0,300,2026-08-31 04:30:04.2930000,49.965850,36.338520
819830,"Ban Bang Chakreng",3189,218,"47P","47P1H6S1Q",2,2026-08-31 04:30:05.1630000,300,1191,0,2026-08-31 04:30:05.1630000,13.387490,100.002070
2414502,"Petrenkov",3439,230,"37U","37U2H4S1Q",1,2013-04-28 13:28:14.8570000,2012957,0,300,2026-08-31 04:30:13.2770000,49.985280,36.348890
2413981,"Kulynychi",3439,230,"37U","37U2H4S1Q",1,2013-04-28 20:04:52.1600000,2005914,0,300,2026-08-31 04:30:18.7570000,49.981940,36.378330
678145,"Manavalanpaddamurippu",1619,131,"44P","44P2H5S1Q",2,2026-08-31 04:30:28.6430000,0,1200,0,2026-08-31 04:30:28.6430000,9.154600,80.546600
678899,"Udayarsamalankulam",1619,131,"44P","44P2H5S1Q",2,2026-08-31 04:30:34.4130000,0,1200,0,2026-08-31 04:30:34.4130000,9.182800,80.590000
679869,"Aiyamperumal",1619,131,"44P","44P2H5S1Q",2,2026-08-31 04:30:37.7070000,0,1200,0,2026-08-31 04:30:37.7070000,9.208400,80.581900
1918336,"New Washoe City",3570,233,"11S","11S1H1S1Q",3,2026-08-28 20:30:19.4400000,0,0,12044,2026-08-31 04:30:41.0930000,39.296300,-119.775740
679289,"Marakkaramoddai",1619,131,"44P","44P2H5S1Q",2,2026-08-31 04:30:42.8930000,0,1200,0,2026-08-31 04:30:42.8930000,9.189600,80.612100
679301,"Taddamalai",1619,131,"44P","44P2H5S1Q",2,2026-08-31 04:30:48.5370000,0,1200,0,2026-08-31 04:30:48.5370000,9.190700,80.624700
679323,"Tonikallu",1619,131,"44P","44P2H5S1Q",2,2026-08-31 04:30:54.2470000,0,1200,0,2026-08-31 04:30:54.2470000,9.192300,80.621800
680376,"Katkulam",1619,131,"44P","44P2H5S1Q",2,2026-08-31 04:30:58.6430000,0,1200,0,2026-08-31 04:30:58.6430000,9.218600,80.625300
673496,"Putur",1619,131,"44P","44P2H5S1Q",2,2026-08-31 04:31:12.3570000,0,1200,0,2026-08-31 04:31:12.3570000,9.010000,80.471100
60103,"Ampandra Atsimo",1877,143,"38K","38K2H4S2Q",2,2026-08-31 04:31:18.9270000,0,741,0,2026-08-31 04:31:18.9270000,-22.533330,43.916670
59404,"Mahiamaly",1877,143,"38K","38K2H4S2Q",2,2026-08-31 04:31:22.7130000,0,741,0,2026-08-31 04:31:22.7130000,-22.633330,43.983330
59150,"Tongay",1877,143,"38K","38K2H4S2Q",2,2026-08-31 04:31:28.1030000,0,741,0,2026-08-31 04:31:28.1030000,-22.666670,43.950000
59151,"Ambivy",1877,143,"38K","38K2H4S2Q",2,2026-08-31 04:31:31.0000000,0,741,0,2026-08-31 04:31:31.0000000,-22.666670,43.966670
96651,"Ampasika",1878,143,"39K","39K1H1S3Q",2,2026-08-31 04:09:51.8500000,0,1941,0,2026-08-31 04:33:04.2330000,-17.766670,48.133330
96234,"Mahatsinjo",1878,143,"39K","39K1H1S3Q",2,2026-08-31 04:33:08.8600000,0,741,0,2026-08-31 04:33:08.8600000,-17.800000,48.166670
96036,"Ambodiatafana",1878,143,"39K","39K1H1S3Q",2,2026-08-31 04:33:12.7630000,0,741,0,2026-08-31 04:33:12.7630000,-17.816670,48.166670
96035,"Ambohitrinambona",1878,143,"39K","39K1H1S3Q",2,2026-08-31 04:33:15.8100000,0,741,0,2026-08-31 04:33:15.8100000,-17.816670,48.150000
95586,"Antananangata",1878,143,"39K","39K1H1S3Q",2,2026-08-31 04:33:20.4030000,0,741,0,2026-08-31 04:33:20.4030000,-17.850000,48.150000
95587,"Ampanivoany",1878,143,"39K","39K1H1S3Q",2,2026-08-31 04:33:41.0800000,0,741,0,2026-08-31 04:33:41.0800000,-17.850000,48.166670
95824,"Betambako",1878,143,"39K","39K1H1S3Q",2,2026-08-31 04:33:45.2300000,0,741,0,2026-08-31 04:33:45.2300000,-17.833330,48.200000
95588,"Anandrobe",1878,143,"39K","39K1H1S3Q",2,2026-08-31 04:33:49.1730000,0,741,0,2026-08-31 04:33:49.1730000,-17.850000,48.200000
59509,"Lanampolo",1877,143,"38K","38K2H5S1Q",2,2026-08-31 04:34:46.2500000,0,741,0,2026-08-31 04:34:46.2500000,-22.616670,44.016670
1818057,"Palo Alto",3567,233,"10S","10S1H5S2Q",3,2013-06-11 18:50:33.2130000,0,0,1116754,2026-08-31 04:37:24.1200000,37.441880,-122.143020
59628,"Ankomaka Atsimo",1877,143,"38K","38K2H5S1Q",2,2026-08-31 04:37:38.4370000,0,741,0,2026-08-31 04:37:38.4370000,-22.600000,44.033330
1815500,"Ladera",3567,233,"10S","10S1H5S2Q",3,2013-05-23 05:22:00.9930000,0,0,1096342,2026-08-31 04:38:22.6900000,37.399940,-122.198300
1819985,"North Fair Oaks",3567,233,"10S","10S1H5S2Q",3,2013-08-02 23:14:18.1300000,0,0,1946093,2026-08-31 04:38:45.1530000,37.474940,-122.203000
193908,"Ponde",3817,248,"36L","36L1H1S4Q",2,2026-08-31 04:40:06.2130000,0,892,0,2026-08-31 04:40:06.2130000,-9.383330,31.666670
193263,"Tanganyika",3817,248,"36L","36L1H1S4Q",2,2026-08-31 04:40:09.7070000,0,892,0,2026-08-31 04:40:09.7070000,-9.416670,31.583330
193602,"Chindo",3817,248,"36L","36L1H1S4Q",2,2026-08-31 04:40:12.9730000,0,892,0,2026-08-31 04:40:12.9730000,-9.400000,31.550000
193601,"Jim Chindo",3817,248,"36L","36L1H1S4Q",2,2026-08-31 04:40:16.2370000,0,892,0,2026-08-31 04:40:16.2370000,-9.400000,31.516670
820757,"Ban Bang Kaeo",3189,218,"47P","47P1H6S1Q",2,2026-08-31 04:41:14.9730000,0,1077,0,2026-08-31 04:41:14.9730000,13.409000,100.031720
818108,"Ban Khlong Khut Noi",3189,218,"47P","47P1H5S2Q",2,2026-08-31 04:41:25.1900000,0,1200,0,2026-08-31 04:41:25.1900000,13.350000,99.933330
817330,"Ban Khlong Khon",3189,218,"47P","47P1H5S2Q",2,2026-08-31 04:41:37.8000000,0,1200,0,2026-08-31 04:41:37.8000000,13.333330,99.966670
818109,"Ban Khlong Khot",3189,218,"47P","47P1H5S2Q",2,2026-08-31 04:41:54.1800000,0,1200,0,2026-08-31 04:41:54.1800000,13.350000,99.966670
1812391,"Los Trancos Woods",3567,233,"10S","10S1H5S2Q",3,2014-11-21 08:34:14.9500000,0,0,1037410,2026-08-31 04:41:59.9600000,37.349390,-122.199410
819829,"Ban Khlong Klang",3189,218,"47P","47P1H6S1Q",2,2026-08-31 04:42:03.8530000,0,1200,0,2026-08-31 04:42:03.8530000,13.387390,100.010390
819828,"Ban Lat Kapi",3189,218,"47P","47P1H6S1Q",2,2026-08-31 04:42:13.9070000,0,1200,0,2026-08-31 04:42:13.9070000,13.387360,100.015920
2146124,"Thornton",3573,233,"12T","12T2H2S1Q",2,2014-01-28 10:33:10.4170000,0,2213660,4200,2026-08-31 04:42:56.0400000,43.758240,-111.845240
59746,"Ankomaka Avaratra",1877,143,"38K","38K2H5S1Q",2,2026-08-31 04:43:12.0600000,0,741,0,2026-08-31 04:43:12.0600000,-22.583330,44.033330
60104,"Sikily",1877,143,"38K","38K2H5S1Q",2,2026-08-31 04:43:15.8970000,0,741,0,2026-08-31 04:43:15.8970000,-22.533330,44.116670
1682456,"Fremont",3567,233,"11S","11S2H2S1Q",3,2026-03-19 01:12:30.6400000,0,0,3861,2026-08-31 04:43:22.4370000,35.191640,-117.576720
2413691,"Zaykin",3439,230,"37U","37U2H4S1Q",1,2013-04-28 20:02:47.4730000,2008363,0,600,2026-08-31 04:43:24.6130000,49.971110,36.408610
809674,"San Irene",1172,97,"16P","16P1H5S1Q",3,2026-08-31 04:43:27.5030000,0,0,1200,2026-08-31 04:43:27.5030000,13.164170,-87.117780
2413957,"Artamonov",3439,230,"37U","37U2H4S1Q",1,2013-04-29 08:33:44.9930000,1094606,0,299,2026-08-31 04:43:30.1570000,49.981110,36.450000
811856,"Hacienda Apazuru",1172,97,"16P","16P1H5S1Q",3,2026-08-31 04:43:30.8400000,0,0,1200,2026-08-31 04:43:30.8400000,13.215280,-87.135830
2414737,"Brazhniki",3439,230,"37U","37U2H4S1Q",1,2013-04-26 23:30:53.3500000,1061643,0,299,2026-08-31 04:43:34.1800000,49.995000,36.453330
813210,"Las Marias",1172,97,"16P","16P1H5S1Q",3,2026-08-31 04:43:34.4800000,0,0,1200,2026-08-31 04:43:34.4830000,13.245000,-87.125000
2416021,"Frunze",3439,230,"37U","37U2H1S3Q",1,2013-04-26 23:29:29.5200000,1043948,0,300,2026-08-31 04:43:37.7870000,50.019940,36.447970
814816,"San Juan Arriba",1172,97,"16P","16P1H5S1Q",3,2026-08-31 04:43:38.0230000,0,0,1200,2026-08-31 04:43:38.0230000,13.281940,-87.059170
2416145,"Prelesne",3439,230,"37U","37U2H1S3Q",1,2013-05-01 15:03:58.4030000,1046739,0,300,2026-08-31 04:43:42.1170000,50.025720,36.456470
811025,"San Rafael",1172,97,"16P","16P1H5S1Q",3,2026-08-31 04:43:42.1930000,0,0,1200,2026-08-31 04:43:42.1930000,13.194440,-87.097500
808181,"Cantarranas",1172,97,"16P","16P1H5S1Q",3,2026-08-31 04:43:45.8800000,0,0,1200,2026-08-31 04:43:45.8800000,13.126390,-87.063890
2416975,"Kutuzovka",3439,230,"37U","37U2H1S3Q",1,2013-05-01 16:05:37.1870000,1056629,0,300,2026-08-31 04:43:46.1030000,50.044660,36.469680
809354,"El Obraje",1172,97,"16P","16P1H5S1Q",3,2026-08-31 04:43:49.3300000,0,0,1200,2026-08-31 04:43:49.3300000,13.154170,-87.130830
2417001,"Bayrak",3439,230,"37U","37U2H1S3Q",1,2013-05-01 15:01:47.3930000,1119501,0,300,2026-08-31 04:43:50.9170000,50.045760,36.437160
812432,"El Terrero",1172,97,"16P","16P1H5S1Q",3,2026-08-31 04:43:53.2600000,0,0,1200,2026-08-31 04:43:53.2600000,13.227780,-87.121940
2368766,"Maple Beach",3578,233,"10U","10U2H5S1Q",3,2013-04-27 11:29:08.6370000,0,0,4823362,2026-08-31 04:43:54.3500000,49.000660,-123.037420
2379496,"Vancouver",451,38,"10U","10U2H5S1Q",3,2013-01-07 15:33:57.6270000,0,0,16903378,2026-08-31 04:44:02.7700000,49.249660,-123.119340
1826581,"Union City",3567,233,"10S","10S1H5S2Q",3,2013-08-21 14:23:41.1100000,0,0,3137250,2026-08-31 04:44:03.7870000,37.595770,-122.019130
2384697,"North Vancouver",451,38,"10U","10U2H5S1Q",3,2013-04-03 02:11:30.2200000,0,0,9705644,2026-08-31 04:44:08.2000000,49.366360,-123.069340
820158,"Ban Bang Bo",3189,218,"47P","47P1H6S1Q",2,2026-08-31 04:44:12.6300000,0,1200,0,2026-08-31 04:44:12.6300000,13.397990,100.036400
1828320,"Halvern",3567,233,"10S","10S1H5S2Q",3,2013-10-04 04:40:25.2870000,0,0,1139096,2026-08-31 04:44:49.6570000,37.625210,-122.052460
60425,"Soaseranasikily",1877,143,"38K","38K2H5S1Q",2,2026-08-31 04:47:14.8830000,0,741,0,2026-08-31 04:47:14.8830000,-22.483330,44.116670
60426,"Mandabe",1877,143,"38K","38K2H5S1Q",2,2026-08-31 04:47:23.3630000,0,741,0,2026-08-31 04:47:23.3630000,-22.483330,44.150000
2492577,"Caversham",979,77,"30U","30U2H3S2Q",3,2024-08-12 10:56:16.3200000,0,300,1155,2026-08-31 04:47:58.0300000,51.466670,-0.966670
2500359,"Hatford",979,77,"30U","30U2H3S1Q",2,2026-08-31 04:48:24.7200000,0,1200,0,2026-08-31 04:48:24.7200000,51.633330,-1.500000
2501947,"Buckland",979,77,"30U","30U2H3S1Q",2,2026-08-31 04:48:38.7700000,0,1200,0,2026-08-31 04:48:38.7700000,51.666670,-1.500000
2501946,"Littleworth",979,77,"30U","30U2H3S1Q",2,2026-08-31 04:48:44.8500000,0,1200,0,2026-08-31 04:48:44.8500000,51.666670,-1.550000
2502743,"Radcot",979,77,"30U","30U2H3S1Q",2,2026-08-31 04:48:55.0530000,0,1200,0,2026-08-31 04:48:55.0530000,51.683330,-1.583330
1918499,"Cornelius",3555,233,"16S","16S1H2S2Q",2,2013-12-03 22:53:04.3800000,0,5900199,0,2026-08-31 04:50:22.6500000,39.299770,-86.298050
1779839,"Buffalo",3546,233,"14S","14S1H5S3Q",1,2026-08-31 04:52:51.7730000,1011,0,0,2026-08-31 04:52:51.7730000,36.835590,-99.630400
1729253,"Ripley",3546,233,"14S","14S1H6S4Q",1,2026-08-31 04:53:20.5830000,977,0,0,2026-08-31 04:53:20.5830000,36.017840,-96.905580
1553049,"Rockhill",3549,233,"14S","14S2H6S2Q",1,2026-08-27 15:03:02.9030000,2904,0,0,2026-08-31 04:54:01.3600000,33.204010,-96.802500
1554893,"Prosper",3549,233,"14S","14S2H6S2Q",1,2026-08-27 15:03:14.2530000,6996,0,0,2026-08-31 04:54:28.2430000,33.236230,-96.801110
194145,"Chambanenge",3817,248,"36L","36L1H1S4Q",2,2026-08-31 04:55:08.7170000,0,891,0,2026-08-31 04:55:08.7170000,-9.366670,31.566670
195011,"Chindo",3817,248,"36L","36L1H1S4Q",2,2026-08-31 04:55:11.7200000,0,891,0,2026-08-31 04:55:11.7200000,-9.300000,31.533330
194772,"Satoka",3817,248,"36L","36L1H1S4Q",2,2026-08-31 04:55:14.7900000,0,891,0,2026-08-31 04:55:14.7900000,-9.316670,31.583330
195013,"Kalesu",3817,248,"36L","36L1H1S4Q",2,2026-08-31 04:55:17.6630000,0,891,0,2026-08-31 04:55:17.6630000,-9.300000,31.583330
195250,"Semu",3817,248,"36L","36L1H1S4Q",2,2026-08-31 04:55:21.1130000,0,891,0,2026-08-31 04:55:21.1130000,-9.283330,31.566670
195714,"Mwanakatwe",3817,248,"36L","36L1H1S4Q",2,2026-08-31 04:55:24.0230000,0,891,0,2026-08-31 04:55:24.0230000,-9.250000,31.566670
89792,"Ihasikely",1882,143,"38K","38K1H6S2Q",2,2026-08-31 04:56:20.8270000,0,1200,0,2026-08-31 04:56:20.8270000,-18.633330,47.050000
89791,"Antamboho",1882,143,"38K","38K1H6S2Q",2,2026-08-31 04:56:34.4230000,0,1200,0,2026-08-31 04:56:34.4230000,-18.633330,47.033330
90007,"Antsira",1882,143,"38K","38K1H6S2Q",2,2026-08-31 04:56:41.5730000,0,1200,0,2026-08-31 04:56:41.5730000,-18.600000,47.033330
90004,"Miakotso",1882,143,"38K","38K1H6S1Q",2,2026-08-31 04:57:52.0400000,0,1200,0,2026-08-31 04:57:52.0400000,-18.600000,46.950000
90454,"Andonhavary",1882,143,"38K","38K1H6S1Q",2,2026-08-31 04:57:57.4200000,0,1200,0,2026-08-31 04:57:57.4200000,-18.533330,46.933330
92321,"Ambohibary",1882,143,"38K","38K1H6S1Q",2,2026-08-31 04:58:06.3570000,0,1200,0,2026-08-31 04:58:06.3570000,-18.233330,46.900000
94030,"Manamidoa",1882,143,"38K","38K1H6S1Q",2,2026-08-31 04:58:19.8300000,0,1200,0,2026-08-31 04:58:19.8300000,-18.016670,46.883330
92432,"Fiadanana",1882,143,"38K","38K1H6S1Q",2,2026-08-31 04:58:27.3870000,0,1200,0,2026-08-31 04:58:27.3870000,-18.216670,46.883330
1743048,"Ain Soltane",816,62,"31S","31S1H5S3Q",3,2026-08-31 04:58:46.7130000,0,0,906,2026-08-31 04:58:46.7130000,36.248890,2.296670
1742024,"Ain Chaiba",816,62,"31S","31S1H5S3Q",3,2026-08-31 04:58:57.7000000,0,0,906,2026-08-31 04:58:57.7000000,36.231050,2.325450
909189,"Pale",1293,105,"43P","43P1H1S2Q",2,2026-08-31 04:59:32.0900000,0,1150,0,2026-08-31 04:59:32.0900000,15.350000,73.866670
910547,"Marmagao",1293,105,"43P","43P1H1S2Q",2,2026-08-31 04:59:42.5470000,0,1150,0,2026-08-31 04:59:42.5470000,15.400000,73.800000
911955,"Orxel",1293,105,"43P","43P1H1S2Q",2,2026-08-31 04:59:51.0500000,0,1150,0,2026-08-31 04:59:51.0500000,15.450000,73.816670
1968160,"Kettenpom",3567,233,"10T","10T2H5S3Q",2,2026-08-31 05:00:05.5700000,0,838,0,2026-08-31 05:00:05.5700000,40.157370,-123.460860
819797,"Ban Pak Map",3189,218,"47P","47P1H6S1Q",2,2026-08-31 05:00:33.5600000,0,1698,0,2026-08-31 05:00:33.5600000,13.386360,100.032580
819348,"Ban Phraek Luek",3189,218,"47P","47P1H6S1Q",2,2026-08-31 05:00:45.5500000,0,1200,0,2026-08-31 05:00:45.5500000,13.380110,100.021440
818886,"Ban Khlong Dan",3189,218,"47P","47P1H5S2Q",2,2026-08-31 05:00:54.0900000,0,1200,0,2026-08-31 05:00:54.0900000,13.366670,99.983330
816579,"Ban Khlong Chong",3189,218,"47P","47P1H5S2Q",2,2026-08-31 05:01:10.6870000,0,1200,0,2026-08-31 05:01:10.6900000,13.316670,99.950000
814258,"Ban Khlong Kao",3167,218,"47P","47P1H5S2Q",2,2026-08-31 05:01:21.1870000,0,1200,0,2026-08-31 05:01:21.1870000,13.266670,99.933330
810641,"Ban Pak Khlong",3167,218,"47P","47P1H5S2Q",2,2026-08-31 05:01:30.4870000,0,1200,0,2026-08-31 05:01:30.4870000,13.183330,99.950000
811344,"Ban Bang Khrok",3167,218,"47P","47P1H5S2Q",2,2026-08-31 05:01:39.1400000,0,1200,0,2026-08-31 05:01:39.1400000,13.200000,99.950000
2697996,"Kirkton of Tealing",977,77,"30V","30V2H5S4Q",3,2025-07-08 05:40:50.6500000,0,0,206060,2026-08-31 05:04:33.9100000,56.533330,-2.966670
2417078,"Bobrivka",3439,230,"37U","37U2H1S3Q",1,2013-04-26 22:10:21.2400000,1995372,0,299,2026-08-31 05:05:09.3300000,50.049430,36.395280
2416990,"Pivnichna Saltivka",3439,230,"37U","37U2H1S3Q",1,2015-08-27 11:38:04.7600000,2052810,0,1500,2026-08-31 05:05:18.0270000,50.045120,36.359050
2416943,"Velika Danilovka",3439,230,"37U","37U2H1S3Q",1,2013-04-28 13:36:07.9730000,2043037,0,600,2026-08-31 05:05:26.3770000,50.043190,36.335030
2303284,"Sunset Hill",3578,233,"10T","10T1H2S2Q",2,2023-06-17 00:33:05.6170000,0,3077679,0,2026-08-31 05:05:35.2070000,47.675650,-122.398460
1527388,"Cockrell Hill",3549,233,"14S","14S2H6S4Q",3,2023-11-13 02:13:47.5970000,0,0,4450761,2026-08-31 05:05:46.3500000,32.736240,-96.886950
2517988,"Lutte",707,57,"32U","32U1H5S3Q",3,2026-08-31 05:06:59.1700000,0,0,1044,2026-08-31 05:06:59.1700000,52.010400,8.973260
2519345,"Hasenbrede",707,57,"32U","32U1H5S3Q",3,2026-08-31 05:07:03.9770000,0,0,1107,2026-08-31 05:07:03.9770000,52.036230,8.945450
2519003,"Neuenkamp",707,57,"32U","32U1H5S3Q",3,2026-08-31 05:07:07.8170000,0,0,1084,2026-08-31 05:07:07.8170000,52.033330,8.983330
2519614,"Schwelentrup",707,57,"32U","32U1H5S4Q",3,2026-08-31 05:07:11.5530000,0,0,1044,2026-08-31 05:07:11.5530000,52.046900,9.020980
2519557,"Gottentrup",707,57,"32U","32U1H5S4Q",3,2026-08-31 05:07:19.0200000,0,0,1044,2026-08-31 05:07:19.0200000,52.044890,9.014800
808923,"El Barrial",1172,97,"16P","16P1H5S1Q",3,2026-08-31 05:07:22.3270000,0,0,1200,2026-08-31 05:07:22.3270000,13.145560,-87.071390
810036,"Hacienda Santa Cruz",1172,97,"16P","16P1H5S1Q",3,2026-08-31 05:07:26.9870000,0,0,1200,2026-08-31 05:07:26.9870000,13.168330,-87.145830
810848,"Hacienda El Cortijo",1172,97,"16P","16P1H5S1Q",3,2026-08-31 05:07:33.3730000,0,0,1200,2026-08-31 05:07:33.3730000,13.188890,-87.206670
811162,"Hacienda Las Playas",1172,97,"16P","16P1H5S1Q",3,2026-08-31 05:07:37.4400000,0,0,1200,2026-08-31 05:07:37.4400000,13.198890,-87.256670
810252,"El Cebollal",1172,97,"16P","16P1H5S1Q",3,2026-08-31 05:07:40.3900000,0,0,1200,2026-08-31 05:07:40.3900000,13.176110,-87.295830
812183,"El Guayabo",1172,97,"16P","16P1H5S1Q",3,2026-08-31 05:07:44.1470000,0,0,1200,2026-08-31 05:07:44.1470000,13.219720,-87.279440
812476,"La Estacion",1172,97,"16P","16P1H5S1Q",3,2026-08-31 05:07:48.6570000,0,0,1200,2026-08-31 05:07:48.6570000,13.229170,-87.274720
814095,"El Carretal",1172,97,"16P","16P1H5S1Q",3,2026-08-31 05:07:51.9570000,0,0,1200,2026-08-31 05:07:51.9570000,13.266670,-87.283330
2365517,"La Courneuve",955,75,"31U","31U2H5S3Q",3,2023-06-05 04:18:57.5670000,0,3871,998322,2026-08-31 05:09:15.3130000,48.928050,2.396270
1613361,"Woodland Hills",3567,233,"11S","11S2H1S4Q",1,2026-08-29 14:08:41.3370000,1980,0,0,2026-08-31 05:09:52.7000000,34.168340,-118.605920
1615514,"Canoga Park",3567,233,"11S","11S2H1S4Q",1,2026-08-30 22:19:52.8470000,2830,0,0,2026-08-31 05:09:58.0100000,34.201120,-118.598140
408383,"Costa do Trocaris",383,31,"20M","20M1H5S4Q",2,2026-08-31 05:10:07.8370000,0,1200,0,2026-08-31 05:10:07.8370000,-3.900280,-62.863610
407893,"Vila Dias",383,31,"20M","20M1H5S4Q",2,2026-08-31 05:10:12.9670000,0,1200,0,2026-08-31 05:10:12.9670000,-3.931670,-62.806940
195919,"Kalenje",3817,248,"36L","36L1H1S4Q",2,2026-08-31 05:10:16.7330000,0,432,0,2026-08-31 05:10:16.7330000,-9.233330,31.550000
408331,"Ajura",383,31,"20M","20M1H5S4Q",2,2026-08-31 05:10:18.4470000,0,1200,0,2026-08-31 05:10:18.4470000,-3.904440,-62.732220
196283,"David Chipowe",3817,248,"36L","36L1H1S4Q",2,2026-08-31 05:10:22.4300000,0,891,0,2026-08-31 05:10:22.4300000,-9.200000,31.533330
196952,"Tuseko",3817,248,"36L","36L1H1S4Q",2,2026-08-31 05:10:26.1600000,0,891,0,2026-08-31 05:10:26.1600000,-9.150000,31.500000
408675,"Trocari",383,31,"20M","20M1H5S4Q",2,2026-08-31 05:10:26.2100000,0,1200,0,2026-08-31 05:10:26.2100000,-3.883330,-62.850000
196953,"Lusale Mengo",3817,248,"36L","36L1H1S4Q",2,2026-08-31 05:10:29.0500000,0,891,0,2026-08-31 05:10:29.0500000,-9.150000,31.516670
405326,"Acutuba",383,31,"20M","20M2H2S2Q",2,2026-08-31 05:10:43.8000000,0,1200,0,2026-08-31 05:10:43.8000000,-4.073890,-62.445830
2778397,"Jarvekula",856,64,"35V","35V2H1S1Q",2,2026-08-31 05:12:33.6430000,0,2305,0,2026-08-31 05:12:36.1330000,59.376670,24.792780
1912398,"Gnaw Bone",3555,233,"16S","16S1H2S2Q",2,2013-10-24 16:31:28.7170000,0,2200516,0,2026-08-31 05:12:51.7400000,39.190880,-86.155550
2778764,"Peetri",856,64,"35V","35V2H1S1Q",2,2026-08-31 05:12:48.5970000,0,4639,0,2026-08-31 05:12:58.3470000,59.394170,24.813330
2601177,"Excelsior",450,38,"12U","12U1H4S1Q",2,2020-06-19 23:29:43.4600000,0,114079,0,2026-08-31 05:14:39.3370000,53.783440,-113.502020
2598451,"Namao",450,38,"12U","12U1H4S1Q",2,2020-06-19 23:30:03.7730000,0,137266,0,2026-08-31 05:14:48.1770000,53.716840,-113.485320
2506999,"Sergiyevka",2654,192,"37U","37U2H3S2Q",1,2026-08-31 05:17:02.0970000,1200,0,0,2026-08-31 05:17:02.0970000,51.772500,41.086390
2507007,"Yeremino",2657,192,"39U","39U2H1S2Q",1,2026-08-31 05:17:05.4200000,1200,0,0,2026-08-31 05:17:05.4200000,51.772850,49.662470
2507016,"Blagodat'",2677,192,"37U","37U2H2S1Q",1,2026-08-31 05:17:08.3400000,1200,0,0,2026-08-31 05:17:08.3400000,51.773100,38.187470
2507022,"Krasnaya Dolina",2677,192,"37U","37U2H1S2Q",1,2026-08-31 05:17:17.4600000,1200,0,0,2026-08-31 05:17:17.4600000,51.773590,37.688450
2507023,"Mikhaylovka",2646,192,"37U","37U2H3S1Q",1,2026-08-31 05:17:18.6370000,1200,0,0,2026-08-31 05:17:18.6370000,51.773610,40.770280
2507030,"Kastornaya Novaya",2677,192,"37U","37U2H2S1Q",1,2026-08-31 05:17:24.5600000,1200,0,0,2026-08-31 05:17:24.5600000,51.773890,38.164720
2507045,"Malaya Maralikha",2715,192,"44U","44U2H3S2Q",1,2026-08-31 05:17:28.0300000,1200,0,0,2026-08-31 05:17:28.0300000,51.774500,83.600200
2507068,"Nikol'skiy",2646,192,"37U","37U2H3S1Q",1,2026-08-31 05:17:31.6270000,1200,0,0,2026-08-31 05:17:31.6270000,51.775280,40.844440
61106,"Ampilobe",1877,143,"38K","38K2H5S1Q",2,2026-08-31 05:20:10.0530000,0,741,0,2026-08-31 05:20:10.0530000,-22.383330,44.066670
61319,"Ampilokely",1877,143,"38K","38K2H5S1Q",2,2026-08-31 05:20:13.4330000,0,741,0,2026-08-31 05:20:13.4330000,-22.350000,44.050000
61436,"Ambondrolava Atsimo",1877,143,"38K","38K2H5S1Q",2,2026-08-31 05:20:17.6330000,0,741,0,2026-08-31 05:20:17.6330000,-22.333330,44.016670
61665,"Ambondrolava Avaratra",1877,143,"38K","38K2H5S1Q",2,2026-08-31 05:20:18.6930000,0,741,0,2026-08-31 05:20:18.6930000,-22.300000,44.000000
61666,"Antanimainty",1877,143,"38K","38K2H5S1Q",2,2026-08-31 05:20:22.1870000,0,741,0,2026-08-31 05:20:22.1870000,-22.300000,44.083330
61771,"Reamilitsy",1877,143,"38K","38K2H5S1Q",2,2026-08-31 05:20:25.4330000,0,741,0,2026-08-31 05:20:25.4330000,-22.283330,44.083330
61985,"Maramiandro",1877,143,"38K","38K2H5S1Q",2,2026-08-31 05:20:28.9200000,0,741,0,2026-08-31 05:20:28.9200000,-22.250000,44.100000
2446499,"Les Pietresses",255,20,"31U","31U2H3S4Q",1,2023-09-12 10:41:41.8600000,96688,2415,0,2026-08-31 05:20:51.1300000,50.641270,5.652610
95378,"Fiadanana",1878,143,"39K","39K1H1S3Q",2,2026-08-31 05:20:55.8470000,0,741,0,2026-08-31 05:20:55.8470000,-17.866670,48.216670
95825,"Bejofo",1878,143,"39K","39K1H1S3Q",2,2026-08-31 05:21:01.9900000,0,741,0,2026-08-31 05:21:01.9900000,-17.833330,48.233330
96235,"Tsarasokitra",1878,143,"39K","39K1H1S3Q",2,2026-08-31 05:21:05.4630000,0,741,0,2026-08-31 05:21:05.4630000,-17.800000,48.283330
97197,"Mahakary",1878,143,"39K","39K1H1S3Q",2,2026-08-31 05:21:08.2830000,0,741,0,2026-08-31 05:21:08.2830000,-17.716670,48.266670
61320,"Tamotamo",1877,143,"38K","38K2H5S1Q",2,2026-08-31 05:21:09.2530000,0,741,0,2026-08-31 05:21:09.2530000,-22.350000,44.166670
97504,"Ambatomainty",1878,143,"39K","39K1H1S3Q",2,2026-08-31 05:21:12.4000000,0,741,0,2026-08-31 05:21:12.4000000,-17.683330,48.216670
97503,"Ambodifarihy",1878,143,"39K","39K1H1S3Q",2,2026-08-31 05:21:17.6770000,0,741,0,2026-08-31 05:21:17.6770000,-17.683330,48.200000
97502,"Andranombainga",1878,143,"39K","39K1H1S3Q",2,2026-08-31 05:21:19.0470000,0,741,0,2026-08-31 05:21:19.0470000,-17.683330,48.150000
97346,"Marivolanitra",1878,143,"39K","39K1H1S3Q",2,2026-08-31 05:21:22.4570000,0,741,0,2026-08-31 05:21:22.4570000,-17.700000,48.116670
408291,"Tapiira",383,31,"20M","20M1H5S4Q",2,2026-08-31 05:22:18.1100000,0,1200,0,2026-08-31 05:22:18.1100000,-3.906940,-62.558890
409430,"Costa da Salvacao",383,31,"20M","20M1H5S4Q",2,2026-08-31 05:22:23.2270000,0,1200,0,2026-08-31 05:22:23.2270000,-3.843610,-62.530560
408258,"Camarazinho",383,31,"20M","20M1H5S4Q",2,2026-08-31 05:22:35.2930000,0,1200,0,2026-08-31 05:22:35.2930000,-3.910000,-62.691110
406966,"Inoa",383,31,"20M","20M1H5S4Q",2,2026-08-31 05:22:45.0430000,0,1200,0,2026-08-31 05:22:45.0430000,-3.981670,-62.837220
406783,"Sao Francisco",383,31,"20M","20M1H5S4Q",2,2026-08-31 05:23:08.0300000,0,1200,0,2026-08-31 05:23:08.0300000,-3.987220,-62.977500
412857,"Vila Rica",383,31,"20M","20M1H6S3Q",2,2026-08-31 05:23:34.0300000,0,1200,0,2026-08-31 05:23:34.0300000,-3.666670,-61.083330
415106,"Casa do Rodrigues",383,31,"20M","20M1H6S4Q",2,2026-08-31 05:23:39.7100000,0,1200,0,2026-08-31 05:23:39.7100000,-3.550000,-60.883330
811383,"Ban Laem",3167,218,"47P","47P1H5S2Q",2,2026-08-31 05:23:44.6470000,0,1200,0,2026-08-31 05:23:44.6470000,13.200360,99.980080
810718,"Ban Thung Thammarak",3167,218,"47P","47P1H6S1Q",2,2026-08-31 05:23:58.4500000,0,1200,0,2026-08-31 05:23:58.4500000,13.184000,100.001250
810449,"Ban Khlong Chak",3167,218,"47P","47P1H6S1Q",2,2026-08-31 05:24:07.7370000,0,1200,0,2026-08-31 05:24:07.7370000,13.182190,100.003080
810275,"Ban Khaek",3167,218,"47P","47P1H6S1Q",2,2026-08-31 05:24:17.8170000,0,1200,0,2026-08-31 05:24:17.8200000,13.176720,100.010440
810386,"Ban Samakkhi",3167,218,"47P","47P1H6S1Q",2,2026-08-31 05:24:31.4270000,0,1200,0,2026-08-31 05:24:31.4270000,13.180310,100.021530
810191,"Ban Hua Khot",3167,218,"47P","47P1H6S1Q",2,2026-08-31 05:24:41.2200000,0,1200,0,2026-08-31 05:24:41.2200000,13.173940,100.030720
809928,"Ban Bang In",3167,218,"47P","47P1H6S1Q",2,2026-08-31 05:24:49.5900000,0,1200,0,2026-08-31 05:24:49.5900000,13.166670,100.042690
809375,"Ban Pak Thale",3167,218,"47P","47P1H6S1Q",2,2026-08-31 05:24:59.4400000,0,1200,0,2026-08-31 05:24:59.4400000,13.154830,100.057390
196726,"Mengo",3817,248,"36L","36L1H1S4Q",2,2026-08-31 05:10:22.9500000,0,2091,0,2026-08-31 05:25:22.1900000,-9.166670,31.516670
197210,"Chanona",3817,248,"36L","36L1H1S4Q",2,2026-08-31 05:25:29.8630000,0,891,0,2026-08-31 05:25:29.8630000,-9.133330,31.550000
820958,"Samut Songkhram",3189,218,"47P","47P1H6S1Q",1,2013-08-20 09:56:15.8370000,2445248,600,0,2026-08-31 05:25:32.3900000,13.414560,100.002640
196081,"Lembalemba",3817,248,"36L","36L1H1S4Q",2,2026-08-31 05:25:32.3930000,0,891,0,2026-08-31 05:25:32.3930000,-9.216670,31.583330
195251,"Dominiko",3817,248,"36L","36L1H1S4Q",2,2026-08-31 05:25:42.2930000,0,741,0,2026-08-31 05:25:42.2970000,-9.283330,31.650000
195252,"Chilinde",3817,248,"36L","36L1H1S4Q",2,2026-08-31 05:25:46.2900000,0,741,0,2026-08-31 05:25:46.2900000,-9.283330,31.683330
61107,"Ampopoho",1877,143,"38K","38K2H5S1Q",2,2026-08-31 05:28:22.3300000,0,741,0,2026-08-31 05:28:22.3300000,-22.383330,44.200000
60887,"Ankilivalo",1877,143,"38K","38K2H5S1Q",2,2026-08-31 05:28:25.9000000,0,741,0,2026-08-31 05:28:25.9000000,-22.416670,44.166670
60888,"Ambatolahy-Soaserana",1877,143,"38K","38K2H5S1Q",2,2026-08-31 05:28:31.9130000,0,741,0,2026-08-31 05:28:31.9130000,-22.416670,44.183330
49337,"Befotaka",1877,143,"38K","38K2H5S3Q",2,2026-08-31 05:28:39.1430000,0,1200,0,2026-08-31 05:28:39.1430000,-23.783330,44.733330
49336,"Besakoa",1877,143,"38K","38K2H5S3Q",2,2026-08-31 05:28:42.3870000,0,1200,0,2026-08-31 05:28:42.3870000,-23.783330,44.716670
49197,"Antamotamo",1877,143,"38K","38K2H5S3Q",2,2026-08-31 05:28:45.4030000,0,1200,0,2026-08-31 05:28:45.4030000,-23.800000,44.700000
49066,"Rehatsaka",1877,143,"38K","38K2H5S3Q",2,2026-08-31 05:28:48.7270000,0,1200,0,2026-08-31 05:28:48.7270000,-23.816670,44.716670
48813,"Beaniky",1877,143,"38K","38K2H5S3Q",2,2026-08-31 05:28:51.7000000,0,1200,0,2026-08-31 05:28:51.7000000,-23.850000,44.700000
48687,"Bemanda",1877,143,"38K","38K2H5S3Q",2,2026-08-31 05:28:56.4070000,0,1200,0,2026-08-31 05:28:56.4070000,-23.866670,44.700000
48531,"Behora",1877,143,"38K","38K2H5S3Q",2,2026-08-31 05:29:02.0370000,0,1200,0,2026-08-31 05:29:02.0370000,-23.883330,44.683330
2507071,"Rakovo",2677,192,"37U","37U2H1S2Q",1,2026-08-31 05:29:11.2570000,1200,0,0,2026-08-31 05:29:11.2570000,51.775560,37.493060
2416007,"Saltivka",3439,230,"37U","37U2H1S3Q",1,2015-08-26 22:22:19.1400000,2031021,0,1500,2026-08-31 05:31:00.9170000,50.019490,36.341270
2415216,"Imennyy Kirova",3439,230,"37U","37U2H1S3Q",1,2013-04-23 07:06:43.5100000,1995424,0,300,2026-08-31 05:31:05.4200000,50.003130,36.320360
817559,"La Redonda",1172,97,"16P","16P1H5S1Q",3,2026-08-31 05:31:23.7770000,0,0,1200,2026-08-31 05:31:23.7770000,13.339170,-87.208890
817817,"Calero",1172,97,"16P","16P1H5S1Q",3,2026-08-31 05:31:27.1970000,0,0,1200,2026-08-31 05:31:27.1970000,13.346670,-87.230830
818599,"El Socio",1172,97,"16P","16P1H5S1Q",3,2026-08-31 05:31:30.7800000,0,0,1200,2026-08-31 05:31:30.7800000,13.364720,-87.242220
819231,"El Zapote",1172,97,"16P","16P1H5S1Q",3,2026-08-31 05:31:36.7400000,0,0,1200,2026-08-31 05:31:36.7400000,13.376390,-87.220000
815232,"San Pablo",1172,97,"16P","16P1H5S1Q",3,2026-08-31 05:31:42.3000000,0,0,1200,2026-08-31 05:31:42.3000000,13.288060,-87.250830
812969,"Las Pinuelas",1172,97,"16P","16P1H5S1Q",3,2026-08-31 05:31:51.3370000,0,0,1200,2026-08-31 05:31:51.3370000,13.237220,-87.298060
813582,"Los Lavaderos",1172,97,"16P","16P1H5S1Q",3,2026-08-31 05:32:00.8530000,0,0,1200,2026-08-31 05:32:00.8530000,13.250830,-87.353610
860590,"Ban Khlong Si",3203,218,"47P","47P1H3S3Q",2,2026-08-31 05:32:40.4700000,0,5479,0,2026-08-31 05:32:50.8770000,14.116670,100.683330
2657937,"Solnechnyy",2712,192,"45U","45U1H2S1Q",1,2026-08-31 05:32:35.7870000,4553,0,0,2026-08-31 05:33:11.0670000,55.350000,86.066670
2776998,"Juuliku",856,64,"35V","35V2H1S1Q",2,2026-08-31 05:33:42.9800000,0,3447,0,2026-08-31 05:33:47.7570000,59.309440,24.616670
2569389,"Onecote",979,77,"30U","30U1H6S1Q",2,2024-10-08 09:42:30.5300000,0,959519,32931,2026-08-31 05:33:48.8000000,53.083330,-1.933330
2777241,"Jalgimae",856,64,"35V","35V2H1S1Q",2,2026-08-31 05:33:50.9700000,0,2241,0,2026-08-31 05:33:54.5030000,59.319170,24.601670
2777942,"Laagri",856,64,"35V","35V2H1S1Q",2,2026-08-31 05:34:04.7830000,0,3467,0,2026-08-31 05:34:14.6670000,59.350830,24.614180
97651,"Ampanomaro",1878,143,"39K","39K1H1S3Q",2,2026-08-31 05:36:25.1230000,0,741,0,2026-08-31 05:36:25.1230000,-17.666670,48.150000
98137,"Ampasika",1878,143,"39K","39K1H1S3Q",2,2026-08-31 05:36:27.8030000,0,741,0,2026-08-31 05:36:27.8030000,-17.616670,48.166670
98138,"Ambohibary",1878,143,"39K","39K1H1S3Q",2,2026-08-31 05:36:31.5170000,0,741,0,2026-08-31 05:36:31.5170000,-17.616670,48.183330
97970,"Ambohimandroso",1878,143,"39K","39K1H1S3Q",2,2026-08-31 05:36:34.4000000,0,741,0,2026-08-31 05:36:34.4000000,-17.633330,48.200000
97813,"Ambongalava",1878,143,"39K","39K1H1S3Q",2,2026-08-31 05:36:37.9870000,0,741,0,2026-08-31 05:36:37.9870000,-17.650000,48.200000
97652,"Ampasikely",1878,143,"39K","39K1H1S3Q",2,2026-08-31 05:36:44.7970000,0,741,0,2026-08-31 05:36:44.7970000,-17.666670,48.200000
97653,"Ambongalava",1878,143,"39K","39K1H1S3Q",2,2026-08-31 05:36:44.9030000,0,741,0,2026-08-31 05:36:44.9030000,-17.666670,48.216670
2507080,"Matveyevka",2646,192,"37U","37U2H3S1Q",1,2026-08-31 05:36:47.0800000,1200,0,0,2026-08-31 05:36:47.0800000,51.775830,40.096670
2507091,"Dobryy Put'",2646,192,"37U","37U2H3S1Q",1,2026-08-31 05:36:57.0300000,1200,0,0,2026-08-31 05:36:57.0300000,51.776390,40.204170
2507101,"Savushkin",2657,192,"39U","39U2H1S2Q",1,2026-08-31 05:37:00.7230000,1200,0,0,2026-08-31 05:37:00.7230000,51.776600,49.040620
2507110,"Venevitinov",2646,192,"37U","37U2H3S1Q",1,2026-08-31 05:37:04.5770000,1200,0,0,2026-08-31 05:37:04.5770000,51.776670,40.411670
2507128,"Mansurovo",2677,192,"37U","37U2H1S2Q",1,2026-08-31 05:37:08.1730000,1200,0,0,2026-08-31 05:37:08.1730000,51.777760,37.437440
88257,"Ambohimirahavavy",1882,143,"38K","38K1H6S1Q",2,2026-08-31 05:38:18.8770000,0,741,0,2026-08-31 05:38:18.8770000,-18.866670,46.033330
88359,"Antsevakely",1882,143,"38K","38K1H6S1Q",2,2026-08-31 05:38:22.9270000,0,741,0,2026-08-31 05:38:22.9270000,-18.850000,46.016670
88685,"Antonindriana",1882,143,"38K","38K1H6S1Q",2,2026-08-31 05:38:40.5630000,0,741,0,2026-08-31 05:38:40.5630000,-18.800000,46.033330
88687,"Mahatsinjo Avaratra",1882,143,"38K","38K1H6S1Q",2,2026-08-31 05:38:45.7130000,0,741,0,2026-08-31 05:38:45.7130000,-18.800000,46.066670
88474,"Andranomadio",1882,143,"38K","38K1H6S1Q",2,2026-08-31 05:38:48.4830000,0,741,0,2026-08-31 05:38:48.4830000,-18.833330,46.066670
88686,"Ambohimahiratra",1882,143,"38K","38K1H6S1Q",2,2026-08-31 05:39:02.3570000,0,741,0,2026-08-31 05:39:02.3570000,-18.800000,46.050000
88788,"Ankaditapaka",1882,143,"38K","38K1H6S1Q",2,2026-08-31 05:39:04.7830000,0,741,0,2026-08-31 05:39:04.7830000,-18.783330,46.033330
88901,"Tsiroanomandidy",1882,143,"38K","38K1H6S1Q",2,2026-08-31 05:39:08.7700000,0,741,0,2026-08-31 05:39:08.7700000,-18.766670,46.033330
48812,"Vohidroa",1877,143,"38K","38K2H5S3Q",2,2026-08-31 05:39:43.0900000,0,1200,0,2026-08-31 05:39:43.0900000,-23.850000,44.666670
49065,"Mitsinjo",1877,143,"38K","38K2H5S3Q",2,2026-08-31 05:39:46.8400000,0,1200,0,2026-08-31 05:39:46.8400000,-23.816670,44.650000
2220834,"Velo Veronese",1366,110,"32T","32T1H6S2Q",2,2026-08-31 05:39:49.8600000,0,1154,0,2026-08-31 05:39:49.8600000,45.606690,11.095190
49335,"Anaramalinika",1877,143,"38K","38K2H5S3Q",2,2026-08-31 05:39:49.8870000,0,1200,0,2026-08-31 05:39:49.8870000,-23.783330,44.650000
2220084,"Carcereri",1366,110,"32T","32T1H6S2Q",2,2026-08-31 05:39:56.5430000,0,1150,0,2026-08-31 05:39:56.5430000,45.583330,11.033330
49781,"Antsakadresy",1877,143,"38K","38K2H5S3Q",2,2026-08-31 05:39:56.5730000,0,1200,0,2026-08-31 05:39:56.5730000,-23.733330,44.666670
49780,"Antantangy",1877,143,"38K","38K2H5S3Q",2,2026-08-31 05:39:58.7230000,0,1200,0,2026-08-31 05:39:58.7230000,-23.733330,44.650000
49930,"Betala",1877,143,"38K","38K2H5S3Q",2,2026-08-31 05:40:02.6700000,0,1200,0,2026-08-31 05:40:02.6700000,-23.716670,44.700000
2220082,"Mandrago",1366,110,"32T","32T1H6S1Q",2,2026-08-31 05:40:04.7500000,0,1089,0,2026-08-31 05:40:04.7500000,45.583330,10.933330
2507133,"Ploskoye",2677,192,"37U","37U2H2S1Q",1,2026-08-31 05:40:15.2800000,1200,0,0,2026-08-31 05:40:15.2800000,51.778060,38.367510
2507158,"Chiganak",2657,192,"38U","38U2H1S2Q",1,2026-08-31 05:40:19.4870000,1200,0,0,2026-08-31 05:40:19.4870000,51.779200,43.320300
2507163,"Vladimirovka",2646,192,"37U","37U2H3S1Q",1,2026-08-31 05:40:23.6170000,1200,0,0,2026-08-31 05:40:23.6170000,51.779440,40.741670
2507173,"Gornyy Yerik",2665,192,"40U","40U2H3S1Q",1,2026-08-31 05:40:26.8970000,1200,0,0,2026-08-31 05:40:26.8970000,51.780000,58.830000
195480,"Mbalamwezi",3817,248,"36L","36L1H1S4Q",2,2026-08-31 05:40:28.2300000,0,741,0,2026-08-31 05:40:28.2300000,-9.266670,31.700000
2507182,"Krasnoarmeyets",2657,192,"38U","38U2H3S2Q",1,2026-08-31 05:40:37.6330000,1200,0,0,2026-08-31 05:40:37.6330000,51.780700,47.413700
195715,"Matandiko",3817,248,"36L","36L1H1S4Q",2,2026-08-31 05:40:37.6970000,0,741,0,2026-08-31 05:40:37.6970000,-9.250000,31.683330
195920,"Daniel",3817,248,"36L","36L1H1S4Q",2,2026-08-31 05:40:37.8270000,0,741,0,2026-08-31 05:40:37.8270000,-9.233330,31.683330
196284,"Musimbwe",3817,248,"36L","36L1H1S4Q",2,2026-08-31 05:40:38.1470000,0,741,0,2026-08-31 05:40:38.1470000,-9.200000,31.683330
196524,"Mambwe",3817,248,"36L","36L1H1S4Q",2,2026-08-31 05:40:41.8630000,0,741,0,2026-08-31 05:40:41.8630000,-9.183330,31.700000
2415399,"Shevchenky",3439,230,"37U","37U2H1S3Q",1,2013-12-13 18:36:43.9630000,2050519,0,900,2026-08-31 05:43:51.9730000,50.012090,36.312740
2415414,"Dal'nya Zhuravlivka",3439,230,"37U","37U2H1S3Q",1,2013-04-22 00:25:30.0400000,2174312,0,300,2026-08-31 05:43:57.1530000,50.012500,36.272140
2415121,"Kharkiv",3439,230,"37U","37U2H4S1Q",1,2013-07-01 22:01:36.8670000,4115251,0,300,2026-08-31 05:44:02.3730000,50.000000,36.250000
2053349,"Kenoza Lake",3562,233,"18T","18T2H5S2Q",2,2026-08-31 05:44:04.0770000,0,745,0,2026-08-31 05:44:04.0770000,41.733420,-74.949610
2416016,"Shatylivka",3439,230,"37U","37U2H1S3Q",1,2013-06-30 21:54:27.5400000,2122499,0,300,2026-08-31 05:44:12.2070000,50.019810,36.233100
2054951,"Kohlertown",3562,233,"18T","18T2H5S2Q",2,2026-08-31 05:44:18.2000000,0,745,0,2026-08-31 05:44:18.2000000,41.771480,-74.941830
2415258,"Ivanivka",3439,230,"37U","37U2H1S3Q",1,2013-04-21 22:44:44.7070000,2047518,0,300,2026-08-31 05:44:19.1730000,50.005160,36.202210
2055211,"Jeffersonville",3562,233,"18T","18T2H5S2Q",2,2026-08-31 05:44:21.8030000,0,745,0,2026-08-31 05:44:21.8030000,41.780920,-74.933780
60999,"Ambatolahy-Sarodrano",1877,143,"38K","38K2H5S1Q",2,2026-08-31 05:44:26.2100000,0,741,0,2026-08-31 05:44:26.2100000,-22.400000,44.216670
2056443,"Youngsville",3562,233,"18T","18T2H5S2Q",2,2026-08-31 05:44:26.2200000,0,744,0,2026-08-31 05:44:26.2200000,41.808420,-74.886270
1967038,"Cain Rock",3567,233,"10T","10T2H5S3Q",2,2026-08-31 05:44:31.4470000,0,837,0,2026-08-31 05:44:31.4470000,40.136810,-123.592800
61108,"Miatra",1877,143,"38K","38K2H5S1Q",2,2026-08-31 05:44:31.5630000,0,741,0,2026-08-31 05:44:31.5630000,-22.383330,44.250000
2059254,"Shandelee",3562,233,"18T","18T2H5S2Q",2,2026-08-31 05:44:33.3600000,0,744,0,2026-08-31 05:44:33.3600000,41.878980,-74.871270
61437,"Mamakiala Ambony",1877,143,"38K","38K2H5S1Q",2,2026-08-31 05:44:35.1200000,0,741,0,2026-08-31 05:44:35.1200000,-22.333330,44.283330
61542,"Mahazoarivo",1877,143,"38K","38K2H5S1Q",2,2026-08-31 05:44:36.8770000,0,741,0,2026-08-31 05:44:36.8770000,-22.316670,44.250000
61986,"Morarano",1877,143,"38K","38K2H5S1Q",2,2026-08-31 05:44:39.4300000,0,741,0,2026-08-31 05:44:39.4300000,-22.250000,44.216670
62381,"Anteny",1877,143,"38K","38K2H5S1Q",2,2026-08-31 05:44:41.9900000,0,741,0,2026-08-31 05:44:41.9900000,-22.183330,44.216670
2057663,"Callicoon Center",3562,233,"18T","18T2H5S2Q",2,2026-08-31 05:44:45.6170000,0,2199,0,2026-08-31 05:44:47.1300000,41.836760,-74.946550
62665,"Tabika-Morafeno",1877,143,"38K","38K2H5S1Q",2,2026-08-31 05:44:51.9600000,0,741,0,2026-08-31 05:44:51.9600000,-22.133330,44.250000
2056398,"North Branch",3562,233,"18T","18T2H5S2Q",2,2026-08-31 05:44:58.0730000,0,746,0,2026-08-31 05:44:58.0730000,41.806750,-74.991550
2054310,"Lower Beechwood",3562,233,"18T","18T2H5S2Q",2,2026-08-31 05:45:19.3270000,0,746,0,2026-08-31 05:45:19.3270000,41.758140,-74.983220
2465874,"Munstergeleen",2271,167,"31U","31U2H3S4Q",2,2021-07-30 09:32:55.6600000,0,400423,0,2026-08-31 05:47:24.4100000,50.975000,5.863890
12635,"Haymarket",143,13,"56H","56H1H1S4Q",3,2010-01-01 00:00:00.0000000,0,0,3326443,2026-08-31 05:47:38.1570000,-33.878680,151.205260
12586,"Surry Hills",143,13,"56H","56H1H1S4Q",3,2017-02-12 11:08:18.0600000,0,0,1506554,2026-08-31 05:47:55.2630000,-33.883740,151.212820
12644,"Pyrmont",143,13,"56H","56H1H1S4Q",3,2013-07-18 08:25:02.1930000,0,0,3051850,2026-08-31 05:48:26.4500000,-33.869850,151.194020
12582,"Surry Hills",143,13,"56H","56H1H1S4Q",3,2017-03-16 20:20:14.6100000,0,0,1506208,2026-08-31 05:49:11.3700000,-33.886110,151.214440
12648,"Darling Harbour",143,13,"56H","56H1H1S4Q",3,2017-01-19 09:23:22.8330000,0,0,2088139,2026-08-31 05:49:52.4970000,-33.868470,151.200340
12573,"Bondi",143,13,"56H","56H1H1S4Q",3,2026-07-11 06:24:08.9730000,0,0,3028156,2026-08-31 05:50:12.5200000,-33.891670,151.266670
2301667,"Interbay",3578,233,"10T","10T1H2S2Q",2,2014-10-24 00:08:41.1600000,0,1307458,0,2026-08-31 05:51:19.3030000,47.641210,-122.395960
2415290,"Lisa Hora",3439,230,"37U","37U2H1S3Q",1,2013-04-21 23:14:19.5330000,2038397,0,300,2026-08-31 05:51:36.7230000,50.006700,36.184310
2245606,"Saint-Andre-de-Bage",945,75,"31T","31T1H3S3Q",1,2024-01-03 09:22:09.2700000,108716,0,0,2026-08-31 05:53:03.9200000,46.300000,4.916670
196525,"Chaila",3817,248,"36L","36L1H1S4Q",2,2026-08-31 05:55:23.5370000,0,891,0,2026-08-31 05:55:23.5370000,-9.183330,31.766670
195481,"Machipisha",3817,248,"36L","36L1H1S4Q",2,2026-08-31 05:55:26.5870000,0,891,0,2026-08-31 05:55:26.5870000,-9.266670,31.783330
812857,"San Isidro",1172,97,"16P","16P1H5S1Q",3,2026-08-31 05:55:30.4470000,0,0,1200,2026-08-31 05:55:30.4470000,13.233610,-87.357220
195253,"Njelesi",3817,248,"36L","36L1H1S4Q",2,2026-08-31 05:55:31.0800000,0,891,0,2026-08-31 05:55:31.0800000,-9.283330,31.766670
195482,"Chakamba",3817,248,"36L","36L1H1S4Q",2,2026-08-31 05:55:34.3100000,0,891,0,2026-08-31 05:55:34.3100000,-9.266670,31.800000
195254,"Solesole",3817,248,"36L","36L1H1S4Q",2,2026-08-31 05:55:37.3030000,0,891,0,2026-08-31 05:55:37.3030000,-9.283330,31.833330
813259,"Palo Seco",1172,97,"16P","16P1H5S1Q",3,2026-08-31 05:55:39.7570000,0,0,1200,2026-08-31 05:55:39.7570000,13.246110,-87.406940
814845,"Macay",1172,97,"16P","16P1H5S1Q",3,2026-08-31 05:55:44.8670000,0,0,1200,2026-08-31 05:55:44.8670000,13.282780,-87.319720
813867,"El Casco",1172,97,"16P","16P1H5S1Q",3,2026-08-31 05:55:48.6370000,0,0,1200,2026-08-31 05:55:48.6370000,13.259720,-87.297780
813725,"Hacienda Las Palomitas",1172,97,"16P","16P1H5S1Q",3,2026-08-31 05:55:53.6830000,0,0,1200,2026-08-31 05:55:53.6830000,13.255560,-87.266110
812927,"El Caguano",1172,97,"16P","16P1H5S1Q",3,2026-08-31 05:55:57.8300000,0,0,1200,2026-08-31 05:55:57.8300000,13.236110,-87.258330
811677,"Hacienda Las Anonas",1172,97,"16P","16P1H5S1Q",3,2026-08-31 05:56:03.6700000,0,0,1200,2026-08-31 05:56:03.6700000,13.210000,-87.305560
810708,"Hacienda El Aromo",1172,97,"16P","16P1H5S1Q",3,2026-08-31 05:56:08.7470000,0,0,1200,2026-08-31 05:56:08.7470000,13.183890,-87.301670
2501922,"Hespelaar",2270,167,"31U","31U2H3S1Q",2,2020-08-29 07:33:22.7900000,5234,803848,0,2026-08-31 05:58:16.1030000,51.665830,4.811110
30987,"Moggill",142,13,"56J","56J1H5S3Q",1,2026-08-31 06:01:30.0430000,1072,0,0,2026-08-31 06:01:30.0430000,-27.583330,152.866670
30746,"Loganlea",142,13,"56J","56J1H5S4Q",2,2017-05-28 13:03:00.9870000,1034,5093060,0,2026-08-31 06:01:44.8030000,-27.666670,153.133330
30745,"Kingston",142,13,"56J","56J1H5S4Q",2,2023-04-05 08:52:01.0300000,1034,5065593,0,2026-08-31 06:01:49.6430000,-27.666670,153.116670
30802,"Logan City",142,13,"56J","56J1H5S4Q",2,2024-06-06 04:45:32.3000000,1034,7006724,0,2026-08-31 06:01:52.3230000,-27.639170,153.109440
30668,"Loganholme",142,13,"56J","56J1H5S4Q",2,2016-07-23 23:07:36.3770000,517,1018650,0,2026-08-31 06:01:56.0670000,-27.700000,153.200000
30700,"Eagleby",142,13,"56J","56J1H5S4Q",2,2018-06-13 05:48:09.6570000,1034,1187642,0,2026-08-31 06:01:58.5870000,-27.683330,153.216670
30747,"Cornubia Park",142,13,"56J","56J1H5S4Q",2,2016-12-30 13:08:14.0430000,1034,2954434,0,2026-08-31 06:02:01.4870000,-27.666670,153.216670
30837,"Mount Cotton",142,13,"56J","56J1H5S4Q",2,2016-12-30 13:24:36.5000000,1495,3305589,0,2026-08-31 06:02:04.3600000,-27.633330,153.233330
30875,"Redland Bay",142,13,"56J","56J1H5S4Q",2,2018-06-11 20:05:43.1070000,1034,3357395,0,2026-08-31 06:02:08.0330000,-27.613430,153.302450
2467339,"Hahnbuche",707,57,"32U","32U2H1S4Q",1,2026-08-30 05:26:42.7930000,1642,538,0,2026-08-31 06:03:29.0500000,51.000000,7.700000
2466341,"Eckenhagen",707,57,"32U","32U2H1S4Q",1,2026-08-31 06:03:35.3870000,1247,0,0,2026-08-31 06:03:35.3870000,50.983330,7.700000
2465295,"Lepperhof",707,57,"32U","32U2H1S4Q",1,2026-08-31 06:03:41.2870000,1176,0,0,2026-08-31 06:03:41.2870000,50.966670,7.700000
2470335,"Hoh",707,57,"32U","32U2H1S2Q",1,2026-08-31 06:03:49.2670000,1180,0,0,2026-08-31 06:03:49.2670000,51.050000,7.666670
2470338,"Pernze",707,57,"32U","32U2H1S2Q",1,2026-08-31 06:03:54.0300000,1140,0,0,2026-08-31 06:03:54.0300000,51.050000,7.700000
2470334,"Deitenbach",707,57,"32U","32U2H1S2Q",1,2026-08-31 06:04:12.3900000,1146,0,0,2026-08-31 06:04:12.3900000,51.050000,7.633330
2214697,"Albairate",1375,110,"32T","32T1H5S1Q",2,2014-05-27 17:14:35.6770000,1680,680475,11896,2026-08-31 06:04:16.9770000,45.419570,8.937440
2422826,"Czulow",2450,180,"34U","34U2H1S4Q",3,2014-12-11 20:52:51.7800000,3051,300,219271,2026-08-31 06:05:16.2370000,50.166670,19.016670
2424530,"Murcki",2450,180,"34U","34U2H1S4Q",1,2025-06-27 06:44:57.1530000,411224,300,0,2026-08-31 06:05:35.9130000,50.200360,19.043510
2428331,"Hajduki Nowe",2450,180,"34U","34U2H1S3Q",3,2019-06-03 14:25:35.0470000,6123,662,138351,2026-08-31 06:05:51.2900000,50.283330,18.933330
2407539,"Ochaby",2450,180,"34U","34U2H4S1Q",3,2019-05-26 19:55:51.1370000,0,1996,1142447,2026-08-31 06:06:58.8770000,49.842520,18.768940
2419268,"Raciborz",2450,180,"34U","34U2H1S3Q",3,2014-06-30 14:09:20.9300000,1500,1800,590239,2026-08-31 06:07:50.4070000,50.091950,18.219280
1378172,"Leakey",3549,233,"14R","14R1H5S1Q",1,2026-08-31 06:07:50.9700000,1011,0,0,2026-08-31 06:07:50.9700000,29.728840,-99.761450
1375876,"Camp Wood",3549,233,"14R","14R1H4S2Q",1,2026-08-31 06:08:00.9900000,1005,0,0,2026-08-31 06:08:00.9900000,29.669390,-100.012290
1378066,"Barksdale",3549,233,"14R","14R1H4S2Q",1,2026-08-31 06:08:09.7130000,1005,0,0,2026-08-31 06:08:09.7130000,29.725220,-100.033960
1370887,"Montell",3549,233,"14R","14R1H4S2Q",1,2026-08-31 06:08:17.0230000,1000,0,0,2026-08-31 06:08:17.0230000,29.538010,-100.011460
1381676,"Vance",3549,233,"14R","14R1H4S2Q",1,2026-08-31 06:08:25.7630000,1008,0,0,2026-08-31 06:08:25.7630000,29.815780,-100.013680
1386279,"Hackberry",3549,233,"14R","14R1H4S2Q",1,2026-08-31 06:08:32.8670000,1012,0,0,2026-08-31 06:08:32.8670000,29.927440,-100.012570
2717417,"Balavil",977,77,"30V","30V2H5S1Q",1,2014-12-25 12:45:05.8400000,98645,1215,0,2026-08-31 06:08:34.9330000,57.100000,-4.000000
2473405,"Borlinghausen",707,57,"32U","32U2H1S2Q",1,2026-08-31 06:09:04.1470000,1149,0,0,2026-08-31 06:09:04.1470000,51.100000,7.600000
2471337,"Schemmen",707,57,"32U","32U2H1S2Q",1,2026-08-31 06:09:10.9630000,1151,0,0,2026-08-31 06:09:10.9630000,51.066670,7.566670
2472380,"Griemeringhausen",707,57,"32U","32U2H1S2Q",2,2026-01-16 08:28:30.5470000,1330,5585,0,2026-08-31 06:09:17.5000000,51.083330,7.550000
2700689,"Dunnichen",977,77,"30V","30V2H5S4Q",3,2025-07-24 06:17:00.1770000,0,300,197754,2026-08-31 06:09:22.5670000,56.616670,-2.800000
2470326,"Windhagen",707,57,"32U","32U2H1S2Q",1,2026-08-31 06:09:32.4500000,1093,0,0,2026-08-31 06:09:32.4500000,51.050000,7.533330
2470328,"Niedernhagen",707,57,"32U","32U2H1S2Q",2,2022-05-16 06:52:44.2700000,1146,1250,0,2026-08-31 06:09:40.5200000,51.050000,7.566670
194773,"Chisulo",3817,248,"36L","36L1H1S4Q",2,2026-08-31 06:10:40.7670000,0,892,0,2026-08-31 06:10:40.7670000,-9.316670,31.833330
194572,"Imbila",3817,248,"36L","36L1H1S4Q",2,2026-08-31 06:10:44.8330000,0,892,0,2026-08-31 06:10:44.8330000,-9.333330,31.816670
194571,"Chivuta",3817,248,"36L","36L1H1S4Q",2,2026-08-31 06:10:48.7800000,0,891,0,2026-08-31 06:10:48.7800000,-9.333330,31.733330
194570,"Chikunta",3817,248,"36L","36L1H1S4Q",2,2026-08-31 06:10:52.3000000,0,891,0,2026-08-31 06:10:52.3000000,-9.333330,31.716670
193604,"Lupasha",3817,248,"36L","36L1H1S4Q",2,2026-08-31 06:10:55.9700000,0,892,0,2026-08-31 06:10:55.9700000,-9.400000,31.716670
62778,"Tabika",1877,143,"38K","38K2H5S1Q",2,2026-08-31 06:11:07.0230000,0,741,0,2026-08-31 06:11:07.0230000,-22.116670,44.250000
63172,"Mariany",1877,143,"38K","38K2H5S1Q",2,2026-08-31 06:11:09.3700000,0,741,0,2026-08-31 06:11:09.3700000,-22.050000,44.266670
63173,"Keliambia",1877,143,"38K","38K2H5S1Q",2,2026-08-31 06:11:12.3000000,0,741,0,2026-08-31 06:11:12.3030000,-22.050000,44.316670
63261,"Andranomafana",1877,143,"38K","38K2H5S1Q",2,2026-08-31 06:11:16.4800000,0,741,0,2026-08-31 06:11:16.4800000,-22.033330,44.333330
63432,"Beza",1877,143,"38K","38K2H5S1Q",2,2026-08-31 06:11:22.8330000,0,741,0,2026-08-31 06:11:22.8330000,-22.000000,44.350000
63551,"Bedo-Maintirano",1877,143,"38K","38K2H2S3Q",2,2026-08-31 06:11:23.6100000,0,741,0,2026-08-31 06:11:23.6130000,-21.983330,44.316670
63813,"Ambararata",1877,143,"38K","38K2H2S3Q",2,2026-08-31 06:11:29.6570000,0,741,0,2026-08-31 06:11:29.6570000,-21.950000,44.233330
62779,"Namakia",1877,143,"38K","38K2H5S1Q",2,2026-08-31 06:11:33.7500000,0,741,0,2026-08-31 06:11:33.7500000,-22.116670,44.400000
2295640,"Hub",129,12,"32T","32T1H2S2Q",3,2024-10-10 09:35:03.4170000,0,0,20788,2026-08-31 06:12:21.6570000,47.516670,9.783060
2414656,"Zalyutino",3439,230,"37U","37U2H4S1Q",1,2013-04-22 07:53:25.3900000,2064189,0,1800,2026-08-31 06:13:22.1770000,49.991670,36.134170
2414759,"Savchenka",3439,230,"37U","37U2H4S1Q",1,2013-04-23 06:58:02.9170000,1073764,0,1007,2026-08-31 06:13:28.9670000,49.995830,36.108890
2413913,"Podvorki",3439,230,"37U","37U2H4S1Q",1,2013-04-26 14:44:21.4600000,1086177,0,1309,2026-08-31 06:13:42.9470000,49.979170,36.094440
2412754,"Lipovaya Rosheha",3439,230,"37U","37U2H4S1Q",1,2013-04-22 07:49:37.1370000,2004983,0,300,2026-08-31 06:13:49.0800000,49.950000,36.166670
2631203,"Dunmurry",978,77,"30U","30U1H1S3Q",1,2025-05-10 08:59:55.5200000,105060,0,0,2026-08-31 06:15:59.1630000,54.549870,-5.996300
2631213,"Finaghy",978,77,"30U","30U1H1S3Q",1,2025-05-06 16:20:21.1970000,109220,0,0,2026-08-31 06:16:04.2230000,54.550000,-5.983330
2631214,"Balmoral",978,77,"30U","30U1H1S3Q",1,2025-05-06 16:16:55.6430000,106018,0,0,2026-08-31 06:16:08.2000000,54.550000,-5.966670
2631215,"Newtownbreda",978,77,"30U","30U1H1S3Q",1,2025-05-06 16:20:29.6730000,112838,0,0,2026-08-31 06:16:14.4170000,54.550000,-5.900000
2632367,"Knock",978,77,"30U","30U1H1S3Q",1,2025-05-08 08:30:03.3570000,106181,0,0,2026-08-31 06:16:20.6970000,54.583330,-5.850000
2632368,"Gilnahirk",978,77,"30U","30U1H1S3Q",1,2025-05-08 08:34:43.0870000,117810,0,0,2026-08-31 06:16:24.7170000,54.583330,-5.833330
2215222,"Caleppio",1375,110,"32T","32T1H5S2Q",3,2026-08-31 06:19:16.6730000,0,0,7282,2026-08-31 06:19:26.5000000,45.434360,9.382500
809688,"El Prieto",1172,97,"16P","16P1H5S1Q",3,2026-08-31 06:19:42.2400000,0,0,1200,2026-08-31 06:19:42.2400000,13.164720,-87.283890
811445,"Hacienda La Matilde",1172,97,"16P","16P1H5S1Q",3,2026-08-31 06:19:45.5000000,0,0,1200,2026-08-31 06:19:45.5000000,13.201940,-87.290000
813002,"El Arito",1172,97,"16P","16P1H5S1Q",3,2026-08-31 06:19:50.9370000,0,0,1200,2026-08-31 06:19:50.9370000,13.238330,-87.388610
813988,"Los Barrancones",1172,97,"16P","16P1H5S1Q",3,2026-08-31 06:19:57.2230000,0,0,1200,2026-08-31 06:19:57.2230000,13.263610,-87.325280
810243,"Hacienda La Papalonada",1172,97,"16P","16P1H5S1Q",3,2026-08-31 06:20:02.8830000,0,0,1200,2026-08-31 06:20:02.8830000,13.175830,-87.318890
809441,"Hacienda La Luna",1172,97,"16P","16P1H5S1Q",3,2026-08-31 06:20:15.3030000,0,0,1200,2026-08-31 06:20:15.3030000,13.156940,-87.316390
809555,"La Tincuta",1172,97,"16P","16P1H5S1Q",3,2026-08-31 06:20:19.3330000,0,0,1200,2026-08-31 06:20:19.3330000,13.160280,-87.323610
809510,"Puerto Jicarito",1172,97,"16P","16P1H5S1Q",3,2026-08-31 06:20:25.2230000,0,0,1200,2026-08-31 06:20:25.2270000,13.158890,-87.315000
2334211,"Quilliou-Gueguen",961,75,"30U","30U2H5S3Q",2,2026-08-31 06:21:47.7770000,0,945,0,2026-08-31 06:21:47.7770000,48.283330,-3.383330
2333284,"Le Croisty",961,75,"30U","30U2H5S3Q",2,2026-08-31 06:21:55.4900000,0,945,0,2026-08-31 06:21:55.4900000,48.266670,-3.366670
2410864,"Pokotylivka",3439,230,"37U","37U2H4S1Q",1,2013-04-24 08:10:48.9330000,2000938,0,600,2026-08-31 06:22:01.1030000,49.915280,36.177220
2332384,"Lanhellen",961,75,"30U","30U2H5S3Q",2,2026-08-31 06:22:03.0400000,0,1161,0,2026-08-31 06:22:03.0400000,48.250000,-3.350000
2333286,"Saint-Lubin",961,75,"30U","30U2H5S3Q",2,2026-08-31 06:22:09.7970000,0,1145,0,2026-08-31 06:22:09.7970000,48.266670,-3.316670
2334213,"Lustruyen",961,75,"30U","30U2H5S3Q",2,2026-08-31 06:22:16.6570000,0,1144,0,2026-08-31 06:22:16.6570000,48.283330,-3.300000
2334214,"Perran",961,75,"30U","30U2H5S3Q",2,2026-08-31 06:22:22.7200000,0,1144,0,2026-08-31 06:22:22.7200000,48.283330,-3.283330
2335951,"Kergoubleau",961,75,"30U","30U2H5S3Q",2,2026-08-31 06:22:38.3730000,0,1008,0,2026-08-31 06:22:38.3730000,48.316670,-3.200000
2335952,"Saint-Nicolas-du-Pelem",961,75,"30U","30U2H5S3Q",2,2026-08-31 06:22:49.0030000,0,998,0,2026-08-31 06:22:49.0030000,48.316670,-3.166670
2336820,"Canihuel",961,75,"30U","30U2H5S3Q",2,2026-08-31 06:23:01.8430000,0,1039,0,2026-08-31 06:23:01.8430000,48.333330,-3.100000
2774867,"Nomme",856,64,"35V","35V2H1S1Q",2,2026-08-28 14:13:41.4300000,0,2362,0,2026-08-31 06:23:40.9000000,59.200000,24.950000
2775691,"Someru",856,64,"35V","35V2H1S1Q",2,2026-08-28 14:48:37.3600000,0,2362,0,2026-08-31 06:23:43.8370000,59.245280,24.903060
2774686,"Saula",856,64,"35V","35V2H1S2Q",2,2026-08-28 14:48:16.3330000,0,2358,0,2026-08-31 06:23:45.8100000,59.194440,25.029170
2774178,"Suure-Sarge",856,64,"35V","35V2H1S1Q",2,2026-08-28 14:13:26.1600000,0,2363,0,2026-08-31 06:23:47.9470000,59.166670,24.950000
2774982,"Visja",847,64,"35V","35V2H1S1Q",2,2026-08-28 13:45:46.9600000,0,2374,0,2026-08-31 06:23:50.6330000,59.202780,24.888890
2775889,"Aruvalla",856,64,"35V","35V2H1S2Q",2,2026-08-28 14:48:18.5970000,0,2387,0,2026-08-31 06:23:53.8430000,59.251670,25.023890
2776266,"Vaidasoo",856,64,"35V","35V2H1S2Q",2,2026-08-28 14:48:21.4400000,1,2363,0,2026-08-31 06:23:55.7700000,59.272220,25.010830
2773656,"Saunakula",847,64,"35V","35V2H1S1Q",2,2026-08-28 21:25:37.1430000,0,2362,0,2026-08-31 06:23:59.8270000,59.145000,24.893890
2097626,"Mala Rakovitsa",270,22,"34T","34T2H3S4Q",2,2026-08-31 06:25:52.4230000,8822,9097,0,2026-08-31 06:25:52.4230000,42.733330,23.050000
192904,"Chituta",3817,248,"36L","36L1H1S4Q",2,2026-08-31 06:26:08.7600000,0,741,0,2026-08-31 06:26:08.7600000,-9.433330,31.750000
193605,"Kapufi",3817,248,"36L","36L1H1S4Q",2,2026-08-31 06:26:13.0130000,0,741,0,2026-08-31 06:26:13.0130000,-9.400000,31.766670
194146,"Samamba",3817,248,"36L","36L1H1S4Q",2,2026-08-31 06:26:17.0770000,0,735,0,2026-08-31 06:26:17.0770000,-9.366670,31.783330
193606,"Chewe Kaniki",3817,248,"36L","36L1H1S4Q",2,2026-08-31 06:26:19.9430000,0,741,0,2026-08-31 06:26:19.9430000,-9.400000,31.800000
192905,"Pensulo",3817,248,"36L","36L1H1S4Q",2,2026-08-31 06:26:24.3100000,0,741,0,2026-08-31 06:26:24.3100000,-9.433330,31.783330
2264270,"Ober Trubsee Alp",515,43,"32T","32T1H2S3Q",3,2022-10-26 04:45:19.5970000,0,0,1230511,2026-08-31 06:26:30.4030000,46.800000,8.383330
2390698,"Allmoshof",715,57,"32U","32U2H6S2Q",3,2015-11-04 06:55:46.3600000,0,0,1523090,2026-08-31 06:27:46.1070000,49.491550,11.061520
97194,"Ampasimpotsy",1878,143,"39K","39K1H1S3Q",2,2026-08-31 06:34:10.5900000,0,741,0,2026-08-31 06:34:10.5900000,-17.716670,48.116670
96233,"Maheriara",1878,143,"39K","39K1H1S3Q",2,2026-08-31 06:34:15.7100000,0,741,0,2026-08-31 06:34:15.7100000,-17.800000,48.083330
97027,"Antetezatony",1878,143,"39K","39K1H1S3Q",2,2026-08-31 06:34:17.0700000,0,741,0,2026-08-31 06:34:17.0700000,-17.733330,48.033330
96650,"Manohilahy Avaratra",1878,143,"39K","39K1H1S3Q",2,2026-08-31 06:34:19.9600000,0,741,0,2026-08-31 06:34:19.9600000,-17.766670,48.016670
96422,"Manohilahy Atsimo",1878,143,"39K","39K1H1S3Q",2,2026-08-31 06:34:23.2030000,0,741,0,2026-08-31 06:34:23.2030000,-17.783330,48.016670
95215,"Ambatobe",1878,143,"39K","39K1H1S3Q",2,2026-08-31 06:34:26.4100000,0,741,0,2026-08-31 06:34:26.4100000,-17.883330,48.066670
95375,"Ranofotsy",1878,143,"39K","39K1H1S3Q",2,2026-08-31 06:34:29.2830000,0,741,0,2026-08-31 06:34:29.2830000,-17.866670,48.116670
94912,"Ambodiaviavy",1878,143,"39K","39K1H1S3Q",2,2026-08-31 06:34:32.3500000,0,741,0,2026-08-31 06:34:32.3500000,-17.916670,48.133330
88900,"Anadako",1882,143,"38K","38K1H6S1Q",2,2026-08-31 06:34:59.6230000,0,741,0,2026-08-31 06:34:59.6230000,-18.766670,46.016670
89001,"Andranoboahangy",1882,143,"38K","38K1H6S1Q",2,2026-08-31 06:35:02.4400000,0,741,0,2026-08-31 06:35:02.4400000,-18.750000,46.000000
89000,"Ambohimandroso",1882,143,"38K","38K1H5S2Q",2,2026-08-31 06:35:05.1470000,0,741,0,2026-08-31 06:35:05.1470000,-18.750000,45.983330
89108,"Ambalanjanakomby",1882,143,"38K","38K1H6S1Q",2,2026-08-31 06:35:07.9470000,0,741,0,2026-08-31 06:35:07.9470000,-18.733330,46.016670
89109,"Antsampanimahazo",1882,143,"38K","38K1H6S1Q",2,2026-08-31 06:35:11.7970000,0,741,0,2026-08-31 06:35:11.7970000,-18.733330,46.033330
89213,"Andakana",1882,143,"38K","38K1H6S1Q",2,2026-08-31 06:35:14.5670000,0,741,0,2026-08-31 06:35:14.5670000,-18.716670,46.033330
89325,"Kelivikinina",1882,143,"38K","38K1H6S1Q",2,2026-08-31 06:35:18.5330000,0,741,0,2026-08-31 06:35:18.5330000,-18.700000,46.033330
89326,"Morafeno Avaratra",1882,143,"38K","38K1H6S1Q",2,2026-08-31 06:35:21.2700000,0,741,0,2026-08-31 06:35:21.2700000,-18.700000,46.050000
2466264,"Leijenbroek",2271,167,"31U","31U2H3S4Q",2,2021-07-30 07:53:51.5000000,0,524524,0,2026-08-31 06:35:53.3270000,50.983330,5.866670
50244,"Zionono",1877,143,"38K","38K2H5S3Q",2,2026-08-31 06:36:23.2400000,0,1200,0,2026-08-31 06:36:23.2400000,-23.683330,44.683330
50514,"Andranofaly",1877,143,"38K","38K2H5S3Q",2,2026-08-31 06:36:27.1900000,0,1200,0,2026-08-31 06:36:27.1900000,-23.650000,44.683330
50958,"Bezaha",1877,143,"38K","38K2H5S3Q",2,2026-08-31 06:36:31.6700000,0,1200,0,2026-08-31 06:36:31.6700000,-23.600000,44.666670
51505,"Bekapina",1877,143,"38K","38K2H5S3Q",2,2026-08-31 06:36:35.3970000,0,1200,0,2026-08-31 06:36:35.3970000,-23.550000,44.700000
55981,"Antanimora",1877,143,"38K","38K2H5S3Q",2,2026-08-31 06:36:46.3500000,0,712,0,2026-08-31 06:36:46.3500000,-23.050000,44.516670
55844,"Tsingora Nord",1877,143,"38K","38K2H5S3Q",2,2026-08-31 06:36:52.6500000,0,712,0,2026-08-31 06:36:52.6500000,-23.066670,44.466670
55719,"Belamoty",1877,143,"38K","38K2H5S3Q",2,2026-08-31 06:36:55.7700000,0,712,0,2026-08-31 06:36:55.7700000,-23.083330,44.416670
192542,"Kazwila",3817,248,"36L","36L1H1S4Q",2,2026-08-31 06:37:24.5700000,0,741,0,2026-08-31 06:37:24.5700000,-9.450000,31.800000
192906,"Mukuntansela",3817,248,"36L","36L1H1S4Q",2,2026-08-31 06:37:27.3270000,0,741,0,2026-08-31 06:37:27.3270000,-9.433330,31.816670
193909,"Petulo Musomali",3817,248,"36L","36L1H1S4Q",2,2026-08-31 06:37:33.0070000,0,892,0,2026-08-31 06:37:33.0070000,-9.383330,31.866670
194148,"Katazi",3817,248,"36L","36L1H1S4Q",2,2026-08-31 06:37:36.9600000,0,892,0,2026-08-31 06:37:36.9600000,-9.366670,31.866670
2404674,"Jasionki",2450,180,"34U","34U2H4S1Q",1,2026-08-31 06:37:47.9200000,354,0,0,2026-08-31 06:37:47.9200000,49.783330,18.916670
2268236,"Shurino",3430,230,"36T","36T1H1S4Q",2,2025-07-18 09:21:58.6730000,0,52308,0,2026-08-31 06:38:11.8230000,46.883330,31.833330
2284219,"Barbechat",949,75,"30T","30T1H3S1Q",1,2014-10-27 21:32:14.0700000,459750805,0,0,2026-08-31 06:40:15.6900000,47.283330,-1.283330
2432950,"Piekary Slaskie",2450,180,"34U","34U2H1S3Q",3,2017-02-07 09:20:11.8570000,8296,2079,293561,2026-08-31 06:41:10.4230000,50.380170,18.926530
2741196,"Krutoberezhka",2690,192,"38V","38V2H6S2Q",1,2026-08-31 06:42:09.4470000,1200,0,0,2026-08-31 06:42:09.4470000,57.871940,47.625830
2262947,"Scharmadlager",523,43,"32T","32T1H2S3Q",1,2026-08-31 06:43:23.6000000,1061,0,0,2026-08-31 06:43:23.6000000,46.766670,8.350000
2261670,"Gadmen",523,43,"32T","32T1H2S3Q",1,2026-08-31 06:43:28.5870000,1056,0,0,2026-08-31 06:43:28.5870000,46.733330,8.350000
2261669,"Genthalhutten",523,43,"32T","32T1H2S3Q",1,2026-08-31 06:43:33.6730000,1062,0,0,2026-08-31 06:43:33.6730000,46.733330,8.283330
2261667,"Willigen",523,43,"32T","32T1H2S3Q",1,2026-08-31 06:43:41.1470000,1250,0,0,2026-08-31 06:43:41.1470000,46.733330,8.183330
2262286,"Hohfluh",523,43,"32T","32T1H2S3Q",1,2026-08-31 06:43:47.1530000,877,0,0,2026-08-31 06:43:47.1530000,46.750000,8.183330
2741150,"Chistopol'ye",2681,192,"38V","38V2H6S2Q",1,2026-08-31 06:44:16.0200000,1200,0,0,2026-08-31 06:44:16.0200000,57.870000,47.890000
2109305,"Serres-sur-Arget",951,75,"31T","31T2H1S4Q",3,2026-08-31 06:44:28.1500000,0,0,1005,2026-08-31 06:44:28.1500000,42.966670,1.516670
2110132,"Alzen",951,75,"31T","31T2H1S4Q",3,2026-08-31 06:44:35.9900000,0,0,1004,2026-08-31 06:44:35.9900000,42.983330,1.466670
2109304,"Sahuc",951,75,"31T","31T2H1S4Q",3,2026-08-31 06:44:45.5470000,0,0,998,2026-08-31 06:44:45.5470000,42.966670,1.466670
2108393,"Le Bosc",951,75,"31T","31T2H1S4Q",3,2026-08-31 06:44:53.7600000,0,0,1003,2026-08-31 06:44:53.7600000,42.950000,1.466670
2108394,"Burret",951,75,"31T","31T2H1S4Q",3,2026-08-31 06:45:08.5530000,0,0,2157,2026-08-31 06:45:08.5530000,42.950000,1.483330
2693145,"Leuchars",977,77,"30V","30V2H5S4Q",3,2025-06-05 15:41:15.4400000,0,300,1237430,2026-08-31 06:45:09.8500000,56.383330,-2.883330
2110941,"Larbont",951,75,"31T","31T2H1S4Q",3,2026-08-31 06:45:18.3500000,0,0,1004,2026-08-31 06:45:18.3500000,43.000000,1.400000
2110942,"Nescus",951,75,"31T","31T2H1S4Q",3,2026-08-31 06:45:24.0700000,0,0,999,2026-08-31 06:45:24.0700000,43.000000,1.433330
2693009,"Balmullo",977,77,"30V","30V2H5S4Q",3,2025-06-05 08:19:01.0800000,0,300,1319626,2026-08-31 06:45:28.1900000,56.376940,-2.929400
2692922,"Logie",977,77,"30V","30V2H5S4Q",3,2025-06-05 04:34:24.4900000,0,300,2159734,2026-08-31 06:45:34.4300000,56.372710,-2.966390
2692524,"Kilmany",977,77,"30V","30V2H5S4Q",3,2025-06-05 04:27:30.1100000,0,300,1824966,2026-08-31 06:45:41.1670000,56.366670,-3.000000
2267461,"Volchiy",3430,230,"36T","36T1H1S4Q",2,2025-11-03 06:59:09.2270000,0,6250,0,2026-08-31 06:46:09.4130000,46.866670,31.700000
2336822,"La Croix",961,75,"30U","30U2H5S3Q",2,2026-08-31 06:49:35.2130000,0,950,0,2026-08-31 06:49:35.2130000,48.333330,-3.016670
2339375,"Le Vieux-Bourg",961,75,"30U","30U2H5S4Q",2,2026-08-31 06:49:48.9630000,0,997,0,2026-08-31 06:49:48.9630000,48.383330,-3.000000
2340243,"La Ville Juhel",961,75,"30U","30U2H5S4Q",2,2026-08-31 06:49:54.9970000,0,997,0,2026-08-31 06:49:54.9970000,48.400000,-2.983330
2341964,"Le Leslay",961,75,"30U","30U2H5S4Q",2,2026-08-31 06:50:04.5900000,0,997,0,2026-08-31 06:50:04.5900000,48.433330,-2.966670
2341965,"Le Foeil",961,75,"30U","30U2H5S4Q",2,2026-08-31 06:50:12.8430000,0,945,0,2026-08-31 06:50:12.8430000,48.433330,-2.916670
2344470,"Ploufragan",961,75,"30U","30U2H5S4Q",2,2026-08-31 06:50:38.5100000,0,1144,0,2026-08-31 06:50:38.5100000,48.483330,-2.783330
2346136,"Saint-Brieuc",961,75,"30U","30U2H5S4Q",2,2026-08-31 06:50:45.2570000,0,1089,0,2026-08-31 06:50:45.2570000,48.516670,-2.783330
2334819,"La Croix-Neuve",961,75,"30U","30U2H5S3Q",2,2026-08-31 06:51:18.4800000,0,950,0,2026-08-31 06:51:18.4800000,48.286910,-3.493660
2333967,"Keroguiou",961,75,"30U","30U2H5S3Q",2,2026-08-31 06:51:33.8200000,0,945,0,2026-08-31 06:51:33.8200000,48.272110,-3.449330
2779500,"Saunja",856,64,"35V","35V2H1S2Q",2,2026-08-31 06:51:45.7430000,0,2317,0,2026-08-31 06:51:47.8270000,59.429170,25.311390
2779854,"Kodasoo",856,64,"35V","35V2H1S2Q",2,2026-08-31 06:51:53.2830000,0,2305,57,2026-08-31 06:51:56.6200000,59.444440,25.272220
2211903,"Chieve",1375,110,"32T","32T1H5S2Q",3,2026-08-31 06:52:09.6230000,0,0,9118,2026-08-31 06:52:17.8600000,45.340470,9.616460
94462,"Sahafanina",1878,143,"38K","38K1H3S4Q",2,2026-08-31 06:52:25.1170000,0,741,0,2026-08-31 06:52:25.1170000,-17.966670,47.966670
94312,"Fizaramaso",1878,143,"38K","38K1H3S4Q",2,2026-08-31 06:52:29.4030000,0,741,0,2026-08-31 06:52:29.4070000,-17.983330,47.983330
94911,"Analamanitra",1878,143,"39K","39K1H1S3Q",2,2026-08-31 06:52:32.6400000,0,741,0,2026-08-31 06:52:32.6400000,-17.916670,48.050000
94463,"Soalazaina",1878,143,"39K","39K1H1S3Q",2,2026-08-31 06:52:35.7070000,0,741,0,2026-08-31 06:52:35.7070000,-17.966670,48.066670
94040,"Soalazaina",1878,143,"39K","39K1H4S1Q",2,2026-08-31 06:52:38.8130000,0,741,0,2026-08-31 06:52:38.8130000,-18.016670,48.066670
95216,"Ambohitrandraina",1878,143,"39K","39K1H1S3Q",2,2026-08-31 06:52:43.0100000,0,741,0,2026-08-31 06:52:43.0100000,-17.883330,48.183330
95217,"Tsinjoarivo",1878,143,"39K","39K1H1S3Q",2,2026-08-31 06:52:47.0500000,0,741,0,2026-08-31 06:52:47.0500000,-17.883330,48.200000
94913,"Ambodimanga",1878,143,"39K","39K1H1S3Q",2,2026-08-31 06:52:50.0200000,0,741,0,2026-08-31 06:52:50.0200000,-17.916670,48.150000
72954,"Ambohimandroso",1880,143,"38K","38K2H3S2Q",2,2026-08-31 06:53:55.6330000,0,741,0,2026-08-31 06:53:55.6330000,-20.883330,47.016670
73092,"Maharenina",1880,143,"38K","38K2H3S2Q",2,2026-08-31 06:53:58.9300000,0,741,0,2026-08-31 06:53:58.9300000,-20.866670,47.000000
71691,"Ambohinamboarina",1880,143,"38K","38K2H3S4Q",2,2026-08-31 06:54:03.3200000,0,741,0,2026-08-31 06:54:03.3200000,-21.033330,47.050000
71563,"Ankazo",1880,143,"38K","38K2H3S4Q",2,2026-08-31 06:54:08.8200000,0,741,0,2026-08-31 06:54:08.8200000,-21.050000,47.083330
71426,"Tambohobe",1880,143,"38K","38K2H3S4Q",2,2026-08-31 06:54:13.3770000,0,741,0,2026-08-31 06:54:13.3770000,-21.066670,47.083330
71271,"Ambato",1880,143,"38K","38K2H3S4Q",2,2026-08-31 06:54:18.3500000,0,741,0,2026-08-31 06:54:18.3500000,-21.083330,47.083330
70993,"Soatsihova",1880,143,"38K","38K2H3S4Q",2,2026-08-31 06:54:21.7170000,0,752,0,2026-08-31 06:54:21.7170000,-21.116670,47.083330
70855,"Antsahavory",1880,143,"38K","38K2H3S4Q",2,2026-08-31 06:54:27.1270000,0,752,0,2026-08-31 06:54:27.1270000,-21.133330,47.083330
62876,"Andona",1877,143,"38K","38K2H5S1Q",2,2026-08-31 06:54:32.1600000,0,741,0,2026-08-31 06:54:32.1600000,-22.100000,44.483330
62666,"Mamakiala",1877,143,"38K","38K2H5S1Q",2,2026-08-31 06:54:37.1800000,0,741,0,2026-08-31 06:54:37.1800000,-22.133330,44.400000
62557,"Analamaiky",1877,143,"38K","38K2H5S1Q",2,2026-08-31 06:54:39.8170000,0,741,0,2026-08-31 06:54:39.8170000,-22.150000,44.483330
62479,"Analameky",1877,143,"38K","38K2H5S1Q",2,2026-08-31 06:54:42.5630000,0,741,0,2026-08-31 06:54:42.5630000,-22.166670,44.500000
62178,"Ampandratoka",1877,143,"38K","38K2H5S1Q",2,2026-08-31 06:54:47.6000000,0,741,0,2026-08-31 06:54:47.6000000,-22.216670,44.550000
62175,"Ampandralava Sud",1877,143,"38K","38K2H5S1Q",2,2026-08-31 06:54:49.5700000,0,741,0,2026-08-31 06:54:49.5700000,-22.216670,44.516670
62077,"Ankitohy",1877,143,"38K","38K2H5S1Q",2,2026-08-31 06:54:52.2370000,0,741,0,2026-08-31 06:54:52.2370000,-22.233330,44.500000
62174,"Soatanana",1877,143,"38K","38K2H5S1Q",2,2026-08-31 06:54:54.8800000,0,741,0,2026-08-31 06:54:54.8800000,-22.216670,44.500000
2781823,"Koipsi",856,64,"35V","35V2H1S2Q",2,2026-08-31 06:55:41.0070000,0,3490,0,2026-08-31 06:55:47.1730000,59.550000,25.283330
2064294,"Hilt",3567,233,"10T","10T2H5S2Q",2,2026-08-31 06:55:52.2170000,0,990,0,2026-08-31 06:55:52.2170000,41.994860,-122.623360
2782096,"Rammu",856,64,"35V","35V2H1S2Q",2,2026-08-31 06:55:51.3900000,0,3171,0,2026-08-31 06:55:55.9500000,59.566670,25.216670
89003,"Ambalabararata",1882,143,"38K","38K1H6S1Q",2,2026-08-31 06:56:19.6300000,0,741,0,2026-08-31 06:56:19.6300000,-18.750000,46.116670
2740866,"Kosolapovo",2681,192,"39V","39V2H4S1Q",1,2026-08-31 06:56:24.4400000,1200,0,0,2026-08-31 06:56:24.4400000,57.862220,48.043610
2066848,"Colestin",3576,233,"10T","10T2H2S4Q",2,2026-08-31 06:56:27.0470000,0,996,0,2026-08-31 06:56:27.0470000,42.053190,-122.651140
89112,"Ankaditapaka",1882,143,"38K","38K1H6S1Q",2,2026-08-31 06:56:29.6600000,0,752,0,2026-08-31 06:56:29.6600000,-18.733330,46.116670
2740929,"Kormichi",2681,192,"39V","39V2H4S1Q",1,2026-08-31 06:56:29.8100000,1200,0,0,2026-08-31 06:56:29.8100000,57.864720,48.228330
2740821,"Malyye Demidenki",2681,192,"39V","39V2H4S1Q",1,2026-08-31 06:56:32.4600000,1200,0,0,2026-08-31 06:56:32.4600000,57.860000,48.240000
89327,"Mahatsinjo Nord",1882,143,"38K","38K1H6S1Q",2,2026-08-31 06:56:34.0000000,0,741,0,2026-08-31 06:56:34.0030000,-18.700000,46.083330
2069029,"Buckhorn Springs",3576,233,"10T","10T2H2S4Q",2,2026-08-31 06:56:35.9100000,0,994,0,2026-08-31 06:56:35.9100000,42.105410,-122.531690
2740854,"Bol'shiye Demidenki",2681,192,"39V","39V2H4S1Q",1,2026-08-31 06:56:39.0570000,1200,0,0,2026-08-31 06:56:39.0570000,57.861670,48.265560
89214,"Analamarina",1882,143,"38K","38K1H6S1Q",2,2026-08-31 06:56:39.1570000,0,741,0,2026-08-31 06:56:39.1570000,-18.716670,46.066670
89110,"Antanimbaribe",1882,143,"38K","38K1H6S1Q",2,2026-08-31 06:56:39.9600000,0,752,0,2026-08-31 06:56:39.9600000,-18.733330,46.066670
2740859,"Shabry",2681,192,"39V","39V2H4S1Q",1,2026-08-31 06:56:40.2570000,1200,0,0,2026-08-31 06:56:40.2570000,57.861940,48.286110
89111,"Tsinjorano",1882,143,"38K","38K1H6S1Q",2,2026-08-31 06:56:43.2570000,0,752,0,2026-08-31 06:56:43.2570000,-18.733330,46.083330
89002,"Androtra",1882,143,"38K","38K1H6S1Q",2,2026-08-31 06:56:46.3370000,0,752,0,2026-08-31 06:56:46.3370000,-18.750000,46.100000
2065625,"Copper",3576,233,"10T","10T2H2S3Q",2,2026-08-31 06:56:47.8230000,0,992,0,2026-08-31 06:56:47.8230000,42.026510,-123.146720
88789,"Ankotsaka",1882,143,"38K","38K1H6S1Q",2,2026-08-31 06:56:49.6070000,0,741,0,2026-08-31 06:56:49.6070000,-18.783330,46.100000
2067747,"Steamboat",3576,233,"10T","10T2H2S3Q",2,2026-08-31 06:56:55.2000000,0,1012,0,2026-08-31 06:56:55.2000000,42.075680,-123.205050
2634618,"Whitehouse Lower",978,77,"30U","30U1H1S3Q",1,2024-11-16 18:02:01.4970000,170010,0,0,2026-08-31 06:57:19.3100000,54.650000,-5.916670
2635050,"Newtownabbey",978,77,"30U","30U1H1S3Q",1,2024-11-27 12:45:53.5630000,120000,0,0,2026-08-31 06:57:23.7430000,54.659830,-5.908580
2740822,"Shurgany",2681,192,"39V","39V2H4S1Q",1,2026-08-31 06:57:28.0830000,1200,0,0,2026-08-31 06:57:28.0830000,57.860000,48.310000
62078,"Ampandralava Avaratra",1877,143,"38K","38K2H5S1Q",2,2026-08-31 06:58:40.9870000,0,741,0,2026-08-31 06:58:40.9870000,-22.233330,44.533330
61990,"Tandroka Atsimo",1877,143,"38K","38K2H5S1Q",2,2026-08-31 06:58:44.3770000,0,741,0,2026-08-31 06:58:44.3770000,-22.250000,44.550000
2211240,"Casaletto Ceredano",1375,110,"32T","32T1H5S2Q",3,2026-08-31 07:00:35.2400000,0,0,3229,2026-08-31 07:00:38.1000000,45.318070,9.617560
2299102,"Kleinhuningen",524,43,"32T","32T1H1S2Q",2,2024-10-22 15:22:37.3070000,0,2279014,0,2026-08-31 07:01:37.1800000,47.583790,7.592800
61897,"Tandroka-Bebe",1877,143,"38K","38K2H5S1Q",2,2026-08-31 07:02:22.5870000,0,741,0,2026-08-31 07:02:22.5870000,-22.266670,44.550000
62293,"Berenty-Ankilimasy",1877,143,"38K","38K2H5S1Q",2,2026-08-31 07:02:30.5600000,0,741,0,2026-08-31 07:02:30.5600000,-22.200000,44.416670
2268580,"Sankt Jakob",507,43,"32T","32T1H2S3Q",1,2026-08-31 07:03:30.6170000,1052,0,0,2026-08-31 07:03:30.6200000,46.900000,8.516670
2792379,"Hedebo",929,70,"34V","34V1H5S4Q",3,2026-08-31 07:06:14.8300000,4705,0,6900,2026-08-31 07:06:14.8300000,60.208890,21.332500
2740811,"Karmany",2681,192,"39V","39V2H4S1Q",1,2026-08-31 07:06:49.1300000,1200,0,0,2026-08-31 07:06:49.1300000,57.859440,48.353060
2740823,"Pobednovo",2681,192,"39V","39V2H4S1Q",1,2026-08-31 07:06:51.9800000,1200,0,0,2026-08-31 07:06:51.9800000,57.860000,48.400000
2740824,"Reshetniki",2681,192,"39V","39V2H4S1Q",1,2026-08-31 07:06:58.2470000,1200,0,0,2026-08-31 07:06:58.2470000,57.860000,48.490000
2332382,"Saint-Eloi",961,75,"30U","30U2H5S3Q",2,2026-08-31 07:10:17.5600000,0,950,0,2026-08-31 07:10:17.5600000,48.250000,-3.466670
2332383,"Quehelan",961,75,"30U","30U2H5S3Q",2,2026-08-31 07:10:23.1000000,0,950,0,2026-08-31 07:10:23.1000000,48.250000,-3.450000
2332334,"Kerangal",961,75,"30U","30U2H5S3Q",2,2026-08-31 07:10:33.6700000,0,950,0,2026-08-31 07:10:33.6700000,48.247780,-3.424660
2331459,"Trebel",961,75,"30U","30U2H5S3Q",2,2026-08-31 07:10:44.9900000,0,1149,0,2026-08-31 07:10:44.9900000,48.233330,-3.366670
2330591,"Glomel",961,75,"30U","30U2H5S3Q",2,2026-08-31 07:10:52.4430000,0,1165,0,2026-08-31 07:10:52.4430000,48.216670,-3.400000
2540773,"Wilczyna",2451,180,"33U","33U1H6S3Q",3,2026-07-23 09:58:17.9170000,0,0,308358,2026-08-31 07:10:56.2470000,52.479540,16.444130
2332103,"Paule",961,75,"30U","30U2H5S3Q",2,2026-08-31 07:10:57.6700000,0,950,0,2026-08-31 07:10:57.6700000,48.235830,-3.442920
2330559,"Kersachcoat",961,75,"30U","30U2H5S3Q",2,2026-08-31 07:11:03.0570000,0,950,0,2026-08-31 07:11:03.0570000,48.215170,-3.451670
54768,"Anarabe",1880,143,"38K","38K2H6S4Q",2,2026-08-31 07:12:17.7730000,0,1675,0,2026-08-31 07:12:17.7730000,-23.200000,47.600000
54628,"Mahafasa",1880,143,"38K","38K2H6S4Q",2,2026-08-31 07:12:24.8270000,46,300,0,2026-08-31 07:12:24.8270000,-23.216670,47.683330
54199,"Manova",1880,143,"38K","38K2H6S4Q",2,2026-08-31 07:12:34.0370000,0,741,0,2026-08-31 07:12:34.0370000,-23.266670,47.666670
54047,"Namorona",1880,143,"38K","38K2H6S4Q",2,2026-08-31 07:12:36.3070000,0,741,0,2026-08-31 07:12:36.3070000,-23.283330,47.700000
2281459,"Ruettenen",510,43,"32T","32T1H1S2Q",1,2016-07-13 22:11:32.9270000,1853113,0,0,2026-08-31 07:14:16.6600000,47.230530,7.529500
2295481,"Lohorn",129,12,"32T","32T1H2S2Q",3,2024-10-11 05:47:12.8900000,0,0,20774,2026-08-31 07:14:30.4700000,47.513610,9.772220
94783,"Nosilava",1878,143,"39K","39K1H1S3Q",2,2026-08-31 07:15:50.1230000,46,300,0,2026-08-31 07:15:50.1230000,-17.933330,48.150000
94785,"Ambodivoara",1878,143,"39K","39K1H1S3Q",2,2026-08-31 07:15:54.6070000,0,741,0,2026-08-31 07:15:54.6070000,-17.933330,48.166670
2295646,"Fischanger",129,12,"32T","32T1H2S2Q",3,2025-08-26 20:36:46.4730000,0,0,20198,2026-08-31 07:16:00.3030000,47.516670,9.850000
62076,"Amanamby",1877,143,"38K","38K2H5S1Q",2,2026-08-31 07:16:18.9430000,0,741,0,2026-08-31 07:16:18.9430000,-22.233330,44.400000
94614,"Ambalanonga",1878,143,"39K","39K1H1S3Q",2,2026-08-31 07:16:21.2700000,0,741,0,2026-08-31 07:16:21.2700000,-17.950000,48.166670
94613,"Ambarinakanga",1878,143,"39K","39K1H1S3Q",2,2026-08-31 07:16:24.9200000,0,741,0,2026-08-31 07:16:24.9200000,-17.950000,48.150000
94464,"Ampahivola",1878,143,"39K","39K1H1S3Q",2,2026-08-31 07:16:28.0970000,0,741,0,2026-08-31 07:16:28.0970000,-17.966670,48.166670
94465,"Toby Dupont",1878,143,"39K","39K1H1S3Q",2,2026-08-31 07:16:30.3300000,0,741,0,2026-08-31 07:16:30.3300000,-17.966670,48.183330
94313,"Sahanidingana",1878,143,"39K","39K1H1S3Q",2,2026-08-31 07:16:33.8730000,0,741,0,2026-08-31 07:16:33.8730000,-17.983330,48.200000
94314,"Mangalahala",1878,143,"39K","39K1H1S3Q",2,2026-08-31 07:16:36.8270000,0,741,0,2026-08-31 07:16:36.8270000,-17.983330,48.216670
55437,"Ankilibory",1877,143,"38K","38K2H5S3Q",2,2026-08-31 07:18:51.7600000,0,712,0,2026-08-31 07:18:51.7600000,-23.116670,44.416670
55299,"Besakoa",1877,143,"38K","38K2H5S3Q",2,2026-08-31 07:18:58.5300000,0,712,0,2026-08-31 07:18:58.5300000,-23.133330,44.416670
55168,"Kelivondraka",1877,143,"38K","38K2H5S3Q",2,2026-08-31 07:19:09.0100000,0,712,0,2026-08-31 07:19:09.0100000,-23.150000,44.400000
53712,"Andranovato",1880,143,"38K","38K2H6S4Q",2,2026-08-31 07:20:16.5370000,0,741,0,2026-08-31 07:20:16.5370000,-23.316670,47.700000
53711,"Vohilava",1880,143,"38K","38K2H6S4Q",2,2026-08-31 07:20:22.3530000,0,741,0,2026-08-31 07:20:22.3530000,-23.316670,47.683330
12581,"Chippendale",143,13,"56H","56H1H1S4Q",3,2017-08-11 21:51:22.3630000,0,0,1505729,2026-08-31 07:20:25.1670000,-33.886730,151.197450
61896,"Besakoa",1877,143,"38K","38K2H5S1Q",2,2026-08-31 07:20:49.5170000,0,741,0,2026-08-31 07:20:49.5170000,-22.266670,44.466670
61989,"Betsinefo",1877,143,"38K","38K2H5S1Q",2,2026-08-31 07:20:55.4230000,0,741,0,2026-08-31 07:20:55.4230000,-22.250000,44.433330
61988,"Ankitrotro",1877,143,"38K","38K2H5S1Q",2,2026-08-31 07:20:56.3330000,0,741,0,2026-08-31 07:20:56.3330000,-22.250000,44.416670
61987,"Morahariva",1877,143,"38K","38K2H5S1Q",2,2026-08-31 07:21:00.4630000,0,741,0,2026-08-31 07:21:00.4670000,-22.250000,44.400000
61895,"Andranovelona",1877,143,"38K","38K2H5S1Q",2,2026-08-31 07:21:03.1570000,0,741,0,2026-08-31 07:21:03.1570000,-22.266670,44.350000
61543,"Antsonjo",1877,143,"38K","38K2H5S1Q",2,2026-08-31 07:21:09.3430000,0,741,0,2026-08-31 07:21:09.3430000,-22.316670,44.350000
61772,"Bevatry",1877,143,"38K","38K2H5S1Q",2,2026-08-31 07:21:11.8030000,0,741,0,2026-08-31 07:21:11.8030000,-22.283330,44.433330
2689675,"Ceres",977,77,"30V","30V2H5S4Q",3,2025-06-04 19:50:07.2900000,0,2100,1127190,2026-08-31 07:23:08.5630000,56.283330,-2.966670
2620749,"Milltown",978,77,"29U","29U1H3S4Q",1,2025-05-18 20:12:33.8630000,210344,0,0,2026-08-31 07:23:12.1270000,54.266670,-6.250000
2690862,"Kilmaron",977,77,"30V","30V2H5S3Q",3,2025-05-30 07:08:58.1970000,0,1500,1963395,2026-08-31 07:23:23.2300000,56.316670,-3.033330
55043,"Ankoto",1877,143,"38K","38K2H5S3Q",2,2026-08-31 07:24:01.2170000,0,712,0,2026-08-31 07:24:01.2170000,-23.166670,44.400000
55167,"Soarano",1877,143,"38K","38K2H5S3Q",2,2026-08-31 07:24:08.4230000,0,712,0,2026-08-31 07:24:08.4230000,-23.150000,44.383330
54904,"Ankilimitraloka",1877,143,"38K","38K2H5S3Q",2,2026-08-31 07:24:10.7030000,0,712,0,2026-08-31 07:24:10.7030000,-23.183330,44.366670
55298,"Mandrano",1877,143,"38K","38K2H5S3Q",2,2026-08-31 07:24:14.0000000,0,712,0,2026-08-31 07:24:14.0000000,-23.133330,44.383330
55435,"Bereketa",1877,143,"38K","38K2H5S3Q",2,2026-08-31 07:24:17.3800000,0,712,0,2026-08-31 07:24:17.3800000,-23.116670,44.400000
55433,"Antevamena Nord",1877,143,"38K","38K2H5S3Q",2,2026-08-31 07:24:21.5930000,0,712,0,2026-08-31 07:24:21.5930000,-23.116670,44.383330
55432,"Antevamena Sud",1877,143,"38K","38K2H5S3Q",2,2026-08-31 07:24:25.0530000,0,712,0,2026-08-31 07:24:25.0530000,-23.116670,44.366670
2295449,"Southworth",3578,233,"10T","10T1H2S2Q",1,2013-08-08 02:27:56.8100000,54901059,0,0,2026-08-31 07:25:45.1230000,47.512040,-122.501800
70992,"Ambalatsimiedika",1880,143,"38K","38K2H3S4Q",2,2026-08-31 07:26:22.2970000,0,741,0,2026-08-31 07:26:22.2970000,-21.116670,47.050000
70854,"Andraimavo",1880,143,"38K","38K2H3S4Q",2,2026-08-31 07:26:28.5330000,0,741,0,2026-08-31 07:26:28.5330000,-21.133330,47.050000
70550,"Ambalamahatsara",1880,143,"38K","38K2H3S4Q",2,2026-08-31 07:26:36.1030000,0,741,0,2026-08-31 07:26:36.1070000,-21.166670,47.050000
70853,"Ambatovory",1880,143,"38K","38K2H3S4Q",2,2026-08-31 07:26:41.9870000,0,900,0,2026-08-31 07:26:41.9870000,-21.133330,47.033330
70549,"Tsimanesy",1880,143,"38K","38K2H3S4Q",2,2026-08-31 07:26:46.1030000,0,752,0,2026-08-31 07:26:46.1030000,-21.166670,47.033330
70852,"Isaka",1880,143,"38K","38K2H3S4Q",2,2026-08-31 07:26:51.4900000,0,741,0,2026-08-31 07:26:51.4900000,-21.133330,47.016670
71138,"Ambalafeno",1880,143,"38K","38K2H3S4Q",2,2026-08-31 07:26:56.8000000,0,741,0,2026-08-31 07:26:56.8000000,-21.100000,47.016670
71270,"Ambatofaingaina",1880,143,"38K","38K2H3S4Q",2,2026-08-31 07:27:01.4670000,0,741,0,2026-08-31 07:27:01.4670000,-21.083330,47.033330
2781344,"Neeme",856,64,"35V","35V2H1S2Q",2,2026-08-31 07:27:01.6330000,0,2518,0,2026-08-31 07:27:04.1600000,59.523060,25.150560
2781304,"Ihasalu",856,64,"35V","35V2H1S2Q",2,2026-08-31 07:27:08.9070000,0,3526,0,2026-08-31 07:27:13.6870000,59.518610,25.190280
2773818,"Monuste-Eest",856,64,"35V","35V2H1S1Q",2,2026-08-31 07:27:31.1170000,0,3461,0,2026-08-31 07:27:35.9700000,59.150000,24.450000
2740794,"Sorvizhi",2681,192,"39V","39V2H4S1Q",1,2026-08-31 07:29:45.8400000,1200,0,0,2026-08-31 07:29:45.8400000,57.858610,48.530280
2740908,"Kholkiny",2681,192,"39V","39V2H4S1Q",1,2026-08-31 07:29:49.2400000,1200,0,0,2026-08-31 07:29:49.2400000,57.863890,48.553060
2740723,"Loktiny",2681,192,"39V","39V2H4S1Q",1,2026-08-31 07:29:52.2100000,1200,0,0,2026-08-31 07:29:52.2100000,57.855280,48.566110
2741060,"Sukhodol",2681,192,"39V","39V2H4S1Q",1,2026-08-31 07:29:55.0700000,1200,0,0,2026-08-31 07:29:55.0700000,57.866670,48.616670
2532406,"Damsdorf",713,57,"33U","33U1H4S4Q",2,2025-05-16 14:30:26.9070000,0,15790,0,2026-08-31 07:30:26.7600000,52.300000,13.266670
2295405,"Riese",129,12,"32T","32T1H2S2Q",3,2024-10-11 05:47:25.5000000,0,0,20788,2026-08-31 07:30:40.2970000,47.510280,9.771670
2532408,"Weinberg",713,57,"33U","33U1H4S4Q",2,2025-05-15 11:33:44.6500000,0,12064,0,2026-08-31 07:31:27.3400000,52.300000,13.300000
53401,"Benanorema",1880,143,"38K","38K2H6S4Q",2,2026-08-31 07:33:26.6200000,46,300,0,2026-08-31 07:33:26.6200000,-23.350000,47.666670
53557,"Ambodimanga",1880,143,"38K","38K2H6S4Q",2,2026-08-31 07:33:32.4270000,0,741,0,2026-08-31 07:33:32.4270000,-23.333330,47.666670
53403,"Ampatsinakoho",1880,143,"38K","38K2H6S4Q",2,2026-08-31 07:33:37.5470000,0,741,0,2026-08-31 07:33:37.5470000,-23.350000,47.700000
53259,"Vohitrambo",1880,143,"38K","38K2H6S4Q",2,2026-08-31 07:33:40.2400000,0,741,0,2026-08-31 07:33:40.2400000,-23.366670,47.650000
53102,"Vohimalaza",1880,143,"38K","38K2H6S4Q",2,2026-08-31 07:33:48.3000000,46,300,0,2026-08-31 07:33:48.3000000,-23.383330,47.633330
2507183,"Mirnyy Put'",2665,192,"40U","40U2H1S2Q",1,2026-08-31 07:34:21.0470000,1200,0,0,2026-08-31 07:34:21.0470000,51.780700,55.879300
2507185,"Aleshikha",2715,192,"44U","44U2H3S2Q",1,2026-08-31 07:34:25.7300000,1200,0,0,2026-08-31 07:34:25.7300000,51.780800,83.285300
2507197,"Teploye",2677,192,"37U","37U2H1S2Q",1,2026-08-31 07:34:30.7700000,1200,0,0,2026-08-31 07:34:30.7700000,51.781110,37.224440
2507205,"Tret'yakovka",2677,192,"37U","37U2H1S2Q",1,2026-08-31 07:34:32.9770000,1200,0,0,2026-08-31 07:34:32.9770000,51.781390,37.587780
2507206,"Pavlovka",2654,192,"37U","37U2H3S1Q",1,2026-08-31 07:34:36.7230000,1200,0,0,2026-08-31 07:34:36.7230000,51.781390,40.937500
2507215,"Nikolayevka",2677,192,"37U","37U2H1S2Q",1,2026-08-31 07:34:41.2830000,1200,0,0,2026-08-31 07:34:41.2830000,51.781670,37.481940
2507227,"Kalininskiy",2715,192,"45U","45U2H1S1Q",1,2026-08-31 07:34:45.4030000,1200,0,0,2026-08-31 07:34:45.4030000,51.782200,84.197300
2507241,"Petrovskoye",2677,192,"37U","37U2H1S2Q",1,2026-08-31 07:34:48.5000000,1200,0,0,2026-08-31 07:34:48.5000000,51.782860,37.697340
2670735,"Kuskovo",2670,192,"37U","37U1H1S2Q",2,,0,1365008,0,2026-08-31 07:36:32.2930000,55.734230,37.826160
61773,"Ankazoabo",1877,143,"38K","38K2H5S1Q",2,2026-08-31 07:36:32.9730000,0,741,0,2026-08-31 07:36:32.9730000,-22.283330,44.516670
61774,"Ankerereta",1877,143,"38K","38K2H5S1Q",2,2026-08-31 07:36:35.7170000,0,741,0,2026-08-31 07:36:35.7170000,-22.283330,44.533330
61667,"Ambalavy",1877,143,"38K","38K2H5S1Q",2,2026-08-31 07:36:38.1670000,0,741,0,2026-08-31 07:36:38.1670000,-22.300000,44.516670
61668,"Ankelivondraky",1877,143,"38K","38K2H5S1Q",2,2026-08-31 07:36:42.4670000,0,741,0,2026-08-31 07:36:42.4670000,-22.300000,44.550000
61544,"Tanambao",1877,143,"38K","38K2H5S1Q",2,2026-08-31 07:36:45.4200000,0,741,0,2026-08-31 07:36:45.4200000,-22.316670,44.550000
61440,"Andasy",1877,143,"38K","38K2H5S1Q",2,2026-08-31 07:36:49.4200000,0,741,0,2026-08-31 07:36:49.4200000,-22.333330,44.550000
2741526,"Chizhi",2681,192,"39V","39V2H4S1Q",1,2026-08-31 07:37:47.6370000,1200,0,0,2026-08-31 07:37:47.6370000,57.883330,48.866670
2741369,"Mositsy",2681,192,"39V","39V2H4S1Q",1,2026-08-31 07:37:53.0470000,1200,0,0,2026-08-31 07:37:53.0470000,57.880000,48.920000
2741370,"Shvetsy",2681,192,"39V","39V2H4S1Q",1,2026-08-31 07:37:55.1000000,1200,0,0,2026-08-31 07:37:55.1000000,57.880000,48.960000
2741576,"Morozy",2681,192,"39V","39V2H4S1Q",1,2026-08-31 07:37:58.3930000,1200,0,0,2026-08-31 07:37:58.3930000,57.884440,48.961390
2741243,"Myakishi",2681,192,"39V","39V2H4S2Q",1,2026-08-31 07:38:10.2200000,1200,0,0,2026-08-31 07:38:10.2200000,57.874170,49.060280
2741615,"Rameshi",2681,192,"39V","39V2H4S2Q",1,2026-08-31 07:38:12.2700000,1200,0,0,2026-08-31 07:38:12.2700000,57.886110,49.078610
2741113,"Zonikha",2681,192,"39V","39V2H4S2Q",1,2026-08-31 07:38:19.5830000,1200,0,0,2026-08-31 07:38:19.5830000,57.868060,49.270560
53258,"Antaninarenina",1880,143,"38K","38K2H6S4Q",2,2026-08-31 07:40:15.8500000,0,741,0,2026-08-31 07:40:15.8500000,-23.366670,47.616670
53400,"Vangaindrano",1880,143,"38K","38K2H6S4Q",2,2026-08-31 07:40:20.1600000,0,741,0,2026-08-31 07:40:20.1600000,-23.350000,47.600000
53710,"Tsiately",1880,143,"38K","38K2H6S4Q",2,2026-08-31 07:40:58.7700000,0,741,0,2026-08-31 07:40:58.7700000,-23.316670,47.616670
2532410,"Juhnsdorf",713,57,"33U","33U1H4S4Q",2,2025-05-15 11:33:54.8730000,0,12967,0,2026-08-31 07:41:38.3970000,52.300000,13.383330
2355415,"Kervoas Lez",961,75,"30U","30U2H5S3Q",2,2013-05-15 10:48:20.9730000,0,39113,0,2026-08-31 07:42:20.2070000,48.700000,-3.516670
2355390,"Kernevez",961,75,"30U","30U2H5S3Q",2,2016-01-27 00:43:06.6830000,0,35825,0,2026-08-31 07:42:26.5470000,48.699030,-3.479340
2355417,"Ploubezre",961,75,"30U","30U2H5S3Q",2,2016-01-27 00:42:40.2600000,0,506414,914,2026-08-31 07:42:34.0770000,48.700000,-3.450000
2356193,"Saint-Patrice",961,75,"30U","30U2H5S3Q",2,2016-01-27 06:45:02.0600000,0,256337,0,2026-08-31 07:42:38.7330000,48.716670,-3.466670
2356194,"Buhulien",961,75,"30U","30U2H5S3Q",2,2013-05-15 07:15:08.8930000,0,64757,0,2026-08-31 07:42:44.5030000,48.716670,-3.400000
2355333,"Kermeur",961,75,"30U","30U2H5S3Q",2,2013-06-04 10:55:12.1270000,0,33037,0,2026-08-31 07:42:49.0330000,48.696170,-3.414750
2354612,"Kerfaoues",961,75,"30U","30U2H5S3Q",2,2013-05-21 15:20:40.9730000,0,32921,0,2026-08-31 07:42:53.3130000,48.683330,-3.416670
2354545,"Kerugan",961,75,"30U","30U2H5S3Q",2,2013-05-21 15:22:50.0170000,0,21459,0,2026-08-31 07:42:57.4330000,48.679340,-3.419420
2451407,"Souvre",255,20,"31U","31U2H3S4Q",2,2025-03-21 00:48:24.7330000,0,1872545,0,2026-08-31 07:43:44.7170000,50.730170,5.702840
2208244,"Melegnanello",1375,110,"32T","32T1H5S2Q",3,2026-08-31 07:44:52.1670000,0,0,9806,2026-08-31 07:45:03.2300000,45.233330,9.616670
2665912,"Kobyakovo",2671,192,"37U","37U1H1S2Q",2,2023-03-14 19:30:57.9630000,0,15375,362,2026-08-31 07:46:05.8930000,55.594080,37.004180
2665931,"Sidorovskoye",2671,192,"37U","37U1H1S2Q",2,2022-12-29 06:31:09.6530000,0,7622,989,2026-08-31 07:46:31.4030000,55.595520,37.025790
61439,"Antevamena",1877,143,"38K","38K2H5S1Q",2,2026-08-31 07:51:20.2770000,0,741,0,2026-08-31 07:51:20.2770000,-22.333330,44.533330
61322,"Amberomena",1877,143,"38K","38K2H5S1Q",2,2026-08-31 07:51:26.0370000,0,741,0,2026-08-31 07:51:26.0370000,-22.350000,44.550000
61321,"Mandramba",1877,143,"38K","38K2H5S1Q",2,2026-08-31 07:51:26.8870000,0,741,0,2026-08-31 07:51:26.8870000,-22.350000,44.450000
61438,"Ampisoha",1877,143,"38K","38K2H5S1Q",2,2026-08-31 07:51:29.9770000,0,741,0,2026-08-31 07:51:29.9770000,-22.333330,44.433330
61210,"Ampasy",1877,143,"38K","38K2H5S1Q",2,2026-08-31 07:51:32.4930000,0,741,0,2026-08-31 07:51:32.4930000,-22.366670,44.416670
61209,"Anjiojio",1877,143,"38K","38K2H5S1Q",2,2026-08-31 07:51:40.2100000,0,741,0,2026-08-31 07:51:40.2100000,-22.366670,44.383330
54045,"Soamanova",1880,143,"38K","38K2H6S4Q",2,2026-08-31 07:54:20.9000000,46,300,0,2026-08-31 07:54:20.9000000,-23.283330,47.600000
54348,"Mavogisy",1880,143,"38K","38K2H6S4Q",2,2026-08-31 07:54:28.3230000,0,997,0,2026-08-31 07:54:28.3230000,-23.250000,47.600000
53556,"Ampasimalemy",1880,143,"38K","38K2H6S4Q",2,2026-08-31 07:54:41.5300000,0,741,0,2026-08-31 07:54:41.5300000,-23.333330,47.583330
53877,"Karimbary",1880,143,"38K","38K2H6S4Q",2,2026-08-31 07:54:46.3330000,0,741,0,2026-08-31 07:54:46.3330000,-23.300000,47.583330
1881850,"Uchisar",3292,225,"36S","36S1H3S3Q",3,2015-08-25 20:47:42.5170000,0,0,311345,2026-08-31 07:55:13.7500000,38.628540,34.801250
2670265,"Veshnyaki",2670,192,"37U","37U1H1S2Q",2,2019-03-06 14:43:54.5230000,0,1325417,0,2026-08-31 08:05:03.5530000,55.723930,37.819520
2670746,"Perovo",2670,192,"37U","37U1H1S2Q",2,2022-11-18 06:05:02.0170000,0,1343835,0,2026-08-31 08:05:11.0470000,55.735010,37.790880
2670640,"Ryazanskiy",2670,192,"37U","37U1H1S2Q",2,2023-04-07 20:44:59.2930000,0,1764141,0,2026-08-31 08:05:16.7570000,55.733330,37.766670
2670639,"Karacharovo",2670,192,"37U","37U1H1S2Q",2,2023-04-21 13:52:34.5870000,0,1417181,0,2026-08-31 08:05:20.7730000,55.733330,37.750000
61000,"Mafilea Avaratra",1877,143,"38K","38K2H5S1Q",2,2026-08-31 08:05:24.9000000,0,741,0,2026-08-31 08:05:24.9000000,-22.400000,44.350000
2670638,"Khokhlovka",2670,192,"37U","37U1H1S2Q",2,2023-04-29 11:43:07.2300000,0,3091842,0,2026-08-31 08:05:25.5430000,55.733330,37.716670
60889,"Mafilea Atsimo",1877,143,"38K","38K2H5S1Q",2,2026-08-31 08:05:28.4400000,0,741,0,2026-08-31 08:05:28.4400000,-22.416670,44.333330
2671776,"Lefortovo",2670,192,"37U","37U1H1S2Q",2,2019-04-20 16:39:18.4600000,0,3770669,0,2026-08-31 08:05:31.0370000,55.766670,37.700000
60890,"Bekopay",1877,143,"38K","38K2H5S1Q",2,2026-08-31 08:05:32.0670000,0,741,0,2026-08-31 08:05:32.0670000,-22.416670,44.383330
60891,"Miary Afovoany",1877,143,"38K","38K2H5S1Q",2,2026-08-31 08:05:35.4330000,0,741,0,2026-08-31 08:05:35.4330000,-22.416670,44.400000
60770,"Miary Atsimo",1877,143,"38K","38K2H5S1Q",2,2026-08-31 08:05:39.9430000,0,741,0,2026-08-31 08:05:39.9430000,-22.433330,44.400000
2672995,"Sokol'niki",2670,192,"37U","37U1H1S2Q",2,2022-11-06 13:48:21.5030000,0,2862147,0,2026-08-31 08:05:47.0300000,55.802020,37.671590
60427,"Anadabo",1877,143,"38K","38K2H5S1Q",2,2026-08-31 08:05:57.6200000,0,1941,0,2026-08-31 08:05:58.8900000,-22.483330,44.350000
2353785,"Tonquedec",961,75,"30U","30U2H5S3Q",2,2013-06-05 06:03:00.3800000,0,38432,0,2026-08-31 08:06:03.2530000,48.666670,-3.400000
60649,"Besalampy",1877,143,"38K","38K2H5S1Q",2,2026-08-31 08:06:04.7700000,0,741,0,2026-08-31 08:06:04.7700000,-22.450000,44.333330
2352991,"Mouster",961,75,"30U","30U2H5S3Q",2,2016-09-14 10:45:29.4100000,0,29673,0,2026-08-31 08:06:06.9100000,48.650000,-3.400000
2353784,"Crech Guen",961,75,"30U","30U2H5S3Q",2,2013-05-21 15:25:31.0000000,0,20122,0,2026-08-31 08:06:10.8070000,48.666670,-3.433330
2352992,"Kernalegan",961,75,"30U","30U2H5S3Q",2,2023-05-06 07:03:46.1500000,0,25646,0,2026-08-31 08:06:16.5870000,48.650000,-3.383330
2352993,"Pluzunet",961,75,"30U","30U2H5S3Q",2,2013-07-31 16:26:19.5500000,0,18822,0,2026-08-31 08:06:21.6370000,48.650000,-3.366670
2352994,"Kerverot",961,75,"30U","30U2H5S3Q",2,2016-09-14 10:45:01.3700000,0,34200,0,2026-08-31 08:06:25.7900000,48.650000,-3.350000
2352995,"Kerbomare",961,75,"30U","30U2H5S3Q",2,2013-12-06 05:45:45.0270000,0,18368,0,2026-08-31 08:06:29.6500000,48.650000,-3.333330
2352174,"Le Loch",961,75,"30U","30U2H5S3Q",2,2016-09-14 10:44:04.1570000,0,19608,0,2026-08-31 08:06:33.7000000,48.633330,-3.350000
2630327,"Gdynia",2449,180,"34U","34U1H1S3Q",2,2019-04-09 14:47:15.3470000,0,21170112,0,2026-08-31 08:07:42.0770000,54.518890,18.531880
54197,"Maroafo",1880,143,"38K","38K2H6S4Q",2,2026-08-31 08:08:20.8770000,0,1517,0,2026-08-31 08:08:20.8770000,-23.266670,47.600000
54487,"Ambolotara",1880,143,"38K","38K2H6S4Q",2,2026-08-31 08:08:27.9570000,0,741,0,2026-08-31 08:08:27.9570000,-23.233330,47.566670
54767,"Betsiraha",1880,143,"38K","38K2H6S4Q",2,2026-08-31 08:08:31.3630000,0,741,0,2026-08-31 08:08:31.3630000,-23.200000,47.583330
55068,"Manatsity",1880,143,"38K","38K2H6S4Q",2,2026-08-31 08:08:37.7900000,0,997,0,2026-08-31 08:08:37.7900000,-23.166670,47.583330
60428,"Iaborosy",1877,143,"38K","38K2H5S1Q",2,2026-08-31 08:09:40.1330000,0,741,0,2026-08-31 08:09:40.1330000,-22.483330,44.383330
60214,"Ampasimaika",1877,143,"38K","38K2H5S1Q",2,2026-08-31 08:09:44.5700000,0,741,0,2026-08-31 08:09:44.5700000,-22.516670,44.450000
60105,"Besavoa",1877,143,"38K","38K2H5S1Q",2,2026-08-31 08:09:48.5500000,0,741,0,2026-08-31 08:09:48.5500000,-22.533330,44.533330
2295421,"Altreute",129,12,"32T","32T1H2S2Q",3,2024-10-13 08:37:41.4370000,0,0,20793,2026-08-31 08:13:24.4730000,47.510830,9.764720
2797315,"Kahiluoto",929,70,"34V","34V1H5S4Q",3,2026-08-31 08:14:45.6000000,0,0,4941,2026-08-31 08:15:00.1600000,60.500000,21.550000
59984,"Ambia",1877,143,"38K","38K2H5S1Q",2,2026-08-31 08:15:39.3770000,0,741,0,2026-08-31 08:15:39.3770000,-22.550000,44.516670
59862,"Vohipasy",1877,143,"38K","38K2H5S1Q",2,2026-08-31 08:15:42.5300000,0,741,0,2026-08-31 08:15:42.5300000,-22.566670,44.550000
59634,"Sambelomasy",1877,143,"38K","38K2H5S1Q",2,2026-08-31 08:15:45.1430000,0,741,0,2026-08-31 08:15:45.1430000,-22.600000,44.533330
59749,"Ambatry",1877,143,"38K","38K2H5S1Q",2,2026-08-31 08:15:50.9470000,0,741,0,2026-08-31 08:15:50.9470000,-22.583330,44.416670
59632,"Tsinjoravy",1877,143,"38K","38K2H5S1Q",2,2026-08-31 08:15:54.1500000,0,741,0,2026-08-31 08:15:54.1500000,-22.600000,44.450000
2773542,"Monuste",856,64,"35V","35V2H1S1Q",2,2026-08-31 08:17:46.8270000,0,3526,0,2026-08-31 08:18:03.4500000,59.135280,24.423060
2774517,"Kata",856,64,"35V","35V2H1S1Q",2,2026-08-31 08:18:09.4400000,0,2328,0,2026-08-31 08:18:15.2800000,59.183330,24.450000
2774646,"Ruila",856,64,"35V","35V2H1S1Q",2,2026-08-31 08:18:19.9600000,0,2326,0,2026-08-31 08:18:21.9970000,59.190000,24.428330
2774749,"Laitse",856,64,"35V","35V2H1S1Q",2,2026-08-30 18:19:03.5700000,0,2265,49,2026-08-31 08:18:27.1400000,59.199440,24.380280
2212471,"Kerch",3435,230,"37T","37T1H4S1Q",1,2026-08-28 21:18:48.2570000,2700,300,0,2026-08-31 08:19:54.3470000,45.357990,36.467980
2212349,"Hirka",3435,230,"37T","37T1H4S1Q",1,2026-08-29 11:39:26.9500000,2800,300,0,2026-08-31 08:20:05.5930000,45.351620,36.454130
2211902,"Marat",3435,230,"37T","37T1H4S1Q",1,2022-07-29 09:28:40.5900000,6032,300,0,2026-08-31 08:20:21.1230000,45.340320,36.455770
52510,"Ambapaka",1880,143,"38K","38K2H6S4Q",2,2026-08-31 08:20:35.9700000,0,741,0,2026-08-31 08:20:35.9700000,-23.450000,47.600000
52802,"Vohipanany",1880,143,"38K","38K2H6S4Q",2,2026-08-31 08:20:39.8270000,0,741,0,2026-08-31 08:20:39.8270000,-23.416670,47.616670
52957,"Bemitsa",1880,143,"38K","38K2H6S4Q",2,2026-08-31 08:20:42.9500000,0,741,0,2026-08-31 08:20:42.9500000,-23.400000,47.600000
2212872,"Vishnevoye",3435,230,"37T","37T1H4S1Q",1,2020-04-09 14:50:41.4870000,1041,300,0,2026-08-31 08:20:52.9470000,45.366670,36.283330
52662,"Ankazomasy",1880,143,"38K","38K2H6S4Q",2,2026-08-31 08:20:54.9900000,0,741,0,2026-08-31 08:20:54.9900000,-23.433330,47.600000
2471025,"Steinigtwolmsdorf",704,57,"33U","33U2H2S1Q",3,2026-08-31 08:22:19.6700000,0,0,417,2026-08-31 08:22:19.6700000,51.063140,14.345400
2124557,"Saint-Tropez",946,75,"32T","32T2H1S1Q",1,2025-04-09 15:28:59.7230000,1325263,0,36600,2026-08-31 08:22:24.2500000,43.266670,6.633330
2202306,"Sadove",3435,230,"36T","36T1H6S2Q",1,2026-08-22 10:38:36.2200000,2296,300,0,2026-08-31 08:22:32.0900000,45.090890,35.198740
2516715,"Bletchley",979,77,"30U","30U2H3S2Q",1,2014-06-17 05:37:04.0700000,1702943,5704,4800,2026-08-31 08:22:41.9600000,51.983330,-0.733330
2472564,"Viehbighauser",704,57,"33U","33U2H2S1Q",3,2026-08-31 08:22:44.8930000,0,0,423,2026-08-31 08:22:44.8930000,51.083330,14.316670
2200462,"Klyuchove",3435,230,"36T","36T1H6S2Q",1,2026-08-22 17:00:50.6000000,2901,300,0,2026-08-31 08:22:50.3400000,45.050020,35.213800
2199315,"Vidvazhne",3435,230,"36T","36T1H6S2Q",1,2026-08-23 06:10:19.0030000,2964,300,0,2026-08-31 08:22:55.9800000,45.032430,35.217250
2472041,"Ringenhain",704,57,"33U","33U2H2S1Q",3,2026-08-31 08:22:59.2030000,0,0,484,2026-08-31 08:22:59.2030000,51.079260,14.333900
2197691,"Nanikove",3435,230,"36T","36T1H6S4Q",1,2026-08-22 13:49:39.7600000,2306,300,0,2026-08-31 08:23:00.3270000,44.998520,35.223930
2471891,"Birkguthauser",704,57,"33U","33U2H2S1Q",3,2026-08-31 08:23:13.5300000,0,0,421,2026-08-31 08:23:13.5300000,51.073900,14.345330
2471937,"Weifa",704,57,"33U","33U2H2S1Q",3,2026-08-31 08:23:32.7300000,0,0,420,2026-08-31 08:23:32.7300000,51.075810,14.361190
2473574,"Wilthen",704,57,"33U","33U2H2S1Q",3,2026-08-31 08:25:03.8870000,0,0,504,2026-08-31 08:25:03.8870000,51.100000,14.400000
51923,"Bemahala",1880,143,"38K","38K2H6S4Q",2,2026-08-31 08:25:17.5230000,0,741,0,2026-08-31 08:25:17.5230000,-23.516670,47.616670
2507243,"Fominichi",2646,192,"37U","37U2H3S1Q",1,2026-08-31 08:25:22.0100000,1200,0,0,2026-08-31 08:25:22.0100000,51.783060,40.099720
2507561,"Vladimirovka",2646,192,"37U","37U2H3S1Q",1,2026-08-31 08:25:25.5100000,1200,0,0,2026-08-31 08:25:25.5100000,51.783330,40.666670
2507568,"Stepnoy",2657,192,"39U","39U2H2S1Q",1,2026-08-31 08:25:30.3070000,1200,0,0,2026-08-31 08:25:30.3070000,51.783330,50.100000
2507569,"Konduktorovskiy",2657,192,"39U","39U2H2S1Q",1,2026-08-31 08:25:33.3400000,1200,0,0,2026-08-31 08:25:33.3400000,51.783330,50.350000
2406668,"Ledce",697,56,"33U","33U2H4S2Q",2,2026-08-31 08:25:33.4930000,0,1120,0,2026-08-31 08:25:33.4930000,49.821630,13.328420
2507571,"Volya",2665,192,"39U","39U2H3S2Q",1,2026-08-31 08:25:36.3500000,1200,0,0,2026-08-31 08:25:36.3500000,51.783330,53.233330
2507574,"Molochnyy",2665,192,"40U","40U2H1S1Q",1,2026-08-31 08:25:39.3330000,1200,0,0,2026-08-31 08:25:39.3330000,51.783330,54.066670
2507576,"Troitskiy",2665,192,"40U","40U2H1S1Q",1,2026-08-31 08:25:43.2800000,1200,0,0,2026-08-31 08:25:43.2800000,51.783330,54.683330
2507584,"Aleksandrovka",2665,192,"40U","40U2H2S1Q",1,2026-08-31 08:25:48.0200000,1200,0,0,2026-08-31 08:25:48.0200000,51.783330,56.350000
2208756,"Turano Lodigiano",1375,110,"32T","32T1H5S2Q",3,2026-08-31 08:26:35.5870000,0,0,3562,2026-08-31 08:26:38.8170000,45.248870,9.621460
2059759,"Jenne",1377,110,"33T","33T2H4S2Q",3,2013-04-26 23:11:37.7230000,0,0,116968,2026-08-31 08:27:14.4730000,41.888820,13.169590
2507585,"Lodygina",2665,192,"40U","40U2H2S1Q",1,2026-08-31 08:27:16.4330000,1200,0,0,2026-08-31 08:27:16.4370000,51.783330,56.450000
2059514,"Ienne",1377,110,"33T","33T2H4S2Q",3,2013-04-26 23:11:48.4500000,0,0,20632,2026-08-31 08:27:21.6630000,41.883330,13.166670
2211855,"Capergnanica di Sotto",1375,110,"32T","32T1H5S2Q",3,2026-08-31 08:28:00.7930000,0,0,2282,2026-08-31 08:28:06.1400000,45.337570,9.643360
1861593,"Ihlara",3329,225,"36S","36S1H3S3Q",3,2025-08-21 13:34:41.6200000,0,0,275000,2026-08-31 08:31:09.0870000,38.241230,34.303120
2363539,"Villemomble",955,75,"31U","31U2H5S3Q",3,2022-09-14 17:22:07.3670000,360,4696,10988,2026-08-31 08:32:33.5900000,48.883330,2.500000
2774516,"Maekula",856,64,"35V","35V2H1S1Q",2,2026-08-31 08:32:48.9970000,0,2301,0,2026-08-31 08:32:51.8800000,59.183330,24.383330
2365637,"Gennevilliers",955,75,"31U","31U2H5S3Q",3,2023-12-13 07:26:50.5170000,0,0,277270,2026-08-31 08:32:57.2430000,48.933330,2.300000
2774865,"Moisakula",856,64,"35V","35V2H1S1Q",2,2026-08-31 08:32:55.2700000,0,2320,0,2026-08-31 08:33:00.3030000,59.200000,24.416670
2366077,"Villeneuve-la-Garenne",955,75,"31U","31U2H5S3Q",3,2024-08-17 19:50:16.4970000,0,0,26804,2026-08-31 08:33:06.1100000,48.939350,2.314780
2775093,"Vaingu",856,64,"35V","35V2H1S1Q",2,2026-08-31 08:33:06.6930000,0,2335,0,2026-08-31 08:33:09.2300000,59.213060,24.464720
2295636,"Hof",129,12,"32T","32T1H2S2Q",3,2025-08-28 09:20:44.0800000,0,0,20701,2026-08-31 08:34:16.1130000,47.516670,9.766670
2351373,"Paravel",961,75,"30U","30U2H5S3Q",2,2023-08-06 06:31:06.8570000,0,11047,0,2026-08-31 08:35:04.8530000,48.616670,-3.350000
2350541,"Saint-Eloi",961,75,"30U","30U2H5S3Q",2,2016-09-14 10:43:00.3630000,0,14267,0,2026-08-31 08:35:10.2900000,48.600000,-3.350000
2348795,"Louargat",961,75,"30U","30U2H5S3Q",2,2016-10-21 18:56:59.6000000,0,8981,0,2026-08-31 08:35:17.2770000,48.566670,-3.333330
2507586,"Mikhaylovka",2665,192,"40U","40U2H2S1Q",1,2026-08-31 08:35:18.8200000,1200,0,0,2026-08-31 08:35:18.8200000,51.783330,56.683330
2349659,"Le Manat",961,75,"30U","30U2H5S3Q",2,2024-01-07 15:21:33.6570000,0,4700,0,2026-08-31 08:35:21.7730000,48.583330,-3.316670
2507587,"Novokasmarskiy",2696,192,"40U","40U2H2S2Q",1,2026-08-31 08:35:23.5730000,1200,0,0,2026-08-31 08:35:23.5730000,51.783330,57.100000
2350542,"Launay",961,75,"30U","30U2H5S3Q",2,2013-05-28 17:30:22.9430000,0,13274,0,2026-08-31 08:35:26.7630000,48.600000,-3.316670
2507588,"Sartkamysh",2696,192,"40U","40U2H3S1Q",1,2026-08-31 08:35:26.8500000,1200,0,0,2026-08-31 08:35:26.8500000,51.783330,58.366670
2507598,"Uglovskoy",2715,192,"44U","44U2H2S2Q",1,2026-08-31 08:35:29.9070000,1200,0,0,2026-08-31 08:35:29.9070000,51.783330,81.950000
2351374,"La Trinite",961,75,"30U","30U2H5S3Q",2,2014-09-23 06:27:16.0670000,0,14684,0,2026-08-31 08:35:31.4930000,48.616670,-3.316670
2352175,"Begard",961,75,"30U","30U2H5S3Q",2,2016-09-14 10:44:32.6070000,0,16490,0,2026-08-31 08:35:35.7200000,48.633330,-3.300000
2351375,"Guenezan",961,75,"30U","30U2H5S3Q",2,2023-08-06 06:31:31.4630000,0,8234,0,2026-08-31 08:35:39.5670000,48.616670,-3.283330
52511,"Saranony",1880,143,"38K","38K2H6S4Q",2,2026-08-31 08:36:02.5430000,0,741,0,2026-08-31 08:36:02.5430000,-23.450000,47.633330
52370,"Bekaraoka",1880,143,"38K","38K2H6S4Q",2,2026-08-31 08:36:06.8130000,0,741,0,2026-08-31 08:36:06.8130000,-23.466670,47.616670
53101,"Indonto",1880,143,"38K","38K2H6S4Q",2,2026-08-31 08:36:12.3100000,0,1941,0,2026-08-31 08:37:01.6070000,-23.383330,47.583330
2507599,"Krasnyy Altayets",2715,192,"44U","44U2H3S2Q",1,2026-08-31 08:39:46.5200000,1200,0,0,2026-08-31 08:39:46.5200000,51.783330,83.333330
2507600,"Lezhanovo",2715,192,"45U","45U2H1S2Q",1,2026-08-31 08:39:50.9000000,1200,0,0,2026-08-31 08:39:50.9000000,51.783330,85.166670
1886377,"Abdallar",3329,225,"36S","36S1H3S3Q",0,2026-08-31 08:42:46.9270000,0,0,0,2026-08-31 08:42:46.9270000,38.716670,34.200000
1887325,"Durhasanli",3329,225,"36S","36S1H3S3Q",0,2026-08-31 08:42:55.9500000,0,0,0,2026-08-31 08:42:55.9500000,38.733620,34.192880
1887237,"Pirli",3329,225,"36S","36S1H3S3Q",0,2026-08-31 08:43:09.6600000,0,0,0,2026-08-31 08:43:09.6600000,38.733330,34.166670
2350544,"Pedernec",961,75,"30U","30U2H5S3Q",2,2023-08-06 06:31:41.4470000,0,9476,0,2026-08-31 08:43:42.8700000,48.600000,-3.283330
2347889,"Treglamus",961,75,"30U","30U2H5S3Q",2,2024-01-25 12:00:33.3270000,0,2299,0,2026-08-31 08:43:54.5930000,48.550000,-3.283330
2347888,"Pen an Stang",961,75,"30U","30U2H5S3Q",2,2016-09-07 04:46:55.0200000,0,5051,0,2026-08-31 08:44:02.8270000,48.550000,-3.316670
59633,"Bemangily",1877,143,"38K","38K2H5S1Q",2,2026-08-31 08:48:48.9570000,0,741,0,2026-08-31 08:48:48.9570000,-22.600000,44.483330
59513,"Ankilibe-Manoy",1877,143,"38K","38K2H5S1Q",2,2026-08-31 08:48:57.8200000,0,741,0,2026-08-31 08:48:57.8200000,-22.616670,44.483330
59407,"Bekidresy",1877,143,"38K","38K2H5S1Q",2,2026-08-31 08:49:01.8770000,0,741,0,2026-08-31 08:49:01.8770000,-22.633330,44.516670
58926,"Ankilindro 2",1877,143,"38K","38K2H5S1Q",2,2026-08-31 08:49:05.4530000,0,741,0,2026-08-31 08:49:05.4530000,-22.700000,44.600000
59406,"Antevamena",1877,143,"38K","38K2H5S1Q",2,2026-08-31 08:49:19.4000000,0,741,0,2026-08-31 08:49:19.4000000,-22.633330,44.466670
59154,"Amboronabo",1877,143,"38K","38K2H5S1Q",2,2026-08-31 08:49:24.6570000,0,741,0,2026-08-31 08:49:24.6570000,-22.666670,44.400000
59153,"Ampihamy",1877,143,"38K","38K2H5S1Q",2,2026-08-31 08:49:27.2470000,0,741,0,2026-08-31 08:49:27.2470000,-22.666670,44.383330
59511,"Beampombo-Soaserana",1877,143,"38K","38K2H5S1Q",2,2026-08-31 08:49:30.3700000,0,741,0,2026-08-31 08:49:30.3700000,-22.616670,44.350000
2791727,"Helsinki",927,70,"35V","35V1H4S3Q",1,2017-08-21 23:27:26.1800000,12965037,0,0,2026-08-31 08:49:39.7500000,60.169520,24.935450
59631,"Besavoa",1877,143,"38K","38K2H5S1Q",2,2026-08-31 08:49:51.4870000,0,741,0,2026-08-31 08:49:51.4870000,-22.600000,44.333330
2648425,"New Galloway",977,77,"30U","30U1H1S2Q",3,2026-08-31 08:54:06.9270000,0,0,1060,2026-08-31 08:54:06.9270000,55.066670,-4.150000
2648992,"Balmaclellan",977,77,"30U","30U1H1S2Q",3,2026-08-31 08:54:14.8530000,0,0,1067,2026-08-31 08:54:14.8530000,55.083330,-4.116670
2649537,"Drumwhirn",977,77,"30U","30U1H2S1Q",3,2026-08-31 08:54:29.9500000,138,0,1124,2026-08-31 08:54:29.9500000,55.100000,-3.966670
2649536,"Dalry",977,77,"30U","30U1H1S2Q",3,2026-08-31 08:54:40.7830000,0,0,1067,2026-08-31 08:54:40.7830000,55.100000,-4.166670
2652744,"Craigdarroch",977,77,"30U","30U1H2S1Q",3,2026-08-31 08:54:51.2700000,0,0,1049,2026-08-31 08:54:51.2700000,55.200000,-3.983330
2652218,"Moniaive",977,77,"30U","30U1H2S1Q",3,2026-08-31 08:54:56.9900000,130,0,1124,2026-08-31 08:54:56.9900000,55.183330,-3.916670
2624378,"Gdansk",2449,180,"34U","34U1H1S3Q",2,2019-06-07 12:01:43.3100000,0,11043230,0,2026-08-31 08:54:57.0330000,54.352050,18.646370
2653297,"Tynron",977,77,"30U","30U1H2S1Q",3,2026-08-31 08:55:03.3400000,0,0,1049,2026-08-31 08:55:03.3400000,55.216670,-3.883330
2295542,"Moos",129,12,"32T","32T1H2S2Q",3,2024-10-10 09:35:15.6900000,0,0,20773,2026-08-31 08:55:36.1300000,47.515830,9.784720
2653296,"Carsphairn",977,77,"30U","30U1H1S2Q",3,2026-08-31 08:55:39.5430000,0,0,1078,2026-08-31 08:55:39.5430000,55.216670,-4.266670
2796806,"Rajakulma",927,70,"35V","35V1H4S4Q",1,2026-08-31 02:11:00.6530000,20716,0,0,2026-08-31 08:55:49.8630000,60.468610,25.168330
2433827,"Saint Budeaux",979,77,"30U","30U2H1S4Q",1,2026-07-27 18:52:56.7470000,58758,0,0,2026-08-31 08:57:39.0430000,50.400000,-4.166670
1898986,"Bogazkoy",3329,225,"36S","36S1H2S4Q",2,2026-07-20 19:41:48.8370000,0,9892,0,2026-08-31 08:58:12.6500000,38.959780,33.883570
1900267,"Sariyahsi",3329,225,"36S","36S1H2S4Q",0,2026-08-31 08:58:19.8500000,0,0,0,2026-08-31 08:58:19.8500000,38.982550,33.844370
1893260,"Eley",3322,225,"36S","36S1H2S4Q",3,2026-08-31 08:58:37.3570000,0,0,1250,2026-08-31 08:58:37.3570000,38.851940,33.752560
1893097,"Devekovan",3322,225,"36S","36S1H2S4Q",3,2026-08-31 08:58:43.3900000,0,0,1250,2026-08-31 08:58:43.3900000,38.850000,33.733330
1894814,"Cavlak",3322,225,"36S","36S1H2S4Q",3,2026-08-31 08:58:48.4100000,0,0,1250,2026-08-31 08:58:48.4100000,38.883330,33.733330
1896041,"Bagobasi",3322,225,"36S","36S1H2S4Q",3,2026-08-31 08:58:53.1630000,0,0,1250,2026-08-31 08:58:53.1630000,38.907060,33.703710
1897487,"Cingil",3322,225,"36S","36S1H2S4Q",3,2026-08-31 08:59:00.6730000,0,0,1250,2026-08-31 08:59:00.6730000,38.933330,33.700000
1902815,"Catalpinar",3322,225,"36S","36S1H2S2Q",3,2026-08-31 08:59:12.6670000,0,0,1250,2026-08-31 08:59:12.6670000,39.026310,33.721030
1904227,"Solakusagi",3322,225,"36S","36S1H2S2Q",3,2026-08-31 08:59:18.9000000,0,0,1250,2026-08-31 08:59:18.9000000,39.050000,33.716670
1901127,"Karabuk",3322,225,"36S","36S1H2S4Q",3,2026-08-31 08:59:25.5300000,0,0,1250,2026-08-31 08:59:25.5300000,38.997620,33.626860
2793439,"Viiskorpi",927,70,"35V","35V1H4S3Q",1,2022-12-09 21:25:01.7200000,103999,0,0,2026-08-31 09:00:18.1930000,60.266940,24.721980
2348798,"Kervoalan",961,75,"30U","30U2H5S3Q",2,2024-05-04 13:31:55.7370000,0,3716,0,2026-08-31 09:00:32.9900000,48.566670,-3.216670
2349661,"Plouisy",961,75,"30U","30U2H5S3Q",2,2024-05-04 13:31:49.8230000,0,2725,0,2026-08-31 09:00:41.0930000,48.583330,-3.200000
2348799,"Graces",961,75,"30U","30U2H5S3Q",2,2024-05-04 13:31:45.0770000,0,2671,0,2026-08-31 09:00:48.0500000,48.566670,-3.183330
2347890,"Lech-Leonec",961,75,"30U","30U2H5S3Q",2,2024-05-04 13:31:35.8470000,0,2575,0,2026-08-31 09:00:53.7870000,48.550000,-3.183330
2347891,"Guingamp",961,75,"30U","30U2H5S3Q",2,2024-05-25 00:07:10.1800000,0,22267,0,2026-08-31 09:00:58.7100000,48.550000,-3.150000
2347892,"Ploumagoar",961,75,"30U","30U2H5S3Q",2,2024-05-25 00:07:14.9200000,0,22389,0,2026-08-31 09:01:04.1430000,48.550000,-3.133330
2774317,"Sutlema",847,64,"35V","35V2H1S1Q",2,2026-08-31 09:03:34.5700000,0,2405,0,2026-08-31 09:03:37.1070000,59.173330,24.623610
2774707,"Aespa",847,64,"35V","35V2H1S1Q",2,2026-08-31 09:03:42.0170000,0,2362,0,2026-08-31 09:03:44.0870000,59.196110,24.658610
2774971,"Tohisoo",847,64,"35V","35V2H1S1Q",2,2026-08-31 09:03:47.5270000,0,2362,0,2026-08-31 09:03:49.6800000,59.202220,24.661110
2774956,"Parinurme",847,64,"35V","35V2H1S1Q",2,2026-08-31 09:03:53.3430000,0,2379,0,2026-08-31 09:03:56.6800000,59.200830,24.585830
2059276,"Arcinazzo Romano",1377,110,"33T","33T2H4S2Q",3,2014-01-25 23:05:03.6070000,0,0,101186,2026-08-31 09:06:30.6300000,41.879720,13.114390
59629,"Antanimainty Avaratra",1877,143,"38K","38K2H5S1Q",2,2026-08-31 09:06:47.0600000,0,741,0,2026-08-31 09:06:47.0600000,-22.600000,44.316670
59748,"Mitia",1877,143,"38K","38K2H5S1Q",2,2026-08-31 09:06:50.8870000,0,741,0,2026-08-31 09:06:50.8870000,-22.583330,44.266670
59510,"Betsaka",1877,143,"38K","38K2H5S1Q",2,2026-08-31 09:06:53.6100000,0,741,0,2026-08-31 09:06:53.6100000,-22.616670,44.266670
59405,"Beampombo Atsimo",1877,143,"38K","38K2H5S1Q",2,2026-08-31 09:06:56.5900000,0,741,0,2026-08-31 09:06:56.5900000,-22.633330,44.333330
59269,"Betapoaky",1877,143,"38K","38K2H5S1Q",2,2026-08-31 09:07:07.5600000,0,741,0,2026-08-31 09:07:07.5600000,-22.650000,44.483330
59155,"Ambovo",1877,143,"38K","38K2H5S1Q",2,2026-08-31 09:07:10.0930000,0,741,0,2026-08-31 09:07:10.0930000,-22.666670,44.466670
59156,"Ambinda-Mahebo",1877,143,"38K","38K2H5S1Q",2,2026-08-31 09:07:15.4570000,0,741,0,2026-08-31 09:07:15.4570000,-22.666670,44.500000
58925,"Mandriadanitra",1877,143,"38K","38K2H5S1Q",2,2026-08-31 09:07:20.8230000,0,741,0,2026-08-31 09:07:20.8230000,-22.700000,44.550000
58273,"Anja-Ampandrabe",1877,143,"38K","38K2H5S1Q",2,2026-08-31 09:08:45.7200000,0,741,0,2026-08-31 09:08:45.7200000,-22.783330,44.633330
58408,"Sakoazato",1877,143,"38K","38K2H5S1Q",2,2026-08-31 09:08:57.2830000,0,741,0,2026-08-31 09:08:57.2830000,-22.766670,44.616670
1908829,"Tokluman",3300,225,"36S","36S1H2S2Q",0,2026-08-31 09:09:36.9300000,0,0,0,2026-08-31 09:09:36.9300000,39.130760,33.721520
1980970,"Prinokhorion",1066,89,"34T","34T2H6S4Q",1,2026-08-31 09:10:35.6570000,14568,0,0,2026-08-31 09:10:52.8730000,40.400000,23.200000
2149648,"Verdun-sur-Garonne",951,75,"31T","31T2H1S2Q",3,2026-08-31 09:12:02.3600000,0,480,2585,2026-08-31 09:12:02.3600000,43.854460,1.234250
2674535,"Novoye Rostokino",2670,192,"37U","37U1H1S2Q",2,2022-11-14 19:17:33.7530000,0,1654447,0,2026-08-31 09:13:05.6700000,55.850000,37.666670
2675663,"Yaroslavskiy",2670,192,"37U","37U1H1S2Q",2,,0,1339503,0,2026-08-31 09:13:13.8400000,55.883330,37.716670
2349662,"Pabu",961,75,"30U","30U2H5S3Q",2,2024-01-25 10:26:11.6000000,0,3180,0,2026-08-31 09:13:17.1400000,48.583330,-3.133330
2689673,"Springfield",977,77,"30V","30V2H5S3Q",3,2025-06-01 15:05:33.2100000,0,300,1186093,2026-08-31 09:13:19.8270000,56.283330,-3.066670
2349663,"Saint-Paterne",961,75,"30U","30U2H5S3Q",2,2024-01-25 10:36:31.0000000,0,2483,0,2026-08-31 09:13:21.4230000,48.583330,-3.116670
2351381,"Kermilon",961,75,"30U","30U2H5S3Q",2,2024-01-25 10:26:05.0230000,0,4294,0,2026-08-31 09:13:26.0300000,48.616670,-3.133330
2689102,"Pitlessie",977,77,"30V","30V2H5S3Q",3,2025-05-29 10:20:53.4600000,2399,300,983497,2026-08-31 09:13:26.2470000,56.266670,-3.066670
2352177,"Squiffiec",961,75,"30U","30U2H5S3Q",2,2014-03-07 15:23:27.8730000,0,9974,0,2026-08-31 09:13:31.8630000,48.633330,-3.150000
2686711,"Kennoway",977,77,"30V","30V2H5S3Q",3,2025-06-18 12:23:46.3970000,0,300,592023,2026-08-31 09:13:39.5670000,56.200000,-3.050000
2149990,"Mas-de-Ponge",954,75,"31T","31T2H3S1Q",3,2019-10-26 15:44:03.7870000,0,0,550259,2026-08-31 09:14:59.4200000,43.866670,4.316670
53257,"Benahara",1880,143,"38K","38K2H6S4Q",2,2026-08-31 09:17:46.7570000,0,741,0,2026-08-31 09:17:46.7570000,-23.366670,47.566670
52956,"Analadinga",1880,143,"38K","38K2H6S4Q",2,2026-08-31 09:17:50.2370000,0,741,0,2026-08-31 09:17:50.2370000,-23.400000,47.583330
51922,"Ambalengo",1880,143,"38K","38K2H6S4Q",2,2026-08-31 09:17:55.2900000,0,741,0,2026-08-31 09:17:55.2900000,-23.516670,47.600000
51921,"Mahavelo",1880,143,"38K","38K2H6S4Q",2,2026-08-31 09:17:56.3300000,0,741,0,2026-08-31 09:17:56.3300000,-23.516670,47.583330
52231,"Vohitsiriky",1880,143,"38K","38K2H6S4Q",2,2026-08-31 09:17:59.2970000,0,741,0,2026-08-31 09:17:59.2970000,-23.483330,47.550000
51920,"Matanga",1880,143,"38K","38K2H6S4Q",2,2026-08-31 09:18:02.9770000,0,741,0,2026-08-31 09:18:02.9770000,-23.516670,47.550000
51718,"Antanatanana",1880,143,"38K","38K2H6S4Q",2,2026-08-31 09:18:06.3470000,46,300,0,2026-08-31 09:18:06.3470000,-23.533330,47.566670
51537,"Tsararano",1880,143,"38K","38K2H6S4Q",2,2026-08-31 09:18:10.0270000,0,741,0,2026-08-31 09:18:10.0270000,-23.550000,47.583330
2686446,"Earlsferry",977,77,"30V","30V2H5S4Q",3,2025-06-19 17:54:26.2330000,0,300,184912,2026-08-31 09:19:09.1100000,56.189560,-2.833530
2295641,"Grasreute",129,12,"32T","32T1H2S2Q",3,2025-08-27 19:30:56.9800000,0,0,20970,2026-08-31 09:19:33.7300000,47.516670,9.800000
1724612,"Bethesda",3545,233,"17S","17S2H3S2Q",3,2013-12-07 07:37:49.6670000,0,900,3344268,2026-08-31 09:19:52.3230000,35.942370,-78.838340
1723654,"Lynn Crossroads",3545,233,"17S","17S2H3S2Q",3,2026-02-12 04:45:37.9670000,0,300,620070,2026-08-31 09:19:58.5900000,35.925980,-78.761390
1720388,"Lake Anne",3545,233,"17S","17S2H3S2Q",3,2013-12-28 02:23:34.8470000,0,300,1119721,2026-08-31 09:20:05.0600000,35.872370,-78.735280
58671,"Ankilindro I",1877,143,"38K","38K2H5S1Q",2,2026-08-31 09:20:12.3930000,0,741,0,2026-08-31 09:20:12.3930000,-22.733330,44.600000
57616,"Belavenona",1877,143,"38K","38K2H5S1Q",2,2026-08-31 09:20:25.0770000,0,741,0,2026-08-31 09:20:25.0800000,-22.866670,44.600000
1769067,"Boydton",3585,233,"17S","17S1H6S4Q",1,2024-02-12 14:30:26.6200000,768582,300,0,2026-08-31 09:20:29.2170000,36.667640,-78.387500
57753,"Vohimarina",1877,143,"38K","38K2H5S1Q",2,2026-08-31 09:20:29.2800000,0,741,0,2026-08-31 09:20:29.2800000,-22.850000,44.600000
57889,"Vohimary",1877,143,"38K","38K2H5S1Q",2,2026-08-31 09:20:35.4700000,0,741,0,2026-08-31 09:20:35.4700000,-22.833330,44.583330
58000,"Tarestsa",1877,143,"38K","38K2H5S1Q",2,2026-08-31 09:20:36.4900000,0,741,0,2026-08-31 09:20:36.4900000,-22.816670,44.566670
58138,"Ankaboka",1877,143,"38K","38K2H5S1Q",2,2026-08-31 09:20:41.6730000,0,741,0,2026-08-31 09:20:41.6730000,-22.800000,44.583330
58271,"Andingoza",1877,143,"38K","38K2H5S1Q",2,2026-08-31 09:20:45.1470000,0,741,0,2026-08-31 09:20:45.1470000,-22.783330,44.583330
58407,"Ankiliabo",1877,143,"38K","38K2H5S1Q",2,2026-08-31 09:21:06.1970000,0,741,0,2026-08-31 09:21:06.1970000,-22.766670,44.583330
57260,"Mitsinjobe II",1877,143,"38K","38K2H5S1Q",2,2026-08-31 09:21:32.9200000,0,741,0,2026-08-31 09:21:32.9200000,-22.900000,44.133330
1924088,"Amesville",3563,233,"17S","17S1H2S1Q",3,2016-01-13 04:37:06.2000000,0,1020,50000,2026-08-31 09:21:45.8900000,39.400630,-81.955700
2229954,"L'Epiphanie",459,38,"18T","18T1H6S1Q",1,2026-06-28 03:19:45.2370000,350960,0,0,2026-08-31 09:26:19.8930000,45.850080,-73.482460
2161671,"Bardino Vecchio",1376,110,"32T","32T1H5S3Q",1,2016-05-31 19:17:27.4170000,5801918,0,0,2026-08-31 09:26:50.4830000,44.189130,8.272020
2201634,"Spokiyne",3435,230,"36T","36T1H6S1Q",1,2022-08-12 04:53:20.5430000,618,300,0,2026-08-31 09:27:21.5000000,45.077570,34.197920
51538,"Nosy-Omby",1880,143,"38K","38K2H6S4Q",2,2026-08-31 09:27:28.8800000,46,1041,0,2026-08-31 09:27:28.8800000,-23.550000,47.600000
2200024,"Urozhayne",3435,230,"36T","36T1H6S1Q",1,2022-08-11 14:59:06.7130000,944,300,0,2026-08-31 09:27:35.5330000,45.045220,34.135110
51347,"Vohimalaza",1880,143,"38K","38K2H6S4Q",2,2026-08-31 09:27:37.3470000,0,741,0,2026-08-31 09:27:37.3470000,-23.566670,47.583330
51158,"Ambalavato",1880,143,"38K","38K2H6S4Q",2,2026-08-31 09:27:39.9070000,0,741,0,2026-08-31 09:27:39.9070000,-23.583330,47.616670
2677624,"Gorki",2671,192,"37U","37U1H1S2Q",2,2024-08-15 04:53:00.8400000,0,34452,0,2026-08-31 09:28:15.3300000,55.940830,37.893330
2677527,"Krasnoznamenskiy",2671,192,"37U","37U1H1S2Q",2,2024-08-15 04:53:13.7000000,0,28076,0,2026-08-31 09:28:20.6230000,55.934720,37.940830
2677411,"Mal'tsevo",2671,192,"37U","37U1H1S2Q",2,2024-08-15 05:22:35.6200000,0,20870,0,2026-08-31 09:28:25.4870000,55.933330,37.950000
2151628,"Finhan",951,75,"31T","31T2H1S2Q",3,2026-08-31 09:28:28.5770000,0,2565,3619,2026-08-31 09:28:28.5770000,43.913350,1.221200
2677190,"Zagoryanskiy",2671,192,"37U","37U1H1S2Q",2,2024-01-22 22:25:41.1570000,0,21710,0,2026-08-31 09:28:32.0470000,55.932500,37.958060
2677412,"Khomutovo",2671,192,"37U","37U1H1S2Q",2,2024-01-22 22:25:26.4430000,0,24842,0,2026-08-31 09:28:38.4830000,55.933330,37.966670
2677692,"Vtoroye Potapovo",2671,192,"37U","37U1H1S2Q",2,2023-09-07 16:19:26.2230000,0,21701,0,2026-08-31 09:28:44.7300000,55.945000,37.968610
2435460,"Braddock",979,77,"30U","30U2H1S4Q",1,2026-08-03 08:20:28.4100000,7136,0,0,2026-08-31 09:28:58.7030000,50.433330,-4.583330
55718,"Sakondry",1877,143,"38K","38K2H5S3Q",2,2026-08-31 09:31:38.1830000,0,741,0,2026-08-31 09:31:38.1830000,-23.083330,44.383330
55842,"Adabofolo",1877,143,"38K","38K2H5S3Q",2,2026-08-31 09:31:42.1070000,0,741,0,2026-08-31 09:31:42.1070000,-23.066670,44.400000
55843,"Beagy",1877,143,"38K","38K2H5S3Q",2,2026-08-31 09:31:46.1630000,0,741,0,2026-08-31 09:31:46.1630000,-23.066670,44.416670
56113,"Behevo",1877,143,"38K","38K2H5S3Q",2,2026-08-31 09:31:49.1630000,0,741,0,2026-08-31 09:31:49.1630000,-23.033330,44.416670
56114,"Bekinana",1877,143,"38K","38K2H5S3Q",2,2026-08-31 09:31:50.6100000,0,741,0,2026-08-31 09:31:50.6100000,-23.033330,44.450000
56608,"Ambondrolava",1877,143,"38K","38K2H5S1Q",2,2026-08-31 09:31:53.4100000,0,741,0,2026-08-31 09:31:53.4100000,-22.966670,44.466670
55980,"Andoharano",1877,143,"38K","38K2H5S3Q",2,2026-08-31 09:31:57.4970000,0,741,0,2026-08-31 09:31:57.4970000,-23.050000,44.500000
56487,"Andranoteraka",1877,143,"38K","38K2H5S1Q",2,2026-08-31 09:32:00.7830000,0,741,0,2026-08-31 09:32:00.7870000,-22.983330,44.516670
57615,"Ankilivalo",1877,143,"38K","38K2H5S1Q",2,2026-08-31 09:32:57.0670000,0,741,0,2026-08-31 09:32:57.0670000,-22.866670,44.566670
2355423,"Quemper-Guezennec",961,75,"30U","30U2H5S3Q",2,2016-10-07 22:36:50.9000000,0,16070,0,2026-08-31 09:35:04.5600000,48.700000,-3.100000
2354616,"Le Faouet",961,75,"30U","30U2H5S3Q",2,2016-10-07 22:37:49.4230000,0,15485,0,2026-08-31 09:35:12.8230000,48.683330,-3.066670
2355424,"Lanleff",961,75,"30U","30U2H5S3Q",2,2016-09-25 16:36:34.8070000,0,11859,0,2026-08-31 09:35:19.5300000,48.700000,-3.050000
2356199,"Yvias",961,75,"30U","30U2H5S3Q",2,2016-10-07 22:39:46.2030000,0,19820,0,2026-08-31 09:35:24.8200000,48.716670,-3.050000
2356977,"Kerfot",961,75,"30U","30U2H5S3Q",2,2016-10-21 16:25:46.1230000,0,28497,0,2026-08-31 09:35:29.8130000,48.733330,-3.033330
2357748,"Plourivo",961,75,"30U","30U2H5S3Q",2,2016-10-21 16:33:07.8170000,0,35138,0,2026-08-31 09:35:34.5200000,48.750000,-3.066670
2358486,"Lezardrieux",961,75,"30U","30U2H5S3Q",2,2016-10-07 22:40:18.8300000,0,40119,0,2026-08-31 09:35:44.1000000,48.766670,-3.100000
1931439,"Mahmatlibahce",3322,225,"36S","36S1H2S1Q",3,2026-08-31 09:36:49.6330000,0,0,1250,2026-08-31 09:36:49.6330000,39.525340,32.839330
1931697,"Kirikli",3322,225,"36S","36S1H2S1Q",3,2026-08-31 09:36:56.0000000,0,0,1250,2026-08-31 09:36:56.0000000,39.530680,32.804420
2295642,"Langen",129,12,"32T","32T1H2S2Q",3,2025-08-27 07:42:13.3100000,0,0,20182,2026-08-31 09:40:01.9470000,47.516670,9.816670
2152849,"Montech",951,75,"31T","31T2H1S2Q",3,2026-08-31 09:40:16.5670000,0,1150,3102,2026-08-31 09:40:17.9200000,43.950000,1.233330
2677763,"Naberezhnaya",2671,192,"37U","37U1H1S2Q",2,2024-08-30 15:31:23.7300000,0,27441,0,2026-08-31 09:40:31.6070000,55.949170,37.950000
2678221,"Baybaki",2671,192,"37U","37U1H1S2Q",2,2024-01-22 22:25:09.8030000,0,39493,0,2026-08-31 09:40:35.7470000,55.958060,37.950830
2678606,"Novoselki-Slobodka",2671,192,"37U","37U1H1S2Q",2,2024-01-22 22:25:15.1430000,0,43814,0,2026-08-31 09:40:39.2800000,55.966670,37.950000
2679671,"Komyagino",2671,192,"37U","37U1H1S2Q",2,2025-06-10 04:21:29.2330000,0,225016,0,2026-08-31 09:40:48.5230000,56.000000,37.966670
2680221,"Levkovo",2671,192,"37V","37V2H4S4Q",2,2025-06-10 04:21:40.0230000,0,128340,0,2026-08-31 09:40:53.5970000,56.016670,37.950000
864502,"Ban Khlong Sip (1)",3203,218,"47P","47P1H3S3Q",2,2026-08-31 09:43:41.7730000,724,1250,0,2026-08-31 09:43:41.7730000,14.200000,100.833330
1769823,"Portopalo",1363,110,"33S","33S1H5S4Q",3,2023-02-16 04:43:55.0570000,600,0,261205,2026-08-31 09:43:50.9330000,36.682340,15.134600
1745052,"Reyville",3271,223,"32S","32S1H6S3Q",1,2026-08-31 09:44:57.1700000,1063,0,0,2026-08-31 09:44:57.1700000,36.283010,10.475580
2775891,"Voore",856,64,"35V","35V2H1S1Q",2,2026-08-31 09:45:09.5200000,0,2324,0,2026-08-31 09:45:18.6530000,59.251940,24.579440
2797830,"Mussalo",929,70,"34V","34V1H5S4Q",3,2026-08-31 09:45:23.8530000,2008,0,3900,2026-08-31 09:45:23.8570000,60.533330,21.550000
1754498,"Bi'r Bu Ruqbah",3261,223,"32S","32S1H6S3Q",1,2026-08-31 09:45:28.6730000,1085,0,0,2026-08-31 09:45:28.6730000,36.434820,10.565900
2775434,"Maidla",856,64,"35V","35V2H1S1Q",2,2026-08-31 09:45:25.4100000,0,2324,0,2026-08-31 09:45:31.8670000,59.233060,24.616110
2797831,"Leikluoto",929,70,"34V","34V1H5S4Q",3,2026-08-31 09:45:43.0030000,265,0,3066,2026-08-31 09:45:43.0030000,60.533330,21.583330
1755409,"Bi'r Shalluf",3261,223,"32S","32S1H6S3Q",1,2026-08-31 09:45:45.1630000,1059,0,0,2026-08-31 09:45:45.1630000,36.450000,10.716670
1931326,"Sogulcak",3322,225,"36S","36S1H2S1Q",0,2026-08-31 09:45:54.0430000,0,0,0,2026-08-31 09:45:54.0430000,39.523020,32.869220
2797832,"Vuorenpaa",929,70,"34V","34V1H5S4Q",1,2013-07-26 11:37:21.4170000,18883,0,300,2026-08-31 09:45:57.9500000,60.533330,21.616670
2775327,"Tagametsa",856,64,"35V","35V2H1S1Q",2,2026-08-31 09:46:03.6830000,0,2337,0,2026-08-31 09:46:06.1970000,59.221940,24.531670
1756710,"Beni Khiar",3261,223,"32S","32S1H6S3Q",1,2026-08-31 09:46:13.6330000,1091,0,0,2026-08-31 09:46:13.6330000,36.469170,10.782220
2797436,"Riihila",929,70,"34V","34V1H5S4Q",1,2013-07-20 15:38:10.8800000,496316,0,900,2026-08-31 09:46:14.0230000,60.502220,21.733060
1755244,"Douane",3271,223,"32S","32S1H6S3Q",1,2026-08-31 09:46:25.3330000,1060,0,0,2026-08-31 09:46:25.3330000,36.447660,10.755700
2797437,"Rautuinen",929,70,"34V","34V1H5S4Q",1,2013-07-20 13:57:23.1330000,260475,0,1200,2026-08-31 09:46:40.4430000,60.502220,21.811670
1763685,"Korba",3261,223,"32S","32S1H6S3Q",1,2026-08-31 09:46:47.4770000,1048,0,0,2026-08-31 09:46:47.4770000,36.578610,10.858610
2796532,"Kukolainen",929,70,"34V","34V1H5S4Q",1,2013-06-09 15:21:17.7400000,173247,0,900,2026-08-31 09:46:51.6770000,60.460560,21.835560
1763399,"Dawwar al Frinine",3261,223,"32S","32S1H6S3Q",1,2026-08-31 09:47:02.1500000,1043,0,0,2026-08-31 09:47:02.1500000,36.573240,10.666730
1775930,"Bellevue",3261,223,"32S","32S1H6S3Q",1,2026-08-31 09:47:42.6600000,1012,0,0,2026-08-31 09:47:42.6600000,36.777220,10.192500
50983,"Nosy-Be",1880,143,"38K","38K2H6S4Q",2,2026-08-31 09:47:47.7400000,0,741,0,2026-08-31 09:47:47.7400000,-23.600000,47.600000
862243,"Ban Khlong Ha (1)",3203,218,"47P","47P1H3S3Q",0,2010-01-01 00:00:00.0000000,0,0,0,2026-08-31 09:47:50.4100000,14.150000,100.716670
864496,"Ban Thai Wat",3195,218,"47P","47P1H3S3Q",2,2026-04-20 14:23:54.9800000,0,884886,0,2026-08-31 09:47:51.4500000,14.200000,100.550000
50982,"Vodivola",1880,143,"38K","38K2H6S4Q",2,2026-08-31 09:47:55.9800000,0,741,0,2026-08-31 09:47:55.9800000,-23.600000,47.583330
50981,"Ambatomena Roche",1880,143,"38K","38K2H6S4Q",2,2026-08-31 09:48:00.3970000,0,741,0,2026-08-31 09:48:00.3970000,-23.600000,47.550000
51157,"Vohidravy",1880,143,"38K","38K2H6S4Q",2,2026-08-31 09:48:11.8770000,0,741,0,2026-08-31 09:48:11.8770000,-23.583330,47.550000
850649,"Lam Luk Ka",3203,218,"47P","47P1H6S1Q",1,2026-01-28 15:17:33.5270000,1317472,0,0,2026-08-31 09:48:12.4600000,13.932260,100.749370
51346,"Mahatsinjo",1880,143,"38K","38K2H6S4Q",2,2026-08-31 09:48:15.6530000,0,741,0,2026-08-31 09:48:15.6530000,-23.566670,47.533330
51536,"Tseranambato",1880,143,"38K","38K2H6S4Q",2,2026-08-31 09:48:18.7570000,0,741,0,2026-08-31 09:48:18.7570000,-23.550000,47.533330
50840,"Sahamora",1880,143,"38K","38K2H6S4Q",2,2026-08-31 09:48:26.7600000,0,1517,0,2026-08-31 09:48:26.7600000,-23.616670,47.533330
2134219,"Lugovi",1863,141,"34T","34T2H1S2Q",2,2026-08-31 09:48:43.9700000,0,1200,0,2026-08-31 09:48:43.9700000,43.459440,19.029720
2133410,"Tatarovine",1863,141,"34T","34T2H1S2Q",2,2026-08-31 09:48:49.8500000,0,1200,0,2026-08-31 09:48:49.8500000,43.442780,19.011110
2133349,"Milovci",1863,141,"34T","34T2H1S2Q",2,2026-08-31 09:48:54.2800000,0,1200,0,2026-08-31 09:48:54.2800000,43.441110,19.001110
2132542,"Selo",1863,141,"34T","34T2H1S2Q",2,2026-08-31 09:49:03.3430000,0,1200,0,2026-08-31 09:49:03.3430000,43.423330,19.026390
2132552,"Omerovici",1863,141,"34T","34T2H1S2Q",2,2026-08-31 09:49:06.6170000,0,1200,0,2026-08-31 09:49:06.6170000,43.423610,19.031110
2132402,"Petine",1863,141,"34T","34T2H1S2Q",2,2026-08-31 09:49:13.0500000,0,1200,0,2026-08-31 09:49:13.0500000,43.418890,19.057220
2130804,"Vijenac",1863,141,"34T","34T2H1S2Q",2,2026-08-31 00:17:34.1070000,0,2400,0,2026-08-31 09:49:20.3500000,43.388610,19.095560
2130098,"Iva",1863,141,"34T","34T2H1S2Q",2,2026-08-31 09:49:23.3030000,0,1200,0,2026-08-31 09:49:23.3030000,43.377500,19.101940
2449482,"Trembleur",255,20,"31U","31U2H3S4Q",1,2025-11-15 11:25:07.2430000,101630,0,0,2026-08-31 09:49:33.3730000,50.695440,5.726040
1898676,"Spring Hill",3542,233,"18S","18S1H1S3Q",1,2026-08-31 09:49:13.0930000,2157,0,0,2026-08-31 09:49:39.1730000,38.953720,-77.106370
94466,"Ambalanirana",1878,143,"39K","39K1H1S3Q",2,2026-08-31 09:51:35.0730000,0,741,0,2026-08-31 09:51:35.0730000,-17.966670,48.233330
94615,"Anjozorokely",1878,143,"39K","39K1H1S3Q",2,2026-08-31 09:51:40.2200000,0,741,0,2026-08-31 09:51:40.2200000,-17.950000,48.216670
94914,"Ambohinaorina",1878,143,"39K","39K1H1S3Q",2,2026-08-31 09:51:43.6770000,0,741,0,2026-08-31 09:51:43.6770000,-17.916670,48.216670
95064,"Maharidaza",1878,143,"39K","39K1H1S3Q",2,2026-08-31 09:51:50.1230000,0,741,0,2026-08-31 09:51:50.1230000,-17.900000,48.233330
94786,"Andilanatoby",1878,143,"39K","39K1H1S3Q",2,2026-08-31 09:52:08.4070000,0,741,0,2026-08-31 09:52:08.4070000,-17.933330,48.233330
95218,"Vohidiala",1878,143,"39K","39K1H1S3Q",2,2026-08-31 09:52:13.9430000,0,741,0,2026-08-31 09:52:13.9430000,-17.883330,48.250000
95589,"Ambohibary",1878,143,"39K","39K1H1S3Q",2,2026-08-31 09:52:20.7230000,0,741,0,2026-08-31 09:52:20.7230000,-17.850000,48.266670
94915,"Ambodinonoka",1878,143,"39K","39K1H1S3Q",2,2026-08-31 09:51:54.1600000,0,1941,0,2026-08-31 09:52:55.0170000,-17.916670,48.233330
71561,"Riananana",1880,143,"38K","38K2H3S4Q",2,2026-08-31 09:56:42.8730000,0,741,0,2026-08-31 09:56:42.8730000,-21.050000,47.033330
2295645,"Fesslerberg",129,12,"32T","32T1H2S2Q",3,2025-08-27 04:10:23.2270000,0,0,20186,2026-08-31 09:56:47.8530000,47.516670,9.833060
71690,"Andromba",1880,143,"38K","38K2H3S4Q",2,2026-08-31 09:56:49.1830000,0,741,0,2026-08-31 09:56:49.1830000,-21.033330,47.000000
71425,"Isata",1880,143,"38K","38K2H3S4Q",2,2026-08-31 09:56:56.8330000,0,741,0,2026-08-31 09:56:56.8330000,-21.066670,47.000000
71560,"Sahavolo",1880,143,"38K","38K2H3S3Q",2,2026-08-31 09:57:04.4530000,0,741,0,2026-08-31 09:57:04.4570000,-21.050000,46.983330
71689,"Ambalafeno",1880,143,"38K","38K2H3S3Q",2,2026-08-31 09:57:09.8570000,0,741,0,2026-08-31 09:57:09.8570000,-21.033330,46.966670
71839,"Itahovelona",1880,143,"38K","38K2H3S3Q",2,2026-08-31 09:57:15.2430000,0,741,0,2026-08-31 09:57:15.2430000,-21.016670,46.966670
71687,"Ampandrana",1880,143,"38K","38K2H3S3Q",2,2026-08-31 09:57:30.9670000,0,741,0,2026-08-31 09:57:30.9670000,-21.033330,46.950000
71559,"Vohitrarivo",1880,143,"38K","38K2H3S3Q",2,2026-08-31 09:57:38.2330000,0,741,0,2026-08-31 09:57:38.2330000,-21.050000,46.950000
2448767,"Chertal",255,20,"31U","31U2H3S4Q",1,2025-04-22 19:17:43.6770000,401101,0,0,2026-08-31 09:58:13.3130000,50.683330,5.666670
56378,"Andranomiboaka",1877,143,"38K","38K2H5S3Q",2,2026-08-31 09:58:20.2770000,184,300,0,2026-08-31 09:58:20.2770000,-23.000000,44.333330
56380,"Sarodrano",1877,143,"38K","38K2H5S3Q",2,2026-08-31 09:58:25.7770000,0,712,0,2026-08-31 09:58:25.7770000,-23.000000,44.383330
56486,"Amparambato",1877,143,"38K","38K2H5S1Q",2,2026-08-31 09:58:33.0130000,0,712,0,2026-08-31 09:58:33.0170000,-22.983330,44.400000
2315040,"Le Val-d'Ajol",952,75,"32T","32T1H1S1Q",1,2017-07-25 23:00:30.2670000,979013,0,0,2026-08-31 09:58:52.4000000,47.916670,6.483330
2679670,"Dachi Avtobazy",2671,192,"37U","37U1H1S2Q",2,2026-05-06 16:19:09.7000000,0,659431,0,2026-08-31 09:58:57.2570000,56.000000,37.916670
2679491,"Pushkino",2671,192,"37U","37U1H1S2Q",2,2026-05-21 05:54:39.7130000,0,674828,0,2026-08-31 09:59:01.0730000,55.996110,37.901670
2679317,"Kavezino",2671,192,"37U","37U1H1S2Q",2,2026-03-09 14:50:00.6070000,0,320383,0,2026-08-31 09:59:06.1470000,55.986390,37.881940
2680220,"Novaya Derevnya",2671,192,"37V","37V2H4S4Q",2,2024-07-08 10:33:54.3730000,0,182777,0,2026-08-31 09:59:12.8100000,56.016670,37.866670
2680304,"Pushkino",2671,192,"37V","37V2H4S4Q",2,2023-10-25 04:30:44.1670000,0,110398,0,2026-08-31 09:59:16.7030000,56.017220,37.866670
2680772,"Kostino",2671,192,"37V","37V2H4S4Q",2,2026-04-23 07:04:59.0230000,0,524148,0,2026-08-31 09:59:20.9870000,56.033330,37.916670
56607,"Ampanambato",1877,143,"38K","38K2H5S1Q",2,2026-08-31 09:59:36.4570000,0,712,0,2026-08-31 09:59:36.4570000,-22.966670,44.416670
56900,"Amparambato",1877,143,"38K","38K2H5S1Q",2,2026-08-31 09:59:39.6400000,0,712,0,2026-08-31 09:59:39.6400000,-22.933330,44.416670
57067,"Ankiliarivo-Sakarahe",1877,143,"38K","38K2H5S1Q",2,2026-08-31 09:59:44.4670000,0,712,0,2026-08-31 09:59:44.4670000,-22.916670,44.450000
56752,"Anteninde",1877,143,"38K","38K2H5S1Q",2,2026-08-31 09:59:47.6000000,0,712,0,2026-08-31 09:59:47.6000000,-22.950000,44.466670
56753,"Anteninde-Anjaha",1877,143,"38K","38K2H5S1Q",2,2026-08-31 09:59:50.1100000,0,712,0,2026-08-31 09:59:50.1100000,-22.950000,44.483330
88791,"Antsahatanteraka",1882,143,"38K","38K1H6S1Q",2,2026-08-31 10:00:21.4100000,0,741,0,2026-08-31 10:00:21.4100000,-18.783330,46.150000
88790,"Ambohiby",1882,143,"38K","38K1H6S1Q",2,2026-08-31 10:00:24.5770000,0,741,0,2026-08-31 10:00:24.5770000,-18.783330,46.116670
88574,"Ankadilava",1882,143,"38K","38K1H6S1Q",2,2026-08-31 10:00:27.6730000,0,741,0,2026-08-31 10:00:27.6730000,-18.816670,46.100000
88475,"Amparihindrainikotovao",1882,143,"38K","38K1H6S1Q",2,2026-08-31 10:00:30.9600000,0,741,0,2026-08-31 10:00:30.9600000,-18.833330,46.100000
88360,"Ambohimahavelona",1882,143,"38K","38K1H6S1Q",2,2026-08-31 10:00:34.2600000,0,741,0,2026-08-31 10:00:34.2600000,-18.850000,46.133330
88258,"Ambatofotsy",1882,143,"38K","38K1H6S1Q",2,2026-08-31 10:00:43.9600000,0,741,0,2026-08-31 10:00:43.9600000,-18.866670,46.116670
88123,"Fenoarivo",1882,143,"38K","38K1H6S1Q",2,2026-08-31 10:00:52.4600000,0,741,0,2026-08-31 10:00:52.4630000,-18.883330,46.100000
88256,"Tsarahonenana",1882,143,"38K","38K1H5S2Q",2,2026-08-31 10:00:56.6400000,0,741,0,2026-08-31 10:00:56.6400000,-18.866670,45.983330
57267,"Sakaraha",1877,143,"38K","38K2H5S1Q",2,2026-08-31 10:01:20.8270000,0,741,0,2026-08-31 10:01:20.8300000,-22.900000,44.533330
57069,"Mandarano",1877,143,"38K","38K2H5S1Q",2,2026-08-31 10:01:27.4170000,0,741,0,2026-08-31 10:01:27.4170000,-22.916670,44.550000
57268,"Anjahandoaka",1877,143,"38K","38K2H5S1Q",2,2026-08-31 10:01:30.2900000,0,741,0,2026-08-31 10:01:30.2900000,-22.900000,44.550000
57449,"Analamavo",1877,143,"38K","38K2H5S1Q",2,2026-08-31 10:01:33.0430000,0,741,0,2026-08-31 10:01:33.0430000,-22.883330,44.516670
57614,"Boka-Tanambao",1877,143,"38K","38K2H5S1Q",2,2026-08-31 10:01:35.5200000,0,741,0,2026-08-31 10:01:35.5200000,-22.866670,44.533330
57752,"Miary",1877,143,"38K","38K2H5S1Q",2,2026-08-31 10:01:37.9430000,0,741,0,2026-08-31 10:01:37.9430000,-22.850000,44.533330
58270,"Ankomaky",1877,143,"38K","38K2H5S1Q",2,2026-08-31 10:01:41.0930000,0,741,0,2026-08-31 10:01:41.0930000,-22.783330,44.550000
55977,"Adamasiny-Vineta",1877,143,"38K","38K2H5S3Q",2,2026-08-31 10:04:32.6170000,0,741,0,2026-08-31 10:04:32.6170000,-23.050000,44.250000
55978,"Ambahatsy",1877,143,"38K","38K2H5S3Q",2,2026-08-31 10:04:37.9900000,0,741,0,2026-08-31 10:04:37.9900000,-23.050000,44.266670
1776238,"Dubosville",3261,223,"32S","32S1H6S3Q",1,2026-08-31 10:04:55.8600000,1033,0,0,2026-08-31 10:04:55.8600000,36.783060,10.190830
1952843,"Umitkoy",3322,225,"36S","36S1H2S1Q",2,,0,404,60,2026-08-31 10:05:14.3500000,39.895910,32.706050
1776282,"Montfleury Superieur",3261,223,"32S","32S1H6S3Q",1,2026-08-31 10:05:19.2500000,1017,0,0,2026-08-31 10:05:19.2500000,36.783330,10.183330
55979,"Besakoa",1877,143,"38K","38K2H5S3Q",2,2026-08-31 10:05:28.9000000,0,741,0,2026-08-31 10:05:28.9000000,-23.050000,44.283330
1954440,"Ankara",3322,225,"36S","36S1H2S1Q",0,2026-08-31 10:05:51.8500000,0,0,0,2026-08-31 10:05:51.8500000,39.919870,32.854270
2778120,"Sitpeksi",856,64,"35V","35V2H1S1Q",2,2026-08-31 10:06:04.0870000,0,3576,6,2026-08-31 10:06:10.7330000,59.365830,24.316110
1954330,"Bakanliklar",3322,225,"36S","36S1H2S1Q",0,2026-08-31 10:06:11.6670000,0,0,0,2026-08-31 10:06:11.6670000,39.917520,32.853990
2778361,"Kaesalu",856,64,"35V","35V2H1S1Q",2,2026-08-31 10:06:15.0270000,0,2364,0,2026-08-31 10:06:18.2170000,59.374170,24.269720
2778293,"Ahtma",856,64,"35V","35V2H1S1Q",2,2026-08-31 10:06:21.5200000,0,2364,0,2026-08-31 10:06:24.3570000,59.368330,24.264720
1746203,"Bou Ficha",3271,223,"32S","32S1H6S3Q",1,2026-08-31 10:06:23.3600000,2147,0,0,2026-08-31 10:06:26.1870000,36.300320,10.454800
2507601,"Bol'shiye Muny",2713,192,"45U","45U2H1S2Q",1,2026-08-31 10:08:49.9330000,1200,0,0,2026-08-31 10:08:49.9330000,51.783330,85.883330
2507602,"Nul'chak",2713,192,"45U","45U2H2S1Q",1,2026-08-31 10:08:53.3930000,1200,0,0,2026-08-31 10:08:53.3930000,51.783330,86.200000
1968925,"Steelhead",3567,233,"10T","10T2H5S3Q",2,2026-08-31 10:08:56.1400000,0,838,0,2026-08-31 10:08:56.1400000,40.170150,-123.645310
2507603,"Novaya Chelushkara",2713,192,"45U","45U2H2S1Q",1,2026-08-31 10:08:56.4930000,1200,0,0,2026-08-31 10:08:56.4930000,51.783330,86.900000
2507605,"Soruglug-Khem",2703,192,"46U","46U2H3S2Q",1,2026-08-31 10:08:59.1470000,1200,0,0,2026-08-31 10:08:59.1470000,51.783330,95.316670
2507611,"Kazakovskiy-Promysel",2720,192,"50U","50U2H2S2Q",1,2026-08-31 10:09:03.0670000,1200,0,0,2026-08-31 10:09:03.0670000,51.783330,117.016670
2507612,"Zhidka",2720,192,"50U","50U2H2S2Q",1,2026-08-31 10:09:06.0870000,1200,0,0,2026-08-31 10:09:06.0870000,51.783330,117.200000
56111,"Andoharotsy",1877,143,"38K","38K2H5S3Q",2,2026-08-31 10:09:06.4500000,46,300,0,2026-08-31 10:09:06.4500000,-23.033330,44.283330
2507614,"Sredniy Orsk",2722,192,"52U","52U2H2S1Q",1,2026-08-31 10:09:08.6670000,1200,0,0,2026-08-31 10:09:08.6670000,51.783330,128.300000
56237,"Andranomanitsy",1877,143,"38K","38K2H5S3Q",2,2026-08-31 10:09:10.1570000,0,741,0,2026-08-31 10:09:10.1570000,-23.016670,44.300000
2507615,"Putyatino",2722,192,"52U","52U2H2S2Q",1,2026-08-31 10:09:11.6500000,1200,0,0,2026-08-31 10:09:11.6500000,51.783330,129.100000
56236,"Antanimena",1877,143,"38K","38K2H5S3Q",2,2026-08-31 10:09:13.3370000,0,741,0,2026-08-31 10:09:13.3370000,-23.016670,44.266670
1964066,"Harris",3567,233,"10T","10T2H5S3Q",2,2026-08-31 10:09:14.5670000,0,837,0,2026-08-31 10:09:14.5670000,40.084040,-123.658640
1959428,"Cooks Valley",3567,233,"10T","10T2H5S3Q",2,2026-08-31 10:09:29.4500000,0,837,0,2026-08-31 10:09:29.4500000,40.001260,-123.786140
50696,"Ampataka",1880,143,"38K","38K2H6S4Q",2,2026-08-31 10:09:37.5600000,0,741,0,2026-08-31 10:09:37.5630000,-23.633330,47.550000
50695,"Vohimary",1880,143,"38K","38K2H6S4Q",2,2026-08-31 10:09:42.9030000,0,741,0,2026-08-31 10:09:42.9030000,-23.633330,47.533330
50536,"Iaborano",1880,143,"38K","38K2H6S4Q",2,2026-08-31 10:09:45.6900000,0,741,0,2026-08-31 10:09:45.6900000,-23.650000,47.516670
1951016,"Leggett",3567,233,"10S","10S1H2S1Q",2,2026-08-31 10:09:50.3130000,0,836,0,2026-08-31 10:09:50.3130000,39.865710,-123.714190
50537,"Belambo",1880,143,"38K","38K2H6S4Q",2,2026-08-31 10:09:50.7630000,0,741,0,2026-08-31 10:09:50.7630000,-23.650000,47.550000
50261,"Marokibo",1880,143,"38K","38K2H6S4Q",2,2026-08-31 10:09:55.1270000,0,1499,0,2026-08-31 10:09:55.1270000,-23.683330,47.550000
50263,"Amboananto",1880,143,"38K","38K2H6S4Q",2,2026-08-31 10:09:59.2530000,46,300,0,2026-08-31 10:09:59.2530000,-23.683330,47.566670
2007492,"Hawkins Bar",3567,233,"10T","10T2H5S3Q",2,2026-08-31 10:10:20.0600000,0,841,104,2026-08-31 10:10:20.0600000,40.870140,-123.522820
71424,"Andreamitsioka",1880,143,"38K","38K2H3S3Q",2,2026-08-31 10:11:10.2200000,0,741,0,2026-08-31 10:11:10.2200000,-21.066670,46.950000
71268,"Ambalamirary",1880,143,"38K","38K2H3S3Q",2,2026-08-31 10:11:14.6100000,0,741,0,2026-08-31 10:11:14.6100000,-21.083330,46.966670
71136,"Antambohonambositra",1880,143,"38K","38K2H3S3Q",2,2026-08-31 10:11:19.9930000,0,741,0,2026-08-31 10:11:19.9930000,-21.100000,46.950000
71423,"Vohibola",1880,143,"38K","38K2H3S3Q",2,2026-08-31 10:11:24.1370000,0,741,0,2026-08-31 10:11:24.1370000,-21.066670,46.916670
71558,"Kianjandrano",1880,143,"38K","38K2H3S3Q",2,2026-08-31 10:11:26.9170000,0,741,0,2026-08-31 10:11:26.9170000,-21.050000,46.900000
71686,"Ambalavao",1880,143,"38K","38K2H3S3Q",2,2026-08-31 10:11:30.2800000,0,741,0,2026-08-31 10:11:30.2800000,-21.033330,46.900000
71838,"Manolotrony",1880,143,"38K","38K2H3S3Q",2,2026-08-31 10:11:33.9900000,0,741,0,2026-08-31 10:11:33.9900000,-21.016670,46.866670
1956540,"Etimesgut",3322,225,"36S","36S1H2S1Q",3,2014-01-10 00:08:50.7530000,0,0,11572,2026-08-31 10:11:34.8000000,39.953280,32.632850
71685,"Ambalatsilalovana",1880,143,"38K","38K2H3S3Q",2,2026-08-31 10:11:38.2000000,0,741,0,2026-08-31 10:11:38.2000000,-21.033330,46.866670
95826,"Anjirobaka",1878,143,"39K","39K1H1S3Q",2,2026-08-31 10:12:05.5000000,0,819,0,2026-08-31 10:12:05.5000000,-17.833330,48.283330
95590,"Manakambahiny",1878,143,"39K","39K1H1S3Q",2,2026-08-31 10:12:20.9030000,0,741,0,2026-08-31 10:12:20.9030000,-17.850000,48.300000
95379,"Miaramanjaka",1878,143,"39K","39K1H1S3Q",2,2026-08-31 10:12:24.1730000,0,741,0,2026-08-31 10:12:24.1730000,-17.866670,48.333330
95828,"Andilanomby",1878,143,"39K","39K1H1S3Q",2,2026-08-31 10:12:27.5530000,0,741,0,2026-08-31 10:12:27.5530000,-17.833330,48.350000
96236,"Ambohidehilahy",1878,143,"39K","39K1H1S3Q",2,2026-08-31 10:12:31.8630000,0,741,0,2026-08-31 10:12:31.8630000,-17.800000,48.316670
96424,"Antanimena",1878,143,"39K","39K1H1S3Q",2,2026-08-31 10:12:35.9670000,0,741,0,2026-08-31 10:12:35.9670000,-17.783330,48.316670
97972,"Ampilahoana",1878,143,"39K","39K1H1S3Q",2,2026-08-31 10:12:39.7270000,0,741,0,2026-08-31 10:12:39.7270000,-17.633330,48.283330
2507616,"Taskino",2722,192,"52U","52U2H2S2Q",1,2026-08-31 10:12:42.3400000,1200,0,0,2026-08-31 10:12:42.3400000,51.783330,129.133330
96654,"Anosifisaka",1878,143,"39K","39K1H1S3Q",2,2026-08-31 10:12:44.2830000,0,741,0,2026-08-31 10:12:44.2830000,-17.766670,48.316670
2507617,"Malo-Girbichenskiy",2722,192,"52U","52U2H2S2Q",1,2026-08-31 10:12:45.5470000,1200,0,0,2026-08-31 10:12:45.5470000,51.783330,129.383330
57068,"Volazato",1877,143,"38K","38K2H5S1Q",2,2026-08-31 10:01:24.5600000,0,1941,0,2026-08-31 10:13:20.3170000,-22.916670,44.533330
57613,"Miary-Lamatihy",1877,143,"38K","38K2H5S1Q",2,2026-08-31 10:13:30.3770000,0,712,0,2026-08-31 10:13:30.3800000,-22.866670,44.466670
57611,"Ankiliarivo",1877,143,"38K","38K2H5S1Q",2,2026-08-31 10:13:44.7230000,0,712,0,2026-08-31 10:13:44.7230000,-22.866670,44.450000
57751,"Morafeno",1877,143,"38K","38K2H5S1Q",2,2026-08-31 10:13:49.3000000,0,712,0,2026-08-31 10:13:49.3000000,-22.850000,44.450000
57888,"Ambahimalitsy",1877,143,"38K","38K2H5S1Q",2,2026-08-31 10:13:53.8300000,0,712,0,2026-08-31 10:13:53.8300000,-22.833330,44.450000
58137,"Ambohitsabo",1877,143,"38K","38K2H5S1Q",2,2026-08-31 10:14:01.1200000,0,712,0,2026-08-31 10:14:01.1200000,-22.800000,44.466670
58924,"Ambivy",1877,143,"38K","38K2H5S1Q",2,2026-08-31 10:14:04.4900000,0,712,0,2026-08-31 10:14:04.4900000,-22.700000,44.500000
87972,"Manampisoa",1882,143,"38K","38K1H5S2Q",2,2026-08-31 10:14:42.6330000,0,741,0,2026-08-31 10:14:42.6330000,-18.900000,45.933330
88358,"Andranganala",1882,143,"38K","38K1H5S2Q",2,2026-08-31 10:14:47.4130000,0,741,0,2026-08-31 10:14:47.4130000,-18.850000,45.966670
88357,"Analaroa",1882,143,"38K","38K1H5S2Q",2,2026-08-31 10:14:54.6600000,0,741,0,2026-08-31 10:14:54.6600000,-18.850000,45.950000
88121,"Marovato",1882,143,"38K","38K1H5S2Q",2,2026-08-31 10:14:58.8600000,0,741,0,2026-08-31 10:14:58.8600000,-18.883330,45.950000
88122,"Morafeno Atsimo",1882,143,"38K","38K1H5S2Q",2,2026-08-31 10:15:09.2830000,0,741,0,2026-08-31 10:15:09.2830000,-18.883330,45.966670
87971,"Ambodifarihy",1882,143,"38K","38K1H5S2Q",2,2026-08-31 10:15:20.1670000,0,741,0,2026-08-31 10:15:20.1670000,-18.900000,45.916670
88120,"Manjakavaradrano",1882,143,"38K","38K1H5S2Q",2,2026-08-31 10:15:24.0200000,0,741,0,2026-08-31 10:15:24.0200000,-18.883330,45.900000
87837,"Tsinjorano",1882,143,"38K","38K1H5S2Q",2,2026-08-31 10:15:27.8770000,0,741,0,2026-08-31 10:15:27.8770000,-18.916670,45.883330
96655,"Ampandrianosy",1878,143,"39K","39K1H1S3Q",2,2026-08-31 10:15:53.1200000,0,741,0,2026-08-31 10:15:53.1200000,-17.766670,48.333330
96425,"Tanambao",1878,143,"39K","39K1H1S3Q",2,2026-08-31 10:16:00.9130000,0,741,0,2026-08-31 10:16:00.9130000,-17.783330,48.333330
78320,"Antoby",1880,143,"38K","38K2H3S2Q",2,2026-08-31 10:16:23.7800000,0,741,0,2026-08-31 10:16:23.7830000,-20.200000,47.616670
78006,"Iharamena",1880,143,"38K","38K2H3S2Q",2,2026-08-31 10:16:29.0830000,0,741,0,2026-08-31 10:16:29.0830000,-20.233330,47.616670
50112,"Karinoro",1880,143,"38K","38K2H6S4Q",2,2026-08-31 10:16:31.9500000,0,741,0,2026-08-31 10:16:31.9500000,-23.700000,47.583330
77836,"Tanambao",1880,143,"38K","38K2H3S2Q",2,2026-08-31 10:16:33.3500000,0,741,0,2026-08-31 10:16:33.3500000,-20.250000,47.633330
77837,"Manakana",1880,143,"38K","38K2H3S2Q",2,2026-08-31 10:16:39.1400000,0,741,0,2026-08-31 10:16:39.1400000,-20.250000,47.650000
50111,"Beretra",1880,143,"38K","38K2H6S4Q",2,2026-08-31 10:16:42.9000000,0,741,0,2026-08-31 10:16:42.9030000,-23.700000,47.566670
77681,"Andraidoka",1880,143,"38K","38K2H3S2Q",2,2026-08-31 10:16:43.4070000,0,741,0,2026-08-31 10:16:43.4070000,-20.266670,47.650000
76556,"Ankadilalanidimapolo",1880,143,"38K","38K2H3S2Q",2,2026-08-31 10:16:49.6300000,0,741,0,2026-08-31 10:16:49.6300000,-20.400000,47.650000
76557,"Ambatoharanana",1880,143,"38K","38K2H3S2Q",2,2026-08-31 10:16:53.8830000,0,741,0,2026-08-31 10:16:53.8830000,-20.400000,47.666670
79781,"Indroamita",1882,143,"38K","38K2H3S2Q",2,2026-08-31 10:17:13.1030000,0,741,0,2026-08-31 10:17:13.1030000,-20.016670,47.366670
79424,"Ambatodidy",1882,143,"38K","38K2H3S1Q",2,2026-08-31 10:17:49.9930000,0,741,0,2026-08-31 10:17:49.9930000,-20.066670,46.983330
56377,"Bemanara",1877,143,"38K","38K2H5S3Q",2,2026-08-31 10:18:47.5870000,0,741,0,2026-08-31 10:18:47.5900000,-23.000000,44.283330
56751,"Ankiloka Atsimo",1877,143,"38K","38K2H5S1Q",2,2026-08-31 10:18:50.3970000,0,741,0,2026-08-31 10:18:50.3970000,-22.950000,44.333330
57066,"Ankiloka Avaratra",1877,143,"38K","38K2H5S1Q",2,2026-08-31 10:18:53.1630000,0,741,0,2026-08-31 10:18:53.1630000,-22.916670,44.333330
57266,"Marovotry",1877,143,"38K","38K2H5S1Q",2,2026-08-31 10:18:55.6630000,0,741,0,2026-08-31 10:18:55.6630000,-22.900000,44.383330
2295509,"Fahl",129,12,"32T","32T1H2S2Q",3,2024-10-10 10:41:10.3670000,0,0,20788,2026-08-31 10:19:17.9800000,47.514440,9.864720
57448,"Bemita",1877,143,"38K","38K2H5S1Q",2,2026-08-31 10:20:10.3670000,0,741,0,2026-08-31 10:20:10.3670000,-22.883330,44.366670
57265,"Mahaboboka",1877,143,"38K","38K2H5S1Q",2,2026-08-31 10:20:19.8170000,0,741,0,2026-08-31 10:20:19.8170000,-22.900000,44.333330
57263,"Manera",1877,143,"38K","38K2H5S1Q",2,2026-08-31 10:20:23.4170000,46,300,0,2026-08-31 10:20:23.4170000,-22.900000,44.300000
57065,"Tanambao",1877,143,"38K","38K2H5S1Q",2,2026-08-31 10:20:26.9000000,0,741,0,2026-08-31 10:20:26.9000000,-22.916670,44.283330
57262,"Anara",1877,143,"38K","38K2H5S1Q",2,2026-08-31 10:20:30.1430000,0,741,0,2026-08-31 10:20:30.1430000,-22.900000,44.283330
1709394,"Van Story Hills",3545,233,"17S","17S2H3S2Q",3,2013-08-03 12:01:58.3000000,0,0,670691,2026-08-31 10:20:44.3430000,35.682100,-78.606120
1916050,"Sir John Addition",3585,233,"17S","17S1H3S2Q",1,2026-08-15 16:32:06.7130000,28496,0,0,2026-08-31 10:21:38.7730000,39.255100,-78.155830
2058153,"Altipiani di Arcinazzo",1377,110,"33T","33T2H4S2Q",3,2013-04-26 20:50:51.6570000,0,0,100341,2026-08-31 10:25:23.4070000,41.850000,13.183330
2410357,"Burzej",2450,180,"34U","34U2H4S1Q",1,2026-03-08 10:31:45.5700000,1655,0,0,2026-08-31 10:26:22.8670000,49.900000,18.966670
57446,"Manera-Soaserana",1877,143,"38K","38K2H5S1Q",2,2026-08-31 10:28:56.0370000,0,741,0,2026-08-31 10:28:56.0370000,-22.883330,44.266670
57261,"Tsinakanga",1877,143,"38K","38K2H5S1Q",2,2026-08-31 10:28:59.3300000,0,741,0,2026-08-31 10:28:59.3300000,-22.900000,44.250000
57444,"Anapaly",1877,143,"38K","38K2H5S1Q",2,2026-08-31 10:29:02.4600000,46,300,0,2026-08-31 10:29:02.4600000,-22.883330,44.233330
57064,"Miary-Ranomafana",1877,143,"38K","38K2H5S1Q",2,2026-08-31 10:29:05.3270000,0,741,0,2026-08-31 10:29:05.3300000,-22.916670,44.216670
56899,"Andakato",1877,143,"38K","38K2H5S1Q",2,2026-08-31 10:29:07.9670000,0,741,0,2026-08-31 10:29:07.9670000,-22.933330,44.200000
56898,"Andravindahy",1877,143,"38K","38K2H5S1Q",2,2026-08-31 10:29:10.8600000,0,741,0,2026-08-31 10:29:10.8600000,-22.933330,44.183330
56750,"Ampamanta",1877,143,"38K","38K2H5S1Q",2,2026-08-31 10:29:14.6130000,0,741,0,2026-08-31 10:29:14.6130000,-22.950000,44.183330
49956,"Kidilanitra",1880,143,"38K","38K2H6S4Q",2,2026-08-31 10:36:24.9600000,0,741,0,2026-08-31 10:36:24.9600000,-23.716670,47.583330
49807,"Mahabetroky",1880,143,"38K","38K2H6S4Q",2,2026-08-31 10:36:36.7200000,0,1482,0,2026-08-31 10:36:36.7200000,-23.733330,47.566670
49650,"Vohilava",1880,143,"38K","38K2H6S4Q",2,2026-08-31 10:36:40.6900000,0,758,0,2026-08-31 10:36:40.6900000,-23.750000,47.583330
2681357,"Bratovshchina",2671,192,"37V","37V2H4S4Q",2,2025-05-25 09:29:47.3170000,0,109963,0,2026-08-31 10:36:44.9500000,56.050000,37.883330
50110,"Marovaza",1880,143,"38K","38K2H6S4Q",2,2026-08-31 10:36:46.3030000,0,758,0,2026-08-31 10:36:46.3030000,-23.700000,47.533330
2681356,"Zelenyy Gorod",2671,192,"37V","37V2H4S4Q",2,2025-05-25 09:29:54.6130000,0,113168,0,2026-08-31 10:36:48.7570000,56.050000,37.866670
50389,"Sahavatany",1880,143,"38K","38K2H6S4Q",2,2026-08-31 10:36:51.0000000,0,741,0,2026-08-31 10:36:51.0000000,-23.666670,47.466670
2681355,"Zavety Il'icha",2671,192,"37V","37V2H4S4Q",2,2025-05-25 09:30:02.0530000,0,109073,0,2026-08-31 10:36:52.3930000,56.050000,37.850000
2681954,"Stepan'kovo",2671,192,"37V","37V2H4S4Q",2,2025-05-25 09:30:09.7570000,0,107888,0,2026-08-31 10:36:56.9600000,56.066670,37.816670
2681955,"Pravdinskiy",2671,192,"37V","37V2H4S4Q",2,2025-05-25 10:27:48.5870000,0,115301,0,2026-08-31 10:37:00.6630000,56.066670,37.850000
50260,"Tsikoda",1880,143,"38K","38K2H6S4Q",2,2026-08-31 10:37:02.3900000,0,741,0,2026-08-31 10:37:02.3900000,-23.683330,47.483330
2681956,"Lesnoy",2671,192,"37V","37V2H4S4Q",2,2024-06-06 19:14:29.3800000,0,118719,0,2026-08-31 10:37:06.1130000,56.066670,37.916670
2682515,"Koshcheykovo",2671,192,"37V","37V2H4S4Q",2,2024-07-08 04:23:44.1600000,0,108502,0,2026-08-31 10:37:10.6130000,56.083330,37.916670
2683100,"Zelenogradskiy",2671,192,"37V","37V2H4S4Q",2,2024-08-30 14:33:26.7930000,0,108118,0,2026-08-31 10:37:29.9470000,56.100000,37.916670
1966092,"Bitik",3322,225,"36T","36T2H5S3Q",3,2015-04-24 06:38:22.6630000,0,0,10585,2026-08-31 10:39:02.4970000,40.120460,32.621800
1966971,"Imrendi",3322,225,"36T","36T2H5S3Q",0,2026-08-31 10:39:09.4830000,0,0,0,2026-08-31 10:39:09.4830000,40.135280,32.668820
1965070,"Orhaniye",3322,225,"36T","36T2H5S3Q",0,2026-08-31 10:39:50.6470000,0,0,0,2026-08-31 10:39:50.6470000,40.102200,32.674000
56485,"Aborotsy",1877,143,"38K","38K2H5S1Q",2,2026-08-31 10:40:01.9470000,0,741,0,2026-08-31 10:40:01.9470000,-22.983330,44.183330
2683099,"Zimogor'ye",2671,192,"37V","37V2H4S4Q",2,2025-05-25 17:49:34.0800000,0,112988,0,2026-08-31 10:41:58.8300000,56.100000,37.883330
56606,"Belalitsy",1877,143,"38K","38K2H5S1Q",2,2026-08-31 10:43:35.2330000,0,741,0,2026-08-31 10:43:35.2330000,-22.966670,44.166670
56749,"Tanandava",1877,143,"38K","38K2H5S1Q",2,2026-08-31 10:44:04.7200000,0,741,0,2026-08-31 10:44:04.7200000,-22.950000,44.166670
57749,"Soatanana",1877,143,"38K","38K2H5S1Q",2,2026-08-31 10:44:07.8470000,0,741,0,2026-08-31 10:44:07.8470000,-22.850000,44.200000
57995,"Marotsiraka",1877,143,"38K","38K2H5S1Q",2,2026-08-31 10:44:13.4670000,0,741,0,2026-08-31 10:44:13.4670000,-22.816670,44.300000
57996,"Andranovory",1877,143,"38K","38K2H5S1Q",2,2026-08-31 10:44:26.5100000,0,741,0,2026-08-31 10:44:26.5130000,-22.816670,44.316670
57447,"Ankilifolo",1877,143,"38K","38K2H5S1Q",2,2026-08-31 10:44:30.0930000,0,741,0,2026-08-31 10:44:30.0930000,-22.883330,44.350000
57609,"Kiliabo",1877,143,"38K","38K2H5S1Q",2,2026-08-31 10:45:00.9300000,0,741,0,2026-08-31 10:45:00.9300000,-22.866670,44.350000
57606,"Ankilitelo",1877,143,"38K","38K2H5S1Q",2,2026-08-31 10:45:48.4570000,0,1023,0,2026-08-31 10:45:48.4570000,-22.866670,44.333330
2006397,"Cedar Grove",3561,233,"18T","18T2H5S4Q",1,2022-02-03 02:18:09.5000000,37278,0,0,2026-08-31 10:47:05.4370000,40.851770,-74.229040
2295310,"Schonengrund",129,12,"32T","32T1H2S2Q",3,2024-10-11 05:06:51.1870000,0,0,20782,2026-08-31 10:47:11.1270000,47.506110,9.871940
2503532,"Heiderott",707,57,"32U","32U2H1S1Q",1,2026-08-31 10:47:22.8130000,1158,0,0,2026-08-31 10:47:22.8130000,51.700000,6.600000
57610,"Ankidabo",1877,143,"38K","38K2H5S1Q",2,2026-08-31 10:47:46.8100000,0,741,0,2026-08-31 10:47:46.8100000,-22.866670,44.366670
57750,"Betsinefo",1877,143,"38K","38K2H5S1Q",2,2026-08-31 10:47:49.8170000,0,741,0,2026-08-31 10:47:49.8170000,-22.850000,44.383330
57887,"Tanambao",1877,143,"38K","38K2H5S1Q",2,2026-08-31 10:47:52.9200000,0,741,0,2026-08-31 10:47:52.9230000,-22.833330,44.416670
1893481,"Bradbury Park",3542,233,"18S","18S1H1S4Q",1,2026-08-31 10:46:20.7370000,3263,0,0,2026-08-31 10:47:58.1500000,38.857890,-76.924140
2675749,"Vatutino",2670,192,"37U","37U1H1S2Q",2,2023-06-24 23:58:38.7730000,0,1360717,0,2026-08-31 10:49:25.8070000,55.884410,37.690550
58923,"Soaserana-Antevamena",1877,143,"38K","38K2H5S1Q",2,2026-08-31 10:51:49.3100000,46,300,0,2026-08-31 10:51:49.3100000,-22.700000,44.483330
57999,"Vohitsivala",1877,143,"38K","38K2H5S1Q",2,2026-08-31 10:51:56.0130000,0,741,0,2026-08-31 10:51:56.0130000,-22.816670,44.450000
57998,"Tanandava Lamatihy",1877,143,"38K","38K2H5S1Q",2,2026-08-31 10:51:59.0000000,0,741,0,2026-08-31 10:51:59.0000000,-22.816670,44.433330
1322228,"Stone Ridge at Highwoods Preserve",3538,233,"17R","17R1H4S4Q",2,2026-08-31 10:52:14.3470000,0,957,0,2026-08-31 10:52:14.3470000,28.143200,-82.373300
1322381,"West Meadows",3538,233,"17R","17R1H4S4Q",2,2026-08-31 10:52:23.4230000,0,774,0,2026-08-31 10:52:23.4230000,28.148300,-82.381700
1857260,"Renault",3554,233,"15S","15S1H3S4Q",3,2024-10-23 22:44:47.1630000,0,300,13013,2026-08-31 10:52:59.5270000,38.153660,-90.134000
1843592,"Copper Mine",3543,233,"15S","15S1H6S2Q",1,2022-03-26 23:51:31.8400000,3848,300,0,2026-08-31 10:53:07.6200000,37.903660,-90.146510
1752818,"Corning",3535,233,"15S","15S1H6S4Q",3,2024-07-22 22:28:04.7100000,0,300,14865,2026-08-31 10:53:21.9730000,36.407840,-90.579830
58135,"Belamoty",1877,143,"38K","38K2H5S1Q",2,2026-08-31 10:56:57.4030000,46,300,0,2026-08-31 10:56:57.4030000,-22.800000,44.450000
58534,"Ankilimena",1877,143,"38K","38K2H5S1Q",2,2026-08-31 10:57:01.1600000,0,741,0,2026-08-31 10:57:01.1600000,-22.750000,44.450000
58670,"Andoba",1877,143,"38K","38K2H5S1Q",2,2026-08-31 10:57:03.9000000,0,741,0,2026-08-31 10:57:03.9000000,-22.733330,44.450000
57997,"Antrobika",1877,143,"38K","38K2H5S1Q",2,2026-08-31 10:57:08.4770000,0,741,0,2026-08-31 10:57:08.4770000,-22.816670,44.366670
58267,"Ankazoabokely",1877,143,"38K","38K2H5S1Q",2,2026-08-31 10:57:34.2170000,0,741,0,2026-08-31 10:57:34.2170000,-22.783330,44.333330
50109,"Beharena",1880,143,"38K","38K2H6S4Q",2,2026-08-31 10:58:32.4530000,0,758,0,2026-08-31 10:58:32.4530000,-23.700000,47.500000
50108,"Viveritihazo",1880,143,"38K","38K2H6S4Q",2,2026-08-31 10:58:35.5730000,0,758,0,2026-08-31 10:58:35.5730000,-23.700000,47.483330
49955,"Sarilasy Ambony",1880,143,"38K","38K2H6S4Q",2,2026-08-31 10:58:40.6870000,0,758,0,2026-08-31 10:58:40.6870000,-23.716670,47.500000
49806,"Iaboantsiva",1880,143,"38K","38K2H6S4Q",2,2026-08-31 10:58:43.8330000,0,741,0,2026-08-31 10:58:43.8330000,-23.733330,47.483330
49954,"Vohimalaza",1880,143,"38K","38K2H6S4Q",2,2026-08-31 10:58:51.4800000,0,758,0,2026-08-31 10:58:51.4800000,-23.716670,47.450000
49953,"Tanandava",1880,143,"38K","38K2H6S4Q",2,2026-08-31 10:59:00.8730000,0,758,0,2026-08-31 10:59:00.8730000,-23.716670,47.433330
50259,"Ankiranabo",1880,143,"38K","38K2H6S4Q",2,2026-08-31 10:59:04.2100000,0,741,0,2026-08-31 10:59:04.2100000,-23.683330,47.433330
2555487,"Johannisthal",713,57,"33U","33U1H4S4Q",2,2025-05-10 12:49:25.5830000,517,12654,0,2026-08-31 10:59:11.2530000,52.798820,13.096730
58405,"Andranomanintsy",1877,143,"38K","38K2H5S1Q",2,2026-08-31 11:00:12.8330000,0,741,0,2026-08-31 11:00:12.8330000,-22.766670,44.366670
58268,"Andranomangatsiaka",1877,143,"38K","38K2H5S1Q",2,2026-08-31 11:00:50.1570000,0,1023,0,2026-08-31 11:00:50.1570000,-22.783330,44.400000
50388,"Iaboakondro",1880,143,"38K","38K2H6S4Q",2,2026-08-31 11:03:09.4800000,0,741,0,2026-08-31 11:03:09.4800000,-23.666670,47.433330
1984351,"Kizilcahamam",3322,225,"36T","36T2H5S3Q",3,2014-11-29 13:51:57.9670000,0,0,11150,2026-08-31 11:04:55.3170000,40.469720,32.650560
1577316,"Black Creek",3551,233,"16S","16S2H5S2Q",2,2025-10-03 04:22:43.4270000,0,124350,0,2026-08-31 11:04:56.9070000,33.614270,-86.781100
1980664,"Akdogan",3322,225,"36T","36T2H5S3Q",0,2026-08-31 11:05:02.5330000,0,0,0,2026-08-31 11:05:02.5330000,40.394700,32.677290
1576612,"Oak Forest",3551,233,"16S","16S2H5S2Q",2,2026-08-28 11:28:46.3100000,0,2900,0,2026-08-31 11:05:05.6070000,33.602330,-86.781940
1576774,"Fultondale",3551,233,"16S","16S2H5S2Q",2,2026-07-08 06:55:40.9400000,0,13200,0,2026-08-31 11:05:14.4670000,33.604830,-86.793880
1575280,"Lewisburg",3551,233,"16S","16S2H5S2Q",2,2026-07-08 05:45:19.1100000,0,13200,0,2026-08-31 11:05:25.1170000,33.582600,-86.805550
1574207,"Harriman Park",3551,233,"16S","16S2H5S2Q",0,2026-08-31 11:05:32.1930000,0,0,0,2026-08-31 11:05:32.1930000,33.566490,-86.793320
2364943,"Aubervilliers",955,75,"31U","31U2H5S3Q",2,2026-08-31 10:51:05.1430000,0,13308,0,2026-08-31 11:07:28.9670000,48.916670,2.383330
58386,"Fazendinha",372,31,"24K","24K2H4S1Q",3,2025-09-06 12:13:40.9400000,0,300,65653,2026-08-31 11:08:29.7270000,-22.766670,-41.966670
57984,"Itapeba",372,31,"24K","24K2H4S1Q",3,2025-09-04 20:34:30.0100000,0,300,11187,2026-08-31 11:08:38.2230000,-22.816670,-41.983330
58406,"Bepeha",1877,143,"38K","38K2H5S1Q",2,2026-08-31 11:10:13.5900000,0,741,0,2026-08-31 11:10:13.5900000,-22.766670,44.400000
58669,"Maroroka",1877,143,"38K","38K2H5S1Q",2,2026-08-31 11:10:27.5270000,0,741,0,2026-08-31 11:10:27.5270000,-22.733330,44.366670
79547,"Manandona",1882,143,"38K","38K2H3S2Q",2,2026-08-31 11:12:59.9500000,0,741,0,2026-08-31 11:12:59.9500000,-20.050000,47.066670
79666,"Antambiazona",1882,143,"38K","38K2H3S2Q",2,2026-08-31 11:13:05.5700000,0,741,0,2026-08-31 11:13:05.5700000,-20.033330,47.150000
79665,"Ranomainty",1882,143,"38K","38K2H3S2Q",2,2026-08-31 11:13:09.5600000,0,741,0,2026-08-31 11:13:09.5600000,-20.033330,47.116670
79780,"Ambalamahasoa",1882,143,"38K","38K2H3S2Q",2,2026-08-31 11:13:13.2470000,0,741,0,2026-08-31 11:13:13.2470000,-20.016670,47.050000
79664,"Soalafadray",1882,143,"38K","38K2H3S1Q",2,2026-08-31 11:13:16.7200000,0,741,0,2026-08-31 11:13:16.7200000,-20.033330,46.983330
79779,"Soaniakarana",1878,143,"38K","38K2H3S1Q",2,2026-08-31 11:13:19.8400000,0,741,0,2026-08-31 11:13:19.8400000,-20.016670,46.983330
79663,"Antsaminjaza",1882,143,"38K","38K2H3S1Q",2,2026-08-31 11:13:22.8830000,0,741,0,2026-08-31 11:13:22.8830000,-20.033330,46.950000
79546,"Ambalamarana",1878,143,"38K","38K2H3S1Q",2,2026-08-31 11:13:26.5000000,0,741,0,2026-08-31 11:13:26.5000000,-20.050000,46.950000
2683098,"Matyushino",2671,192,"37V","37V2H4S4Q",2,2025-05-25 17:49:40.3000000,0,116326,0,2026-08-31 11:14:19.8170000,56.100000,37.850000
58921,"Mahazoarivo",1877,143,"38K","38K2H5S1Q",2,2026-08-31 11:14:21.3200000,0,741,0,2026-08-31 11:14:21.3200000,-22.700000,44.400000
58922,"Kimilaoka",1877,143,"38K","38K2H5S1Q",2,2026-08-31 11:14:24.9200000,0,741,0,2026-08-31 11:14:24.9230000,-22.700000,44.416670
59411,"Beroroha Atsimo",1877,143,"38K","38K2H5S1Q",2,2026-08-31 11:14:35.9230000,0,741,0,2026-08-31 11:14:35.9230000,-22.633330,44.983330
59637,"Beroroha Avaratra",1877,143,"38K","38K2H5S1Q",2,2026-08-31 11:14:39.3800000,0,741,0,2026-08-31 11:14:39.3800000,-22.600000,44.983330
59520,"Ambinanitelo",1877,143,"38K","38K2H5S2Q",2,2026-08-31 11:14:41.2670000,0,741,0,2026-08-31 11:14:41.2670000,-22.616670,45.033330
84437,"Mahatsinjobe",1882,143,"38K","38K1H6S3Q",2,2026-08-31 11:14:41.2830000,0,741,0,2026-08-31 11:14:41.2830000,-19.383330,46.166670
59750,"Andranomanga",1880,143,"38K","38K2H5S2Q",2,2026-08-31 11:14:53.0670000,0,741,0,2026-08-31 11:14:53.0670000,-22.583330,45.116670
59866,"Anjahasoa",1880,143,"38K","38K2H5S2Q",2,2026-08-31 11:14:56.2570000,0,741,0,2026-08-31 11:14:56.2570000,-22.566670,45.116670
59867,"Analalava",1880,143,"38K","38K2H5S2Q",2,2026-08-31 11:14:58.7100000,0,741,0,2026-08-31 11:14:58.7100000,-22.566670,45.133330
60109,"Bereketa",1880,143,"38K","38K2H5S2Q",2,2026-08-31 11:16:50.9170000,0,741,0,2026-08-31 11:16:50.9170000,-22.533330,45.133330
60218,"Mahazoarivo",1880,143,"38K","38K2H5S2Q",2,2026-08-31 11:16:56.0270000,0,741,0,2026-08-31 11:16:56.0270000,-22.516670,45.133330
2563538,"Norbury",979,77,"30U","30U1H6S3Q",2,2024-05-16 09:50:18.9870000,0,142090,0,2026-08-31 11:17:01.7630000,52.966670,-1.816670
2561857,"Marston Montgomery",979,77,"30U","30U1H6S3Q",2,2026-04-01 02:07:24.6830000,0,733909,0,2026-08-31 11:17:56.1000000,52.933330,-1.783330
2490863,"Hawthorn",979,77,"30U","30U2H2S2Q",1,2013-01-21 10:21:13.0270000,581079,1200,1862,2026-08-31 11:17:56.5700000,51.424170,-2.223610
60339,"Antanandava",1880,143,"38K","38K2H5S2Q",2,2026-08-31 11:19:14.5100000,0,741,0,2026-08-31 11:19:14.5100000,-22.500000,45.150000
60430,"Mahasoa",1880,143,"38K","38K2H5S2Q",2,2026-08-31 11:19:19.4730000,0,741,0,2026-08-31 11:19:19.4730000,-22.483330,45.133330
2683097,"Dar'ino",2671,192,"37V","37V2H4S4Q",2,2025-05-25 17:49:49.7600000,0,110100,0,2026-08-31 11:19:24.4600000,56.100000,37.833330
2683684,"Yel'digino",2671,192,"37V","37V2H4S4Q",2,2025-05-25 18:05:04.2130000,0,106553,0,2026-08-31 11:19:29.3470000,56.116670,37.816670
2295993,"Ach",129,12,"32T","32T1H2S2Q",3,2024-10-10 10:40:54.1770000,0,0,20816,2026-08-31 11:21:02.4670000,47.517780,9.865000
2096123,"Macomb",3557,233,"17T","17T2H1S4Q",1,2013-11-26 19:35:11.9670000,10570629,0,0,2026-08-31 11:22:32.4800000,42.700870,-82.959090
60651,"Antongonibia",1877,143,"38K","38K2H5S2Q",2,2026-08-31 11:25:24.8030000,0,741,0,2026-08-31 11:25:24.8030000,-22.450000,45.100000
60653,"Beamalo",1877,143,"38K","38K2H5S2Q",2,2026-08-31 11:25:28.9970000,0,741,0,2026-08-31 11:25:29.0000000,-22.450000,45.116670
60771,"Hemby",1877,143,"38K","38K2H5S2Q",2,2026-08-31 11:25:32.4100000,0,741,0,2026-08-31 11:25:32.4100000,-22.433330,45.100000
60894,"Fandoma-Ankifio",1877,143,"38K","38K2H5S2Q",2,2026-08-31 11:25:34.9300000,0,741,0,2026-08-31 11:25:34.9330000,-22.416670,45.116670
60895,"Tsiangora",1877,143,"38K","38K2H5S2Q",2,2026-08-31 11:25:37.5100000,0,741,0,2026-08-31 11:25:37.5100000,-22.416670,45.133330
1825603,"Mappsburg",3585,233,"18S","18S1H5S1Q",3,2026-08-31 11:27:22.7270000,0,0,1036,2026-08-31 11:27:22.7270000,37.577630,-75.763540
1824392,"Quinby",3585,233,"18S","18S1H5S1Q",3,2026-08-31 11:27:25.8800000,0,0,1035,2026-08-31 11:27:25.8800000,37.553750,-75.733820
1826436,"Red Hill",3585,233,"18S","18S1H5S1Q",3,2026-08-31 11:27:29.9900000,0,0,1036,2026-08-31 11:27:29.9900000,37.592630,-75.751870
1828566,"Pungoteague",3585,233,"18S","18S1H5S1Q",3,2026-08-31 11:27:34.8100000,0,0,1038,2026-08-31 11:27:34.8100000,37.630410,-75.813540
1828285,"Nandua",3585,233,"18S","18S1H5S1Q",3,2026-08-31 11:27:38.0400000,950,0,1038,2026-08-31 11:27:38.0430000,37.624300,-75.849930
1829314,"Hacksneck",3585,233,"18S","18S1H5S1Q",3,2026-08-31 11:27:42.7570000,0,0,1039,2026-08-31 11:27:42.7570000,37.643190,-75.870490
1829502,"Coocheyville",3585,233,"18S","18S1H5S1Q",3,2026-08-31 11:27:45.7930000,939,0,1039,2026-08-31 11:27:45.7930000,37.647630,-75.852150
1830335,"Harborton",3585,233,"18S","18S1H5S1Q",3,2026-08-31 11:28:16.6570000,0,0,1039,2026-08-31 11:28:16.6570000,37.661800,-75.830490
1826404,"Old Trower",3585,233,"18S","18S1H5S1Q",3,2026-08-31 11:28:40.9600000,0,0,1035,2026-08-31 11:28:40.9630000,37.591800,-75.705480
50535,"Bezavo",1880,143,"38K","38K2H6S4Q",2,2026-08-31 11:29:27.0300000,0,741,0,2026-08-31 11:29:27.0300000,-23.650000,47.416670
50534,"Nosoala",1880,143,"38K","38K2H6S4Q",2,2026-08-31 11:29:32.3300000,0,741,0,2026-08-31 11:29:32.3300000,-23.650000,47.400000
50107,"Manotondrano",1880,143,"38K","38K2H6S4Q",2,2026-08-31 11:29:36.8730000,0,741,0,2026-08-31 11:29:36.8730000,-23.700000,47.400000
50106,"Ampasitsiriry",1880,143,"38K","38K2H6S4Q",2,2026-08-31 11:29:41.0030000,0,741,0,2026-08-31 11:29:41.0030000,-23.700000,47.383330
49952,"Isahara",1880,143,"38K","38K2H6S4Q",2,2026-08-31 11:29:44.1730000,0,741,0,2026-08-31 11:29:44.1730000,-23.716670,47.350000
50387,"Antondidava",1880,143,"38K","38K2H6S4Q",2,2026-08-31 11:29:47.0100000,0,741,0,2026-08-31 11:29:47.0100000,-23.666670,47.350000
50532,"Marosalala",1880,143,"38K","38K2H6S4Q",2,2026-08-31 11:29:50.7830000,0,741,0,2026-08-31 11:29:50.7830000,-23.650000,47.350000
50531,"Ambalasavoa",1880,143,"38K","38K2H6S4Q",2,2026-08-31 11:29:54.1630000,0,741,0,2026-08-31 11:29:54.1630000,-23.650000,47.333330
2778687,"Laulasmaa",856,64,"35V","35V2H1S1Q",2,2026-08-31 10:06:27.8300000,0,3612,0,2026-08-31 11:31:54.6570000,59.386390,24.229720
83845,"Maromena",1882,143,"38K","38K1H6S3Q",2,2026-08-31 11:32:01.5930000,0,741,0,2026-08-31 11:32:01.5930000,-19.466670,46.133330
2778763,"Lohusalu",856,64,"35V","35V2H1S1Q",2,2026-08-31 11:31:58.4170000,0,4892,0,2026-08-31 11:32:03.9270000,59.394170,24.197500
84436,"Andohanimanga",1882,143,"38K","38K1H6S3Q",2,2026-08-31 11:32:07.2970000,0,1200,0,2026-08-31 11:32:07.2970000,-19.383330,46.150000
2778799,"Meremoisa",856,64,"35V","35V2H1S1Q",2,2026-08-31 11:32:08.2300000,0,2362,0,2026-08-31 11:32:10.6200000,59.397780,24.270830
85497,"Bemasoandro",1882,143,"38K","38K1H6S3Q",2,2026-08-31 11:32:19.2030000,0,1200,0,2026-08-31 11:32:19.2030000,-19.233330,46.200000
85152,"Miarimbovo",1882,143,"38K","38K1H6S3Q",2,2026-08-31 11:32:22.3470000,0,1200,0,2026-08-31 11:32:22.3500000,-19.283330,46.183330
85717,"Andranomiantra",1882,143,"38K","38K1H6S3Q",2,2026-08-31 11:32:27.0400000,0,1200,0,2026-08-31 11:32:27.0400000,-19.200000,46.283330
85498,"Analamiranga",1882,143,"38K","38K1H6S3Q",2,2026-08-31 11:32:30.8230000,0,1200,0,2026-08-31 11:32:30.8230000,-19.233330,46.266670
85153,"Ambohipotsy Nord",1882,143,"38K","38K1H6S3Q",2,2026-08-31 11:32:35.4400000,0,1200,0,2026-08-31 11:32:35.4400000,-19.283330,46.266670
2684914,"Aleshino",2671,192,"37V","37V2H4S4Q",2,2025-05-25 17:50:20.0030000,0,109692,0,2026-08-31 11:34:14.9130000,56.150000,37.750000
2684915,"Bortnevo",2671,192,"37V","37V2H4S4Q",2,2025-05-25 18:51:14.1930000,0,104565,0,2026-08-31 11:34:21.9970000,56.150000,37.816670
1993453,"Thessaloniki",1066,89,"34T","34T2H6S3Q",2,2017-06-10 11:17:41.0100000,720,37397201,0,2026-08-31 11:34:38.4600000,40.640280,22.943890
1993637,"Eitafygion",1066,89,"34T","34T2H6S3Q",2,2017-06-13 15:07:33.8270000,1080,63665,0,2026-08-31 11:35:00.8770000,40.643360,22.964020
1995241,"Polichni",1066,89,"34T","34T2H6S3Q",2,2017-05-29 05:33:34.6130000,660,104642,0,2026-08-31 11:35:12.4000000,40.666710,22.948810
1993469,"Agios Pavlos",1066,89,"34T","34T2H6S3Q",2,2018-02-07 23:17:33.0700000,720,132682,0,2026-08-31 11:35:27.4730000,40.640560,22.959440
1997251,"Lerchs",3584,233,"18T","18T2H5S3Q",1,2025-12-19 23:26:54.8430000,14420,0,0,2026-08-31 11:36:53.1430000,40.699820,-75.417130
84539,"Ambohimandroso",1882,143,"38K","38K1H6S3Q",2,2026-08-31 11:37:38.9300000,0,1200,0,2026-08-31 11:37:38.9300000,-19.366670,46.250000
84541,"Mahamasina",1882,143,"38K","38K1H6S3Q",2,2026-08-31 11:37:45.0900000,0,1200,0,2026-08-31 11:37:45.0900000,-19.366670,46.266670
2256,"Launceston",141,13,"55G","55G1H2S4Q",1,2025-08-10 22:41:36.3430000,962504,0,0,2026-08-31 11:37:46.7600000,-41.450000,147.166670
1826540,"Piggen",3585,233,"18S","18S1H5S1Q",3,2026-08-31 11:38:42.1270000,0,0,1035,2026-08-31 11:38:42.1270000,37.594860,-75.720480
1827167,"Wachapreague",3585,233,"18S","18S1H5S1Q",3,2026-08-31 11:38:46.1900000,0,0,1035,2026-08-31 11:38:46.1900000,37.604300,-75.689650
1827445,"Locust Mount",3585,233,"18S","18S1H5S1Q",3,2026-08-31 11:38:49.4770000,0,0,1035,2026-08-31 11:38:49.4770000,37.610410,-75.699650
1827248,"Trower",3585,233,"18S","18S1H5S1Q",3,2026-08-31 11:38:54.7530000,0,0,1037,2026-08-31 11:38:54.7530000,37.605970,-75.741870
61003,"Moravitsika-Morafeno",1877,143,"38K","38K2H5S2Q",2,2026-08-31 11:38:59.7100000,0,741,0,2026-08-31 11:38:59.7100000,-22.400000,45.150000
1828065,"Keller",3585,233,"18S","18S1H5S1Q",3,2026-08-31 11:39:05.0530000,0,0,1037,2026-08-31 11:39:05.0530000,37.619300,-75.763820
61002,"Ankerika",1877,143,"38K","38K2H5S2Q",2,2026-08-31 11:39:06.9600000,0,741,0,2026-08-31 11:39:06.9600000,-22.400000,45.066670
61111,"Besavoa",1877,143,"38K","38K2H5S2Q",2,2026-08-31 11:39:11.3870000,0,741,0,2026-08-31 11:39:11.3870000,-22.383330,45.050000
61110,"Lahaviana",1877,143,"38K","38K2H5S2Q",2,2026-08-31 11:39:18.4200000,0,741,0,2026-08-31 11:39:18.4200000,-22.383330,45.033330
61444,"Mandatany",1877,143,"38K","38K2H5S2Q",2,2026-08-31 11:39:20.8530000,0,741,0,2026-08-31 11:39:20.8530000,-22.333330,45.116670
61674,"Iaborano II",1877,143,"38K","38K2H5S2Q",2,2026-08-31 11:39:26.7730000,0,741,0,2026-08-31 11:39:26.7730000,-22.300000,45.150000
61780,"Mandarano II",1877,143,"38K","38K2H5S2Q",2,2026-08-31 11:39:28.8700000,0,741,0,2026-08-31 11:39:28.8700000,-22.283330,45.050000
61779,"Antilotilo",1877,143,"38K","38K2H5S2Q",2,2026-08-31 11:39:32.0970000,0,741,0,2026-08-31 11:39:32.0970000,-22.283330,45.033330
2295460,"Eschau",129,12,"32T","32T1H2S2Q",3,2024-10-10 11:02:33.6170000,0,0,20788,2026-08-31 11:39:44.1900000,47.512500,9.871390
2044695,"Lansing",3554,233,"16T","16T2H5S1Q",3,2025-06-25 01:40:52.5270000,0,2674,991964,2026-08-31 11:39:45.7530000,41.564760,-87.538930
2536753,"Noord",2269,167,"31U","31U1H6S3Q",1,2020-07-19 12:04:52.1000000,1007453,0,0,2026-08-31 11:40:12.8030000,52.390790,4.909940
61899,"Mahado",1877,143,"38K","38K2H5S2Q",2,2026-08-31 11:40:20.2300000,0,741,0,2026-08-31 11:40:20.2300000,-22.266670,45.016670
84896,"Volanarivo",1882,143,"38K","38K1H6S3Q",2,2026-08-31 11:40:22.7330000,0,1200,0,2026-08-31 11:40:22.7330000,-19.316670,46.250000
2003467,"Gerede",3356,225,"36T","36T2H5S3Q",3,2022-05-09 17:15:04.3630000,0,0,11150,2026-08-31 11:40:38.1270000,40.800830,32.196940
1829860,"Bobtown",3585,233,"18S","18S1H5S1Q",3,2026-08-31 11:40:48.0200000,0,0,1038,2026-08-31 11:40:48.0200000,37.650960,-75.793260
3,"McMurdo Station",98,9,"59C","59C2H1S3Q",2,2026-08-31 05:47:27.8570000,0,22846,0,2026-08-31 11:42:58.6470000,-77.655350,168.222660
2558252,"Wieringerwerf",2269,167,"31U","31U1H6S4Q",1,2014-04-02 07:42:41.2930000,258830,0,0,2026-08-31 11:45:27.8800000,52.850830,5.026390
1937668,"South Cumberland",3542,233,"17S","17S1H3S2Q",3,2026-06-12 17:36:52.0770000,0,0,345609,2026-08-31 11:50:06.0900000,39.632590,-78.755850
1938183,"Cumberland Heights",3542,233,"17S","17S1H3S2Q",3,2026-03-16 16:19:50.4000000,0,0,562100,2026-08-31 11:50:13.7370000,39.640090,-78.756960
1938985,"Cumberland",3542,233,"17S","17S1H3S2Q",3,2025-09-22 15:48:15.7670000,0,0,2530367,2026-08-31 11:50:20.1870000,39.652870,-78.762520
1938237,"Ridgeley",3550,233,"17S","17S1H3S2Q",3,2018-08-26 10:54:38.6600000,0,0,30397017,2026-08-31 11:50:26.9770000,39.641480,-78.774460
49513,"Menaretry",1880,143,"38K","38K2H6S4Q",2,2026-08-31 11:51:05.4100000,0,1023,0,2026-08-31 11:51:05.4100000,-23.766670,47.483330
49364,"Tanisoa",1880,143,"38K","38K2H6S4Q",2,2026-08-31 11:51:08.5000000,0,741,0,2026-08-31 11:51:08.5000000,-23.783330,47.500000
49228,"Lavay",1880,143,"38K","38K2H6S4Q",2,2026-08-31 11:51:11.5100000,0,741,0,2026-08-31 11:51:11.5100000,-23.800000,47.483330
49229,"Befeno",1880,143,"38K","38K2H6S4Q",2,2026-08-31 11:51:14.3900000,0,758,0,2026-08-31 11:51:14.3900000,-23.800000,47.516670
49230,"Manambondro",1880,143,"38K","38K2H6S4Q",2,2026-08-31 11:51:17.7800000,0,758,0,2026-08-31 11:51:17.7800000,-23.800000,47.550000
49084,"Mafaitaka",1880,143,"38K","38K2H6S4Q",2,2026-08-31 11:51:21.2200000,0,841,0,2026-08-31 11:51:21.2200000,-23.816670,47.583330
61900,"Tsinjorano",1877,143,"38K","38K2H5S2Q",2,2026-08-31 11:53:15.7830000,0,741,0,2026-08-31 11:53:15.7830000,-22.266670,45.033330
61998,"Mandarano I",1877,143,"38K","38K2H5S2Q",2,2026-08-31 11:53:20.1330000,0,741,0,2026-08-31 11:53:20.1330000,-22.250000,45.100000
61999,"Ampasimaika",1877,143,"38K","38K2H5S2Q",2,2026-08-31 11:53:24.8300000,0,741,0,2026-08-31 11:53:24.8300000,-22.250000,45.133330
62086,"Bemanga",1877,143,"38K","38K2H5S2Q",2,2026-08-31 11:53:28.2330000,0,741,0,2026-08-31 11:53:28.2330000,-22.233330,45.116670
62085,"Ankiliabo",1877,143,"38K","38K2H5S2Q",2,2026-08-31 11:53:31.6930000,0,741,0,2026-08-31 11:53:31.6930000,-22.233330,45.100000
62186,"Ampasibe",1877,143,"38K","38K2H5S2Q",2,2026-08-31 11:53:33.9470000,0,741,0,2026-08-31 11:53:33.9470000,-22.216670,45.100000
62385,"Tsibiril",1877,143,"38K","38K2H5S2Q",2,2026-08-31 11:53:37.2830000,0,741,0,2026-08-31 11:53:37.2870000,-22.183330,45.100000
62296,"Soarano",1877,143,"38K","38K2H5S2Q",2,2026-08-31 11:53:42.7130000,0,741,0,2026-08-31 11:53:42.7130000,-22.200000,45.050000
2003352,"Yukaricandir",3356,225,"36T","36T2H4S4Q",0,2026-08-31 11:54:10.9000000,0,0,0,2026-08-31 11:54:10.9000000,40.800000,31.716670
2002330,"Yakuplar",3356,225,"36T","36T2H4S4Q",0,2026-08-31 11:54:16.6300000,0,0,0,2026-08-31 11:54:16.6300000,40.783330,31.700000
2778837,"Keila-Joa",856,64,"35V","35V2H1S1Q",2,2026-08-31 11:54:24.6470000,0,2357,0,2026-08-31 11:54:26.3000000,59.399720,24.304440
2001315,"Bahcekoy",3356,225,"36T","36T2H4S4Q",0,2026-08-31 11:54:30.5870000,0,0,0,2026-08-31 11:54:30.5870000,40.766670,31.706500
2779132,"Turisalu",856,64,"35V","35V2H1S1Q",2,2026-08-31 11:54:29.2630000,0,2362,0,2026-08-31 11:54:32.2370000,59.411670,24.307220
2779084,"Naage",856,64,"35V","35V2H1S1Q",2,2026-08-31 11:54:37.4430000,0,2388,0,2026-08-31 11:54:40.7400000,59.406940,24.357500
2779303,"Nomme",856,64,"35V","35V2H1S1Q",2,2026-08-31 11:54:57.1200000,0,2356,0,2026-08-31 11:55:02.8970000,59.416670,24.383330
85024,"Andriampotaka",1882,143,"38K","38K1H6S3Q",2,2026-08-31 11:55:21.5800000,0,741,0,2026-08-31 11:55:21.5800000,-19.300000,46.283330
84897,"Morarivo",1882,143,"38K","38K1H6S3Q",2,2026-08-31 11:55:25.5230000,0,1200,0,2026-08-31 11:55:25.5230000,-19.316670,46.283330
84898,"Ankelitokana",1882,143,"38K","38K1H6S3Q",2,2026-08-31 11:55:29.3300000,0,1200,0,2026-08-31 11:55:29.3300000,-19.316670,46.316670
84784,"Ambohibary",1882,143,"38K","38K1H6S3Q",2,2026-08-31 11:55:33.7100000,0,1200,0,2026-08-31 11:55:33.7100000,-19.333330,46.283330
84785,"Trondromainty",1882,143,"38K","38K1H6S3Q",2,2026-08-31 11:55:37.9070000,0,1200,0,2026-08-31 11:55:37.9070000,-19.333330,46.300000
84656,"Ambohimarina",1882,143,"38K","38K1H6S3Q",2,2026-08-31 11:55:42.7930000,0,1200,0,2026-08-31 11:55:42.7930000,-19.350000,46.300000
1970352,"Penney",3567,233,"10T","10T2H5S3Q",2,2026-08-31 11:55:51.1370000,0,843,0,2026-08-31 11:55:51.1370000,40.198210,-123.101690
1942779,"Dos Rios",3567,233,"10S","10S1H2S1Q",2,2026-08-31 11:56:04.9200000,0,1138,0,2026-08-31 11:56:04.9200000,39.716820,-123.353350
2811684,"Pouru",929,70,"34V","34V1H3S4Q",1,2026-01-07 21:19:33.6800000,2242,0,0,2026-08-31 12:00:22.5970000,62.083330,23.800000
2818784,"Backnas",929,70,"34V","34V1H2S2Q",1,2026-08-31 12:01:50.6100000,500,0,0,2026-08-31 12:01:50.6100000,63.100000,21.633330
2818836,"Palosaari",929,70,"34V","34V1H2S2Q",1,2026-08-31 12:01:56.4700000,1190,0,0,2026-08-31 12:01:56.4700000,63.107030,21.591220
49082,"Fenoambany",1880,143,"38K","38K2H6S4Q",2,2026-08-31 12:01:57.3600000,0,317,0,2026-08-31 12:01:57.3600000,-23.816670,47.550000
2818726,"Vaskiluoto",929,70,"34V","34V1H2S2Q",1,2026-08-31 12:02:01.3330000,3570,0,0,2026-08-31 12:02:01.3330000,63.090640,21.571480
49081,"Satrana",1880,143,"38K","38K2H6S4Q",2,2026-08-31 12:02:06.4570000,0,758,0,2026-08-31 12:02:06.4570000,-23.816670,47.533330
48966,"Isatra",1880,143,"38K","38K2H6S4Q",2,2026-08-31 12:02:09.8330000,0,758,0,2026-08-31 12:02:09.8330000,-23.833330,47.516670
2818557,"Sunnanvik",929,70,"34V","34V1H2S2Q",1,2026-08-31 12:02:11.6870000,1029,0,0,2026-08-31 12:02:11.6870000,63.066670,21.666670
48712,"Somisiky",1880,143,"38K","38K2H6S4Q",2,2026-08-31 12:02:12.6600000,0,758,0,2026-08-31 12:02:12.6600000,-23.866670,47.533330
2818430,"Holmen",929,70,"34V","34V1H2S2Q",1,2026-08-31 12:02:18.2500000,725,0,0,2026-08-31 12:02:18.2500000,63.050000,21.633330
2818428,"Naset",929,70,"34V","34V1H2S2Q",1,2026-08-31 12:02:23.9130000,847,0,0,2026-08-31 12:02:23.9130000,63.050000,21.600000
2818556,"Kronvik",929,70,"34V","34V1H2S2Q",1,2026-08-31 12:02:29.9770000,714,0,0,2026-08-31 12:02:29.9770000,63.066670,21.516670
1574799,"Bartonville",3551,233,"16S","16S2H5S2Q",2,2020-11-16 07:48:21.5830000,0,627638,0,2026-08-31 12:03:40.9030000,33.574830,-86.780550
1535698,"Irving",3549,233,"14S","14S2H6S4Q",3,2023-11-04 20:40:11.3800000,0,0,4553300,2026-08-31 12:03:46.8730000,32.898690,-96.972240
1574356,"Boyles Highlands",3551,233,"16S","16S2H5S2Q",0,2026-08-31 12:03:48.4900000,0,0,0,2026-08-31 12:03:48.4900000,33.567600,-86.774430
1575936,"Danville",3551,233,"16S","16S2H5S2Q",2,2020-11-15 20:05:02.1170000,0,634297,0,2026-08-31 12:03:56.7900000,33.592330,-86.769990
1576148,"Tarrant Heights",3551,233,"16S","16S2H5S2Q",2,2020-11-17 15:16:03.9130000,0,643667,0,2026-08-31 12:04:01.3900000,33.595660,-86.756930
1585872,"Columbus",3551,233,"16S","16S2H5S2Q",2,2026-05-12 07:10:13.0070000,0,79628,0,2026-08-31 12:04:26.2100000,33.758160,-86.753330
2604877,"Dose",708,57,"32U","32U1H5S1Q",3,2026-08-31 12:05:19.4030000,0,0,858,2026-08-31 12:05:19.4030000,53.883330,8.666670
2590556,"Kirchreihe",708,57,"32U","32U1H5S1Q",3,2026-08-31 12:05:40.4570000,0,0,830,2026-08-31 12:05:40.4570000,53.533330,8.116670
2591299,"Grandorf",708,57,"32U","32U1H5S1Q",3,2026-08-31 12:05:45.4170000,0,45,4282,2026-08-31 12:05:59.9900000,53.550000,8.116670
2592043,"Kniphausersiel",708,57,"32U","32U1H5S1Q",3,2026-08-31 12:06:30.9330000,0,0,834,2026-08-31 12:06:30.9330000,53.566670,8.116670
2594794,"Pakens",708,57,"32U","32U1H5S1Q",3,2026-08-31 12:06:39.2730000,0,315,835,2026-08-31 12:06:39.2730000,53.633330,8.000000
2595440,"Crildumersiel",708,57,"32U","32U1H5S1Q",3,2026-08-31 12:06:44.1470000,0,240,837,2026-08-31 12:06:44.1470000,53.650000,8.033330
2601526,"Wangerooge",708,57,"32U","32U1H4S2Q",3,2026-08-31 12:06:54.9400000,0,0,904,2026-08-31 12:06:54.9400000,53.800000,7.900000
62185,"Ambabaky",1877,143,"38K","38K2H5S2Q",2,2026-08-31 12:07:15.2930000,0,741,0,2026-08-31 12:07:15.2930000,-22.216670,45.033330
62183,"Nanarena",1877,143,"38K","38K2H5S2Q",2,2026-08-31 12:07:22.5000000,0,741,0,2026-08-31 12:07:22.5000000,-22.216670,45.016670
62295,"Antanamary",1877,143,"38K","38K2H5S2Q",2,2026-08-31 12:07:29.6170000,0,741,0,2026-08-31 12:07:29.6170000,-22.200000,45.016670
62383,"Sarotrano",1877,143,"38K","38K2H5S2Q",2,2026-08-31 12:07:33.6900000,0,741,0,2026-08-31 12:07:33.6900000,-22.183330,45.016670
2597462,"Schillig",708,57,"32U","32U1H5S1Q",3,2026-08-31 12:07:36.7700000,0,0,840,2026-08-31 12:07:36.7700000,53.700000,8.016670
62384,"Anteteza",1877,143,"38K","38K2H5S2Q",2,2026-08-31 12:07:38.5270000,0,741,0,2026-08-31 12:07:38.5270000,-22.183330,45.033330
2597460,"Forrien",708,57,"32U","32U1H4S2Q",3,2026-08-31 12:07:40.9170000,0,72,735,2026-08-31 12:07:40.9170000,53.700000,7.983330
62561,"Sahomory",1877,143,"38K","38K2H5S1Q",2,2026-08-31 12:07:43.9500000,0,741,0,2026-08-31 12:07:43.9500000,-22.150000,44.983330
2596813,"Wiarder Altendeich",708,57,"32U","32U1H4S2Q",3,2026-08-31 12:07:47.4730000,0,0,1630,2026-08-31 12:07:49.1300000,53.683330,7.983330
62783,"Sahanory Atsinanana",1877,143,"38K","38K2H5S1Q",2,2026-08-31 12:07:50.4570000,0,741,0,2026-08-31 12:07:50.4600000,-22.116670,44.983330
62879,"Mahasoa Est",1877,143,"38K","38K2H5S1Q",2,2026-08-31 12:07:55.0700000,0,741,0,2026-08-31 12:07:55.0700000,-22.100000,44.983330
2586692,"Ellenserdammersiel",708,57,"32U","32U1H5S1Q",3,2026-08-31 12:08:02.6970000,0,0,600,2026-08-31 12:08:02.6970000,53.434570,8.051650
2587104,"Blauhand",708,57,"32U","32U1H5S1Q",3,2026-08-31 12:08:10.0930000,0,0,573,2026-08-31 12:08:10.0930000,53.450000,8.033330
2000501,"Alpagut",3356,225,"36T","36T2H4S4Q",0,2026-08-31 12:08:10.5600000,0,0,0,2026-08-31 12:08:10.5600000,40.751240,31.578850
1998612,"Kasaplar",3356,225,"36T","36T2H4S4Q",0,2026-08-31 12:08:21.4700000,0,0,0,2026-08-31 12:08:21.4700000,40.719300,31.558590
62480,"Berenty-Betsileo",1877,143,"38K","38K2H5S2Q",2,2026-08-31 12:08:21.7330000,0,741,0,2026-08-31 12:08:21.7330000,-22.166670,45.066670
2576925,"Kreyenkamp",708,57,"32U","32U1H5S1Q",3,2026-08-31 12:08:22.9800000,0,0,2001,2026-08-31 12:08:27.2900000,53.233330,8.033330
2578532,"Garnholterdamm",708,57,"32U","32U1H5S1Q",3,2026-08-31 12:08:31.8230000,0,0,873,2026-08-31 12:08:31.8230000,53.266670,8.033330
1998860,"Karakoy",3356,225,"36T","36T2H4S4Q",0,2026-08-31 12:08:34.4770000,0,0,0,2026-08-31 12:08:34.4770000,40.724750,31.543660
2412523,"Kleinrheinfeld",715,57,"32U","32U2H6S1Q",3,2018-05-21 09:39:38.1630000,0,0,3137450,2026-08-31 12:09:03.2870000,49.950000,10.383330
2551319,"Mellinghausen",708,57,"32U","32U1H5S3Q",3,2026-08-31 12:09:54.7570000,0,0,935,2026-08-31 12:09:54.7600000,52.706970,8.897040
2576873,"Old Brampton",979,77,"30U","30U1H6S1Q",3,2024-05-14 19:11:26.8670000,0,0,929650,2026-08-31 12:11:45.8200000,53.233330,-1.500000
8035,"Wodonga",140,13,"55H","55H2H2S1Q",2,2024-11-02 01:23:06.9570000,0,251554,22800,2026-08-31 12:11:52.9970000,-36.116670,146.883330
2098444,"Pozharevo",275,22,"34T","34T2H3S4Q",1,2026-08-01 19:07:23.0100000,175094,5119,0,2026-08-31 12:12:07.3600000,42.750000,23.133330
86117,"Imanga",1882,143,"38K","38K1H6S3Q",2,2026-08-31 12:13:06.8400000,0,1200,0,2026-08-31 12:13:06.8400000,-19.150000,46.183330
86118,"Fiantsonana",1882,143,"38K","38K1H6S3Q",2,2026-08-31 12:13:09.8600000,0,1200,0,2026-08-31 12:13:09.8600000,-19.150000,46.200000
85850,"Andavabary",1882,143,"38K","38K1H6S3Q",2,2026-08-31 12:13:14.4600000,0,1200,0,2026-08-31 12:13:14.4600000,-19.183330,46.300000
84543,"Ambatomadinika",1882,143,"38K","38K1H6S3Q",2,2026-08-31 12:13:19.9030000,0,1200,0,2026-08-31 12:13:19.9030000,-19.366670,46.333330
84439,"Tsimbaimamo",1882,143,"38K","38K1H6S3Q",2,2026-08-31 12:13:23.4430000,0,1200,0,2026-08-31 12:13:23.4470000,-19.383330,46.366670
83848,"Betsohana",1882,143,"38K","38K1H6S3Q",2,2026-08-31 12:14:46.7970000,46,300,0,2026-08-31 12:14:46.7970000,-19.466670,46.400000
2546822,"Popowo",2451,180,"33U","33U1H6S3Q",3,2019-02-13 23:47:47.6100000,0,0,1002359,2026-08-31 12:16:50.3570000,52.611600,16.651840
62562,"Berenty-Baro",1877,143,"38K","38K2H5S2Q",2,2026-08-31 12:19:23.8730000,0,741,0,2026-08-31 12:19:23.8730000,-22.150000,45.050000
62671,"Ansonirena",1877,143,"38K","38K2H5S2Q",2,2026-08-31 12:19:31.3330000,0,741,0,2026-08-31 12:19:31.3330000,-22.133330,45.050000
62563,"Soasarana",1877,143,"38K","38K2H5S2Q",2,2026-08-31 12:19:34.6100000,0,741,0,2026-08-31 12:19:34.6130000,-22.150000,45.083330
62564,"Antsoaravy",1877,143,"38K","38K2H5S2Q",2,2026-08-31 12:19:36.6270000,0,741,0,2026-08-31 12:19:36.6270000,-22.150000,45.100000
62673,"Marohova",1880,143,"38K","38K2H5S2Q",2,2026-08-31 12:19:39.7100000,0,741,0,2026-08-31 12:19:39.7100000,-22.133330,45.083330
62784,"Ranoamba",1877,143,"38K","38K2H5S2Q",2,2026-08-31 12:19:42.1530000,0,741,0,2026-08-31 12:19:42.1530000,-22.116670,45.083330
62881,"Ankilimaro",1877,143,"38K","38K2H5S2Q",2,2026-08-31 12:19:44.4570000,0,741,0,2026-08-31 12:19:44.4570000,-22.100000,45.083330
62880,"Mangotroky",1877,143,"38K","38K2H5S2Q",2,2026-08-31 12:19:48.6600000,0,741,0,2026-08-31 12:19:48.6600000,-22.100000,45.066670
84199,"Ambohimamory",1882,143,"38K","38K1H6S3Q",2,2026-08-31 12:22:33.7900000,0,1200,0,2026-08-31 12:22:33.7900000,-19.416670,46.433330
83957,"Ampasatokana",1882,143,"38K","38K1H6S3Q",2,2026-08-31 12:22:37.8670000,0,1200,0,2026-08-31 12:22:37.8670000,-19.450000,46.416670
2245463,"Cedar Bank",3557,233,"16T","16T1H2S3Q",1,2022-03-24 13:00:41.5170000,356928,0,0,2026-08-31 12:23:03.7400000,46.296890,-87.266810
84073,"Amparihikely",1882,143,"38K","38K1H6S3Q",2,2026-08-31 12:24:16.8900000,0,1200,0,2026-08-31 12:24:16.8900000,-19.433330,46.466670
62984,"Tapakiky",1877,143,"38K","38K2H5S2Q",2,2026-08-31 12:24:39.8030000,0,741,0,2026-08-31 12:24:39.8030000,-22.083330,45.083330
63085,"Anaviavy",1877,143,"38K","38K2H5S2Q",2,2026-08-31 12:25:02.5700000,0,741,0,2026-08-31 12:25:02.5700000,-22.066670,45.066670
63087,"Amberobe",1877,143,"38K","38K2H5S2Q",2,2026-08-31 12:25:05.2300000,0,741,0,2026-08-31 12:25:05.2300000,-22.066670,45.133330
63176,"Antapakiky",1877,143,"38K","38K2H5S2Q",2,2026-08-31 12:25:07.9670000,0,741,0,2026-08-31 12:25:07.9670000,-22.050000,45.066670
63268,"Tomboarivo",1877,143,"38K","38K2H5S2Q",2,2026-08-31 12:25:45.4730000,0,741,0,2026-08-31 12:25:45.4730000,-22.033330,45.066670
1673527,"Kings Park",3547,233,"17S","17S2H2S1Q",3,2026-04-26 04:55:36.8070000,0,0,10904,2026-08-31 12:27:24.4670000,35.041520,-81.689540
1673459,"Beaverdam",3547,233,"17S","17S2H2S1Q",3,2025-11-09 16:03:18.3170000,0,0,10533,2026-08-31 12:27:31.2400000,35.040130,-81.701490
1671995,"Thicketty",3547,233,"17S","17S2H2S1Q",3,2023-06-28 21:13:58.8530000,0,0,10066,2026-08-31 12:27:34.5070000,35.016520,-81.724820
63353,"Mandabe Avaratra",1877,143,"38K","38K2H5S2Q",2,2026-08-31 12:27:49.0300000,0,741,0,2026-08-31 12:27:49.0300000,-22.016670,45.066670
1676703,"Penn Jones",3547,233,"17S","17S2H2S1Q",3,2023-03-14 23:57:12.8170000,0,0,6757,2026-08-31 12:27:54.1370000,35.094570,-81.660930
1722919,"Stoney Brook",3545,233,"17S","17S2H3S1Q",3,2013-08-27 18:27:39.8100000,0,0,523172,2026-08-31 12:28:05.6670000,35.914870,-79.108620
2008203,"Capodichino",1380,110,"33T","33T2H5S3Q",3,2016-11-13 13:25:45.5470000,0,0,681111,2026-08-31 12:28:07.3170000,40.883330,14.266670
2282121,"Roggwil",523,43,"32T","32T1H1S2Q",2,2025-04-09 22:05:26.3500000,0,1511297,0,2026-08-31 12:29:26.7330000,47.241190,7.821410
1859548,"Lido di Mondello",1363,110,"33S","33S1H1S4Q",2,2026-05-25 09:19:12.9200000,0,267266,0,2026-08-31 12:30:12.6200000,38.200000,13.333330
2797014,"Kainu",929,70,"34V","34V1H5S4Q",1,2013-07-20 15:37:47.5170000,9126,0,3600,2026-08-31 12:31:24.7300000,60.483330,21.733330
63692,"Tsarepioky",1877,143,"38K","38K2H2S4Q",2,2026-08-31 12:31:25.2530000,0,741,0,2026-08-31 12:31:25.2530000,-21.966670,45.066670
63818,"Ampandra",1877,143,"38K","38K2H2S4Q",2,2026-08-31 12:31:30.5870000,0,741,0,2026-08-31 12:31:30.5870000,-21.950000,45.000000
1750713,"Mill Creek",3548,233,"17S","17S1H5S3Q",3,2020-09-07 21:19:43.2500000,0,0,142298,2026-08-31 12:31:31.8200000,36.372900,-81.859560
64250,"Anjamitikitra",1877,143,"38K","38K2H2S4Q",2,2026-08-31 12:31:33.4400000,0,741,0,2026-08-31 12:31:33.4400000,-21.900000,45.000000
2797679,"Ruola",929,70,"34V","34V1H5S4Q",1,2014-04-11 19:10:38.8800000,19338,0,300,2026-08-31 12:32:03.1900000,60.521110,21.465000
83958,"Ambatofotsy",1882,143,"38K","38K1H6S3Q",2,2026-08-31 12:32:17.6000000,0,1200,0,2026-08-31 12:32:17.6030000,-19.450000,46.450000
83849,"Amberomanga",1882,143,"38K","38K1H6S3Q",2,2026-08-31 12:32:21.9830000,0,1200,0,2026-08-31 12:32:21.9830000,-19.466670,46.450000
83850,"Ambatofotsikely",1882,143,"38K","38K1H6S3Q",2,2026-08-31 12:32:37.8900000,0,1200,0,2026-08-31 12:32:37.8900000,-19.466670,46.466670
1978026,"Skyline View",3584,233,"18T","18T2H4S4Q",3,2024-06-17 00:12:15.0330000,1080,0,1219246,2026-08-31 12:34:53.4300000,40.339260,-76.725520
2069017,"Hadar",3559,233,"14T","14T2H3S3Q",2,2025-08-09 00:17:55.5770000,0,819,300,2026-08-31 12:34:58.5930000,42.105000,-97.449220
1976415,"Long Lane Acres",3584,233,"18T","18T2H4S4Q",1,2025-11-01 06:36:22.4900000,153507,0,0,2026-08-31 12:35:01.2830000,40.310090,-76.716360
1975227,"Hoernerstown",3584,233,"18T","18T2H4S4Q",1,2024-01-10 16:15:27.7200000,232467,0,0,2026-08-31 12:35:14.4230000,40.287310,-76.724410
2052788,"Saint Bernard",3559,233,"14T","14T2H6S1Q",3,2026-08-31 12:35:46.1900000,300,1800,2736,2026-08-31 12:35:46.1900000,41.721950,-97.628940
2039452,"Sheldonville",3559,233,"14T","14T2H6S1Q",3,2026-08-31 12:36:08.4830000,0,255,907,2026-08-31 12:36:08.4830000,41.463900,-97.425880
2038588,"College View Park",3559,233,"14T","14T2H6S1Q",2,2026-07-19 16:01:23.3900000,0,487,300,2026-08-31 12:36:16.8700000,41.445850,-97.391990
2037806,"Columbus",3559,233,"14T","14T2H6S1Q",3,2026-08-31 12:36:42.8100000,300,0,926,2026-08-31 12:36:42.8130000,41.429730,-97.368380
1976060,"Lawrenceville",3561,233,"18T","18T2H5S4Q",3,2024-07-19 21:58:46.6900000,0,0,6494,2026-08-31 12:37:18.8100000,40.301770,-74.737840
2037509,"Wagners Lake",3559,233,"14T","14T2H6S1Q",2,2026-08-21 05:12:57.9370000,0,885,300,2026-08-31 12:37:28.0100000,41.421960,-97.385600
1980693,"Rocky Ridge",3584,233,"18T","18T2H5S3Q",1,2017-12-06 02:25:38.7000000,270307,0,862,2026-08-31 12:37:40.3370000,40.395380,-75.324340
1978918,"Mews at Wickford Commons",3584,233,"18T","18T2H5S3Q",1,2014-12-26 03:09:15.0830000,253618,0,517,2026-08-31 12:37:45.8270000,40.356900,-75.301400
1979196,"Almont",3584,233,"18T","18T2H5S3Q",1,2015-03-17 19:20:23.4270000,243729,0,3188,2026-08-31 12:37:49.4100000,40.364270,-75.334340
1978716,"Naceville",3584,233,"18T","18T2H5S3Q",1,2015-02-02 12:57:51.8000000,305554,1468,1119,2026-08-31 12:37:54.8970000,40.351490,-75.372400
1978421,"Tylersport",3584,233,"18T","18T2H5S3Q",1,2015-02-02 12:58:03.9200000,307365,0,879,2026-08-31 12:38:02.8900000,40.349550,-75.381010
1979261,"Argus",3584,233,"18T","18T2H5S3Q",1,2015-03-17 19:20:31.6470000,331363,0,879,2026-08-31 12:38:07.6530000,40.366490,-75.382960
1979872,"Ridge Valley",3584,233,"18T","18T2H5S3Q",1,2015-03-17 19:20:28.6300000,256907,0,879,2026-08-31 12:38:10.9930000,40.377600,-75.377120
1980296,"Finland",3584,233,"18T","18T2H5S3Q",1,2015-02-17 19:20:53.9830000,257291,0,517,2026-08-31 12:38:15.6230000,40.384270,-75.419350
1598182,"North Peachtree Woods",3539,233,"16S","16S2H6S2Q",1,2013-12-27 01:52:14.9500000,747839,0,0,2026-08-31 12:38:17.6800000,33.940930,-84.295760
82370,"Ambohipisaka",1882,143,"38K","38K1H6S3Q",2,2026-08-31 12:38:49.0730000,0,1200,0,2026-08-31 12:38:49.0730000,-19.666670,46.283330
82371,"Ambohitrandriana",1882,143,"38K","38K1H6S3Q",2,2026-08-31 12:38:53.0830000,0,1200,0,2026-08-31 12:38:53.0830000,-19.666670,46.300000
48283,"Iakondro",1880,143,"38K","38K2H6S4Q",2,2026-08-31 12:41:59.2930000,0,741,0,2026-08-31 12:41:59.2930000,-23.916670,47.533330
48023,"Ambalafandra",1880,143,"38K","38K2H6S4Q",2,2026-08-31 12:42:04.1900000,0,741,0,2026-08-31 12:42:04.1900000,-23.950000,47.516670
48567,"Ankazomasy",1880,143,"38K","38K2H6S4Q",2,2026-08-31 12:42:06.5900000,0,741,0,2026-08-31 12:42:06.5900000,-23.883330,47.433330
48282,"Ampatsy",1880,143,"38K","38K2H6S4Q",2,2026-08-31 12:42:09.3230000,0,741,0,2026-08-31 12:42:09.3230000,-23.916670,47.400000
47419,"Sandravinany",1880,143,"38J","38J1H3S2Q",2,2026-08-31 12:42:14.8030000,46,1041,0,2026-08-31 12:42:14.8030000,-24.033330,47.433330
47615,"Befasy",1880,143,"38J","38J1H3S2Q",2,2026-08-31 12:42:17.6330000,0,741,0,2026-08-31 12:42:17.6330000,-24.000000,47.416670
47614,"Mavoroka",1880,143,"38J","38J1H3S2Q",2,2026-08-31 12:42:20.4270000,0,741,0,2026-08-31 12:42:20.4270000,-24.000000,47.400000
49805,"Soatsirana",1880,143,"38K","38K2H6S4Q",2,2026-08-31 12:42:27.9330000,0,1200,0,2026-08-31 12:42:27.9330000,-23.733330,47.400000
64392,"Andravindahy",1877,143,"38K","38K2H2S3Q",2,2026-08-31 12:42:29.8470000,0,741,0,2026-08-31 12:42:29.8470000,-21.883330,44.916670
2293850,"Tanner",3578,233,"10T","10T1H3S1Q",1,2024-12-12 08:19:07.0330000,2843812,0,0,2026-08-31 12:42:51.8070000,47.475380,-121.746220
64754,"Iambinda",1877,143,"38K","38K2H2S3Q",2,2026-08-31 12:43:12.8670000,0,741,0,2026-08-31 12:43:12.8670000,-21.833330,44.883330
64523,"Analabo",1877,143,"38K","38K2H2S3Q",2,2026-08-31 12:43:15.3330000,0,741,0,2026-08-31 12:43:15.3330000,-21.866670,44.833330
63945,"Antsoha",1877,143,"38K","38K2H2S3Q",2,2026-08-31 12:43:17.8330000,0,811,0,2026-08-31 12:43:17.8330000,-21.933330,44.800000
64882,"Bevoay",1877,143,"38K","38K2H2S3Q",2,2026-08-31 12:43:24.0800000,0,741,0,2026-08-31 12:43:24.0800000,-21.816670,44.983330
64524,"Marolofiky",1877,143,"38K","38K2H2S4Q",2,2026-08-31 12:43:26.6730000,0,741,0,2026-08-31 12:43:26.6730000,-21.866670,45.066670
64393,"Soafasy",1877,143,"38K","38K2H2S4Q",2,2026-08-31 12:43:29.4330000,0,741,0,2026-08-31 12:43:29.4330000,-21.883330,45.066670
64252,"Ankida",1877,143,"38K","38K2H2S4Q",2,2026-08-31 12:43:34.2670000,0,741,0,2026-08-31 12:43:34.2670000,-21.900000,45.066670
64086,"Ankida Sud",1877,143,"38K","38K2H2S4Q",2,2026-08-31 12:44:03.3200000,0,741,0,2026-08-31 12:44:03.3200000,-21.916670,45.083330
2644243,"Castle Douglas",977,77,"30U","30U1H2S3Q",3,2025-05-17 16:59:19.3770000,0,0,54827,2026-08-31 12:44:17.2070000,54.933330,-3.950000
64755,"Sirave",1877,143,"38K","38K2H2S4Q",2,2026-08-31 12:46:38.0570000,0,741,0,2026-08-31 12:46:38.0570000,-21.833330,45.116670
2039941,"Oconee",3559,233,"14T","14T2H6S1Q",2,2026-06-17 13:03:23.2630000,300,764,300,2026-08-31 12:47:39.3400000,41.470010,-97.518930
2035836,"Duncan",3559,233,"14T","14T2H6S1Q",2,2026-08-26 12:52:00.4170000,0,1958,300,2026-08-31 12:47:48.6100000,41.389460,-97.494770
64650,"Ankatsakatsa",1877,143,"38K","38K2H2S4Q",2,2026-08-31 12:48:29.5570000,0,741,0,2026-08-31 12:48:29.5570000,-21.850000,45.133330
2052923,"Clarkson",3559,233,"14T","14T2H6S1Q",2,2026-04-15 00:44:11.8030000,0,624,300,2026-08-31 12:48:29.5600000,41.726670,-97.122260
64525,"Morarano",1877,143,"38K","38K2H2S4Q",2,2026-08-31 12:48:53.7670000,0,741,0,2026-08-31 12:48:53.7670000,-21.866670,45.133330
64394,"Bejaha",1877,143,"38K","38K2H2S4Q",2,2026-08-31 12:48:57.9670000,0,741,0,2026-08-31 12:48:57.9670000,-21.883330,45.150000
2049858,"Scribner",3559,233,"14T","14T2H6S2Q",2,2025-03-25 13:09:21.8600000,0,2228,645,2026-08-31 12:49:00.4200000,41.666670,-96.665860
2037930,"Fremont",3559,233,"14T","14T2H6S2Q",1,2025-09-20 21:38:26.3930000,1103485,600,300,2026-08-31 12:50:09.6100000,41.433330,-96.498080
2035314,"Woodcliff",3559,233,"14T","14T2H6S2Q",2,2026-06-13 15:56:54.9630000,0,44162,300,2026-08-31 12:50:22.3600000,41.381670,-96.471690
2035085,"Mercer",3559,233,"14T","14T2H6S2Q",2,2025-08-17 03:24:44.5700000,0,8711,300,2026-08-31 12:50:31.8530000,41.374440,-96.425860
2778780,"Vaila",856,64,"35V","35V2H1S1Q",2,2026-08-31 12:50:57.4800000,0,2388,0,2026-08-31 12:51:01.3870000,59.396390,24.366670
2778585,"Joakula",856,64,"35V","35V2H1S1Q",2,2026-08-31 12:51:05.4800000,0,2356,0,2026-08-31 12:51:13.9800000,59.383330,24.350000
2467267,"Stadbroek",2271,167,"31U","31U2H3S4Q",2,2021-08-22 06:27:21.4230000,0,1052961,0,2026-08-31 12:51:17.0430000,51.000000,5.866670
2778359,"Suurkula",856,64,"35V","35V2H1S1Q",2,2026-08-31 12:51:17.7600000,0,2356,0,2026-08-31 12:51:19.7700000,59.373890,24.347500
2301048,"Vesoul",957,75,"32T","32T1H1S1Q",1,2015-09-06 20:01:39.1270000,67600661,0,0,2026-08-31 12:51:31.5130000,47.633330,6.166670
2778315,"Adra",856,64,"35V","35V2H1S1Q",2,2026-08-31 12:51:24.2430000,0,2387,0,2026-08-31 12:51:34.7700000,59.370280,24.371390
2296294,"Fallenberg",129,12,"32T","32T1H2S2Q",3,2025-08-28 05:10:03.2670000,0,0,20579,2026-08-31 12:52:29.6370000,47.530280,9.772780
1875246,"Buyukcigli",3303,225,"35S","35S1H2S4Q",3,2018-08-17 06:17:26.1400000,0,4003,585274,2026-08-31 12:53:39.0130000,38.496450,27.070290
1998266,"Kasaplar",3356,225,"36T","36T2H4S4Q",3,2015-08-30 01:09:29.4170000,0,0,11150,2026-08-31 12:53:55.9530000,40.716170,31.474830
1998802,"Kemp",3563,233,"16T","16T2H6S4Q",3,2010-01-01 00:00:00.0000000,3900,0,46549,2026-08-31 12:54:08.8200000,40.723660,-84.223280
1998689,"Sandallar",3356,225,"36T","36T2H4S4Q",0,2026-08-31 12:54:15.8630000,0,0,0,2026-08-31 12:54:15.8630000,40.721000,31.579310
1999057,"Ovaduzu",3356,225,"36T","36T2H4S4Q",0,2026-08-31 12:54:32.1600000,0,0,0,2026-08-31 12:54:32.1600000,40.728950,31.639680
1751866,"Neva",3548,233,"17S","17S1H5S3Q",3,2020-09-07 21:31:31.8370000,0,0,121140,2026-08-31 12:54:39.0030000,36.393180,-81.863730
64088,"Tanambao",1877,143,"38K","38K2H2S4Q",2,2026-08-31 12:57:00.1770000,0,741,0,2026-08-31 12:57:00.1770000,-21.916670,45.166670
64087,"Tanandava",1877,143,"38K","38K2H2S4Q",2,2026-08-31 12:57:07.8600000,0,741,0,2026-08-31 12:57:07.8600000,-21.916670,45.150000
63819,"Betenina",1877,143,"38K","38K2H2S4Q",2,2026-08-31 12:57:13.5900000,0,741,0,2026-08-31 12:57:13.5900000,-21.950000,45.166670
63820,"Beteny-Haranila",1877,143,"38K","38K2H2S4Q",2,2026-08-31 12:57:17.5300000,0,741,0,2026-08-31 12:57:17.5300000,-21.950000,45.183330
63693,"Bemelo",1877,143,"38K","38K2H2S4Q",2,2026-08-31 12:57:21.7800000,0,741,0,2026-08-31 12:57:21.7800000,-21.966670,45.150000
63354,"Kiliarivo",1877,143,"38K","38K2H5S2Q",2,2026-08-31 12:57:24.6330000,0,741,0,2026-08-31 12:57:24.6330000,-22.016670,45.133330
55193,"Vohitrarivo",1880,143,"38K","38K2H6S4Q",2,2026-08-31 12:59:08.6500000,0,574,0,2026-08-31 12:59:08.6500000,-23.150000,47.550000
55328,"Amboahangibe",1880,143,"38K","38K2H6S4Q",2,2026-08-31 12:59:20.7770000,0,937,0,2026-08-31 12:59:20.7770000,-23.133330,47.633330
55196,"Iabomary",1880,143,"38K","38K2H6S4Q",2,2026-08-31 12:59:24.6000000,0,937,0,2026-08-31 12:59:24.6000000,-23.150000,47.700000
2530428,"Zamyslowo",2451,180,"33U","33U1H6S3Q",3,2017-03-23 17:17:14.1500000,0,0,1011796,2026-08-31 12:59:31.3330000,52.261430,16.678190
1830765,"Smithville",3585,233,"18S","18S1H5S1Q",3,2026-08-31 12:59:55.0630000,0,0,1039,2026-08-31 12:59:55.0630000,37.667080,-75.843540
55197,"Amboboka",1880,143,"38K","38K2H6S4Q",2,2026-08-31 13:00:07.2200000,0,626,123,2026-08-31 13:00:07.2200000,-23.150000,47.733330
55330,"Karimbelo",1880,143,"38K","38K2H6S4Q",2,2026-08-31 13:00:15.8870000,0,938,0,2026-08-31 13:00:15.8870000,-23.133330,47.733330
1873907,"Mavisehir",3303,225,"35S","35S1H2S4Q",3,2018-08-18 21:41:17.4070000,0,12556,331083,2026-08-31 13:00:18.4570000,38.469920,27.077310
1873133,"Karsiyaka",3303,225,"35S","35S1H2S4Q",3,2018-08-16 08:13:52.4600000,0,300,639567,2026-08-31 13:00:27.7770000,38.457330,27.110620
1852971,"Scotland Beach",3542,233,"18S","18S1H1S4Q",3,2026-08-31 13:00:49.8270000,0,0,1126,2026-08-31 13:00:49.8270000,38.071520,-76.329670
1853277,"Rodo Beach",3542,233,"18S","18S1H1S4Q",3,2026-08-31 13:00:54.7730000,1121,0,1176,2026-08-31 13:00:54.7730000,38.079290,-76.331610
2083889,"Williamsville",3557,233,"16T","16T2H3S4Q",1,2016-05-03 03:32:34.6430000,996697,0,0,2026-08-31 13:00:55.0700000,42.438920,-84.096620
1853871,"Scotland",3542,233,"18S","18S1H1S4Q",3,2026-08-31 13:01:00.0070000,0,0,1173,2026-08-31 13:01:00.0070000,38.089020,-76.361890
1853858,"Hays Beach",3542,233,"18S","18S1H1S4Q",3,2026-08-31 13:01:05.6900000,0,0,1146,2026-08-31 13:01:05.6900000,38.088740,-76.331610
1855812,"Saint Jerome Shores",3542,233,"18S","18S1H1S4Q",3,2026-08-31 13:01:09.7030000,0,0,1172,2026-08-31 13:01:09.7030000,38.129290,-76.333000
1855408,"Airedele",3542,233,"18S","18S1H1S4Q",3,2026-08-31 13:01:12.9500000,0,0,1174,2026-08-31 13:01:12.9500000,38.118460,-76.348000
1855443,"Portneys Overlook",3542,233,"18S","18S1H1S4Q",3,2026-08-31 13:01:17.4030000,0,0,1073,2026-08-31 13:01:17.4030000,38.119570,-76.359390
1855432,"Ridge",3542,233,"18S","18S1H1S4Q",3,2026-08-31 13:01:21.3030000,0,0,1075,2026-08-31 13:01:21.3030000,38.119290,-76.373840
1896745,"Ibiza Nueva",896,68,"31S","31S1H1S4Q",3,2026-08-31 11:00:02.6970000,600,40789,96959,2026-08-31 13:03:12.6270000,38.918420,1.444320
194149,"Chambana",3817,248,"36L","36L1H1S4Q",2,2026-08-31 13:03:19.4100000,0,892,0,2026-08-31 13:03:19.4100000,-9.366670,31.900000
195255,"Yambayamba",3817,248,"36L","36L1H1S4Q",2,2026-08-31 13:03:23.7200000,0,891,0,2026-08-31 13:03:23.7200000,-9.283330,31.883330
195014,"Andreya",3817,248,"36L","36L1H1S4Q",2,2026-08-31 13:03:27.0930000,0,892,0,2026-08-31 13:03:27.0930000,-9.300000,31.916670
195015,"Tansuka",3817,248,"36L","36L1H1S4Q",2,2026-08-31 13:03:32.7000000,0,892,0,2026-08-31 13:03:32.7000000,-9.300000,31.933330
195016,"Funda",3817,248,"36L","36L1H1S4Q",2,2026-08-31 13:03:36.6730000,0,892,0,2026-08-31 13:03:36.6730000,-9.300000,31.950000
194573,"Chisha",3817,248,"36L","36L1H1S4Q",2,2026-08-31 13:03:40.5730000,0,892,0,2026-08-31 13:03:40.5730000,-9.333330,31.966670
194365,"Chisesa",3817,248,"36L","36L1H1S4Q",2,2026-08-31 13:03:45.9630000,0,892,0,2026-08-31 13:03:45.9630000,-9.350000,31.950000
193607,"Nkokomoshi",3817,248,"36L","36L1H1S4Q",2,2026-08-31 13:03:49.3430000,0,892,0,2026-08-31 13:03:49.3430000,-9.400000,31.933330
2792950,"Lahderanta",927,70,"35V","35V1H4S3Q",2,2021-09-23 13:21:22.7570000,1434,6777,0,2026-08-31 13:04:43.3870000,60.243130,24.735720
2741319,"Sakmary",2662,192,"40V","40V2H5S1Q",2,2023-05-09 12:03:22.3770000,0,3868765,0,2026-08-31 13:04:45.0200000,57.877780,56.098060
2777757,"Kloogaranna",856,64,"35V","35V2H1S1Q",2,2026-08-31 13:05:13.0100000,0,2387,4,2026-08-31 13:05:15.3870000,59.348060,24.254440
2777633,"Tuulna",856,64,"35V","35V2H1S1Q",2,2026-08-31 13:05:19.4600000,0,2385,0,2026-08-31 13:05:21.5670000,59.337220,24.278890
2778041,"Keelva",856,64,"35V","35V2H1S1Q",2,2026-08-31 13:05:25.2430000,0,2357,0,2026-08-31 13:05:31.3170000,59.359720,24.324720
2791468,"Kaartinkaupunki",927,70,"35V","35V1H4S3Q",1,2017-12-24 09:43:53.6170000,1000456,0,0,2026-08-31 13:05:38.5070000,60.164490,24.947550
2791732,"Kluuvi",927,70,"35V","35V1H4S3Q",1,2017-07-14 01:16:14.6130000,1000898,0,0,2026-08-31 13:05:46.4970000,60.170120,24.948150
2545918,"Ostrolesie",2451,180,"33U","33U1H6S3Q",3,2026-05-28 18:08:24.9370000,0,0,139806,2026-08-31 13:10:11.4430000,52.589330,16.514750
55467,"Iambinany",1880,143,"38K","38K2H6S4Q",2,2026-08-31 13:10:36.2500000,0,938,0,2026-08-31 13:10:36.2500000,-23.116670,47.750000
55596,"Namohora",1880,143,"38K","38K2H6S4Q",2,2026-08-31 13:10:40.7730000,0,938,0,2026-08-31 13:10:40.7730000,-23.100000,47.733330
55869,"Tokohondro",1880,143,"38K","38K2H6S4Q",2,2026-08-31 13:10:44.8270000,0,938,0,2026-08-31 13:10:44.8270000,-23.066670,47.750000
56138,"Ambinany",1880,143,"38K","38K2H6S4Q",2,2026-08-31 13:10:46.5070000,0,937,0,2026-08-31 13:10:46.5070000,-23.033330,47.766670
60648,"Andakana",1877,143,"38K","38K2H5S1Q",2,2026-08-31 13:12:06.7600000,0,741,0,2026-08-31 13:12:06.7600000,-22.450000,44.033330
64642,"Amboraho",1877,143,"38K","38K2H1S4Q",2,2026-08-31 13:13:00.4000000,0,741,0,2026-08-31 13:13:00.4000000,-21.850000,43.683330
64517,"Maharihy",1877,143,"38K","38K2H1S4Q",2,2026-08-31 13:13:05.2900000,0,741,0,2026-08-31 13:13:05.2900000,-21.866670,43.666670
64244,"Ankilifolo",1877,143,"38K","38K2H1S4Q",2,2026-08-31 13:13:09.9830000,0,741,0,2026-08-31 13:13:09.9830000,-21.900000,43.633330
63941,"Andrenialamahitsy",1877,143,"38K","38K2H1S4Q",2,2026-08-31 13:13:15.5130000,0,741,0,2026-08-31 13:13:15.5130000,-21.933330,43.616670
64076,"Andrenialasingotry",1877,143,"38K","38K2H1S4Q",2,2026-08-31 13:13:19.5370000,0,741,0,2026-08-31 13:13:19.5370000,-21.916670,43.616670
63807,"Ihotry",1877,143,"38K","38K2H1S4Q",2,2026-08-31 13:13:24.5600000,0,741,0,2026-08-31 13:13:24.5600000,-21.950000,43.616670
63808,"Andohatona",1877,143,"38K","38K2H1S4Q",2,2026-08-31 13:13:28.4600000,0,741,0,2026-08-31 13:13:28.4600000,-21.950000,43.633330
63685,"Zabely",1877,143,"38K","38K2H1S4Q",2,2026-08-31 13:13:32.1430000,0,741,0,2026-08-31 13:13:32.1430000,-21.966670,43.633330
1854994,"Kitty Acres",3542,233,"18S","18S1H1S4Q",3,2026-08-31 13:16:53.5270000,0,0,1173,2026-08-31 13:16:53.5270000,38.112070,-76.394120
1854917,"Wynne",3542,233,"18S","18S1H1S4Q",3,2026-08-31 13:16:55.9000000,0,0,1161,2026-08-31 13:16:55.9000000,38.109850,-76.405230
1855338,"Beans Landing",3542,233,"18S","18S1H1S4Q",3,2026-08-31 13:16:58.3300000,0,0,1173,2026-08-31 13:16:58.3300000,38.116790,-76.396060
1856201,"Saint Jeromes Landing",3542,233,"18S","18S1H1S4Q",3,2026-08-31 13:17:03.2870000,0,0,1075,2026-08-31 13:17:03.2870000,38.134010,-76.354390
1855912,"Benedict Smiths",3542,233,"18S","18S1H1S4Q",3,2026-08-31 13:17:06.4800000,0,0,952,2026-08-31 13:17:06.4800000,38.132070,-76.392170
1857202,"Dameron",3542,233,"18S","18S1H1S4Q",3,2026-08-31 13:17:10.1030000,1125,0,1192,2026-08-31 13:17:10.1030000,38.152350,-76.369390
1856387,"Delle Bourne",3542,233,"18S","18S1H1S4Q",3,2026-08-31 13:17:12.7800000,0,0,1173,2026-08-31 13:17:12.7800000,38.138180,-76.395510
1856425,"Upper Jutland",3542,233,"18S","18S1H1S4Q",3,2026-08-31 13:17:18.3800000,0,0,957,2026-08-31 13:17:18.3800000,38.139020,-76.412170
1873647,"Alaybey",3303,225,"35S","35S1H2S4Q",3,2018-08-17 20:48:53.1870000,0,2917,446003,2026-08-31 13:17:48.0870000,38.466670,27.133330
194150,"Shini",3817,248,"36L","36L1H1S4Q",2,2026-08-31 13:19:10.9930000,0,892,0,2026-08-31 13:19:10.9930000,-9.366670,31.983330
192543,"Kalamba",3817,248,"36L","36L1H2S3Q",2,2026-08-31 13:19:14.0200000,0,892,0,2026-08-31 13:19:14.0200000,-9.450000,32.000000
190489,"Luchewe",3817,248,"36L","36L1H2S3Q",2,2026-08-31 13:19:17.0330000,0,892,0,2026-08-31 13:19:17.0330000,-9.533330,32.033330
193265,"Sumbi",3817,248,"36L","36L1H2S3Q",2,2026-08-31 13:19:20.1800000,0,892,0,2026-08-31 13:19:20.1800000,-9.416670,32.083330
193608,"Kosam",3817,248,"36L","36L1H2S3Q",2,2026-08-31 13:19:23.1800000,0,892,0,2026-08-31 13:19:23.1830000,-9.400000,32.050000
194575,"Sintemba",3817,248,"36L","36L1H2S3Q",2,2026-08-31 13:19:26.1030000,0,892,0,2026-08-31 13:19:26.1030000,-9.333330,32.033330
194774,"Mutitimya",3817,248,"36L","36L1H2S3Q",2,2026-08-31 13:19:29.6030000,0,892,0,2026-08-31 13:19:29.6030000,-9.316670,32.066670
194576,"Chilingwa",3817,248,"36L","36L1H2S3Q",2,2026-08-31 13:19:33.2000000,0,892,0,2026-08-31 13:19:33.2000000,-9.333330,32.100000
2026752,"Bass Lake",3555,233,"16T","16T2H5S2Q",3,2026-08-31 13:21:20.7200000,0,0,1107,2026-08-31 13:21:20.7200000,41.207260,-86.601960
2027885,"Bass Lake",3555,233,"16T","16T2H5S2Q",3,2026-08-31 13:21:25.3600000,0,0,1136,2026-08-31 13:21:25.3600000,41.230500,-86.584560
2028299,"Winona",3555,233,"16T","16T2H5S2Q",3,2026-08-31 13:21:29.6130000,0,0,1136,2026-08-31 13:21:29.6130000,41.236150,-86.569460
2025721,"Bass Station",3555,233,"16T","16T2H5S2Q",1,2020-12-06 06:23:11.7800000,32170,0,5100,2026-08-31 13:21:38.2430000,41.185320,-86.602230
2005959,"Gumusova",3356,225,"36T","36T2H4S3Q",3,2026-08-31 13:23:04.7700000,0,0,10000,2026-08-31 13:23:11.9430000,40.846940,30.941110
2006756,"Beyciler",3356,225,"36T","36T2H4S4Q",1,,122,30,0,2026-08-31 13:23:32.0600000,40.859180,31.174930
2210763,"Ripalta Guerina",1375,110,"32T","32T1H5S2Q",1,2023-10-15 12:10:58.1500000,110640,900,0,2026-08-31 13:23:39.8430000,45.306070,9.703960
2211518,"Ripalta Cremasca",1375,110,"32T","32T1H5S2Q",3,2026-08-31 13:14:53.0270000,0,0,8446,2026-08-31 13:23:49.2070000,45.332470,9.692660
2296235,"Juggen",129,12,"32T","32T1H2S2Q",3,2025-08-27 23:06:44.2970000,0,0,21436,2026-08-31 13:24:22.6800000,47.527780,9.777780
82495,"Amparihimanga",1882,143,"38K","38K1H6S3Q",2,2026-08-31 13:27:51.2970000,0,1200,0,2026-08-31 13:27:51.2970000,-19.650000,46.250000
82232,"Ampasatokana",1882,143,"38K","38K1H6S3Q",2,2026-08-31 13:27:56.7000000,0,1200,0,2026-08-31 13:27:56.7000000,-19.683330,46.233330
82106,"Moronarivo",1882,143,"38K","38K1H6S3Q",2,2026-08-31 13:28:01.4470000,0,1200,0,2026-08-31 13:28:01.4470000,-19.700000,46.250000
81951,"Moronarivo",1882,143,"38K","38K1H6S3Q",2,2026-08-31 13:28:07.1930000,0,1200,0,2026-08-31 13:28:07.1930000,-19.716670,46.250000
81536,"Ampoza",1882,143,"38K","38K1H6S3Q",2,2026-08-31 13:28:12.4330000,0,1200,0,2026-08-31 13:28:12.4330000,-19.766670,46.283330
81537,"Ampahatra",1882,143,"38K","38K1H6S3Q",2,2026-08-31 13:28:17.1100000,0,1200,0,2026-08-31 13:28:17.1100000,-19.766670,46.300000
1870562,"Izmir",3303,225,"35S","35S1H2S4Q",2,2023-12-15 11:29:15.1230000,0,118047,0,2026-08-31 13:28:17.1900000,38.412730,27.138380
82103,"Ambongonifara",1882,143,"38K","38K1H6S3Q",2,2026-08-31 13:28:21.2100000,0,1200,0,2026-08-31 13:28:21.2100000,-19.700000,46.100000
82104,"Ambohitsisoky",1882,143,"38K","38K1H6S3Q",2,2026-08-31 13:28:24.2230000,0,1200,0,2026-08-31 13:28:24.2230000,-19.700000,46.133330
1869884,"Kadifekale",3303,225,"35S","35S1H2S4Q",2,2024-10-04 09:12:21.1300000,300,82346,47985,2026-08-31 13:28:29.8070000,38.400000,27.150000
1913416,"Lakeview",3570,233,"11S","11S1H1S1Q",3,2026-08-31 04:31:13.5600000,0,0,14332,2026-08-31 13:29:32.8800000,39.208240,-119.805460
2207470,"Terranova dei Passerini",1375,110,"32T","32T1H5S2Q",3,2026-08-31 13:30:48.5270000,0,0,1054,2026-08-31 13:30:48.5300000,45.215270,9.661860
1875871,"Kucukcigli",3303,225,"35S","35S1H2S4Q",3,2018-08-17 10:55:37.6500000,300,600,392694,2026-08-31 13:30:49.8530000,38.508010,27.055400
2207807,"Castiglione d'Adda",1375,110,"32T","32T1H5S2Q",3,2026-08-31 13:30:54.0230000,0,0,796,2026-08-31 13:30:54.0230000,45.218870,9.694160
63548,"Mihovotra",1877,143,"38K","38K2H1S4Q",2,2026-08-31 13:30:56.2930000,0,741,0,2026-08-31 13:30:56.2930000,-21.983330,43.633330
63431,"Andohasakoa",1877,143,"38K","38K2H4S2Q",2,2026-08-31 13:31:00.5900000,0,741,0,2026-08-31 13:31:00.5900000,-22.000000,43.633330
63347,"Ankilitasy",1877,143,"38K","38K2H4S2Q",2,2026-08-31 13:31:04.7070000,0,741,0,2026-08-31 13:31:04.7070000,-22.016670,43.633330
63168,"Betotaka",1877,143,"38K","38K2H4S2Q",2,2026-08-31 13:31:09.9070000,0,741,0,2026-08-31 13:31:09.9070000,-22.050000,43.666670
63348,"Ankoromboakoa",1877,143,"38K","38K2H4S2Q",2,2026-08-31 13:31:14.2800000,0,741,0,2026-08-31 13:31:14.2800000,-22.016670,43.666670
62978,"Ambararata",1877,143,"38K","38K2H4S2Q",2,2026-08-31 13:31:28.2300000,0,741,0,2026-08-31 13:31:28.2300000,-22.083330,43.583330
62979,"Marolinta",1877,143,"38K","38K2H4S2Q",2,2026-08-31 13:31:32.2870000,0,741,0,2026-08-31 13:31:32.2870000,-22.083330,43.616670
62772,"Andranombilo-Antsirasira",1877,143,"38K","38K2H4S2Q",2,2026-08-31 13:31:37.4600000,0,741,0,2026-08-31 13:31:37.4600000,-22.116670,43.633330
195017,"Simon Kandapupwe",3817,248,"36L","36L1H2S3Q",2,2026-08-31 13:34:15.5700000,0,892,0,2026-08-31 13:34:15.5700000,-9.300000,32.150000
195018,"Mukalamba",3817,248,"36L","36L1H2S3Q",2,2026-08-31 13:34:18.0700000,0,892,0,2026-08-31 13:34:18.0700000,-9.300000,32.200000
194366,"Mandyata",3817,248,"36L","36L1H2S3Q",2,2026-08-31 13:34:21.5230000,0,892,0,2026-08-31 13:34:21.5230000,-9.350000,32.216670
194151,"Nchelenje",3817,248,"36L","36L1H2S3Q",2,2026-08-31 13:34:24.8500000,0,892,0,2026-08-31 13:34:24.8500000,-9.366670,32.200000
193267,"Simon Nyumba",3817,248,"36L","36L1H2S3Q",2,2026-08-31 13:34:28.1670000,0,892,0,2026-08-31 13:34:28.1670000,-9.416670,32.183330
2542440,"Wheermolen",2269,167,"31U","31U1H6S3Q",1,2019-10-01 20:40:26.6800000,537295,0,0,2026-08-31 13:34:28.9670000,52.516670,4.966670
193266,"Chisembo",3817,248,"36L","36L1H2S3Q",2,2026-08-31 13:34:32.0130000,0,892,0,2026-08-31 13:34:32.0130000,-9.416670,32.150000
2777647,"Illurma",856,64,"35V","35V2H1S1Q",2,2026-08-31 13:38:30.4930000,0,2387,0,2026-08-31 13:38:32.4130000,59.338060,24.340560
2777885,"Uue Karjakula",856,64,"35V","35V2H1S1Q",2,2026-08-31 13:38:36.3900000,0,2386,0,2026-08-31 13:38:39.8900000,59.350000,24.366670
2777674,"Karjakula",856,64,"35V","35V2H1S1Q",2,2026-08-31 13:38:42.6800000,0,2388,0,2026-08-31 13:38:45.2900000,59.340280,24.385560
2778114,"Humala",856,64,"35V","35V2H1S1Q",2,2026-08-31 13:38:51.5400000,0,2386,0,2026-08-31 13:38:53.7000000,59.365280,24.400560
2536672,"Sloterdijk",2269,167,"31U","31U1H6S3Q",1,2014-10-22 13:53:07.8130000,1091541,0,0,2026-08-31 13:39:00.5400000,52.387100,4.846820
55329,"Lohangisa",1880,143,"38K","38K2H6S4Q",2,2026-08-31 13:00:11.3570000,0,2138,0,2026-08-31 13:39:40.4970000,-23.133330,47.716670
56137,"Manombo",1880,143,"38K","38K2H6S4Q",2,2026-08-31 13:39:45.2730000,0,937,0,2026-08-31 13:39:45.2730000,-23.033330,47.733330
56265,"Tsaratanana",1880,143,"38K","38K2H6S4Q",2,2026-08-31 13:39:48.2570000,0,937,0,2026-08-31 13:39:48.2570000,-23.016670,47.750000
55868,"Amboahangy",1880,143,"38K","38K2H6S4Q",2,2026-08-31 13:39:58.1400000,0,938,0,2026-08-31 13:39:58.1400000,-23.066670,47.683330
55743,"Ankarana-Miraihina",1880,143,"38K","38K2H6S4Q",2,2026-08-31 13:40:01.5570000,0,937,0,2026-08-31 13:40:01.5570000,-23.083330,47.633330
55466,"Efatsy-Anandroza",1880,143,"38K","38K2H6S4Q",2,2026-08-31 13:40:05.0630000,0,938,0,2026-08-31 13:40:05.0630000,-23.116670,47.600000
55326,"Vohimary",1880,143,"38K","38K2H6S4Q",2,2026-08-31 13:40:23.6030000,0,1675,0,2026-08-31 13:40:23.6030000,-23.133330,47.583330
2094221,"Gallupville",3562,233,"18T","18T2H2S4Q",1,2019-02-23 22:53:38.8100000,30475,0,0,2026-08-31 13:40:38.2770000,42.662580,-74.232630
2207235,"Camairago",1375,110,"32T","32T1H5S2Q",3,2026-08-31 13:41:12.4800000,0,0,4233,2026-08-31 13:41:17.9730000,45.205270,9.727460
2032911,"Leshara",3559,233,"14T","14T2H6S2Q",2,2025-08-17 03:38:48.4830000,0,20155,300,2026-08-31 13:44:50.9630000,41.329720,-96.428360
2027785,"Mead",3559,233,"14T","14T2H6S2Q",2,2025-07-18 19:49:30.5030000,0,5068,300,2026-08-31 13:45:02.9970000,41.227780,-96.487800
55465,"Fenoarivo",1880,143,"38K","38K2H6S4Q",2,2026-08-31 13:45:08.7130000,0,997,0,2026-08-31 13:45:08.7130000,-23.116670,47.566670
2024283,"Ithaca",3559,233,"14T","14T2H6S2Q",2,2025-07-20 12:35:37.1500000,0,18671,300,2026-08-31 13:45:12.2970000,41.162780,-96.539740
55742,"Mahasoa",1880,143,"38K","38K2H6S4Q",2,2026-08-31 13:45:17.5500000,0,938,0,2026-08-31 13:45:17.5500000,-23.083330,47.583330
2022985,"Swedeburg",3559,233,"14T","14T2H6S2Q",2,2025-05-06 16:27:42.4400000,0,26631,300,2026-08-31 13:45:20.1070000,41.136110,-96.624740
2665368,"Blizhniye Prudishchi",2671,192,"37U","37U1H1S2Q",2,2026-08-31 13:45:20.2400000,0,869,0,2026-08-31 13:45:20.2400000,55.578430,37.699620
55867,"Eroka",1880,143,"38K","38K2H6S4Q",2,2026-08-31 13:45:20.9270000,0,937,0,2026-08-31 13:45:20.9300000,-23.066670,47.616670
2296460,"Eichenberg",129,12,"32T","32T1H2S2Q",3,2025-08-27 22:15:59.7170000,0,0,20202,2026-08-31 13:45:24.5300000,47.533330,9.783330
2665231,"Maloye Vidnoye",2671,192,"37U","37U1H1S2Q",2,2026-08-31 13:45:30.4730000,0,1090,0,2026-08-31 13:45:30.4730000,55.570000,37.730000
2664668,"Vidnoye",2671,192,"37U","37U1H1S2Q",2,2026-08-31 13:45:36.8370000,0,1090,0,2026-08-31 13:45:36.8370000,55.552390,37.709660
2026908,"Wahoo",3559,233,"14T","14T2H6S2Q",2,2025-11-09 01:52:07.7070000,0,7010,900,2026-08-31 13:45:37.8800000,41.211390,-96.620300
2664811,"Tarychevo",2671,192,"37U","37U1H1S2Q",2,2026-08-31 13:45:42.6630000,0,864,0,2026-08-31 13:45:42.6630000,55.560560,37.692500
2031262,"Colon",3559,233,"14T","14T2H6S2Q",1,2026-06-14 03:39:46.2900000,796465,0,300,2026-08-31 13:45:45.0270000,41.297500,-96.605860
2000709,"Balikliihsaniye",3341,225,"36T","36T2H4S3Q",3,2026-08-31 13:46:21.6930000,0,0,10000,2026-08-31 13:46:28.6130000,40.756230,30.757810
1814827,"Wayne",3567,233,"10S","10S1H6S1Q",1,2025-06-28 06:09:04.0530000,1375175,0,64449,2026-08-31 13:46:29.8200000,37.385770,-121.898850
2666198,"Krasnoznamensk",2672,192,"37U","37U1H1S1Q",2,2026-08-31 13:46:30.7800000,0,1155,0,2026-08-31 13:46:30.7800000,55.600000,36.983330
2666440,"Golitsyno",2671,192,"37U","37U1H1S1Q",2,2026-08-31 13:46:38.5230000,0,1155,0,2026-08-31 13:46:38.5230000,55.609280,36.982120
2645537,"Chulkovo",2684,192,"37U","37U1H1S3Q",2,2026-08-31 13:47:10.5430000,0,1130,0,2026-08-31 13:47:10.5430000,54.967150,36.462770
2642434,"Vetkino",2684,192,"37U","37U1H1S3Q",2,2026-08-31 13:47:27.6070000,0,1105,0,2026-08-31 13:47:27.6070000,54.876260,36.515810
2642973,"Ozhogino",2684,192,"37U","37U1H1S3Q",2,2026-08-31 13:47:34.0700000,0,1105,0,2026-08-31 13:47:34.0700000,54.891530,36.486620
2201907,"Mortizza",1379,110,"32T","32T1H5S2Q",3,2026-08-31 13:48:38.2300000,0,0,3241,2026-08-31 13:48:42.4130000,45.083330,9.750000
2217661,"Montreal",459,38,"18T","18T1H6S1Q",1,2016-11-12 03:39:02.8630000,142405338,0,0,2026-08-31 13:49:10.9200000,45.508840,-73.587810
193910,"Mutupike",3817,248,"36L","36L1H2S3Q",2,2026-08-31 13:49:25.3730000,0,892,0,2026-08-31 13:49:25.3730000,-9.383330,32.233330
191799,"Chungwe",3817,248,"36L","36L1H2S3Q",2,2026-08-31 13:49:28.5970000,0,892,0,2026-08-31 13:49:28.5970000,-9.483330,32.266670
190937,"Namukonda",3817,248,"36L","36L1H2S3Q",2,2026-08-31 13:49:31.3230000,0,892,0,2026-08-31 13:49:31.3230000,-9.516670,32.266670
189205,"Namukonde Wamikuwa",3817,248,"36L","36L1H2S3Q",2,2026-08-31 13:49:34.0670000,0,892,0,2026-08-31 13:49:34.0670000,-9.583330,32.250000
185318,"Minso",3817,248,"36L","36L1H2S3Q",2,2026-08-31 13:49:37.5830000,0,893,0,2026-08-31 13:49:37.5830000,-9.750000,32.350000
2527860,"Boleslawiec",2451,180,"33U","33U1H6S3Q",3,2026-08-31 13:50:13.8630000,0,0,753,2026-08-31 13:50:13.8630000,52.212780,16.775560
2527738,"Borkowice",2451,180,"33U","33U1H6S3Q",3,2026-08-31 13:50:21.9100000,0,0,785,2026-08-31 13:50:21.9100000,52.208450,16.785910
2202960,"Caselle Landi",1375,110,"32T","32T1H5S2Q",3,2026-08-31 13:50:48.1030000,0,0,1063,2026-08-31 13:50:48.1030000,45.102570,9.795570
2181733,"Chums Corner",3557,233,"16T","16T1H6S3Q",3,2026-04-12 00:27:27.4770000,0,0,22275,2026-08-31 13:51:02.4800000,44.671950,-85.656460
2181246,"Grawn",3557,233,"16T","16T1H6S3Q",3,2026-04-12 00:27:27.7870000,0,0,18777,2026-08-31 13:51:12.3000000,44.662500,-85.693690
1719198,"Yorkshire Downs",3545,233,"17S","17S2H3S2Q",3,2013-08-16 15:36:56.6200000,0,0,590302,2026-08-31 13:52:40.3700000,35.850980,-78.671670
56136,"Mahabo",1880,143,"38K","38K2H6S4Q",2,2026-08-31 13:52:48.6570000,0,937,0,2026-08-31 13:52:48.6570000,-23.033330,47.600000
56263,"Besavoa",1880,143,"38K","38K2H6S4Q",2,2026-08-31 13:52:51.7870000,0,937,0,2026-08-31 13:52:51.7870000,-23.016670,47.616670
2230686,"Gros Cap",3557,233,"16T","16T1H6S2Q",1,2026-08-31 13:54:47.4200000,990,0,0,2026-08-31 13:54:47.4200000,45.870290,-84.827830
56264,"Marovary",1880,143,"38K","38K2H6S4Q",2,2026-08-31 13:56:05.1530000,0,937,0,2026-08-31 13:56:05.1530000,-23.016670,47.633330
2507637,"Nikol'skiy",2677,192,"37U","37U2H1S2Q",1,2026-08-31 13:58:29.0000000,1200,0,0,2026-08-31 13:58:29.0000000,51.783890,37.926940
2507638,"Gerasimovka",2665,192,"39U","39U2H3S2Q",1,2026-08-31 13:58:32.4430000,1200,0,0,2026-08-31 13:58:32.4430000,51.783890,53.279170
2507639,"Bogoslovka",2665,192,"40U","40U2H2S1Q",1,2026-08-31 13:58:35.4330000,1200,0,0,2026-08-31 13:58:35.4370000,51.783890,56.660000
2507645,"Nikol'sk",2713,192,"45U","45U2H2S1Q",1,2026-08-31 13:58:38.3070000,1200,0,0,2026-08-31 13:58:38.3070000,51.784170,86.603330
2507653,"Kairovka",2665,192,"40U","40U2H2S1Q",1,2026-08-31 13:58:42.7630000,1200,0,0,2026-08-31 13:58:42.7630000,51.784720,56.532500
2507657,"Novaya Osinovka",2657,192,"38U","38U2H2S1Q",1,2026-08-31 13:58:45.9600000,1200,0,0,2026-08-31 13:58:45.9630000,51.784900,44.987700
2507675,"Pervaya Vasil'yevka",2646,192,"37U","37U2H3S1Q",1,2026-08-31 13:58:49.4870000,1200,0,0,2026-08-31 13:58:49.4870000,51.785480,40.096530
2507685,"Dolgon'kiy",2657,192,"38U","38U2H1S2Q",1,2026-08-31 13:58:52.9400000,1200,0,0,2026-08-31 13:58:52.9400000,51.785830,43.216670
1856466,"Gum Landing",3542,233,"18S","18S1H1S4Q",3,2026-08-31 13:59:27.8930000,0,0,957,2026-08-31 13:59:27.8930000,38.140130,-76.414670
1856835,"Beachville",3542,233,"18S","18S1H1S4Q",3,2026-08-31 13:59:32.9200000,0,0,1134,2026-08-31 13:59:32.9200000,38.148740,-76.415780
1858202,"Park Pines",3542,233,"18S","18S1H1S4Q",3,2026-08-31 13:59:36.1130000,0,0,1136,2026-08-31 13:59:36.1130000,38.172350,-76.387170
1857227,"Saint Inigoes Shores",3542,233,"18S","18S1H1S4Q",3,2026-08-31 13:59:40.3100000,0,0,1134,2026-08-31 13:59:40.3100000,38.152900,-76.423010
1858999,"Bay Forest",3542,233,"18S","18S1H1S4Q",3,2026-08-31 13:59:44.6270000,0,0,1068,2026-08-31 13:59:44.6270000,38.187070,-76.360780
1859175,"Elms Beach",3542,233,"18S","18S1H1S4Q",3,2026-08-31 13:59:48.1130000,0,0,1069,2026-08-31 13:59:48.1130000,38.191240,-76.362730
1858086,"Ancient Oaks",3542,233,"18S","18S1H1S4Q",3,2026-08-31 13:59:52.3500000,0,0,1161,2026-08-31 13:59:52.3500000,38.170130,-76.412170
1858106,"Saint Peters Key",3542,233,"18S","18S1H1S4Q",3,2026-08-31 13:59:55.5100000,0,0,1163,2026-08-31 13:59:55.5100000,38.170400,-76.416340
2198649,"Muradello",1379,110,"32T","32T1H5S2Q",3,2026-08-31 14:00:43.8370000,0,0,1051,2026-08-31 14:00:43.8370000,45.016670,9.800000
2196134,"Bagarotto",1379,110,"32T","32T1H5S4Q",1,2017-04-06 09:31:26.4200000,20563,0,2961,2026-08-31 14:01:21.3430000,44.966670,9.916670
190028,"Petro Simfukwe",3817,248,"36L","36L1H2S3Q",2,2026-08-31 14:02:24.8500000,0,892,0,2026-08-31 14:02:24.8500000,-9.550000,32.400000
191800,"Mulamba",3817,248,"36L","36L1H2S3Q",2,2026-08-31 14:02:27.2330000,0,837,0,2026-08-31 14:02:27.2330000,-9.483330,32.400000
192907,"Mutundi",3817,248,"36L","36L1H2S3Q",2,2026-08-31 14:02:30.7270000,0,892,0,2026-08-31 14:02:30.7270000,-9.433330,32.383330
193268,"Chifula",3817,248,"36L","36L1H2S3Q",2,2026-08-31 14:02:33.5300000,0,892,0,2026-08-31 14:02:33.5300000,-9.416670,32.366670
55464,"Tanambao",1880,143,"38K","38K2H6S4Q",2,2026-08-31 14:04:16.6070000,0,900,0,2026-08-31 14:04:16.6070000,-23.116670,47.533330
55325,"Ambohimarany",1880,143,"38K","38K2H6S4Q",2,2026-08-31 14:04:19.4400000,0,900,0,2026-08-31 14:04:19.4400000,-23.133330,47.533330
55463,"Mandinitsara",1880,143,"38K","38K2H6S4Q",2,2026-08-31 14:04:22.1470000,0,900,0,2026-08-31 14:04:22.1470000,-23.116670,47.500000
2528550,"Krosno",2451,180,"33U","33U1H6S3Q",3,2026-08-31 14:04:55.3100000,0,0,776,2026-08-31 14:04:55.3100000,52.223570,16.832510
2527805,"Druzyna",2451,180,"33U","33U1H6S3Q",3,2026-08-31 14:05:10.1030000,0,0,782,2026-08-31 14:05:10.1030000,52.211030,16.826420
2527109,"Nowinki",2451,180,"33U","33U1H6S3Q",3,2026-08-31 14:05:29.8300000,0,0,787,2026-08-31 14:05:29.8300000,52.199190,16.824960
2526076,"Grzybno",2451,180,"33U","33U1H6S3Q",3,2026-08-31 14:05:45.1530000,0,0,783,2026-08-31 14:05:45.1530000,52.174460,16.842700
2057687,"Rifton",3562,233,"18T","18T2H5S2Q",2,2026-08-31 14:05:54.5300000,0,1042,0,2026-08-31 14:05:54.5300000,41.837590,-74.037360
2525917,"Ilowiec",2451,180,"33U","33U1H6S3Q",3,2026-08-31 14:05:56.4830000,0,0,778,2026-08-31 14:05:56.4830000,52.168910,16.807300
2055127,"Plutarch",3562,233,"18T","18T2H5S2Q",1,2024-10-19 14:50:48.5470000,1452461,7901,0,2026-08-31 14:05:57.7500000,41.778150,-74.027080
2526496,"Pecna",2451,180,"33U","33U1H6S3Q",3,2026-08-31 14:06:02.3730000,0,0,912,2026-08-31 14:06:02.3730000,52.183330,16.800000
2057245,"Rifton",3562,233,"18T","18T2H5S2Q",2,2026-08-31 14:06:02.4670000,0,1043,0,2026-08-31 14:06:02.4670000,41.828720,-74.038050
2526797,"Bieczyny",2451,180,"33U","33U1H6S3Q",3,2026-08-31 14:06:11.0870000,0,0,644,2026-08-31 14:06:11.0870000,52.189140,16.751740
2055261,"Springtown",3562,233,"18T","18T2H5S2Q",2,2026-08-31 14:06:19.2970000,0,1060,0,2026-08-31 14:06:19.2970000,41.782320,-74.086810
2527002,"Sierniki",2451,180,"33U","33U1H6S3Q",3,2026-08-31 14:06:19.6800000,0,0,621,2026-08-31 14:06:19.6800000,52.195620,16.729440
2057020,"Dashville",3562,233,"18T","18T2H5S2Q",2,2026-08-31 14:06:27.9270000,0,1043,0,2026-08-31 14:06:27.9270000,41.820930,-74.044860
2526202,"Gluchowo",2451,180,"33U","33U1H6S3Q",3,2026-08-31 14:06:27.9300000,0,0,876,2026-08-31 14:06:27.9300000,52.178950,16.709700
2054399,"Butterville",3562,233,"18T","18T2H5S2Q",2,2026-08-31 14:06:32.9900000,0,1048,0,2026-08-31 14:06:32.9900000,41.761200,-74.118760
2196293,"Tama",3435,230,"36T","36T1H6S3Q",1,2026-08-31 03:40:28.8330000,2498,0,0,2026-08-31 14:06:35.0800000,44.966670,34.600000
2053585,"Ohioville",3562,233,"18T","18T2H5S2Q",2,2026-08-31 14:06:36.3400000,0,1049,0,2026-08-31 14:06:36.3400000,41.740930,-74.056530
2053590,"Elting Corners",3562,233,"18T","18T2H5S2Q",2,2026-08-31 14:06:39.4370000,0,1048,0,2026-08-31 14:06:39.4370000,41.741200,-74.034860
2052633,"Highland",3562,233,"18T","18T2H6S1Q",2,2026-08-31 14:06:48.1700000,0,1040,0,2026-08-31 14:06:48.1700000,41.717790,-73.964560
2205725,"Koy Aran",3435,230,"36T","36T1H6S1Q",1,2026-08-31 14:06:49.0900000,1087,0,0,2026-08-31 14:06:49.0900000,45.166670,34.400000
2051230,"Clintondale",3562,233,"18T","18T2H5S2Q",0,2026-08-31 14:06:52.0930000,0,0,0,2026-08-31 14:06:52.0930000,41.692660,-74.045800
2206806,"Mel'nychne",3435,230,"36T","36T1H6S1Q",1,2026-08-31 14:07:09.9000000,1089,0,0,2026-08-31 14:07:09.9000000,45.197470,34.420950
2778586,"Ulevaltkula",856,64,"35V","35V2H1S1Q",2,2026-08-31 14:07:24.0000000,0,2388,0,2026-08-31 14:07:26.7470000,59.383330,24.400000
2778758,"Vaana",856,64,"35V","35V2H1S1Q",2,2026-08-31 14:07:33.0430000,0,2388,0,2026-08-31 14:07:35.5070000,59.393890,24.402500
2780167,"Kopli",856,64,"35V","35V2H1S1Q",2,2026-08-31 14:07:48.0100000,0,3555,0,2026-08-31 14:07:54.3570000,59.460340,24.670620
2779767,"Kesklinn",856,64,"35V","35V2H1S1Q",2,2026-08-28 09:13:55.0200000,0,56538,0,2026-08-31 14:08:01.6230000,59.435500,24.757480
1916986,"Franktown",3570,233,"11S","11S1H1S1Q",3,2026-08-28 20:30:06.5270000,0,0,17375,2026-08-31 14:08:07.0070000,39.271580,-119.840740
2428666,"Berezovka",3439,230,"36U","36U2H3S4Q",1,2025-12-15 09:17:47.2470000,2736328,0,0,2026-08-31 14:09:02.0670000,50.291110,35.893890
2673746,"Abramtsevo",2671,192,"37U","37U1H1S2Q",2,2023-05-26 12:26:17.1800000,0,901496,0,2026-08-31 14:09:25.3200000,55.832160,37.837870
2200574,"Novykove",3435,230,"36T","36T1H6S1Q",1,2026-08-30 21:03:15.9670000,3654,0,0,2026-08-31 14:09:32.1530000,45.053540,34.563520
2362595,"Paris",955,75,"31U","31U2H5S3Q",3,2022-09-21 21:28:19.0530000,0,259853,19624005,2026-08-31 14:12:49.0570000,48.853410,2.348800
1958643,"Marble Cliff",3563,233,"17S","17S1H1S1Q",1,2026-08-31 12:04:53.6270000,13790,0,0,2026-08-31 14:12:56.1600000,39.986730,-83.061570
83832,"Teresinha",379,31,"24K","24K1H5S3Q",3,2014-06-07 14:22:32.5400000,0,600,726943,2026-08-31 14:14:00.6600000,-19.466670,-39.900000
60153,"Rio das Ostras",372,31,"24K","24K2H4S1Q",3,2022-08-25 16:31:53.0930000,0,5400,2561611,2026-08-31 14:14:38.7000000,-22.526940,-41.945000
59701,"Barra de Sao Joao",372,31,"24K","24K2H4S1Q",3,2022-08-25 18:34:42.2070000,0,600,298166,2026-08-31 14:14:46.6230000,-22.589440,-41.992780
58792,"Costa",372,31,"24K","24K2H4S1Q",3,2025-09-08 20:37:03.3700000,0,600,117907,2026-08-31 14:14:54.2770000,-22.716670,-41.983330
58791,"Tamoios",372,31,"23K","23K2H6S2Q",3,2025-09-09 01:16:29.6100000,0,900,121590,2026-08-31 14:15:10.2100000,-22.716670,-42.031110
59256,"Araca",372,31,"23K","23K2H6S2Q",3,2022-08-25 17:01:45.0430000,0,300,108461,2026-08-31 14:15:14.9930000,-22.650000,-42.100000
2432003,"Saint Blazey",979,77,"30U","30U2H1S4Q",1,2026-07-29 08:26:41.7600000,43490,0,0,2026-08-31 14:15:18.2030000,50.360360,-4.715190
2296462,"Hinteregg",129,12,"32T","32T1H2S2Q",3,2025-08-27 21:06:04.5430000,0,0,20970,2026-08-31 14:15:29.1830000,47.533330,9.800000
2507696,"Novotroitskaya",2646,192,"37U","37U2H3S1Q",1,2026-08-31 14:15:36.4400000,1200,0,0,2026-08-31 14:15:36.4400000,51.786260,40.025340
2507710,"Koshelevo",2677,192,"37U","37U2H1S2Q",1,2026-08-31 14:15:40.8270000,1200,0,0,2026-08-31 14:15:40.8270000,51.786670,37.497780
2507714,"Verkh-Kamysh",2715,192,"44U","44U2H3S2Q",1,2026-08-31 14:15:44.8800000,1200,0,0,2026-08-31 14:15:44.8800000,51.786700,83.106200
2507717,"Ryazanovka",2657,192,"38U","38U2H3S1Q",1,2026-08-31 14:15:48.6300000,1200,0,0,2026-08-31 14:15:48.6300000,51.786940,46.965280
2507720,"Zolotyye Klyuchi",2677,192,"37U","37U2H1S2Q",1,2026-08-31 14:15:52.0970000,1200,0,0,2026-08-31 14:15:52.0970000,51.787020,37.794350
2507723,"Nikol'skoye",2646,192,"37U","37U2H3S1Q",1,2026-08-31 14:15:55.4730000,1200,0,0,2026-08-31 14:15:55.4730000,51.787220,40.230560
2507724,"Biryulya",2713,192,"45U","45U2H2S1Q",1,2026-08-31 14:15:58.6530000,1200,0,0,2026-08-31 14:15:58.6530000,51.787220,86.061110
2507736,"Ladyzhenka",2657,192,"38U","38U2H1S2Q",1,2026-08-31 14:16:03.8900000,1200,0,0,2026-08-31 14:16:03.8900000,51.787780,43.850830
2194385,"Borio",1379,110,"32T","32T1H5S4Q",3,2026-08-31 14:16:33.0670000,0,0,1067,2026-08-31 14:16:33.0670000,44.933330,9.966670
1857592,"Rosecroft",3542,233,"18S","18S1H1S4Q",3,2026-08-31 14:16:47.5600000,0,0,1163,2026-08-31 14:16:47.5600000,38.162350,-76.435510
1857681,"Dutchmans Cove",3542,233,"18S","18S1H1S4Q",3,2026-08-31 14:16:50.7000000,0,0,1005,2026-08-31 14:16:50.7000000,38.164570,-76.429670
1859478,"Saint James",3542,233,"18S","18S1H1S4Q",3,2026-08-31 14:16:55.0770000,0,0,1137,2026-08-31 14:16:55.0770000,38.198740,-76.394950
1860069,"Evergreen Park",3542,233,"18S","18S1H1S4Q",3,2026-08-31 14:16:58.3070000,0,0,1138,2026-08-31 14:16:58.3070000,38.209570,-76.389120
1860650,"Sunrise Acres",3542,233,"18S","18S1H1S4Q",3,2026-08-31 14:17:04.6070000,0,0,1141,2026-08-31 14:17:04.6070000,38.220960,-76.388840
1860293,"Spring Ridge",3542,233,"18S","18S1H1S4Q",3,2026-08-31 14:17:07.4530000,0,0,1136,2026-08-31 14:17:07.4530000,38.215960,-76.390510
2131721,"Jabucno",1863,141,"34T","34T2H1S2Q",2,2026-08-31 00:17:41.9930000,0,2400,0,2026-08-31 14:18:44.3170000,43.407220,19.100560
2130990,"Rogovina",1863,141,"34T","34T2H1S2Q",2,2026-08-31 14:18:56.2330000,0,1200,0,2026-08-31 14:18:56.2330000,43.394440,19.093330
2130586,"Leovo Brdo",1863,141,"34T","34T2H1S2Q",2,2026-08-31 14:18:59.2500000,0,1200,0,2026-08-31 14:18:59.2500000,43.383330,19.108610
2129172,"Zaugline",1863,141,"34T","34T2H1S2Q",2,2026-08-31 14:19:03.1270000,0,1200,0,2026-08-31 14:19:03.1270000,43.359720,19.118060
2297383,"Budajeno",1217,100,"34T","34T1H1S1Q",2,2026-08-31 14:19:13.3770000,0,1579,0,2026-08-31 14:19:13.3770000,47.550000,18.800000
193609,"Mutulamila",3817,248,"36L","36L1H2S3Q",2,2026-08-31 14:19:24.3670000,0,892,0,2026-08-31 14:19:24.3670000,-9.400000,32.383330
193611,"Chingombe",3817,248,"36L","36L1H2S3Q",2,2026-08-31 14:19:26.9330000,0,892,0,2026-08-31 14:19:26.9330000,-9.400000,32.416670
193269,"John Sinkala",3817,248,"36L","36L1H2S3Q",2,2026-08-31 14:19:33.3200000,0,892,0,2026-08-31 14:19:33.3200000,-9.416670,32.416670
192908,"Ntavu",3817,248,"36L","36L1H2S3Q",2,2026-08-31 14:19:35.5730000,0,892,0,2026-08-31 14:19:35.5730000,-9.433330,32.516670
191358,"Tembwe",3817,248,"36L","36L1H2S3Q",2,2026-08-31 14:19:38.3670000,0,892,0,2026-08-31 14:19:38.3670000,-9.500000,32.483330
2128396,"Vrba",1863,141,"34T","34T2H1S2Q",2,2026-08-31 14:19:40.0800000,0,1200,0,2026-08-31 14:19:40.0800000,43.345000,19.133060
190938,"Kapikanji",3817,248,"36L","36L1H2S3Q",2,2026-08-31 14:19:42.5730000,0,892,0,2026-08-31 14:19:42.5730000,-9.516670,32.516670
2128953,"Markovici",1863,141,"34T","34T2H1S2Q",2,2026-08-31 14:19:45.2470000,0,1200,0,2026-08-31 14:19:45.2470000,43.352220,19.157220
2128456,"Lucici",1863,141,"34T","34T2H1S2Q",2,2026-08-31 14:19:49.0970000,0,1200,0,2026-08-31 14:19:49.0970000,43.346940,19.169170
2490804,"Californie",2271,167,"32U","32U2H1S1Q",2,2026-08-31 12:27:34.6170000,124958,243936,0,2026-08-31 14:19:50.2370000,51.421670,6.106940
2128455,"Meljak",1863,141,"34T","34T2H1S2Q",2,2026-08-31 14:19:53.2630000,0,1200,0,2026-08-31 14:19:53.2630000,43.346940,19.160560
2132646,"Celine",1863,141,"34T","34T2H1S2Q",2,2026-08-31 14:20:03.8300000,0,883,0,2026-08-31 14:20:03.8300000,43.426670,19.168330
55595,"Lohasy",1880,143,"38K","38K2H6S4Q",2,2026-08-31 14:22:20.7070000,0,900,0,2026-08-31 14:22:20.7070000,-23.100000,47.516670
55594,"Sarimiala",1880,143,"38K","38K2H6S4Q",2,2026-08-31 14:22:24.1200000,0,900,0,2026-08-31 14:22:24.1200000,-23.100000,47.500000
55741,"Tsaratanana",1880,143,"38K","38K2H6S4Q",2,2026-08-31 14:22:27.1870000,0,900,0,2026-08-31 14:22:27.1870000,-23.083330,47.500000
55866,"Berangiritra",1880,143,"38K","38K2H6S4Q",2,2026-08-31 14:22:30.2800000,0,938,0,2026-08-31 14:22:30.2800000,-23.066670,47.550000
56007,"Vohibola",1880,143,"38K","38K2H6S4Q",2,2026-08-31 14:22:33.5770000,0,938,0,2026-08-31 14:22:33.5770000,-23.050000,47.566670
56135,"Ambatosarotra",1880,143,"38K","38K2H6S4Q",2,2026-08-31 14:22:36.6200000,0,938,0,2026-08-31 14:22:36.6200000,-23.033330,47.566670
2193549,"Chiaravalle della Colomba",1379,110,"32T","32T1H5S4Q",1,2017-02-24 14:18:58.7930000,527210,0,2172,2026-08-31 14:23:03.1330000,44.916670,9.966670
2030618,"Loutra Sidhirokastrou",1066,89,"34T","34T2H6S2Q",1,2026-08-31 14:23:15.1230000,1106,0,0,2026-08-31 14:23:15.1230000,41.283330,23.333330
2029963,"Thermopiyi",1066,89,"34T","34T2H6S2Q",1,2026-08-31 14:23:20.7900000,1106,0,0,2026-08-31 14:23:20.7900000,41.268180,23.365010
2030617,"Neon Petritsion",1066,89,"34T","34T2H6S2Q",1,2026-08-31 14:23:24.2830000,658,0,0,2026-08-31 14:23:24.2830000,41.283330,23.300000
2030616,"Aetovounion",1066,89,"34T","34T2H6S2Q",1,2026-08-31 14:23:27.7000000,664,0,0,2026-08-31 14:23:27.7000000,41.283330,23.250000
2030615,"Vironia",1066,89,"34T","34T2H6S2Q",1,2026-08-31 14:23:30.7400000,644,0,0,2026-08-31 14:23:30.7400000,41.283330,23.233330
2028941,"Megalokhorion",1066,89,"34T","34T2H6S2Q",1,2026-08-31 14:23:35.1130000,1106,0,0,2026-08-31 14:23:35.1130000,41.250000,23.216670
2028096,"Gonimon",1066,89,"34T","34T2H6S2Q",1,2026-08-31 14:23:43.6530000,1106,0,0,2026-08-31 14:23:43.6530000,41.233330,23.250000
2025505,"Khrisokhorafa",1066,89,"34T","34T2H6S2Q",1,2026-08-31 14:23:47.5970000,1106,0,0,2026-08-31 14:23:47.5970000,41.183330,23.233330
2026383,"Simon",1066,89,"34T","34T2H6S2Q",1,2026-08-31 14:23:51.7470000,1106,0,0,2026-08-31 14:23:51.7470000,41.200000,23.250000
2003444,"Cayirkoy",3344,225,"35T","35T2H6S4Q",3,2026-08-31 14:26:54.2300000,0,0,10000,2026-08-31 14:26:58.9100000,40.800280,29.995830
2433823,"Lanlivery",979,77,"30U","30U2H1S4Q",1,2026-08-31 14:26:46.6570000,6150,0,0,2026-08-31 14:27:39.1670000,50.400000,-4.700000
1674251,"Timbercreek Canyon",3549,233,"14S","14S2H1S1Q",1,2021-03-09 23:31:07.3530000,1727437,0,0,2026-08-31 14:31:39.1630000,35.053110,-101.817960
2434315,"Lostwithiel",979,77,"30U","30U2H1S4Q",1,2026-07-29 08:19:07.8730000,3358,0,0,2026-08-31 14:31:46.3200000,50.403330,-4.667500
62662,"Midiho",1877,143,"38K","38K2H4S2Q",2,2026-08-31 14:32:16.9270000,0,741,0,2026-08-31 14:32:16.9270000,-22.133330,43.666670
62554,"Bevondro II",1877,143,"38K","38K2H4S2Q",2,2026-08-31 14:32:24.4200000,0,741,0,2026-08-31 14:32:24.4200000,-22.150000,43.616670
62477,"Basibasy",1877,143,"38K","38K2H4S2Q",2,2026-08-31 14:32:53.1370000,0,741,0,2026-08-31 14:32:53.1370000,-22.166670,43.650000
62375,"Ankoronkily",1877,143,"38K","38K2H4S2Q",2,2026-08-31 14:32:58.0200000,0,741,0,2026-08-31 14:32:58.0200000,-22.183330,43.666670
910096,"Quelossim",1293,105,"43P","43P1H1S2Q",2,2026-08-31 14:33:03.8900000,0,1150,0,2026-08-31 14:33:03.8900000,15.383330,73.916670
909656,"Consua",1293,105,"43P","43P1H1S2Q",2,2026-08-31 14:33:09.9530000,0,1150,0,2026-08-31 14:33:09.9530000,15.366670,73.916670
2507738,"Sadovyy",2665,192,"40U","40U2H1S1Q",1,2026-08-31 14:33:11.5700000,1200,0,0,2026-08-31 14:33:11.5700000,51.787780,54.092220
2507750,"Verkhnyaya Slyudyanka",2715,192,"44U","44U2H3S2Q",1,2026-08-31 14:33:15.3130000,1200,0,0,2026-08-31 14:33:15.3130000,51.788600,83.778900
909191,"Cuelim",1293,105,"43P","43P1H1S2Q",2,2026-08-31 14:33:16.8570000,0,1116,0,2026-08-31 14:33:16.8570000,15.350000,73.900000
2507754,"Saraktash",2665,192,"40U","40U2H2S1Q",1,2026-08-31 14:33:19.3730000,1200,0,0,2026-08-31 14:33:19.3730000,51.788610,56.358060
2507756,"Voznesenovka",2646,192,"37U","37U2H3S1Q",1,2026-08-31 14:33:22.4870000,1200,0,0,2026-08-31 14:33:22.4870000,51.788810,40.811960
908230,"Utorda",1293,105,"43P","43P1H1S2Q",2,2026-08-31 14:33:22.7470000,0,1150,0,2026-08-31 14:33:22.7470000,15.316670,73.900000
2507765,"Azarovo",2677,192,"37U","37U2H2S1Q",1,2026-08-31 14:33:25.5170000,1200,0,0,2026-08-31 14:33:25.5170000,51.789170,38.097420
2526039,"Srocko Wielkie",2451,180,"33U","33U1H6S3Q",3,2026-08-31 14:33:28.8300000,0,0,788,2026-08-31 14:33:28.8300000,52.173440,16.750150
908231,"Nuvem",1293,105,"43P","43P1H1S2Q",2,2026-08-31 14:33:30.7430000,0,1150,0,2026-08-31 14:33:30.7430000,15.316670,73.916670
2525397,"Tarnowo Nowe",2451,180,"33U","33U1H6S3Q",3,2026-08-31 14:33:35.8030000,0,0,1250,2026-08-31 14:33:35.8030000,52.162850,16.763750
2507774,"Chukari-Ivanovka",2665,192,"40U","40U2H2S2Q",1,2026-08-31 14:33:36.3470000,1200,0,0,2026-08-31 14:33:36.3470000,51.789440,57.696110
909190,"Velcao",1293,105,"43P","43P1H1S2Q",2,2026-08-31 14:33:37.3730000,0,1117,0,2026-08-31 14:33:37.3730000,15.350000,73.883330
2507793,"Bunino",2677,192,"37U","37U2H2S1Q",1,2026-08-31 14:33:39.4330000,1200,0,0,2026-08-31 14:33:39.4330000,51.790060,38.171900
2507799,"Yasnaya Polyana",2657,192,"38U","38U2H1S2Q",1,2026-08-31 14:33:42.4600000,1200,0,0,2026-08-31 14:33:42.4600000,51.790280,43.755560
2525296,"Piechanin",2451,180,"33U","33U1H6S3Q",3,2026-08-31 14:33:45.4800000,0,0,621,2026-08-31 14:33:45.4800000,52.159480,16.740900
910548,"Vaddem",1293,105,"43P","43P1H1S2Q",2,2026-08-31 14:33:45.5600000,0,1114,0,2026-08-31 14:33:45.5600000,15.400000,73.833330
2525295,"Jarogniewice",2451,180,"33U","33U1H6S3Q",3,2026-08-31 14:33:50.8300000,0,0,788,2026-08-31 14:33:50.8300000,52.159480,16.690670
910359,"Vasco Da Gama",1293,105,"43P","43P1H1S2Q",2,2026-08-31 14:33:54.8130000,0,902,0,2026-08-31 14:33:54.8130000,15.395850,73.815680
2528796,"Kubaczyn",2451,180,"33U","33U1H6S3Q",3,2026-08-31 14:33:59.3970000,0,0,976,2026-08-31 14:33:59.3970000,52.232190,16.525720
911953,"Caranzalem",1293,105,"43P","43P1H1S2Q",2,2026-08-31 14:34:09.0400000,0,924,0,2026-08-31 14:34:09.0400000,15.450000,73.800000
2528508,"Kotowo Stare",2451,180,"33U","33U1H6S3Q",3,2026-08-31 14:34:15.4200000,0,0,1145,2026-08-31 14:34:15.4200000,52.222480,16.487910
2528611,"Ptaszkowo",2451,180,"33U","33U1H6S3Q",3,2026-08-31 14:34:26.7500000,0,0,689,2026-08-31 14:34:26.7530000,52.225340,16.445240
2501721,"Fokkershoek",2270,167,"31U","31U2H3S2Q",3,2019-03-25 14:43:00.5270000,0,0,2807948,2026-08-31 14:34:50.0400000,51.658330,5.451390
190490,"Yela",3817,248,"36L","36L1H2S3Q",2,2026-08-31 14:35:00.1600000,0,893,0,2026-08-31 14:35:00.1600000,-9.533330,32.533330
191359,"Wayitwika",3817,248,"36L","36L1H2S3Q",2,2026-08-31 14:35:03.1630000,0,892,0,2026-08-31 14:35:03.1630000,-9.500000,32.566670
191801,"Malangwa",3817,248,"36L","36L1H2S3Q",2,2026-08-31 14:35:05.6300000,0,892,0,2026-08-31 14:35:05.6300000,-9.483330,32.566670
193610,"Jacob",3817,248,"36L","36L1H2S3Q",2,2026-08-31 14:35:09.4970000,0,892,0,2026-08-31 14:35:09.4970000,-9.400000,32.400000
194775,"Malisawa",3817,248,"36L","36L1H2S3Q",2,2026-08-31 14:35:12.3200000,0,892,0,2026-08-31 14:35:12.3200000,-9.316670,32.350000
2507802,"Fominichi",2646,192,"37U","37U2H3S1Q",1,2026-08-31 14:35:23.1170000,1200,0,0,2026-08-31 14:35:23.1170000,51.790300,40.157940
2797128,"Luotsi",929,70,"34V","34V1H5S4Q",3,2026-08-31 14:35:21.4470000,0,0,7377,2026-08-31 14:35:25.0700000,60.485000,21.436110
2454997,"Meer",256,20,"31U","31U2H3S4Q",1,2020-05-18 16:56:24.2700000,1563800,0,0,2026-08-31 14:35:35.3970000,50.792040,5.588580
911016,"Agacaim",1293,105,"43P","43P1H1S2Q",2,2026-08-31 14:36:15.0500000,0,1019,0,2026-08-31 14:36:15.0500000,15.416670,73.900000
2779794,"Vanalinn",856,64,"35V","35V2H1S1Q",2,2026-08-29 05:24:37.2370000,0,4816,0,2026-08-31 14:36:40.2270000,59.438140,24.745350
2779841,"Kalamaja",856,64,"35V","35V2H1S1Q",2,2026-08-30 21:27:21.7630000,0,3555,0,2026-08-31 14:36:43.3230000,59.443050,24.738070
2779782,"Toompea",856,64,"35V","35V2H1S1Q",2,2026-08-30 20:55:25.2870000,0,7529,0,2026-08-31 14:36:45.6000000,59.436980,24.739990
913549,"Betim",1293,105,"43P","43P1H1S2Q",3,2015-01-04 05:36:17.3530000,300,0,800,2026-08-31 14:37:26.4270000,15.500000,73.816670
2507818,"Petrishchevo",2677,192,"37U","37U2H1S2Q",1,2026-08-31 14:37:31.4970000,1200,0,0,2026-08-31 14:37:31.4970000,51.791240,37.138530
911449,"Silidao",1293,105,"43P","43P1H1S2Q",2,2026-08-31 14:37:54.3530000,0,1150,0,2026-08-31 14:37:54.3530000,15.433330,73.866670
1860103,"Leachburg",3542,233,"18S","18S1H1S4Q",3,2026-08-31 14:38:05.2670000,0,0,1073,2026-08-31 14:38:05.2670000,38.210400,-76.401060
1858998,"Saint Marys City",3542,233,"18S","18S1H1S4Q",3,2026-08-31 14:38:08.3870000,0,0,1137,2026-08-31 14:38:08.3870000,38.187070,-76.434400
2520893,"Deelen",2273,167,"31U","31U1H6S4Q",1,2014-09-29 07:01:51.2800000,3362561,0,0,2026-08-31 14:38:09.8570000,52.067500,5.895830
1860199,"Laurel Run",3542,233,"18S","18S1H1S4Q",3,2026-08-31 14:38:10.5800000,0,0,1139,2026-08-31 14:38:10.5800000,38.213460,-76.431340
1861833,"Hermanville",3542,233,"18S","18S1H1S4Q",3,2026-08-31 14:38:15.4400000,0,0,1182,2026-08-31 14:38:15.4400000,38.247070,-76.429120
1862309,"Southgate",3542,233,"18S","18S1H1S4Q",3,2026-08-31 14:38:17.7530000,0,0,1175,2026-08-31 14:38:17.7530000,38.255400,-76.416340
1862591,"Cedar Cove",3542,233,"18S","18S1H1S4Q",3,2026-08-31 14:38:24.2130000,0,0,1155,2026-08-31 14:38:24.2130000,38.261240,-76.416340
2156763,"Thurston",3576,233,"10T","10T1H5S4Q",3,2024-11-07 00:02:22.1330000,517,0,1008105,2026-08-31 14:38:28.1700000,44.053180,-122.916470
2159900,"Mohawk",3576,233,"10T","10T1H5S4Q",3,2024-12-18 13:36:07.4330000,517,0,547009,2026-08-31 14:38:33.0600000,44.142350,-122.916190
1862419,"Forest Park",3542,233,"18S","18S1H1S4Q",3,2026-08-31 14:38:36.4870000,0,0,2346,2026-08-31 14:38:36.4870000,38.257620,-76.416340
2162550,"Mabel",3576,233,"10T","10T1H5S4Q",3,2025-12-13 02:22:17.4230000,517,0,155237,2026-08-31 14:38:42.0730000,44.214570,-122.827030
2161710,"Wendling",3576,233,"10T","10T1H5S4Q",3,2025-07-01 20:28:22.0300000,517,0,150711,2026-08-31 14:38:45.5700000,44.190400,-122.798410
911452,"Neura",1293,105,"43P","43P1H1S2Q",2,2026-08-31 14:39:43.6730000,0,1130,0,2026-08-31 14:39:43.6730000,15.433330,73.900000
2188483,"Chiozzola",1379,110,"32T","32T1H6S3Q",1,2017-05-10 11:04:14.5770000,144908,0,2172,2026-08-31 14:40:43.9930000,44.816670,10.400000
908061,"Majorda",1293,105,"43P","43P1H1S2Q",2,2026-08-31 14:42:10.5870000,555,1107,0,2026-08-31 14:42:10.5870000,15.314030,73.921840
2436258,"Doublebois",979,77,"30U","30U2H1S4Q",1,2026-08-03 08:12:26.0300000,6094,0,0,2026-08-31 14:43:03.3730000,50.450000,-4.533330
2496265,"Skoki",2438,180,"34U","34U2H2S2Q",2,2026-08-31 14:43:23.1400000,0,801,0,2026-08-31 14:43:23.1400000,51.540040,21.856100
2151301,"Humber",457,38,"17T","17T2H3S1Q",3,2026-08-31 14:43:24.7230000,0,0,1077,2026-08-31 14:43:24.7230000,43.900110,-79.816340
2496272,"Borowa",2438,180,"34U","34U2H2S2Q",2,2026-08-31 14:43:34.0500000,0,801,0,2026-08-31 14:43:34.0500000,51.540360,21.844250
2497070,"Deblin",2438,180,"34U","34U2H2S2Q",2,2026-08-31 14:43:52.5970000,0,1510,0,2026-08-31 14:43:52.5970000,51.559120,21.848290
911453,"Mardol",1293,105,"43P","43P1H1S2Q",2,2026-08-31 14:43:58.9830000,0,1105,0,2026-08-31 14:43:58.9870000,15.433330,73.950000
2498247,"Michalinow",2438,180,"34U","34U2H2S2Q",2,2026-08-31 14:44:00.1630000,0,1005,0,2026-08-31 14:44:00.1630000,51.583330,21.833330
2281578,"Pfaffnau",517,43,"32T","32T1H1S2Q",2,2026-08-14 20:52:51.8000000,0,210380,0,2026-08-31 14:44:30.6700000,47.233330,7.900000
2494399,"Studzienice",2438,180,"34U","34U2H2S2Q",2,2026-08-31 14:44:41.6200000,0,1283,0,2026-08-31 14:44:41.6200000,51.500000,21.900000
56262,"Beretry",1880,143,"38K","38K2H6S4Q",2,2026-08-31 14:44:42.3870000,0,938,0,2026-08-31 14:44:42.3870000,-23.016670,47.583330
56399,"Ianakondro",1880,143,"38K","38K2H6S4Q",2,2026-08-31 14:44:47.7000000,0,1148,0,2026-08-31 14:44:47.7000000,-23.000000,47.566670
56398,"Ihorombe",1880,143,"38K","38K2H6S4Q",2,2026-08-31 14:44:49.6970000,0,1148,0,2026-08-31 14:44:49.6970000,-23.000000,47.533330
56260,"Vakinampita",1880,143,"38K","38K2H6S4Q",2,2026-08-31 14:44:52.6930000,0,569,0,2026-08-31 14:44:52.6930000,-23.016670,47.500000
56006,"Masiakosy",1880,143,"38K","38K2H6S4Q",2,2026-08-31 14:44:55.7700000,0,900,0,2026-08-31 14:44:55.7700000,-23.050000,47.483330
55865,"Vohidroy",1880,143,"38K","38K2H6S4Q",2,2026-08-31 14:44:58.6930000,0,900,0,2026-08-31 14:44:58.6930000,-23.066670,47.483330
56502,"Mahazoarivo",1880,143,"38K","38K2H6S2Q",2,2026-08-31 14:45:08.5630000,0,1149,0,2026-08-31 14:45:08.5630000,-22.983330,47.516670
2483317,"Wolka",2438,180,"34U","34U2H2S2Q",2,2026-08-31 14:46:01.2900000,328,711,0,2026-08-31 14:46:01.2930000,51.266670,21.933330
2483508,"Dobre",2438,180,"34U","34U2H2S2Q",2,2026-08-31 14:46:25.3070000,271,600,0,2026-08-31 14:46:25.3070000,51.269920,21.899610
742635,"Odlot",2424,178,"51P","51P2H3S1Q",3,2016-03-03 10:18:59.8130000,0,300,6400,2026-08-31 14:48:36.1670000,11.000600,124.040700
1580652,"DC Ranch",3572,233,"12S","12S2H5S1Q",2,2019-04-01 15:33:19.1400000,0,3035040,0,2026-08-31 14:49:03.7670000,33.667540,-111.865420
2676642,"Ratho",977,77,"30U","30U1H2S1Q",3,2026-08-31 14:49:49.2230000,0,0,9567,2026-08-31 14:50:06.8730000,55.916670,-3.366670
2507833,"Bol'shaya Tikhaya",2715,192,"45U","45U2H1S1Q",1,2026-08-31 14:51:26.6230000,1200,0,0,2026-08-31 14:51:26.6230000,51.792100,84.665300
2507854,"Chapayevskiy",2715,192,"45U","45U2H1S1Q",1,2026-08-31 14:51:30.4100000,1200,0,0,2026-08-31 14:51:30.4100000,51.793300,84.306400
2507862,"Zapadnyy",2665,192,"39U","39U2H3S1Q",1,2026-08-31 14:51:34.0570000,1200,0,0,2026-08-31 14:51:34.0570000,51.793610,52.377220
2507867,"Proletarka",2715,192,"45U","45U2H1S2Q",1,2026-08-31 14:51:38.2500000,1200,0,0,2026-08-31 14:51:38.2500000,51.793890,85.361670
1933306,"Baxter",3550,233,"17S","17S1H3S2Q",2,2025-11-24 23:10:58.1070000,0,39487,0,2026-08-31 14:51:38.5100000,39.557600,-78.077500
2507878,"Pervomayskiy",2715,192,"45U","45U2H1S1Q",1,2026-08-31 14:51:42.2800000,1200,0,0,2026-08-31 14:51:42.2800000,51.794300,84.409600
1617133,"Wilmington",3545,233,"18S","18S2H1S3Q",3,2015-08-20 08:17:06.6730000,0,272925,1317135,2026-08-31 14:52:08.9030000,34.225730,-77.944710
2797313,"Friisila",929,70,"34V","34V1H5S4Q",1,2014-04-08 16:35:18.7770000,9317,0,900,2026-08-31 14:52:30.2830000,60.500000,21.416670
2507888,"Rodniki",2657,192,"38U","38U2H2S1Q",1,2026-08-31 14:52:57.1200000,1200,0,0,2026-08-31 14:52:57.1200000,51.795000,44.031670
2797446,"Parattula",929,70,"34V","34V1H5S4Q",1,2014-04-08 16:36:33.0670000,20346,0,300,2026-08-31 14:52:57.1630000,60.503890,21.458890
2411096,"Czechowice-Dziedzice",2450,180,"34U","34U2H4S2Q",2,2025-08-29 09:26:12.8030000,0,1499429,0,2026-08-31 14:53:02.2600000,49.916670,19.016670
911017,"Madkai",1293,105,"43P","43P1H1S2Q",2,2026-08-31 14:53:08.1770000,0,1150,0,2026-08-31 14:53:08.1770000,15.416670,73.950000
911959,"Boma",1293,105,"43P","43P1H1S2Q",2,2026-08-31 14:53:15.7030000,0,1150,0,2026-08-31 14:53:15.7030000,15.450000,73.950000
911957,"Batim",1293,105,"43P","43P1H1S2Q",2,2026-08-31 14:53:23.7800000,0,989,0,2026-08-31 14:53:23.7800000,15.450000,73.883330
194367,"Nakakola",3817,248,"36L","36L1H2S3Q",2,2026-08-31 14:53:37.9270000,0,892,0,2026-08-31 14:53:37.9270000,-9.350000,32.300000
195256,"Kapelamela",3817,248,"36L","36L1H2S3Q",2,2026-08-31 14:53:41.1670000,0,892,0,2026-08-31 14:53:41.1670000,-9.283330,32.316670
195720,"Kaponjela",3817,248,"36L","36L1H2S3Q",2,2026-08-31 14:53:43.6200000,0,892,0,2026-08-31 14:53:43.6200000,-9.250000,32.333330
195019,"Chozi",3817,248,"36L","36L1H2S3Q",2,2026-08-31 14:53:46.5070000,0,892,0,2026-08-31 14:53:46.5070000,-9.300000,32.350000
196083,"Ntafindila",3817,248,"36L","36L1H2S3Q",2,2026-08-31 14:53:49.4670000,0,433,0,2026-08-31 14:53:49.4670000,-9.216670,32.350000
196290,"Chilopo",3817,248,"36L","36L1H2S3Q",2,2026-08-31 14:53:53.2500000,0,892,0,2026-08-31 14:53:53.2500000,-9.200000,32.366670
912481,"Azossim",1293,105,"43P","43P1H1S2Q",2,2026-08-31 14:54:05.2630000,0,1150,0,2026-08-31 14:54:05.2630000,15.466670,73.916670
2677220,"Newbridge",977,77,"30U","30U1H2S1Q",3,2026-08-31 14:47:35.4100000,0,0,26084,2026-08-31 14:54:05.8830000,55.933330,-3.400000
2204677,"Unionvale",3576,233,"10T","10T1H5S1Q",2,2025-12-05 07:06:45.3900000,0,5307901,0,2026-08-31 14:57:01.2600000,45.143170,-123.060660
912480,"Carambolim",1293,105,"43P","43P1H1S2Q",2,2026-08-31 14:57:38.5570000,0,1150,0,2026-08-31 14:57:38.5570000,15.466670,73.900000
2507890,"Chernyshovka",2665,192,"39U","39U2H3S1Q",1,2026-08-31 14:58:13.0970000,1200,0,0,2026-08-31 14:58:13.0970000,51.795000,52.941390
2507892,"Maloarslangulovo",2696,192,"40U","40U2H2S2Q",1,2026-08-31 14:58:20.6200000,1200,0,0,2026-08-31 14:58:20.6200000,51.795000,57.491940
906327,"Davorlim",1293,105,"43P","43P1H1S2Q",0,2026-08-31 14:58:22.6770000,0,0,0,2026-08-31 14:58:22.6770000,15.250000,73.983330
906323,"Benaulim",1293,105,"43P","43P1H1S2Q",1,2023-12-25 10:06:54.6100000,834,0,0,2026-08-31 14:59:12.3600000,15.250000,73.916670
2675748,"Balerno",977,77,"30U","30U1H2S1Q",3,2026-08-31 14:54:48.9200000,0,0,11008,2026-08-31 14:59:16.1000000,55.884370,-3.339750
741668,"Salag",2424,178,"51P","51P2H3S3Q",2,2026-08-31 14:59:32.3900000,0,1200,0,2026-08-31 14:59:32.3900000,10.968800,124.036700
741851,"Lib-og",2424,178,"51P","51P2H3S3Q",2,2026-08-31 14:59:38.9200000,0,1200,0,2026-08-31 14:59:38.9200000,10.981500,124.041500
742172,"Golon",2424,178,"51P","51P2H3S3Q",2,2026-08-31 14:59:45.0200000,0,1200,0,2026-08-31 14:59:45.0200000,10.983900,124.025900
2010984,"Kadili",3344,225,"35T","35T2H6S4Q",3,2017-10-21 20:16:25.9900000,0,0,12575,2026-08-31 14:59:54.5700000,40.931100,29.479570
741648,"San Isidro",2424,178,"51P","51P2H3S3Q",2,2026-08-31 14:59:59.0300000,0,1200,0,2026-08-31 14:59:59.0300000,10.967500,124.026700
741737,"Somosa",2424,178,"51P","51P2H3S3Q",2,2026-08-31 15:00:07.5970000,0,1200,0,2026-08-31 15:00:07.5970000,10.974100,124.023600
907741,"Calate",1293,105,"43P","43P1H1S2Q",2,2026-08-31 15:00:12.4930000,0,1150,0,2026-08-31 15:00:12.4930000,15.300000,73.916670
81197,"Valona",1882,143,"38K","38K1H6S3Q",2,2026-08-31 15:01:16.6900000,0,1200,0,2026-08-31 15:01:16.6900000,-19.816670,46.300000
81086,"Kofandra",1882,143,"38K","38K1H6S3Q",2,2026-08-31 15:01:20.9400000,258,300,0,2026-08-31 15:01:20.9400000,-19.833330,46.266670
81085,"Mahoikely",1882,143,"38K","38K1H6S3Q",2,2026-08-31 15:01:30.5870000,0,1200,0,2026-08-31 15:01:30.5870000,-19.833330,46.250000
81309,"Morarano",1882,143,"38K","38K1H6S3Q",2,2026-08-31 15:01:34.2070000,0,1200,0,2026-08-31 15:01:34.2070000,-19.800000,46.200000
81433,"Mahoy",1882,143,"38K","38K1H6S3Q",2,2026-08-31 15:01:37.2100000,0,1200,0,2026-08-31 15:01:37.2100000,-19.783330,46.200000
1536157,"Bouchard",3549,233,"14S","14S2H6S4Q",1,2026-08-03 01:56:29.8130000,1230604,0,3608,2026-08-31 15:01:39.1330000,32.907070,-96.759440
81535,"Amboahangy",1882,143,"38K","38K1H6S3Q",2,2026-08-31 15:01:41.1530000,0,1200,0,2026-08-31 15:01:41.1530000,-19.766670,46.216670
81950,"Ambolotsangana",1882,143,"38K","38K1H6S3Q",2,2026-08-31 15:01:44.3330000,0,1200,0,2026-08-31 15:01:44.3330000,-19.716670,46.200000
81533,"Andranotakatra",1882,143,"38K","38K1H6S3Q",2,2026-08-31 15:01:48.7370000,0,1200,0,2026-08-31 15:01:48.7370000,-19.766670,46.183330
1542228,"Cowley",3549,233,"14S","14S2H6S2Q",1,2023-07-10 02:17:39.9530000,1642350,0,0,2026-08-31 15:01:57.4500000,33.009840,-96.773890
82105,"Beakanga",1882,143,"38K","38K1H6S3Q",2,2026-08-31 15:02:35.2100000,0,1200,0,2026-08-31 15:02:35.2100000,-19.700000,46.183330
56633,"Ambohimary",1880,143,"38K","38K2H6S2Q",2,2026-08-31 15:02:59.4800000,0,1148,0,2026-08-31 15:02:59.4800000,-22.966670,47.550000
56781,"Anaborano",1880,143,"38K","38K2H6S2Q",2,2026-08-31 15:03:03.6000000,0,724,0,2026-08-31 15:03:03.6000000,-22.950000,47.550000
56924,"Saromiala",1880,143,"38K","38K2H6S2Q",2,2026-08-31 15:03:09.1370000,0,1148,0,2026-08-31 15:03:09.1370000,-22.933330,47.533330
56503,"Fenoarivo",1880,143,"38K","38K2H6S2Q",2,2026-08-31 15:03:13.9730000,0,937,0,2026-08-31 15:03:13.9730000,-22.983330,47.650000
56634,"Ambahipika",1880,143,"38K","38K2H6S2Q",2,2026-08-31 15:03:17.8330000,0,936,0,2026-08-31 15:03:17.8330000,-22.966670,47.716670
56635,"Marompanahy",1880,143,"38K","38K2H6S2Q",2,2026-08-31 15:03:23.2970000,0,936,0,2026-08-31 15:03:23.2970000,-22.966670,47.750000
81949,"Beakanga Sud",1882,143,"38K","38K1H6S3Q",2,2026-08-31 15:05:08.6570000,0,1200,0,2026-08-31 15:05:08.6570000,-19.716670,46.183330
56636,"Tsivala",1880,143,"38K","38K2H6S2Q",2,2026-08-31 15:05:47.3170000,0,936,0,2026-08-31 15:05:47.3170000,-22.966670,47.783330
2179137,"Fornace Benassati",1379,110,"32T","32T1H6S3Q",1,2014-11-12 06:28:20.7870000,681025,0,2532,2026-08-31 15:06:33.6900000,44.616670,10.900000
2507895,"Komsomol'skiy",2715,192,"45U","45U2H1S1Q",1,2026-08-31 15:06:46.0670000,1200,0,0,2026-08-31 15:06:46.0670000,51.795100,84.541300
2507913,"Nikol'skoye",2715,192,"45U","45U2H1S1Q",1,2026-08-31 15:06:50.0300000,1200,0,0,2026-08-31 15:06:50.0300000,51.795900,84.989500
2507926,"Nizhnyaya Grayvoronka",2677,192,"37U","37U2H1S2Q",1,2026-08-31 15:06:54.6170000,1200,0,0,2026-08-31 15:06:54.6170000,51.796330,37.779900
56783,"Mahavelo",1880,143,"38K","38K2H6S2Q",2,2026-08-31 15:09:02.7330000,0,936,0,2026-08-31 15:09:02.7330000,-22.950000,47.800000
196730,"Mwananombwe",3817,248,"36L","36L1H2S3Q",2,2026-08-31 15:09:20.3400000,0,765,0,2026-08-31 15:09:20.3400000,-9.166670,32.400000
196957,"Pemba",3817,248,"36L","36L1H2S3Q",2,2026-08-31 15:09:23.7530000,0,983,0,2026-08-31 15:09:23.7530000,-9.150000,32.400000
197213,"Nsaniko",3817,248,"36L","36L1H2S3Q",2,2026-08-31 15:09:27.9000000,0,891,0,2026-08-31 15:09:27.9000000,-9.133330,32.283330
196082,"Soza",3817,248,"36L","36L1H2S3Q",2,2026-08-31 15:09:31.5400000,0,891,0,2026-08-31 15:09:31.5400000,-9.216670,32.233330
196530,"Ntatumbila",3817,248,"36L","36L1H2S3Q",2,2026-08-31 15:09:35.7300000,0,891,0,2026-08-31 15:09:35.7300000,-9.183330,32.233330
81809,"Sarobaratra",1882,143,"38K","38K1H6S3Q",2,2026-08-31 15:09:44.4530000,0,1200,0,2026-08-31 15:09:44.4530000,-19.733330,46.116670
81532,"Analalava",1882,143,"38K","38K1H6S3Q",2,2026-08-31 15:09:47.7030000,0,1200,0,2026-08-31 15:09:47.7030000,-19.766670,46.133330
2173178,"Villanova",1379,110,"32T","32T1H6S4Q",3,2026-08-31 15:10:03.6700000,0,0,3071,2026-08-31 15:10:17.3230000,44.483330,11.416670
81432,"Soaserana",1882,143,"38K","38K1H6S3Q",2,2026-08-31 15:11:45.1430000,0,1200,0,2026-08-31 15:11:45.1430000,-19.783330,46.150000
57091,"Manambotra Atsimo",1880,143,"38K","38K2H6S2Q",2,2026-08-31 15:12:28.2530000,0,936,0,2026-08-31 15:12:28.2530000,-22.916670,47.816670
87351,"Ankadivoribe",1882,143,"38K","38K1H6S2Q",2,2026-08-31 15:13:09.0030000,0,1023,0,2026-08-31 15:13:09.0070000,-18.983330,47.500000
2527000,"Ujazdek",2451,180,"33U","33U1H6S3Q",3,2026-08-31 15:13:41.6130000,0,0,1409,2026-08-31 15:13:41.6130000,52.195530,16.447050
2527478,"Ujazd",2451,180,"33U","33U1H6S3Q",3,2026-08-31 15:14:21.7530000,0,0,1409,2026-08-31 15:14:21.7570000,52.200140,16.415250
2254515,"Marquette",3557,233,"16T","16T1H2S3Q",1,2012-08-07 23:57:31.5000000,40815454,0,0,2026-08-31 15:14:40.4170000,46.543540,-87.395420
2518830,"Zegrowo",2451,180,"33U","33U1H6S3Q",2,2026-08-22 15:32:43.1900000,0,98186,2585,2026-08-31 15:15:35.9000000,52.030570,16.475150
906818,"Colva",1293,105,"43P","43P1H1S2Q",2,2026-08-31 15:15:48.2300000,0,1150,0,2026-08-31 15:15:48.2300000,15.266670,73.916670
907743,"Madgaon",1293,105,"43P","43P1H1S2Q",2,2026-08-31 15:15:55.4030000,91,1123,0,2026-08-31 15:15:55.4030000,15.300000,73.950000
2306487,"Spring Beach",3578,233,"10T","10T1H2S2Q",2,2015-10-10 23:40:45.9830000,0,1301558,0,2026-08-31 15:16:11.5500000,47.740100,-122.373460
57288,"Marosondry",1880,143,"38K","38K2H6S2Q",2,2026-08-31 15:16:35.6870000,0,936,0,2026-08-31 15:16:35.6870000,-22.900000,47.816670
913050,"Panaji",1293,105,"43P","43P1H1S2Q",2,2026-08-31 15:16:38.0470000,0,1103,0,2026-08-31 15:16:38.0470000,15.483330,73.833330
912478,"Taleigao",1293,105,"43P","43P1H1S2Q",2,2026-08-31 15:16:47.2970000,0,1150,0,2026-08-31 15:16:47.2970000,15.466670,73.800000
913550,"Ribandar",1293,105,"43P","43P1H1S2Q",2,2026-08-31 15:16:56.6200000,0,1150,0,2026-08-31 15:16:56.6200000,15.500000,73.850000
2156731,"Eugene",3576,233,"10T","10T1H5S3Q",3,2024-10-03 23:02:28.9670000,0,0,1088086,2026-08-31 15:17:22.1330000,44.052070,-123.086750
1973847,"Hummelstown",3584,233,"18T","18T2H4S4Q",1,2023-08-14 10:01:05.7370000,318786,0,0,2026-08-31 15:17:29.1500000,40.265370,-76.708300
2157044,"Bethel",3576,233,"10T","10T1H5S3Q",3,2025-02-24 00:20:04.2500000,0,0,1004431,2026-08-31 15:17:29.4170000,44.065120,-123.132590
2157454,"North Springfield",3576,233,"10T","10T1H5S3Q",3,2024-10-29 23:56:15.1670000,0,0,1010850,2026-08-31 15:17:35.8370000,44.074850,-123.003140
2159141,"Fir Grove",3576,233,"10T","10T1H5S3Q",3,2025-01-11 00:23:00.5870000,0,0,1009121,2026-08-31 15:17:43.7800000,44.119010,-123.138140
2156911,"Danebo",3576,233,"10T","10T1H5S3Q",3,2025-09-25 06:04:40.5500000,0,0,1002369,2026-08-31 15:17:53.9300000,44.059570,-123.178700
2166587,"Castel Bolognese",1379,110,"32T","32T1H6S4Q",3,2026-08-31 15:18:06.4900000,0,0,1666,2026-08-31 15:18:06.4900000,44.320670,11.799920
2167968,"Solarolo",1379,110,"32T","32T1H6S4Q",3,2026-08-31 15:18:14.6630000,0,0,896,2026-08-31 15:18:14.6670000,44.360370,11.844520
2168207,"San Mauro",1379,110,"32T","32T1H6S4Q",3,2026-08-31 15:18:19.9230000,0,0,1054,2026-08-31 15:18:19.9230000,44.366670,11.833330
2798176,"Juontte",929,70,"34V","34V1H5S4Q",3,2026-08-31 15:18:57.3870000,4602,0,4800,2026-08-31 15:18:57.3870000,60.556110,21.388060
1982284,"Indian Heights",3555,233,"16T","16T2H5S4Q",3,2025-04-12 22:38:20.4830000,0,0,213648,2026-08-31 15:22:05.4900000,40.427260,-86.125550
2474016,"Ingersdorf",704,57,"33U","33U2H2S1Q",3,2026-08-31 15:22:07.6730000,0,0,978,2026-08-31 15:22:07.6730000,51.110580,14.386600
2474634,"Neuarnsdorf",704,57,"33U","33U2H2S1Q",3,2026-08-31 15:22:30.0370000,0,0,940,2026-08-31 15:22:30.0370000,51.116670,14.366670
809432,"Hacienda Mayorga",1172,97,"16P","16P1H5S1Q",3,2026-08-31 15:22:31.8300000,0,0,1200,2026-08-31 15:22:31.8300000,13.156670,-87.313060
809442,"Hacienda Hermanos Aguilar",1172,97,"16P","16P1H5S1Q",3,2026-08-31 15:22:38.6000000,0,0,1200,2026-08-31 15:22:38.6000000,13.156940,-87.315280
2473726,"Tautewalde",704,57,"33U","33U2H2S1Q",3,2026-08-31 15:22:39.0730000,0,0,491,2026-08-31 15:22:39.0730000,51.100020,14.357240
809543,"Hacienda Canales",1172,97,"16P","16P1H5S1Q",3,2026-08-31 15:22:44.0830000,0,0,1200,2026-08-31 15:22:44.0830000,13.160000,-87.326110
812410,"El Palenque",1172,97,"16P","16P1H5S1Q",3,2026-08-31 15:22:50.6400000,0,0,1200,2026-08-31 15:22:50.6400000,13.227220,-87.302500
2473573,"Meyershauser",704,57,"33U","33U2H2S1Q",3,2026-08-31 15:22:46.3700000,0,0,1474,2026-08-31 15:22:50.9370000,51.100000,14.333330
813283,"Buena Vista",1172,97,"16P","16P1H5S1Q",3,2026-08-31 15:22:57.3700000,0,0,1200,2026-08-31 15:22:57.3700000,13.246940,-87.373610
815493,"Los Espabeles",1172,97,"16P","16P1H5S1Q",3,2026-08-31 15:23:01.1530000,0,0,1200,2026-08-31 15:23:01.1530000,13.295280,-87.414720
2474103,"Neudiehman",704,57,"33U","33U2H2S1Q",3,2026-08-31 15:23:01.7630000,0,0,1056,2026-08-31 15:23:01.7630000,51.113280,14.333300
814439,"Hacienda El Jicaro",1172,97,"16P","16P1H5S1Q",3,2026-08-31 15:23:06.7300000,0,0,1200,2026-08-31 15:23:06.7300000,13.271390,-87.443610
812544,"Cooperativa Palo Seco",1172,97,"16P","16P1H5S1Q",3,2026-08-31 15:23:10.6630000,0,0,1200,2026-08-31 15:23:10.6630000,13.230830,-87.411110
2474961,"Dretschen",704,57,"33U","33U2H2S1Q",3,2026-08-31 15:23:14.3400000,0,0,936,2026-08-31 15:23:14.3400000,51.123780,14.347460
2473129,"Neukirch/Lausitz",704,57,"33U","33U2H2S1Q",3,2026-08-31 15:23:24.3900000,0,0,1103,2026-08-31 15:23:24.3900000,51.097270,14.307890
1863397,"Discovery",3542,233,"18S","18S1H1S4Q",3,2026-08-31 15:24:28.1600000,0,0,1017,2026-08-31 15:24:28.1600000,38.276790,-76.468560
196956,"Sokwelo",3817,248,"36L","36L1H2S3Q",2,2026-08-31 15:24:30.4900000,0,891,0,2026-08-31 15:24:30.4900000,-9.150000,32.150000
196529,"Nakatendo",3817,248,"36L","36L1H2S3Q",2,2026-08-31 15:24:33.8100000,0,891,0,2026-08-31 15:24:33.8100000,-9.183330,32.133330
1862239,"Southampton",3542,233,"18S","18S1H1S4Q",3,2026-08-31 15:24:34.4030000,0,0,1187,2026-08-31 15:24:34.4030000,38.253460,-76.433560
1861404,"Hunting Neck Woods",3542,233,"18S","18S1H1S4Q",3,2026-08-31 15:24:37.4030000,0,0,1153,2026-08-31 15:24:37.4030000,38.236790,-76.455230
196289,"George Mwembe",3817,248,"36L","36L1H2S3Q",2,2026-08-31 15:24:38.1430000,0,741,0,2026-08-31 15:24:38.1430000,-9.200000,32.116670
195921,"Kundimambwe",3817,248,"36L","36L1H2S3Q",2,2026-08-31 15:24:41.9670000,0,741,0,2026-08-31 15:24:41.9670000,-9.233330,32.133330
1861617,"Flowers of the Forest",3542,233,"18S","18S1H1S4Q",3,2026-08-31 15:24:44.8170000,0,0,1154,2026-08-31 15:24:44.8170000,38.241790,-76.457730
195922,"Mukomandolo",3817,248,"36L","36L1H2S3Q",2,2026-08-31 15:24:46.6930000,0,741,0,2026-08-31 15:24:46.6930000,-9.233330,32.150000
1862362,"Jonestown",3542,233,"18S","18S1H1S4Q",3,2026-08-31 15:24:48.0130000,0,0,1187,2026-08-31 15:24:48.0130000,38.256240,-76.438840
1862584,"Lexington Park",3542,233,"18S","18S1H1S4Q",3,2026-08-31 15:24:50.4900000,225,0,1187,2026-08-31 15:24:50.4900000,38.260880,-76.443600
1862418,"Colony Square",3542,233,"18S","18S1H1S4Q",3,2026-08-31 15:24:52.8500000,0,0,1185,2026-08-31 15:24:52.8500000,38.257620,-76.449670
1661044,"Story",3546,233,"14S","14S2H3S3Q",3,2026-08-31 15:24:59.3500000,0,0,1048,2026-08-31 15:24:59.3500000,34.855350,-97.458640
1651657,"Antioch",3546,233,"14S","14S2H3S3Q",3,2026-08-31 15:25:07.1800000,0,0,948,2026-08-31 15:25:07.1800000,34.725080,-97.405580
1650964,"Purdy",3546,233,"14S","14S2H3S3Q",3,2026-08-31 15:25:20.0530000,0,0,1041,2026-08-31 15:25:20.0530000,34.715910,-97.587530
1595071,"Fleetwood",3546,233,"14S","14S2H6S1Q",3,2026-08-31 15:25:36.2100000,0,0,999,2026-08-31 15:25:36.2130000,33.896770,-97.851140
1641064,"Hope",3546,233,"14S","14S2H3S3Q",3,2026-08-31 15:25:51.9370000,0,0,1032,2026-08-31 15:25:51.9370000,34.568970,-97.836700
1674216,"Chickasha",3546,233,"14S","14S2H3S1Q",2,2026-07-05 10:34:34.7200000,0,86529,6000,2026-08-31 15:26:05.9070000,35.052560,-97.936430
2434432,"Saltash",979,77,"30U","30U2H1S4Q",1,2026-07-28 18:23:25.8500000,26706,0,0,2026-08-31 15:26:20.5530000,50.408060,-4.215280
2134058,"Dvorista",1863,141,"34T","34T2H1S2Q",2,2026-08-31 15:31:20.6800000,0,1065,0,2026-08-31 15:31:20.6800000,43.454170,19.178330
2134249,"Metaljka",1863,141,"34T","34T2H1S2Q",2,2026-08-31 15:31:23.5200000,0,1200,0,2026-08-31 15:31:23.5200000,43.460280,19.183890
2134337,"Causev Do",1863,141,"34T","34T2H1S2Q",2,2026-08-31 15:31:26.2470000,0,1065,0,2026-08-31 15:31:26.2470000,43.463060,19.189170
2135088,"Kovac",1863,141,"34T","34T2H1S2Q",2,2026-08-31 15:31:28.9330000,0,1200,0,2026-08-31 15:31:28.9330000,43.480830,19.189720
2135782,"Skenderovina",1875,141,"34T","34T2H1S2Q",2,2026-08-31 15:31:37.3700000,0,1065,0,2026-08-31 15:31:37.3700000,43.494440,19.198330
2135588,"Mirovici",1863,141,"34T","34T2H1S2Q",2,2026-08-31 15:31:40.7200000,0,1200,0,2026-08-31 15:31:40.7200000,43.487780,19.167220
2135817,"Duga",1863,141,"34T","34T2H1S2Q",2,2026-08-31 15:31:44.7500000,0,1065,0,2026-08-31 15:31:44.7500000,43.495560,19.146940
2135868,"Podgradina",1863,141,"34T","34T2H1S2Q",2,2026-08-31 15:31:47.6200000,0,1200,0,2026-08-31 15:31:47.6200000,43.496940,19.159720
2538472,"Tluszcz",2440,180,"34U","34U1H5S4Q",2,2019-02-18 00:17:48.9770000,0,12170860,0,2026-08-31 15:32:53.1170000,52.430580,21.435610
2593584,"Krzyze",2444,180,"34U","34U1H5S2Q",2,2021-06-25 13:11:07.5230000,1008,173198,6600,2026-08-31 15:35:14.8800000,53.600000,21.533330
1412696,"Wellborn",3549,233,"14R","14R1H3S4Q",2,2013-12-02 17:59:08.7770000,83862,852233,876,2026-08-31 15:35:23.6800000,30.535200,-96.301630
1451757,"Bama Dale",3551,233,"16R","16R1H3S1Q",2,2013-08-13 22:21:33.5970000,43632,304718,600,2026-08-31 15:35:24.7100000,31.267400,-85.376040
1536276,"Audelia",3549,233,"14S","14S2H6S4Q",2,2010-01-01 00:00:00.0000000,43771,128612,860,2026-08-31 15:35:25.7400000,32.909290,-96.717220
1558459,"Aubrey",3549,233,"14S","14S2H6S2Q",3,2015-09-29 23:06:31.0500000,517,0,4320263,2026-08-31 15:35:26.7830000,33.304280,-96.986120
1564945,"Van Alstyne",3549,233,"14S","14S2H6S2Q",2,2017-03-13 02:38:38.0430000,0,839433,0,2026-08-31 15:35:27.8070000,33.421500,-96.577210
1568556,"Mountain Springs",3549,233,"14S","14S2H6S1Q",0,2010-01-01 00:00:00.0000000,0,0,0,2026-08-31 15:35:28.8430000,33.480390,-97.043900
1574334,"Shady Grove",3549,233,"14S","14S2H6S2Q",0,2010-01-01 00:00:00.0000000,0,0,0,2026-08-31 15:35:29.8970000,33.567050,-96.972780
1578654,"Sherman",3549,233,"14S","14S2H6S2Q",2,2010-01-01 00:00:00.0000000,0,140,0,2026-08-31 15:35:30.9330000,33.635660,-96.608880
1859288,"Wallace",3567,233,"10S","10S1H3S4Q",2,2013-04-09 01:33:59.0170000,0,1306271,25013,2026-08-31 15:35:31.9800000,38.194090,-120.978000
1930521,"Oroville Junction",3567,233,"10S","10S1H3S1Q",2,2021-05-30 01:45:12.8730000,0,305281,24943,2026-08-31 15:35:34.0400000,39.509610,-121.650530
2375043,"Silz",706,57,"32U","32U2H4S2Q",2,2015-01-14 12:03:43.0100000,0,666021,29596,2026-08-31 15:35:37.1370000,49.150000,7.950000
2513233,"Braughing",979,77,"31U","31U2H1S1Q",2,2024-07-07 19:17:24.5230000,0,108558,57795,2026-08-31 15:35:38.1700000,51.906840,0.027890
2564385,"Longton",979,77,"30U","30U1H5S4Q",2,2013-12-08 17:29:45.3930000,0,2466404,0,2026-08-31 15:35:39.1900000,52.983330,-2.133330
2674287,"Bork Havn",724,59,"32U","32U1H2S1Q",2,2022-08-28 19:06:45.2400000,0,269856,112574,2026-08-31 15:35:40.2300000,55.847780,8.285310
2744053,"Balatovo",2662,192,"40V","40V2H5S1Q",2,2023-07-30 05:53:18.9130000,0,2183111,3955,2026-08-31 15:35:41.2570000,57.972780,56.175560
2165056,"San Martino di Villafranca",1379,110,"33T","33T1H4S3Q",3,2026-08-31 15:36:42.0230000,0,0,2677,2026-08-31 15:36:43.4800000,44.280480,12.004800
2020087,"Kucuksu",3348,225,"35T","35T2H6S2Q",3,2023-07-29 12:00:20.2970000,0,0,62183,2026-08-31 15:37:18.1500000,41.083330,29.083330
2213464,"Candiac",459,38,"18T","18T1H6S1Q",2,2022-11-25 18:53:53.0000000,56458,784294,0,2026-08-31 15:37:48.6100000,45.383380,-73.515870
797718,"Ban Pak Khlong Cha-am",3167,218,"47P","47P1H6S3Q",1,2024-12-18 11:57:55.7930000,147090,30010,0,2026-08-31 15:38:40.6470000,12.816670,100.000000
195483,"Ruben Kachinga",3817,248,"36L","36L1H2S3Q",2,2026-08-31 15:39:25.5070000,0,892,0,2026-08-31 15:39:25.5070000,-9.266670,32.150000
195719,"Tengu",3817,248,"36L","36L1H2S3Q",2,2026-08-31 15:39:30.1730000,0,984,0,2026-08-31 15:39:30.1730000,-9.250000,32.050000
195717,"Kafunda",3817,248,"36L","36L1H2S3Q",2,2026-08-31 15:39:33.4970000,0,741,0,2026-08-31 15:39:33.4970000,-9.250000,32.033330
195716,"Maliko",3817,248,"36L","36L1H1S4Q",2,2026-08-31 15:39:37.6900000,0,741,0,2026-08-31 15:39:37.6900000,-9.250000,31.966670
1819360,"Emerald Lake Hills",3567,233,"10S","10S1H5S2Q",3,2013-08-25 18:13:41.0930000,9412,0,1144595,2026-08-31 15:39:42.7500000,37.465830,-122.267360
196286,"Lomyonga",3817,248,"36L","36L1H2S3Q",2,2026-08-31 15:39:42.9500000,0,984,0,2026-08-31 15:39:42.9500000,-9.200000,32.016670
1066800,"Waikiki",3580,233,"04Q","04Q1H6S1Q",2,,1446313,2573372,0,2026-08-31 15:40:23.7100000,21.282780,-157.829440
2233536,"Saint-Jacques",459,38,"18T","18T1H6S1Q",1,2026-06-08 14:27:00.3330000,350593,0,0,2026-08-31 15:40:40.7230000,45.950070,-73.565860
1992161,"Hyampom",3567,233,"10T","10T2H5S3Q",2,2026-08-31 15:41:12.1630000,0,842,0,2026-08-31 15:41:12.1630000,40.617360,-123.452540
1983550,"Mad River",3567,233,"10T","10T2H5S3Q",2,2026-08-31 15:41:27.4400000,0,914,0,2026-08-31 15:41:27.4400000,40.452370,-123.509760
1981990,"Sids Place",3567,233,"10T","10T2H5S3Q",2,2026-08-31 15:41:42.5800000,0,841,0,2026-08-31 15:41:42.5800000,40.419030,-123.456700
1982257,"Graham Place",3567,233,"10T","10T2H5S3Q",2,2026-08-31 15:41:57.1230000,0,842,0,2026-08-31 15:41:57.1230000,40.426530,-123.408090
1995680,"Wigdon Place",3567,233,"10T","10T2H5S3Q",2,2026-08-31 15:42:10.1700000,0,842,0,2026-08-31 15:42:10.1700000,40.675140,-123.461150
1541089,"Briarwood",3547,233,"17S","17S2H5S4Q",2,2017-05-30 22:17:00.1430000,0,950000,0,2026-08-31 15:42:39.4970000,32.990170,-80.174820
2055097,"Upper Beechwood",3562,233,"18T","18T2H5S2Q",2,2026-08-31 15:43:08.0130000,0,746,0,2026-08-31 15:43:08.0130000,41.777030,-74.989610
2213671,"Washington",3566,233,"16T","16T1H5S2Q",3,2026-08-31 15:44:02.5200000,0,0,1426,2026-08-31 15:44:02.5200000,45.394700,-86.931510
2212438,"Detroit Harbor",3566,233,"16T","16T1H5S2Q",3,2026-08-31 15:44:07.5070000,0,0,1113,2026-08-31 15:44:07.5070000,45.356650,-86.930670
57466,"Antanamay",1880,143,"38K","38K2H6S2Q",2,2026-08-31 15:44:10.9070000,0,936,0,2026-08-31 15:44:10.9070000,-22.883330,47.800000
2400613,"Bilek",690,56,"33U","33U2H5S2Q",1,2025-01-14 15:23:02.8970000,970049,0,0,2026-08-31 15:44:34.6500000,49.700000,15.733330
57643,"Vohilava",1880,143,"38K","38K2H6S2Q",2,2026-08-31 15:44:49.4770000,689,741,0,2026-08-31 15:44:49.4770000,-22.866670,47.783330
57773,"Antananabo",1880,143,"38K","38K2H6S2Q",2,2026-08-31 15:44:53.0430000,0,936,0,2026-08-31 15:44:53.0430000,-22.850000,47.800000
57642,"Vohitromby",1880,143,"38K","38K2H6S2Q",2,2026-08-31 15:44:56.3370000,0,936,0,2026-08-31 15:44:56.3370000,-22.866670,47.766670
57465,"Iabohazo",1880,143,"38K","38K2H6S2Q",2,2026-08-31 15:44:59.8700000,0,936,0,2026-08-31 15:44:59.8700000,-22.883330,47.733330
57641,"Ivandrika",1880,143,"38K","38K2H6S2Q",2,2026-08-31 15:45:03.0030000,0,936,0,2026-08-31 15:45:03.0030000,-22.866670,47.733330
58020,"Vohimasy",1880,143,"38K","38K2H6S2Q",2,2026-08-31 15:45:06.6200000,0,1162,0,2026-08-31 15:45:06.6200000,-22.816670,47.750000
57906,"Ambalolo",1880,143,"38K","38K2H6S2Q",2,2026-08-31 15:45:09.6600000,0,1162,0,2026-08-31 15:45:09.6600000,-22.833330,47.766670
1642473,"Castle Canyon Mesa",3572,233,"12S","12S2H1S4Q",1,2015-03-30 00:16:25.6870000,103674921,0,0,2026-08-31 15:45:36.5830000,34.590860,-112.355720
2159084,"Celincordia",1379,110,"33T","33T1H4S3Q",3,2026-08-31 15:47:44.0600000,0,0,2180,2026-08-31 15:47:45.4170000,44.117220,12.261390
2289132,"Zuerich (Kreis 7) / Tobelhof",503,43,"32T","32T1H2S1Q",1,2017-01-30 06:26:12.1470000,1057316,1200,0,2026-08-31 15:47:54.2470000,47.382660,8.587670
57090,"Amboahangisay",1880,143,"38K","38K2H6S2Q",2,2026-08-31 15:47:58.4430000,0,936,0,2026-08-31 15:47:58.4430000,-22.916670,47.683330
2321630,"Lake Bosworth",3578,233,"10U","10U2H6S3Q",3,2026-08-31 15:48:12.3700000,0,0,906,2026-08-31 15:48:12.3700000,48.045100,-121.968460
2321634,"Lake Bosworth",3578,233,"10U","10U2H6S3Q",3,2026-08-31 15:48:19.2730000,0,0,906,2026-08-31 15:48:19.2730000,48.045370,-121.967230
2320779,"Hyland",3578,233,"10U","10U2H5S4Q",3,2026-08-31 15:48:22.8500000,0,0,913,2026-08-31 15:48:22.8500000,48.027040,-122.030690
2318333,"Forest Glade",3578,233,"10T","10T1H3S1Q",3,2026-08-31 15:48:26.5630000,0,0,884,2026-08-31 15:48:26.5630000,47.981490,-121.973180
1978108,"Fountainville",3584,233,"18T","18T2H5S3Q",2,2026-05-16 18:48:18.4900000,31386,250729,2058,2026-08-31 15:49:56.7670000,40.341220,-75.150450
2229307,"Saint-Sulpice",459,38,"18T","18T1H6S1Q",2,2022-01-19 14:03:13.1270000,23014,55198,0,2026-08-31 15:50:35.4900000,45.833380,-73.349170
1880088,"O'Fallon",3554,233,"16S","16S1H1S3Q",3,2021-11-24 14:04:38.9500000,0,0,58811348,2026-08-31 15:50:47.5330000,38.592270,-89.911210
2551569,"Wartoslaw",2451,180,"33U","33U1H6S3Q",3,2026-08-31 15:51:55.5000000,0,0,3996,2026-08-31 15:52:04.3570000,52.715520,16.290100
1844117,"El Cerrito",3567,233,"10S","10S1H5S2Q",2,2025-08-01 12:23:41.0230000,0,3959455,17093,2026-08-31 15:52:10.3100000,37.915760,-122.311640
2295990,"Buelach / Altstadt",503,43,"32T","32T1H2S1Q",3,2024-05-09 11:19:12.8600000,0,0,19085577,2026-08-31 15:54:04.3200000,47.517610,8.540460
196287,"Chilundumuzi",3817,248,"36L","36L1H2S3Q",2,2026-08-31 15:54:30.2500000,0,984,0,2026-08-31 15:54:30.2500000,-9.200000,32.050000
822434,"El Pochote",1172,97,"16P","16P1H5S1Q",3,2026-08-31 15:54:32.5000000,0,0,1200,2026-08-31 15:54:32.5000000,13.444440,-87.240280
196288,"Wambuzi",3817,248,"36L","36L1H2S3Q",2,2026-08-31 15:54:34.5270000,0,984,0,2026-08-31 15:54:34.5270000,-9.200000,32.083330
2449480,"Saint-Andre",255,20,"31U","31U2H3S4Q",1,2026-07-28 20:19:25.1530000,101200,0,0,2026-08-31 15:54:37.3770000,50.695400,5.753430
196528,"Katata",3817,248,"36L","36L1H2S3Q",2,2026-08-31 15:54:37.5700000,0,984,0,2026-08-31 15:54:37.5700000,-9.183330,32.083330
822131,"Agua Caliente de Linaca",1172,97,"16P","16P1H5S1Q",3,2026-08-31 15:54:39.3430000,0,0,1200,2026-08-31 15:54:39.3470000,13.435280,-87.231670
196727,"Mupeta",3817,248,"36L","36L1H2S3Q",2,2026-08-31 15:54:41.3830000,0,984,0,2026-08-31 15:54:41.3830000,-9.166670,32.050000
2448769,"Neche",255,20,"31U","31U2H3S4Q",1,2023-12-17 23:19:33.0000000,50000,0,0,2026-08-31 15:54:49.7070000,50.683330,5.733330
821781,"Las Uvas",1172,97,"16P","16P1H5S1Q",3,2026-08-31 15:54:51.9630000,0,0,1200,2026-08-31 15:54:51.9630000,13.432500,-87.254720
821341,"El Apintal",1172,97,"16P","16P1H5S1Q",3,2026-08-31 15:54:55.7100000,0,0,1200,2026-08-31 15:54:55.7100000,13.418610,-87.243330
820844,"Cofradia",1172,97,"16P","16P1H5S1Q",3,2026-08-31 15:54:59.1170000,0,0,1200,2026-08-31 15:54:59.1170000,13.411390,-87.233060
2447474,"Haute Saive",255,20,"31U","31U2H3S4Q",1,2025-06-27 07:08:26.7670000,76078,0,0,2026-08-31 15:55:04.6430000,50.658460,5.676280
824544,"El Carrizal",1172,97,"16P","16P1H5S1Q",3,2026-08-31 15:55:06.4200000,0,0,1200,2026-08-31 15:55:06.4200000,13.485280,-87.255830
828426,"Concepcion",1172,97,"16P","16P1H5S1Q",3,2026-08-31 15:55:11.6000000,0,0,1200,2026-08-31 15:55:11.6000000,13.551940,-87.206110
828547,"El Moray",1172,97,"16P","16P1H5S1Q",3,2026-08-31 15:55:16.3830000,0,0,1200,2026-08-31 15:55:16.3830000,13.555000,-87.203330
90022,"Ankondondona",1882,143,"38K","38K1H6S2Q",2,2026-08-31 15:56:13.0600000,0,741,0,2026-08-31 15:56:13.0600000,-18.600000,47.600000
88593,"Ambatotampy",1882,143,"38K","38K1H6S2Q",2,2026-08-31 15:56:19.8630000,0,741,0,2026-08-31 15:56:19.8630000,-18.816670,47.616670
88385,"Ambohitriniandriana",1882,143,"38K","38K1H6S2Q",2,2026-08-31 15:56:23.2100000,0,741,0,2026-08-31 15:56:23.2100000,-18.850000,47.633330
88503,"Fieferana",1882,143,"38K","38K1H6S2Q",2,2026-08-31 15:56:26.6100000,0,741,0,2026-08-31 15:56:26.6100000,-18.833330,47.650000
88499,"Abohijanahary",1882,143,"38K","38K1H6S2Q",2,2026-08-31 15:56:31.6800000,0,763,0,2026-08-31 15:56:31.6800000,-18.833330,47.483330
89131,"Ambatomalaza",1882,143,"38K","38K1H6S2Q",2,2026-08-31 15:56:37.5670000,0,741,0,2026-08-31 15:56:37.5670000,-18.733330,47.450000
87242,"Beravina",1882,143,"38K","38K1H6S4Q",2,2026-08-31 15:56:47.1270000,0,752,0,2026-08-31 15:56:47.1270000,-19.000000,47.466670
87003,"Antsahabe",1882,143,"38K","38K1H6S4Q",2,2026-08-31 15:56:50.4870000,0,752,0,2026-08-31 15:56:50.4870000,-19.033330,47.516670
1596015,"Highland Oaks",3539,233,"17S","17S2H4S1Q",1,2013-09-16 23:13:54.8600000,938275,0,0,2026-08-31 15:57:22.0400000,33.909840,-83.407940
2507944,"Chisten'kiy",2657,192,"38U","38U2H1S2Q",1,2026-08-31 15:58:08.7200000,1200,0,0,2026-08-31 15:58:08.7230000,51.796900,43.196900
2507950,"Rodnichnyy Dol",2665,192,"40U","40U2H1S1Q",1,2026-08-31 15:58:12.4130000,1200,0,0,2026-08-31 15:58:12.4130000,51.796940,54.557220
2507964,"Serebryanka",2677,192,"37U","37U2H1S2Q",1,2026-08-31 15:58:15.5170000,1200,0,0,2026-08-31 15:58:15.5170000,51.797870,37.615640
2507971,"Nikol'skiye Dvoriki",2677,192,"37U","37U2H2S1Q",1,2026-08-31 15:58:18.6600000,1200,0,0,2026-08-31 15:58:18.6600000,51.798060,38.115830
56925,"Anatsirika",1880,143,"38K","38K2H6S2Q",2,2026-08-31 15:58:19.8100000,0,1147,0,2026-08-31 15:58:19.8100000,-22.933330,47.600000
2507977,"Irinovskiy",2657,192,"38U","38U2H1S2Q",1,2026-08-31 15:58:23.2400000,1200,0,0,2026-08-31 15:58:23.2430000,51.798200,43.106400
57089,"Tovona",1880,143,"38K","38K2H6S2Q",2,2026-08-31 15:58:25.5870000,0,937,0,2026-08-31 15:58:25.5870000,-22.916670,47.633330
2507985,"Baskatovka",2657,192,"38U","38U2H3S1Q",1,2026-08-31 15:58:26.9770000,1200,0,0,2026-08-31 15:58:26.9770000,51.798330,46.981940
57463,"Iandray",1880,143,"38K","38K2H6S2Q",2,2026-08-31 15:58:27.6970000,0,936,0,2026-08-31 15:58:27.6970000,-22.883330,47.666670
2507996,"Vyazovaya",2657,192,"38U","38U2H1S1Q",1,2026-08-31 15:58:30.2770000,1200,0,0,2026-08-31 15:58:30.2770000,51.798890,42.828330
57464,"Ambalavolo",1880,143,"38K","38K2H6S2Q",2,2026-08-31 15:58:31.2530000,0,936,0,2026-08-31 15:58:31.2530000,-22.883330,47.683330
2508002,"Chapayev",2657,192,"38U","38U2H3S2Q",1,2026-08-31 15:58:33.5000000,1200,0,0,2026-08-31 15:58:33.5000000,51.799300,47.502500
57640,"Bekaraoka",1880,143,"38K","38K2H6S2Q",2,2026-08-31 15:58:57.2570000,0,936,0,2026-08-31 15:58:57.2570000,-22.866670,47.700000
2011912,"Bayberry Park",3562,233,"18T","18T2H6S3Q",3,2026-08-29 02:57:56.1030000,1562,2293,7231,2026-08-31 16:05:43.7870000,40.946770,-73.774020
2508010,"Novyy Zirgan",2696,192,"40U","40U2H3S1Q",1,2026-08-31 16:05:57.4700000,1200,0,0,2026-08-31 16:05:57.4700000,51.799720,58.300280
2508012,"Sovetskiy",2657,192,"38U","38U2H1S2Q",1,2026-08-31 16:06:00.4470000,1200,0,0,2026-08-31 16:06:00.4470000,51.799900,43.344300
2508347,"Pokrovskoye",2677,192,"37U","37U2H1S2Q",1,2026-08-31 16:06:03.3530000,1200,0,0,2026-08-31 16:06:03.3530000,51.800000,37.266670
2508350,"Fedorovka",2657,192,"38U","38U2H2S1Q",1,2026-08-31 16:06:06.1500000,1200,0,0,2026-08-31 16:06:06.1530000,51.800000,44.100000
2041954,"Pulaski",3563,233,"16T","16T2H6S2Q",3,2026-08-31 16:06:12.8300000,0,0,988,2026-08-31 16:06:12.8300000,41.510610,-84.507730
2010855,"Larchmont",3562,233,"18T","18T2H6S3Q",1,2014-05-24 18:13:17.4030000,269744,167819,300,2026-08-31 16:06:14.6330000,40.927880,-73.751800
2004146,"Locust Point",3562,233,"18T","18T2H6S3Q",3,,2301,2960,8180,2026-08-31 16:06:32.0270000,40.815930,-73.802080
2152366,"Faetano",1379,110,"33T","33T2H1S1Q",2,2026-04-23 17:03:46.9670000,0,1638,300,2026-08-31 16:06:38.2700000,43.933330,12.500000
2039195,"McDonald Subdivision",3563,233,"16T","16T2H6S2Q",3,2023-01-07 14:35:32.0830000,0,0,37944,2026-08-31 16:06:43.0170000,41.456160,-84.563280
2151942,"Murata",3043,205,"33T","33T2H1S1Q",3,2026-08-31 16:06:51.6970000,0,0,2104,2026-08-31 16:06:53.9400000,43.920150,12.451460
2037758,"Sears Corners",3562,233,"18T","18T2H6S1Q",1,2026-07-31 02:36:15.7300000,24323,5925,0,2026-08-31 16:06:56.9300000,41.428710,-73.577350
2508351,"Kugushevka",2657,192,"38U","38U2H2S1Q",1,2026-08-31 16:08:30.3130000,1200,0,0,2026-08-31 16:08:30.3130000,51.800000,44.150000
2411003,"Prussberg",715,57,"32U","32U2H6S1Q",3,2019-08-10 17:21:41.0200000,0,0,97818,2026-08-31 16:08:33.2570000,49.916670,10.450000
2289925,"Nagyteteny",1217,100,"34T","34T1H1S1Q",2,2026-05-16 19:24:30.0600000,0,67880,0,2026-08-31 16:08:33.8470000,47.395270,18.985660
2508353,"Teplovka",2657,192,"38U","38U2H2S2Q",1,2026-08-31 16:08:55.8570000,1200,0,0,2026-08-31 16:08:55.8570000,51.800000,45.250000
197435,"Senka",3817,248,"36L","36L1H2S3Q",2,2026-08-31 16:09:38.5170000,0,838,0,2026-08-31 16:09:38.5170000,-9.116670,32.083330
197434,"Benjamin",3817,248,"36L","36L1H2S3Q",2,2026-08-31 16:09:41.8400000,0,984,0,2026-08-31 16:09:41.8400000,-9.116670,32.066670
197433,"Chela",3817,248,"36L","36L1H2S3Q",2,2026-08-31 16:09:45.3200000,0,984,0,2026-08-31 16:09:45.3200000,-9.116670,32.050000
197682,"Nkonye",3817,248,"36L","36L1H2S3Q",2,2026-08-31 16:09:48.8370000,0,984,0,2026-08-31 16:09:48.8370000,-9.100000,32.033330
197432,"Ntenga",3817,248,"36L","36L1H2S3Q",2,2026-08-31 16:09:52.2370000,0,984,0,2026-08-31 16:09:52.2370000,-9.116670,32.016670
196955,"Mbokoshi",3817,248,"36L","36L1H2S3Q",2,2026-08-31 16:09:55.7900000,0,984,0,2026-08-31 16:09:55.7900000,-9.150000,32.000000
2548158,"Pausin",713,57,"33U","33U1H4S4Q",2,2025-05-21 11:06:46.1670000,0,642207,0,2026-08-31 16:14:28.2130000,52.638900,13.042320
2159885,"Ruffio",1379,110,"33T","33T1H4S3Q",3,2026-08-31 16:05:11.1470000,0,0,6626,2026-08-31 16:16:07.6330000,44.141750,12.305630
2644086,"Khrustali",2684,192,"37U","37U1H1S3Q",2,2026-08-31 16:16:43.7370000,0,1109,0,2026-08-31 16:16:43.7370000,54.926010,36.480800
2643599,"Starosel'ye",2684,192,"37U","37U1H1S3Q",2,2026-08-31 16:16:50.2070000,0,1105,0,2026-08-31 16:16:50.2070000,54.912190,36.436800
2643029,"Kozlovo",2684,192,"37U","37U1H1S3Q",2,2026-08-31 16:16:57.1870000,0,1103,0,2026-08-31 16:16:57.1870000,54.894590,36.431210
2642552,"Ivanovskoye",2684,192,"37U","37U1H1S3Q",2,2026-08-31 16:17:04.6370000,0,1101,0,2026-08-31 16:17:04.6370000,54.882990,36.432300
2642187,"Krasnyy Oktyabr'",2684,192,"37U","37U1H1S3Q",2,2026-08-31 16:17:11.0330000,0,1003,0,2026-08-31 16:17:11.0330000,54.866670,36.466670
2643981,"Yerdenevo",2684,192,"37U","37U1H1S3Q",2,2026-08-31 16:17:18.9830000,0,1107,0,2026-08-31 16:17:18.9830000,54.920340,36.448790
2644061,"Poselok Yerdenevo",2684,192,"37U","37U1H1S3Q",2,2026-08-31 16:17:27.6270000,0,1103,0,2026-08-31 16:17:27.6270000,54.924630,36.386980
2643574,"Golovteyevo",2684,192,"37U","37U1H1S3Q",2,2026-08-31 16:17:34.1770000,0,1101,0,2026-08-31 16:17:34.1770000,54.910700,36.357690
2536100,"Bos en Lommer",2269,167,"31U","31U1H6S3Q",1,2015-06-28 14:10:50.5230000,1382548,0,0,2026-08-31 16:17:55.6330000,52.379480,4.847550
2296851,"Gschwend",129,12,"32T","32T1H2S2Q",3,2024-10-10 08:49:09.1430000,0,0,20788,2026-08-31 16:18:28.2330000,47.536390,9.804720
1974237,"Ruth",3567,233,"10T","10T2H5S3Q",2,2026-08-31 16:19:09.6230000,0,841,0,2026-08-31 16:19:09.6230000,40.269590,-123.321410
1594892,"Ocean Isle Beach",3545,233,"17S","17S2H6S2Q",3,2014-07-20 22:05:02.4670000,5270,0,1818107,2026-08-31 16:20:33.0830000,33.894340,-78.426670
2113003,"Milwaukee",3566,233,"16T","16T2H2S1Q",3,2026-08-09 20:21:50.6570000,25500,0,1184342,2026-08-31 16:20:34.0870000,43.038900,-87.906470
2278650,"Mayrhofen",130,12,"32T","32T1H3S2Q",3,2024-10-12 04:36:59.1670000,0,77877,744866,2026-08-31 16:20:34.1400000,47.166670,11.866670
2502651,"Plein",2270,167,"31U","31U2H3S2Q",3,2019-02-24 20:40:18.3030000,2073109,0,6166340,2026-08-31 16:20:35.3230000,51.680000,5.422220
197212,"Kaongela",3817,248,"36L","36L1H1S4Q",2,2026-08-31 16:24:50.3930000,0,984,0,2026-08-31 16:24:50.3930000,-9.133330,31.983330
198127,"Mambwe",3817,248,"36L","36L1H2S3Q",2,2026-08-31 16:24:55.0700000,0,984,0,2026-08-31 16:24:55.0700000,-9.066670,32.016670
197910,"Sikalembe",3817,248,"36L","36L1H1S4Q",2,2026-08-31 16:24:58.3800000,0,741,0,2026-08-31 16:24:58.3800000,-9.083330,31.966670
197681,"Tuseko",3817,248,"36L","36L1H1S4Q",2,2026-08-31 16:25:02.1500000,0,741,0,2026-08-31 16:25:02.1500000,-9.100000,31.950000
197431,"Vumbu",3817,248,"36L","36L1H1S4Q",2,2026-08-31 16:25:06.1500000,0,984,0,2026-08-31 16:25:06.1500000,-9.116670,31.950000
2508357,"Khutor Trenk",2657,192,"38U","38U2H3S2Q",1,2026-08-31 16:32:08.5670000,1200,0,0,2026-08-31 16:32:08.5670000,51.800000,47.266670
2508358,"Sukhaya-Mayanga",2657,192,"38U","38U2H3S2Q",1,2026-08-31 16:32:12.6300000,1200,0,0,2026-08-31 16:32:12.6300000,51.800000,47.500000
2508360,"Vetka",2657,192,"39U","39U2H1S1Q",1,2026-08-31 16:32:17.1730000,1200,0,0,2026-08-31 16:32:17.1730000,51.800000,48.150000
2508363,"Razdol'noye",2657,192,"39U","39U2H1S1Q",1,2026-08-31 16:32:22.2700000,1200,0,0,2026-08-31 16:32:22.2700000,51.800000,48.900000
2508364,"Bogdanovka",2657,192,"39U","39U2H2S1Q",1,2026-08-31 16:32:26.3230000,1200,0,0,2026-08-31 16:32:26.3230000,51.800000,50.466670
2508365,"Kurlin",2665,192,"39U","39U2H2S1Q",1,2026-08-31 16:32:28.5130000,1200,0,0,2026-08-31 16:32:28.5130000,51.800000,50.966670
2508366,"Chapayevsk",2665,192,"39U","39U2H2S2Q",1,2026-08-31 16:32:31.4600000,1200,0,0,2026-08-31 16:32:31.4600000,51.800000,51.483330
2508367,"Stolnikov",2665,192,"39U","39U2H3S1Q",1,2026-08-31 16:32:37.9400000,1200,0,0,2026-08-31 16:32:37.9400000,51.800000,52.216670
2135126,"Kacak",1863,141,"34T","34T2H1S2Q",2,2026-08-31 16:33:17.7400000,0,1200,0,2026-08-31 16:33:17.7400000,43.482220,19.150280
2134932,"Cardak",1863,141,"34T","34T2H1S2Q",2,2026-08-31 16:33:20.6800000,0,1065,0,2026-08-31 16:33:20.6800000,43.474440,19.146670
2289385,"Gyokerpuszta",1217,100,"34T","34T1H1S1Q",2,2026-05-16 19:24:27.3630000,5780,54828,0,2026-08-31 16:33:23.7830000,47.383330,18.983330
2135604,"Brekinja",1863,141,"34T","34T2H1S2Q",2,2026-08-31 16:33:23.7970000,0,1065,0,2026-08-31 16:33:23.7970000,43.488330,19.134170
2135694,"Bajovina",1863,141,"34T","34T2H1S2Q",2,2026-08-31 16:33:25.7370000,0,1065,0,2026-08-31 16:33:25.7370000,43.491390,19.143060
2135804,"Tupan",1875,141,"34T","34T2H1S2Q",2,2026-08-31 16:33:29.3730000,0,1200,0,2026-08-31 16:33:29.3730000,43.495280,19.140280
2135867,"Ulica",1875,141,"34T","34T2H1S2Q",2,2026-08-31 16:33:32.0330000,0,1200,0,2026-08-31 16:33:32.0330000,43.496940,19.128890
2135649,"Citluk",1875,141,"34T","34T2H1S2Q",2,2026-08-31 16:33:34.3670000,0,1065,0,2026-08-31 16:33:34.3670000,43.489720,19.119170
2135526,"Durovici",1863,141,"34T","34T2H1S2Q",2,2026-08-31 16:33:36.7700000,0,1200,0,2026-08-31 16:33:36.7700000,43.485830,19.124720
2530375,"Wygledy",2440,180,"34U","34U1H5S3Q",1,2026-08-24 20:29:37.2230000,8292,300,0,2026-08-31 16:34:32.4830000,52.259860,20.700990
2457943,"Moortebeek",256,20,"31U","31U2H3S3Q",1,2026-08-29 13:59:00.1830000,133118,1200,0,2026-08-31 16:36:24.7530000,50.845540,4.286180
2503503,"Hampden Row",979,77,"30U","30U2H3S2Q",1,2015-08-07 22:55:14.0200000,1661704,0,0,2026-08-31 16:36:59.7730000,51.700000,-0.766670
2296314,"Unterhirschberg",129,12,"32T","32T1H2S2Q",3,2024-10-10 09:12:25.2370000,0,0,20788,2026-08-31 16:37:03.0100000,47.530830,9.823330
2160459,"Macerone",1379,110,"33T","33T1H4S3Q",3,2026-08-31 16:37:35.9000000,0,0,1102,2026-08-31 16:37:35.9000000,44.156350,12.330180
2153249,"Fiorina",3042,205,"33T","33T2H1S1Q",3,2026-08-31 16:38:12.0400000,0,0,2164,2026-08-31 16:38:15.0230000,43.957980,12.476860
2565284,"Stanton",979,77,"30U","30U1H6S3Q",2,2024-10-08 09:40:22.1270000,0,1048613,0,2026-08-31 16:38:17.5970000,53.000000,-1.816670
1862396,"Essex South",3542,233,"18S","18S1H1S4Q",3,2026-08-31 16:38:20.5930000,0,0,1746,2026-08-31 16:38:20.5930000,38.257070,-76.460230
1862975,"Lexington Park",3542,233,"18S","18S1H1S4Q",3,2026-08-31 16:38:24.2200000,0,0,1014,2026-08-31 16:38:24.2200000,38.266790,-76.453840
1863227,"Spring Valley",3542,233,"18S","18S1H1S4Q",3,2026-08-31 16:38:28.1570000,0,0,1185,2026-08-31 16:38:28.1570000,38.272350,-76.466340
1862725,"Friendly Pines",3542,233,"18S","18S1H1S4Q",3,2026-08-31 16:38:33.9930000,0,0,1754,2026-08-31 16:38:33.9930000,38.264570,-76.491340
1862705,"Patuxent Park",3542,233,"18S","18S1H1S4Q",3,2026-08-31 16:38:46.8900000,776,0,1187,2026-08-31 16:38:46.8900000,38.264010,-76.464400
197430,"Mayimba",3817,248,"36L","36L1H1S4Q",2,2026-08-31 16:39:48.5670000,0,741,0,2026-08-31 16:39:48.5670000,-9.116670,31.916670
197211,"Mutitinya",3817,248,"36L","36L1H1S4Q",2,2026-08-31 16:39:51.8700000,0,741,0,2026-08-31 16:39:51.8700000,-9.133330,31.900000
198126,"Kakopo",3817,248,"36L","36L1H1S4Q",2,2026-08-31 16:39:55.1230000,0,741,0,2026-08-31 16:39:55.1230000,-9.066670,31.933330
198537,"Mwene Chileshe",3817,248,"36L","36L1H1S4Q",2,2026-08-31 16:39:58.4500000,0,741,0,2026-08-31 16:39:58.4500000,-9.033330,31.883330
198341,"Samson",3817,248,"36L","36L1H1S4Q",2,2026-08-31 16:40:02.2130000,0,741,0,2026-08-31 16:40:02.2130000,-9.050000,31.866670
1563219,"Greenwood",3539,233,"16S","16S2H6S2Q",3,2013-07-20 22:40:42.1070000,0,0,22595818,2026-08-31 16:42:29.5600000,33.392890,-84.168810
2206152,"Leini",1372,110,"32T","32T1H4S2Q",2,2015-06-10 17:25:05.9330000,1800,936272,1800,2026-08-31 16:42:54.1270000,45.182750,7.714220
2499312,"Llanbradach",976,77,"30U","30U2H2S1Q",3,2016-02-28 09:22:48.6730000,0,0,1060916,2026-08-31 16:45:07.5000000,51.606390,-3.230280
2673183,"Bogorodskoye",2670,192,"37U","37U1H1S2Q",2,2022-10-23 05:45:57.8070000,0,3489793,0,2026-08-31 16:45:12.3530000,55.813530,37.716170
1619896,"Granada Hills",3567,233,"11S","11S2H1S4Q",1,2026-08-30 22:19:40.6430000,2819,0,0,2026-08-31 16:45:22.0370000,34.264720,-118.523140
1605437,"Malibu Vista",3567,233,"11S","11S2H1S4Q",1,2026-08-21 05:14:38.2570000,2760,0,0,2026-08-31 16:45:39.3500000,34.047780,-118.774260
1603038,"Mahou Riviera",3567,233,"11S","11S2H1S4Q",1,2026-06-13 23:38:32.9900000,2917,0,0,2026-08-31 16:45:44.0900000,34.013340,-118.806480
1602442,"Malibu",3567,233,"11S","11S2H1S4Q",1,2026-06-13 23:38:28.9630000,2866,0,0,2026-08-31 16:45:46.9600000,34.005010,-118.810090
1604308,"Trancas",3567,233,"11S","11S2H1S4Q",1,2026-06-14 18:48:49.7300000,2335,0,0,2026-08-31 16:45:51.2400000,34.031120,-118.843150
1604782,"Malibu West",3567,233,"11S","11S2H1S4Q",1,2026-06-14 18:48:54.0700000,2332,0,0,2026-08-31 16:45:56.6870000,34.037230,-118.842310
1611277,"Agoura Hills",3567,233,"11S","11S2H1S4Q",1,2026-06-14 00:33:02.6170000,2841,0,0,2026-08-31 16:46:03.9570000,34.136390,-118.774530
2051948,"Leigh",3559,233,"14T","14T2H6S1Q",3,2016-11-07 21:24:08.1900000,0,14100,312334,2026-08-31 16:46:54.3800000,41.705290,-97.238100
2153696,"Serravalle",3042,205,"33T","33T2H1S1Q",3,2026-08-31 16:47:26.4030000,0,0,2209,2026-08-31 16:47:28.4400000,43.969280,12.480210
2574355,"Poselok Shmidta",2658,192,"39U","39U1H5S1Q",3,2026-06-08 19:24:01.7830000,0,0,1540604,2026-08-31 16:47:33.1530000,53.181380,50.110040
2166566,"Mezzeno",1379,110,"32T","32T1H6S4Q",3,2026-08-31 16:47:36.9770000,0,0,1079,2026-08-31 16:47:36.9770000,44.319980,11.918020
1863538,"Greenview Knolls",3542,233,"18S","18S1H1S4Q",3,2026-08-31 16:48:05.5400000,1227,0,2229,2026-08-31 16:48:05.5400000,38.280130,-76.490790
1861403,"Great Mills",3542,233,"18S","18S1H1S4Q",3,2026-08-31 16:48:09.8600000,0,0,1141,2026-08-31 16:48:09.8600000,38.236790,-76.497180
1855468,"Saint George Island",3542,233,"18S","18S1H1S4Q",3,2026-08-31 16:48:43.6500000,0,0,1135,2026-08-31 16:48:43.6500000,38.120130,-76.483560
1252153,"Casa Bonita Colonia",3549,233,"14R","14R2H2S4Q",3,2026-08-25 04:23:00.9030000,0,0,2689,2026-08-31 16:49:20.4470000,26.211460,-98.247240
1252089,"Kane",3549,233,"14R","14R2H2S4Q",3,2026-08-25 04:23:17.9500000,0,0,2674,2026-08-31 16:49:26.6430000,26.209240,-98.266960
1252147,"Sharyland",3549,233,"14R","14R2H2S4Q",3,2026-08-31 16:49:33.8570000,0,0,2988,2026-08-31 16:49:41.9470000,26.211180,-98.288070
1752087,"Sandy",3548,233,"17S","17S1H5S3Q",3,2020-09-28 22:49:35.8900000,0,0,140430,2026-08-31 16:50:20.1470000,36.396790,-81.789840
2551421,"Wronki",2451,180,"33U","33U1H6S3Q",3,2025-12-14 18:43:48.8970000,0,0,120809,2026-08-31 16:50:29.1300000,52.710510,16.380440
1987700,"Omega",3568,233,"13T","13T2H5S3Q",2,2022-02-02 06:43:29.3330000,0,2110212,0,2026-08-31 16:51:05.7930000,40.539700,-105.080530
1988481,"Drakes",3568,233,"13T","13T2H5S3Q",2,2021-06-07 20:50:52.0770000,0,4587953,0,2026-08-31 16:51:10.4770000,40.554150,-105.079980
1990224,"Fort Collins",3568,233,"13T","13T2H5S3Q",2,2021-10-24 00:47:18.7000000,0,1136460,0,2026-08-31 16:51:14.6100000,40.585260,-105.084420
1990478,"Buckingham",3568,233,"13T","13T2H5S3Q",2,2021-11-25 06:36:10.2130000,0,1092806,0,2026-08-31 16:51:21.2930000,40.590540,-105.066090
1990640,"Andersonville",3568,233,"13T","13T2H5S3Q",2,2021-12-04 20:13:22.5830000,0,840582,0,2026-08-31 16:51:25.2070000,40.593870,-105.057200
1990733,"Black Hollow Junction",3568,233,"13T","13T2H5S3Q",2,2021-12-18 06:24:52.0370000,0,611131,0,2026-08-31 16:51:29.4870000,40.596090,-105.029420
1989729,"Arrowhead",3568,233,"13T","13T2H5S3Q",2,2022-02-09 07:07:28.2900000,0,767637,0,2026-08-31 16:51:36.2600000,40.579150,-105.024420
2791752,"Kruununhaka",927,70,"35V","35V1H4S3Q",1,2010-01-01 00:00:00.0000000,1000859,0,0,2026-08-31 16:52:13.5130000,60.173610,24.956390
2791709,"Kamppi",927,70,"35V","35V1H4S3Q",1,2010-01-01 00:00:00.0000000,1059287,0,0,2026-08-31 16:52:24.0630000,60.167450,24.930980
1251507,"Leslie Colonia",3549,233,"14R","14R2H2S4Q",3,2026-08-31 16:49:52.0530000,0,0,5867,2026-08-31 16:52:29.7700000,26.193410,-98.283350
2290137,"Obererlinsbach",510,43,"32T","32T1H2S1Q",3,2022-12-31 18:20:52.2370000,0,0,9805563,2026-08-31 16:52:31.2770000,47.400000,8.000000
2791429,"Jaetkaesaari",927,70,"35V","35V1H4S3Q",1,2018-11-20 12:57:08.4600000,1299436,0,0,2026-08-31 16:52:44.9030000,60.158570,24.916910
2796158,"Laurinmaki",927,70,"35V","35V1H4S3Q",1,2026-08-30 16:28:01.8970000,11913,0,0,2026-08-31 16:53:26.9230000,60.433610,24.972500
2795940,"Koulunkulma",927,70,"35V","35V1H4S3Q",1,2023-03-01 20:53:17.1400000,30303,0,0,2026-08-31 16:53:44.3000000,60.428890,24.887780
2316388,"Pinehurst",3578,233,"10T","10T1H2S2Q",2,2014-11-18 04:26:50.4600000,0,1554385,0,2026-08-31 16:53:48.4800000,47.935930,-122.205690
198739,"Chitulikwa",3817,248,"36L","36L1H1S4Q",2,2026-08-31 16:54:56.1030000,0,741,0,2026-08-31 16:54:56.1030000,-9.016670,31.883330
198929,"Tungwele",3817,248,"36L","36L1H1S4Q",2,2026-08-31 16:54:59.2200000,0,741,0,2026-08-31 16:54:59.2200000,-9.000000,31.850000
198536,"Machili",3817,248,"36L","36L1H1S4Q",2,2026-08-31 16:55:02.6430000,0,741,0,2026-08-31 16:55:02.6430000,-9.033330,31.800000
197429,"Sampatika",3817,248,"36L","36L1H1S4Q",2,2026-08-31 16:55:06.1670000,0,741,0,2026-08-31 16:55:06.1670000,-9.116670,31.833330
197428,"Chikusela",3817,248,"36L","36L1H1S4Q",2,2026-08-31 16:55:09.6230000,0,741,0,2026-08-31 16:55:09.6230000,-9.116670,31.783330
2675247,"Medvedkovo",2670,192,"37U","37U1H1S2Q",2,2022-11-14 11:11:03.2000000,0,1616397,0,2026-08-31 16:55:13.5800000,55.872020,37.654050
2675661,"Yurlovo",2670,192,"37U","37U1H1S2Q",2,2022-11-01 04:21:35.0230000,0,1548115,0,2026-08-31 16:55:19.3230000,55.883330,37.616670
2675660,"Bibirevo",2670,192,"37U","37U1H1S2Q",2,2022-11-15 19:17:28.5570000,0,1426685,0,2026-08-31 16:55:27.7170000,55.883330,37.600000
2508368,"Kirillovka",2665,192,"39U","39U2H3S2Q",1,2026-08-31 16:55:28.0300000,1200,0,0,2026-08-31 16:55:28.0300000,51.800000,53.133330
2508369,"Dubki",2665,192,"40U","40U2H1S1Q",1,2026-08-31 16:55:33.8100000,1200,0,0,2026-08-31 16:55:33.8100000,51.800000,54.566670
2508370,"Stepnoy",2665,192,"40U","40U2H1S2Q",1,2026-08-31 16:55:37.6170000,1200,0,0,2026-08-31 16:55:37.6170000,51.800000,55.900000
2676397,"Dolgoprudnyy",2670,192,"37U","37U1H1S2Q",2,2022-10-31 13:12:34.7570000,0,1339898,0,2026-08-31 16:55:40.6200000,55.904110,37.560640
2508371,"Nekhoroshev",2665,192,"40U","40U2H2S1Q",1,2026-08-31 16:55:41.3600000,1200,0,0,2026-08-31 16:55:41.3600000,51.800000,56.433330
2508372,"Gryzlovka",2665,192,"40U","40U2H2S1Q",1,2026-08-31 16:55:52.6900000,1200,0,0,2026-08-31 16:55:52.6900000,51.800000,56.616670
2508373,"Alekseyevskiy",2696,192,"40U","40U2H2S2Q",1,2026-08-31 16:55:56.2270000,1200,0,0,2026-08-31 16:55:56.2270000,51.800000,57.283330
2508374,"Yanaul",2696,192,"40U","40U2H2S2Q",1,2026-08-31 16:56:05.9230000,1200,0,0,2026-08-31 16:56:05.9230000,51.800000,57.316670
2508375,"Ishkil'dinskiy",2665,192,"40U","40U2H2S2Q",1,2026-08-31 16:56:09.4730000,1200,0,0,2026-08-31 16:56:09.4730000,51.800000,57.883330
2296304,"Hegisberg",129,12,"32T","32T1H2S2Q",3,2025-08-27 03:51:27.6000000,0,0,20457,2026-08-31 16:57:04.2070000,47.530560,9.838330
2278079,"Oberweg",131,12,"33T","33T1H2S1Q",1,2019-02-03 21:09:25.8170000,18046090,0,0,2026-08-31 16:58:04.5630000,47.150000,14.633330
2677623,"Tekstil'shchik",2671,192,"37U","37U1H1S2Q",2,2024-06-30 05:25:01.5770000,0,825393,0,2026-08-31 16:58:40.0130000,55.940830,37.844720
1972741,"Payne",3567,233,"10T","10T2H5S3Q",2,2026-08-31 16:58:48.0470000,0,843,0,2026-08-31 16:58:48.0470000,40.242930,-123.092800
2678208,"Tarasovka",2671,192,"37U","37U1H1S2Q",2,2024-03-11 12:57:23.3830000,0,796193,0,2026-08-31 16:58:50.0270000,55.957220,37.843330
2508386,"Ozerki",2715,192,"44U","44U2H3S1Q",1,2026-08-31 16:59:46.5970000,1200,0,0,2026-08-31 16:59:46.5970000,51.800000,82.400000
2508387,"Verkh-Kamyshinka",2715,192,"44U","44U2H3S2Q",1,2026-08-31 16:59:49.4570000,1200,0,0,2026-08-31 16:59:49.4570000,51.800000,83.100000
1363240,"Williston Highlands",3538,233,"17R","17R1H4S2Q",1,2025-11-04 11:58:16.0300000,120266,0,0,2026-08-31 17:00:00.2530000,29.333710,-82.535720
2518591,"Nowy Bucz",2451,180,"33U","33U1H6S3Q",2,2026-08-31 14:32:45.3970000,0,103750,0,2026-08-31 17:00:52.8770000,52.021910,16.386680
1251475,"Meadow Creek Country Club Colonia",3549,233,"14R","14R2H2S4Q",3,2026-08-31 17:01:41.6500000,0,0,4655,2026-08-31 17:01:51.3170000,26.192300,-98.352240
57639,"Mahariva",1880,143,"38K","38K2H6S2Q",2,2026-08-31 17:02:50.7830000,0,938,0,2026-08-31 17:02:50.7870000,-22.866670,47.650000
57772,"Anaviavy",1880,143,"38K","38K2H6S2Q",2,2026-08-31 17:02:54.3730000,0,938,0,2026-08-31 17:02:54.3730000,-22.850000,47.650000
58019,"Sahafatra",1880,143,"38K","38K2H6S2Q",2,2026-08-31 17:02:57.8270000,0,938,0,2026-08-31 17:02:57.8270000,-22.816670,47.633330
57905,"Andrazaha",1880,143,"38K","38K2H6S2Q",2,2026-08-31 17:03:03.0170000,0,938,0,2026-08-31 17:03:03.0170000,-22.833330,47.633330
2122886,"Muskegon",3557,233,"16T","16T2H2S2Q",1,2021-11-25 23:09:06.0500000,2950299,0,0,2026-08-31 17:03:03.8700000,43.234180,-86.248390
57462,"Bedinga",1880,143,"38K","38K2H6S2Q",2,2026-08-31 17:03:09.1970000,0,938,0,2026-08-31 17:03:09.1970000,-22.883330,47.633330
58162,"Tsararano",1880,143,"38K","38K2H6S2Q",2,2026-08-31 17:03:12.3770000,0,478,0,2026-08-31 17:03:12.3770000,-22.800000,47.700000
58437,"Vohibanona",1880,143,"38K","38K2H6S2Q",2,2026-08-31 17:03:15.9800000,0,1163,0,2026-08-31 17:03:15.9800000,-22.766670,47.716670
58557,"Iandray",1880,143,"38K","38K2H6S2Q",2,2026-08-31 17:03:21.1430000,0,1163,0,2026-08-31 17:03:21.1430000,-22.750000,47.716670
1990362,"Sinnard",3568,233,"13T","13T2H5S3Q",2,2022-01-07 01:58:13.0330000,0,499990,0,2026-08-31 17:05:00.6700000,40.588320,-105.003310
1364601,"Kerr City",3538,233,"17R","17R1H5S1Q",3,2016-06-03 21:23:58.3430000,49787,0,2958662,2026-08-31 17:07:42.5870000,29.370250,-81.783140
1956452,"Hanford",3563,233,"17S","17S1H1S2Q",3,2024-08-13 22:12:33.2930000,66412,0,485475,2026-08-31 17:07:43.6100000,39.951450,-82.947960
1957554,"Bexley",3563,233,"17S","17S1H1S2Q",3,2021-11-09 17:35:12.8230000,58928,0,475848,2026-08-31 17:07:44.6400000,39.968950,-82.937680
1992171,"Lawrenceville",3550,233,"17T","17T2H5S4Q",3,2023-01-09 10:11:34.8470000,0,300,16710722,2026-08-31 17:07:45.6770000,40.617560,-80.543680
1995523,"Mountainside",3561,233,"18T","18T2H5S4Q",3,2013-08-25 22:11:17.0330000,0,0,157338,2026-08-31 17:07:46.7070000,40.672320,-74.357370
2508388,"Tavda",2713,192,"45U","45U2H1S2Q",1,2026-08-31 17:08:16.2600000,1200,0,0,2026-08-31 17:08:16.2600000,51.800000,85.733330
2508389,"Nizhniy Saydys",2713,192,"45U","45U2H2S1Q",1,2026-08-31 17:08:19.5700000,1200,0,0,2026-08-31 17:08:19.5700000,51.800000,86.133330
2508390,"Arbochak",2713,192,"45U","45U2H2S1Q",1,2026-08-31 17:08:24.1600000,1200,0,0,2026-08-31 17:08:24.1600000,51.800000,86.616670
1997226,"Springfield",3561,233,"18T","18T2H5S4Q",1,2016-08-06 15:49:58.3130000,466081,917,35167,2026-08-31 17:09:44.4770000,40.699320,-74.325930
196954,"Mbalasa",3817,248,"36L","36L1H1S4Q",2,2026-08-31 17:10:11.7200000,0,891,0,2026-08-31 17:10:11.7200000,-9.150000,31.750000
197680,"Chimula",3817,248,"36L","36L1H1S4Q",2,2026-08-31 17:10:15.0270000,0,891,0,2026-08-31 17:10:15.0270000,-9.100000,31.700000
197427,"Mwanaboyi",3817,248,"36L","36L1H1S4Q",2,2026-08-31 17:10:18.6030000,0,891,0,2026-08-31 17:10:18.6030000,-9.116670,31.733330
198340,"Wangala",3817,248,"36L","36L1H1S4Q",2,2026-08-31 17:10:23.7630000,0,741,0,2026-08-31 17:10:23.7630000,-9.050000,31.733330
198125,"Chipanta",3817,248,"36L","36L1H1S4Q",2,2026-08-31 17:10:28.4370000,0,891,0,2026-08-31 17:10:28.4370000,-9.066670,31.683330
2448263,"La Prealle",255,20,"31U","31U2H3S4Q",1,2023-08-13 23:27:05.3800000,102057,0,0,2026-08-31 17:13:24.5330000,50.669860,5.612930
853083,"Ban Khlong Sip Et Hok Wa",3203,218,"47P","47P1H6S1Q",1,2026-02-14 13:42:43.3970000,1104537,0,0,2026-08-31 17:14:06.9330000,13.970170,100.843170
854278,"Ban Khlong Soi Thi Sip Et",3203,218,"47P","47P1H6S1Q",1,2026-03-24 09:08:06.3730000,1267002,0,0,2026-08-31 17:14:07.5270000,13.994560,100.843360
864499,"Ban Lam Sai",3195,218,"47P","47P1H3S3Q",1,2026-08-15 05:29:32.0170000,185900,0,0,2026-08-31 17:14:07.5270000,14.200000,100.650000
853481,"Ban Khlong Sip Si",3213,218,"47P","47P1H6S1Q",2,2026-04-26 14:46:48.1130000,0,1261527,0,2026-08-31 17:14:36.5330000,13.981360,100.914500
864494,"Ban Wat Bot",3195,218,"47P","47P1H3S3Q",2,2026-03-07 04:06:11.9500000,0,973477,0,2026-08-31 17:14:36.9430000,14.200000,100.533330
853212,"Ban Pak Khlong Sip Hok",3213,218,"47P","47P1H6S1Q",2,2026-04-27 09:37:10.3900000,0,1556370,0,2026-08-31 17:14:37.3900000,13.973780,100.959810
866523,"Ban Bo Ta Lo (3)",3195,218,"47P","47P1H3S3Q",2,2026-06-10 12:34:45.8330000,0,628289,0,2026-08-31 17:14:37.6330000,14.250000,100.700000
2307182,"Grand Marais",3558,233,"15T","15T1H3S2Q",3,2026-08-31 17:15:45.5930000,0,0,998,2026-08-31 17:15:45.5930000,47.750450,-90.334270
2409298,"Nova Ves",698,56,"33U","33U2H5S2Q",1,2018-11-16 16:25:06.0370000,27519,0,0,2026-08-31 17:16:46.1230000,49.882600,15.035690
2043661,"South Haven",3555,233,"16T","16T2H5S1Q",3,2025-03-17 06:01:18.4330000,0,0,522318,2026-08-31 17:17:39.2670000,41.544010,-87.136590
2818727,"Vaasa",929,70,"34V","34V1H2S2Q",1,2026-08-31 12:01:42.5130000,11191,0,0,2026-08-31 17:18:12.5930000,63.096000,21.615770
2795888,"Palojoki",927,70,"35V","35V1H4S3Q",1,2021-12-05 19:04:40.9830000,44445,0,0,2026-08-31 17:18:19.5300000,60.421820,24.868070
2795616,"Braendoe",162,15,"34V","34V1H5S4Q",3,2026-08-31 17:19:29.7400000,0,0,14414,2026-08-31 17:19:36.6730000,60.411650,21.045340
2796069,"Bjornholma",162,15,"34V","34V1H5S4Q",1,2019-12-08 18:41:59.8070000,14881,0,1200,2026-08-31 17:19:47.3430000,60.433330,21.033330
2792226,"Seglinge",162,15,"34V","34V1H5S3Q",1,2019-12-08 15:28:04.7270000,18961,0,2341,2026-08-31 17:22:44.1000000,60.200000,20.700000
1616253,"Winnetka",3567,233,"11S","11S2H1S4Q",1,2026-08-31 17:23:30.0970000,1294,0,0,2026-08-31 17:23:30.0970000,34.213340,-118.572030
1612808,"Hidden Hills",3567,233,"11S","11S2H1S4Q",1,2026-08-31 17:23:45.8700000,1109,0,0,2026-08-31 17:23:45.8700000,34.160280,-118.652310
1604415,"Malibu Beach",3567,233,"11S","11S2H1S4Q",1,2026-08-31 17:23:53.1400000,1281,0,0,2026-08-31 17:23:53.1400000,34.032790,-118.688420
1604783,"Las Flores",3567,233,"11S","11S2H1S4Q",1,2026-08-31 17:24:01.0200000,1107,0,0,2026-08-31 17:24:01.0200000,34.037230,-118.635920
1607671,"Monte Nido",3567,233,"11S","11S2H1S4Q",1,2026-08-28 15:22:53.6530000,2087,0,0,2026-08-31 17:24:11.5100000,34.080840,-118.687030
1610904,"Calabasas Highlands",3567,233,"11S","11S2H1S4Q",1,2026-08-30 22:20:36.6370000,2862,0,0,2026-08-31 17:24:33.1830000,34.130840,-118.645360
1609471,"Topanga Park",3567,233,"11S","11S2H1S4Q",1,2026-08-30 22:20:48.5730000,2837,0,0,2026-08-31 17:24:36.6600000,34.107510,-118.629250
1610539,"Glenview",3567,233,"11S","11S2H1S4Q",1,2026-08-30 22:20:27.0030000,2837,0,0,2026-08-31 17:24:42.0370000,34.124450,-118.601470
1610935,"Santa Maria",3567,233,"11S","11S2H1S4Q",1,2026-08-30 22:20:15.2300000,2836,0,0,2026-08-31 17:24:48.7700000,34.131400,-118.574530
1609919,"Sylvia Park",3567,233,"11S","11S2H1S4Q",1,2026-08-28 15:23:08.0170000,2536,0,0,2026-08-31 17:24:54.8300000,34.115010,-118.581750
1609062,"Topanga Oaks",3567,233,"11S","11S2H1S4Q",1,2026-08-30 22:20:58.7700000,2833,0,0,2026-08-31 17:24:58.1770000,34.101120,-118.590360
1608241,"Topanga",3567,233,"11S","11S2H1S4Q",1,2026-08-30 22:21:07.5370000,2974,0,0,2026-08-31 17:25:02.1570000,34.089270,-118.604360
198535,"Chipiya",3817,248,"36L","36L1H1S4Q",2,2026-08-31 17:25:18.8570000,0,741,0,2026-08-31 17:25:18.8570000,-9.033330,31.700000
198927,"Matafwali",3817,248,"36L","36L1H1S4Q",2,2026-08-31 17:25:23.5700000,0,891,0,2026-08-31 17:25:23.5700000,-9.000000,31.716670
198928,"Solomon",3817,248,"36L","36L1H1S4Q",2,2026-08-31 17:25:27.2700000,0,891,0,2026-08-31 17:25:27.2700000,-9.000000,31.733330
198738,"Chikoti",3817,248,"36L","36L1H1S4Q",2,2026-08-31 17:25:32.7830000,0,891,0,2026-08-31 17:25:32.7870000,-9.016670,31.666670
198339,"Kazumba",3817,248,"36L","36L1H1S4Q",2,2026-08-31 17:25:36.4730000,0,891,0,2026-08-31 17:25:36.4730000,-9.050000,31.650000
1856749,"Cedar Landing",3542,233,"18S","18S1H1S4Q",3,2026-08-31 17:26:31.3600000,0,0,1134,2026-08-31 17:26:31.3600000,38.146520,-76.467450
1858636,"West Saint Marys",3542,233,"18S","18S1H1S4Q",3,2026-08-31 17:26:36.1130000,0,0,1128,2026-08-31 17:26:36.1130000,38.183180,-76.449950
1858034,"Calloway Landing",3542,233,"18S","18S1H1S4Q",3,2026-08-31 17:26:43.3570000,0,0,1137,2026-08-31 17:26:43.3570000,38.168740,-76.460790
1858352,"Portobello",3542,233,"18S","18S1H1S4Q",3,2026-08-31 17:26:46.6770000,0,0,1012,2026-08-31 17:26:46.6770000,38.175680,-76.453290
1858306,"Carthagena Creek",3542,233,"18S","18S1H1S4Q",3,2026-08-31 17:26:51.7670000,0,0,1129,2026-08-31 17:26:51.7670000,38.174570,-76.469120
1858478,"Drayden",3542,233,"18S","18S1H1S4Q",3,2026-08-31 17:26:55.2530000,0,0,1130,2026-08-31 17:26:55.2530000,38.178740,-76.481620
1856559,"Piney Point",3542,233,"18S","18S1H1S4Q",3,2026-08-31 17:27:08.5700000,0,0,1135,2026-08-31 17:27:08.5700000,38.142350,-76.507450
1856375,"Tolson",3542,233,"18S","18S1H1S4Q",3,2026-08-31 17:27:16.0230000,0,0,1137,2026-08-31 17:27:16.0230000,38.137910,-76.527180
1606678,"Westgate Heights",3567,233,"11S","11S2H1S4Q",3,2016-05-31 21:51:43.9700000,0,0,1035551,2026-08-31 17:27:18.7630000,34.066400,-118.473140
58439,"Ambohipeno",1880,143,"38K","38K2H6S2Q",2,2026-08-31 17:28:07.5170000,0,1162,0,2026-08-31 17:28:07.5170000,-22.766670,47.766670
58440,"Lokandambo",1880,143,"38K","38K2H6S2Q",2,2026-08-31 17:28:10.5470000,0,1161,0,2026-08-31 17:28:10.5470000,-22.766670,47.800000
58441,"Manambotra",1880,143,"38K","38K2H6S2Q",2,2026-08-31 17:28:13.7070000,0,1161,0,2026-08-31 17:28:13.7070000,-22.766670,47.833330
58704,"Amboahangimamy",1880,143,"38K","38K2H6S2Q",2,2026-08-31 17:28:16.6030000,152,300,0,2026-08-31 17:28:16.6030000,-22.733330,47.866670
58703,"Tavia",1880,143,"38K","38K2H6S2Q",2,2026-08-31 17:28:22.4400000,0,1161,0,2026-08-31 17:28:22.4400000,-22.733330,47.833330
58702,"Anosy",1880,143,"38K","38K2H6S2Q",2,2026-08-31 17:28:24.0230000,0,1161,0,2026-08-31 17:28:24.0230000,-22.733330,47.816670
58833,"Tsararafa",1880,143,"38K","38K2H6S2Q",2,2026-08-31 17:28:27.1030000,0,1161,0,2026-08-31 17:28:27.1030000,-22.716670,47.816670
58959,"Anosikely",1880,143,"38K","38K2H6S2Q",2,2026-08-31 17:28:29.9230000,0,1161,0,2026-08-31 17:28:29.9230000,-22.700000,47.850000
2195051,"Holovanivka",3435,230,"36T","36T1H6S3Q",1,2026-08-31 00:23:09.9830000,3254,0,0,2026-08-31 17:29:07.5470000,44.948750,34.620140
2680075,"Whitekirk",977,77,"30V","30V2H5S4Q",3,2025-09-21 21:59:51.0070000,0,0,209669,2026-08-31 17:32:19.6130000,56.016670,-2.650000
2680074,"East Fortune",977,77,"30V","30V2H5S4Q",3,2025-09-20 17:12:42.0200000,0,0,264547,2026-08-31 17:32:30.4600000,56.016670,-2.683330
2681809,"North Berwick",977,77,"30V","30V2H5S4Q",3,2025-09-20 17:12:31.8500000,0,0,431119,2026-08-31 17:32:41.5770000,56.066670,-2.716670
2680626,"Dirleton",977,77,"30V","30V2H5S4Q",3,2025-09-20 17:12:10.8370000,0,300,293408,2026-08-31 17:32:50.2030000,56.033330,-2.766670
2680625,"Gullane",977,77,"30V","30V2H5S4Q",3,2025-09-19 14:45:11.5530000,0,0,192317,2026-08-31 17:32:57.7000000,56.033330,-2.816670
2679540,"Drem",977,77,"30U","30U1H2S2Q",3,2025-09-20 17:12:22.7900000,0,0,171853,2026-08-31 17:33:06.0500000,56.000000,-2.783330
2679539,"Luffness",977,77,"30U","30U1H2S2Q",3,2025-09-19 14:45:19.2530000,0,0,167943,2026-08-31 17:33:12.9230000,56.000000,-2.833330
2679900,"Aberlady",977,77,"30V","30V2H5S4Q",3,2025-09-11 20:29:41.6770000,0,0,210544,2026-08-31 17:33:22.1070000,56.008840,-2.858510
2807428,"Viinikka",3834,70,"34V","34V1H6S2Q",3,2014-01-13 11:09:53.4030000,0,0,2908848,2026-08-31 17:34:24.4800000,61.486990,23.783000
2508391,"Kozlovskiy",2713,192,"45U","45U2H2S1Q",1,2026-08-31 17:35:59.2630000,1200,0,0,2026-08-31 17:35:59.2630000,51.800000,86.750000
2508392,"Verkhnyaya Chelushkara",2713,192,"45U","45U2H2S1Q",1,2026-08-31 17:36:07.0100000,1200,0,0,2026-08-31 17:36:07.0100000,51.800000,86.916670
2508393,"Khopsha",2703,192,"46U","46U2H3S2Q",1,2026-08-31 17:36:10.3170000,1200,0,0,2026-08-31 17:36:10.3170000,51.800000,95.583330
2508396,"Barun-Tarbagatay",2723,192,"49U","49U2H1S2Q",1,2026-08-31 17:36:14.1000000,1200,0,0,2026-08-31 17:36:14.1000000,51.800000,109.216670
2508397,"Khasurta",2723,192,"49U","49U2H1S2Q",1,2026-08-31 17:36:17.6870000,1200,0,0,2026-08-31 17:36:17.6870000,51.800000,109.433330
2508399,"Lukino",2720,192,"50U","50U2H2S2Q",1,2026-08-31 17:36:21.1900000,1200,0,0,2026-08-31 17:36:21.1900000,51.800000,117.116670
2508400,"Daya",2720,192,"50U","50U2H2S2Q",1,2026-08-31 17:36:24.3800000,1200,0,0,2026-08-31 17:36:24.3800000,51.800000,117.450000
2508402,"Kungara",2720,192,"50U","50U2H3S1Q",1,2026-08-31 17:36:27.8400000,1200,0,0,2026-08-31 17:36:27.8400000,51.800000,118.450000
2547345,"Szczepankowo",2451,180,"33U","33U1H6S3Q",3,2026-08-31 13:49:01.2070000,0,0,103365,2026-08-31 17:37:16.2830000,52.621330,16.504680
58556,"Bezavona",1880,143,"38K","38K2H6S2Q",2,2026-08-31 17:37:20.0900000,0,936,0,2026-08-31 17:37:20.0900000,-22.750000,47.700000
58699,"Vohilava",1880,143,"38K","38K2H6S2Q",2,2026-08-31 17:37:24.0930000,0,1162,0,2026-08-31 17:37:24.0930000,-22.733330,47.716670
2640749,"Lopatino",2696,192,"40U","40U1H2S3Q",3,2022-04-01 13:27:18.7700000,0,0,3880586,2026-08-31 17:37:27.1630000,54.825600,56.131300
58832,"Volotara",1880,143,"38K","38K2H6S2Q",2,2026-08-31 17:37:32.5430000,0,936,0,2026-08-31 17:37:32.5430000,-22.716670,47.733330
58957,"Tangainony",1880,143,"38K","38K2H6S2Q",2,2026-08-31 17:37:40.4770000,0,936,0,2026-08-31 17:37:40.4770000,-22.700000,47.750000
1382893,"Martindale",3549,233,"14R","14R1H6S1Q",2,2026-08-23 06:04:45.6600000,0,302792,1200,2026-08-31 17:38:06.8670000,29.845500,-97.840840
85515,"Sabotsy",1882,143,"38K","38K1H6S4Q",2,2026-08-31 17:39:00.4470000,0,1200,0,2026-08-31 17:39:00.4470000,-19.233330,47.600000
85516,"Ambohitsimihafa",1882,143,"38K","38K1H6S4Q",2,2026-08-31 17:39:05.3530000,0,1200,0,2026-08-31 17:39:05.3530000,-19.233330,47.616670
85288,"Ampanataovana",1882,143,"38K","38K1H6S4Q",2,2026-08-31 17:39:09.4330000,0,1200,0,2026-08-31 17:39:09.4330000,-19.266670,47.600000
85289,"Andratafika",1882,143,"38K","38K1H6S4Q",2,2026-08-31 17:39:12.4970000,0,1200,0,2026-08-31 17:39:12.4970000,-19.266670,47.616670
85402,"Antsolola",1882,143,"38K","38K1H6S4Q",2,2026-08-31 17:39:15.3770000,0,1200,0,2026-08-31 17:39:15.3770000,-19.250000,47.616670
85403,"Ankavodiana",1882,143,"38K","38K1H6S4Q",2,2026-08-31 17:39:18.4170000,0,1200,0,2026-08-31 17:39:18.4170000,-19.250000,47.633330
84453,"Andafiatsimo",1882,143,"38K","38K1H6S4Q",2,2026-08-31 17:39:22.6830000,0,1200,0,2026-08-31 17:39:22.6830000,-19.383330,47.666670
84556,"Antanivany",1882,143,"38K","38K1H6S4Q",2,2026-08-31 17:39:26.8570000,0,1200,0,2026-08-31 17:39:26.8570000,-19.366670,47.666670
198338,"Sindano",3817,248,"36L","36L1H1S4Q",2,2026-08-31 17:40:26.1070000,0,891,0,2026-08-31 17:40:26.1070000,-9.050000,31.600000
198124,"Chalomba",3817,248,"36L","36L1H1S4Q",2,2026-08-31 17:40:29.1570000,0,891,0,2026-08-31 17:40:29.1570000,-9.066670,31.616670
197909,"Kasanga",3817,248,"36L","36L1H1S4Q",2,2026-08-31 17:40:32.0400000,0,891,0,2026-08-31 17:40:32.0400000,-9.083330,31.616670
197426,"Mutipe",3817,248,"36L","36L1H1S4Q",2,2026-08-31 17:40:35.5370000,0,891,0,2026-08-31 17:40:35.5370000,-9.116670,31.616670
197425,"Sikantende",3817,248,"36L","36L1H1S4Q",2,2026-08-31 17:40:39.5870000,0,891,0,2026-08-31 17:40:39.5870000,-9.116670,31.600000
2155057,"Fruitland",3573,233,"11T","11T1H5S4Q",1,2026-08-31 17:30:40.0470000,10112,0,0,2026-08-31 17:40:55.2670000,44.007660,-116.916550
2464213,"Heide",2271,167,"31U","31U2H3S4Q",2,2026-08-25 11:02:08.6500000,0,881892,0,2026-08-31 17:44:33.2830000,50.950000,5.783330
2325099,"Giesing",715,57,"32U","32U2H6S4Q",2,2017-07-05 15:43:33.1070000,0,6118946,0,2026-08-31 17:49:44.2430000,48.106740,11.588860
2156481,"Veneta",3576,233,"10T","10T1H5S3Q",3,2025-02-01 00:41:58.4400000,0,0,341628,2026-08-31 17:49:49.0770000,44.048730,-123.350930
2296181,"Hub",129,12,"32T","32T1H2S2Q",3,2025-08-26 20:19:03.0200000,0,0,20751,2026-08-31 17:51:36.9030000,47.525830,9.851940
1578401,"McDowell Mountain Ranch",3572,233,"12S","12S2H5S1Q",1,2014-03-20 02:21:41.3700000,325969,18376,0,2026-08-31 17:51:58.3600000,33.632820,-111.848200
2229953,"Saint-Roch-de-l'Achigan",459,38,"18T","18T1H6S1Q",1,2026-06-08 08:55:20.1700000,340131,0,0,2026-08-31 17:53:32.6070000,45.850080,-73.599170
1957496,"Eastmoor",3563,233,"17S","17S1H1S2Q",1,2026-08-13 12:05:54.4830000,419996,0,206559,2026-08-31 17:53:53.0500000,39.967840,-82.911010
2164591,"Corleto",1379,110,"32T","32T1H6S4Q",3,2026-08-31 17:10:57.2170000,0,0,10561,2026-08-31 17:56:52.7430000,44.266670,11.966670
2163942,"Villanova",1379,110,"32T","32T1H6S4Q",3,2026-08-31 17:56:58.6930000,0,0,843,2026-08-31 17:56:58.6930000,44.250000,11.983330
2366817,"Villetaneuse",955,75,"31U","31U2H5S3Q",2,2026-08-31 17:44:31.8400000,0,6564,0,2026-08-31 17:57:19.4070000,48.958330,2.341670
2367501,"Montmagny",955,75,"31U","31U2H5S3Q",2,2026-08-31 17:57:35.2230000,0,3794,0,2026-08-31 17:57:40.1900000,48.973380,2.346880
2508053,"Great Wigborough",979,77,"31U","31U2H1S1Q",3,2026-08-31 17:58:22.3870000,0,0,688,2026-08-31 17:58:22.3870000,51.800000,0.850000
2779781,"Tallinn",856,64,"35V","35V2H1S1Q",2,2026-08-27 16:39:45.6470000,0,288946,0,2026-08-31 17:58:27.1670000,59.436960,24.753530
2514310,"Dovercourt",979,77,"31U","31U2H1S2Q",2,2026-06-04 13:41:23.5730000,0,3842,3808,2026-08-31 17:59:04.8070000,51.933330,1.300000
2208625,"Dayton",3558,233,"15T","15T1H5S1Q",2,2016-07-08 00:22:24.4230000,0,3020160,0,2026-08-31 18:00:32.5930000,45.243850,-93.514960
2352868,"Doe Bay",3578,233,"10U","10U2H5S4Q",3,2026-02-10 17:41:41.2500000,0,0,218577,2026-08-31 18:02:47.6970000,48.641220,-122.781010
198534,"Pumpa",3817,248,"36L","36L1H1S4Q",2,2026-08-31 18:03:39.9430000,0,891,0,2026-08-31 18:03:39.9430000,-9.033330,31.566670
198737,"Kapepa",3817,248,"36L","36L1H1S4Q",2,2026-08-31 18:03:43.1600000,0,891,0,2026-08-31 18:03:43.1600000,-9.016670,31.550000
198736,"Mwambo",3817,248,"36L","36L1H1S4Q",2,2026-08-31 18:03:45.8530000,0,891,0,2026-08-31 18:03:45.8530000,-9.016670,31.516670
198923,"Yambola",3817,248,"36L","36L1H1S4Q",2,2026-08-31 18:03:50.7300000,0,891,0,2026-08-31 18:03:50.7300000,-9.000000,31.566670
199108,"David",3817,248,"36L","36L1H1S2Q",2,2026-08-31 18:03:55.5570000,0,891,0,2026-08-31 18:03:55.5570000,-8.983330,31.583330
198924,"Kazimoto",3817,248,"36L","36L1H1S4Q",2,2026-08-31 18:03:58.4400000,0,891,0,2026-08-31 18:03:58.4400000,-9.000000,31.600000
199110,"Kela",3817,248,"36L","36L1H1S2Q",2,2026-08-31 18:04:02.7000000,0,891,0,2026-08-31 18:04:02.7000000,-8.983330,31.616670
2011784,"Denny",3567,233,"10T","10T2H5S3Q",2,2026-08-31 18:04:05.4500000,0,842,0,2026-08-31 18:04:05.4500000,40.944020,-123.386710
199111,"Jeremia",3817,248,"36L","36L1H1S2Q",2,2026-08-31 18:04:06.5970000,0,891,0,2026-08-31 18:04:06.5970000,-8.983330,31.650000
2353558,"Sea Acre",3578,233,"10U","10U2H5S4Q",3,2017-12-27 17:07:31.9200000,0,0,369415,2026-08-31 18:04:53.8200000,48.652330,-122.756850
2669500,"Zhulebino",2670,192,"37U","37U1H1S2Q",2,2022-11-22 11:21:08.1930000,0,648103,0,2026-08-31 18:05:00.5430000,55.700000,37.850000
2139520,"Le Mirail",951,75,"31T","31T2H1S2Q",2,2023-12-16 07:49:37.1300000,0,958552,3151,2026-08-31 18:08:06.9700000,43.576410,1.394580
1753411,"Nebo",3535,233,"15S","15S1H4S4Q",2,2026-08-31 18:09:00.1070000,0,1706,0,2026-08-31 18:09:00.1070000,36.416740,-94.441050
1753700,"Gravette",3535,233,"15S","15S1H4S4Q",2,2026-08-31 18:08:44.1500000,0,5549,0,2026-08-31 18:09:10.6000000,36.422020,-94.453550
2268579,"Sulzthal",507,43,"32T","32T1H2S3Q",3,2024-09-02 07:21:55.4730000,77884,0,381155,2026-08-31 18:09:32.6100000,46.900000,8.500000
2469753,"Severni",699,56,"33U","33U2H2S1Q",3,2026-08-31 18:10:27.3200000,0,0,867,2026-08-31 18:10:27.3200000,51.037790,14.314180
2469641,"Lisci",699,56,"33U","33U2H2S1Q",3,2026-08-31 18:10:36.8800000,0,0,872,2026-08-31 18:10:36.8800000,51.033620,14.355280
2469495,"Oberhof",704,57,"33U","33U2H2S1Q",3,2026-08-31 18:10:46.1500000,0,0,1132,2026-08-31 18:10:46.1500000,51.033330,14.400000
2470809,"Wehrsdorf",704,57,"33U","33U2H2S1Q",3,2026-08-31 18:10:52.3900000,0,0,1131,2026-08-31 18:10:52.3900000,51.054830,14.387450
2470517,"Tannicht",704,57,"33U","33U2H2S1Q",3,2026-08-31 18:11:20.5830000,0,0,1131,2026-08-31 18:11:20.5830000,51.050000,14.400000
2466879,"Velky Senov",699,56,"33U","33U2H2S3Q",3,2026-08-31 18:11:42.7400000,0,0,887,2026-08-31 18:11:42.7400000,50.990780,14.374280
2440539,"Garbenteich",710,57,"32U","32U2H2S3Q",2,2015-05-11 07:03:58.9670000,0,2410288,0,2026-08-31 18:11:58.5730000,50.533330,8.750000
2290817,"Maegenwil",528,43,"32T","32T1H2S1Q",3,2023-04-18 10:26:16.7030000,0,0,1996709,2026-08-31 18:11:58.5800000,47.412520,8.232970
2467705,"Ludvikovicky",699,56,"33U","33U2H2S1Q",3,2026-08-31 18:12:04.3730000,0,0,882,2026-08-31 18:12:04.3730000,51.002940,14.359450
2467933,"Lipova",699,56,"33U","33U2H2S1Q",3,2026-08-31 18:12:23.1630000,0,0,2082,2026-08-31 18:13:06.1330000,51.011040,14.360220
2162409,"San Varano",1379,110,"33T","33T1H4S3Q",3,2026-08-31 18:13:29.6870000,0,0,8358,2026-08-31 18:13:38.5870000,44.209720,12.015280
1933698,"Wedekind",3570,233,"11S","11S1H1S1Q",3,2026-08-26 05:44:20.4700000,0,0,330393,2026-08-31 18:14:58.8570000,39.565470,-119.706580
2135816,"Rajisici",1863,141,"34T","34T2H1S2Q",2,2026-08-31 18:15:10.0370000,0,1200,0,2026-08-31 18:15:10.0370000,43.495560,19.110560
2136332,"Lisiciji Do",1863,141,"34T","34T2H1S2Q",2,2026-08-31 18:15:12.3530000,0,1200,0,2026-08-31 18:15:12.3530000,43.502500,19.124170
2136351,"Poljana",1863,141,"34T","34T2H1S2Q",2,2026-08-31 18:15:15.2130000,0,1200,0,2026-08-31 18:15:15.2130000,43.503330,19.147220
2136623,"Plani",1863,141,"34T","34T2H1S2Q",2,2026-08-31 18:15:18.8030000,0,1200,0,2026-08-31 18:15:18.8030000,43.512500,19.163060
2136644,"Burici",1863,141,"34T","34T2H1S2Q",2,2026-08-31 18:15:22.5270000,0,1065,0,2026-08-31 18:15:22.5270000,43.513060,19.173330
2137406,"Hadzovina",1863,141,"34T","34T2H1S2Q",2,2026-08-31 18:15:27.5770000,0,1065,0,2026-08-31 18:15:27.5770000,43.530000,19.159440
2137350,"Metaljka",1863,141,"34T","34T2H1S2Q",2,2026-08-31 18:15:35.8570000,0,1200,0,2026-08-31 18:15:35.8570000,43.528330,19.147500
2468712,"Lobendava",699,56,"33U","33U2H2S1Q",3,2026-08-31 18:15:40.0400000,0,0,877,2026-08-31 18:15:40.0430000,51.019470,14.314230
2137197,"Avlija",1863,141,"34T","34T2H1S2Q",2,2026-08-31 18:15:41.5700000,0,1065,0,2026-08-31 18:15:41.5730000,43.523330,19.157220
2464788,"Tomasov",699,56,"33U","33U2H2S3Q",3,2026-08-31 18:16:01.5200000,0,0,906,2026-08-31 18:16:01.5200000,50.957140,14.326880
2465043,"Mikulasovice",699,56,"33U","33U2H2S3Q",3,2026-08-31 18:17:35.4800000,0,0,896,2026-08-31 18:17:35.4800000,50.965070,14.363680
199112,"Dominiko",3817,248,"36L","36L1H1S2Q",2,2026-08-31 18:19:30.9170000,0,891,0,2026-08-31 18:19:30.9170000,-8.983330,31.666670
198925,"Kaka",3817,248,"36L","36L1H1S4Q",2,2026-08-31 18:19:33.9700000,0,891,0,2026-08-31 18:19:33.9700000,-9.000000,31.666670
198926,"Eprule",3817,248,"36L","36L1H1S4Q",2,2026-08-31 18:19:36.7970000,0,891,0,2026-08-31 18:19:36.7970000,-9.000000,31.683330
199113,"Namantemba",3817,248,"36L","36L1H1S2Q",2,2026-08-31 18:19:39.6070000,0,891,0,2026-08-31 18:19:39.6070000,-8.983330,31.683330
199114,"Lusamba",3817,248,"36L","36L1H1S2Q",2,2026-08-31 18:19:43.0800000,0,891,0,2026-08-31 18:19:43.0800000,-8.983330,31.716670
84558,"Bakaro Fitsinjorana",1882,143,"38K","38K1H6S4Q",2,2026-08-31 18:20:12.5970000,0,1200,0,2026-08-31 18:20:12.5970000,-19.366670,47.683330
84683,"Antevana",1882,143,"38K","38K1H6S4Q",2,2026-08-31 18:20:15.3830000,0,1200,0,2026-08-31 18:20:15.3830000,-19.350000,47.683330
84681,"Andranoniazavavy",1882,143,"38K","38K1H6S4Q",2,2026-08-31 18:20:20.2830000,0,1200,0,2026-08-31 18:20:20.2830000,-19.350000,47.650000
84920,"Andranongoaika",1882,143,"38K","38K1H6S4Q",2,2026-08-31 18:20:23.4670000,0,1200,0,2026-08-31 18:20:23.4700000,-19.316670,47.650000
84921,"Alatsinainy-Bakaro",1882,143,"38K","38K1H6S4Q",2,2026-08-31 18:20:28.3500000,0,1200,0,2026-08-31 18:20:28.3500000,-19.316670,47.666670
84922,"Andramadinika",1882,143,"38K","38K1H6S4Q",2,2026-08-31 18:20:32.8630000,0,1200,0,2026-08-31 18:20:32.8630000,-19.316670,47.700000
85177,"Antanambao",1882,143,"38K","38K1H6S4Q",2,2026-08-31 18:20:35.8970000,0,1200,0,2026-08-31 18:20:35.8970000,-19.283330,47.683330
85048,"Ambohimahavony",1882,143,"38K","38K1H6S4Q",2,2026-08-31 18:20:38.7170000,0,1200,0,2026-08-31 18:20:38.7170000,-19.300000,47.650000
2779022,"Mustamae",856,64,"35V","35V2H1S1Q",2,2026-08-31 18:20:36.9130000,0,2311,0,2026-08-31 18:20:39.3370000,59.400820,24.677290
2779122,"Kadaka",856,64,"35V","35V2H1S1Q",2,2026-08-31 18:20:42.9870000,0,2305,0,2026-08-31 18:20:44.4130000,59.410740,24.664820
2779510,"Rocca-al-Mare",856,64,"35V","35V2H1S1Q",2,2026-08-31 18:20:48.8670000,0,2305,0,2026-08-31 18:20:50.3100000,59.430300,24.650660
2118164,"Ashton Corners",3566,233,"16T","16T2H1S1Q",3,2026-08-31 13:34:18.7300000,0,0,28849,2026-08-31 18:21:10.6770000,43.140270,-89.520680
59187,"Marohanka",1880,143,"38K","38K2H6S2Q",2,2026-08-31 18:21:11.2200000,0,936,0,2026-08-31 18:21:11.2200000,-22.666670,47.733330
58956,"Mahavelo",1880,143,"38K","38K2H6S2Q",2,2026-08-31 18:21:14.4270000,0,936,0,2026-08-31 18:21:14.4270000,-22.700000,47.700000
58955,"Nevezy",1880,143,"38K","38K2H6S2Q",2,2026-08-31 18:21:17.6000000,0,936,0,2026-08-31 18:21:17.6000000,-22.700000,47.683330
58831,"Mahabo",1880,143,"38K","38K2H6S2Q",2,2026-08-31 18:21:20.1900000,0,937,0,2026-08-31 18:21:20.1900000,-22.716670,47.650000
58698,"Iaborano",1880,143,"38K","38K2H6S2Q",2,2026-08-31 18:21:23.7530000,0,937,0,2026-08-31 18:21:23.7530000,-22.733330,47.633330
58436,"Tsatoro",1880,143,"38K","38K2H6S2Q",2,2026-08-31 18:21:32.4530000,0,937,0,2026-08-31 18:21:32.4530000,-22.766670,47.633330
58298,"Androtra",1880,143,"38K","38K2H6S2Q",2,2026-08-31 18:21:37.4970000,0,938,0,2026-08-31 18:21:37.4970000,-22.783330,47.633330
57461,"Etrotroka",1880,143,"38K","38K2H6S2Q",2,2026-08-31 18:21:39.4000000,0,938,0,2026-08-31 18:21:39.4000000,-22.883330,47.600000
2087851,"Wixom",3557,233,"17T","17T2H1S3Q",1,2016-02-01 10:32:22.5000000,7452562,0,0,2026-08-31 18:23:16.6570000,42.524760,-83.536330
2459230,"Hoff",707,57,"32U","32U2H1S4Q",2,2026-08-31 18:23:47.7570000,0,4182,0,2026-08-31 18:23:52.6370000,50.866670,7.583330
2458261,"Spurkenbach",707,57,"32U","32U2H1S4Q",2,2022-06-13 22:07:24.0300000,0,1960,0,2026-08-31 18:24:03.8870000,50.850000,7.583330
2458262,"Krahwinkel",707,57,"32U","32U2H1S4Q",2,2018-11-11 21:58:31.5370000,0,18813,0,2026-08-31 18:24:09.8730000,50.850000,7.600000
2456345,"Langenberg",707,57,"32U","32U2H1S4Q",2,2026-08-31 18:24:40.9270000,0,1656,0,2026-08-31 18:24:40.9270000,50.816670,7.633330
2047688,"Walker",3554,233,"16T","16T2H4S2Q",2,2025-02-06 22:23:13.8130000,0,650134,0,2026-08-31 18:24:50.3600000,41.617810,-88.206450
2149951,"Windom",3558,233,"15T","15T2H1S1Q",2,2026-08-31 18:25:47.7500000,0,1439,0,2026-08-31 18:25:48.7870000,43.866350,-95.116940
2148605,"Wilder",3558,233,"15T","15T2H1S1Q",2,2026-08-31 18:25:56.8700000,0,1413,0,2026-08-31 18:25:57.7870000,43.826620,-95.197490
2508431,"Vtoraya Nikola",2677,192,"37U","37U2H1S2Q",1,2026-08-31 18:28:17.9730000,1200,0,0,2026-08-31 18:28:17.9730000,51.801100,37.902220
2508435,"Gayvoron",2657,192,"38U","38U2H2S1Q",1,2026-08-31 18:28:23.5300000,1200,0,0,2026-08-31 18:28:23.5300000,51.801200,44.650300
2508452,"Sel'skiy Rogachik",2677,192,"37U","37U2H1S2Q",1,2026-08-31 18:28:28.8770000,1200,0,0,2026-08-31 18:28:28.8770000,51.802090,37.256650
2508460,"Shetilovka",2677,192,"37U","37U2H1S2Q",1,2026-08-31 18:28:38.4000000,1200,0,0,2026-08-31 18:28:38.4000000,51.802500,37.545940
2508470,"Karlovka",2657,192,"39U","39U2H1S2Q",1,2026-08-31 18:28:42.1870000,1200,0,0,2026-08-31 18:28:42.1870000,51.803090,49.521860
2508488,"Mokrusha",2646,192,"37U","37U2H3S1Q",1,2026-08-31 18:28:45.6470000,1200,0,0,2026-08-31 18:28:45.6470000,51.803850,40.026490
2508501,"Izmaylovka",2665,192,"39U","39U2H3S2Q",1,2026-08-31 18:29:17.1700000,1200,0,0,2026-08-31 18:29:17.1700000,51.804440,53.319440
2508515,"Grudka",2677,192,"37U","37U2H2S1Q",1,2026-08-31 18:29:20.8000000,1200,0,0,2026-08-31 18:29:20.8000000,51.805000,38.017780
2508519,"Krasnovetka",2646,192,"37U","37U2H3S1Q",1,2026-08-31 18:29:33.3430000,1200,0,0,2026-08-31 18:29:33.3430000,51.805300,40.683920
2154030,"Saint James Place",3558,233,"15T","15T2H1S2Q",1,2026-08-31 18:30:02.1830000,1012,0,0,2026-08-31 18:30:02.1830000,43.981350,-94.641920
2165336,"Faenza",1379,110,"32T","32T1H6S4Q",3,2026-08-31 18:30:08.5970000,0,0,8628,2026-08-31 18:30:19.3830000,44.285700,11.883340
2153957,"Tenmile Corner",3558,233,"15T","15T2H1S2Q",1,2026-08-31 18:30:30.2630000,1096,0,0,2026-08-31 18:30:30.2630000,43.978570,-94.429130
2508526,"Oktyabr'skoye",2677,192,"37U","37U2H1S2Q",1,2026-08-31 18:31:45.4000000,1200,0,0,2026-08-31 18:31:45.4000000,51.805640,37.598030
57638,"Manaka",1880,143,"38K","38K2H6S2Q",2,2026-08-31 18:32:27.4800000,0,939,0,2026-08-31 18:32:27.4800000,-22.866670,47.566670
57771,"Loakondro",1880,143,"38K","38K2H6S2Q",2,2026-08-31 18:32:31.0230000,0,939,0,2026-08-31 18:32:31.0230000,-22.850000,47.566670
57637,"Mahabe",1880,143,"38K","38K2H6S2Q",2,2026-08-31 18:32:35.0200000,0,939,0,2026-08-31 18:32:35.0200000,-22.866670,47.550000
57287,"Tsinjorano",1880,143,"38K","38K2H6S2Q",2,2026-08-31 18:32:38.2230000,0,939,0,2026-08-31 18:32:38.2230000,-22.900000,47.516670
2296464,"Hirschbergsau",129,12,"32T","32T1H2S2Q",3,2024-10-10 08:29:29.1070000,0,0,20788,2026-08-31 18:32:59.1330000,47.533330,9.850000
2511916,"Groot IJsselmonde",2265,167,"31U","31U2H3S1Q",2,2019-07-01 06:25:38.5230000,0,394027,0,2026-08-31 18:33:36.2930000,51.882640,4.549370
2508529,"Slastenka",2646,192,"37U","37U2H3S1Q",1,2026-08-31 18:34:09.8330000,1200,0,0,2026-08-31 18:34:09.8330000,51.805780,40.558410
199312,"Kayowela",3817,248,"36L","36L1H1S2Q",2,2026-08-31 18:34:41.4470000,0,891,0,2026-08-31 18:34:41.4500000,-8.966670,31.700000
199313,"Kamacholola",3817,248,"36L","36L1H1S2Q",2,2026-08-31 18:34:44.3030000,0,891,0,2026-08-31 18:34:44.3030000,-8.966670,31.716670
199496,"Kakungu",3817,248,"36L","36L1H1S2Q",2,2026-08-31 18:34:47.1370000,0,891,0,2026-08-31 18:34:47.1370000,-8.950000,31.716670
199704,"Chambanenge",3817,248,"36L","36L1H1S2Q",2,2026-08-31 18:34:49.9130000,0,891,0,2026-08-31 18:34:49.9130000,-8.933330,31.716670
199495,"Lasalo",3817,248,"36L","36L1H1S2Q",2,2026-08-31 18:34:53.6230000,0,891,0,2026-08-31 18:34:53.6230000,-8.950000,31.700000
1818774,"Linfield Oaks",3567,233,"10S","10S1H5S2Q",3,2013-05-26 07:05:18.1170000,21531,0,1020353,2026-08-31 18:35:21.7800000,37.453330,-122.170560
1987056,"McClellands",3568,233,"13T","13T2H5S3Q",2,2021-12-21 06:32:32.6400000,0,991190,3517,2026-08-31 18:36:08.4100000,40.528040,-105.080810
2805239,"Artesian Village",3581,233,"06V","06V1H4S1Q",3,2026-08-31 18:37:03.0930000,0,0,1665,2026-08-31 18:37:05.2500000,61.227500,-149.781390
2804986,"Bonibrook",3581,233,"06V","06V1H4S1Q",3,2026-08-31 18:37:17.2500000,0,0,732,2026-08-31 18:37:17.2500000,61.199720,-149.774170
1897879,"Dallas",3543,233,"15S","15S1H1S4Q",2,2015-04-25 19:21:17.1830000,5401,607105,17344,2026-08-31 18:39:33.2770000,38.939730,-94.603010
2295463,"Mettmenriet",503,43,"32T","32T1H2S1Q",3,2024-06-26 15:13:30.1200000,0,0,14033166,2026-08-31 18:40:39.1400000,47.512600,8.545720
2204728,"North Bay",3566,233,"16T","16T1H5S1Q",2,2021-10-09 20:10:14.8730000,0,4751,2099,2026-08-31 18:41:45.5230000,45.146100,-87.082890
2413679,"Zakrzow",2439,180,"34U","34U2H5S1Q",1,2022-01-07 08:16:37.2800000,40452,0,0,2026-08-31 18:41:50.6600000,49.970770,20.856000
2205269,"Ephraim",3566,233,"16T","16T1H5S1Q",2,2021-12-17 11:29:34.3130000,0,73745,4200,2026-08-31 18:41:58.5870000,45.156380,-87.168170
2239981,"Lathrop",3557,233,"16T","16T1H2S3Q",3,2026-08-31 18:42:54.7500000,0,0,393,2026-08-31 18:42:54.7500000,46.148010,-87.222090
2487224,"Rott",707,57,"32U","32U2H1S1Q",2,2014-08-27 04:47:42.6800000,0,14551898,0,2026-08-31 18:43:12.6930000,51.350000,6.600000
2420360,"Edelbach",715,57,"32U","32U2H2S4Q",2,2013-04-12 05:46:53.3030000,0,790655,0,2026-08-31 18:44:50.5000000,50.116670,9.300000
1956379,"Sutcliffe",3570,233,"11S","11S1H1S1Q",3,2026-08-31 18:32:02.8600000,0,0,15111,2026-08-31 18:46:37.7100000,39.950190,-119.600460
58161,"Tsiandrarafo",1880,143,"38K","38K2H6S2Q",2,2026-08-31 18:46:47.2870000,0,938,0,2026-08-31 18:46:47.2870000,-22.800000,47.600000
2466871,"Vilemov",699,56,"33U","33U2H2S3Q",3,2026-08-31 18:48:09.2300000,0,0,887,2026-08-31 18:48:09.2300000,50.990540,14.335310
2467070,"Karlin",699,56,"33U","33U2H2S3Q",3,2026-08-31 18:48:35.9930000,0,0,882,2026-08-31 18:48:35.9930000,50.996890,14.309670
2466128,"Dolni Poustevna",699,56,"33U","33U2H2S3Q",3,2026-08-31 18:49:06.4430000,0,0,2087,2026-08-31 18:49:12.6770000,50.982510,14.286840
2467078,"Horni Poustevna",699,56,"33U","33U2H2S3Q",3,2026-08-31 18:49:22.1400000,0,0,882,2026-08-31 18:49:22.1400000,50.997160,14.299590
2467738,"Marketa",699,56,"33U","33U2H2S1Q",3,2026-08-31 18:49:32.3470000,0,0,886,2026-08-31 18:49:32.3470000,51.004080,14.304700
199494,"Aron",3817,248,"36L","36L1H1S2Q",2,2026-08-31 18:49:37.6730000,0,891,0,2026-08-31 18:49:37.6770000,-8.950000,31.666670
199703,"Chole",3817,248,"36L","36L1H1S2Q",2,2026-08-31 18:49:41.0370000,0,891,0,2026-08-31 18:49:41.0370000,-8.933330,31.650000
2303001,"Puspokmajor",1217,100,"34T","34T1H1S2Q",3,2024-12-30 10:40:23.5900000,0,0,2405019,2026-08-31 18:49:42.8900000,47.666670,19.066670
2467851,"Nova Viska",699,56,"33U","33U2H2S1Q",3,2026-08-31 18:49:43.9730000,0,0,877,2026-08-31 18:49:43.9730000,51.008270,14.282500
199932,"Noah",3817,248,"36L","36L1H1S2Q",2,2026-08-31 18:49:44.0830000,0,891,0,2026-08-31 18:49:44.0830000,-8.916670,31.666670
200181,"Senda",3817,248,"36L","36L1H1S2Q",2,2026-08-31 18:49:47.7670000,0,891,0,2026-08-31 18:49:47.7670000,-8.900000,31.650000
2469494,"Langburkersdorf",704,57,"33U","33U2H2S1Q",3,2026-08-31 18:49:53.6230000,0,0,867,2026-08-31 18:49:53.6230000,51.033330,14.266670
2467514,"Rugiswalde",704,57,"33U","33U2H2S3Q",3,2026-08-31 18:50:00.4770000,0,0,901,2026-08-31 18:50:00.4770000,51.000000,14.250000
58297,"Anivorano",1880,143,"38K","38K2H6S2Q",2,2026-08-31 18:50:04.9770000,0,938,0,2026-08-31 18:50:04.9770000,-22.783330,47.600000
58433,"Manatobodo",1880,143,"38K","38K2H6S2Q",2,2026-08-31 18:50:10.7400000,0,938,0,2026-08-31 18:50:10.7400000,-22.766670,47.566670
58434,"Ambohigogo",1880,143,"38K","38K2H6S2Q",2,2026-08-31 18:50:13.8100000,684,741,0,2026-08-31 18:50:13.8100000,-22.766670,47.583330
58696,"Ambotaky",1880,143,"38K","38K2H6S2Q",2,2026-08-31 18:50:17.6770000,0,479,0,2026-08-31 18:50:17.6770000,-22.733330,47.616670
2368215,"Montmorency",955,75,"31U","31U2H5S3Q",3,2023-06-05 04:18:13.3470000,0,3981,11049,2026-08-31 18:50:18.4530000,48.988260,2.343400
58830,"Beretra",1880,143,"38K","38K2H6S2Q",2,2026-08-31 18:50:20.8070000,0,937,0,2026-08-31 18:50:20.8070000,-22.716670,47.616670
58018,"Lohatranoambo",1880,143,"38K","38K2H6S2Q",2,2026-08-31 18:50:29.1370000,0,939,0,2026-08-31 18:50:29.1400000,-22.816670,47.550000
2779818,"Lasnamae",856,64,"35V","35V2H1S1Q",2,2026-08-31 18:21:00.1800000,0,3197,0,2026-08-31 18:51:11.3600000,59.440000,24.833060
2778096,"Lehmja",856,64,"35V","35V2H1S1Q",2,2026-08-29 05:41:18.0030000,0,2066,0,2026-08-31 18:51:14.8630000,59.363890,24.859170
2778405,"Assaku",856,64,"35V","35V2H1S1Q",2,2026-08-29 05:40:50.7700000,0,2321,0,2026-08-31 18:51:18.8200000,59.377500,24.844720
2777695,"Aaviku",856,64,"35V","35V2H1S1Q",2,2026-08-28 15:49:22.5430000,0,2369,0,2026-08-31 18:51:23.9930000,59.342220,24.906390
2777665,"Kautjala",856,64,"35V","35V2H1S1Q",2,2026-08-28 16:21:49.8230000,0,2357,0,2026-08-31 18:51:26.3900000,59.339440,24.916670
2777046,"Patika",856,64,"35V","35V2H1S1Q",2,2026-08-28 16:21:52.6800000,0,3461,0,2026-08-31 18:51:33.8270000,59.315000,24.906390
2776718,"Lahtse",856,64,"35V","35V2H1S1Q",2,2026-08-28 15:48:43.4630000,0,2362,0,2026-08-31 18:51:39.4230000,59.296390,24.854170
2714194,"Bulli",1668,136,"34V","34V2H6S4Q",3,2018-05-26 13:15:29.7570000,0,0,117720,2026-08-31 18:52:10.2770000,57.000000,23.983330
2713271,"Mezares",1713,136,"34V","34V2H6S4Q",3,2018-08-24 12:53:51.2300000,0,0,98007,2026-08-31 18:52:23.7330000,56.975280,23.968330
2712510,"Bruni",1713,136,"34V","34V2H6S4Q",3,2019-02-20 16:42:20.6970000,0,0,112454,2026-08-31 18:52:27.7170000,56.952780,23.946390
2712542,"Babite",1713,136,"34V","34V2H6S4Q",3,2019-02-20 16:29:16.5300000,0,0,147790,2026-08-31 18:52:32.4970000,56.954480,23.942900
2035921,"Black Butte",3567,233,"10T","10T2H5S2Q",2,2026-08-31 18:52:35.8800000,0,1109,0,2026-08-31 18:52:35.8800000,41.391540,-122.361130
2712354,"Dreilini",1668,136,"35V","35V2H4S3Q",3,2019-03-05 10:14:54.6630000,0,0,741198,2026-08-31 18:52:42.1130000,56.950000,24.233330
2712067,"Rumpa",1667,136,"35V","35V2H4S3Q",3,2019-03-05 10:15:02.5230000,0,0,265985,2026-08-31 18:52:46.7900000,56.941940,24.246110
2712037,"Ulbroka",1720,136,"35V","35V2H4S3Q",3,2019-02-25 05:04:33.0070000,0,0,250327,2026-08-31 18:52:51.6870000,56.941110,24.289720
2712188,"Lici",1720,136,"35V","35V2H4S3Q",3,2019-02-22 14:11:12.7770000,0,0,134784,2026-08-31 18:52:56.1730000,56.947220,24.350830
2795901,"Koivula",929,70,"34V","34V1H6S3Q",1,2013-10-05 07:22:25.1100000,96180,0,5376,2026-08-31 18:55:40.8270000,60.423600,22.312030
2795637,"Katariina",929,70,"34V","34V1H6S3Q",1,2013-08-13 19:43:16.9230000,342298,0,600,2026-08-31 18:56:19.3530000,60.415290,22.279240
2795947,"Vyyrylaisenmaki",929,70,"34V","34V1H6S3Q",1,2013-09-27 21:15:17.5400000,88885,0,1200,2026-08-31 18:56:55.3270000,60.429440,22.380830
1606593,"Oak Hill",3567,233,"11S","11S2H1S4Q",1,2026-08-19 23:57:47.2630000,1707,0,300,2026-08-31 18:57:16.2600000,34.065280,-118.785090
1607895,"Wildwood",3567,233,"11S","11S2H1S4Q",1,2026-08-27 13:17:47.9800000,352,0,300,2026-08-31 18:57:35.6700000,34.083620,-118.599530
1607569,"Fernwood",3567,233,"11S","11S2H1S4Q",1,2026-08-28 15:23:12.4970000,2146,0,300,2026-08-31 18:57:39.6700000,34.079450,-118.602580
85404,"Ambolotarakely",1882,143,"38K","38K1H6S4Q",2,2026-08-31 18:58:22.1600000,0,1200,0,2026-08-31 18:58:22.1600000,-19.250000,47.666670
85517,"Mahatsinjo",1882,143,"38K","38K1H6S4Q",2,2026-08-31 18:58:24.9370000,0,1200,0,2026-08-31 18:58:24.9370000,-19.233330,47.666670
85518,"Ambohibemanjaka",1882,143,"38K","38K1H6S4Q",2,2026-08-31 18:58:28.1430000,0,1200,0,2026-08-31 18:58:28.1430000,-19.233330,47.683330
85633,"Antseva",1882,143,"38K","38K1H6S4Q",2,2026-08-31 18:58:31.3430000,0,1200,0,2026-08-31 18:58:31.3430000,-19.216670,47.683330
85740,"Mahitsitady",1882,143,"38K","38K1H6S4Q",2,2026-08-31 18:58:33.9230000,0,1200,0,2026-08-31 18:58:33.9230000,-19.200000,47.683330
85405,"Antovontany",1882,143,"38K","38K1H6S4Q",2,2026-08-31 18:58:37.1230000,0,1200,0,2026-08-31 18:58:37.1230000,-19.250000,47.733330
85876,"Mangabe",1882,143,"38K","38K1H6S4Q",2,2026-08-31 18:58:41.4300000,0,1200,0,2026-08-31 18:58:41.4300000,-19.183330,47.716670
85741,"Antamboho",1882,143,"38K","38K1H6S4Q",2,2026-08-31 18:58:44.5430000,0,1200,0,2026-08-31 18:58:44.5430000,-19.200000,47.716670
2508537,"Krasnosel'sk",2713,192,"45U","45U2H2S1Q",1,2026-08-31 18:58:45.2370000,1200,0,0,2026-08-31 18:58:45.2370000,51.806110,86.792220
2508551,"Bol'shearslangulovo",2696,192,"40U","40U2H2S2Q",1,2026-08-31 18:58:49.1530000,1200,0,0,2026-08-31 18:58:49.1530000,51.806670,57.540830
2508559,"Talovaya",2646,192,"37U","37U2H2S2Q",1,2026-08-31 18:58:52.8200000,1200,0,0,2026-08-31 18:58:52.8200000,51.807020,39.923390
2508562,"Lachinovo",2677,192,"37U","37U2H1S2Q",1,2026-08-31 18:58:57.9600000,1200,0,0,2026-08-31 18:58:57.9600000,51.807140,37.926410
2508566,"Sagitovo",2696,192,"40U","40U2H3S1Q",1,2026-08-31 18:59:01.5670000,1200,0,0,2026-08-31 18:59:01.5670000,51.807220,58.478060
2508589,"Krasnaya Peschanka",2646,192,"37U","37U2H3S1Q",1,2026-08-31 18:59:04.9970000,1200,0,0,2026-08-31 18:59:04.9970000,51.808270,40.921110
2508595,"Cherkassy",2665,192,"40U","40U2H2S1Q",1,2026-08-31 18:59:09.3500000,1200,0,0,2026-08-31 18:59:09.3500000,51.808330,56.340000
2508596,"Fedoseyevka",2665,192,"40U","40U2H2S2Q",1,2026-08-31 18:59:14.7200000,1200,0,0,2026-08-31 18:59:14.7200000,51.808330,57.844170
2163941,"Santa Lucia delle Spianate",1379,110,"32T","32T1H6S4Q",3,2026-08-31 19:03:18.8330000,0,0,9670,2026-08-31 19:03:26.3970000,44.250000,11.900000
1607152,"Larchmont Village",3567,233,"11S","11S2H1S4Q",1,2015-12-29 18:12:49.4430000,38418184,0,0,2026-08-31 19:04:42.6100000,34.073060,-118.323890
2043619,"Flossmoor",3554,233,"16T","16T2H5S1Q",2,2026-08-31 19:04:47.7800000,0,2219,0,2026-08-31 19:04:48.8470000,41.542810,-87.684770
200180,"Mwamba",3817,248,"36L","36L1H1S2Q",2,2026-08-31 19:04:49.4100000,0,891,0,2026-08-31 19:04:49.4100000,-8.900000,31.633330
199931,"Yona",3817,248,"36L","36L1H1S2Q",2,2026-08-31 19:04:53.1500000,0,891,0,2026-08-31 19:04:53.1500000,-8.916670,31.616670
199493,"Jakalasi",3817,248,"36L","36L1H1S2Q",2,2026-08-31 19:04:56.8870000,0,891,0,2026-08-31 19:04:56.8870000,-8.950000,31.600000
199311,"Kalundi",3817,248,"36L","36L1H1S2Q",2,2026-08-31 19:04:59.8700000,0,891,0,2026-08-31 19:04:59.8700000,-8.966670,31.616670
199492,"Mbalazi",3817,248,"36L","36L1H1S2Q",2,2026-08-31 19:05:03.3470000,0,891,0,2026-08-31 19:05:03.3470000,-8.950000,31.583330
2083898,"Fitchburg",3557,233,"16T","16T2H3S4Q",1,2026-08-31 19:05:05.6300000,4799,700,0,2026-08-31 19:05:07.5830000,42.439200,-84.277740
2368170,"Groslay",955,75,"31U","31U2H5S3Q",2,2026-08-31 19:05:21.1800000,0,5113,0,2026-08-31 19:05:25.0170000,48.985610,2.347360
2147399,"Heron Lake",3558,233,"15T","15T2H1S1Q",2,2026-08-31 18:26:08.5000000,0,1792,0,2026-08-31 19:05:30.9800000,43.794960,-95.320280
2158719,"Godahl",3558,233,"15T","15T1H4S4Q",2,2026-08-31 19:05:38.1700000,0,1344,0,2026-08-31 19:05:39.1670000,44.108850,-94.639980
2157332,"La Salle",3558,233,"15T","15T1H4S4Q",2,2026-08-31 19:05:50.0030000,0,1284,0,2026-08-31 19:05:51.4570000,44.070790,-94.569690
2150691,"South Branch",3558,233,"15T","15T2H1S2Q",2,2026-08-31 19:05:56.3830000,0,1351,0,2026-08-31 19:05:58.0530000,43.883850,-94.549420
2152019,"Lewisville",3558,233,"15T","15T2H1S2Q",2,2026-08-31 19:06:09.5600000,0,1363,0,2026-08-31 19:06:16.4070000,43.923290,-94.437470
2155298,"Grogan",3558,233,"15T","15T1H4S4Q",2,2026-08-31 19:06:22.9130000,0,1274,0,2026-08-31 19:06:23.8270000,44.016350,-94.536630
2154055,"Saint James",3558,233,"15T","15T2H1S2Q",2,2026-08-31 19:06:33.4170000,0,1427,0,2026-08-31 19:06:34.3930000,43.982460,-94.626920
1852664,"Likovrisi",1064,89,"34S","34S1H3S4Q",2,2026-08-31 19:07:34.4530000,0,5232,2734,2026-08-31 19:07:39.3830000,38.066670,23.783330
2797132,"Karpijoki",929,70,"34V","34V1H6S3Q",1,2013-09-15 03:46:49.3800000,93552,0,1800,2026-08-31 19:08:05.8070000,60.485560,22.455000
2511213,"Heimathof",707,57,"32U","32U2H2S1Q",3,2025-03-11 09:12:09.5870000,0,0,109344,2026-08-31 19:08:35.4070000,51.866670,8.750000
2776283,"Nabala",856,64,"35V","35V2H1S1Q",2,2026-08-28 15:48:40.7900000,0,2362,0,2026-08-31 19:08:59.1330000,59.273890,24.856390
2776244,"Paekna",856,64,"35V","35V2H1S1Q",2,2026-08-28 15:48:36.9670000,0,2363,0,2026-08-31 19:09:01.9000000,59.270280,24.822220
2775708,"Kurevere",856,64,"35V","35V2H1S1Q",2,2026-08-28 15:01:14.4200000,0,2362,0,2026-08-31 19:09:08.9400000,59.247220,24.820000
2775893,"Piissoo",856,64,"35V","35V2H1S1Q",2,2026-08-28 15:01:20.7970000,0,2362,0,2026-08-31 19:09:11.9530000,59.252220,24.845000
2775696,"Siberi",856,64,"35V","35V2H1S1Q",2,2026-08-28 14:48:40.8330000,0,2362,0,2026-08-31 19:09:15.0370000,59.245830,24.849720
2796919,"Oriketo",929,70,"34V","34V1H6S3Q",1,2013-08-20 08:32:02.2570000,72056,0,1500,2026-08-31 19:09:25.8130000,60.480560,22.318610
85634,"Andrefananjoma",1882,143,"38K","38K1H6S4Q",2,2026-08-31 19:09:52.6300000,0,1200,0,2026-08-31 19:09:52.6300000,-19.216670,47.733330
85519,"Ambohimiadana",1882,143,"38K","38K1H6S4Q",2,2026-08-31 19:09:57.0900000,0,1200,0,2026-08-31 19:09:57.0900000,-19.233330,47.766670
85635,"Alarobia",1882,143,"38K","38K1H6S4Q",2,2026-08-31 19:10:00.3870000,0,1200,0,2026-08-31 19:10:00.3870000,-19.216670,47.750000
85742,"Masindray",1882,143,"38K","38K1H6S4Q",2,2026-08-31 19:10:03.3430000,0,1200,0,2026-08-31 19:10:03.3430000,-19.200000,47.750000
2007696,"Great Notch",3561,233,"18T","18T2H5S4Q",1,2025-08-15 11:07:11.5700000,56250,0,0,2026-08-31 19:10:19.3900000,40.874540,-74.207650
85877,"Tsarasaotra",1882,143,"38K","38K1H6S4Q",2,2026-08-31 19:10:25.9500000,0,1200,0,2026-08-31 19:10:25.9500000,-19.183330,47.766670
2553940,"Drakelowe",979,77,"30U","30U1H6S3Q",0,2026-08-31 19:13:59.2200000,0,0,0,2026-08-31 19:13:59.2200000,52.766670,-1.633330
2553156,"Walton upon Trent",979,77,"30U","30U1H6S3Q",0,2026-08-31 19:14:11.8600000,0,0,0,2026-08-31 19:14:11.8600000,52.750000,-1.683330
1406808,"Hudson Bend",3549,233,"14R","14R1H3S3Q",3,2026-04-27 08:15:33.0200000,0,116320,248294,2026-08-31 19:14:26.5070000,30.413870,-97.927920
86012,"Ambohitra",1882,143,"38K","38K1H6S4Q",2,2026-08-31 19:14:47.6630000,0,1200,0,2026-08-31 19:14:47.6630000,-19.166670,47.766670
2776245,"Sogula",856,64,"35V","35V2H1S1Q",2,2026-08-28 14:48:34.6000000,0,2363,0,2026-08-31 19:15:18.5200000,59.270280,24.896390
2774518,"Urge-Saunakula",847,64,"35V","35V2H1S1Q",2,2026-08-28 15:01:07.5070000,0,2363,0,2026-08-31 19:15:21.7200000,59.183330,24.783330
2296465,"Neuhaus",715,57,"32T","32T1H2S2Q",3,2024-10-08 09:44:18.8800000,0,0,20842,2026-08-31 19:15:45.6670000,47.533330,9.866670
2367394,"Pierrefitte-sur-Seine",955,75,"31U","31U2H5S3Q",3,2023-10-29 11:49:24.7100000,0,3443,227358,2026-08-31 19:16:40.4500000,48.966910,2.361040
2163207,"Agriturismo e cantina la Sabbiona",1379,110,"32T","32T1H6S4Q",3,2026-08-31 19:16:45.0100000,0,0,5931,2026-08-31 19:16:50.9170000,44.233270,11.917380
1875582,"Strawberry Landing",3537,233,"18S","18S1H2S3Q",1,2023-08-22 00:46:08.5430000,301658,0,0,2026-08-31 19:16:57.2870000,38.500950,-75.071290
2423293,"Pakomerice",698,56,"33U","33U2H2S3Q",1,2018-08-20 16:39:23.0000000,60027,0,0,2026-08-31 19:17:03.1970000,50.180630,14.481120
2508610,"Goryainovka",2677,192,"37U","37U2H1S2Q",1,2026-08-31 19:19:36.9370000,1200,0,0,2026-08-31 19:19:36.9370000,51.808890,37.589720
2508611,"Sosnovka",2657,192,"38U","38U2H3S1Q",1,2026-08-31 19:19:40.7570000,1200,0,0,2026-08-31 19:19:40.7570000,51.808890,46.994440
2508612,"Uderevka",2677,192,"37U","37U2H1S2Q",1,2026-08-31 19:19:44.4370000,1200,0,0,2026-08-31 19:19:44.4370000,51.808980,37.273690
2508621,"Leninskiy",2677,192,"37U","37U2H2S1Q",1,2026-08-31 19:19:48.3300000,1200,0,0,2026-08-31 19:19:48.3300000,51.809360,38.157480
199930,"Semu",3817,248,"36L","36L1H1S2Q",2,2026-08-31 19:19:49.8800000,0,891,0,2026-08-31 19:19:49.8800000,-8.916670,31.583330
2508622,"Ertil'",2646,192,"37U","37U2H3S1Q",1,2026-08-31 19:19:52.8730000,1200,0,0,2026-08-31 19:19:52.8770000,51.809380,40.517290
200178,"Katundu",3817,248,"36L","36L1H1S2Q",2,2026-08-31 19:19:54.7800000,0,891,0,2026-08-31 19:19:54.7800000,-8.900000,31.616670
200459,"Kakozya",3817,248,"36L","36L1H1S2Q",2,2026-08-31 19:19:56.2070000,0,891,0,2026-08-31 19:19:56.2070000,-8.883330,31.600000
2508626,"Nikolayevka",2646,192,"37U","37U2H3S1Q",1,2026-08-31 19:19:56.3030000,1200,0,0,2026-08-31 19:19:56.3030000,51.809720,40.192500
199491,"Penza",3817,248,"36L","36L1H1S2Q",2,2026-08-31 19:19:59.3630000,0,891,0,2026-08-31 19:19:59.3630000,-8.950000,31.550000
2508627,"Perovka",2646,192,"37U","37U2H3S1Q",1,2026-08-31 19:19:59.9530000,1200,0,0,2026-08-31 19:19:59.9530000,51.809720,40.608060
199489,"Makasi",3817,248,"36L","36L1H1S2Q",2,2026-08-31 19:20:02.5270000,0,891,0,2026-08-31 19:20:02.5270000,-8.950000,31.533330
2508630,"Dmitriyevka",2677,192,"37U","37U2H2S1Q",1,2026-08-31 19:20:03.1800000,1200,0,0,2026-08-31 19:20:03.1800000,51.809760,38.117440
199488,"Kazumba",3817,248,"36L","36L1H1S2Q",2,2026-08-31 19:20:08.8200000,0,891,0,2026-08-31 19:20:08.8200000,-8.950000,31.516670
2202408,"Zhemchuzhyna Krymu",3435,230,"36T","36T1H6S2Q",1,2026-08-31 19:22:23.3770000,1338,0,0,2026-08-31 19:22:23.3770000,45.094850,35.188260
2207735,"Appak",3435,230,"36T","36T1H6S2Q",1,2026-08-31 19:22:44.4300000,1086,0,0,2026-08-31 19:22:44.4300000,45.216670,35.300000
2775937,"Koppelmaa",856,64,"35V","35V2H1S1Q",2,2026-08-31 09:45:41.2870000,0,3439,0,2026-08-31 19:23:07.1100000,59.257220,24.580000
2204375,"Karabay",3435,230,"36T","36T1H6S1Q",1,2026-08-24 06:41:33.2900000,1607,0,0,2026-08-31 19:23:14.4930000,45.133330,34.566670
2773200,"Pirgu",847,64,"35V","35V2H1S1Q",2,2026-08-28 21:25:43.2600000,0,2356,0,2026-08-31 19:23:21.8770000,59.124720,24.839170
2508641,"Nizhnyaya Maza",2646,192,"37U","37U2H3S1Q",1,2026-08-31 19:23:30.2800000,1200,0,0,2026-08-31 19:23:30.2800000,51.810000,40.252220
2210153,"Drofyne",3435,230,"36T","36T1H6S1Q",1,2026-08-31 19:23:32.3000000,1242,0,0,2026-08-31 19:23:32.3000000,45.285170,34.615920
2208484,"Prudy",3435,230,"36T","36T1H6S1Q",1,2026-08-24 04:36:59.7330000,1973,0,0,2026-08-31 19:23:44.5570000,45.237700,34.702680
2195371,"Svobodnoye",3435,230,"36T","36T1H6S3Q",1,2026-08-30 22:04:26.9400000,2954,0,0,2026-08-31 19:24:17.7400000,44.950000,34.583330
2194028,"Krasnoselivka",3435,230,"36T","36T1H6S3Q",1,2026-08-30 22:33:16.7130000,3894,0,0,2026-08-31 19:24:27.7670000,44.927000,34.634760
2191328,"Zelenohirya",3435,230,"36T","36T1H6S3Q",2,2026-08-03 11:47:25.1530000,1200,7739,0,2026-08-31 19:24:48.5930000,44.870020,34.721930
57904,"Anaviavy",1880,143,"38K","38K2H6S2Q",2,2026-08-31 19:26:22.1400000,0,939,0,2026-08-31 19:26:22.1400000,-22.833330,47.533330
57770,"Kidamonta",1880,143,"38K","38K2H6S2Q",2,2026-08-31 19:26:26.3900000,0,939,0,2026-08-31 19:26:26.3900000,-22.850000,47.533330
57460,"Sarinosy",1880,143,"38K","38K2H6S2Q",2,2026-08-31 19:26:29.4470000,0,939,0,2026-08-31 19:26:29.4470000,-22.883330,47.483330
57088,"Amborobe",1880,143,"38K","38K2H6S2Q",2,2026-08-31 19:26:31.2600000,0,1149,0,2026-08-31 19:26:31.2600000,-22.916670,47.466670
1552835,"Elliotsville",3551,233,"16S","16S2H5S2Q",2,2026-08-31 18:09:31.0630000,0,34163,0,2026-08-31 19:26:36.1430000,33.200120,-86.829160
56631,"Beronono",1880,143,"38K","38K2H6S2Q",2,2026-08-31 19:26:41.6770000,0,1519,0,2026-08-31 19:26:41.6770000,-22.966670,47.466670
2427964,"Borisovka",3439,230,"37U","37U2H1S3Q",1,2013-12-15 14:09:28.3300000,1580034,0,0,2026-08-31 19:26:43.1200000,50.279420,36.559840
56397,"Beretra",1880,143,"38K","38K2H6S4Q",2,2026-08-31 19:26:49.0330000,0,900,0,2026-08-31 19:26:49.0330000,-23.000000,47.466670
56259,"Ankajokoaka",1880,143,"38K","38K2H6S4Q",2,2026-08-31 19:26:53.5600000,0,900,0,2026-08-31 19:26:53.5600000,-23.016670,47.466670
1759188,"Gonzales",3567,233,"10S","10S1H6S3Q",1,2026-02-13 23:37:04.7600000,8454,0,3000,2026-08-31 19:27:02.6770000,36.506630,-121.444380
2773605,"Karivere",847,64,"35V","35V2H1S1Q",2,2026-08-28 21:25:40.1500000,0,2363,0,2026-08-31 19:27:27.9100000,59.140280,24.868330
2464885,"Hertigswalde",704,57,"33U","33U2H2S3Q",3,2026-08-31 19:27:53.8800000,0,0,928,2026-08-31 19:27:53.8800000,50.960260,14.287290
1780890,"Hollister",3567,233,"10S","10S1H6S3Q",1,2024-05-12 04:07:14.3400000,2473226,0,0,2026-08-31 19:28:09.1330000,36.852450,-121.401600
2773446,"Loiuse Kaks",847,64,"35V","35V2H1S1Q",2,2026-08-28 21:25:35.1530000,0,2363,0,2026-08-31 19:28:20.6000000,59.133330,24.900000
2459716,"Mezni Louka",699,56,"33U","33U2H2S3Q",3,2026-08-31 19:28:26.6570000,0,0,930,2026-08-31 19:28:26.6570000,50.873360,14.316900
2459585,"Mezna",699,56,"33U","33U2H2S3Q",3,2026-08-31 19:28:33.0800000,0,0,930,2026-08-31 19:28:33.0800000,50.868380,14.296990
2508647,"Voyevodchina",2657,192,"38U","38U2H2S1Q",1,2026-08-31 19:28:53.9130000,1200,0,0,2026-08-31 19:28:53.9130000,51.810200,44.638300
2413799,"Skawina",2439,180,"34U","34U2H4S2Q",3,2017-06-13 08:20:14.8500000,0,0,1649240,2026-08-31 19:28:54.4500000,49.975240,19.828690
2508650,"Yekaterinovka",2665,192,"40U","40U2H2S1Q",1,2026-08-31 19:28:58.3130000,1200,0,0,2026-08-31 19:28:58.3130000,51.810280,56.458890
2458836,"Janov",699,56,"33U","33U2H2S3Q",3,2026-08-31 19:28:59.7700000,0,0,930,2026-08-31 19:28:59.7700000,50.860200,14.265260
2508658,"Dolgusha",2677,192,"37U","37U2H2S1Q",1,2026-08-31 19:29:04.7630000,1200,0,0,2026-08-31 19:29:04.7630000,51.810770,38.326740
2459750,"Hrensko",699,56,"33U","33U2H2S3Q",3,2026-08-31 19:30:05.5330000,0,0,926,2026-08-31 19:30:05.5330000,50.874410,14.242500
2457665,"Arnoltice",699,56,"33U","33U2H2S3Q",3,2026-08-31 19:30:15.7600000,0,0,937,2026-08-31 19:30:15.7600000,50.837020,14.263940
2458411,"Arnolticky Bor",699,56,"33U","33U2H2S3Q",3,2026-08-31 19:30:25.6630000,0,0,933,2026-08-31 19:30:25.6630000,50.850000,14.250000
2458043,"Labska Stran",699,56,"33U","33U2H2S3Q",3,2026-08-31 19:30:32.8800000,0,0,933,2026-08-31 19:30:32.8830000,50.848650,14.231600
2457852,"Dolni Zleb",699,56,"33U","33U2H2S3Q",3,2026-08-31 19:30:38.7500000,0,0,933,2026-08-31 19:30:38.7500000,50.842970,14.214040
2162681,"Villagrappa",1379,110,"32T","32T1H6S4Q",3,2026-08-31 19:31:17.5730000,0,0,5848,2026-08-31 19:31:32.8170000,44.216670,11.966670
2508669,"Panino",2677,192,"37U","37U2H2S1Q",1,2026-08-31 19:31:36.2530000,1200,0,0,2026-08-31 19:31:36.2530000,51.811390,38.264170
2509669,"Haustenbeck",707,57,"32U","32U2H2S1Q",3,2024-10-30 10:48:30.4370000,0,0,299537,2026-08-31 19:33:57.2700000,51.833330,8.766670
199702,"Mateo",3817,248,"36L","36L1H1S2Q",2,2026-08-31 19:34:59.9970000,0,891,0,2026-08-31 19:34:59.9970000,-8.933330,31.533330
200176,"Chipalo",3817,248,"36L","36L1H1S2Q",2,2026-08-31 19:35:03.7100000,0,891,0,2026-08-31 19:35:03.7100000,-8.900000,31.500000
200177,"Mpemba",3817,248,"36L","36L1H1S2Q",2,2026-08-31 19:35:07.8870000,0,891,0,2026-08-31 19:35:07.8870000,-8.900000,31.516670
200175,"Milambo",3817,248,"36L","36L1H1S2Q",2,2026-08-31 19:35:12.2130000,0,891,0,2026-08-31 19:35:12.2130000,-8.900000,31.450000
200752,"Makungu",3817,248,"36L","36L1H1S2Q",2,2026-08-31 19:35:17.5470000,0,891,0,2026-08-31 19:35:17.5470000,-8.866670,31.566670
2554745,"Tatenhill",979,77,"30U","30U1H6S3Q",2,2024-06-28 13:02:46.0330000,2110,335817,0,2026-08-31 19:36:39.5400000,52.783330,-1.700000
2508682,"Sagitovo",2696,192,"40U","40U2H2S2Q",1,2026-08-31 19:37:10.7000000,1200,0,0,2026-08-31 19:37:10.7000000,51.811940,57.106110
2508712,"Kazanka",2696,192,"40U","40U2H2S2Q",1,2026-08-31 19:37:14.9730000,1200,0,0,2026-08-31 19:37:14.9730000,51.813330,57.161390
815930,"La Pintada",1172,97,"16P","16P1H5S1Q",3,2026-08-31 19:38:36.3700000,0,0,1200,2026-08-31 19:38:36.3700000,13.302220,-87.254440
818976,"Fray Lazaro",1172,97,"16P","16P1H5S1Q",3,2026-08-31 19:38:39.6900000,0,0,1200,2026-08-31 19:38:39.6900000,13.368610,-87.274170
818977,"El Copal",1172,97,"16P","16P1H5S1Q",3,2026-08-31 19:38:42.9200000,0,0,1200,2026-08-31 19:38:42.9200000,13.368610,-87.251110
815410,"Hacienda Himitos",1172,97,"16P","16P1H5S1Q",3,2026-08-31 19:38:46.4800000,0,0,1200,2026-08-31 19:38:46.4800000,13.293060,-87.220280
819031,"Los Jicaritos",1172,97,"16P","16P1H5S1Q",3,2026-08-31 19:38:51.3300000,0,0,1200,2026-08-31 19:38:51.3300000,13.370280,-87.223330
819840,"Copal Arriba",1172,97,"16P","16P1H5S1Q",3,2026-08-31 19:38:54.6330000,0,0,1200,2026-08-31 19:38:54.6370000,13.387780,-87.247780
815195,"Hacienda Barranco Blanco",1172,97,"16P","16P1H5S1Q",3,2026-08-31 05:31:47.1330000,0,0,2400,2026-08-31 19:38:58.3330000,13.286940,-87.301670
813184,"El Escurridero",1172,97,"16P","16P1H5S1Q",3,2026-08-31 19:39:02.4600000,0,0,1200,2026-08-31 19:39:02.4600000,13.244170,-87.279440
62475,"Bevondro",1877,143,"38K","38K2H4S2Q",2,2026-08-31 19:39:38.3500000,0,741,0,2026-08-31 19:39:38.3500000,-22.166670,43.616670
62376,"Ambariaho",1877,143,"38K","38K2H4S2Q",2,2026-08-31 19:39:42.1600000,0,741,0,2026-08-31 19:39:42.1600000,-22.183330,43.683330
62287,"Soavary",1877,143,"38K","38K2H4S2Q",2,2026-08-31 19:39:47.5030000,46,300,0,2026-08-31 19:39:47.5030000,-22.200000,43.700000
62170,"Ankandatse",1877,143,"38K","38K2H4S2Q",2,2026-08-31 19:39:50.4800000,0,741,0,2026-08-31 19:39:50.4800000,-22.216670,43.700000
62172,"Belolo",1877,143,"38K","38K2H4S2Q",2,2026-08-31 19:39:58.3000000,0,741,0,2026-08-31 19:39:58.3000000,-22.216670,43.716670
62377,"Bemoka",1877,143,"38K","38K2H4S2Q",2,2026-08-31 19:40:01.8470000,0,741,0,2026-08-31 19:40:01.8470000,-22.183330,43.716670
62378,"Mandasomotra",1877,143,"38K","38K2H4S2Q",2,2026-08-31 19:40:11.0700000,0,741,0,2026-08-31 19:40:11.0700000,-22.183330,43.783330
62289,"Amborondolo",1877,143,"38K","38K2H4S2Q",2,2026-08-31 19:40:05.7130000,0,1941,0,2026-08-31 19:41:27.7130000,-22.200000,43.800000
2067031,"Golf",3554,233,"16T","16T2H2S3Q",2,2026-05-28 11:08:35.5230000,0,252548,0,2026-08-31 19:43:28.5000000,42.058920,-87.792560
2471548,"Oppach",704,57,"33U","33U2H2S1Q",1,2024-12-11 17:49:36.0300000,46400,8100,0,2026-08-31 19:43:38.9500000,51.066670,14.500000
1251973,"Bryan's Addition Colonia",3549,233,"14R","14R2H2S4Q",3,2026-08-31 19:43:47.7370000,0,0,6778,2026-08-31 19:44:00.2000000,26.205350,-98.223350
1252215,"Trevino Colonia",3549,233,"14R","14R2H2S4Q",3,2026-08-31 19:45:20.8800000,0,0,999,2026-08-31 19:45:20.8800000,26.213410,-98.258350
2145495,"Okabena",3558,233,"15T","15T2H1S1Q",2,2019-11-09 14:29:58.6130000,0,7391,0,2026-08-31 19:47:14.5470000,43.739400,-95.315830
2508720,"Shil'da",2665,192,"40U","40U2H3S2Q",1,2026-08-31 19:48:04.2470000,1200,0,0,2026-08-31 19:48:04.2470000,51.813890,59.764720
2508726,"Yurtnoye",2715,192,"45U","45U2H1S1Q",1,2026-08-31 19:48:07.2630000,1200,0,0,2026-08-31 19:48:07.2630000,51.814100,84.226500
2313175,"Concarneau",961,75,"30T","30T1H2S1Q",3,2022-08-19 15:27:11.0930000,0,0,6050045,2026-08-31 19:48:08.0930000,47.875020,-3.922450
2508738,"Novopokrovka",2646,192,"37U","37U2H3S1Q",1,2026-08-31 19:48:09.8070000,1200,0,0,2026-08-31 19:48:09.8070000,51.814440,40.029440
2508757,"Mordovskiy Karay",2657,192,"38U","38U2H1S1Q",1,2026-08-31 19:48:14.2900000,1200,0,0,2026-08-31 19:48:14.2900000,51.815280,42.894440
1933347,"Spring Mills",3550,233,"18S","18S1H1S1Q",2,2026-08-27 01:40:43.2100000,0,43525,0,2026-08-31 19:48:26.3100000,39.558430,-77.953890
2306554,"The Highlands",3578,233,"10T","10T1H2S2Q",2,2013-11-08 05:00:08.9400000,0,1316259,0,2026-08-31 19:49:45.7500000,47.743710,-122.369570
200751,"Kalandanya",3817,248,"36L","36L1H1S2Q",2,2026-08-31 19:49:55.3570000,0,891,0,2026-08-31 19:49:55.3570000,-8.866670,31.550000
200458,"Nchinge",3817,248,"36L","36L1H1S2Q",2,2026-08-31 19:49:58.3200000,0,891,0,2026-08-31 19:49:58.3200000,-8.883330,31.533330
200457,"Mayembe",3817,248,"36L","36L1H1S2Q",2,2026-08-31 19:50:00.9700000,0,891,0,2026-08-31 19:50:00.9700000,-8.883330,31.516670
2271535,"Hinterkappelen",523,43,"32T","32T1H1S4Q",2,2025-12-18 22:34:18.1430000,0,1225832,0,2026-08-31 19:50:03.1830000,46.967310,7.377920
200747,"Chipale",3817,248,"36L","36L1H1S2Q",2,2026-08-31 19:50:04.1570000,0,891,0,2026-08-31 19:50:04.1570000,-8.866670,31.516670
200746,"Assumani",3817,248,"36L","36L1H1S2Q",2,2026-08-31 19:50:06.8000000,0,432,0,2026-08-31 19:50:06.8000000,-8.866670,31.500000
56257,"Ambatoharana",1880,143,"38K","38K2H6S4Q",2,2026-08-31 19:53:36.8130000,0,900,0,2026-08-31 19:53:36.8130000,-23.016670,47.400000
56005,"Antanivelo",1880,143,"38K","38K2H6S4Q",2,2026-08-31 19:53:37.1970000,0,900,0,2026-08-31 19:53:37.1970000,-23.050000,47.433330
55864,"Panatsiva",1880,143,"38K","38K2H6S4Q",2,2026-08-31 19:53:37.2030000,0,741,0,2026-08-31 19:53:37.2030000,-23.066670,47.450000
56630,"Lohakondro",1880,143,"38K","38K2H6S2Q",2,2026-08-31 19:53:39.2530000,0,900,0,2026-08-31 19:53:39.2530000,-22.966670,47.416670
57636,"Befatora",1880,143,"38K","38K2H6S2Q",2,2026-08-31 19:54:15.0000000,0,741,0,2026-08-31 19:54:15.0000000,-22.866670,47.416670
1379509,"Houston",3549,233,"15R","15R1H4S1Q",2,2020-12-17 05:05:35.4930000,300,15161622,0,2026-08-31 19:54:15.0000000,29.763280,-95.363270
57286,"Anandravy",1880,143,"38K","38K2H6S2Q",2,2026-08-31 19:54:23.5970000,0,741,0,2026-08-31 19:54:23.5970000,-22.900000,47.366670
56780,"Karaoka",1880,143,"38K","38K2H6S2Q",2,2026-08-31 19:54:36.2400000,0,900,0,2026-08-31 19:54:36.2400000,-22.950000,47.400000
2708963,"Vtuzgorodok",2705,192,"41V","41V2H4S3Q",1,2026-07-24 09:39:04.8830000,612203,0,0,2026-08-31 19:54:40.2270000,56.851110,60.658060
57769,"Nakasy",1880,143,"38K","38K2H6S2Q",2,2026-08-31 19:54:40.8670000,0,939,0,2026-08-31 19:54:40.8670000,-22.850000,47.433330
2601863,"Beaverhill",450,38,"12U","12U1H4S2Q",3,2026-08-31 19:55:22.1670000,0,0,3980,2026-08-31 19:55:29.6800000,53.800150,-112.868660
2601179,"Elk Island",450,38,"12U","12U1H4S2Q",3,2026-08-31 19:55:36.4300000,0,0,751,2026-08-31 19:55:36.4300000,53.783450,-112.985270
1982922,"Pittsburgh",3584,233,"17T","17T2H6S3Q",3,2014-01-16 21:01:18.0800000,0,0,40618140,2026-08-31 19:56:55.5270000,40.440620,-79.995890
2051303,"Clintondale",3562,233,"18T","18T2H5S2Q",2,2026-08-31 19:57:23.9830000,0,1051,0,2026-08-31 19:57:23.9830000,41.694820,-74.051250
2052324,"Clintondale Station",3562,233,"18T","18T2H5S2Q",2,2026-08-31 19:57:29.1630000,0,1051,0,2026-08-31 19:57:29.1630000,41.716480,-74.059310
62774,"Betaimbala",1877,143,"38K","38K2H4S2Q",2,2026-08-31 19:57:31.1170000,0,741,0,2026-08-31 19:57:31.1170000,-22.116670,43.783330
2051391,"Jenkinstown",3562,233,"18T","18T2H5S2Q",2,2026-08-31 19:57:50.6330000,0,622,0,2026-08-31 19:57:50.6330000,41.697040,-74.101530
2508766,"Nikolayevka",2654,192,"37U","37U2H3S1Q",1,2026-08-31 19:58:08.3500000,1200,0,0,2026-08-31 19:58:08.3500000,51.815630,40.955730
2508774,"Verkhnyaya Maza",2646,192,"37U","37U2H3S1Q",1,2026-08-31 19:58:12.8100000,1200,0,0,2026-08-31 19:58:12.8100000,51.815830,40.149720
2508778,"Podlesnoye",2657,192,"38U","38U2H3S2Q",1,2026-08-31 19:58:16.4500000,1200,0,0,2026-08-31 19:58:16.4500000,51.816100,47.009000
62873,"Ambohimahavelona",1877,143,"38K","38K2H4S2Q",2,2026-08-31 19:58:17.3430000,0,741,0,2026-08-31 19:58:17.3430000,-22.100000,43.750000
2508783,"Nizhenka",2677,192,"37U","37U2H1S2Q",1,2026-08-31 19:58:19.4500000,1200,0,0,2026-08-31 19:58:19.4500000,51.816210,37.313510
63080,"Andranobilo",1877,143,"38K","38K2H4S2Q",2,2026-08-31 19:58:21.2230000,0,741,0,2026-08-31 19:58:21.2230000,-22.066670,43.783330
1251919,"McAllen",3549,233,"14R","14R2H2S4Q",1,2018-12-07 20:51:32.0400000,86706,0,5797,2026-08-31 19:58:24.3430000,26.203410,-98.230010
62290,"Anolaky",1877,143,"38K","38K2H5S1Q",2,2026-08-31 19:58:31.9270000,0,741,0,2026-08-31 19:58:31.9270000,-22.200000,44.033330
62379,"Bevato",1877,143,"38K","38K2H5S1Q",2,2026-08-31 19:58:48.9100000,0,741,0,2026-08-31 19:58:48.9100000,-22.183330,44.033330
2051899,"Forest Glen",3562,233,"18T","18T2H5S2Q",2,2026-08-31 19:58:54.2100000,0,1041,0,2026-08-31 19:58:54.2100000,41.703980,-74.128200
62664,"Ambera",1877,143,"38K","38K2H5S1Q",2,2026-08-31 19:58:55.1130000,0,741,0,2026-08-31 19:58:55.1130000,-22.133330,44.050000
2052799,"Libertyville",3562,233,"18T","18T2H5S2Q",2,2026-08-31 19:58:57.0900000,0,622,0,2026-08-31 19:58:57.0930000,41.722320,-74.135140
2052313,"Wallkill Camp",3562,233,"18T","18T2H5S2Q",2,2026-08-31 19:59:00.1300000,0,1071,0,2026-08-31 19:59:00.1300000,41.716200,-74.162090
2051435,"Benton Corners",3562,233,"18T","18T2H5S2Q",2,2026-08-31 19:59:03.5230000,0,1072,0,2026-08-31 19:59:03.5230000,41.698430,-74.192090
2051048,"Tuthilltown",3562,233,"18T","18T2H5S2Q",2,2026-08-31 19:59:06.1670000,0,1054,0,2026-08-31 19:59:06.1670000,41.687040,-74.175420
2051065,"Tuthill",3562,233,"18T","18T2H5S2Q",2,2026-08-31 19:59:09.0030000,0,622,0,2026-08-31 19:59:09.0030000,41.687590,-74.162370
2050535,"Gardiner",3562,233,"18T","18T2H5S2Q",0,2026-08-31 19:59:14.9630000,0,0,0,2026-08-31 19:59:14.9630000,41.679820,-74.150420
62291,"Lohosy",1877,143,"38K","38K2H5S1Q",2,2026-08-31 19:59:27.8000000,0,741,0,2026-08-31 19:59:27.8000000,-22.200000,44.066670
2016205,"Jacksville",3584,233,"17T","17T2H5S2Q",3,2026-01-08 11:24:01.7630000,0,0,680890,2026-08-31 19:59:30.5170000,41.017010,-80.112840
62173,"Aborano",1877,143,"38K","38K2H5S1Q",2,2026-08-31 19:59:30.7800000,0,741,0,2026-08-31 19:59:30.7800000,-22.216670,44.083330
62292,"Andasy",1877,143,"38K","38K2H5S1Q",2,2026-08-31 19:59:34.7100000,0,741,0,2026-08-31 19:59:34.7100000,-22.200000,44.100000
2056957,"West Torrington",3552,233,"18T","18T2H6S1Q",2,2026-01-07 17:44:23.3870000,0,249591,0,2026-08-31 19:59:54.9630000,41.818430,-73.143720
1772741,"Paicines",3567,233,"10S","10S1H6S3Q",1,2024-08-28 15:23:51.7100000,380216,0,0,2026-08-31 20:00:15.3800000,36.728570,-121.278540
1793033,"Los Banos",3567,233,"10S","10S1H6S2Q",1,2024-10-27 00:29:39.0730000,563138,0,0,2026-08-31 20:00:25.6570000,37.058280,-120.849920
2601180,"Bruderheim",450,38,"12U","12U1H4S2Q",3,2026-08-31 19:55:44.1900000,0,0,1608,2026-08-31 20:01:12.8900000,53.783450,-112.935270
2504687,"Llancayo",976,77,"30U","30U2H2S2Q",3,2016-02-22 07:56:07.8500000,0,0,354877,2026-08-31 20:01:41.0900000,51.722220,-2.914170
2675206,"Babushkin",2670,192,"37U","37U1H1S2Q",2,,0,1519015,0,2026-08-31 20:03:54.2800000,55.869310,37.729660
2519556,"Zegrowko",2451,180,"33U","33U1H6S3Q",2,2026-08-31 17:01:05.2070000,0,101250,0,2026-08-31 20:03:56.8000000,52.044740,16.466040
62556,"Iandafiha",1877,143,"38K","38K2H5S1Q",2,2026-08-31 20:04:00.1770000,0,741,0,2026-08-31 20:04:00.1770000,-22.150000,44.116670
62380,"Bereketa",1877,143,"38K","38K2H5S1Q",2,2026-08-31 20:04:08.5070000,0,741,0,2026-08-31 20:04:08.5070000,-22.183330,44.100000
200749,"Fwambo",3817,248,"36L","36L1H1S2Q",2,2026-08-31 20:05:09.6400000,0,891,0,2026-08-31 20:05:09.6400000,-8.866670,31.533330
201111,"Chipundu",3817,248,"36L","36L1H1S2Q",2,2026-08-31 20:05:12.8130000,0,891,0,2026-08-31 20:05:12.8130000,-8.850000,31.533330
201539,"Kawimbe",3817,248,"36L","36L1H1S2Q",2,2026-08-31 20:05:15.3400000,0,891,0,2026-08-31 20:05:15.3400000,-8.833330,31.533330
201538,"Benson",3817,248,"36L","36L1H1S2Q",2,2026-08-31 20:05:17.1430000,0,891,0,2026-08-31 20:05:17.1430000,-8.833330,31.500000
62776,"Ambondro Avaratra",1877,143,"38K","38K2H5S1Q",2,2026-08-31 20:05:17.9670000,0,741,0,2026-08-31 20:05:17.9670000,-22.116670,44.116670
201110,"Nshika",3817,248,"36L","36L1H1S2Q",2,2026-08-31 20:05:19.9770000,0,432,0,2026-08-31 20:05:19.9770000,-8.850000,31.516670
63083,"Ankilimionga",1877,143,"38K","38K2H5S1Q",2,2026-08-31 20:05:21.6100000,0,741,0,2026-08-31 20:05:21.6100000,-22.066670,44.150000
63260,"Kotoboka",1877,143,"38K","38K2H5S1Q",2,2026-08-31 20:05:29.3200000,0,741,0,2026-08-31 20:05:29.3200000,-22.033330,44.166670
1400459,"Junction Windmill",3549,233,"14R","14R1H2S3Q",1,2026-08-31 20:05:55.0930000,1031,0,0,2026-08-31 20:05:55.0930000,30.269640,-99.700340
1406378,"Wilson Place",3549,233,"14R","14R1H1S4Q",1,2026-08-31 20:06:09.6730000,1026,0,0,2026-08-31 20:06:09.6730000,30.402970,-100.086190
1410516,"Buck Hollow",3549,233,"14R","14R1H1S4Q",1,2026-08-31 20:06:16.7700000,1029,0,0,2026-08-31 20:06:16.7700000,30.490190,-100.020630
1410550,"Roosevelt",3549,233,"14R","14R1H1S4Q",1,2026-08-31 20:06:30.1700000,1028,0,0,2026-08-31 20:06:30.1700000,30.491020,-100.055080
2671201,"Serebryanka",2671,192,"37U","37U1H1S2Q",2,2026-01-13 13:17:44.8170000,0,28763,0,2026-08-31 20:06:36.4300000,55.750000,37.916670
63549,"Besongoa Arivaroa",1877,143,"38K","38K2H2S3Q",2,2026-08-31 20:08:49.8900000,0,741,0,2026-08-31 20:08:49.8900000,-21.983330,44.133330
63550,"Bejangoa",1877,143,"38K","38K2H2S3Q",2,2026-08-31 20:08:52.8500000,0,741,0,2026-08-31 20:08:52.8500000,-21.983330,44.166670
63812,"Kidoroala",1877,143,"38K","38K2H2S3Q",2,2026-08-31 20:08:55.7830000,0,741,0,2026-08-31 20:08:55.7830000,-21.950000,44.166670
2678915,"Mamontovka",2671,192,"37U","37U1H1S2Q",3,2025-10-16 07:43:15.0730000,0,0,7043715,2026-08-31 20:09:28.4630000,55.980830,37.819720
2054385,"Hawkinsville",3567,233,"10T","10T2H5S2Q",2,2026-08-31 20:09:40.1130000,0,840,0,2026-08-31 20:09:40.1130000,41.760700,-122.621970
2291897,"Vertpuszta",1221,100,"34T","34T1H1S1Q",2,2026-06-26 10:03:53.5170000,0,260525,0,2026-08-31 20:09:42.4570000,47.433330,18.700000
2042551,"Gazelle",3567,233,"10T","10T2H5S2Q",2,2026-08-31 20:09:57.9370000,0,841,0,2026-08-31 20:09:57.9370000,41.520700,-122.520300
2042753,"Lynwood",3554,233,"16T","16T2H5S1Q",3,2025-09-13 20:32:22.1070000,0,46583,880503,2026-08-31 20:10:34.7500000,41.526420,-87.538650
1823096,"Redwood Shores",3567,233,"10S","10S1H5S2Q",1,2025-01-09 22:39:58.7830000,3347298,0,23323,2026-08-31 20:11:23.3670000,37.531880,-122.248020
2106154,"Jones Beach",3562,233,"18T","18T2H1S4Q",1,2024-08-07 13:14:36.1700000,95738,0,0,2026-08-31 20:12:06.5630000,42.904790,-76.394100
2111104,"Fowler",3557,233,"16T","16T2H3S2Q",1,2017-03-27 03:28:23.6500000,2908454,0,0,2026-08-31 20:13:28.4170000,43.001700,-84.739720
1886871,"King Farms",3567,233,"10S","10S1H3S3Q",2,2010-01-01 00:00:00.0000000,0,3922179,96202,2026-08-31 20:14:17.1830000,38.726570,-121.691350
2163686,"Pianta",1379,110,"33T","33T1H4S3Q",3,2026-08-31 20:14:06.2100000,0,0,10623,2026-08-31 20:14:29.6230000,44.244170,12.053890
2460099,"Achter den Berg",256,20,"31U","31U2H3S3Q",1,2026-08-06 00:11:19.1670000,70200,2342,0,2026-08-31 20:14:44.2570000,50.883330,4.550000
2597103,"Sandy Beach",450,38,"12U","12U1H4S2Q",3,2026-08-31 20:01:21.3530000,0,0,2052,2026-08-31 20:15:56.8170000,53.683450,-112.835250
2510789,"Much Hadham",979,77,"31U","31U2H1S1Q",2,2024-07-07 19:17:46.6030000,0,127823,42945,2026-08-31 20:16:39.4570000,51.854070,0.071880
1562132,"Laceys Chapel",3551,233,"16S","16S2H5S2Q",2,2026-08-31 20:17:01.1600000,0,1802,0,2026-08-31 20:17:01.1600000,33.372890,-86.920820
2364010,"Chavigny-Bailleul",956,75,"31U","31U2H4S4Q",3,2021-02-11 06:03:20.8170000,0,0,556020,2026-08-31 20:17:31.6130000,48.888130,1.201080
1553524,"Verlie",3551,233,"16S","16S2H5S2Q",3,2021-11-12 17:37:54.1470000,0,1200,270901,2026-08-31 20:18:07.9270000,33.213170,-86.801930
57080,"Ilanana",1877,143,"38K","38K2H6S1Q",2,2026-08-31 20:19:09.3600000,0,741,0,2026-08-31 20:19:09.3600000,-22.916670,46.150000
56769,"Fenoarivo",1877,143,"38K","38K2H6S1Q",2,2026-08-31 20:19:12.1170000,0,741,0,2026-08-31 20:19:12.1170000,-22.950000,46.150000
86013,"Anosibe-Trimoloharano",1882,143,"38K","38K1H6S4Q",2,2026-08-31 20:19:12.9500000,0,1200,0,2026-08-31 20:19:12.9500000,-19.166670,47.783330
56909,"Ikelivaho",1877,143,"38K","38K2H6S1Q",2,2026-08-31 20:19:14.8030000,0,741,0,2026-08-31 20:19:14.8030000,-22.933330,46.116670
84559,"Morarano",1882,143,"38K","38K1H6S4Q",2,2026-08-31 20:19:18.3670000,0,741,0,2026-08-31 20:19:18.3670000,-19.366670,47.700000
85050,"Ambatolampikely",1882,143,"38K","38K1H6S4Q",2,2026-08-31 20:19:23.3230000,0,741,0,2026-08-31 20:19:23.3230000,-19.300000,47.716670
84800,"Ampangabe",1882,143,"38K","38K1H6S4Q",2,2026-08-31 20:19:26.6030000,0,741,0,2026-08-31 20:19:26.6070000,-19.333330,47.733330
86010,"Ampataka",1882,143,"38K","38K1H6S4Q",2,2026-08-31 20:19:32.1430000,0,741,0,2026-08-31 20:19:32.1430000,-19.166670,47.716670
56249,"Befangitra",1877,143,"38K","38K2H6S3Q",2,2026-08-31 20:19:44.2930000,0,741,0,2026-08-31 20:19:44.2930000,-23.016670,46.116670
1765561,"Llanada",3567,233,"10S","10S1H6S4Q",1,2025-08-14 19:10:10.0370000,35884,0,0,2026-08-31 20:20:04.8970000,36.609120,-120.916570
201109,"Washama",3817,248,"36L","36L1H1S2Q",2,2026-08-31 20:20:22.6030000,0,891,0,2026-08-31 20:20:22.6030000,-8.850000,31.500000
201108,"Kayiwa",3817,248,"36L","36L1H1S2Q",2,2026-08-31 20:20:25.9030000,0,891,0,2026-08-31 20:20:25.9030000,-8.850000,31.466670
201107,"Kowa",3817,248,"36L","36L1H1S2Q",2,2026-08-31 20:20:28.3530000,0,891,0,2026-08-31 20:20:28.3530000,-8.850000,31.450000
202047,"Selemani",3817,248,"36L","36L1H1S2Q",2,2026-08-31 20:20:31.4930000,0,891,0,2026-08-31 20:20:31.4930000,-8.816670,31.550000
202634,"Lumi",3817,248,"36L","36L1H1S2Q",2,2026-08-31 20:20:34.3430000,0,891,0,2026-08-31 20:20:34.3430000,-8.800000,31.550000
58278,"Mandatany",1880,143,"38K","38K2H5S2Q",2,2026-08-31 20:20:47.7070000,0,1200,0,2026-08-31 20:20:47.7070000,-22.783330,45.333330
56386,"Sakalama",1877,143,"38K","38K2H5S4Q",2,2026-08-31 20:20:52.4600000,0,1200,0,2026-08-31 20:20:52.4600000,-23.000000,45.316670
58279,"Androtsy",1880,143,"38K","38K2H5S2Q",2,2026-08-31 20:20:57.9500000,0,1200,0,2026-08-31 20:20:57.9500000,-22.783330,45.350000
58280,"Ambondro",1880,143,"38K","38K2H5S2Q",2,2026-08-31 20:21:02.9800000,0,1200,0,2026-08-31 20:21:02.9800000,-22.783330,45.383330
1809171,"Talurdo",2541,185,"29S","29S1H5S2Q",2,2022-11-05 10:25:51.3100000,1022,792000,0,2026-08-31 20:21:30.6200000,37.300000,-8.383330
56130,"Androtsa",1877,143,"38K","38K2H6S3Q",2,2026-08-31 20:22:14.6000000,0,741,0,2026-08-31 20:22:14.6000000,-23.033330,46.100000
2099230,"Voluyak",283,22,"34T","34T2H3S4Q",1,2015-10-15 18:41:17.1870000,285104,0,0,2026-08-31 20:22:35.1500000,42.766670,23.250000
56489,"Mitsinjo",1877,143,"38K","38K2H5S1Q",2,2026-08-31 20:22:38.9570000,0,1200,0,2026-08-31 20:22:38.9570000,-22.983330,44.750000
1261290,"Delray Beach",3538,233,"17R","17R2H2S4Q",2,2026-01-20 23:58:20.6000000,0,211718,12324,2026-08-31 20:23:29.1700000,26.461460,-80.072820
2213731,"Abbiategrasso",1375,110,"32T","32T1H5S1Q",1,2026-08-31 20:23:41.6770000,3342,0,0,2026-08-31 20:23:43.0000000,45.398210,8.916780
1923854,"Union Corner",3550,233,"17S","17S1H3S2Q",1,2026-08-31 19:52:40.3970000,10956,0,0,2026-08-31 20:25:26.0230000,39.398710,-78.085560
2394884,"Obernesselbach",715,57,"32U","32U2H6S1Q",3,2014-02-09 18:30:33.5400000,0,0,2775724,2026-08-31 20:26:25.7370000,49.583330,10.483330
96426,"Ambohimena",1878,143,"39K","39K1H1S3Q",2,2026-08-31 20:26:56.9230000,0,741,0,2026-08-31 20:26:56.9230000,-17.783330,48.350000
96428,"Ambohiboatavo",1878,143,"39K","39K1H1S3Q",2,2026-08-31 20:27:01.5500000,0,741,0,2026-08-31 20:27:01.5500000,-17.783330,48.366670
96237,"Anosindrafilo",1878,143,"39K","39K1H1S3Q",2,2026-08-31 20:27:06.7130000,0,741,0,2026-08-31 20:27:06.7130000,-17.800000,48.366670
96429,"Ampitasimo",1878,143,"39K","39K1H1S3Q",2,2026-08-31 20:27:10.4130000,0,741,0,2026-08-31 20:27:10.4130000,-17.783330,48.383330
96037,"Antanambehivavy",1878,143,"39K","39K1H1S3Q",2,2026-08-31 20:27:16.1730000,0,741,0,2026-08-31 20:27:16.1730000,-17.816670,48.400000
95829,"Ambatondrazaka",1878,143,"39K","39K1H1S3Q",2,2026-08-31 20:27:20.6700000,0,741,0,2026-08-31 20:27:20.6700000,-17.833330,48.416670
95591,"Ankazotsaravolo",1878,143,"39K","39K1H1S3Q",2,2026-08-31 20:27:25.0030000,0,741,0,2026-08-31 20:27:25.0030000,-17.850000,48.400000
95380,"Marianina",1878,143,"39K","39K1H1S3Q",2,2026-08-31 20:27:31.0030000,0,741,0,2026-08-31 20:27:31.0030000,-17.866670,48.400000
2137140,"Prisoje",1863,141,"34T","34T2H1S2Q",2,2026-08-31 20:29:05.5770000,0,1200,0,2026-08-31 20:29:05.5770000,43.521670,19.170560
2136478,"Mekote",1863,141,"34T","34T2H1S2Q",2,2026-08-31 20:29:08.6700000,0,1200,0,2026-08-31 20:29:08.6700000,43.507220,19.180000
2136706,"Dolina",1863,141,"34T","34T2H1S2Q",2,2026-08-31 20:29:11.6600000,0,1200,0,2026-08-31 20:29:11.6600000,43.514720,19.187780
2137250,"Bukova Suma",1863,141,"34T","34T2H1S2Q",2,2026-08-31 20:29:13.8570000,0,1065,0,2026-08-31 20:29:13.8570000,43.525000,19.185560
2137461,"Krece",1863,141,"34T","34T2H1S2Q",2,2026-08-31 20:29:16.8100000,0,1200,0,2026-08-31 20:29:16.8100000,43.531670,19.189720
2455735,"Prostredni Zleb",699,56,"33U","33U2H2S3Q",3,2026-08-31 20:29:17.7630000,0,0,940,2026-08-31 20:29:17.7630000,50.801710,14.222520
2137153,"Dekare",1863,141,"34T","34T2H1S2Q",2,2026-08-31 20:29:19.7000000,0,1065,0,2026-08-31 20:29:19.7000000,43.521940,19.203610
2136707,"Bakije",1863,141,"34T","34T2H1S2Q",2,2026-08-31 20:29:28.5600000,0,1065,0,2026-08-31 20:29:28.5600000,43.514720,19.211940
2136319,"Osoje",1863,141,"34T","34T2H1S2Q",2,2026-08-31 20:29:31.9900000,0,1200,0,2026-08-31 20:29:31.9900000,43.501940,19.200830
55854,"Mitengoka",1877,143,"38K","38K2H6S3Q",2,2026-08-31 20:29:33.5570000,0,741,0,2026-08-31 20:29:33.5570000,-23.066670,46.100000
2456115,"Certova Voda",699,56,"33U","33U2H2S3Q",3,2026-08-31 20:29:35.0600000,0,0,940,2026-08-31 20:29:35.0630000,50.813830,14.221130
56129,"Soakijana",1877,143,"38K","38K2H6S3Q",2,2026-08-31 20:29:40.2470000,0,741,0,2026-08-31 20:29:40.2470000,-23.033330,46.083330
2456055,"Maxicky",699,56,"33U","33U2H2S3Q",3,2026-08-31 20:29:46.6600000,0,0,940,2026-08-31 20:29:46.6600000,50.811770,14.187450
55449,"Morarano",1877,143,"38K","38K2H5S4Q",2,2026-08-31 20:29:50.8030000,0,741,0,2026-08-31 20:29:50.8030000,-23.116670,45.900000
1934097,"Woodlyn",3563,233,"17S","17S1H1S1Q",3,2020-10-28 22:38:34.5470000,0,0,1520466,2026-08-31 20:30:15.0670000,39.570060,-83.114080
2453843,"Popovice",699,56,"33U","33U2H2S3Q",3,2026-08-31 20:30:34.2830000,0,0,940,2026-08-31 20:30:34.2830000,50.766870,14.180820
2454623,"Jaluvci",699,56,"33U","33U2H2S3Q",3,2026-08-31 20:30:39.7430000,0,0,940,2026-08-31 20:30:39.7430000,50.783330,14.183330
2454951,"Bela",699,56,"33U","33U2H2S3Q",3,2026-08-31 20:31:03.2400000,0,0,940,2026-08-31 20:31:03.2400000,50.790260,14.167760
2453251,"Krasny Studenec",699,56,"33U","33U2H2S3Q",3,2026-08-31 20:31:12.0100000,0,0,940,2026-08-31 20:31:12.0100000,50.762860,14.153550
2454622,"Bynov",699,56,"33U","33U2H2S3Q",3,2026-08-31 20:31:27.1300000,0,0,941,2026-08-31 20:31:27.1300000,50.783330,14.150000
2454881,"Nova Ves",699,56,"33U","33U2H2S3Q",3,2026-08-31 20:31:35.6300000,0,0,940,2026-08-31 20:31:35.6300000,50.787860,14.152920
2162370,"Ronco",1379,110,"33T","33T1H4S3Q",3,2026-08-31 20:31:39.6730000,0,0,8279,2026-08-31 20:31:47.8200000,44.208610,12.064440
2289848,"Aarau",528,43,"32T","32T1H2S1Q",3,2023-04-09 17:25:23.7830000,0,0,7474674,2026-08-31 20:31:52.1000000,47.392540,8.044220
2456869,"Kristin Hradek",699,56,"33U","33U2H2S3Q",3,2026-08-31 20:32:29.0470000,0,0,934,2026-08-31 20:32:29.0470000,50.825450,14.117360
1987334,"Ajalvir",904,68,"30T","30T2H5S3Q",1,2012-11-03 09:04:16.1400000,1222817,0,0,2026-08-31 20:32:35.2530000,40.533330,-3.483330
2504966,"Wormley",979,77,"30U","30U2H3S2Q",2,2024-07-16 06:43:03.2600000,0,3168516,0,2026-08-31 20:33:19.0700000,51.732400,-0.024200
2205358,"West Coon Rapids",3558,233,"15T","15T1H5S1Q",1,2013-10-17 18:48:25.9530000,3989439,0,0,2026-08-31 20:33:45.0800000,45.159690,-93.349670
2290536,"Rohr AG",528,43,"32T","32T1H2S1Q",3,2025-03-31 14:03:09.3230000,0,0,2486373,2026-08-31 20:34:48.5800000,47.401660,8.079590
2296143,"Muhlstatt",129,12,"32T","32T1H2S2Q",3,2024-10-10 08:29:18.2830000,0,0,20729,2026-08-31 20:35:11.6630000,47.524440,9.869170
203844,"Mbalamwezi",3817,248,"36L","36L1H1S2Q",2,2026-08-31 20:35:14.3070000,0,891,0,2026-08-31 20:35:14.3070000,-8.766670,31.550000
202633,"Munwe",3817,248,"36L","36L1H1S2Q",2,2026-08-31 20:35:17.9500000,0,891,0,2026-08-31 20:35:17.9500000,-8.800000,31.516670
203843,"Malambo",3817,248,"36L","36L1H1S2Q",2,2026-08-31 20:35:21.4670000,0,891,0,2026-08-31 20:35:21.4670000,-8.766670,31.500000
203219,"Nitande Chitongo",3817,248,"36L","36L1H1S2Q",2,2026-08-31 20:35:26.5170000,0,891,0,2026-08-31 20:35:26.5170000,-8.783330,31.466670
1723566,"Spring Valley",3545,233,"17S","17S2H3S1Q",3,2013-08-25 03:52:38.2870000,0,0,870964,2026-08-31 20:35:26.9970000,35.924590,-79.084460
55989,"Ranohendry",1877,143,"38K","38K2H5S4Q",2,2026-08-31 20:35:33.0900000,0,741,0,2026-08-31 20:35:33.0930000,-23.050000,45.850000
205235,"Zombe",3817,248,"36L","36L1H1S2Q",2,2026-08-31 20:35:33.7470000,0,891,0,2026-08-31 20:35:33.7470000,-8.733330,31.433330
55580,"Tafia",1877,143,"38K","38K2H5S4Q",2,2026-08-31 20:35:41.5400000,0,741,0,2026-08-31 20:35:41.5400000,-23.100000,45.916670
2141533,"Blagnac",951,75,"31T","31T2H1S2Q",2,2014-01-25 21:01:39.9200000,0,10929441,0,2026-08-31 20:37:51.8070000,43.633330,1.400000
1553967,"Navo",3549,233,"14S","14S2H6S2Q",3,2016-03-25 12:23:25.8830000,362,0,3701500,2026-08-31 20:38:17.5400000,33.220670,-96.930000
1764785,"Panoche",3567,233,"10S","10S1H6S4Q",1,2025-08-14 19:19:44.3930000,50072,0,0,2026-08-31 20:38:22.0830000,36.596900,-120.833510
1550558,"Little Elm",3549,233,"14S","14S2H6S2Q",3,2016-09-07 11:36:24.6730000,362,0,3780688,2026-08-31 20:38:23.5800000,33.162620,-96.937510
1549989,"Hackberry",3549,233,"14S","14S2H6S2Q",3,2017-03-16 14:22:15.4170000,362,0,6301533,2026-08-31 20:38:29.8800000,33.152340,-96.917780
1546530,"The Colony",3549,233,"14S","14S2H6S2Q",3,2016-11-29 19:53:42.6870000,362,0,5441182,2026-08-31 20:38:36.8630000,33.089010,-96.886390
1546252,"Camey",3549,233,"14S","14S2H6S2Q",1,2024-11-03 03:53:56.2400000,2124980,0,0,2026-08-31 20:38:44.5270000,33.083450,-96.856110
1549903,"Frisco",3549,233,"14S","14S2H6S2Q",1,2024-06-12 02:22:39.6100000,1141457,0,0,2026-08-31 20:39:05.4330000,33.150670,-96.823610
1879756,"Peethill",3567,233,"10S","10S1H3S3Q",2,2012-09-20 15:13:28.9300000,0,4010042,0,2026-08-31 20:39:08.1570000,38.584070,-121.522180
2796245,"Littoinen",929,70,"34V","34V1H6S3Q",1,2013-11-01 21:46:58.0300000,152545,0,5100,2026-08-31 20:39:23.9500000,60.445750,22.399060
2166687,"San Pietro in Laguna",1379,110,"32T","32T1H6S4Q",3,2026-08-31 20:41:22.3800000,0,0,3550,2026-08-31 20:41:26.1000000,44.324950,11.872620
2167572,"Celletta",1379,110,"32T","32T1H6S4Q",3,2026-08-31 20:41:30.8030000,0,0,2298,2026-08-31 20:41:33.1870000,44.350000,11.916670
1524614,"Talty",3549,233,"14S","14S2H6S4Q",1,2026-08-15 02:05:23.3900000,63744,0,0,2026-08-31 20:43:54.4730000,32.683190,-96.385540
1530337,"Colquitt",3549,233,"14S","14S2H6S4Q",1,2025-05-04 17:18:46.1300000,138892,0,0,2026-08-31 20:43:56.4430000,32.795400,-96.357480
1550592,"Farmersville",3549,233,"14S","14S2H6S2Q",1,2026-07-01 07:19:23.9570000,371291,0,0,2026-08-31 20:44:15.4170000,33.163450,-96.359980
1535664,"Gifford",3549,233,"14S","14S2H6S4Q",3,2025-01-16 23:51:48.8800000,0,0,3036005,2026-08-31 20:46:36.0570000,32.897900,-96.765830
2585627,"Brightside",979,77,"30U","30U1H6S1Q",3,2025-12-27 22:38:22.5330000,0,0,21045,2026-08-31 20:47:27.0070000,53.416670,-1.416670
2235596,"Magland",945,75,"32T","32T1H1S3Q",2,2014-06-28 21:13:46.5000000,0,897513,0,2026-08-31 20:48:15.2000000,46.016670,6.616670
2158590,"Santa Clara",3576,233,"10T","10T1H5S3Q",3,2025-01-06 00:52:54.2070000,0,0,1005300,2026-08-31 20:50:14.8430000,44.103460,-123.131200
201537,"Mbala",3817,248,"36L","36L1H1S2Q",2,2026-08-31 20:50:26.9370000,0,891,0,2026-08-31 20:50:26.9400000,-8.833330,31.383330
203217,"Mayanga",3817,248,"36L","36L1H1S2Q",2,2026-08-31 20:50:29.7370000,0,891,0,2026-08-31 20:50:29.7370000,-8.783330,31.383330
204538,"Kapandila",3817,248,"36L","36L1H1S2Q",2,2026-08-31 20:50:32.4200000,0,891,0,2026-08-31 20:50:32.4200000,-8.750000,31.366670
206733,"Kazinga",3817,248,"36L","36L1H1S2Q",2,2026-08-31 20:50:35.7270000,0,890,0,2026-08-31 20:50:35.7270000,-8.700000,31.383330
208353,"Simeon Zombe",3817,248,"36L","36L1H1S2Q",2,2026-08-31 20:50:39.2670000,0,890,0,2026-08-31 20:50:39.2670000,-8.666670,31.366670
2473609,"Wroclaw",2445,180,"33U","33U2H3S2Q",1,2016-02-08 20:40:44.9630000,420040868,0,0,2026-08-31 20:50:46.4400000,51.100000,17.033330
56118,"Bepia",1877,143,"38K","38K2H5S3Q",2,2026-08-31 20:51:22.7100000,0,1200,0,2026-08-31 20:51:22.7100000,-23.033330,44.850000
56240,"Andoharano",1877,143,"38K","38K2H5S3Q",2,2026-08-31 20:51:25.9300000,0,1200,0,2026-08-31 20:51:25.9300000,-23.016670,44.716670
56239,"Antanambao",1877,143,"38K","38K2H5S3Q",2,2026-08-31 20:51:30.9130000,0,1200,0,2026-08-31 20:51:30.9130000,-23.016670,44.700000
56117,"Antanandava",1877,143,"38K","38K2H5S3Q",2,2026-08-31 20:51:34.5070000,0,1200,0,2026-08-31 20:51:34.5070000,-23.033330,44.700000
55846,"Aborotsy",1877,143,"38K","38K2H5S3Q",2,2026-08-31 20:51:37.6600000,0,1200,0,2026-08-31 20:51:37.6600000,-23.066670,44.683330
55440,"Fenoarivo-Soaserana",1877,143,"38K","38K2H5S3Q",2,2026-08-31 20:51:41.1970000,0,1200,0,2026-08-31 20:51:41.1970000,-23.116670,44.633330
55172,"Beza",1877,143,"38K","38K2H5S3Q",2,2026-08-31 20:51:44.8130000,0,1200,0,2026-08-31 20:51:44.8130000,-23.150000,44.633330
55045,"Soaserana",1877,143,"38K","38K2H5S3Q",2,2026-08-31 20:51:48.4000000,0,1200,0,2026-08-31 20:51:48.4000000,-23.166670,44.633330
57459,"Ambohimahasoa",1880,143,"38K","38K2H6S2Q",2,2026-08-31 20:52:14.3700000,0,741,0,2026-08-31 20:52:14.3700000,-22.883330,47.350000
57634,"Andasibe",1880,143,"38K","38K2H6S2Q",2,2026-08-31 20:52:19.0830000,0,741,0,2026-08-31 20:52:19.0830000,-22.866670,47.350000
57768,"Nosiarivo",1880,143,"38K","38K2H6S2Q",2,2026-08-31 20:52:24.8100000,0,741,0,2026-08-31 20:52:24.8100000,-22.850000,47.333330
57903,"Antanandava",1880,143,"38K","38K2H6S2Q",2,2026-08-31 20:52:30.4770000,0,741,0,2026-08-31 20:52:30.4770000,-22.833330,47.366670
58017,"Tsaratonda",1880,143,"38K","38K2H6S2Q",2,2026-08-31 20:52:34.9070000,0,741,0,2026-08-31 20:52:34.9070000,-22.816670,47.416670
58160,"Mahatsinjo",1880,143,"38K","38K2H6S2Q",2,2026-08-31 20:52:38.9870000,0,939,0,2026-08-31 20:52:38.9870000,-22.800000,47.450000
58432,"Belambo",1880,143,"38K","38K2H6S2Q",2,2026-08-31 20:52:43.3430000,0,938,0,2026-08-31 20:52:43.3430000,-22.766670,47.516670
58555,"Andonabe",1880,143,"38K","38K2H6S2Q",2,2026-08-31 20:52:49.0700000,0,317,0,2026-08-31 20:52:49.0700000,-22.750000,47.483330
1888268,"Glasgow Village",3543,233,"15S","15S1H3S4Q",3,2017-06-23 22:53:41.8170000,0,480382,2232436,2026-08-31 20:52:50.3800000,38.753660,-90.198440
71951,"Andranomafana",1880,143,"38K","38K2H3S3Q",2,2026-08-31 20:52:56.7500000,0,741,0,2026-08-31 20:52:56.7500000,-21.000000,46.816670
72258,"Androimanga",1880,143,"38K","38K2H3S1Q",2,2026-08-31 20:53:01.3530000,0,741,0,2026-08-31 20:53:01.3530000,-20.966670,46.850000
72259,"Ambaro",1880,143,"38K","38K2H3S1Q",2,2026-08-31 20:53:05.1400000,0,741,0,2026-08-31 20:53:05.1400000,-20.966670,46.883330
72260,"Ambohitsikena",1880,143,"38K","38K2H3S1Q",2,2026-08-31 20:53:08.6830000,0,741,0,2026-08-31 20:53:08.6830000,-20.966670,46.900000
72531,"Nierana",1880,143,"38K","38K2H3S1Q",2,2026-08-31 20:53:12.0330000,0,741,0,2026-08-31 20:53:12.0330000,-20.933330,46.916670
72390,"Tsiangalarina",1880,143,"38K","38K2H3S1Q",2,2026-08-31 20:53:15.5800000,0,741,0,2026-08-31 20:53:15.5800000,-20.950000,46.950000
71952,"Ambondrona",1880,143,"38K","38K2H3S3Q",2,2026-08-31 20:53:19.2000000,0,741,0,2026-08-31 20:53:19.2000000,-21.000000,46.950000
72109,"Bedihy",1880,143,"38K","38K2H3S1Q",2,2026-08-31 20:53:24.7530000,0,741,0,2026-08-31 20:53:24.7530000,-20.983330,46.966670
2295987,"Fotschern",129,12,"32T","32T1H2S2Q",3,2024-10-10 10:41:01.4700000,0,0,20788,2026-08-31 20:53:44.7530000,47.517500,9.869440
87973,"Mandalokely",1882,143,"38K","38K1H5S2Q",2,2026-08-31 20:53:50.0030000,0,741,0,2026-08-31 20:53:50.0030000,-18.900000,45.966670
87838,"Ankazosamihafa",1882,143,"38K","38K1H5S2Q",2,2026-08-31 20:53:53.6500000,0,741,0,2026-08-31 20:53:53.6500000,-18.916670,45.983330
87705,"Ankoririka",1882,143,"38K","38K1H6S1Q",2,2026-08-31 20:53:57.0600000,0,741,0,2026-08-31 20:53:57.0600000,-18.933330,46.016670
87586,"Ambarinanahary",1882,143,"38K","38K1H6S1Q",2,2026-08-31 20:54:00.4770000,0,741,0,2026-08-31 20:54:00.4800000,-18.950000,46.100000
87453,"Ambatomainty",1882,143,"38K","38K1H6S1Q",2,2026-08-31 20:54:03.7370000,0,741,0,2026-08-31 20:54:03.7370000,-18.966670,46.100000
87974,"Atolampy",1882,143,"38K","38K1H6S1Q",2,2026-08-31 20:54:07.3400000,46,300,0,2026-08-31 20:54:07.3400000,-18.900000,46.116670
87976,"Mahatsinjo",1882,143,"38K","38K1H6S1Q",2,2026-08-31 20:54:11.8870000,0,741,0,2026-08-31 20:54:11.8870000,-18.900000,46.133330
87977,"Antaniditra",1882,143,"38K","38K1H6S1Q",2,2026-08-31 20:54:15.6270000,0,741,0,2026-08-31 20:54:15.6270000,-18.900000,46.150000
2550147,"Kramerpfuhl",713,57,"33U","33U1H4S4Q",2,2025-05-03 08:29:19.3200000,0,522258,0,2026-08-31 20:55:40.9930000,52.683330,13.033330
57277,"Andakatomihelo",1880,143,"38K","38K2H6S1Q",2,2026-08-31 20:56:01.7700000,0,741,0,2026-08-31 20:56:01.7700000,-22.900000,46.016670
56247,"Besorindra",1877,143,"38K","38K2H5S4Q",2,2026-08-31 20:56:10.1830000,0,741,0,2026-08-31 20:56:10.1830000,-23.016670,45.983330
2048763,"Grenada",3567,233,"10T","10T2H5S2Q",2,2026-08-31 20:56:10.4130000,0,841,0,2026-08-31 20:56:10.4130000,41.640580,-122.526010
56127,"Mahabo",1877,143,"38K","38K2H6S3Q",2,2026-08-31 20:56:18.8130000,0,741,0,2026-08-31 20:56:18.8130000,-23.033330,46.016670
55853,"Beteny",1877,143,"38K","38K2H6S3Q",2,2026-08-31 20:56:32.5100000,0,741,0,2026-08-31 20:56:32.5100000,-23.066670,46.000000
55452,"Fenoarivo Nord",1877,143,"38K","38K2H6S3Q",2,2026-08-31 20:56:37.7200000,0,741,0,2026-08-31 20:56:37.7200000,-23.116670,46.016670
55450,"Anaviavy",1877,143,"38K","38K2H6S3Q",2,2026-08-31 20:56:41.1130000,0,741,0,2026-08-31 20:56:41.1130000,-23.116670,46.000000
55310,"Fandranarivo Nord",1877,143,"38K","38K2H5S4Q",2,2026-08-31 20:56:44.8130000,0,741,0,2026-08-31 20:56:44.8130000,-23.133330,45.983330
55728,"Andranoboaka",1877,143,"38K","38K2H5S4Q",2,2026-08-31 20:56:49.8230000,0,741,0,2026-08-31 20:56:49.8230000,-23.083330,45.933330
12508,"West Hoxton",143,13,"56H","56H1H1S3Q",3,2017-06-30 21:21:51.8300000,0,0,1234091,2026-08-31 20:57:27.0170000,-33.916670,150.850000
2135765,"Dubrava",1863,141,"34T","34T2H1S2Q",2,2026-08-31 20:57:28.3330000,0,1200,0,2026-08-31 20:57:28.3330000,43.493610,19.215560
2136525,"Dakovici",1863,141,"34T","34T2H1S2Q",2,2026-08-31 20:57:31.3700000,0,1065,0,2026-08-31 20:57:31.3700000,43.509170,19.217500
2136376,"Zidovici",2644,191,"34T","34T2H1S2Q",2,2026-08-31 20:57:34.0300000,0,747,0,2026-08-31 20:57:34.0300000,43.504170,19.234440
2135662,"Pjevceva Glava",1863,141,"34T","34T2H1S2Q",2,2026-08-31 20:57:41.1500000,0,1200,0,2026-08-31 20:57:41.1500000,43.490000,19.220280
2134882,"Vucevo",1875,141,"34T","34T2H1S2Q",2,2026-08-31 20:57:45.4330000,0,1200,0,2026-08-31 20:57:45.4330000,43.472780,19.225830
2134983,"Plijesi",1863,141,"34T","34T2H1S2Q",2,2026-08-31 20:57:48.4670000,0,1200,0,2026-08-31 20:57:48.4670000,43.476670,19.211390
2134367,"Tusto Brdo",1863,141,"34T","34T2H1S2Q",2,2026-08-31 20:57:51.0200000,0,1200,0,2026-08-31 20:57:51.0200000,43.463890,19.206390
2134805,"Krst",1863,141,"34T","34T2H1S2Q",2,2026-08-31 20:57:53.4570000,0,1200,0,2026-08-31 20:57:53.4570000,43.470280,19.200560
58281,"Mandaboaly",1880,143,"38K","38K2H5S2Q",2,2026-08-31 20:58:05.8530000,0,1200,0,2026-08-31 20:58:05.8530000,-22.783330,45.400000
2453986,"Martineves",699,56,"33U","33U2H2S3Q",3,2026-08-31 20:58:09.6400000,0,0,940,2026-08-31 20:58:09.6400000,50.771510,14.122190
58144,"Mandatany",1880,143,"38K","38K2H5S2Q",2,2026-08-31 20:58:15.1330000,0,1200,0,2026-08-31 20:58:15.1330000,-22.800000,45.350000
2453909,"Kamenna",699,56,"33U","33U2H2S3Q",3,2026-08-31 20:58:16.7730000,0,0,936,2026-08-31 20:58:16.7730000,50.769140,14.111220
58003,"Ankotika",1880,143,"38K","38K2H5S2Q",2,2026-08-31 20:58:20.1300000,0,1200,0,2026-08-31 20:58:20.1300000,-22.816670,45.366670
2454814,"Sneznik",699,56,"33U","33U2H2S3Q",3,2026-08-31 20:58:25.1730000,0,0,940,2026-08-31 20:58:25.1730000,50.785600,14.097170
55852,"Andriabe Ouest",1877,143,"38K","38K2H5S4Q",2,2026-08-31 20:58:30.9400000,0,741,0,2026-08-31 20:58:30.9400000,-23.066670,45.950000
2453333,"Kamenec",699,56,"33U","33U2H2S3Q",3,2026-08-31 20:58:31.9200000,0,0,936,2026-08-31 20:58:31.9200000,50.765780,14.072990
2449288,"Chuderov",699,56,"33U","33U2H2S3Q",3,2026-08-31 20:58:41.7270000,0,0,941,2026-08-31 20:58:41.7270000,50.688650,14.046170
2449580,"Chuderovec",699,56,"33U","33U2H2S3Q",3,2026-08-31 20:59:07.0000000,0,0,940,2026-08-31 20:59:07.0000000,50.698850,14.041730
2450128,"Radesin",699,56,"33U","33U2H2S3Q",3,2026-08-31 20:59:13.9270000,0,0,940,2026-08-31 20:59:13.9270000,50.702000,14.067820
2450238,"Libov",699,56,"33U","33U2H2S3Q",3,2026-08-31 20:59:20.8070000,0,0,940,2026-08-31 20:59:20.8070000,50.705480,14.072460
64649,"Manoloa",1877,143,"38K","38K2H2S3Q",2,2026-08-31 20:59:45.6000000,0,712,0,2026-08-31 20:59:45.6030000,-21.850000,44.700000
64881,"Betabiky",1877,143,"38K","38K2H2S3Q",2,2026-08-31 20:59:50.0130000,0,712,0,2026-08-31 20:59:50.0130000,-21.816670,44.683330
65128,"Mandevy",1877,143,"38K","38K2H2S3Q",2,2026-08-31 20:59:55.1630000,0,712,0,2026-08-31 20:59:55.1630000,-21.783330,44.633330
65389,"Andriambe",1877,143,"38K","38K2H2S3Q",2,2026-08-31 20:59:58.9230000,0,712,0,2026-08-31 20:59:58.9230000,-21.750000,44.683330
65390,"Betaratsy",1877,143,"38K","38K2H2S3Q",2,2026-08-31 21:00:02.6200000,0,712,0,2026-08-31 21:00:02.6200000,-21.750000,44.716670
65391,"Bemarivo",1877,143,"38K","38K2H2S3Q",2,2026-08-31 21:00:08.7300000,0,712,0,2026-08-31 21:00:08.7300000,-21.750000,44.750000
65665,"Bemangarahara Atsimo",1877,143,"38K","38K2H2S3Q",2,2026-08-31 21:00:12.2100000,0,712,0,2026-08-31 21:00:12.2100000,-21.716670,44.750000
2402794,"Plzen",697,56,"33U","33U2H4S2Q",3,2026-08-12 13:03:50.7630000,0,17520,1419851,2026-08-31 21:00:24.3600000,49.747470,13.377590
65515,"Manandrea",1877,143,"38K","38K2H2S3Q",2,2026-08-31 21:00:44.2830000,0,712,0,2026-08-31 21:00:44.2830000,-21.733330,44.833330
2450497,"Arnultovice",699,56,"33U","33U2H2S3Q",3,2026-08-31 21:00:44.5530000,0,0,942,2026-08-31 21:00:44.5530000,50.714400,14.046020
741039,"Mabuli",2424,178,"51P","51P2H3S3Q",2,2026-08-31 21:00:58.0670000,0,1200,0,2026-08-31 21:00:58.0670000,10.950000,124.033330
740644,"Tabogon",2424,178,"51P","51P2H3S3Q",2,2026-08-31 21:01:06.7470000,0,3600,0,2026-08-31 21:01:09.7030000,10.941200,124.028200
742142,"Mabuang",2424,178,"51P","51P2H3S3Q",2,2026-08-31 21:01:22.6670000,0,1200,0,2026-08-31 21:01:22.6670000,10.983330,124.016670
2489445,"Longfield",979,77,"31U","31U2H1S1Q",3,2014-09-05 15:22:19.6400000,0,0,1188979,2026-08-31 21:01:28.0700000,51.396900,0.302120
741822,"Mabuli",2424,178,"51P","51P2H2S4Q",2,2026-08-31 21:01:32.2430000,0,1200,0,2026-08-31 21:01:32.2430000,10.980100,123.996400
741707,"Tangub",2424,178,"51P","51P2H2S4Q",2,2026-08-31 21:01:38.0400000,0,1200,0,2026-08-31 21:01:38.0400000,10.971600,123.996200
741038,"Loong",2424,178,"51P","51P2H3S3Q",2,2026-08-31 21:01:46.6300000,0,1200,0,2026-08-31 21:01:46.6300000,10.950000,124.000000
741102,"Santican",2424,178,"51P","51P2H3S3Q",2,2026-08-31 21:02:12.7170000,0,1200,0,2026-08-31 21:02:12.7170000,10.952200,124.007600
2410845,"Siepraw",2439,180,"34U","34U2H4S2Q",3,2017-06-05 20:06:56.0230000,0,0,1164402,2026-08-31 21:02:48.5670000,49.914370,19.958640
1760084,"Dean",3567,233,"10S","10S1H6S3Q",1,2026-08-08 23:07:25.2600000,8754,4,2700,2026-08-31 21:03:10.1970000,36.520800,-121.462160
1763284,"Chualar",3567,233,"10S","10S1H6S3Q",1,2026-02-13 23:36:58.9300000,10780,0,1799,2026-08-31 21:03:32.4870000,36.571110,-121.510290
209276,"Jim Malesu",3817,248,"36L","36L1H1S2Q",2,2026-08-31 21:05:33.5230000,0,890,0,2026-08-31 21:05:33.5230000,-8.650000,31.366670
209275,"Chingambo",3817,248,"36L","36L1H1S2Q",2,2026-08-31 21:05:36.2630000,0,890,0,2026-08-31 21:05:36.2630000,-8.650000,31.333330
208352,"Makwakwa",3817,248,"36L","36L1H1S2Q",2,2026-08-31 21:05:38.9130000,0,890,0,2026-08-31 21:05:38.9130000,-8.666670,31.300000
207572,"Kakoma",3817,248,"36L","36L1H1S2Q",2,2026-08-31 21:05:41.3470000,0,890,0,2026-08-31 21:05:41.3470000,-8.683330,31.300000
201535,"Philip",3817,248,"36L","36L1H1S2Q",2,2026-08-31 21:05:47.9700000,0,891,0,2026-08-31 21:05:47.9700000,-8.833330,31.200000
95219,"Ilafy",1878,143,"39K","39K1H1S3Q",2,2026-08-31 21:08:03.3970000,0,741,0,2026-08-31 21:08:03.3970000,-17.883330,48.416670
95067,"Antanandava",1878,143,"39K","39K1H1S3Q",2,2026-08-31 21:08:07.7730000,0,741,0,2026-08-31 21:08:07.7730000,-17.900000,48.433330
94917,"Mahatsara",1878,143,"39K","39K1H1S3Q",2,2026-08-31 21:08:11.4300000,0,741,0,2026-08-31 21:08:11.4300000,-17.916670,48.416670
95066,"Ambohimanga",1878,143,"39K","39K1H1S3Q",2,2026-08-31 21:08:14.9000000,0,741,0,2026-08-31 21:08:14.9000000,-17.900000,48.400000
95065,"Morafelo",1878,143,"39K","39K1H1S3Q",2,2026-08-31 21:08:18.1570000,0,741,0,2026-08-31 21:08:18.1570000,-17.900000,48.383330
95381,"Ambongabe",1878,143,"39K","39K1H1S3Q",2,2026-08-31 21:08:22.2270000,0,741,0,2026-08-31 21:08:22.2270000,-17.866670,48.466670
95831,"Morateno",1878,143,"39K","39K1H1S3Q",2,2026-08-31 21:08:25.6000000,0,741,0,2026-08-31 21:08:25.6000000,-17.833330,48.466670
96038,"Andingadingana",1878,143,"39K","39K1H1S3Q",2,2026-08-31 21:08:29.4930000,0,741,0,2026-08-31 21:08:29.4930000,-17.816670,48.450000
2409993,"Nowa Wies",2439,180,"34U","34U2H5S1Q",2,2026-07-01 18:18:49.8570000,0,847396,0,2026-08-31 21:08:53.4170000,49.895190,20.068590
12942,"Toongabbie",143,13,"56H","56H1H1S3Q",3,2016-04-09 23:26:58.5170000,0,0,8189544,2026-08-31 21:09:34.3300000,-33.783330,150.950000
1737111,"Ora",3567,233,"10S","10S1H6S4Q",1,2026-07-28 16:26:32.1070000,30760,0,0,2026-08-31 21:10:20.1300000,36.151340,-120.326540
12634,"Chinatown",143,13,"56H","56H1H1S4Q",3,2016-04-26 08:41:44.3330000,0,0,4026741,2026-08-31 21:10:44.5100000,-33.878800,151.204000
2041796,"Chicago Heights",3554,233,"16T","16T2H5S1Q",3,2026-08-24 02:02:41.3800000,0,6721,62074,2026-08-31 21:12:16.5400000,41.506150,-87.635600
2146068,"Veatch",3576,233,"10T","10T2H2S1Q",3,2024-12-30 02:27:34.8630000,0,0,803423,2026-08-31 21:12:44.7100000,43.755960,-123.103140
1627597,"Lanier North Woods",3539,233,"17S","17S2H1S3Q",1,2014-10-01 01:28:28.9470000,633245,0,0,2026-08-31 21:14:54.0770000,34.374540,-83.860460
2534464,"Stemmen",708,57,"32U","32U1H5S4Q",3,2016-01-16 19:35:31.7700000,0,0,12784,2026-08-31 21:15:13.1900000,52.344460,9.519310
2531050,"Wennigser Mark",708,57,"32U","32U1H5S4Q",3,2020-12-13 09:20:31.1900000,345,0,14962,2026-08-31 21:15:41.7030000,52.270360,9.529440
2532060,"Kirchdorf",708,57,"32U","32U1H5S4Q",3,2015-12-02 06:13:39.9570000,345,0,15928,2026-08-31 21:15:49.0830000,52.293260,9.490470
55991,"Andriabe",1877,143,"38K","38K2H5S4Q",2,2026-08-31 21:08:52.7800000,0,3141,0,2026-08-31 21:15:54.0930000,-23.050000,45.966670
56246,"Bepeha",1877,143,"38K","38K2H5S4Q",2,2026-08-31 21:15:56.4970000,0,741,0,2026-08-31 21:15:56.4970000,-23.016670,45.950000
55990,"Mahebo",1877,143,"38K","38K2H5S4Q",2,2026-08-31 21:16:01.9070000,0,741,0,2026-08-31 21:16:01.9070000,-23.050000,45.916670
56245,"Ambararata",1877,143,"38K","38K2H5S4Q",2,2026-08-31 21:16:02.5200000,0,741,0,2026-08-31 21:16:02.5200000,-23.016670,45.916670
2531228,"Linderte",708,57,"32U","32U1H5S4Q",2,2026-03-16 19:08:34.4900000,0,5842,900,2026-08-31 21:16:27.3000000,52.276350,9.662300
2533948,"Dohren",708,57,"32U","32U1H5S4Q",3,2026-08-31 21:18:00.5870000,0,2424,3000,2026-08-31 21:18:00.5870000,52.333330,9.766670
2535760,"Ahlten",708,57,"32U","32U1H5S4Q",3,2015-04-19 06:06:21.8700000,0,0,29005,2026-08-31 21:18:24.2000000,52.366690,9.909320
2161072,"Marcola",3576,233,"10T","10T1H5S4Q",3,2024-12-18 14:56:10.1330000,0,0,132288,2026-08-31 21:18:46.0470000,44.172350,-122.860640
56126,"Betsinefo",1877,143,"38K","38K2H5S4Q",2,2026-08-31 21:19:01.2600000,0,741,0,2026-08-31 21:19:01.2630000,-23.033330,45.866670
56390,"Ambinda",1877,143,"38K","38K2H5S4Q",2,2026-08-31 21:19:04.3430000,0,741,0,2026-08-31 21:19:04.3430000,-23.000000,45.833330
2318273,"Cavalero Corner",3578,233,"10T","10T1H2S2Q",1,2020-06-24 19:30:56.1770000,4104534,24093,0,2026-08-31 21:19:20.6300000,47.978150,-122.134850
1920678,"Arlington",3542,233,"18S","18S1H1S2Q",2,2026-08-11 14:51:00.7130000,27460,93442,0,2026-08-31 21:20:20.1130000,39.339550,-76.683860
202629,"Sinelingonzi",3817,248,"36L","36L1H1S2Q",2,2026-08-31 21:20:37.3600000,0,1631,0,2026-08-31 21:20:37.3600000,-8.800000,31.050000
209278,"Mwimbi",3401,229,"36L","36L1H1S2Q",2,2026-08-31 21:20:49.4730000,0,890,0,2026-08-31 21:20:49.4730000,-8.650000,31.666670
2507008,"Sulbeck",708,57,"32U","32U2H2S2Q",3,2020-01-30 14:54:06.8630000,0,0,37607,2026-08-31 21:20:51.7900000,51.772940,9.917910
205236,"Ulumi",3401,229,"36L","36L1H1S2Q",2,2026-08-31 21:20:52.9700000,0,891,0,2026-08-31 21:20:52.9700000,-8.733330,31.733330
209279,"Kalumbo",3401,229,"36L","36L1H1S2Q",2,2026-08-31 21:20:56.4900000,0,891,0,2026-08-31 21:20:56.4900000,-8.650000,31.783330
209280,"Mwela",3401,229,"36L","36L1H1S2Q",2,2026-08-31 21:21:00.0330000,0,891,0,2026-08-31 21:21:00.0330000,-8.650000,31.800000
785249,"Ban Bo Kaeo",3165,218,"47P","47P1H5S4Q",1,2016-02-18 16:00:52.3100000,252283,23892,0,2026-08-31 21:22:08.0200000,12.433330,99.983330
2537881,"Havelse",708,57,"32U","32U1H5S4Q",2,2026-03-05 19:06:48.3070000,0,3294,600,2026-08-31 21:23:32.5300000,52.416670,9.600000
2545380,"Oegenbostel",708,57,"32U","32U1H5S4Q",3,2014-09-12 08:09:41.0670000,0,0,35286,2026-08-31 21:24:15.6730000,52.581670,9.692170
2534445,"Duttenstedt",708,57,"32U","32U1H6S3Q",3,2019-03-20 14:59:27.3330000,0,0,18571,2026-08-31 21:24:51.9500000,52.343620,10.293850
56618,"Betsinefo",1877,143,"38K","38K2H5S2Q",2,2026-08-31 21:25:21.6470000,0,741,0,2026-08-31 21:25:21.6470000,-22.966670,45.833330
56767,"Iaborotra",1877,143,"38K","38K2H5S2Q",2,2026-08-31 21:25:25.0130000,0,741,0,2026-08-31 21:25:25.0130000,-22.950000,45.866670
12440,"Mascot",143,13,"56H","56H1H1S4Q",3,2015-10-29 22:45:59.2470000,0,0,5355823,2026-08-31 21:26:26.9600000,-33.933330,151.200000
2536302,"In der Harst",708,57,"32U","32U1H5S4Q",3,2015-04-18 18:44:28.5930000,0,0,27316,2026-08-31 21:27:07.9370000,52.383330,9.900000
13709,"Canoelands",143,13,"56H","56H1H1S4Q",2,2026-07-21 09:09:07.7030000,0,2234901,402,2026-08-31 21:27:26.8500000,-33.500000,151.066670
12056,"Miranda",143,13,"56H","56H1H4S2Q",2,2026-07-13 21:42:21.4270000,0,4201753,402,2026-08-31 21:27:50.2670000,-34.033330,151.100000
2153865,"Palisades Corner",3573,233,"11T","11T2H2S2Q",1,2026-08-02 15:06:47.8070000,11007,0,0,2026-08-31 21:28:28.8200000,43.975160,-116.912660
2313399,"Fougerolles",957,75,"32T","32T1H1S1Q",1,2019-10-28 22:22:52.2500000,960701,0,0,2026-08-31 21:28:44.1800000,47.883330,6.400000
1604849,"Inceville",3567,233,"11S","11S2H1S4Q",3,2015-10-21 12:58:32.0500000,0,0,1615029,2026-08-31 21:28:45.5270000,34.038340,-118.555360
12629,"The Glebe",143,13,"56H","56H1H1S4Q",3,2017-03-14 10:24:55.3430000,0,0,1515846,2026-08-31 21:28:50.9200000,-33.879440,151.186390
1605923,"Brentwood Park",3567,233,"11S","11S2H1S4Q",3,2016-06-08 03:29:49.5030000,0,0,1116357,2026-08-31 21:29:03.1600000,34.055010,-118.488140
12627,"Haberfield",143,13,"56H","56H1H1S4Q",3,2017-03-16 20:20:23.3000000,0,0,1509158,2026-08-31 21:29:07.5170000,-33.883330,151.200000
87585,"Miandrarivo",1882,143,"38K","38K1H5S2Q",2,2026-08-31 21:31:20.2630000,0,741,0,2026-08-31 21:31:20.2630000,-18.950000,45.983330
87704,"Mandalobe",1882,143,"38K","38K1H5S2Q",2,2026-08-31 21:31:25.6600000,0,741,0,2026-08-31 21:31:25.6600000,-18.933330,45.966670
87584,"Vohitsoa",1882,143,"38K","38K1H5S2Q",2,2026-08-31 21:31:28.6000000,0,741,0,2026-08-31 21:31:28.6000000,-18.950000,45.966670
87452,"Tsinjovary",1882,143,"38K","38K1H6S1Q",2,2026-08-31 21:31:31.6100000,0,741,0,2026-08-31 21:31:31.6100000,-18.966670,46.000000
87220,"Soamanana",1882,143,"38K","38K1H5S4Q",2,2026-08-31 21:31:34.5630000,0,741,0,2026-08-31 21:31:34.5630000,-19.000000,45.983330
87325,"Ankitsikitsika",1882,143,"38K","38K1H6S1Q",2,2026-08-31 21:31:37.6470000,0,741,0,2026-08-31 21:31:37.6470000,-18.983330,46.066670
86458,"Tsinjoarivo",1882,143,"38K","38K1H6S3Q",2,2026-08-31 21:31:44.0170000,0,741,0,2026-08-31 21:31:44.0170000,-19.100000,46.083330
87113,"Marotoko",1882,143,"38K","38K1H6S3Q",2,2026-08-31 21:31:52.1100000,0,741,0,2026-08-31 21:31:52.1100000,-19.016670,46.066670
2534478,"Northen",708,57,"32U","32U1H5S4Q",3,2019-04-19 20:33:03.6900000,345,0,19817,2026-08-31 21:32:04.0730000,52.344880,9.607890
2535178,"Badenstedt",708,57,"32U","32U1H5S4Q",3,2015-05-23 18:47:40.0670000,0,0,42603,2026-08-31 21:32:20.3930000,52.358090,9.670720
71954,"Ambatolahy",1880,143,"38K","38K2H3S4Q",2,2026-08-31 21:32:33.3430000,0,741,0,2026-08-31 21:32:33.3430000,-21.000000,47.000000
72110,"Ambahondrano",1880,143,"38K","38K2H3S2Q",2,2026-08-31 21:32:36.9000000,0,741,0,2026-08-31 21:32:36.9000000,-20.983330,47.016670
71955,"Amboasary",1880,143,"38K","38K2H3S4Q",2,2026-08-31 21:32:40.2400000,0,741,0,2026-08-31 21:32:40.2400000,-21.000000,47.050000
71957,"Iatara",1880,143,"38K","38K2H3S4Q",2,2026-08-31 21:32:43.6930000,0,741,0,2026-08-31 21:32:43.6930000,-21.000000,47.066670
1683299,"Cosnino",3572,233,"12S","12S2H2S1Q",1,2013-02-02 23:55:02.1200000,8231587,0,0,2026-08-31 21:32:45.3730000,35.205570,-111.474880
71840,"Ambohibao",1880,143,"38K","38K2H3S4Q",2,2026-08-31 21:32:46.9630000,0,741,0,2026-08-31 21:32:46.9630000,-21.016670,47.083330
71693,"Ambohipopona",1880,143,"38K","38K2H3S4Q",2,2026-08-31 21:32:50.2670000,0,741,0,2026-08-31 21:32:50.2670000,-21.033330,47.116670
71565,"Androhy",1880,143,"38K","38K2H3S4Q",2,2026-08-31 21:32:53.8330000,0,741,0,2026-08-31 21:32:53.8330000,-21.050000,47.116670
1875851,"Bay View Park",3537,233,"18S","18S1H2S3Q",1,2024-07-17 16:47:04.7930000,91691,0,0,2026-08-31 21:33:01.8530000,38.507610,-75.059350
71427,"Sahave",1880,143,"38K","38K2H3S4Q",2,2026-08-31 21:33:07.3000000,0,741,0,2026-08-31 21:33:07.3000000,-21.066670,47.116670
791497,"Ban Bo Fai (1)",3165,218,"47P","47P1H5S4Q",1,2015-12-21 19:07:30.6500000,2874292,12670,0,2026-08-31 21:33:10.0300000,12.616670,99.950000
87221,"Antanetibe",1882,143,"38K","38K1H6S3Q",2,2026-08-31 21:33:41.6630000,0,741,0,2026-08-31 21:33:41.6630000,-19.000000,46.066670
2539424,"Klingenberg",708,57,"32U","32U1H5S4Q",3,2017-05-21 20:37:48.7400000,345,0,27912,2026-08-31 21:33:47.7130000,52.450000,9.550000
56768,"Vohimalaza",1877,143,"38K","38K2H5S2Q",2,2026-08-31 21:34:04.5500000,0,741,0,2026-08-31 21:34:04.5500000,-22.950000,45.883330
65666,"Vorinara",1880,143,"38K","38K2H2S3Q",2,2026-08-31 21:34:04.9730000,0,712,0,2026-08-31 21:34:04.9730000,-21.716670,44.883330
56619,"Antanandava",1877,143,"38K","38K2H5S2Q",2,2026-08-31 21:34:07.3500000,0,741,0,2026-08-31 21:34:07.3500000,-22.966670,45.933330
65796,"Irevo",1877,143,"38K","38K2H2S3Q",2,2026-08-31 21:34:08.6730000,0,712,0,2026-08-31 21:34:08.6730000,-21.700000,44.950000
56620,"Soatanana",1877,143,"38K","38K2H5S2Q",2,2026-08-31 21:34:10.7200000,0,741,0,2026-08-31 21:34:10.7200000,-22.966670,45.966670
66240,"Morarano",1877,143,"38K","38K2H2S3Q",2,2026-08-31 21:34:14.8230000,0,712,0,2026-08-31 21:34:14.8230000,-21.650000,44.933330
56617,"Sambalahy",1877,143,"38K","38K2H5S2Q",2,2026-08-31 21:34:20.8970000,0,741,0,2026-08-31 21:34:20.8970000,-22.966670,45.766670
65943,"Nanambikely",1877,143,"38K","38K2H2S4Q",2,2026-08-31 21:34:21.9070000,0,712,0,2026-08-31 21:34:21.9070000,-21.683330,45.000000
2531554,"Horkamp-Langenbruch",708,57,"32U","32U1H5S4Q",3,2017-05-16 01:13:01.6500000,0,0,11115,2026-08-31 21:34:24.1170000,52.283330,9.216670
65516,"Manamby",1877,143,"38K","38K2H2S3Q",2,2026-08-31 21:34:26.1700000,184,300,0,2026-08-31 21:34:26.1700000,-21.733330,44.983330
66082,"Ambalamanga",1877,143,"38K","38K2H2S4Q",2,2026-08-31 21:34:29.4070000,0,712,0,2026-08-31 21:34:29.4070000,-21.666670,45.033330
65944,"Bevolo",1877,143,"38K","38K2H2S4Q",2,2026-08-31 21:34:34.7500000,0,712,0,2026-08-31 21:34:34.7500000,-21.683330,45.033330
2533143,"Reinebuld",708,57,"32U","32U1H5S4Q",3,2014-08-11 10:52:16.2870000,0,0,29236,2026-08-31 21:35:30.5000000,52.316670,9.266670
2531551,"Liekwegen",708,57,"32U","32U1H5S4Q",3,2017-05-16 21:29:33.9070000,0,0,25167,2026-08-31 21:35:43.8600000,52.283330,9.166670
205931,"Saza",3401,229,"36L","36L1H1S2Q",2,2026-08-31 21:35:50.2630000,0,891,0,2026-08-31 21:35:50.2630000,-8.716670,31.833330
58001,"Tanambao",1880,143,"38K","38K2H5S2Q",2,2026-08-31 21:35:51.7430000,0,1200,0,2026-08-31 21:35:51.7430000,-22.816670,45.333330
57754,"Sakamalio",1880,143,"38K","38K2H5S2Q",2,2026-08-31 21:35:56.0500000,0,1200,0,2026-08-31 21:35:56.0530000,-22.850000,45.333330
209281,"Chisya",3401,229,"36L","36L1H1S2Q",2,2026-08-31 21:35:56.9830000,0,891,0,2026-08-31 21:35:56.9830000,-8.650000,31.900000
57270,"Ampandrabe",1880,143,"38K","38K2H5S2Q",2,2026-08-31 21:35:59.0030000,0,1200,0,2026-08-31 21:35:59.0030000,-22.900000,45.316670
57072,"Lola",1880,143,"38K","38K2H5S2Q",2,2026-08-31 21:36:02.5070000,0,1200,0,2026-08-31 21:36:02.5070000,-22.916670,45.333330
205237,"Misansa",3401,229,"36L","36L1H1S2Q",2,2026-08-31 21:36:05.7000000,0,891,0,2026-08-31 21:36:05.7030000,-8.733330,31.950000
56902,"Soatanana",1880,143,"38K","38K2H5S2Q",2,2026-08-31 21:36:05.7970000,0,1200,0,2026-08-31 21:36:05.7970000,-22.933330,45.316670
57892,"Ankily",1880,143,"38K","38K2H5S2Q",2,2026-08-31 21:36:09.7730000,0,1200,0,2026-08-31 21:36:09.7730000,-22.833330,45.416670
203845,"Solesia",3401,229,"36L","36L1H1S2Q",2,2026-08-31 21:36:11.5870000,0,891,0,2026-08-31 21:36:11.5870000,-8.766670,31.950000
57617,"Soaserana",1877,143,"38K","38K2H5S2Q",2,2026-08-31 21:36:13.3070000,0,1200,0,2026-08-31 21:36:13.3070000,-22.866670,45.416670
57755,"Mokarana",1877,143,"38K","38K2H5S2Q",2,2026-08-31 21:36:17.3900000,0,1200,0,2026-08-31 21:36:17.3900000,-22.850000,45.433330
12636,"Ultimo",143,13,"56H","56H1H1S4Q",3,2017-06-04 01:57:41.5300000,0,0,1505333,2026-08-31 21:36:44.4270000,-33.878610,151.196940
2538653,"Luthe",708,57,"32U","32U1H5S4Q",3,2020-02-27 11:26:26.4770000,0,0,22415,2026-08-31 21:36:57.7170000,52.433330,9.483330
12894,"Eastwood",143,13,"56H","56H1H1S4Q",3,2016-10-09 03:20:07.7770000,0,0,1449063,2026-08-31 21:38:19.6200000,-33.800000,151.083330
1952434,"Riverdale",3567,233,"10S","10S1H2S1Q",2,2026-08-31 21:38:48.7630000,0,834,0,2026-08-31 21:38:48.7630000,39.887650,-123.747520
2225659,"Escanaba",3557,233,"16T","16T1H5S1Q",1,2026-08-31 21:40:40.8200000,1004,0,0,2026-08-31 21:40:40.8230000,45.745250,-87.064580
2223261,"Ford River",3557,233,"16T","16T1H5S1Q",1,2026-08-31 21:40:49.3870000,1026,0,0,2026-08-31 21:40:49.3870000,45.679410,-87.140130
2221944,"Island View",3557,233,"16T","16T1H5S1Q",1,2026-08-31 21:41:05.8000000,797,0,281,2026-08-31 21:41:05.8000000,45.639420,-87.197630
2135110,"Panjevi",1863,141,"34T","34T2H1S2Q",2,2026-08-31 21:41:27.6930000,0,1200,0,2026-08-31 21:41:27.6930000,43.481390,19.196940
2135685,"Mlakva",1863,141,"34T","34T2H1S2Q",2,2026-08-31 21:41:30.4330000,0,1200,0,2026-08-31 21:41:30.4330000,43.490830,19.212500
2136573,"Poblace",1863,141,"34T","34T2H1S2Q",2,2026-08-31 21:41:44.3500000,0,1200,0,2026-08-31 21:41:44.3500000,43.510560,19.202780
2136514,"Krst",1863,141,"34T","34T2H1S2Q",2,2026-08-31 21:41:46.9300000,0,1200,0,2026-08-31 21:41:46.9300000,43.508610,19.196940
2134377,"Rosno Brdo",1863,141,"34T","34T2H1S2Q",2,2026-08-31 21:41:52.3230000,0,1200,0,2026-08-31 21:41:52.3230000,43.464170,19.165280
2134126,"Jagodni Do",1863,141,"34T","34T2H1S2Q",2,2026-08-31 21:41:55.1670000,0,1200,0,2026-08-31 21:41:55.1700000,43.456670,19.150560
1688331,"Tupman",3567,233,"11S","11S2H1S1Q",3,2022-12-30 02:06:16.8230000,1040,0,2109,2026-08-31 21:41:57.0300000,35.298740,-119.357670
2133455,"Radevici",1863,141,"34T","34T2H1S2Q",2,2026-08-31 21:41:58.7300000,0,1200,0,2026-08-31 21:41:58.7300000,43.443890,19.158060
1693728,"Rio Bravo",3567,233,"11S","11S2H1S1Q",3,2022-12-30 02:09:16.1670000,517,0,2823,2026-08-31 21:42:01.8970000,35.398020,-119.290940
2133257,"Pitomine",1863,141,"34T","34T2H1S2Q",2,2026-08-31 21:42:03.7600000,0,1200,0,2026-08-31 21:42:03.7600000,43.438060,19.163610
1698216,"Thomas Lane",3567,233,"11S","11S2H1S1Q",3,2026-02-01 03:16:43.3930000,517,0,1547,2026-08-31 21:42:10.2330000,35.487460,-119.284830
2295510,"Hompmann",129,12,"32T","32T1H2S2Q",3,2024-10-10 11:02:50.8230000,0,0,20854,2026-08-31 21:42:13.7970000,47.514440,9.881110
1709248,"Elmo",3567,233,"11S","11S2H1S1Q",1,2026-08-31 21:42:17.9630000,1052,0,600,2026-08-31 21:42:17.9630000,35.679400,-119.330390
1709174,"McFarland",3567,233,"11S","11S2H1S1Q",3,2022-08-28 18:21:30.7430000,517,0,2015,2026-08-31 21:42:22.2430000,35.678010,-119.229270
1695996,"Hights Corner",3567,233,"11S","11S2H1S1Q",3,2024-07-16 10:52:52.4670000,1040,0,1310,2026-08-31 21:42:34.2200000,35.443290,-119.202330
1695928,"Crome",3567,233,"11S","11S2H1S1Q",3,2024-07-16 10:52:39.3770000,1551,0,10441,2026-08-31 21:42:40.0770000,35.441630,-119.200110
2447898,"Mainzlar",710,57,"32U","32U2H2S3Q",2,2014-11-01 14:08:42.6070000,0,1191533,864023,2026-08-31 21:42:42.7430000,50.666670,8.733330
2206159,"Thompson Heights",3558,233,"15T","15T1H5S1Q",1,2014-12-23 16:10:24.7530000,3989363,0,0,2026-08-31 21:42:42.9530000,45.183020,-93.337730
12858,"Gore Hill",143,13,"56H","56H1H1S4Q",3,2017-03-15 19:42:15.4470000,0,517,1135862,2026-08-31 21:42:59.4200000,-33.816670,151.182500
12859,"Artarmon",143,13,"56H","56H1H1S4Q",3,2017-02-23 03:58:51.6400000,0,517,1092301,2026-08-31 21:43:08.1000000,-33.816670,151.183330
58695,"Ambohiboria",1880,143,"38K","38K2H6S2Q",2,2026-08-31 21:43:12.6470000,0,938,0,2026-08-31 21:43:12.6470000,-22.733330,47.516670
58693,"Andoharano",1880,143,"38K","38K2H6S2Q",2,2026-08-31 21:43:19.7700000,0,479,0,2026-08-31 21:43:19.7700000,-22.733330,47.500000
58828,"Anaviavy",1880,143,"38K","38K2H6S2Q",2,2026-08-31 21:43:23.5100000,0,938,0,2026-08-31 21:43:23.5100000,-22.716670,47.500000
12857,"Lane Cove",143,13,"56H","56H1H1S4Q",3,2017-03-30 21:10:59.4900000,0,83,1274570,2026-08-31 21:43:23.9030000,-33.816670,151.166670
58829,"Marotoko",1880,143,"38K","38K2H6S2Q",2,2026-08-31 21:43:26.6970000,0,938,0,2026-08-31 21:43:26.6970000,-22.716670,47.533330
58954,"Mangatoka",1880,143,"38K","38K2H6S2Q",2,2026-08-31 21:43:30.1800000,0,938,0,2026-08-31 21:43:30.1800000,-22.700000,47.583330
59074,"Mahasoa",1880,143,"38K","38K2H6S2Q",2,2026-08-31 21:43:33.4630000,0,938,0,2026-08-31 21:43:33.4630000,-22.683330,47.566670
59073,"Tsaratanana",1880,143,"38K","38K2H6S2Q",2,2026-08-31 21:43:37.2000000,0,938,0,2026-08-31 21:43:37.2000000,-22.683330,47.533330
59184,"Ambalavita",1880,143,"38K","38K2H6S2Q",2,2026-08-31 21:43:40.6400000,0,938,0,2026-08-31 21:43:40.6400000,-22.666670,47.516670
12756,"Waverton",143,13,"56H","56H1H1S4Q",3,2017-03-15 10:55:45.6270000,0,0,1101670,2026-08-31 21:43:50.8830000,-33.838630,151.200460
2533156,"Peine",708,57,"32U","32U1H6S3Q",3,2019-03-30 03:37:44.4900000,0,0,31243,2026-08-31 21:46:17.6170000,52.316670,10.233330
2520171,"Czaczyk",2451,180,"33U","33U1H6S3Q",2,2026-08-31 20:04:52.8370000,0,61250,0,2026-08-31 21:46:33.4300000,52.054730,16.532710
1945735,"Indianapolis",3555,233,"16S","16S1H2S2Q",2,2013-10-19 22:28:45.1070000,0,40291730,15928,2026-08-31 21:48:39.5030000,39.768380,-86.158040
2349544,"Gniebel",716,57,"32U","32U2H5S4Q",1,2026-08-31 21:48:40.9570000,9798,0,0,2026-08-31 21:48:52.9700000,48.576380,9.181780
12649,"Sydney",143,13,"56H","56H1H1S4Q",3,2015-07-07 04:22:45.9900000,0,0,77006571,2026-08-31 21:48:56.0170000,-33.867850,151.207320
12699,"Sydney Central Business District",143,13,"56H","56H1H1S4Q",3,2012-10-26 23:42:08.3800000,0,0,12105561,2026-08-31 21:49:12.3000000,-33.864820,151.207730
2271606,"Wohlen",523,43,"32T","32T1H1S4Q",1,2014-04-26 01:05:58.3300000,532707,0,0,2026-08-31 21:49:17.5330000,46.971180,7.356850
12701,"The Rocks",143,13,"56H","56H1H1S4Q",3,2012-11-02 04:55:10.5000000,0,0,12017612,2026-08-31 21:49:38.3470000,-33.859230,151.208100
1711300,"Vinland",3567,233,"11S","11S2H1S1Q",3,2022-08-28 18:21:24.6800000,517,0,1996,2026-08-31 21:49:50.4470000,35.714950,-119.234830
12746,"Kirribilli",143,13,"56H","56H1H1S4Q",3,2014-11-26 21:01:16.9930000,0,0,12084227,2026-08-31 21:49:52.1800000,-33.850000,151.216670
12752,"North Sydney",143,13,"56H","56H1H1S4Q",3,2012-12-27 03:37:57.7370000,0,0,12056536,2026-08-31 21:50:04.9900000,-33.840560,151.207220
1714483,"Delano",3567,233,"11S","11S2H1S1Q",3,2022-08-28 18:21:13.1500000,1034,0,4286,2026-08-31 21:50:05.2570000,35.768840,-119.247050
207573,"Kipolo",3401,229,"36L","36L1H1S2Q",2,2026-08-31 21:36:01.1900000,0,2091,0,2026-08-31 21:50:47.4800000,-8.683330,31.950000
204539,"Narwara",3401,229,"36L","36L1H2S1Q",2,2026-08-31 21:50:51.1770000,0,891,0,2026-08-31 21:50:51.1770000,-8.750000,32.016670
202637,"Kamyela",3401,229,"36L","36L1H1S2Q",2,2026-08-31 21:50:56.3100000,0,891,0,2026-08-31 21:50:56.3100000,-8.800000,31.983330
201540,"Kitanga",3401,229,"36L","36L1H1S2Q",2,2026-08-31 21:50:59.3500000,0,891,0,2026-08-31 21:50:59.3500000,-8.833330,31.916670
200460,"Mwima",3401,229,"36L","36L1H1S2Q",2,2026-08-31 21:51:09.0770000,0,891,0,2026-08-31 21:51:09.0770000,-8.883330,31.950000
2546652,"Rudki",2451,180,"33U","33U1H6S3Q",3,2026-08-31 13:49:07.1630000,0,0,84770,2026-08-31 21:51:19.7930000,52.605330,16.483710
71428,"Boba",1880,143,"38K","38K2H3S4Q",2,2026-08-31 21:52:34.7630000,0,741,0,2026-08-31 21:52:34.7630000,-21.066670,47.150000
71695,"Talata",1880,143,"38K","38K2H3S4Q",2,2026-08-31 21:52:38.1970000,0,741,0,2026-08-31 21:52:38.1970000,-21.033330,47.166670
71566,"Ampitahana",1880,143,"38K","38K2H3S4Q",2,2026-08-31 21:52:41.8970000,46,300,0,2026-08-31 21:52:41.8970000,-21.050000,47.183330
71429,"Ialatsara",1880,143,"38K","38K2H3S4Q",2,2026-08-31 21:52:45.4570000,46,300,0,2026-08-31 21:52:45.4570000,-21.066670,47.200000
71696,"Antanapotsy",1880,143,"38K","38K2H3S4Q",2,2026-08-31 21:52:48.9130000,0,741,0,2026-08-31 21:52:48.9130000,-21.033330,47.200000
71958,"Tsimiketrika",1880,143,"38K","38K2H3S4Q",2,2026-08-31 21:52:52.7630000,0,741,0,2026-08-31 21:52:52.7630000,-21.000000,47.183330
72112,"Vohiposa",1880,143,"38K","38K2H3S2Q",2,2026-08-31 21:52:56.3630000,0,741,0,2026-08-31 21:52:56.3630000,-20.983330,47.150000
72111,"Ambodiamontana",1880,143,"38K","38K2H3S2Q",2,2026-08-31 21:53:00.4630000,0,741,0,2026-08-31 21:53:00.4630000,-20.983330,47.133330
96430,"Ambararata",1878,143,"39K","39K1H1S3Q",2,2026-08-31 21:53:12.2530000,0,741,0,2026-08-31 21:53:12.2570000,-17.783330,48.450000
96656,"Ambandrika",1878,143,"39K","39K1H1S3Q",2,2026-08-31 21:53:15.3700000,0,741,0,2026-08-31 21:53:15.3700000,-17.766670,48.433330
96836,"Ambaniala",1878,143,"39K","39K1H1S3Q",2,2026-08-31 21:53:18.4100000,0,741,0,2026-08-31 21:53:18.4100000,-17.750000,48.416670
2276015,"Preles",523,43,"32T","32T1H1S2Q",2,2025-08-14 21:50:32.4470000,0,1787864,0,2026-08-31 21:53:20.0830000,47.099310,7.130170
97029,"Mangalahala",1878,143,"39K","39K1H1S3Q",2,2026-08-31 21:53:22.9800000,0,741,0,2026-08-31 21:53:22.9800000,-17.733330,48.416670
96837,"Mangalahala",1878,143,"39K","39K1H1S3Q",2,2026-08-31 21:53:25.9770000,0,741,0,2026-08-31 21:53:25.9770000,-17.750000,48.433330
96838,"Ambongabe",1878,143,"39K","39K1H1S3Q",2,2026-08-31 21:53:29.1100000,0,741,0,2026-08-31 21:53:29.1100000,-17.750000,48.450000
96839,"Antandrokomby",1878,143,"39K","39K1H1S3Q",2,2026-08-31 21:53:32.1730000,0,741,0,2026-08-31 21:53:32.1730000,-17.750000,48.483330
97030,"Antandrokomby",1878,143,"39K","39K1H1S3Q",2,2026-08-31 21:53:36.5500000,0,741,0,2026-08-31 21:53:36.5500000,-17.733330,48.483330
56616,"Ambondrolava",1877,143,"38K","38K2H5S2Q",2,2026-08-31 21:54:23.3330000,0,741,0,2026-08-31 21:54:23.3330000,-22.966670,45.716670
56766,"Andriampanora",1877,143,"38K","38K2H5S2Q",2,2026-08-31 21:54:27.9600000,0,741,0,2026-08-31 21:54:27.9600000,-22.950000,45.716670
56905,"Beleny",1877,143,"38K","38K2H5S2Q",2,2026-08-31 21:54:31.1000000,0,741,0,2026-08-31 21:54:31.1000000,-22.933330,45.733330
57077,"Ianapandra",1877,143,"38K","38K2H5S2Q",2,2026-08-31 21:54:33.8970000,0,741,0,2026-08-31 21:54:33.8970000,-22.916670,45.766670
56906,"Ambatofotsy",1877,143,"38K","38K2H5S2Q",2,2026-08-31 21:54:37.4930000,0,741,0,2026-08-31 21:54:37.4930000,-22.933330,45.783330
2742763,"Alingsas",2825,198,"33V","33V2H4S1Q",3,2025-04-18 15:45:48.4200000,112311,0,121080,2026-08-31 21:54:46.0300000,57.930330,12.533450
56907,"Reho",1877,143,"38K","38K2H5S2Q",2,2026-08-31 21:54:49.6770000,0,741,0,2026-08-31 21:54:49.6770000,-22.933330,45.900000
56908,"Sakata Atsimo",1877,143,"38K","38K2H5S2Q",2,2026-08-31 21:54:53.2130000,0,741,0,2026-08-31 21:54:53.2130000,-22.933330,45.950000
57079,"Sakota Avaratra",1877,143,"38K","38K2H5S2Q",2,2026-08-31 21:54:57.0400000,0,741,0,2026-08-31 21:54:57.0400000,-22.916670,45.950000
1692771,"Landco",3567,233,"11S","11S2H1S1Q",3,2024-07-20 22:49:41.6030000,930,0,11200,2026-08-31 21:55:20.2830000,35.379400,-119.061210
2784822,"Aleksandrovskaya",2676,192,"36V","36V2H1S1Q",3,2016-09-02 05:48:15.7430000,0,0,549526,2026-08-31 21:55:56.6970000,59.730830,30.332220
1738859,"Dawson",3546,233,"15S","15S1H4S3Q",3,2013-12-01 23:20:28.6470000,0,0,4844067,2026-08-31 21:56:13.8170000,36.179820,-95.908600
2003203,"Lincoln",3559,233,"14T","14T2H6S4Q",2,2013-11-16 04:03:31.4300000,0,46378513,0,2026-08-31 21:56:25.2900000,40.800000,-96.666960
2539830,"Isernhagen Niederhagener Bauerschaft",708,57,"32U","32U1H5S4Q",3,2017-02-17 13:56:54.2870000,0,0,37720,2026-08-31 21:57:39.7070000,52.455800,9.791820
59296,"Bemandresy",1880,143,"38K","38K2H6S2Q",2,2026-08-31 21:57:51.5700000,0,938,0,2026-08-31 21:57:51.5700000,-22.650000,47.566670
59297,"Farihilava",1880,143,"38K","38K2H6S2Q",2,2026-08-31 21:57:55.3430000,0,938,0,2026-08-31 21:57:55.3430000,-22.650000,47.583330
59185,"Vohimalaza",1880,143,"38K","38K2H6S2Q",2,2026-08-31 21:57:58.5570000,0,937,0,2026-08-31 21:57:58.5570000,-22.666670,47.616670
59075,"Ambalavolo",1880,143,"38K","38K2H6S2Q",2,2026-08-31 21:58:01.9770000,0,937,0,2026-08-31 21:58:01.9770000,-22.683330,47.633330
2538660,"Kolshorn",708,57,"32U","32U1H5S4Q",3,2017-07-13 18:54:34.3270000,0,0,36576,2026-08-31 21:58:03.4130000,52.433330,9.966670
59186,"Mahafasa",1880,143,"38K","38K2H6S2Q",2,2026-08-31 21:58:12.1300000,0,937,0,2026-08-31 21:58:12.1300000,-22.666670,47.650000
59298,"Marakova",1880,143,"38K","38K2H6S2Q",2,2026-08-31 21:58:15.3970000,0,937,0,2026-08-31 21:58:15.4000000,-22.650000,47.650000
2534734,"Ilten",708,57,"32U","32U1H5S4Q",2,2026-01-20 17:02:15.8970000,0,5371,300,2026-08-31 21:58:46.6700000,52.350000,9.933330
2534733,"Hover",708,57,"32U","32U1H5S4Q",2,2026-04-15 22:05:23.3130000,0,3431,600,2026-08-31 21:59:05.3930000,52.350000,9.883330
2215810,"Aims",3576,233,"10T","10T1H5S2Q",3,2025-01-24 19:37:32.6500000,0,0,4021349,2026-08-31 21:59:31.3330000,45.450680,-122.207870
2522137,"Egenstedt",708,57,"32U","32U1H5S4Q",3,2015-03-09 07:16:40.5070000,0,0,26166,2026-08-31 22:00:02.6270000,52.099760,9.991720
1691053,"Kayandee",3567,233,"11S","11S2H1S2Q",3,2023-06-26 01:22:34.7100000,1396,0,10640,2026-08-31 22:01:07.0500000,35.347460,-118.995100
2631757,"Windsor",978,77,"30U","30U1H1S3Q",1,2024-11-16 18:01:37.8530000,870274,0,0,2026-08-31 22:01:10.0370000,54.566670,-5.950000
2480451,"Doringsdorf",701,57,"32U","32U2H3S1Q",2,2026-03-05 06:25:00.6030000,0,7276,300,2026-08-31 22:01:15.3300000,51.216670,10.166670
2480450,"Bebendorf",701,57,"32U","32U2H3S1Q",3,2019-02-20 00:35:16.0200000,0,1500,12904,2026-08-31 22:01:28.8930000,51.216670,10.150000
2223781,"Castello di Godego",1366,110,"32T","32T1H6S2Q",2,2017-03-27 06:49:38.3070000,0,548959,0,2026-08-31 22:02:23.3170000,45.693400,11.876900
2215450,"Linate",1375,110,"32T","32T1H5S2Q",1,2026-08-31 22:04:18.3100000,1034,0,218,2026-08-31 22:04:18.3130000,45.447010,9.272290
2216645,"Redecesio",1375,110,"32T","32T1H5S2Q",1,2026-08-31 22:04:23.0430000,535,0,0,2026-08-31 22:04:23.0430000,45.481920,9.271950
2217201,"Milano Due",1375,110,"32T","32T1H5S2Q",1,2026-08-31 22:04:27.5230000,1006,0,0,2026-08-31 22:04:27.5230000,45.499790,9.265770
2217640,"Crescenzago",1375,110,"32T","32T1H5S2Q",1,2026-08-31 22:04:31.3170000,518,0,0,2026-08-31 22:04:31.3170000,45.507670,9.247910
2218274,"Cologno Monzese",1375,110,"32T","32T1H5S2Q",1,2026-08-31 22:04:37.1030000,2079,0,0,2026-08-31 22:04:37.1030000,45.530040,9.277950
2215275,"Barona",1375,110,"32T","32T1H5S2Q",1,2026-08-31 22:04:42.7400000,519,0,0,2026-08-31 22:04:42.7400000,45.437130,9.154440
198128,"Chilambweshi",3817,248,"36L","36L1H2S3Q",2,2026-08-31 22:06:00.1370000,0,891,0,2026-08-31 22:06:00.1370000,-9.066670,32.083330
197911,"Mwembe",3817,248,"36L","36L1H2S3Q",2,2026-08-31 22:06:03.7970000,0,891,0,2026-08-31 22:06:03.7970000,-9.083330,32.133330
196958,"Londayila",3817,248,"36L","36L1H2S3Q",2,2026-08-31 22:06:10.9500000,0,983,0,2026-08-31 22:06:10.9500000,-9.150000,32.416670
196959,"Chiseke",3817,248,"36L","36L1H2S3Q",2,2026-08-31 22:06:14.3930000,0,765,0,2026-08-31 22:06:14.3930000,-9.150000,32.450000
13091,"Rogans Hill",143,13,"56H","56H1H1S4Q",2,2026-07-09 10:05:48.7800000,0,15749698,402,2026-08-31 22:06:21.2700000,-33.733330,151.016670
2467112,"Sittard",2271,167,"31U","31U2H3S4Q",2,2010-01-01 00:00:00.0000000,0,4707396,0,2026-08-31 22:07:47.1670000,50.998330,5.869440
12631,"Darlinghurst",143,13,"56H","56H1H1S4Q",3,2018-07-14 04:06:58.2670000,0,0,1513243,2026-08-31 22:07:55.9000000,-33.879390,151.219250
12638,"Kings Cross",143,13,"56H","56H1H1S4Q",3,2018-07-14 07:43:51.0670000,0,0,1507018,2026-08-31 22:08:04.5430000,-33.874980,151.222260
2432163,"Devonport",979,77,"30U","30U2H1S4Q",1,2026-07-27 05:37:37.4670000,77076,0,0,2026-08-31 22:08:10.8670000,50.366670,-4.183330
12643,"Woolloomooloo",143,13,"56H","56H1H1S4Q",3,2017-02-07 12:48:37.3730000,0,0,1512553,2026-08-31 22:08:11.2400000,-33.870420,151.219680
1556577,"Keystone",3551,233,"16S","16S2H5S2Q",3,2021-01-25 04:55:51.9470000,0,9900,201379,2026-08-31 22:08:17.0170000,33.267890,-86.809710
12647,"Potts Point",143,13,"56H","56H1H1S4Q",3,2017-03-03 10:01:28.1500000,0,0,1713388,2026-08-31 22:08:17.1900000,-33.869310,151.224810
12641,"Darling Point",143,13,"56H","56H1H1S4Q",3,2017-04-27 01:47:01.5970000,0,0,1086393,2026-08-31 22:08:23.9500000,-33.870830,151.238890
12583,"Paddington",143,13,"56H","56H1H1S4Q",3,2017-04-24 20:58:29.0870000,0,0,1076247,2026-08-31 22:08:33.1430000,-33.885280,151.230000
12646,"Pyrmont",143,13,"56H","56H1H1S4Q",2,2026-08-19 01:04:18.7800000,0,3405174,402,2026-08-31 22:08:46.1900000,-33.869440,151.193890
2131843,"Ovcarevo",1863,141,"34T","34T2H1S2Q",2,2026-08-31 22:08:54.9270000,0,1200,0,2026-08-31 22:08:54.9270000,43.411110,19.285830
2132420,"Cvijovica Dolina",1863,141,"34T","34T2H1S2Q",2,2026-08-31 22:08:58.5200000,0,1111,0,2026-08-31 22:08:58.5200000,43.419440,19.292220
2295647,"Schonenbuhl",129,12,"32T","32T1H2S2Q",3,2024-10-10 11:02:42.0500000,0,0,20788,2026-08-31 22:08:59.3270000,47.516670,9.883330
12578,"Woollahra",143,13,"56H","56H1H1S4Q",3,2010-01-01 00:00:00.0000000,0,0,1025263,2026-08-31 22:09:02.0970000,-33.887800,151.236810
2131546,"Donje Stupine",1875,141,"34T","34T2H1S2Q",2,2026-08-31 22:09:03.7530000,0,1064,0,2026-08-31 22:09:03.7530000,43.401390,19.302220
2131012,"Gajine",1863,141,"34T","34T2H1S2Q",2,2026-08-31 22:09:09.4330000,0,1064,0,2026-08-31 22:09:09.4330000,43.395000,19.281390
59433,"Enimena",1880,143,"38K","38K2H6S2Q",2,2026-08-31 22:09:11.7600000,687,741,0,2026-08-31 22:09:11.7600000,-22.633330,47.716670
2130891,"Gradina",1863,141,"34T","34T2H1S2Q",2,2026-08-31 22:09:13.5700000,0,1200,0,2026-08-31 22:09:13.5700000,43.391390,19.278890
2132690,"Potkovacica",1863,141,"34T","34T2H1S2Q",2,2026-08-31 22:09:17.2000000,0,1200,0,2026-08-31 22:09:17.2000000,43.428330,19.270280
59658,"Ambohimandroso",1880,143,"38K","38K2H6S2Q",2,2026-08-31 22:09:17.4000000,0,477,0,2026-08-31 22:09:17.4000000,-22.600000,47.716670
2132707,"Dabovina",1863,141,"34T","34T2H1S2Q",2,2026-08-31 22:09:21.6230000,0,1065,0,2026-08-31 22:09:21.6230000,43.428890,19.298610
59657,"Evato",1880,143,"38K","38K2H6S2Q",2,2026-08-31 22:09:21.9030000,0,936,0,2026-08-31 22:09:21.9030000,-22.600000,47.683330
2132416,"Jazbine",1863,141,"34T","34T2H1S2Q",2,2026-08-31 22:09:27.6130000,0,1200,0,2026-08-31 22:09:27.6130000,43.419170,19.278610
59884,"Karimbary",1880,143,"38K","38K2H6S2Q",2,2026-08-31 22:09:29.6330000,0,478,0,2026-08-31 22:09:29.6330000,-22.566670,47.700000
59769,"Anambotaky",1880,143,"38K","38K2H6S2Q",2,2026-08-31 22:09:33.6470000,0,936,0,2026-08-31 22:09:33.6470000,-22.583330,47.683330
1402646,"Daffan",3549,233,"14R","14R1H3S3Q",2,2010-01-01 00:00:00.0000000,0,5708538,0,2026-08-31 22:10:27.4430000,30.320210,-97.626670
1824004,"Fremont",3567,233,"10S","10S1H6S1Q",3,2013-07-05 07:34:58.5230000,0,0,1171370,2026-08-31 22:10:31.4800000,37.548270,-121.988570
2547820,"Budy Stare",2440,180,"34U","34U1H5S4Q",2,2016-07-28 08:12:00.2200000,0,41840,5700,2026-08-31 22:11:52.4900000,52.633330,21.633330
2633483,"Legoniel",978,77,"30U","30U1H1S3Q",1,2025-05-08 08:29:33.6500000,318658,0,0,2026-08-31 22:12:00.9400000,54.616670,-5.983330
2813112,"Jyvaskylan Maalaiskunta",929,70,"35V","35V1H1S4Q",2,2015-09-18 17:49:41.9100000,3900,9066278,45101,2026-08-31 22:12:26.4500000,62.283330,25.716670
2524497,"Czempin",2451,180,"33U","33U1H6S3Q",2,2025-03-28 16:07:59.6800000,0,3343214,0,2026-08-31 22:12:26.6530000,52.144040,16.764080
12994,"West Pymble",143,13,"56H","56H1H1S4Q",3,2017-02-22 11:28:36.1470000,0,0,1474968,2026-08-31 22:12:50.9470000,-33.766670,151.133330
57078,"Andranoboaka",1877,143,"38K","38K2H5S2Q",2,2026-08-31 22:13:17.0100000,0,741,0,2026-08-31 22:13:17.0100000,-22.916670,45.933330
781884,"Ban Pru Yai",3165,218,"47P","47P1H5S4Q",1,2024-12-11 10:21:17.4130000,177010,4861,0,2026-08-31 22:13:18.9100000,12.333330,99.983330
57276,"Iambinda",1877,143,"38K","38K2H5S2Q",2,2026-08-31 22:13:19.8770000,0,741,0,2026-08-31 22:13:19.8770000,-22.900000,45.933330
57275,"Soaserana",1877,143,"38K","38K2H5S2Q",2,2026-08-31 22:13:23.2730000,0,741,0,2026-08-31 22:13:23.2730000,-22.900000,45.916670
57455,"Ambararata",1880,143,"38K","38K2H5S2Q",2,2026-08-31 22:13:25.9130000,0,741,0,2026-08-31 22:13:25.9130000,-22.883330,45.916670
57274,"Mahatsinjo",1880,143,"38K","38K2H5S2Q",2,2026-08-31 22:13:28.3530000,0,741,0,2026-08-31 22:13:28.3530000,-22.900000,45.900000
57273,"Tsiloakarivo",1877,143,"38K","38K2H5S2Q",2,2026-08-31 22:13:30.9300000,0,741,0,2026-08-31 22:13:30.9300000,-22.900000,45.866670
57272,"Antenina",1877,143,"38K","38K2H5S2Q",2,2026-08-31 22:13:33.4930000,0,741,0,2026-08-31 22:13:33.4930000,-22.900000,45.833330
2197435,"Falcon Heights",3558,233,"15T","15T1H5S3Q",2,2018-06-09 17:14:40.3670000,0,3519042,2880,2026-08-31 22:13:55.2070000,44.991630,-93.166330
2296823,"Ernies Grove",3578,233,"10T","10T1H3S1Q",1,2020-01-04 01:09:51.9000000,3052514,0,0,2026-08-31 22:14:18.4500000,47.535100,-121.745390
2301771,"Carnation",3578,233,"10T","10T1H3S1Q",2,2014-08-12 15:34:29.7930000,0,1522989,0,2026-08-31 22:14:22.1600000,47.647880,-121.914010
2333426,"Wallburg",716,57,"32U","32U2H4S4Q",3,2022-08-31 21:30:59.3230000,0,0,137745,2026-08-31 22:15:19.2570000,48.266670,7.850000
59661,"Salohy",1880,143,"38K","38K2H6S2Q",2,2026-08-31 22:17:00.8800000,0,936,0,2026-08-31 22:17:00.8800000,-22.600000,47.816670
59662,"Vakinasiva",1880,143,"38K","38K2H6S2Q",2,2026-08-31 22:17:03.9530000,0,936,0,2026-08-31 22:17:03.9530000,-22.600000,47.833330
59542,"Loharano",1880,143,"38K","38K2H6S2Q",2,2026-08-31 22:17:07.1070000,0,936,0,2026-08-31 22:17:07.1070000,-22.616670,47.866670
57893,"Sakalaly",1880,143,"38K","38K2H5S2Q",2,2026-08-31 22:17:23.6930000,0,1200,0,2026-08-31 22:17:23.6930000,-22.833330,45.466670
57894,"Lebondro-Mahamanina",1877,143,"38K","38K2H5S2Q",2,2026-08-31 22:17:27.8730000,0,1200,0,2026-08-31 22:17:27.8730000,-22.833330,45.500000
2118175,"Ashton",3566,233,"16T","16T2H1S1Q",3,2026-08-31 22:17:27.1730000,0,0,3547,2026-08-31 22:17:28.5200000,43.140550,-89.541510
57895,"Manamany",1877,143,"38K","38K2H5S2Q",2,2026-08-31 22:17:31.0170000,0,1200,0,2026-08-31 22:17:31.0170000,-22.833330,45.516670
57756,"Andreketa",1877,143,"38K","38K2H5S2Q",2,2026-08-31 22:17:35.8930000,0,1200,0,2026-08-31 22:17:35.8930000,-22.850000,45.550000
57620,"Nanarena",1877,143,"38K","38K2H5S2Q",2,2026-08-31 22:17:39.1570000,0,1200,0,2026-08-31 22:17:39.1570000,-22.866670,45.550000
57619,"Tamboholava",1877,143,"38K","38K2H5S2Q",2,2026-08-31 22:17:44.1200000,0,1200,0,2026-08-31 22:17:44.1200000,-22.866670,45.533330
2113877,"South Madison",3566,233,"16T","16T2H1S1Q",3,2026-08-31 22:17:46.1670000,0,0,674,2026-08-31 22:17:46.1670000,43.055830,-89.385670
57618,"Besakoa",1877,143,"38K","38K2H5S2Q",2,2026-08-31 22:17:47.5530000,0,1200,0,2026-08-31 22:17:47.5530000,-22.866670,45.500000
57075,"Besakoa Avaratra",1877,143,"38K","38K2H5S2Q",2,2026-08-31 22:17:54.6330000,0,1200,0,2026-08-31 22:17:54.6330000,-22.916670,45.633330
2113719,"Hope",3566,233,"16T","16T2H1S1Q",1,2024-08-15 07:46:01.9070000,97602,0,300,2026-08-31 22:18:06.3330000,43.051660,-89.246230
2087914,"North Salem",3583,233,"19T","19T2H1S4Q",1,2022-07-06 22:00:17.9070000,18287,3355,0,2026-08-31 22:18:27.5330000,42.526480,-70.905050
97199,"Mahatsinjo",1878,143,"39K","39K1H1S3Q",2,2026-08-31 22:18:33.0770000,0,741,0,2026-08-31 22:18:33.0770000,-17.716670,48.466670
2087207,"South Salem",3583,233,"19T","19T2H1S4Q",1,2025-07-17 12:42:53.7000000,28264,3682,0,2026-08-31 22:18:33.1170000,42.511210,-70.892550
97198,"Ambohitriasana",1878,143,"39K","39K1H1S3Q",2,2026-08-31 22:18:46.0600000,0,741,0,2026-08-31 22:18:46.0600000,-17.716670,48.450000
2087668,"Salem",3583,233,"19T","19T2H1S4Q",2,2025-09-06 16:55:44.3800000,0,1367079,0,2026-08-31 22:18:47.6030000,42.519540,-70.896720
2167910,"Granarolo",1379,110,"32T","32T1H6S4Q",3,2026-08-31 22:18:42.9670000,0,0,9808,2026-08-31 22:18:49.1170000,44.358590,11.934590
97350,"Morarano",1878,143,"39K","39K1H1S3Q",2,2026-08-31 22:18:49.3800000,0,741,0,2026-08-31 22:18:49.3800000,-17.700000,48.483330
2672666,"Giffnock",977,77,"30U","30U1H1S2Q",3,2014-04-05 10:18:40.9470000,92258,0,2792877,2026-08-31 22:18:51.8570000,55.800000,-4.283330
97349,"Menaloha",1878,143,"39K","39K1H1S3Q",2,2026-08-31 22:18:55.0830000,0,741,0,2026-08-31 22:18:55.0830000,-17.700000,48.466670
97505,"Ambohitsilaozana",1878,143,"39K","39K1H1S3Q",2,2026-08-31 22:18:59.0070000,0,741,0,2026-08-31 22:18:59.0070000,-17.683330,48.450000
97654,"Ambohimanga",1878,143,"39K","39K1H1S3Q",2,2026-08-31 22:19:05.9070000,0,741,0,2026-08-31 22:19:05.9070000,-17.666670,48.500000
97814,"Angoja",1878,143,"39K","39K1H1S3Q",2,2026-08-31 22:19:11.0030000,0,741,0,2026-08-31 22:19:11.0030000,-17.650000,48.483330
97351,"Analavory",1878,143,"39K","39K1H1S3Q",2,2026-08-31 22:19:17.9400000,0,741,0,2026-08-31 22:19:17.9400000,-17.700000,48.550000
196960,"Mpunda",3817,248,"36L","36L1H2S3Q",2,2026-08-31 22:20:59.3670000,0,618,0,2026-08-31 22:20:59.3670000,-9.150000,32.466670
196731,"Nunga",3817,248,"36L","36L1H2S3Q",2,2026-08-31 22:21:03.9300000,0,982,0,2026-08-31 22:21:03.9300000,-9.166670,32.466670
196532,"Kalyata",3817,248,"36L","36L1H2S3Q",2,2026-08-31 22:21:07.4000000,0,982,0,2026-08-31 22:21:07.4000000,-9.183330,32.483330
196531,"Nombwe",3817,248,"36L","36L1H2S3Q",2,2026-08-31 22:21:11.0670000,0,982,0,2026-08-31 22:21:11.0670000,-9.183330,32.433330
196292,"Zyozyo",3817,248,"36L","36L1H2S3Q",2,2026-08-31 22:21:14.2300000,0,982,0,2026-08-31 22:21:14.2300000,-9.200000,32.466670
195923,"Chilanga",3817,248,"36L","36L1H2S3Q",2,2026-08-31 22:21:17.9630000,0,892,0,2026-08-31 22:21:17.9630000,-9.233330,32.450000
2660143,"Aleksandrovo",2671,192,"37U","37U1H1S2Q",2,2023-07-30 20:04:22.6600000,0,435961,0,2026-08-31 22:22:13.8900000,55.416940,37.410000
2562674,"Maer",979,77,"30U","30U1H5S4Q",2,2010-01-01 00:00:00.0000000,0,238300,0,2026-08-31 22:22:50.3330000,52.950000,-2.316670
2214344,"Oatfield",3576,233,"10T","10T1H5S2Q",2,2024-02-10 04:13:45.6130000,0,1173293,0,2026-08-31 22:23:23.5570000,45.414180,-122.600070
1763243,"Chualar",3567,233,"10S","10S1H6S3Q",1,2026-02-13 23:36:53.5570000,8117,0,2399,2026-08-31 22:23:29.6970000,36.570520,-121.518550
58008,"Iapety",1880,143,"38K","38K2H6S1Q",2,2026-08-31 22:24:41.4400000,0,741,0,2026-08-31 22:24:41.4400000,-22.816670,46.150000
58151,"Lovokara Ambany",1880,143,"38K","38K2H6S1Q",2,2026-08-31 22:24:44.3930000,0,741,0,2026-08-31 22:24:44.3930000,-22.800000,46.100000
58420,"Vohibato",1880,143,"38K","38K2H6S1Q",2,2026-08-31 22:24:47.3630000,0,741,0,2026-08-31 22:24:47.3630000,-22.766670,46.150000
57076,"Ianasatra",1877,143,"38K","38K2H5S2Q",2,2026-08-31 22:24:57.4900000,0,741,0,2026-08-31 22:24:57.4900000,-22.916670,45.683330
57454,"Andranovovo",1877,143,"38K","38K2H5S2Q",2,2026-08-31 22:25:02.1070000,0,741,0,2026-08-31 22:25:02.1070000,-22.883330,45.816670
2586969,"Buren",2274,167,"31U","31U1H6S2Q",2,2026-08-24 08:16:12.1500000,0,344137,0,2026-08-31 22:27:11.1770000,53.447170,5.799060
2586923,"Nes",2274,167,"31U","31U1H6S2Q",1,2026-08-25 12:18:37.9130000,363080,1200,0,2026-08-31 22:27:23.2730000,53.445020,5.774000
2296062,"Au",129,12,"32T","32T1H2S2Q",3,2024-10-10 10:19:20.4930000,0,0,20788,2026-08-31 22:27:31.9270000,47.520830,9.866110
2312338,"Mill Creek",3578,233,"10T","10T1H2S2Q",1,2019-06-12 05:36:23.5370000,4637153,0,0,2026-08-31 22:28:10.1200000,47.860100,-122.204300
2039405,"Edgewood",3567,233,"10T","10T2H5S2Q",2,2026-08-31 22:28:15.5170000,308,1166,0,2026-08-31 22:28:15.5170000,41.462170,-122.426070
2296315,"Schutzen",129,12,"32T","32T1H2S2Q",3,2024-10-10 04:45:20.1570000,0,0,15790,2026-08-31 22:28:29.2200000,47.530830,9.880280
58931,"Ambahita",1880,143,"38K","38K2H5S2Q",2,2026-08-31 22:29:45.6770000,0,741,0,2026-08-31 22:29:45.6770000,-22.700000,45.333330
1841961,"Montelaguardia",1363,110,"33S","33S1H5S1Q",1,2022-12-26 10:37:28.6430000,214980,0,0,2026-08-31 22:29:53.1200000,37.873900,14.995370
1403415,"Claybank",3541,233,"15R","15R1H3S4Q",2,2025-09-20 16:18:43.7930000,0,1399949,0,2026-08-31 22:30:33.0100000,30.338800,-90.863150
2622878,"Ansiedlung Mettenhof",702,57,"32U","32U1H3S3Q",3,2022-10-08 17:55:06.2870000,0,0,41568,2026-08-31 22:30:37.6130000,54.316670,10.066670
60654,"Sakamalio",1880,143,"38K","38K2H5S2Q",2,2026-08-31 22:32:36.8170000,0,741,0,2026-08-31 22:32:36.8170000,-22.450000,45.266670
61781,"Besatra",1877,143,"38K","38K2H5S2Q",2,2026-08-31 22:32:41.8500000,0,741,0,2026-08-31 22:32:41.8530000,-22.283330,45.183330
2063424,"Cedar Hills",3553,233,"15T","15T2H6S1Q",2,2016-09-26 14:03:41.1130000,0,1009332,0,2026-08-31 22:33:28.0730000,41.972780,-91.740460
2456893,"Vroenhoven",256,20,"31U","31U2H3S4Q",1,2022-07-15 16:32:43.3500000,1240203,0,0,2026-08-31 22:33:45.9100000,50.826140,5.639950
1883242,"Del Paso",3567,233,"10S","10S1H3S3Q",3,2026-07-30 02:05:43.5930000,0,0,1995411,2026-08-31 22:33:58.4700000,38.652680,-121.473290
2665672,"Annino",2670,192,"37U","37U1H1S2Q",2,2022-07-12 10:32:38.4370000,0,2577161,0,2026-08-31 22:35:51.0000000,55.583330,37.600000
2665852,"Chertanovo Yuzhnoye",2670,192,"37U","37U1H1S2Q",2,2022-11-20 22:17:02.9300000,0,2232543,0,2026-08-31 22:35:54.0670000,55.590720,37.595190
2666202,"Pokrovskiye Vyselki",2670,192,"37U","37U1H1S2Q",2,2022-09-15 18:03:47.9270000,0,3382059,0,2026-08-31 22:35:56.6800000,55.600000,37.600000
2666769,"Turbaza Krasnyy Mayak",2670,192,"37U","37U1H1S2Q",2,2022-04-17 15:33:16.6470000,0,1647063,0,2026-08-31 22:35:59.8170000,55.616670,37.600000
2667056,"Chertanovo",2670,192,"37U","37U1H1S2Q",2,2019-12-27 06:08:03.3770000,0,1866249,0,2026-08-31 22:36:02.1830000,55.630160,37.604520
2666399,"Yasenevo",2670,192,"37U","37U1H1S2Q",2,2022-02-10 09:56:10.3070000,0,1620558,0,2026-08-31 22:36:06.2530000,55.606860,37.519910
195257,"Nachipeta",3817,248,"36L","36L1H2S3Q",2,2026-08-31 22:36:07.4630000,0,892,0,2026-08-31 22:36:07.4630000,-9.283330,32.450000
195020,"Zamanzi",3817,248,"36L","36L1H2S3Q",2,2026-08-31 22:36:11.1430000,0,892,0,2026-08-31 22:36:11.1430000,-9.300000,32.450000
2666201,"Bol'shoye Golubino",2670,192,"37U","37U1H1S2Q",2,2022-01-29 06:48:54.6930000,0,1528713,0,2026-08-31 22:36:11.3630000,55.600000,37.516670
2666768,"Uzkoye",2670,192,"37U","37U1H1S2Q",2,2022-07-25 09:05:26.5770000,0,1580528,0,2026-08-31 22:36:13.6770000,55.616670,37.533330
194776,"Laban Sinkala",3817,248,"36L","36L1H2S3Q",2,2026-08-31 22:36:14.4600000,0,892,0,2026-08-31 22:36:14.4600000,-9.316670,32.433330
195021,"Nteko",3817,248,"36L","36L1H2S3Q",2,2026-08-31 22:36:18.6430000,0,892,0,2026-08-31 22:36:18.6430000,-9.300000,32.466670
195484,"Chipete",3817,248,"36L","36L1H2S3Q",2,2026-08-31 22:36:22.7630000,0,892,0,2026-08-31 22:36:22.7630000,-9.266670,32.500000
2666902,"Teplyy Stan",2670,192,"37U","37U1H1S2Q",2,2022-09-01 19:00:10.3500000,0,1805490,0,2026-08-31 22:36:29.8100000,55.620470,37.493380
2741062,"Krugloye",2681,192,"39V","39V2H4S2Q",1,2026-08-31 22:36:56.0630000,1200,0,0,2026-08-31 22:36:56.0630000,57.866670,49.416670
2741988,"Ivkino",2681,192,"39V","39V2H4S2Q",1,2026-08-31 22:36:59.5170000,1200,0,0,2026-08-31 22:36:59.5170000,57.900000,49.500000
2741565,"Voskresentsy",2681,192,"39V","39V2H4S2Q",1,2026-08-31 22:37:01.8630000,1200,0,0,2026-08-31 22:37:01.8630000,57.883610,49.505830
2741527,"Savinovo",2681,192,"39V","39V2H4S2Q",1,2026-08-31 22:37:05.2800000,1200,0,0,2026-08-31 22:37:05.2800000,57.883330,49.666670
2741063,"Buyskaya",2681,192,"39V","39V2H4S2Q",1,2026-08-31 22:37:09.2930000,1200,0,0,2026-08-31 22:37:09.2930000,57.866670,49.750000
2741528,"Cherepanovo",2681,192,"39V","39V2H4S2Q",1,2026-08-31 22:37:11.5370000,1200,0,0,2026-08-31 22:37:11.5370000,57.883330,49.800000
2740903,"Krasnopol'ye",2681,192,"39V","39V2H4S2Q",1,2026-08-31 22:37:14.4530000,1200,0,0,2026-08-31 22:37:14.4530000,57.863610,49.921110
2741064,"Lopatchikha",2681,192,"39V","39V2H4S2Q",1,2026-08-31 22:37:16.7900000,1200,0,0,2026-08-31 22:37:16.7900000,57.866670,49.983330
1929489,"Jones Springs",3550,233,"17S","17S1H3S2Q",2,2026-08-31 10:54:33.6970000,517,12635,0,2026-08-31 22:37:53.2370000,39.491490,-78.095280
58021,"Farafangana",1880,143,"38K","38K2H6S2Q",2,2026-08-31 22:38:05.8470000,0,491,0,2026-08-31 22:38:05.8470000,-22.816670,47.833330
59660,"Imbasy",1880,143,"38K","38K2H6S2Q",2,2026-08-31 22:38:11.0570000,0,936,0,2026-08-31 22:38:11.0570000,-22.600000,47.800000
2741529,"Verkhopol'ye",2681,192,"39V","39V2H5S1Q",1,2026-08-31 22:38:11.6300000,1200,0,0,2026-08-31 22:38:11.6300000,57.883330,50.050000
59770,"Tsirobohina",1880,143,"38K","38K2H6S2Q",2,2026-08-31 22:38:13.7530000,0,936,0,2026-08-31 22:38:13.7530000,-22.583330,47.783330
59886,"Sitakoko",1880,143,"38K","38K2H6S2Q",2,2026-08-31 22:38:17.3370000,0,936,0,2026-08-31 22:38:17.3370000,-22.566670,47.833330
60135,"Nanavotra",1880,143,"38K","38K2H6S2Q",2,2026-08-31 22:38:21.1130000,0,935,0,2026-08-31 22:38:21.1130000,-22.533330,47.900000
60134,"Andranamby",1880,143,"38K","38K2H6S2Q",2,2026-08-31 22:38:25.7830000,0,935,0,2026-08-31 22:38:25.7830000,-22.533330,47.883330
60132,"Ampasimpotsy",1880,143,"38K","38K2H6S2Q",2,2026-08-31 22:38:28.6100000,0,477,0,2026-08-31 22:38:28.6100000,-22.533330,47.833330
57073,"Besely",1877,143,"38K","38K2H5S2Q",2,2026-08-31 22:44:08.6400000,0,1200,0,2026-08-31 22:44:08.6400000,-22.916670,45.433330
1979842,"American Fork",3571,233,"12T","12T2H5S3Q",1,2023-07-23 18:36:53.4600000,940890,0,0,2026-08-31 22:44:20.9630000,40.376900,-111.795760
56757,"Bemolanga",1877,143,"38K","38K2H5S2Q",2,2026-08-31 22:44:28.0600000,0,1200,0,2026-08-31 22:44:28.0600000,-22.950000,45.383330
56613,"Andemby",1880,143,"38K","38K2H5S2Q",2,2026-08-31 22:44:35.4470000,0,1200,0,2026-08-31 22:44:35.4470000,-22.966670,45.400000
56758,"Manombo",1877,143,"38K","38K2H5S2Q",2,2026-08-31 22:44:39.5100000,0,1200,0,2026-08-31 22:44:39.5100000,-22.950000,45.433330
57074,"Ambakoa-Ambany",1877,143,"38K","38K2H5S2Q",2,2026-08-31 22:44:49.6230000,0,1200,0,2026-08-31 22:44:49.6230000,-22.916670,45.583330
56904,"Ambakoa-Ambinany",1877,143,"38K","38K2H5S2Q",2,2026-08-31 22:44:53.9830000,0,1200,0,2026-08-31 22:44:53.9830000,-22.933330,45.566670
2130124,"Busnje",1863,141,"34T","34T2H1S2Q",2,2026-08-31 22:44:57.8400000,0,1064,0,2026-08-31 22:44:57.8400000,43.378060,19.279720
56903,"Mahasoa",1877,143,"38K","38K2H5S2Q",2,2026-08-31 22:44:58.0270000,0,1200,0,2026-08-31 22:44:58.0270000,-22.933330,45.550000
2129824,"Prisoje",1863,141,"34T","34T2H1S2Q",2,2026-08-31 22:45:01.1200000,0,1200,0,2026-08-31 22:45:01.1200000,43.370000,19.264170
56765,"Androtsy",1877,143,"38K","38K2H5S2Q",2,2026-08-31 22:45:02.0200000,0,1200,0,2026-08-31 22:45:02.0200000,-22.950000,45.616670
2129348,"Ropoc",1863,141,"34T","34T2H1S2Q",2,2026-08-31 22:45:06.2300000,0,1200,0,2026-08-31 22:45:06.2300000,43.365000,19.283610
2129371,"Rondovici",1863,141,"34T","34T2H1S2Q",2,2026-08-31 22:45:09.6630000,0,1200,0,2026-08-31 22:45:09.6630000,43.365560,19.294440
2129325,"Opaljenik",1863,141,"34T","34T2H1S2Q",2,2026-08-31 22:45:22.3200000,0,1017,0,2026-08-31 22:45:22.3200000,43.364170,19.306390
2129772,"Zidovici",1863,141,"34T","34T2H1S2Q",2,2026-08-31 22:45:44.5670000,0,1017,0,2026-08-31 22:45:44.5670000,43.368330,19.321940
2129306,"Krejovina",1863,141,"34T","34T2H1S2Q",2,2026-08-31 22:45:49.1970000,0,1017,0,2026-08-31 22:45:49.1970000,43.363890,19.311390
2129113,"Repiste",1863,141,"34T","34T2H1S2Q",2,2026-08-31 22:45:54.7400000,0,1200,0,2026-08-31 22:45:54.7400000,43.357220,19.257780
97655,"Antokazo",1878,143,"39K","39K1H1S3Q",2,2026-08-31 22:46:16.5430000,0,741,0,2026-08-31 22:46:16.5430000,-17.666670,48.566670
97815,"Ampangadiamby",1878,143,"39K","39K1H1S3Q",2,2026-08-31 22:46:20.5200000,0,741,0,2026-08-31 22:46:20.5200000,-17.650000,48.566670
97974,"Ankenihenibe",1878,143,"39K","39K1H1S3Q",2,2026-08-31 22:46:22.9400000,0,741,0,2026-08-31 22:46:22.9400000,-17.633330,48.583330
98140,"Ambodivoara",1878,143,"39K","39K1H1S3Q",2,2026-08-31 22:46:24.9930000,0,741,0,2026-08-31 22:46:24.9930000,-17.616670,48.600000
97973,"Andreba",1878,143,"39K","39K1H1S3Q",2,2026-08-31 22:46:28.5630000,0,741,0,2026-08-31 22:46:28.5630000,-17.633330,48.533330
98139,"Ambatosoratra",1878,143,"39K","39K1H1S3Q",2,2026-08-31 22:46:33.1030000,0,741,0,2026-08-31 22:46:33.1030000,-17.616670,48.516670
98461,"Ambatomanga",1878,143,"39K","39K1H1S3Q",2,2026-08-31 22:46:35.5000000,0,741,0,2026-08-31 22:46:35.5000000,-17.583330,48.533330
98460,"Tanambao",1878,143,"39K","39K1H1S3Q",2,2026-08-31 22:46:38.2100000,0,741,0,2026-08-31 22:46:38.2100000,-17.583330,48.516670
2,"Serre Che",98,9,"01B","01B1H1S1Q",2,2026-08-31 09:51:37.4330000,0,29741,0,2026-08-31 22:46:38.5900000,-83.886400,34.980500
1839604,"Emeryville",3567,233,"10S","10S1H5S2Q",3,2026-08-29 06:18:16.7130000,0,0,1108946,2026-08-31 22:47:52.4500000,37.831320,-122.285250
32,"Stromness",3868,90,"24F","24F2H6S2Q",2,2025-01-06 00:56:57.2130000,0,15363,0,2026-08-31 22:48:05.9600000,-54.156110,-36.716110
33,"San Justo",106,10,"19F","19F2H5S2Q",2,2025-01-10 10:59:20.7500000,0,2317,0,2026-08-31 22:48:35.0830000,-54.033330,-68.533330
39,"Rio Grande",106,10,"19F","19F2H3S3Q",2,2025-01-04 20:35:31.4000000,0,1791,0,2026-08-31 22:49:12.2200000,-53.783330,-67.700000
62,"Paramo Chico",106,10,"19F","19F2H2S4Q",2,2026-08-31 22:49:49.6070000,0,529,0,2026-08-31 22:49:49.6070000,-53.016670,-68.266670
60,"El Paramo",106,10,"19F","19F2H2S4Q",2,2026-08-31 22:49:58.5570000,0,529,0,2026-08-31 22:49:58.5570000,-53.050000,-68.250000
195485,"Kenan",3817,248,"36L","36L1H2S3Q",2,2026-08-31 22:51:17.1670000,0,892,0,2026-08-31 22:51:17.1670000,-9.266670,32.516670
195722,"Kasanza",3817,248,"36L","36L1H2S3Q",2,2026-08-31 22:51:20.5970000,0,892,0,2026-08-31 22:51:20.5970000,-9.250000,32.533330
195486,"Manwalala",3817,248,"36L","36L1H2S3Q",2,2026-08-31 22:51:23.8430000,0,892,0,2026-08-31 22:51:23.8430000,-9.266670,32.566670
195023,"Nsombezi",3817,248,"36L","36L1H2S3Q",2,2026-08-31 22:51:27.5600000,0,892,0,2026-08-31 22:51:27.5600000,-9.300000,32.533330
194577,"Andrew",3817,248,"36L","36L1H2S3Q",2,2026-08-31 22:51:32.1830000,0,892,0,2026-08-31 22:51:32.1830000,-9.333330,32.483330
56764,"Ambaravarambato",1877,143,"38K","38K2H5S2Q",2,2026-08-31 22:52:06.5300000,0,1200,0,2026-08-31 22:52:06.5300000,-22.950000,45.583330
56763,"Ankily",1877,143,"38K","38K2H5S2Q",2,2026-08-31 22:52:10.6000000,0,1200,0,2026-08-31 22:52:10.6000000,-22.950000,45.566670
56761,"Varavana",1877,143,"38K","38K2H5S2Q",2,2026-08-31 22:52:13.6770000,0,1200,0,2026-08-31 22:52:13.6770000,-22.950000,45.550000
56760,"Morarano",1877,143,"38K","38K2H5S2Q",2,2026-08-31 22:53:25.0030000,0,1200,0,2026-08-31 22:53:25.0030000,-22.950000,45.533330
2359221,"Saint-Duzec",961,75,"30U","30U2H5S3Q",2,2016-09-13 10:25:50.8500000,0,137192736,0,2026-08-31 22:53:26.8930000,48.783330,-3.550000
61549,"Sahanafa",1880,143,"38K","38K2H5S2Q",2,2026-08-31 22:53:30.0800000,46,300,0,2026-08-31 22:53:30.0800000,-22.316670,45.300000
62387,"Ampandrabe",1877,143,"38K","38K2H5S2Q",2,2026-08-31 22:53:34.3600000,0,741,0,2026-08-31 22:53:34.3600000,-22.183330,45.233330
62565,"Bekaratsaka",1877,143,"38K","38K2H5S2Q",2,2026-08-31 22:53:36.9470000,0,741,0,2026-08-31 22:53:36.9470000,-22.150000,45.216670
63269,"Bekija",1877,143,"38K","38K2H5S2Q",2,2026-08-31 22:53:40.0170000,0,741,0,2026-08-31 22:53:40.0170000,-22.033330,45.200000
30797,"Slacks Creek",142,13,"56J","56J1H5S4Q",2,2024-09-16 22:50:41.4270000,0,2216906,0,2026-08-31 22:53:41.9500000,-27.650000,153.150000
63554,"Maharivo",1877,143,"38K","38K2H2S4Q",2,2026-08-31 22:53:42.5570000,0,741,0,2026-08-31 22:53:42.5570000,-21.983330,45.183330
63555,"Andingoza",1877,143,"38K","38K2H2S4Q",2,2026-08-31 22:53:45.1230000,0,741,0,2026-08-31 22:53:45.1230000,-21.983330,45.216670
62986,"Besakoa",1877,143,"38K","38K2H5S2Q",2,2026-08-31 22:53:49.2270000,0,741,0,2026-08-31 22:53:49.2270000,-22.083330,45.233330
62674,"Aketa",1877,143,"38K","38K2H5S2Q",2,2026-08-31 22:53:52.6370000,0,741,0,2026-08-31 22:53:52.6370000,-22.133330,45.233330
813566,"El Carrizo",1172,97,"16P","16P1H5S1Q",3,2026-08-31 22:54:33.5130000,0,0,1200,2026-08-31 22:54:33.5130000,13.250280,-87.258060
814001,"El Guayabito",1172,97,"16P","16P1H5S1Q",3,2026-08-31 22:54:36.8100000,0,0,1200,2026-08-31 22:54:36.8100000,13.264170,-87.250280
814640,"Las Gervaceas",1172,97,"16P","16P1H5S1Q",3,2026-08-31 22:54:40.0630000,0,0,1200,2026-08-31 22:54:40.0670000,13.276940,-87.280000
2156073,"Dunkerron",457,38,"17T","17T1H6S3Q",2,2017-07-27 15:13:06.1730000,0,3330356,0,2026-08-31 22:54:41.7870000,44.033410,-79.666330
815375,"Hacienda La Purisima",1172,97,"16P","16P1H5S1Q",3,2026-08-31 22:54:43.4000000,0,0,1200,2026-08-31 22:54:43.4000000,13.291940,-87.280000
2152434,"Hammertown",457,38,"17T","17T2H3S1Q",2,2017-04-29 00:18:58.2870000,0,3134480,0,2026-08-31 22:54:46.2530000,43.933410,-79.749630
812376,"Hacienda La Trinidad",1172,97,"16P","16P1H5S1Q",3,2026-08-31 22:54:46.6470000,0,0,1200,2026-08-31 22:54:46.6470000,13.226110,-87.223330
813371,"Calama",1172,97,"16P","16P1H5S1Q",3,2026-08-31 22:54:49.8000000,0,0,1200,2026-08-31 22:54:49.8000000,13.250000,-87.216670
810253,"Hacienda La Loma",1172,97,"16P","16P1H5S1Q",3,2026-08-31 22:54:53.5430000,0,0,1200,2026-08-31 22:54:53.5430000,13.176110,-87.221390
812164,"San Jose",1172,97,"16P","16P1H5S1Q",3,2026-08-31 22:54:56.6330000,0,0,1200,2026-08-31 22:54:56.6330000,13.219170,-87.201110
2150679,"Bolton",457,38,"17T","17T2H3S1Q",2,2017-03-08 01:29:05.8070000,0,3138365,0,2026-08-31 22:55:03.5830000,43.883410,-79.732930
2151408,"Coventry",457,38,"17T","17T2H3S1Q",2,2017-02-10 13:10:12.8930000,0,3213813,0,2026-08-31 22:55:11.9200000,43.904310,-79.730730
2151868,"Castlederg",457,38,"17T","17T2H3S1Q",2,2017-05-08 12:58:10.5770000,0,3179770,0,2026-08-31 22:55:19.9770000,43.916810,-79.766340
2067550,"Glenview",3554,233,"16T","16T2H2S3Q",1,2025-02-18 22:53:36.0500000,999981,8631,0,2026-08-31 22:59:01.4600000,42.069750,-87.787840
62785,"Morafeno",1877,143,"38K","38K2H5S2Q",2,2026-08-31 22:59:47.5130000,0,741,0,2026-08-31 22:59:47.5130000,-22.116670,45.250000
62676,"Tsitakadahy",1877,143,"38K","38K2H5S2Q",2,2026-08-31 22:59:50.3400000,0,741,0,2026-08-31 22:59:50.3400000,-22.133330,45.250000
1983613,"Crumb Corner",3555,233,"16T","16T2H5S4Q",3,2025-01-19 15:38:31.5700000,0,0,164099,2026-08-31 23:01:13.5730000,40.453920,-86.927790
1613494,"Thousand Oaks",3567,233,"11S","11S2H1S4Q",1,2026-08-31 23:01:26.5100000,1030,0,0,2026-08-31 23:01:26.5100000,34.170560,-118.837590
1614204,"Greenwich Village",3567,233,"11S","11S2H1S4Q",1,2026-08-31 23:01:29.0870000,1030,0,0,2026-08-31 23:01:29.0870000,34.181390,-118.864540
1615148,"North Ranch",3567,233,"11S","11S2H1S4Q",1,2026-08-31 23:01:32.0330000,1030,0,0,2026-08-31 23:01:32.0330000,34.196670,-118.820090
1614067,"Oak Park",3567,233,"11S","11S2H1S4Q",1,2026-06-14 00:17:52.9800000,3116,0,0,2026-08-31 23:01:49.0000000,34.179170,-118.762870
1613580,"Oak Park",3567,233,"11S","11S2H1S4Q",1,2026-07-28 14:17:14.2630000,3455,0,0,2026-08-31 23:01:54.5500000,34.171860,-118.757340
1611687,"Agoura",3567,233,"11S","11S2H1S4Q",1,2026-06-14 00:33:18.2930000,3393,0,0,2026-08-31 23:02:00.0130000,34.143060,-118.737870
62566,"Ampanambato",1877,143,"38K","38K2H5S2Q",2,2026-08-31 23:02:01.2330000,0,741,0,2026-08-31 23:02:01.2330000,-22.150000,45.250000
1611712,"Malibu Junction",3567,233,"11S","11S2H1S4Q",1,2026-08-21 05:15:11.5830000,3587,0,0,2026-08-31 23:02:04.9070000,34.143340,-118.757030
1609892,"Cornell",3567,233,"11S","11S2H1S4Q",1,2026-08-21 05:14:52.9270000,2819,0,0,2026-08-31 23:02:09.9600000,34.114450,-118.777870
2264821,"Durbin",3575,233,"14T","14T1H3S3Q",2,2014-07-01 20:41:04.0900000,0,2260408,0,2026-08-31 23:02:22.5530000,46.808580,-97.149530
1609451,"Seminole Hot Springs",3567,233,"11S","11S2H1S4Q",1,2026-08-31 02:50:35.9230000,2347,0,0,2026-08-31 23:02:37.5100000,34.107230,-118.790650
1694363,"Buttonwillow",3567,233,"11S","11S2H1S1Q",3,2016-02-05 07:02:15.8330000,7188,0,12325,2026-08-31 23:03:07.3930000,35.409230,-119.440660
2509341,"Oijen",2270,167,"31U","31U2H3S2Q",1,2015-08-22 08:25:22.0130000,747766,0,0,2026-08-31 23:04:06.4430000,51.824170,5.502780
1555841,"Flovilla",3539,233,"17S","17S2H4S1Q",3,2013-07-11 23:47:22.8370000,0,0,2140987,2026-08-31 23:04:31.7200000,33.253730,-83.898520
56759,"Tsianerena",1877,143,"38K","38K2H5S2Q",2,2026-08-31 23:06:13.8870000,0,1200,0,2026-08-31 23:06:13.8900000,-22.950000,45.500000
56615,"Tanambao",1877,143,"38K","38K2H5S2Q",2,2026-08-31 23:06:19.4030000,0,1200,0,2026-08-31 23:06:19.4030000,-22.966670,45.516670
56614,"Sakamahily",1877,143,"38K","38K2H5S2Q",2,2026-08-31 23:06:22.9070000,0,1200,0,2026-08-31 23:06:22.9070000,-22.966670,45.500000
194368,"Kaunda",3817,248,"36L","36L1H2S3Q",2,2026-08-31 23:06:26.6330000,0,982,0,2026-08-31 23:06:26.6330000,-9.350000,32.516670
194369,"Edward Sikombe",3817,248,"36L","36L1H2S3Q",2,2026-08-31 23:06:30.2200000,0,548,0,2026-08-31 23:06:30.2200000,-9.350000,32.533330
56491,"Beamalo",1877,143,"38K","38K2H5S2Q",2,2026-08-31 23:06:33.7930000,0,1200,0,2026-08-31 23:06:33.7930000,-22.983330,45.600000
193911,"Chilanga",3817,248,"36L","36L1H2S3Q",2,2026-08-31 23:06:34.9400000,0,982,0,2026-08-31 23:06:34.9400000,-9.383330,32.550000
194370,"Longwani",3817,248,"36L","36L1H2S3Q",2,2026-08-31 23:06:39.0470000,0,982,0,2026-08-31 23:06:39.0470000,-9.350000,32.583330
194578,"Ndota",3817,248,"36L","36L1H2S3Q",2,2026-08-31 23:06:43.5830000,0,982,0,2026-08-31 23:06:43.5830000,-9.333330,32.600000
62388,"Ambatomitikitsy",1877,143,"38K","38K2H5S2Q",2,2026-08-31 23:06:49.5930000,0,741,0,2026-08-31 23:06:49.5930000,-22.183330,45.266670
1926708,"Goose Nest",3550,233,"17S","17S1H3S2Q",2,2026-08-31 22:46:01.3800000,0,16212,0,2026-08-31 23:07:39.7000000,39.445930,-78.076390
2151129,"Humber Grove",457,38,"17T","17T2H3S1Q",2,2026-05-06 21:27:59.2630000,0,2232072,0,2026-08-31 23:07:40.6730000,43.899380,-79.787860
2150678,"Glasgow",457,38,"17T","17T2H3S1Q",2,2020-07-12 01:15:20.7170000,0,3096670,0,2026-08-31 23:07:49.6400000,43.883410,-79.766330
2151867,"Cedar Mills",457,38,"17T","17T2H3S1Q",3,2026-08-31 13:41:10.2930000,0,1034,4116,2026-08-31 23:08:03.1970000,43.916810,-79.799640
2154845,"Whitchurch-Stouffville",457,38,"17T","17T1H6S3Q",2,2013-10-09 21:12:39.0130000,0,8058181,0,2026-08-31 23:08:23.4130000,44.000120,-79.316300
1969321,"Lovelock",3570,233,"11T","11T2H4S4Q",3,2026-08-31 23:08:42.7800000,0,0,8766,2026-08-31 23:08:51.3100000,40.179350,-118.473480
100186,"Amborompotsy",1878,143,"39K","39K1H1S3Q",2,2026-08-31 23:08:54.9970000,0,741,0,2026-08-31 23:08:54.9970000,-17.433330,48.466670
102597,"Anony",1878,143,"39K","39K1H1S3Q",2,2026-08-31 23:08:59.6200000,0,741,0,2026-08-31 23:08:59.6200000,-17.216670,48.550000
101899,"Antsirandava",1878,143,"39K","39K1H1S3Q",2,2026-08-31 23:09:02.6030000,0,741,0,2026-08-31 23:09:02.6030000,-17.283330,48.583330
101703,"Vohitraivo",1878,143,"39K","39K1H1S3Q",2,2026-08-31 23:09:05.6670000,0,741,0,2026-08-31 23:09:05.6670000,-17.300000,48.583330
101312,"Vohimena",1878,143,"39K","39K1H1S3Q",2,2026-08-31 23:09:08.6370000,0,741,0,2026-08-31 23:09:08.6400000,-17.333330,48.633330
101124,"Andranofotsy",1878,143,"39K","39K1H1S3Q",2,2026-08-31 23:09:12.8970000,0,741,0,2026-08-31 23:09:12.8970000,-17.350000,48.650000
102426,"Mahatsinjo",1878,143,"39K","39K1H1S3Q",2,2026-08-31 23:09:16.1070000,0,741,0,2026-08-31 23:09:16.1070000,-17.233330,48.716670
103268,"Ambendrana",1878,143,"39K","39K1H1S3Q",2,2026-08-31 23:09:19.7000000,0,741,0,2026-08-31 23:09:19.7000000,-17.150000,48.683330
72261,"Sahatona-Tamboharivo",1880,143,"38K","38K2H3S2Q",2,2026-08-31 23:09:37.3500000,0,741,0,2026-08-31 23:09:37.3500000,-20.966670,47.100000
72534,"Sarotranina",1880,143,"38K","38K2H3S2Q",2,2026-08-31 23:09:40.4830000,0,741,0,2026-08-31 23:09:40.4830000,-20.933330,47.100000
72676,"Antsabotsy",1880,143,"38K","38K2H3S2Q",2,2026-08-31 23:09:45.0670000,0,741,0,2026-08-31 23:09:45.0670000,-20.916670,47.100000
72677,"Ambatovory",1880,143,"38K","38K2H3S2Q",2,2026-08-31 23:09:48.2200000,0,899,0,2026-08-31 23:09:48.2200000,-20.916670,47.150000
73093,"Soarohatonina",1880,143,"38K","38K2H3S2Q",2,2026-08-31 23:09:51.3230000,0,741,0,2026-08-31 23:09:51.3230000,-20.866670,47.166670
73094,"Fiadanana",1880,143,"38K","38K2H3S2Q",2,2026-08-31 23:09:54.5000000,0,741,0,2026-08-31 23:09:54.5000000,-20.866670,47.183330
73218,"Amboasary",1880,143,"38K","38K2H3S2Q",1,2017-05-22 22:11:51.5270000,1312,741,0,2026-08-31 23:09:57.5300000,-20.850000,47.183330
72957,"Ambalavola",1880,143,"38K","38K2H3S2Q",2,2026-08-31 23:10:02.4570000,0,741,0,2026-08-31 23:10:02.4570000,-20.883330,47.216670
1886897,"Waterford Village",3567,233,"10S","10S1H3S3Q",2,2010-01-01 00:00:00.0000000,0,3913696,177528,2026-08-31 23:10:21.9230000,38.727120,-121.078830
2673112,"Metrogorodok",2670,192,"37U","37U1H1S2Q",2,2019-01-21 08:49:17.1200000,0,3348562,0,2026-08-31 23:10:25.5070000,55.809610,37.787390
87112,"Sarotravoaka",1882,143,"38K","38K1H6S3Q",2,2026-08-31 23:10:29.0700000,0,741,0,2026-08-31 23:10:29.0700000,-19.016670,46.033330
86835,"Morafeno",1882,143,"38K","38K1H6S3Q",2,2026-08-31 23:10:31.6470000,0,741,0,2026-08-31 23:10:31.6470000,-19.050000,46.050000
86570,"Ambodifarihy",1882,143,"38K","38K1H6S3Q",2,2026-08-31 23:10:35.1870000,0,741,0,2026-08-31 23:10:35.1870000,-19.083330,46.033330
86236,"Antanimbaribe",1882,143,"38K","38K1H6S3Q",2,2026-08-31 23:10:38.6370000,0,741,0,2026-08-31 23:10:38.6370000,-19.133330,46.016670
86457,"Tsinjorano",1882,143,"38K","38K1H5S4Q",2,2026-08-31 23:10:41.3530000,46,300,0,2026-08-31 23:10:41.3530000,-19.100000,45.983330
86568,"Ambohikambana",1882,143,"38K","38K1H5S4Q",2,2026-08-31 23:10:44.0230000,46,300,0,2026-08-31 23:10:44.0230000,-19.083330,45.933330
86974,"Ankavandrakely",1882,143,"38K","38K1H5S4Q",2,2026-08-31 23:10:47.7800000,0,741,0,2026-08-31 23:10:47.7800000,-19.033330,45.866670
87583,"Amborompotsy",1882,143,"38K","38K1H5S2Q",2,2026-08-31 23:10:52.0470000,0,741,0,2026-08-31 23:10:52.0470000,-18.950000,45.900000
2503842,"Pont-y-pwl",976,77,"30U","30U2H2S1Q",3,2016-11-27 14:18:02.8070000,0,0,796254,2026-08-31 23:10:58.8870000,51.701110,-3.044440
66083,"Betorabato",1877,143,"38K","38K2H2S4Q",2,2026-08-31 23:11:06.9700000,0,712,0,2026-08-31 23:11:06.9700000,-21.666670,45.066670
66535,"Antsoharano",1877,143,"38K","38K2H2S4Q",2,2026-08-31 23:11:10.6300000,0,712,0,2026-08-31 23:11:10.6300000,-21.616670,45.100000
67220,"Tanandava Antaifasy",1877,143,"38K","38K2H2S4Q",2,2026-08-31 23:11:13.6500000,0,712,0,2026-08-31 23:11:13.6500000,-21.533330,45.116670
66810,"Ambondro",1877,143,"38K","38K2H2S4Q",2,2026-08-31 23:11:16.8030000,0,712,0,2026-08-31 23:11:16.8030000,-21.583330,45.133330
66536,"Antsoa",1877,143,"38K","38K2H2S4Q",2,2026-08-31 23:11:25.6930000,0,712,0,2026-08-31 23:11:25.6930000,-21.616670,45.133330
1882651,"Beatrice",3567,233,"10S","10S1H3S3Q",3,2026-08-16 06:08:38.2100000,0,8174,1918650,2026-08-31 23:11:34.8570000,38.643240,-121.596070
65947,"Marokoazy",1877,143,"38K","38K2H2S4Q",2,2026-08-31 23:11:40.8170000,0,712,0,2026-08-31 23:11:40.8170000,-21.683330,45.133330
62481,"Bepeha",1880,143,"38K","38K2H5S2Q",2,2026-08-31 23:13:28.8900000,0,741,0,2026-08-31 23:13:28.8900000,-22.166670,45.333330
1597359,"Kingswood",3539,233,"17S","17S2H4S1Q",1,2014-01-28 19:15:39.9830000,2089592,0,0,2026-08-31 23:14:11.0830000,33.929840,-83.452660
9880,"Campbelltown",138,13,"54H","54H1H4S1Q",2,2023-10-14 14:34:39.9000000,7717,1983088,0,2026-08-31 23:14:21.3600000,-34.883330,138.666670
12806,"North Sydney",143,13,"56H","56H1H1S4Q",3,2017-03-15 10:55:52.9900000,0,0,1433057,2026-08-31 23:14:47.3630000,-33.833300,151.200000
9420,"Wagga Wagga",143,13,"55H","55H1H5S4Q",2,2013-04-05 11:03:40.4800000,0,727276673,0,2026-08-31 23:14:55.6930000,-35.116670,147.366670
62389,"Fenoarivo",1880,143,"38K","38K2H5S2Q",2,2026-08-31 23:06:52.6800000,0,1941,0,2026-08-31 23:17:31.6030000,-22.183330,45.283330
1609400,"Hollywood Heights",3567,233,"11S","11S2H1S4Q",3,2015-02-01 18:03:28.9870000,0,0,1056275,2026-08-31 23:17:36.9000000,34.106670,-118.340000
62297,"Antavolotaly",1880,143,"38K","38K2H5S2Q",2,2026-08-31 23:17:54.8070000,0,741,0,2026-08-31 23:17:54.8070000,-22.200000,45.350000
62187,"Marandra",1880,143,"38K","38K2H5S2Q",2,2026-08-31 23:17:58.2900000,0,741,0,2026-08-31 23:17:58.2900000,-22.216670,45.383330
2159078,"Bradford West Gwillimbury",457,38,"17T","17T1H6S3Q",3,2018-01-13 05:49:19.6200000,0,0,687334,2026-08-31 23:19:20.0270000,44.116810,-79.616330
61902,"Fandranarivo",1880,143,"38K","38K2H5S2Q",2,2026-08-31 23:20:36.8430000,0,741,0,2026-08-31 23:20:36.8430000,-22.266670,45.383330
2044430,"Homewood",3554,233,"16T","16T2H5S1Q",3,2026-08-31 23:20:59.1400000,0,0,1275,2026-08-31 23:20:59.1400000,41.557260,-87.665600
2282869,"Wynau",523,43,"32T","32T1H1S2Q",2,2025-04-09 22:05:20.7070000,0,590538,0,2026-08-31 23:21:10.3170000,47.255700,7.816260
2043471,"Holbrook",3554,233,"16T","16T2H5S1Q",2,2026-08-31 19:04:53.0970000,0,2108,1448,2026-08-31 23:21:11.2330000,41.538370,-87.636710
195024,"Chitekwe",3817,248,"36L","36L1H2S3Q",2,2026-08-31 23:21:31.6100000,0,982,0,2026-08-31 23:21:31.6100000,-9.300000,32.616670
195258,"Mulembwa",3817,248,"36L","36L1H2S3Q",2,2026-08-31 23:21:34.4870000,0,982,0,2026-08-31 23:21:34.4870000,-9.283330,32.616670
195259,"Ulaya",3817,248,"36L","36L1H2S3Q",2,2026-08-31 23:21:38.1630000,0,892,0,2026-08-31 23:21:38.1630000,-9.283330,32.666670
194777,"Mwenzo",3817,248,"36L","36L1H2S3Q",2,2026-08-31 23:21:41.7070000,0,892,0,2026-08-31 23:21:41.7070000,-9.316670,32.683330
194778,"Kasichila",3817,248,"36L","36L1H2S3Q",2,2026-08-31 23:21:46.9770000,0,892,0,2026-08-31 23:21:46.9770000,-9.316670,32.700000
2303343,"Union Hill-Novelty Hill",3578,233,"10T","10T1H2S2Q",1,2022-05-18 00:47:56.7670000,5618334,0,0,2026-08-31 23:21:51.6900000,47.678870,-122.028330
2341760,"Mount Vernon",3578,233,"10U","10U2H5S4Q",2,2014-05-24 02:28:33.6300000,0,933404,8100,2026-08-31 23:21:57.4070000,48.421220,-122.334050
2069234,"Lake View",3554,233,"16T","16T2H2S3Q",2,2026-08-31 23:20:53.4630000,16002,25333,0,2026-08-31 23:22:06.3370000,42.111690,-87.741730
2295275,"Upper Preston",3578,233,"10T","10T1H3S1Q",2,2012-11-28 02:21:22.9970000,0,1561468,0,2026-08-31 23:22:21.2370000,47.505100,-121.907620
2303290,"Ballard",3578,233,"10T","10T1H2S2Q",1,2020-12-31 22:18:23.9570000,4150153,0,0,2026-08-31 23:22:55.2470000,47.675930,-122.387350
1690715,"Moore",3546,233,"14S","14S2H3S1Q",2,2010-01-01 00:00:00.0000000,0,1982498,6878,2026-08-31 23:23:33.4970000,35.339510,-97.486700
2039265,"Edgewood",3567,233,"10T","10T2H5S2Q",2,2026-08-31 23:23:42.4700000,0,841,0,2026-08-31 23:23:42.4700000,41.458200,-122.431680
2115873,"Mattydale",3562,233,"18T","18T2H1S2Q",1,2024-10-08 00:56:00.7000000,51947,0,0,2026-08-31 23:24:01.0570000,43.097840,-76.145200
812872,"Hacienda El Eden",1172,97,"16P","16P1H5S1Q",3,2026-08-31 23:26:00.3570000,0,0,1200,2026-08-31 23:26:00.3570000,13.234170,-87.192220
813260,"Carrizal",1172,97,"16P","16P1H5S1Q",3,2026-08-31 23:26:07.9570000,0,0,1200,2026-08-31 23:26:07.9570000,13.246110,-87.178330
813675,"Hacienda Montecillos",1172,97,"16P","16P1H5S1Q",3,2026-08-31 23:26:10.7730000,0,0,1200,2026-08-31 23:26:10.7730000,13.253890,-87.201670
2155850,"College Hill",3576,233,"10T","10T1H5S3Q",1,2025-06-30 03:00:56.4800000,6078902,0,0,2026-08-31 23:26:13.9470000,44.030960,-123.098140
811734,"Los Rincones",1172,97,"16P","16P1H5S1Q",3,2026-08-31 23:26:16.9700000,0,0,1200,2026-08-31 23:26:16.9700000,13.211670,-87.166670
813676,"Portillo del Guasimo",1172,97,"16P","16P1H5S1Q",3,2026-08-31 23:26:23.9370000,0,0,1200,2026-08-31 23:26:23.9370000,13.253890,-87.147220
814002,"El Ocote",1172,97,"16P","16P1H5S1Q",3,2026-08-31 23:26:27.8570000,0,0,1200,2026-08-31 23:26:27.8570000,13.264170,-87.140830
814527,"Hacienda Los Valcanes",1172,97,"16P","16P1H5S1Q",3,2026-08-31 23:26:32.6630000,0,0,1200,2026-08-31 23:26:32.6630000,13.273890,-87.148610
814096,"Los Zorrillos",1172,97,"16P","16P1H5S1Q",3,2026-08-31 23:26:37.6470000,0,0,1200,2026-08-31 23:26:37.6470000,13.266670,-87.116670
2487933,"Kewstoke",979,77,"30U","30U2H2S2Q",3,2015-09-13 16:59:41.8600000,0,0,1096892,2026-08-31 23:27:08.9230000,51.365300,-2.959010
2012383,"Kings Woods",3561,233,"18T","18T2H6S3Q",1,2014-04-17 05:21:44.0070000,1291557,0,0,2026-08-31 23:28:04.6370000,40.951770,-73.925410
1753148,"Midway",3548,233,"17S","17S1H5S3Q",3,2020-12-11 16:26:59.7030000,0,0,140223,2026-08-31 23:28:26.3700000,36.413730,-81.767890
1577138,"Fairview Commons",3539,233,"17S","17S2H4S1Q",3,2026-08-31 23:29:30.5600000,104562087,1377,104571221,2026-08-31 23:29:33.5300000,33.611220,-83.943520
12633,"Ultimo",143,13,"56H","56H1H1S4Q",2,2026-08-22 20:25:26.3800000,0,5121440,0,2026-08-31 23:30:32.0300000,-33.878820,151.197370
61675,"Bekijoly",1880,143,"38K","38K2H5S2Q",2,2026-08-31 23:30:36.2500000,0,741,0,2026-08-31 23:30:36.2500000,-22.300000,45.400000
61550,"Tameantsoa",1880,143,"38K","38K2H5S2Q",2,2026-08-31 23:30:38.6630000,0,741,0,2026-08-31 23:30:38.6630000,-22.316670,45.400000
61445,"Nanarena",1880,143,"38K","38K2H5S2Q",2,2026-08-31 23:30:40.9930000,0,741,0,2026-08-31 23:30:40.9930000,-22.333330,45.500000
61211,"Vatombe",1880,143,"38K","38K2H5S2Q",2,2026-08-31 23:30:43.2430000,0,741,0,2026-08-31 23:30:43.2430000,-22.366670,45.483330
1766741,"Pacific Grove Acres",3567,233,"10S","10S1H6S3Q",1,2026-08-31 23:30:50.9970000,901,0,0,2026-08-31 23:30:50.9970000,36.628850,-121.929960
1766195,"Pacific Grove",3567,233,"10S","10S1H6S3Q",1,2026-08-31 23:30:57.8530000,936,0,0,2026-08-31 23:30:57.8530000,36.617740,-121.916620
1765867,"New Monterey",3567,233,"10S","10S1H6S3Q",1,2026-08-31 23:31:01.3000000,919,0,0,2026-08-31 23:31:01.3000000,36.614680,-121.902180
1765792,"Cannery Row",3567,233,"10S","10S1H6S3Q",1,2026-08-31 23:31:05.7230000,937,0,0,2026-08-31 23:31:05.7230000,36.613290,-121.897730
1765119,"Monterey",3567,233,"10S","10S1H6S3Q",1,2026-08-31 23:31:12.7430000,920,0,37,2026-08-31 23:31:12.7430000,36.600240,-121.894680
104350,"Ambinanynandranovondrona",1878,143,"39K","39K1H1S3Q",2,2026-08-31 23:31:20.6930000,0,741,0,2026-08-31 23:31:20.6930000,-17.050000,48.683330
1764223,"Del Monte Forest",3567,233,"10S","10S1H6S3Q",1,2026-08-31 23:31:23.1930000,902,0,20,2026-08-31 23:31:23.1930000,36.586350,-121.947460
104688,"Andimbinimafy",1878,143,"39K","39K1H1S3Q",2,2026-08-31 23:31:24.7300000,0,741,0,2026-08-31 23:31:24.7300000,-17.016670,48.666670
1764093,"Del Monte Forest",3567,233,"10S","10S1H6S3Q",1,2026-08-31 23:31:29.6570000,902,0,20,2026-08-31 23:31:29.6570000,36.583760,-121.947450
104349,"Sahavolo",1878,143,"39K","39K1H1S3Q",2,2026-08-31 23:31:37.7770000,0,741,0,2026-08-31 23:31:37.7770000,-17.050000,48.650000
104520,"Sahavolo",1878,143,"39K","39K1H1S3Q",2,2026-08-31 23:31:40.5600000,0,741,0,2026-08-31 23:31:40.5600000,-17.033330,48.650000
104521,"Antsiradava",1878,143,"39K","39K1H1S3Q",2,2026-08-31 23:31:44.1030000,0,741,0,2026-08-31 23:31:44.1030000,-17.033330,48.666670
104522,"Sahasalazana",1878,143,"39K","39K1H1S3Q",2,2026-08-31 23:31:47.0130000,0,741,0,2026-08-31 23:31:47.0130000,-17.033330,48.683330
103267,"Ankarefo",1878,143,"39K","39K1H1S3Q",2,2026-08-31 23:31:50.6870000,0,741,0,2026-08-31 23:31:50.6870000,-17.150000,48.550000
102596,"Beandrarezina",1878,143,"39K","39K1H1S3Q",2,2026-08-31 23:31:53.6600000,0,741,0,2026-08-31 23:31:53.6600000,-17.216670,48.516670
1762857,"Pebble Beach",3567,233,"10S","10S1H6S3Q",1,2026-08-31 23:31:58.4100000,937,0,0,2026-08-31 23:31:58.4100000,36.566350,-121.946620
1762246,"Carmel-by-the-Sea",3567,233,"10S","10S1H6S3Q",1,2026-08-31 23:32:08.9270000,938,0,0,2026-08-31 23:32:08.9270000,36.555240,-121.923290
1617300,"Northridge",3567,233,"11S","11S2H1S4Q",3,2015-08-25 03:07:04.6500000,0,0,1047721,2026-08-31 23:32:20.2500000,34.228340,-118.536750
72958,"Maneva",1880,143,"38K","38K2H3S2Q",2,2026-08-31 23:32:37.2600000,0,741,0,2026-08-31 23:32:37.2600000,-20.883330,47.233330
87703,"Antanetimboahangy",1882,143,"38K","38K1H5S2Q",2,2026-08-31 23:32:59.2570000,0,741,0,2026-08-31 23:32:59.2570000,-18.933330,45.850000
62478,"Mangotroka",1877,143,"38K","38K2H4S2Q",2,2026-08-31 23:33:00.3530000,0,741,0,2026-08-31 23:33:00.3530000,-22.166670,43.833330
2076264,"Ann Arbor",3557,233,"17T","17T2H1S3Q",1,2016-07-16 20:11:44.6630000,40459482,0,0,2026-08-31 23:33:00.9630000,42.277560,-83.740880
71697,"Tambohobe",1880,143,"38K","38K2H3S4Q",2,2026-08-31 23:33:06.3430000,0,741,0,2026-08-31 23:33:06.3430000,-21.033330,47.300000
71568,"Andidy",1880,143,"38K","38K2H3S4Q",2,2026-08-31 23:33:09.9700000,0,741,0,2026-08-31 23:33:09.9700000,-21.050000,47.300000
71431,"Andambinana",1880,143,"38K","38K2H3S4Q",2,2026-08-31 23:33:12.9270000,0,741,0,2026-08-31 23:33:12.9270000,-21.066670,47.316670
71432,"Anosy",1880,143,"38K","38K2H3S4Q",2,2026-08-31 23:33:16.0270000,0,741,0,2026-08-31 23:33:16.0270000,-21.066670,47.350000
71276,"Ambatolahivondraka",1880,143,"38K","38K2H3S4Q",2,2026-08-31 23:33:19.2330000,0,899,0,2026-08-31 23:33:19.2330000,-21.083330,47.366670
71569,"Sakatay",1880,143,"38K","38K2H3S4Q",2,2026-08-31 23:33:22.8830000,0,741,0,2026-08-31 23:33:22.8830000,-21.050000,47.383330
87451,"Ambodifiakarana",1882,143,"38K","38K1H5S2Q",2,2026-08-31 23:33:40.8100000,0,741,0,2026-08-31 23:33:40.8100000,-18.966670,45.833330
86348,"Tindoha",1882,143,"38K","38K1H5S4Q",2,2026-08-31 23:33:46.2600000,0,741,0,2026-08-31 23:33:46.2600000,-19.116670,45.966670
86116,"Ambalavatokely",1882,143,"38K","38K1H6S3Q",2,2026-08-31 23:33:49.5570000,0,741,0,2026-08-31 23:33:49.5570000,-19.150000,46.000000
86237,"Ambatofotsy",1882,143,"38K","38K1H6S3Q",2,2026-08-31 23:33:53.1100000,0,741,0,2026-08-31 23:33:53.1100000,-19.133330,46.050000
86722,"Mamororoa",1882,143,"38K","38K1H6S3Q",2,2026-08-31 23:33:57.3900000,0,741,0,2026-08-31 23:33:57.3900000,-19.066670,46.083330
86975,"Maritampona",1882,143,"38K","38K1H6S3Q",2,2026-08-31 23:34:00.1430000,0,741,0,2026-08-31 23:34:00.1430000,-19.033330,46.116670
87114,"Andranganala",1882,143,"38K","38K1H6S3Q",2,2026-08-31 23:34:03.2730000,0,741,0,2026-08-31 23:34:03.2730000,-19.016670,46.133330
2290985,"Niederrohrdorf",528,43,"32T","32T1H2S1Q",3,2023-01-25 08:48:20.8430000,2534,0,10998002,2026-08-31 23:34:25.2070000,47.416670,8.300000
2292902,"Kloten / Kloten (Zentrum)",503,43,"32T","32T1H2S1Q",3,2026-07-23 16:39:34.4870000,12358,0,1981563,2026-08-31 23:34:35.5730000,47.451340,8.586830
194779,"Yatula",3817,248,"36L","36L1H2S3Q",2,2026-08-31 23:36:30.8730000,0,892,0,2026-08-31 23:36:30.8730000,-9.316670,32.733330
194580,"Moses",3817,248,"36L","36L1H2S3Q",2,2026-08-31 23:36:34.0970000,0,892,0,2026-08-31 23:36:34.0970000,-9.333330,32.733330
194579,"Muswema",3817,248,"36L","36L1H2S3Q",2,2026-08-31 23:36:36.8670000,0,892,0,2026-08-31 23:36:36.8670000,-9.333330,32.700000
194371,"Chalwe",3817,248,"36L","36L1H2S3Q",2,2026-08-31 23:36:41.1600000,0,892,0,2026-08-31 23:36:41.1600000,-9.350000,32.683330
194152,"Aaron",3817,248,"36L","36L1H2S3Q",2,2026-08-31 23:36:45.0300000,0,982,0,2026-08-31 23:36:45.0300000,-9.366670,32.633330
2528727,"Warsaw",2440,180,"34U","34U1H5S4Q",2,2022-07-26 12:16:57.6570000,0,131479912,0,2026-08-31 23:37:33.8730000,52.229770,21.011780
56490,"Betsiriry",1877,143,"38K","38K2H5S2Q",2,2026-08-31 23:37:44.0700000,0,1200,0,2026-08-31 23:37:44.0700000,-22.983330,45.483330
56388,"Ambararata",1877,143,"38K","38K2H5S4Q",2,2026-08-31 23:37:48.7430000,0,1200,0,2026-08-31 23:37:48.7470000,-23.000000,45.466670
56387,"Ambararata",1877,143,"38K","38K2H5S4Q",2,2026-08-31 23:37:51.2700000,0,1200,0,2026-08-31 23:37:51.2700000,-23.000000,45.433330
56389,"Betraka",1877,143,"38K","38K2H5S4Q",2,2026-08-31 23:37:55.1000000,0,1200,0,2026-08-31 23:37:55.1000000,-23.000000,45.583330
56243,"Andranoboaka",1877,143,"38K","38K2H5S4Q",2,2026-08-31 23:37:58.9900000,0,1200,0,2026-08-31 23:37:58.9900000,-23.016670,45.600000
56122,"Amboahangy",1877,143,"38K","38K2H5S4Q",2,2026-08-31 23:38:03.6600000,0,1200,0,2026-08-31 23:38:03.6600000,-23.033330,45.650000
56242,"Sakaharo Ambony",1877,143,"38K","38K2H5S4Q",2,2026-08-31 23:38:07.3270000,0,1200,0,2026-08-31 23:38:07.3270000,-23.016670,45.516670
56241,"Analakazo-Ambararata",1877,143,"38K","38K2H5S4Q",2,2026-08-31 23:38:10.2370000,0,1200,0,2026-08-31 23:38:10.2370000,-23.016670,45.483330
1656806,"Gorman",3567,233,"11S","11S2H1S4Q",3,2017-06-16 16:12:31.0900000,3775,0,79585,2026-08-31 23:40:05.4230000,34.796090,-118.852600
1369231,"Valdina Farms",3549,233,"14R","14R1H5S1Q",3,2026-08-31 23:41:10.9930000,0,0,1151,2026-08-31 23:41:10.9930000,29.494400,-99.380600
1372170,"Flatrock Crossing",3549,233,"14R","14R1H5S1Q",3,2026-08-31 23:41:14.5270000,0,0,1151,2026-08-31 23:41:14.5270000,29.572730,-99.402270
1378791,"Vanderpool",3549,233,"14R","14R1H5S1Q",3,2026-08-31 23:41:19.0100000,0,0,1151,2026-08-31 23:41:19.0100000,29.745220,-99.555050
1405734,"Noxville",3549,233,"14R","14R1H2S3Q",3,2026-08-31 23:41:29.5400000,0,0,1150,2026-08-31 23:41:29.5400000,30.389910,-99.467280
1415912,"Cleo",3549,233,"14R","14R1H2S3Q",3,2026-08-31 23:41:36.3030000,0,0,1144,2026-08-31 23:41:36.3030000,30.603800,-99.875070
1402912,"Telegraph",3549,233,"14R","14R1H2S3Q",3,2026-08-31 23:41:40.6530000,0,0,1150,2026-08-31 23:41:40.6570000,30.327420,-99.906180
2080777,"Stark",3557,233,"17T","17T2H1S3Q",1,2010-01-01 00:00:00.0000000,4598847,0,0,2026-08-31 23:41:42.3030000,42.375870,-83.372710
1390064,"Rocksprings",3549,233,"14R","14R1H1S4Q",3,2026-08-31 23:41:44.8730000,0,0,1141,2026-08-31 23:41:44.8730000,30.015760,-100.205360
1395992,"Corner Windmill",3549,233,"14R","14R1H1S4Q",3,2026-08-31 23:41:56.2100000,0,0,1059,2026-08-31 23:41:56.2100000,30.159920,-100.919550
62555,"Bekimpay",1877,143,"38K","38K2H4S2Q",2,2026-08-31 23:42:02.6500000,0,741,0,2026-08-31 23:42:02.6500000,-22.150000,43.783330
62773,"Maroforoha",1877,143,"38K","38K2H4S2Q",2,2026-08-31 23:42:05.6870000,0,741,0,2026-08-31 23:42:05.6870000,-22.116670,43.750000
62663,"Ankazosienehana",1877,143,"38K","38K2H4S2Q",2,2026-08-31 23:42:09.6600000,0,741,0,2026-08-31 23:42:09.6600000,-22.133330,43.800000
62775,"Sihanaka",1877,143,"38K","38K2H4S2Q",2,2026-08-31 23:42:12.9770000,0,741,0,2026-08-31 23:42:12.9770000,-22.116670,43.833330
1395728,"Juno",3549,233,"14R","14R1H1S3Q",3,2026-08-31 23:42:27.7730000,0,0,1056,2026-08-31 23:42:27.7730000,30.151860,-101.115380
65797,"Morarono Atsinanana",1877,143,"38K","38K2H2S4Q",2,2026-08-31 23:43:20.3330000,184,300,0,2026-08-31 23:43:20.3330000,-21.700000,45.150000
66388,"Soatanana",1877,143,"38K","38K2H2S4Q",2,2026-08-31 23:43:24.3200000,0,712,0,2026-08-31 23:43:24.3200000,-21.633330,45.183330
66241,"Maromiandra",1877,143,"38K","38K2H2S4Q",2,2026-08-31 23:43:27.8930000,0,731,0,2026-08-31 23:43:27.8930000,-21.650000,45.183330
66084,"Beroroha",1877,143,"38K","38K2H2S4Q",2,2026-08-31 23:43:30.8900000,0,712,0,2026-08-31 23:43:30.8900000,-21.666670,45.166670
65945,"Besatra",1877,143,"38K","38K2H2S4Q",2,2026-08-31 23:43:44.2970000,0,937,0,2026-08-31 23:43:44.2970000,-21.683330,45.116670
65667,"Vohimary",1877,143,"38K","38K2H2S4Q",2,2026-08-31 23:43:51.0070000,0,1425,0,2026-08-31 23:43:53.1300000,-21.716670,45.116670
65669,"Soasirana",1877,143,"38K","38K2H2S4Q",2,2026-08-31 23:44:27.3270000,0,712,0,2026-08-31 23:44:27.3270000,-21.716670,45.133330
1482043,"Helvetia",3572,233,"12R","12R1H2S2Q",3,2013-11-25 04:01:49.4100000,0,0,4160327,2026-08-31 23:45:42.5870000,31.857860,-110.788700
2017778,"Glenwood",3553,233,"15T","15T2H4S1Q",2,2026-08-27 03:16:27.1370000,0,949100,0,2026-08-31 23:45:50.1230000,41.046940,-95.742510
2311713,"Faucogney-et-la-Mer",957,75,"32T","32T1H1S1Q",1,2015-09-06 19:33:34.9000000,997260,300,0,2026-08-31 23:45:51.4900000,47.850000,6.566670
814076,"Hacienda La Rubenia",1172,97,"16P","16P1H5S1Q",3,2026-08-31 23:46:00.5470000,0,0,1200,2026-08-31 23:46:00.5500000,13.266390,-87.096390
813194,"Jocomico",1172,97,"16P","16P1H5S1Q",3,2026-08-31 23:46:04.1500000,0,0,1200,2026-08-31 23:46:04.1500000,13.244440,-87.091110
813622,"La Tajeada",1172,97,"16P","16P1H5S1Q",3,2026-08-31 23:46:08.6600000,0,0,1200,2026-08-31 23:46:08.6600000,13.252500,-87.087780
813781,"La Presa",1172,97,"16P","16P1H5S1Q",3,2026-08-31 23:46:12.1170000,0,0,1200,2026-08-31 23:46:12.1170000,13.257220,-87.087220
813868,"Tablones Arriba",1172,97,"16P","16P1H5S1Q",3,2026-08-31 23:46:16.6300000,0,0,1200,2026-08-31 23:46:16.6300000,13.259720,-87.081940
813836,"La Fortuna",1172,97,"16P","16P1H5S1Q",3,2026-08-31 23:46:20.9530000,0,0,1200,2026-08-31 23:46:20.9530000,13.258890,-87.067220
1543200,"Hebron",3549,233,"14S","14S2H6S2Q",3,2023-11-08 23:00:16.6500000,2172,0,31616560,2026-08-31 23:46:26.0370000,33.026510,-96.863610
812582,"Los Cocos",1172,97,"16P","16P1H5S1Q",3,2026-08-31 23:46:28.8100000,0,0,1200,2026-08-31 23:46:28.8100000,13.231670,-87.069720
812639,"El Caliche",1172,97,"16P","16P1H5S1Q",3,2026-08-31 23:46:33.2800000,0,0,1200,2026-08-31 23:46:33.2800000,13.233330,-87.066670
1393522,"Hempstead",3549,233,"14R","14R1H3S4Q",1,2013-10-26 17:12:27.1870000,17026652,0,0,2026-08-31 23:46:36.1670000,30.097440,-96.078290
2302683,"Magny-Vernois",957,75,"32T","32T1H1S1Q",1,2015-09-06 19:54:45.1830000,78507,2020,0,2026-08-31 23:46:53.2730000,47.666670,6.483330
1884887,"El Dorado Hills",3567,233,"10S","10S1H3S3Q",3,2026-08-28 21:03:37.1700000,0,0,840164,2026-08-31 23:46:54.8730000,38.685740,-121.082170
2301863,"Vouhenans",957,75,"32T","32T1H1S1Q",1,2015-09-06 19:22:47.9000000,92596,973,0,2026-08-31 23:47:25.8600000,47.650000,6.483330
2249182,"Clarkston Heights",3578,233,"11T","11T1H2S3Q",2,2013-11-24 17:58:00.3270000,0,1614603,0,2026-08-31 23:47:37.0200000,46.396270,-117.082380
2301862,"Vy-les-Lure",957,75,"32T","32T1H1S1Q",1,2015-09-06 19:28:30.8530000,139115,600,0,2026-08-31 23:47:56.2000000,47.650000,6.450000
2308091,"Richmond Beach",3578,233,"10T","10T1H2S2Q",2,2015-05-15 11:29:45.9630000,0,1437777,0,2026-08-31 23:48:21.9530000,47.769540,-122.390130
1974757,"Woolsey",3570,233,"11T","11T2H4S4Q",3,2026-08-31 23:48:15.0770000,0,0,8310,2026-08-31 23:48:30.2030000,40.281020,-118.364590
1985493,"Trilby Corner",3568,233,"13T","13T2H5S3Q",2,2021-12-30 08:08:17.2200000,0,545159,0,2026-08-31 23:48:34.2800000,40.494700,-105.077480
2548473,"Wigginton",979,77,"30U","30U1H6S3Q",2,2026-08-31 23:48:46.2170000,0,900,0,2026-08-31 23:48:46.2170000,52.650000,-1.683330
90,"Fox Bay East Settlement",3848,72,"20F","20F1H6S4Q",2,2026-08-31 23:48:50.2430000,0,1013,0,2026-08-31 23:48:50.2430000,-51.950000,-60.033330
1389325,"Kyle",3549,233,"14R","14R1H6S1Q",3,2026-02-05 13:33:41.4200000,0,290222,1035346,2026-08-31 23:48:57.5200000,29.998350,-97.871530
89,"Fox Bay West Settlement",3848,72,"20F","20F1H6S4Q",2,2026-08-31 23:48:57.6430000,0,1021,0,2026-08-31 23:48:57.6430000,-51.950000,-60.100000
2301861,"Mollans",957,75,"32T","32T1H1S1Q",1,2015-09-06 19:35:42.0270000,51436,8328,0,2026-08-31 23:49:38.6730000,47.650000,6.366670
2560257,"Bramshall",979,77,"30U","30U1H6S3Q",2,2023-05-31 15:18:02.1430000,0,775404,0,2026-08-31 23:50:19.8700000,52.900000,-1.916670
2538136,"Prickwillow",979,77,"31U","31U1H4S3Q",1,2016-07-27 06:29:20.5070000,1127424,2100,4407,2026-08-31 23:50:19.8770000,52.416860,0.345960
2302682,"Genevreuille",957,75,"32T","32T1H1S1Q",1,2015-09-06 19:35:37.6070000,996569,600,0,2026-08-31 23:50:20.4700000,47.666670,6.383330
1554021,"Lincoln Park",3549,233,"14S","14S2H6S2Q",3,2010-01-01 00:00:00.0000000,2110,0,2858925,2026-08-31 23:50:33.8970000,33.222060,-96.972780
2305134,"Colombe-les-Bithaine",957,75,"32T","32T1H1S1Q",1,2015-09-06 15:56:21.0470000,998919,300,0,2026-08-31 23:50:53.8230000,47.716670,6.366670
2306749,"Ailloncourt",957,75,"32T","32T1H1S1Q",1,2015-09-06 19:35:16.4830000,988017,600,0,2026-08-31 23:51:13.7970000,47.750000,6.383330
102926,"Ambodiandriambe",1878,143,"39K","39K1H1S3Q",2,2026-08-31 23:51:29.4400000,46,300,0,2026-08-31 23:51:29.4400000,-17.183330,48.483330
102783,"Ambodifano",1878,143,"39K","39K1H1S3Q",2,2026-08-31 23:51:35.5670000,0,741,0,2026-08-31 23:51:35.5670000,-17.200000,48.400000
103100,"Ambodivoara",1878,143,"39K","39K1H1S3Q",2,2026-08-31 23:51:38.9200000,0,741,0,2026-08-31 23:51:38.9200000,-17.166670,48.383330
193612,"Barton",3817,248,"36L","36L1H2S3Q",2,2026-08-31 23:51:42.3400000,0,892,0,2026-08-31 23:51:42.3400000,-9.400000,32.616670
102925,"Bemanjato",1878,143,"39K","39K1H1S3Q",2,2026-08-31 23:51:42.5170000,0,741,0,2026-08-31 23:51:42.5170000,-17.183330,48.366670
193270,"Chipokoso",3817,248,"36L","36L1H2S3Q",2,2026-08-31 23:51:45.7930000,0,892,0,2026-08-31 23:51:45.7930000,-9.416670,32.600000
191802,"Saisi",3817,248,"36L","36L1H2S3Q",2,2026-08-31 23:51:49.0930000,0,892,0,2026-08-31 23:51:49.0930000,-9.483330,32.600000
102924,"Ambodipaiso",1878,143,"39K","39K1H1S3Q",2,2026-08-31 23:51:50.9100000,0,741,0,2026-08-31 23:51:50.9100000,-17.183330,48.316670
191803,"Simbule",3817,248,"36L","36L1H2S3Q",2,2026-08-31 23:51:52.8100000,0,892,0,2026-08-31 23:51:52.8100000,-9.483330,32.633330
192544,"Joseph Simumba",3817,248,"36L","36L1H2S3Q",2,2026-08-31 23:51:56.5470000,0,892,0,2026-08-31 23:51:56.5470000,-9.450000,32.666670
811906,"Los Angeles",1172,97,"16P","16P1H5S1Q",3,2026-08-31 23:51:59.3100000,0,0,1200,2026-08-31 23:51:59.3100000,13.216670,-87.050000
812247,"El Pueblito",1172,97,"16P","16P1H5S1Q",3,2026-08-31 23:52:03.0330000,0,0,1200,2026-08-31 23:52:03.0330000,13.221670,-87.057220
2555182,"Bad Freienwalde",713,57,"33U","33U1H5S3Q",2,2014-09-07 14:04:43.2000000,0,455924145,0,2026-08-31 23:52:35.2330000,52.787300,14.030400
1897054,"The Palisades",3536,233,"18S","18S1H1S3Q",3,2026-08-30 15:53:05.5800000,854320,0,1040637,2026-08-31 23:52:55.9930000,38.925110,-77.101370
102782,"Ambatomainty",1878,143,"39K","39K1H1S3Q",2,2026-08-31 23:53:11.0130000,0,741,0,2026-08-31 23:53:11.0130000,-17.200000,48.283330
102781,"Antanjokambana",1878,143,"39K","39K1H1S3Q",2,2026-08-31 23:53:17.1170000,0,741,0,2026-08-31 23:53:17.1170000,-17.200000,48.233330
2448217,"Rabosee",255,20,"31U","31U2H3S4Q",1,2024-03-09 03:02:15.5670000,213693,6154,0,2026-08-31 23:53:18.9170000,50.668710,5.674160
102923,"Antanandava",1878,143,"39K","39K1H1S3Q",2,2026-08-31 23:53:21.5130000,0,741,0,2026-08-31 23:53:21.5130000,-17.183330,48.250000
103266,"Andranomena",1878,143,"39K","39K1H1S3Q",2,2026-08-31 23:53:44.4700000,0,741,0,2026-08-31 23:53:44.4700000,-17.150000,48.283330
2321843,"Saint-Nabord",952,75,"32U","32U2H4S3Q",1,2022-11-10 06:14:06.2370000,995788,300,0,2026-08-31 23:54:17.8300000,48.050000,6.583330
71433,"Vohibato",1880,143,"38K","38K2H3S4Q",2,2026-08-31 23:33:26.4270000,0,1941,0,2026-08-31 23:54:27.1730000,-21.066670,47.433330
71277,"Manemboarivo",1880,143,"38K","38K2H3S4Q",2,2026-08-31 23:54:31.8100000,0,899,0,2026-08-31 23:54:31.8100000,-21.083330,47.433330
71140,"Ambohimilanja",1880,143,"38K","38K2H3S4Q",2,2026-08-31 23:54:36.7900000,0,898,0,2026-08-31 23:54:36.7900000,-21.100000,47.450000
71434,"Ampozasaha",1880,143,"38K","38K2H3S4Q",2,2026-08-31 23:54:42.6030000,0,741,0,2026-08-31 23:54:42.6030000,-21.066670,47.466670
71435,"Ambalahosy",1880,143,"38K","38K2H3S4Q",2,2026-08-31 23:54:46.6930000,0,741,0,2026-08-31 23:54:46.6930000,-21.066670,47.483330
71570,"Ambohimiera",1880,143,"38K","38K2H3S4Q",2,2026-08-31 23:54:51.4270000,0,741,0,2026-08-31 23:54:51.4270000,-21.050000,47.500000
71843,"Ranomena",1880,143,"38K","38K2H3S4Q",2,2026-08-31 23:54:56.5500000,0,741,0,2026-08-31 23:54:56.5500000,-21.016670,47.516670
71962,"Marofotsy",1880,143,"38K","38K2H3S4Q",2,2026-08-31 23:55:01.7870000,0,741,0,2026-08-31 23:55:01.7870000,-21.000000,47.483330
87706,"Androtravo",1882,143,"38K","38K1H6S1Q",2,2026-08-31 23:55:28.1500000,0,741,0,2026-08-31 23:55:28.1500000,-18.933330,46.133330
87839,"Fenomanana",1882,143,"38K","38K1H6S1Q",2,2026-08-31 23:55:32.2730000,46,300,0,2026-08-31 23:55:32.2730000,-18.916670,46.183330
1824962,"Shinn",3567,233,"10S","10S1H6S1Q",3,2013-10-18 04:44:29.7600000,0,0,1047980,2026-08-31 23:55:35.4700000,37.566600,-121.983290
87587,"Kelimiadizokiny",1882,143,"38K","38K1H6S1Q",2,2026-08-31 23:55:36.5500000,0,741,0,2026-08-31 23:55:36.5500000,-18.950000,46.150000
87326,"Ambararatabe",1882,143,"38K","38K1H6S1Q",2,2026-08-31 23:55:40.5970000,0,741,0,2026-08-31 23:55:40.5970000,-18.983330,46.183330
87707,"Antamimarina",1882,143,"38K","38K1H6S1Q",2,2026-08-31 23:55:43.7570000,0,741,0,2026-08-31 23:55:43.7570000,-18.933330,46.250000
87708,"Ambohimarina",1882,143,"38K","38K1H6S1Q",2,2026-08-31 23:55:47.3000000,0,741,0,2026-08-31 23:55:47.3000000,-18.933330,46.266670
87115,"Ambahatra",1882,143,"38K","38K1H6S3Q",2,2026-08-31 23:55:52.6100000,46,300,0,2026-08-31 23:55:52.6100000,-19.016670,46.216670
1978800,"Wing",3571,233,"12T","12T2H5S3Q",1,2026-08-24 02:52:28.7970000,503780,0,0,2026-08-31 23:55:54.5400000,40.353840,-111.785210
86836,"Iaboketraka Andrefana",1882,143,"38K","38K1H6S3Q",2,2026-08-31 23:56:02.2000000,0,741,0,2026-08-31 23:56:02.2000000,-19.050000,46.166670
103460,"Marijao",1878,143,"39K","39K1H1S3Q",2,2026-08-31 23:56:31.0200000,0,741,0,2026-08-31 23:56:31.0200000,-17.133330,48.283330
1897375,"Ewing",3567,233,"10S","10S1H3S3Q",2,2013-12-01 18:06:02.6270000,0,1892183,1133662,2026-08-31 23:57:03.3630000,38.932670,-121.345510
2532178,"Ermelo",2273,167,"31U","31U1H6S4Q",1,2015-03-20 15:16:39.3900000,89042322,0,0,2026-08-31 23:57:14.0300000,52.298330,5.622220
55985,"Sakaharo",1877,143,"38K","38K2H5S4Q",2,2026-08-31 23:57:42.0500000,0,1200,0,2026-08-31 23:57:42.0500000,-23.050000,45.550000
1888241,"Cedar Grove",3567,233,"10S","10S1H3S4Q",3,2025-12-29 23:09:16.9430000,0,0,892502,2026-08-31 23:57:42.9170000,38.752680,-120.633260
55849,"Bekirobo",1877,143,"38K","38K2H5S4Q",2,2026-08-31 23:57:46.0100000,0,1200,0,2026-08-31 23:57:46.0100000,-23.066670,45.600000
55726,"Anja Avaratra",1877,143,"38K","38K2H5S4Q",2,2026-08-31 23:57:51.7870000,0,1200,0,2026-08-31 23:57:51.7870000,-23.083330,45.633330
2804807,"Campbell",3581,233,"06V","06V1H4S1Q",1,2026-08-31 23:57:48.2800000,2384,0,0,2026-08-31 23:57:52.1900000,61.171940,-149.894170
55850,"Ampapamena",1877,143,"38K","38K2H5S4Q",2,2026-08-31 23:57:55.8700000,0,1200,0,2026-08-31 23:57:55.8700000,-23.066670,45.666670
55577,"Beampombo",1877,143,"38K","38K2H5S4Q",2,2026-08-31 23:57:59.5530000,0,1200,0,2026-08-31 23:57:59.5530000,-23.100000,45.716670
55444,"Bekininina",1877,143,"38K","38K2H5S4Q",2,2026-08-31 23:58:04.4770000,0,1200,0,2026-08-31 23:58:04.4770000,-23.116670,45.750000
1898863,"Nielsburg",3567,233,"10S","10S1H3S3Q",2,2013-01-10 00:18:48.3870000,0,3747202,414709,2026-08-31 23:58:10.6600000,38.957120,-121.033280
2804943,"Green Acres",3581,233,"06V","06V1H4S1Q",1,2026-08-31 23:58:06.4900000,2333,0,0,2026-08-31 23:58:10.9530000,61.186110,-149.841670
2805100,"City View",3581,233,"06V","06V1H4S1Q",1,2026-08-31 23:58:19.1600000,2364,0,0,2026-08-31 23:58:24.6630000,61.204440,-149.830560
1612006,"Brents Junction",3567,233,"11S","11S2H1S4Q",1,2026-08-27 11:17:21.9900000,2359,0,0,2026-08-31 23:58:28.2500000,34.148340,-118.697870
1606326,"Malibu Bowl",3567,233,"11S","11S2H1S4Q",1,2026-08-29 14:08:27.8500000,1683,0,0,2026-08-31 23:58:32.9570000,34.061120,-118.740370
1605425,"Malibu Hills",3567,233,"11S","11S2H1S4Q",1,2026-08-28 15:23:00.2800000,2257,0,0,2026-08-31 23:58:39.4070000,34.047510,-118.744250
1605185,"El Nido",3567,233,"11S","11S2H1S4Q",1,2026-08-29 14:08:35.2930000,1664,0,0,2026-08-31 23:58:43.4870000,34.043620,-118.739250
1955433,"Quincy",3554,233,"15S","15S1H3S1Q",1,2019-02-19 04:40:57.4730000,263940924,0,0,2026-08-31 23:59:00.5200000,39.935600,-91.409870
10006,"Birkenhead",138,13,"54H","54H1H4S1Q",2,2023-10-21 09:07:29.1570000,0,1861402,0,2026-08-31 23:59:20.7030000,-34.833330,138.500000
2037545,"Weed",3567,233,"10T","10T2H5S2Q",2,2026-08-31 23:59:48.1800000,0,841,0,2026-08-31 23:59:48.1800000,41.422650,-122.386130
1911346,"West Overlook",3555,233,"16S","16S1H2S2Q",2,2013-09-07 22:33:23.2300000,0,11817245,0,2026-08-31 23:59:53.9000000,39.171440,-86.254710
1738567,"Las Vegas",3570,233,"11S","11S1H6S3Q",2,2014-01-06 05:24:19.2230000,0,154079260,0,2026-09-01 00:00:10.2100000,36.174970,-115.137220
1769611,"Blanco",3567,233,"10S","10S1H6S3Q",3,2026-08-26 14:10:04.5900000,0,0,1098185,2026-09-01 00:01:00.9400000,36.678570,-121.742730
