ZoneId,Description,RegionId,CountryId,UtmGrid,GridRef,ZoneControlState,DateCapturedUtc,LegionCount,SwarmCount,FacelessCount,LastUpdateDateUtc,Latitude,Longitude
1908664,"Belhaven Beach",3542,233,"18S","18S1H1S2Q",2,2026-08-11 01:10:07.0430000,6670,105129,0,2026-09-19 00:02:15.3300000,39.127610,-76.477740
1553049,"Rockhill",3549,233,"14S","14S2H6S2Q",3,2026-09-19 00:03:29.0070000,0,0,706,2026-09-19 00:03:29.0070000,33.204010,-96.802500
1554893,"Prosper",3549,233,"14S","14S2H6S2Q",3,2026-09-19 00:03:39.5370000,0,0,989,2026-09-19 00:03:39.5370000,33.236230,-96.801110
1630800,"Honby",3567,233,"11S","11S2H1S4Q",1,2026-09-09 00:35:47.8830000,1790,0,0,2026-09-19 00:07:56.5430000,34.421110,-118.492310
2080887,"Lake of the Woods",3576,233,"10T","10T2H2S4Q",2,2020-05-20 21:18:32.9570000,0,12006,0,2026-09-19 00:08:04.0730000,42.378750,-122.212240
1630060,"Humphreys",3567,233,"11S","11S2H1S4Q",1,2026-09-09 00:30:18.2970000,2552,0,0,2026-09-19 00:08:05.3530000,34.410270,-118.440640
1631313,"Mint Canyon",3567,233,"11S","11S2H1S4Q",1,2026-08-17 01:22:05.5430000,2172,0,0,2026-09-19 00:08:09.1870000,34.429160,-118.442300
1632541,"Forest Park",3567,233,"11S","11S2H1S4Q",1,2026-09-09 00:30:03.2970000,2289,0,0,2026-09-19 00:08:12.9130000,34.447220,-118.428690
1631474,"Lang",3567,233,"11S","11S2H1S4Q",1,2026-09-09 00:20:17.6230000,2287,0,0,2026-09-19 00:08:19.1430000,34.431660,-118.377580
1632086,"Russ",3567,233,"11S","11S2H1S4Q",1,2026-09-09 00:19:57.4800000,2331,0,0,2026-09-19 00:08:22.5600000,34.439720,-118.314800
1632016,"Ravenna",3567,233,"11S","11S2H1S4Q",1,2026-08-26 13:04:01.3130000,2416,0,0,2026-09-19 00:08:30.4970000,34.438610,-118.225350
1634301,"Paris",3567,233,"11S","11S2H1S4Q",1,2026-05-22 03:42:28.0970000,2147,0,0,2026-09-19 00:08:42.4900000,34.471940,-118.180910
1999790,"Kidron",3563,233,"17T","17T2H5S3Q",1,2026-09-19 00:08:45.2800000,2413,0,0,2026-09-19 00:08:50.7000000,40.740890,-81.744850
1996970,"Mount Eaton",3563,233,"17T","17T2H5S3Q",1,2026-09-19 00:08:58.5470000,1258,0,129,2026-09-19 00:08:58.5470000,40.694500,-81.703180
1999044,"Elton",3563,233,"17T","17T2H5S3Q",1,2026-09-19 00:09:15.9830000,2330,0,1193,2026-09-19 00:09:15.9830000,40.728670,-81.616240
2176242,"Juniper Island",457,38,"17T","17T1H6S4Q",3,2019-05-20 17:05:08.4270000,0,0,2523929,2026-09-19 00:09:23.6470000,44.550120,-78.149520
1985236,"Farmerstown",3563,233,"17T","17T2H5S3Q",1,2026-09-19 00:09:45.3500000,1798,0,0,2026-09-19 00:09:45.3500000,40.487290,-81.725680
1721496,"Ducor",3567,233,"11S","11S2H1S1Q",3,2026-09-19 00:09:46.7300000,164,0,996,2026-09-19 00:09:46.7330000,35.891620,-119.047320
1721649,"Ducor",3567,233,"11S","11S2H1S1Q",3,2026-09-19 00:09:53.0730000,164,0,996,2026-09-19 00:09:53.0770000,35.894330,-119.045570
1721458,"Fountain Springs",3567,233,"11S","11S2H1S2Q",3,2026-09-19 00:09:57.9700000,0,0,993,2026-09-19 00:09:57.9700000,35.891060,-118.915650
1725649,"Terra Bella",3567,233,"11S","11S2H1S1Q",3,2026-09-19 00:10:06.3700000,160,0,970,2026-09-19 00:10:06.3700000,35.959610,-119.038890
1725818,"Terra Bella",3567,233,"11S","11S2H1S1Q",3,2026-09-19 00:10:15.6170000,160,0,1285,2026-09-19 00:10:15.6170000,35.962450,-119.044270
1726807,"Deer Creek Colony",3567,233,"11S","11S2H1S1Q",3,2026-09-19 00:10:19.7030000,162,0,970,2026-09-19 00:10:19.7030000,35.978290,-119.000100
1727712,"Elmco",3567,233,"11S","11S2H1S1Q",3,2026-09-19 00:10:23.7300000,158,0,971,2026-09-19 00:10:23.7300000,35.992450,-119.042880
2303227,"Windermere",3578,233,"10T","10T1H2S2Q",2,2016-02-02 07:11:52.3230000,517,1217745,0,2026-09-19 00:10:25.5030000,47.670930,-122.261790
1729295,"Lois",3567,233,"11S","11S1H4S3Q",3,2026-09-19 00:10:27.9470000,158,0,971,2026-09-19 00:10:27.9470000,36.018560,-119.027600
2304195,"Lavilla",3578,233,"10T","10T1H2S2Q",1,2013-06-04 04:33:52.8130000,4146557,0,0,2026-09-19 00:10:32.6030000,47.697040,-122.275130
2305009,"Chelsea",3578,233,"10T","10T1H2S2Q",1,2013-06-23 00:23:56.5100000,4350463,0,0,2026-09-19 00:10:37.3900000,47.712880,-122.285960
2306555,"Briarcrest",3578,233,"10T","10T1H2S2Q",1,2021-04-10 11:26:25.8300000,3746479,0,0,2026-09-19 00:10:44.0870000,47.743710,-122.297350
1729531,"Magnolia",3567,233,"11S","11S1H4S4Q",3,2026-09-19 00:10:47.3570000,160,0,970,2026-09-19 00:10:47.3570000,36.022730,-118.995100
12900,"Manly",143,13,"56H","56H1H1S4Q",3,2017-06-02 09:02:47.6600000,0,0,1117348,2026-09-19 00:12:52.0870000,-33.797980,151.288260
2541640,"Woodside",979,77,"30U","30U1H5S4Q",2,2022-10-13 06:23:22.6830000,0,56142,0,2026-09-19 00:14:22.6300000,52.500000,-2.116670
2296484,"Ortwang",715,57,"32T","32T1H3S1Q",3,2024-10-01 11:39:16.1500000,0,0,20052,2026-09-19 00:15:59.0570000,47.533330,10.266670
2083003,"Lake Creek",3576,233,"10T","10T2H2S4Q",2,2023-10-10 02:10:00.7700000,0,2044,0,2026-09-19 00:16:49.5100000,42.420830,-122.622780
1609451,"Seminole Hot Springs",3567,233,"11S","11S2H1S4Q",1,2026-09-11 00:15:18.0530000,2090,0,0,2026-09-19 00:17:09.0400000,34.107230,-118.790650
2075356,"Applegate",3576,233,"10T","10T2H2S3Q",2,2026-06-09 03:23:10.7770000,0,4491,0,2026-09-19 00:17:29.8570000,42.257070,-123.168380
2432124,"Shevchenka",3439,230,"37U","37U2H1S3Q",1,2013-12-18 03:00:25.4930000,417543,0,0,2026-09-19 00:17:37.2100000,50.365520,36.212450
2432147,"Grany",3439,230,"37U","37U2H1S3Q",1,2013-12-17 19:22:17.6130000,417547,0,0,2026-09-19 00:17:42.1230000,50.366340,36.225060
2430972,"Molocharka",3439,230,"37U","37U2H1S3Q",1,2017-03-08 15:23:30.9230000,417547,0,0,2026-09-19 00:17:59.4500000,50.335080,36.254680
2428901,"Shcherbakovka",3439,230,"37U","37U2H1S3Q",1,2013-12-15 19:32:19.6170000,417532,0,0,2026-09-19 00:18:07.4230000,50.299990,36.259610
2428671,"Kudayevka",3439,230,"37U","37U2H1S3Q",1,2013-12-15 18:56:40.2000000,417528,0,0,2026-09-19 00:18:13.3130000,50.291210,36.263170
2428040,"Haptivka",3439,230,"37U","37U2H1S3Q",1,2013-12-15 18:46:24.8370000,417502,0,0,2026-09-19 00:18:18.5130000,50.282440,36.262080
2427136,"Mezhovka Shopino",3439,230,"37U","37U2H1S3Q",1,2013-04-28 09:08:12.5200000,417542,0,0,2026-09-19 00:18:34.1530000,50.260510,36.261530
2426796,"Lennoy",3439,230,"37U","37U2H1S3Q",1,2013-06-17 17:02:34.9000000,417516,0,0,2026-09-19 00:18:39.1200000,50.250000,36.283330
1729517,"Sunland",3567,233,"11S","11S1H4S4Q",3,2026-09-19 00:19:54.8270000,162,0,970,2026-09-19 00:19:54.8270000,36.022450,-118.982320
1730418,"Lumer",3567,233,"11S","11S1H4S4Q",3,2026-09-19 00:19:59.7300000,0,0,989,2026-09-19 00:19:59.7300000,36.037450,-118.991210
1730740,"Plano",3567,233,"11S","11S1H4S3Q",3,2026-09-19 00:20:06.1870000,0,0,997,2026-09-19 00:20:06.1870000,36.043560,-119.008430
1730654,"Ponca",3567,233,"11S","11S1H4S3Q",3,2026-09-19 00:20:12.1270000,0,0,1010,2026-09-19 00:20:12.1270000,36.041900,-119.017050
2517585,"Jamlitz",713,57,"33U","33U2H2S1Q",3,2026-09-19 00:20:15.6470000,0,328,517,2026-09-19 00:20:15.6470000,52.000000,14.366670
1732249,"Nanceville",3567,233,"11S","11S1H4S3Q",3,2026-09-19 00:20:21.2970000,0,0,993,2026-09-19 00:20:21.2970000,36.069400,-119.073160
2417740,"Aleshki",3439,230,"37U","37U2H1S3Q",1,2013-04-24 23:40:16.7300000,2086276,0,0,2026-09-19 00:20:25.0370000,50.061670,36.300830
2516025,"Gross Liebitz",713,57,"33U","33U2H2S1Q",3,2026-09-19 00:20:25.3530000,0,0,1044,2026-09-19 00:20:25.3530000,51.966670,14.250000
2515264,"Klein Liebitz",713,57,"33U","33U2H2S1Q",3,2026-09-19 00:20:30.2570000,0,0,1049,2026-09-19 00:20:30.2570000,51.950000,14.266670
1731979,"Jones Corner",3567,233,"11S","11S1H4S3Q",3,2026-09-19 00:20:34.5100000,148,0,1000,2026-09-19 00:20:34.5100000,36.065790,-119.107050
2512856,"Byhlen",713,57,"33U","33U2H2S1Q",3,2026-09-19 00:20:39.7270000,0,0,668,2026-09-19 00:20:39.7270000,51.900000,14.183330
2513639,"Alt Zauche",713,57,"33U","33U2H2S1Q",3,2026-09-19 00:20:45.7300000,0,0,1080,2026-09-19 00:20:45.7300000,51.916670,14.016670
2515262,"Sacrow",713,57,"33U","33U2H2S1Q",3,2026-09-19 00:20:52.3830000,0,0,693,2026-09-19 00:20:52.3830000,51.950000,14.116670
2516024,"Waldow",713,57,"33U","33U2H2S1Q",3,2026-09-19 00:20:59.5700000,0,0,669,2026-09-19 00:20:59.5700000,51.966670,14.133330
2515263,"Laasow",713,57,"33U","33U2H2S1Q",3,2026-09-19 00:21:03.8000000,0,0,693,2026-09-19 00:21:03.8000000,51.950000,14.133330
2516023,"Klein Leine",713,57,"33U","33U2H2S1Q",3,2026-09-19 00:21:28.0070000,0,0,615,2026-09-19 00:21:28.0070000,51.966670,14.050000
2027028,"Harper",3567,233,"10T","10T2H6S2Q",3,2026-09-19 00:25:31.2230000,0,1200,2119,2026-09-19 00:25:31.2230000,41.214890,-120.931630
2025873,"Dibble Place",3567,233,"10T","10T2H6S2Q",3,2026-09-19 00:25:35.2700000,0,1200,2120,2026-09-19 00:25:35.2700000,41.189340,-120.896910
2026038,"Adin",3567,233,"10T","10T2H6S2Q",3,2026-09-19 00:25:40.3600000,0,1200,2120,2026-09-19 00:25:40.3600000,41.193780,-120.945240
2023501,"Dan Ryan Place",3567,233,"10T","10T2H6S2Q",3,2026-09-19 00:25:45.5130000,0,0,2040,2026-09-19 00:25:45.5130000,41.149610,-120.817190
2043502,"Boles",3567,233,"10T","10T2H6S1Q",3,2026-09-19 00:26:01.4000000,0,0,2092,2026-09-19 00:26:01.4000000,41.539050,-121.059140
2050401,"Perez",3567,233,"10T","10T2H6S1Q",3,2026-09-19 00:26:04.2300000,0,0,1020,2026-09-19 00:26:04.2300000,41.676270,-121.254150
2046118,"Kephart",3567,233,"10T","10T2H6S1Q",3,2026-09-19 00:26:06.8900000,0,0,1023,2026-09-19 00:26:06.8900000,41.589050,-121.314150
2048957,"Tionesta",3567,233,"10T","10T2H6S1Q",3,2026-09-19 00:26:16.4530000,0,0,1034,2026-09-19 00:26:16.4530000,41.645990,-121.328040
2417563,"Tyshchenki",3439,230,"37U","37U2H1S3Q",1,2013-04-25 09:49:05.9930000,2048759,0,0,2026-09-19 00:26:25.7930000,50.053330,36.312500
1908742,"Cape Horn",3567,233,"10S","10S1H3S2Q",3,2026-08-25 19:44:56.7770000,0,0,19325,2026-09-19 00:26:32.7800000,39.129060,-120.924660
2087669,"Derby Wharf",3583,233,"19T","19T2H1S4Q",2,2025-09-08 13:16:20.9470000,0,1376663,0,2026-09-19 00:28:19.0200000,42.519540,-70.885050
2053027,"Mammoth",3567,233,"10T","10T2H6S1Q",3,2026-09-19 00:29:42.9300000,0,0,2087,2026-09-19 00:29:42.9300000,41.730440,-121.354990
2055971,"Cornell",3567,233,"10T","10T2H6S1Q",3,2026-09-19 00:29:47.5400000,0,0,1029,2026-09-19 00:29:47.5400000,41.799330,-121.319430
1878716,"Seabreeze",3542,233,"18S","18S1H1S4Q",1,2026-09-19 00:30:28.7730000,1063,0,0,2026-09-19 00:30:28.7730000,38.566230,-76.263840
2084478,"Table Rock",3576,233,"10T","10T2H2S4Q",2,2025-06-21 22:16:38.5870000,0,7647,0,2026-09-19 00:30:35.3300000,42.451240,-122.912820
1879734,"Green Cove",3542,233,"18S","18S1H1S4Q",1,2026-09-19 00:30:35.5530000,1063,0,0,2026-09-19 00:30:35.5530000,38.583450,-76.264950
2355959,"Camp Orkila",3578,233,"10U","10U2H5S4Q",3,2016-02-05 22:29:10.5570000,0,0,2036869,2026-09-19 00:30:44.6230000,48.701220,-122.941850
1879292,"Brannock Cove",3542,233,"18S","18S1H1S4Q",1,2026-09-19 00:30:51.7070000,1145,0,0,2026-09-19 00:30:51.7070000,38.576230,-76.288000
1879098,"Thomas",3542,233,"18S","18S1H1S4Q",1,2026-09-19 00:30:58.3130000,1145,0,0,2026-09-19 00:30:58.3130000,38.571510,-76.276890
1980295,"Radnor",3563,233,"17T","17T2H4S3Q",1,2025-03-08 01:45:08.7500000,16160,0,0,2026-09-19 00:31:00.2130000,40.384230,-83.150750
1879453,"Point of View",3542,233,"18S","18S1H1S4Q",1,2026-09-19 00:31:03.6070000,1145,0,0,2026-09-19 00:31:03.6070000,38.580400,-76.273280
1530956,"Sansom Park",3549,233,"14S","14S2H6S3Q",3,2014-12-24 10:24:42.6570000,0,0,2200270,2026-09-19 00:32:31.7670000,32.805960,-97.403070
2321630,"Lake Bosworth",3578,233,"10U","10U2H6S3Q",3,2026-09-19 00:33:05.1230000,0,0,712,2026-09-19 00:33:05.1230000,48.045100,-121.968460
2320779,"Hyland",3578,233,"10U","10U2H5S4Q",3,2026-09-19 00:33:14.1030000,0,0,724,2026-09-19 00:33:14.1030000,48.027040,-122.030690
2318333,"Forest Glade",3578,233,"10T","10T1H3S1Q",3,2026-09-19 00:33:17.1430000,0,0,672,2026-09-19 00:33:17.1430000,47.981490,-121.973180
2099502,"Pecktown",3562,233,"18T","18T2H2S3Q",1,2014-06-29 14:55:22.6030000,3654,0,0,2026-09-19 00:34:56.0100000,42.773130,-75.145990
2098699,"North Edmeston",3562,233,"18T","18T2H2S3Q",1,2023-08-05 21:04:47.4970000,4471,0,0,2026-09-19 00:35:01.6630000,42.756740,-75.237110
2098102,"Burlington Flats",3562,233,"18T","18T2H2S3Q",1,2017-01-15 16:05:36.9000000,3661,0,0,2026-09-19 00:35:05.5700000,42.745350,-75.182940
2102157,"Huntly Corners",3562,233,"18T","18T2H2S3Q",1,2014-06-29 15:15:59.8500000,3426,0,0,2026-09-19 00:35:08.8830000,42.829520,-75.140160
2102826,"Plainfield Center",3562,233,"18T","18T2H2S3Q",1,2013-11-28 17:29:56.3500000,4950,0,0,2026-09-19 00:35:11.9270000,42.840350,-75.174330
2102870,"Dogtown",3562,233,"18T","18T2H2S3Q",1,2014-06-10 00:50:41.7630000,3413,0,0,2026-09-19 00:35:15.2000000,42.841740,-75.082380
2100285,"Exeter Corner",3562,233,"18T","18T2H2S3Q",1,2013-11-28 20:25:45.0330000,3700,0,0,2026-09-19 00:35:18.5000000,42.788680,-75.074600
2521500,"Pretschen",713,57,"33U","33U1H5S3Q",3,2026-09-19 00:35:21.7370000,0,0,663,2026-09-19 00:35:21.7370000,52.083330,14.000000
2098926,"West Edmeston",3562,233,"18T","18T2H2S3Q",1,2023-08-05 21:04:56.5870000,3617,0,0,2026-09-19 00:35:26.1530000,42.763400,-75.278220
2520671,"Wittmannsdorf-Bruckchen",713,57,"33U","33U1H5S3Q",3,2026-09-19 00:35:32.4870000,0,0,664,2026-09-19 00:35:32.4870000,52.066670,14.050000
2519857,"Groditsch",713,57,"33U","33U1H5S3Q",3,2026-09-19 00:35:40.5830000,0,0,664,2026-09-19 00:35:40.5830000,52.050000,14.000000
2520670,"Buckchen",713,57,"33U","33U1H5S3Q",3,2026-09-19 00:35:52.3030000,0,0,664,2026-09-19 00:35:52.3030000,52.066670,14.033330
1918844,"Waycross",3555,233,"16S","16S1H2S2Q",2,2013-07-31 20:28:07.2870000,0,13610274,0,2026-09-19 00:36:16.4830000,39.303660,-86.344160
2194913,"Clam River",3557,233,"16T","16T1H6S3Q",1,2026-09-19 00:38:16.2700000,1029,0,0,2026-09-19 00:38:16.2700000,44.945280,-85.280340
2194082,"Kewadin",3557,233,"16T","16T1H6S3Q",1,2026-09-19 00:38:20.8530000,1327,0,0,2026-09-19 00:38:20.8530000,44.928610,-85.373130
2192479,"Elk Rapids",3557,233,"16T","16T1H6S3Q",1,2026-09-19 00:38:27.5500000,1327,0,0,2026-09-19 00:38:27.5500000,44.895560,-85.416460
2190390,"Torch River",3557,233,"16T","16T1H6S3Q",1,2026-09-19 00:38:33.0870000,1029,0,0,2026-09-19 00:38:33.0870000,44.851110,-85.323950
2296481,"Halden",715,57,"32T","32T1H3S1Q",3,2024-10-01 11:39:27.6100000,0,0,20675,2026-09-19 00:38:37.3230000,47.533330,10.250000
2189527,"Rapid City",3557,233,"16T","16T1H6S3Q",1,2026-09-19 00:38:37.5200000,1031,0,0,2026-09-19 00:38:37.5200000,44.834450,-85.282560
865216,"Ban Wang Chula",3195,218,"47P","47P1H3S3Q",2,2026-09-19 00:38:54.5000000,0,1150,0,2026-09-19 00:38:54.5000000,14.216670,100.766670
2186463,"Mabel",3557,233,"16T","16T1H6S3Q",1,2026-09-19 00:39:49.6470000,1030,0,0,2026-09-19 00:39:49.6470000,44.772220,-85.356940
2186505,"Williamsburg",3557,233,"16T","16T1H6S3Q",1,2026-09-19 00:39:54.4570000,1029,0,0,2026-09-19 00:39:54.4570000,44.773610,-85.403960
819828,"Ban Lat Kapi",3189,218,"47P","47P1H6S1Q",1,2026-09-19 00:43:09.0570000,1134,0,0,2026-09-19 00:43:09.0570000,13.387360,100.015920
819829,"Ban Khlong Klang",3189,218,"47P","47P1H6S1Q",1,2026-09-19 00:43:19.9700000,1134,0,0,2026-09-19 00:43:19.9700000,13.387390,100.010390
819987,"Ban Lat Ta Thap",3189,218,"47P","47P1H6S1Q",1,2026-09-19 00:43:23.4800000,1134,0,0,2026-09-19 00:43:23.4800000,13.392830,100.003030
819830,"Ban Bang Chakreng",3189,218,"47P","47P1H6S1Q",1,2026-09-19 00:43:27.3330000,1134,0,0,2026-09-19 00:43:27.3330000,13.387490,100.002070
819028,"Ban Raman Tawan Ok",3189,218,"47P","47P1H6S1Q",1,2026-09-19 00:43:34.9370000,1132,0,0,2026-09-19 00:43:34.9370000,13.370250,100.001080
819670,"Ban Map Lat (1)",3189,218,"47P","47P1H5S2Q",1,2026-09-19 00:43:39.7500000,1132,0,0,2026-09-19 00:43:39.7500000,13.383330,99.983330
818886,"Ban Khlong Dan",3189,218,"47P","47P1H5S2Q",1,2026-09-19 00:43:44.9670000,1131,0,0,2026-09-19 00:43:44.9670000,13.366670,99.983330
820429,"Ban Suan Luang",3189,218,"47P","47P1H5S2Q",1,2026-09-19 00:43:52.1870000,1131,0,0,2026-09-19 00:43:52.1870000,13.400000,99.950000
1908198,"Shady Glen",3567,233,"10S","10S1H3S2Q",3,2026-08-25 19:45:01.3700000,0,0,18984,2026-09-19 00:46:29.7870000,39.117950,-120.949660
2306567,"Bigfork",3558,233,"15T","15T1H2S1Q",2,2015-11-10 01:01:16.2130000,0,80660,0,2026-09-19 00:49:02.8770000,47.744390,-93.654080
2311457,"Effie",3558,233,"15T","15T1H2S1Q",2,2015-10-11 00:32:45.4900000,0,67157,0,2026-09-19 00:49:10.2770000,47.840220,-93.642970
2314676,"Craigville",3558,233,"15T","15T1H2S1Q",2,2015-10-11 00:33:18.0670000,0,53505,0,2026-09-19 00:49:16.9470000,47.903000,-93.612960
2313989,"Wildwood",3558,233,"15T","15T1H2S1Q",2,2010-01-01 00:00:00.0000000,0,21717,0,2026-09-19 00:49:25.6500000,47.890510,-93.966870
2310533,"Pomroy",3558,233,"15T","15T1H2S1Q",2,2016-01-30 02:39:29.7800000,0,41506,0,2026-09-19 00:49:29.7200000,47.817450,-93.992990
2314733,"Pinetop",3558,233,"15T","15T1H1S2Q",2,2019-05-01 02:08:26.8500000,0,17350,0,2026-09-19 00:49:33.6470000,47.905790,-94.101880
2306463,"Dora Lake",3558,233,"15T","15T1H1S2Q",2,2018-11-29 02:00:52.0430000,0,37270,0,2026-09-19 00:49:41.4100000,47.738560,-94.040220
2305802,"Wirt",3558,233,"15T","15T1H2S1Q",2,2016-11-09 16:35:57.5530000,0,73531,0,2026-09-19 00:49:46.0630000,47.730510,-93.959930
2058676,"Copic",3567,233,"10T","10T2H6S1Q",3,2026-09-19 00:50:08.2800000,0,0,2080,2026-09-19 00:50:08.2800000,41.865160,-121.341930
2059749,"Newell",3567,233,"10T","10T2H6S1Q",3,2026-09-19 00:50:19.3200000,0,0,2080,2026-09-19 00:50:19.3200000,41.888210,-121.372210
2296258,"Snoqualmie",3578,233,"10T","10T1H3S1Q",2,2014-04-25 07:10:52.0430000,517,1318270,0,2026-09-19 00:50:34.8170000,47.528710,-121.825390
2060470,"Stronghold",3567,233,"10T","10T2H6S1Q",3,2026-09-19 00:50:43.5330000,0,0,2079,2026-09-19 00:50:43.5330000,41.905430,-121.409710
2061829,"Dalton",3567,233,"10T","10T2H6S1Q",3,2026-09-19 00:50:55.2600000,0,0,1027,2026-09-19 00:50:55.2600000,41.936270,-121.419440
2295449,"Southworth",3578,233,"10T","10T1H2S2Q",1,2013-08-08 02:27:56.8100000,55026109,0,0,2026-09-19 00:51:34.6530000,47.512040,-122.501800
2302433,"Lawton",3578,233,"10T","10T1H2S2Q",2,2017-06-10 09:18:48.4000000,0,1504754,0,2026-09-19 00:51:38.2430000,47.655380,-122.397350
2427246,"Kochubeyevka",3439,230,"37U","37U2H1S3Q",1,2013-04-28 09:09:35.2470000,417515,0,0,2026-09-19 00:51:51.4800000,50.265440,36.238500
2064303,"Kalina",3567,233,"10T","10T2H6S1Q",3,2026-09-19 00:51:55.2700000,0,0,1006,2026-09-19 00:51:55.2700000,41.995160,-121.420270
2428460,"Tokarivka",3439,230,"37U","37U2H1S3Q",1,2013-12-15 18:45:39.0330000,417542,0,0,2026-09-19 00:51:56.3600000,50.283540,36.237400
2428603,"Siderchina Balka",3439,230,"37U","37U2H1S3Q",1,2013-12-15 18:45:16.5570000,417519,0,0,2026-09-19 00:52:01.3370000,50.288890,36.219440
2427933,"Dubovka",3439,230,"37U","37U2H1S3Q",1,2013-12-15 18:20:46.8400000,417538,0,0,2026-09-19 00:52:06.3800000,50.278050,36.212450
2427669,"Tokarevka Vtoraya",3439,230,"37U","37U2H1S3Q",1,2013-12-15 18:20:10.7300000,417539,0,0,2026-09-19 00:52:11.0000000,50.267630,36.210530
2064949,"Malin",3576,233,"10T","10T2H3S3Q",3,2026-09-19 00:52:12.1870000,0,0,1026,2026-09-19 00:52:12.1870000,42.012660,-121.408600
2427689,"Lobanovka",3439,230,"37U","37U2H1S3Q",1,2013-12-15 18:19:41.4500000,417503,0,0,2026-09-19 00:52:19.0930000,50.268460,36.188600
2427768,"Tsupivka",3439,230,"37U","37U2H1S3Q",1,2013-12-15 17:24:27.4700000,417516,0,0,2026-09-19 00:52:25.2100000,50.271200,36.179000
2427851,"Tsupovka",3439,230,"37U","37U2H1S3Q",1,2013-08-24 19:28:24.6570000,417516,0,0,2026-09-19 00:52:30.2500000,50.274760,36.158710
1731339,"Poplar",3567,233,"11S","11S1H4S3Q",3,2026-09-19 00:53:38.3900000,0,0,993,2026-09-19 00:53:38.3900000,36.053290,-119.143160
1731500,"Poplar-Cotton Center",3567,233,"11S","11S1H4S3Q",3,2026-09-19 00:53:44.8230000,0,0,1001,2026-09-19 00:53:44.8230000,36.056350,-119.149190
1731995,"Cotton Center",3567,233,"11S","11S1H4S3Q",3,2026-09-19 00:53:49.4230000,0,0,1001,2026-09-19 00:53:49.4270000,36.066060,-119.142880
1732968,"Vincent",3567,233,"11S","11S1H4S3Q",3,2026-09-19 00:54:55.6900000,143,0,1001,2026-09-19 00:54:55.6900000,36.083290,-119.145380
1736622,"Plainview",3567,233,"11S","11S1H4S3Q",3,2026-09-19 00:54:59.8930000,0,0,1003,2026-09-19 00:54:59.8930000,36.144120,-119.134000
1734850,"Zante",3567,233,"11S","11S1H4S3Q",3,2026-09-19 00:55:04.0800000,149,0,973,2026-09-19 00:55:04.0800000,36.114670,-119.045660
1733615,"Woodville",3567,233,"11S","11S1H4S3Q",3,2026-09-19 00:55:14.8830000,0,0,996,2026-09-19 00:55:14.8830000,36.093560,-119.199000
1733397,"Woodville",3567,233,"11S","11S1H4S3Q",3,2026-09-19 00:55:28.7500000,138,0,1002,2026-09-19 00:55:28.7500000,36.089830,-119.205030
1733664,"Lowes Corner",3567,233,"11S","11S1H4S3Q",3,2026-09-19 00:55:40.7300000,0,0,1004,2026-09-19 00:55:40.7300000,36.094400,-119.232050
1725349,"Ciruela",3569,233,"13S","13S2H2S2Q",2,2025-12-08 18:08:53.6730000,0,1995,0,2026-09-19 00:56:57.0500000,35.954480,-104.818610
2297254,"Altmummen",715,57,"32T","32T1H3S1Q",3,2024-10-02 07:30:35.3500000,0,0,20665,2026-09-19 01:00:34.3230000,47.550000,10.233330
1866544,"Waterloo",3554,233,"15S","15S1H3S4Q",3,2020-06-09 03:05:52.9670000,0,0,128471,2026-09-19 01:04:09.5600000,38.335890,-90.149830
1393522,"Hempstead",3549,233,"14R","14R1H3S4Q",1,2013-10-26 17:12:27.1870000,18288202,0,0,2026-09-19 01:08:01.5970000,30.097440,-96.078290
1916754,"Beanblossom",3555,233,"16S","16S1H2S2Q",2,2013-09-12 03:45:08.8200000,0,7350644,0,2026-09-19 01:09:30.0630000,39.266990,-86.249160
2503842,"Pont-y-pwl",976,77,"30U","30U2H2S1Q",3,2016-11-27 14:18:02.8070000,0,0,951254,2026-09-19 01:09:33.8070000,51.701110,-3.044440
2232615,"Rapid River",3557,233,"16T","16T1H5S2Q",1,2026-09-18 20:09:35.5570000,6168,0,0,2026-09-19 01:10:32.4970000,45.926910,-86.967080
2219167,"Bagley",3557,233,"16T","16T1H5S1Q",1,2026-09-19 01:11:29.9000000,1837,0,0,2026-09-19 01:11:31.4500000,45.551360,-87.575680
31305,"Wellington Point",142,13,"56J","56J1H5S4Q",1,2026-09-19 01:12:47.5200000,788,0,0,2026-09-19 01:12:47.5200000,-27.483330,153.250000
31304,"Badgen",142,13,"56J","56J1H5S4Q",1,2026-09-19 01:12:51.2970000,788,0,0,2026-09-19 01:12:51.2970000,-27.483330,153.233330
31303,"Birkdale",142,13,"56J","56J1H5S4Q",1,2026-09-19 01:13:06.2400000,788,0,0,2026-09-19 01:13:06.2400000,-27.483330,153.216670
2431077,"Kozacha Lopan'",3439,230,"37U","37U2H1S3Q",1,2013-12-17 16:44:24.4630000,417547,0,0,2026-09-19 01:13:09.6100000,50.339200,36.187230
31410,"Wynnum",142,13,"56J","56J1H5S4Q",1,2026-08-03 09:14:12.7270000,2259,0,0,2026-09-19 01:13:14.2330000,-27.450000,153.166670
1961528,"Oxford Village",3584,233,"18T","18T2H5S3Q",3,2023-07-11 02:21:49.9930000,0,0,140076,2026-09-19 01:13:14.4500000,40.040110,-75.099620
31525,"Lytton",142,13,"56J","56J1H5S4Q",1,2026-08-22 10:44:51.0700000,2126,0,0,2026-09-19 01:13:18.6030000,-27.416670,153.166670
2429350,"Il'icha",3439,230,"37U","37U2H1S3Q",1,2013-12-15 19:51:18.4130000,417500,0,0,2026-09-19 01:13:18.6230000,50.302450,36.171320
31614,"Myrtletown",142,13,"56J","56J1H5S4Q",1,2026-08-22 10:44:32.4870000,3188,0,0,2026-09-19 01:13:21.8770000,-27.383330,153.133330
2428756,"Makarove",3439,230,"37U","37U2H1S3Q",1,2017-03-10 04:53:01.1200000,417530,0,0,2026-09-19 01:13:23.2330000,50.294780,36.145280
2429552,"Turovo",3439,230,"37U","37U2H1S3Q",1,2013-12-18 03:00:56.2730000,417512,0,0,2026-09-19 01:13:26.1870000,50.310130,36.149940
31725,"Cribb Island",142,13,"56J","56J1H5S4Q",1,2026-08-22 10:44:36.9600000,3191,0,0,2026-09-19 01:13:28.3800000,-27.350000,153.116670
2430503,"Loboykov",3439,230,"37U","37U2H1S3Q",1,2013-12-18 03:01:23.3700000,417527,0,0,2026-09-19 01:13:30.1030000,50.332220,36.121940
2431838,"Sosnovka",3439,230,"37U","37U2H1S3Q",1,2013-12-18 03:03:29.2030000,417501,0,0,2026-09-19 01:13:34.0500000,50.353730,36.107710
30802,"Logan City",142,13,"56J","56J1H5S4Q",2,2024-06-06 04:45:32.3000000,2068,7004662,0,2026-09-19 01:13:37.0870000,-27.639170,153.109440
2430380,"Svitlychne",3439,230,"37U","37U2H1S3Q",1,2013-12-18 15:32:10.0130000,417505,0,0,2026-09-19 01:13:39.1130000,50.327130,36.054250
2429404,"Duvanka",3439,230,"37U","37U2H1S3Q",1,2013-12-18 15:36:10.4400000,417536,0,0,2026-09-19 01:13:45.5270000,50.304650,36.055070
30796,"Browns Plains",142,13,"56J","56J1H5S4Q",1,2026-09-16 01:05:04.4770000,1988,0,0,2026-09-19 01:13:45.7670000,-27.650000,153.033330
1984372,"Vinaros",901,68,"31T","31T2H4S3Q",3,2026-09-19 01:13:52.9770000,0,0,1047,2026-09-19 01:13:52.9770000,40.470330,0.475590
2028919,"Riba-roja d'Ebre",909,68,"31T","31T2H4S1Q",3,2026-09-19 01:14:26.6230000,0,0,7612,2026-09-19 01:14:39.3730000,41.250000,0.483330
2041455,"Castelldans",909,68,"31T","31T2H4S1Q",3,2026-09-19 01:14:54.2000000,0,0,1152,2026-09-19 01:14:54.2000000,41.500000,0.766670
2042279,"les Borges Blanques",909,68,"31T","31T2H4S1Q",3,2026-09-19 01:15:05.2930000,0,0,1179,2026-09-19 01:15:05.2930000,41.516670,0.866670
1962694,"West Mountain",3571,233,"12T","12T2H5S3Q",1,2026-09-19 01:15:06.5330000,776,0,0,2026-09-19 01:15:06.5330000,40.061790,-111.786300
2043992,"Puiggros",909,68,"31T","31T2H4S1Q",3,2026-09-19 01:15:11.5600000,0,0,1297,2026-09-19 01:15:11.5600000,41.550000,0.900000
2045517,"Torregrosa",909,68,"31T","31T2H4S1Q",3,2026-09-19 01:17:05.2530000,0,0,1147,2026-09-19 01:17:05.2530000,41.580340,0.828640
2049984,"Utxafaba",909,68,"31T","31T2H4S1Q",3,2026-09-19 01:19:18.5970000,0,0,1183,2026-09-19 01:19:18.5970000,41.666670,0.933330
1962246,"Oakland",3563,233,"17T","17T2H4S4Q",1,2025-04-17 19:05:28.6130000,16999,0,0,2026-09-19 01:20:45.0370000,40.051450,-82.777400
818109,"Ban Khlong Khot",3189,218,"47P","47P1H5S2Q",1,2026-09-19 01:20:51.0600000,1129,0,0,2026-09-19 01:20:51.0600000,13.350000,99.966670
817330,"Ban Khlong Khon",3189,218,"47P","47P1H5S2Q",1,2026-09-19 01:20:52.4130000,1129,0,0,2026-09-19 01:20:52.4130000,13.333330,99.966670
816579,"Ban Khlong Chong",3189,218,"47P","47P1H5S2Q",1,2026-09-19 01:20:57.1330000,1127,0,0,2026-09-19 01:20:57.1330000,13.316670,99.950000
818108,"Ban Khlong Khut Noi",3189,218,"47P","47P1H5S2Q",1,2026-09-19 01:21:01.0870000,1131,0,0,2026-09-19 01:21:01.0870000,13.350000,99.933330
818885,"Ban Khlong Lek",3189,218,"47P","47P1H5S2Q",1,2026-09-19 01:21:06.4700000,1131,0,0,2026-09-19 01:21:06.4700000,13.366670,99.916670
819669,"Ban Bang Khan Taek (1)",3189,218,"47P","47P1H5S2Q",1,2026-09-19 01:21:15.7800000,1129,0,0,2026-09-19 01:21:15.7800000,13.383330,99.933330
1540392,"Chandler Village",3547,233,"17S","17S2H5S4Q",2,2023-11-04 12:01:53.0730000,0,760033,0,2026-09-19 01:21:21.5030000,32.978510,-80.147040
820428,"Ban Khlong Phong Phang",3189,218,"47P","47P1H5S2Q",1,2026-09-19 01:21:23.5000000,1130,0,0,2026-09-19 01:21:23.5000000,13.400000,99.916670
819668,"Ban Khlong Khut Ta Klom",3189,218,"47P","47P1H5S2Q",1,2026-09-19 01:21:28.5000000,1128,0,0,2026-09-19 01:21:28.5000000,13.383330,99.916670
1590566,"Carson",3567,233,"11S","11S2H4S2Q",3,2015-01-13 18:32:24.4830000,0,0,1022104,2026-09-19 01:21:58.2830000,33.831410,-118.282020
1609045,"La Verne",3567,233,"11S","11S2H2S3Q",3,2013-05-30 03:23:16.3100000,0,0,1030258,2026-09-19 01:23:04.8870000,34.100840,-117.767840
2184726,"Anstruther Lake",457,38,"17T","17T1H6S4Q",3,2016-06-25 03:21:29.1500000,0,0,2502685,2026-09-19 01:23:20.8400000,44.733420,-78.199520
2164693,"Braund Port",457,38,"17T","17T1H6S4Q",3,2018-09-25 01:31:58.8100000,0,0,2503458,2026-09-19 01:23:28.7600000,44.266820,-78.332830
2164694,"Yankee Bonnet",457,38,"17T","17T1H6S4Q",3,2018-10-13 16:03:53.5430000,0,0,2509700,2026-09-19 01:23:32.2570000,44.266820,-78.316230
2165878,"Peterborough",457,38,"17T","17T1H6S4Q",3,2018-10-12 15:13:21.6730000,0,0,2506478,2026-09-19 01:23:35.2430000,44.300120,-78.316230
2161524,"Tapley",457,38,"17T","17T1H6S4Q",3,2019-07-01 23:22:35.4600000,0,0,2503789,2026-09-19 01:23:38.9630000,44.183420,-78.499550
2166046,"Orange Corners",457,38,"17T","17T1H6S4Q",3,2019-06-29 18:59:07.2670000,0,0,2534969,2026-09-19 01:23:44.9670000,44.306520,-78.470640
2167669,"Lindsay",457,38,"17T","17T1H6S4Q",3,2019-06-30 22:28:01.2970000,0,0,2509943,2026-09-19 01:23:53.0000000,44.350120,-78.732860
2220268,"Carney",3557,233,"16T","16T1H5S1Q",1,2026-09-18 21:21:05.8230000,2460,0,0,2026-09-19 01:27:38.4270000,45.586640,-87.557340
2220866,"Nadeau",3557,233,"16T","16T1H5S1Q",1,2026-09-19 01:27:50.7100000,2400,0,1356,2026-09-19 01:27:52.1100000,45.608860,-87.552900
1842932,"Sacanap",3567,233,"10S","10S1H5S2Q",2,2025-12-04 09:23:09.7930000,0,3012415,0,2026-09-19 01:30:07.0730000,37.893260,-122.076070
2297257,"Ettensberg",715,57,"32T","32T1H3S1Q",3,2024-10-02 07:30:48.0930000,0,0,20626,2026-09-19 01:34:09.9730000,47.550000,10.250000
818884,"Ban Khlong Khlaeng",3189,218,"47P","47P1H5S2Q",1,2026-09-19 01:34:10.7830000,1127,0,0,2026-09-19 01:34:10.7830000,13.366670,99.900000
818883,"Ban Thalu Kaeo",3189,218,"47P","47P1H5S2Q",1,2026-09-19 01:34:14.1730000,1125,0,0,2026-09-19 01:34:14.1730000,13.366670,99.883330
818107,"Ban Bang Phi Lok",3189,218,"47P","47P1H5S2Q",1,2026-09-19 01:34:21.0770000,1125,0,0,2026-09-19 01:34:21.0770000,13.350000,99.883330
817329,"Ban Khlong Khot",3189,218,"47P","47P1H5S2Q",1,2026-09-19 01:34:22.2300000,1123,0,0,2026-09-19 01:34:22.2300000,13.333330,99.883330
817328,"Ban Phraek Nam Daeng",3163,218,"47P","47P1H5S2Q",1,2026-09-19 01:34:25.6800000,1127,0,0,2026-09-19 01:34:25.6800000,13.333330,99.866670
818105,"Ban Pak Rang",3189,218,"47P","47P1H5S2Q",1,2026-09-19 01:34:29.1300000,1127,0,0,2026-09-19 01:34:29.1300000,13.350000,99.866670
818881,"Ban Sammachot (1)",3163,218,"47P","47P1H5S2Q",1,2026-09-19 01:34:32.5700000,1125,0,0,2026-09-19 01:34:32.5700000,13.366670,99.866670
819664,"Ban Rong Na",3189,218,"47P","47P1H5S2Q",1,2026-09-19 01:34:36.2000000,1125,0,0,2026-09-19 01:34:36.2000000,13.383330,99.866670
819663,"Ban Nong Suang",3163,218,"47P","47P1H5S2Q",1,2026-09-19 01:35:04.8870000,1128,0,0,2026-09-19 01:35:04.8870000,13.383330,99.850000
1547562,"Oakland",3539,233,"16S","16S2H6S2Q",2,2026-09-19 01:35:20.1400000,0,999,0,2026-09-19 01:35:20.1400000,33.108460,-84.591040
1546763,"Gay",3539,233,"16S","16S2H6S2Q",2,2026-09-19 01:35:28.9470000,0,1065,0,2026-09-19 01:35:28.9470000,33.093740,-84.573820
1543772,"Edman",3539,233,"16S","16S2H6S2Q",2,2026-09-19 01:35:35.2430000,0,1068,0,2026-09-19 01:35:35.2430000,33.036520,-84.564370
1542343,"Carrolls",3539,233,"16S","16S2H6S2Q",2,2026-09-19 01:35:40.9000000,0,1579,0,2026-09-19 01:35:40.9000000,33.012350,-84.566040
1543084,"Imlac",3539,233,"16S","16S2H6S2Q",2,2026-09-19 01:35:45.8800000,0,1065,0,2026-09-19 01:35:45.8800000,33.024570,-84.562700
1549354,"Wooster",3539,233,"16S","16S2H6S2Q",2,2026-09-19 01:35:58.0270000,0,1068,0,2026-09-19 01:35:58.0270000,33.141790,-84.630210
1559782,"Oaklawn",3539,233,"16S","16S2H6S2Q",2,2026-09-19 01:36:09.4770000,0,844,0,2026-09-19 01:36:09.4770000,33.329840,-84.780770
1560609,"East Newnan",3539,233,"16S","16S2H6S2Q",2,2026-09-19 01:36:23.9200000,0,762,0,2026-09-19 01:36:23.9200000,33.346200,-84.776370
1560911,"East Newnan",3539,233,"16S","16S2H6S2Q",2,2026-09-19 01:36:39.6430000,0,761,0,2026-09-19 01:36:39.6430000,33.350670,-84.776600
1557944,"Chambliss",3549,233,"14S","14S2H6S2Q",1,2025-12-08 14:52:58.9370000,84385,0,4117,2026-09-19 01:37:20.0330000,33.294840,-96.495260
865217,"Ban Khlong Paet (3)",3203,218,"47P","47P1H3S3Q",2,2026-09-19 01:38:48.5300000,0,760,0,2026-09-19 01:38:48.5300000,14.216670,100.783330
866525,"Ban Khao Ngam (1)",3195,218,"47P","47P1H3S3Q",2,2026-09-19 01:38:51.4430000,0,661,0,2026-09-19 01:38:51.4430000,14.250000,100.800000
2635653,"Kuznetsovskiy Zaton",2696,192,"40U","40U1H1S4Q",3,2022-04-01 07:11:31.3470000,0,0,4000565,2026-09-19 01:43:06.3100000,54.681000,55.982800
1735430,"Octol",3567,233,"11S","11S1H4S3Q",3,2026-09-19 01:44:46.6770000,550,300,1013,2026-09-19 01:44:46.6770000,36.123840,-119.328450
2040376,"Ocata",909,68,"31T","31T2H5S1Q",3,2018-01-13 17:58:35.1370000,0,0,700207,2026-09-19 01:46:33.1530000,41.481380,2.325750
1658481,"Maysville",3546,233,"14S","14S2H3S3Q",3,2026-09-19 01:49:45.7330000,0,0,1049,2026-09-19 01:49:45.7330000,34.817300,-97.405860
2025658,"Brainard",3559,233,"14T","14T2H6S1Q",3,2017-02-11 00:30:17.0370000,0,2700,3621602,2026-09-19 01:49:46.1970000,41.183900,-97.003920
2072665,"Ashland",3576,233,"10T","10T2H2S4Q",2,2022-02-05 18:45:19.5470000,0,149951,0,2026-09-19 01:49:47.7900000,42.194580,-122.709480
2523163,"Huttenplatz",713,57,"33U","33U1H4S4Q",2,2019-06-27 13:15:14.9630000,0,35575,1623,2026-09-19 01:50:11.2470000,52.116670,13.950000
2430042,"Bugay",3439,230,"36U","36U2H3S4Q",1,2013-12-18 15:50:48.9470000,417515,0,0,2026-09-19 01:50:16.5300000,50.316670,35.983330
2429426,"Marenkov",3439,230,"36U","36U2H3S4Q",1,2013-12-18 15:41:25.4530000,417538,0,0,2026-09-19 01:50:21.8000000,50.305280,35.978610
2428706,"Zrubanka",3439,230,"37U","37U2H1S3Q",1,2013-12-18 15:37:37.8330000,417510,0,0,2026-09-19 01:50:31.6200000,50.292580,36.003530
2427849,"Zolochiv",3439,230,"36U","36U2H3S4Q",1,2013-12-18 12:25:47.9430000,417502,0,0,2026-09-19 01:50:36.2900000,50.274720,35.981110
2427655,"Karasivka",3439,230,"37U","37U2H1S3Q",1,2013-12-15 21:25:44.5170000,417509,0,0,2026-09-19 01:50:42.0430000,50.267090,36.074540
2427036,"Zhovtnevoye",3439,230,"37U","37U2H1S3Q",1,2013-12-15 21:25:25.3900000,417516,0,0,2026-09-19 01:50:46.6730000,50.257220,36.088800
2426159,"Dolgopol'ye",3439,230,"37U","37U2H1S3Q",1,2013-12-15 21:31:30.4100000,417541,0,0,2026-09-19 01:50:52.9300000,50.238990,36.089240
2426087,"Chornohlazivka",3439,230,"37U","37U2H1S3Q",1,2013-12-15 21:28:09.1670000,417545,0,0,2026-09-19 01:51:06.7570000,50.235640,36.053360
13044,"Belrose",143,13,"56H","56H1H1S4Q",3,2017-04-24 22:01:01.3870000,0,1562,1331960,2026-09-19 01:51:07.7130000,-33.739540,151.210330
11876,"Oakdale",143,13,"56H","56H1H4S1Q",3,2022-02-01 11:18:44.5230000,0,2689,34773,2026-09-19 01:51:56.4270000,-34.083330,150.516670
1620276,"Community Center",3567,233,"11S","11S2H1S4Q",1,2026-09-09 01:06:25.5670000,1732,0,0,2026-09-19 01:52:22.6570000,34.269170,-118.737590
1620422,"Santa Susana",3567,233,"11S","11S2H1S4Q",1,2026-09-09 01:06:21.6670000,1827,0,0,2026-09-19 01:52:32.7270000,34.271670,-118.708980
1619714,"Santa Susana Knolls",3567,233,"11S","11S2H1S4Q",1,2026-09-09 01:09:25.5800000,2348,0,0,2026-09-19 01:52:51.6130000,34.262230,-118.673700
1620156,"Corriganville",3567,233,"11S","11S2H1S4Q",1,2026-09-09 01:57:31.0670000,2253,0,0,2026-09-19 01:52:56.6730000,34.267500,-118.667590
865908,"Ban Wang Kha",3195,218,"47P","47P1H3S3Q",1,2026-09-19 01:53:38.3270000,1150,0,0,2026-09-19 01:53:38.3270000,14.233330,100.783330
865910,"Ban Khlong Hok Wa Sai Bon (1)",3195,218,"47P","47P1H3S3Q",1,2026-09-19 01:53:41.3300000,1150,0,0,2026-09-19 01:53:41.3300000,14.233330,100.800000
1618186,"Chatsworth Lake Manor",3567,233,"11S","11S2H1S4Q",1,2026-09-09 02:56:08.9900000,2752,0,0,2026-09-19 01:54:14.5200000,34.240840,-118.637030
1617285,"Lakeside Park",3567,233,"11S","11S2H1S4Q",1,2026-09-09 02:56:02.8300000,1738,0,0,2026-09-19 01:54:22.0600000,34.228060,-118.646760
2297258,"Hauser",715,57,"32T","32T1H3S1Q",3,2024-10-02 08:48:27.3670000,0,0,20255,2026-09-19 01:54:37.2970000,47.550000,10.266670
1553814,"Buckner",3549,233,"14S","14S2H6S2Q",3,2026-09-19 01:38:20.0700000,0,0,13237,2026-09-19 01:56:43.0130000,33.217620,-96.663600
862242,"Ban Khlong Sam",3203,218,"47P","47P1H3S3Q",2,2026-09-19 01:56:43.0730000,0,788,0,2026-09-19 01:56:43.0730000,14.150000,100.666670
862952,"Ban Khlong Yi Siphok",3195,218,"47P","47P1H3S3Q",2,2026-09-19 01:56:45.0700000,0,781,0,2026-09-19 01:56:45.0700000,14.166670,100.666670
862953,"Ban Khlongsi Si",3203,218,"47P","47P1H3S3Q",2,2026-09-19 01:56:47.9000000,0,864,0,2026-09-19 01:56:47.9000000,14.166670,100.700000
863703,"Ban Wang Noi (3)",3203,218,"47P","47P1H3S3Q",2,2026-09-19 01:56:50.4630000,0,864,0,2026-09-19 01:56:50.4630000,14.183330,100.700000
862954,"Ban Khlong Hok",3203,218,"47P","47P1H3S3Q",2,2026-09-19 01:56:55.6470000,0,538,0,2026-09-19 01:56:55.6470000,14.166670,100.733330
863704,"Ban Khlong Hok (3)",3203,218,"47P","47P1H3S3Q",2,2026-09-19 01:56:58.6300000,0,864,0,2026-09-19 01:56:58.6300000,14.183330,100.733330
862955,"Ban Khlong Chet (2)",3203,218,"47P","47P1H3S3Q",2,2026-09-19 01:57:02.6400000,0,864,0,2026-09-19 01:57:02.6400000,14.166670,100.750000
863705,"Ban Suan Di",3203,218,"47P","47P1H3S3Q",2,2026-09-19 01:57:04.6770000,0,804,0,2026-09-19 01:57:04.6770000,14.183330,100.750000
864500,"Ban Khlong Hok Wa Sai Bon (2)",3195,218,"47P","47P1H3S3Q",2,2026-09-19 01:57:10.1370000,0,804,0,2026-09-19 01:57:10.1370000,14.200000,100.750000
1974484,"Curtis",3571,233,"12T","12T2H5S3Q",3,2025-04-06 04:45:03.6270000,2186,0,10010,2026-09-19 01:57:52.1170000,40.275230,-111.694930
2098599,"South Brookfield",3562,233,"18T","18T2H2S3Q",1,2023-07-31 12:49:32.0230000,6081,0,0,2026-09-19 01:57:55.6270000,42.753400,-75.310720
30989,"Acacia Ridge",142,13,"56J","56J1H5S4Q",1,2026-08-26 09:10:27.8200000,3188,0,0,2026-09-19 01:57:58.7800000,-27.583330,153.033330
30931,"Inala",142,13,"56J","56J1H5S3Q",1,2026-07-30 09:33:21.8000000,1980,0,0,2026-09-19 01:58:01.9200000,-27.597150,152.974320
2101236,"Guideboard",3562,233,"18T","18T2H2S3Q",1,2014-06-13 13:10:17.8070000,8424,0,0,2026-09-19 01:58:08.7100000,42.809240,-75.351560
30988,"Wacol",142,13,"56J","56J1H5S3Q",1,2026-07-30 10:01:55.3830000,1976,0,0,2026-09-19 01:58:08.8200000,-27.583330,152.933330
31041,"Darra",142,13,"56J","56J1H5S3Q",1,2026-07-08 11:20:42.7000000,1311,0,0,2026-09-19 01:58:12.5170000,-27.566670,152.966670
2100434,"Moscow Hill",3562,233,"18T","18T2H2S3Q",1,2023-12-16 01:24:32.9630000,4862,0,0,2026-09-19 01:58:13.8870000,42.793680,-75.406010
31097,"Mount Ommaney",142,13,"56J","56J1H5S3Q",1,2026-06-29 06:12:09.6270000,3480,0,0,2026-09-19 01:58:15.9130000,-27.535450,152.938180
31201,"Kenmore",142,13,"56J","56J1H5S3Q",1,2026-06-29 06:11:51.9070000,2279,0,0,2026-09-19 01:58:28.3730000,-27.507590,152.938790
2104584,"Stockwell",3562,233,"18T","18T2H2S3Q",1,2014-06-10 16:32:42.6200000,4665,0,0,2026-09-19 01:58:28.8930000,42.874790,-75.389060
31237,"Brookfield",142,13,"56J","56J1H5S3Q",1,2026-05-21 09:08:52.7630000,3946,0,0,2026-09-19 01:58:33.5930000,-27.500000,152.900000
31141,"Pullen Vale",142,13,"56J","56J1H5S3Q",1,2026-06-07 21:22:14.6600000,3454,0,0,2026-09-19 01:58:36.7100000,-27.533330,152.883330
2225659,"Escanaba",3557,233,"16T","16T1H5S1Q",1,2026-09-19 01:59:02.9070000,300,0,65,2026-09-19 01:59:02.9070000,45.745250,-87.064580
2226331,"North Escanaba",3557,233,"16T","16T1H5S1Q",1,2026-09-19 01:59:07.6930000,997,0,0,2026-09-19 01:59:07.6970000,45.764690,-87.074300
2226903,"Wells",3557,233,"16T","16T1H5S1Q",1,2026-09-19 01:59:13.6100000,999,0,0,2026-09-19 01:59:13.6100000,45.777190,-87.079580
2230679,"Chandler",3557,233,"16T","16T1H5S1Q",1,2026-09-19 01:59:20.2600000,1126,0,0,2026-09-19 01:59:20.2600000,45.869960,-87.155970
2225538,"Pine Ridge",3557,233,"16T","16T1H5S1Q",1,2026-09-19 01:59:28.2930000,1009,0,0,2026-09-19 01:59:28.2930000,45.738580,-87.173470
2523971,"Wutscherogge",713,57,"33U","33U1H4S4Q",2,2018-08-04 14:32:47.8100000,300,100945,18978,2026-09-19 02:00:54.3030000,52.133330,13.933330
1562534,"Newnan",3539,233,"16S","16S2H6S2Q",2,2026-09-19 02:04:20.6300000,0,735,0,2026-09-19 02:04:20.6300000,33.380670,-84.799660
1563207,"McBride",3539,233,"16S","16S2H6S2Q",2,2026-09-19 02:04:27.3470000,0,1053,0,2026-09-19 02:04:27.3470000,33.392620,-84.779380
1563778,"White Oak",3539,233,"16S","16S2H6S2Q",2,2026-09-19 02:04:32.6100000,0,1053,0,2026-09-19 02:04:32.6100000,33.402340,-84.749660
1564166,"Lakehills",3539,233,"16S","16S2H6S2Q",2,2026-09-19 02:04:38.2630000,0,1053,0,2026-09-19 02:04:38.2630000,33.409000,-84.771600
802044,"Ban Nong Buai (1)",3167,218,"47P","47P1H5S4Q",2,2026-09-15 11:35:58.8100000,0,2600,0,2026-09-19 02:04:41.7700000,12.950000,99.900000
1565221,"Newnan Pines",3539,233,"16S","16S2H6S2Q",2,2026-09-19 02:04:42.2830000,0,641,0,2026-09-19 02:04:42.2830000,33.426500,-84.781880
1563547,"Gloverton",3539,233,"16S","16S2H6S2Q",2,2026-09-19 02:04:49.4130000,0,1010,0,2026-09-19 02:04:49.4130000,33.399280,-84.829660
1560211,"Cedar Trace",3539,233,"16S","16S2H6S2Q",2,2026-09-19 02:05:03.5600000,0,1985,0,2026-09-19 02:05:04.6700000,33.337340,-84.859660
819660,"Ban Don Kra",3163,218,"47P","47P1H5S2Q",0,2010-01-01 00:00:00.0000000,0,0,0,2026-09-19 02:05:27.1030000,13.383330,99.816670
819661,"Ban Khok Phra",3163,218,"47P","47P1H5S2Q",0,2010-01-01 00:00:00.0000000,0,0,0,2026-09-19 02:05:28.1770000,13.383330,99.833330
820421,"Ban Mai (1)",3163,218,"47P","47P1H5S2Q",0,2010-01-01 00:00:00.0000000,0,0,0,2026-09-19 02:05:29.2100000,13.400000,99.833330
821241,"Ban Nong Ngiu",3163,218,"47P","47P1H5S2Q",0,2010-01-01 00:00:00.0000000,0,0,0,2026-09-19 02:05:30.2530000,13.416670,99.800000
822027,"Ban Thung Luang",3163,218,"47P","47P1H5S2Q",0,2010-01-01 00:00:00.0000000,0,0,0,2026-09-19 02:05:32.3370000,13.433330,99.733330
822029,"Ban Nong Bua (1)",3163,218,"47P","47P1H5S2Q",0,2010-01-01 00:00:00.0000000,0,0,0,2026-09-19 02:05:34.4100000,13.433330,99.816670
822030,"Ban Bo Takhro",3163,218,"47P","47P1H5S2Q",0,2010-01-01 00:00:00.0000000,0,0,0,2026-09-19 02:05:35.4470000,13.433330,99.833330
822806,"Ban Huai Chin Si",3163,218,"47P","47P1H5S2Q",0,2010-01-01 00:00:00.0000000,0,0,0,2026-09-19 02:05:36.4800000,13.450000,99.800000
822807,"Ban Nam Phung Do",3163,218,"47P","47P1H5S2Q",0,2010-01-01 00:00:00.0000000,0,0,0,2026-09-19 02:05:37.5170000,13.450000,99.816670
822808,"Ban Nong Krathum",3163,218,"47P","47P1H5S2Q",0,2010-01-01 00:00:00.0000000,0,0,0,2026-09-19 02:05:38.5470000,13.450000,99.833330
823608,"Ban Ang Thong Nai",3163,218,"47P","47P1H5S2Q",0,2010-01-01 00:00:00.0000000,0,0,0,2026-09-19 02:05:39.5970000,13.466670,99.783330
823609,"Ban Na Lamu",3163,218,"47P","47P1H5S2Q",0,2010-01-01 00:00:00.0000000,0,0,0,2026-09-19 02:05:40.6300000,13.466670,99.816670
823610,"Ban Don Tum",3163,218,"47P","47P1H5S2Q",0,2010-01-01 00:00:00.0000000,0,0,0,2026-09-19 02:05:41.6630000,13.466670,99.833330
824414,"Ban Don Rae",3163,218,"47P","47P1H5S2Q",0,2010-01-01 00:00:00.0000000,0,0,0,2026-09-19 02:05:42.7100000,13.483330,99.766670
824415,"Ban Don Ngiu",3163,218,"47P","47P1H5S2Q",0,2010-01-01 00:00:00.0000000,0,0,0,2026-09-19 02:05:43.7470000,13.483330,99.800000
824418,"Ban Tha Chang",3163,218,"47P","47P1H5S2Q",0,2010-01-01 00:00:00.0000000,0,0,0,2026-09-19 02:05:44.7930000,13.483330,99.816670
824420,"Ban Khu Bua Tai",3163,218,"47P","47P1H5S2Q",0,2010-01-01 00:00:00.0000000,0,0,0,2026-09-19 02:05:45.8300000,13.483330,99.833330
825262,"Ban Huai Phai",3163,218,"47P","47P1H5S2Q",0,2010-01-01 00:00:00.0000000,0,0,0,2026-09-19 02:05:46.8700000,13.500000,99.750000
825265,"Ban Mai Nakhon Ban",3163,218,"47P","47P1H5S2Q",0,2010-01-01 00:00:00.0000000,0,0,0,2026-09-19 02:05:47.9030000,13.500000,99.800000
826232,"Ban Nong Muang",3163,218,"47P","47P1H5S2Q",0,2010-01-01 00:00:00.0000000,0,0,0,2026-09-19 02:05:49.1500000,13.516670,99.733330
826233,"Ban Nong Din Daeng",3163,218,"47P","47P1H5S2Q",0,2010-01-01 00:00:00.0000000,0,0,0,2026-09-19 02:05:50.4700000,13.516670,99.750000
827249,"Ban Nong Nam Khun",3163,218,"47P","47P1H5S2Q",0,2010-01-01 00:00:00.0000000,0,0,0,2026-09-19 02:05:51.9670000,13.533330,99.733330
827251,"Ban Nong Rak",3163,218,"47P","47P1H5S2Q",0,2010-01-01 00:00:00.0000000,0,0,0,2026-09-19 02:05:53.2630000,13.533330,99.750000
2413399,"Ochojno Dolne",2439,180,"34U","34U2H4S2Q",3,2017-08-18 13:45:31.2900000,0,920,1043393,2026-09-19 02:07:30.7700000,49.966670,19.966670
2413674,"Golkowice",2439,180,"34U","34U2H4S2Q",3,2017-08-09 15:13:38.1830000,0,920,1036781,2026-09-19 02:07:35.2300000,49.970550,19.972630
2414611,"Swoszowice",2439,180,"34U","34U2H4S2Q",3,2017-12-13 13:09:32.3600000,0,822,1114665,2026-09-19 02:07:39.6200000,49.989530,19.945850
2415420,"Nowe Piaski",2439,180,"34U","34U2H1S4Q",3,2017-07-18 18:52:58.0700000,0,1572,1000782,2026-09-19 02:07:41.7330000,50.012650,19.972970
2415373,"Kurdwanow",2439,180,"34U","34U2H1S4Q",3,2017-07-24 18:18:22.4600000,0,1572,1061033,2026-09-19 02:07:44.4970000,50.011050,19.950660
2416144,"Lagiewniki",2439,180,"34U","34U2H1S4Q",3,2017-07-14 12:57:20.4900000,0,460,855235,2026-09-19 02:07:47.9770000,50.025610,19.937100
2416159,"Podgorze",2439,180,"34U","34U2H1S4Q",3,2017-07-16 11:00:34.0500000,0,460,1006751,2026-09-19 02:07:51.0370000,50.026200,19.923850
2416294,"Pychowice",2439,180,"34U","34U2H1S4Q",3,2017-07-21 18:09:21.0270000,0,920,1008808,2026-09-19 02:07:55.3230000,50.032560,19.886970
1551061,"Lone Oak",3539,233,"16S","16S2H6S2Q",2,2026-09-19 02:07:55.7930000,39,1192,0,2026-09-19 02:07:55.7930000,33.171790,-84.816040
2308907,"Echo Lake",3578,233,"10T","10T1H2S2Q",1,2014-05-17 03:31:59.1830000,7141603,0,0,2026-09-19 02:09:14.7000000,47.784330,-122.040760
2309047,"Pearson Eddy",3578,233,"10T","10T1H3S1Q",1,2014-06-27 23:56:09.3830000,6410366,0,0,2026-09-19 02:09:22.8800000,47.792600,-121.997900
1753700,"Gravette",3535,233,"15S","15S1H4S4Q",2,2026-08-31 18:08:44.1500000,0,82386,0,2026-09-19 02:09:27.1600000,36.422020,-94.453550
2309992,"High Rock",3578,233,"10T","10T1H3S1Q",1,2014-08-01 14:28:12.0700000,6202096,0,0,2026-09-19 02:09:29.0870000,47.812880,-121.982620
2312243,"Monroe",3578,233,"10T","10T1H3S1Q",1,2020-05-27 05:40:52.3200000,5610287,0,0,2026-09-19 02:09:34.3600000,47.855380,-121.970960
2416806,"Bodzow",2439,180,"34U","34U2H1S4Q",2,2026-04-18 10:44:58.8370000,0,1003212,0,2026-09-19 02:11:13.4200000,50.036750,19.870490
2417059,"Przegorzaly",2439,180,"34U","34U2H1S4Q",3,2017-10-08 08:23:58.3800000,0,1137,1004981,2026-09-19 02:11:16.9830000,50.048500,19.875810
1595879,"Tee Pee",3539,233,"17S","17S2H4S1Q",1,2015-10-13 22:53:53.9300000,284236,0,0,2026-09-19 02:12:47.8370000,33.907890,-83.398770
2212902,"Notre-Dame-de-l'Ile-Perrot",459,38,"18T","18T1H6S1Q",1,2026-06-23 20:31:53.5930000,400272,0,0,2026-09-19 02:13:26.3130000,45.366780,-73.932500
2297259,"Agathazell",715,57,"32T","32T1H3S1Q",3,2024-10-02 09:32:09.7730000,0,0,20858,2026-09-19 02:14:53.9000000,47.550000,10.283330
862243,"Ban Khlong Ha (1)",3203,218,"47P","47P1H3S3Q",2,2026-09-19 02:06:05.3470000,0,13050,0,2026-09-19 02:17:24.6870000,14.150000,100.716670
825684,"Ban Huai Phak",3163,218,"47P","47P1H5S2Q",0,2010-01-01 00:00:00.0000000,0,0,0,2026-09-19 02:17:30.4800000,13.508640,99.259670
825825,"Ban Huai Phak",3163,218,"47P","47P1H5S2Q",0,2010-01-01 00:00:00.0000000,0,0,0,2026-09-19 02:17:31.5200000,13.512220,99.247640
827806,"Ban Nong Pet",3163,218,"47P","47P1H5S2Q",0,2010-01-01 00:00:00.0000000,0,0,0,2026-09-19 02:17:32.5500000,13.544750,99.318860
827845,"Ban Thung Mai Daeng",3163,218,"47P","47P1H5S2Q",0,2010-01-01 00:00:00.0000000,0,0,0,2026-09-19 02:17:33.5830000,13.545670,99.307780
827928,"Ban Nong Phak Bung",3163,218,"47P","47P1H5S2Q",0,2010-01-01 00:00:00.0000000,0,0,0,2026-09-19 02:17:34.7000000,13.547500,99.277280
828361,"Ban Hua Sam",3163,218,"47P","47P1H5S2Q",0,2010-01-01 00:00:00.0000000,0,0,0,2026-09-19 02:17:35.8000000,13.550280,99.233610
828396,"Ban Huai Nueng",3163,218,"47P","47P1H5S2Q",0,2010-01-01 00:00:00.0000000,0,0,0,2026-09-19 02:17:36.8400000,13.551110,99.287440
828398,"Ban Hup Yai Chi",3163,218,"47P","47P1H5S2Q",0,2010-01-01 00:00:00.0000000,0,0,0,2026-09-19 02:17:37.8800000,13.551140,99.261560
828729,"Ban Phapok",3163,218,"47P","47P1H5S2Q",0,2010-01-01 00:00:00.0000000,0,0,0,2026-09-19 02:17:39.0570000,13.559640,99.228500
829358,"Ban Huai Sai Thong",3163,218,"47P","47P1H5S2Q",0,2010-01-01 00:00:00.0000000,0,0,0,2026-09-19 02:17:40.6470000,13.568080,99.433500
829401,"Ban Nong Krathum",3163,218,"47P","47P1H5S2Q",0,2010-01-01 00:00:00.0000000,0,0,0,2026-09-19 02:17:41.9830000,13.569220,99.260670
829535,"Ban Nong Kham",3163,218,"47P","47P1H5S2Q",0,2010-01-01 00:00:00.0000000,0,0,0,2026-09-19 02:17:43.4830000,13.572560,99.457530
829604,"Ban Nong Klang Noen",3163,218,"47P","47P1H5S2Q",0,2010-01-01 00:00:00.0000000,0,0,0,2026-09-19 02:17:45.0500000,13.574330,99.467720
829690,"Ban Kluai",3163,218,"47P","47P1H5S2Q",0,2010-01-01 00:00:00.0000000,0,0,0,2026-09-19 02:17:47.1470000,13.576310,99.383610
829834,"Ban Nong Mo Khao",3163,218,"47P","47P1H5S2Q",0,2010-01-01 00:00:00.0000000,0,0,0,2026-09-19 02:17:48.1870000,13.579830,99.433530
829909,"Ban Noen",3163,218,"47P","47P1H5S2Q",0,2010-01-01 00:00:00.0000000,0,0,0,2026-09-19 02:17:49.2630000,13.581750,99.361420
830255,"Ban Muang Ton Mamuang",3163,218,"47P","47P1H5S2Q",0,2010-01-01 00:00:00.0000000,0,0,0,2026-09-19 02:17:50.4200000,13.583330,99.233330
830323,"Ban Phapok",3163,218,"47P","47P1H5S2Q",0,2010-01-01 00:00:00.0000000,0,0,0,2026-09-19 02:17:51.4530000,13.583860,99.242470
830343,"Ban Nong Mo Khao",3163,218,"47P","47P1H5S2Q",0,2010-01-01 00:00:00.0000000,0,0,0,2026-09-19 02:17:52.4800000,13.584360,99.431670
830363,"Ban Thung Chedi",3163,218,"47P","47P1H5S2Q",0,2010-01-01 00:00:00.0000000,0,0,0,2026-09-19 02:17:53.5100000,13.584610,99.251420
830408,"Ban Mueang Thung Chedi",3163,218,"47P","47P1H5S2Q",0,2010-01-01 00:00:00.0000000,0,0,0,2026-09-19 02:17:54.5370000,13.585470,99.217110
830666,"Ban Huai Nam Sai",3163,218,"47P","47P1H5S2Q",0,2010-01-01 00:00:00.0000000,0,0,0,2026-09-19 02:17:55.5770000,13.591080,99.207440
830867,"Ban Nong Ton Sai",3163,218,"47P","47P1H5S2Q",0,2010-01-01 00:00:00.0000000,0,0,0,2026-09-19 02:17:56.6130000,13.596170,99.395640
830951,"Ban Rang Chik",3163,218,"47P","47P1H5S2Q",0,2010-01-01 00:00:00.0000000,0,0,0,2026-09-19 02:17:57.6400000,13.597920,99.424310
830988,"Ban Huai Yang Lek",3163,218,"47P","47P1H5S2Q",0,2010-01-01 00:00:00.0000000,0,0,0,2026-09-19 02:17:58.6730000,13.598780,99.457580
831607,"Ban Wai Noi",3163,218,"47P","47P1H5S2Q",0,2010-01-01 00:00:00.0000000,0,0,0,2026-09-19 02:17:59.7070000,13.605030,99.229920
831665,"Ban Tha Sakae",3163,218,"47P","47P1H5S2Q",0,2010-01-01 00:00:00.0000000,0,0,0,2026-09-19 02:18:00.7570000,13.606110,99.400280
831965,"Ban Tham Hin",3163,218,"47P","47P1H5S2Q",0,2010-01-01 00:00:00.0000000,0,0,0,2026-09-19 02:18:01.7870000,13.613500,99.294920
832634,"Ban Tako Lang",3163,218,"47P","47P1H5S2Q",0,2010-01-01 00:00:00.0000000,0,0,0,2026-09-19 02:18:02.8300000,13.620920,99.218720
832911,"Ban Tha I Pa",3163,218,"47P","47P1H5S2Q",0,2010-01-01 00:00:00.0000000,0,0,0,2026-09-19 02:18:03.8730000,13.628670,99.428970
2314030,"Roosevelt",3578,233,"10T","10T1H2S2Q",2,2021-05-19 15:16:29.2230000,517,1222844,0,2026-09-19 02:18:59.1730000,47.892320,-122.012350
858066,"Ban Khlong Chet Bon (2)",3203,218,"47P","47P1H3S3Q",1,2026-09-19 02:19:25.5100000,1192,0,0,2026-09-19 02:19:25.5100000,14.066670,100.766670
13094,"Saint Ives",143,13,"56H","56H1H1S4Q",3,2017-03-08 19:54:15.7930000,0,1034,1150866,2026-09-19 02:19:49.7700000,-33.733330,151.166670
1788875,"Aptos",3567,233,"10S","10S1H6S3Q",3,2013-12-22 07:56:59.7900000,0,0,2920330,2026-09-19 02:19:58.7200000,36.989240,-121.895330
1578401,"McDowell Mountain Ranch",3572,233,"12S","12S2H5S1Q",1,2014-03-20 02:21:41.3700000,90561,17609,0,2026-09-19 02:21:43.4630000,33.632820,-111.848200
2418115,"Chelm",2439,180,"34U","34U2H1S4Q",3,2017-10-16 18:01:30.6300000,0,460,1145414,2026-09-19 02:22:00.4230000,50.066670,19.850000
2419261,"Szczyglice",2439,180,"34U","34U2H1S4Q",3,2024-09-05 13:33:54.9670000,0,3540,83005,2026-09-19 02:22:06.3400000,50.091840,19.828430
2419418,"Bronowice",2439,180,"34U","34U2H1S4Q",2,2017-08-01 12:42:42.5800000,0,3302837,0,2026-09-19 02:22:15.8230000,50.099500,19.882830
866522,"Ban Huai Chorakhe",3195,218,"47P","47P1H3S3Q",2,2026-06-19 15:36:17.7830000,4344,858620,0,2026-09-19 02:23:03.4100000,14.250000,100.683330
2162590,"Big Eddy",3573,233,"11T","11T1H5S4Q",3,2023-04-30 14:49:52.4000000,0,0,52022,2026-09-19 02:24:20.6970000,44.216000,-116.107350
2152830,"Wolf Creek",3576,233,"10T","10T2H2S1Q",3,2025-02-04 18:34:30.5170000,0,0,679724,2026-09-19 02:25:28.2270000,43.949840,-123.378980
1819604,"Ellisburg",3582,233,"16S","16S1H6S2Q",1,2026-09-19 02:25:57.0100000,8309,600,336,2026-09-19 02:26:08.3000000,37.467300,-84.919400
2107383,"Columbia Center",3562,233,"18T","18T2H2S3Q",1,2019-07-10 15:07:27.3500000,4876,0,0,2026-09-19 02:26:30.5700000,42.932570,-75.037100
2108581,"Getman Corners",3562,233,"18T","18T2H2S3Q",1,2013-12-31 00:55:28.8900000,4764,0,0,2026-09-19 02:26:37.8900000,42.950070,-75.013770
1535549,"Azle",3549,233,"14S","14S2H6S3Q",3,2015-01-25 04:22:04.3130000,0,0,1720750,2026-09-19 02:27:09.1030000,32.895130,-97.545860
2111463,"Mohawk",3562,233,"18T","18T2H2S1Q",1,2024-10-09 03:48:12.6900000,75754,0,0,2026-09-19 02:27:17.5770000,43.011460,-75.004040
1761088,"Hacienda Carmel",3567,233,"10S","10S1H6S3Q",3,2026-09-19 02:29:04.0800000,0,0,987,2026-09-19 02:29:04.0800000,36.537180,-121.879120
1760681,"Quail Meadows",3567,233,"10S","10S1H6S3Q",3,2026-09-19 02:29:10.5370000,0,0,987,2026-09-19 02:29:10.5370000,36.532740,-121.869670
1759054,"Carmel Highlands",3567,233,"10S","10S1H6S3Q",3,2026-09-19 02:29:14.4930000,0,0,987,2026-09-19 02:29:14.4930000,36.504130,-121.931620
1762246,"Carmel-by-the-Sea",3567,233,"10S","10S1H6S3Q",3,2026-09-19 02:29:19.2800000,0,0,986,2026-09-19 02:29:19.2800000,36.555240,-121.923290
1762857,"Pebble Beach",3567,233,"10S","10S1H6S3Q",3,2026-09-19 02:29:23.0000000,0,0,985,2026-09-19 02:29:23.0000000,36.566350,-121.946620
1764223,"Del Monte Forest",3567,233,"10S","10S1H6S3Q",3,2026-09-19 02:29:27.1730000,0,0,1005,2026-09-19 02:29:27.1730000,36.586350,-121.947460
1766741,"Pacific Grove Acres",3567,233,"10S","10S1H6S3Q",3,2026-09-19 02:29:34.0000000,0,0,984,2026-09-19 02:29:34.0000000,36.628850,-121.929960
1765792,"Cannery Row",3567,233,"10S","10S1H6S3Q",3,2026-09-19 02:29:41.7330000,0,0,985,2026-09-19 02:29:41.7330000,36.613290,-121.897730
1765119,"Monterey",3567,233,"10S","10S1H6S3Q",3,2026-09-19 02:29:45.9730000,0,0,1022,2026-09-19 02:29:45.9730000,36.600240,-121.894680
1766195,"Pacific Grove",3567,233,"10S","10S1H6S3Q",3,2026-09-19 02:29:49.3900000,0,0,985,2026-09-19 02:29:49.3900000,36.617740,-121.916620
1764093,"Del Monte Forest",3567,233,"10S","10S1H6S3Q",3,2026-09-19 02:29:56.2170000,0,0,1005,2026-09-19 02:29:56.2170000,36.583760,-121.947450
1765867,"New Monterey",3567,233,"10S","10S1H6S3Q",3,2026-09-19 02:30:05.7570000,0,0,985,2026-09-19 02:30:05.7570000,36.614680,-121.902180
1752182,"Notleys Landing",3567,233,"10S","10S1H6S3Q",3,2026-09-19 02:30:25.8170000,0,0,993,2026-09-19 02:30:25.8170000,36.398300,-121.903570
1755707,"Camphora",3567,233,"10S","10S1H6S3Q",3,2026-09-19 02:30:37.6570000,0,0,955,2026-09-19 02:30:37.6570000,36.453020,-121.371040
1752231,"Harlem",3567,233,"10S","10S1H6S3Q",3,2026-09-19 02:30:48.3200000,0,0,960,2026-09-19 02:30:48.3200000,36.399130,-121.253540
1752422,"Fort Romie",3567,233,"10S","10S1H6S3Q",3,2026-09-19 02:30:53.3570000,208,0,962,2026-09-19 02:30:53.3570000,36.400240,-121.346320
1749558,"Metz",3567,233,"10S","10S1H6S3Q",3,2026-09-19 02:30:57.8900000,0,0,964,2026-09-19 02:30:57.8900000,36.354970,-121.211590
31465,"Newmarket",142,13,"56J","56J1H5S4Q",1,2026-07-08 10:37:08.1830000,3250,0,0,2026-09-19 02:31:02.9730000,-27.433330,153.016670
1753833,"Soledad",3567,233,"10S","10S1H6S3Q",3,2026-09-19 02:31:04.7000000,0,0,959,2026-09-19 02:31:04.7000000,36.424690,-121.326320
31478,"Lutwyche",142,13,"56J","56J1H5S4Q",1,2026-07-08 11:57:13.0430000,2450,0,0,2026-09-19 02:31:06.4830000,-27.422750,153.033540
31579,"Chermside",142,13,"56J","56J1H5S4Q",1,2026-07-08 11:20:31.2730000,2051,0,0,2026-09-19 02:31:12.3200000,-27.384720,153.030620
31672,"Aspley",142,13,"56J","56J1H5S4Q",1,2026-07-08 11:56:42.4230000,3248,0,0,2026-09-19 02:31:16.2000000,-27.366670,153.016670
31727,"Carseldine",142,13,"56J","56J1H5S4Q",1,2026-03-25 00:34:02.5600000,3189,0,0,2026-09-19 02:31:19.7970000,-27.347530,153.023070
31731,"Fitzgibbon",142,13,"56J","56J1H5S4Q",1,2026-03-25 00:32:46.4200000,3600,0,0,2026-09-19 02:31:23.3270000,-27.339710,153.029210
31729,"Taigum",142,13,"56J","56J1H5S4Q",1,2026-06-05 01:10:38.1500000,3265,0,0,2026-09-19 02:31:27.7200000,-27.342650,153.044440
31679,"Zillmere",142,13,"56J","56J1H5S4Q",1,2026-07-08 11:47:55.4030000,3254,0,0,2026-09-19 02:31:30.9330000,-27.355910,153.044530
1990199,"Albano di Lucania",1381,110,"33T","33T2H6S3Q",1,2023-07-17 06:17:43.9500000,51109,0,0,2026-09-19 02:35:08.8470000,40.584620,16.036170
2294654,"Mount View",3578,233,"10T","10T1H2S2Q",2,2015-04-16 00:48:07.9700000,0,1496361,600,2026-09-19 02:35:38.1470000,47.494540,-122.349850
1396491,"Rock Island",3549,233,"14R","14R1H3S4Q",1,2013-10-26 01:33:46.8630000,13452257,0,0,2026-09-19 02:36:12.3900000,30.172720,-96.125240
1398695,"Brown College",3549,233,"14R","14R1H3S4Q",1,2013-10-22 05:07:39.5370000,11841871,0,0,2026-09-19 02:36:15.4770000,30.229100,-96.135510
1400386,"Courtney",3549,233,"14R","14R1H3S4Q",1,2013-11-02 00:28:32.3030000,8329178,0,0,2026-09-19 02:36:19.2030000,30.267160,-96.059960
1400203,"Graball",3549,233,"14R","14R1H3S4Q",1,2013-11-02 01:15:46.7570000,7165726,0,0,2026-09-19 02:36:22.4100000,30.265210,-96.134400
2298029,"Wagneritz",715,57,"32T","32T1H3S1Q",3,2024-10-02 09:32:18.5500000,0,0,20803,2026-09-19 02:36:45.6100000,47.566670,10.300000
2292232,"Orillia",3578,233,"10T","10T1H2S2Q",2,2013-08-23 04:01:33.8770000,0,1613029,2100,2026-09-19 02:37:06.3730000,47.441210,-122.245680
2533214,"Kablow Ziegelei",713,57,"33U","33U1H4S4Q",2,2025-05-21 12:03:23.2600000,0,5103,517,2026-09-19 02:37:27.8800000,52.316670,13.716670
1407097,"Cawthon",3549,233,"14R","14R1H3S4Q",1,2013-11-19 23:40:39.3000000,4102291,0,0,2026-09-19 02:37:47.0830000,30.418540,-96.243020
1406096,"Allenfarm",3549,233,"14R","14R1H3S4Q",1,2013-11-15 13:12:06.3200000,4482125,0,0,2026-09-19 02:37:51.7670000,30.399370,-96.243850
1399196,"Whitman",3549,233,"14R","14R1H3S4Q",1,2013-11-14 01:41:17.7870000,4672946,0,0,2026-09-19 02:38:00.3570000,30.240770,-96.242180
1397487,"Daniels",3549,233,"14R","14R1H3S4Q",1,2013-10-22 05:12:54.5870000,6299187,0,0,2026-09-19 02:38:03.8800000,30.198830,-96.205790
1399248,"Goodwill",3549,233,"14R","14R1H3S4Q",1,2013-10-22 05:08:10.0400000,6909346,0,0,2026-09-19 02:38:08.9000000,30.242160,-96.184960
2535591,"Stabchen",713,57,"33U","33U1H4S4Q",2,2025-05-19 08:01:41.6000000,0,3721,517,2026-09-19 02:39:43.3270000,52.366670,13.816670
2522305,"Markisch Buchholz",713,57,"33U","33U1H4S4Q",2,2025-05-17 10:05:55.5400000,0,10098,517,2026-09-19 02:42:38.6470000,52.100000,13.750000
810638,"Ban Huai Haeng",3167,218,"47P","47P1H5S2Q",2,2026-09-19 02:45:02.8330000,0,1200,0,2026-09-19 02:45:02.8330000,13.183330,99.650000
822028,"Ban Nong Rai",3163,218,"47P","47P1H5S2Q",2,2026-09-19 02:45:13.4700000,0,1193,0,2026-09-19 02:45:13.4700000,13.433330,99.783330
2539325,"Wollaston",979,77,"30U","30U1H5S4Q",2,2026-07-25 20:07:52.3200000,0,51350,0,2026-09-19 02:48:02.6500000,52.450000,-2.166670
2189168,"Angel",3557,233,"16T","16T1H6S3Q",1,2026-09-19 02:49:04.9470000,1028,0,0,2026-09-19 02:49:04.9470000,44.832500,-85.415070
2188885,"Yuba",3557,233,"16T","16T1H6S3Q",1,2026-09-19 02:49:12.6330000,1027,0,0,2026-09-19 02:49:12.6330000,44.823340,-85.459240
2186479,"Bates",3557,233,"16T","16T1H6S3Q",1,2026-09-19 02:49:18.4000000,1027,0,0,2026-09-19 02:49:18.4000000,44.772780,-85.444240
854389,"Ban Tai Aen Khlong Sip Si",3213,218,"47P","47P1H6S1Q",2,2026-06-11 14:11:55.6030000,4654,846673,0,2026-09-19 02:49:30.3370000,13.997640,100.914640
2542414,"Saddington",979,77,"30U","30U1H6S3Q",2,2026-09-19 02:49:41.4930000,0,1150,0,2026-09-19 02:49:41.4930000,52.516670,-1.033330
2540901,"Ashby Parva",979,77,"30U","30U1H6S3Q",2,2026-09-19 02:49:51.8470000,0,1150,0,2026-09-19 02:49:51.8470000,52.483330,-1.216670
2546978,"Desford",979,77,"30U","30U1H6S3Q",2,2026-09-19 02:50:00.1430000,0,1150,0,2026-09-19 02:50:00.1430000,52.616670,-1.283330
2550845,"Hugglescote",979,77,"30U","30U1H6S3Q",2,2026-09-19 02:50:19.9770000,0,1150,0,2026-09-19 02:50:19.9770000,52.700000,-1.366670
862956,"Ban Khlong Paet (1)",3203,218,"47P","47P1H3S3Q",1,2026-09-19 02:50:32.7430000,862,0,0,2026-09-19 02:50:32.7430000,14.166670,100.783330
2549220,"Ibstock",979,77,"30U","30U1H6S3Q",2,2026-09-19 02:50:36.5570000,0,1150,0,2026-09-19 02:50:36.5570000,52.666670,-1.400000
2536216,"Lilbourne",979,77,"30U","30U1H6S3Q",2,2026-09-19 02:50:47.7500000,0,1150,0,2026-09-19 02:50:47.7500000,52.383330,-1.166670
2163702,"Manistee",3557,233,"16T","16T1H5S4Q",1,2026-09-19 02:50:51.8800000,316,0,0,2026-09-19 02:50:51.8800000,44.244450,-86.324250
2540900,"Claybrooke Parva",979,77,"30U","30U1H6S3Q",2,2026-09-19 02:51:03.9070000,0,1150,0,2026-09-19 02:51:03.9070000,52.483330,-1.266670
2425382,"Korobki",3439,230,"37U","37U2H1S3Q",1,2013-12-18 08:07:30.8830000,417529,0,0,2026-09-19 02:51:10.1800000,50.222500,36.078330
2424825,"Koty",3439,230,"37U","37U2H1S3Q",1,2013-12-18 08:07:13.5670000,417547,0,0,2026-09-19 02:51:30.9470000,50.214170,36.071670
2423959,"Myronivka",3439,230,"37U","37U2H1S3Q",1,2013-12-18 08:07:48.1030000,417542,0,0,2026-09-19 02:51:39.2270000,50.192780,36.051240
2422510,"Bugayev",3439,230,"37U","37U2H1S3Q",1,2013-04-30 16:22:49.9000000,417508,0,0,2026-09-19 02:51:46.3930000,50.164170,36.098330
2423173,"Ostroverkhi",3439,230,"37U","37U2H1S3Q",1,2013-04-30 17:41:28.3470000,417510,0,0,2026-09-19 02:52:03.0470000,50.175000,36.113330
2545212,"Atherstone",979,77,"30U","30U1H6S3Q",2,2026-09-19 02:52:11.6170000,0,1150,0,2026-09-19 02:52:11.6170000,52.575360,-1.546930
2423169,"Bezruky",3439,230,"37U","37U2H1S3Q",1,2013-04-30 17:40:32.2970000,417520,0,0,2026-09-19 02:52:19.2830000,50.174840,36.119940
1558942,"Green Valley",3549,233,"14S","14S2H6S1Q",3,2016-04-13 21:41:38.2500000,0,0,1532907,2026-09-19 02:56:07.6900000,33.313450,-97.064180
1558143,"Dalton",3549,233,"14S","14S2H6S1Q",3,2017-10-10 00:20:43.4030000,0,0,1564567,2026-09-19 02:56:23.4300000,33.299280,-97.204740
118090,"Puno",2374,175,"19L","19L2H4S4Q",3,2017-04-12 21:29:50.0800000,126051,0,202350,2026-09-19 02:56:35.2400000,-15.833330,-70.033330
2298027,"Altach",715,57,"32T","32T1H3S1Q",3,2024-10-02 10:08:30.8430000,0,0,21040,2026-09-19 02:58:17.5630000,47.566670,10.283330
2169863,"Mesick",3557,233,"16T","16T1H6S3Q",3,2026-04-20 09:39:10.6670000,0,0,1192334,2026-09-19 02:58:24.6500000,44.405280,-85.713400
2192468,"Mapleton",3557,233,"16T","16T1H6S3Q",3,2026-05-05 21:12:44.4630000,0,0,103585,2026-09-19 02:58:43.7630000,44.895280,-85.506740
12945,"Roseville",143,13,"56H","56H1H1S4Q",3,2017-10-07 03:32:57.9130000,0,517,1222180,2026-09-19 02:59:10.3000000,-33.783330,151.183330
2181733,"Chums Corner",3557,233,"16T","16T1H6S3Q",3,2026-04-12 00:27:27.4770000,0,0,29775,2026-09-19 03:00:19.3500000,44.671950,-85.656460
11974,"Burragorang",143,13,"56H","56H1H4S1Q",3,2026-09-19 03:01:23.7570000,0,0,2318,2026-09-19 03:01:23.7570000,-34.050000,150.416670
11394,"Bargo",143,13,"56H","56H1H4S1Q",3,2024-05-12 11:33:26.9470000,0,4644,10802,2026-09-19 03:02:23.2370000,-34.300000,150.583330
11148,"Colo Vale",143,13,"56H","56H1H4S1Q",3,2025-12-24 09:55:07.6000000,0,12090,65623,2026-09-19 03:12:03.6430000,-34.400000,150.483330
1999524,"Camp Creek",3563,233,"17T","17T2H5S3Q",1,2026-09-19 03:12:12.1500000,659,0,0,2026-09-19 03:12:12.1500000,40.734500,-81.573460
1998969,"Crossroads",3563,233,"17T","17T2H5S3Q",1,2026-09-19 03:12:37.2500000,659,0,0,2026-09-19 03:12:37.2500000,40.727000,-81.573730
1997692,"Justus",3563,233,"17T","17T2H5S3Q",1,2026-09-19 03:12:46.2030000,659,0,0,2026-09-19 03:12:46.2030000,40.704500,-81.579010
1997948,"Harmon",3563,233,"17T","17T2H5S3Q",1,2026-09-19 03:12:57.4630000,659,0,0,2026-09-19 03:12:57.4630000,40.709500,-81.559570
1998666,"North Brewster",3563,233,"17T","17T2H5S3Q",1,2026-09-19 03:13:16.2270000,2287,0,0,2026-09-19 03:13:16.2300000,40.720610,-81.597350
1998839,"West Lebanon",3563,233,"17T","17T2H5S3Q",1,2026-09-19 03:13:38.8830000,659,0,0,2026-09-19 03:13:38.8830000,40.724500,-81.667630
2003157,"Dalton",3563,233,"17T","17T2H5S3Q",1,2026-09-19 03:13:49.5230000,517,0,15,2026-09-19 03:13:49.5230000,40.798940,-81.695410
1988501,"Millersburg",3563,233,"17T","17T2H5S3Q",1,2026-02-09 02:50:28.6400000,2401,0,0,2026-09-19 03:15:43.2170000,40.554510,-81.917920
11288,"Hill Top",143,13,"56H","56H1H4S1Q",3,2025-04-13 04:15:35.8570000,0,3775,103093,2026-09-19 03:25:44.4330000,-34.350000,150.483330
11248,"Yerrinbool",143,13,"56H","56H1H4S1Q",3,2025-04-13 04:15:52.6530000,0,1024,96879,2026-09-19 03:25:50.8800000,-34.366670,150.550000
2163703,"East Lake",3557,233,"16T","16T1H5S4Q",1,2026-09-19 03:27:18.4430000,316,0,0,2026-09-19 03:27:18.4430000,44.244450,-86.296200
2164713,"Parkdale",3557,233,"16T","16T1H5S4Q",1,2026-09-19 03:27:25.9330000,2392,0,0,2026-09-19 03:27:27.2930000,44.267500,-86.302860
2165621,"Bar Lake",3557,233,"16T","16T1H5S4Q",1,2026-09-19 03:27:31.4070000,337,0,0,2026-09-19 03:27:31.4070000,44.297500,-86.307030
2167903,"Williamsport",3557,233,"16T","16T1H5S4Q",1,2026-09-19 03:27:38.4000000,338,0,0,2026-09-19 03:27:38.4000000,44.358330,-86.263890
2420114,"Tonie",2439,180,"34U","34U2H1S4Q",2,2026-08-23 17:35:53.6100000,0,43621,0,2026-09-19 03:30:16.8670000,50.110670,19.891430
2420856,"Pekowice",2439,180,"34U","34U2H1S4Q",3,2026-08-24 10:23:09.8570000,0,519,1152,2026-09-19 03:30:19.7330000,50.127180,19.902940
2420729,"Zielonki",2439,180,"34U","34U2H1S4Q",3,2026-07-14 03:21:43.1200000,0,1040,16268,2026-09-19 03:30:23.2870000,50.120910,19.921560
2421558,"Trojanowice",2439,180,"34U","34U2H1S4Q",3,2017-11-20 22:14:52.2500000,1907,2013,195940,2026-09-19 03:30:25.2700000,50.140500,19.911780
2421554,"Garlica Murowana",2439,180,"34U","34U2H1S4Q",3,2024-05-19 11:42:20.4270000,0,2767,93106,2026-09-19 03:30:31.1200000,50.140390,19.926110
2422392,"Michalowice",2439,180,"34U","34U2H1S4Q",3,2024-05-16 17:01:33.9100000,0,1040,97769,2026-09-19 03:30:35.1100000,50.158980,19.980440
2422447,"Maslomiaca",2439,180,"34U","34U2H2S3Q",2,2026-07-26 06:59:54.2670000,0,4737,300,2026-09-19 03:30:38.2100000,50.161560,20.001300
2422831,"Wysokie Wieclawice",2439,180,"34U","34U2H2S3Q",3,2024-09-07 15:15:57.1000000,898,1215,66324,2026-09-19 03:30:41.9770000,50.166670,20.016670
11434,"Balmoral",143,13,"56H","56H1H4S1Q",3,2025-02-16 01:54:49.3600000,0,1386,46708,2026-09-19 03:30:45.3170000,-34.283330,150.516670
2422341,"Wieclawice Stare",2439,180,"34U","34U2H2S3Q",3,2017-12-09 06:52:49.3000000,0,996,198055,2026-09-19 03:30:45.4270000,50.156670,20.020180
2006323,"Washington Heights",3562,233,"18T","18T2H6S3Q",1,2024-05-08 21:53:35.9370000,1163824,0,0,2026-09-19 03:32:39.0970000,40.850100,-73.935410
2031262,"Colon",3559,233,"14T","14T2H6S2Q",1,2026-06-14 03:39:46.2900000,1103502,0,0,2026-09-19 03:33:38.5470000,41.297500,-96.605860
2423871,"Goszcza",2439,180,"34U","34U2H2S3Q",3,2025-01-28 16:05:17.3500000,0,460,96302,2026-09-19 03:34:16.0700000,50.188710,20.066150
2424066,"Polanowice",2439,180,"34U","34U2H2S3Q",3,2017-03-24 04:07:12.9670000,0,1220,518088,2026-09-19 03:34:21.1600000,50.197720,20.083020
1515954,"Red Oak",3549,233,"14S","14S2H6S4Q",3,2015-07-29 20:15:31.3470000,0,0,2506573,2026-09-19 03:35:01.2530000,32.517640,-96.804440
2624575,"Fuhlendorf",709,57,"33U","33U1H1S3Q",3,2026-09-19 03:36:52.5630000,0,0,1110,2026-09-19 03:36:52.5630000,54.360480,12.601880
2623155,"Hermannshof",709,57,"33U","33U1H1S3Q",3,2026-09-19 03:37:06.7300000,0,0,1044,2026-09-19 03:37:06.7300000,54.321130,12.578920
2622444,"Bartelshagen II",709,57,"33U","33U1H1S3Q",3,2026-09-19 03:37:16.7630000,0,0,663,2026-09-19 03:37:16.7630000,54.302150,12.583040
8673,"Carabost",143,13,"55H","55H1H5S4Q",2,2017-07-13 01:41:31.7100000,0,141136,0,2026-09-19 03:37:17.9200000,-35.600000,147.716670
2539326,"Pedmore",979,77,"30U","30U1H5S4Q",2,2026-07-26 01:27:35.0070000,0,53100,0,2026-09-19 03:37:20.3130000,52.450000,-2.133330
2621723,"Neuhof",709,57,"33U","33U1H1S3Q",3,2026-09-19 03:37:22.8700000,0,0,1043,2026-09-19 03:37:22.8700000,54.286570,12.584920
2622014,"Saaler Bauern",709,57,"33U","33U1H1S3Q",3,2026-09-19 03:37:37.6100000,0,0,659,2026-09-19 03:37:37.6100000,54.296840,12.521240
2619378,"Neuenrost",709,57,"33U","33U1H1S3Q",3,2026-09-19 03:37:59.5670000,0,0,1043,2026-09-19 03:37:59.5670000,54.233230,12.658910
2619698,"Altseehagen",709,57,"33U","33U1H1S3Q",3,2026-09-19 03:38:06.0830000,0,0,1043,2026-09-19 03:38:06.0830000,54.235170,12.751090
2619219,"Weitenhagen",709,57,"33U","33U1H1S3Q",3,2026-09-19 03:38:10.8330000,0,0,1043,2026-09-19 03:38:10.8330000,54.226760,12.786760
12944,"Lindfield",143,13,"56H","56H1H1S4Q",3,2017-03-15 20:32:46.8700000,0,0,1219756,2026-09-19 03:38:47.5030000,-33.783330,151.166670
1577360,"Robinwood",3551,233,"16S","16S2H5S2Q",1,2026-08-25 23:43:26.4270000,12400,0,0,2026-09-19 03:39:49.7700000,33.615100,-86.748880
1575513,"Airport Highlands",3551,233,"16S","16S2H5S2Q",2,2026-09-19 03:40:07.6700000,0,430,0,2026-09-19 03:40:07.6700000,33.585100,-86.741660
1574681,"Lake Highlands",3551,233,"16S","16S2H5S2Q",2,2026-09-19 03:40:33.0830000,0,430,0,2026-09-19 03:40:33.0830000,33.572880,-86.730820
2303218,"Adams",3578,233,"10T","10T1H2S2Q",2,2017-04-04 02:10:18.5000000,517,1307625,0,2026-09-19 03:43:44.4200000,47.670280,-122.388060
2119911,"Lookingglass",3576,233,"10T","10T2H2S1Q",2,2026-09-19 03:44:32.7430000,0,303,0,2026-09-19 03:44:32.7430000,43.178450,-123.486190
2117518,"Reston",3576,233,"10T","10T2H2S1Q",2,2026-09-19 03:44:40.4330000,0,1493,0,2026-09-19 03:44:45.5770000,43.130110,-123.620080
2114519,"Olalla",3576,233,"10T","10T2H2S1Q",2,2026-09-19 03:44:55.2630000,0,1482,0,2026-09-19 03:44:57.0400000,43.067060,-123.554520
2618984,"Ravenhorst",709,57,"33U","33U1H1S3Q",3,2026-09-19 03:45:29.7600000,0,0,1043,2026-09-19 03:45:29.7600000,54.217680,12.734790
2618353,"Alt Ravenhorst",709,57,"33U","33U1H1S3Q",3,2026-09-19 03:45:38.2930000,0,0,1043,2026-09-19 03:45:38.2930000,54.202990,12.729460
2115803,"Tenmile",3576,233,"10T","10T2H2S1Q",2,2026-09-19 03:45:42.1130000,0,1472,0,2026-09-19 03:45:45.7500000,43.096230,-123.564240
2618314,"Koitenhagen",709,57,"33U","33U1H1S3Q",3,2026-09-19 03:45:58.6330000,0,0,1043,2026-09-19 03:45:58.6370000,54.201760,12.762510
2618579,"Behrenwalde",709,57,"33U","33U1H1S3Q",3,2026-09-19 03:46:03.5000000,0,0,1043,2026-09-19 03:46:03.5000000,54.211450,12.787740
2617799,"Spiekersdorf",709,57,"33U","33U1H1S3Q",3,2026-09-19 03:48:22.4070000,0,0,1043,2026-09-19 03:48:22.4070000,54.192880,12.741740
2461078,"Schietecoven",2271,167,"31U","31U2H3S4Q",1,2026-09-09 16:32:17.1500000,1394,0,0,2026-09-19 03:49:23.2530000,50.900000,5.762500
2540832,"Brierley Hill",979,77,"30U","30U1H5S4Q",2,2026-07-25 19:46:13.4970000,0,10600,0,2026-09-19 03:51:44.8670000,52.481730,-2.121390
2617778,"Behrenwalde Sued",709,57,"33U","33U1H1S3Q",3,2026-09-19 03:52:48.8400000,0,0,1043,2026-09-19 03:52:48.8400000,54.192220,12.783790
2621341,"Wiepkenhagen",709,57,"33U","33U1H1S3Q",3,2026-09-19 03:53:08.6170000,0,0,517,2026-09-19 03:53:08.6170000,54.280560,12.608530
2617813,"Steinfeld",709,57,"33U","33U1H1S3Q",3,2026-09-19 03:53:42.7600000,0,0,1043,2026-09-19 03:53:42.7600000,54.193280,12.816840
2021428,"Surprise",3559,233,"14T","14T2H6S1Q",3,2016-11-12 00:14:50.3700000,5412,1500,221527,2026-09-19 03:56:06.9300000,41.108620,-97.311150
2618445,"Millienhagen",709,57,"33U","33U1H1S3Q",3,2026-09-19 03:56:13.3530000,0,0,660,2026-09-19 03:56:13.3530000,54.206430,12.818300
2617285,"Oebelitz",709,57,"33U","33U1H1S3Q",3,2026-09-19 03:59:49.7900000,0,0,385,2026-09-19 03:59:49.7900000,54.182200,12.814090
2617684,"Muggenhall",709,57,"33U","33U1H1S3Q",3,2026-09-19 04:01:52.0200000,0,0,1043,2026-09-19 04:01:52.0200000,54.188460,12.856240
2617621,"Neubauhof",709,57,"33U","33U1H1S3Q",3,2026-09-19 04:01:57.3530000,0,0,657,2026-09-19 04:01:57.3530000,54.185900,12.902070
1912768,"Town Hill",3555,233,"16S","16S1H2S2Q",2,2013-09-04 23:27:11.1270000,0,13275991,0,2026-09-19 04:03:37.1530000,39.198100,-86.246660
1763085,"Walnut Hill",3548,233,"17S","17S1H4S4Q",3,2023-02-12 04:38:25.9030000,0,0,85634,2026-09-19 04:06:51.9000000,36.567380,-82.264590
2617392,"Franzburg",709,57,"33U","33U1H1S3Q",3,2026-09-19 04:08:40.7000000,0,0,666,2026-09-19 04:08:40.7000000,54.183330,12.883330
2616501,"Grenzin",709,57,"33U","33U1H1S3Q",3,2026-09-19 04:08:45.1430000,0,0,1045,2026-09-19 04:08:45.1430000,54.160980,12.879450
2296930,"Snoqualmie Falls",3578,233,"10T","10T1H3S1Q",2,2021-12-05 06:39:57.2900000,0,1303768,0,2026-09-19 04:09:59.3870000,47.539820,-121.809830
2297768,"Tokul",3578,233,"10T","10T1H3S1Q",2,2020-12-23 02:29:31.9770000,0,1668438,0,2026-09-19 04:10:23.9200000,47.562050,-121.824280
1524614,"Talty",3549,233,"14S","14S2H6S4Q",1,2026-08-15 02:05:23.3900000,100350,0,0,2026-09-19 04:10:27.0770000,32.683190,-96.385540
1530337,"Colquitt",3549,233,"14S","14S2H6S4Q",1,2025-05-04 17:18:46.1300000,103792,0,0,2026-09-19 04:10:47.1670000,32.795400,-96.357480
1550592,"Farmersville",3549,233,"14S","14S2H6S2Q",1,2026-07-01 07:19:23.9570000,229102,0,0,2026-09-19 04:10:50.6070000,33.163450,-96.359980
2617127,"Gersdin",709,57,"33U","33U1H1S3Q",3,2026-09-19 04:12:38.5500000,0,0,646,2026-09-19 04:12:38.5500000,54.175850,12.853230
2615750,"Drechow",709,57,"33U","33U1H1S3Q",3,2026-09-19 04:15:37.6530000,0,0,1150,2026-09-19 04:15:37.6530000,54.140420,12.799840
1912398,"Gnaw Bone",3555,233,"16S","16S1H2S2Q",2,2013-10-24 16:31:28.7170000,0,2345066,0,2026-09-19 04:15:38.1670000,39.190880,-86.155550
2670868,"Kuntsevo",2670,192,"37U","37U1H1S2Q",2,2020-01-06 09:30:38.9270000,0,1400093,0,2026-09-19 04:16:35.9770000,55.742160,37.402250
2616232,"St. Vincent",450,38,"12U","12U1H2S3Q",3,2026-09-19 04:17:13.6730000,0,0,778,2026-09-19 04:17:13.6730000,54.150180,-111.268500
2617551,"Beacon Corner",450,38,"12U","12U1H2S3Q",3,2026-09-19 04:17:22.3430000,0,0,777,2026-09-19 04:17:22.3430000,54.183480,-111.151790
2620316,"Glendon",450,38,"12U","12U1H2S3Q",3,2026-09-19 04:17:28.2470000,0,0,777,2026-09-19 04:17:28.2470000,54.250180,-111.168490
2616916,"Rife",450,38,"12U","12U1H2S3Q",3,2026-09-19 04:17:34.3900000,0,0,776,2026-09-19 04:17:34.3900000,54.166880,-111.001790
2621014,"Franchere",450,38,"12U","12U1H2S3Q",3,2026-09-19 04:18:14.2400000,0,0,775,2026-09-19 04:18:14.2400000,54.266870,-111.035090
31880,"Wyampa",142,13,"56J","56J1H5S4Q",1,2026-06-29 09:53:51.9230000,2269,0,0,2026-09-19 04:19:29.9730000,-27.300000,153.033330
32028,"Mango Hill",142,13,"56J","56J1H5S4Q",1,2026-06-09 05:01:47.0530000,2691,0,0,2026-09-19 04:19:33.5530000,-27.243490,153.023840
32027,"Margate",142,13,"56J","56J1H5S4Q",1,2026-06-09 07:49:32.3100000,1956,0,0,2026-09-19 04:19:39.7830000,-27.247610,153.098090
32069,"Redcliffe",142,13,"56J","56J1H5S4Q",1,2026-06-09 07:49:35.9570000,2071,0,0,2026-09-19 04:19:44.0030000,-27.230740,153.097310
32125,"Scarborough",142,13,"56J","56J1H5S4Q",1,2026-06-09 07:49:38.7200000,2075,0,0,2026-09-19 04:19:49.3730000,-27.200830,153.110280
32070,"North Lakes",142,13,"56J","56J1H5S4Q",1,2026-06-09 06:48:23.2670000,1762,0,0,2026-09-19 04:19:54.5830000,-27.224260,153.020750
32163,"Deception Bay",142,13,"56J","56J1H5S4Q",1,2026-06-09 07:49:42.7370000,1769,0,0,2026-09-19 04:19:57.4500000,-27.200000,153.033330
12938,"Saint Marys",143,13,"56H","56H1H1S3Q",3,2017-05-25 10:29:19.8000000,0,0,1526207,2026-09-19 04:30:35.5730000,-33.783330,150.783330
2670053,"Setun'",2670,192,"37U","37U1H1S2Q",2,2019-01-27 15:19:48.0930000,0,1401390,0,2026-09-19 04:34:31.8070000,55.716670,37.416670
2672391,"Troitse-Lykovo",2670,192,"37U","37U1H1S2Q",2,2021-12-08 17:35:28.4330000,0,1330460,0,2026-09-19 04:34:47.6470000,55.783670,37.405400
1577739,"Graysville",3551,233,"16S","16S2H5S2Q",2,2026-09-19 04:35:54.3370000,0,1150,0,2026-09-19 04:35:54.3370000,33.620660,-86.971380
1576536,"Adamsville",3551,233,"16S","16S2H5S2Q",2,2026-09-19 04:35:59.3300000,0,1150,0,2026-09-19 04:35:59.3300000,33.600940,-86.956110
2787661,"Kudrovo",2675,192,"36V","36V2H1S1Q",3,2015-12-22 18:54:21.5330000,0,900,5003054,2026-09-19 04:36:19.4330000,59.907220,30.505830
1577102,"Glasgow",3551,233,"16S","16S2H5S2Q",2,2026-06-11 05:52:40.4830000,0,1580,0,2026-09-19 04:36:27.4270000,33.610660,-86.952770
1580655,"Crocker Junction",3551,233,"16S","16S2H5S2Q",2,2025-10-20 18:12:52.4070000,0,65250,0,2026-09-19 04:37:55.4500000,33.667600,-86.910550
2423788,"Sotniki",3439,230,"37U","37U2H1S3Q",1,2013-12-15 17:02:49.0370000,417544,0,0,2026-09-19 04:38:37.4100000,50.185280,36.121670
2424056,"Mikhaylovka",3439,230,"37U","37U2H1S3Q",1,2013-12-15 16:54:35.8630000,417523,0,0,2026-09-19 04:38:45.8700000,50.197220,36.151670
2424109,"Dolbino",3439,230,"37U","37U2H1S3Q",1,2013-12-15 17:03:12.4970000,417511,0,0,2026-09-19 04:38:50.8630000,50.199440,36.132780
2424617,"Solonyy Yar",3439,230,"37U","37U2H1S3Q",1,2013-12-15 17:07:45.2300000,417511,0,0,2026-09-19 04:38:55.9630000,50.204630,36.124200
2424710,"Nikolayev",3439,230,"37U","37U2H1S3Q",1,2013-12-15 17:19:13.2430000,417531,0,0,2026-09-19 04:39:00.8900000,50.208890,36.127780
2425278,"Slatyne",3439,230,"37U","37U2H1S3Q",1,2013-12-15 17:19:35.0430000,417542,0,0,2026-09-19 04:39:06.1400000,50.217710,36.156730
2426345,"Shapovalovka",3439,230,"37U","37U2H1S3Q",1,2013-12-15 17:22:16.2100000,417508,0,0,2026-09-19 04:39:11.9630000,50.246590,36.143660
2427964,"Borisovka",3439,230,"37U","37U2H1S3Q",1,2013-12-15 14:09:28.3300000,2000034,0,0,2026-09-19 04:39:48.2630000,50.279420,36.559840
1379509,"Houston",3549,233,"15R","15R1H4S1Q",2,2020-12-17 05:05:35.4930000,2400,15356743,0,2026-09-19 04:40:20.9370000,29.763280,-95.363270
1576773,"Glendale",3551,233,"16S","16S2H5S2Q",1,2026-09-19 04:43:10.6870000,1200,0,0,2026-09-19 04:43:10.6870000,33.604830,-86.804710
1576774,"Fultondale",3551,233,"16S","16S2H5S2Q",1,2026-09-19 04:43:14.7800000,1200,0,0,2026-09-19 04:43:14.7800000,33.604830,-86.793880
2619098,"Schlemmin",709,57,"33U","33U1H1S3Q",3,2026-09-19 04:46:26.3370000,0,0,1150,2026-09-19 04:46:26.3370000,54.222350,12.682770
2617873,"Karlshof",709,57,"33U","33U1H1S3Q",3,2026-09-19 04:46:30.1030000,0,0,1043,2026-09-19 04:46:30.1030000,54.195290,12.675990
2617812,"Zornow",709,57,"33U","33U1H1S3Q",3,2026-09-19 04:46:34.1900000,0,0,660,2026-09-19 04:46:34.1900000,54.193280,12.651830
2617089,"Forkenbeck",709,57,"33U","33U1H1S3Q",3,2026-09-19 04:46:42.0970000,0,0,1043,2026-09-19 04:46:42.0970000,54.174540,12.700110
2617136,"Eixen Forsthaus",709,57,"33U","33U1H1S3Q",3,2026-09-19 04:46:50.1330000,0,0,1043,2026-09-19 04:46:50.1330000,54.176350,12.738780
2617247,"Leplow",709,57,"33U","33U1H1S3Q",3,2026-09-19 04:46:54.8700000,0,0,1043,2026-09-19 04:46:54.8700000,54.180700,12.768990
2616489,"Katzenow",709,57,"33U","33U1H1S3Q",3,2026-09-19 04:46:58.7900000,0,0,1043,2026-09-19 04:46:58.7900000,54.160470,12.790450
2304856,"Port Madison",3578,233,"10T","10T1H2S2Q",2,2014-07-04 02:23:15.9700000,517,1845847,0,2026-09-19 04:47:03.5500000,47.702600,-122.524300
2616351,"Werder",709,57,"33U","33U1H1S3Q",3,2026-09-19 04:47:05.1570000,0,0,659,2026-09-19 04:47:05.1570000,54.154950,12.808510
2615973,"Neumuhl",709,57,"33U","33U1H1S3Q",3,2026-09-19 04:49:36.0500000,0,0,1043,2026-09-19 04:49:36.0500000,54.149970,12.842670
2616614,"Dolgen",709,57,"33U","33U1H1S3Q",3,2026-09-19 04:49:46.5630000,0,0,385,2026-09-19 04:49:46.5630000,54.165750,12.815290
10487,"Tangmanjaroo",143,13,"55H","55H1H6S1Q",2,2015-12-12 22:31:54.0130000,0,98109,0,2026-09-19 04:51:56.2330000,-34.650000,148.816670
2615411,"Poglitz",709,57,"33U","33U1H1S3Q",3,2026-09-19 04:52:46.9400000,0,0,973,2026-09-19 04:52:46.9400000,54.133330,12.850000
2614421,"Gremersdorf",709,57,"33U","33U1H1S3Q",3,2026-09-19 04:54:05.6870000,0,0,663,2026-09-19 04:54:05.6870000,54.109430,12.870480
2426302,"Prudyanka",3439,230,"37U","37U2H1S3Q",1,2013-04-28 11:23:22.3600000,417505,0,0,2026-09-19 04:54:10.5700000,50.244760,36.176190
2426038,"Dementiyevka",3439,230,"37U","37U2H1S3Q",1,2013-08-24 10:49:34.4400000,417547,0,0,2026-09-19 04:54:14.1970000,50.233820,36.236690
2426221,"Sosnovka",3439,230,"36U","36U2H3S4Q",1,2013-12-18 12:25:21.4170000,417515,0,0,2026-09-19 04:54:20.4400000,50.241110,35.980280
2426795,"Khutor Bugai Vtoryye",3439,230,"36U","36U2H3S4Q",1,2013-12-18 15:09:43.1900000,417525,0,0,2026-09-19 04:54:23.6770000,50.250000,35.916670
2426973,"Bugai Pervyye",3439,230,"36U","36U2H3S4Q",1,2013-12-18 15:08:49.7400000,417521,0,0,2026-09-19 04:54:27.1570000,50.255000,35.909440
10650,"Kangiara",143,13,"55H","55H1H6S1Q",2,2017-12-28 12:29:17.4430000,0,37116,0,2026-09-19 04:54:31.3630000,-34.600000,148.750000
2423841,"Velikaya Rogozyanka",3439,230,"36U","36U2H3S4Q",1,2013-12-18 13:03:22.4930000,417514,0,0,2026-09-19 04:54:33.6400000,50.187500,35.838610
2421683,"Gurinovka",3439,230,"36U","36U2H3S4Q",1,2013-12-18 15:10:57.8500000,417502,0,0,2026-09-19 04:54:40.7200000,50.145560,35.840000
2421350,"Khutor Smelyy Tretiy",3439,230,"36U","36U2H3S4Q",1,2013-12-18 15:01:15.8670000,417506,0,0,2026-09-19 04:54:43.0770000,50.133330,35.800000
1772285,"Ashton",3570,233,"11S","11S1H5S4Q",2,2026-09-19 04:56:11.1100000,0,1091,0,2026-09-19 04:56:11.1100000,36.720230,-116.672550
1783977,"Rhyolite",3570,233,"11S","11S1H5S4Q",2,2026-09-19 04:56:18.9200000,0,1044,0,2026-09-19 04:56:18.9200000,36.903830,-116.829230
1781880,"Gold Center",3570,233,"11S","11S1H5S4Q",2,2026-09-19 04:56:27.4200000,0,1059,0,2026-09-19 04:56:27.4200000,36.868280,-116.767280
2614378,"Rekentin",709,57,"33U","33U1H1S3Q",3,2026-09-19 04:56:35.2470000,0,0,664,2026-09-19 04:56:35.2470000,54.107870,12.836150
1784232,"Beatty",3570,233,"11S","11S1H5S4Q",2,2026-09-19 04:56:53.1430000,0,1055,0,2026-09-19 04:56:53.1430000,36.908560,-116.759230
1785805,"Beatty",3570,233,"11S","11S1H5S4Q",2,2026-09-19 04:57:02.0170000,0,1059,0,2026-09-19 04:57:02.0170000,36.935090,-116.702430
1788094,"Hot Springs",3570,233,"11S","11S1H5S4Q",2,2026-09-19 04:57:15.4930000,0,1050,0,2026-09-19 04:57:15.4930000,36.976890,-116.722840
1791143,"Springdale",3570,233,"11S","11S1H5S2Q",2,2026-09-19 04:57:44.2870000,0,1044,0,2026-09-19 04:57:44.2870000,37.029940,-116.755060
1780013,"Sugar Bunker",3570,233,"11S","11S1H6S3Q",2,2026-09-19 04:58:36.9700000,0,1135,0,2026-09-19 04:58:36.9700000,36.839400,-115.961140
2617262,"Semlow",709,57,"33U","33U1H1S3Q",3,2026-09-19 05:00:40.0470000,0,0,873,2026-09-19 05:00:40.0470000,54.181170,12.656590
2616516,"Eixen",709,57,"33U","33U1H1S3Q",3,2026-09-19 05:05:05.8070000,0,0,1043,2026-09-19 05:05:05.8100000,54.161430,12.723840
2616375,"Bisdorf",709,57,"33U","33U1H1S3Q",3,2026-09-19 05:05:12.8400000,0,0,1043,2026-09-19 05:05:12.8400000,54.156050,12.703370
2663677,"Drozhzhino",2671,192,"37U","37U1H1S2Q",2,2023-07-11 15:26:11.7900000,0,1233966,0,2026-09-19 05:05:19.9270000,55.528060,37.599170
2069048,"Dock Junction",3584,233,"17T","17T2H2S4Q",1,2013-05-09 19:45:38.5400000,1280622,0,5687,2026-09-19 05:05:19.9300000,42.105890,-80.118670
1384355,"Maxwell",3549,233,"14R","14R1H6S1Q",2,2026-08-21 12:51:22.5400000,0,477213,0,2026-09-19 05:06:23.5100000,29.881050,-97.793340
864496,"Ban Thai Wat",3195,218,"47P","47P1H3S3Q",2,2026-04-20 14:23:54.9800000,6309,837203,0,2026-09-19 05:07:12.4800000,14.200000,100.550000
858889,"Ban Khlong Ha (2)",3203,218,"47P","47P1H3S3Q",1,2026-09-19 05:07:34.8570000,1076,75,0,2026-09-19 05:07:34.8570000,14.083330,100.716670
2617987,"Tribohm",709,57,"33U","33U1H1S3Q",3,2026-09-19 05:09:51.6300000,0,0,912,2026-09-19 05:09:51.6300000,54.199960,12.608060
2619271,"Todenhagen",709,57,"33U","33U1H1S3Q",2,2020-01-10 14:42:24.1770000,0,7270,0,2026-09-19 05:10:55.7270000,54.228820,12.625520
2617300,"Palmzin",709,57,"33U","33U1H1S3Q",3,2026-09-19 05:11:29.8600000,0,0,1043,2026-09-19 05:11:29.8600000,54.182810,12.626510
31986,"Kallangur",142,13,"56J","56J1H5S3Q",1,2026-08-23 05:50:22.5830000,2258,0,0,2026-09-19 05:13:04.4770000,-27.252040,152.992260
32162,"Narangba",142,13,"56J","56J1H5S3Q",1,2026-06-09 07:49:53.5600000,1994,0,0,2026-09-19 05:13:15.8200000,-27.200000,152.966670
32396,"Morayfield",142,13,"56J","56J1H5S3Q",1,2026-08-23 05:50:29.9830000,1993,0,0,2026-09-19 05:13:24.7700000,-27.116670,152.950000
32493,"Caboolture",142,13,"56J","56J1H5S3Q",1,2026-08-23 05:50:37.4630000,2101,0,0,2026-09-19 05:13:27.7600000,-27.083330,152.950000
32535,"Moodlu",142,13,"56J","56J1H5S3Q",1,2026-08-23 05:50:41.1530000,2045,0,0,2026-09-19 05:13:30.6900000,-27.066670,152.900000
2649549,"Drengsted",727,59,"32U","32U1H2S1Q",3,2025-09-12 22:18:38.7770000,0,0,61900,2026-09-19 05:13:33.4170000,55.100000,8.850000
1415136,"Hilda",3549,233,"14R","14R1H2S3Q",1,2026-09-19 05:14:16.2600000,1096,0,0,2026-09-19 05:14:16.2600000,30.586850,-99.114500
1413869,"Prairie Mountain",3549,233,"14R","14R1H2S4Q",1,2026-09-19 05:14:26.5200000,1111,0,0,2026-09-19 05:14:26.5200000,30.560740,-98.879490
1408359,"Blowout",3549,233,"14R","14R1H2S4Q",1,2026-09-19 05:14:44.5200000,1113,0,0,2026-09-19 05:14:44.5200000,30.447140,-98.577530
1406826,"Eckert",3549,233,"14R","14R1H2S4Q",1,2026-09-19 05:14:56.0030000,1101,0,0,2026-09-19 05:14:56.0030000,30.414360,-98.736700
1406296,"Willow City",3549,233,"14R","14R1H2S4Q",1,2026-09-19 05:15:00.7900000,1101,0,0,2026-09-19 05:15:00.7900000,30.400750,-98.701420
1408202,"Crabapple",3549,233,"14R","14R1H2S4Q",1,2026-09-19 05:15:04.8630000,1098,0,0,2026-09-19 05:15:04.8630000,30.442970,-98.837540
1406032,"Hilltop",3549,233,"14R","14R1H2S4Q",1,2026-09-19 05:15:39.7070000,641,0,0,2026-09-19 05:15:39.7070000,30.397700,-98.968660
2539328,"Cradley",979,77,"30U","30U1H5S4Q",2,2026-07-25 19:47:45.3400000,0,35650,0,2026-09-19 05:17:40.4430000,52.450000,-2.083330
1768560,"Mercury",3570,233,"11S","11S1H6S3Q",2,2026-09-19 05:22:36.9570000,0,1142,0,2026-09-19 05:22:36.9570000,36.660510,-115.994470
1725163,"Shoshone",3567,233,"11S","11S2H2S2Q",2,2026-09-19 05:22:43.4930000,0,897,0,2026-09-19 05:22:43.4930000,35.951010,-116.305570
2293216,"Riverbend",3578,233,"10T","10T1H3S1Q",2,2025-11-03 20:12:55.9830000,2034,1709428,0,2026-09-19 05:22:47.5200000,47.465140,-121.749060
1726519,"Shoshone",3567,233,"11S","11S2H2S2Q",2,2026-09-19 05:22:50.7900000,0,906,0,2026-09-19 05:22:50.7900000,35.973020,-116.271140
1766650,"Camp Desert Rock",3570,233,"11S","11S1H5S4Q",2,2026-09-19 05:23:01.0070000,0,935,0,2026-09-19 05:23:01.0070000,36.627180,-116.020030
1755571,"Labbe Camp",3570,233,"11S","11S1H5S4Q",2,2026-09-19 05:23:08.6400000,0,945,0,2026-09-19 05:23:08.6400000,36.450790,-116.056420
2297750,"Spring Glen",3578,233,"10T","10T1H3S1Q",2,2013-01-26 17:31:18.0170000,0,1313399,0,2026-09-19 05:23:08.6600000,47.561210,-121.861500
1758121,"Crystal",3570,233,"11S","11S1H5S4Q",2,2026-09-19 05:23:15.4100000,0,923,0,2026-09-19 05:23:15.4100000,36.491620,-116.167540
1753574,"Johnnie",3570,233,"11S","11S1H5S4Q",2,2026-09-19 05:23:21.8100000,0,945,0,2026-09-19 05:23:21.8100000,36.419680,-116.071700
1742655,"Pahrump",3570,233,"11S","11S1H5S4Q",2,2026-09-19 05:23:28.6070000,0,945,0,2026-09-19 05:23:28.6070000,36.241070,-116.017550
2469076,"Born",2271,167,"31U","31U2H3S2Q",1,2016-12-03 12:51:32.9000000,36649165,1390,0,2026-09-19 05:23:41.1330000,51.031670,5.809720
1740749,"Pahrump",3570,233,"11S","11S1H6S3Q",2,2026-09-19 05:26:10.2070000,0,945,0,2026-09-19 05:26:10.2070000,36.208290,-115.983910
1767610,"Amargosa Valley",3570,233,"11S","11S1H5S4Q",2,2026-09-19 05:26:55.7470000,0,1122,0,2026-09-19 05:26:55.7470000,36.643840,-116.400330
2370597,"Neureut",716,57,"32U","32U2H5S1Q",2,2025-11-18 14:57:14.6730000,0,2241,0,2026-09-19 05:27:14.3800000,49.050000,8.383330
2367773,"Berg",706,57,"32U","32U2H5S3Q",2,2026-02-06 09:28:43.7470000,0,2359,0,2026-09-19 05:27:32.0500000,48.983330,8.200000
12570,"Stanmore",143,13,"56H","56H1H1S4Q",3,2017-05-16 05:14:35.5370000,0,0,1500924,2026-09-19 05:27:36.5400000,-33.894070,151.164240
2367608,"Neulauterburg",706,57,"32U","32U2H5S3Q",2,2026-08-15 10:15:52.9030000,0,3494,0,2026-09-19 05:27:46.5370000,48.978640,8.186020
12228,"Phillip Bay",143,13,"56H","56H1H1S4Q",3,2017-04-25 04:03:03.8030000,0,0,2900827,2026-09-19 05:28:04.8400000,-33.983330,151.233330
2475112,"Het Vonderen",2271,167,"31U","31U2H3S2Q",1,2016-10-30 18:05:21.6830000,1380403,690,0,2026-09-19 05:28:20.1530000,51.129170,5.901390
2302445,"Bainbridge Grange",3578,233,"10T","10T1H2S2Q",2,2013-03-09 18:35:40.8700000,0,1335817,0,2026-09-19 05:32:02.2570000,47.655930,-122.520690
2536228,"De Zoom",2273,167,"31U","31U1H6S4Q",1,2026-09-16 01:19:01.4200000,228450,0,0,2026-09-19 05:33:10.2770000,52.383330,5.816670
858065,"Ban Khlong Hok",3203,218,"47P","47P1H3S3Q",2,2026-09-19 05:35:00.6230000,0,1199,0,2026-09-19 05:35:00.6230000,14.066670,100.733330
858890,"Ban Khlong Sip",3203,218,"47P","47P1H3S3Q",2,2026-09-19 05:35:12.3000000,0,1040,0,2026-09-19 05:35:12.3000000,14.083330,100.833330
2512821,"Forderstedt",703,57,"32U","32U2H3S2Q",2,2026-09-19 05:38:15.9870000,0,1250,0,2026-09-19 05:38:15.9870000,51.900000,11.633330
2503611,"Gerlebogk",703,57,"32U","32U2H3S2Q",2,2026-09-19 05:38:33.3800000,0,1005,0,2026-09-19 05:38:33.3800000,51.700000,11.833330
2500503,"Brucke",703,57,"32U","32U2H3S2Q",2,2026-09-19 05:38:45.3030000,0,1009,0,2026-09-19 05:38:45.3030000,51.633330,11.750000
2499720,"Dobis",703,57,"32U","32U2H3S2Q",2,2026-09-19 05:38:52.3570000,0,918,0,2026-09-19 05:38:52.3570000,51.616670,11.766670
2498973,"Rumpin",703,57,"32U","32U2H3S2Q",2,2026-09-19 05:38:56.5830000,0,804,0,2026-09-19 05:38:56.5830000,51.600000,11.750000
2498135,"Kloschwitz",703,57,"32U","32U2H3S2Q",2,2026-09-19 05:39:07.1930000,686,1165,0,2026-09-19 05:39:07.1930000,51.583330,11.750000
821244,"Ban Pak Kai (2)",3163,218,"47P","47P1H5S2Q",1,2026-09-19 05:39:21.9400000,1128,0,0,2026-09-19 05:39:21.9400000,13.416670,99.833330
2293994,"Altenburg (Brugg)",528,43,"32T","32T1H2S1Q",2,2026-09-19 05:39:56.6370000,0,788,0,2026-09-19 05:39:56.6370000,47.482050,8.195470
2293186,"Hausen",528,43,"32T","32T1H2S1Q",2,2026-09-19 05:40:02.4170000,0,788,0,2026-09-19 05:40:02.4170000,47.463960,8.209880
2292216,"Lupfig",528,43,"32T","32T1H2S1Q",2,2026-09-19 05:40:07.4730000,0,788,0,2026-09-19 05:40:07.4730000,47.440690,8.203780
2293926,"Windisch",528,43,"32T","32T1H2S1Q",2,2026-09-19 05:40:12.4730000,0,788,0,2026-09-19 05:40:12.4730000,47.478990,8.218420
2294009,"Unterwindisch",528,43,"32T","32T1H2S1Q",2,2026-09-19 05:40:18.3170000,0,788,0,2026-09-19 05:40:18.3170000,47.482810,8.226930
2293980,"Gebenstorf",528,43,"32T","32T1H2S1Q",2,2026-09-19 05:40:26.7500000,0,788,0,2026-09-19 05:40:26.7500000,47.481360,8.239490
2297761,"Eien",528,43,"32T","32T1H2S1Q",2,2026-09-19 05:40:36.5130000,0,776,0,2026-09-19 05:40:36.5130000,47.561700,8.238370
2297737,"Wil",528,43,"32T","32T1H2S1Q",2,2026-06-22 08:40:44.1530000,0,4288,0,2026-09-19 05:40:55.2200000,47.560600,8.152460
2497396,"Beesenstedt",703,57,"32U","32U2H3S2Q",2,2026-09-19 05:41:53.5630000,169,1550,489,2026-09-19 05:41:53.5630000,51.566670,11.733330
2298412,"Kleindoettingen",528,43,"32T","32T1H2S1Q",2,2026-09-19 05:42:29.1770000,0,802,0,2026-09-19 05:42:29.1770000,47.570870,8.246480
1875929,"Parkway-South Sacramento",3567,233,"10S","10S1H3S3Q",2,2012-09-15 23:11:47.4070000,0,4144267,0,2026-09-19 05:45:31.8770000,38.509400,-121.453320
2301614,"Hunt's Point",3578,233,"10T","10T1H2S2Q",2,2013-04-28 08:23:56.7670000,517,1505276,0,2026-09-19 05:45:56.8170000,47.637580,-122.225600
1743863,"Mount Charleston",3570,233,"11S","11S1H6S3Q",2,2014-06-27 09:34:11.7570000,0,24326143,0,2026-09-19 05:49:03.9900000,36.262890,-115.613490
1743295,"Kyle Canyon Summer Home Area",3570,233,"11S","11S1H6S3Q",2,2014-07-02 17:53:55.8830000,0,24059100,0,2026-09-19 05:49:12.5200000,36.251630,-115.628070
1743591,"Mount Charleston",3570,233,"11S","11S1H6S3Q",2,2014-04-05 02:04:29.2070000,0,24026836,0,2026-09-19 05:49:24.0500000,36.257190,-115.642790
852304,"Ban Khlong Soi Thi Sip Et",3203,218,"47P","47P1H6S1Q",1,2026-05-26 06:44:27.6670000,811843,4344,0,2026-09-19 05:49:30.6000000,13.958420,100.842140
1746854,"Desert View Point",3570,233,"11S","11S1H6S3Q",2,2014-06-29 06:27:16.6600000,0,24130166,0,2026-09-19 05:49:31.4900000,36.312190,-115.586130
2235869,"Viote",1369,110,"32T","32T1H3S4Q",1,2026-09-19 05:49:38.3770000,829,0,0,2026-09-19 05:49:38.3770000,46.020180,11.042200
2235320,"Garniga Terme",1369,110,"32T","32T1H3S4Q",1,2026-09-19 05:49:45.0200000,786,0,0,2026-09-19 05:49:45.0200000,46.003100,11.087380
864501,"Ban Khlong Chet (1)",3203,218,"47P","47P1H3S3Q",2,2026-09-19 05:49:47.8630000,0,786,0,2026-09-19 05:49:47.8630000,14.200000,100.766670
2234927,"Zobbio",1369,110,"32T","32T1H6S2Q",1,2026-09-19 05:49:51.2230000,795,0,0,2026-09-19 05:49:51.2230000,45.992490,11.086020
2182827,"Reggio nell'Emilia",1379,110,"32T","32T1H6S3Q",1,2022-02-01 05:46:09.4630000,3044231,0,0,2026-09-19 05:50:16.2930000,44.698250,10.631250
2814818,"Ryotto",929,70,"35V","35V1H1S3Q",1,2026-09-14 11:12:24.5800000,11153,0,0,2026-09-19 05:58:01.0600000,62.533330,24.116670
2814714,"Inhantehtaat",929,70,"35V","35V1H1S3Q",1,2026-09-14 11:12:28.2830000,6154,0,0,2026-09-19 05:58:08.5470000,62.516670,24.166670
2814819,"Myllymaki",929,70,"35V","35V1H1S3Q",1,2026-09-14 13:48:41.6370000,8616,0,0,2026-09-19 05:58:33.9430000,62.533330,24.283330
2483918,"Braakpeel",2271,167,"31U","31U2H3S2Q",2,2026-09-19 06:02:35.7730000,0,788,0,2026-09-19 06:02:35.7730000,51.283330,5.800000
2615612,"Ronkendorf",709,57,"33U","33U1H1S3Q",3,2026-09-19 06:02:36.2000000,0,0,1043,2026-09-19 06:02:36.2000000,54.134690,12.763540
2615107,"Kneese Dorf",709,57,"33U","33U1H1S3Q",3,2026-09-19 06:02:40.6000000,0,0,1043,2026-09-19 06:02:40.6000000,54.125000,12.620460
2615209,"Schulenberg",709,57,"33U","33U1H1S3Q",3,2026-09-19 06:02:44.7070000,0,0,1043,2026-09-19 06:02:44.7070000,54.128650,12.589300
2608871,"Klein Niekohr",709,57,"33U","33U1H4S1Q",3,2026-09-19 06:02:50.9600000,0,0,1044,2026-09-19 06:02:50.9600000,53.976890,12.648350
2483708,"Eind",2271,167,"31U","31U2H3S2Q",2,2026-09-19 06:02:53.6570000,0,801,0,2026-09-19 06:02:53.6570000,51.276670,5.780560
2610642,"Babelitz",709,57,"33U","33U1H1S3Q",3,2026-09-19 06:02:54.6800000,0,0,1044,2026-09-19 06:02:54.6830000,54.017650,12.696590
2610256,"Neu Quitzenow",709,57,"33U","33U1H1S3Q",3,2026-09-19 06:02:58.0970000,0,0,1044,2026-09-19 06:02:58.0970000,54.012510,12.743800
2612413,"Eichenthal",709,57,"33U","33U1H1S3Q",3,2026-09-19 06:03:13.5100000,0,38,1043,2026-09-19 06:03:13.5100000,54.066140,12.725600
2613055,"Langsdorf",709,57,"33U","33U1H1S3Q",3,2026-09-19 06:03:19.1370000,0,0,660,2026-09-19 06:03:19.1370000,54.079280,12.722080
2611647,"Carlsthal",709,57,"33U","33U1H1S3Q",3,2026-09-19 06:03:25.8570000,0,0,664,2026-09-19 06:03:25.8570000,54.045830,12.716500
2612188,"Liepen",709,57,"33U","33U1H1S3Q",2,2015-06-20 10:06:41.0700000,0,1153,0,2026-09-19 06:03:36.3670000,54.057270,12.582260
2146827,"Wildwood",3576,233,"10T","10T2H2S2Q",3,2024-10-08 23:16:54.8800000,0,0,326642,2026-09-19 06:03:56.1530000,43.779010,-122.826180
2484433,"Kreijel",2271,167,"31U","31U2H3S2Q",2,2026-09-19 06:04:12.8570000,0,788,0,2026-09-19 06:04:12.8570000,51.289170,5.779170
2314245,"Corbenay",957,75,"32T","32T1H1S1Q",1,2015-10-25 12:15:26.3900000,100754,0,0,2026-09-19 06:04:38.3100000,47.900000,6.333330
2612734,"Bohlendorf",709,57,"33U","33U1H1S3Q",3,2026-09-19 06:07:03.0530000,0,0,1043,2026-09-19 06:07:03.0530000,54.066990,12.674190
2608429,"Friedrichshof",709,57,"33U","33U1H4S1Q",3,2026-09-19 06:09:04.7700000,0,0,850,2026-09-19 06:09:04.7700000,53.966670,12.516670
2606982,"Dalwitz",709,57,"33U","33U1H4S1Q",3,2026-09-19 06:09:14.8200000,0,0,402,2026-09-19 06:09:14.8200000,53.933330,12.533330
2159746,"Coburg",3576,233,"10T","10T1H5S3Q",3,2024-09-14 21:23:07.0330000,0,0,1007680,2026-09-19 06:09:17.5530000,44.137070,-123.066480
2166232,"Elm Tree Corners",457,38,"17T","17T1H6S4Q",3,2019-06-30 22:29:52.0800000,0,0,2511841,2026-09-19 06:11:23.5400000,44.314020,-78.788470
2070421,"Lorella",3576,233,"10T","10T2H3S3Q",2,2026-09-19 06:12:09.0370000,0,990,0,2026-09-19 06:12:09.0370000,42.137100,-121.272490
2608776,"Gross Niekohr",709,57,"33U","33U1H4S1Q",3,2026-09-19 06:12:15.6830000,0,0,1044,2026-09-19 06:12:15.6830000,53.973050,12.647500
2069350,"Hot Springs",3576,233,"10T","10T2H3S3Q",2,2026-09-19 06:12:31.8930000,0,989,0,2026-09-19 06:12:31.8930000,42.115150,-121.286100
2497397,"Zornitz",703,57,"32U","32U2H3S2Q",2,2026-09-19 06:12:37.3730000,618,1034,0,2026-09-19 06:12:37.3730000,51.566670,11.766670
2496661,"Fienstedt",703,57,"32U","32U2H3S2Q",2,2026-09-19 06:12:47.6900000,0,1868,584,2026-09-19 06:12:47.6900000,51.550000,11.783330
2495880,"Wils",703,57,"32U","32U2H3S2Q",2,2026-09-19 06:12:52.0270000,0,732,0,2026-09-19 06:12:52.0270000,51.533330,11.783330
2495877,"Gorsleben",703,57,"32U","32U2H3S2Q",2,2026-09-19 06:12:55.3370000,0,870,0,2026-09-19 06:12:55.3370000,51.533330,11.750000
2495081,"Boltzenhohe",703,57,"32U","32U2H3S2Q",2,2026-09-19 06:13:02.1600000,0,1794,0,2026-09-19 06:13:02.1600000,51.516670,11.750000
1819684,"East Palo Alto",3567,233,"10S","10S1H5S2Q",1,2025-04-07 21:03:18.6170000,3601195,0,47679,2026-09-19 06:16:09.3000000,37.468830,-122.141080
2606981,"Grieve",709,57,"33U","33U1H4S1Q",3,2026-09-19 06:16:35.8070000,0,0,1046,2026-09-19 06:16:35.8070000,53.933330,12.483330
2290313,"Pestimre",1222,100,"34T","34T1H1S2Q",1,2010-01-01 00:00:00.0000000,421570,0,0,2026-09-19 06:16:39.2800000,47.400000,19.200000
2607950,"Walkendorf",709,57,"33U","33U1H4S1Q",3,2026-09-19 06:16:53.3830000,0,0,1042,2026-09-19 06:16:53.3830000,53.952150,12.551360
2061350,"Primavalle",1377,110,"33T","33T2H4S1Q",3,2015-10-09 07:58:17.3100000,0,0,2904127,2026-09-19 06:17:57.8900000,41.927730,12.416870
2295964,"Rainier Beach",3578,233,"10T","10T1H2S2Q",2,2013-03-18 17:54:53.1770000,0,1314648,0,2026-09-19 06:19:01.4900000,47.516770,-122.258180
2142905,"Beauzelle",951,75,"31T","31T2H1S2Q",2,2024-04-16 16:51:06.2730000,0,475632,0,2026-09-19 06:19:54.0070000,43.667130,1.375180
2483875,"Pirbright",979,77,"30U","30U2H3S2Q",3,2026-09-19 06:20:17.7100000,0,0,958,2026-09-19 06:20:17.7100000,51.283330,-0.633330
2484730,"Brookwood",979,77,"30U","30U2H3S2Q",3,2026-09-19 06:20:27.5130000,0,0,947,2026-09-19 06:20:27.5130000,51.300000,-0.633330
2280792,"Deitingen",510,43,"32T","32T1H1S2Q",1,2014-08-12 11:01:36.1100000,1014236,0,0,2026-09-19 06:20:58.0030000,47.216670,7.616670
2467015,"Bolney",979,77,"30U","30U2H3S4Q",3,2026-09-19 06:21:16.7200000,0,0,1150,2026-09-19 06:21:16.7200000,50.995340,-0.203030
2469757,"Staplefield",979,77,"30U","30U2H3S2Q",3,2026-09-19 06:21:24.6000000,0,0,1150,2026-09-19 06:21:24.6000000,51.038050,-0.181450
2464879,"Shermanbury",979,77,"30U","30U2H3S4Q",3,2026-09-19 06:21:35.8870000,0,0,1150,2026-09-19 06:21:35.8870000,50.960050,-0.285990
2468810,"Nuthurst",979,77,"30U","30U2H3S2Q",3,2026-09-19 06:21:41.4430000,0,0,1150,2026-09-19 06:21:41.4430000,51.022610,-0.300580
2469111,"Lower Beeding",979,77,"30U","30U2H3S2Q",3,2026-09-19 06:21:48.0930000,0,0,1150,2026-09-19 06:21:48.0930000,51.032650,-0.260150
2462972,"Ashurst",979,77,"30U","30U2H3S4Q",3,2026-09-19 06:22:07.4500000,0,0,1150,2026-09-19 06:22:07.4500000,50.932360,-0.323750
2464857,"Partridge Green",979,77,"30U","30U2H3S4Q",3,2026-09-19 06:22:16.9470000,0,0,1150,2026-09-19 06:22:16.9470000,50.959400,-0.307960
2468135,"Billingshurst",979,77,"30U","30U2H3S2Q",3,2026-09-19 06:22:36.9830000,0,0,1250,2026-09-19 06:22:36.9830000,51.016670,-0.450000
2299429,"Obereichsel",716,57,"32T","32T1H1S2Q",2,2024-11-06 20:42:17.3830000,0,15713,0,2026-09-19 06:22:58.6600000,47.600000,7.750000
2431346,"Turnchapel",979,77,"30U","30U2H1S4Q",2,2026-03-31 04:52:27.0670000,3117,111188,0,2026-09-19 06:23:43.4400000,50.350000,-4.116670
1630919,"Bouquet Junction",3567,233,"11S","11S2H1S4Q",1,2026-09-02 10:26:29.9700000,2159,0,0,2026-09-19 06:24:01.7270000,34.422770,-118.540640
2015400,"Adelfia",1371,110,"33T","33T2H6S1Q",1,2026-09-19 06:24:05.1770000,4145,0,0,2026-09-19 06:24:13.0430000,41.004230,16.871690
2015146,"Canneto di Bari",1371,110,"33T","33T2H6S3Q",1,2026-09-19 06:24:18.9130000,2840,0,0,2026-09-19 06:24:24.7670000,41.000000,16.883330
2608858,"Strietfeld",709,57,"33U","33U1H4S1Q",3,2026-09-19 06:24:32.5600000,0,0,1150,2026-09-19 06:24:32.5600000,53.976230,12.578830
2540892,"Netherton",979,77,"30U","30U1H5S4Q",2,2022-09-29 07:06:12.4630000,0,50153,0,2026-09-19 06:24:35.4330000,52.483330,-2.083330
2609148,"Woltow",709,57,"33U","33U1H4S1Q",2,2016-01-19 07:48:34.3200000,0,7493,0,2026-09-19 06:24:39.5830000,53.983330,12.533330
2610933,"Behren-Lubchin",709,57,"33U","33U1H1S3Q",3,2026-09-19 06:24:50.5170000,0,137,1043,2026-09-19 06:24:50.5170000,54.028900,12.664830
2612301,"Nutschow",709,57,"33U","33U1H1S3Q",3,2026-09-19 06:24:57.2030000,0,0,1042,2026-09-19 06:24:57.2030000,54.061910,12.696330
2012616,"Casamassima",1371,110,"33T","33T2H6S3Q",1,2026-09-19 06:25:08.2800000,1250,42,0,2026-09-19 06:25:08.2800000,40.957130,16.920390
1983326,"Puente-Viveros",904,68,"30T","30T2H5S3Q",1,2015-05-17 15:56:24.8700000,1242516,0,0,2026-09-19 06:26:38.0470000,40.450000,-3.533330
1983327,"Torrejon de Ardoz",904,68,"30T","30T2H5S3Q",1,2012-11-03 09:00:31.6900000,1265214,0,0,2026-09-19 06:26:44.1670000,40.450000,-3.483330
2298026,"Greggenhofen",715,57,"32T","32T1H3S1Q",3,2024-10-02 16:00:33.9500000,0,0,20803,2026-09-19 06:26:45.4600000,47.566670,10.266670
1984130,"Quintana",904,68,"30T","30T2H5S3Q",1,2014-03-03 12:51:06.7570000,1219419,0,0,2026-09-19 06:26:48.7430000,40.466670,-3.516670
1982561,"San Fernando de Henares",904,68,"30T","30T2H5S3Q",1,2013-05-18 08:18:21.0400000,1113829,0,0,2026-09-19 06:26:53.7800000,40.433330,-3.533330
1984508,"Barajas de Madrid",904,68,"30T","30T2H5S3Q",1,2013-06-23 06:33:44.3770000,1556344,0,0,2026-09-19 06:26:59.5430000,40.473660,-3.577770
1983325,"La Alameda de Osuna",904,68,"30T","30T2H5S3Q",1,2013-07-08 10:53:29.3370000,1594012,0,0,2026-09-19 06:27:05.8900000,40.450000,-3.583330
2611696,"Breesen",709,57,"33U","33U1H1S3Q",3,2026-09-19 06:27:13.0500000,0,137,1044,2026-09-19 06:27:13.0500000,54.047550,12.690670
1982560,"Coslada",904,68,"30T","30T2H5S3Q",1,2013-02-08 05:27:30.8230000,1488844,0,0,2026-09-19 06:27:13.2030000,40.433330,-3.566670
1981794,"Ambroz",904,68,"30T","30T2H5S3Q",1,2013-02-20 13:04:44.6400000,1696751,0,0,2026-09-19 06:27:20.6570000,40.416670,-3.583330
1980946,"Vicalvaro",904,68,"30T","30T2H5S3Q",1,2013-02-19 18:29:13.6530000,1556019,0,0,2026-09-19 06:27:29.8330000,40.400000,-3.600000
2605640,"Jahmen",709,57,"33U","33U1H4S1Q",2,2017-09-24 13:53:22.7730000,0,3390,0,2026-09-19 06:29:22.3900000,53.900000,12.433330
2577695,"Chesterfield",979,77,"30U","30U1H6S1Q",3,2024-05-29 07:59:34.9800000,0,0,723350,2026-09-19 06:30:12.3430000,53.250000,-1.416670
2493522,"Kochstedt",703,57,"32U","32U2H3S2Q",2,2026-09-19 06:30:24.4770000,0,1054,175,2026-09-19 06:30:24.4770000,51.483330,11.800000
2493523,"Bennstedt",703,57,"32U","32U2H3S2Q",2,2026-09-19 06:30:30.2030000,0,965,0,2026-09-19 06:30:30.2030000,51.483330,11.833330
2492739,"Zscherben",703,57,"32U","32U2H3S2Q",2,2026-09-19 06:30:34.1700000,0,691,0,2026-09-19 06:30:34.1700000,51.466670,11.866670
2494306,"Lieskau",703,57,"32U","32U2H3S2Q",2,2026-09-19 06:30:37.8600000,0,1105,0,2026-09-19 06:30:37.8630000,51.500000,11.866670
2495085,"Dolau",703,57,"32U","32U2H3S2Q",2,2026-09-19 06:30:40.6870000,0,1121,0,2026-09-19 06:30:40.6870000,51.516670,11.883330
2495886,"Franzigmark",703,57,"32U","32U2H3S2Q",2,2026-09-19 06:30:46.4230000,0,2161,0,2026-09-19 06:31:03.6900000,51.533330,11.916670
2473609,"Wroclaw",2445,180,"33U","33U2H3S2Q",1,2016-02-08 20:40:44.9630000,422710868,0,0,2026-09-19 06:31:37.6770000,51.100000,17.033330
2315039,"La Vaivre",957,75,"32T","32T1H1S1Q",1,2018-06-24 18:04:20.9200000,100634,0,0,2026-09-19 06:32:12.1970000,47.916670,6.366670
2670634,"Mazilovo",2670,192,"37U","37U1H1S2Q",2,2019-04-08 13:37:02.2230000,0,1601763,0,2026-09-19 06:34:35.5070000,55.733330,37.483330
2670969,"Fili",2670,192,"37U","37U1H1S2Q",2,2022-05-06 10:04:14.2370000,0,1667181,0,2026-09-19 06:34:44.9130000,55.748190,37.479680
2666202,"Pokrovskiye Vyselki",2670,192,"37U","37U1H1S2Q",2,2022-09-15 18:03:47.9270000,0,3386859,0,2026-09-19 06:35:26.3070000,55.600000,37.600000
2667056,"Chertanovo",2670,192,"37U","37U1H1S2Q",2,2019-12-27 06:08:03.3770000,0,1869899,0,2026-09-19 06:35:43.8970000,55.630160,37.604520
2668117,"Kotlovka",2670,192,"37U","37U1H1S2Q",2,2022-11-18 05:12:42.9300000,0,1719592,0,2026-09-19 06:35:53.7970000,55.659280,37.604040
2668963,"Nizhniye Kotly",2670,192,"37U","37U1H1S2Q",2,2022-11-25 17:42:42.0400000,0,1664236,0,2026-09-19 06:36:03.8500000,55.683330,37.616670
2664749,"Zhabkino",2671,192,"37U","37U1H1S2Q",2,2022-11-23 10:23:24.4900000,0,1431841,0,2026-09-19 06:37:05.1270000,55.556940,37.625560
2663675,"Lopatino",2671,192,"37U","37U1H1S2Q",2,2024-02-16 10:10:47.1330000,0,101567,0,2026-09-19 06:37:35.2570000,55.527990,37.646660
2794436,"Partiala",2675,192,"35V","35V1H6S3Q",3,2022-04-17 06:22:55.1070000,0,0,4789,2026-09-19 06:38:45.0600000,60.333330,28.516670
2795227,"Kiurulakhti",2675,192,"35V","35V1H6S3Q",3,2022-06-11 12:04:09.1230000,0,0,2250,2026-09-19 06:39:09.3370000,60.383330,28.500000
2796108,"Veprevo",2675,192,"35V","35V1H6S3Q",3,2022-04-17 06:48:16.7070000,0,0,2328,2026-09-19 06:39:20.9030000,60.433330,28.483330
2298025,"Rauhenzell",715,57,"32T","32T1H3S1Q",3,2024-10-02 16:30:03.3730000,0,0,23303,2026-09-19 06:40:25.6500000,47.566670,10.250000
2663547,"Sukhanovo",2671,192,"37U","37U1H1S2Q",2,2023-10-29 17:25:50.8630000,0,97171,0,2026-09-19 06:41:07.4030000,55.519720,37.655830
2663654,"Petrushino",2671,192,"37U","37U1H1S2Q",2,2024-02-16 08:22:54.6230000,0,86977,0,2026-09-19 06:41:33.8670000,55.526960,37.693400
2635718,"Jordanstown",978,77,"30U","30U1H1S3Q",1,2024-11-21 23:13:17.7500000,115578,0,0,2026-09-19 06:41:39.0800000,54.683330,-5.900000
2636292,"Greenisland",978,77,"30U","30U1H1S3Q",1,2024-12-02 07:19:35.7230000,109308,0,0,2026-09-19 06:41:44.4500000,54.700000,-5.866670
9959,"Port Adelaide",138,13,"54H","54H1H4S1Q",2,2023-10-25 11:53:25.8530000,0,2000623,0,2026-09-19 06:43:10.2270000,-34.850000,138.466670
2540124,"Delph",979,77,"30U","30U1H5S4Q",2,2026-07-25 19:46:30.2200000,0,33850,0,2026-09-19 06:52:20.8900000,52.466670,-2.116670
2502856,"Hasselfelde",703,57,"32U","32U2H3S1Q",2,2026-09-17 16:41:49.7670000,0,58878,0,2026-09-19 06:53:30.4230000,51.683330,10.850000
2551143,"Chilcote",979,77,"30U","30U1H6S3Q",2,2026-09-19 06:53:37.1070000,0,1150,0,2026-09-19 06:53:37.1070000,52.700310,-1.576190
2536215,"Catthorpe",979,77,"30U","30U1H6S3Q",2,2026-09-19 06:53:43.7070000,0,1150,0,2026-09-19 06:53:43.7070000,52.383330,-1.183330
2531458,"Warwick",979,77,"30U","30U1H6S3Q",2,2026-09-19 06:53:52.9400000,0,1150,0,2026-09-19 06:53:52.9400000,52.283330,-1.583330
2535445,"Dorridge",979,77,"30U","30U1H6S3Q",2,2026-09-19 06:53:59.5130000,0,1150,0,2026-09-19 06:53:59.5130000,52.366670,-1.750000
2539049,"Bickenhill",979,77,"30U","30U1H6S3Q",2,2026-09-19 06:54:04.9330000,0,1150,0,2026-09-19 06:54:04.9330000,52.439740,-1.725450
31144,"Tarragindi",142,13,"56J","56J1H5S4Q",1,2026-07-30 09:19:31.5430000,3132,0,0,2026-09-19 06:54:09.6430000,-27.533330,153.033330
2540799,"Chelmsley Wood",979,77,"30U","30U1H6S3Q",2,2026-09-19 06:54:11.1530000,0,1150,0,2026-09-19 06:54:11.1530000,52.480530,-1.725800
31203,"Fairfield",142,13,"56J","56J1H5S4Q",1,2026-07-30 09:32:51.6130000,3158,0,0,2026-09-19 06:54:12.7300000,-27.506440,153.024790
31192,"Ekibin",142,13,"56J","56J1H5S4Q",1,2026-07-30 09:19:52.7430000,1978,0,0,2026-09-19 06:54:15.4900000,-27.516670,153.033330
31256,"Highgate Hill",142,13,"56J","56J1H5S4Q",1,2026-08-22 09:23:37.2930000,3203,0,0,2026-09-19 06:54:19.7830000,-27.489120,153.018780
31258,"Hill End",142,13,"56J","56J1H5S4Q",1,2026-06-29 06:11:35.0470000,2274,0,0,2026-09-19 06:54:23.0830000,-27.486990,153.006080
31300,"South Brisbane",142,13,"56J","56J1H5S4Q",1,2026-06-04 23:05:55.0630000,3902,0,0,2026-09-19 06:54:29.2100000,-27.483330,153.016670
31312,"West End",142,13,"56J","56J1H5S4Q",1,2026-06-04 23:06:01.7170000,3027,0,0,2026-09-19 06:54:33.8000000,-27.479230,153.009600
31316,"South Bank",142,13,"56J","56J1H5S4Q",1,2026-07-08 10:36:19.2270000,1476,0,0,2026-09-19 06:54:36.3170000,-27.477660,153.021100
30745,"Kingston",142,13,"56J","56J1H5S4Q",2,2023-04-05 08:52:01.0300000,2068,5063426,0,2026-09-19 06:54:56.2970000,-27.666670,153.116670
2539332,"Tyseley",979,77,"30U","30U1H6S3Q",2,2026-09-19 06:55:05.8600000,0,1150,0,2026-09-19 06:55:05.8600000,52.450000,-1.833330
2543188,"Lea Marston",979,77,"30U","30U1H6S3Q",2,2026-09-19 06:55:11.1730000,0,1150,0,2026-09-19 06:55:11.1730000,52.533330,-1.700000
2543945,"Elmesthorpe",979,77,"30U","30U1H6S3Q",2,2026-09-19 06:55:16.9200000,0,1150,0,2026-09-19 06:55:16.9200000,52.550000,-1.300000
2308359,"Sainte-Marie-en-Chaux",957,75,"32T","32T1H1S1Q",1,2015-09-06 19:48:53.0270000,100373,0,0,2026-09-19 06:59:29.5070000,47.783330,6.316670
2492008,"Unterteutschenthal",703,57,"32U","32U2H3S2Q",2,2026-09-19 06:59:52.3230000,0,1007,0,2026-09-19 06:59:52.3230000,51.450000,11.816670
2492738,"Eisdorf",703,57,"32U","32U2H3S2Q",2,2026-09-19 07:00:06.7130000,0,938,0,2026-09-19 07:00:06.7130000,51.466670,11.816670
2492737,"Schachtberg",703,57,"32U","32U2H3S2Q",2,2026-09-19 07:00:15.4700000,0,1976,131,2026-09-19 07:00:15.4700000,51.466670,11.766670
2492736,"Wansleben",703,57,"32U","32U2H3S2Q",2,2026-09-19 07:00:20.9000000,0,653,0,2026-09-19 07:00:20.9000000,51.466670,11.750000
2335180,"Niederbach",716,57,"32U","32U2H5S3Q",2,2026-09-19 06:28:38.0800000,0,15180,0,2026-09-19 07:00:33.3000000,48.300000,8.033330
2298024,"Bauhof",715,57,"32T","32T1H3S1Q",3,2024-10-02 16:30:20.5630000,0,0,20798,2026-09-19 07:00:33.8230000,47.566670,10.233330
2546968,"Bloxwich",979,77,"30U","30U1H6S3Q",2,2025-08-30 20:28:23.5500000,0,51129,0,2026-09-19 07:06:13.3200000,52.616670,-2.000000
2551621,"Lapley",979,77,"30U","30U1H5S4Q",2,2026-01-14 02:35:55.8730000,0,50568,0,2026-09-19 07:06:40.2430000,52.716670,-2.200000
2807445,"Pyynikki",3834,70,"34V","34V1H6S2Q",3,2016-04-01 13:41:56.2800000,0,0,26127265,2026-09-19 07:07:04.1400000,61.492230,23.723860
31086,"Oxley",142,13,"56J","56J1H5S3Q",1,2026-07-30 09:19:24.7500000,1395,0,0,2026-09-19 07:09:47.9600000,-27.550000,152.983330
30987,"Moggill",142,13,"56J","56J1H5S3Q",1,2026-08-31 06:01:30.0430000,2272,0,0,2026-09-19 07:09:54.3700000,-27.583330,152.866670
30927,"Redbank",142,13,"56J","56J1H5S3Q",1,2026-04-30 09:52:07.0030000,2684,0,0,2026-09-19 07:10:02.4500000,-27.600000,152.866670
30926,"Riverview",142,13,"56J","56J1H5S3Q",1,2026-04-29 18:55:02.6200000,2794,0,0,2026-09-19 07:10:42.9570000,-27.600000,152.850000
30925,"Dinmore",142,13,"56J","56J1H5S3Q",1,2026-04-29 18:55:06.1200000,2714,0,0,2026-09-19 07:10:47.9270000,-27.600000,152.833330
30924,"Ebbw Vale",142,13,"56J","56J1H5S3Q",1,2026-04-29 18:55:12.1930000,2714,0,0,2026-09-19 07:10:51.8800000,-27.600000,152.816670
30870,"Bundamba",142,13,"56J","56J1H5S3Q",1,2026-06-07 21:22:20.8030000,2464,0,0,2026-09-19 07:10:55.0830000,-27.616670,152.800000
31040,"Abermain",142,13,"56J","56J1H5S3Q",1,2026-06-07 21:22:23.5900000,2461,0,0,2026-09-19 07:11:22.5900000,-27.566670,152.783330
2513539,"Capelle-West",2265,167,"31U","31U2H3S1Q",2,2026-09-19 07:14:20.3800000,0,635,0,2026-09-19 07:14:20.3800000,51.916670,4.566670
2514235,"Schenkel",2265,167,"31U","31U2H3S1Q",2,2026-09-19 07:14:27.4000000,0,765,0,2026-09-19 07:14:27.4000000,51.932170,4.566240
2514163,"Capelle aan den IJssel",2265,167,"31U","31U2H3S1Q",2,2026-09-19 07:14:32.5700000,0,870,0,2026-09-19 07:14:32.5700000,51.929170,4.577780
2514156,"Capelle-Oostgaarde",2265,167,"31U","31U2H3S1Q",2,2026-09-19 07:14:36.2200000,0,1375,0,2026-09-19 07:14:36.2200000,51.928890,4.601170
2514807,"Prins Alexanderpolder",2265,167,"31U","31U2H3S1Q",2,2020-05-04 16:25:16.8300000,0,101145,0,2026-09-19 07:14:57.4430000,51.939560,4.544480
2515921,"Ommoord",2265,167,"31U","31U2H3S1Q",2,2020-09-25 21:03:14.7200000,0,736503,0,2026-09-19 07:15:12.8000000,51.966670,4.550000
2449437,"Goslawice",2448,180,"33U","33U2H3S4Q",2,2019-01-02 08:40:06.3000000,0,5807443,0,2026-09-19 07:17:44.0900000,50.694040,17.954290
2298023,"Immenstadt im Allgau",715,57,"32T","32T1H3S1Q",3,2024-10-02 17:08:29.1600000,0,0,20752,2026-09-19 07:23:02.7300000,47.566670,10.216670
2216355,"Orient",3576,233,"10T","10T1H5S2Q",3,2024-01-14 22:59:25.9430000,0,0,5018924,2026-09-19 07:24:55.2830000,45.467340,-122.352590
2469152,"Rake",979,77,"30U","30U2H3S2Q",3,2026-09-19 07:25:18.1770000,0,0,975,2026-09-19 07:25:18.1770000,51.033330,-0.850000
2475960,"Churt",979,77,"30U","30U2H3S2Q",3,2026-09-19 07:25:54.4400000,0,0,947,2026-09-19 07:25:54.4400000,51.139720,-0.776600
138459,"Acota",2383,175,"19L","19L2H4S1Q",1,2026-09-19 07:26:02.8870000,1011,0,0,2026-09-19 07:26:02.8870000,-14.282780,-71.234170
2475266,"Thursley",979,77,"30U","30U2H3S2Q",2,2024-05-23 06:29:10.7700000,0,1250,851,2026-09-19 07:26:03.6630000,51.133330,-0.716670
2478273,"Godalming",979,77,"30U","30U2H3S2Q",3,2026-09-19 07:26:22.4200000,0,0,1663,2026-09-19 07:26:30.1970000,51.183330,-0.600000
2550838,"Stretton",979,77,"30U","30U1H5S4Q",2,2025-08-31 15:04:37.6070000,0,50156,0,2026-09-19 07:26:40.7930000,52.700000,-2.166670
2469151,"Liss",979,77,"30U","30U2H3S2Q",3,2026-09-19 07:26:54.1300000,167,0,944,2026-09-19 07:26:54.1300000,51.033330,-0.900000
2470138,"Greatham",979,77,"30U","30U2H3S2Q",3,2026-09-19 07:27:17.2500000,0,0,976,2026-09-19 07:27:17.2530000,51.050000,-0.900000
2453084,"Roclenge-sur-Geer",255,20,"31U","31U2H3S4Q",1,2026-06-07 16:40:23.2970000,102496,0,0,2026-09-19 07:28:27.4770000,50.755800,5.596040
803211,"Ban Phu Bon",3167,218,"47P","47P1H5S4Q",2,2026-09-19 07:44:19.0070000,0,1150,0,2026-09-19 07:44:19.0070000,12.983330,99.650000
2298021,"Hub",715,57,"32T","32T1H3S1Q",3,2024-10-02 10:40:12.8400000,0,0,20912,2026-09-19 07:44:24.3930000,47.566670,10.200000
799773,"Ban Khao Dok Mai",3167,218,"47P","47P1H5S4Q",2,2026-09-19 07:44:29.1270000,0,1150,0,2026-09-19 07:44:29.1270000,12.883330,99.566670
2313399,"Fougerolles",957,75,"32T","32T1H1S1Q",1,2019-10-28 22:22:52.2500000,990572,0,0,2026-09-19 07:45:51.7130000,47.883330,6.400000
2106674,"Alos",951,75,"31T","31T2H1S4Q",2,2026-09-19 07:49:07.2430000,0,1778,0,2026-09-19 07:49:07.2430000,42.916670,1.150000
2104979,"Bonac-Irazein",951,75,"31T","31T2H1S3Q",2,2026-09-19 07:49:25.5970000,0,1843,0,2026-09-19 07:49:25.5970000,42.883330,0.966670
31094,"Mount Crosby",142,13,"56J","56J1H5S3Q",1,2026-01-11 01:39:41.0000000,2692,0,0,2026-09-19 07:49:33.5830000,-27.539480,152.805830
31568,"Camp Mountain",142,13,"56J","56J1H5S3Q",1,2026-06-22 04:14:35.2970000,2284,0,0,2026-09-19 07:49:48.4400000,-27.400000,152.883330
31670,"Samford",142,13,"56J","56J1H5S3Q",1,2026-06-22 04:14:32.4900000,2278,0,0,2026-09-19 07:49:52.3230000,-27.366670,152.883330
31775,"Closeburn",142,13,"56J","56J1H5S3Q",1,2026-04-16 05:29:04.2230000,3022,0,0,2026-09-19 07:49:55.7300000,-27.333330,152.833330
31879,"Mount Samson",142,13,"56J","56J1H5S3Q",1,2026-06-22 04:14:38.2270000,2280,0,0,2026-09-19 07:49:58.5870000,-27.300000,152.850000
31970,"Samson Vale",142,13,"56J","56J1H5S3Q",1,2026-06-22 04:14:41.9570000,2273,0,0,2026-09-19 07:50:00.9700000,-27.266670,152.850000
32024,"Kobble",142,13,"56J","56J1H5S3Q",1,2026-04-16 05:29:25.6530000,2353,0,0,2026-09-19 07:50:04.5370000,-27.250000,152.833330
32116,"Armstrong Creek",142,13,"56J","56J1H5S3Q",1,2026-06-24 01:59:48.0830000,2260,0,0,2026-09-19 07:50:11.0770000,-27.216670,152.833330
1759188,"Gonzales",3567,233,"10S","10S1H6S3Q",1,2026-09-16 03:11:28.2330000,505953,0,0,2026-09-19 07:58:47.2230000,36.506630,-121.444380
2593189,"Clogherstown",1260,102,"29U","29U1H6S2Q",3,,0,47178,132820,2026-09-19 08:02:02.2370000,53.592500,-6.363330
2491233,"Kolonie Etzdorf",703,57,"32U","32U2H3S2Q",2,2026-09-19 07:00:47.5430000,0,2902,894,2026-09-19 08:04:09.7700000,51.433330,11.733330
2490478,"Dornstedt",703,57,"32U","32U2H3S2Q",2,2026-09-19 08:04:17.5100000,0,750,0,2026-09-19 08:04:17.5100000,51.416670,11.750000
2490475,"Oberesperstedt",703,57,"32U","32U2H3S2Q",2,2026-09-19 08:04:30.3470000,0,1963,381,2026-09-19 08:04:30.3470000,51.416670,11.666670
2491229,"Schraplau",703,57,"32U","32U2H3S2Q",2,2026-09-19 08:04:34.6300000,0,617,0,2026-09-19 08:04:34.6330000,51.433330,11.666670
2491228,"Schaafsee",703,57,"32U","32U2H3S2Q",2,2026-09-19 08:04:39.9630000,0,663,0,2026-09-19 08:04:39.9630000,51.433330,11.650000
2491230,"Esperstedt",703,57,"32U","32U2H3S2Q",2,2026-09-19 08:04:47.2930000,169,1313,0,2026-09-19 08:04:47.2930000,51.433330,11.683330
2535592,"Spreeau",713,57,"33U","33U1H4S4Q",2,2026-09-19 08:05:19.9470000,0,1250,0,2026-09-19 08:05:19.9470000,52.366670,13.833330
2298020,"Buhl am Alpsee",715,57,"32T","32T1H3S1Q",3,2024-10-02 18:31:58.0430000,0,0,20778,2026-09-19 08:06:09.1100000,47.566670,10.183330
2809412,"Lepparuhka",929,70,"34V","34V1H6S1Q",3,2026-09-19 05:52:25.6430000,3977,0,88865,2026-09-19 08:06:21.5330000,61.750000,22.200000
2675386,"Makarikha",2690,192,"38U","38U1H1S2Q",1,2026-09-19 08:07:20.4830000,796,0,0,2026-09-19 08:07:20.4830000,55.880000,43.550000
2502067,"Benneckenstein",703,57,"32U","32U2H3S1Q",2,2026-09-19 08:07:28.2930000,171,1569,12,2026-09-19 08:07:28.2930000,51.666670,10.716670
2676015,"Khvoshchevka",2690,192,"38U","38U1H1S2Q",1,2026-09-19 08:07:30.3600000,796,0,0,2026-09-19 08:07:30.3600000,55.898610,43.553610
2501280,"Waldschlosschen",701,57,"32U","32U2H3S1Q",2,2026-09-19 08:07:33.5300000,0,757,0,2026-09-19 08:07:33.5300000,51.650000,10.716670
2676276,"Sokhtanka",2690,192,"38U","38U1H1S2Q",1,2026-09-19 08:07:35.1730000,796,0,0,2026-09-19 08:07:35.1730000,55.900000,43.550000
2501279,"Waldhaus",701,57,"32U","32U2H3S1Q",2,2026-09-19 08:07:41.5700000,0,933,0,2026-09-19 08:07:41.5700000,51.650000,10.700000
2501864,"Hohegeiss",708,57,"32U","32U2H3S1Q",2,2026-09-19 08:07:50.0730000,0,1396,542,2026-09-19 08:07:50.0730000,51.664140,10.668330
2500483,"Rothesutte",701,57,"32U","32U2H3S1Q",2,2026-09-19 08:07:57.9170000,112,955,0,2026-09-19 08:07:57.9170000,51.633330,10.716670
2497895,"Appenrode",701,57,"32U","32U2H3S1Q",2,2026-09-19 08:08:31.2600000,0,1150,0,2026-09-19 08:08:31.2600000,51.578780,10.733810
2362657,"Invalides",955,75,"31U","31U2H5S3Q",2,2026-09-14 18:41:14.5800000,0,1041489,0,2026-09-19 08:08:37.8000000,48.856750,2.306100
2473208,"Upper Farringdon",979,77,"30U","30U2H3S2Q",3,2026-09-19 08:10:48.6070000,0,104,965,2026-09-19 08:10:48.6070000,51.100000,-0.983330
2624006,"Sierakowice",2449,180,"33U","33U1H3S4Q",2,2017-06-18 19:30:17.0170000,0,148703,0,2026-09-19 08:11:53.2300000,54.346100,17.892520
2418441,"Krupchany",3439,230,"36U","36U2H3S4Q",1,2013-12-18 17:21:33.6400000,417510,0,0,2026-09-19 08:12:18.7900000,50.074170,35.815000
2419233,"Sazono-Balanovka",3439,230,"36U","36U2H3S4Q",1,2013-12-18 16:15:04.7930000,417540,0,0,2026-09-19 08:12:23.2030000,50.090830,35.826110
2419020,"Zin'kovskiy",3439,230,"36U","36U2H3S4Q",1,2013-12-18 16:16:22.0870000,417533,0,0,2026-09-19 08:12:29.5900000,50.083330,35.866670
2420648,"Malaya Rogozyanka",3439,230,"36U","36U2H3S4Q",1,2013-12-15 21:51:01.1830000,417525,0,0,2026-09-19 08:12:34.1100000,50.117780,35.913890
2421429,"Fes'ki",3439,230,"36U","36U2H3S4Q",1,2013-12-15 21:44:25.1270000,417537,0,0,2026-09-19 08:12:38.5430000,50.135000,35.952780
2423043,"Natyanskiy",3439,230,"36U","36U2H3S4Q",1,2013-12-15 21:43:34.2700000,417513,0,0,2026-09-19 08:12:44.4800000,50.169170,35.983610
2424542,"Dolzhik",3439,230,"36U","36U2H3S4Q",1,2013-12-18 12:19:41.4500000,417542,0,0,2026-09-19 08:12:59.0070000,50.200830,35.961670
2424705,"Makarkha",3439,230,"36U","36U2H3S4Q",1,2013-12-15 21:32:34.3070000,417548,0,0,2026-09-19 08:13:03.5470000,50.208610,35.994720
2808447,"Lassila",929,70,"34V","34V1H6S1Q",1,2017-03-07 08:58:54.2770000,152405,0,3220,2026-09-19 08:17:29.7670000,61.616670,22.250000
12804,"Hunters Hill",143,13,"56H","56H1H1S4Q",3,2026-08-15 22:56:40.1500000,0,0,1500327,2026-09-19 08:17:30.7930000,-33.833330,151.140830
2546236,"Oadby",979,77,"30U","30U1H6S3Q",2,2026-09-19 08:18:17.5370000,0,1150,0,2026-09-19 08:18:17.5400000,52.600000,-1.083330
2548479,"Belgrave",979,77,"30U","30U1H6S3Q",2,2026-09-19 08:18:22.7330000,0,1150,0,2026-09-19 08:18:22.7330000,52.650000,-1.116670
2530327,"Wolverton",979,77,"30U","30U1H6S3Q",2,2026-09-19 08:18:35.0200000,0,1150,0,2026-09-19 08:18:35.0200000,52.258280,-1.698590
2556961,"Newton Solney",979,77,"30U","30U1H6S3Q",2,2026-09-19 08:19:03.5630000,0,1150,0,2026-09-19 08:19:03.5630000,52.828800,-1.582890
2557113,"Repton",979,77,"30U","30U1H6S3Q",2,2026-09-19 08:19:09.0100000,0,1150,0,2026-09-19 08:19:09.0100000,52.833330,-1.550000
2636834,"Carrickfergus",978,77,"30U","30U1H1S3Q",1,2025-05-08 12:02:51.4830000,113522,0,0,2026-09-19 08:19:17.8500000,54.715800,-5.805800
2559505,"Toton",979,77,"30U","30U1H6S3Q",2,2026-09-19 08:19:18.5470000,0,1150,0,2026-09-19 08:19:18.5470000,52.883330,-1.250000
2637257,"Eden",978,77,"30U","30U1H1S3Q",1,2024-11-18 09:13:08.4500000,111022,0,0,2026-09-19 08:19:20.9600000,54.724900,-5.772500
2637326,"Kilroot",978,77,"30U","30U1H1S3Q",1,2024-11-19 23:38:55.4370000,110587,0,0,2026-09-19 08:19:24.5400000,54.728000,-5.756000
2637421,"Bellahill",978,77,"30U","30U1H1S3Q",1,2024-11-18 09:13:14.5430000,109339,0,0,2026-09-19 08:19:27.7400000,54.733330,-5.750000
2301556,"Broadmoor",3578,233,"10T","10T1H2S2Q",1,2020-03-04 09:13:06.5130000,4014006,0,0,2026-09-19 08:21:10.3770000,47.633430,-122.289570
2552343,"Linton",979,77,"30U","30U1H6S3Q",2,2026-09-19 08:21:43.2400000,0,1150,0,2026-09-19 08:21:43.2400000,52.733330,-1.583330
2536211,"Tile Hill",979,77,"30U","30U1H6S3Q",2,2026-09-19 08:22:04.0070000,0,1150,0,2026-09-19 08:22:04.0070000,52.383330,-1.583330
2529735,"Southam",979,77,"30U","30U1H6S3Q",2,2026-09-19 08:22:16.5930000,0,1153,0,2026-09-19 08:22:16.5930000,52.250000,-1.383330
2233541,"Saint-Calixte",459,38,"18T","18T1H6S1Q",1,2026-06-08 11:58:53.4070000,400982,0,0,2026-09-19 08:22:40.4970000,45.950080,-73.849190
2637420,"Woodburn",978,77,"30U","30U1H1S3Q",1,2025-05-08 12:02:56.4700000,106002,0,0,2026-09-19 08:29:17.3900000,54.733330,-5.833330
2638006,"Straid",978,77,"30U","30U1H1S3Q",1,2024-12-02 07:19:43.7270000,104339,0,0,2026-09-19 08:29:24.6130000,54.750000,-5.933330
2298019,"Gschwend",715,57,"32T","32T1H3S1Q",3,2024-10-03 01:41:09.8830000,0,0,20779,2026-09-19 08:29:38.8530000,47.566670,10.166670
2065961,"Verrecchie",1382,110,"33T","33T2H1S4Q",1,2026-09-12 22:57:30.8000000,92232,0,0,2026-09-19 08:32:22.8630000,42.033330,13.233330
2013341,"Caddebostan",3348,225,"35T","35T2H6S4Q",2,2026-09-19 08:32:33.5470000,0,10000,0,2026-09-19 08:32:39.1070000,40.966870,29.065790
2112660,"Allieres",951,75,"31T","31T2H1S2Q",3,2026-09-19 08:34:42.2700000,0,0,999,2026-09-19 08:34:42.2700000,43.033330,1.350000
2112661,"Suzan",951,75,"31T","31T2H1S2Q",3,2026-09-19 08:35:03.2170000,0,0,1003,2026-09-19 08:35:03.2170000,43.033330,1.433330
2113542,"Aigues-Juntes",951,75,"31T","31T2H1S2Q",3,2026-09-19 08:35:14.3600000,0,0,1005,2026-09-19 08:35:14.3600000,43.050000,1.466670
2114385,"Montegut-Plantaurel",951,75,"31T","31T2H1S2Q",3,2026-09-19 08:35:26.7730000,0,0,1006,2026-09-19 08:35:26.7730000,43.066670,1.500000
2113543,"Cazaux",951,75,"31T","31T2H1S2Q",3,2026-09-19 08:35:45.9170000,0,0,816,2026-09-19 08:35:45.9170000,43.050000,1.516670
2112662,"Loubens",951,75,"31T","31T2H1S2Q",3,2026-09-19 08:36:07.8970000,0,0,1008,2026-09-19 08:36:07.8970000,43.033330,1.550000
2113546,"Saint-Felix-de-Rieutord",951,75,"31T","31T2H1S2Q",3,2026-09-19 08:36:18.4500000,0,0,1012,2026-09-19 08:36:18.4500000,43.050000,1.666670
2112665,"Segura",951,75,"31T","31T2H1S2Q",3,2026-09-19 08:36:32.2770000,0,0,1012,2026-09-19 08:36:32.2770000,43.033330,1.683330
2110943,"Montels",951,75,"31T","31T2H1S4Q",3,2026-09-19 08:36:50.2100000,0,0,998,2026-09-19 08:36:50.2100000,43.000000,1.466670
12857,"Lane Cove",143,13,"56H","56H1H1S4Q",2,2026-09-15 04:55:14.7530000,0,3067713,0,2026-09-19 08:36:59.5000000,-33.816670,151.166670
2098598,"Grand Ledge",3557,233,"16T","16T2H3S4Q",1,2017-04-21 07:51:41.1430000,3012376,0,0,2026-09-19 08:40:16.5170000,42.753370,-84.746380
2158512,"Tuapse",2678,192,"37T","37T1H5S4Q",2,2021-03-09 15:07:34.9270000,0,13829,0,2026-09-19 08:42:05.1670000,44.100650,39.074860
2090006,"West Bloomfield Township",3557,233,"17T","17T2H1S3Q",1,2014-09-27 05:26:32.1330000,3002134,0,0,2026-09-19 08:43:48.7400000,42.568910,-83.383560
2090520,"Orchard Lake",3557,233,"17T","17T2H1S3Q",1,2022-01-18 05:31:57.1900000,1558672,0,0,2026-09-19 08:43:54.2930000,42.583090,-83.359380
2091800,"Keego Harbor",3557,233,"17T","17T2H1S3Q",1,2022-06-08 01:23:07.8630000,1662080,0,0,2026-09-19 08:43:58.9700000,42.608090,-83.343820
2091907,"Sylvan Lake",3557,233,"17T","17T2H1S3Q",1,2014-06-30 11:22:26.4330000,2922078,0,0,2026-09-19 08:44:03.8900000,42.611420,-83.328550
2093210,"Pontiac",3557,233,"17T","17T2H1S3Q",1,2014-08-15 15:42:15.7700000,9457567,0,0,2026-09-19 08:44:10.7870000,42.638920,-83.291050
2094142,"Waterford",3557,233,"17T","17T2H1S3Q",1,2014-08-18 10:11:17.4130000,3001705,0,0,2026-09-19 08:44:29.8600000,42.660260,-83.387070
2530585,"Stockton",979,77,"30U","30U1H6S3Q",2,2026-09-19 08:44:32.1700000,0,1153,0,2026-09-19 08:44:32.1700000,52.266670,-1.350000
2095360,"Drayton Plains",3557,233,"17T","17T2H1S3Q",1,2014-06-26 10:40:51.8200000,3012009,0,0,2026-09-19 08:44:33.9170000,42.684200,-83.377160
2095565,"Clintonville",3557,233,"17T","17T2H1S3Q",1,2014-06-24 17:03:59.6170000,3001388,0,0,2026-09-19 08:44:40.6400000,42.690310,-83.356050
2531462,"Broadwell",979,77,"30U","30U1H6S3Q",2,2026-09-19 08:44:40.8600000,0,1153,0,2026-09-19 08:44:40.8600000,52.283330,-1.333330
2532414,"Neuemuhle",713,57,"33U","33U1H4S4Q",2,2026-09-19 08:44:37.2630000,0,4816,0,2026-09-19 08:44:42.8600000,52.300000,13.666670
2095845,"Lake Angelus",3557,233,"17T","17T2H1S3Q",1,2015-12-28 00:21:53.3730000,2972112,0,0,2026-09-19 08:44:46.4430000,42.698640,-83.316600
2532415,"Zernsdorf",713,57,"33U","33U1H4S4Q",2,2026-09-19 08:44:49.3530000,0,2093,0,2026-09-19 08:44:51.1630000,52.300000,13.700000
2532416,"Kablow",713,57,"33U","33U1H4S4Q",2,2026-09-19 08:44:57.9370000,0,1390,0,2026-09-19 08:44:57.9370000,52.300000,13.733330
2531609,"Bindowbruck",713,57,"33U","33U1H4S4Q",2,2026-09-19 08:45:02.3970000,0,857,0,2026-09-19 08:45:02.3970000,52.283330,13.733330
2525534,"Compton Verney",979,77,"30U","30U1H6S3Q",2,2026-09-19 08:45:05.0870000,0,602,0,2026-09-19 08:45:05.0870000,52.166670,-1.533330
2526351,"Lighthorne",979,77,"30U","30U1H6S3Q",2,2026-09-19 08:45:10.7730000,0,602,0,2026-09-19 08:45:10.7730000,52.183330,-1.500000
2527162,"Bishops Itchington",979,77,"30U","30U1H6S3Q",2,2026-09-19 08:45:17.3530000,0,602,0,2026-09-19 08:45:17.3530000,52.200000,-1.433330
2528003,"Ladbroke",979,77,"30U","30U1H6S3Q",2,2026-09-19 08:45:25.5170000,0,602,0,2026-09-19 08:45:25.5170000,52.216670,-1.383330
2528859,"Napton on the Hill",979,77,"30U","30U1H6S3Q",2,2026-09-19 08:45:30.3500000,0,602,0,2026-09-19 08:45:30.3500000,52.233330,-1.316670
2529736,"Lower Shuckburgh",979,77,"30U","30U1H6S3Q",2,2026-09-19 08:45:46.7370000,0,602,0,2026-09-19 08:45:46.7370000,52.250000,-1.283330
2530914,"Flecknoe",979,77,"30U","30U1H6S3Q",2,2026-09-19 08:45:52.0470000,0,602,0,2026-09-19 08:45:52.0470000,52.266690,-1.246180
2531278,"Wolfhamcote",979,77,"30U","30U1H6S3Q",2,2026-09-19 08:45:57.4570000,0,602,0,2026-09-19 08:45:57.4570000,52.278190,-1.230210
2532615,"Willoughby",979,77,"30U","30U1H6S3Q",2,2026-09-19 08:46:05.1800000,0,602,0,2026-09-19 08:46:05.1800000,52.300870,-1.237850
2085517,"Southfield",3557,233,"17T","17T2H1S3Q",1,2014-07-02 12:08:38.1400000,3011678,0,0,2026-09-19 08:46:09.6600000,42.473370,-83.221870
2533052,"Barby",979,77,"30U","30U1H6S3Q",2,2026-09-19 08:46:12.4330000,0,602,0,2026-09-19 08:46:12.4330000,52.316670,-1.200000
2533857,"Kilsby",979,77,"30U","30U1H6S3Q",2,2026-09-19 08:46:19.9400000,0,602,0,2026-09-19 08:46:19.9400000,52.333330,-1.166670
2534557,"Crick",979,77,"30U","30U1H6S3Q",2,2026-09-19 08:46:25.4570000,0,602,0,2026-09-19 08:46:25.4570000,52.348080,-1.137080
2524697,"Combrook",979,77,"30U","30U1H6S3Q",2,2026-09-19 08:46:40.5670000,0,602,0,2026-09-19 08:46:40.5670000,52.150000,-1.550000
2524698,"Kineton",979,77,"30U","30U1H6S3Q",2,2026-09-19 08:46:48.8600000,0,602,0,2026-09-19 08:46:48.8600000,52.150000,-1.500000
2525536,"Gaydon",979,77,"30U","30U1H6S3Q",2,2026-09-19 08:46:55.3930000,0,602,0,2026-09-19 08:46:55.3930000,52.166670,-1.466670
2525535,"Chadshunt",979,77,"30U","30U1H6S3Q",2,2026-09-19 08:47:00.7130000,0,602,0,2026-09-19 08:47:00.7130000,52.166670,-1.483330
2523822,"Avon Dassett",979,77,"30U","30U1H6S3Q",2,2026-09-19 08:47:06.5100000,0,602,0,2026-09-19 08:47:06.5100000,52.133330,-1.400000
2524699,"Fenny Compton",979,77,"30U","30U1H6S3Q",2,2026-09-19 08:47:19.3000000,0,602,0,2026-09-19 08:47:19.3000000,52.150000,-1.383330
2529031,"Patz",713,57,"33U","33U1H4S4Q",2,2026-09-19 08:46:06.9100000,0,662,648,2026-09-19 08:47:28.1570000,52.233330,13.650000
2526352,"Wormleighton",979,77,"30U","30U1H6S3Q",2,2026-09-19 08:47:31.1530000,0,602,0,2026-09-19 08:47:31.1530000,52.183330,-1.350000
2527163,"Priors Marston",979,77,"30U","30U1H6S3Q",2,2026-09-19 08:47:35.9700000,0,602,0,2026-09-19 08:47:35.9700000,52.200000,-1.283330
2527164,"Hellidon",979,77,"30U","30U1H6S3Q",2,2026-09-19 08:47:43.3600000,0,602,0,2026-09-19 08:47:43.3600000,52.200000,-1.233330
2528860,"Staverton",979,77,"30U","30U1H6S3Q",2,2026-09-19 08:47:49.2730000,0,602,0,2026-09-19 08:47:49.2730000,52.233330,-1.200000
2531946,"Braunston",979,77,"30U","30U1H6S3Q",2,2026-09-19 08:47:55.8400000,0,602,0,2026-09-19 08:47:55.8400000,52.289790,-1.202660
2531463,"Welton",979,77,"30U","30U1H6S3Q",2,2026-09-19 08:48:01.4730000,0,602,0,2026-09-19 08:48:01.4730000,52.283330,-1.150000
2532256,"Ashby Saint Ledgers",979,77,"30U","30U1H6S3Q",2,2026-09-19 08:48:07.5000000,0,602,0,2026-09-19 08:48:07.5000000,52.300000,-1.150000
2532257,"Watford",979,77,"30U","30U1H6S3Q",2,2026-09-19 08:48:39.8770000,0,602,0,2026-09-19 08:48:39.8770000,52.300000,-1.116670
2525537,"Upper Boddington",979,77,"30U","30U1H6S3Q",2,2026-09-19 08:50:15.7070000,0,602,0,2026-09-19 08:50:15.7070000,52.166670,-1.283330
2525538,"Byfield",979,77,"30U","30U1H6S3Q",2,2026-09-19 08:50:21.1130000,0,602,0,2026-09-19 08:50:21.1130000,52.166670,-1.233330
2527165,"Charwelton",979,77,"30U","30U1H6S3Q",2,2026-09-19 08:50:34.8400000,0,602,0,2026-09-19 08:50:34.8400000,52.200000,-1.216670
2529737,"Daventry",979,77,"30U","30U1H6S3Q",2,2026-09-19 08:50:42.2770000,0,602,0,2026-09-19 08:50:42.2770000,52.250000,-1.166670
2530586,"Norton",979,77,"30U","30U1H6S3Q",2,2026-09-19 08:50:46.7370000,0,602,0,2026-09-19 08:50:46.7370000,52.266670,-1.116670
2298018,"Hintersee",715,57,"32T","32T1H3S1Q",3,2024-10-04 18:20:01.2770000,0,0,20780,2026-09-19 08:51:12.2000000,47.566670,10.150000
2258826,"Solonchaky",3430,230,"36T","36T1H1S4Q",2,2025-10-31 07:26:45.5370000,0,22209,0,2026-09-19 08:52:19.3330000,46.650000,31.816670
2298547,"Eglisau",503,43,"32T","32T1H2S1Q",3,2025-06-28 16:43:33.4730000,0,0,3092887,2026-09-19 08:52:33.2270000,47.577380,8.521220
2551622,"Bickford",979,77,"30U","30U1H5S4Q",2,2021-04-22 11:42:39.0070000,0,47879,0,2026-09-19 08:52:56.9070000,52.716670,-2.166670
2533044,"Tardebigge",979,77,"30U","30U1H6S3Q",2,2026-09-19 08:53:14.4970000,0,1150,0,2026-09-19 08:53:14.4970000,52.316670,-2.000000
2531455,"Bentley",979,77,"30U","30U1H6S3Q",2,2026-09-19 08:53:22.9700000,0,1150,0,2026-09-19 08:53:22.9700000,52.283330,-2.000000
2528001,"Great Alne",979,77,"30U","30U1H6S3Q",2,2026-09-19 08:53:29.8800000,0,1150,0,2026-09-19 08:53:29.8800000,52.216670,-1.816670
2309270,"Ormoiche",957,75,"32T","32T1H1S1Q",1,2015-09-06 19:48:48.4100000,100356,0,0,2026-09-19 08:53:36.5800000,47.800000,6.316670
2527574,"Redhill",979,77,"30U","30U1H6S3Q",2,2026-09-19 08:53:39.0400000,0,1200,0,2026-09-19 08:53:39.0400000,52.203290,-1.797040
12859,"Artarmon",143,13,"56H","56H1H1S4Q",3,2017-02-23 03:58:51.6400000,0,0,1500613,2026-09-19 08:55:35.5070000,-33.816670,151.183330
2295990,"Buelach / Altstadt",503,43,"32T","32T1H2S1Q",3,2024-05-09 11:19:12.8600000,0,0,19495477,2026-09-19 08:56:33.6130000,47.517610,8.540460
2295463,"Mettmenriet",503,43,"32T","32T1H2S1Q",3,2024-06-26 15:13:30.1200000,0,0,14148645,2026-09-19 08:57:15.0970000,47.512600,8.545720
2540858,"Fillongley",979,77,"30U","30U1H6S3Q",2,2026-09-19 09:02:30.2900000,0,1150,0,2026-09-19 09:02:30.2900000,52.482520,-1.587270
2540133,"Gilmorton",979,77,"30U","30U1H6S3Q",2,2026-09-19 09:04:10.0700000,0,1150,0,2026-09-19 09:04:10.0700000,52.466670,-1.150000
2543192,"Peatling Magna",979,77,"30U","30U1H6S3Q",2,2026-09-19 09:04:17.8700000,0,1150,0,2026-09-19 09:04:17.8700000,52.533330,-1.116670
2550034,"Queniborough",979,77,"30U","30U1H6S3Q",2,2026-09-19 09:04:26.8770000,0,1150,0,2026-09-19 09:04:26.8770000,52.683330,-1.033330
2084814,"Oak Park",3557,233,"17T","17T2H1S3Q",1,2014-07-20 00:42:19.5230000,3006829,0,0,2026-09-19 09:05:21.4270000,42.459480,-83.182710
2085784,"Huntington Woods",3557,233,"17T","17T2H1S3Q",1,2014-07-19 14:03:12.9470000,3322705,0,0,2026-09-19 09:05:25.6830000,42.480590,-83.166870
2086283,"Royal Oak",3557,233,"17T","17T2H1S3Q",1,2014-05-09 14:26:13.0000000,3026732,0,0,2026-09-19 09:05:34.2570000,42.489480,-83.144650
2085428,"Pleasant Ridge",3557,233,"17T","17T2H1S3Q",1,2014-06-17 22:13:05.9970000,3011668,0,0,2026-09-19 09:05:39.3670000,42.471150,-83.142150
2084868,"Ferndale",3557,233,"17T","17T2H1S3Q",1,2014-06-25 22:38:11.4900000,3001161,0,0,2026-09-19 09:05:45.5630000,42.460590,-83.134650
2086147,"Madison Heights",3557,233,"17T","17T2H1S3Q",1,2014-04-28 16:11:48.5230000,3611286,0,0,2026-09-19 09:05:51.1300000,42.485870,-83.105200
2084930,"Hazel Park",3557,233,"17T","17T2H1S3Q",1,2014-04-10 14:25:24.8400000,3162129,0,0,2026-09-19 09:05:55.8570000,42.462540,-83.104090
2086105,"Center Line",3557,233,"17T","17T2H1S3Q",1,2013-11-19 14:31:56.2230000,3711311,0,0,2026-09-19 09:06:05.8100000,42.485040,-83.027700
2085683,"Warren",3557,233,"17T","17T2H1S3Q",1,2013-11-28 04:52:37.6670000,3021440,0,0,2026-09-19 09:06:11.4970000,42.477540,-83.027700
2508859,"Grutlohn",707,57,"32U","32U2H1S1Q",1,2026-09-19 09:09:28.8970000,1422,0,0,2026-09-19 09:09:28.8970000,51.816670,6.833330
2302436,"Oslund",3558,233,"15T","15T1H1S2Q",2,2018-11-29 11:51:58.6600000,0,47074,0,2026-09-19 09:09:48.3070000,47.655510,-94.033270
2300145,"Max",3558,233,"15T","15T1H1S2Q",2,2019-08-11 02:33:49.1970000,0,31013,0,2026-09-19 09:09:56.7270000,47.614670,-94.068000
1580652,"DC Ranch",3572,233,"12S","12S2H5S1Q",2,2019-04-01 15:33:19.1400000,0,3010189,2327,2026-09-19 09:12:43.5930000,33.667540,-111.865420
2297777,"Ratholz",715,57,"32T","32T1H3S1Q",3,2024-10-04 18:20:14.3130000,0,0,20780,2026-09-19 09:12:48.6930000,47.562280,10.135830
2591726,"St. Pauli",711,57,"32U","32U1H5S2Q",3,2013-11-12 22:47:06.4600000,0,0,124778649,2026-09-19 09:17:26.6970000,53.555100,9.948440
2520668,"Neu Lubbenau",713,57,"33U","33U1H4S4Q",3,2026-09-19 09:23:33.4830000,0,0,1398,2026-09-19 09:23:33.4830000,52.066670,13.900000
2520669,"Kuschkow",713,57,"33U","33U1H4S4Q",3,2026-09-19 09:23:45.9870000,0,0,1419,2026-09-19 09:23:45.9870000,52.066670,13.966670
2519066,"Durrenhofe",713,57,"33U","33U1H4S4Q",3,2026-09-19 09:23:52.3330000,0,0,664,2026-09-19 09:23:52.3330000,52.033330,13.950000
2519067,"Krugau",713,57,"33U","33U1H4S4Q",3,2026-09-19 09:23:59.2930000,0,1059,1149,2026-09-19 09:23:59.2930000,52.033330,13.983330
2497379,"Bischofferode",701,57,"32U","32U2H3S1Q",2,2026-09-19 09:25:05.2230000,0,1138,0,2026-09-19 09:25:05.2230000,51.566670,10.716670
2497773,"Kleisingen",701,57,"32U","32U2H3S1Q",2,2026-09-19 09:25:14.7530000,0,1164,0,2026-09-19 09:25:14.7530000,51.573660,10.703770
2498118,"Werna",701,57,"32U","32U2H3S1Q",2,2026-09-19 09:25:26.3700000,0,1459,0,2026-09-19 09:25:26.3700000,51.583330,10.700000
2498948,"Sulzhayn",701,57,"32U","32U2H3S1Q",3,2025-12-18 19:33:51.4730000,0,517,2644,2026-09-19 09:25:42.2600000,51.600000,10.700000
31408,"Fernvale",142,13,"56J","56J1H5S3Q",1,2026-09-17 00:16:42.8630000,2264,0,0,2026-09-19 09:26:00.1000000,-27.450000,152.650000
31299,"Fairneyview",142,13,"56J","56J1H5S3Q",1,2025-04-30 02:38:06.2500000,2264,0,0,2026-09-19 09:26:03.7900000,-27.483330,152.666670
2239993,"Dorenaz",506,43,"32T","32T1H1S4Q",1,2019-07-21 02:09:01.1300000,11351,10860,0,2026-09-19 09:26:05.8730000,46.148920,7.042920
31356,"Vernor",142,13,"56J","56J1H5S3Q",1,2026-09-17 00:16:49.1830000,2265,0,0,2026-09-19 09:26:07.1100000,-27.466670,152.616670
31355,"Lowood",142,13,"56J","56J1H5S3Q",1,2026-09-17 00:16:52.5270000,2265,0,0,2026-09-19 09:26:10.1900000,-27.466670,152.583330
31298,"Tarampa",142,13,"56J","56J1H5S3Q",1,2026-09-17 03:27:59.4570000,2265,0,0,2026-09-19 09:26:16.2200000,-27.483330,152.550000
31523,"Clarendon",142,13,"56J","56J1H5S3Q",1,2026-09-17 03:28:11.7100000,2266,0,0,2026-09-19 09:26:19.2830000,-27.416670,152.533330
31612,"Coominya",142,13,"56J","56J1H5S3Q",1,2026-09-19 09:26:22.0500000,1068,0,0,2026-09-19 09:26:22.0500000,-27.383330,152.500000
31236,"Tarampa Flat",142,13,"56J","56J1H5S3Q",1,2026-09-19 09:26:25.5400000,1066,0,0,2026-09-19 09:26:25.5400000,-27.500000,152.500000
2491234,"Etzdorf",703,57,"32U","32U2H3S2Q",2,2026-09-19 09:29:03.0300000,0,2786,0,2026-09-19 09:29:03.0300000,51.433330,11.766670
2518307,"Dollgen",713,57,"33U","33U1H5S3Q",3,2026-09-19 09:29:38.5800000,0,0,1044,2026-09-19 09:29:38.5800000,52.016670,14.033330
2518308,"Birkenhainchen",713,57,"33U","33U1H5S3Q",3,2026-09-19 09:29:46.1500000,0,0,1028,2026-09-19 09:29:46.1500000,52.016670,14.050000
2285923,"Le Cellier",949,75,"30T","30T1H3S1Q",1,2023-06-16 20:06:25.1000000,134167,0,0,2026-09-19 09:30:33.3630000,47.316670,-1.350000
2285099,"Mauves-sur-Loire",949,75,"30T","30T1H3S1Q",1,2022-12-24 20:49:45.7330000,1005251,0,0,2026-09-19 09:30:40.6570000,47.300000,-1.400000
2281190,"Nantes",949,75,"30T","30T1H3S1Q",1,2023-06-17 00:22:27.4730000,2282346,0,0,2026-09-19 09:31:08.5700000,47.217250,-1.553360
2285922,"Mouline",949,75,"30T","30T1H3S1Q",1,2023-06-22 09:53:09.1300000,955597,0,0,2026-09-19 09:31:32.3770000,47.316670,-1.550000
2287575,"La Favriere",949,75,"30T","30T1H3S1Q",1,2023-06-22 09:53:20.7100000,971892,0,0,2026-09-19 09:31:53.8100000,47.350000,-1.566670
2286788,"La Chauvais",949,75,"30T","30T1H3S1Q",1,2023-06-22 09:53:16.9800000,756710,0,0,2026-09-19 09:32:15.7500000,47.333330,-1.566670
2277985,"Villedieu-la-Blouere",949,75,"30T","30T1H3S1Q",1,2023-07-17 21:03:08.7800000,606997,0,0,2026-09-19 09:32:43.4030000,47.150000,-1.066670
2521501,"Wittmannsdorf",713,57,"33U","33U1H5S3Q",3,2026-09-19 09:32:56.1800000,0,0,664,2026-09-19 09:32:56.1800000,52.083330,14.050000
2298017,"Reuter",715,57,"32T","32T1H3S1Q",3,2024-10-04 18:20:24.3330000,0,0,20780,2026-09-19 09:34:09.7030000,47.566670,10.133330
2517581,"Siegadel",713,57,"33U","33U2H2S1Q",3,2026-09-19 09:36:07.4100000,0,0,672,2026-09-19 09:36:07.4100000,52.000000,14.116670
1579426,"New Castle",3551,233,"16S","16S2H5S2Q",1,2026-09-19 04:42:56.3600000,10800,0,0,2026-09-19 09:40:58.9970000,33.648990,-86.768600
2519068,"Gross Leuthen",713,57,"33U","33U1H5S3Q",3,2026-09-19 09:43:19.8400000,0,0,1044,2026-09-19 09:43:19.8400000,52.033330,14.050000
2530754,"Bindow Sud",713,57,"33U","33U1H4S4Q",2,2026-09-19 09:19:25.5330000,0,6047,0,2026-09-19 09:43:23.1470000,52.266670,13.750000
2519069,"Klein Leuthen",713,57,"33U","33U1H5S3Q",3,2026-09-19 09:43:26.9000000,0,0,1029,2026-09-19 09:43:26.9000000,52.033330,14.066670
2551631,"Mountsorrel",979,77,"30U","30U1H6S3Q",0,2026-09-19 09:43:33.3100000,0,0,0,2026-09-19 09:43:33.3100000,52.716670,-1.150000
2290533,"Dietikon",503,43,"32T","32T1H2S1Q",3,2024-09-16 08:29:23.0900000,0,0,5545512,2026-09-19 09:46:16.9830000,47.401650,8.400150
2676597,"Moodiesburn",977,77,"30U","30U1H1S2Q",1,2026-07-12 05:48:36.4700000,449499,0,0,2026-09-19 09:46:58.3770000,55.915010,-4.083310
2647891,"Chapelknowe",977,77,"30U","30U1H2S1Q",1,2026-09-19 09:49:56.8630000,1211,0,0,2026-09-19 09:49:56.8630000,55.050000,-3.083330
11752,"Menangle",143,13,"56H","56H1H4S1Q",3,2022-04-26 03:33:26.5600000,0,0,1070011,2026-09-19 09:50:36.1400000,-34.133330,150.750000
11832,"Cawdor",143,13,"56H","56H1H4S1Q",3,2022-04-25 11:47:36.6430000,0,0,1248884,2026-09-19 09:50:49.7930000,-34.100000,150.666670
11499,"Buxton",143,13,"56H","56H1H4S1Q",3,2024-11-22 23:31:19.3200000,0,362,47058,2026-09-19 09:51:18.4070000,-34.250000,150.533330
2646836,"Kirkpatrick",977,77,"30U","30U1H2S1Q",1,2026-09-19 09:53:28.8570000,1206,0,0,2026-09-19 09:53:28.8570000,55.016670,-3.133330
2645850,"Rigg",977,77,"30U","30U1H2S3Q",1,2026-09-19 09:53:40.3000000,1186,0,0,2026-09-19 09:53:40.3000000,54.983330,-3.116670
2492006,"Oberteutschenthal",703,57,"32U","32U2H3S2Q",2,2026-09-19 09:54:17.8600000,0,1000,0,2026-09-19 09:54:17.8600000,51.450000,11.800000
2493520,"Langenbogen",703,57,"32U","32U2H3S2Q",2,2026-09-19 09:54:23.4200000,0,824,600,2026-09-19 09:54:23.4200000,51.483330,11.783330
2494304,"Zappendorf",703,57,"32U","32U2H3S2Q",2,2026-09-19 09:54:35.6270000,855,2585,1191,2026-09-19 09:54:35.6270000,51.500000,11.800000
2495083,"Benkendorf",703,57,"32U","32U2H3S2Q",2,2026-09-19 09:55:09.3800000,0,1149,0,2026-09-19 09:55:09.3800000,51.516670,11.816670
2298016,"Hub",715,57,"32T","32T1H3S1Q",3,2024-10-04 18:43:47.2800000,0,0,20780,2026-09-19 09:55:31.8130000,47.566670,10.116670
2703481,"Balintore",977,77,"30V","30V2H5S3Q",1,2026-09-19 09:56:12.1230000,871,0,0,2026-09-19 09:56:12.1270000,56.700000,-3.150000
2612430,"Ballsmill",978,77,"29U","29U1H3S4Q",1,2026-09-19 09:57:07.9900000,945,0,0,2026-09-19 09:57:07.9900000,54.066670,-6.500000
2613904,"Mullaghbane",978,77,"29U","29U1H3S4Q",1,2026-05-11 08:57:51.8930000,3831,0,0,2026-09-19 09:57:46.4500000,54.100000,-6.483330
2613165,"Forkill",978,77,"29U","29U1H3S4Q",1,2026-05-11 08:57:48.7770000,11310,0,0,2026-09-19 09:57:58.9200000,54.083330,-6.450000
1661044,"Story",3546,233,"14S","14S2H3S3Q",3,2026-09-19 09:59:50.5600000,0,0,1050,2026-09-19 09:59:50.5600000,34.855350,-97.458640
1666037,"Stealy",3546,233,"14S","14S2H3S3Q",3,2026-09-19 09:59:57.4200000,0,0,789,2026-09-19 09:59:57.4200000,34.928130,-97.406420
9764,"Adelaide",138,13,"54H","54H1H4S1Q",2,2013-09-23 01:25:34.3330000,0,106704716,0,2026-09-19 10:00:09.7100000,-34.933330,138.600000
1650964,"Purdy",3546,233,"14S","14S2H3S3Q",3,2026-09-19 10:00:17.4170000,0,0,1043,2026-09-19 10:00:17.4170000,34.715910,-97.587530
1641064,"Hope",3546,233,"14S","14S2H3S3Q",3,2026-09-19 10:00:27.9500000,0,0,1029,2026-09-19 10:00:27.9500000,34.568970,-97.836700
1627259,"Comanche",3546,233,"14S","14S2H3S3Q",2,2026-09-12 21:48:10.8370000,0,106243,2400,2026-09-19 10:01:04.9700000,34.368970,-97.963920
1595071,"Fleetwood",3546,233,"14S","14S2H6S1Q",3,2026-09-19 10:01:18.0130000,0,0,1001,2026-09-19 10:01:18.0130000,33.896770,-97.851140
1662591,"Bradley",3546,233,"14S","14S2H3S3Q",3,2026-09-19 10:01:52.4000000,0,0,1045,2026-09-19 10:01:52.4000000,34.878130,-97.708370
1653631,"Sterling",3546,233,"14S","14S2H2S4Q",3,2026-09-19 10:02:12.2070000,0,0,1032,2026-09-19 10:02:12.2070000,34.750350,-98.171710
2678963,"Auchenbreck",977,77,"30U","30U1H1S1Q",1,2026-09-19 10:06:58.9300000,1458,0,0,2026-09-19 10:06:58.9300000,55.983330,-5.166670
2681795,"Lephinmore",977,77,"30V","30V2H4S3Q",1,2026-09-19 10:07:14.0870000,1151,0,0,2026-09-19 10:07:14.0870000,56.066670,-5.233330
2697992,"Invermearan",977,77,"30V","30V2H4S4Q",1,2026-09-19 10:07:21.5530000,4288,0,517,2026-09-19 10:07:21.5530000,56.533330,-4.566670
2530590,"Great Doddington",979,77,"30U","30U1H6S4Q",1,2026-09-19 10:07:55.9470000,1075,600,0,2026-09-19 10:07:55.9470000,52.266670,-0.700000
31138,"Prenzlau",142,13,"56J","56J1H5S3Q",1,2026-09-19 10:11:01.9530000,1065,0,0,2026-09-19 10:11:01.9530000,-27.533330,152.516670
31235,"Brightview",142,13,"56J","56J1H5S3Q",1,2026-09-19 10:11:04.7900000,1066,0,0,2026-09-19 10:11:04.7900000,-27.500000,152.483330
31774,"Bellevue",142,13,"56J","56J1H5S3Q",1,2026-08-11 21:35:16.8900000,2268,0,0,2026-09-19 10:11:28.7030000,-27.333330,152.550000
31878,"Dundas",142,13,"56J","56J1H5S3Q",1,2026-08-23 21:19:11.1270000,2047,0,0,2026-09-19 10:11:32.4100000,-27.300000,152.616670
31969,"Bryden",142,13,"56J","56J1H5S3Q",1,2026-08-11 21:35:24.8430000,2269,0,0,2026-09-19 10:11:35.0330000,-27.266670,152.583330
32205,"Dayboro",142,13,"56J","56J1H5S3Q",1,2026-06-24 01:59:44.9200000,2261,0,0,2026-09-19 10:11:43.6600000,-27.183330,152.833330
32210,"Narangba Valley",142,13,"56J","56J1H5S3Q",1,2026-06-09 07:49:56.8870000,3194,0,0,2026-09-19 10:11:47.3170000,-27.176010,152.935520
32261,"Burpengary",142,13,"56J","56J1H5S3Q",1,2026-06-09 07:49:48.0870000,3194,0,0,2026-09-19 10:11:51.5730000,-27.157460,152.957580
1733315,"Levy",3569,233,"13S","13S1H5S4Q",3,2026-09-19 10:14:24.9800000,0,300,1068,2026-09-19 10:14:24.9800000,36.088090,-104.686660
1721410,"Optimo",3569,233,"13S","13S2H2S2Q",3,2026-09-19 10:15:02.5830000,0,0,513,2026-09-19 10:15:02.5830000,35.890320,-104.803610
8135,"Browns Plains",140,13,"55H","55H2H2S1Q",3,2026-09-19 09:39:17.3200000,0,0,5715,2026-09-19 10:16:03.6100000,-36.050000,146.666670
8062,"Barnawartha",140,13,"55H","55H2H2S1Q",3,2026-09-19 10:16:09.7170000,0,0,548,2026-09-19 10:16:09.7170000,-36.100000,146.666670
7977,"Wooragee North",140,13,"55H","55H2H2S1Q",3,2026-09-19 10:16:15.6170000,0,0,380,2026-09-19 10:16:15.6170000,-36.150000,146.733330
7954,"Chiltern",140,13,"55H","55H2H2S1Q",3,2026-09-19 10:16:30.6230000,0,0,426,2026-09-19 10:16:30.6230000,-36.166670,146.616670
8061,"Indigo",140,13,"55H","55H2H2S1Q",3,2026-09-19 10:16:36.1600000,0,0,312,2026-09-19 10:16:36.1600000,-36.100000,146.566670
8034,"Christmastown",140,13,"55H","55H2H2S1Q",3,2026-09-19 10:16:43.3770000,0,0,318,2026-09-19 10:16:43.3770000,-36.116670,146.550000
8011,"Chiltern Valley",140,13,"55H","55H2H2S1Q",3,2026-09-19 10:16:46.8800000,0,0,316,2026-09-19 10:16:46.8800000,-36.133330,146.533330
7727,"Woolshed",140,13,"55H","55H2H2S1Q",3,2026-09-19 10:16:53.7770000,0,0,333,2026-09-19 10:16:53.7770000,-36.316670,146.633330
2297659,"Konstanzer",715,57,"32T","32T1H3S1Q",3,2024-10-04 18:44:01.3730000,0,0,20780,2026-09-19 10:17:09.7130000,47.556950,10.108190
2534790,"Neu Hartmannsdorf",713,57,"33U","33U1H4S4Q",2,2026-09-19 10:15:19.0630000,0,2006,0,2026-09-19 10:22:44.7830000,52.350000,13.850000
2521889,"Utrecht",2267,167,"31U","31U1H6S4Q",1,2013-10-30 13:03:50.5830000,12272602,0,0,2026-09-19 10:23:23.7570000,52.090830,5.122220
2613166,"Drumintee",978,77,"29U","29U1H3S4Q",1,2026-05-11 08:57:45.8030000,11532,0,0,2026-09-19 10:25:44.1570000,54.083330,-6.433330
2613589,"Jonesborough",978,77,"29U","29U1H3S4Q",1,2026-05-11 08:57:42.3300000,11532,0,0,2026-09-19 10:25:48.2030000,54.088350,-6.371340
2614600,"Meigh",978,77,"29U","29U1H3S4Q",1,2025-06-02 18:08:16.2070000,26496,0,0,2026-09-19 10:25:52.0900000,54.116670,-6.383330
2533998,"Fichtenwall",713,57,"33U","33U1H4S4Q",2,2026-09-19 10:26:02.3630000,0,1150,0,2026-09-19 10:26:02.3630000,52.333330,13.900000
2533218,"Skaby",713,57,"33U","33U1H4S4Q",2,2026-09-19 10:26:07.2830000,0,1199,0,2026-09-19 10:26:07.2830000,52.316670,13.850000
2612429,"Cullaville",978,77,"29U","29U1H3S4Q",1,2026-05-11 08:58:15.5300000,11331,0,0,2026-09-19 10:26:16.6300000,54.066670,-6.633330
2529930,"Kolberg",713,57,"33U","33U1H4S4Q",2,2026-09-19 10:26:20.5200000,0,920,0,2026-09-19 10:26:20.5200000,52.250000,13.800000
2613163,"Crossmaglen",978,77,"29U","29U1H3S4Q",1,2026-05-11 08:58:09.8000000,11331,0,0,2026-09-19 10:26:23.1400000,54.083330,-6.600000
2528160,"Prieros",713,57,"33U","33U1H4S4Q",2,2026-09-19 10:26:36.8600000,0,1149,0,2026-09-19 10:26:36.8600000,52.216670,13.766670
2495882,"Salzmunde",703,57,"32U","32U2H3S2Q",2,2026-09-19 10:26:37.3670000,0,884,0,2026-09-19 10:26:37.3670000,51.533330,11.833330
2613164,"Creggan",978,77,"29U","29U1H3S4Q",1,2026-05-11 08:58:06.9270000,5081,0,0,2026-09-19 10:26:47.5530000,54.083330,-6.566670
2495082,"Mullerdorf",703,57,"32U","32U2H3S2Q",2,2026-09-19 10:26:55.4400000,0,1698,0,2026-09-19 10:26:55.4430000,51.516670,11.800000
2494305,"Kollme",703,57,"32U","32U2H3S2Q",2,2026-09-19 10:27:00.6700000,0,1054,180,2026-09-19 10:27:00.6730000,51.500000,11.816670
2495884,"Brachwitz",703,57,"32U","32U2H3S2Q",2,2026-09-19 10:27:04.5700000,0,996,0,2026-09-19 10:27:04.5700000,51.533330,11.866670
2495885,"Neuragoczy",703,57,"32U","32U2H3S2Q",2,2026-09-19 10:27:09.1970000,0,1003,0,2026-09-19 10:27:09.1970000,51.533330,11.883330
32068,"Dakabin",142,13,"56J","56J1H5S3Q",1,2026-06-09 05:01:55.0900000,2500,0,0,2026-09-19 10:30:37.2500000,-27.233330,152.983330
31972,"Petrie",142,13,"56J","56J1H5S3Q",1,2026-06-29 09:54:07.0900000,2258,0,0,2026-09-19 10:30:41.3000000,-27.266670,152.983330
31926,"Lawnton",142,13,"56J","56J1H5S3Q",1,2026-06-29 09:53:59.6470000,2275,0,0,2026-09-19 10:30:44.7000000,-27.283330,152.983330
31832,"Strathpine",142,13,"56J","56J1H5S3Q",1,2026-06-29 09:53:56.0600000,2280,0,0,2026-09-19 10:30:47.7370000,-27.304140,152.989770
31783,"Brendale",142,13,"56J","56J1H5S3Q",1,2026-06-22 04:14:29.6100000,2273,0,0,2026-09-19 10:30:51.0230000,-27.321140,152.983930
31883,"Brighton",142,13,"56J","56J1H5S4Q",1,2026-08-17 02:22:40.6730000,2266,0,0,2026-09-19 10:31:01.9600000,-27.295820,153.057210
31830,"Nashville",142,13,"56J","56J1H5S4Q",1,2026-06-05 01:10:34.8970000,2917,0,0,2026-09-19 10:31:05.1970000,-27.306240,153.049740
31782,"Sandgate",142,13,"56J","56J1H5S4Q",1,2026-06-29 09:53:48.6700000,2273,0,0,2026-09-19 10:31:08.5000000,-27.321980,153.069510
2614287,"Cornamucklagh",1260,102,"29U","29U1H3S4Q",3,2026-09-19 10:32:17.6600000,0,0,1058,2026-09-19 10:32:17.6600000,54.104170,-6.293060
2612364,"Two Mile River Bridge",1260,102,"29U","29U1H3S4Q",3,2026-09-19 10:32:39.6600000,0,0,1058,2026-09-19 10:32:39.6600000,54.064440,-6.218610
2612757,"Ballyonen",1260,102,"29U","29U1H3S4Q",3,2026-09-19 10:32:46.5970000,0,0,1057,2026-09-19 10:32:46.5970000,54.068060,-6.243060
2611496,"Carlingford",1260,102,"29U","29U1H3S4Q",3,2026-09-19 10:32:49.6830000,0,0,1052,2026-09-19 10:32:49.6870000,54.040000,-6.188330
2610663,"Rourkes Town",1260,102,"29U","29U1H3S4Q",3,2026-09-19 10:32:52.8370000,0,0,1505,2026-09-19 10:32:52.8370000,54.018330,-6.221670
2515260,"Briesensee",713,57,"33U","33U2H2S1Q",3,2026-09-19 10:33:24.7000000,0,0,672,2026-09-19 10:33:24.7000000,51.950000,14.000000
2514431,"Radensdorf",713,57,"33U","33U2H1S2Q",3,2026-09-19 10:33:36.2330000,0,0,1229,2026-09-19 10:33:36.2330000,51.933330,13.983330
2726384,"Tillyminnate",977,77,"30V","30V2H5S2Q",1,2026-09-19 10:38:27.3300000,5602,0,0,2026-09-19 10:38:27.3300000,57.383330,-2.833330
2777250,"Pierowall",977,77,"30V","30V2H2S2Q",1,2026-09-19 10:38:39.7200000,1035,0,0,2026-09-19 10:38:39.7200000,59.319440,-2.990510
2525668,"Rankenheim",713,57,"33U","33U1H4S4Q",2,2026-09-19 10:30:53.7100000,0,4943,0,2026-09-19 10:38:43.7400000,52.166670,13.633330
2766851,"Lyness",977,77,"30V","30V2H2S3Q",1,2026-09-19 10:38:48.8200000,1032,0,0,2026-09-19 10:38:48.8200000,58.833330,-3.200000
2765746,"Hurliness",977,77,"30V","30V2H2S3Q",1,2026-09-19 10:38:59.4300000,1033,0,0,2026-09-19 10:38:59.4300000,58.783330,-3.250000
2765745,"Melsetter",977,77,"30V","30V2H2S3Q",1,2026-09-19 10:39:21.7300000,1033,0,0,2026-09-19 10:39:21.7300000,58.783330,-3.266670
2525664,"Wunsdorf",713,57,"33U","33U1H4S4Q",2,2026-09-19 10:39:32.6470000,0,785,0,2026-09-19 10:39:32.6470000,52.166670,13.466670
2767572,"Rackwick",977,77,"30V","30V2H2S3Q",1,2026-09-19 10:39:49.1600000,1032,0,0,2026-09-19 10:39:49.1600000,58.866670,-3.383330
2768332,"Quoyness",977,77,"30V","30V2H2S3Q",1,2026-09-19 10:40:01.9570000,1030,0,0,2026-09-19 10:40:01.9570000,58.900000,-3.300000
2533212,"Niederlehme",713,57,"33U","33U1H4S4Q",2,2026-09-19 08:44:23.5400000,0,6986,0,2026-09-19 10:40:01.9630000,52.316670,13.650000
2769755,"Stromness",977,77,"30V","30V2H2S3Q",1,2026-09-19 10:40:09.7300000,1029,0,0,2026-09-19 10:40:09.7300000,58.964980,-3.296010
2769068,"Orphir",977,77,"30V","30V2H2S3Q",1,2026-09-19 10:40:17.0870000,1029,0,0,2026-09-19 10:40:17.0870000,58.933330,-3.133330
2770834,"Finstown",977,77,"30V","30V2H2S1Q",1,2026-09-19 10:43:16.3170000,1028,0,0,2026-09-19 10:43:16.3170000,59.016670,-3.133330
2245463,"Cedar Bank",3557,233,"16T","16T1H2S3Q",1,2022-03-24 13:00:41.5170000,523178,0,0,2026-09-19 10:44:44.3400000,46.296890,-87.266810
149643,"Cusco",2383,175,"19L","19L2H1S3Q",1,2019-08-09 01:45:09.2900000,1080313,0,0,2026-09-19 10:46:13.7670000,-13.518330,-71.978060
150027,"Senja",2383,175,"18L","18L2H3S4Q",1,2019-08-05 23:30:12.8630000,5079,0,0,2026-09-19 10:46:17.0400000,-13.494720,-72.006110
150286,"Huarahuaylla",2383,175,"18L","18L2H3S4Q",1,2019-08-05 23:30:30.6100000,4396,0,0,2026-09-19 10:46:20.6400000,-13.478060,-72.025280
150678,"Huancaye",2383,175,"19L","19L2H1S3Q",1,2026-09-19 10:46:38.8170000,1044,0,0,2026-09-19 10:46:38.8170000,-13.450000,-71.866670
2517584,"Mochlitz",713,57,"33U","33U2H2S1Q",3,2026-09-19 10:46:44.1530000,0,0,671,2026-09-19 10:46:44.1530000,52.000000,14.333330
2519073,"Trebitz",713,57,"33U","33U1H5S3Q",3,2026-09-19 10:46:51.7200000,0,0,671,2026-09-19 10:46:51.7200000,52.033330,14.333330
147768,"Yocquesinca",2383,175,"18L","18L2H3S4Q",1,2022-12-18 15:52:39.9530000,1993,0,0,2026-09-19 10:46:56.2000000,-13.641940,-72.038890
2518316,"Goschen",713,57,"33U","33U1H5S3Q",3,2026-09-19 10:46:57.3630000,0,0,664,2026-09-19 10:46:57.3630000,52.016670,14.283330
2611036,"Greenore",1260,102,"29U","29U1H3S4Q",3,2026-09-19 10:48:39.4530000,0,0,3405,2026-09-19 10:48:40.4500000,54.033330,-6.133330
2610710,"Rampart",1260,102,"29U","29U1H3S4Q",3,2026-09-19 10:48:44.6130000,0,0,1150,2026-09-19 10:48:44.6130000,54.020000,-6.145000
31778,"Shorncliffe",142,13,"56J","56J1H5S4Q",1,2026-06-06 08:35:15.1930000,2703,0,0,2026-09-19 10:49:11.3800000,-27.327590,153.081610
31358,"Manly",142,13,"56J","56J1H5S4Q",1,2026-07-08 06:47:13.6530000,3156,0,0,2026-09-19 10:49:19.7870000,-27.466670,153.183330
31194,"Ormiston",142,13,"56J","56J1H5S4Q",1,2026-09-16 01:04:25.2600000,1988,0,0,2026-09-19 10:49:27.8130000,-27.516670,153.250000
31148,"Raby Bay",142,13,"56J","56J1H5S4Q",1,2026-09-16 01:04:18.2070000,1988,0,0,2026-09-19 10:49:30.9800000,-27.533330,153.266670
31087,"Thornlands",142,13,"56J","56J1H5S4Q",1,2026-09-16 09:37:29.1170000,3512,0,0,2026-09-19 10:49:38.9700000,-27.550000,153.266670
31044,"Moorlands",142,13,"56J","56J1H5S4Q",1,2026-09-16 09:37:25.0370000,2237,0,0,2026-09-19 10:49:50.4330000,-27.566670,153.266670
2005405,"Fasano",1371,110,"33T","33T2H6S4Q",1,2026-09-19 10:49:49.4430000,4536,0,0,2026-09-19 10:49:54.5600000,40.834430,17.358400
2516852,"Lieberose",713,57,"33U","33U2H2S1Q",3,2026-09-19 10:51:07.9130000,0,0,666,2026-09-19 10:51:07.9130000,51.983330,14.300000
30992,"Victoria Point",142,13,"56J","56J1H5S4Q",1,2026-09-14 19:45:16.1500000,2759,0,0,2026-09-19 10:53:05.0470000,-27.583330,153.300000
2496665,"Morl",703,57,"32U","32U2H3S2Q",2,2026-09-19 10:53:38.6700000,0,1865,0,2026-09-19 10:53:38.6700000,51.550000,11.916670
2493524,"Nietleben",703,57,"32U","32U2H3S2Q",2,2026-09-19 10:53:56.5630000,0,756,0,2026-09-19 10:53:56.5630000,51.483330,11.900000
2495883,"Schiepzig",703,57,"32U","32U2H3S2Q",2,2026-09-19 10:54:04.0400000,0,890,0,2026-09-19 10:54:04.0400000,51.533330,11.850000
2495881,"Pfutzthal",703,57,"32U","32U2H3S2Q",2,2026-09-19 10:54:07.7200000,0,590,0,2026-09-19 10:54:07.7200000,51.533330,11.816670
2496662,"Godewitz",703,57,"32U","32U2H3S2Q",2,2026-09-19 10:54:22.5800000,0,1679,1454,2026-09-19 10:54:22.5800000,51.550000,11.800000
2242,"Saint Leonards",141,13,"55G","55G1H2S4Q",1,2025-08-10 22:41:28.1870000,93985,0,0,2026-09-19 10:54:55.6070000,-41.466670,147.200000
31323,"Brisbane",142,13,"56J","56J1H5S4Q",1,2026-08-03 09:13:46.5130000,2273,0,0,2026-09-19 10:55:26.6370000,-27.467940,153.028090
2278993,"Oberruti",528,43,"32T","32T1H2S1Q",3,2023-02-02 09:47:37.7870000,5224,0,2001214,2026-09-19 10:55:27.2400000,47.166730,8.394410
2297589,"Osterdorf",715,57,"32T","32T1H3S1Q",3,2024-10-04 22:11:51.0630000,0,0,20780,2026-09-19 10:55:37.0830000,47.553530,10.102190
2804662,"Sontula",929,70,"34V","34V1H6S2Q",3,2018-12-28 07:48:55.2130000,2509,0,3420,2026-09-19 10:56:14.3630000,61.165350,23.808750
2804489,"Sotkia",929,70,"34V","34V1H6S2Q",3,2024-01-10 15:29:19.1230000,517,0,3080,2026-09-19 10:56:22.1930000,61.143400,23.799130
2804471,"Kurisjarvi",929,70,"34V","34V1H6S2Q",3,2024-01-10 15:11:24.6300000,517,0,3131,2026-09-19 10:56:29.2770000,61.134450,23.834500
2804650,"Kurkela",3834,70,"34V","34V1H6S2Q",3,2017-10-23 14:25:26.5430000,556,0,5512,2026-09-19 10:56:42.6300000,61.159920,23.853120
2804889,"Jarvio",929,70,"34V","34V1H6S2Q",3,2016-10-12 13:51:26.1330000,517,0,101678,2026-09-19 10:57:11.4530000,61.183330,23.716670
2804632,"Kylmakoski",929,70,"34V","34V1H6S2Q",3,2024-08-12 19:26:15.3900000,517,0,2075,2026-09-19 10:57:19.0800000,61.154000,23.688580
2804420,"Nauli",929,70,"34V","34V1H6S2Q",3,2024-01-10 17:21:49.7770000,517,0,1984,2026-09-19 10:57:27.7800000,61.133330,23.666670
2613888,"Warrenpoint",978,77,"29U","29U1H3S4Q",1,2026-05-12 08:50:58.3500000,7806,0,0,2026-09-19 11:01:44.3570000,54.099470,-6.250880
2614601,"Burren",978,77,"29U","29U1H3S4Q",1,2026-02-25 06:22:18.7970000,41598,0,0,2026-09-19 11:01:48.7100000,54.116670,-6.266670
2613905,"Rostrevor",978,77,"29U","29U1H3S4Q",1,2026-05-12 08:50:55.1770000,16599,0,0,2026-09-19 11:01:55.1430000,54.100000,-6.200000
2611500,"Greencastle",978,77,"29U","29U1H3S4Q",1,2026-05-12 08:40:34.3730000,24505,0,0,2026-09-19 11:02:02.1970000,54.040110,-6.102600
2061653,"Sant'Onofrio",1377,110,"33T","33T2H4S1Q",3,2015-10-09 07:40:40.7530000,0,0,2756806,2026-09-19 11:04:43.9670000,41.933330,12.433330
2511288,"Lehde",713,57,"33U","33U2H2S1Q",3,2026-09-19 11:05:34.5200000,0,430,1551,2026-09-19 11:05:34.5200000,51.866670,14.000000
2511287,"Kaupen",713,57,"33U","33U2H1S2Q",3,2026-09-19 11:05:47.7800000,0,0,1098,2026-09-19 11:05:47.7830000,51.866670,13.983330
2510491,"Klein Klessow",713,57,"33U","33U2H1S2Q",3,2026-09-19 11:06:03.4830000,0,0,1392,2026-09-19 11:06:03.4830000,51.850000,13.950000
1744337,"Owasso",3546,233,"15S","15S1H4S3Q",3,2013-09-02 23:02:05.2970000,0,0,8030762,2026-09-19 11:08:10.7300000,36.269540,-95.854710
2074325,"Drumokhar",288,22,"34T","34T2H3S3Q",1,2026-09-19 11:08:44.0000000,2669,0,0,2026-09-19 11:08:52.3630000,42.233330,22.866670
2075961,"Dolna Koznitsa",288,22,"34T","34T2H3S3Q",1,2026-09-19 11:09:01.4470000,2111,0,0,2026-09-19 11:09:05.4670000,42.268610,22.911670
2074609,"Blato",288,22,"34T","34T2H3S3Q",1,2026-09-19 11:09:16.1630000,2634,0,0,2026-09-19 11:09:22.6430000,42.240560,22.941670
2072931,"Tsiklovo",288,22,"34T","34T2H3S3Q",1,2026-09-19 11:09:29.8670000,834,0,0,2026-09-19 11:09:29.8670000,42.200000,22.983330
2072676,"Vukovo",288,22,"34T","34T2H3S3Q",1,2026-09-19 11:10:03.9370000,790,0,0,2026-09-19 11:10:03.9370000,42.195000,22.973890
2496663,"Doblitz",703,57,"32U","32U2H3S2Q",2,2026-09-19 11:11:28.7000000,0,2441,1001,2026-09-19 11:11:28.7000000,51.550000,11.833330
2618852,"Draglevtsy",441,36,"35U","35U1H2S3Q",3,2026-09-19 11:11:30.9830000,0,0,931,2026-09-19 11:11:30.9830000,54.216670,26.050000
2621557,"Koroby",441,36,"35U","35U1H1S4Q",3,2026-09-19 11:11:37.2570000,0,0,931,2026-09-19 11:11:37.2570000,54.283330,25.983330
2497398,"Gimritz",703,57,"32U","32U2H3S2Q",2,2026-09-19 11:11:39.5830000,0,1051,0,2026-09-19 11:11:39.5830000,51.566670,11.866670
2622274,"Kamenka",441,36,"35U","35U1H1S4Q",3,2026-09-19 11:11:41.7600000,0,0,931,2026-09-19 11:11:41.7600000,54.300000,25.983330
2620197,"Voloviki",441,36,"35U","35U1H1S4Q",3,2026-09-19 11:11:50.4170000,0,0,931,2026-09-19 11:11:50.4170000,54.250000,25.950000
2618158,"Bogdanovo",441,36,"35U","35U1H2S3Q",3,2026-09-19 11:12:06.8600000,0,0,931,2026-09-19 11:12:06.8600000,54.200000,26.083330
2236316,"Poltavskiy",2678,192,"37T","37T1H2S4Q",2,2026-09-19 11:13:22.7630000,0,3557,0,2026-09-19 11:13:27.9130000,46.033330,39.800000
2235495,"Pervomayskiy",2678,192,"37T","37T1H2S4Q",2,2026-09-19 11:13:35.1100000,0,3540,0,2026-09-19 11:13:40.8900000,46.013200,39.852300
2298015,"Wiedemannsdorf",715,57,"32T","32T1H3S1Q",3,2024-10-04 22:12:01.2400000,0,0,20780,2026-09-19 11:13:57.0930000,47.566670,10.100000
2626794,"Ashmyany",441,36,"35U","35U1H1S4Q",3,2026-09-19 11:14:21.3530000,0,0,1035,2026-09-19 11:14:21.3530000,54.416940,25.932780
2511282,"Zerkwitz",713,57,"33U","33U2H1S2Q",3,2026-09-19 11:15:09.7600000,0,262,2655,2026-09-19 11:15:09.7600000,51.866670,13.933330
2237058,"Novyy Ural",2678,192,"37T","37T1H2S4Q",2,2026-09-19 11:13:58.4900000,0,3540,0,2026-09-19 11:15:13.2870000,46.061800,39.638700
2626115,"Mordasy",441,36,"35U","35U1H1S4Q",3,2026-09-19 11:16:14.4800000,0,0,2007,2026-09-19 11:16:14.4800000,54.400000,25.883330
1380797,"Boerne",3549,233,"14R","14R1H5S2Q",3,2013-04-28 02:03:12.2570000,0,0,3999721,2026-09-19 11:17:45.6800000,29.794660,-98.731970
2512070,"Ragow",713,57,"33U","33U2H1S2Q",3,2026-09-19 11:23:13.9930000,0,792,1034,2026-09-19 11:23:13.9930000,51.883330,13.900000
2653838,"Cloghglass",1262,102,"29U","29U1H3S1Q",1,2026-09-19 11:25:03.2870000,1117,0,0,2026-09-19 11:25:03.2870000,55.232500,-7.403330
2654853,"Ballyhallan",1262,102,"29U","29U1H3S1Q",1,2026-09-19 11:25:09.1300000,1114,0,0,2026-09-19 11:25:09.1300000,55.259440,-7.423890
2006067,"Savelletri Di Fasano",1371,110,"33T","33T2H6S4Q",1,2026-09-19 11:25:03.6670000,5278,0,0,2026-09-19 11:25:10.0930000,40.849070,17.387070
2497401,"Moderau",703,57,"32U","32U2H3S2Q",2,2026-09-19 11:25:18.0570000,0,1007,0,2026-09-19 11:25:18.0570000,51.566670,11.916670
2497402,"Dachritz",703,57,"32U","32U2H3S2Q",2,2026-09-19 11:25:21.0900000,0,999,0,2026-09-19 11:25:21.0900000,51.566670,11.950000
2497407,"Rathern",703,57,"32U","32U2H3S2Q",2,2026-09-19 11:25:24.0400000,0,1137,0,2026-09-19 11:25:24.0400000,51.566670,11.966670
2498150,"Kutten",703,57,"33U","33U2H1S1Q",2,2026-09-19 11:25:28.0570000,0,577,0,2026-09-19 11:25:28.0570000,51.583330,12.000000
2071590,"Dobrovo",288,22,"34T","34T2H3S3Q",1,2026-09-19 11:25:46.6000000,6618,0,0,2026-09-19 11:25:54.2470000,42.166670,22.983330
2237067,"Novoplastunovskaya",2678,192,"37T","37T1H2S4Q",2,2026-09-19 11:26:39.1000000,0,3540,0,2026-09-19 11:26:51.6100000,46.062400,39.608700
2238566,"Krivtsova",2678,192,"37T","37T1H2S4Q",2,2026-09-19 11:27:00.1130000,0,3540,0,2026-09-19 11:27:05.7830000,46.100000,39.650000
2773334,"Birsay",977,77,"30V","30V2H2S1Q",1,2026-09-19 11:32:33.6270000,1025,0,0,2026-09-19 11:32:33.6270000,59.133330,-3.316670
2772559,"Redland",977,77,"30V","30V2H2S1Q",1,2026-09-19 11:32:45.7870000,1026,0,0,2026-09-19 11:32:45.7870000,59.100000,-3.066670
2531461,"Offchurch",979,77,"30U","30U1H6S3Q",2,2026-09-19 11:32:46.7900000,0,1150,0,2026-09-19 11:32:46.7900000,52.283330,-1.466670
2772558,"Georth",977,77,"30V","30V2H2S1Q",1,2026-09-19 11:32:52.9770000,1026,0,0,2026-09-19 11:32:52.9770000,59.100000,-3.083330
2533854,"Bubbenhall",979,77,"30U","30U1H6S3Q",2,2026-09-19 11:32:53.8000000,0,1150,0,2026-09-19 11:32:53.8000000,52.333330,-1.466670
2537533,"Coventry",979,77,"30U","30U1H6S3Q",2,2026-09-19 11:32:58.5930000,0,1150,0,2026-09-19 11:32:58.5930000,52.406560,-1.512170
2770300,"Kirkwall",977,77,"30V","30V2H2S4Q",1,2026-09-19 11:32:59.8500000,1028,0,0,2026-09-19 11:32:59.8500000,58.984790,-2.958730
2540130,"Bulkington",979,77,"30U","30U1H6S3Q",2,2026-09-19 11:33:10.4700000,0,1150,0,2026-09-19 11:33:10.4700000,52.466670,-1.416670
2769780,"Scapa",977,77,"30V","30V2H2S4Q",1,2026-09-19 11:33:11.3800000,1029,0,0,2026-09-19 11:33:11.3800000,58.966670,-2.983330
2543944,"Higham on the Hill",979,77,"30U","30U1H6S3Q",2,2026-09-19 11:33:14.9030000,0,1150,0,2026-09-19 11:33:14.9030000,52.550000,-1.433330
2768692,"Nether Button",977,77,"30V","30V2H2S4Q",1,2026-09-19 11:33:17.5900000,1029,0,0,2026-09-19 11:33:17.5900000,58.916670,-2.933330
2547703,"Humberstone",979,77,"30U","30U1H6S3Q",2,2026-09-19 11:33:22.4830000,0,1150,0,2026-09-19 11:33:22.4830000,52.633330,-1.066670
2768333,"Saint Marys",977,77,"30V","30V2H2S4Q",1,2026-09-19 11:33:26.2830000,1029,0,0,2026-09-19 11:33:26.2830000,58.900000,-2.916670
2540904,"Great Bowden",979,77,"30U","30U1H6S4Q",2,2026-09-19 11:33:30.0200000,0,1200,0,2026-09-19 11:33:30.0200000,52.483330,-0.900000
2766493,"Saint Margarets Hope",977,77,"30V","30V2H2S4Q",1,2026-09-19 11:33:50.7400000,1031,0,0,2026-09-19 11:33:50.7400000,58.816670,-2.950000
2538564,"Coundon",979,77,"30U","30U1H6S3Q",2,2026-09-19 11:33:57.3330000,0,1150,0,2026-09-19 11:33:57.3330000,52.433330,-1.533330
2537798,"Wyken",979,77,"30U","30U1H6S3Q",2,2026-09-19 11:34:07.9230000,0,1150,0,2026-09-19 11:34:07.9230000,52.416670,-1.466670
2239283,"Vysotnyy",2678,192,"37T","37T1H2S4Q",2,2026-09-19 11:35:37.1200000,0,3540,0,2026-09-19 11:35:47.7530000,46.124900,39.579100
13140,"North Turramurra",143,13,"56H","56H1H1S4Q",3,2017-01-20 00:17:29.7330000,0,0,1338186,2026-09-19 11:36:03.4800000,-33.713450,151.147260
2073648,"Kamenik",288,22,"34T","34T2H3S4Q",1,2026-09-19 11:36:31.7300000,4435,0,0,2026-09-19 11:36:38.0330000,42.216670,23.016670
2528004,"Badby",979,77,"30U","30U1H6S3Q",2,2026-09-19 11:37:10.6730000,0,602,0,2026-09-19 11:37:10.6730000,52.216670,-1.183330
2528861,"Dodford",979,77,"30U","30U1H6S3Q",2,2026-09-19 11:37:16.6030000,0,602,0,2026-09-19 11:37:16.6030000,52.233330,-1.100000
2358552,"Larue",955,75,"31U","31U2H5S3Q",2,2025-08-23 08:48:58.5400000,0,2057277,0,2026-09-19 11:37:26.6770000,48.766670,2.333330
2511281,"Krimnitz",713,57,"33U","33U2H1S2Q",3,2026-09-19 11:41:28.4200000,0,300,1530,2026-09-19 11:41:28.4200000,51.866670,13.916670
2498984,"Siegelsdorf",703,57,"33U","33U2H1S1Q",2,2026-09-19 11:41:42.7830000,0,1382,0,2026-09-19 11:41:42.7830000,51.600000,12.066670
2497408,"Wurp",703,57,"33U","33U2H1S1Q",2,2026-09-19 11:41:50.6100000,0,548,0,2026-09-19 11:41:50.6100000,51.566670,12.050000
2497410,"Hohen",703,57,"33U","33U2H1S1Q",2,2026-09-19 11:41:56.1770000,0,691,0,2026-09-19 11:41:56.1770000,51.566670,12.066670
2766092,"Newbigging",977,77,"30V","30V2H2S4Q",1,2026-09-19 11:42:00.4200000,1032,0,0,2026-09-19 11:42:00.4200000,58.800000,-2.983330
2495088,"Trotha",703,57,"32U","32U2H3S2Q",2,2026-09-19 11:42:12.3030000,0,900,0,2026-09-19 11:42:12.3030000,51.516670,11.966670
2495087,"Krollwitz",703,57,"32U","32U2H3S2Q",2,2026-09-19 11:42:16.5300000,0,976,0,2026-09-19 11:42:16.5300000,51.516670,11.950000
2495086,"Throtha",703,57,"32U","32U2H3S2Q",2,2026-09-19 11:42:20.0270000,0,691,0,2026-09-19 11:42:20.0270000,51.516670,11.933330
2764630,"Burwick",977,77,"30V","30V2H2S4Q",1,2026-09-19 11:42:32.3270000,1033,0,0,2026-09-19 11:42:32.3270000,58.733330,-2.983330
2769779,"Navershaw",977,77,"30V","30V2H2S3Q",1,2026-09-19 11:42:39.9670000,1029,0,0,2026-09-19 11:42:39.9670000,58.966670,-3.283330
2775436,"Kettletoft",977,77,"30V","30V2H2S2Q",1,2026-09-19 11:42:49.0330000,1020,0,0,2026-09-19 11:42:49.0330000,59.233330,-2.600000
2457970,"Pley",707,57,"32U","32U2H1S3Q",2,2024-08-19 22:54:20.4130000,694,274334,0,2026-09-19 11:42:58.7030000,50.846430,6.101270
2492993,"Heathrow",979,77,"30U","30U2H3S2Q",3,2013-12-02 10:54:58.2870000,0,0,3962686,2026-09-19 11:45:38.3000000,51.467300,-0.452900
2227029,"Zarya",2678,192,"37T","37T1H5S2Q",2,2026-09-19 11:37:00.7830000,0,3191,0,2026-09-19 11:45:38.9570000,45.783060,39.326670
2424597,"Makarikha",3439,230,"36U","36U2H3S4Q",1,2013-12-15 21:35:39.9970000,417505,0,0,2026-09-19 11:46:44.9770000,50.203780,35.991190
2423335,"Natyanskiy",3439,230,"36U","36U2H3S4Q",1,2013-12-15 21:38:25.9200000,417500,0,0,2026-09-19 11:46:55.9770000,50.182570,35.997310
2423073,"Maslii",3439,230,"37U","37U2H1S3Q",1,2013-12-18 16:50:43.9000000,417531,0,0,2026-09-19 11:46:59.3830000,50.170770,36.048690
2422525,"Leshchenki",3439,230,"37U","37U2H1S3Q",1,2013-12-18 16:53:03.2500000,417522,0,0,2026-09-19 11:47:06.0230000,50.164650,36.056560
2422343,"Boliboki",3439,230,"37U","37U2H1S3Q",1,2013-12-18 10:30:50.9130000,417541,0,0,2026-09-19 11:47:09.4570000,50.156780,36.066400
2422263,"Mishchenki",3439,230,"37U","37U2H1S3Q",1,2013-12-18 16:51:09.4900000,417517,0,0,2026-09-19 11:47:13.1970000,50.153930,36.049120
2421484,"Zamirtsi",3439,230,"37U","37U2H1S3Q",1,2013-04-29 13:33:36.2000000,417502,0,0,2026-09-19 11:47:16.4700000,50.137320,36.059840
2421478,"Sheptushin",3439,230,"37U","37U2H1S3Q",1,2013-04-29 13:35:04.4930000,417543,0,0,2026-09-19 11:47:19.7570000,50.136940,36.054720
1938237,"Ridgeley",3550,233,"17S","17S1H3S2Q",3,2018-08-26 10:54:38.6600000,0,0,30606784,2026-09-19 11:48:12.0800000,39.641480,-78.774460
2229568,"Krasnyy",2678,192,"37T","37T1H5S2Q",2,2026-09-19 11:46:11.7030000,0,2500,0,2026-09-19 11:49:06.5400000,45.846700,39.781800
1844798,"Waldon",3567,233,"10S","10S1H5S2Q",2,2025-02-26 00:31:28.5900000,0,3012795,5119,2026-09-19 11:50:42.3300000,37.926310,-122.055520
2422828,"Kosztowy",2450,180,"34U","34U2H1S4Q",1,2022-04-22 07:52:32.7400000,5079990,0,0,2026-09-19 11:52:25.7500000,50.166670,19.166670
2511285,"Stottoff",713,57,"33U","33U2H1S2Q",2,2021-04-10 12:36:40.8770000,0,39500,517,2026-09-19 11:55:03.6300000,51.866670,13.966670
2039058,"Ames",3559,233,"14T","14T2H6S2Q",1,2026-09-19 11:55:04.1470000,2001,0,0,2026-09-19 11:55:06.4900000,41.452220,-96.624470
2511280,"Klein Radden",713,57,"33U","33U2H1S2Q",3,2026-09-19 11:55:10.8070000,0,0,1057,2026-09-19 11:55:10.8070000,51.866670,13.883330
2773624,"Whitehall Village",977,77,"30V","30V2H2S2Q",1,2026-09-19 11:55:23.1600000,1023,0,0,2026-09-19 11:55:23.1600000,59.141930,-2.607810
2773714,"Whitehall",977,77,"30V","30V2H2S2Q",1,2026-09-19 11:55:29.1800000,1023,0,0,2026-09-19 11:55:29.1800000,59.150000,-2.616670
2297572,"Thalkirchdorf",715,57,"32T","32T1H3S1Q",3,2024-10-04 22:12:11.9200000,0,0,20780,2026-09-19 11:55:34.7300000,47.552550,10.088800
2756817,"Wick",977,77,"30V","30V2H2S3Q",1,2026-09-19 11:55:58.7030000,1059,0,0,2026-09-19 11:55:58.7030000,58.433330,-3.083330
2757858,"Staxigoe",977,77,"30V","30V2H2S3Q",1,2026-09-19 11:56:06.2100000,1058,300,0,2026-09-19 11:56:06.2100000,58.466670,-3.066670
2043321,"Nickerson",3559,233,"14T","14T2H6S2Q",1,2026-09-19 11:55:38.8530000,8205,0,0,2026-09-19 11:56:12.1270000,41.534440,-96.470300
2757857,"Ackergill",977,77,"30V","30V2H2S3Q",1,2026-09-19 11:56:13.9530000,1058,300,0,2026-09-19 11:56:13.9530000,58.466670,-3.133330
2761112,"Freswick",977,77,"30V","30V2H2S3Q",1,2026-09-19 11:56:21.7900000,1053,0,0,2026-09-19 11:56:21.7900000,58.583330,-3.083330
2290984,"Mellingen",528,43,"32T","32T1H2S1Q",3,2023-02-11 10:12:18.4200000,6380,0,2002015,2026-09-19 12:01:45.1330000,47.416670,8.266670
2179523,"Albinea",1379,110,"32T","32T1H6S3Q",1,2019-12-17 22:04:59.4500000,181843,0,0,2026-09-19 12:02:03.7000000,44.624460,10.606390
2495888,"Dockritz",703,57,"32U","32U2H3S2Q",2,2026-09-19 12:02:33.7830000,0,1054,309,2026-09-19 12:02:33.7830000,51.533330,11.950000
2496666,"Groitsch",703,57,"32U","32U2H3S2Q",2,2026-09-19 12:02:37.3670000,0,997,0,2026-09-19 12:02:37.3670000,51.550000,11.950000
2496668,"Gutenberg",703,57,"32U","32U2H3S2Q",2,2026-09-19 12:02:40.0730000,0,1132,0,2026-09-19 12:02:40.0730000,51.550000,11.966670
2495889,"Dreckente",703,57,"32U","32U2H3S2Q",2,2026-09-19 12:02:47.1230000,0,986,0,2026-09-19 12:02:47.1230000,51.533330,11.966670
2493245,"Halle Neustadt",703,57,"32U","32U2H3S2Q",2,2026-09-19 12:02:59.6270000,0,685,6,2026-09-19 12:02:59.6270000,51.479240,11.916050
2494298,"Klosterrode",703,57,"32U","32U2H3S2Q",2,2026-09-19 12:03:24.7430000,0,947,0,2026-09-19 12:03:24.7430000,51.500000,11.450000
2493514,"Holdenstedt",703,57,"32U","32U2H3S2Q",2,2026-09-19 12:03:30.5530000,0,1473,0,2026-09-19 12:03:30.5530000,51.483330,11.450000
802630,"Ban Tha Khoi",3167,218,"47P","47P1H5S4Q",1,2024-11-21 14:43:32.2370000,131954,10589,0,2026-09-19 12:04:35.3170000,12.966670,99.883330
2297664,"Lamprechts",715,57,"32T","32T1H3S1Q",3,2024-10-04 22:33:44.1970000,0,0,20780,2026-09-19 12:06:02.9470000,47.557360,10.084850
2112121,"North Ilion",3562,233,"18T","18T2H2S1Q",1,2013-12-12 01:39:32.4800000,50922,0,0,2026-09-19 12:06:29.1800000,43.022010,-75.028490
2115040,"Harbor",3562,233,"18T","18T2H2S1Q",1,2024-02-11 10:07:58.4100000,9794,0,0,2026-09-19 12:06:43.7600000,43.082010,-75.147660
2087930,"Chilson",3557,233,"17T","17T2H1S3Q",1,2016-09-21 02:55:24.5670000,1250474,0,0,2026-09-19 12:09:47.1800000,42.526980,-83.861610
2543267,"Suttorf",708,57,"32U","32U1H5S4Q",3,2026-09-19 12:12:40.3970000,0,1888,1918,2026-09-19 12:12:40.3970000,52.533330,9.483330
2544017,"Huttenkrug",708,57,"32U","32U1H5S4Q",3,2026-09-19 12:13:11.8000000,0,348,517,2026-09-19 12:13:11.8000000,52.550000,9.433330
2060583,"prati",1377,110,"33T","33T2H4S1Q",3,2015-09-26 18:50:36.5230000,0,0,2807622,2026-09-19 12:13:37.5800000,41.909430,12.468190
2242336,"Lavey-les-Bains",505,43,"32T","32T1H1S4Q",1,2019-05-16 07:21:39.4800000,12785,11946,0,2026-09-19 12:13:42.1830000,46.203720,7.018720
2522257,"Klein Dungen",708,57,"32U","32U1H6S3Q",3,2026-09-19 12:13:46.4530000,0,4800,10966,2026-09-19 12:13:46.4530000,52.100000,10.033330
2516526,"Warzen",708,57,"32U","32U2H2S2Q",3,2026-09-19 12:13:58.3930000,0,0,1066,2026-09-19 12:13:58.3970000,51.977640,9.787450
2515958,"Hohenbuchen",708,57,"32U","32U2H2S2Q",3,2026-09-19 12:14:02.7600000,0,0,1066,2026-09-19 12:14:02.7600000,51.966670,9.766670
2515959,"Buchenbrink",708,57,"32U","32U2H2S2Q",3,2026-09-19 12:14:06.6100000,0,0,1054,2026-09-19 12:14:06.6100000,51.966670,9.800000
2515775,"Fohrste",708,57,"32U","32U2H2S2Q",3,2026-09-19 12:14:11.1570000,0,0,1065,2026-09-19 12:14:11.1570000,51.962670,9.836540
2515199,"Meimerhausen",708,57,"32U","32U2H2S2Q",3,2026-09-19 12:14:17.5530000,0,977,1046,2026-09-19 12:14:17.5530000,51.950000,9.883330
2515454,"Wispenstein",708,57,"32U","32U2H2S2Q",3,2026-09-19 12:15:27.4730000,0,0,1065,2026-09-19 12:15:27.4730000,51.950960,9.848130
2760664,"Auckingill",977,77,"30V","30V2H2S3Q",1,2026-09-19 12:16:50.4830000,1053,0,0,2026-09-19 12:16:50.4830000,58.566670,-3.083330
2759737,"Keiss",977,77,"30V","30V2H2S3Q",1,2026-09-19 12:16:57.9530000,1056,300,0,2026-09-19 12:16:57.9530000,58.533330,-3.116670
2735345,"Invergordon",977,77,"30V","30V2H4S2Q",1,2026-09-19 12:17:09.7030000,1078,0,0,2026-09-19 12:17:09.7030000,57.683330,-4.183330
2680062,"Kilmory",977,77,"30V","30V2H4S3Q",1,2026-09-19 12:17:17.9700000,1158,0,0,2026-09-19 12:17:17.9700000,56.016670,-5.416670
2670998,"Kilchattan",977,77,"30U","30U1H1S1Q",1,2026-09-19 12:17:26.3830000,1158,0,0,2026-09-19 12:17:26.3830000,55.750000,-5.033330
2680061,"Ardrishaig",977,77,"30V","30V2H4S3Q",1,2026-09-19 12:17:34.7630000,1158,0,0,2026-09-19 12:17:34.7630000,56.016670,-5.450000
2721019,"Invermoriston",977,77,"30V","30V2H4S2Q",1,2026-09-19 12:17:41.2800000,1108,0,0,2026-09-19 12:17:41.2800000,57.216670,-4.633330
2679939,"Castleton",977,77,"30V","30V2H4S3Q",1,2026-09-19 12:17:47.6870000,1158,0,0,2026-09-19 12:17:47.6900000,56.010280,-5.399780
2510489,"Gross Beuchow",713,57,"33U","33U2H1S2Q",3,2026-09-19 12:18:16.5800000,0,0,659,2026-09-19 12:18:16.5800000,51.850000,13.900000
2515048,"Imsen",708,57,"32U","32U2H2S2Q",3,2026-09-19 12:18:28.6300000,0,0,1065,2026-09-19 12:18:28.6300000,51.948760,9.837180
2510490,"Klein Beuchow",713,57,"33U","33U2H1S2Q",3,2026-09-19 12:18:42.3000000,0,0,1328,2026-09-19 12:18:42.3000000,51.850000,13.916670
2514430,"Ratsvorwerk",713,57,"33U","33U2H1S2Q",3,2026-09-19 12:18:54.2870000,0,616,1034,2026-09-19 12:18:54.2870000,51.933330,13.950000
2515259,"Gubener Vorstadt",713,57,"33U","33U2H1S2Q",3,2026-09-19 12:19:02.9930000,0,0,1715,2026-09-19 12:19:08.6700000,51.950000,13.916670
2514366,"Varrigsen",708,57,"32U","32U2H2S2Q",3,2026-09-19 12:20:02.4930000,0,8,1037,2026-09-19 12:20:02.4970000,51.933330,9.833330
7728,"Reids Creek",140,13,"55H","55H2H2S1Q",3,2026-09-19 12:21:09.8600000,0,0,379,2026-09-19 12:21:09.8600000,-36.316670,146.683330
7647,"Beechworth",140,13,"55H","55H2H2S1Q",3,2026-09-19 12:21:14.7230000,0,0,1031,2026-09-19 12:21:14.7230000,-36.366670,146.716670
7616,"Silver Creek",140,13,"55H","55H2H2S1Q",3,2026-09-19 12:21:18.0230000,0,0,1032,2026-09-19 12:21:18.0230000,-36.383330,146.716670
7617,"Hurdle Flat",140,13,"55H","55H2H2S1Q",3,2026-09-19 12:21:21.5930000,0,0,1032,2026-09-19 12:21:21.5930000,-36.383330,146.733330
7571,"Stanley",140,13,"55H","55H2H2S1Q",3,2026-09-19 12:21:24.7670000,0,0,1032,2026-09-19 12:21:24.7700000,-36.416670,146.750000
7572,"Hillsborough",140,13,"55H","55H2H2S1Q",3,2026-09-19 12:21:28.9400000,0,0,1047,2026-09-19 12:21:28.9400000,-36.416670,146.833330
7573,"Bruarong",140,13,"55H","55H2H2S1Q",3,2026-09-19 12:21:32.3670000,0,0,1046,2026-09-19 12:21:32.3670000,-36.416670,146.850000
7648,"Back Creek",140,13,"55H","55H2H2S1Q",3,2026-09-19 12:21:35.9370000,0,0,1056,2026-09-19 12:21:35.9370000,-36.366670,146.850000
2534725,"Lauenhagen",708,57,"32U","32U1H5S4Q",3,2026-09-19 12:22:12.6000000,0,0,1150,2026-09-19 12:22:12.6000000,52.350000,9.216670
2007697,"Savelletri",1371,110,"33T","33T2H6S4Q",1,2026-09-19 11:30:26.2570000,5426,0,0,2026-09-19 12:23:20.9330000,40.874580,17.408700
2536289,"Pollhagen",708,57,"32U","32U1H5S4Q",3,2026-09-19 12:24:19.3200000,0,0,654,2026-09-19 12:24:19.3200000,52.383330,9.200000
2094565,"Meshtitsa",279,22,"34T","34T2H3S3Q",1,2025-12-23 06:55:01.1400000,11730,10832,0,2026-09-19 12:24:37.8570000,42.667780,22.997220
2297627,"Salmas",715,57,"32T","32T1H3S1Q",3,2024-10-04 22:33:52.8230000,0,0,20780,2026-09-19 12:27:43.0930000,47.555560,10.072830
2494296,"Riestedt",703,57,"32U","32U2H3S2Q",2,2026-09-19 12:27:51.5000000,0,969,0,2026-09-19 12:27:51.5000000,51.500000,11.366670
2530430,"Altenhagen Zwei",708,57,"32U","32U1H5S4Q",3,2026-09-19 12:27:58.4400000,0,0,1150,2026-09-19 12:27:58.4400000,52.261540,9.400090
2493513,"Beyernaumburg",703,57,"32U","32U2H3S2Q",2,2026-09-19 12:28:03.3400000,0,661,0,2026-09-19 12:28:03.3400000,51.483330,11.400000
2492728,"Liedersdorf",703,57,"32U","32U2H3S2Q",2,2026-09-19 12:28:09.7800000,0,712,0,2026-09-19 12:28:09.7800000,51.466670,11.433330
2492729,"Neugluck",703,57,"32U","32U2H3S2Q",2,2026-09-19 12:28:12.4000000,0,730,0,2026-09-19 12:28:12.4000000,51.466670,11.466670
2115525,"West Frankfort",3562,233,"18T","18T2H2S1Q",1,2024-02-11 10:07:49.2830000,12080,0,0,2026-09-19 12:28:16.0800000,43.087850,-75.165440
2492000,"Sotterhausen",703,57,"32U","32U2H3S2Q",2,2026-09-19 12:28:16.2030000,0,717,0,2026-09-19 12:28:16.2030000,51.450000,11.400000
2492727,"Othal",703,57,"32U","32U2H3S2Q",2,2026-09-19 12:28:21.8370000,0,1061,545,2026-09-19 12:28:21.8370000,51.466670,11.366670
2495075,"Blankenheim",703,57,"32U","32U2H3S2Q",2,2026-09-19 12:28:25.6300000,0,941,0,2026-09-19 12:28:25.6300000,51.516670,11.416670
2494297,"Emseloh",703,57,"32U","32U2H3S2Q",2,2026-09-19 12:28:34.0300000,0,1044,0,2026-09-19 12:28:34.0300000,51.500000,11.400000
2433129,"Immendorf",706,57,"32U","32U2H1S4Q",2,2025-09-30 04:34:11.4800000,0,5998,0,2026-09-19 12:29:21.9000000,50.383330,7.650000
2428146,"Braubach",706,57,"32U","32U2H1S4Q",2,2014-09-09 09:43:49.6600000,0,96195,0,2026-09-19 12:30:04.4430000,50.283330,7.666670
2432163,"Devonport",979,77,"30U","30U2H1S4Q",1,2026-07-27 05:37:37.4670000,136976,0,0,2026-09-19 12:32:42.4300000,50.366670,-4.183330
2531795,"Feggendorf",708,57,"32U","32U1H5S4Q",3,2026-09-19 12:32:58.3130000,0,0,814,2026-09-19 12:32:58.3130000,52.284490,9.384560
2531142,"Lauenau",708,57,"32U","32U1H5S4Q",3,2026-09-19 12:33:03.8770000,0,0,896,2026-09-19 12:33:03.8770000,52.273620,9.371940
2530587,"Great Brington",979,77,"30U","30U1H6S3Q",0,2026-09-19 12:33:07.1230000,0,0,0,2026-09-19 12:33:07.1230000,52.266670,-1.016670
2532259,"East Haddon",979,77,"30U","30U1H6S3Q",0,2026-09-19 12:33:11.2600000,0,0,0,2026-09-19 12:33:11.2600000,52.300000,-1.016670
2532258,"Long Buckby",979,77,"30U","30U1H6S3Q",0,2026-09-19 12:33:14.3430000,0,0,0,2026-09-19 12:33:14.3430000,52.300000,-1.066670
2519801,"Wrisbergholzen",708,57,"32U","32U1H5S4Q",2,2025-03-09 12:00:30.1900000,0,1201764,0,2026-09-19 12:33:15.8370000,52.050000,9.916670
2533858,"West Haddon",979,77,"30U","30U1H6S3Q",0,2026-09-19 12:33:21.1600000,0,0,0,2026-09-19 12:33:21.1600000,52.333330,-1.066670
2533859,"Guilsborough",979,77,"30U","30U1H6S4Q",0,2026-09-19 12:33:25.1900000,0,0,0,2026-09-19 12:33:25.1900000,52.333330,-1.000000
2526090,"Blisworth",979,77,"30U","30U1H6S4Q",0,2026-09-19 12:33:31.2730000,0,0,0,2026-09-19 12:33:31.2730000,52.174980,-0.941310
2031023,"Carter Lake",3553,233,"15T","15T2H4S1Q",2,2025-06-05 16:42:11.9430000,0,1137482,0,2026-09-19 12:33:31.2830000,41.290550,-95.918070
2365566,"Quessigny",956,75,"31U","31U2H4S4Q",3,2021-08-20 04:59:48.2230000,0,0,11967,2026-09-19 12:33:34.7930000,48.930460,1.270150
2525541,"Gayton",979,77,"30U","30U1H6S4Q",0,2026-09-19 12:33:36.4800000,0,0,0,2026-09-19 12:33:36.4800000,52.166670,-0.966670
2525540,"Pattishall",979,77,"30U","30U1H6S3Q",0,2026-09-19 12:33:43.1700000,0,0,0,2026-09-19 12:33:43.1700000,52.166670,-1.016670
2524161,"Towcester",979,77,"30U","30U1H6S4Q",0,2026-09-19 12:33:46.5000000,0,0,0,2026-09-19 12:33:46.5000000,52.133590,-0.990570
2525056,"Showsley",979,77,"30U","30U1H6S4Q",0,2026-09-19 12:33:52.8000000,0,0,0,2026-09-19 12:33:52.8000000,52.151710,-0.966710
2524473,"Shutlanger",979,77,"30U","30U1H6S4Q",0,2026-09-19 12:33:56.0770000,0,0,0,2026-09-19 12:33:56.0770000,52.142970,-0.940880
2521373,"Whittlebury",979,77,"30U","30U1H6S4Q",0,2026-09-19 12:34:02.7630000,0,0,0,2026-09-19 12:34:02.7630000,52.083330,-0.983330
2522561,"Paulerspury",979,77,"30U","30U1H6S4Q",0,2026-09-19 12:34:06.6970000,0,0,0,2026-09-19 12:34:06.6970000,52.102710,-0.950230
2524441,"Stoke Bruerne",979,77,"30U","30U1H6S4Q",0,2026-09-19 12:34:13.2300000,0,0,0,2026-09-19 12:34:13.2300000,52.142130,-0.914740
2526356,"Collingtree",979,77,"30U","30U1H6S4Q",0,2026-09-19 12:34:17.6570000,0,0,0,2026-09-19 12:34:17.6570000,52.183330,-0.900000
2525263,"Roade",979,77,"30U","30U1H6S4Q",0,2026-09-19 12:34:23.2270000,0,0,0,2026-09-19 12:34:23.2270000,52.158240,-0.897450
2525542,"Courteenhall",979,77,"30U","30U1H6S4Q",0,2026-09-19 12:34:34.7330000,0,0,0,2026-09-19 12:34:34.7330000,52.166670,-0.883330
2524435,"Ashton",979,77,"30U","30U1H6S4Q",0,2026-09-19 12:34:40.7000000,0,0,0,2026-09-19 12:34:40.7000000,52.141970,-0.882170
2420652,"Korobki",3439,230,"37U","37U2H1S3Q",1,2013-12-18 08:02:48.9100000,417506,0,0,2026-09-19 12:34:45.3230000,50.117860,36.001240
2521329,"Potterspury",979,77,"30U","30U1H6S4Q",0,2026-09-19 12:34:46.6630000,0,0,0,2026-09-19 12:34:46.6630000,52.082880,-0.896760
2419203,"Pol'ova",3439,230,"37U","37U2H1S3Q",1,2013-12-18 07:51:25.9600000,417537,0,0,2026-09-19 12:34:49.0700000,50.089300,36.013630
2520530,"Cosgrove",979,77,"30U","30U1H6S4Q",0,2026-09-19 12:34:52.7030000,0,0,0,2026-09-19 12:34:52.7030000,52.066670,-0.850000
2519729,"Stony Stratford",979,77,"30U","30U1H6S4Q",0,2026-09-19 12:34:56.0700000,0,0,0,2026-09-19 12:34:56.0700000,52.050000,-0.850000
2414787,"Solonytsivka",3439,230,"37U","37U2H4S1Q",1,2013-04-26 16:28:49.3500000,417502,0,0,2026-09-19 12:34:57.6130000,49.996820,36.034640
2415212,"Gavrilovka",3439,230,"37U","37U2H1S3Q",1,2013-04-26 16:30:48.9700000,417507,0,0,2026-09-19 12:35:01.1400000,50.003060,36.021940
2416069,"Peresichna",3439,230,"36U","36U2H3S4Q",1,2013-04-30 08:52:04.1030000,417541,0,0,2026-09-19 12:35:04.5570000,50.022500,35.980000
2416883,"Dvurechnyy Kut",3439,230,"36U","36U2H3S4Q",1,2013-04-30 08:52:30.2870000,417529,0,0,2026-09-19 12:35:08.2600000,50.040000,35.931110
2521933,"Castlethorpe",979,77,"30U","30U1H6S4Q",0,2026-09-19 12:35:15.8800000,0,0,0,2026-09-19 12:35:15.8800000,52.092300,-0.835390
2522180,"Hanslope",979,77,"30U","30U1H6S4Q",0,2026-09-19 12:35:21.9200000,0,0,0,2026-09-19 12:35:21.9230000,52.100000,-0.816670
2417562,"Ol'shany",3439,230,"36U","36U2H3S4Q",1,2013-04-30 15:35:22.2500000,417526,0,0,2026-09-19 12:35:23.8230000,50.053330,35.882220
2523046,"Stoke Goldington",979,77,"30U","30U1H6S4Q",0,2026-09-19 12:35:28.6230000,0,0,0,2026-09-19 12:35:28.6230000,52.116670,-0.766670
2417755,"Balanovka",3439,230,"36U","36U2H3S4Q",1,2013-12-18 18:26:49.1770000,417520,0,0,2026-09-19 12:35:31.8570000,50.062220,35.809170
2523828,"Ravenstone",979,77,"30U","30U1H6S4Q",0,2026-09-19 12:35:32.6600000,0,0,0,2026-09-19 12:35:32.6600000,52.133330,-0.750000
2523829,"Weston Underwood",979,77,"30U","30U1H6S4Q",0,2026-09-19 12:35:36.8070000,0,0,0,2026-09-19 12:35:36.8070000,52.133330,-0.733330
2522182,"Tyringham",979,77,"30U","30U1H6S4Q",1,2026-09-19 12:35:39.9930000,189,0,0,2026-09-19 12:35:39.9930000,52.100000,-0.733330
2523830,"Filgrave",979,77,"30U","30U1H6S4Q",0,2026-09-19 12:35:47.3100000,0,0,0,2026-09-19 12:35:47.3100000,52.133330,-0.716670
2515256,"Frauenberg",713,57,"33U","33U2H1S2Q",3,2026-09-19 12:36:24.6870000,0,831,1153,2026-09-19 12:36:24.6870000,51.950000,13.883330
2516022,"Hartmannsdorf",713,57,"33U","33U2H1S2Q",3,2026-09-19 12:36:33.9130000,0,0,1337,2026-09-19 12:36:33.9130000,51.966670,13.883330
2294601,"Turgi",528,43,"32T","32T1H2S1Q",3,2024-06-25 08:28:40.9230000,6552,0,1972262,2026-09-19 12:38:32.7900000,47.492010,8.254120
2675437,"Innellan",977,77,"30U","30U1H1S2Q",1,2026-09-19 12:40:48.8100000,1450,0,0,2026-09-19 12:40:48.8100000,55.883330,-4.966670
2678378,"Sandbank",977,77,"30U","30U1H1S2Q",1,2026-09-19 12:40:57.0100000,1118,0,0,2026-09-19 12:40:57.0100000,55.966670,-4.950000
2677785,"Kirn",977,77,"30U","30U1H1S2Q",1,2026-09-19 12:41:08.8530000,1406,0,0,2026-09-19 12:41:08.8530000,55.950000,-4.916670
2772045,"Dounby",977,77,"30V","30V2H2S1Q",1,2026-09-19 12:41:44.9000000,1026,0,0,2026-09-19 12:41:44.9000000,59.068450,-3.231350
2775915,"Templehall",977,77,"30V","30V2H2S2Q",1,2026-09-19 12:41:53.2370000,1019,0,0,2026-09-19 12:41:53.2370000,59.254770,-2.560610
2238108,"Chemin",506,43,"32T","32T1H1S4Q",1,2019-09-09 06:34:00.0470000,13341,12925,0,2026-09-19 12:42:04.9870000,46.089540,7.096310
2678377,"Feorlean",977,77,"30U","30U1H1S1Q",1,2026-09-19 12:42:42.5000000,1158,0,0,2026-09-19 12:42:42.5000000,55.966670,-5.183330
2727313,"Foxhole",977,77,"30V","30V2H4S2Q",1,2026-09-19 12:42:52.5770000,1342,0,0,2026-09-19 12:42:52.5770000,57.415890,-4.463020
2728875,"Inverness",977,77,"30V","30V2H4S2Q",1,2026-09-19 12:42:59.6430000,1082,0,0,2026-09-19 12:42:59.6430000,57.466670,-4.233330
2709929,"Inverlair",977,77,"30V","30V2H4S4Q",1,2026-09-19 12:43:07.2530000,1142,0,0,2026-09-19 12:43:07.2570000,56.883330,-4.733330
1982284,"Indian Heights",3555,233,"16T","16T2H5S4Q",3,2025-04-12 22:38:20.4830000,0,0,393348,2026-09-19 12:46:07.6400000,40.427260,-86.125550
2576020,"Yungorodok",2658,192,"39U","39U1H5S1Q",3,2023-03-17 06:15:04.0700000,0,0,1250226,2026-09-19 12:47:13.2000000,53.216510,50.299740
2529738,"Brockhall",979,77,"30U","30U1H6S3Q",2,2026-09-19 12:50:10.5870000,0,602,0,2026-09-19 12:50:10.5870000,52.250000,-1.066670
2528006,"Weedon Beck",979,77,"30U","30U1H6S3Q",2,2026-09-19 12:50:21.0770000,0,602,0,2026-09-19 12:50:21.0770000,52.216670,-1.066670
2528005,"Church Stowe",979,77,"30U","30U1H6S3Q",2,2026-09-19 12:50:25.3630000,0,602,0,2026-09-19 12:50:25.3630000,52.216670,-1.083330
1240452,"Indian Creek Village",3538,233,"17R","17R2H5S2Q",2,2025-12-27 22:47:46.9870000,3517,5728942,4170784,2026-09-19 12:50:42.3700000,25.878150,-80.136160
2120719,"Green Acres",3562,233,"18T","18T2H2S1Q",1,2019-04-26 16:16:00.1130000,13262,0,0,2026-09-19 12:51:13.6170000,43.193060,-75.190830
2063879,"Marulevo",285,22,"34T","34T2H6S2Q",1,2026-09-19 12:52:50.5670000,1145,0,0,2026-09-19 12:52:50.5670000,41.983330,23.150000
2065241,"Delvino",285,22,"34T","34T2H3S4Q",1,2026-09-19 12:53:03.6700000,1044,0,0,2026-09-19 12:53:03.6700000,42.016670,23.133330
2066698,"Dubrava",285,22,"34T","34T2H3S4Q",1,2026-09-19 12:53:10.7070000,761,0,0,2026-09-19 12:53:10.7070000,42.050000,23.116670
2067406,"Barakovo",288,22,"34T","34T2H3S4Q",1,2026-09-19 12:53:16.8300000,5865,0,0,2026-09-19 12:53:25.4530000,42.066670,23.066670
2065239,"Gramada",285,22,"34T","34T2H3S4Q",1,2026-09-19 12:54:11.8330000,1045,0,0,2026-09-19 12:54:11.8330000,42.016670,23.083330
2536776,"Canley",979,77,"30U","30U1H6S3Q",2,2026-09-19 12:57:22.8470000,0,1150,0,2026-09-19 12:57:22.8470000,52.391630,-1.558860
2528858,"Harbury",979,77,"30U","30U1H6S3Q",2,2026-09-19 12:57:35.4100000,0,1150,0,2026-09-19 12:57:35.4100000,52.233330,-1.450000
2533049,"Princethorpe",979,77,"30U","30U1H6S3Q",2,2026-09-19 12:57:45.1670000,0,1150,0,2026-09-19 12:57:45.1670000,52.316670,-1.416670
2530545,"Norton Lindsey",979,77,"30U","30U1H6S3Q",2,2026-09-19 12:57:59.6970000,0,1150,0,2026-09-19 12:57:59.6970000,52.265950,-1.670090
2523831,"Emberton",979,77,"30U","30U1H6S4Q",0,2026-09-19 12:58:04.7630000,0,0,0,2026-09-19 12:58:04.7630000,52.133330,-0.700000
2215789,"Chambly",459,38,"18T","18T1H6S1Q",2,2022-01-19 15:13:23.7330000,360,958370,0,2026-09-19 12:58:07.2800000,45.450080,-73.282460
2524702,"Olney",979,77,"30U","30U1H6S4Q",0,2026-09-19 12:58:09.1500000,0,0,0,2026-09-19 12:58:09.1500000,52.150000,-0.700000
2525545,"Warrington",979,77,"30U","30U1H6S4Q",0,2026-09-19 12:58:15.8430000,0,0,0,2026-09-19 12:58:15.8430000,52.166670,-0.683330
2534246,"Lapworth",979,77,"30U","30U1H6S3Q",2,2026-09-19 12:58:16.2070000,0,1150,0,2026-09-19 12:58:16.2070000,52.336490,-1.761160
2525546,"Lavendon",979,77,"30U","30U1H6S4Q",0,2026-09-19 12:58:36.8370000,0,0,0,2026-09-19 12:58:36.8370000,52.166670,-0.650000
150033,"San Salvador",2383,175,"19L","19L2H1S3Q",1,2026-09-19 12:58:41.3930000,1070,0,0,2026-09-19 12:58:41.3930000,-13.493610,-71.773890
2525547,"Turvey",979,77,"30U","30U1H6S4Q",0,2026-09-19 12:58:42.2600000,0,0,0,2026-09-19 12:58:42.2600000,52.166670,-0.633330
2524703,"Cold Brayfield",979,77,"30U","30U1H6S4Q",0,2026-09-19 12:58:46.5030000,0,0,0,2026-09-19 12:58:46.5030000,52.150000,-0.633330
2491220,"Niederroblingen",703,57,"32U","32U2H3S2Q",2,2026-09-19 12:58:53.2170000,0,1060,0,2026-09-19 12:58:53.2170000,51.433330,11.333330
149680,"Huasac",2383,175,"19L","19L2H1S3Q",1,2026-09-19 12:58:48.5070000,2171,0,0,2026-09-19 12:58:54.8530000,-13.516670,-71.700000
2491219,"Oberroblingen",703,57,"32U","32U2H3S2Q",3,2010-01-01 00:00:00.0000000,0,517,9310,2026-09-19 12:58:57.2400000,51.433330,11.316670
149681,"Huancarane",2383,175,"19L","19L2H1S3Q",1,2026-09-19 12:58:58.6370000,1062,0,0,2026-09-19 12:58:58.6370000,-13.516670,-71.650000
2492726,"Sangerhausen",703,57,"32U","32U2H3S2Q",2,2026-09-19 12:59:02.0570000,0,1077,0,2026-09-19 12:59:02.0570000,51.466670,11.300000
2493510,"Engelsburg",703,57,"32U","32U2H3S2Q",2,2026-09-19 12:59:05.3800000,0,1357,0,2026-09-19 12:59:05.3800000,51.483330,11.266670
2493511,"Helmstal",703,57,"32U","32U2H3S2Q",2,2026-09-19 12:59:08.0100000,0,765,0,2026-09-19 12:59:08.0100000,51.483330,11.300000
2494295,"Gonna",703,57,"32U","32U2H3S2Q",2,2026-09-19 12:59:16.4300000,0,977,0,2026-09-19 12:59:16.4300000,51.500000,11.316670
2495074,"Obersdorf",703,57,"32U","32U2H3S2Q",2,2026-09-19 12:59:38.6130000,0,1066,0,2026-09-19 12:59:38.6130000,51.516670,11.316670
2493512,"Kupferhutte",703,57,"32U","32U2H3S2Q",2,2026-09-19 12:59:53.6070000,0,1087,666,2026-09-19 12:59:53.6070000,51.483330,11.316670
2533216,"Friedrichshof",713,57,"33U","33U1H4S4Q",2,2025-05-19 06:15:36.1000000,0,2413,517,2026-09-19 13:02:06.5770000,52.316670,13.766670
2410845,"Siepraw",2439,180,"34U","34U2H4S2Q",3,2017-06-05 20:06:56.0230000,0,0,1945052,2026-09-19 13:02:08.5730000,49.914370,19.958640
2432264,"Arenberg",706,57,"32U","32U2H1S4Q",2,2010-01-01 00:00:00.0000000,0,148234,0,2026-09-19 13:02:10.3500000,50.366670,7.650000
2715759,"Pannanich",977,77,"30V","30V2H5S2Q",1,2026-09-19 13:02:36.7400000,1102,0,0,2026-09-19 13:02:36.7400000,57.050000,-2.983330
2698881,"Achallader",977,77,"30V","30V2H4S4Q",1,2026-09-19 13:02:45.2530000,1158,0,0,2026-09-19 13:02:45.2530000,56.558250,-4.742830
2706417,"Inchmill",977,77,"30V","30V2H5S3Q",1,2026-09-19 13:02:59.4270000,1115,0,0,2026-09-19 13:02:59.4270000,56.783330,-3.100000
2709928,"Monessie",977,77,"30V","30V2H4S4Q",1,2026-09-19 13:03:17.1370000,1131,0,0,2026-09-19 13:03:17.1370000,56.883330,-4.800000
2757854,"Dorrery",977,77,"30V","30V2H2S3Q",1,2026-09-19 13:03:24.1730000,1086,0,0,2026-09-19 13:03:24.1730000,58.466670,-3.616670
2758846,"Halkirk",977,77,"30V","30V2H2S3Q",1,2026-09-19 13:03:37.0200000,1086,0,0,2026-09-19 13:03:37.0200000,58.500000,-3.500000
2529036,"Gross Schauen",713,57,"33U","33U1H4S4Q",3,2026-09-19 13:04:33.2700000,0,0,1411,2026-09-19 13:04:33.2700000,52.233330,13.916670
1889915,"Potomac Vista",3542,233,"18S","18S1H1S3Q",3,2026-08-26 16:44:00.8900000,0,0,4620,2026-09-19 13:04:56.4000000,38.785950,-77.010810
1889094,"Fort Foote Village",3542,233,"18S","18S1H1S3Q",3,2025-05-19 23:13:20.0600000,0,0,7844,2026-09-19 13:05:13.4270000,38.769840,-77.017480
2547967,"Kirby Muxloe",979,77,"30U","30U1H6S3Q",2,2026-09-19 13:05:49.5570000,0,1150,0,2026-09-19 13:05:49.5570000,52.633380,-1.233220
2547310,"Polesworth",979,77,"30U","30U1H6S3Q",2,2026-09-19 13:06:00.9630000,0,1150,0,2026-09-19 13:06:00.9630000,52.619620,-1.610360
2533045,"Beoley",979,77,"30U","30U1H6S3Q",2,2026-09-19 13:06:11.6870000,0,1150,0,2026-09-19 13:06:11.6900000,52.316670,-1.900000
2542410,"Burbage",979,77,"30U","30U1H6S3Q",2,2026-09-19 13:12:46.0970000,0,1150,0,2026-09-19 13:12:46.0970000,52.516670,-1.350000
2005537,"West Lincoln",3559,233,"14T","14T2H6S4Q",2,2025-08-11 11:35:18.8370000,0,62647,0,2026-09-19 13:12:48.7270000,40.837780,-96.731130
2540898,"Wolvey",979,77,"30U","30U1H6S3Q",2,2026-09-19 13:13:00.5970000,0,1150,0,2026-09-19 13:13:00.5970000,52.483330,-1.366670
1994620,"Kossuth",3563,233,"16T","16T2H6S4Q",3,2022-11-13 17:25:21.4570000,3868,0,12828,2026-09-19 13:13:28.5870000,40.659490,-84.348010
2541650,"Attleborough",979,77,"30U","30U1H6S3Q",2,2026-09-19 13:13:32.7900000,0,1150,0,2026-09-19 13:13:32.7900000,52.500000,-1.450000
2540131,"Wibtoft",979,77,"30U","30U1H6S3Q",2,2026-09-19 13:14:12.3400000,0,1150,0,2026-09-19 13:14:12.3400000,52.466670,-1.283330
2400614,"Markvartice",690,56,"33U","33U2H5S2Q",1,2021-01-23 08:39:15.5900000,1000014,0,0,2026-09-19 13:14:34.5370000,49.700000,15.750000
1937111,"Pebble Run",3555,233,"16S","16S1H2S2Q",3,2015-09-14 22:58:50.8470000,0,0,1018047,2026-09-19 13:15:29.7870000,39.621390,-86.199720
2527513,"Harrold",979,77,"30U","30U1H6S4Q",0,2026-09-19 13:19:47.8530000,0,0,0,2026-09-19 13:19:47.8530000,52.201270,-0.610380
2526892,"Chellington",979,77,"30U","30U1H6S4Q",0,2026-09-19 13:19:53.0130000,0,0,0,2026-09-19 13:19:53.0130000,52.191960,-0.601370
2528517,"Bozeat",979,77,"30U","30U1H6S4Q",0,2026-09-19 13:19:58.2900000,0,0,0,2026-09-19 13:19:58.2900000,52.222700,-0.673260
2528866,"Strixton",979,77,"30U","30U1H6S4Q",0,2026-09-19 13:20:02.7670000,0,0,0,2026-09-19 13:20:02.7670000,52.233330,-0.666670
2049494,"Webatuck",3562,233,"18T","18T2H6S1Q",2,2026-09-19 13:20:36.5900000,0,1054,0,2026-09-19 13:20:36.5900000,41.654260,-73.555680
2526767,"Carlton",979,77,"30U","30U1H6S4Q",0,2026-09-19 13:20:37.6900000,0,0,0,2026-09-19 13:20:37.6900000,52.188010,-0.607040
2048986,"Wingdale",3562,233,"18T","18T2H6S1Q",2,2026-09-19 13:20:39.8670000,0,1028,0,2026-09-19 13:20:39.8670000,41.647040,-73.568180
2526359,"Pavenham",979,77,"30U","30U1H6S4Q",0,2026-09-19 13:20:41.7230000,0,0,0,2026-09-19 13:20:41.7230000,52.183330,-0.550000
2048642,"Wiley Shelter",3562,233,"18T","18T2H6S1Q",2,2026-09-19 13:20:45.4500000,0,1029,0,2026-09-19 13:20:45.4500000,41.637590,-73.532350
2525908,"Oakley",979,77,"30U","30U1H6S4Q",0,2026-09-19 13:20:47.4170000,0,0,0,2026-09-19 13:20:47.4170000,52.168620,-0.526490
2526360,"Milton Ernest",979,77,"30U","30U1H6S4Q",0,2026-09-19 13:20:57.3170000,0,0,0,2026-09-19 13:20:57.3170000,52.183330,-0.516670
1598182,"North Peachtree Woods",3539,233,"16S","16S2H6S2Q",1,2013-12-27 01:52:14.9500000,911589,0,0,2026-09-19 13:21:38.5300000,33.940930,-84.295760
2046394,"Wellsville",3552,233,"18T","18T2H6S1Q",2,2026-09-19 13:22:56.9930000,0,674,0,2026-09-19 13:22:56.9930000,41.597040,-73.414840
2048170,"Washington",3552,233,"18T","18T2H6S1Q",2,2026-09-19 13:23:15.5600000,0,647,175,2026-09-19 13:23:15.5600000,41.631480,-73.310670
2050379,"Romford",3552,233,"18T","18T2H6S1Q",2,2026-09-19 13:23:23.2430000,0,1176,0,2026-09-19 13:23:23.2430000,41.675370,-73.290950
2051928,"Woodville",3552,233,"18T","18T2H6S1Q",2,2026-09-19 13:23:30.9000000,0,661,0,2026-09-19 13:23:30.9000000,41.704820,-73.297060
2538566,"Longford",979,77,"30U","30U1H6S3Q",2,2026-09-19 13:23:38.3530000,0,1150,0,2026-09-19 13:23:38.3530000,52.433330,-1.483330
2056476,"East Cornwall",3552,233,"18T","18T2H6S1Q",2,2026-09-19 13:23:40.2970000,0,761,0,2026-09-19 13:23:40.2970000,41.809260,-73.307340
2057718,"Corner of the Pines",3552,233,"18T","18T2H6S1Q",2,2026-09-19 13:23:45.9900000,12,517,0,2026-09-19 13:23:45.9900000,41.838710,-73.328450
2553159,"Smisby",979,77,"30U","30U1H6S3Q",2,2026-09-19 13:25:11.1000000,0,1150,0,2026-09-19 13:25:11.1000000,52.750000,-1.483330
2555880,"Langley Priory",979,77,"30U","30U1H6S3Q",2,2026-09-19 13:25:16.7100000,0,1150,0,2026-09-19 13:25:16.7100000,52.800190,-1.356360
1544683,"Rhome",3549,233,"14S","14S2H6S1Q",3,2015-11-23 23:45:33.9000000,0,0,2159295,2026-09-19 13:25:43.0300000,33.053460,-97.471970
2417043,"Repki",3439,230,"36U","36U2H3S4Q",1,2013-12-18 18:33:36.3000000,417523,0,0,2026-09-19 13:26:33.1800000,50.047780,35.784170
2416784,"Gukovla",3439,230,"36U","36U2H3S4Q",1,2013-04-30 22:58:08.8930000,417529,0,0,2026-09-19 13:26:45.5530000,50.035830,35.843060
2416765,"Yaroshovka",3439,230,"36U","36U2H3S4Q",1,2013-04-30 22:57:25.6000000,417500,0,0,2026-09-19 13:26:54.1530000,50.034720,35.853060
2416156,"Protopopovka",3439,230,"36U","36U2H3S4Q",1,2013-12-19 01:37:25.3730000,417529,0,0,2026-09-19 13:26:57.6770000,50.026110,35.836390
2415412,"Bezrukov",3439,230,"36U","36U2H3S4Q",1,2013-12-19 01:40:13.5600000,417531,0,0,2026-09-19 13:27:00.9700000,50.012400,35.837920
2537796,"Solihull",979,77,"30U","30U1H6S3Q",2,2026-09-19 13:27:03.8870000,0,1150,0,2026-09-19 13:27:03.8870000,52.416670,-1.783330
2415289,"Vyazovyy",3439,230,"36U","36U2H3S4Q",1,2013-04-30 15:33:28.2570000,417532,0,0,2026-09-19 13:27:06.5330000,50.006670,35.881390
2413932,"Manchenky",3439,230,"36U","36U2H6S2Q",1,2013-12-19 01:44:26.4600000,417537,0,0,2026-09-19 13:27:10.5830000,49.979820,35.858350
2412355,"Lyubotyn",3439,230,"36U","36U2H6S2Q",1,2013-04-30 16:02:36.1570000,417526,0,0,2026-09-19 13:27:21.7170000,49.946910,35.929070
10004,"Semaphore",138,13,"54H","54H1H4S1Q",2,2023-10-20 05:29:49.2030000,0,1288906,0,2026-09-19 13:29:08.1000000,-34.833330,138.483330
1558575,"Chambersville",3549,233,"14S","14S2H6S2Q",1,2026-06-13 13:43:17.6270000,9322,0,517,2026-09-19 13:29:54.8800000,33.306220,-96.635820
2512069,"Terpt",713,57,"33U","33U2H1S2Q",3,2026-09-19 13:30:12.6830000,0,0,778,2026-09-19 13:30:12.6830000,51.883330,13.850000
2624837,"Poleniki",441,36,"35U","35U1H1S4Q",3,2026-09-19 13:30:27.8400000,0,0,931,2026-09-19 13:30:27.8400000,54.366670,25.933330
2625492,"Kol'chuny",441,36,"35U","35U1H1S4Q",3,2026-09-19 13:30:42.7570000,0,0,1862,2026-09-19 13:30:42.7570000,54.383330,25.866670
2624836,"Novopol'ye",441,36,"35U","35U1H1S4Q",3,2026-09-19 13:30:49.4400000,0,0,931,2026-09-19 13:30:49.4400000,54.366670,25.916670
2297620,"Knechtenhofen",715,57,"32T","32T1H3S1Q",3,2024-10-04 22:34:02.0900000,0,0,20778,2026-09-19 13:33:09.9930000,47.555270,10.059360
2498127,"Piskaborn",703,57,"32U","32U2H3S2Q",2,2026-09-19 13:33:50.4170000,0,956,0,2026-09-19 13:33:50.4200000,51.583330,11.366670
2498128,"Wimmelrode",703,57,"32U","32U2H3S2Q",2,2026-09-19 13:33:53.8030000,0,1043,0,2026-09-19 13:33:53.8030000,51.583330,11.383330
2497389,"Baumrode",703,57,"32U","32U2H3S2Q",2,2026-09-19 13:33:58.8870000,0,956,0,2026-09-19 13:33:58.8870000,51.566670,11.383330
2497390,"Blumerode",703,57,"32U","32U2H3S2Q",2,2026-09-19 13:34:02.8170000,0,956,309,2026-09-19 13:34:02.8170000,51.566670,11.416670
2496653,"Annarode",703,57,"32U","32U2H3S2Q",2,2026-09-19 13:34:06.6000000,0,1041,0,2026-09-19 13:34:06.6000000,51.550000,11.400000
2498961,"Vatterode",703,57,"32U","32U2H3S2Q",2,2026-09-19 13:34:12.0770000,0,944,0,2026-09-19 13:34:12.0770000,51.600000,11.433330
142022,"Sutoj",2383,175,"19L","19L2H4S1Q",1,2026-09-19 13:34:16.8400000,691,0,0,2026-09-19 13:34:16.8400000,-14.023330,-71.462220
142017,"Cangelle",2383,175,"19L","19L2H4S1Q",1,2026-09-19 13:34:20.6500000,691,0,0,2026-09-19 13:34:20.6500000,-14.023890,-71.455280
142002,"Checacupe",2383,175,"19L","19L2H4S1Q",1,2026-09-19 13:34:24.7170000,691,0,0,2026-09-19 13:34:24.7170000,-14.026940,-71.452780
2496655,"Kolonie Helbra",703,57,"32U","32U2H3S2Q",2,2026-09-19 13:34:26.0230000,0,641,0,2026-09-19 13:34:26.0230000,51.550000,11.483330
141974,"San Lorenzo",2383,175,"19L","19L2H4S1Q",1,2026-09-19 13:34:27.3830000,691,0,0,2026-09-19 13:34:27.3830000,-14.031110,-71.459720
2497393,"Benndorf",703,57,"32U","32U2H3S2Q",2,2026-09-19 13:34:30.4200000,0,641,0,2026-09-19 13:34:30.4200000,51.566670,11.483330
141743,"Corpaira",2383,175,"19L","19L2H4S1Q",1,2026-09-19 13:34:32.8470000,691,0,0,2026-09-19 13:34:32.8470000,-14.040830,-71.455560
2498129,"Mansfeld",703,57,"32U","32U2H3S2Q",2,2026-09-19 13:34:34.6900000,0,636,0,2026-09-19 13:34:34.6900000,51.583330,11.466670
141715,"Huayrachapi",2383,175,"19L","19L2H4S1Q",1,2026-09-19 13:34:36.7900000,691,0,0,2026-09-19 13:34:36.7930000,-14.045000,-71.480280
141779,"Caca Iglesia",2383,175,"19L","19L2H4S1Q",1,2026-09-19 13:34:37.8470000,691,0,0,2026-09-19 13:34:37.8470000,-14.035000,-71.489170
141727,"Collana",2383,175,"19L","19L2H4S1Q",1,2026-09-19 13:34:40.6170000,691,0,0,2026-09-19 13:34:40.6170000,-14.043060,-71.493610
2793735,"Suolaakso",927,70,"35V","35V1H4S3Q",2,2014-04-11 10:55:25.0470000,0,1200592,0,2026-09-19 13:35:03.0330000,60.291190,24.530150
2286592,"Ball Club",3558,233,"15T","15T1H2S1Q",2,2016-08-19 01:37:26.0330000,0,41076,0,2026-09-19 13:35:34.4070000,47.325790,-93.936060
2297604,"Inger",3558,233,"15T","15T1H2S1Q",2,2019-01-10 13:55:51.3530000,0,50380,0,2026-09-19 13:35:47.2870000,47.554120,-93.985220
2300975,"Squaw Lake",3558,233,"15T","15T1H1S2Q",2,2019-08-11 09:10:44.7570000,0,20387,0,2026-09-19 13:36:06.3330000,47.632450,-94.136330
2318196,"Gemmell",3558,233,"15T","15T1H1S2Q",2,2019-01-04 00:32:41.4600000,0,3500,0,2026-09-19 13:36:45.8000000,47.973290,-94.123820
1387313,"Monaville",3549,233,"14R","14R1H6S2Q",1,2013-10-22 13:38:07.4970000,19542072,0,0,2026-09-19 13:40:56.4400000,29.950780,-96.038850
2215383,"Richelieu",459,38,"18T","18T1H6S1Q",2,2023-04-18 16:33:52.3900000,660,985401,0,2026-09-19 13:41:07.3800000,45.443360,-73.246020
2510487,"Stobritz",713,57,"33U","33U2H1S2Q",3,2026-09-19 13:41:26.2800000,0,0,658,2026-09-19 13:41:26.2800000,51.850000,13.833330
2215788,"Carignan",459,38,"18T","18T1H6S1Q",2,2022-01-19 15:13:27.1370000,360,767412,0,2026-09-19 13:41:31.7500000,45.450080,-73.299160
2510488,"Hindenberg",713,57,"33U","33U2H1S2Q",3,2026-09-19 13:41:43.7170000,0,0,663,2026-09-19 13:41:43.7170000,51.850000,13.850000
2510486,"Willmersdorf",713,57,"33U","33U2H1S2Q",3,2026-09-19 13:41:54.4300000,0,0,756,2026-09-19 13:41:54.4300000,51.850000,13.816670
2512066,"Schollen",713,57,"33U","33U2H1S2Q",3,2026-09-19 13:42:12.2170000,0,0,701,2026-09-19 13:42:12.2170000,51.883330,13.716670
2232829,"La Fouly",506,43,"32T","32T1H4S2Q",1,2022-04-15 13:03:28.1000000,11386,11374,0,2026-09-19 13:43:02.6570000,45.933330,7.083330
2807352,"Pori",929,70,"34V","34V1H5S2Q",0,2026-09-19 13:43:14.8830000,0,0,0,2026-09-19 13:43:14.8830000,61.483330,21.783330
2411983,"Revchik",3439,230,"36U","36U2H6S2Q",1,2013-04-30 16:03:10.7830000,417538,0,0,2026-09-19 13:44:12.5400000,49.933330,35.900000
2412958,"Kovalenkov",3439,230,"36U","36U2H6S2Q",1,2013-05-01 00:51:48.7330000,417512,0,0,2026-09-19 13:44:20.8170000,49.957290,35.873790
2618851,"Kozlovshchina",441,36,"35U","35U1H1S4Q",3,2026-09-19 13:44:25.8130000,0,0,931,2026-09-19 13:44:25.8130000,54.216670,25.966670
2412313,"Barchany",3439,230,"36U","36U2H6S2Q",1,2013-05-01 00:53:46.0000000,417543,0,0,2026-09-19 13:44:27.4700000,49.944920,35.853620
2618850,"Dorgishki",441,36,"35U","35U1H1S4Q",3,2026-09-19 13:44:29.2470000,0,0,931,2026-09-19 13:44:29.2470000,54.216670,25.950000
2618849,"Pashkishki",441,36,"35U","35U1H1S4Q",3,2026-09-19 13:44:35.7230000,0,0,931,2026-09-19 13:44:35.7230000,54.216670,25.933330
2620196,"Podgay",441,36,"35U","35U1H1S4Q",3,2026-09-19 13:44:40.0800000,0,0,931,2026-09-19 13:44:40.0800000,54.250000,25.883330
2411432,"Karavan",3439,230,"36U","36U2H6S2Q",1,2013-04-30 16:04:17.6770000,417521,0,0,2026-09-19 13:44:48.6330000,49.923210,35.883920
2410447,"Ogul'tsy",3439,230,"36U","36U2H6S2Q",1,2013-05-01 01:34:42.8470000,417535,0,0,2026-09-19 13:44:54.0700000,49.900000,35.833330
2458936,"Veldwezelt",256,20,"31U","31U2H3S4Q",1,2026-07-31 09:47:19.0870000,100436,0,0,2026-09-19 13:45:03.4930000,50.863500,5.628650
2415121,"Kharkiv",3439,230,"37U","37U2H4S1Q",1,2013-07-01 22:01:36.8670000,4136366,0,0,2026-09-19 13:45:27.7430000,50.000000,36.250000
2415414,"Dal'nya Zhuravlivka",3439,230,"37U","37U2H1S3Q",1,2013-04-22 00:25:30.0400000,2182606,0,0,2026-09-19 13:45:38.2970000,50.012500,36.272140
2665202,"Bica",2671,192,"37U","37U1H1S2Q",2,2021-09-08 18:33:17.9800000,0,2126341,0,2026-09-19 13:46:48.9830000,55.567500,37.627220
1801557,"Spencer",3543,233,"15S","15S1H5S1Q",2,2017-02-22 15:27:43.4600000,0,369474,0,2026-09-19 13:47:06.4500000,37.184500,-93.702430
2529032,"Prierosbruck",713,57,"33U","33U1H4S4Q",2,2026-09-19 13:47:31.7600000,0,960,0,2026-09-19 13:47:31.7600000,52.233330,13.766670
2297253,"Hinterstaufen",715,57,"32T","32T1H3S1Q",3,2024-10-04 23:03:28.7000000,0,0,20788,2026-09-19 13:47:40.1000000,47.550000,10.050000
2825621,"Melekhovo",2698,192,"37W","37W2H6S3Q",2,2025-01-23 17:38:26.4770000,248,1311,0,2026-09-19 13:50:08.0130000,64.466670,40.616670
2217523,"Melzo",1375,110,"32T","32T1H5S2Q",1,2025-10-04 00:08:01.5770000,110247,0,0,2026-09-19 13:52:23.4170000,45.501270,9.425250
1322830,"Holiday Manor",3538,233,"17R","17R1H5S3Q",2,2026-07-12 04:19:42.6400000,0,326955,188523,2026-09-19 13:53:32.5600000,28.159180,-81.686190
1381478,"Redwood",3549,233,"14R","14R1H6S1Q",3,2026-01-01 04:20:26.9970000,0,0,800980,2026-09-19 14:02:03.2700000,29.810220,-97.911390
2218601,"Saint-Bruno-de-Montarville",459,38,"18T","18T1H6S1Q",1,2026-09-09 12:50:16.7730000,120149,0,0,2026-09-19 14:03:58.8970000,45.533410,-73.349160
2222415,"Saint-Amable",459,38,"18T","18T1H6S1Q",1,2026-08-17 19:40:07.6100000,110864,0,0,2026-09-19 14:04:15.3800000,45.650080,-73.299160
2297650,"Wengen",715,57,"32T","32T1H3S1Q",3,2024-10-04 23:03:38.9200000,0,0,20759,2026-09-19 14:06:49.0270000,47.556550,10.045280
2825457,"Zaruchey",2698,192,"37W","37W2H6S3Q",1,2026-09-19 13:52:48.2930000,1071,300,0,2026-09-19 14:09:36.0700000,64.446390,40.634170
2282401,"Merenschwand",528,43,"32T","32T1H2S1Q",3,2026-03-26 10:37:10.5700000,0,0,1244193,2026-09-19 14:10:09.7100000,47.250000,8.366670
2444111,"Reiskirchen",710,57,"32U","32U2H2S3Q",2,2013-12-10 09:42:21.8570000,0,1969921,0,2026-09-19 14:10:09.7170000,50.600000,8.833330
2031036,"Torregasa",909,68,"31T","31T2H4S2Q",3,2026-05-15 15:15:00.4900000,0,0,2067,2026-09-19 14:10:39.2630000,41.290830,1.524120
2082147,"Baykalsko",279,22,"34T","34T2H3S3Q",1,2010-01-01 00:00:00.0000000,684817,0,0,2026-09-19 14:10:43.5300000,42.403890,22.828610
2795466,"Halikko",929,70,"34V","34V1H6S4Q",1,2016-07-15 09:02:40.5530000,36101,0,0,2026-09-19 14:11:45.8730000,60.400000,23.083330
1391893,"Pine Island",3549,233,"14R","14R1H3S4Q",1,2016-12-10 20:17:34.9330000,12634471,0,0,2026-09-19 14:11:46.4100000,30.058000,-96.037460
2807301,"Tiilimaeki",3833,70,"34V","34V1H5S2Q",3,2026-09-19 14:13:23.7870000,0,0,985,2026-09-19 14:13:23.7870000,61.475430,21.778850
2807307,"Riihiketo",3833,70,"34V","34V1H5S2Q",3,2026-09-19 14:13:29.9430000,0,0,1040,2026-09-19 14:13:29.9430000,61.477810,21.798330
2807282,"Uusi Koivisto",3833,70,"34V","34V1H5S2Q",3,2026-09-19 14:13:34.8370000,0,0,1095,2026-09-19 14:13:34.8370000,61.472110,21.813440
2807415,"Itaetulli",3833,70,"34V","34V1H5S2Q",3,2026-09-19 14:13:39.5370000,0,0,1122,2026-09-19 14:13:39.5370000,61.483960,21.806230
2807321,"Musa",3833,70,"34V","34V1H5S2Q",3,2026-09-19 14:13:48.9130000,0,0,2076,2026-09-19 14:13:52.5900000,61.481820,21.741510
2807162,"Liikastenmaeki",3833,70,"34V","34V1H5S2Q",3,2026-09-19 14:13:56.4830000,600,0,894,2026-09-19 14:13:56.4830000,61.461160,21.750180
2807166,"Hankreeti",3833,70,"34V","34V1H5S2Q",3,2026-09-19 14:14:00.7470000,600,0,853,2026-09-19 14:14:00.7470000,61.462440,21.729410
1683299,"Cosnino",3572,233,"12S","12S2H2S1Q",1,2013-02-02 23:55:02.1200000,8340337,0,0,2026-09-19 14:19:10.3530000,35.205570,-111.474880
2501285,"Stangerode",703,57,"32U","32U2H3S2Q",2,2026-09-19 14:20:24.1970000,0,1596,0,2026-09-19 14:20:24.1970000,51.650000,11.350000
2500494,"Ritterode",703,57,"32U","32U2H3S2Q",2,2026-09-19 14:20:49.5500000,0,2072,1253,2026-09-19 14:20:49.5500000,51.633330,11.450000
2496656,"Helbra",703,57,"32U","32U2H3S2Q",2,2026-09-19 14:20:58.1400000,0,639,0,2026-09-19 14:20:58.1400000,51.550000,11.500000
2501287,"Hettstedt",703,57,"32U","32U2H3S2Q",2,2026-09-19 14:21:04.3500000,0,988,0,2026-09-19 14:21:04.3500000,51.650000,11.500000
1960453,"Northwood",3584,233,"18T","18T2H5S3Q",3,2023-05-23 18:56:03.9800000,0,0,120515,2026-09-19 14:21:10.4570000,40.020110,-75.096010
2504331,"Schackstedt",703,57,"32U","32U2H3S2Q",2,2026-09-19 14:21:19.5900000,0,1053,0,2026-09-19 14:21:19.5900000,51.716670,11.616670
2508914,"Neundorf",703,57,"32U","32U2H3S2Q",2,2026-09-19 14:21:25.7500000,0,1052,0,2026-09-19 14:21:25.7500000,51.816670,11.566670
2543561,"Gniezno",2451,180,"33U","33U1H6S4Q",3,2026-03-22 14:47:28.5900000,0,0,33844,2026-09-19 14:22:17.1130000,52.534810,17.582590
2519065,"Schlepzig",713,57,"33U","33U1H4S4Q",3,2026-09-19 14:25:16.6270000,0,0,715,2026-09-19 14:25:16.6270000,52.033330,13.900000
1896455,"LeDroit Park",3536,233,"18S","18S1H1S3Q",3,2025-06-24 19:07:13.9670000,97800,0,694979,2026-09-19 14:26:38.6500000,38.915940,-77.015810
2622273,"Norshty",441,36,"35U","35U1H1S4Q",3,2026-09-19 14:27:49.9930000,0,0,931,2026-09-19 14:27:49.9930000,54.300000,25.933330
2622950,"Loytsevshchizha",441,36,"35U","35U1H1S4Q",3,2026-09-19 14:27:58.1200000,0,0,931,2026-09-19 14:27:58.1200000,54.316670,25.933330
2623572,"Len'kovshchizna",441,36,"35U","35U1H1S4Q",3,2026-09-19 14:28:19.2130000,0,0,931,2026-09-19 14:28:19.2130000,54.333330,25.933330
2624834,"Gorodniki",441,36,"35U","35U1H1S4Q",3,2026-09-19 14:28:27.5470000,0,0,964,2026-09-19 14:28:27.5470000,54.366670,25.866670
2626114,"Antony",441,36,"35U","35U1H1S4Q",3,2026-09-19 14:28:38.9170000,0,0,1066,2026-09-19 14:28:38.9200000,54.400000,25.816670
1974823,"Geneva",3571,233,"12T","12T2H5S3Q",1,2026-05-28 23:08:33.0230000,3526,0,0,2026-09-19 14:30:09.1470000,40.282450,-111.732150
1975625,"Vineyard",3571,233,"12T","12T2H5S3Q",1,2026-05-28 23:08:28.9800000,3549,0,0,2026-09-19 14:30:14.0030000,40.297040,-111.746700
2626675,"Daukshishki",441,36,"35U","35U1H1S4Q",3,2026-09-19 14:30:16.7970000,0,0,1075,2026-09-19 14:30:16.7970000,54.416670,25.816670
1976394,"Orem Station",3571,233,"12T","12T2H5S3Q",1,2026-08-24 00:20:08.2370000,5900,0,0,2026-09-19 14:30:21.5830000,40.309680,-111.704930
141699,"Misquiuno",2383,175,"19L","19L2H4S1Q",1,2026-09-19 14:31:15.7530000,691,0,0,2026-09-19 14:31:15.7530000,-14.048330,-71.480000
2303001,"Puspokmajor",1217,100,"34T","34T1H1S2Q",3,2024-12-30 10:40:23.5900000,0,0,2624673,2026-09-19 14:31:15.8970000,47.666670,19.066670
141508,"Cospana",2383,175,"19L","19L2H4S1Q",1,2026-09-19 14:31:18.0900000,691,0,0,2026-09-19 14:31:18.0900000,-14.057220,-71.479720
141694,"Molino Pata",2383,175,"19L","19L2H4S1Q",1,2026-09-19 14:31:21.1830000,691,0,0,2026-09-19 14:31:21.1830000,-14.049170,-71.500830
141505,"Acopia",2383,175,"19L","19L2H4S1Q",1,2026-09-19 14:31:23.4100000,691,0,0,2026-09-19 14:31:23.4100000,-14.058610,-71.493890
141473,"Patacancha",2383,175,"19L","19L2H4S1Q",1,2026-09-19 14:31:26.2970000,691,0,0,2026-09-19 14:31:26.2970000,-14.064170,-71.477500
141467,"Iscuchaca",2383,175,"19L","19L2H4S1Q",3,2014-05-11 04:31:15.2330000,517,0,775,2026-09-19 14:31:29.2470000,-14.065000,-71.450560
141220,"Tactabamba",2383,175,"19L","19L2H4S1Q",1,2026-09-19 14:31:31.2170000,691,0,0,2026-09-19 14:31:31.2170000,-14.082220,-71.462500
141041,"Chilcane",2383,175,"19L","19L2H4S1Q",1,2026-09-19 14:31:33.3730000,691,0,0,2026-09-19 14:31:33.3730000,-14.085830,-71.445280
2627866,"Talminovo",441,36,"35U","35U1H1S4Q",3,2026-09-19 14:31:57.8600000,0,0,1075,2026-09-19 14:31:57.8600000,54.450000,25.850000
2627867,"Yagellovshchyzna",441,36,"35U","35U1H1S4Q",3,2026-09-19 14:34:29.4300000,0,0,985,2026-09-19 14:34:29.4300000,54.450000,25.916670
2220714,"Sainte-Madeleine",459,38,"18T","18T1H6S1Q",2,2021-01-07 20:10:31.6700000,517,986496,0,2026-09-19 14:35:14.3570000,45.600080,-73.099140
1996638,"Easton",3584,233,"18T","18T2H5S3Q",1,2025-12-19 23:32:06.1530000,889174,0,0,2026-09-19 14:35:18.2600000,40.688430,-75.220730
1932745,"Lawrence Corner",3561,233,"18S","18S1H2S1Q",2,2021-06-09 16:14:20.5470000,1500,330623,0,2026-09-19 14:35:18.2700000,39.549560,-75.135180
2627868,"Krakovka",441,36,"35U","35U1H2S3Q",3,2026-09-19 14:37:17.3070000,0,0,859,2026-09-19 14:37:17.3070000,54.450000,26.000000
2628442,"Petrule",441,36,"35U","35U1H2S3Q",3,2026-09-19 14:37:28.8600000,0,0,1033,2026-09-19 14:37:28.8600000,54.466670,26.000000
2217661,"Montreal",459,38,"18T","18T1H6S1Q",1,2016-11-12 03:39:02.8630000,142944657,0,0,2026-09-19 14:37:47.7300000,45.508840,-73.587810
2628444,"Zhuprany",441,36,"35U","35U1H2S3Q",3,2026-09-19 14:39:57.0100000,0,0,857,2026-09-19 14:39:57.0100000,54.466670,26.083330
2628443,"Shumelishki",441,36,"35U","35U1H2S3Q",1,2021-06-08 13:59:19.2070000,1419,0,1083,2026-09-19 14:40:28.4570000,54.466670,26.050000
2511284,"Stennewitz",713,57,"33U","33U2H1S2Q",2,2021-04-10 12:36:49.7400000,0,11059,0,2026-09-19 14:41:20.4300000,51.866670,13.950000
30699,"Bethania Junction",142,13,"56J","56J1H5S4Q",2,2018-05-08 11:43:33.8630000,0,7167268,0,2026-09-19 14:41:46.8570000,-27.683330,153.166670
2807417,"Kaeppaerae",3833,70,"34V","34V1H5S2Q",1,2021-10-10 06:45:06.1200000,433019,0,0,2026-09-19 14:44:31.4870000,61.484820,21.762630
1986179,"Livadakion",1066,89,"34T","34T2H6S3Q",2,2017-04-27 15:43:28.5700000,10177,626843,0,2026-09-19 14:44:32.7900000,40.509480,22.964310
2807436,"Karjaranta",3833,70,"34V","34V1H5S2Q",3,2026-09-19 14:44:40.8030000,0,0,1919,2026-09-19 14:44:40.8030000,61.489200,21.764430
2601933,"Mikolajki",2444,180,"34U","34U1H5S2Q",1,2026-09-16 04:16:02.4170000,87844,16224,1500,2026-09-19 14:44:51.5500000,53.802880,21.570110
2807592,"Hanhiluoto",3833,70,"34V","34V1H5S2Q",1,2025-09-26 09:10:55.4470000,1800,0,1025,2026-09-19 14:44:57.5000000,61.502720,21.762030
2807605,"Rantakulma",3833,70,"34V","34V1H5S2Q",1,2025-09-26 09:10:59.3830000,1343,0,1009,2026-09-19 14:45:04.8930000,61.507750,21.719800
2807616,"Ulasoori",929,70,"34V","34V1H5S2Q",3,2026-09-19 14:45:11.0400000,600,0,1034,2026-09-19 14:45:11.0400000,61.510990,21.712420
2806403,"Muuvinmaeki",3833,70,"34V","34V1H5S2Q",1,2013-08-09 21:18:31.5270000,6166,0,1717,2026-09-19 14:45:29.6570000,61.355970,21.643670
2806396,"Hanni",929,70,"34V","34V1H5S2Q",1,2025-09-26 09:14:46.7130000,4996,0,517,2026-09-19 14:45:35.5700000,61.351240,21.606330
2806401,"Luoto",929,70,"34V","34V1H5S2Q",1,2013-07-29 15:52:13.1730000,18797,0,1117,2026-09-19 14:45:40.7900000,61.355270,21.603840
2806054,"Lemlahti",929,70,"34V","34V1H5S2Q",3,2026-09-19 14:45:46.2230000,3077,0,3441,2026-09-19 14:45:46.2230000,61.319410,21.589510
2548498,"Linderveld",2275,167,"32U","32U1H4S3Q",1,2026-09-19 14:47:10.4730000,1012,0,0,2026-09-19 14:47:10.4770000,52.650000,6.500000
2516849,"Biebersdorf",713,57,"33U","33U2H1S2Q",3,2026-09-19 14:47:21.7970000,0,0,663,2026-09-19 14:47:21.7970000,51.983330,13.966670
2517580,"Gross Leine",713,57,"33U","33U2H2S1Q",3,2026-09-19 14:47:27.9670000,0,0,1044,2026-09-19 14:47:27.9670000,52.000000,14.066670
2518309,"Leibchel",713,57,"33U","33U1H5S3Q",3,2026-09-19 14:47:36.7700000,0,0,1691,2026-09-19 14:47:36.7700000,52.016670,14.083330
2516850,"Mochow",713,57,"33U","33U2H2S1Q",3,2026-09-19 14:47:46.7670000,0,791,1034,2026-09-19 14:47:46.7670000,51.983330,14.200000
2516851,"Lamsfeld",713,57,"33U","33U2H2S1Q",2,2021-10-10 15:38:58.7730000,0,1611,517,2026-09-19 14:47:53.5130000,51.983330,14.216670
1868789,"Walmort",3567,233,"10S","10S1H3S3Q",3,2026-09-15 17:30:11.1130000,0,478964,1402347,2026-09-19 14:47:58.6530000,38.380470,-121.244110
1519045,"Seabrook Island",3547,233,"17S","17S2H5S4Q",2,2025-10-26 22:30:01.5370000,0,60178,0,2026-09-19 14:48:30.9130000,32.577130,-80.170650
2615587,"Flat Lake",450,38,"12U","12U1H2S3Q",2,2026-05-10 16:42:26.6370000,0,4812,0,2026-09-19 14:48:32.4670000,54.133480,-111.151780
2511243,"Stassfurt",703,57,"32U","32U2H3S2Q",2,2026-09-19 14:50:16.2570000,0,1056,0,2026-09-19 14:50:16.2570000,51.866670,11.583330
2510453,"Leopoldshall",703,57,"32U","32U2H3S2Q",2,2026-09-19 14:50:19.2100000,0,1052,0,2026-09-19 14:50:19.2100000,51.850000,11.583330
2512037,"Thie",703,57,"32U","32U2H3S2Q",2,2026-09-19 14:50:22.5600000,0,1043,0,2026-09-19 14:50:22.5600000,51.883330,11.533330
2300420,"Oberdolden",715,57,"32T","32T1H3S1Q",3,2024-10-07 11:18:46.0830000,0,0,20814,2026-09-19 14:50:25.3200000,47.616670,10.550000
2512038,"Neu Stassfurt",703,57,"32U","32U2H3S2Q",2,2026-09-19 14:50:26.1170000,0,1043,0,2026-09-19 14:50:26.1170000,51.883330,11.550000
2511242,"Gansefurth",703,57,"32U","32U2H3S2Q",2,2026-09-19 14:50:28.6600000,0,1043,0,2026-09-19 14:50:28.6600000,51.866670,11.533330
2300418,"Voglen",715,57,"32T","32T1H3S1Q",3,2024-10-03 19:17:30.2970000,0,0,21040,2026-09-19 14:50:32.1300000,47.616670,10.533330
2512036,"Gross Bornecke",703,57,"32U","32U2H3S2Q",2,2026-09-19 14:50:32.3500000,0,1058,0,2026-09-19 14:50:32.3500000,51.883330,11.483330
2512818,"Rothenforde",703,57,"32U","32U2H3S2Q",2,2026-09-19 14:50:35.8870000,0,1043,0,2026-09-19 14:50:35.8870000,51.900000,11.516670
2512819,"Athensleben",703,57,"32U","32U2H3S2Q",2,2026-09-19 14:50:39.2930000,0,1053,0,2026-09-19 14:50:39.2930000,51.900000,11.533330
2232253,"Ferret",506,43,"32T","32T1H4S2Q",1,2021-02-20 13:44:53.1800000,17252,9823,0,2026-09-19 14:51:49.8930000,45.916670,7.100000
2162958,"High Valley",3573,233,"11T","11T1H5S4Q",3,2023-05-04 01:51:56.2100000,0,0,54599,2026-09-19 14:53:00.4630000,44.224060,-116.154850
1381528,"Redwood",3549,233,"14R","14R1H6S1Q",3,2026-01-01 20:54:18.6670000,0,0,744612,2026-09-19 14:53:15.0370000,29.811270,-97.908850
2498828,"Eind",2270,167,"31U","31U2H3S2Q",1,2026-09-19 14:53:36.8800000,943,0,0,2026-09-19 14:53:36.8800000,51.600000,5.233330
2513616,"Hakeborn",703,57,"32U","32U2H3S2Q",2,2026-09-19 14:54:43.7400000,0,1058,0,2026-09-19 14:54:43.7400000,51.916670,11.366670
1975335,"Snow",3571,233,"12T","12T2H5S3Q",1,2026-09-11 01:10:11.9100000,1769,0,0,2026-09-19 14:54:47.0330000,40.289680,-111.695480
1974645,"Lincoln",3571,233,"12T","12T2H5S3Q",1,2026-05-28 23:08:38.2930000,4832,0,0,2026-09-19 14:54:53.9830000,40.278840,-111.695200
2513617,"Atzendorf",703,57,"32U","32U2H3S2Q",2,2026-09-19 14:54:54.3000000,0,1051,0,2026-09-19 14:54:54.3000000,51.916670,11.600000
1976306,"Caryhurst",3571,233,"12T","12T2H5S3Q",1,2023-07-25 16:41:48.4530000,57228,0,0,2026-09-19 14:55:02.8830000,40.307730,-111.654640
1976686,"Olmstead",3571,233,"12T","12T2H5S3Q",1,2026-08-24 00:13:25.7130000,8240,0,0,2026-09-19 14:55:09.0170000,40.316620,-111.654370
2502651,"Plein",2270,167,"31U","31U2H3S2Q",3,2019-02-24 20:40:18.3030000,2077762,0,6160130,2026-09-19 14:56:08.9670000,51.680000,5.422220
2226698,"Notre-Dame-de-la-Salette",459,38,"18T","18T1H5S1Q",2,2021-05-28 10:14:49.8330000,0,970389,0,2026-09-19 14:56:11.4970000,45.767520,-75.584820
2223573,"Saint-Charles-sur-Richelieu",459,38,"18T","18T1H6S1Q",2,2022-01-19 15:13:38.6800000,29838,2917492,0,2026-09-19 14:56:52.3030000,45.683380,-73.182450
2226034,"Calixa-Lavallee",459,38,"18T","18T1H6S1Q",1,2026-09-11 19:26:16.9270000,110185,0,0,2026-09-19 14:56:59.2770000,45.750080,-73.282460
2417037,"Zelene",3439,230,"37U","37U2H1S3Q",1,2013-04-22 14:50:10.4900000,2077533,0,0,2026-09-19 14:58:36.2300000,50.047600,36.186420
2416015,"Nakhailvka",3439,230,"37U","37U2H1S3Q",1,2013-04-21 23:36:30.9200000,2037536,0,0,2026-09-19 14:58:53.5400000,50.019810,36.174860
2415290,"Lisa Hora",3439,230,"37U","37U2H1S3Q",1,2013-04-21 23:14:19.5330000,2047522,0,0,2026-09-19 14:58:59.4770000,50.006700,36.184310
2414656,"Zalyutino",3439,230,"37U","37U2H4S1Q",1,2013-04-22 07:53:25.3900000,2070037,0,0,2026-09-19 14:59:09.9600000,49.991670,36.134170
2412754,"Lipovaya Rosheha",3439,230,"37U","37U2H4S1Q",1,2013-04-22 07:49:37.1370000,2008765,0,0,2026-09-19 14:59:18.1770000,49.950000,36.166670
2410864,"Pokotylivka",3439,230,"37U","37U2H4S1Q",1,2013-04-24 08:10:48.9330000,2008882,0,0,2026-09-19 14:59:25.8830000,49.915280,36.177220
2411984,"Osnova",3439,230,"37U","37U2H4S1Q",1,2013-04-23 08:31:46.1400000,1998785,0,0,2026-09-19 14:59:42.8700000,49.933330,36.266670
1842687,"Orinda Village",3567,233,"10S","10S1H5S2Q",2,2025-08-26 02:08:32.3270000,0,3051122,0,2026-09-19 14:59:49.5900000,37.887430,-122.195520
2410808,"Kotlyary",3439,230,"37U","37U2H4S1Q",1,2013-07-03 13:36:50.3430000,1992736,0,0,2026-09-19 14:59:50.2170000,49.912780,36.273890
2319156,"Russko-Prokhorovskiy",2660,192,"37T","37T1H3S1Q",2,2026-09-19 15:04:30.7370000,0,3547,0,2026-09-19 15:04:35.1100000,47.994170,40.188060
2319963,"Maloye Zverevo",2660,192,"37U","37U2H6S3Q",2,2026-09-19 15:05:11.5300000,0,3558,0,2026-09-19 15:05:18.5870000,48.013600,40.144200
2320722,"Zverevo",2660,192,"37U","37U2H6S3Q",2,2026-09-19 15:05:31.6400000,0,3438,0,2026-09-19 15:06:09.0530000,48.023600,40.120000
2072370,"Four Corners",3583,233,"18T","18T2H3S4Q",3,2026-07-24 16:53:57.3770000,0,0,730982,2026-09-19 15:07:26.9400000,42.185930,-72.348140
1516443,"Elva",3549,233,"14S","14S2H6S4Q",3,2023-12-22 22:15:00.8630000,0,0,2468391,2026-09-19 15:08:31.2770000,32.526800,-96.794720
2429326,"Strilecha",3439,230,"37U","37U2H1S3Q",1,2013-08-27 15:13:58.4500000,2000043,0,0,2026-09-19 15:08:54.0970000,50.301630,36.400810
2411490,"Harpertshausen",710,57,"32U","32U2H5S1Q",2,2014-07-14 05:08:07.0130000,0,437565,0,2026-09-19 15:09:21.6100000,49.925830,8.916940
2424585,"Liptsi",3439,230,"37U","37U2H1S3Q",1,2013-04-28 06:02:44.1670000,2000097,0,0,2026-09-19 15:10:04.4730000,50.203110,36.405110
2303290,"Ballard",3578,233,"10T","10T1H2S2Q",1,2020-12-31 22:18:23.9570000,4024192,0,0,2026-09-19 15:11:08.9830000,47.675930,-122.387350
2211483,"Tsementna Slobidka",3435,230,"37T","37T1H4S1Q",1,2026-09-19 15:11:17.2730000,2100,1054,0,2026-09-19 15:11:42.8830000,45.330990,36.469200
2522309,"Neu Schadow",713,57,"33U","33U1H4S4Q",3,2026-09-19 15:12:05.2630000,0,0,789,2026-09-19 15:12:05.2630000,52.100000,13.933330
2523161,"Koplin",713,57,"33U","33U1H4S4Q",3,2026-09-19 15:12:11.5470000,0,0,789,2026-09-19 15:12:11.5470000,52.116670,13.916670
2522307,"Neuendorf am See",713,57,"33U","33U1H4S4Q",3,2026-09-19 15:12:17.7830000,0,0,794,2026-09-19 15:12:17.7830000,52.100000,13.900000
2521498,"Damm",713,57,"33U","33U1H4S4Q",3,2026-09-19 15:12:21.5470000,0,0,789,2026-09-19 15:12:21.5470000,52.083330,13.866670
2520667,"Gross Wasserburg",713,57,"33U","33U1H4S4Q",3,2026-09-19 15:12:25.5570000,0,474,517,2026-09-19 15:12:25.5570000,52.066670,13.850000
2519064,"Krausnick",713,57,"33U","33U1H4S4Q",3,2026-09-19 15:12:30.7870000,0,0,778,2026-09-19 15:12:30.7870000,52.033330,13.833330
2531610,"Bindow",713,57,"33U","33U1H4S4Q",2,2025-05-21 14:31:52.6130000,0,7938,0,2026-09-19 15:12:51.5200000,52.283330,13.750000
1885322,"Saint Andrews Village",3567,233,"10S","10S1H3S3Q",2,2012-08-10 00:52:54.1070000,0,3965349,0,2026-09-19 15:13:47.4200000,38.697400,-121.081060
2321512,"Pervomayskiy",2660,192,"37U","37U2H6S3Q",2,2026-09-19 15:09:11.9470000,0,2500,0,2026-09-19 15:14:02.3500000,48.038800,40.091300
2425139,"Giszowiec",2450,180,"34U","34U2H1S4Q",1,2024-08-04 10:18:40.8100000,450404,0,0,2026-09-19 15:15:09.9000000,50.216670,19.066670
2321460,"Molokanskiy",2660,192,"37U","37U2H6S3Q",2,2026-09-19 15:14:18.9870000,0,2500,0,2026-09-19 15:15:13.0530000,48.035900,40.082700
2278079,"Oberweg",131,12,"33T","33T1H2S1Q",1,2019-02-03 21:09:25.8170000,18515940,0,0,2026-09-19 15:16:09.5700000,47.150000,14.633330
2181461,"San Rigo",1379,110,"32T","32T1H6S3Q",1,2019-12-16 12:43:43.8870000,122614,0,359,2026-09-19 15:17:42.4330000,44.666670,10.566670
2321399,"Oktyabr'skiy",2660,192,"37U","37U2H6S3Q",2,2026-09-19 15:21:57.3770000,0,3545,0,2026-09-19 15:22:22.8470000,48.033330,40.050000
2514393,"Unseburg",703,57,"32U","32U2H3S2Q",2,2026-09-19 15:22:34.7470000,0,1052,0,2026-09-19 15:22:34.7470000,51.933330,11.500000
2510451,"Klussiedlung",703,57,"32U","32U2H3S2Q",2,2026-09-19 15:22:43.6900000,0,949,0,2026-09-19 15:22:43.6900000,51.850000,11.050000
2506626,"Weddersleben",703,57,"32U","32U2H3S2Q",2,2026-09-19 15:22:58.6030000,0,1023,0,2026-09-19 15:22:58.6070000,51.766670,11.083330
2505842,"Thale",703,57,"32U","32U2H3S2Q",2,2026-09-19 15:23:11.9400000,0,1023,42,2026-09-19 15:23:11.9400000,51.750000,11.050000
2506625,"Warnstedt",703,57,"32U","32U2H3S2Q",2,2026-09-19 15:23:15.6600000,0,1023,0,2026-09-19 15:23:15.6600000,51.766670,11.050000
2506624,"Beneckenrode",703,57,"32U","32U2H3S2Q",2,2026-09-19 15:23:18.8700000,0,1023,0,2026-09-19 15:23:18.8700000,51.766670,11.033330
2501281,"Guntersberge",703,57,"32U","32U2H3S1Q",2,2026-09-19 15:23:26.5730000,0,951,0,2026-09-19 15:23:26.5730000,51.650000,10.983330
2499704,"Lindenberg",703,57,"32U","32U2H3S2Q",2,2026-09-19 15:23:38.5770000,0,1128,1069,2026-09-19 15:23:38.5770000,51.616670,11.033330
2498121,"Auerberg",703,57,"32U","32U2H3S2Q",2,2026-09-19 15:23:47.0000000,0,952,0,2026-09-19 15:23:47.0000000,51.583330,11.000000
2825551,"Amosovo",2698,192,"37W","37W2H6S3Q",1,2026-09-19 13:41:27.5800000,7209,300,0,2026-09-19 15:24:44.5700000,64.464170,40.635830
804302,"Ban Don Yang Thon",3167,218,"47P","47P1H6S1Q",2,2026-09-19 15:09:19.6700000,0,22765,0,2026-09-19 15:25:14.2330000,13.016680,100.005170
2333426,"Wallburg",716,57,"32U","32U2H4S4Q",3,2022-08-31 21:30:59.3230000,0,0,337745,2026-09-19 15:26:53.0730000,48.266670,7.850000
2237563,"Sembrancher",506,43,"32T","32T1H1S4Q",1,2019-07-21 06:14:57.5930000,44864,4136,0,2026-09-19 15:27:55.3000000,46.077520,7.152790
2177346,"Fife Lake",3557,233,"16T","16T1H6S3Q",1,2026-09-19 15:28:36.5270000,1029,0,0,2026-09-19 15:28:36.5270000,44.576950,-85.350610
2186709,"Barker Creek",3557,233,"16T","16T1H6S3Q",1,2026-09-19 15:30:05.9400000,1115,0,0,2026-09-19 15:30:05.9400000,44.780280,-85.313400
1412028,"Piedmont",3549,233,"14R","14R1H3S4Q",1,2020-09-17 14:33:41.3830000,37605,0,0,2026-09-19 15:31:40.6600000,30.520760,-96.094680
2341887,"Sermonville",960,75,"31U","31U2H4S4Q",2,2026-09-19 15:31:41.7200000,0,5413,0,2026-09-19 15:31:47.4170000,48.429880,1.890340
2341177,"Sainville",960,75,"31U","31U2H4S4Q",2,2026-09-19 15:32:02.1670000,0,2839,2823,2026-09-19 15:32:02.1670000,48.416670,1.883330
2230130,"Fort Holmes",3557,233,"16T","16T1H6S2Q",1,2026-09-19 15:32:23.8970000,996,0,0,2026-09-19 15:32:23.8970000,45.858350,-84.616430
2248502,"Rosedale",3557,233,"16T","16T1H3S4Q",1,2012-08-30 22:34:14.9370000,2049641,0,0,2026-09-19 15:32:42.8730000,46.376130,-84.321980
2246637,"McCarron",3557,233,"16T","16T1H3S4Q",1,2012-08-30 22:34:46.6970000,2005596,0,0,2026-09-19 15:32:49.1870000,46.331960,-84.280870
2245346,"Barbeau",3557,233,"16T","16T1H3S4Q",1,2012-08-31 20:44:04.0430000,2000921,0,0,2026-09-19 15:32:56.5270000,46.288630,-84.281150
1964698,"Dublin",3563,233,"17T","17T2H4S3Q",1,2026-09-18 01:57:03.9970000,23531,0,0,2026-09-19 15:32:57.1230000,40.099230,-83.114080
2245347,"Oak Ridge",3557,233,"16T","16T1H3S4Q",1,2013-02-14 18:22:56.3130000,2009837,0,0,2026-09-19 15:33:04.6370000,46.288630,-84.210030
2243620,"Munuscong",3557,233,"16T","16T1H3S4Q",1,2013-02-14 18:23:17.0600000,2024927,0,0,2026-09-19 15:33:10.8000000,46.245300,-84.185030
2741763,"Gusyata",2662,192,"40V","40V2H5S1Q",2,2023-05-12 08:54:21.8700000,0,1774930,0,2026-09-19 15:33:49.4430000,57.893060,56.078610
2620314,"Pelican Narrows",450,38,"12U","12U1H2S4Q",3,2026-09-19 15:36:13.3130000,0,0,774,2026-09-19 15:36:13.3130000,54.250150,-110.885070
2619640,"Bonnyville Beach",450,38,"12U","12U1H2S4Q",3,2026-09-19 15:36:19.2500000,0,0,774,2026-09-19 15:36:19.2500000,54.233450,-110.868480
2429157,"Chorzow",2450,180,"34U","34U2H1S3Q",3,2014-07-09 07:54:52.9800000,388,0,231280,2026-09-19 15:36:46.3370000,50.300000,18.966670
1871142,"Laguna",3567,233,"10S","10S1H3S3Q",2,2012-09-25 13:57:06.3930000,0,1965254,0,2026-09-19 15:37:09.3100000,38.421020,-121.423840
1871393,"Camden",3567,233,"10S","10S1H3S3Q",2,2014-09-07 17:11:33.8130000,0,2948778,0,2026-09-19 15:37:18.7700000,38.427410,-121.379400
1871051,"Fallbrook",3567,233,"10S","10S1H3S3Q",2,2012-08-23 22:16:53.1930000,0,4775489,0,2026-09-19 15:37:24.8030000,38.419080,-121.362170
1873472,"Vineyard",3567,233,"10S","10S1H3S3Q",2,2023-07-18 15:19:58.1070000,0,4110211,0,2026-09-19 15:37:33.3930000,38.464490,-121.346920
1873776,"Vineyard",3567,233,"10S","10S1H3S3Q",2,2013-04-08 14:11:23.5100000,0,4133020,0,2026-09-19 15:37:39.6500000,38.467160,-121.334760
1875001,"Florin",3567,233,"10S","10S1H3S3Q",2,2012-09-21 05:12:48.2470000,0,4101254,0,2026-09-19 15:37:53.0300000,38.491330,-121.405140
1875223,"Florin",3567,233,"10S","10S1H3S3Q",2,2012-10-02 13:47:50.7300000,0,4100278,0,2026-09-19 15:37:59.2330000,38.496020,-121.408840
1874919,"Pollock",3567,233,"10S","10S1H3S3Q",2,2012-08-11 00:29:30.5330000,0,4057715,0,2026-09-19 15:38:12.5230000,38.489350,-121.468570
2432702,"Plymouth",979,77,"30U","30U2H1S4Q",1,2026-07-27 18:42:07.7830000,333536,0,0,2026-09-19 15:38:59.9530000,50.371530,-4.143050
2113003,"Milwaukee",3566,233,"16T","16T2H2S1Q",3,2026-08-09 20:21:50.6570000,10500,0,738891,2026-09-19 15:42:27.6300000,43.038900,-87.906470
1887751,"Cedar Grove",3567,233,"10S","10S1H3S4Q",3,2025-12-29 23:09:22.4930000,0,0,406065,2026-09-19 15:43:04.2600000,38.744630,-120.656870
1970155,"Scioto Village",3563,233,"17T","17T2H4S3Q",1,2026-08-02 00:38:57.9300000,14976,0,0,2026-09-19 15:49:59.4070000,40.193120,-83.142690
1956539,"Lincoln Village",3563,233,"17S","17S1H1S1Q",1,2026-08-02 02:32:21.6800000,15033,0,0,2026-09-19 15:50:07.1900000,39.953270,-83.131250
1968086,"New California",3563,233,"17T","17T2H4S3Q",1,2026-07-09 00:22:59.5630000,17535,0,0,2026-09-19 15:50:17.6730000,40.156170,-83.236580
2498122,"Friedrichshof",703,57,"32U","32U2H3S2Q",2,2026-09-19 15:50:40.6200000,0,1075,0,2026-09-19 15:50:40.6200000,51.583330,11.083330
2499703,"Breitenstein",703,57,"32U","32U2H3S1Q",2,2026-09-19 15:50:47.4600000,0,1042,0,2026-09-19 15:50:47.4600000,51.616670,10.950000
2496648,"Schwenda",703,57,"32U","32U2H3S2Q",2,2026-09-19 15:50:53.6430000,0,994,0,2026-09-19 15:50:53.6430000,51.550000,11.016670
2635189,"Whiteabbey",978,77,"30U","30U1H1S3Q",1,2024-11-27 12:45:58.2670000,138522,0,0,2026-09-19 15:50:59.4430000,54.666670,-5.900000
2496650,"Wolfsberg",703,57,"32U","32U2H3S2Q",2,2026-09-19 15:51:02.9830000,0,1049,0,2026-09-19 15:51:02.9830000,51.550000,11.083330
2496651,"Neuhaus",703,57,"32U","32U2H3S2Q",2,2026-09-19 15:51:06.8700000,0,1084,0,2026-09-19 15:51:06.8700000,51.550000,11.116670
2498123,"Dankerode",703,57,"32U","32U2H3S2Q",2,2026-09-19 15:51:09.4900000,0,1068,0,2026-09-19 15:51:09.4900000,51.583330,11.133330
2498954,"Konigerode",703,57,"32U","32U2H3S2Q",2,2026-09-19 15:51:13.2470000,0,1043,0,2026-09-19 15:51:13.2470000,51.600000,11.216670
2498955,"Neues Schloss",703,57,"32U","32U2H3S2Q",2,2026-09-19 15:51:16.1030000,0,1066,0,2026-09-19 15:51:16.1030000,51.600000,11.250000
2498957,"Hermerode",703,57,"32U","32U2H3S2Q",2,2026-09-19 15:51:24.7800000,0,1073,0,2026-09-19 15:51:24.7800000,51.600000,11.283330
2321530,"Almaznyy",2660,192,"37U","37U2H6S3Q",2,2026-09-19 15:29:28.1600000,0,3750,0,2026-09-19 15:51:53.1900000,48.040000,40.042900
2321561,"Almaznyy Pervyy",2660,192,"37U","37U2H6S3Q",2,2026-09-19 15:52:01.3630000,0,3548,0,2026-09-19 15:52:09.7230000,48.041600,40.000900
2320585,"Vodin",2660,192,"37U","37U2H5S4Q",2,2026-09-19 15:52:24.1930000,0,3544,0,2026-09-19 15:52:32.1930000,48.017000,39.994200
2529035,"Wochowsee",713,57,"33U","33U1H4S4Q",3,2026-09-19 15:53:01.4170000,0,831,1034,2026-09-19 15:53:01.4170000,52.233330,13.900000
2528163,"Selchow",713,57,"33U","33U1H4S4Q",3,2026-09-19 15:53:06.9100000,0,276,517,2026-09-19 15:53:06.9100000,52.216670,13.866670
2525672,"Gross Eichholz",713,57,"33U","33U1H4S4Q",3,2026-09-19 15:53:31.4830000,0,0,786,2026-09-19 15:53:31.4830000,52.166670,13.866670
2524828,"Munchehofe",713,57,"33U","33U1H4S4Q",3,2026-09-19 15:53:34.9630000,0,0,762,2026-09-19 15:53:34.9630000,52.150000,13.850000
2517579,"Bugk",713,57,"33U","33U2H1S2Q",3,2026-09-19 15:53:46.5300000,0,782,1034,2026-09-19 15:53:46.5300000,52.000000,13.833330
2324355,"Perlach",715,57,"32U","32U2H6S4Q",2,2018-04-27 04:59:14.4500000,0,1150256,0,2026-09-19 15:55:52.7330000,48.099520,11.627830
2114639,"Kast Bridge",3562,233,"18T","18T2H2S2Q",1,2022-08-08 04:14:25.5000000,13638,0,0,2026-09-19 15:58:14.7000000,43.070070,-74.990160
2060062,"Parione",1377,110,"33T","33T2H4S1Q",3,2016-03-09 22:44:14.9800000,0,0,2853606,2026-09-19 16:03:06.6870000,41.899050,12.474120
2635983,"Tret'ya Pristan'",2696,192,"40U","40U1H1S4Q",3,2022-04-07 18:12:40.8700000,0,0,3930456,2026-09-19 16:03:13.3230000,54.685500,55.956400
2034476,"Bennington",3559,233,"14T","14T2H6S2Q",2,2025-07-29 22:34:55.6100000,0,1020004,0,2026-09-19 16:03:42.0430000,41.364720,-96.157800
1972499,"Marysville",3563,233,"17T","17T2H4S3Q",1,2026-06-22 14:07:00.8800000,15862,0,0,2026-09-19 16:04:42.5900000,40.236450,-83.367140
2319218,"Dolotinka",2660,192,"37T","37T1H3S1Q",2,2026-09-19 15:53:06.2500000,0,3552,0,2026-09-19 16:05:58.6900000,47.996670,40.045830
2318950,"Bol'shoye Zverevo",2660,192,"37T","37T1H2S2Q",2,2026-09-19 16:07:26.1600000,0,3558,0,2026-09-19 16:08:04.2230000,47.983890,39.988060
1412828,"Peach Creek",3549,233,"14R","14R1H3S4Q",2,2014-01-16 22:12:44.6100000,7216,708156,300,2026-09-19 16:11:44.2530000,30.538540,-96.194680
1958565,"East Columbus",3563,233,"17S","17S1H1S2Q",3,2013-05-12 00:24:25.9700000,189277,0,402297,2026-09-19 16:11:58.2770000,39.985060,-82.927680
2591946,"Garristown",1260,102,"29U","29U1H6S2Q",2,2023-09-09 07:32:38.6500000,0,83461,0,2026-09-19 16:13:03.3070000,53.566110,-6.385560
2315859,"Boigny-sur-Bionne",960,75,"31T","31T1H2S1Q",3,2021-10-30 14:19:00.1200000,0,1717,539409,2026-09-19 16:14:17.4600000,47.933330,2.016670
2115002,"Eatonville",3562,233,"18T","18T2H2S2Q",1,2015-12-14 12:33:37.0670000,12167,0,0,2026-09-19 16:14:39.2370000,43.080900,-74.931540
2498959,"Rammelburg",703,57,"32U","32U2H3S2Q",2,2026-09-19 16:14:41.4100000,0,1044,0,2026-09-19 16:14:41.4100000,51.600000,11.333330
2499710,"Saurasen",703,57,"32U","32U2H3S2Q",2,2026-09-19 16:14:45.4700000,0,1045,0,2026-09-19 16:14:45.4700000,51.616670,11.383330
2498960,"Biesenrode",703,57,"32U","32U2H3S2Q",2,2026-09-19 16:14:51.9800000,0,1114,0,2026-09-19 16:14:51.9800000,51.600000,11.383330
2499711,"Grafenstuhl",703,57,"32U","32U2H3S2Q",2,2026-09-19 16:14:55.1970000,0,1044,0,2026-09-19 16:14:55.1970000,51.616670,11.416670
2500493,"Greifenhagen",703,57,"32U","32U2H3S2Q",2,2026-09-19 16:14:58.9000000,0,1044,0,2026-09-19 16:14:58.9000000,51.633330,11.416670
2501286,"Willerode",703,57,"32U","32U2H3S2Q",2,2026-09-19 16:15:02.1470000,0,1044,0,2026-09-19 16:15:02.1470000,51.650000,11.433330
2500496,"Molmeck",703,57,"32U","32U2H3S2Q",2,2026-09-19 16:15:06.5930000,0,1119,0,2026-09-19 16:15:06.5930000,51.633330,11.500000
2501288,"Am Scheuberg",703,57,"32U","32U2H3S2Q",2,2026-09-19 16:15:12.4570000,0,986,381,2026-09-19 16:15:12.4570000,51.650000,11.516670
2242535,"Kelden",3557,233,"16T","16T1H3S4Q",1,2012-09-01 04:11:26.6100000,2009055,0,0,2026-09-19 16:17:48.2670000,46.215850,-84.290310
2240486,"Pickford",3557,233,"16T","16T1H3S4Q",1,2014-09-25 13:39:11.5070000,2009570,0,0,2026-09-19 16:17:55.1900000,46.157800,-84.363650
2230845,"British Landing",3557,233,"16T","16T1H6S2Q",1,2026-08-08 08:11:53.0430000,60787,0,0,2026-09-19 16:18:13.4730000,45.877510,-84.645050
2247132,"Homestead",3557,233,"16T","16T1H3S4Q",1,2013-02-14 18:22:13.4900000,2002675,0,0,2026-09-19 16:18:36.2670000,46.338070,-84.122530
2246466,"Port Findlay",457,38,"16T","16T1H3S4Q",1,2012-08-31 13:26:42.5670000,2001246,0,0,2026-09-19 16:18:44.3730000,46.318170,-84.019130
2056309,"Calhoun Corners",3552,233,"18T","18T2H6S1Q",2,2026-09-19 16:19:08.0100000,0,849,0,2026-09-19 16:19:08.0100000,41.803710,-73.381790
2056967,"Cornwall Bridge",3552,233,"18T","18T2H6S1Q",2,2026-09-19 16:19:11.6330000,0,1721,0,2026-09-19 16:19:11.6330000,41.818710,-73.370950
2053650,"Warren",3552,233,"18T","18T2H6S1Q",2,2026-09-19 16:19:15.2500000,0,851,0,2026-09-19 16:19:15.2500000,41.742870,-73.348730
2058467,"Mitcheltown",3552,233,"18T","18T2H6S1Q",2,2026-09-19 16:19:18.5300000,0,1058,0,2026-09-19 16:19:18.5300000,41.858430,-73.460400
2057121,"Amenia Union",3562,233,"18T","18T2H6S1Q",2,2026-09-19 16:19:24.0000000,0,1044,0,2026-09-19 16:19:24.0000000,41.824540,-73.505120
2229303,"Bowser's Corner",457,38,"17T","17T1H4S2Q",1,2026-09-19 16:19:26.5130000,986,0,0,2026-09-19 16:19:26.5130000,45.833370,-82.216530
2057984,"Amenia",3562,233,"18T","18T2H6S1Q",2,2026-09-19 16:19:26.7700000,0,1044,0,2026-09-19 16:19:26.7700000,41.848000,-73.552770
2058022,"Amenia",3562,233,"18T","18T2H6S1Q",2,2026-09-19 16:19:29.2900000,0,1044,0,2026-09-19 16:19:29.2900000,41.849260,-73.556790
2058371,"Leedsville",3562,233,"18T","18T2H6S1Q",2,2026-09-19 16:19:32.7200000,0,1044,0,2026-09-19 16:19:32.7200000,41.855370,-73.513740
2030337,"Green Meadows",3559,233,"14T","14T2H6S2Q",2,2025-08-01 07:18:21.2730000,0,1068069,0,2026-09-19 16:25:13.0070000,41.278890,-96.128910
2825622,"Okulovo",2698,192,"37W","37W2H6S3Q",1,2026-09-19 15:39:57.3100000,2925,0,0,2026-09-19 16:26:29.8230000,64.466670,40.626670
2825542,"Semenovo",2698,192,"37W","37W2H6S3Q",1,2026-09-19 16:27:57.3400000,3523,0,0,2026-09-19 16:28:36.9030000,64.457500,40.648060
2519859,"Pieskow",713,57,"33U","33U1H5S3Q",3,2026-09-19 16:30:00.0530000,0,0,1331,2026-09-19 16:30:00.0530000,52.050000,14.233330
2517582,"Doberburg",713,57,"33U","33U2H2S1Q",3,2026-09-19 16:30:09.2100000,0,0,668,2026-09-19 16:30:09.2100000,52.000000,14.250000
2517583,"Behlow",713,57,"33U","33U2H2S1Q",3,2026-09-19 16:30:14.0430000,0,0,666,2026-09-19 16:30:14.0430000,52.000000,14.283330
2516853,"Munchhofe",713,57,"33U","33U2H2S1Q",3,2026-09-19 16:30:18.0970000,0,0,664,2026-09-19 16:30:18.0970000,51.983330,14.316670
2516854,"Blasdorf",713,57,"33U","33U2H2S1Q",3,2026-09-19 16:30:21.6470000,0,0,671,2026-09-19 16:30:21.6470000,51.983330,14.350000
2516855,"Elisabethhutte",713,57,"33U","33U2H2S1Q",3,2026-09-19 16:30:25.2070000,0,0,656,2026-09-19 16:30:25.2100000,51.983330,14.366670
2517586,"Staakow",713,57,"33U","33U2H2S1Q",3,2026-09-19 16:30:31.6100000,0,0,657,2026-09-19 16:30:31.6100000,52.000000,14.416670
2518317,"Leeskow",713,57,"33U","33U1H5S3Q",3,2026-09-19 16:30:36.8100000,0,0,656,2026-09-19 16:30:36.8100000,52.016670,14.416670
2528167,"Radinkendorf",713,57,"33U","33U1H5S3Q",3,2026-09-19 16:32:42.3830000,0,0,665,2026-09-19 16:32:42.3830000,52.216670,14.266670
1875222,"Parkway",3567,233,"10S","10S1H3S3Q",2,2012-09-15 17:56:46.5100000,0,4016870,0,2026-09-19 16:33:01.9530000,38.496020,-121.458840
1875969,"Cordova",3567,233,"10S","10S1H3S3Q",2,2012-08-10 14:23:04.3830000,0,4084729,0,2026-09-19 16:33:28.3130000,38.510180,-121.475230
1878104,"Oak Park",3567,233,"10S","10S1H3S3Q",2,2012-10-05 13:12:54.0070000,0,4006086,0,2026-09-19 16:33:53.9670000,38.551290,-121.471070
1878360,"Highland Park",3567,233,"10S","10S1H3S3Q",2,2012-09-21 16:01:56.0330000,0,4008583,0,2026-09-19 16:34:01.2630000,38.557680,-121.488570
1879494,"Sacramento",3567,233,"10S","10S1H3S3Q",2,2023-08-16 02:34:56.6670000,0,11525837,0,2026-09-19 16:34:07.3600000,38.581570,-121.494400
2806411,"Murro",3833,70,"34V","34V1H5S2Q",1,2025-11-06 06:43:12.2830000,2333,0,1034,2026-09-19 16:35:27.4230000,61.358970,21.690790
2806477,"Vaipare",929,70,"34V","34V1H5S2Q",1,2013-07-31 10:01:37.5700000,16653,0,4402,2026-09-19 16:35:33.4170000,61.366670,21.683330
2806399,"Rintamaankulma",3833,70,"34V","34V1H5S2Q",1,2013-08-09 21:18:49.4970000,7538,0,2317,2026-09-19 16:35:58.9170000,61.354040,21.666150
1879551,"Elvas",3567,233,"10S","10S1H3S3Q",2,2012-08-11 00:52:19.6770000,0,4101290,0,2026-09-19 16:36:26.3500000,38.583240,-121.448570
1539324,"Addison",3549,233,"14S","14S2H6S4Q",3,2015-11-19 04:20:35.0100000,0,0,4059385,2026-09-19 16:39:23.6400000,32.961790,-96.829170
2806418,"Luvia",929,70,"34V","34V1H5S2Q",3,2026-09-19 16:37:48.9130000,0,0,7095,2026-09-19 16:39:41.9470000,61.363750,21.625560
1535664,"Gifford",3549,233,"14S","14S2H6S4Q",3,2025-01-16 23:51:48.8800000,0,0,3125406,2026-09-19 16:39:44.0430000,32.897900,-96.765830
1538844,"Carrollton",3549,233,"14S","14S2H6S4Q",3,2015-08-06 17:22:28.1000000,0,0,6061162,2026-09-19 16:41:25.9870000,32.953730,-96.890280
1537255,"Farmers Branch",3549,233,"14S","14S2H6S4Q",3,2015-08-11 22:42:20.2100000,0,0,5534718,2026-09-19 16:41:35.3570000,32.926510,-96.896120
1535868,"Gribble",3549,233,"14S","14S2H6S4Q",3,2015-07-29 13:44:40.9500000,0,0,5261438,2026-09-19 16:41:43.3370000,32.900400,-96.910560
2156481,"Veneta",3576,233,"10T","10T1H5S3Q",3,2025-02-01 00:41:58.4400000,0,0,392878,2026-09-19 16:42:25.6800000,44.048730,-123.350930
853481,"Ban Khlong Sip Si",3213,218,"47P","47P1H6S1Q",2,2026-04-26 14:46:48.1130000,0,1026569,0,2026-09-19 16:44:42.8600000,13.981360,100.914500
864494,"Ban Wat Bot",3195,218,"47P","47P1H3S3Q",2,2026-03-07 04:06:11.9500000,0,1047702,0,2026-09-19 16:44:44.6530000,14.200000,100.533330
853212,"Ban Pak Khlong Sip Hok",3213,218,"47P","47P1H6S1Q",2,2026-04-27 09:37:10.3900000,0,959595,0,2026-09-19 16:44:47.8530000,13.973780,100.959810
866523,"Ban Bo Ta Lo (3)",3195,218,"47P","47P1H3S3Q",2,2026-06-10 12:34:45.8330000,0,1134456,0,2026-09-19 16:44:53.1870000,14.250000,100.700000
853083,"Ban Khlong Sip Et Hok Wa",3203,218,"47P","47P1H6S1Q",1,2026-02-14 13:42:43.3970000,882451,0,0,2026-09-19 16:45:10.9400000,13.970170,100.843170
854278,"Ban Khlong Soi Thi Sip Et",3203,218,"47P","47P1H6S1Q",1,2026-03-24 09:08:06.3730000,982621,0,0,2026-09-19 16:45:11.6200000,13.994560,100.843360
864499,"Ban Lam Sai",3195,218,"47P","47P1H3S3Q",1,2026-08-15 05:29:32.0170000,1020615,0,0,2026-09-19 16:45:11.6970000,14.200000,100.650000
2534000,"Markgrafpieske",713,57,"33U","33U1H4S4Q",2,2026-09-19 13:19:56.8130000,0,558,517,2026-09-19 16:48:09.4330000,52.333330,13.950000
2685359,"Powmill",977,77,"30V","30V2H5S3Q",3,2026-08-09 08:30:48.8530000,0,0,95956,2026-09-19 16:51:44.7230000,56.164530,-3.579230
2685256,"Rumblingbridge",977,77,"30V","30V2H5S3Q",3,2025-07-29 09:54:22.2100000,0,0,285654,2026-09-19 16:51:50.0670000,56.160180,-3.575360
2685411,"Crook of Devon",977,77,"30V","30V2H5S3Q",3,2025-07-27 10:31:50.2270000,0,0,389845,2026-09-19 16:51:56.2730000,56.166670,-3.550000
2687342,"Glendevon",977,77,"30V","30V2H5S3Q",3,2025-07-27 06:36:12.1700000,0,0,280160,2026-09-19 16:52:05.1830000,56.216670,-3.616670
2197831,"Chiavenna Landi",1379,110,"32T","32T1H5S4Q",1,2026-09-19 16:52:46.1600000,1152,0,0,2026-09-19 16:52:46.1600000,45.000000,9.866670
2198649,"Muradello",1379,110,"32T","32T1H5S2Q",1,2026-09-19 16:52:56.4170000,1153,0,0,2026-09-19 16:52:56.4170000,45.016670,9.800000
2700138,"Dowally",977,77,"30V","30V2H5S3Q",1,2026-07-12 12:09:29.7370000,3975,0,1384,2026-09-19 16:52:57.4530000,56.600000,-3.616670
2208494,"Villanova del Sillaro",1375,110,"32T","32T1H5S2Q",1,2026-09-19 16:53:11.7330000,1171,0,0,2026-09-19 16:53:11.7330000,45.237970,9.481860
2240994,"Peron",1366,110,"33T","33T1H1S3Q",1,2026-09-19 16:53:51.5770000,450,0,0,2026-09-19 16:53:51.5800000,46.167500,12.125830
2240452,"Bolzano",1366,110,"33T","33T1H1S3Q",1,2026-09-19 16:54:10.0070000,1327,0,0,2026-09-19 16:54:10.0070000,46.155280,12.154170
2240425,"Libano",1366,110,"33T","33T1H1S3Q",1,2026-09-19 16:54:21.7670000,446,0,0,2026-09-19 16:54:21.7670000,46.153890,12.161110
2241034,"San Gottardo",1366,110,"33T","33T1H1S3Q",1,2026-09-19 16:54:38.6570000,450,0,0,2026-09-19 16:54:38.6570000,46.169720,12.114440
2238128,"Lastra",1366,110,"33T","33T1H1S3Q",1,2026-09-19 16:54:50.6000000,416,0,0,2026-09-19 16:54:50.6000000,46.090560,12.335560
2314198,"Pont-aux-Moines",960,75,"31T","31T1H2S1Q",2,2025-09-06 12:20:01.0470000,0,5543,0,2026-09-19 16:54:55.5900000,47.900000,2.050000
2314196,"Laveau",960,75,"31T","31T1H2S1Q",2,2026-08-29 19:55:01.8600000,0,16905,0,2026-09-19 16:55:09.2230000,47.900000,2.016670
2312491,"Bou",960,75,"31T","31T1H2S1Q",2,2025-08-17 10:45:31.0270000,0,2664,0,2026-09-19 16:55:15.8330000,47.866670,2.050000
2312490,"Alboeuf",960,75,"31T","31T1H2S1Q",2,2025-08-24 06:41:08.0570000,0,1900,0,2026-09-19 16:55:19.9500000,47.866670,2.033330
2310835,"Cherelle",960,75,"31T","31T1H2S1Q",2,2025-08-19 10:37:00.0000000,0,2067,0,2026-09-19 16:55:26.6230000,47.833330,2.100000
2312489,"Puchesse",960,75,"31T","31T1H2S1Q",2,2024-12-28 08:29:49.7670000,0,5930,0,2026-09-19 16:55:29.9800000,47.866670,2.000000
2509704,"Winningen",703,57,"32U","32U2H3S2Q",2,2026-09-19 16:58:39.6670000,0,1058,0,2026-09-19 16:58:39.6670000,51.833330,11.450000
2508142,"Wilsleben",703,57,"32U","32U2H3S2Q",2,2026-09-19 16:58:43.5370000,0,1059,0,2026-09-19 16:58:43.5370000,51.800000,11.416670
2508913,"Neu Konigsaue",703,57,"32U","32U2H3S2Q",2,2026-09-19 16:58:47.3900000,0,1056,0,2026-09-19 16:58:47.3900000,51.816670,11.400000
2508141,"Frose",703,57,"32U","32U2H3S2Q",2,2026-09-19 16:58:50.2530000,0,1057,0,2026-09-19 16:58:50.2530000,51.800000,11.383330
2508421,"Nachterstedt",703,57,"32U","32U2H3S2Q",2,2026-09-19 16:58:53.8030000,0,1065,0,2026-09-19 16:58:53.8030000,51.800810,11.334890
2507242,"Hoym",703,57,"32U","32U2H3S2Q",2,2026-09-19 16:58:56.5200000,0,1055,0,2026-09-19 16:58:56.5200000,51.782920,11.312440
2505844,"Reinstedt",703,57,"32U","32U2H3S2Q",2,2026-09-19 16:58:59.2400000,0,1055,0,2026-09-19 16:58:59.2400000,51.750000,11.350000
2505096,"Westdorf",703,57,"32U","32U2H3S2Q",2,2026-09-19 16:59:22.4170000,0,1060,0,2026-09-19 16:59:22.4170000,51.733330,11.433330
2573459,"Chernorech'ye",2658,192,"39U","39U1H5S1Q",3,2023-09-07 00:20:59.4400000,0,0,37017,2026-09-19 16:59:27.1930000,53.163120,50.383340
2573301,"Ramushki",2658,192,"39U","39U1H5S1Q",3,2023-04-07 10:24:55.3170000,0,0,17797,2026-09-19 16:59:35.6730000,53.157230,50.412210
2574141,"Chapayevka",2658,192,"39U","39U1H5S1Q",3,2023-04-07 10:25:02.2400000,0,0,27831,2026-09-19 16:59:40.1300000,53.174220,50.435260
2574924,"Vishnevka",2658,192,"39U","39U1H5S1Q",3,2023-02-28 06:00:32.6300000,0,0,15823,2026-09-19 16:59:46.7200000,53.188620,50.456260
2574934,"Naberezhnyy",2658,192,"39U","39U1H5S1Q",3,2023-02-28 06:32:10.4070000,0,0,22080,2026-09-19 16:59:51.2330000,53.189160,50.474260
2577625,"Alekseyevka",2658,192,"39U","39U1H5S1Q",3,2023-03-21 06:18:07.1900000,0,0,18884,2026-09-19 16:59:55.4300000,53.248420,50.491160
2580856,"Bugry",2658,192,"39U","39U1H5S1Q",3,2023-03-21 06:47:14.9200000,0,0,18588,2026-09-19 17:00:03.1130000,53.316330,50.518920
2582930,"Dubki",2658,192,"39U","39U1H5S1Q",3,2025-06-17 18:51:49.6200000,0,0,26251,2026-09-19 17:00:07.6830000,53.357480,50.445000
2698511,"Arbroath",977,77,"30V","30V2H5S4Q",3,2025-09-18 19:54:57.4870000,0,0,172491,2026-09-19 17:00:38.9230000,56.550000,-2.583330
2699043,"Saint Vigeans",977,77,"30V","30V2H5S4Q",3,2025-09-24 14:34:09.7200000,0,0,171851,2026-09-19 17:00:44.8330000,56.566670,-2.566670
2699595,"Auchmithie",977,77,"30V","30V2H5S4Q",3,2025-08-16 22:41:02.8300000,0,0,4276,2026-09-19 17:00:50.3870000,56.583330,-2.516670
2701244,"Ethie Haven",977,77,"30V","30V2H5S4Q",3,2025-08-16 22:50:01.4730000,0,0,8570,2026-09-19 17:00:57.9270000,56.633330,-2.483330
2696927,"Murroes",977,77,"30V","30V2H5S4Q",3,2025-07-08 05:41:37.4670000,0,0,106823,2026-09-19 17:01:09.8030000,56.500000,-2.866670
2697997,"Monikie",977,77,"30V","30V2H5S4Q",3,2025-07-08 05:41:11.8500000,0,0,153760,2026-09-19 17:01:14.7300000,56.533330,-2.816670
2699042,"Kirkbuddo",977,77,"30V","30V2H5S4Q",3,2025-07-08 06:22:23.3430000,0,0,185930,2026-09-19 17:01:20.2530000,56.566670,-2.800000
2699592,"Inverarity",977,77,"30V","30V2H5S4Q",3,2025-06-26 21:58:18.1170000,0,0,239613,2026-09-19 17:01:25.1800000,56.583330,-2.883330
2700141,"Glamis",977,77,"30V","30V2H5S4Q",3,2025-07-25 20:29:32.8370000,0,0,534974,2026-09-19 17:01:30.5830000,56.600000,-3.000000
1541109,"Renner",3549,233,"14S","14S2H6S4Q",1,2024-06-05 20:34:01.3800000,1393233,0,1034,2026-09-19 17:02:19.9130000,32.990400,-96.774170
1542228,"Cowley",3549,233,"14S","14S2H6S2Q",1,2023-07-10 02:17:39.9530000,1641961,0,517,2026-09-19 17:02:27.8730000,33.009840,-96.773890
1542848,"Plano",3549,233,"14S","14S2H6S2Q",1,2023-01-19 14:33:31.3070000,2403620,0,517,2026-09-19 17:02:35.9330000,33.019840,-96.698890
1538468,"Richardson",3549,233,"14S","14S2H6S4Q",1,2023-09-03 17:35:38.9970000,3716001,0,1034,2026-09-19 17:02:41.7000000,32.948180,-96.729720
2699591,"Eassie and Nevay",977,77,"30V","30V2H5S3Q",3,2025-08-07 21:49:16.7970000,0,0,137128,2026-09-19 17:02:43.9630000,56.583330,-3.083330
1537829,"Buckingham",3549,233,"14S","14S2H6S4Q",1,2024-06-05 20:36:00.7570000,1514703,0,1034,2026-09-19 17:02:47.7230000,32.936510,-96.725000
1536276,"Audelia",3549,233,"14S","14S2H6S4Q",2,2010-01-01 00:00:00.0000000,31372,140360,1894,2026-09-19 17:02:59.8870000,32.909290,-96.717220
1535997,"Bethard",3549,233,"14S","14S2H6S4Q",1,2026-08-06 12:25:09.1530000,549815,0,1034,2026-09-19 17:03:19.6800000,32.903740,-96.691390
1534588,"White Rock",3549,233,"14S","14S2H6S4Q",1,2026-07-31 02:14:03.3230000,606076,0,517,2026-09-19 17:03:27.6370000,32.875400,-96.680550
2073069,"Ledgewood Park",3562,233,"18T","18T2H2S4Q",1,2026-09-19 17:03:29.1730000,880,0,0,2026-09-19 17:03:29.1730000,42.202310,-74.013750
2203112,"Gervais",3576,233,"10T","10T1H5S2Q",2,2026-09-19 17:03:46.8900000,0,1054,0,2026-09-19 17:03:46.8900000,45.108180,-122.897600
2045389,"Philwold",3562,233,"18T","18T2H5S2Q",1,2026-09-19 17:04:09.8800000,1086,0,0,2026-09-19 17:04:09.8800000,41.576480,-74.668770
2045230,"Merriewold Park",3562,233,"18T","18T2H5S2Q",1,2026-09-19 17:04:13.9330000,1092,0,0,2026-09-19 17:04:13.9330000,41.572040,-74.718500
2045168,"Stormville",3562,233,"18T","18T2H6S1Q",1,2026-09-19 17:05:31.1500000,1082,0,0,2026-09-19 17:05:31.1500000,41.570370,-73.745410
2046065,"Green Haven",3562,233,"18T","18T2H6S1Q",1,2026-09-19 17:05:34.9070000,1082,0,0,2026-09-19 17:05:34.9070000,41.587320,-73.717910
2047146,"Beekman",3562,233,"18T","18T2H6S1Q",1,2026-09-19 17:05:42.2730000,1028,0,0,2026-09-19 17:05:42.2730000,41.610930,-73.712910
2044396,"Fowlerville",3562,233,"18T","18T2H5S2Q",1,2026-09-19 17:06:22.5600000,1092,0,0,2026-09-19 17:06:22.5600000,41.556200,-74.760440
2682375,"Kepculloch",977,77,"30V","30V2H4S4Q",1,2026-09-17 19:29:12.0270000,397977,0,0,2026-09-19 17:07:14.8530000,56.083330,-4.350000
2294032,"Suomi",3558,233,"15T","15T1H2S1Q",2,2016-10-21 08:41:06.3800000,0,80623,0,2026-09-19 17:07:52.0330000,47.483280,-93.741320
2238187,"Casere della Valle",1378,110,"33T","33T1H1S3Q",1,2026-09-19 17:08:29.2630000,422,0,0,2026-09-19 17:08:29.2630000,46.093330,12.485000
2239340,"Tambre d'Alpago",1366,110,"33T","33T1H1S3Q",1,2026-09-19 17:08:59.4630000,902,0,0,2026-09-19 17:08:59.4630000,46.128610,12.420000
2238850,"Braz",1366,110,"33T","33T1H1S3Q",1,2026-09-19 17:09:09.2100000,407,0,0,2026-09-19 17:09:09.2100000,46.116110,12.408610
2239310,"Tambre",1366,110,"33T","33T1H1S3Q",1,2026-09-19 17:09:23.0530000,403,0,0,2026-09-19 17:09:23.0530000,46.126320,12.419410
2239220,"Casera Paluntina",1366,110,"33T","33T1H1S3Q",1,2026-09-19 17:09:46.4900000,422,0,0,2026-09-19 17:09:46.4900000,46.120280,12.475830
2239901,"Casera le Valli",1378,110,"33T","33T1H1S3Q",1,2026-09-19 17:10:45.4230000,414,0,0,2026-09-19 17:10:45.4230000,46.143060,12.514720
2239383,"Tambruz",1366,110,"33T","33T1H1S3Q",1,2026-09-19 17:10:56.0070000,403,0,0,2026-09-19 17:10:56.0070000,46.131940,12.425560
2514428,"Treppendorf",713,57,"33U","33U2H1S2Q",3,2026-09-19 17:11:01.1900000,0,18,1551,2026-09-19 17:11:01.1900000,51.933330,13.850000
2512854,"Neuendorf am See",713,57,"33U","33U2H1S2Q",3,2026-09-19 17:11:09.8630000,0,0,1059,2026-09-19 17:11:09.8630000,51.900000,13.850000
2512853,"Duben",713,57,"33U","33U2H1S2Q",3,2026-09-19 17:11:16.4030000,0,592,1034,2026-09-19 17:11:16.4030000,51.900000,13.816670
2235896,"Sonego",1366,110,"33T","33T1H1S3Q",1,2026-09-19 17:11:57.8830000,418,0,0,2026-09-19 17:11:57.8830000,46.021940,12.335830
1534676,"Centerville",3549,233,"14S","14S2H6S4Q",1,2022-08-14 15:07:19.5770000,1131710,0,517,2026-09-19 17:12:20.8600000,32.877630,-96.620270
2512852,"Kaden",713,57,"33U","33U2H1S2Q",3,2026-09-19 17:12:22.0000000,0,584,1034,2026-09-19 17:12:22.0000000,51.900000,13.800000
2755402,"Thrumster",977,77,"30V","30V2H2S3Q",1,2026-09-19 17:12:23.5030000,1065,300,0,2026-09-19 17:12:23.5030000,58.383330,-3.133330
1533444,"Rose Hill",3549,233,"14S","14S2H6S4Q",1,2019-07-14 04:36:02.1930000,1319060,0,1034,2026-09-19 17:12:26.1700000,32.853180,-96.586100
2512067,"Freiimfelde",713,57,"33U","33U2H1S2Q",3,2026-09-19 17:12:27.6370000,0,0,751,2026-09-19 17:12:27.6400000,51.883330,13.783330
1531323,"New Hope",3549,233,"14S","14S2H6S4Q",1,2026-07-14 08:15:26.6000000,29933,0,1034,2026-09-19 17:12:32.4500000,32.814020,-96.595830
804361,"Ban Samo Lok",3167,218,"47P","47P1H6S1Q",1,2024-12-11 07:11:33.3300000,74952,13704,0,2026-09-19 17:12:38.5400000,13.019370,100.019960
2334807,"Le Neveit",961,75,"30U","30U2H5S3Q",3,2026-09-19 17:12:52.4830000,0,0,1062,2026-09-19 17:12:52.4830000,48.286580,-3.623280
2335046,"Plounevezel",961,75,"30U","30U2H5S3Q",3,2026-09-19 17:13:02.1300000,0,0,1063,2026-09-19 17:13:02.1300000,48.300000,-3.600000
2336815,"Poullaouen",961,75,"30U","30U2H5S3Q",3,2026-09-19 17:13:11.2900000,0,0,1363,2026-09-19 17:13:11.2900000,48.333330,-3.650000
2336755,"Le Boennec",961,75,"30U","30U2H5S3Q",3,2026-09-19 17:13:15.0630000,0,0,1063,2026-09-19 17:13:15.0630000,48.330890,-3.635550
2338487,"Saint-Ambroise",961,75,"30U","30U2H5S3Q",3,2026-09-19 17:13:28.7600000,0,0,788,2026-09-19 17:13:28.7600000,48.366670,-3.700000
2339997,"Niquelvez",961,75,"30U","30U2H5S3Q",3,2026-09-19 17:13:40.1600000,0,0,788,2026-09-19 17:13:40.1600000,48.388770,-3.761780
2340234,"Quinioualc'h",961,75,"30U","30U2H5S3Q",3,2026-09-19 17:13:42.6970000,0,0,788,2026-09-19 17:13:42.6970000,48.400000,-3.800000
2340233,"Tredudon",961,75,"30U","30U2H5S3Q",3,2026-09-19 17:13:47.8100000,0,0,788,2026-09-19 17:13:47.8100000,48.400000,-3.833330
2340093,"Keranhc'roff",961,75,"30U","30U2H5S3Q",3,2026-09-19 17:13:53.2200000,0,0,845,2026-09-19 17:13:53.2200000,48.394000,-3.846220
2512068,"Bahnhof Duben",713,57,"33U","33U2H1S2Q",3,2026-09-19 17:14:28.5270000,0,517,1108,2026-09-19 17:14:28.5270000,51.883330,13.816670
2083482,"Gold Hill",3576,233,"10T","10T2H2S3Q",2,2025-06-21 20:19:59.8600000,0,172427,0,2026-09-19 17:16:04.6230000,42.431790,-123.050600
1877831,"Brighton",3567,233,"10S","10S1H3S3Q",2,2013-05-25 05:24:39.5100000,0,4058322,0,2026-09-19 17:17:08.9970000,38.549350,-121.417180
1878924,"La Riviera",3567,233,"10S","10S1H3S3Q",2,2012-09-19 00:46:15.0570000,0,4190909,0,2026-09-19 17:17:25.8300000,38.566850,-121.356900
1878958,"La Riviera",3567,233,"10S","10S1H3S3Q",2,2012-09-06 21:13:16.7270000,0,4451553,0,2026-09-19 17:17:34.5700000,38.567770,-121.355870
2003874,"Pezze di Greco",1371,110,"33T","33T2H6S4Q",1,2026-09-19 12:25:18.8970000,2662,1244,0,2026-09-19 17:17:45.8270000,40.810040,17.413330
2307182,"Grand Marais",3558,233,"15T","15T1H3S2Q",3,2026-09-19 17:18:27.7600000,0,0,998,2026-09-19 17:18:27.7600000,47.750450,-90.334270
1882720,"Fair Oaks",3567,233,"10S","10S1H3S3Q",2,2012-08-09 22:04:56.1630000,0,4492973,0,2026-09-19 17:18:48.8030000,38.644630,-121.272170
1882864,"Fair Oaks",3567,233,"10S","10S1H3S3Q",2,2012-08-10 00:36:11.5200000,0,4897383,0,2026-09-19 17:18:54.5730000,38.648380,-121.249400
2232977,"Saint-Hippolyte",459,38,"18T","18T1H5S2Q",1,2026-06-09 01:42:10.1300000,400747,0,0,2026-09-19 17:18:55.5500000,45.933380,-74.015900
2512065,"Giessmannsdorf",713,57,"33U","33U2H1S2Q",3,2026-09-19 17:18:55.6430000,0,0,769,2026-09-19 17:18:55.6430000,51.883330,13.700000
2512851,"Kreblitz",713,57,"33U","33U2H1S2Q",3,2026-09-19 17:19:01.2130000,0,0,685,2026-09-19 17:19:01.2130000,51.900000,13.716670
1881783,"Gold River",3567,233,"10S","10S1H3S3Q",2,2012-10-12 23:42:51.7730000,0,4985247,0,2026-09-19 17:19:04.5230000,38.626730,-121.248510
2338141,"Zverevka",3436,230,"36U","36U2H4S4Q",2,2026-09-19 17:19:13.8030000,0,820,0,2026-09-19 17:19:13.8030000,48.350000,31.466670
2338992,"Schastlivka",3436,230,"36U","36U2H4S4Q",2,2026-09-19 17:19:17.5100000,0,823,0,2026-09-19 17:19:17.5100000,48.366670,31.400000
2338991,"Furmanovka",3436,230,"36U","36U2H4S4Q",2,2026-09-19 17:19:21.0370000,0,823,0,2026-09-19 17:19:21.0370000,48.366670,31.366670
2344138,"Glodosy",3436,230,"36U","36U2H4S4Q",2,2026-09-19 17:19:29.2870000,0,1035,0,2026-09-19 17:19:29.2870000,48.466670,31.333330
2348467,"Novo-Pavlovka",3436,230,"36U","36U2H4S4Q",2,2026-09-19 17:19:34.7800000,0,1036,0,2026-09-19 17:19:34.7800000,48.550000,31.300000
2349344,"Khmelevoye",3436,230,"36U","36U2H4S4Q",2,2026-09-19 17:19:37.3670000,0,1035,0,2026-09-19 17:19:37.3670000,48.566670,31.400000
2351107,"Yanopol'",3436,230,"36U","36U2H4S4Q",2,2026-09-19 17:19:40.7400000,0,948,0,2026-09-19 17:19:40.7400000,48.600000,31.300000
2351181,"Berezivka",3436,230,"36U","36U2H4S4Q",2,2026-09-19 17:19:48.0070000,0,948,0,2026-09-19 17:19:48.0070000,48.601110,31.278330
2310834,"Allou",960,75,"31T","31T1H2S1Q",2,2025-08-24 12:07:55.8070000,0,2973,0,2026-09-19 17:20:28.9300000,47.833330,2.033330
2208625,"Dayton",3558,233,"15T","15T1H5S1Q",2,2016-07-08 00:22:24.4230000,0,3450160,0,2026-09-19 17:20:45.5000000,45.243850,-93.514960
1385237,"Centex",3549,233,"14R","14R1H6S1Q",3,2025-11-25 16:01:24.5100000,0,0,1697635,2026-09-19 17:23:07.8200000,29.902160,-97.914730
2347564,"Novo-Nikolayevka",3436,230,"36U","36U2H4S4Q",2,2026-09-19 17:23:42.2970000,0,1036,0,2026-09-19 17:23:42.2970000,48.533330,31.233330
2351106,"Smolino",3436,230,"36U","36U2H4S4Q",2,2026-09-19 17:23:45.2630000,0,951,0,2026-09-19 17:23:45.2630000,48.600000,31.250000
2424081,"Zalesie",2439,180,"34U","34U2H2S3Q",3,2024-09-10 03:38:35.7500000,2687,2300,97124,2026-09-19 17:29:31.6530000,50.198550,20.025680
2424604,"Widoma",2439,180,"34U","34U2H2S3Q",3,2024-09-10 14:14:41.4930000,0,1897,99124,2026-09-19 17:29:35.4130000,50.204240,20.012320
2423140,"Zerwana",2439,180,"34U","34U2H1S4Q",3,2017-03-18 12:00:14.7630000,0,1757,402227,2026-09-19 17:29:39.0670000,50.173600,19.983530
2423337,"Wilczkowice",2439,180,"34U","34U2H1S4Q",3,2026-08-29 13:48:56.6270000,0,460,84794,2026-09-19 17:29:42.1730000,50.182710,19.977070
2424560,"Damice",2439,180,"34U","34U2H1S4Q",3,2024-09-06 19:14:19.2170000,1885,977,100972,2026-09-19 17:29:45.3730000,50.201750,19.956890
2425141,"Krasieniec Nowy",2439,180,"34U","34U2H1S4Q",3,2024-09-05 19:56:46.7000000,1116,460,104348,2026-09-19 17:29:49.0270000,50.216670,19.950000
2424378,"Krasieniec Stary",2439,180,"34U","34U2H1S4Q",3,2024-09-06 02:57:18.5800000,1713,1380,97020,2026-09-19 17:29:52.1500000,50.200000,19.933330
2424009,"Szczodrkowice",2439,180,"34U","34U2H1S4Q",3,2024-09-06 03:05:03.0070000,0,920,105728,2026-09-19 17:29:55.1070000,50.194740,19.895120
2422421,"Przybyslawice",2439,180,"34U","34U2H1S4Q",3,2024-05-02 16:05:26.9630000,286,2414,96959,2026-09-19 17:30:05.8700000,50.160300,19.897530
2753021,"Lybster",977,77,"30V","30V2H2S3Q",1,2026-09-19 17:31:36.7670000,1128,300,0,2026-09-19 17:31:36.7670000,58.300000,-3.300000
2753022,"Occumster",977,77,"30V","30V2H2S3Q",1,2026-09-19 17:31:46.0030000,1128,300,0,2026-09-19 17:31:46.0030000,58.300000,-3.250000
1397136,"Bear Creek",3549,233,"14R","14R1H3S3Q",2,2020-05-30 08:45:34.1370000,0,688131,0,2026-09-19 17:31:47.4030000,30.189100,-97.944730
2745763,"Rhilochan",977,77,"30V","30V2H1S4Q",1,2026-09-19 17:31:56.1400000,1125,300,0,2026-09-19 17:31:56.1400000,58.033330,-4.116670
2746259,"West Langwell",977,77,"30V","30V2H1S4Q",1,2026-09-19 17:32:03.6630000,1131,300,0,2026-09-19 17:32:03.6630000,58.050000,-4.200000
2729426,"Bogniebrae",977,77,"30V","30V2H5S2Q",1,2026-09-19 17:32:10.1970000,1062,0,0,2026-09-19 17:32:10.1970000,57.483330,-2.683330
2726385,"Kirkton of Culsalmond",977,77,"30V","30V2H5S2Q",1,2026-09-19 17:32:17.1800000,1506,0,0,2026-09-19 17:32:17.1800000,57.383330,-2.566670
2725352,"Old Rayne",977,77,"30V","30V2H5S2Q",1,2026-09-19 17:32:24.7030000,1099,300,0,2026-09-19 17:32:24.7030000,57.350000,-2.533330
2289848,"Aarau",528,43,"32T","32T1H2S1Q",3,2023-04-09 17:25:23.7830000,0,0,7644424,2026-09-19 17:33:23.9330000,47.392540,8.044220
2039280,"Prospect Hill",3562,233,"18T","18T2H5S2Q",1,2026-09-19 17:36:06.5100000,551,300,0,2026-09-19 17:36:06.5100000,41.458700,-74.638490
2041214,"Paradise",3562,233,"18T","18T2H5S2Q",1,2026-09-19 17:36:09.4430000,678,0,0,2026-09-19 17:36:09.4430000,41.496760,-74.644610
2224828,"Monument Corner",457,38,"17T","17T1H4S2Q",1,2026-09-19 17:36:07.9130000,3389,0,0,2026-09-19 17:36:21.6000000,45.716770,-82.249830
2114747,"New Hartford",3562,233,"18T","18T2H2S1Q",1,2024-04-08 17:34:02.8300000,7267,0,0,2026-09-19 17:36:29.7900000,43.073400,-75.287670
2226031,"Gibraltar",457,38,"17T","17T1H4S2Q",1,2026-09-19 17:36:31.3600000,987,0,0,2026-09-19 17:36:31.3600000,45.750070,-82.099820
2220713,"Michael's Bay",457,38,"17T","17T1H4S2Q",1,2026-09-19 17:36:42.9270000,990,0,0,2026-09-19 17:36:42.9270000,45.600070,-82.099810
2754401,"Upper Camster",977,77,"30V","30V2H2S3Q",1,2026-09-19 17:37:03.8900000,1086,0,0,2026-09-19 17:37:03.8900000,58.350000,-3.250000
2514429,"Steinkirchen",713,57,"33U","33U2H1S2Q",3,2026-09-19 17:37:55.0970000,0,0,1849,2026-09-19 17:37:55.0970000,51.933330,13.900000
2515258,"Lubben",713,57,"33U","33U2H1S2Q",2,2023-06-17 17:49:59.2130000,0,11061,362,2026-09-19 17:38:06.5500000,51.950000,13.900000
2681695,"Lochgair",977,77,"30V","30V2H4S3Q",1,2026-09-19 17:38:14.3330000,1169,0,0,2026-09-19 17:38:14.3330000,56.062450,-5.337980
2516020,"Lubolz",713,57,"33U","33U2H1S2Q",3,2026-09-19 17:38:30.8630000,0,0,1366,2026-09-19 17:38:30.8630000,51.966670,13.833330
2505845,"Johannis-Vorstadt",703,57,"32U","32U2H3S2Q",2,2026-09-19 17:40:03.3500000,0,1061,0,2026-09-19 17:40:03.3500000,51.750000,11.466670
1878214,"Pond Acres",3537,233,"18S","18S1H2S3Q",1,2026-06-23 16:25:01.4400000,22147,0,0,2026-09-19 17:40:04.5500000,38.554000,-75.068510
2505847,"Gross Schierstedt",703,57,"32U","32U2H3S2Q",2,2026-09-19 17:40:08.2870000,0,1057,0,2026-09-19 17:40:08.2870000,51.750000,11.516670
2321785,"La Rue Neuve",960,75,"31U","31U2H5S3Q",2,2026-09-19 17:20:40.2800000,0,8982,266,2026-09-19 17:40:08.3530000,48.050000,2.100000
2505097,"Mehringen",703,57,"32U","32U2H3S2Q",2,2026-09-19 17:40:11.1830000,0,1369,0,2026-09-19 17:40:11.1830000,51.733330,11.516670
2321783,"La Rive du Bois",960,75,"31U","31U2H5S3Q",2,2026-09-19 17:40:14.4270000,0,760,0,2026-09-19 17:40:14.4270000,48.050000,2.050000
2504330,"Drohndorf",703,57,"32U","32U2H3S2Q",2,2026-09-19 17:40:15.2270000,0,1064,0,2026-09-19 17:40:15.2270000,51.716670,11.533330
2511275,"Wierigsdorf",713,57,"33U","33U2H1S2Q",3,2026-09-19 17:40:18.0800000,0,0,583,2026-09-19 17:40:18.0800000,51.866670,13.700000
2503603,"Freckleben",703,57,"32U","32U2H3S2Q",2,2026-09-19 17:40:18.7670000,0,1065,0,2026-09-19 17:40:18.7670000,51.700000,11.550000
2324447,"Martinatrap",960,75,"31U","31U2H5S3Q",2,2026-09-19 17:40:20.8270000,0,1232,0,2026-09-19 17:40:20.8270000,48.100000,2.083330
2505098,"Schackenthal",703,57,"32U","32U2H3S2Q",2,2026-09-19 17:40:21.8330000,0,1060,0,2026-09-19 17:40:21.8330000,51.733330,11.583330
2506631,"Amesdorf",703,57,"32U","32U2H3S2Q",2,2026-09-19 17:40:25.4200000,0,1054,0,2026-09-19 17:40:25.4200000,51.766670,11.600000
2325353,"Le Peytit",960,75,"31U","31U2H5S3Q",3,2021-12-29 23:46:08.4370000,0,517,6737,2026-09-19 17:40:26.9700000,48.116670,2.116670
2507378,"Gusten",703,57,"32U","32U2H3S2Q",2,2026-09-19 17:40:30.2870000,0,1054,0,2026-09-19 17:40:30.2870000,51.783330,11.600000
802269,"Tha Yang",3167,218,"47P","47P1H5S4Q",1,2016-02-19 23:42:21.6500000,564596,102864,0,2026-09-19 17:41:41.0930000,12.957720,99.905550
2116595,"Porter Creek",3576,233,"10T","10T2H2S1Q",2,2026-09-19 17:41:55.4500000,0,332,0,2026-09-19 17:41:55.4500000,43.110950,-123.522020
1478330,"Baker Hill",3551,233,"16R","16R1H3S1Q",2,2022-01-07 14:39:03.5070000,0,52220,0,2026-09-19 17:45:13.1300000,31.781270,-85.302160
1881385,"Carmichael",3567,233,"10S","10S1H3S3Q",2,2012-12-14 14:32:26.0030000,0,4221207,0,2026-09-19 17:46:25.1670000,38.617130,-121.328280
1882014,"Carmichael",3567,233,"10S","10S1H3S3Q",2,2012-08-11 06:10:33.1270000,0,4008138,0,2026-09-19 17:46:45.5030000,38.632500,-121.321200
1880629,"Soudan",3567,233,"10S","10S1H3S3Q",2,2012-08-10 02:44:47.6630000,0,4558448,0,2026-09-19 17:46:54.6170000,38.602680,-121.276060
1880786,"Citrus",3567,233,"10S","10S1H3S3Q",2,2012-08-09 21:53:54.9370000,0,4470653,0,2026-09-19 17:47:01.6300000,38.606570,-121.266620
2029482,"Boys Town",3559,233,"14T","14T2H6S2Q",2,2025-08-01 00:14:43.3800000,0,1378174,0,2026-09-19 17:47:47.8970000,41.261110,-96.131960
1881760,"Gold River",3567,233,"10S","10S1H3S3Q",2,2012-08-09 00:45:10.5770000,0,3852436,0,2026-09-19 17:48:27.8970000,38.626290,-121.246620
2351246,"Auenheim",716,57,"32U","32U2H4S4Q",2,2026-08-11 20:22:38.1300000,0,205000,0,2026-09-19 17:48:57.1200000,48.605900,7.836860
2420913,"Modlnica",2439,180,"34U","34U2H1S4Q",3,2026-08-14 21:10:13.3770000,0,460,4166,2026-09-19 17:49:20.8100000,50.129580,19.864610
2420638,"Modlniczka",2439,180,"34U","34U2H1S4Q",2,2026-09-19 17:49:24.2800000,0,1177,0,2026-09-19 17:49:24.2800000,50.117390,19.855300
2419682,"Bronowice Wielkie",2439,180,"34U","34U2H1S4Q",2,2017-06-27 15:34:23.3030000,0,3256225,0,2026-09-19 17:49:32.4730000,50.100000,19.866670
2419364,"Rzaska",2439,180,"34U","34U2H1S4Q",3,2024-04-19 21:30:47.2070000,0,920,104690,2026-09-19 17:49:35.4630000,50.097130,19.845090
2418612,"Mydlniki",2439,180,"34U","34U2H1S4Q",3,2017-08-13 15:37:09.2430000,0,460,1124058,2026-09-19 17:49:38.2430000,50.082830,19.848370
2418279,"Olszanica",2439,180,"34U","34U2H1S4Q",3,2019-01-12 15:34:51.7900000,0,920,1090412,2026-09-19 17:49:41.7100000,50.066750,19.834270
2416923,"Bielany",2439,180,"34U","34U2H1S4Q",3,2017-10-09 13:22:35.5800000,0,460,661796,2026-09-19 17:49:45.3930000,50.041930,19.823370
2416957,"Kryspinow",2439,180,"34U","34U2H1S4Q",3,2017-08-27 15:43:59.2030000,0,460,788021,2026-09-19 17:49:48.4270000,50.043800,19.798220
2416852,"Liszki",2439,180,"34U","34U2H1S4Q",3,2017-09-25 17:20:08.3400000,0,0,953296,2026-09-19 17:49:51.8230000,50.038840,19.768350
2051296,"Sandy Beach",3552,233,"18T","18T2H6S1Q",1,2026-09-06 16:12:55.9230000,30388,1200,517,2026-09-19 17:50:18.2030000,41.694540,-73.219560
2486355,"Sandford",979,77,"30U","30U2H2S2Q",3,2015-09-14 08:16:31.6770000,0,0,427481,2026-09-19 17:51:41.5700000,51.332280,-2.831220
2300131,"Junction",3578,233,"10T","10T1H3S1Q",2,2025-03-25 03:08:43.8900000,0,1351241,0,2026-09-19 17:54:34.3270000,47.613710,-121.802340
2300159,"Pleasant Hill",3578,233,"10T","10T1H3S1Q",2,2012-12-21 21:20:20.8430000,0,1319343,0,2026-09-19 17:55:12.5200000,47.615380,-121.909560
2322699,"Roulin",960,75,"31U","31U2H5S3Q",3,2021-12-17 13:57:03.0870000,192,517,24692,2026-09-19 17:55:37.5700000,48.066670,2.066670
2322701,"Ronville-le-Fort",960,75,"31U","31U2H5S3Q",3,2021-12-26 12:31:46.0870000,0,517,4552,2026-09-19 17:55:43.1400000,48.066670,2.100000
2321786,"La Tuilerie",960,75,"31U","31U2H5S3Q",2,2026-09-19 17:56:13.0070000,933,1867,0,2026-09-19 17:56:13.0070000,48.050000,2.183330
2322706,"La Chopiniere",960,75,"31U","31U2H5S3Q",2,2026-09-19 17:56:19.4470000,0,1302,0,2026-09-19 17:56:19.4470000,48.066670,2.250000
2323567,"La Croix-Allard",960,75,"31U","31U2H5S3Q",3,2021-12-30 19:11:26.2900000,0,691,2127,2026-09-19 17:56:25.3470000,48.083330,2.233330
2070540,"Little Rest",3583,233,"18T","18T2H3S4Q",1,2010-01-01 00:00:00.0000000,580445,0,0,2026-09-19 17:57:12.9500000,42.140650,-72.187020
2424530,"Murcki",2450,180,"34U","34U2H1S4Q",1,2025-06-27 06:44:57.1530000,451224,0,0,2026-09-19 17:57:24.0300000,50.200360,19.043510
2034864,"Peach Lake",3562,233,"18T","18T2H6S1Q",1,2026-09-19 17:57:32.5900000,1525,300,0,2026-09-19 17:57:32.5900000,41.368270,-73.577760
2113666,"Washington Mills",3562,233,"18T","18T2H2S1Q",1,2024-02-11 10:22:24.5100000,12381,0,0,2026-09-19 17:57:45.1300000,43.050070,-75.272940
2235980,"Segat",1366,110,"33T","33T1H1S3Q",1,2026-09-19 17:57:48.3230000,428,0,0,2026-09-19 17:57:48.3230000,46.026940,12.275560
2236177,"San Floriano",1366,110,"33T","33T1H1S3Q",1,2026-09-19 17:58:06.4400000,423,0,0,2026-09-19 17:58:06.4400000,46.033330,12.300000
2240758,"Tisoi",1366,110,"33T","33T1H1S3Q",1,2026-09-19 17:58:16.7770000,445,0,0,2026-09-19 17:58:16.7770000,46.166670,12.167500
2240398,"Vezzano",1366,110,"33T","33T1H1S3Q",1,2026-09-19 17:58:27.3570000,443,0,0,2026-09-19 17:58:27.3570000,46.152220,12.197500
2240368,"Nogare",1366,110,"33T","33T1H1S3Q",1,2026-09-19 17:58:39.8330000,513,0,0,2026-09-19 17:58:39.8330000,46.150280,12.233060
2239887,"Losego",1366,110,"33T","33T1H1S3Q",1,2026-09-19 17:58:50.5630000,460,0,0,2026-09-19 17:58:50.5630000,46.142220,12.285280
2432292,"Dauernheim",710,57,"32U","32U2H2S3Q",2,2015-09-10 09:12:07.4830000,0,440815,0,2026-09-19 17:58:55.6430000,50.366670,8.950000
2239941,"Roncan",1366,110,"33T","33T1H1S3Q",1,2026-09-19 17:58:58.7300000,457,0,0,2026-09-19 17:58:58.7300000,46.145280,12.283330
2240124,"Col",1366,110,"33T","33T1H1S3Q",1,2026-09-19 17:59:33.4300000,456,0,0,2026-09-19 17:59:33.4300000,46.150000,12.298610
2239898,"Puos d'Alpago",1366,110,"33T","33T1H1S3Q",1,2026-09-19 17:59:51.8270000,449,0,0,2026-09-19 17:59:51.8270000,46.142780,12.363610
2809411,"Honkakoski",929,70,"34V","34V1H6S1Q",1,2010-01-01 00:00:00.0000000,331646,0,32727,2026-09-19 18:03:03.7900000,61.750000,22.133330
2154126,"Sagries",954,75,"31T","31T2H3S1Q",3,2020-06-10 11:45:07.4630000,0,0,150613,2026-09-19 18:04:43.1430000,43.983330,4.416670
2736995,"Kuchina",2661,192,"35V","35V2H5S2Q",3,2026-08-24 04:20:39.5830000,0,0,1543,2026-09-19 18:06:39.3970000,57.733330,27.683330
1956528,"East Camden",3561,233,"18S","18S1H2S1Q",3,2026-03-03 12:08:22.6500000,0,0,544128,2026-09-19 18:07:00.7400000,39.952890,-75.101560
2125621,"Hilton",3562,233,"18T","18T2H1S1Q",1,2023-12-11 17:18:08.2330000,275432,0,0,2026-09-19 18:09:24.4430000,43.288120,-77.793340
2107203,"Canyonville",3576,233,"10T","10T2H2S3Q",2,2023-11-18 19:45:41.9970000,0,66313,0,2026-09-19 18:10:30.0370000,42.927340,-123.281170
1407356,"Willis",3549,233,"15R","15R1H1S3Q",1,2020-12-30 00:56:10.6270000,45218,0,0,2026-09-19 18:10:53.5900000,30.424930,-95.479940
2324450,"Bouzonville-aux-Bois",960,75,"31U","31U2H5S3Q",3,2021-12-30 19:24:52.3530000,0,691,3425,2026-09-19 18:12:47.6600000,48.100000,2.233330
2324451,"La Jacquinerie",960,75,"31U","31U2H5S3Q",2,2026-09-19 18:12:54.6500000,0,954,0,2026-09-19 18:12:54.6500000,48.100000,2.250000
2324452,"Verrine",960,75,"31U","31U2H5S3Q",2,2026-09-19 18:12:59.8270000,0,517,113,2026-09-19 18:12:59.8270000,48.100000,2.266670
2323569,"Bouilly-en-Gatinais",960,75,"31U","31U2H5S3Q",2,2026-09-19 18:13:14.7370000,0,1645,0,2026-09-19 18:13:14.7370000,48.083330,2.283330
2322707,"La Rive du Bois",960,75,"31U","31U2H5S3Q",2,2026-09-19 18:13:18.9900000,0,759,0,2026-09-19 18:13:18.9900000,48.066670,2.283330
2322710,"Nancray-sur-Rimarde",960,75,"31U","31U2H5S3Q",3,2021-12-27 15:53:57.3630000,0,517,1867,2026-09-19 18:13:24.9100000,48.066670,2.333330
2322691,"Bouilly",960,75,"31U","31U2H4S4Q",3,2021-12-29 16:49:29.7100000,0,517,1424,2026-09-19 18:15:08.3900000,48.066670,1.950000
2505099,"Grosswirschleben",703,57,"32U","32U2H3S2Q",2,2026-09-19 18:15:35.4430000,0,1058,0,2026-09-19 18:15:35.4430000,51.733330,11.700000
2507377,"Warmsdorf",703,57,"32U","32U2H3S2Q",2,2026-09-19 18:15:38.6200000,0,1057,0,2026-09-19 18:15:38.6200000,51.783330,11.583330
2506630,"Giersleben",703,57,"32U","32U2H3S2Q",2,2026-09-19 18:15:41.1270000,0,1055,0,2026-09-19 18:15:41.1270000,51.766670,11.566670
2505848,"Klein Schierstedt",703,57,"32U","32U2H3S2Q",2,2026-09-19 18:15:43.7770000,0,1057,0,2026-09-19 18:15:43.7770000,51.750000,11.550000
2505850,"Plotzkau",703,57,"32U","32U2H3S2Q",2,2026-09-19 18:15:46.6300000,0,1052,0,2026-09-19 18:15:46.6300000,51.750000,11.683330
2300062,"Chaon",960,75,"31T","31T1H2S1Q",2,2025-08-18 08:21:27.2870000,0,1514,0,2026-09-19 18:17:51.5970000,47.608860,2.172950
2310744,"Hugelheim",716,57,"32T","32T1H1S2Q",2,2025-10-05 11:53:10.9670000,0,16932,0,2026-09-19 18:19:18.1270000,47.830330,7.620990
2301765,"La Tuile",960,75,"31T","31T1H2S1Q",2,2025-08-18 08:22:10.7900000,0,1866,0,2026-09-19 18:21:46.7800000,47.647220,2.215950
1844887,"Sparkle",3567,233,"10S","10S1H5S2Q",2,2025-02-01 00:39:16.9270000,0,2998117,0,2026-09-19 18:21:54.6470000,37.928260,-122.056630
2505849,"Brundel",703,57,"32U","32U2H3S2Q",2,2026-09-19 18:27:18.7770000,0,1058,0,2026-09-19 18:27:18.7770000,51.750000,11.650000
2506632,"Aderstedt",703,57,"32U","32U2H3S2Q",2,2026-09-19 18:27:22.0470000,0,1052,0,2026-09-19 18:27:22.0470000,51.766670,11.683330
2415340,"Raczna",2439,180,"34U","34U2H1S4Q",3,2017-08-25 04:43:52.8970000,0,1380,1041346,2026-09-19 18:27:22.7000000,50.009840,19.767840
2112329,"Chadwicks",3562,233,"18T","18T2H2S1Q",1,2024-02-11 10:22:08.9930000,14862,0,0,2026-09-19 18:27:23.5230000,43.027850,-75.271550
2507380,"Bullenstedt",703,57,"32U","32U2H3S2Q",2,2026-09-19 18:27:24.4800000,0,1042,0,2026-09-19 18:27:24.4800000,51.783330,11.666670
2415220,"Zagacie",2439,180,"34U","34U2H1S4Q",3,2024-09-08 10:37:29.4600000,0,460,111385,2026-09-19 18:27:24.9630000,50.003330,19.700720
2416178,"Nowa Wies Szlachecka",2439,180,"34U","34U2H1S4Q",3,2024-09-08 10:16:24.5370000,0,1897,115560,2026-09-19 18:27:27.8000000,50.026990,19.697280
2506633,"Grona",703,57,"32U","32U2H3S2Q",2,2026-09-19 18:27:28.1400000,0,1052,0,2026-09-19 18:27:28.1400000,51.766670,11.700000
2415344,"Przeginia Narodowa",2439,180,"34U","34U2H1S4Q",3,2024-12-12 21:38:11.8130000,0,2357,102446,2026-09-19 18:27:30.7070000,50.010110,19.659090
2507381,"Neuborna",703,57,"32U","32U2H3S2Q",2,2026-09-19 18:27:30.7630000,0,1057,0,2026-09-19 18:27:30.7630000,51.783330,11.716670
2414756,"Klokoczyn",2439,180,"34U","34U2H4S2Q",3,2024-12-12 21:38:40.8600000,0,2485,102286,2026-09-19 18:27:34.1670000,49.995710,19.637720
2508146,"Bernburg",703,57,"32U","32U2H3S2Q",2,2026-09-19 18:27:34.2500000,0,1048,0,2026-09-19 18:27:34.2500000,51.800000,11.733330
2414764,"Rusocice",2439,180,"34U","34U2H4S2Q",3,2024-12-13 03:47:22.9170000,0,920,107307,2026-09-19 18:27:36.4000000,49.996040,19.606480
2508145,"Waldau",703,57,"32U","32U2H3S2Q",2,2026-09-19 18:27:37.8270000,0,1053,0,2026-09-19 18:27:37.8270000,51.800000,11.716670
2415401,"Kamien",2439,180,"34U","34U2H1S4Q",3,2024-09-08 11:08:24.8230000,0,7054,96954,2026-09-19 18:27:39.2100000,50.012150,19.585360
2415206,"Lipowa",2439,180,"34U","34U2H1S4Q",3,2024-09-08 11:36:31.0530000,0,4892,33408,2026-09-19 18:27:41.9600000,50.002880,19.553260
2507382,"Roschwitz",703,57,"32U","32U2H3S2Q",2,2026-09-19 18:27:42.5070000,0,1052,0,2026-09-19 18:27:42.5070000,51.783330,11.766670
1933330,"Westfall",3563,233,"17S","17S1H1S2Q",3,2020-10-19 16:19:55.3900000,0,0,1060942,2026-09-19 18:28:08.5330000,39.558120,-82.999070
2040291,"Glen Spey",3562,233,"18T","18T2H5S2Q",2,2026-09-19 18:36:20.6300000,0,3577,0,2026-09-19 18:36:26.0430000,41.478700,-74.813500
2039242,"Upper Mongaup",3562,233,"18T","18T2H5S2Q",2,2026-09-19 18:36:39.3070000,0,996,0,2026-09-19 18:36:39.3070000,41.457590,-74.764890
2038989,"Cahoonzie",3562,233,"18T","18T2H5S2Q",2,2026-09-19 18:36:50.1970000,0,935,0,2026-09-19 18:36:50.1970000,41.450090,-74.712110
1536444,"Garland",3549,233,"14S","14S2H6S4Q",1,2024-07-28 14:33:07.5330000,1183449,0,517,2026-09-19 18:37:39.6700000,32.912620,-96.638880
1538810,"Pleasant Valley",3549,233,"14S","14S2H6S4Q",1,2010-01-01 00:00:00.0000000,1115032,0,517,2026-09-19 18:37:45.9730000,32.952900,-96.569990
1539078,"Liberty Grove",3549,233,"14S","14S2H6S4Q",1,2019-02-13 11:56:36.8530000,1397455,0,517,2026-09-19 18:38:12.9830000,32.957900,-96.528050
1893368,"Kenneth",3540,233,"15S","15S1H1S4Q",2,2015-12-07 04:29:47.7000000,0,894919,0,2026-09-19 18:39:05.0330000,38.855010,-94.611900
1902196,"Countryside",3540,233,"15S","15S1H1S2Q",1,2025-12-21 02:54:19.4030000,10273,701,0,2026-09-19 18:39:06.2100000,39.016670,-94.654400
1944027,"Vine Street Houses",3568,233,"13S","13S1H2S2Q",2,2014-02-23 21:24:37.4570000,0,3119363,0,2026-09-19 18:39:07.2530000,39.739170,-104.962220
1976099,"Frederick",3584,233,"18T","18T2H5S3Q",3,2017-11-13 13:59:08.6900000,48,0,160728,2026-09-19 18:41:23.3330000,40.302880,-75.529350
1973745,"Neiffer",3584,233,"18T","18T2H5S3Q",3,2017-11-11 14:52:11.4900000,338,0,195679,2026-09-19 18:41:47.7300000,40.262880,-75.520180
2314509,"Rozsretszolo",1205,100,"34T","34T1H2S2Q",2,2017-10-25 06:21:37.9800000,0,251542,4200,2026-09-19 18:41:55.5570000,47.900000,21.700000
2060067,"San Eustacio",1377,110,"33T","33T2H4S1Q",3,2016-03-09 22:44:23.2930000,0,0,2853772,2026-09-19 18:42:17.2030000,41.899310,12.477210
2305431,"Leanyfalu",1217,100,"34T","34T1H1S2Q",3,2026-09-10 04:32:50.1370000,1196,0,2620,2026-09-19 18:43:13.7530000,47.716670,19.083330
1973456,"Woodgate",3584,233,"18T","18T2H5S3Q",3,2017-09-10 15:05:32.2270000,0,0,234140,2026-09-19 18:43:42.0930000,40.255650,-75.569630
1933342,"Centerville",3554,233,"15S","15S1H3S2Q",3,2024-12-20 12:57:24.4370000,0,0,960144,2026-09-19 18:44:34.0700000,39.558380,-90.029280
1975993,"Amityville",3584,233,"18T","18T2H5S3Q",3,2019-10-03 21:29:02.9670000,0,0,243652,2026-09-19 18:44:48.8730000,40.300090,-75.736300
1977186,"Yellow House",3584,233,"18T","18T2H5S3Q",3,2019-10-07 19:51:55.9700000,0,0,246040,2026-09-19 18:45:02.8400000,40.323150,-75.754640
2075203,"Leeds",3562,233,"18T","18T2H3S3Q",2,2026-09-19 18:45:43.1770000,0,945,0,2026-09-19 18:45:43.1770000,42.252910,-73.893740
2304851,"Les Bons Freres",960,75,"31T","31T1H2S1Q",2,2025-08-18 08:45:13.6030000,0,2034,0,2026-09-19 18:45:43.5170000,47.702190,2.288380
2075290,"Leeds",3562,233,"18T","18T2H3S3Q",2,2026-09-19 18:45:48.9670000,750,1518,0,2026-09-19 18:45:48.9670000,42.255370,-73.902350
2310842,"Boisselle",960,75,"31T","31T1H2S1Q",2,2026-09-19 18:45:52.1230000,0,1925,0,2026-09-19 18:45:52.1230000,47.833330,2.350000
2076248,"South Cairo",3562,233,"18T","18T2H3S3Q",2,2026-09-19 18:45:52.7170000,0,469,0,2026-09-19 18:45:52.7170000,42.277030,-73.956800
2310843,"Bray-en-Val",960,75,"31T","31T1H2S1Q",2,2026-09-19 18:45:59.2900000,0,2851,0,2026-09-19 18:46:00.3800000,47.833330,2.366670
2311663,"Bouzy-la-Foret",960,75,"31T","31T1H2S1Q",2,2026-09-19 18:46:04.5470000,0,760,0,2026-09-19 18:46:04.5470000,47.850000,2.383330
2309925,"Mullheim",716,57,"32T","32T1H1S2Q",2,2025-10-03 20:31:50.1470000,0,6160,0,2026-09-19 18:46:19.7770000,47.808200,7.630350
2307569,"Steinenstadt",716,57,"32T","32T1H1S2Q",2,2026-08-08 21:41:43.3400000,0,4698,0,2026-09-19 18:46:29.2770000,47.766670,7.550000
2506634,"Baalberge",703,57,"32U","32U2H3S2Q",2,2026-09-19 18:47:39.8200000,0,1064,430,2026-09-19 18:47:39.8200000,51.766670,11.800000
2506635,"Poley",703,57,"32U","32U2H3S2Q",2,2026-09-19 18:47:43.1730000,0,1054,430,2026-09-19 18:47:43.1730000,51.766670,11.816670
2507383,"Weddegast",703,57,"32U","32U2H3S2Q",2,2026-09-19 18:47:45.9600000,0,1055,0,2026-09-19 18:47:45.9600000,51.783330,11.833330
2508148,"Latdorf",703,57,"32U","32U2H3S2Q",2,2026-09-19 18:47:48.7400000,0,1051,0,2026-09-19 18:47:48.7400000,51.800000,11.800000
2508147,"Drobel",703,57,"32U","32U2H3S2Q",2,2026-09-19 18:47:52.2530000,0,1052,0,2026-09-19 18:47:52.2530000,51.800000,11.783330
2509706,"Grimschleben",703,57,"32U","32U2H3S2Q",2,2026-09-19 18:47:56.9000000,0,1051,430,2026-09-19 18:47:56.9000000,51.833330,11.783330
2511244,"Damaschkeplan",703,57,"32U","32U2H3S2Q",2,2026-09-19 18:48:00.9030000,0,1055,0,2026-09-19 18:48:00.9030000,51.866670,11.766670
2165916,"Newland",3557,233,"16T","16T1H5S4Q",1,2026-09-19 18:48:05.3000000,1082,0,0,2026-09-19 18:48:05.3000000,44.301390,-86.243420
2166621,"Douglas",3557,233,"16T","16T1H5S4Q",1,2026-09-19 18:48:09.5430000,440,0,0,2026-09-19 18:48:09.5430000,44.322220,-86.223420
2167134,"Onekama Junction",3557,233,"16T","16T1H5S4Q",1,2026-09-19 18:48:16.5600000,1087,0,0,2026-09-19 18:48:16.5600000,44.336950,-86.202590
2167717,"Red Park",3557,233,"16T","16T1H5S4Q",1,2026-09-19 18:48:21.1870000,435,0,0,2026-09-19 18:48:21.1870000,44.351950,-86.242870
2501721,"Fokkershoek",2270,167,"31U","31U2H3S2Q",3,2019-03-25 14:43:00.5270000,0,0,3029198,2026-09-19 18:48:22.9130000,51.658330,5.451390
2533220,"Briesenluch",713,57,"33U","33U1H4S4Q",2,2026-09-19 18:48:30.4300000,0,1656,0,2026-09-19 18:48:32.8200000,52.316670,13.966670
2678388,"Philpstoun",977,77,"30U","30U1H2S1Q",1,2026-09-17 19:09:23.3700000,30696,0,0,2026-09-19 18:48:33.3770000,55.966670,-3.500000
2096123,"Macomb",3557,233,"17T","17T2H1S4Q",1,2013-11-26 19:35:11.9670000,11370629,0,0,2026-09-19 18:48:33.7070000,42.700870,-82.959090
2502071,"In der Krimm",703,57,"32U","32U2H3S2Q",2,2026-09-19 18:48:54.8000000,0,1043,0,2026-09-19 18:48:54.8000000,51.666670,11.300000
2530755,"Wolzig",713,57,"33U","33U1H4S4Q",2,2026-09-19 18:49:14.0200000,0,788,0,2026-09-19 18:49:14.0200000,52.266670,13.833330
2299221,"McGilvara",3578,233,"10T","10T1H2S2Q",1,2019-12-02 04:52:12.7070000,3400407,0,0,2026-09-19 18:49:37.0530000,47.590930,-122.242900
2000530,"Blue Point",3562,233,"18T","18T2H6S3Q",1,2026-09-19 18:09:51.9000000,26552,360,4137,2026-09-19 18:49:37.4630000,40.751790,-73.035260
2501976,"Goch",707,57,"32U","32U2H1S1Q",1,2018-11-18 09:56:40.5170000,76447,0,0,2026-09-19 18:50:21.1600000,51.666670,6.166670
2508634,"Rengering",707,57,"32U","32U2H2S1Q",3,2025-03-11 09:02:59.1500000,0,0,762295,2026-09-19 18:50:44.9730000,51.809990,8.616200
2074810,"Jackson",3557,233,"16T","16T2H3S4Q",1,2026-08-27 22:42:02.7130000,5579,0,0,2026-09-19 18:50:54.7230000,42.245870,-84.401350
2111181,"Sauquoit",3562,233,"18T","18T2H2S1Q",1,2016-04-11 17:57:39.8870000,12250,0,0,2026-09-19 18:51:21.6400000,43.004240,-75.259890
2075416,"Woodville",3557,233,"16T","16T2H3S4Q",1,2026-08-27 22:42:28.6430000,2452,0,0,2026-09-19 18:52:34.4000000,42.258650,-84.483570
2114517,"Quality Hill",3562,233,"18T","18T2H2S1Q",1,2021-04-22 23:04:17.7530000,100183,0,0,2026-09-19 18:52:48.0370000,43.067010,-75.774910
1978903,"Spangsville",3584,233,"18T","18T2H5S3Q",3,2018-12-24 21:55:56.6930000,2376,0,225150,2026-09-19 18:54:02.3430000,40.356480,-75.742410
2322711,"Saint-Michel",960,75,"31U","31U2H5S3Q",3,2022-01-21 17:40:48.2100000,0,763,1154,2026-09-19 18:55:12.8370000,48.066670,2.366670
2322713,"Batilly-en-Gatinais",960,75,"31U","31U2H5S3Q",2,2026-09-19 18:55:18.2330000,0,903,0,2026-09-19 18:55:18.2330000,48.066670,2.383330
2324453,"Mousseaux",960,75,"31U","31U2H5S3Q",3,2022-01-10 14:13:32.1570000,0,691,1817,2026-09-19 18:55:25.2070000,48.100000,2.333330
2323571,"Arconville",960,75,"31U","31U2H5S3Q",2,2026-09-19 18:55:30.7000000,0,691,567,2026-09-19 18:55:30.7000000,48.083330,2.366670
1738859,"Dawson",3546,233,"15S","15S1H4S3Q",3,2013-12-01 23:20:28.6470000,0,0,4620940,2026-09-19 18:55:35.6900000,36.179820,-95.908600
2040326,"El Masnou",909,68,"31T","31T2H5S1Q",3,2018-09-15 18:14:21.2400000,0,0,506463,2026-09-19 18:56:00.0070000,41.479780,2.318800
1978179,"Limekiln",3584,233,"18T","18T2H5S3Q",3,2019-11-11 02:10:53.2500000,35,0,228299,2026-09-19 18:57:34.1930000,40.343420,-75.805050
2533211,"Wildau",713,57,"33U","33U1H4S4Q",2,2026-09-19 08:45:11.9500000,0,13332,0,2026-09-19 18:57:48.4230000,52.316670,13.633330
1881877,"Nimbus",3567,233,"10S","10S1H3S3Q",2,2012-08-10 11:02:45.5030000,0,4375395,0,2026-09-19 18:58:20.2170000,38.629070,-121.215230
1882304,"Alder Creek",3567,233,"10S","10S1H3S3Q",2,2012-09-19 13:59:05.5670000,0,4635056,0,2026-09-19 18:58:27.9570000,38.634630,-121.201610
1883326,"Natoma",3567,233,"10S","10S1H3S3Q",2,2012-08-10 07:26:16.9330000,0,4152603,0,2026-09-19 18:58:35.4070000,38.654900,-121.181340
1884053,"Folsom Junction",3567,233,"10S","10S1H3S3Q",2,2012-08-08 03:59:45.3570000,0,4020283,0,2026-09-19 18:58:40.3500000,38.668240,-121.182170
1882604,"Prairie City",3567,233,"10S","10S1H3S3Q",2,2012-08-10 13:46:46.5900000,0,4782504,0,2026-09-19 18:58:46.2630000,38.642130,-121.155780
1881800,"White Rock",3567,233,"10S","10S1H3S3Q",2,2023-07-15 01:26:07.4130000,0,4078743,0,2026-09-19 18:58:55.0400000,38.627130,-121.092170
1881039,"Malby Crossing",3567,233,"10S","10S1H3S3Q",2,2020-02-07 03:47:47.7200000,0,3743881,0,2026-09-19 18:58:59.7530000,38.613240,-121.071060
1879208,"Walltown",3567,233,"10S","10S1H3S3Q",2,2012-10-31 15:17:01.0630000,0,3999594,0,2026-09-19 18:59:04.6830000,38.574070,-121.103830
2272899,"Akeley",3558,233,"15T","15T1H1S2Q",2,2022-03-12 23:40:21.4770000,0,36682,0,2026-09-19 18:59:26.8100000,47.004120,-94.726950
2291742,"Thalheim",528,43,"32T","32T1H2S1Q",3,2024-08-13 07:24:45.8470000,0,0,8471337,2026-09-19 18:59:28.7400000,47.433330,8.100000
1884427,"Orangevale",3567,233,"10S","10S1H3S3Q",2,2012-08-09 16:00:01.5430000,0,8082981,0,2026-09-19 18:59:37.1970000,38.678510,-121.225780
1382893,"Martindale",3549,233,"14R","14R1H6S1Q",2,2026-08-23 06:04:45.6600000,0,464309,0,2026-09-19 19:00:34.0700000,29.845500,-97.840840
1608241,"Topanga",3567,233,"11S","11S2H1S4Q",1,2026-09-19 01:33:09.8130000,6046,0,0,2026-09-19 19:01:11.9900000,34.089270,-118.604360
2253379,"Cherrylane",3573,233,"11T","11T1H2S4Q",2,2010-01-01 00:00:00.0000000,0,1943621,0,2026-09-19 19:02:38.9770000,46.516000,-116.681540
2526485,"Lippe",713,57,"33U","33U1H4S4Q",3,2026-09-19 19:03:50.1930000,0,0,1408,2026-09-19 19:03:50.1930000,52.183330,13.850000
1819361,"Lloyden Park",3567,233,"10S","10S1H5S2Q",3,2013-07-20 21:14:26.4630000,0,0,1135845,2026-09-19 19:04:48.2770000,37.465830,-122.203060
1542488,"Wylie",3549,233,"14S","14S2H6S2Q",1,2019-11-29 22:12:18.9930000,1321533,0,517,2026-09-19 19:05:06.5300000,33.015120,-96.538880
1545526,"Beverly Hill",3549,233,"14S","14S2H6S2Q",3,2026-09-19 19:05:13.5070000,0,0,663,2026-09-19 19:05:13.5070000,33.069290,-96.489710
1545138,"Little Ridge",3549,233,"14S","14S2H6S2Q",1,2022-07-03 19:59:03.1800000,504060,0,1034,2026-09-19 19:05:18.5600000,33.062900,-96.454710
1548008,"New Mesquite",3549,233,"14S","14S2H6S2Q",1,2024-10-07 18:18:03.2570000,512380,517,1551,2026-09-19 19:05:29.5470000,33.116780,-96.433600
1546010,"Copeville",3549,233,"14S","14S2H6S2Q",1,2020-12-16 12:52:14.9530000,572108,0,1401,2026-09-19 19:05:38.0300000,33.079560,-96.415540
1544067,"Nevada",3549,233,"14S","14S2H6S2Q",1,2020-04-30 00:23:47.2970000,603061,0,1034,2026-09-19 19:05:52.7400000,33.042340,-96.373870
2325361,"Barville-en-Gatinais",960,75,"31U","31U2H5S3Q",3,2022-01-21 17:48:33.3430000,0,691,2011,2026-09-19 19:06:02.8470000,48.116670,2.400000
1538095,"Fate",3549,233,"14S","14S2H6S4Q",1,2020-05-11 01:52:32.3670000,586472,0,517,2026-09-19 19:06:04.2430000,32.941510,-96.381370
2325362,"Gaubertin",960,75,"31U","31U2H5S3Q",2,2026-09-19 19:06:08.0900000,0,778,0,2026-09-19 19:06:08.0900000,48.116670,2.416670
1537042,"Mobile City",3549,233,"14S","14S2H6S4Q",1,2019-06-26 15:02:00.3470000,1363389,0,517,2026-09-19 19:06:12.3500000,32.922620,-96.411100
2327125,"Boesses",960,75,"31U","31U2H5S3Q",2,2026-09-19 19:06:14.6930000,0,782,0,2026-09-19 19:06:14.6930000,48.150000,2.450000
2326810,"Beaumont-du-Gatinais",955,75,"31U","31U2H5S3Q",2,2026-09-19 19:06:20.2700000,0,746,0,2026-09-19 19:06:20.2700000,48.138600,2.479130
1537497,"Rockwall",3549,233,"14S","14S2H6S4Q",1,2019-05-12 15:13:12.2100000,1477600,0,517,2026-09-19 19:06:25.3530000,32.931230,-96.459710
2326850,"Barnonville",955,75,"31U","31U2H5S3Q",3,2022-02-13 17:00:37.3230000,0,815,1150,2026-09-19 19:06:28.0900000,48.140780,2.489950
2177764,"Kawartha Lakes",457,38,"17T","17T1H6S4Q",3,2018-10-31 03:21:38.6170000,0,0,2558466,2026-09-19 19:06:30.6100000,44.583420,-78.832880
2167831,"Wic-a-te-wah",3557,233,"16T","16T1H5S4Q",1,2026-09-19 19:06:47.1170000,404,0,0,2026-09-19 19:06:47.1170000,44.355840,-86.223980
2168048,"Onekama",3557,233,"16T","16T1H5S4Q",1,2026-09-19 19:06:52.7900000,405,0,0,2026-09-19 19:06:52.7900000,44.363610,-86.205090
2170714,"Pierport",3557,233,"16T","16T1H5S4Q",1,2026-09-19 19:06:58.7070000,391,0,0,2026-09-19 19:06:58.7070000,44.426670,-86.240090
2077631,"Limestreet",3562,233,"18T","18T2H3S3Q",1,2021-04-06 20:22:07.1300000,9225,5251,0,2026-09-19 19:07:13.2400000,42.308420,-73.875680
2180438,"Interlochen",3557,233,"16T","16T1H6S3Q",3,2026-04-09 20:17:47.1670000,300,0,91626,2026-09-19 19:07:26.6100000,44.644720,-85.767300
2177077,"Pavlovic Corner",3557,233,"16T","16T1H6S3Q",3,2026-04-14 12:00:47.5800000,300,0,38631,2026-09-19 19:07:32.0470000,44.568890,-85.753410
1535535,"Glen Hill",3549,233,"14S","14S2H6S4Q",1,2019-02-27 15:38:59.2370000,1564816,0,517,2026-09-19 19:08:32.0400000,32.894850,-96.474430
2529059,"Marysin",2440,180,"34U","34U1H5S4Q",2,2020-05-18 00:40:39.4500000,0,1501254,0,2026-09-19 19:10:31.4370000,52.233330,21.150000
2522543,"Kielczewo",2451,180,"33U","33U1H6S3Q",2,2026-09-01 15:26:58.9670000,0,1032089,0,2026-09-19 19:13:03.9630000,52.101720,16.640480
798182,"Nikhom Sang Ton Eng Khuan Phet",3167,218,"47P","47P1H5S4Q",1,2024-11-21 14:18:33.7800000,472970,6740,0,2026-09-19 19:13:28.2900000,12.833330,99.933330
2523159,"Streganz-Ziegelei",713,57,"33U","33U1H4S4Q",3,2026-09-19 19:16:01.0530000,0,0,1200,2026-09-19 19:16:01.0530000,52.116670,13.783330
2523160,"Birkholz",713,57,"33U","33U1H4S4Q",3,2026-09-19 19:16:07.2670000,0,0,783,2026-09-19 19:16:07.2670000,52.116670,13.816670
2521497,"Neu Kothen",713,57,"33U","33U1H4S4Q",3,2026-09-19 19:16:12.0470000,0,0,795,2026-09-19 19:16:12.0470000,52.083330,13.800000
2723112,"Clova",977,77,"30V","30V2H5S2Q",1,2026-09-19 19:16:12.8300000,1083,0,0,2026-09-19 19:16:12.8300000,57.283330,-2.900000
2522306,"Kleinwasserburg",713,57,"33U","33U1H4S4Q",3,2026-09-19 19:16:15.2270000,0,0,783,2026-09-19 19:16:15.2270000,52.100000,13.800000
2725351,"Kirkhill of Kennethmont",977,77,"30V","30V2H5S2Q",1,2026-09-19 19:16:19.9600000,1103,300,0,2026-09-19 19:16:19.9600000,57.350000,-2.766670
2724267,"Rhynie",977,77,"30V","30V2H5S2Q",1,2026-09-19 19:16:26.7200000,1102,300,0,2026-09-19 19:16:26.7200000,57.316670,-2.833330
2724268,"Cushnie",977,77,"30V","30V2H5S2Q",1,2026-09-19 19:16:39.1800000,1102,300,0,2026-09-19 19:16:39.1800000,57.316670,-2.816670
2724269,"Kirktown of Clatt",977,77,"30V","30V2H5S2Q",1,2026-09-19 19:16:45.5530000,1102,300,0,2026-09-19 19:16:45.5530000,57.316670,-2.766670
2727326,"Wells of Ythan",977,77,"30V","30V2H5S2Q",1,2026-09-19 19:16:52.2300000,1103,300,0,2026-09-19 19:16:52.2300000,57.416670,-2.600000
2736406,"Barbaraville",977,77,"30V","30V2H4S2Q",1,2026-09-19 19:16:59.2200000,1080,0,0,2026-09-19 19:16:59.2200000,57.716670,-4.100000
2734839,"Macduff",977,77,"30V","30V2H5S2Q",1,2026-09-19 19:17:06.4230000,1065,0,0,2026-09-19 19:17:06.4230000,57.666670,-2.483330
2222479,"Rhemes-Saint-Georges",1367,110,"32T","32T1H4S2Q",2,2026-08-01 16:19:22.9600000,0,177910,0,2026-09-19 19:17:32.3600000,45.652260,7.154400
2226030,"Old Spring Bay",457,38,"17T","17T1H4S2Q",3,2026-09-19 19:18:09.2570000,0,0,1009,2026-09-19 19:18:09.2570000,45.750070,-82.249830
2233569,"Johnswood",3557,233,"17T","17T1H4S1Q",3,2026-09-19 19:18:21.1130000,0,0,953,2026-09-19 19:18:21.1130000,45.950850,-83.622220
2075183,"Sandstone",3557,233,"16T","16T2H3S4Q",1,2026-08-27 22:42:34.0700000,10492,0,0,2026-09-19 19:20:40.1730000,42.251980,-84.517740
2307292,"Schliengen",716,57,"32T","32T1H1S2Q",2,2024-12-28 05:41:34.5430000,0,25889,0,2026-09-19 19:21:26.3430000,47.756980,7.576450
2302607,"Snyders Corner",3578,233,"10T","10T1H2S2Q",2,2014-08-22 23:53:18.0700000,6102,3985600,0,2026-09-19 19:23:51.6270000,47.666490,-122.163460
2678228,"Kilfinan",977,77,"30U","30U1H1S1Q",1,2026-09-19 19:24:11.5470000,2279,600,0,2026-09-19 19:24:11.5500000,55.958230,-5.310170
2303285,"Ravenna",3578,233,"10T","10T1H2S2Q",1,2013-06-23 00:01:22.5100000,3742575,0,0,2026-09-19 19:24:13.6130000,47.675650,-122.297630
2322695,"La Gadroue",960,75,"31U","31U2H5S3Q",3,2021-12-27 12:35:59.9670000,0,517,3988,2026-09-19 19:24:18.2030000,48.066670,2.033330
2324445,"Rougemont",960,75,"31U","31U2H5S3Q",3,2021-11-07 16:53:49.3270000,0,517,3507,2026-09-19 19:24:24.7370000,48.100000,2.016670
2323563,"Mezieres",960,75,"31U","31U2H4S4Q",3,2021-11-07 16:53:14.6930000,0,691,1128,2026-09-19 19:24:32.8900000,48.083330,1.966670
2323562,"Trinay",960,75,"31U","31U2H4S4Q",2,2026-09-19 19:24:36.2830000,0,636,517,2026-09-19 19:24:36.2830000,48.083330,1.950000
2680063,"Achnaba",977,77,"30V","30V2H4S3Q",1,2026-09-19 19:24:38.8970000,1155,0,0,2026-09-19 19:24:38.8970000,56.016670,-5.366670
2324440,"Villechat",960,75,"31U","31U2H4S4Q",3,2021-12-26 12:13:13.1930000,0,517,2434,2026-09-19 19:24:43.5270000,48.100000,1.916670
2324441,"Le Coudray",960,75,"31U","31U2H4S4Q",3,2021-12-29 18:38:20.1900000,0,517,1798,2026-09-19 19:24:47.0900000,48.100000,1.933330
2731462,"Aberchirder",977,77,"30V","30V2H5S2Q",1,2026-09-19 19:24:56.0500000,1065,0,0,2026-09-19 19:24:56.0500000,57.550000,-2.616670
1978924,"Beavers Mill",3584,233,"18T","18T2H5S3Q",3,2023-04-24 13:31:36.8770000,0,0,238698,2026-09-19 19:24:57.3870000,40.357040,-75.809640
2099225,"Gurlo",279,22,"34T","34T2H3S3Q",1,2025-06-09 04:32:29.6100000,224002,7234,0,2026-09-19 19:24:58.8900000,42.766670,22.850000
1977539,"Glen Oley Farms",3584,233,"18T","18T2H5S3Q",3,2019-10-30 00:04:44.0900000,1527,0,247714,2026-09-19 19:25:09.9600000,40.332330,-75.814910
1977374,"Farming Ridge",3584,233,"18T","18T2H5S3Q",3,2019-10-20 20:21:16.5370000,738,0,239586,2026-09-19 19:25:30.8170000,40.328180,-75.836140
1977245,"Jackson Meadows",3584,233,"18T","18T2H5S3Q",3,2019-10-20 20:22:05.4900000,1255,0,239795,2026-09-19 19:25:43.3370000,40.325080,-75.841240
1977434,"Ramblewood",3584,233,"18T","18T2H5S3Q",3,2019-10-22 00:25:36.4630000,0,0,246499,2026-09-19 19:25:52.4370000,40.329680,-75.846790
1532599,"Heath",3549,233,"14S","14S2H6S4Q",1,2020-03-16 14:33:34.6730000,771335,0,517,2026-09-19 19:25:54.3900000,32.836510,-96.474990
1527922,"Forney",3549,233,"14S","14S2H6S4Q",1,2024-03-02 02:57:16.0570000,703395,0,517,2026-09-19 19:26:03.2530000,32.748180,-96.471930
1525646,"Lawson",3549,233,"14S","14S2H6S4Q",3,2026-09-19 19:26:14.9270000,0,0,622,2026-09-19 19:26:14.9270000,32.702350,-96.564990
1813026,"Middleburg",3582,233,"16S","16S1H6S2Q",2,2015-07-07 22:08:48.9700000,4656,44579,2400,2026-09-19 19:26:17.8000000,37.357850,-84.821060
1909546,"Fairfax",3540,233,"15S","15S1H1S2Q",2,2023-05-11 00:36:26.8400000,0,38407,0,2026-09-19 19:26:18.8270000,39.141670,-94.612730
1524075,"Kleberg",3549,233,"14S","14S2H6S4Q",3,2026-09-19 19:26:48.1000000,0,1460,1840,2026-09-19 19:26:48.1000000,32.671520,-96.615830
1977298,"Schwarzwald Heights",3584,233,"18T","18T2H5S3Q",3,2019-10-21 01:56:37.8800000,369,0,245852,2026-09-19 19:26:55.4330000,40.326320,-75.849570
1523097,"Bobwyn",3549,233,"14S","14S2H6S4Q",2,2010-01-01 00:00:00.0000000,517,7930,1034,2026-09-19 19:27:03.2030000,32.653740,-96.599440
2480855,"Ell",2271,167,"31U","31U2H3S2Q",2,2026-09-18 20:10:32.8900000,0,112644,0,2026-09-19 19:27:04.4900000,51.220830,5.793060
1525065,"Rylie",3549,233,"14S","14S2H6S4Q",3,2026-09-19 19:27:20.8300000,0,0,638,2026-09-19 19:27:20.8300000,32.690690,-96.637490
1526936,"Balch Springs",3549,233,"14S","14S2H6S4Q",3,2026-09-19 19:27:33.7800000,0,0,622,2026-09-19 19:27:33.7800000,32.728740,-96.622770
1528925,"Mesquite",3549,233,"14S","14S2H6S4Q",3,2026-09-19 19:27:39.9700000,0,0,728,2026-09-19 19:27:39.9700000,32.766800,-96.599160
2322692,"Les Bordes-Givry",960,75,"31U","31U2H4S4Q",3,2021-12-29 11:57:47.1400000,0,517,4539,2026-09-19 19:27:42.8030000,48.066670,1.966670
2499708,"Abberode",703,57,"32U","32U2H3S2Q",2,2026-09-19 19:28:10.6000000,0,1041,0,2026-09-19 19:28:10.6000000,51.616670,11.283330
2505094,"Ermsleben",703,57,"32U","32U2H3S2Q",2,2026-09-19 19:28:17.5600000,0,1055,0,2026-09-19 19:28:17.5600000,51.733330,11.333330
2504328,"Konradsburg",703,57,"32U","32U2H3S2Q",2,2026-09-19 19:28:20.5400000,0,1060,0,2026-09-19 19:28:20.5400000,51.716670,11.350000
2503600,"Neuplatendorf",703,57,"32U","32U2H3S2Q",2,2026-09-19 19:28:24.2770000,0,1055,0,2026-09-19 19:28:24.2770000,51.700000,11.350000
2305434,"Pocsmegyer",1217,100,"34T","34T1H1S2Q",3,2026-09-10 04:32:34.5300000,1192,0,2624,2026-09-19 19:29:22.3800000,47.716670,19.100000
2304635,"God",1217,100,"34T","34T1H1S2Q",3,2026-09-11 00:29:29.1830000,0,0,2096,2026-09-19 19:29:31.2600000,47.700000,19.133330
2303785,"Margitmajor",1217,100,"34T","34T1H1S2Q",3,2026-09-11 00:29:35.2200000,0,0,2078,2026-09-19 19:29:35.8870000,47.683330,19.133330
2304636,"Ujtelep",1217,100,"34T","34T1H1S2Q",3,2026-09-11 00:29:22.1270000,0,0,2039,2026-09-19 19:29:41.2500000,47.700000,19.150000
2303015,"Sandorpuszta",1217,100,"34T","34T1H1S2Q",3,2026-09-11 00:57:07.2730000,0,0,1642,2026-09-19 19:29:49.4230000,47.666670,19.150000
2306232,"Csorogimajor",1217,100,"34T","34T1H1S2Q",3,2026-09-11 00:29:06.1400000,0,0,2843,2026-09-19 19:29:56.3170000,47.733330,19.183330
2306233,"Csorogiszolok",1217,100,"34T","34T1H1S2Q",3,2026-09-11 00:28:49.5100000,0,0,2843,2026-09-19 19:30:00.5900000,47.733330,19.200000
2305437,"Csoeroeg",1217,100,"34T","34T1H1S2Q",3,2026-09-11 00:28:39.7030000,0,0,3125,2026-09-19 19:30:04.8530000,47.716670,19.200000
2025652,"Chalco",3559,233,"14T","14T2H6S2Q",2,2025-07-28 02:33:38.9130000,0,1097791,0,2026-09-19 19:30:59.7600000,41.183890,-96.150300
1530313,"Tripp",3549,233,"14S","14S2H6S4Q",1,2024-04-24 06:11:15.6770000,206344,0,517,2026-09-19 19:32:46.4600000,32.794850,-96.560550
2501803,"Kameren",2270,167,"31U","31U2H3S2Q",3,2019-03-11 11:33:33.4770000,0,0,3037410,2026-09-19 19:34:03.3700000,51.661670,5.437500
1977293,"Marywood",3584,233,"18T","18T2H5S3Q",3,2019-10-25 21:09:22.9270000,0,0,245616,2026-09-19 19:34:30.8630000,40.326200,-75.854900
1977230,"Jacksonwald",3584,233,"18T","18T2H5S3Q",3,2019-10-21 00:50:24.7730000,0,0,251619,2026-09-19 19:34:45.2400000,40.324540,-75.849650
2226973,"Saint-Jerome",459,38,"18T","18T1H5S2Q",1,2026-06-04 21:31:31.7230000,400307,0,0,2026-09-19 19:34:52.6730000,45.780360,-74.003650
1976570,"Grist Mill Farms",3584,233,"18T","18T2H5S3Q",3,2019-10-19 13:13:47.7700000,3988,0,246455,2026-09-19 19:36:09.0200000,40.313850,-75.852600
2780485,"Pohja",856,64,"35V","35V2H1S2Q",1,2026-09-19 19:36:14.4700000,2042,0,0,2026-09-19 19:36:14.4700000,59.479170,25.434440
2780307,"Kloostrimetsa",856,64,"35V","35V2H1S1Q",1,2026-09-19 19:36:53.3330000,1143,0,21,2026-09-19 19:36:53.3330000,59.466670,24.866670
2502859,"Wieserode",703,57,"32U","32U2H3S2Q",2,2026-09-19 19:37:04.4500000,0,1058,0,2026-09-19 19:37:04.4500000,51.683330,11.350000
2502858,"Degenershausen",703,57,"32U","32U2H3S2Q",2,2026-09-19 19:37:08.8030000,0,1067,0,2026-09-19 19:37:08.8030000,51.683330,11.300000
2504325,"Ballenstedt",703,57,"32U","32U2H3S2Q",2,2026-09-19 19:37:14.5270000,0,1362,0,2026-09-19 19:37:14.5270000,51.716670,11.233330
2506629,"Badeborn",703,57,"32U","32U2H3S2Q",2,2026-09-19 19:37:20.4200000,0,1066,0,2026-09-19 19:37:20.4200000,51.766670,11.233330
2506628,"Gersdorfer Burg",703,57,"32U","32U2H3S2Q",2,2026-09-19 19:37:23.6670000,0,1066,0,2026-09-19 19:37:23.6670000,51.766670,11.200000
2506627,"Quarmbeck",703,57,"32U","32U2H3S2Q",2,2026-09-19 19:37:28.0970000,0,1066,0,2026-09-19 19:37:28.0970000,51.766670,11.133330
2507376,"Quedlinburg",703,57,"32U","32U2H3S2Q",2,2026-09-19 19:37:31.4100000,0,1066,0,2026-09-19 19:37:31.4100000,51.783330,11.150000
2776742,"Koplimetsa",850,64,"35V","35V2H1S2Q",1,2026-09-19 19:37:37.5230000,807,0,0,2026-09-19 19:37:37.5230000,59.299440,25.973330
2509699,"Munchenhof",703,57,"32U","32U2H3S2Q",2,2026-09-19 19:37:38.7470000,0,1057,0,2026-09-19 19:37:38.7470000,51.833330,11.116670
2521495,"Oderin",713,57,"33U","33U1H4S4Q",3,2026-09-19 19:37:57.0970000,0,0,1452,2026-09-19 19:37:57.0970000,52.083330,13.716670
2268378,"Snellman",3558,233,"15T","15T1H1S3Q",2,2010-01-01 00:00:00.0000000,0,48261,0,2026-09-19 19:39:30.2930000,46.889400,-95.413090
1397180,"Dripping Springs",3549,233,"14R","14R1H2S4Q",2,2026-06-10 06:33:01.3830000,0,1998586,0,2026-09-19 19:40:25.8370000,30.190210,-98.086680
2830434,"Aikkila",925,70,"35W","35W2H3S4Q",2,2013-07-14 02:22:50.1530000,0,446143,0,2026-09-19 19:41:31.6030000,66.133330,29.200000
2115439,"Warners",3562,233,"18T","18T2H1S2Q",1,2023-09-15 18:09:18.7430000,27950,0,0,2026-09-19 19:42:43.6130000,43.085340,-76.329100
1520887,"Rockland",3547,233,"17S","17S2H5S4Q",2,2026-08-10 11:17:46.5930000,0,33617,0,2026-09-19 19:43:25.8300000,32.612680,-80.202600
2421501,"Jamnice",2450,180,"34U","34U2H1S4Q",1,2024-01-15 15:41:01.3430000,446083,0,0,2026-09-19 19:43:46.9470000,50.138220,19.202400
2432627,"Skrzynowek",2450,180,"34U","34U2H1S4Q",1,2026-09-19 19:44:09.7900000,600,0,0,2026-09-19 19:44:09.7900000,50.368130,19.050810
2151891,"Creswell",3576,233,"10T","10T2H2S1Q",3,2024-11-12 02:46:25.7270000,517,9205,987049,2026-09-19 19:44:15.6600000,43.917900,-123.024530
2520666,"Kothen",713,57,"33U","33U1H4S4Q",3,2026-09-19 19:44:18.9670000,0,0,781,2026-09-19 19:44:18.9670000,52.066670,13.800000
2708963,"Vtuzgorodok",2705,192,"41V","41V2H4S3Q",1,2026-07-24 09:39:04.8830000,1015003,0,0,2026-09-19 19:45:22.7670000,56.851110,60.658060
2716664,"Faichemard Farm",977,77,"30V","30V2H4S2Q",1,2026-09-19 19:46:04.1700000,1107,0,0,2026-09-19 19:46:04.1700000,57.074360,-4.826030
2733387,"Garve",977,77,"30V","30V2H4S2Q",1,2026-09-19 19:46:12.4430000,1633,0,0,2026-09-19 19:46:12.4430000,57.616670,-4.700000
2718845,"Fort Augustus",977,77,"30V","30V2H4S2Q",1,2026-09-19 19:47:38.0930000,1107,0,0,2026-09-19 19:47:38.0930000,57.143130,-4.682240
2723909,"Knockfin",977,77,"30V","30V2H4S2Q",1,2026-09-19 19:47:44.7370000,1067,0,0,2026-09-19 19:47:44.7370000,57.301030,-4.820080
2724516,"Fasnakyle",977,77,"30V","30V2H4S2Q",1,2026-09-19 19:47:51.5070000,1067,0,0,2026-09-19 19:47:51.5070000,57.319200,-4.802480
2761894,"Crosskirk",977,77,"30V","30V2H2S3Q",1,2026-09-19 19:48:05.8600000,1131,300,0,2026-09-19 19:48:05.8600000,58.616670,-3.666670
2732425,"Dunlugas",977,77,"30V","30V2H5S2Q",1,2026-09-19 19:48:14.0030000,1054,0,0,2026-09-19 19:48:14.0030000,57.583330,-2.500000
2738919,"Tain",977,77,"30V","30V2H4S2Q",1,2026-09-19 19:48:21.8700000,1912,0,0,2026-09-19 19:48:21.8700000,57.800000,-4.066670
2741890,"Proncy",977,77,"30V","30V2H4S2Q",1,2026-09-19 19:48:38.9870000,1071,0,0,2026-09-19 19:48:38.9870000,57.900000,-4.066670
2208121,"Andover",3558,233,"15T","15T1H5S1Q",1,2013-08-03 22:56:36.1400000,3429563,0,0,2026-09-19 19:49:04.9700000,45.233300,-93.291340
2060363,"Vatican City",3867,236,"33T","33T2H4S1Q",3,2019-06-07 13:03:03.5830000,0,0,1450742,2026-09-19 19:49:14.9170000,41.902360,12.453320
2060445,"Borgo Pio",1377,110,"33T","33T2H4S1Q",3,2015-09-15 22:02:38.0400000,0,0,2997627,2026-09-19 19:49:26.9600000,41.904750,12.459830
2322715,"Beaune-la-Rolande",960,75,"31U","31U2H5S3Q",2,2026-09-19 19:50:36.5970000,0,655,0,2026-09-19 19:50:36.5970000,48.066670,2.433330
2321794,"Les Cotelles",960,75,"31U","31U2H5S3Q",2,2026-09-19 19:50:44.8100000,0,994,0,2026-09-19 19:50:44.8100000,48.050000,2.466670
2320950,"Mezieres-en-Gatinais",960,75,"31U","31U2H5S3Q",2,2026-09-19 19:50:51.5070000,0,1665,0,2026-09-19 19:50:51.5070000,48.033330,2.483330
2320084,"Le Grand Montigny",960,75,"31U","31U2H5S3Q",2,2026-09-19 19:50:55.2070000,0,1999,0,2026-09-19 19:50:56.6400000,48.016670,2.483330
2319333,"Quiers-sur-Bezonde",960,75,"31T","31T1H2S1Q",2,2026-09-19 19:51:02.6500000,0,1646,0,2026-09-19 19:51:02.6500000,48.000000,2.433330
2318429,"Bellegarde",960,75,"31T","31T1H2S1Q",2,2026-09-19 19:51:22.0430000,0,587,0,2026-09-19 19:51:22.0430000,47.983330,2.433330
2520665,"Freidorf",713,57,"33U","33U1H4S4Q",3,2026-09-19 19:52:12.3930000,0,0,1201,2026-09-19 19:52:12.3930000,52.066670,13.700000
1549393,"Lakewood Village",3549,233,"14S","14S2H6S2Q",3,2016-05-28 15:28:34.6230000,0,0,4516993,2026-09-19 19:52:55.2300000,33.142620,-96.969450
1549220,"Camp Dallas",3549,233,"14S","14S2H6S2Q",3,2010-01-01 00:00:00.0000000,0,0,3340023,2026-09-19 19:53:03.1900000,33.139840,-96.988900
1550558,"Little Elm",3549,233,"14S","14S2H6S2Q",3,2016-09-07 11:36:24.6730000,0,0,3782447,2026-09-19 19:53:09.3430000,33.162620,-96.937510
1549989,"Hackberry",3549,233,"14S","14S2H6S2Q",3,2017-03-16 14:22:15.4170000,0,0,6305592,2026-09-19 19:53:13.7970000,33.152340,-96.917780
1553967,"Navo",3549,233,"14S","14S2H6S2Q",3,2016-03-25 12:23:25.8830000,0,0,3702894,2026-09-19 19:53:25.5730000,33.220670,-96.930000
1554510,"Cross Roads",3549,233,"14S","14S2H6S1Q",3,2015-12-06 22:39:03.9230000,0,0,4029949,2026-09-19 19:53:39.6230000,33.230650,-97.001900
1413828,"Elmina",3549,233,"15R","15R1H1S3Q",1,2026-06-23 18:59:43.1300000,21176,0,0,2026-09-19 19:54:13.1700000,30.559640,-95.475500
2509700,"Ditfurt",703,57,"32U","32U2H3S2Q",2,2026-09-19 19:55:13.8430000,0,1066,0,2026-09-19 19:55:13.8430000,51.833330,11.200000
2509701,"Wedderstedt",703,57,"32U","32U2H3S2Q",2,2026-09-19 19:55:19.0230000,0,1058,0,2026-09-19 19:55:19.0230000,51.833330,11.233330
2510091,"Hausneindorf",703,57,"32U","32U2H3S2Q",2,2026-09-19 19:55:22.6200000,0,1058,0,2026-09-19 19:55:22.6200000,51.840100,11.272270
2509282,"Gatersleben",703,57,"32U","32U2H3S2Q",2,2026-09-19 19:55:26.4400000,0,1058,0,2026-09-19 19:55:26.4400000,51.822150,11.286610
2509702,"Friedrichsaue",703,57,"32U","32U2H3S2Q",2,2026-09-19 19:55:37.3700000,0,1077,0,2026-09-19 19:55:37.3700000,51.833330,11.333330
2509703,"Schadeleben",703,57,"32U","32U2H3S2Q",2,2026-09-19 19:55:41.8500000,0,1058,0,2026-09-19 19:55:41.8500000,51.833330,11.366670
2512035,"Cochstedt",703,57,"32U","32U2H3S2Q",2,2026-09-19 19:55:47.0170000,0,1058,0,2026-09-19 19:55:47.0170000,51.883330,11.416670
2529034,"Busch",713,57,"33U","33U1H4S4Q",2,2026-09-19 19:55:57.6730000,0,788,0,2026-09-19 19:55:57.6730000,52.233330,13.866670
2402794,"Plzen",697,56,"33U","33U2H4S2Q",3,2026-08-12 13:03:50.7630000,0,5400,1037146,2026-09-19 19:55:59.9430000,49.747470,13.377590
2529033,"Gorsdorf",713,57,"33U","33U1H4S4Q",2,2026-09-19 19:56:39.6800000,0,788,0,2026-09-19 19:56:39.6800000,52.233330,13.833330
2421132,"Huckelheim",715,57,"32U","32U2H2S4Q",2,2013-04-16 13:09:35.2970000,0,613703,0,2026-09-19 19:56:41.3800000,50.133330,9.250000
2392601,"Ipsheim",715,57,"32U","32U2H6S1Q",3,2014-07-18 18:15:41.8900000,0,0,2048772,2026-09-19 19:57:28.3470000,49.533330,10.483330
2305822,"Bad Bellingen",716,57,"32T","32T1H1S2Q",2,2024-12-28 05:41:45.0800000,0,13723,0,2026-09-19 19:59:06.1470000,47.731470,7.557560
2172519,"Giulesti",2632,190,"35T","35T1H5S3Q",3,2026-07-07 19:33:25.7130000,0,0,190035,2026-09-19 19:59:24.1570000,44.466670,26.000000
31361,"Spring Hill",140,13,"56J","56J1H5S4Q",1,2026-07-30 01:45:39.2970000,1999,0,0,2026-09-19 19:59:33.1630000,-27.461410,153.023110
31418,"Herston",142,13,"56J","56J1H5S4Q",1,2026-06-29 06:11:27.7030000,2847,0,0,2026-09-19 19:59:43.5170000,-27.444530,153.018520
31471,"Albion",142,13,"56J","56J1H5S4Q",1,2026-08-04 21:59:17.9000000,3055,0,0,2026-09-19 19:59:50.3100000,-27.430060,153.037920
31479,"Wooloowin",142,13,"56J","56J1H5S4Q",1,2026-07-08 11:46:38.9700000,3142,0,0,2026-09-19 20:00:00.1700000,-27.422440,153.042040
31529,"Toombul",142,13,"56J","56J1H5S4Q",1,2026-07-08 11:46:55.1300000,3178,0,0,2026-09-19 20:00:06.5870000,-27.409640,153.058430
2519855,"Staakmuhle",713,57,"33U","33U1H4S4Q",3,2026-09-19 20:00:14.3000000,0,1173,1241,2026-09-19 20:00:14.3000000,52.050000,13.683330
2514427,"Niewitz",713,57,"33U","33U2H1S2Q",3,2026-09-19 20:00:58.4530000,0,1487,1775,2026-09-19 20:00:58.4530000,51.933330,13.783330
2269566,"Westbury",3558,233,"15T","15T1H1S3Q",2,2016-10-16 16:43:35.8070000,0,43157,0,2026-09-19 20:09:09.1800000,46.917180,-95.909770
2275972,"White Earth",3558,233,"15T","15T1H1S1Q",2,2016-12-26 03:21:34.1500000,0,16666,0,2026-09-19 20:09:18.4770000,47.096630,-95.843380
2686446,"Earlsferry",977,77,"30V","30V2H5S4Q",3,2025-06-19 17:54:26.2330000,0,0,256162,2026-09-19 20:11:25.9400000,56.189560,-2.833530
2687348,"Anstruther Easter",977,77,"30V","30V2H5S4Q",3,2025-07-05 15:23:32.2600000,0,0,254116,2026-09-19 20:11:58.9730000,56.216670,-2.683330
2512817,"Schneidlingen",703,57,"32U","32U2H3S2Q",2,2026-09-19 20:13:07.8300000,0,1055,0,2026-09-19 20:13:07.8300000,51.900000,11.466670
2514391,"Marienstuhl",703,57,"32U","32U2H3S2Q",2,2026-09-19 20:13:10.8000000,0,1052,0,2026-09-19 20:13:10.8000000,51.933330,11.450000
2514392,"Tarthun",703,57,"32U","32U2H3S2Q",2,2026-09-19 20:13:14.1900000,0,1052,0,2026-09-19 20:13:14.1900000,51.933330,11.466670
2515218,"Wolmirsleben",703,57,"32U","32U2H3S2Q",2,2026-09-19 20:13:21.6930000,0,1052,0,2026-09-19 20:13:21.6930000,51.950000,11.483330
2516813,"Buttenkrug",703,57,"32U","32U2H3S2Q",2,2026-09-19 20:13:27.5300000,0,1053,0,2026-09-19 20:13:27.5300000,51.983330,11.516670
2517550,"Schwaneberg",703,57,"32U","32U2H3S2Q",2,2026-09-19 20:13:35.4600000,0,1053,0,2026-09-19 20:13:35.4600000,52.000000,11.466670
2515217,"Egeln",703,57,"32U","32U2H3S2Q",2,2026-09-19 20:13:39.7670000,0,1055,0,2026-09-19 20:13:39.7670000,51.950000,11.433330
1495813,"Emery Park",3572,233,"12S","12S2H5S4Q",3,2013-09-24 21:15:45.5200000,0,0,5082752,2026-09-19 20:14:25.3900000,32.141190,-110.955920
1874087,"Wilderman",3554,233,"16S","16S1H1S3Q",3,2025-02-18 20:30:00.9770000,0,0,68575,2026-09-19 20:15:34.6170000,38.473660,-89.939270
1877434,"Crest Hill",3554,233,"15S","15S1H3S4Q",1,2023-04-12 01:43:11.8300000,110832,92088,0,2026-09-19 20:15:35.8030000,38.539500,-90.077050
1877606,"Gartside",3554,233,"15S","15S1H3S4Q",2,2026-08-14 23:55:37.0100000,49104,72101,0,2026-09-19 20:15:37.4430000,38.543940,-90.036220
1500519,"El Rio",3572,233,"12S","12S2H5S4Q",3,2013-08-11 23:41:54.7330000,0,0,8731800,2026-09-19 20:16:24.4600000,32.235350,-110.989540
2162813,"Junction City",3576,233,"10T","10T1H5S3Q",3,2025-02-03 23:55:50.6430000,0,3775,248885,2026-09-19 20:16:56.7270000,44.219290,-123.205650
2516019,"Freiwalde",713,57,"33U","33U2H1S2Q",3,2026-09-19 20:17:35.8070000,0,0,772,2026-09-19 20:17:35.8070000,51.966670,13.750000
2516848,"Schonwalde",713,57,"33U","33U2H1S2Q",3,2026-09-19 20:17:44.4000000,0,0,1085,2026-09-19 20:17:44.4000000,51.983330,13.766670
2515255,"Schiebsdorf",713,57,"33U","33U2H1S2Q",3,2026-09-19 20:17:54.8830000,0,678,1023,2026-09-19 20:17:54.8830000,51.950000,13.750000
2515254,"Reichwalde",713,57,"33U","33U2H1S2Q",3,2026-09-19 20:18:02.4600000,0,0,772,2026-09-19 20:18:02.4600000,51.950000,13.716670
2109975,"Victor",3562,233,"18T","18T2H1S3Q",1,2018-04-07 02:03:03.3370000,369516,0,0,2026-09-19 20:18:18.8000000,42.982560,-77.408880
1502506,"Stockham",3572,233,"12S","12S2H5S3Q",3,2013-09-19 20:12:13.2870000,0,0,8361302,2026-09-19 20:18:20.4900000,32.274240,-111.007590
2109068,"Tomlinson Corners",3562,233,"18T","18T2H1S3Q",1,2023-10-06 14:44:27.8430000,112248,0,0,2026-09-19 20:18:28.0870000,42.964790,-77.502500
2108022,"Littleville",3562,233,"18T","18T2H1S3Q",1,2023-12-07 21:51:21.3600000,42338,0,0,2026-09-19 20:19:29.3830000,42.943120,-77.221920
2318430,"Ouzouer-sous-Bellegarde",960,75,"31T","31T1H2S1Q",2,2026-09-19 20:20:40.0470000,0,840,0,2026-09-19 20:20:40.0500000,47.983330,2.466670
1902899,"Horstville",3567,233,"10S","10S1H3S1Q",2,2013-09-25 16:36:27.7600000,0,3950144,0,2026-09-19 20:20:41.9070000,39.027950,-121.391620
1901886,"Wheatland",3567,233,"10S","10S1H3S1Q",2,2013-10-07 17:26:03.9700000,0,4000865,0,2026-09-19 20:20:49.5530000,39.009890,-121.423010
2317584,"Auvilliers-en-Gatinais",960,75,"31T","31T1H2S1Q",2,2026-09-19 20:20:50.6530000,0,913,0,2026-09-19 20:20:50.6530000,47.966670,2.500000
1900128,"Sheridan",3567,233,"10S","10S1H3S3Q",2,2013-05-04 06:50:09.5730000,0,3593287,0,2026-09-19 20:21:00.3200000,38.979620,-121.375510
1893268,"Penryn",3567,233,"10S","10S1H3S3Q",2,2012-08-12 03:33:44.8770000,0,3998124,0,2026-09-19 20:21:14.8600000,38.852120,-121.169390
1894359,"Newcastle",3567,233,"10S","10S1H3S3Q",2,2012-08-12 05:11:56.3430000,0,4006505,0,2026-09-19 20:21:20.0330000,38.874070,-121.133280
2319334,"Ladon",960,75,"31T","31T1H2S1Q",2,2026-09-19 20:21:20.9430000,0,1046,0,2026-09-19 20:21:20.9430000,48.000000,2.533330
2320085,"Les Bossards",960,75,"31U","31U2H5S3Q",3,2022-01-10 14:37:22.5030000,0,517,617,2026-09-19 20:21:25.9100000,48.016670,2.533330
2320951,"Le Mont",960,75,"31U","31U2H5S3Q",3,2023-12-18 13:06:51.4670000,0,517,1200,2026-09-19 20:21:31.1600000,48.033330,2.516670
1891214,"Lakeshore",3567,233,"10S","10S1H3S3Q",2,2012-10-26 14:11:48.8930000,0,4354433,0,2026-09-19 20:21:31.5000000,38.815180,-121.112720
2321795,"Juranville",960,75,"31U","31U2H5S3Q",2,2026-09-19 20:21:38.9330000,0,1024,0,2026-09-19 20:21:38.9370000,48.050000,2.500000
2322718,"Le Fournil",960,75,"31U","31U2H5S3Q",2,2026-09-19 20:21:46.1800000,0,938,0,2026-09-19 20:21:46.1800000,48.066670,2.533330
2321796,"Lorcy",960,75,"31U","31U2H5S3Q",2,2026-09-19 20:21:50.6700000,0,1013,0,2026-09-19 20:21:50.6700000,48.050000,2.533330
2322719,"Corbeilles",960,75,"31U","31U2H5S3Q",2,2026-09-19 20:21:55.7100000,0,954,0,2026-09-19 20:21:55.7100000,48.066670,2.550000
2041736,"Hartwood Club",3562,233,"18T","18T2H5S2Q",2,2026-09-19 20:22:02.0330000,0,786,0,2026-09-19 20:22:02.0330000,41.504260,-74.724330
2043372,"Hartwood",3562,233,"18T","18T2H5S2Q",2,2026-09-19 20:22:09.9070000,0,798,0,2026-09-19 20:22:09.9070000,41.535370,-74.697660
2036476,"Sparrow Bush",3562,233,"18T","18T2H5S2Q",2,2026-09-19 20:22:36.4170000,0,4371,0,2026-09-19 20:22:41.7430000,41.400090,-74.723220
1888640,"Granite Bay",3567,233,"10S","10S1H3S3Q",2,2012-08-09 03:51:13.1770000,0,4200218,0,2026-09-19 20:23:12.6230000,38.763230,-121.163840
1418658,"Pine Valley",3549,233,"15R","15R1H1S3Q",1,2026-09-19 20:23:27.7470000,1174,0,0,2026-09-19 20:23:27.7470000,30.660470,-95.452440
1888514,"Granite Bay",3567,233,"10S","10S1H3S3Q",2,2015-10-19 19:42:12.4800000,0,4197880,0,2026-09-19 20:23:44.7470000,38.760080,-121.171620
1410436,"Ada",3549,233,"15R","15R1H1S3Q",1,2018-07-18 21:18:14.3430000,35131,0,0,2026-09-19 20:23:46.6270000,30.487980,-95.491330
1410427,"Esperanza",3549,233,"15R","15R1H1S3Q",1,2026-06-23 18:59:53.1930000,9848,0,0,2026-09-19 20:23:54.7330000,30.487700,-95.490220
2516812,"Etgersleben",703,57,"32U","32U2H3S2Q",2,2026-09-19 20:25:35.2730000,0,1055,0,2026-09-19 20:25:35.2730000,51.983330,11.416670
2515984,"Westeregeln",703,57,"32U","32U2H3S2Q",2,2026-09-19 20:25:38.4600000,0,1055,0,2026-09-19 20:25:38.4600000,51.966670,11.400000
2517553,"Stemmern",703,57,"32U","32U2H3S2Q",2,2026-09-19 20:25:41.7130000,0,1070,0,2026-09-19 20:25:41.7130000,52.000000,11.566670
2515219,"Borne",703,57,"32U","32U2H3S2Q",2,2026-09-19 20:25:45.3970000,0,1052,0,2026-09-19 20:25:45.3970000,51.950000,11.550000
2110333,"Farmington",3562,233,"18T","18T2H1S3Q",1,2023-11-26 17:41:42.5470000,84692,0,0,2026-09-19 20:26:55.3630000,42.983670,-77.325820
2322690,"Bucy-le-Roi",960,75,"31U","31U2H4S4Q",3,2021-12-17 10:45:54.0030000,0,517,1756,2026-09-19 20:27:42.5300000,48.066670,1.916670
1902555,"Plumas Lake",3567,233,"10S","10S1H3S1Q",3,2026-09-18 17:11:48.8500000,0,319069,669206,2026-09-19 20:27:49.5400000,39.020730,-121.558020
2324439,"Assas",960,75,"31U","31U2H4S4Q",3,2021-12-29 18:38:12.9800000,0,751,1150,2026-09-19 20:27:53.3000000,48.100000,1.900000
2175739,"Tangent",3576,233,"10T","10T1H5S3Q",2,2025-09-20 19:41:55.1000000,0,10225,0,2026-09-19 20:28:10.6530000,44.541230,-123.108150
2304637,"Tece",1217,100,"34T","34T1H1S2Q",3,2026-09-11 00:28:32.1070000,0,0,3357,2026-09-19 20:29:01.0730000,47.700000,19.216670
7729,"Osborns Flat",140,13,"55H","55H2H2S1Q",3,2026-09-19 20:29:02.5530000,0,0,1023,2026-09-19 20:29:02.5530000,-36.316670,146.883330
2305441,"Vacratot",1217,100,"34T","34T1H1S2Q",3,2026-09-08 10:42:51.5400000,0,0,3115,2026-09-19 20:29:05.7200000,47.716670,19.233330
7803,"Allans Flat",140,13,"55H","55H2H2S1Q",3,2026-09-19 20:29:06.2270000,0,0,1020,2026-09-19 20:29:06.2270000,-36.266670,146.900000
2528161,"Kolonie Klein Eichholz",713,57,"33U","33U1H4S4Q",2,2026-09-19 20:29:08.7370000,0,871,0,2026-09-19 20:29:08.7370000,52.216670,13.833330
7778,"Wooragee",140,13,"55H","55H2H2S1Q",3,2026-09-19 20:29:09.6100000,0,0,367,2026-09-19 20:29:09.6100000,-36.283330,146.783330
2304638,"Hatarmalom",1217,100,"34T","34T1H1S2Q",3,2026-09-08 10:42:39.1730000,0,0,4364,2026-09-19 20:29:10.9070000,47.700000,19.250000
7854,"Indigo Upper",140,13,"55H","55H2H2S1Q",3,2026-09-19 20:29:12.7370000,0,0,451,2026-09-19 20:29:12.7370000,-36.233330,146.783330
2527309,"Streganz",713,57,"33U","33U1H4S4Q",2,2026-09-19 20:29:13.9900000,0,1093,0,2026-09-19 20:29:13.9900000,52.200000,13.833330
2303786,"Gyar",1217,100,"34T","34T1H1S2Q",3,2026-09-08 07:10:24.6300000,0,0,3114,2026-09-19 20:29:15.3170000,47.683330,19.266670
8035,"Wodonga",140,13,"55H","55H2H2S1Q",2,2026-09-12 00:47:43.8200000,0,15718,1200,2026-09-19 20:29:20.0430000,-36.116670,146.883330
2525671,"Hermsdorf",713,57,"33U","33U1H4S4Q",2,2026-09-19 20:29:21.7700000,0,1621,0,2026-09-19 20:29:21.7700000,52.166670,13.800000
2303793,"Viciantanya",1217,100,"34T","34T1H1S2Q",3,2026-09-08 08:13:56.2970000,0,0,5352,2026-09-19 20:29:22.4000000,47.683330,19.283330
2303017,"Erdokertes",1217,100,"34T","34T1H1S2Q",3,2026-09-08 06:56:15.2700000,1018,0,2866,2026-09-19 20:29:27.8170000,47.666670,19.316670
2525670,"Kleinkoris",713,57,"33U","33U1H4S4Q",2,2026-09-19 20:29:27.9870000,0,788,0,2026-09-19 20:29:27.9870000,52.166670,13.683330
2304639,"Ujmajor",1217,100,"34T","34T1H1S2Q",3,2026-09-08 08:14:04.8500000,251,0,2624,2026-09-19 20:29:35.4500000,47.700000,19.333330
2525669,"Gross Koris",713,57,"33U","33U1H4S4Q",2,2026-09-19 20:29:38.9800000,0,944,0,2026-09-19 20:29:38.9800000,52.166670,13.666670
2304640,"Vackisujfalu",1217,100,"34T","34T1H1S2Q",3,2026-09-08 08:14:10.8830000,0,0,3357,2026-09-19 20:29:41.8530000,47.700000,19.350000
2084107,"Farmington Acres",3557,233,"17T","17T2H1S3Q",1,2015-02-02 17:31:46.8630000,3689622,0,0,2026-09-19 20:30:09.0470000,42.445040,-83.385490
2293821,"Ober-Augwil",503,43,"32T","32T1H2S1Q",1,2017-02-16 19:58:23.9300000,11250,0,0,2026-09-19 20:31:27.7930000,47.473710,8.603310
2524824,"Silbersee",713,57,"33U","33U1H4S4Q",2,2026-09-19 20:32:05.1130000,0,738,0,2026-09-19 20:32:05.1130000,52.150000,13.633330
1577138,"Fairview Commons",3539,233,"17S","17S2H4S1Q",3,2026-09-19 20:35:13.9730000,105103337,1377,105112471,2026-09-19 20:35:19.7600000,33.611220,-83.943520
2174167,"South Lebanon",3576,233,"10T","10T1H5S4Q",2,2025-02-03 21:48:31.4900000,0,3364,0,2026-09-19 20:35:38.5000000,44.506230,-122.903140
1642473,"Castle Canyon Mesa",3572,233,"12S","12S2H1S4Q",1,2015-03-30 00:16:25.6870000,104348319,0,0,2026-09-19 20:35:50.0500000,34.590860,-112.355720
2298818,"Halden",715,57,"32T","32T1H3S1Q",3,2024-10-04 08:02:54.3700000,0,0,21642,2026-09-19 20:38:11.2200000,47.583330,10.533330
1596414,"Hawthorne",3567,233,"11S","11S2H4S2Q",3,2015-06-14 05:37:00.4070000,287,0,1028932,2026-09-19 20:39:22.1330000,33.916400,-118.352570
2323564,"Puiseaux",960,75,"31U","31U2H5S3Q",2,2026-09-19 20:41:30.9370000,0,684,0,2026-09-19 20:41:30.9370000,48.083330,2.050000
2324442,"La Petite Rue",960,75,"31U","31U2H5S3Q",2,2026-09-19 20:41:59.0530000,0,1527,0,2026-09-19 20:41:59.0530000,48.100000,2.000000
2252714,"Harvey",3557,233,"16T","16T1H2S3Q",1,2012-08-06 01:18:15.5430000,701600,0,0,2026-09-19 20:41:59.6470000,46.491990,-87.351500
2810739,"Ristila",929,70,"34V","34V1H6S1Q",3,2024-03-24 21:57:18.8000000,0,0,9453,2026-09-19 20:42:23.4700000,61.933330,22.283330
2810484,"Koukku",929,70,"34V","34V1H6S1Q",3,2024-03-24 21:55:32.3330000,0,0,8134,2026-09-19 20:42:28.1530000,61.900000,22.266670
2810738,"Vatajankoski",929,70,"34V","34V1H6S1Q",3,2024-03-24 21:55:56.7570000,0,0,19991,2026-09-19 20:42:35.9530000,61.933330,22.216670
2809650,"Saarikoski",929,70,"34V","34V1H5S2Q",3,2026-04-10 03:45:03.3830000,0,0,3518,2026-09-19 20:42:48.4570000,61.783330,21.950000
2809897,"Otamo",929,70,"34V","34V1H5S2Q",3,2026-06-11 17:42:57.5900000,0,0,3898,2026-09-19 20:42:59.2030000,61.816670,21.766670
2185932,"Traverse City",3557,233,"16T","16T1H6S3Q",3,2026-09-19 20:43:16.1630000,0,0,907,2026-09-19 20:43:16.1630000,44.763060,-85.620630
2182464,"Devils Elbow",3557,233,"16T","16T1H6S3Q",3,2026-09-19 20:43:33.9800000,0,0,902,2026-09-19 20:43:33.9800000,44.686670,-85.482010
2185157,"Fivemile Corner",3557,233,"16T","16T1H6S3Q",3,2026-09-19 20:43:37.5000000,0,0,906,2026-09-19 20:43:37.5000000,44.746670,-85.522850
2186460,"Acme",3557,233,"16T","16T1H6S3Q",3,2026-09-19 20:43:40.7300000,0,0,867,2026-09-19 20:43:40.7330000,44.771950,-85.501460
1783944,"Chittenden",3567,233,"10S","10S1H6S3Q",1,2024-08-19 23:45:45.6130000,358755,0,0,2026-09-19 20:46:10.9770000,36.903290,-121.608280
2227364,"Mulgrave-et-Derry",459,38,"18T","18T1H5S1Q",2,2021-05-10 07:44:27.2170000,0,479134,0,2026-09-19 20:49:11.7870000,45.783400,-75.366010
2253247,"Cedar",3566,233,"15T","15T1H3S4Q",3,2013-07-29 01:10:21.7070000,0,0,6584264,2026-09-19 20:49:34.0070000,46.507170,-90.498240
2220719,"Thurso",459,38,"18T","18T1H5S1Q",2,2021-05-08 23:14:28.8530000,300,272996,0,2026-09-19 20:49:51.3030000,45.600100,-75.249310
1597986,"Lennox",3567,233,"11S","11S2H4S2Q",3,2015-07-14 23:14:45.3370000,287,0,1041310,2026-09-19 20:50:56.9400000,33.938070,-118.352580
1597988,"Lennox",3567,233,"11S","11S2H4S2Q",3,2015-07-14 00:53:55.5770000,287,0,1023868,2026-09-19 20:51:02.0930000,33.938140,-118.358610
2322694,"Les Bordes-Latrees",960,75,"31U","31U2H5S3Q",3,2021-12-29 04:20:58.4500000,0,517,5439,2026-09-19 20:53:15.9270000,48.066670,2.016670
2322700,"L'Hervilliers",960,75,"31U","31U2H5S3Q",2,2026-09-19 20:53:27.9100000,120,932,0,2026-09-19 20:53:27.9100000,48.066670,2.083330
2324448,"La Brosse",960,75,"31U","31U2H5S3Q",3,2021-12-29 23:46:16.4130000,0,517,4003,2026-09-19 20:53:36.1870000,48.100000,2.133330
2325356,"Frapuy",960,75,"31U","31U2H5S3Q",3,2021-12-26 12:13:47.8670000,0,517,4865,2026-09-19 20:53:41.6230000,48.116670,2.150000
2326174,"Escrennes",960,75,"31U","31U2H5S3Q",3,2022-01-12 16:40:11.5800000,0,642,1250,2026-09-19 20:53:48.7170000,48.133330,2.183330
2326175,"La Bretonniere",960,75,"31U","31U2H5S3Q",3,2022-01-12 16:16:13.9930000,0,517,3408,2026-09-19 20:53:53.7070000,48.133330,2.200000
2325357,"Laas",960,75,"31U","31U2H5S3Q",3,2022-01-12 16:16:22.2330000,0,658,1250,2026-09-19 20:53:58.0400000,48.116670,2.216670
2326178,"Thiellay",960,75,"31U","31U2H5S3Q",3,2022-01-19 23:42:37.1700000,0,691,1063,2026-09-19 20:54:07.8330000,48.133330,2.266670
2326179,"Rougemont",960,75,"31U","31U2H5S3Q",3,2022-01-19 23:42:21.6370000,0,691,2202,2026-09-19 20:54:18.2200000,48.133330,2.283330
1403415,"Claybank",3541,233,"15R","15R1H3S4Q",2,2025-09-20 16:18:43.7930000,0,1803599,0,2026-09-19 20:54:20.0330000,30.338800,-90.863150
2036751,"Millrift",3584,233,"18T","18T2H5S2Q",2,2026-09-19 20:56:34.5870000,0,3889,0,2026-09-19 20:56:36.7830000,41.409260,-74.743220
1717653,"Coley Lakes",3545,233,"17S","17S2H3S2Q",3,2013-08-08 09:18:02.6170000,0,0,530822,2026-09-19 20:56:52.8700000,35.823760,-78.674170
2157850,"Thomstown",457,38,"17T","17T1H6S4Q",3,2019-07-01 23:37:38.0200000,0,0,490862,2026-09-19 20:58:41.9170000,44.083420,-78.399540
1867739,"Paderborn",3554,233,"15S","15S1H3S4Q",2,2026-01-16 12:46:44.5370000,39598,59808,0,2026-09-19 20:58:43.4970000,38.360330,-90.042610
1868600,"Floraville",3554,233,"15S","15S1H3S4Q",1,2026-09-09 12:46:16.4070000,41118,38400,0,2026-09-19 20:58:44.6030000,38.376440,-90.056220
1872167,"Rodemich",3554,233,"15S","15S1H3S4Q",2,2023-07-31 11:18:41.2630000,0,54959,0,2026-09-19 20:58:45.6370000,38.440890,-90.137890
1873328,"Millstadt",3554,233,"15S","15S1H3S4Q",1,2023-03-10 06:57:12.6570000,207276,95260,0,2026-09-19 20:58:46.6670000,38.461440,-90.091780
1873405,"Roachtown",3554,233,"15S","15S1H3S4Q",2,2024-07-02 18:28:38.4000000,28649,83643,220,2026-09-19 20:58:47.7030000,38.463110,-90.040940
2141087,"Brax",951,75,"31T","31T2H1S2Q",2,2017-11-19 08:28:21.5570000,0,332108,0,2026-09-19 21:00:01.2400000,43.617930,1.239570
2028543,"Lane",3559,233,"14T","14T2H6S2Q",2,2025-08-02 12:30:56.0170000,0,1073112,0,2026-09-19 21:00:22.9730000,41.241940,-96.160850
8840,"Humula",143,13,"55H","55H1H5S4Q",2,2017-07-13 02:11:43.3330000,0,330596,0,2026-09-19 21:00:27.8930000,-35.483330,147.750000
2101368,"Gunnisonville",3557,233,"16T","16T2H3S4Q",1,2017-07-15 22:13:03.4970000,2742422,0,0,2026-09-19 21:01:41.2130000,42.813090,-84.523040
2194061,"Four Corners",3576,233,"10T","10T1H5S4Q",3,2010-01-01 00:00:00.0000000,0,3413,3345677,2026-09-19 21:02:22.5600000,44.927900,-122.983710
1987762,"Walnut Creek",3563,233,"17T","17T2H5S3Q",1,2026-09-19 21:02:51.3230000,12580,0,0,2026-09-19 21:03:19.2900000,40.541450,-81.721800
1530403,"Sunnyvale",3549,233,"14S","14S2H6S4Q",1,2026-09-19 21:04:48.0130000,864,0,0,2026-09-19 21:04:48.0130000,32.796520,-96.560820
1536157,"Bouchard",3549,233,"14S","14S2H6S4Q",1,2026-08-03 01:56:29.8130000,1229094,0,877,2026-09-19 21:05:35.0000000,32.907070,-96.759440
2160595,"Franklin",3576,233,"10T","10T1H5S3Q",3,2025-02-01 22:10:37.5700000,0,0,214503,2026-09-19 21:05:35.3800000,44.160960,-123.304540
1563219,"Greenwood",3539,233,"16S","16S2H6S2Q",3,2013-07-20 22:40:42.1070000,0,0,24710068,2026-09-19 21:06:01.3370000,33.392890,-84.168810
2495342,"Radyr",976,77,"30U","30U2H2S1Q",3,2018-06-19 10:36:41.2270000,0,0,766083,2026-09-19 21:06:25.9800000,51.518890,-3.261390
2524827,"Lopten",713,57,"33U","33U1H4S4Q",2,2026-09-19 21:06:48.5800000,0,738,0,2026-09-19 21:06:48.5800000,52.150000,13.683330
2519849,"Schobendorf",713,57,"33U","33U1H4S4Q",2,2026-09-19 21:07:05.1900000,0,788,0,2026-09-19 21:07:05.1930000,52.050000,13.433330
2525662,"Kummersdorf",713,57,"33U","33U1H4S4Q",2,2026-09-19 21:07:20.2170000,0,1874,0,2026-09-19 21:07:24.7430000,52.166670,13.350000
2478276,"Tonbridge",979,77,"31U","31U2H1S1Q",3,2010-01-01 00:00:00.0000000,0,0,1458823,2026-09-19 21:08:41.3930000,51.183330,0.283330
2327122,"Yevre-le-Chatel",960,75,"31U","31U2H5S3Q",3,2022-01-10 14:13:10.8800000,0,691,2307,2026-09-19 21:09:50.4400000,48.150000,2.333330
2325359,"Boynes",960,75,"31U","31U2H5S3Q",3,2022-01-10 14:13:15.6100000,0,691,2041,2026-09-19 21:09:54.8900000,48.116670,2.350000
2328001,"Morville",960,75,"31U","31U2H5S3Q",3,2022-01-21 18:01:44.0200000,0,957,1150,2026-09-19 21:09:59.9900000,48.166670,2.416670
2328950,"Grangermont",960,75,"31U","31U2H5S3Q",3,2022-01-21 18:01:26.0030000,0,957,1150,2026-09-19 21:10:04.8770000,48.183330,2.416670
2329807,"Ondreville-sur-Essonne",960,75,"31U","31U2H5S3Q",2,2026-09-19 21:10:08.4130000,0,746,0,2026-09-19 21:10:08.4130000,48.200000,2.400000
2329808,"Foussereau",960,75,"31U","31U2H5S3Q",2,2026-09-19 21:10:13.1600000,0,956,0,2026-09-19 21:10:13.1600000,48.200000,2.416670
2237193,"Emosson",506,43,"32T","32T1H1S3Q",2,2026-09-15 15:45:23.9100000,0,71357,0,2026-09-19 21:10:46.2300000,46.066670,6.916670
2307516,"La Blotiere",960,75,"31T","31T1H2S1Q",2,2025-03-15 22:40:38.6900000,0,3179,0,2026-09-19 21:12:19.4300000,47.766670,2.000000
2531613,"Neu Boston",713,57,"33U","33U1H4S4Q",3,2026-09-19 21:13:39.4100000,0,0,788,2026-09-19 21:13:39.4100000,52.283330,13.933330
13045,"Pennant Hills",143,13,"56H","56H1H1S4Q",3,2016-09-23 09:55:58.6270000,0,0,2505243,2026-09-19 21:13:52.7900000,-33.737830,151.072160
12639,"Rose Bay",143,13,"56H","56H1H1S4Q",3,2017-03-14 09:45:49.8230000,0,879,1147171,2026-09-19 21:14:04.2400000,-33.874720,151.263330
2078229,"Devereaux",3557,233,"16T","16T2H3S4Q",1,2026-04-02 21:28:11.4300000,12355,0,0,2026-09-19 21:14:13.9170000,42.320040,-84.708590
2080966,"Clarence Center",3557,233,"16T","16T2H3S4Q",1,2025-11-10 04:36:32.9700000,4399,0,0,2026-09-19 21:14:26.7230000,42.381150,-84.768040
2516018,"Waldow",713,57,"33U","33U2H1S2Q",3,2026-09-19 21:14:34.6030000,0,516,1034,2026-09-19 21:14:34.6030000,51.966670,13.700000
2514425,"Kasel-Golzig",713,57,"33U","33U2H1S2Q",3,2026-09-19 21:15:09.8100000,0,0,1017,2026-09-19 21:15:09.8100000,51.933330,13.700000
2293850,"Tanner",3578,233,"10T","10T1H3S1Q",1,2024-12-12 08:19:07.0330000,3042662,0,0,2026-09-19 21:16:00.2300000,47.475380,-121.746220
2301771,"Carnation",3578,233,"10T","10T1H3S1Q",2,2014-08-12 15:34:29.7930000,0,1426893,0,2026-09-19 21:16:04.4930000,47.647880,-121.914010
1901445,"Meadow Vista",3567,233,"10S","10S1H3S1Q",2,2016-12-12 15:06:06.3800000,0,4007099,0,2026-09-19 21:16:29.7570000,39.001010,-121.021890
2303402,"Stillwater",3578,233,"10T","10T1H3S1Q",2,2015-04-03 00:32:09.4670000,0,1634457,0,2026-09-19 21:16:31.6270000,47.682880,-121.920120
1901529,"Meadow Vista",3567,233,"10S","10S1H3S1Q",2,2012-08-16 03:19:33.7770000,0,4005310,0,2026-09-19 21:16:42.4200000,39.002710,-121.030700
1903624,"Lake of the Pines",3567,233,"10S","10S1H3S1Q",2,2017-04-05 14:34:20.0800000,0,3853417,0,2026-09-19 21:16:50.4300000,39.039620,-121.056610
2572764,"Pilsley",979,77,"30U","30U1H6S1Q",3,2024-05-14 18:29:46.9700000,0,0,1559100,2026-09-19 21:16:55.2170000,53.150000,-1.366670
1903531,"Lake of the Pines",3567,233,"10S","10S1H3S1Q",2,2017-03-27 15:59:57.2270000,0,3860063,0,2026-09-19 21:17:01.1100000,39.037840,-121.064240
1903775,"Higgins Corner",3567,233,"10S","10S1H3S1Q",2,2014-10-31 22:49:27.4630000,0,3922916,0,2026-09-19 21:18:08.9000000,39.042670,-121.094950
1802190,"San Lorenzo Park",3567,233,"10S","10S1H5S2Q",3,2014-03-29 02:31:37.1670000,0,0,1077881,2026-09-19 21:18:37.4870000,37.196060,-122.145520
2209120,"Gambara",1375,110,"32T","32T1H6S1Q",1,2020-10-22 07:08:58.2630000,41472,0,0,2026-09-19 21:18:59.3530000,45.255280,10.293480
1577614,"Fulton Springs",3551,233,"16S","16S2H5S2Q",1,2026-09-19 04:43:03.9230000,6000,0,0,2026-09-19 21:20:49.8500000,33.618440,-86.801660
1410744,"Jonestown",3549,233,"14R","14R1H3S3Q",2,2024-09-23 03:09:23.2970000,0,9010120,0,2026-09-19 21:21:23.9270000,30.495470,-97.923350
2233540,"Sainte-Adele",459,38,"18T","18T1H5S2Q",1,2026-06-08 21:02:37.4800000,400920,0,0,2026-09-19 21:21:51.5700000,45.950080,-74.132510
2528458,"Gerven",2273,167,"31U","31U1H6S4Q",1,2026-09-17 17:14:25.4330000,537095,0,0,2026-09-19 21:22:01.4530000,52.220830,5.593060
2161671,"Bardino Vecchio",1376,110,"32T","32T1H5S3Q",1,2016-05-31 19:17:27.4170000,6020668,0,0,2026-09-19 21:24:06.5600000,44.189130,8.272020
1601481,"Venice",3567,233,"11S","11S2H4S2Q",3,2015-04-25 01:10:53.1270000,287,0,1062249,2026-09-19 21:24:14.1000000,33.990840,-118.460080
1600721,"Marina del Rey",3567,233,"11S","11S2H4S2Q",3,2015-02-17 14:50:25.8100000,287,0,1028750,2026-09-19 21:24:19.8570000,33.980290,-118.451740
1600474,"Marina del Rey",3567,233,"11S","11S2H4S2Q",3,2015-02-19 17:57:42.4100000,287,0,1056319,2026-09-19 21:24:23.8100000,33.976490,-118.448590
2365437,"La Foret-du-Parc",956,75,"31U","31U2H4S4Q",3,2021-02-10 17:54:57.6300000,0,0,854022,2026-09-19 21:24:25.3770000,48.923100,1.249100
1600471,"Venice Beach",3567,233,"11S","11S2H4S2Q",3,2015-04-13 06:37:56.0200000,648,0,1043676,2026-09-19 21:24:27.8000000,33.976400,-118.466750
1611125,"Adams Square",3567,233,"11S","11S2H1S4Q",3,2015-01-06 08:25:09.2100000,0,0,1064580,2026-09-19 21:25:12.2370000,34.133620,-118.241190
1600780,"Alla",3567,233,"11S","11S2H4S2Q",3,2015-04-02 20:43:10.8570000,287,0,1014544,2026-09-19 21:30:22.7130000,33.981120,-118.429800
1601125,"Del Ray",3567,233,"11S","11S2H4S2Q",3,2015-03-01 06:54:36.3930000,287,0,1029203,2026-09-19 21:30:28.3800000,33.985290,-118.425360
2279795,"Bolken",510,43,"32T","32T1H1S2Q",2,2026-02-10 16:04:46.5470000,0,1462330,0,2026-09-19 21:30:51.1830000,47.191230,7.663050
2515982,"Schwanebeck",703,57,"32U","32U2H3S2Q",2,2026-09-19 21:32:40.0930000,0,955,0,2026-09-19 21:32:40.0930000,51.966670,11.116670
2512815,"Wehrstedt",703,57,"32U","32U2H3S2Q",2,2026-09-19 21:33:10.0370000,0,2029,920,2026-09-19 21:33:10.0370000,51.900000,11.066670
2511240,"Spiegelsberge",703,57,"32U","32U2H3S2Q",2,2026-09-19 21:33:19.2400000,0,949,0,2026-09-19 21:33:19.2400000,51.866670,11.033330
2083898,"Fitchburg",3557,233,"16T","16T2H3S4Q",1,2026-09-14 14:17:09.0270000,29536,0,0,2026-09-19 21:33:23.6230000,42.439200,-84.277740
2508912,"Bornecke",703,57,"32U","32U2H3S2Q",2,2026-09-19 21:33:26.3270000,0,1058,0,2026-09-19 21:33:26.3270000,51.816670,11.033330
2282787,"Tacoma",3578,233,"10T","10T1H2S2Q",3,2014-02-02 19:13:41.8700000,517,3102,31116239,2026-09-19 21:33:30.5530000,47.252880,-122.444290
2507375,"Vorwerk Helsungen",703,57,"32U","32U2H3S2Q",2,2026-09-19 21:33:32.8170000,0,1145,0,2026-09-19 21:33:32.8170000,51.783330,11.000000
2508911,"Lessingplatz",703,57,"32U","32U2H3S1Q",3,2025-12-15 12:21:10.6030000,0,1034,2172,2026-09-19 21:33:47.1300000,51.816670,10.966670
2285058,"Ruston",3578,233,"10T","10T1H2S2Q",3,2010-01-01 00:00:00.0000000,0,26875,2921457,2026-09-19 21:33:53.6230000,47.299260,-122.508180
2516017,"Gersdorf",713,57,"33U","33U2H1S2Q",3,2026-09-19 21:35:06.6600000,0,0,1174,2026-09-19 21:35:06.6600000,51.966670,13.683330
2516847,"Prierow",713,57,"33U","33U2H1S2Q",3,2026-09-19 21:35:13.3030000,0,1200,1254,2026-09-19 21:35:13.3070000,51.983330,13.633330
2519856,"Briesen",713,57,"33U","33U1H4S4Q",3,2026-09-19 21:35:31.7270000,0,0,1212,2026-09-19 21:35:31.7270000,52.050000,13.716670
2084475,"Stockbridge",3557,233,"16T","16T2H3S4Q",1,2026-02-08 14:04:45.7130000,918309,0,0,2026-09-19 21:37:15.7500000,42.451150,-84.180510
2526722,"Watertuin",2265,167,"31U","31U1H6S3Q",1,2026-09-15 08:40:26.9200000,423205,0,0,2026-09-19 21:38:48.2430000,52.186620,4.543020
2313175,"Concarneau",961,75,"30T","30T1H2S1Q",3,2022-08-19 15:27:11.0930000,0,0,6793735,2026-09-19 21:39:14.8770000,47.875020,-3.922450
2191350,"Sunfish Lake",3558,233,"15T","15T1H5S3Q",2,2017-09-18 08:26:28.9300000,0,4043235,0,2026-09-19 21:39:39.7470000,44.870800,-93.098550
2192080,"Mendota Heights",3558,233,"15T","15T1H5S3Q",2,2010-01-01 00:00:00.0000000,0,2769091,0,2026-09-19 21:39:42.9000000,44.883580,-93.138270
2192194,"Mendota",3558,233,"15T","15T1H5S3Q",2,2010-01-01 00:00:00.0000000,0,3005409,0,2026-09-19 21:39:46.5470000,44.887190,-93.164390
2193413,"West Saint Paul",3558,233,"15T","15T1H5S3Q",2,2017-09-08 15:17:38.1000000,0,3454767,0,2026-09-19 21:39:52.8630000,44.916080,-93.101610
2193412,"Lilydale",3558,233,"15T","15T1H5S3Q",2,2013-03-06 12:39:56.9670000,0,8211790,0,2026-09-19 21:39:58.8330000,44.916080,-93.126050
2194887,"Saint Paul",3558,233,"15T","15T1H5S3Q",2,2014-03-25 01:30:26.5200000,0,10695115,0,2026-09-19 21:40:02.3230000,44.944410,-93.093270
2197716,"Gladstone",3558,233,"15T","15T1H5S3Q",2,2018-02-25 19:48:23.3000000,0,2925050,0,2026-09-19 21:40:06.7330000,44.999280,-93.043770
2192379,"South Saint Paul",3558,233,"15T","15T1H5S3Q",2,2010-01-01 00:00:00.0000000,0,3056284,0,2026-09-19 21:40:10.7400000,44.892740,-93.034940
2190007,"Inver Grove Heights",3558,233,"15T","15T1H5S3Q",2,2020-01-12 22:03:31.9170000,0,2725077,0,2026-09-19 21:40:14.6230000,44.848020,-93.042720
2359221,"Saint-Duzec",961,75,"30U","30U2H5S3Q",2,2016-09-13 10:25:50.8500000,0,141454918,0,2026-09-19 21:40:28.2870000,48.783330,-3.550000
1674709,"Palisades",3549,233,"14S","14S2H1S1Q",1,2021-02-19 07:01:06.0570000,647920,0,0,2026-09-19 21:40:48.6530000,35.061720,-101.802410
2467502,"Burgk",704,57,"33U","33U2H1S4Q",2,2017-10-18 08:07:17.8730000,0,1053019,0,2026-09-19 21:40:57.9870000,51.000000,13.683330
2513638,"Jetsch",713,57,"33U","33U2H1S2Q",3,2026-09-19 21:45:40.8300000,0,0,571,2026-09-19 21:45:40.8300000,51.916670,13.650000
2512850,"Rudingsdorf",713,57,"33U","33U2H1S2Q",3,2026-09-19 21:45:46.2400000,0,0,772,2026-09-19 21:45:46.2400000,51.900000,13.683330
2513637,"Krossen",713,57,"33U","33U2H1S2Q",3,2026-09-19 21:45:52.1830000,0,0,792,2026-09-19 21:45:52.1830000,51.916670,13.600000
2511274,"Pelkwitz",713,57,"33U","33U2H1S2Q",3,2026-09-19 21:46:00.3530000,0,0,1070,2026-09-19 21:46:00.3530000,51.866670,13.650000
1986236,"Shanesville",3563,233,"17T","17T2H5S3Q",3,2022-04-17 12:49:29.3470000,724,0,114852,2026-09-19 21:46:36.3430000,40.511180,-81.653180
1390627,"Woodcreek",3549,233,"14R","14R1H2S4Q",3,2025-11-23 15:23:19.0100000,0,0,1703993,2026-09-19 21:46:55.9470000,30.028270,-98.111120
1552165,"Oak Point",3549,233,"14S","14S2H6S2Q",3,2016-04-20 01:13:25.8770000,0,0,3694549,2026-09-19 21:47:26.7070000,33.190120,-96.991670
2511277,"Zaacko",713,57,"33U","33U2H1S2Q",3,2026-09-19 21:50:02.0070000,0,958,1551,2026-09-19 21:50:02.0070000,51.866670,13.733330
2546629,"Objezierze",2451,180,"33U","33U1H6S3Q",3,2025-10-28 21:30:49.5570000,0,0,973578,2026-09-19 21:50:42.8300000,52.604610,16.762650
2219656,"Pointe-Fortune",459,38,"18T","18T1H5S2Q",1,2026-06-13 16:07:13.8370000,380990,0,0,2026-09-19 21:53:38.1470000,45.566780,-74.382540
2109894,"Clayville",3562,233,"18T","18T2H2S3Q",1,2016-04-11 16:32:46.9470000,13314,0,0,2026-09-19 21:54:02.7700000,42.980070,-75.251000
1519836,"Lancaster",3549,233,"14S","14S2H6S4Q",3,2023-11-06 10:31:57.8870000,0,0,3859658,2026-09-19 21:54:57.7330000,32.592080,-96.756110
2025056,"Portal",3559,233,"14T","14T2H6S2Q",2,2025-07-25 09:33:05.5600000,0,2041528,0,2026-09-19 21:55:29.5600000,41.176390,-96.080850
2619639,"Fresnoy",450,38,"12U","12U1H2S4Q",3,2026-09-19 21:55:31.9970000,0,0,1117,2026-09-19 21:55:33.2900000,54.233440,-110.801760
2533219,"Neu Waltersdorf",713,57,"33U","33U1H4S4Q",2,2026-09-19 21:55:37.8530000,0,789,0,2026-09-19 21:55:37.8530000,52.316670,13.933330
2613478,"Kehewin Cree Nation",450,38,"12U","12U1H2S4Q",3,2026-09-19 21:55:39.1400000,0,0,775,2026-09-19 21:55:39.1400000,54.083780,-110.834560
2532419,"Lebbin",713,57,"33U","33U1H4S4Q",2,2026-09-19 21:55:43.8130000,0,788,0,2026-09-19 21:55:43.8130000,52.300000,13.950000
2110402,"Middletown",3557,233,"16T","16T2H3S4Q",1,2024-07-09 22:06:55.2600000,10801,0,0,2026-09-19 21:55:45.7330000,42.985860,-84.144970
2615585,"Gurneyville",450,38,"12U","12U1H2S4Q",3,2026-09-19 21:55:45.8800000,0,0,774,2026-09-19 21:55:45.8800000,54.133450,-110.751750
2511276,"Karche",713,57,"33U","33U2H1S2Q",3,2026-09-19 21:57:06.0200000,0,0,1699,2026-09-19 21:57:06.0200000,51.866670,13.716670
2512848,"Caule",713,57,"33U","33U2H1S2Q",3,2026-09-19 21:57:28.0500000,0,944,1402,2026-09-19 21:57:28.0500000,51.900000,13.650000
2375044,"Munchweiler am Klingbach",706,57,"32U","32U2H4S2Q",2,2015-02-27 18:47:52.6130000,0,1028063,28837,2026-09-19 21:58:06.8270000,49.150000,7.966670
2355510,"Velaine-en-Haye",952,75,"32U","32U2H4S3Q",1,2025-01-14 14:33:37.7000000,10041,0,0,2026-09-19 21:58:55.3500000,48.700000,6.016670
2356292,"Sexey-les-Bois",952,75,"32U","32U2H4S3Q",1,2025-01-15 15:27:19.2830000,11175,0,0,2026-09-19 21:59:03.5300000,48.716670,6.016670
2204677,"Unionvale",3576,233,"10T","10T1H5S1Q",2,2025-12-05 07:06:45.3900000,0,5487901,0,2026-09-19 22:01:10.9730000,45.143170,-123.060660
2151301,"Humber",457,38,"17T","17T2H3S1Q",2,2026-09-02 21:53:36.9270000,0,125963,0,2026-09-19 22:02:59.3600000,43.900110,-79.816340
2037631,"Mongaup",3562,233,"18T","18T2H5S2Q",2,2026-09-19 21:06:16.5800000,0,4709,0,2026-09-19 22:04:11.9330000,41.424810,-74.762110
1981795,"La Canada",904,68,"30T","30T2H5S3Q",1,2013-03-14 18:30:57.4000000,1395579,0,0,2026-09-19 22:05:26.4570000,40.416670,-3.533330
1309281,"Lake Marian Highlands",3538,233,"17R","17R2H2S1Q",3,2023-02-01 13:05:46.0500000,0,0,55630,2026-09-19 22:09:21.5770000,27.876410,-81.042840
2300011,"Kappel",715,57,"32T","32T1H3S1Q",3,2024-10-05 06:48:35.3270000,0,0,21168,2026-09-19 22:11:54.2300000,47.605120,10.535290
1904719,"Wolf",3567,233,"10S","10S1H3S1Q",2,2013-06-01 14:06:02.0200000,0,3998230,0,2026-09-19 22:12:52.2770000,39.058510,-121.138280
1906449,"Dew Drop",3567,233,"10S","10S1H3S1Q",2,2015-04-20 18:49:25.3600000,0,2949965,0,2026-09-19 22:13:27.7170000,39.087120,-121.086610
1907398,"Cherry Creek Acres",3567,233,"10S","10S1H3S1Q",2,2015-02-11 17:07:17.6230000,0,3949933,0,2026-09-19 22:13:40.2200000,39.104060,-121.082730
1908475,"Alta Sierra",3567,233,"10S","10S1H3S1Q",2,2017-02-07 17:25:39.2600000,0,2679912,0,2026-09-19 22:13:49.1770000,39.123620,-121.052420
2525397,"Tarnowo Nowe",2451,180,"33U","33U1H6S3Q",3,2026-09-18 05:58:28.4270000,0,0,2003,2026-09-19 22:14:59.7970000,52.162850,16.763750
2739639,"Sur Puravitsa",2661,192,"35V","35V2H5S2Q",2,2026-08-13 08:01:23.9870000,0,52837,52800,2026-09-19 22:15:02.9300000,57.817100,27.702940
2526039,"Srocko Wielkie",2451,180,"33U","33U1H6S3Q",3,2026-09-17 21:16:09.9770000,0,0,2038,2026-09-19 22:15:04.5900000,52.173440,16.750150
2526797,"Bieczyny",2451,180,"33U","33U1H6S3Q",3,2026-09-17 15:45:06.4530000,0,0,2008,2026-09-19 22:15:08.2030000,52.189140,16.751740
2527860,"Boleslawiec",2451,180,"33U","33U1H6S3Q",3,2026-09-17 15:44:40.0000000,0,0,2031,2026-09-19 22:15:12.0800000,52.212780,16.775560
2527738,"Borkowice",2451,180,"33U","33U1H6S3Q",3,2026-09-17 15:44:45.5970000,0,0,2038,2026-09-19 22:15:16.4770000,52.208450,16.785910
2528550,"Krosno",2451,180,"33U","33U1H6S3Q",3,2026-08-31 14:04:55.3100000,0,0,2026,2026-09-19 22:15:20.7500000,52.223570,16.832510
2527805,"Druzyna",2451,180,"33U","33U1H6S3Q",3,2026-08-31 14:05:10.1030000,0,0,2032,2026-09-19 22:15:24.4430000,52.211030,16.826420
2527109,"Nowinki",2451,180,"33U","33U1H6S3Q",3,2026-08-31 14:05:29.8300000,0,0,2037,2026-09-19 22:15:28.2670000,52.199190,16.824960
2524497,"Czempin",2451,180,"33U","33U1H6S3Q",2,2025-03-28 16:07:59.6800000,0,3235531,0,2026-09-19 22:15:36.6470000,52.144040,16.764080
1410399,"Anderson",3549,233,"15R","15R1H1S3Q",1,2018-12-29 03:00:36.1130000,88130,0,0,2026-09-19 22:16:06.3030000,30.487150,-95.986900
2268908,"Casselton",3575,233,"14T","14T1H3S3Q",2,2015-01-05 17:05:08.8330000,0,2270903,0,2026-09-19 22:17:34.7400000,46.900530,-97.211200
2466791,"Goppeln",704,57,"33U","33U2H1S4Q",2,2017-11-26 11:23:07.4970000,0,142892,0,2026-09-19 22:17:42.0030000,50.988150,13.759990
2465851,"Babisnau",704,57,"33U","33U2H1S4Q",2,2017-10-17 10:10:43.2170000,0,107815,0,2026-09-19 22:17:52.2130000,50.974430,13.760380
2465613,"Baerenklause",704,57,"33U","33U2H1S4Q",2,2017-11-03 05:32:28.4200000,0,104521,0,2026-09-19 22:18:03.3400000,50.967020,13.766300
2464911,"Kautzsch",704,57,"33U","33U2H1S4Q",2,2017-10-16 19:29:02.0230000,0,101800,0,2026-09-19 22:18:13.3470000,50.960860,13.766040
2512847,"Kummritz",713,57,"33U","33U2H1S2Q",3,2026-09-19 22:18:51.3100000,0,0,622,2026-09-19 22:18:51.3100000,51.900000,13.616670
2514424,"Zutzen",713,57,"33U","33U2H1S2Q",3,2026-09-19 22:18:58.2430000,0,0,661,2026-09-19 22:18:58.2430000,51.933330,13.633330
2515253,"Sagritz",713,57,"33U","33U2H1S2Q",3,2026-09-19 22:19:01.8800000,0,0,672,2026-09-19 22:19:01.8800000,51.950000,13.633330
2514423,"Falkenhain",713,57,"33U","33U2H1S2Q",3,2026-09-19 22:19:14.1800000,0,0,629,2026-09-19 22:19:14.1800000,51.933330,13.600000
2514422,"Schacksdorf",713,57,"33U","33U2H1S2Q",3,2026-09-19 22:19:18.9430000,0,0,629,2026-09-19 22:19:18.9430000,51.933330,13.550000
2513636,"Drahnsdorf",713,57,"33U","33U2H1S2Q",3,2026-09-19 22:19:22.4430000,0,0,819,2026-09-19 22:19:22.4430000,51.916670,13.583330
2515252,"Hohendorf",713,57,"33U","33U2H1S2Q",3,2026-09-19 22:19:58.5000000,0,0,761,2026-09-19 22:19:58.5000000,51.950000,13.550000
2516014,"Altgolssen",713,57,"33U","33U2H1S2Q",3,2026-09-19 22:20:07.3270000,0,892,1034,2026-09-19 22:20:07.3270000,51.966670,13.566670
2519063,"Staakow",713,57,"33U","33U1H4S4Q",3,2026-09-19 22:22:12.2970000,0,0,1213,2026-09-19 22:22:12.2970000,52.033330,13.700000
1388810,"Pioneer Town",3549,233,"14R","14R1H5S2Q",3,2025-11-12 14:00:20.1330000,0,0,1379888,2026-09-19 22:22:16.7900000,29.986050,-98.108070
2223456,"Baggio",1366,110,"32T","32T1H6S2Q",2,2017-03-27 17:35:05.3600000,0,849054,0,2026-09-19 22:23:06.9770000,45.683330,11.850000
2311653,"Sandillon",960,75,"31T","31T1H2S1Q",2,2025-08-23 15:29:57.6600000,0,2400,0,2026-09-19 22:24:13.1300000,47.850000,2.033330
2305601,"La Ferte-Saint-Aubin",960,75,"31T","31T1H1S2Q",2,2024-08-16 17:34:27.8300000,0,2608,0,2026-09-19 22:24:23.6630000,47.716950,1.939040
2307178,"Rivoli",960,75,"31T","31T1H1S2Q",2,2024-08-22 06:43:43.5430000,0,2189,0,2026-09-19 22:24:27.6370000,47.750190,1.934860
2308236,"Ardon",960,75,"31T","31T1H1S2Q",2,2024-08-22 06:43:36.9930000,0,2990,0,2026-09-19 22:24:31.8530000,47.779340,1.874190
2311651,"Grand Orme",960,75,"31T","31T1H1S2Q",2,2024-12-23 21:47:04.4900000,0,3474,0,2026-09-19 22:24:37.4130000,47.850000,1.916670
2327118,"Montvilliers",960,75,"31U","31U2H5S3Q",3,2021-12-30 19:41:33.3900000,0,517,1597,2026-09-19 22:24:49.9900000,48.150000,2.166670
2327998,"Pithiviers-le-Vieil",960,75,"31U","31U2H5S3Q",3,2022-01-08 00:02:24.9970000,0,708,3308,2026-09-19 22:24:54.7430000,48.166670,2.216670
2327120,"Denainvilliers",960,75,"31U","31U2H5S3Q",3,2022-01-07 23:28:10.2400000,0,708,1108,2026-09-19 22:24:59.7070000,48.150000,2.233330
2761108,"Skaill",977,77,"30V","30V2H2S3Q",1,2026-09-19 22:25:19.5700000,1131,300,0,2026-09-19 22:25:19.5700000,58.583330,-3.683330
2059209,"Schultzville",3562,233,"18T","18T2H6S1Q",2,2026-09-19 22:25:26.5400000,0,1039,0,2026-09-19 22:25:26.5400000,41.877590,-73.804020
2762298,"East Canisbay",977,77,"30V","30V2H2S3Q",1,2026-09-19 22:25:32.7100000,1073,0,0,2026-09-19 22:25:32.7100000,58.633330,-3.116670
2059600,"Sharon Station",3562,233,"18T","18T2H6S1Q",2,2026-09-19 22:25:35.8030000,0,1044,0,2026-09-19 22:25:35.8030000,41.883430,-73.520120
2059624,"Sharon Valley",3552,233,"18T","18T2H6S1Q",2,2026-09-19 22:25:40.4630000,0,1044,0,2026-09-19 22:25:40.4630000,41.883980,-73.492350
2762297,"West Canisbay",977,77,"30V","30V2H2S3Q",1,2026-09-19 22:25:42.0370000,1073,0,0,2026-09-19 22:25:42.0370000,58.633330,-3.133330
2059963,"Mudgetown",3552,233,"18T","18T2H6S1Q",2,2026-09-19 22:25:43.6870000,0,1046,0,2026-09-19 22:25:43.6870000,41.895650,-73.476230
2062744,"Ore Hill",3552,233,"18T","18T2H6S1Q",2,2026-09-19 22:25:49.7230000,0,1044,0,2026-09-19 22:25:49.7230000,41.957310,-73.467070
2061512,"The Cedars",3552,233,"18T","18T2H6S1Q",2,2026-09-19 22:25:53.7700000,0,1044,0,2026-09-19 22:25:53.7700000,41.932320,-73.455120
2061758,"Lime Rock",3552,233,"18T","18T2H6S1Q",2,2026-09-19 22:25:57.0500000,0,1122,0,2026-09-19 22:25:57.0500000,41.933700,-73.389290
2059035,"West Cornwall",3552,233,"18T","18T2H6S1Q",2,2026-09-19 22:26:00.6400000,0,841,0,2026-09-19 22:26:00.6400000,41.871480,-73.361790
2761111,"Slickly",977,77,"30V","30V2H2S3Q",1,2026-09-19 22:26:02.2100000,1074,0,0,2026-09-19 22:26:02.2100000,58.583330,-3.200000
2059017,"North Cornwall",3552,233,"18T","18T2H6S1Q",2,2026-09-19 22:26:07.0130000,0,682,0,2026-09-19 22:26:07.0130000,41.870930,-73.314560
2762710,"Brough",977,77,"30V","30V2H2S3Q",1,2026-09-19 22:26:08.6070000,1074,0,0,2026-09-19 22:26:08.6070000,58.650000,-3.333330
2760662,"Dounreay",977,77,"30V","30V2H2S3Q",1,2026-09-19 22:26:15.9800000,1944,300,0,2026-09-19 22:26:15.9800000,58.566670,-3.733330
2760216,"Reay",977,77,"30V","30V2H2S3Q",1,2026-09-19 22:26:22.1300000,2334,300,0,2026-09-19 22:26:22.1300000,58.550000,-3.800000
2675436,"Ardmaleish",977,77,"30U","30U1H1S1Q",1,2026-09-19 22:26:29.4970000,1146,300,0,2026-09-19 22:26:29.4970000,55.883330,-5.066670
2676631,"Lochhead",977,77,"30U","30U1H1S1Q",1,2026-09-19 22:26:36.9600000,1154,0,0,2026-09-19 22:26:36.9600000,55.916670,-5.166670
2300416,"Wank",715,57,"32T","32T1H3S1Q",3,2024-10-03 19:17:10.5900000,0,0,22290,2026-09-19 22:27:03.7130000,47.616670,10.516670
2452191,"Hallembaye",255,20,"31U","31U2H3S4Q",1,2026-06-27 01:32:13.8130000,100428,0,0,2026-09-19 22:27:22.2230000,50.740150,5.661100
2676632,"Colintraive",977,77,"30U","30U1H1S1Q",1,2026-09-19 22:28:33.7300000,1435,0,0,2026-09-19 22:28:33.7300000,55.916670,-5.150000
2452073,"Devant le Pont",255,20,"31U","31U2H3S4Q",1,2026-06-28 05:29:43.5230000,108507,0,0,2026-09-19 22:28:51.2730000,50.735900,5.682220
1417033,"College Station",3549,233,"14R","14R1H3S4Q",1,2018-07-01 17:09:42.9170000,501133,0,0,2026-09-19 22:29:23.9570000,30.627980,-96.334410
2518305,"Kolonie Rietze",713,57,"33U","33U1H4S4Q",3,2026-09-19 21:35:22.4330000,0,0,1802,2026-09-19 22:29:54.2630000,52.016670,13.666670
2519062,"Glashutte",713,57,"33U","33U1H4S4Q",3,2026-09-19 22:30:09.7730000,0,0,1200,2026-09-19 22:30:09.7730000,52.033330,13.583330
2463152,"Koeln",707,57,"32U","32U2H1S3Q",2,2017-07-01 03:03:23.6200000,0,150855579,0,2026-09-19 22:30:27.3800000,50.933330,6.950000
2520431,"Naclaw",2451,180,"33U","33U1H6S3Q",2,2026-09-11 14:38:31.2030000,0,133508,0,2026-09-19 22:31:58.3230000,52.064480,16.635340
2532178,"Ermelo",2273,167,"31U","31U1H6S4Q",1,2015-03-20 15:16:39.3900000,92267172,0,0,2026-09-19 22:32:58.4300000,52.298330,5.622220
2413169,"Zbydniowice",2439,180,"34U","34U2H4S2Q",2,2026-08-11 04:33:15.9030000,0,166764,0,2026-09-19 22:33:33.5900000,49.966240,19.954430
2514890,"Augustynki",2451,180,"33U","33U2H3S1Q",2,2025-04-16 16:59:51.9770000,0,14599,0,2026-09-19 22:34:25.5100000,51.942650,16.613770
1937216,"Pebble Hills",3555,233,"16S","16S1H2S2Q",3,2014-08-29 02:09:07.5170000,0,0,868117,2026-09-19 22:35:23.2830000,39.623610,-86.191670
2151867,"Cedar Mills",457,38,"17T","17T2H3S1Q",2,2026-09-02 21:53:42.3370000,0,89793,0,2026-09-19 22:35:59.8370000,43.916810,-79.799640
1976150,"Hillymeade",3584,233,"18T","18T2H4S4Q",3,2024-08-03 08:05:02.1630000,82491,0,1043564,2026-09-19 22:38:29.0100000,40.304260,-76.739690
2041796,"Chicago Heights",3554,233,"16T","16T2H5S1Q",3,2026-08-24 02:02:41.3800000,0,0,156970,2026-09-19 22:38:42.0600000,41.506150,-87.635600
30797,"Slacks Creek",142,13,"56J","56J1H5S4Q",2,2024-09-16 22:50:41.4270000,29998,2039253,0,2026-09-19 22:41:52.9100000,-27.650000,153.150000
2287322,"Courtetelle",518,43,"32T","32T1H1S2Q",2,2024-08-13 06:13:04.5830000,0,3582111,0,2026-09-19 22:41:56.3670000,47.340740,7.318270
2518304,"Friedrichshof",713,57,"33U","33U1H4S4Q",3,2026-09-19 22:42:27.8600000,0,300,408,2026-09-19 22:42:27.8600000,52.016670,13.650000
2624378,"Gdansk",2449,180,"34U","34U1H1S3Q",2,2019-06-07 12:01:43.3100000,0,11381980,0,2026-09-19 22:43:32.8730000,54.352050,18.646370
2519854,"Dornswalde",713,57,"33U","33U1H4S4Q",3,2026-09-19 22:43:57.3300000,0,594,788,2026-09-19 22:43:57.3300000,52.050000,13.600000
2519852,"Radeland",713,57,"33U","33U1H4S4Q",3,2026-09-19 22:44:08.3900000,0,0,1201,2026-09-19 22:44:08.3900000,52.050000,13.550000
2519060,"Klein Ziescht",713,57,"33U","33U1H4S4Q",3,2026-09-19 22:44:13.2000000,0,300,788,2026-09-19 22:44:13.2000000,52.033330,13.533330
1529645,"Dallas",3549,233,"14S","14S2H6S4Q",3,2024-03-27 21:46:44.3100000,0,2880,10513117,2026-09-19 22:44:25.6500000,32.783060,-96.806670
1723810,"Mount Bolus",3545,233,"17S","17S2H3S1Q",3,2018-06-05 03:37:00.7600000,0,0,813807,2026-09-19 22:44:43.5630000,35.928750,-79.052230
2214344,"Oatfield",3576,233,"10T","10T1H5S2Q",2,2024-02-10 04:13:45.6130000,0,2500293,0,2026-09-19 22:46:47.3930000,45.414180,-122.600070
2255260,"Zalakaros",1212,100,"33T","33T1H3S4Q",2,2018-12-26 07:11:20.5130000,0,2224555,0,2026-09-19 22:46:57.9070000,46.565140,17.124880
2528629,"Sharnbrook",979,77,"30U","30U1H6S4Q",1,2026-09-19 22:47:02.1330000,982,0,0,2026-09-19 22:47:02.1330000,52.226060,-0.544250
2531611,"Alt Stahnsdorf",713,57,"33U","33U1H4S4Q",3,2026-09-19 22:47:05.4870000,0,0,788,2026-09-19 22:47:05.4870000,52.283330,13.883330
2504967,"Slimbridge",979,77,"30U","30U2H2S2Q",3,2021-08-28 20:03:44.7530000,0,0,170066,2026-09-19 22:47:06.8600000,51.732500,-2.378060
2533056,"Harrowden",979,77,"30U","30U1H6S4Q",1,2026-09-19 22:47:10.1600000,925,0,0,2026-09-19 22:47:10.1600000,52.316670,-0.716670
2547529,"Ketton",979,77,"30U","30U1H6S4Q",3,2024-11-27 13:27:01.0230000,300,0,334,2026-09-19 22:47:23.7800000,52.628040,-0.554590
2215629,"Vaiano",1375,110,"32T","32T1H5S2Q",1,2025-09-29 19:13:12.8100000,30966,0,0,2026-09-19 22:47:28.7600000,45.450000,9.433330
2560933,"Grantham",979,77,"30U","30U1H6S4Q",1,2026-09-19 22:47:49.2330000,899,0,0,2026-09-19 22:47:49.2330000,52.911490,-0.641840
2022019,"Bari",1371,110,"33T","33T2H6S1Q",1,2026-09-18 13:54:30.4030000,214312,0,0,2026-09-19 22:47:56.7500000,41.117730,16.851180
2561101,"Great Gonerby",979,77,"30U","30U1H6S4Q",1,2026-09-19 22:47:57.5600000,900,0,0,2026-09-19 22:47:57.5600000,52.916670,-0.666670
2561751,"Manthorpe",979,77,"30U","30U1H6S4Q",1,2026-09-19 22:48:07.2830000,900,0,0,2026-09-19 22:48:07.2830000,52.929910,-0.631710
2656073,"Carskey",977,77,"30U","30U1H1S1Q",1,2026-09-19 22:48:31.1770000,1228,0,0,2026-09-19 22:48:31.1770000,55.300000,-5.683330
2753485,"Grumbeg",977,77,"30V","30V2H1S4Q",1,2026-09-19 22:48:56.2500000,1142,300,0,2026-09-19 22:48:56.2500000,58.316670,-4.333330
2754912,"Syre",977,77,"30V","30V2H1S4Q",1,2026-09-19 22:49:06.3670000,1735,300,0,2026-09-19 22:49:06.3670000,58.366670,-4.233330
2110425,"Middletown",3557,233,"16T","16T2H3S4Q",1,2024-06-23 06:42:42.2230000,11049,0,0,2026-09-19 22:50:10.5400000,42.986840,-84.144520
1907413,"Alta Sierra Ranches",3567,233,"10S","10S1H3S1Q",2,2016-12-12 04:06:49.5400000,0,3874098,0,2026-09-19 22:50:12.5370000,39.104340,-121.024670
2140659,"Beatty",3573,233,"11T","11T2H2S2Q",3,2023-11-20 02:50:39.5270000,0,0,388642,2026-09-19 22:50:35.3000000,43.608220,-116.340960
1904622,"Eden Valley",3567,233,"10S","10S1H3S2Q",2,2015-04-28 20:31:25.3070000,0,4025033,0,2026-09-19 22:51:08.0300000,39.056560,-120.996330
1905394,"Lander Crossing",3567,233,"10S","10S1H3S2Q",2,2017-03-23 04:53:44.0770000,0,3885652,0,2026-09-19 22:51:17.4030000,39.069060,-120.978550
1905774,"Pinecroft",3567,233,"10S","10S1H3S2Q",2,2017-04-03 03:13:25.6000000,0,3883611,0,2026-09-19 22:51:22.4270000,39.076290,-120.978000
1903515,"Weimar",3567,233,"10S","10S1H3S2Q",2,2017-03-20 18:46:13.6030000,0,4003511,0,2026-09-19 22:51:32.1600000,39.037400,-120.972440
1902784,"Twin Pines",3567,233,"10S","10S1H3S2Q",2,2017-03-08 16:12:56.1300000,0,4015509,0,2026-09-19 22:51:38.2500000,39.025450,-120.979390
1498246,"Glass",3549,233,"14S","14S2H6S3Q",1,2026-07-05 02:03:32.2600000,17200,0,0,2026-09-19 22:51:39.7400000,32.191250,-97.836970
1902434,"Heather Glen",3567,233,"10S","10S1H3S2Q",2,2017-03-05 22:24:00.9400000,0,3995666,0,2026-09-19 22:51:46.0300000,39.018230,-120.981890
2757325,"Trantlebeg",977,77,"30V","30V2H2S3Q",1,2026-09-19 22:51:49.8530000,1088,0,0,2026-09-19 22:51:49.8530000,58.450000,-3.883330
2215968,"Battin",3576,233,"10T","10T1H5S2Q",1,2013-04-06 07:11:24.4770000,790400,11635,600,2026-09-19 22:51:52.7270000,45.458730,-122.578150
2146806,"Rookstool Corner",3573,233,"11T","11T2H2S2Q",3,2026-09-10 12:42:44.2670000,0,0,3194,2026-09-19 22:51:54.7000000,43.778220,-116.853480
2135706,"Kuna",3573,233,"11T","11T2H2S2Q",3,2023-03-23 17:45:44.7400000,0,0,5163209,2026-09-19 22:52:43.8200000,43.491830,-116.420120
2083889,"Williamsville",3557,233,"16T","16T2H3S4Q",1,2016-05-03 03:32:34.6430000,1206403,0,0,2026-09-19 22:52:44.8770000,42.438920,-84.096620
2362601,"Saint-Germain-des-Pres",955,75,"31U","31U2H5S3Q",3,2022-09-13 13:58:54.7570000,0,3046,2502289,2026-09-19 22:53:37.1300000,48.853770,2.333310
2362044,"Paris 06 Luxembourg",955,75,"31U","31U2H5S3Q",3,2022-01-23 21:54:39.7570000,0,1696,2500783,2026-09-19 22:53:47.5530000,48.849300,2.330000
2361940,"Montparnasse",955,75,"31U","31U2H5S3Q",3,2022-08-09 15:28:57.5400000,0,1494,2497645,2026-09-19 22:53:54.3800000,48.843130,2.321290
2361328,"Paris 14 Observatoire",955,75,"31U","31U2H5S3Q",3,2022-03-27 19:38:17.5470000,0,1334,2523255,2026-09-19 22:53:59.4170000,48.833100,2.326400
2361216,"Petit-Montrouge",955,75,"31U","31U2H5S3Q",3,2022-08-15 12:37:08.9970000,0,517,2504742,2026-09-19 22:54:04.3400000,48.826420,2.325200
2360664,"Gentilly",955,75,"31U","31U2H5S3Q",3,2022-08-23 10:47:06.6870000,1034,516,992486,2026-09-19 22:54:10.1530000,48.816670,2.333330
2360663,"Montrouge",955,75,"31U","31U2H5S3Q",3,2023-08-27 17:46:36.8470000,0,517,1010804,2026-09-19 22:54:46.4430000,48.816670,2.316670
1888268,"Glasgow Village",3543,233,"15S","15S1H3S4Q",3,2017-06-23 22:53:41.8170000,1551,1126038,1243874,2026-09-19 22:54:54.2570000,38.753660,-90.198440
1985493,"Trilby Corner",3568,233,"13T","13T2H5S3Q",2,2021-12-30 08:08:17.2200000,0,875930,2844,2026-09-19 22:55:38.0730000,40.494700,-105.077480
2359944,"Chatillon",955,75,"31U","31U2H5S3Q",3,2024-02-10 18:12:46.0400000,0,517,1108002,2026-09-19 22:55:51.6230000,48.800000,2.283330
1619896,"Granada Hills",3567,233,"11S","11S2H1S4Q",3,2026-09-19 22:56:08.0730000,1291,0,1500,2026-09-19 22:56:08.0730000,34.264720,-118.523140
1616253,"Winnetka",3567,233,"11S","11S2H1S4Q",3,2026-09-19 22:56:17.8400000,0,0,1181,2026-09-19 22:56:17.8400000,34.213340,-118.572030
1615514,"Canoga Park",3567,233,"11S","11S2H1S4Q",1,2026-09-18 05:02:51.7670000,2236,0,600,2026-09-19 22:56:29.0130000,34.201120,-118.598140
1613361,"Woodland Hills",3567,233,"11S","11S2H1S4Q",1,2026-09-18 05:02:43.3270000,2574,0,600,2026-09-19 22:56:35.9070000,34.168340,-118.605920
1491647,"Walnut Springs",3549,233,"14S","14S2H6S3Q",1,2026-07-06 21:10:18.0830000,4895,0,0,2026-09-19 22:56:48.5270000,32.057650,-97.749470
1612645,"Calabasas",3567,233,"11S","11S2H1S4Q",3,2026-09-19 22:56:52.0730000,0,0,2091,2026-09-19 22:56:52.0730000,34.157780,-118.638420
1612808,"Hidden Hills",3567,233,"11S","11S2H1S4Q",3,2026-09-19 22:57:03.6970000,0,0,2093,2026-09-19 22:57:03.6970000,34.160280,-118.652310
1612006,"Brents Junction",3567,233,"11S","11S2H1S4Q",3,2026-09-19 22:57:17.6130000,1117,0,1500,2026-09-19 22:57:17.6130000,34.148340,-118.697870
1606326,"Malibu Bowl",3567,233,"11S","11S2H1S4Q",1,2026-09-18 23:14:31.0030000,2194,0,1800,2026-09-19 22:58:10.0800000,34.061120,-118.740370
2590313,"Oldtown",1260,102,"29U","29U1H6S2Q",2,2020-06-28 07:06:00.6500000,300,953141,0,2026-09-19 22:58:32.0300000,53.525280,-6.315560
2359943,"Clamart",955,75,"31U","31U2H5S3Q",3,2024-07-08 04:29:34.4570000,0,517,1298104,2026-09-19 22:58:47.8930000,48.800000,2.266670
2591917,"Baldwinstown",1260,102,"29U","29U1H6S2Q",3,2018-10-16 13:57:11.6700000,300,0,1681277,2026-09-19 22:58:50.5730000,53.564720,-6.355280
1615148,"North Ranch",3567,233,"11S","11S2H1S4Q",3,2026-09-19 22:58:57.4200000,0,0,953,2026-09-19 22:58:57.4200000,34.196670,-118.820090
1613494,"Thousand Oaks",3567,233,"11S","11S2H1S4Q",3,2026-09-19 22:59:01.0230000,0,0,953,2026-09-19 22:59:01.0230000,34.170560,-118.837590
1614204,"Greenwich Village",3567,233,"11S","11S2H1S4Q",3,2026-09-19 22:59:06.2900000,0,0,953,2026-09-19 22:59:06.2900000,34.181390,-118.864540
1612635,"Triunfo Corner",3567,233,"11S","11S2H1S4Q",3,2026-09-19 22:59:11.4800000,0,0,1157,2026-09-19 22:59:11.4800000,34.157510,-118.824820
1611847,"Westlake Village",3567,233,"11S","11S2H1S4Q",3,2026-09-19 22:59:15.5170000,0,0,1023,2026-09-19 22:59:15.5170000,34.145840,-118.805650
2532418,"Neu Stahnsdorf",713,57,"33U","33U1H4S4Q",3,2026-09-19 22:59:16.4870000,0,0,788,2026-09-19 22:59:16.4870000,52.300000,13.883330
1611277,"Agoura Hills",3567,233,"11S","11S2H1S4Q",3,2026-09-19 22:59:19.8270000,0,0,337,2026-09-19 22:59:19.8270000,34.136390,-118.774530
2530756,"Kummersdorf",713,57,"33U","33U1H4S4Q",3,2026-09-19 22:59:21.1670000,0,0,788,2026-09-19 22:59:21.1670000,52.266670,13.866670
1611712,"Malibu Junction",3567,233,"11S","11S2H1S4Q",3,2026-09-19 22:59:25.0330000,0,0,378,2026-09-19 22:59:25.0330000,34.143340,-118.757030
2531612,"Rieplos",713,57,"33U","33U1H4S4Q",3,2026-09-19 22:59:27.0230000,0,0,788,2026-09-19 22:59:27.0230000,52.283330,13.900000
1611687,"Agoura",3567,233,"11S","11S2H1S4Q",3,2026-09-19 22:59:34.0870000,0,0,811,2026-09-19 22:59:34.0870000,34.143060,-118.737870
2529932,"Klein Schauen",713,57,"33U","33U1H4S4Q",3,2026-09-19 22:59:35.1700000,0,0,787,2026-09-19 22:59:35.1700000,52.250000,13.866670
2529933,"Stutgarten",713,57,"33U","33U1H4S4Q",3,2026-09-19 22:59:38.9730000,0,0,788,2026-09-19 22:59:38.9730000,52.250000,13.900000
2114868,"Spring Lake",3557,233,"16T","16T2H2S2Q",1,2018-02-03 02:15:53.3600000,3580468,0,0,2026-09-19 22:59:48.8630000,43.076960,-86.197000
1604783,"Las Flores",3567,233,"11S","11S2H1S4Q",1,2026-09-18 18:13:35.4700000,1358,0,600,2026-09-19 22:59:51.1470000,34.037230,-118.635920
1610935,"Santa Maria",3567,233,"11S","11S2H1S4Q",1,2026-09-19 01:22:59.8500000,1435,0,600,2026-09-19 23:00:02.9170000,34.131400,-118.574530
2231835,"Piedmont",459,38,"18T","18T1H5S2Q",1,2026-06-09 10:48:31.6500000,380318,0,0,2026-09-19 23:00:07.4600000,45.900080,-74.132510
1956519,"Superior",3568,233,"13S","13S1H2S1Q",2,2014-04-20 21:17:47.2370000,0,850999,0,2026-09-19 23:00:13.6170000,39.952760,-105.168600
1610904,"Calabasas Highlands",3567,233,"11S","11S2H1S4Q",1,2026-09-13 23:42:55.5000000,1682,0,1500,2026-09-19 23:00:19.4900000,34.130840,-118.645360
1609471,"Topanga Park",3567,233,"11S","11S2H1S4Q",1,2026-09-13 23:43:17.1430000,2621,0,1200,2026-09-19 23:00:31.8000000,34.107510,-118.629250
1609919,"Sylvia Park",3567,233,"11S","11S2H1S4Q",1,2026-09-19 01:23:07.8730000,1433,0,600,2026-09-19 23:00:49.2600000,34.115010,-118.581750
1609062,"Topanga Oaks",3567,233,"11S","11S2H1S4Q",1,2026-09-19 01:32:55.8900000,1444,0,600,2026-09-19 23:00:54.9300000,34.101120,-118.590360
1607895,"Wildwood",3567,233,"11S","11S2H1S4Q",1,2026-09-19 01:33:16.8630000,1444,0,600,2026-09-19 23:01:03.4370000,34.083620,-118.599530
2108088,"Ritchfield Junction",3562,233,"18T","18T2H2S3Q",1,2016-04-11 15:02:21.3000000,13232,0,0,2026-09-19 23:01:10.3670000,42.945070,-75.246000
1607569,"Fernwood",3567,233,"11S","11S2H1S4Q",1,2026-09-19 01:33:35.8500000,1432,0,600,2026-09-19 23:01:14.1700000,34.079450,-118.602580
1617736,"Mountclef Village",3567,233,"11S","11S2H1S4Q",3,2026-09-19 23:01:32.3030000,0,0,941,2026-09-19 23:01:32.3030000,34.234450,-118.878710
1614447,"Newbury Park",3567,233,"11S","11S2H1S4Q",3,2026-09-19 23:01:39.3570000,0,0,656,2026-09-19 23:01:39.3570000,34.184170,-118.910650
1605639,"Solromar",3567,233,"11S","11S2H1S4Q",3,2026-09-19 23:01:49.0630000,0,0,933,2026-09-19 23:01:49.0630000,34.050010,-118.953710
1606593,"Oak Hill",3567,233,"11S","11S2H1S4Q",3,2026-09-19 23:02:11.5670000,0,0,700,2026-09-19 23:02:11.5670000,34.065280,-118.785090
1605437,"Malibu Vista",3567,233,"11S","11S2H1S4Q",3,2026-09-19 23:02:15.0700000,0,0,700,2026-09-19 23:02:15.0700000,34.047780,-118.774260
2792645,"Sockenbacka",927,70,"35V","35V1H4S3Q",2,2013-09-11 05:02:40.7230000,660,2244731,3627,2026-09-19 23:02:29.9600000,60.220830,24.866670
1629485,"Buckhorn",3567,233,"11S","11S2H1S4Q",3,2026-09-19 23:02:45.4500000,0,0,2077,2026-09-19 23:02:45.4500000,34.400830,-118.815650
1632101,"Rancho Santa Clarita",3567,233,"11S","11S2H1S4Q",3,2026-09-19 23:03:10.3070000,0,0,552,2026-09-19 23:03:10.3070000,34.440000,-118.532030
1628786,"Santa Clarita",3567,233,"11S","11S2H1S4Q",3,2026-09-19 23:03:27.5670000,0,0,1559,2026-09-19 23:03:27.5670000,34.391660,-118.542590
2529935,"Storkow",713,57,"33U","33U1H4S4Q",3,2026-09-19 23:03:29.2000000,0,0,758,2026-09-19 23:03:29.2000000,52.250000,13.933330
1859296,"Jeffersontown",3582,233,"16S","16S1H3S3Q",3,2013-09-13 20:59:38.2670000,0,0,865322,2026-09-19 23:03:39.4730000,38.194240,-85.564400
2300415,"Nesselwang",715,57,"32T","32T1H3S1Q",3,2024-10-03 18:50:24.9370000,0,0,21040,2026-09-19 23:04:08.4370000,47.616670,10.500000
1763217,"Corral de Tierra",3567,233,"10S","10S1H6S3Q",1,2026-09-15 07:01:14.1030000,497117,0,1717,2026-09-19 23:04:49.4600000,36.569960,-121.732450
2279209,"Aeschi",510,43,"32T","32T1H1S2Q",1,2015-01-25 18:09:43.4870000,445586,0,0,2026-09-19 23:05:06.9930000,47.179770,7.661380
2005670,"University Place",3559,233,"14T","14T2H6S4Q",2,2014-02-16 18:15:27.3670000,0,867676,0,2026-09-19 23:05:52.7500000,40.840830,-96.655290
2674849,"Glasgow",977,77,"30U","30U1H1S2Q",1,2010-01-01 00:00:00.0000000,5000379,0,0,2026-09-19 23:07:22.0130000,55.865150,-4.257630
2674336,"Tradeston",977,77,"30U","30U1H1S2Q",1,2019-09-22 20:56:08.6570000,1500357,0,0,2026-09-19 23:07:25.3530000,55.850000,-4.233330
2674886,"Anwoth",977,77,"30U","30U1H1S2Q",1,2019-12-24 13:36:19.7930000,1500626,0,0,2026-09-19 23:07:28.6800000,55.866670,-4.216670
2516012,"Eichbusch",713,57,"33U","33U2H1S2Q",3,2026-09-19 23:07:32.1830000,0,300,612,2026-09-19 23:07:32.1830000,51.966670,13.533330
2107279,"Shiawasseetown",3557,233,"16T","16T2H3S4Q",1,2023-04-17 12:41:17.1930000,70258,0,0,2026-09-19 23:07:57.4070000,42.929470,-84.079410
1810157,"Redwood Terrace",3567,233,"10S","10S1H5S2Q",3,2013-05-07 08:47:14.9200000,0,0,1019303,2026-09-19 23:08:18.2100000,37.314660,-122.294970
2101943,"Byron",3557,233,"17T","17T2H1S3Q",1,2018-12-23 05:19:53.8500000,560140,0,0,2026-09-19 23:08:39.9370000,42.822810,-83.944400
1607152,"Larchmont Village",3567,233,"11S","11S2H1S4Q",1,2015-12-29 18:12:49.4430000,38057126,0,8272,2026-09-19 23:10:31.2600000,34.073060,-118.323890
2400616,"Nova Ves",690,56,"33U","33U2H5S2Q",1,2025-01-14 15:23:08.6070000,170031,0,0,2026-09-19 23:11:35.5800000,49.700000,15.766670
2516845,"Gross Ziescht",713,57,"33U","33U2H1S2Q",3,2026-09-19 23:11:37.5500000,0,0,1173,2026-09-19 23:11:37.5500000,51.983330,13.483330
1610539,"Glenview",3567,233,"11S","11S2H1S4Q",1,2026-09-19 23:11:54.7530000,1014,0,0,2026-09-19 23:11:54.7530000,34.124450,-118.601470
1607671,"Monte Nido",3567,233,"11S","11S2H1S4Q",1,2026-09-19 23:12:20.9300000,1022,0,0,2026-09-19 23:12:20.9300000,34.080840,-118.687030
1604415,"Malibu Beach",3567,233,"11S","11S2H1S4Q",1,2026-09-19 23:12:24.6500000,2444,0,0,2026-09-19 23:12:24.6500000,34.032790,-118.688420
1605185,"El Nido",3567,233,"11S","11S2H1S4Q",1,2026-09-19 23:12:30.9130000,3212,0,0,2026-09-19 23:12:37.8070000,34.043620,-118.739250
1605425,"Malibu Hills",3567,233,"11S","11S2H1S4Q",1,2026-09-19 23:12:44.9170000,919,0,0,2026-09-19 23:12:44.9170000,34.047510,-118.744250
2677788,"Dumbarton",977,77,"30U","30U1H1S2Q",3,2013-11-02 17:50:44.8330000,722,0,2685451,2026-09-19 23:13:21.6730000,55.950000,-4.566670
2672666,"Giffnock",977,77,"30U","30U1H1S2Q",3,2014-04-05 10:18:40.9470000,0,0,3015831,2026-09-19 23:13:39.7570000,55.800000,-4.283330
13144,"Hornsby",143,13,"56H","56H1H1S4Q",2,2026-09-16 04:37:40.7900000,0,2839027,0,2026-09-19 23:14:35.1100000,-33.702440,151.099310
1858677,"Tommaso Natale",1363,110,"33S","33S1H1S4Q",2,2026-09-16 17:46:52.4170000,0,166031,0,2026-09-19 23:14:46.1900000,38.183330,13.283330
2532656,"Hoofddorp",2269,167,"31U","31U1H6S3Q",1,2015-10-06 10:29:50.3000000,3037893,0,0,2026-09-19 23:15:07.6070000,52.302500,4.688890
2516015,"Landwehr",713,57,"33U","33U2H1S2Q",3,2026-09-19 23:07:13.4800000,0,0,2427,2026-09-19 23:15:24.2970000,51.966670,13.583330
1896294,"Logan Circle",3536,233,"18S","18S1H1S3Q",3,2026-09-19 00:02:02.5130000,629740,0,1114673,2026-09-19 23:16:09.4870000,38.912610,-77.031640
2265428,"Outing",3558,233,"15T","15T1H2S3Q",2,2026-09-18 20:16:04.8630000,0,77486,6300,2026-09-19 23:17:49.7930000,46.820510,-93.948030
2104500,"Gaines",3557,233,"17T","17T2H1S3Q",1,2018-09-10 01:39:30.8600000,519423,0,0,2026-09-19 23:20:36.6400000,42.872530,-83.914130
2518966,"Klein Heidekamp",2273,167,"31U","31U1H6S4Q",1,2017-12-15 08:40:48.3470000,682515,0,0,2026-09-19 23:21:56.7200000,52.033330,5.900000
2154845,"Whitchurch-Stouffville",457,38,"17T","17T1H6S3Q",2,2013-10-09 21:12:39.0130000,0,7692857,0,2026-09-19 23:22:15.0800000,44.000120,-79.316300
2463705,"Catsop",2271,167,"31U","31U2H3S4Q",2,2026-09-16 17:59:54.1030000,0,458675,0,2026-09-19 23:22:28.5130000,50.939170,5.766670
1487846,"Hico",3549,233,"14R","14R1H2S2Q",1,2026-04-11 14:42:59.4370000,47250,0,0,2026-09-19 23:22:42.5300000,31.982930,-98.033650
2116530,"Brockway",3576,233,"10T","10T2H2S1Q",2,2026-09-19 23:23:09.8670000,0,1441,0,2026-09-19 23:23:11.8200000,43.109000,-123.455350
2121747,"Roseburg",3576,233,"10T","10T2H2S1Q",2,2022-06-21 01:30:48.9170000,0,42566,18540,2026-09-19 23:23:12.3370000,43.216500,-123.341740
2115539,"Round Prairie",3576,233,"10T","10T2H2S1Q",2,2026-09-19 23:23:17.8470000,0,327,0,2026-09-19 23:23:17.8470000,43.088170,-123.369510
2116319,"Dillard",3576,233,"10T","10T2H2S1Q",2,2026-09-19 23:23:25.5800000,0,328,0,2026-09-19 23:23:25.5800000,43.102890,-123.427850
2117253,"Winston",3576,233,"10T","10T2H2S1Q",2,2026-09-19 23:23:45.5000000,0,1486,0,2026-09-19 23:23:47.3630000,43.122340,-123.412570
2118767,"Green",3576,233,"10T","10T2H2S1Q",2,2026-09-19 23:23:52.1630000,0,710,0,2026-09-19 23:23:52.1630000,43.150710,-123.385700
2197435,"Falcon Heights",3558,233,"15T","15T1H5S3Q",2,2018-06-09 17:14:40.3670000,0,3479258,0,2026-09-19 23:23:53.8600000,44.991630,-93.166330
1901427,"Applegate",3567,233,"10S","10S1H3S2Q",2,2010-01-01 00:00:00.0000000,0,4022849,0,2026-09-19 23:25:12.7770000,39.000730,-120.992440
2516016,"Golssen",713,57,"33U","33U2H1S2Q",2,2023-06-17 10:02:57.6200000,0,4807,1913,2026-09-19 23:25:12.8130000,51.966670,13.600000
1899637,"Clipper Gap",3567,233,"10S","10S1H3S3Q",2,2017-02-18 03:47:16.4770000,0,3293134,0,2026-09-19 23:25:31.7170000,38.969340,-121.017440
2561858,"Great Cubley",979,77,"30U","30U1H6S3Q",2,2024-05-16 09:31:21.5430000,0,348427,0,2026-09-19 23:25:38.7830000,52.933330,-1.750000
1447347,"Avon",3551,233,"16R","16R1H3S1Q",2,2013-08-10 15:56:02.6270000,136240,2414863,0,2026-09-19 23:26:05.7770000,31.189340,-85.286040
2155850,"College Hill",3576,233,"10T","10T1H5S3Q",1,2025-06-30 03:00:56.4800000,9744845,0,0,2026-09-19 23:26:40.6530000,44.030960,-123.098140
1769645,"Alisal",3567,233,"10S","10S1H6S3Q",1,2026-09-17 18:18:56.3470000,480987,0,0,2026-09-19 23:28:19.0600000,36.679130,-121.617720
2219926,"Washougal",3578,233,"10T","10T1H5S2Q",2,2026-09-19 23:22:00.9330000,0,7438,0,2026-09-19 23:28:22.7400000,45.582620,-122.353420
2076264,"Ann Arbor",3557,233,"17T","17T2H1S3Q",1,2016-07-16 20:11:44.6630000,42739182,0,0,2026-09-19 23:28:38.6770000,42.277560,-83.740880
14098,"Mangrove Creek",143,13,"56H","56H1H1S4Q",3,2021-05-11 03:44:03.2700000,0,0,412132,2026-09-19 23:29:09.7770000,-33.350000,151.150000
2215810,"Aims",3576,233,"10T","10T1H5S2Q",3,2025-01-24 19:37:32.6500000,0,0,5005999,2026-09-19 23:29:13.1270000,45.450680,-122.207870
13891,"West Gosford",143,13,"56H","56H1H1S4Q",2,2026-09-11 11:53:32.4770000,0,5065,517,2026-09-19 23:29:19.3270000,-33.425780,151.317010
13713,"Bensville",143,13,"56H","56H1H1S4Q",2,2026-09-10 09:41:14.3400000,0,32768,517,2026-09-19 23:29:26.4100000,-33.500000,151.383330
13759,"Davistown",143,13,"56H","56H1H1S4Q",3,2018-05-04 22:48:33.1670000,0,2585,1014321,2026-09-19 23:29:48.4770000,-33.483330,151.366670
12948,"Epping",143,13,"56H","56H1H1S4Q",3,2015-01-01 20:48:21.2900000,0,0,12005162,2026-09-19 23:30:10.4070000,-33.772710,151.081840
13000,"Baulkham Hills",143,13,"56H","56H1H1S3Q",3,2012-03-16 07:33:11.8170000,0,0,41721106,2026-09-19 23:30:32.8600000,-33.758810,150.992920
1890100,"Rocklin",3567,233,"10S","10S1H3S3Q",3,2026-06-05 23:00:51.1700000,0,0,2190995,2026-09-19 23:31:00.5070000,38.790730,-121.235780
2118886,"Rochester",3562,233,"18T","18T2H1S1Q",1,2023-06-22 12:00:31.0330000,1038412,0,0,2026-09-19 23:31:08.9530000,43.154780,-77.615560
2119556,"Penfield Center",3562,233,"18T","18T2H1S1Q",1,2023-09-12 16:57:00.1270000,233613,0,0,2026-09-19 23:31:23.2000000,43.167290,-77.431100
12053,"Kirrawee",143,13,"56H","56H1H4S2Q",3,2016-06-16 05:57:50.3430000,0,2068,2022185,2026-09-19 23:32:35.0130000,-34.033330,151.066670
1824394,"Richmond",3585,233,"18S","18S1H4S1Q",3,2023-03-03 01:16:06.1630000,300,44844,137110,2026-09-19 23:34:30.6230000,37.553760,-77.460260
2018732,"Slippery Rock",3584,233,"17T","17T2H5S2Q",3,2022-09-07 20:25:13.1600000,0,0,450867,2026-09-19 23:34:33.9470000,41.063950,-80.056450
2362651,"Paris 07 Palais-Bourbon",955,75,"31U","31U2H5S3Q",3,2022-11-09 21:36:13.6000000,0,14728,918033,2026-09-19 23:34:39.3100000,48.856500,2.321000
1107595,"Qianzhen",3390,228,"51Q","51Q1H1S3Q",2,2026-05-27 14:51:24.3630000,0,1050182,0,2026-09-19 23:34:52.8000000,22.585070,120.317540
1738567,"Las Vegas",3570,233,"11S","11S1H6S3Q",2,2014-01-06 05:24:19.2230000,0,157102017,0,2026-09-19 23:35:18.4000000,36.174970,-115.137220
138543,"Sicuani",2383,175,"19L","19L2H4S1Q",3,2014-05-07 02:29:41.9800000,11017,1500,461390,2026-09-19 23:35:20.5570000,-14.269440,-71.226110
2169035,"Fox's Corners",457,38,"17T","17T1H6S4Q",3,2019-06-28 20:04:44.4100000,0,0,2568759,2026-09-19 23:35:36.3370000,44.384320,-78.598750
2304932,"White",3578,233,"10T","10T1H2S2Q",1,2020-12-07 07:44:31.8800000,5045345,21416,0,2026-09-19 23:35:53.0900000,47.707600,-122.088730
1543200,"Hebron",3549,233,"14S","14S2H6S2Q",3,2023-11-08 23:00:16.6500000,0,0,34494996,2026-09-19 23:37:11.6900000,33.026510,-96.863610
2119047,"Green",3576,233,"10T","10T2H2S1Q",2,2026-09-19 23:29:19.4130000,0,2295,0,2026-09-19 23:37:33.2830000,43.160390,-123.367850
1945735,"Indianapolis",3555,233,"16S","16S1H2S2Q",2,2013-10-19 22:28:45.1070000,0,38886978,6516,2026-09-19 23:38:40.2130000,39.768380,-86.158040
1957554,"Bexley",3563,233,"17S","17S1H1S2Q",3,2021-11-09 17:35:12.8230000,118066,0,335934,2026-09-19 23:39:08.0630000,39.968950,-82.937680
1521617,"Oakgrove",3547,233,"17S","17S2H5S4Q",2,2026-08-10 03:55:01.2900000,0,45476,0,2026-09-19 23:40:08.0930000,32.626850,-80.212880
2562679,"Totmonslow",979,77,"30U","30U1H6S3Q",2,2023-11-23 10:10:43.1130000,0,1000150,0,2026-09-19 23:40:32.7570000,52.950000,-2.000000
2528727,"Warsaw",2440,180,"34U","34U1H5S4Q",2,2022-07-26 12:16:57.6570000,0,132604812,0,2026-09-19 23:41:00.9770000,52.229770,21.011780
2300413,"Horich",715,57,"32T","32T1H3S1Q",3,2024-10-03 16:41:12.9200000,0,0,21048,2026-09-19 23:41:34.2670000,47.616670,10.483330
2299549,"Hinterreute",715,57,"32T","32T1H3S1Q",3,2024-10-03 00:44:33.2830000,0,0,13519,2026-09-19 23:41:57.4600000,47.600000,10.450000
2214289,"Ottawa",457,38,"18T","18T1H5S1Q",2,2025-02-24 18:06:05.8270000,0,10041435,0,2026-09-19 23:42:25.6200000,45.411170,-75.698120
2791086,"Staraya Kanava",2675,192,"36V","36V1H4S4Q",3,2016-06-29 05:22:17.3830000,0,0,44104,2026-09-19 23:42:30.3230000,60.133330,31.633330
1886178,"Oak Creek Hills",3567,233,"10S","10S1H3S3Q",2,2012-08-12 04:23:15.0330000,0,1373039,1219497,2026-09-19 23:43:16.8230000,38.714070,-121.076890
1532462,"Highland Park",3549,233,"14S","14S2H6S4Q",3,2023-11-08 03:00:41.1100000,0,1440,4081960,2026-09-19 23:43:43.6030000,32.833460,-96.791950
1533294,"University Park",3549,233,"14S","14S2H6S4Q",3,2023-11-14 12:31:21.9670000,0,360,4000438,2026-09-19 23:43:45.7200000,32.850130,-96.800280
1535241,"Meaders",3549,233,"14S","14S2H6S4Q",3,2023-11-19 02:55:08.7970000,0,360,4219323,2026-09-19 23:43:48.7000000,32.888180,-96.812500
1537468,"Inwood",3549,233,"14S","14S2H6S4Q",3,2015-10-22 11:50:05.9000000,0,360,4675202,2026-09-19 23:43:51.5500000,32.930680,-96.821670
1534460,"Oldham",3549,233,"14S","14S2H6S4Q",3,2015-08-27 01:21:25.9470000,0,360,5543880,2026-09-19 23:43:56.7900000,32.872630,-96.881110
1554021,"Lincoln Park",3549,233,"14S","14S2H6S2Q",3,2010-01-01 00:00:00.0000000,6454,0,1108883,2026-09-19 23:44:38.7970000,33.222060,-96.972780
1955433,"Quincy",3554,233,"15S","15S1H3S1Q",1,2019-02-19 04:40:57.4730000,267970574,0,0,2026-09-19 23:44:45.4600000,39.935600,-91.409870
2292902,"Kloten / Kloten (Zentrum)",503,43,"32T","32T1H2S1Q",3,2026-07-23 16:39:34.4870000,8660,0,2886347,2026-09-19 23:46:30.6570000,47.451340,8.586830
1985977,"Sugarcreek",3563,233,"17T","17T2H5S3Q",1,2026-09-19 22:12:03.2970000,29473,0,0,2026-09-19 23:47:38.4200000,40.503120,-81.640960
1878674,"Mayhew",3567,233,"10S","10S1H3S3Q",2,2013-03-31 23:54:34.2830000,0,3257131,944479,2026-09-19 23:47:52.3100000,38.565180,-121.350780
2064770,"Elk Grove",3554,233,"16T","16T2H2S3Q",1,2025-04-14 19:31:13.4330000,949823,0,0,2026-09-19 23:48:41.2570000,42.007250,-87.940340
2523972,"Alt Schadow",713,57,"33U","33U1H4S4Q",2,2024-10-22 18:24:44.5400000,0,69860,9254,2026-09-19 23:49:15.8030000,52.133330,13.950000
9420,"Wagga Wagga",143,13,"55H","55H1H5S4Q",2,2013-04-05 11:03:40.4800000,0,734541440,0,2026-09-19 23:49:48.9030000,-35.116670,147.366670
1783078,"Aromas",3567,233,"10S","10S1H6S3Q",1,2024-08-19 23:45:41.7500000,222193,0,65181,2026-09-19 23:50:23.2700000,36.888560,-121.643000
2290985,"Niederrohrdorf",528,43,"32T","32T1H2S1Q",3,2023-01-25 08:48:20.8430000,29355,0,9677278,2026-09-19 23:50:40.6200000,47.416670,8.300000
2292500,"Neuenhof",528,43,"32T","32T1H2S1Q",3,2023-02-21 02:34:11.1100000,0,0,1938800,2026-09-19 23:50:52.1700000,47.450000,8.316670
2179796,"Bendon",3557,233,"16T","16T1H6S3Q",3,2026-04-16 12:01:56.6870000,7800,0,46378,2026-09-19 23:51:00.2330000,44.633060,-85.837860
2544683,"Stockerston",979,77,"30U","30U1H6S4Q",1,2026-09-18 11:16:15.5330000,257379,0,0,2026-09-19 23:51:19.3300000,52.566670,-0.766670
2530588,"Harlestone",979,77,"30U","30U1H6S4Q",0,2026-09-19 23:51:37.1630000,0,0,0,2026-09-19 23:51:37.1630000,52.266670,-0.966670
2531464,"Church Brampton",979,77,"30U","30U1H6S4Q",0,2026-09-19 23:51:46.7570000,0,0,0,2026-09-19 23:51:46.7570000,52.283330,-0.933330
2049084,"Dune Acres",3555,233,"16T","16T2H5S1Q",3,2026-09-10 13:32:50.5870000,0,0,409534,2026-09-19 23:51:56.9600000,41.649480,-87.085870
2531465,"Chapel Brampton",979,77,"30U","30U1H6S4Q",0,2026-09-19 23:51:56.9670000,0,0,0,2026-09-19 23:51:56.9670000,52.283330,-0.916670
2531466,"Boughton",979,77,"30U","30U1H6S4Q",0,2026-09-19 23:52:01.8600000,0,0,0,2026-09-19 23:52:01.8600000,52.283330,-0.900000
2529296,"Flore",979,77,"30U","30U1H6S3Q",0,2026-09-19 23:52:17.5870000,0,0,0,2026-09-19 23:52:17.5870000,52.236470,-1.057260
2100336,"Argentine",3557,233,"17T","17T2H1S3Q",1,2016-12-04 01:56:19.9300000,2425557,0,0,2026-09-19 23:52:18.2300000,42.790530,-83.835590
2566775,"Wybunbury",979,77,"30U","30U1H5S2Q",2,2024-10-09 12:14:23.2500000,0,108300,0,2026-09-19 23:52:29.4470000,53.033330,-2.450000
2026783,"Millard",3559,233,"14T","14T2H6S2Q",2,2025-07-28 03:38:52.7830000,0,1145891,0,2026-09-19 23:53:08.0930000,41.208330,-96.121130
1973544,"Lakeview",3571,233,"12T","12T2H5S3Q",1,2026-09-16 23:29:46.6200000,497538,9070,0,2026-09-19 23:53:11.2730000,40.258010,-111.712430
1890704,"Lotus",3567,233,"10S","10S1H3S4Q",2,2012-08-13 01:44:48.7000000,0,3951214,0,2026-09-19 23:54:31.3300000,38.801570,-120.908550
1893549,"Meadow Brook",3567,233,"10S","10S1H3S4Q",2,2012-08-13 00:33:55.5470000,0,3240550,0,2026-09-19 23:54:42.7100000,38.859350,-120.834100
1911346,"West Overlook",3555,233,"16S","16S1H2S2Q",2,2013-09-07 22:33:23.2300000,0,13267245,0,2026-09-19 23:54:44.3400000,39.171440,-86.254710
2069374,"Hubbard Woods",3554,233,"16T","16T2H2S3Q",1,2025-02-09 16:08:03.5630000,119067,5116,0,2026-09-19 23:54:46.5830000,42.115580,-87.742840
1886871,"King Farms",3567,233,"10S","10S1H3S3Q",3,2026-09-14 22:25:54.1200000,0,1200427,2011603,2026-09-19 23:55:02.5600000,38.726570,-121.691350
2542943,"Berlin",714,57,"33U","33U1H4S4Q",2,2014-08-22 01:39:56.5500000,14635,42835352,0,2026-09-19 23:55:26.8770000,52.524370,13.410530
1400459,"Junction Windmill",3549,233,"14R","14R1H2S3Q",3,2026-09-19 23:55:33.9130000,0,0,1150,2026-09-19 23:55:33.9130000,30.269640,-99.700340
2100359,"Argentine",3557,233,"17T","17T2H1S3Q",1,2017-01-08 19:13:38.2600000,2423862,0,0,2026-09-19 23:55:37.3870000,42.791420,-83.846340
1405734,"Noxville",3549,233,"14R","14R1H2S3Q",3,2026-09-19 23:55:38.2600000,0,0,1149,2026-09-19 23:55:38.2600000,30.389910,-99.467280
2138299,"Sioux Falls",3577,233,"14T","14T2H3S2Q",2,2013-04-15 23:15:01.0930000,0,589063709,0,2026-09-19 23:55:39.2800000,43.549970,-96.700330
1402912,"Telegraph",3549,233,"14R","14R1H2S3Q",3,2026-09-19 23:55:44.8700000,0,0,1150,2026-09-19 23:55:44.8700000,30.327420,-99.906180
1410550,"Roosevelt",3549,233,"14R","14R1H1S4Q",3,2026-09-19 23:55:55.7030000,0,0,1141,2026-09-19 23:55:55.7030000,30.491020,-100.055080
1410516,"Buck Hollow",3549,233,"14R","14R1H1S4Q",3,2026-09-19 23:55:59.7700000,0,0,1142,2026-09-19 23:55:59.7700000,30.490190,-100.020630
1410490,"Junction",3549,233,"14R","14R1H2S3Q",3,2026-09-19 23:56:04.4700000,0,0,1150,2026-09-19 23:56:04.4700000,30.489360,-99.772010
1415912,"Cleo",3549,233,"14R","14R1H2S3Q",3,2026-09-19 23:56:10.2630000,0,0,1144,2026-09-19 23:56:10.2630000,30.603800,-99.875070
2037862,"Pond Eddy",3584,233,"18T","18T2H5S2Q",2,2026-09-19 23:56:26.4300000,1158,4200,0,2026-09-19 23:56:31.8670000,41.431200,-74.822940
2678915,"Mamontovka",2671,192,"37U","37U1H1S2Q",2,2026-09-13 15:16:07.8870000,0,786648,0,2026-09-19 23:56:33.3570000,55.980830,37.819720
1407130,"Segovia",3549,233,"14R","14R1H2S3Q",3,2026-09-19 23:56:43.4600000,0,0,1150,2026-09-19 23:56:43.4600000,30.419360,-99.670340
1410128,"Cherry Spring",3549,233,"14R","14R1H2S3Q",3,2026-09-19 23:57:00.3600000,0,0,1147,2026-09-19 23:57:00.3600000,30.483250,-99.009220
2279062,"Ammansegg",510,43,"32T","32T1H1S2Q",2,2026-09-14 05:40:04.5330000,0,912199,0,2026-09-19 23:57:20.3330000,47.171390,7.529410
2185017,"Brookside",3557,233,"16T","16T1H6S3Q",3,2026-04-10 17:30:48.4000000,7200,0,177402,2026-09-19 23:57:39.0500000,44.742220,-85.646740
1598166,"Village Mill",3539,233,"16S","16S2H6S2Q",1,2012-10-22 13:34:54.8100000,636390,0,0,2026-09-19 23:58:13.3270000,33.940660,-84.314370
1756656,"Molus",3567,233,"10S","10S1H6S3Q",1,2026-09-19 08:18:55.7130000,413317,0,0,2026-09-19 23:58:13.8270000,36.468020,-121.394100
12648,"Darling Harbour",143,13,"56H","56H1H1S4Q",3,2017-01-19 09:23:22.8330000,0,0,2337496,2026-09-19 23:59:19.9300000,-33.868470,151.200340
2524829,"Kolonie Gross Eichholz",713,57,"33U","33U1H4S4Q",3,2026-09-19 14:47:12.2900000,0,0,17162,2026-09-19 23:59:26.3070000,52.150000,13.883330
1529806,"Eagle Ford",3549,233,"14S","14S2H6S4Q",3,2023-03-12 06:19:23.1700000,0,1034,5025179,2026-09-20 00:00:19.9330000,32.784850,-96.900840
1527522,"Oak Cliff",3549,233,"14S","14S2H6S4Q",3,2023-11-13 02:48:59.2900000,0,720,4953529,2026-09-20 00:00:25.9600000,32.739300,-96.811110
1555841,"Flovilla",3539,233,"17S","17S2H4S1Q",3,2013-07-11 23:47:22.8370000,0,0,4160987,2026-09-20 00:00:27.5830000,33.253730,-83.898520
1525866,"Fruitdale",3549,233,"14S","14S2H6S4Q",3,2023-12-11 18:23:50.5100000,0,1440,4419094,2026-09-20 00:00:36.2130000,32.707080,-96.769170
2635050,"Newtownabbey",978,77,"30U","30U1H1S3Q",1,2024-11-27 12:45:53.5630000,330000,0,0,2026-09-20 00:00:39.5000000,54.659830,-5.908580
2555182,"Bad Freienwalde",713,57,"33U","33U1H5S3Q",2,2014-09-07 14:04:43.2000000,0,458763945,0,2026-09-20 00:00:43.5700000,52.787300,14.030400
1764364,"West Fork Hills",3548,233,"16S","16S1H5S3Q",2,2022-02-14 06:01:19.8930000,1500,183791,3300,2026-09-20 00:00:51.4030000,36.589210,-87.420290
12220,"Holsworthy",143,13,"56H","56H1H1S3Q",3,2017-06-13 08:08:58.6900000,0,93535,617405,2026-09-20 00:00:55.4030000,-33.983330,150.966670
791497,"Ban Bo Fai (1)",3165,218,"47P","47P1H5S4Q",1,2015-12-21 19:07:30.6500000,2640675,19910,0,2026-09-20 00:01:10.4630000,12.616670,99.950000
1870575,"Wilton",3567,233,"10S","10S1H3S3Q",2,2012-10-07 04:28:22.8030000,0,1932837,1104920,2026-09-20 00:01:13.0930000,38.412980,-121.212710
