ZoneId,Description,RegionId,CountryId,UtmGrid,GridRef,ZoneControlState,DateCapturedUtc,LegionCount,SwarmCount,FacelessCount,LastUpdateDateUtc,Latitude,Longitude
1922337,"Gerrardstown",3550,233,"17S","17S1H3S2Q",2,2026-07-24 11:47:00.1200000,1034,28197,0,2026-09-24 00:01:08.1100000,39.370380,-78.095560
1923854,"Union Corner",3550,233,"17S","17S1H3S2Q",2,2026-09-02 11:37:13.4200000,517,24469,0,2026-09-24 00:01:11.4530000,39.398710,-78.085560
1926708,"Goose Nest",3550,233,"17S","17S1H3S2Q",2,2026-08-31 22:46:01.3800000,1034,61834,0,2026-09-24 00:01:14.1870000,39.445930,-78.076390
1929489,"Jones Springs",3550,233,"17S","17S1H3S2Q",2,2026-08-31 10:54:33.6970000,517,21607,0,2026-09-24 00:01:17.4700000,39.491490,-78.095280
1931683,"Tomahawk",3550,233,"17S","17S1H3S2Q",2,2025-11-24 11:36:25.1930000,1034,24726,0,2026-09-24 00:01:21.1430000,39.530370,-78.046950
1933306,"Baxter",3550,233,"17S","17S1H3S2Q",2,2025-11-24 23:10:58.1070000,517,38797,0,2026-09-24 00:01:23.8800000,39.557600,-78.077500
1934477,"Johnsontown",3550,233,"17S","17S1H3S2Q",2,2026-06-14 11:46:56.2130000,1034,64758,0,2026-09-24 00:01:27.9400000,39.578430,-78.039450
1835705,"Brookshire",3567,233,"10S","10S1H5S2Q",2,2024-01-17 08:05:04.0100000,0,3020591,1551,2026-09-24 00:02:12.7830000,37.759090,-122.028290
1836761,"San Ramon",3567,233,"10S","10S1H6S1Q",2,2023-10-17 16:10:40.4730000,0,3009880,1551,2026-09-24 00:02:17.6170000,37.779930,-121.978020
1839173,"Danville",3567,233,"10S","10S1H6S1Q",2,2023-12-01 01:25:29.6600000,0,3059805,1551,2026-09-24 00:02:21.5470000,37.821590,-121.999960
1840115,"Alamo Oaks",3567,233,"10S","10S1H6S1Q",2,2023-07-16 15:48:37.8930000,0,3006329,2585,2026-09-24 00:02:26.8930000,37.839370,-121.993020
1840775,"Alamo",3567,233,"10S","10S1H5S2Q",2,2024-10-19 00:15:29.8830000,0,3005961,1551,2026-09-24 00:02:30.5200000,37.850200,-122.032180
1842044,"Walnut Heights",3567,233,"10S","10S1H5S2Q",2,2024-11-13 19:24:44.1070000,0,3062827,6981,2026-09-24 00:02:33.6130000,37.876590,-122.051070
1842932,"Sacanap",3567,233,"10S","10S1H5S2Q",2,2025-12-04 09:23:09.7930000,0,2972633,1034,2026-09-24 00:02:39.1570000,37.893260,-122.076070
1845344,"Bancroft",3567,233,"10S","10S1H5S2Q",2,2025-05-26 20:40:01.6570000,0,3035110,1034,2026-09-24 00:02:48.2670000,37.933810,-122.047180
1953667,"Squaw Hill",3567,233,"10S","10S1H2S2Q",2,2025-07-22 02:52:16.4930000,0,9700,0,2026-09-24 00:03:21.8030000,39.907940,-122.093040
2213462,"L'Ile-Perrot",459,38,"18T","18T1H6S1Q",1,2026-06-07 21:49:41.6600000,400596,0,0,2026-09-24 00:03:38.3970000,45.383380,-73.949200
2162452,"Kingsbridge",3566,233,"16T","16T1H5S3Q",1,2022-03-20 10:31:41.1170000,13110,0,0,2026-09-24 00:05:56.0370000,44.211380,-87.681200
2091529,"Westacres",3557,233,"17T","17T2H1S3Q",1,2015-12-20 16:54:26.6370000,3005805,0,0,2026-09-24 00:05:56.4230000,42.600030,-83.424940
2092004,"Union Lake",3557,233,"17T","17T2H1S3Q",1,2016-01-26 16:16:33.0530000,3005813,0,0,2026-09-24 00:06:03.5200000,42.614750,-83.446880
2093955,"East Highland",3557,233,"17T","17T2H1S3Q",1,2016-06-09 03:07:04.8370000,2495970,0,0,2026-09-24 00:06:11.8070000,42.655030,-83.571610
2042471,"Fox Hollow",3552,233,"18T","18T2H6S2Q",2,2024-06-15 22:32:11.8330000,692,46890,0,2026-09-24 00:06:14.7800000,41.518150,-72.880100
2091112,"Milford",3557,233,"17T","17T2H1S3Q",1,2021-12-09 19:13:59.9400000,3005659,0,0,2026-09-24 00:06:25.5300000,42.593640,-83.599390
1954803,"Corning",3567,233,"10S","10S1H2S2Q",3,2013-03-29 00:18:39.3230000,0,1034,475143,2026-09-24 00:06:48.9430000,39.927660,-122.179160
1407068,"Waters Park",3549,233,"14R","14R1H3S3Q",1,2024-03-06 04:51:18.3000000,510830,0,0,2026-09-24 00:07:43.6330000,30.417980,-97.705280
1871213,"Graves Mill",3585,233,"17S","17S1H3S4Q",1,2026-09-24 00:12:03.1830000,2199,0,0,2026-09-24 00:12:04.0230000,38.422630,-78.367510
1870133,"Zeus",3585,233,"17S","17S1H3S4Q",1,2026-09-24 00:12:17.2300000,1846,732,0,2026-09-24 00:12:17.2300000,38.402910,-78.221670
1871891,"Aylor",3585,233,"17S","17S1H3S4Q",1,2026-09-24 00:12:41.0900000,1046,0,0,2026-09-24 00:12:41.0900000,38.434850,-78.301950
1867283,"Beldor",3585,233,"17S","17S1H3S4Q",2,2025-06-20 23:35:16.6530000,1034,15319,0,2026-09-24 00:12:59.4430000,38.350130,-78.607240
2289843,"Snoose Junction",3578,233,"10T","10T1H3S1Q",2,2013-04-16 16:30:56.2530000,0,1302033,0,2026-09-24 00:15:00.6100000,47.392320,-121.818720
2546554,"Tettenhall",979,77,"30U","30U1H5S4Q",2,2025-08-31 15:04:08.4570000,0,72168,0,2026-09-24 00:15:47.5270000,52.602060,-2.165250
2023381,"Rumsey",3559,233,"15T","15T2H4S1Q",2,2025-07-11 21:05:11.7130000,0,2306770,0,2026-09-24 00:17:58.8630000,41.146670,-95.993630
2554744,"Colwich",979,77,"30U","30U1H6S3Q",2,2024-10-30 18:59:04.6670000,0,70801,0,2026-09-24 00:25:12.1370000,52.783330,-1.983330
2552338,"Mitton",979,77,"30U","30U1H5S4Q",2,2025-08-31 15:29:21.2300000,0,43600,0,2026-09-24 00:25:58.6900000,52.733330,-2.166670
148812,"Totora",2383,175,"18L","18L2H3S4Q",1,2022-12-06 03:15:49.4400000,5621,0,0,2026-09-24 00:29:53.2830000,-13.572500,-72.106390
148518,"Tinquicanchapampa",2383,175,"18L","18L2H3S4Q",1,2022-12-06 13:27:50.9500000,6871,0,0,2026-09-24 00:30:01.5830000,-13.594720,-72.142500
148826,"Rocacancha",2383,175,"18L","18L2H3S4Q",1,2022-12-06 03:15:33.9300000,4371,0,0,2026-09-24 00:30:06.4530000,-13.570560,-72.155280
2111639,"Howlett Hill",3562,233,"18T","18T2H1S2Q",1,2023-09-15 23:19:04.8470000,21040,0,0,2026-09-24 00:31:46.4170000,43.015900,-76.285760
1918844,"Waycross",3555,233,"16S","16S1H2S2Q",2,2013-07-31 20:28:07.2870000,0,14600774,0,2026-09-24 00:35:18.8000000,39.303660,-86.344160
1717407,"Rivercrest",3545,233,"17S","17S2H3S2Q",3,2026-02-21 13:14:17.5970000,0,0,66915,2026-09-24 00:35:30.0300000,35.819320,-78.360280
2208121,"Andover",3558,233,"15T","15T1H5S1Q",1,2013-08-03 22:56:36.1400000,3469563,0,0,2026-09-24 00:38:33.3300000,45.233300,-93.291340
2214831,"Sunnyside",3576,233,"10T","10T1H5S2Q",2,2023-07-29 17:20:14.2570000,0,1115081,517,2026-09-24 00:38:40.8530000,45.426790,-122.527590
2215968,"Battin",3576,233,"10T","10T1H5S2Q",1,2013-04-06 07:11:24.4770000,781043,0,1117,2026-09-24 00:39:00.8300000,45.458730,-122.578150
2211959,"Redland",3576,233,"10T","10T1H5S2Q",2,2014-11-05 21:28:40.8870000,0,1470166,1551,2026-09-24 00:39:51.9100000,45.343460,-122.492870
2076271,"Cooks Corner",3583,233,"18T","18T2H3S4Q",1,2019-07-21 14:35:13.8670000,700606,0,0,2026-09-24 00:39:56.1270000,42.277870,-72.470360
2214714,"Lake Oswego",3576,233,"10T","10T1H5S2Q",2,2016-02-28 18:33:36.2270000,0,1032095,517,2026-09-24 00:40:11.8270000,45.420670,-122.670650
2025653,"La Vista",3559,233,"14T","14T2H6S2Q",2,2025-07-24 15:15:30.5430000,0,2005675,0,2026-09-24 00:42:06.1530000,41.183890,-96.031130
2042608,"Mixville",3552,233,"18T","18T2H6S2Q",2,2023-04-28 01:37:02.2030000,300,68867,0,2026-09-24 00:45:44.2670000,41.522320,-72.935660
1972502,"Scammells Corner",3584,233,"18T","18T2H5S4Q",1,2026-07-03 13:03:02.2300000,29658,0,14732,2026-09-24 00:45:56.9370000,40.236500,-74.852390
2045470,"Woodtick",3552,233,"18T","18T2H6S2Q",2,2022-11-10 16:53:16.5700000,804,115199,0,2026-09-24 00:46:13.9100000,41.578990,-72.978160
1971505,"Roelofs",3584,233,"18T","18T2H5S4Q",1,2014-12-29 23:10:06.2200000,70022,0,3163,2026-09-24 00:46:27.4130000,40.217050,-74.861550
1970652,"Edge Hill",3584,233,"18T","18T2H5S4Q",3,2025-05-14 00:17:10.0430000,3876,0,23999,2026-09-24 00:47:55.3330000,40.200110,-74.851280
2045495,"Lakewood",3552,233,"18T","18T2H6S1Q",2,2023-03-17 02:47:04.4270000,1950,136577,0,2026-09-24 00:48:15.1000000,41.579820,-73.029830
2046017,"Fairmount",3552,233,"18T","18T2H6S1Q",2,2023-07-21 12:52:37.0000000,300,110110,0,2026-09-24 00:48:25.2500000,41.586210,-73.055390
2045197,"Bunker Hill",3552,233,"18T","18T2H6S1Q",2,2023-07-15 17:03:23.7830000,900,297925,0,2026-09-24 00:49:07.3500000,41.571210,-73.063440
1860530,"Harriston",3585,233,"17S","17S1H3S4Q",1,2026-09-24 00:50:33.3270000,2676,0,0,2026-09-24 00:50:35.7300000,38.217350,-78.832250
1852123,"Greenwood",3585,233,"17S","17S1H3S4Q",1,2026-09-24 00:50:48.1770000,5170,4106,0,2026-09-24 00:50:48.1770000,38.055690,-78.770580
1855387,"White Hall",3585,233,"17S","17S1H3S4Q",1,2026-09-24 00:51:00.0200000,1083,0,0,2026-09-24 00:51:00.0200000,38.117910,-78.661410
1851494,"Ednam Forest",3585,233,"17S","17S1H3S4Q",1,2026-09-24 00:51:12.2170000,639,0,0,2026-09-24 00:51:12.2170000,38.046250,-78.545850
2046839,"Wolcott",3552,233,"18T","18T2H6S2Q",2,2022-11-12 14:25:57.0400000,300,152318,0,2026-09-24 00:51:16.8300000,41.602320,-72.986770
1850587,"Stadium Road Residence Area",3585,233,"17S","17S1H3S4Q",1,2026-09-24 00:51:19.0100000,1139,1039,0,2026-09-24 00:51:19.0100000,38.030000,-78.517780
1856276,"Deerwood",3585,233,"17S","17S1H3S4Q",1,2026-09-24 00:51:29.2130000,1058,0,0,2026-09-24 00:51:29.2130000,38.135410,-78.446120
1857951,"Briarwood",3585,233,"17S","17S1H3S4Q",1,2026-09-24 00:51:41.3870000,1057,0,0,2026-09-24 00:51:41.3900000,38.166800,-78.415570
2049072,"Allentown",3552,233,"18T","18T2H6S2Q",2,2023-11-04 10:39:49.4330000,2484,181822,0,2026-09-24 00:52:38.4500000,41.648990,-72.990380
2048901,"Tolles",3552,233,"18T","18T2H6S1Q",2,2024-10-13 01:35:00.5600000,300,9472,2129,2026-09-24 00:52:46.0030000,41.644260,-73.009550
2214289,"Ottawa",457,38,"18T","18T1H5S1Q",2,2025-02-24 18:06:05.8270000,0,10337685,0,2026-09-24 00:56:26.5300000,45.411170,-75.698120
1964465,"Parkwood Manor",3584,233,"18T","18T2H5S4Q",1,2014-12-17 18:56:51.4030000,61421,220,1160,2026-09-24 00:56:39.0170000,40.093440,-74.967950
2295982,"Arbor Heights",3578,233,"10T","10T1H2S2Q",1,2013-06-02 01:21:06.1030000,4024890,8188,0,2026-09-24 00:59:25.0600000,47.517320,-122.376790
2074788,"Indian Trails",3554,233,"16T","16T2H1S4Q",1,2026-09-24 01:02:39.1000000,671,0,0,2026-09-24 01:02:39.1000000,42.245560,-88.625560
1375686,"Solms",3549,233,"14R","14R1H5S2Q",3,2013-02-18 23:09:21.1870000,0,0,3611175,2026-09-24 01:03:35.3300000,29.665780,-98.170840
149590,"San Sebastian",2383,175,"19L","19L2H1S3Q",1,2019-08-07 21:31:13.3600000,1612,0,0,2026-09-24 01:04:56.2800000,-13.527780,-71.934170
149318,"San Jeronimo",2383,175,"19L","19L2H1S3Q",1,2019-08-01 21:13:41.7130000,3243,0,0,2026-09-24 01:05:04.9700000,-13.541670,-71.888060
150678,"Huancaye",2383,175,"19L","19L2H1S3Q",1,2026-09-19 10:46:38.8170000,3544,0,0,2026-09-24 01:05:09.1770000,-13.450000,-71.866670
151921,"Lamay",2383,175,"19L","19L2H1S3Q",1,2019-08-01 21:39:27.5100000,8226,0,0,2026-09-24 01:05:14.8030000,-13.364170,-71.923890
152243,"Calca",2383,175,"19L","19L2H1S3Q",1,2019-08-01 21:41:19.0400000,3190,0,0,2026-09-24 01:05:18.0400000,-13.333330,-71.950000
1516443,"Elva",3549,233,"14S","14S2H6S4Q",3,2023-12-22 22:15:00.8630000,0,0,2858291,2026-09-24 01:07:11.1670000,32.526800,-96.794720
12856,"Ryde",143,13,"56H","56H1H1S4Q",3,2017-03-26 20:36:27.3070000,0,0,2107864,2026-09-24 01:08:32.7700000,-33.816670,151.100000
1549640,"Whitesville",3547,233,"17S","17S2H5S2Q",2,2026-05-24 06:01:46.6500000,0,11894,0,2026-09-24 01:15:12.8930000,33.147390,-80.061470
1866563,"Locust Dale",3585,233,"17S","17S1H3S4Q",1,2026-09-24 01:15:39.7130000,1055,0,0,2026-09-24 01:15:39.7170000,38.336240,-78.126950
1866270,"Achash",3585,233,"17S","17S1H3S4Q",1,2026-09-24 01:15:58.3900000,1060,0,0,2026-09-24 01:15:58.3900000,38.332070,-78.165280
1864500,"Five Forks",3585,233,"17S","17S1H3S4Q",1,2026-09-24 01:16:09.5330000,1060,0,0,2026-09-24 01:16:09.5330000,38.299020,-78.135280
1863569,"Madison Mills",3585,233,"17S","17S1H3S4Q",1,2026-09-24 01:16:15.4530000,1079,0,0,2026-09-24 01:16:15.4570000,38.280960,-78.140830
1858004,"Solaris",3585,233,"17S","17S1H3S4Q",1,2026-09-24 01:16:37.8430000,1058,0,0,2026-09-24 01:16:37.8430000,38.168190,-78.364730
1852931,"Montvue",3585,233,"17S","17S1H3S4Q",1,2026-09-24 01:17:18.8430000,1070,0,0,2026-09-24 01:17:18.8430000,38.070690,-78.513350
1852841,"Stillfield",3585,233,"17S","17S1H3S4Q",1,2026-09-24 01:17:29.3570000,882,0,0,2026-09-24 01:17:29.3570000,38.068190,-78.520010
1851913,"Farmington",3585,233,"17S","17S1H3S4Q",1,2026-09-24 01:17:43.8530000,641,0,0,2026-09-24 01:17:43.8530000,38.051250,-78.544180
819828,"Ban Lat Kapi",3189,218,"47P","47P1H6S1Q",1,2026-09-24 01:18:46.0230000,1137,0,0,2026-09-24 01:18:46.0230000,13.387360,100.015920
819829,"Ban Khlong Klang",3189,218,"47P","47P1H6S1Q",1,2026-09-24 01:18:48.9870000,1137,0,0,2026-09-24 01:18:48.9870000,13.387390,100.010390
819830,"Ban Bang Chakreng",3189,218,"47P","47P1H6S1Q",1,2026-09-24 01:18:52.5370000,1137,0,0,2026-09-24 01:18:52.5370000,13.387490,100.002070
819987,"Ban Lat Ta Thap",3189,218,"47P","47P1H6S1Q",1,2026-09-24 01:19:00.6500000,1137,0,0,2026-09-24 01:19:00.6500000,13.392830,100.003030
819028,"Ban Raman Tawan Ok",3189,218,"47P","47P1H6S1Q",1,2026-09-24 01:19:03.4670000,1136,0,0,2026-09-24 01:19:03.4670000,13.370250,100.001080
819670,"Ban Map Lat (1)",3189,218,"47P","47P1H5S2Q",1,2026-09-24 01:19:09.4530000,1136,0,0,2026-09-24 01:19:09.4530000,13.383330,99.983330
818886,"Ban Khlong Dan",3189,218,"47P","47P1H5S2Q",1,2026-09-24 01:19:13.4930000,1134,0,0,2026-09-24 01:19:13.4930000,13.366670,99.983330
817330,"Ban Khlong Khon",3189,218,"47P","47P1H5S2Q",1,2026-09-24 01:19:19.0830000,1132,0,0,2026-09-24 01:19:19.0830000,13.333330,99.966670
1960312,"East Linden",3563,233,"17T","17T2H4S4Q",3,2018-06-18 03:50:57.7100000,8894,0,1196973,2026-09-24 01:19:24.2770000,40.016730,-82.949900
13618,"Hartley Vale",143,13,"56H","56H1H1S3Q",3,2026-09-24 01:19:43.9570000,0,517,906,2026-09-24 01:19:43.9570000,-33.533330,150.233330
13562,"Hartley",143,13,"56H","56H1H1S3Q",3,2026-09-24 01:19:53.5430000,0,860,1350,2026-09-24 01:19:53.5430000,-33.550000,150.166670
852502,"Ban Lam Sai",3203,218,"47P","47P1H6S1Q",1,2026-09-24 01:19:58.1800000,942,0,0,2026-09-24 01:19:58.1800000,13.964670,100.853310
13660,"Bowenfels",143,13,"56H","56H1H1S3Q",3,2026-09-24 01:20:20.3830000,0,1033,1052,2026-09-24 01:20:20.3830000,-33.516670,150.116670
1887396,"Royal Acres",3542,233,"18S","18S1H1S4Q",1,2026-09-24 01:20:27.2100000,2287,0,0,2026-09-24 01:20:27.2100000,38.735120,-76.185500
13754,"Lithgow",143,13,"56H","56H1H1S3Q",3,2026-09-24 01:20:30.1600000,0,0,983,2026-09-24 01:20:30.1600000,-33.483330,150.150000
13882,"Marrangaroo",143,13,"56H","56H1H1S3Q",3,2026-09-24 01:20:36.4870000,0,362,1808,2026-09-24 01:20:36.4870000,-33.433330,150.116670
1887675,"Royal Oak",3542,233,"18S","18S1H1S4Q",1,2026-09-24 01:20:39.5600000,1147,0,0,2026-09-24 01:20:39.5600000,38.742340,-76.177720
1887862,"Loves Folly",3542,233,"18S","18S1H1S4Q",1,2026-09-24 01:20:45.4370000,1147,0,0,2026-09-24 01:20:45.4370000,38.747620,-76.164110
13932,"Wallerawang",143,13,"56H","56H1H1S3Q",3,2026-09-24 01:20:46.1330000,0,517,908,2026-09-24 01:20:46.1330000,-33.416670,150.066670
13983,"Lidsdale",143,13,"56H","56H1H1S3Q",3,2026-09-24 01:20:59.2330000,0,517,1860,2026-09-24 01:20:59.2330000,-33.400000,150.083330
1888352,"Thanksgiving",3542,233,"18S","18S1H1S4Q",1,2026-09-24 01:21:00.1100000,2287,0,0,2026-09-24 01:21:00.1100000,38.755670,-76.156610
1888622,"Kirkham",3542,233,"18S","18S1H1S4Q",1,2026-09-24 01:21:16.9200000,2287,0,0,2026-09-24 01:21:16.9200000,38.762620,-76.144110
862953,"Ban Khlongsi Si",3203,218,"47P","47P1H3S3Q",2,2026-09-24 01:22:15.3270000,0,864,0,2026-09-24 01:22:15.3270000,14.166670,100.700000
863703,"Ban Wang Noi (3)",3203,218,"47P","47P1H3S3Q",2,2026-09-24 01:22:19.4530000,0,864,0,2026-09-24 01:22:19.4530000,14.183330,100.700000
862954,"Ban Khlong Hok",3203,218,"47P","47P1H3S3Q",2,2026-09-24 01:22:28.4470000,0,622,0,2026-09-24 01:22:28.4470000,14.166670,100.733330
863704,"Ban Khlong Hok (3)",3203,218,"47P","47P1H3S3Q",2,2026-09-24 01:22:37.0300000,0,622,0,2026-09-24 01:22:37.0300000,14.183330,100.733330
862955,"Ban Khlong Chet (2)",3203,218,"47P","47P1H3S3Q",2,2026-09-24 01:22:41.1030000,0,622,0,2026-09-24 01:22:41.1030000,14.166670,100.750000
863705,"Ban Suan Di",3203,218,"47P","47P1H3S3Q",2,2026-09-24 01:22:44.9500000,0,622,0,2026-09-24 01:22:44.9500000,14.183330,100.750000
864500,"Ban Khlong Hok Wa Sai Bon (2)",3195,218,"47P","47P1H3S3Q",2,2026-09-24 01:22:48.7600000,0,1150,0,2026-09-24 01:22:48.7600000,14.200000,100.750000
1961540,"Clinton",3563,233,"17T","17T2H4S4Q",3,2021-05-10 03:13:57.5230000,5265,0,1017182,2026-09-24 01:22:54.6200000,40.040620,-82.960740
818109,"Ban Khlong Khot",3189,218,"47P","47P1H5S2Q",1,2026-09-24 01:24:25.0300000,1132,0,0,2026-09-24 01:24:25.0300000,13.350000,99.966670
818108,"Ban Khlong Khut Noi",3189,218,"47P","47P1H5S2Q",1,2026-09-24 01:24:29.5800000,1131,0,0,2026-09-24 01:24:29.5800000,13.350000,99.933330
816579,"Ban Khlong Chong",3189,218,"47P","47P1H5S2Q",1,2026-09-24 01:24:33.0770000,1130,0,0,2026-09-24 01:24:33.0770000,13.316670,99.950000
815832,"Ban Yi San",3189,218,"47P","47P1H5S2Q",1,2026-09-24 01:24:42.0270000,1128,0,0,2026-09-24 01:24:42.0270000,13.300000,99.916670
814257,"Ban Khlong Hailam",3167,218,"47P","47P1H5S2Q",1,2026-09-24 01:24:52.6870000,1125,0,0,2026-09-24 01:24:52.6870000,13.266670,99.916670
1542487,"Murphy",3549,233,"14S","14S2H6S2Q",1,2023-07-28 05:33:35.8370000,1934680,0,1441,2026-09-24 01:25:07.4300000,33.015120,-96.613050
1744703,"Greenbrier",3548,233,"16S","16S1H5S3Q",2,2026-09-24 01:21:30.7700000,0,6204,3207,2026-09-24 01:25:13.0430000,36.276440,-87.118060
1723867,"Elkins Hills",3545,233,"17S","17S2H3S1Q",3,2013-08-25 13:23:58.9870000,0,0,690063,2026-09-24 01:25:33.1170000,35.929870,-79.063070
2195771,"Tendoy",3573,233,"12T","12T1H4S3Q",3,2025-04-29 21:08:16.4500000,0,0,42150,2026-09-24 01:25:37.6730000,44.959370,-113.644780
13661,"Bell",143,13,"56H","56H1H1S3Q",3,2026-09-24 01:26:07.6830000,0,517,1044,2026-09-24 01:26:07.6830000,-33.516670,150.200000
13755,"Newnes Junction",143,13,"56H","56H1H1S3Q",3,2026-09-24 01:26:20.5730000,0,0,1138,2026-09-24 01:26:20.5730000,-33.483330,150.250000
13273,"Medlow Bath",143,13,"56H","56H1H1S3Q",3,2026-09-24 01:26:52.7000000,0,0,1148,2026-09-24 01:26:52.7000000,-33.666670,150.283330
1846775,"Marshall Manor",3585,233,"17S","17S1H6S2Q",1,2026-09-24 01:27:53.1230000,1278,0,0,2026-09-24 01:27:53.1230000,37.960700,-78.517510
1850175,"Nob Hill",3585,233,"17S","17S1H3S4Q",1,2026-09-24 01:28:01.0230000,1044,0,0,2026-09-24 01:28:01.0230000,38.020420,-78.525010
1852205,"Barracks",3585,233,"17S","17S1H3S4Q",1,2026-09-24 01:28:25.1070000,1768,0,0,2026-09-24 01:28:36.0070000,38.057640,-78.513350
1609045,"La Verne",3567,233,"11S","11S2H2S3Q",3,2013-05-30 03:23:16.3100000,0,0,1028182,2026-09-24 01:28:57.9200000,34.100840,-117.767840
1619896,"Granada Hills",3567,233,"11S","11S2H1S4Q",1,2026-09-23 22:42:02.6400000,2517,0,300,2026-09-24 01:29:15.1000000,34.264720,-118.523140
1616253,"Winnetka",3567,233,"11S","11S2H1S4Q",1,2026-09-22 20:48:46.8130000,385,0,300,2026-09-24 01:29:25.3300000,34.213340,-118.572030
862952,"Ban Khlong Yi Siphok",3195,218,"47P","47P1H3S3Q",2,2026-09-24 01:29:54.1200000,0,788,0,2026-09-24 01:29:54.1200000,14.166670,100.666670
864501,"Ban Khlong Chet (1)",3203,218,"47P","47P1H3S3Q",2,2026-09-24 01:30:22.3200000,0,1150,0,2026-09-24 01:30:22.3200000,14.200000,100.766670
865216,"Ban Wang Chula",3195,218,"47P","47P1H3S3Q",2,2026-09-24 01:30:25.4300000,0,1150,0,2026-09-24 01:30:25.4300000,14.216670,100.766670
1604783,"Las Flores",3567,233,"11S","11S2H1S4Q",1,2026-09-21 07:01:41.0070000,568,0,300,2026-09-24 01:30:36.7900000,34.037230,-118.635920
1609471,"Topanga Park",3567,233,"11S","11S2H1S4Q",1,2026-09-22 20:31:38.1030000,2135,0,300,2026-09-24 01:30:41.4970000,34.107510,-118.629250
1610935,"Santa Maria",3567,233,"11S","11S2H1S4Q",1,2026-09-23 17:28:56.8430000,1250,0,345,2026-09-24 01:31:04.5270000,34.131400,-118.574530
1610539,"Glenview",3567,233,"11S","11S2H1S4Q",1,2026-09-22 07:45:13.1330000,678,0,300,2026-09-24 01:31:09.6470000,34.124450,-118.601470
1609919,"Sylvia Park",3567,233,"11S","11S2H1S4Q",1,2026-09-22 20:31:24.9630000,2157,0,300,2026-09-24 01:31:18.2000000,34.115010,-118.581750
1609062,"Topanga Oaks",3567,233,"11S","11S2H1S4Q",1,2026-09-22 20:31:15.9470000,2168,0,300,2026-09-24 01:31:23.8200000,34.101120,-118.590360
1607895,"Wildwood",3567,233,"11S","11S2H1S4Q",1,2026-09-22 20:30:57.7000000,1707,0,300,2026-09-24 01:31:31.8900000,34.083620,-118.599530
1607569,"Fernwood",3567,233,"11S","11S2H1S4Q",1,2026-09-22 20:30:41.6630000,1695,0,300,2026-09-24 01:31:39.2700000,34.079450,-118.602580
1606326,"Malibu Bowl",3567,233,"11S","11S2H1S4Q",1,2026-09-22 20:45:15.9470000,1914,0,0,2026-09-24 01:32:18.2700000,34.061120,-118.740370
1605425,"Malibu Hills",3567,233,"11S","11S2H1S4Q",1,2026-09-22 07:44:31.3700000,1782,0,0,2026-09-24 01:32:28.5330000,34.047510,-118.744250
1612808,"Hidden Hills",3567,233,"11S","11S2H1S4Q",1,2026-09-22 20:48:14.1200000,1565,0,0,2026-09-24 01:32:51.7730000,34.160280,-118.652310
1615514,"Canoga Park",3567,233,"11S","11S2H1S4Q",1,2026-09-22 20:48:34.2730000,1571,0,0,2026-09-24 01:33:05.2100000,34.201120,-118.598140
11533,"Stanwell Park",143,13,"56H","56H1H4S1Q",2,2026-09-08 00:44:51.2100000,0,3939,517,2026-09-24 01:33:16.2200000,-34.233330,150.983330
1531323,"New Hope",3549,233,"14S","14S2H6S4Q",1,2026-07-14 08:15:26.6000000,23245,0,1754,2026-09-24 01:33:19.2330000,32.814020,-96.595830
11469,"Scarborough",143,13,"56H","56H1H4S1Q",3,2026-09-24 01:33:27.8930000,0,0,1330,2026-09-24 01:33:27.8930000,-34.266670,150.950000
1384355,"Maxwell",3549,233,"14R","14R1H6S1Q",2,2026-08-21 12:51:22.5400000,0,505863,0,2026-09-24 01:39:55.2070000,29.881050,-97.793340
1380233,"Staples",3549,233,"14R","14R1H6S1Q",2,2026-09-23 10:34:10.8000000,0,8150,0,2026-09-24 01:40:04.9370000,29.781330,-97.836110
814258,"Ban Khlong Kao",3167,218,"47P","47P1H5S2Q",1,2026-09-24 01:41:46.9870000,1127,0,0,2026-09-24 01:41:46.9870000,13.266670,99.933330
813527,"Ban Bang Kang",3167,218,"47P","47P1H5S2Q",1,2026-09-24 01:41:50.4870000,1125,0,0,2026-09-24 01:41:50.4870000,13.250000,99.933330
812807,"Ban Samae Chai",3167,218,"47P","47P1H5S2Q",1,2026-09-24 01:41:53.9100000,1124,0,0,2026-09-24 01:41:53.9100000,13.233330,99.933330
812806,"Ban Pak Khlong Khung Tamnak",3167,218,"47P","47P1H5S2Q",1,2026-09-24 01:41:57.3630000,1122,0,0,2026-09-24 01:41:57.3630000,13.233330,99.916670
813526,"Ban Khung Tamnak",3167,218,"47P","47P1H5S2Q",1,2026-09-24 01:42:00.8630000,1124,0,0,2026-09-24 01:42:00.8630000,13.250000,99.916670
812805,"Ban Phraek Setthi",3167,218,"47P","47P1H5S2Q",1,2026-09-24 01:42:16.2570000,1120,0,0,2026-09-24 01:42:16.2570000,13.233330,99.900000
814256,"Ban Ton Lamphaen",3189,218,"47P","47P1H5S2Q",1,2026-09-24 01:42:19.3930000,1119,0,0,2026-09-24 01:42:19.3930000,13.266670,99.883330
812802,"Ban Huai Luang",3167,218,"47P","47P1H5S2Q",1,2026-09-24 01:42:26.4270000,1114,0,0,2026-09-24 01:42:26.4270000,13.233330,99.850000
1900176,"Stevensville",3542,233,"18S","18S1H1S4Q",3,2026-09-24 01:42:33.3000000,0,0,1145,2026-09-24 01:42:33.3000000,38.980670,-76.314400
1901112,"Cloverfields",3542,233,"18S","18S1H1S4Q",3,2026-09-24 01:42:42.5130000,0,0,1145,2026-09-24 01:42:42.5130000,38.997330,-76.303840
1901432,"Cloverfields",3542,233,"18S","18S1H1S2Q",3,2026-09-24 01:42:44.1700000,64,0,1145,2026-09-24 01:42:44.1700000,39.000830,-76.306940
862242,"Ban Khlong Sam",3203,218,"47P","47P1H3S3Q",2,2026-09-24 01:43:25.8900000,0,789,0,2026-09-24 01:43:25.8900000,14.150000,100.666670
1605185,"El Nido",3567,233,"11S","11S2H1S4Q",1,2026-09-22 20:45:25.5100000,450,0,300,2026-09-24 01:44:30.3000000,34.043620,-118.739250
812043,"Ban Khao Samo Bang",3167,218,"47P","47P1H5S2Q",1,2026-09-24 01:44:52.6600000,1116,0,0,2026-09-24 01:44:52.6600000,13.216670,99.883330
811342,"Ban Nong Pla Lai (2)",3167,218,"47P","47P1H5S2Q",1,2026-09-24 01:44:57.1430000,1117,0,0,2026-09-24 01:44:57.1430000,13.200000,99.883330
1534676,"Centerville",3549,233,"14S","14S2H6S4Q",1,2022-08-14 15:07:19.5770000,1128639,0,877,2026-09-24 01:46:11.4900000,32.877630,-96.620270
1535969,"Rowlett",3549,233,"14S","14S2H6S4Q",1,2019-03-02 20:19:45.7470000,1109804,0,360,2026-09-24 01:46:26.2700000,32.902900,-96.563880
1536444,"Garland",3549,233,"14S","14S2H6S4Q",1,2024-07-28 14:33:07.5330000,1182770,0,877,2026-09-24 01:46:39.4030000,32.912620,-96.638880
1540266,"Sachse",3549,233,"14S","14S2H6S4Q",1,2022-08-06 20:38:12.7000000,1141725,0,360,2026-09-24 01:46:50.4670000,32.976230,-96.595270
818097,"Ban Huai Rong",3163,218,"47P","47P1H5S2Q",1,2026-09-24 01:47:39.5800000,1120,0,0,2026-09-24 01:47:39.5800000,13.350000,99.816670
817326,"Ban Huai Noi",3167,218,"47P","47P1H5S2Q",1,2026-09-24 01:47:43.7030000,1122,0,0,2026-09-24 01:47:43.7030000,13.333330,99.816670
2559510,"South Creake",979,77,"31U","31U1H4S3Q",3,2024-11-27 18:31:24.7970000,0,0,6100,2026-09-24 01:52:48.3500000,52.883330,0.766670
2561870,"Burnham Thorpe",979,77,"31U","31U1H4S3Q",3,2025-01-23 17:22:48.3700000,0,0,3944,2026-09-24 01:53:15.6270000,52.933330,0.766670
2562533,"Burnham Market",979,77,"31U","31U1H4S3Q",3,2025-01-23 17:23:03.8130000,0,0,4127,2026-09-24 01:53:30.7100000,52.945250,0.726080
2563491,"Burnham Deepdale",979,77,"31U","31U1H4S3Q",3,2024-12-04 11:30:26.9470000,0,0,6250,2026-09-24 01:53:54.2930000,52.965750,0.683890
2563387,"Titchwell",979,77,"31U","31U1H4S3Q",3,2024-12-18 02:38:47.2870000,0,0,2450,2026-09-24 01:54:15.4470000,52.961720,0.612660
2563334,"Thornham",979,77,"31U","31U1H4S3Q",3,2024-12-18 02:38:53.4470000,0,0,2450,2026-09-24 01:54:29.2200000,52.959910,0.579530
2563537,"Denstone",979,77,"30U","30U1H6S3Q",2,2010-01-01 00:00:00.0000000,0,974564,0,2026-09-24 01:55:50.4770000,52.966670,-1.850000
1839991,"Browntown",3585,233,"17S","17S1H6S2Q",1,2026-09-24 01:56:20.6770000,947,0,0,2026-09-24 01:56:20.6770000,37.836250,-78.564730
1952467,"Noble Cottage Area",3563,233,"17S","17S1H2S1Q",2,2026-09-24 01:56:31.3970000,0,1204,0,2026-09-24 01:56:31.4000000,39.888130,-81.384560
1952420,"Lakeland",3563,233,"17S","17S1H2S1Q",2,2026-09-24 01:56:36.4900000,0,1002,0,2026-09-24 01:56:36.4900000,39.887290,-81.374010
1953416,"Sue-Lin Acres",3563,233,"17S","17S1H2S1Q",2,2026-09-24 01:56:46.2300000,0,1204,0,2026-09-24 01:56:46.2300000,39.902850,-81.352620
1839509,"Tillmans",3585,233,"17S","17S1H6S2Q",1,2026-09-24 01:56:50.0030000,1121,0,0,2026-09-24 01:56:50.0030000,37.828750,-78.636680
1953994,"Kennonsburg",3563,233,"17S","17S1H2S1Q",2,2026-09-24 01:56:52.8530000,0,1206,0,2026-09-24 01:56:52.8530000,39.915070,-81.375670
1954503,"Rose Addition",3563,233,"17S","17S1H2S1Q",2,2026-09-24 01:57:02.8330000,0,1002,0,2026-09-24 01:57:02.8330000,39.921460,-81.433730
1839235,"Damon",3585,233,"17S","17S1H6S2Q",1,2026-09-24 01:57:07.1930000,1048,0,0,2026-09-24 01:57:07.1970000,37.822920,-78.659180
1839461,"Old Dominion",3585,233,"17S","17S1H6S2Q",1,2026-09-24 01:57:14.6100000,1008,0,0,2026-09-24 01:57:14.6100000,37.827640,-78.666130
1837264,"Tapscott",3585,233,"17S","17S1H6S2Q",1,2026-09-24 01:57:46.2770000,2035,0,0,2026-09-24 01:57:46.2770000,37.787360,-78.576960
1835618,"McCullough",3585,233,"17S","17S1H6S2Q",1,2026-09-24 01:57:58.1600000,1172,0,0,2026-09-24 01:57:58.1600000,37.757090,-78.615290
1829864,"Yogaville",3585,233,"17S","17S1H6S2Q",1,2026-09-24 01:58:10.5870000,1687,0,0,2026-09-24 01:58:10.5870000,37.651070,-78.693740
1827413,"Old Mount Vinco",3585,233,"17S","17S1H6S2Q",1,2026-09-24 01:58:49.3530000,1068,0,0,2026-09-24 01:58:49.3530000,37.609590,-78.596680
2708963,"Vtuzgorodok",2705,192,"41V","41V2H4S3Q",1,2026-07-24 09:39:04.8830000,1063753,0,0,2026-09-24 02:03:12.6700000,56.851110,60.658060
1546283,"Lucas",3549,233,"14S","14S2H6S2Q",1,2023-07-28 05:55:28.1100000,1163064,0,360,2026-09-24 02:06:32.2170000,33.084290,-96.576660
1548631,"Wetsel",3549,233,"14S","14S2H6S2Q",1,2024-06-12 00:45:57.8830000,1184802,0,360,2026-09-24 02:06:43.7270000,33.129560,-96.644440
1555439,"Bloomdale",3549,233,"14S","14S2H6S2Q",2,2013-10-16 19:30:57.9500000,0,563424,360,2026-09-24 02:06:58.5570000,33.247340,-96.679440
1536157,"Bouchard",3549,233,"14S","14S2H6S4Q",1,2026-08-03 01:56:29.8130000,1228415,0,1237,2026-09-24 02:07:20.8130000,32.907070,-96.759440
1535997,"Bethard",3549,233,"14S","14S2H6S4Q",1,2026-08-06 12:25:09.1530000,548758,0,1911,2026-09-24 02:07:42.4470000,32.903740,-96.691390
1573547,"Weems",3551,233,"16S","16S2H5S2Q",1,2026-09-10 04:15:32.3400000,50666,0,0,2026-09-24 02:08:08.1600000,33.555940,-86.662770
1384298,"Reedville",3549,233,"14R","14R1H6S1Q",2,2026-08-14 05:20:31.0330000,0,510367,0,2026-09-24 02:08:58.2000000,29.879660,-97.846390
1537829,"Buckingham",3549,233,"14S","14S2H6S4Q",1,2024-06-05 20:36:00.7570000,1510554,0,1756,2026-09-24 02:12:09.7570000,32.936510,-96.725000
1755204,"Ruffin",3545,233,"17S","17S1H6S3Q",3,2026-09-24 02:14:23.2030000,0,0,2364,2026-09-24 02:14:45.1300000,36.447080,-79.543920
1717303,"Holly Grove",3545,233,"17S","17S2H2S2Q",3,2026-09-24 02:16:20.6900000,0,0,1234,2026-09-24 02:16:20.6900000,35.817360,-80.191440
1715981,"Twin Oaks",3545,233,"17S","17S2H2S2Q",3,2026-09-24 02:16:40.7300000,0,0,1159,2026-09-24 02:16:40.7300000,35.795970,-80.239490
1595879,"Tee Pee",3539,233,"17S","17S2H4S1Q",1,2015-10-13 22:53:53.9300000,395486,0,0,2026-09-24 02:17:32.3470000,33.907890,-83.398770
1842653,"Alberene",3585,233,"17S","17S1H6S2Q",1,2026-09-24 02:17:46.2200000,931,0,0,2026-09-24 02:17:46.2200000,37.886530,-78.616400
1842015,"Beech Grove",3585,233,"17S","17S1H6S2Q",1,2026-09-24 02:18:16.2030000,1612,0,167,2026-09-24 02:18:16.2030000,37.875700,-78.938910
1845882,"Mount Torry Furnace",3585,233,"17S","17S1H6S2Q",1,2026-09-24 02:18:30.3130000,1182,900,0,2026-09-24 02:18:30.3130000,37.945420,-78.963910
1842582,"Wintergreen",3585,233,"17S","17S1H6S2Q",1,2026-09-24 02:18:44.5530000,1074,0,0,2026-09-24 02:18:44.5530000,37.884860,-78.899470
1842816,"Nellysford",3585,233,"17S","17S1H6S2Q",1,2026-09-24 02:18:51.3200000,1015,0,0,2026-09-24 02:18:51.3200000,37.890420,-78.872240
1705314,"Bishops Cross",3545,233,"18S","18S2H1S2Q",3,2013-10-23 12:08:50.5730000,0,0,9294,2026-09-24 02:19:26.4900000,35.611000,-76.677710
1595653,"Ivywood",3539,233,"17S","17S2H4S1Q",1,2013-09-16 13:54:40.3800000,686517,0,0,2026-09-24 02:19:46.4000000,33.904280,-83.398770
1711991,"Smithwick",3545,233,"18S","18S2H1S1Q",3,2026-09-24 02:20:10.7730000,0,0,1054,2026-09-24 02:20:10.7730000,35.726550,-77.036340
1716778,"Woodland Acres",3545,233,"18S","18S2H1S1Q",3,2026-09-24 02:22:06.1470000,0,0,3143,2026-09-24 02:24:29.0900000,35.808490,-77.066340
9134,"Port Willunga",138,13,"54H","54H1H4S3Q",2,2025-02-05 20:47:42.8500000,300,1031428,0,2026-09-24 02:26:10.5500000,-35.266670,138.450000
9193,"Tortachilla",138,13,"54H","54H1H4S3Q",2,2013-01-23 12:13:26.2130000,300,1066469,0,2026-09-24 02:26:15.7670000,-35.233330,138.483330
9109,"Willunga",138,13,"54H","54H1H4S3Q",2,2025-01-18 08:51:10.1800000,300,1079590,0,2026-09-24 02:26:30.7900000,-35.283330,138.550000
1956047,"Ablett Village",3561,233,"18S","18S1H2S1Q",3,2026-02-23 13:50:08.6400000,0,4800,354617,2026-09-24 02:26:37.4070000,39.948720,-75.102400
2059511,"San Paolo",1377,110,"33T","33T2H4S1Q",3,2019-06-01 21:06:21.9970000,0,0,3003095,2026-09-24 02:29:03.1970000,41.883330,12.483330
1762206,"Oak Hill",3585,233,"17S","17S1H6S3Q",3,2026-09-24 02:29:14.1770000,0,0,1146,2026-09-24 02:29:14.1770000,36.554580,-79.596700
2060548,"Colonna",1377,110,"33T","33T2H4S1Q",3,2015-09-17 14:39:09.5800000,0,0,2626108,2026-09-24 02:29:19.3030000,41.908030,12.488540
2141112,"Underkoflers Corner",3573,233,"11T","11T2H2S2Q",3,2023-04-19 07:54:03.2100000,3680,0,344848,2026-09-24 02:29:31.6400000,43.619050,-116.672640
2004183,"Delano Village",3562,233,"18T","18T2H6S3Q",3,2015-05-18 20:45:23.9200000,2995,0,609844,2026-09-24 02:30:13.5270000,40.816670,-73.937220
1535469,"Eagle Mountain",3549,233,"14S","14S2H6S3Q",3,2015-02-21 21:46:32.7630000,0,0,2259340,2026-09-24 02:32:13.5630000,32.893460,-97.444460
1844784,"Campbells Corner",3585,233,"18S","18S1H4S1Q",1,2016-04-14 17:21:23.1700000,2642,2317,0,2026-09-24 02:33:10.6270000,37.925970,-77.343870
2180438,"Interlochen",3557,233,"16T","16T1H6S3Q",3,2026-04-09 20:17:47.1670000,0,0,21583,2026-09-24 02:34:20.4430000,44.644720,-85.767300
2179796,"Bendon",3557,233,"16T","16T1H6S3Q",3,2026-04-16 12:01:56.6870000,0,0,19049,2026-09-24 02:34:30.9300000,44.633060,-85.837860
1595166,"Spartan Lane",3539,233,"17S","17S2H4S1Q",1,2013-09-16 13:54:31.7230000,586927,0,0,2026-09-24 02:36:00.8470000,33.898170,-83.405990
1594609,"Daniel Plantation",3539,233,"17S","17S2H4S1Q",1,2013-09-11 04:09:41.2800000,934905,0,0,2026-09-24 02:36:13.3370000,33.890390,-83.435990
1594481,"Danson Woods",3539,233,"17S","17S2H4S1Q",1,2013-12-26 05:00:14.7070000,762928,0,0,2026-09-24 02:36:17.8700000,33.888450,-83.432940
1593850,"Indian Hills",3539,233,"17S","17S2H4S1Q",1,2013-12-26 05:00:36.9030000,521957,0,0,2026-09-24 02:36:22.6630000,33.880670,-83.435990
1593643,"Woodlands",3539,233,"17S","17S2H4S1Q",1,2013-12-26 05:01:28.1300000,502547,0,0,2026-09-24 02:36:28.3270000,33.877900,-83.444330
1593670,"Lake Forest",3539,233,"17S","17S2H4S1Q",1,2013-09-11 04:09:04.5470000,209552,0,0,2026-09-24 02:36:35.9830000,33.878170,-83.439330
333,"Mataura Island",2329,172,"59G","59G2H4S1Q",2,2026-05-09 01:22:33.3970000,0,7307,0,2026-09-24 02:38:01.6700000,-46.416670,168.783330
1901691,"Bridge View",3542,233,"18S","18S1H1S2Q",3,2026-09-24 02:38:13.9070000,0,0,1145,2026-09-24 02:38:13.9070000,39.006220,-76.316340
1903086,"Love Point",3542,233,"18S","18S1H1S2Q",3,2026-09-24 02:38:16.8930000,0,0,1145,2026-09-24 02:38:16.8930000,39.032060,-76.311340
13144,"Hornsby",143,13,"56H","56H1H1S4Q",2,2026-09-16 04:37:40.7900000,0,3179709,0,2026-09-24 02:39:42.2300000,-33.702440,151.099310
2691911,"Khlynikha",2671,192,"37V","37V2H4S3Q",2,2026-09-24 02:39:49.9300000,0,1040,0,2026-09-24 02:39:49.9300000,56.347000,36.398000
2692395,"Vasil'kovo",2671,192,"37V","37V2H4S3Q",2,2026-09-24 02:39:57.1770000,0,1040,0,2026-09-24 02:39:57.1770000,56.360100,36.383300
2202401,"Baker",3573,233,"12T","12T1H4S1Q",3,2025-04-29 21:08:13.6600000,0,0,42153,2026-09-24 02:40:06.8970000,45.094650,-113.734510
2692824,"Kruttsy",2671,192,"37V","37V2H4S3Q",2,2023-02-24 04:55:20.9730000,0,4671,0,2026-09-24 02:40:15.7830000,56.368100,36.330600
2693113,"Nekrasino",2671,192,"37V","37V2H4S3Q",2,2023-02-24 04:55:33.2900000,0,4672,0,2026-09-24 02:40:24.7000000,56.382100,36.364500
2693604,"Semchino",2671,192,"37V","37V2H4S3Q",2,2025-10-10 08:51:47.1670000,0,2313,0,2026-09-24 02:40:33.1800000,56.395200,36.412200
2694510,"Kryukovo",2671,192,"37V","37V2H4S3Q",2,2023-02-19 10:42:15.2470000,0,4678,0,2026-09-24 02:40:42.5230000,56.419900,36.411800
2694678,"Kopylovo",2671,192,"37V","37V2H4S3Q",2,2023-02-19 10:42:03.1430000,0,4678,0,2026-09-24 02:40:50.4230000,56.428100,36.420500
2695763,"Medvedkovo",2671,192,"37V","37V2H4S3Q",2,2023-02-07 22:21:51.7000000,0,3640,0,2026-09-24 02:41:22.5270000,56.462700,36.569700
1844858,"Greenfield",3585,233,"17S","17S1H6S2Q",1,2026-09-24 02:41:32.5830000,1022,0,0,2026-09-24 02:41:32.5830000,37.927640,-78.838080
1844413,"Martins Store",3585,233,"17S","17S1H6S2Q",1,2026-09-24 02:41:44.3000000,1011,0,0,2026-09-24 02:41:44.3000000,37.917640,-78.840300
2699337,"Ryabinki",2651,192,"37V","37V2H4S3Q",2,2023-02-26 22:59:14.2570000,0,1975,0,2026-09-24 02:41:54.6600000,56.570600,36.590300
1856511,"Hermitage",3585,233,"17S","17S1H3S4Q",1,2026-09-24 02:42:04.0270000,859,0,0,2026-09-24 02:42:04.0270000,38.141520,-78.914190
1858107,"Red Mills",3585,233,"17S","17S1H3S4Q",1,2026-09-24 02:42:09.8870000,858,0,0,2026-09-24 02:42:09.8870000,38.170410,-78.865860
1858276,"Sampson",3585,233,"17S","17S1H3S4Q",1,2026-09-24 02:42:15.6330000,859,0,0,2026-09-24 02:42:15.6330000,38.174020,-78.847520
1857567,"Crimora",3585,233,"17S","17S1H3S4Q",1,2026-09-24 02:42:20.4270000,859,0,0,2026-09-24 02:42:20.4270000,38.161870,-78.841310
1857270,"Crimora",3585,233,"17S","17S1H3S4Q",1,2026-09-24 02:42:24.8500000,859,0,0,2026-09-24 02:42:24.8500000,38.154020,-78.850300
1856342,"Airport Acres",3585,233,"17S","17S1H3S4Q",1,2026-09-24 02:43:21.5700000,1057,0,0,2026-09-24 02:43:21.5700000,38.137080,-78.435290
2060007,"Borgo",1377,110,"33T","33T2H4S1Q",3,2016-02-05 05:59:40.1770000,0,0,3018763,2026-09-24 02:44:20.7500000,41.897010,12.455110
1759672,"Rickman Acres",3545,233,"17S","17S1H6S3Q",3,2026-09-24 02:46:24.4530000,0,0,1163,2026-09-24 02:46:24.4530000,36.515970,-79.683640
1761345,"Leaksville Junction",3585,233,"17S","17S1H6S3Q",3,2026-09-24 02:46:32.4530000,0,0,1163,2026-09-24 02:46:32.4530000,36.542080,-79.659480
1752868,"Sadler",3545,233,"17S","17S1H6S3Q",3,2026-09-24 02:46:50.4770000,0,0,1167,2026-09-24 02:46:50.4770000,36.408750,-79.616970
12857,"Lane Cove",143,13,"56H","56H1H1S4Q",2,2026-09-15 04:55:14.7530000,0,3093371,0,2026-09-24 02:48:40.0170000,-33.816670,151.166670
2687882,"Vertlino",2671,192,"37V","37V2H4S3Q",2,2024-05-03 10:23:45.2630000,0,5289,0,2026-09-24 02:49:08.1870000,56.230900,36.968800
2688680,"Novoye",2671,192,"37V","37V2H4S4Q",2,2022-04-03 06:22:02.3170000,0,2220,0,2026-09-24 02:49:19.1800000,56.250000,37.000000
2688894,"Sergeyevka",2671,192,"37V","37V2H4S3Q",2,2024-05-03 10:23:40.7030000,0,2945,0,2026-09-24 02:49:26.7330000,56.256000,36.976300
2689586,"Tolstyakovo",2671,192,"37V","37V2H4S3Q",2,2024-05-03 10:23:34.7070000,0,2221,0,2026-09-24 02:49:42.6270000,56.279500,36.993000
2560632,"Docking",979,77,"31U","31U1H4S3Q",3,2025-01-23 18:53:00.7930000,0,0,3750,2026-09-24 02:51:16.7270000,52.901030,0.625530
2563374,"Holme next the Sea",979,77,"31U","31U1H4S3Q",3,2024-12-18 02:38:59.7070000,0,0,2450,2026-09-24 02:51:48.9270000,52.961310,0.535630
2561834,"Ringstead",979,77,"31U","31U1H4S3Q",3,2025-01-25 11:06:04.0170000,0,0,2400,2026-09-24 02:52:04.5900000,52.933000,0.538480
2562286,"New Hunstanton",979,77,"31U","31U1H4S3Q",3,2025-01-25 11:06:19.2030000,0,0,3872,2026-09-24 02:52:16.4930000,52.936530,0.492110
2683675,"Kon'kovo",2671,192,"37V","37V2H4S3Q",2,2023-03-18 18:59:06.1570000,0,2343,0,2026-09-24 02:53:42.0870000,56.116670,36.933330
2683779,"Sudnikovo",2671,192,"37V","37V2H4S3Q",2,2022-07-23 18:15:19.6600000,0,1848,0,2026-09-24 02:53:49.5100000,56.117700,36.920000
2277850,"Buchegg",510,43,"32T","32T1H1S2Q",1,2015-07-08 16:53:34.9700000,1317574,0,0,2026-09-24 02:58:45.2500000,47.142500,7.509760
1763746,"Hill Country",3548,233,"17S","17S1H4S4Q",3,2026-02-08 00:13:12.9600000,0,0,170501,2026-09-24 02:58:46.8200000,36.579830,-82.264300
1400737,"Rollingwood",3549,233,"14R","14R1H3S3Q",1,2010-01-01 00:00:00.0000000,1100801,0,0,2026-09-24 02:59:34.1800000,30.276870,-97.791120
2012058,"Whites Crossing",3571,233,"12T","12T2H5S3Q",1,2026-09-24 02:59:36.1670000,1129,0,0,2026-09-24 02:59:36.1670000,40.949670,-111.657710
2015603,"Richville",3571,233,"12T","12T2H5S1Q",1,2026-09-24 02:59:48.0500000,1086,0,0,2026-09-24 02:59:48.0500000,41.008830,-111.690210
2007685,"Hoytsville",3571,233,"12T","12T2H5S3Q",1,2026-09-24 03:00:21.9800000,2071,0,0,2026-09-24 03:00:21.9800000,40.874390,-111.380470
2683433,"Maloye Snopovo",2671,192,"37V","37V2H4S3Q",2,2022-11-25 19:35:50.2100000,0,3348,0,2026-09-24 03:00:50.6200000,56.112000,36.964100
2682142,"Belavino",2671,192,"37V","37V2H4S3Q",2,2024-05-03 11:36:10.8970000,0,3347,0,2026-09-24 03:01:16.0370000,56.072900,36.992100
2681751,"Zadorino",2671,192,"37V","37V2H4S3Q",2,2023-07-26 04:12:52.6170000,0,3402,0,2026-09-24 03:01:39.4500000,56.064800,36.979100
13566,"Pearl Beach",143,13,"56H","56H1H1S4Q",3,2017-05-08 07:34:52.7000000,0,0,979859,2026-09-24 03:01:56.7730000,-33.550000,151.300000
13565,"Patonga",143,13,"56H","56H1H1S4Q",3,2017-05-06 07:46:18.4630000,0,517,1027280,2026-09-24 03:02:40.9870000,-33.550000,151.266670
2153877,"Gardena",3573,233,"11T","11T2H2S2Q",3,2023-05-07 05:59:45.8570000,0,7623,33208,2026-09-24 03:03:18.7200000,43.975720,-116.190960
2015250,"Oakridge Place",3571,233,"12T","12T2H5S1Q",1,2026-09-24 03:03:20.6370000,3545,1034,1933,2026-09-24 03:03:20.6370000,41.000500,-111.911330
1769808,"Phillip",3585,233,"17S","17S1H4S4Q",3,2022-04-24 01:02:35.8470000,0,0,205984,2026-09-24 03:03:47.4970000,36.682050,-82.277920
1775937,"Willow Springs",3585,233,"17S","17S1H4S4Q",3,2022-03-12 17:39:43.7600000,0,0,169832,2026-09-24 03:03:54.2070000,36.777330,-82.238750
12894,"Eastwood",143,13,"56H","56H1H1S4Q",3,2016-10-09 03:20:07.7770000,0,0,1501176,2026-09-24 03:03:57.1330000,-33.800000,151.083330
9194,"McLaren Vale",138,13,"54H","54H1H4S3Q",2,2015-07-01 05:56:18.5400000,2498,1091937,0,2026-09-24 03:05:48.4430000,-35.233330,138.533330
9259,"Moana",138,13,"54H","54H1H4S3Q",2,2013-03-29 00:30:54.8000000,1966,1025999,0,2026-09-24 03:06:08.6770000,-35.200000,138.483330
2101368,"Gunnisonville",3557,233,"16T","16T2H3S4Q",1,2017-07-15 22:13:03.4970000,3001072,0,0,2026-09-24 03:08:00.0900000,42.813090,-84.523040
2688100,"Timonovo",2671,192,"37V","37V2H4S4Q",2,2022-07-16 12:14:46.3830000,0,4838,0,2026-09-24 03:13:54.6430000,56.233330,37.033330
2689858,"Nosovo",2671,192,"37V","37V2H4S4Q",2,2022-04-08 16:14:53.7870000,0,2203,0,2026-09-24 03:14:24.0230000,56.283330,37.050000
2689269,"Bedovo",2671,192,"37V","37V2H4S4Q",2,2022-04-08 16:00:37.5300000,0,5753,0,2026-09-24 03:14:32.9300000,56.266670,37.033330
2689857,"Shubino",2671,192,"37V","37V2H4S4Q",2,2022-04-03 07:06:20.0200000,0,2213,0,2026-09-24 03:14:41.2570000,56.283330,37.016670
2690444,"Staryy Stan",2671,192,"37V","37V2H4S4Q",2,2025-10-10 04:11:37.4170000,0,2012,0,2026-09-24 03:15:08.1870000,56.300000,37.000000
2155472,"Duveneck",3566,233,"16T","16T1H5S3Q",1,2020-10-23 14:03:52.0670000,102120,0,0,2026-09-24 03:16:58.7530000,44.016940,-87.711750
2156209,"Clover",3566,233,"16T","16T1H5S3Q",1,2020-11-16 01:02:40.5070000,101964,0,0,2026-09-24 03:17:06.1400000,44.038050,-87.701750
1593533,"Stonebridge",3539,233,"17S","17S2H4S1Q",1,2013-09-28 12:39:39.5470000,337428,0,0,2026-09-24 03:18:04.9730000,33.875950,-83.437380
1592860,"Westbury",3539,233,"17S","17S2H4S1Q",1,2019-09-11 13:10:53.6400000,241908,0,0,2026-09-24 03:18:16.0300000,33.866510,-83.440990
1592514,"Hillcrest",3539,233,"17S","17S2H4S1Q",1,2013-12-26 05:14:42.0800000,416824,0,0,2026-09-24 03:18:21.6100000,33.860950,-83.440160
1592283,"Lake Wildwood",3539,233,"17S","17S2H4S1Q",1,2019-08-07 05:14:06.6800000,333796,0,0,2026-09-24 03:18:27.1900000,33.857340,-83.434610
1591675,"Quail Run",3539,233,"17S","17S2H4S1Q",1,2014-02-09 04:21:34.0570000,195358,0,0,2026-09-24 03:18:32.6900000,33.848730,-83.432110
1591674,"Tramlin Acres",3539,233,"17S","17S2H4S1Q",1,2013-12-26 05:15:10.1770000,409324,0,0,2026-09-24 03:18:37.9070000,33.848730,-83.435720
1592622,"Cedar Hills",3539,233,"17S","17S2H4S1Q",1,2013-09-11 10:49:18.8670000,671924,0,0,2026-09-24 03:18:44.2170000,33.862620,-83.416270
9282,"Seaford",138,13,"54H","54H1H4S3Q",2,2014-10-29 11:08:39.5830000,600,998065,0,2026-09-24 03:20:42.7700000,-35.183330,138.466670
9345,"Port Noarlunga",138,13,"54H","54H1H4S3Q",2,2014-10-30 10:32:07.7230000,1020,1507373,0,2026-09-24 03:20:56.3270000,-35.150000,138.466670
1935297,"Waverly",3554,233,"16S","16S1H1S1Q",3,2024-12-20 12:57:28.7030000,0,0,162277,2026-09-24 03:21:22.0630000,39.591720,-89.952880
1761620,"Whitfield",3585,233,"17S","17S1H6S3Q",3,2026-09-24 03:22:12.6800000,0,0,1158,2026-09-24 03:22:12.6800000,36.547080,-79.472520
1762275,"Cedar Park",3585,233,"17S","17S1H6S3Q",3,2026-09-24 03:22:19.7170000,0,0,1160,2026-09-24 03:22:19.7170000,36.555690,-79.467250
1762814,"Wedgewood",3585,233,"17S","17S1H6S3Q",3,2026-09-24 03:22:23.1170000,0,0,1165,2026-09-24 03:22:23.1170000,36.565420,-79.456410
1764376,"Wyndover Woods",3585,233,"17S","17S1H6S3Q",3,2026-09-24 03:22:27.0330000,0,0,1457,2026-09-24 03:22:27.0330000,36.589310,-79.460020
2677155,"Uskovo",2671,192,"37U","37U1H1S2Q",2,2023-12-13 20:36:07.2800000,0,6864,0,2026-09-24 03:22:33.3370000,55.930940,37.310360
1990199,"Albano di Lucania",1381,110,"33T","33T2H6S3Q",1,2023-07-17 06:17:43.9500000,101109,0,0,2026-09-24 03:22:40.0900000,40.584620,16.036170
2677020,"Morshchikhino",2670,192,"37U","37U1H1S2Q",2,2024-04-08 10:59:41.6800000,0,15081,0,2026-09-24 03:23:04.9000000,55.923060,37.372780
2156710,"Newtonburg",3566,233,"16T","16T1H5S3Q",1,2024-05-26 08:42:41.6070000,78362,0,0,2026-09-24 03:24:26.2900000,44.051660,-87.761750
1402646,"Daffan",3549,233,"14R","14R1H3S3Q",2,2010-01-01 00:00:00.0000000,0,6011757,0,2026-09-24 03:24:54.1400000,30.320210,-97.626670
2451050,"Neufchateau",255,20,"31U","31U2H3S4Q",1,2026-03-20 20:10:32.6530000,100228,0,0,2026-09-24 03:26:43.7100000,50.717730,5.766520
2677407,"Burtsevo",2671,192,"37U","37U1H1S2Q",2,2023-12-23 21:56:39.6300000,0,13471,0,2026-09-24 03:27:27.0200000,55.933330,37.400000
2139534,"Norton Acres",3577,233,"14T","14T2H3S2Q",2,2013-03-18 12:17:22.4300000,0,5734677,0,2026-09-24 03:27:33.9170000,43.577200,-96.704490
2139884,"Froelich Addition",3577,233,"14T","14T2H3S2Q",2,2013-02-15 15:40:58.9230000,0,6060590,0,2026-09-24 03:27:36.2870000,43.583860,-96.716440
2140628,"Skyline Heights",3577,233,"14T","14T2H3S2Q",2,2013-02-13 23:13:44.9470000,0,5896295,0,2026-09-24 03:27:38.7000000,43.606920,-96.761720
2139993,"Martindale Addition",3577,233,"14T","14T2H3S2Q",2,2013-02-13 17:26:46.3470000,0,6860583,0,2026-09-24 03:27:41.2630000,43.588590,-96.765610
2140498,"Ellis Corner",3577,233,"14T","14T2H3S2Q",2,2013-02-13 23:13:04.7830000,0,5520156,0,2026-09-24 03:27:44.0370000,43.601640,-96.830890
1581027,"Cunningham",3551,233,"16S","16S2H5S2Q",2,2025-07-22 23:32:37.2600000,0,79434,0,2026-09-24 03:28:47.8670000,33.674550,-86.768880
1584079,"Crosston",3551,233,"16S","16S2H5S2Q",2,2021-03-16 05:36:09.9700000,0,597449,0,2026-09-24 03:28:54.6330000,33.728430,-86.731660
1584540,"Monmouth",3551,233,"16S","16S2H5S2Q",2,2026-06-26 21:42:55.9000000,0,52200,0,2026-09-24 03:29:02.6230000,33.735660,-86.747770
1585357,"Majestic",3551,233,"16S","16S2H5S2Q",2,2021-05-14 00:05:43.1970000,0,325011,0,2026-09-24 03:29:15.7970000,33.749550,-86.760550
1585872,"Columbus",3551,233,"16S","16S2H5S2Q",2,2026-05-12 07:10:13.0070000,0,69128,0,2026-09-24 03:32:09.0900000,33.758160,-86.753330
1589771,"Trafford",3551,233,"16S","16S2H5S2Q",2,2026-02-08 07:39:00.3200000,0,37112,0,2026-09-24 03:33:03.1370000,33.818160,-86.742770
1578281,"Blossburg",3551,233,"16S","16S2H5S2Q",0,2026-09-24 03:33:27.8470000,0,0,0,2026-09-24 03:33:27.8470000,33.630660,-86.946660
1567590,"Edgemont",3551,233,"16S","16S2H5S2Q",0,2026-09-24 03:33:56.6600000,0,0,0,2026-09-24 03:33:56.6600000,33.465660,-86.822490
1399001,"Oak Hill",3549,233,"14R","14R1H3S3Q",2,2010-01-01 00:00:00.0000000,0,605760,0,2026-09-24 03:34:02.7600000,30.235490,-97.860010
13091,"Rogans Hill",143,13,"56H","56H1H1S4Q",2,2026-07-09 10:05:48.7800000,0,17189498,0,2026-09-24 03:34:26.2930000,-33.733330,151.016670
2171449,"Poland",3566,233,"16T","16T1H5S3Q",1,2025-07-14 14:01:55.8100000,18167,0,0,2026-09-24 03:34:44.2800000,44.443610,-87.826210
1576889,"Walker Chapel",3551,233,"16S","16S2H5S2Q",2,2026-09-04 02:48:02.5900000,0,1437,0,2026-09-24 03:34:55.1770000,33.606770,-86.822490
1566772,"Lakeview Park",3551,233,"16S","16S2H5S2Q",0,2026-09-24 03:35:53.7500000,0,0,0,2026-09-24 03:35:53.7500000,33.451770,-86.816100
9346,"Hackham",138,13,"54H","54H1H4S3Q",2,2014-09-11 12:34:39.3800000,517,1499908,0,2026-09-24 03:40:10.1530000,-35.150000,138.516670
9373,"Morphett Vale",138,13,"54H","54H1H4S3Q",2,2015-10-05 05:53:36.4170000,517,1681707,0,2026-09-24 03:40:16.1970000,-35.133330,138.516670
9408,"Coorara",138,13,"54H","54H1H4S3Q",2,2014-10-28 20:00:59.1070000,517,2265669,0,2026-09-24 03:40:19.7930000,-35.116670,138.516670
2205989,"Salmon",3573,233,"12T","12T1H4S1Q",3,2026-08-08 03:53:21.6270000,0,0,187989,2026-09-24 03:41:21.0970000,45.175750,-113.895900
2138914,"Ellis",3577,233,"14T","14T2H3S2Q",2,2013-02-18 18:32:35.5930000,0,5622694,0,2026-09-24 03:42:40.1270000,43.562480,-96.830610
2138276,"Webster Grove Addition",3577,233,"14T","14T2H3S2Q",2,2013-02-16 04:13:13.5530000,0,5864676,0,2026-09-24 03:42:42.5200000,43.548860,-96.811440
2137949,"Hayward Addition",3577,233,"14T","14T2H3S2Q",2,2013-02-17 08:21:48.9300000,0,11049328,0,2026-09-24 03:42:44.8930000,43.538030,-96.793380
2137840,"Silver Valley Addition",3577,233,"14T","14T2H3S2Q",2,2013-02-16 03:56:49.9670000,0,6871975,0,2026-09-24 03:42:47.6700000,43.533590,-96.807550
2291332,"Zuerich (Kreis 11) / Affoltern",503,43,"32T","32T1H2S1Q",3,2024-06-28 19:32:40.5370000,0,0,7513422,2026-09-24 03:43:00.2300000,47.418140,8.512200
2448723,"Le Blanc Seau",950,75,"31U","31U2H2S4Q",2,2013-08-20 12:32:46.5230000,0,11389178,0,2026-09-24 03:43:00.2370000,50.683330,3.150000
1726255,"New Hope",3545,233,"17S","17S2H3S2Q",3,2026-02-21 13:40:36.3700000,0,0,23534,2026-09-24 03:43:23.5130000,35.968760,-78.335550
1645809,"White Lake",3545,233,"17S","17S2H3S4Q",3,2013-12-12 16:22:18.1830000,0,0,268782,2026-09-24 03:43:52.6600000,34.640450,-78.483900
1660844,"Register",3545,233,"18S","18S2H1S3Q",3,2020-01-01 06:46:42.0630000,0,0,90420,2026-09-24 03:44:12.3200000,34.851560,-77.959430
1616025,"Piney Woods",3545,233,"18S","18S2H1S3Q",3,2015-02-14 00:54:06.2800000,0,0,27921,2026-09-24 03:44:37.1130000,34.209890,-77.871930
2020276,"Camelot",3571,233,"12T","12T2H5S1Q",1,2019-12-12 12:16:25.7030000,182569,300,0,2026-09-24 03:44:58.1070000,41.086610,-111.993830
1674378,"Debruhls Landing",3545,233,"18S","18S2H1S1Q",3,2012-08-15 21:09:08.4030000,0,0,64846,2026-09-24 03:45:10.0330000,35.055710,-77.180790
2008880,"Eastwood Park",3571,233,"12T","12T2H5S3Q",3,2013-10-19 20:08:34.0370000,5169,1990,414763,2026-09-24 03:45:13.4500000,40.895220,-111.854660
2196632,"Suttons Bay",3557,233,"16T","16T1H6S3Q",3,2026-05-05 04:23:09.2230000,300,0,19318,2026-09-24 03:45:21.0930000,44.976670,-85.650640
1676549,"Simmons Corner",3545,233,"18S","18S2H1S1Q",3,2012-08-21 14:16:28.9000000,0,0,59995,2026-09-24 03:45:26.5530000,35.091550,-77.217180
1674553,"Jones Corner",3545,233,"18S","18S2H1S1Q",3,2012-10-25 22:41:03.5530000,0,0,72379,2026-09-24 03:45:34.9930000,35.058770,-77.204120
1675426,"Rhems",3545,233,"18S","18S2H1S1Q",3,2013-05-27 02:57:43.3970000,0,0,71362,2026-09-24 03:45:48.5930000,35.072660,-77.178010
1675244,"River Bend",3545,233,"18S","18S2H1S1Q",3,2010-01-01 00:00:00.0000000,0,0,74653,2026-09-24 03:45:53.1730000,35.069050,-77.146900
2291493,"Cedar Falls",3578,233,"10T","10T1H3S1Q",2,2022-01-04 20:34:39.2300000,0,1271284,0,2026-09-24 03:46:06.9900000,47.425380,-121.776780
1916535,"Helmsburg",3555,233,"16S","16S1H2S2Q",2,2013-09-12 04:05:12.7900000,0,6278634,0,2026-09-24 03:47:34.4030000,39.265330,-86.292770
1916754,"Beanblossom",3555,233,"16S","16S1H2S2Q",2,2013-09-12 03:45:08.8200000,0,7550144,0,2026-09-24 03:48:40.2800000,39.266990,-86.249160
1918499,"Cornelius",3555,233,"16S","16S1H2S2Q",2,2013-12-03 22:53:04.3800000,0,6233099,0,2026-09-24 03:49:02.9830000,39.299770,-86.298050
1717882,"Wedgewood",3545,233,"17S","17S2H3S2Q",3,2026-02-21 13:14:22.2600000,0,0,92887,2026-09-24 03:50:17.9870000,35.827930,-78.344440
2181733,"Chums Corner",3557,233,"16T","16T1H6S3Q",3,2026-04-12 00:27:27.4770000,0,0,69775,2026-09-24 03:56:15.5830000,44.671950,-85.656460
13037,"Gordon",143,13,"56H","56H1H1S4Q",3,2017-03-08 19:49:28.6770000,0,517,1137579,2026-09-24 03:57:57.1900000,-33.750000,151.133330
1727805,"Durham",3545,233,"17S","17S2H3S2Q",3,2019-11-26 19:49:32.8900000,0,0,30097870,2026-09-24 03:59:13.6100000,35.994030,-78.898620
2278462,"Zelenkov",2660,192,"37T","37T1H2S2Q",2,2025-02-16 09:01:52.9800000,1500,98026,0,2026-09-24 03:59:50.9870000,47.158330,39.271940
1612006,"Brents Junction",3567,233,"11S","11S2H1S4Q",1,2026-09-24 03:59:54.0000000,1131,0,0,2026-09-24 03:59:54.0000000,34.148340,-118.697870
2203169,"Tutivka",3435,230,"36T","36T1H6S2Q",2,2026-08-06 11:24:11.6730000,1200,2946,0,2026-09-24 04:00:48.0500000,45.110150,35.200870
2203248,"Makovskoye",3435,230,"36T","36T1H6S2Q",2,2026-08-06 15:27:44.6770000,1200,1561,0,2026-09-24 04:01:07.6100000,45.113310,35.209330
2425562,"Mali Prokhody",3439,230,"37U","37U2H1S3Q",1,2013-04-27 19:07:17.9200000,1997514,0,0,2026-09-24 04:01:37.2600000,50.229870,36.342790
1875273,"Old Pekin",3555,233,"16S","16S1H2S4Q",2,2026-09-24 04:02:50.4200000,0,682,0,2026-09-24 04:02:50.4200000,38.497280,-86.003310
2424565,"Velyki Prokhody",3439,230,"37U","37U2H1S3Q",1,2013-04-27 18:43:12.1200000,2000440,0,0,2026-09-24 04:02:54.5930000,50.202200,36.334270
2421594,"Rus'ka Lozova",3439,230,"37U","37U2H1S3Q",1,2013-04-27 06:03:10.6230000,2027506,0,0,2026-09-24 04:03:16.1170000,50.142130,36.286120
2420084,"Lesnoye",3439,230,"37U","37U2H1S3Q",1,2013-04-24 23:27:28.3800000,2008792,0,0,2026-09-24 04:03:38.0800000,50.109550,36.276630
2416016,"Shatylivka",3439,230,"37U","37U2H1S3Q",1,2013-06-30 21:54:27.5400000,2130107,0,0,2026-09-24 04:03:56.6270000,50.019810,36.233100
2417037,"Zelene",3439,230,"37U","37U2H1S3Q",1,2013-04-22 14:50:10.4900000,2078783,0,0,2026-09-24 04:04:10.2570000,50.047600,36.186420
13449,"Palm Beach",143,13,"56H","56H1H1S4Q",3,2016-11-22 07:19:05.4070000,0,1875,1972588,2026-09-24 04:08:13.3300000,-33.596640,151.323840
2303258,"Redmond",3578,233,"10T","10T1H2S2Q",2,2014-06-23 14:04:49.5530000,0,2863327,0,2026-09-24 04:10:39.4900000,47.673990,-122.121510
2303227,"Windermere",3578,233,"10T","10T1H2S2Q",2,2016-02-02 07:11:52.3230000,0,1218744,0,2026-09-24 04:11:48.5570000,47.670930,-122.261790
793685,"Ban Thuang Luang",3167,218,"47P","47P1H5S4Q",1,2016-07-27 16:07:42.6630000,468435,2534,0,2026-09-24 04:19:40.6130000,12.683330,99.850000
1630060,"Humphreys",3567,233,"11S","11S2H1S4Q",3,2026-09-24 04:19:45.8970000,0,0,925,2026-09-24 04:19:45.8970000,34.410270,-118.440640
1631313,"Mint Canyon",3567,233,"11S","11S2H1S4Q",3,2026-09-24 04:19:52.4870000,0,0,936,2026-09-24 04:19:52.4870000,34.429160,-118.442300
1632541,"Forest Park",3567,233,"11S","11S2H1S4Q",3,2026-09-24 04:19:56.7670000,0,0,935,2026-09-24 04:19:56.7670000,34.447220,-118.428690
1592110,"Harden Hills",3539,233,"17S","17S2H4S1Q",1,2013-09-11 10:48:48.8800000,649417,0,0,2026-09-24 04:22:51.9600000,33.854560,-83.411550
2038409,"Country Mobile Villa",3559,233,"14T","14T2H6S1Q",3,2016-11-11 02:24:23.2070000,0,3000,901782,2026-09-24 04:23:56.3200000,41.440290,-97.286430
1585200,"Balm",3549,233,"14S","14S2H6S2Q",1,2026-09-24 04:24:07.0900000,952,0,0,2026-09-24 04:24:07.0900000,33.746770,-96.976670
1582355,"Callisburg",3549,233,"14S","14S2H6S1Q",3,2014-10-29 16:13:22.1970000,15900,0,152700,2026-09-24 04:24:18.7630000,33.697880,-97.008900
2297063,"Brighton",3578,233,"10T","10T1H2S2Q",2,2013-03-15 06:37:34.9200000,0,1348506,0,2026-09-24 04:24:41.0800000,47.546210,-122.275680
2297623,"Rainier Valley",3578,233,"10T","10T1H2S2Q",2,2013-03-19 01:10:12.9870000,0,1732788,0,2026-09-24 04:24:47.3300000,47.555380,-122.289850
2298554,"Beacon Hill",3578,233,"10T","10T1H2S2Q",2,2013-03-18 18:09:24.0830000,0,1303935,0,2026-09-24 04:25:01.3730000,47.577600,-122.309850
2298573,"Mount Baker",3578,233,"10T","10T1H2S2Q",2,2013-03-18 04:29:24.1100000,0,1304425,0,2026-09-24 04:25:16.3170000,47.578430,-122.289570
802269,"Tha Yang",3167,218,"47P","47P1H5S4Q",1,2016-02-19 23:42:21.6500000,559781,106807,0,2026-09-24 04:25:20.2130000,12.957720,99.905550
2296192,"South Park",3578,233,"10T","10T1H2S2Q",2,2013-03-14 03:19:34.4800000,0,1305798,0,2026-09-24 04:25:24.0570000,47.526490,-122.314570
1519325,"Canada Verde",2158,158,"11S","11S2H5S4Q",1,2026-09-24 04:25:34.8170000,885,0,0,2026-09-24 04:25:34.8170000,32.583330,-116.400000
2292232,"Orillia",3578,233,"10T","10T1H2S2Q",2,2013-08-23 04:01:33.8770000,0,1607471,0,2026-09-24 04:25:51.3430000,47.441210,-122.245680
2301678,"Edgewater Park",3578,233,"10T","10T1H2S2Q",2,2013-03-05 04:08:55.7500000,0,1295257,0,2026-09-24 04:26:15.8300000,47.641770,-122.279010
1589843,"Bishop",3539,233,"17S","17S2H4S1Q",1,2020-11-15 21:47:13.7530000,26339,0,0,2026-09-24 04:27:21.4370000,33.819290,-83.438770
2157621,"Banks",3573,233,"11T","11T1H5S4Q",3,2024-07-06 04:41:56.0600000,0,600,82151,2026-09-24 04:27:44.9370000,44.080450,-116.124020
2160666,"Williams Creek Summit Home Area",3573,233,"11T","11T1H5S4Q",3,2023-05-04 01:51:49.1930000,0,300,75301,2026-09-24 04:27:52.2700000,44.163500,-116.120960
2162590,"Big Eddy",3573,233,"11T","11T1H5S4Q",3,2023-04-30 14:49:52.4000000,0,1409,44044,2026-09-24 04:28:07.2800000,44.216000,-116.107350
2162958,"High Valley",3573,233,"11T","11T1H5S4Q",3,2023-05-04 01:51:56.2100000,0,900,49342,2026-09-24 04:28:16.7200000,44.224060,-116.154850
2095878,"East Township",3562,233,"18T","18T2H2S4Q",1,2019-08-15 03:33:00.5330000,101840,0,0,2026-09-24 04:32:28.1400000,42.699800,-74.100960
800855,"Ban Nong Faek",3167,218,"47P","47P1H5S4Q",1,2025-02-12 12:33:57.5900000,246855,3018,0,2026-09-24 04:34:12.7570000,12.916670,99.866670
799775,"Ban Nong Pradu",3167,218,"47P","47P1H5S4Q",1,2025-02-12 12:28:53.3700000,467023,2120,0,2026-09-24 04:34:22.2170000,12.883330,99.883330
799223,"Ban Rong Rakam",3167,218,"47P","47P1H5S4Q",1,2024-11-21 14:23:28.7500000,214682,1200,0,2026-09-24 04:34:42.8430000,12.866670,99.916670
1393140,"Cedar Creek",3549,233,"14R","14R1H3S3Q",2,2019-05-09 04:39:43.9400000,0,6011533,0,2026-09-24 04:37:16.3500000,30.087160,-97.500830
2314889,"Port Ludlow",3578,233,"10T","10T1H2S2Q",2,2022-07-17 15:20:57.6630000,0,991571,13500,2026-09-24 04:40:55.7800000,47.914040,-122.694750
2321570,"Irondale",3578,233,"10U","10U2H5S4Q",2,2026-07-19 15:40:08.8000000,0,997230,2700,2026-09-24 04:41:04.6770000,48.042040,-122.772670
2321701,"Four Corners",3578,233,"10U","10U2H5S4Q",2,2018-07-28 03:37:42.9330000,0,2063131,1305,2026-09-24 04:41:14.5530000,48.049260,-122.819340
2321700,"Adelma Beach",3578,233,"10U","10U2H5S4Q",2,2020-07-13 05:47:58.5100000,0,1252856,300,2026-09-24 04:41:21.4800000,48.049260,-122.829060
2322368,"Tukey",3578,233,"10U","10U2H5S4Q",2,2022-07-23 03:22:36.3770000,0,1327150,300,2026-09-24 04:41:31.6000000,48.053980,-122.842950
2302572,"University Village",3578,233,"10T","10T1H2S2Q",2,2016-06-14 05:33:52.1930000,0,1067529,0,2026-09-24 04:41:34.8670000,47.663710,-122.273180
2324185,"Glen Cove",3578,233,"10U","10U2H5S4Q",2,2023-07-17 17:01:19.3000000,0,1499715,300,2026-09-24 04:41:37.0470000,48.091760,-122.806000
2304906,"Meadowbrook",3578,233,"10T","10T1H2S2Q",2,2016-04-13 05:00:36.3170000,0,1437313,0,2026-09-24 04:41:46.5430000,47.706110,-122.290280
2325856,"Port Townsend",3578,233,"10U","10U2H5S4Q",2,2020-07-26 22:56:06.1930000,0,2042683,900,2026-09-24 04:41:54.0400000,48.117040,-122.760450
1870055,"Dillard",3567,233,"10S","10S1H3S3Q",2,2013-05-16 19:37:41.1700000,0,2997092,0,2026-09-24 04:42:37.8030000,38.401300,-121.256890
1882906,"Marble Mountain",3567,233,"10S","10S1H3S3Q",2,2013-08-11 16:30:04.2970000,0,4028779,0,2026-09-24 04:43:35.1030000,38.649350,-121.033830
2415121,"Kharkiv",3439,230,"37U","37U2H4S1Q",1,2013-07-01 22:01:36.8670000,4152508,0,0,2026-09-24 04:49:28.1900000,50.000000,36.250000
2415414,"Dal'nya Zhuravlivka",3439,230,"37U","37U2H1S3Q",1,2013-04-22 00:25:30.0400000,2195033,0,0,2026-09-24 04:49:35.1530000,50.012500,36.272140
2060578,"Sallustiano",1377,110,"33T","33T2H4S1Q",3,2015-09-26 18:48:40.5530000,0,0,2583405,2026-09-24 04:49:50.0170000,41.909220,12.497250
2416760,"Severnyy Post",3439,230,"37U","37U2H1S3Q",1,2013-04-22 14:53:34.2930000,2078735,0,0,2026-09-24 04:49:52.4100000,50.034570,36.172890
2416015,"Nakhailvka",3439,230,"37U","37U2H1S3Q",1,2013-04-21 23:36:30.9200000,2037653,0,0,2026-09-24 04:50:02.6870000,50.019810,36.174860
1712449,"Hocutts Crossroads",3545,233,"17S","17S2H3S2Q",3,2026-09-24 04:50:02.7030000,0,0,945,2026-09-24 04:50:02.7030000,35.733490,-78.297780
2415290,"Lisa Hora",3439,230,"37U","37U2H1S3Q",1,2013-04-21 23:14:19.5330000,2045075,0,0,2026-09-24 04:50:15.4030000,50.006700,36.184310
2415258,"Ivanivka",3439,230,"37U","37U2H1S3Q",1,2013-04-21 22:44:44.7070000,2048903,0,0,2026-09-24 04:50:22.4730000,50.005160,36.202210
1700362,"Castlehaven",3545,233,"17S","17S2H3S2Q",3,2026-09-24 04:50:39.5830000,0,0,945,2026-09-24 04:50:39.5830000,35.526550,-78.352220
2302607,"Snyders Corner",3578,233,"10T","10T1H2S2Q",2,2014-08-22 23:53:18.0700000,0,4002552,0,2026-09-24 04:51:14.2670000,47.666490,-122.163460
2415434,"Oktyabr'",3439,230,"37U","37U2H1S3Q",1,2013-04-22 21:46:53.1130000,2085544,0,0,2026-09-24 04:51:17.1300000,50.013060,36.133330
2300980,"Northrup",3578,233,"10T","10T1H2S2Q",2,2013-02-18 16:49:36.4830000,0,1309565,0,2026-09-24 04:51:49.8500000,47.632880,-122.185400
2203091,"Izobil'ne",3435,230,"36T","36T1H6S2Q",1,2026-09-24 04:51:44.5230000,2961,0,0,2026-09-24 04:52:01.8430000,45.107320,35.206960
2203296,"Matrosivka",3435,230,"36T","36T1H6S2Q",2,2026-08-06 10:38:46.8030000,300,7751,0,2026-09-24 04:52:18.2100000,45.115250,35.143930
2214938,"Sunnyside",3576,233,"10T","10T1H5S2Q",2,2023-07-22 21:12:26.5830000,0,1009503,1396,2026-09-24 04:59:00.1000000,45.431940,-122.557300
2523971,"Wutscherogge",713,57,"33U","33U1H4S4Q",3,2026-09-24 04:59:38.8000000,300,0,2265,2026-09-24 04:59:38.8000000,52.133330,13.933330
1716200,"Lockwood",3545,233,"17S","17S2H3S2Q",3,2013-05-07 05:01:09.0530000,0,0,652233,2026-09-24 05:00:34.7570000,35.799870,-78.611670
2220870,"Image",3578,233,"10T","10T1H5S2Q",2,2023-10-17 00:38:09.6830000,0,43901,2321,2026-09-24 05:00:39.4400000,45.609010,-122.582040
2481404,"Frankershausen",710,57,"32U","32U2H2S2Q",3,2026-09-24 05:01:38.2570000,0,0,9814,2026-09-24 05:02:02.7630000,51.233330,9.916670
2522309,"Neu Schadow",713,57,"33U","33U1H4S4Q",3,2026-09-24 05:04:58.1970000,0,0,944,2026-09-24 05:04:58.1970000,52.100000,13.933330
2524831,"Grubenmuhle",713,57,"33U","33U1H4S4Q",3,2026-09-24 05:05:23.8000000,0,0,1077,2026-09-24 05:05:23.8000000,52.150000,13.983330
1937228,"Big Pool",3542,233,"17S","17S1H3S2Q",1,2026-09-24 05:12:18.4070000,3724,0,0,2026-09-24 05:12:24.9200000,39.623710,-78.015830
1938479,"Indian Springs",3542,233,"17S","17S1H3S2Q",2,2026-04-07 11:52:29.4600000,1983,2930,0,2026-09-24 05:12:29.7400000,39.646480,-78.001670
2062595,"Ladispoli",1377,110,"33T","33T2H4S1Q",3,2021-12-30 19:45:36.9000000,0,0,422560,2026-09-24 05:13:45.5000000,41.953720,12.073470
2221948,"Tombolo",1366,110,"32T","32T1H6S2Q",2,2017-04-15 12:22:31.3870000,0,134628,0,2026-09-24 05:13:55.5900000,45.639500,11.825400
2221157,"Onara",1366,110,"32T","32T1H6S2Q",2,2017-04-10 19:49:53.5170000,0,130565,0,2026-09-24 05:13:59.5270000,45.616670,11.816670
2222296,"Cittadella",1366,110,"32T","32T1H6S2Q",2,2017-05-08 14:29:20.6300000,0,153903,0,2026-09-24 05:14:04.7270000,45.650000,11.784200
2223110,"Ca' Onorai",1366,110,"32T","32T1H6S2Q",2,2017-10-12 07:18:00.8000000,0,118092,0,2026-09-24 05:14:09.2030000,45.671700,11.800430
2223455,"Mottinello Nuovo",1366,110,"32T","32T1H6S2Q",2,2017-03-27 15:32:12.9670000,0,121121,0,2026-09-24 05:14:12.8230000,45.683330,11.800000
2224351,"Rossano Veneto",1366,110,"32T","32T1H6S2Q",2,2017-01-31 05:31:50.6400000,0,109206,0,2026-09-24 05:14:17.0000000,45.705800,11.806000
2224690,"Cantoniera",1366,110,"32T","32T1H6S2Q",2,2017-01-31 05:31:59.3900000,0,111699,0,2026-09-24 05:14:21.1830000,45.716670,11.816670
844157,"Ban O Pao",3218,218,"47P","47P1H6S1Q",1,2013-10-22 16:45:25.2670000,2348678,0,0,2026-09-24 05:15:26.8830000,13.816670,100.616670
1495813,"Emery Park",3572,233,"12S","12S2H5S4Q",3,2013-09-24 21:15:45.5200000,0,0,5392752,2026-09-24 05:15:29.4800000,32.141190,-110.955920
2224691,"Ramon",1366,110,"32T","32T1H6S2Q",2,2017-03-27 06:49:27.1970000,0,121062,0,2026-09-24 05:16:13.2230000,45.716670,11.866670
2303345,"Pontiac",3578,233,"10T","10T1H2S2Q",2,2014-09-27 06:31:20.5670000,0,1305847,0,2026-09-24 05:16:41.7000000,47.678990,-122.272070
1883327,"Clarksville",3567,233,"10S","10S1H3S3Q",2,2012-11-01 11:23:35.0700000,0,4145153,0,2026-09-24 05:20:52.8630000,38.654900,-121.052440
1883453,"Park Village",3567,233,"10S","10S1H3S3Q",2,2014-11-18 17:39:31.9200000,0,3996081,0,2026-09-24 05:21:15.0700000,38.657680,-121.074940
1883268,"Crescent Ridge Village",3567,233,"10S","10S1H3S3Q",2,2012-08-11 04:28:32.3270000,0,3998665,0,2026-09-24 05:21:32.8400000,38.653240,-121.078830
2225077,"Loria",1366,110,"32T","32T1H6S2Q",2,2017-03-27 06:45:21.4000000,0,117390,0,2026-09-24 05:24:18.0600000,45.730000,11.865400
1982284,"Indian Heights",3555,233,"16T","16T2H5S4Q",3,2025-04-12 22:38:20.4830000,0,0,493348,2026-09-24 05:35:11.1100000,40.427260,-86.125550
2526485,"Lippe",713,57,"33U","33U1H4S4Q",3,2026-09-24 05:35:36.9600000,0,0,1761,2026-09-24 05:35:39.9070000,52.183330,13.850000
2214213,"Clackamas",3576,233,"10T","10T1H5S2Q",2,2023-06-16 05:55:34.1100000,0,3072136,0,2026-09-24 05:39:58.6100000,45.407620,-122.570370
2206143,"Hubbard",3576,233,"10T","10T1H5S2Q",2,2018-07-02 20:55:36.1800000,0,3235698,0,2026-09-24 05:40:34.7000000,45.182340,-122.807870
2207887,"Donald",3576,233,"10T","10T1H5S2Q",2,2018-06-15 02:37:02.9900000,0,2286957,0,2026-09-24 05:40:48.5900000,45.222340,-122.839260
2198652,"Casone Sanguinetto",1375,110,"32T","32T1H6S2Q",1,2023-05-09 21:23:01.4500000,63905,2400,0,2026-09-24 05:41:00.4230000,45.016670,11.000000
2590174,"Crumpsall",979,77,"30U","30U1H5S2Q",3,2010-01-01 00:00:00.0000000,6289,0,458173,2026-09-24 05:41:50.8730000,53.518270,-2.244470
2588900,"Salford",979,77,"30U","30U1H5S2Q",3,2013-10-17 08:06:23.2570000,962,0,43341,2026-09-24 05:42:01.4670000,53.487710,-2.290420
2431346,"Turnchapel",979,77,"30U","30U2H1S4Q",2,2026-03-31 04:52:27.0670000,5777,87114,0,2026-09-24 05:42:11.3100000,50.350000,-4.116670
2432702,"Plymouth",979,77,"30U","30U2H1S4Q",1,2026-07-27 18:42:07.7830000,348536,0,0,2026-09-24 05:42:23.9300000,50.371530,-4.143050
2156911,"Danebo",3576,233,"10T","10T1H5S3Q",3,2025-09-25 06:04:40.5500000,0,0,997258,2026-09-24 05:47:15.4700000,44.059570,-123.178700
2156731,"Eugene",3576,233,"10T","10T1H5S3Q",3,2024-10-03 23:02:28.9670000,0,0,1097199,2026-09-24 05:47:33.6730000,44.052070,-123.086750
2521058,"Voorburg",2265,167,"31U","31U1H6S3Q",2,2023-03-10 18:09:24.3270000,0,109923,0,2026-09-24 05:50:52.2300000,52.074170,4.359720
1794485,"Fontenay Villa",3567,233,"10S","10S1H6S1Q",1,2026-07-15 04:40:05.0070000,1075934,0,0,2026-09-24 05:52:07.2000000,37.081060,-121.974130
2523163,"Huttenplatz",713,57,"33U","33U1H4S4Q",3,2026-09-20 14:19:22.4700000,0,0,3469,2026-09-24 05:52:34.6070000,52.116670,13.950000
1904719,"Wolf",3567,233,"10S","10S1H3S1Q",2,2013-06-01 14:06:02.0200000,0,4000630,0,2026-09-24 05:56:55.9500000,39.058510,-121.138280
2807322,"Nekala",3834,70,"34V","34V1H6S2Q",3,2016-05-07 20:21:26.0670000,0,0,2044884,2026-09-24 05:59:52.7470000,61.482730,23.797760
2807027,"Etelae-Hervanta",3834,70,"34V","34V1H6S2Q",3,2015-07-21 10:13:21.2000000,0,0,5045835,2026-09-24 05:59:58.1870000,61.439260,23.863080
2806824,"Hoeytaemoe",3834,70,"34V","34V1H6S2Q",3,2013-11-29 13:49:37.5430000,0,0,2047851,2026-09-24 06:00:09.7730000,61.411590,23.772700
2465134,"West Grinstead",979,77,"30U","30U2H3S4Q",3,2026-09-24 06:03:41.4170000,0,0,1200,2026-09-24 06:03:41.4170000,50.966670,-0.333330
2462956,"Henfield",979,77,"30U","30U2H3S4Q",3,2026-09-24 06:03:48.3630000,0,0,1200,2026-09-24 06:03:48.3630000,50.932040,-0.273280
2461982,"Woodmancote",979,77,"30U","30U2H3S4Q",3,2026-09-24 06:03:53.7500000,0,0,1200,2026-09-24 06:03:53.7500000,50.916670,-0.245650
2807733,"Ryydynpohja",3834,70,"34V","34V1H6S2Q",3,2019-06-25 21:00:30.9200000,0,0,1026860,2026-09-24 06:10:10.9400000,61.527890,23.656310
1391030,"Mountain City",3549,233,"14R","14R1H3S3Q",2,2026-05-24 04:23:05.6670000,0,2119977,0,2026-09-24 06:16:28.1400000,30.037160,-97.886950
2278079,"Oberweg",131,12,"33T","33T1H2S1Q",1,2019-02-03 21:09:25.8170000,18635940,0,0,2026-09-24 06:22:07.2230000,47.150000,14.633330
1612249,"Sherman Oaks",3567,233,"11S","11S2H1S4Q",3,2015-08-21 12:17:46.1400000,0,0,1081799,2026-09-24 06:23:30.6100000,34.151120,-118.449250
1556992,"Bonsall",3567,233,"11S","11S2H5S1Q",3,2026-09-24 06:24:12.8870000,0,0,1200,2026-09-24 06:24:12.8870000,33.276160,-117.194100
2525671,"Hermsdorf",713,57,"33U","33U1H4S4Q",3,2026-09-24 06:25:37.5600000,0,0,862,2026-09-24 06:25:37.5600000,52.166670,13.800000
2523159,"Streganz-Ziegelei",713,57,"33U","33U1H4S4Q",3,2026-09-24 06:25:42.9200000,0,0,811,2026-09-24 06:25:42.9200000,52.116670,13.783330
2261781,"Fonyod",1216,100,"33T","33T1H3S4Q",2,2022-09-03 18:03:34.2500000,0,752840,0,2026-09-24 06:25:48.0330000,46.733330,17.550000
2522305,"Markisch Buchholz",713,57,"33U","33U1H4S4Q",3,2026-09-24 06:25:48.4400000,0,0,2017,2026-09-24 06:25:51.2400000,52.100000,13.750000
2523158,"Halbe",713,57,"33U","33U1H4S4Q",2,2025-05-17 14:30:46.6030000,0,10098,517,2026-09-24 06:26:16.1300000,52.116670,13.700000
2411296,"Radocza",2439,180,"34U","34U2H4S2Q",2,2026-08-20 00:43:56.4870000,0,1990,0,2026-09-24 06:31:33.5570000,49.917740,19.474980
2411100,"Rokow",2439,180,"34U","34U2H4S2Q",2,2026-08-21 19:16:25.9200000,0,2521,0,2026-09-24 06:31:38.4000000,49.916670,19.516670
2412271,"Zygodowice",2439,180,"34U","34U2H4S2Q",2,2026-08-20 00:29:40.5270000,0,1965,0,2026-09-24 06:31:44.4670000,49.943270,19.526310
2412636,"Kamien",2439,180,"34U","34U2H4S2Q",2,2026-08-20 00:29:44.9700000,0,1965,0,2026-09-24 06:31:47.9130000,49.950000,19.516670
2413809,"Polwies",2439,180,"34U","34U2H4S2Q",2,2026-08-20 11:25:14.3000000,0,3188,0,2026-09-24 06:32:07.8100000,49.975350,19.560380
2413955,"Ryczow",2439,180,"34U","34U2H4S2Q",2,2026-08-20 11:25:10.8570000,0,3187,0,2026-09-24 06:32:12.3200000,49.981030,19.550170
2399414,"Mszana Dolna",2439,180,"34U","34U2H5S1Q",2,2026-03-31 06:34:38.9900000,0,19838,0,2026-09-24 06:32:56.3830000,49.674320,20.079920
2325082,"Camp Diana",3578,233,"10U","10U2H5S4Q",2,2014-06-12 07:27:14.3830000,0,818005,0,2026-09-24 06:34:19.0570000,48.105930,-122.430980
2533214,"Kablow Ziegelei",713,57,"33U","33U1H4S4Q",2,2025-05-21 12:03:23.2600000,0,7165,0,2026-09-24 06:36:20.2700000,52.316670,13.716670
2538722,"Springeberg",713,57,"33U","33U1H4S4Q",2,2025-10-02 19:39:58.4670000,0,12052,0,2026-09-24 06:36:57.6470000,52.433330,13.750000
2543318,"Eggersdorf",713,57,"33U","33U1H4S4Q",2,2025-05-20 04:54:13.5730000,0,8096,0,2026-09-24 06:37:14.2570000,52.533330,13.816670
1808443,"Boulevard Heights",3585,233,"18S","18S1H4S1Q",3,2026-09-24 06:40:35.1930000,0,0,1014,2026-09-24 06:40:35.1970000,37.288210,-77.402760
2576452,"Groningen",2272,167,"32U","32U1H4S1Q",1,2014-03-10 08:36:55.3200000,1984647,0,0,2026-09-24 06:43:28.0970000,53.219170,6.566670
2448217,"Rabosee",255,20,"31U","31U2H3S4Q",1,2024-03-09 03:02:15.5670000,303468,0,0,2026-09-24 06:52:09.9000000,50.668710,5.674160
2542260,"Charlottenburg",714,57,"33U","33U1H4S4Q",2,2013-07-16 07:11:37.2300000,0,3006020,0,2026-09-24 06:52:59.8130000,52.511130,13.301610
12638,"Kings Cross",143,13,"56H","56H1H1S4Q",3,2018-07-14 07:43:51.0670000,0,0,1526220,2026-09-24 06:53:35.6800000,-33.874980,151.222260
2160595,"Franklin",3576,233,"10T","10T1H5S3Q",3,2025-02-01 22:10:37.5700000,0,0,239753,2026-09-24 06:53:56.0800000,44.160960,-123.304540
2542331,"Berlin Lichtenberg",714,57,"33U","33U1H4S4Q",2,2014-08-17 01:52:23.7400000,0,4725217,0,2026-09-24 06:53:58.8500000,52.513950,13.499750
2539134,"Berlin Koepenick",714,57,"33U","33U1H4S4Q",2,2015-03-16 06:24:26.1570000,0,2018833,0,2026-09-24 06:54:19.3130000,52.442540,13.582280
2537935,"Falkenberg",714,57,"33U","33U1H4S4Q",2,2014-11-17 05:46:10.5600000,0,2002977,0,2026-09-24 06:54:33.0570000,52.416670,13.566670
2593999,"Balbriggan",1260,102,"29U","29U1H6S2Q",3,2015-06-10 17:10:52.5530000,0,0,1966574,2026-09-24 06:54:42.3070000,53.612780,-6.181940
2536860,"Bohnsdorf",714,57,"33U","33U1H4S4Q",2,2023-06-02 17:45:50.9670000,0,2011937,0,2026-09-24 06:54:42.7200000,52.394340,13.573390
2594520,"Balscaddan",1260,102,"29U","29U1H6S2Q",3,2016-01-18 13:52:36.4930000,0,0,1563507,2026-09-24 06:54:50.4700000,53.623060,-6.230830
2593834,"Clonard",1260,102,"29U","29U1H6S2Q",3,2015-06-10 23:14:39.0400000,0,0,1436519,2026-09-24 06:54:53.4470000,53.605830,-6.227500
2593737,"Dallyhaysy",1260,102,"29U","29U1H6S2Q",3,2015-06-11 22:25:23.2670000,0,0,1336704,2026-09-24 06:55:07.3230000,53.600830,-6.231390
2593258,"Balrothery",1260,102,"29U","29U1H6S2Q",3,2015-06-10 22:11:36.8100000,0,0,1470061,2026-09-24 06:55:13.6930000,53.595560,-6.216390
2593138,"Dermotstown",1260,102,"29U","29U1H6S2Q",3,2015-06-10 23:15:20.6270000,0,0,1389996,2026-09-24 06:55:15.7530000,53.590000,-6.224170
2592601,"Cross of the Cage",1260,102,"29U","29U1H6S2Q",3,2015-06-11 17:48:50.2730000,0,0,1517012,2026-09-24 06:55:20.1900000,53.580280,-6.187780
2540872,"Gatow",714,57,"33U","33U1H4S4Q",2,2015-04-05 10:31:47.1900000,0,2006967,0,2026-09-24 06:55:51.2070000,52.483240,13.182850
2536377,"Burig",713,57,"33U","33U1H4S4Q",2,2025-05-19 06:15:50.9730000,0,8179,0,2026-09-24 06:56:02.8670000,52.383330,13.766670
2537174,"Hohenbinde",713,57,"33U","33U1H4S4Q",2,2025-05-01 12:01:25.7700000,0,12418,0,2026-09-24 06:56:11.2770000,52.400000,13.766670
2480437,"Besse",710,57,"32U","32U2H2S2Q",1,2017-01-31 20:22:05.3030000,284414,12300,0,2026-09-24 06:56:13.6270000,51.216670,9.383330
2565286,"Clifton",979,77,"30U","30U1H6S3Q",2,2024-05-16 09:50:08.3100000,0,62019,0,2026-09-24 06:56:31.1130000,53.000000,-1.750000
2278350,"Kuttigkofen",510,43,"32T","32T1H1S2Q",1,2015-04-22 17:51:56.7130000,1268740,0,0,2026-09-24 07:00:28.9670000,47.151380,7.515510
2269117,"Tihany",1213,100,"33T","33T1H3S4Q",2,2015-05-20 15:09:15.0000000,0,3491361,0,2026-09-24 07:01:00.7130000,46.913690,17.889180
2606748,"Dromiskin",1260,102,"29U","29U1H6S2Q",3,2017-08-25 20:50:50.4230000,1800,0,18272,2026-09-24 07:01:19.1030000,53.927500,-6.411390
2557112,"Hanbury",979,77,"30U","30U1H6S3Q",2,2010-01-01 00:00:00.0000000,0,65942,0,2026-09-24 07:05:35.6700000,52.833330,-1.733330
2563461,"Morley",979,77,"30U","30U1H6S3Q",3,2024-05-16 05:22:42.0270000,0,1017,355612,2026-09-24 07:05:44.0500000,52.964720,-1.412430
2555546,"Blickling",979,77,"31U","31U1H4S4Q",3,2026-09-24 07:06:38.2170000,0,708,5462,2026-09-24 07:06:38.2170000,52.800000,1.183330
2556354,"North Walsham",979,77,"31U","31U1H4S4Q",2,2016-10-16 09:38:34.7230000,580,123174,1475,2026-09-24 07:07:28.4630000,52.816670,1.383330
2569941,"Pinxton",979,77,"30U","30U1H6S1Q",3,2024-05-14 15:58:06.1700000,0,0,1420750,2026-09-24 07:08:23.8400000,53.090620,-1.317670
2561857,"Marston Montgomery",979,77,"30U","30U1H6S3Q",2,2026-04-01 02:07:24.6830000,0,691098,1940,2026-09-24 07:09:36.2500000,52.933330,-1.783330
2411003,"Prussberg",715,57,"32U","32U2H6S1Q",3,2019-08-10 17:21:41.0200000,0,0,3160368,2026-09-24 07:09:59.3770000,49.916670,10.450000
2528537,"Hipolitow",2440,180,"34U","34U1H5S4Q",2,2021-01-26 10:14:30.5130000,0,57311,0,2026-09-24 07:10:09.7670000,52.223170,21.349870
2529063,"Mrowiska",2440,180,"34U","34U1H5S4Q",2,2019-03-11 21:42:24.4200000,0,63308,0,2026-09-24 07:10:21.4970000,52.233330,21.366670
2529553,"Chobot",2440,180,"34U","34U1H5S4Q",2,2021-02-11 11:04:25.1700000,0,47349,0,2026-09-24 07:10:31.8770000,52.245040,21.398960
2095279,"Gradoman",283,22,"34T","34T2H3S4Q",1,2024-12-25 08:22:31.1770000,146752,0,0,2026-09-24 07:10:52.2600000,42.683330,23.116670
2058254,"Fregene",1377,110,"33T","33T2H4S1Q",3,2018-10-13 09:09:01.5500000,0,0,1375674,2026-09-24 07:11:22.4800000,41.850510,12.196710
12642,"Dover Heights",143,13,"56H","56H1H1S4Q",3,2026-08-07 23:11:01.3000000,0,0,1020409,2026-09-24 07:15:32.6730000,-33.870830,151.279170
12220,"Holsworthy",143,13,"56H","56H1H1S3Q",3,2017-06-13 08:08:58.6900000,0,0,1071161,2026-09-24 07:19:46.4270000,-33.983330,150.966670
2552033,"Lenwade",979,77,"31U","31U1H4S4Q",3,2026-09-24 07:19:58.9570000,0,964,3102,2026-09-24 07:19:58.9570000,52.722210,1.106010
2290533,"Dietikon",503,43,"32T","32T1H2S1Q",3,2024-09-16 08:29:23.0900000,0,0,5562692,2026-09-24 07:20:58.7030000,47.401650,8.400150
2290699,"Dietikon / Fondli",503,43,"32T","32T1H2S1Q",3,2024-10-05 11:05:56.7500000,0,0,3758866,2026-09-24 07:21:15.8270000,47.408380,8.387520
2295463,"Mettmenriet",503,43,"32T","32T1H2S1Q",3,2024-06-26 15:13:30.1200000,0,0,14211532,2026-09-24 07:21:30.7700000,47.512600,8.545720
2034859,"Glenclyffe",3562,233,"18T","18T2H6S1Q",2,2026-09-24 07:22:59.1930000,0,1338,0,2026-09-24 07:22:59.1930000,41.368150,-73.948470
2035639,"Garrison",3562,233,"18T","18T2H6S1Q",2,2026-09-24 07:23:08.8230000,0,1062,0,2026-09-24 07:23:08.8230000,41.383980,-73.945690
2036126,"North Dock",3562,233,"18T","18T2H6S1Q",2,2026-09-24 07:23:12.4100000,0,1062,0,2026-09-24 07:23:12.4100000,41.397590,-73.955690
2037443,"Cold Spring",3562,233,"18T","18T2H6S1Q",2,2026-09-24 07:23:15.7670000,0,1328,0,2026-09-24 07:23:15.7670000,41.420090,-73.954580
2036865,"Nelson Corners",3562,233,"18T","18T2H6S1Q",2,2026-09-24 07:23:22.1400000,0,1332,0,2026-09-24 07:23:22.1400000,41.412590,-73.912640
2038500,"Cornwall Landing",3562,233,"18T","18T2H5S2Q",2,2026-09-24 07:23:33.0400000,0,2970,0,2026-09-24 07:23:36.4170000,41.443430,-74.000420
2542943,"Berlin",714,57,"33U","33U1H4S4Q",2,2014-08-22 01:39:56.5500000,0,42651128,0,2026-09-24 07:24:14.7830000,52.524370,13.410530
12893,"Rydalmere",143,13,"56H","56H1H1S4Q",3,2016-09-19 06:06:18.1800000,0,0,1500416,2026-09-24 07:30:09.4530000,-33.800000,151.050000
12704,"Drummoyne",143,13,"56H","56H1H1S4Q",3,2017-04-06 17:25:21.8830000,0,517,1237320,2026-09-24 07:30:59.7470000,-33.853610,151.154170
2069048,"Dock Junction",3584,233,"17T","17T2H2S4Q",1,2013-05-09 19:45:38.5400000,1018760,0,5687,2026-09-24 07:33:21.6800000,42.105890,-80.118670
2716659,"Vecaki",1668,136,"35V","35V2H4S1Q",3,2019-03-10 06:45:37.3870000,0,0,126868,2026-09-24 07:39:04.1200000,57.074170,24.106390
2704985,"Ladzinas",1711,136,"34V","34V2H6S4Q",3,2023-07-27 10:37:16.1030000,0,0,18056,2026-09-24 07:39:35.2930000,56.738060,23.856390
2280708,"Gelfingen",517,43,"32T","32T1H2S1Q",3,2026-03-29 16:26:06.8270000,0,0,1756152,2026-09-24 07:44:04.1130000,47.214470,8.265370
1793033,"Los Banos",3567,233,"10S","10S1H6S2Q",1,2024-10-27 00:29:39.0730000,609720,0,0,2026-09-24 07:48:04.1100000,37.058280,-120.849920
2538572,"Desborough",979,77,"30U","30U1H6S4Q",1,2026-09-24 07:48:14.9600000,1250,0,0,2026-09-24 07:48:14.9600000,52.433330,-0.816670
2562689,"West Hallam",979,77,"30U","30U1H6S3Q",3,2024-06-11 06:47:47.3930000,0,517,376707,2026-09-24 07:52:20.2000000,52.950000,-1.350000
2563545,"Ilkeston",979,77,"30U","30U1H6S3Q",3,2024-05-16 05:23:19.0100000,0,517,1116640,2026-09-24 07:52:25.7200000,52.966670,-1.300000
2563546,"Cossall",979,77,"30U","30U1H6S3Q",3,2024-05-16 05:23:14.8070000,0,517,732489,2026-09-24 07:52:32.7800000,52.966670,-1.283330
2564389,"Awsworth",979,77,"30U","30U1H6S3Q",3,2024-05-14 18:30:22.9930000,0,517,564129,2026-09-24 07:52:38.7200000,52.983330,-1.283330
2566015,"Langley Mill",979,77,"30U","30U1H6S1Q",3,2024-05-14 15:32:24.8870000,0,517,1583354,2026-09-24 07:52:42.6830000,53.016670,-1.333330
2566014,"Denby",979,77,"30U","30U1H6S1Q",3,2024-05-14 15:17:11.7730000,0,517,1953789,2026-09-24 07:52:46.4230000,53.016670,-1.400000
2564873,"Duffield",979,77,"30U","30U1H6S3Q",3,2024-05-14 17:58:32.8670000,0,517,685670,2026-09-24 07:52:56.8200000,52.986270,-1.488650
2438025,"Hasselbach",710,57,"32U","32U2H2S3Q",2,2019-02-12 04:57:26.8470000,0,688088,0,2026-09-24 07:53:58.8570000,50.483330,8.200000
2474044,"Koekoek",256,20,"31U","31U2H3S1Q",1,2026-09-23 03:40:38.7500000,402340,0,0,2026-09-24 08:02:26.3830000,51.111630,4.366620
2594928,"Pisz",2444,180,"34U","34U1H5S2Q",1,2026-09-24 08:03:00.7900000,8722,0,0,2026-09-24 08:03:12.7670000,53.633330,21.800000
2591893,"Balcunnin",1260,102,"29U","29U1H6S2Q",3,2020-07-08 21:52:23.5900000,0,0,1721836,2026-09-24 08:03:18.2930000,53.563330,-6.147220
2592649,"Skerries",1260,102,"29U","29U1H6S2Q",3,2015-06-11 16:49:38.7030000,0,0,520514,2026-09-24 08:03:19.8930000,53.582780,-6.108330
2486110,"Turnhout",256,20,"31U","31U2H3S1Q",1,2025-07-29 07:25:12.9570000,139099,0,0,2026-09-24 08:17:06.4670000,51.322540,4.944710
2565565,"Holbrook",979,77,"30U","30U1H6S1Q",3,2024-05-14 15:17:02.1330000,0,1551,1866553,2026-09-24 08:23:23.2230000,53.001250,-1.458390
2146376,"Grenade",951,75,"31T","31T2H1S2Q",2,2018-03-30 19:49:09.9700000,0,201595,0,2026-09-24 08:24:13.8900000,43.766670,1.283330
2807630,"Lielahti",929,70,"34V","34V1H6S2Q",3,2016-10-19 15:31:29.1600000,0,0,1024362,2026-09-24 08:25:18.9100000,61.515410,23.673480
2543203,"Great Ellingham",979,77,"31U","31U1H4S3Q",3,2026-09-24 08:29:44.0300000,299,0,1094,2026-09-24 08:29:44.0300000,52.533330,0.966670
2561873,"Wiveton",979,77,"31U","31U1H4S4Q",3,2010-01-01 00:00:00.0000000,0,0,1195504,2026-09-24 08:33:48.4100000,52.933330,1.033330
2280550,"Haag",510,43,"32T","32T1H1S2Q",2,2026-05-08 14:43:32.6930000,0,1270368,0,2026-09-24 08:37:33.8130000,47.206860,7.437530
2038425,"Firthcliffe",3562,233,"18T","18T2H5S2Q",2,2026-09-24 08:38:56.2570000,0,2299,0,2026-09-24 08:38:59.8030000,41.440890,-74.035330
2040072,"New Windsor",3562,233,"18T","18T2H5S2Q",2,2026-09-24 08:39:03.8200000,0,2296,0,2026-09-24 08:39:06.2200000,41.473130,-74.027330
2040220,"New Windsor",3562,233,"18T","18T2H5S2Q",2,2026-09-24 08:39:09.9900000,0,2622,0,2026-09-24 08:39:12.2300000,41.476760,-74.023750
2042034,"Glenwood Park",3562,233,"18T","18T2H5S2Q",2,2026-09-24 08:39:15.8900000,0,1359,0,2026-09-24 08:39:15.8900000,41.513430,-74.049860
2045559,"Dogwood Hills",3562,233,"18T","18T2H5S2Q",1,2024-10-27 12:10:20.8470000,1576385,0,0,2026-09-24 08:39:25.4800000,41.581670,-74.020000
12639,"Rose Bay",143,13,"56H","56H1H1S4Q",3,2017-03-14 09:45:49.8230000,0,879,1145579,2026-09-24 08:46:42.9400000,-33.874720,151.263330
2277336,"Utzenstorf",523,43,"32T","32T1H1S2Q",1,2015-05-14 09:37:26.9500000,1257442,0,0,2026-09-24 08:47:00.5030000,47.133330,7.550000
12440,"Mascot",143,13,"56H","56H1H1S4Q",3,2015-10-29 22:45:59.2470000,0,0,5354767,2026-09-24 08:51:11.8800000,-33.933330,151.200000
12994,"West Pymble",143,13,"56H","56H1H1S4Q",3,2017-02-22 11:28:36.1470000,0,0,2752655,2026-09-24 08:54:03.0200000,-33.766670,151.133330
1896455,"LeDroit Park",3536,233,"18S","18S1H1S3Q",3,2025-06-24 19:07:13.9670000,150300,0,508604,2026-09-24 08:54:40.3730000,38.915940,-77.015810
2166210,"Greenleaf",3566,233,"16T","16T1H4S4Q",1,2025-01-07 12:28:09.4030000,10486,0,0,2026-09-24 08:56:41.1470000,44.313320,-88.096210
1868789,"Walmort",3567,233,"10S","10S1H3S3Q",3,2026-09-15 17:30:11.1130000,0,0,1938861,2026-09-24 08:57:25.6770000,38.380470,-121.244110
854180,"Ban Khlong Si",3203,218,"47P","47P1H6S1Q",1,2013-06-15 07:48:51.5000000,1013914,0,0,2026-09-24 09:01:48.4330000,13.992110,100.685060
2276688,"Oeschberg",523,43,"32T","32T1H1S2Q",1,2015-04-28 18:55:23.2430000,1179697,0,0,2026-09-24 09:07:15.1870000,47.116670,7.616670
2055943,"Fiuggi",1377,110,"33T","33T2H4S2Q",3,2013-04-19 23:39:41.5330000,0,0,260186,2026-09-24 09:09:50.7730000,41.798620,13.220300
2295489,"Schupfart",528,43,"32T","32T1H1S2Q",3,2025-04-20 18:45:51.5070000,0,0,2858018,2026-09-24 09:15:40.7230000,47.513720,7.965770
2586969,"Buren",2274,167,"31U","31U1H6S2Q",2,2026-08-24 08:16:12.1500000,706,342166,0,2026-09-24 09:16:06.2000000,53.447170,5.799060
2561559,"Derby",979,77,"30U","30U1H6S3Q",2,2026-02-18 23:31:57.7300000,0,65144,0,2026-09-24 09:19:10.2600000,52.922770,-1.476630
7913,"Bullioh",140,13,"55H","55H2H2S2Q",3,2026-09-24 09:20:30.8000000,0,0,5599,2026-09-24 09:20:37.6400000,-36.200000,147.333330
7779,"Wyeebo",140,13,"55H","55H2H2S2Q",3,2026-09-24 09:20:43.1530000,0,0,1260,2026-09-24 09:20:44.4800000,-36.283330,147.383330
2479049,"Lindel",256,20,"31U","31U2H3S2Q",2,2022-02-06 09:26:13.3400000,0,91788,0,2026-09-24 09:21:24.9230000,51.193940,5.406860
2099225,"Gurlo",279,22,"34T","34T2H3S3Q",1,2025-06-09 04:32:29.6100000,206227,28739,0,2026-09-24 09:23:34.4830000,42.766670,22.850000
2037855,"West Cornwall",3562,233,"18T","18T2H5S2Q",2,2026-09-24 09:27:59.5630000,0,2403,0,2026-09-24 09:28:03.4500000,41.430930,-74.068480
2481174,"Oberebersbach",704,57,"33U","33U2H1S2Q",2,2017-11-07 14:09:02.0730000,0,4611,0,2026-09-24 09:28:05.3070000,51.232260,13.660470
2038219,"Downey Farms",3562,233,"18T","18T2H5S2Q",2,2026-09-24 09:28:08.0630000,0,1777,0,2026-09-24 09:28:10.7830000,41.434440,-74.098610
2481874,"Mittelebersbach",704,57,"33U","33U2H1S2Q",2,2017-11-17 14:04:33.1430000,0,13257,0,2026-09-24 09:28:13.2570000,51.240640,13.660640
2482615,"Niederebersbach",704,57,"33U","33U2H1S2Q",2,2017-11-09 05:49:23.7030000,0,7671,0,2026-09-24 09:28:19.9500000,51.250630,13.658580
2037842,"Salisbury Mills",3562,233,"18T","18T2H5S2Q",2,2026-09-24 09:28:17.6700000,0,2403,0,2026-09-24 09:28:25.1800000,41.430650,-74.119030
2481835,"Rodern",704,57,"33U","33U2H1S2Q",2,2019-04-28 19:28:41.2830000,0,5291,0,2026-09-24 09:28:40.7730000,51.239030,13.700470
1604415,"Malibu Beach",3567,233,"11S","11S2H1S4Q",1,2026-09-24 09:31:12.9070000,1057,0,0,2026-09-24 09:31:12.9070000,34.032790,-118.688420
1607671,"Monte Nido",3567,233,"11S","11S2H1S4Q",1,2026-09-24 09:31:20.4900000,1058,0,0,2026-09-24 09:31:20.4900000,34.080840,-118.687030
1610904,"Calabasas Highlands",3567,233,"11S","11S2H1S4Q",1,2026-09-24 09:31:24.6900000,1015,0,300,2026-09-24 09:31:24.6900000,34.130840,-118.645360
1613361,"Woodland Hills",3567,233,"11S","11S2H1S4Q",1,2026-09-24 09:31:29.7900000,879,0,600,2026-09-24 09:31:29.7900000,34.168340,-118.605920
2546968,"Bloxwich",979,77,"30U","30U1H6S3Q",2,2025-08-30 20:28:23.5500000,0,67329,0,2026-09-24 09:32:36.1900000,52.616670,-2.000000
2546223,"Fallings Park",979,77,"30U","30U1H5S4Q",2,2024-09-06 15:23:56.8530000,0,71150,0,2026-09-24 09:32:56.7870000,52.600000,-2.116670
2544665,"Lower Penn",979,77,"30U","30U1H5S4Q",2,2021-04-27 17:24:39.4930000,0,61417,0,2026-09-24 09:33:02.2570000,52.566670,-2.200000
2539325,"Wollaston",979,77,"30U","30U1H5S4Q",2,2026-07-25 20:07:52.3200000,0,58800,0,2026-09-24 09:34:25.5870000,52.450000,-2.166670
2312869,"Butyka Sor",1205,100,"34T","34T1H2S2Q",3,2026-09-24 07:28:29.3900000,0,0,117272,2026-09-24 09:37:45.8400000,47.866670,21.716670
2242,"Saint Leonards",141,13,"55G","55G1H2S4Q",1,2025-08-10 22:41:28.1870000,113885,0,0,2026-09-24 09:37:51.5630000,-41.466670,147.200000
2547495,"Golaszyn",2451,180,"33U","33U1H6S3Q",3,2025-10-28 21:30:34.9230000,0,0,104725,2026-09-24 09:38:33.4630000,52.627020,16.839640
2277822,"Oschwand",523,43,"32T","32T1H1S2Q",1,2014-12-29 09:45:06.9100000,1229650,0,0,2026-09-24 09:42:59.5370000,47.140770,7.712850
2636834,"Carrickfergus",978,77,"30U","30U1H1S3Q",1,2025-05-08 12:02:51.4830000,202272,0,0,2026-09-24 09:43:42.1800000,54.715800,-5.805800
2060078,"Ponte",1377,110,"33T","33T2H4S1Q",3,2015-09-14 22:25:23.0400000,0,0,2999161,2026-09-24 09:44:04.0200000,41.899660,12.466520
2279221,"Boise",3578,233,"10T","10T1H2S2Q",2,2023-03-03 02:25:18.5300000,0,1284807,2880,2026-09-24 09:47:13.4070000,47.180380,-122.015670
1943311,"East Pleasant View",3568,233,"13S","13S1H2S1Q",2,2012-04-10 17:04:02.7830000,3413,2600368,0,2026-09-24 09:48:02.7030000,39.727850,-105.156920
2036510,"Mountainville",3562,233,"18T","18T2H5S2Q",2,2026-09-24 09:49:01.7070000,0,2403,0,2026-09-24 09:49:03.9900000,41.400930,-74.078480
2037722,"Washingtonville",3562,233,"18T","18T2H5S2Q",2,2026-09-24 09:49:18.4800000,0,1777,0,2026-09-24 09:49:21.0930000,41.427870,-74.165980
1880088,"O'Fallon",3554,233,"16S","16S1H1S3Q",3,2021-11-24 14:04:38.9500000,0,0,59248848,2026-09-24 09:55:23.7830000,38.592270,-89.911210
2084475,"Stockbridge",3557,233,"16T","16T2H3S4Q",1,2026-02-08 14:04:45.7130000,884269,0,0,2026-09-24 10:01:18.7730000,42.451150,-84.180510
2542092,"Purmerend",2269,167,"31U","31U1H6S3Q",1,2020-08-17 05:06:06.7100000,1000370,0,0,2026-09-24 10:02:51.9370000,52.505000,4.959720
2553937,"Rugeley",979,77,"30U","30U1H6S3Q",2,2022-01-25 10:26:18.4500000,0,77029,0,2026-09-24 10:08:54.7400000,52.766670,-1.933330
2099230,"Voluyak",283,22,"34T","34T2H3S4Q",1,2015-10-15 18:41:17.1870000,320104,0,0,2026-09-24 10:08:54.8330000,42.766670,23.250000
2543571,"Goleczewo",2451,180,"33U","33U1H6S3Q",3,2017-02-25 10:16:07.8500000,0,0,1024829,2026-09-24 10:09:15.7830000,52.535140,16.820080
1711820,"Hollands",3545,233,"18S","18S2H1S1Q",3,2018-07-22 20:13:24.6530000,0,300,566,2026-09-24 10:12:25.5000000,35.723210,-77.476910
1380797,"Boerne",3549,233,"14R","14R1H5S2Q",3,2013-04-28 02:03:12.2570000,0,0,4054921,2026-09-24 10:15:13.7130000,29.794660,-98.731970
2544426,"Chludowo",2451,180,"33U","33U1H6S3Q",3,2017-02-14 18:37:08.7330000,0,0,1022815,2026-09-24 10:15:51.3000000,52.557050,16.845990
2218593,"Sainte-Marthe-sur-le-Lac",459,38,"18T","18T1H6S1Q",1,2026-06-04 11:40:46.1870000,400556,0,0,2026-09-24 10:19:13.7830000,45.533380,-73.932500
2484896,"Wahlhausen",701,57,"32U","32U2H2S2Q",3,2026-09-24 10:20:23.4170000,0,0,10551,2026-09-24 10:20:34.6600000,51.300000,9.983330
2288428,"Suhr",528,43,"32T","32T1H2S1Q",3,2026-05-31 05:02:35.6170000,0,0,81256,2026-09-24 10:23:21.7930000,47.366670,8.083330
2562683,"Shirley",979,77,"30U","30U1H6S3Q",2,2024-07-16 01:25:50.7530000,0,79600,0,2026-09-24 10:28:16.1570000,52.950000,-1.666670
1699439,"Midway",3545,233,"18S","18S2H1S2Q",3,2026-09-24 10:29:24.5030000,0,0,1078,2026-09-24 10:29:24.5030000,35.511830,-76.899670
1702581,"Pineygrove",3545,233,"18S","18S2H1S2Q",3,2026-09-24 10:29:35.7330000,0,0,1082,2026-09-24 10:29:35.7330000,35.564880,-76.986620
1754068,"Jones",3545,233,"17S","17S1H6S3Q",3,2026-09-24 10:30:08.8870000,0,0,1162,2026-09-24 10:30:08.8870000,36.429300,-79.430020
2049456,"Bass River",3583,233,"19T","19T2H4S2Q",3,2026-09-21 19:32:20.9430000,2400,0,6707,2026-09-24 10:33:12.3570000,41.652890,-70.203630
2059836,"Filettino",1377,110,"33T","33T2H4S2Q",3,2013-04-27 22:34:01.9430000,0,0,108793,2026-09-24 10:38:57.0230000,41.891420,13.327500
2278014,"Ochlenberg",523,43,"32T","32T1H1S2Q",1,2015-02-28 20:28:42.5170000,1186937,0,0,2026-09-24 10:42:08.9470000,47.150000,7.733330
1985862,"Neoi Epivatai",1066,89,"34T","34T2H6S3Q",2,2017-04-27 15:43:36.8500000,6243,558383,300,2026-09-24 10:45:08.6370000,40.500280,22.911110
2562684,"Brailsford",979,77,"30U","30U1H6S3Q",2,2024-07-16 01:26:20.6600000,0,64250,0,2026-09-24 10:45:09.8800000,52.950000,-1.616670
2508634,"Rengering",707,57,"32U","32U2H2S1Q",3,2025-03-11 09:02:59.1500000,0,0,1006045,2026-09-24 10:50:02.1100000,51.809990,8.616200
2548098,"Nowy Folwark",2451,180,"33U","33U1H6S3Q",3,2025-10-27 09:20:47.5630000,0,0,515301,2026-09-24 10:53:48.2730000,52.637110,16.796270
1857337,"Lake Acres",3585,233,"17S","17S1H3S4Q",1,2026-09-24 10:54:16.6900000,1046,0,0,2026-09-24 10:54:16.6900000,38.155690,-78.439450
1857413,"Camelot",3585,233,"17S","17S1H3S4Q",1,2026-09-24 10:54:23.7100000,1057,0,0,2026-09-24 10:54:23.7100000,38.157360,-78.422230
1858108,"North Pines",3585,233,"17S","17S1H3S4Q",1,2026-09-24 10:54:29.3070000,1057,0,0,2026-09-24 10:54:29.3070000,38.170410,-78.423070
1857305,"Gilbert Heights",3585,233,"17S","17S1H3S4Q",1,2026-09-24 10:54:34.3630000,1058,0,0,2026-09-24 10:54:34.3630000,38.154860,-78.389730
1857549,"Foxwood",3585,233,"17S","17S1H3S4Q",1,2026-09-24 10:54:40.3100000,959,0,0,2026-09-24 10:54:40.3100000,38.161250,-78.368340
1857579,"Mill Run",3585,233,"17S","17S1H3S4Q",1,2026-09-24 10:54:48.6030000,1168,0,8,2026-09-24 10:54:48.6030000,38.162080,-78.478900
1857483,"The Pines",3585,233,"17S","17S1H3S4Q",1,2026-09-24 10:54:53.7270000,984,0,0,2026-09-24 10:54:53.7270000,38.159300,-78.487230
1857421,"Earlysville",3585,233,"17S","17S1H3S4Q",1,2026-09-24 10:55:04.6370000,1006,0,0,2026-09-24 10:55:04.6370000,38.157630,-78.482790
2487224,"Rott",707,57,"32U","32U2H1S1Q",2,2014-08-27 04:47:42.6800000,0,14717748,0,2026-09-24 10:59:08.1170000,51.350000,6.600000
1627259,"Comanche",3546,233,"14S","14S2H3S3Q",2,2026-09-12 21:48:10.8370000,0,103423,3600,2026-09-24 11:00:59.7730000,34.368970,-97.963920
2679182,"Zvyagino",2671,192,"37U","37U1H1S2Q",2,2025-05-24 04:51:33.9970000,0,125344,517,2026-09-24 11:01:58.1100000,55.983330,37.800000
2678837,"Cherkizovo",2671,192,"37U","37U1H1S2Q",2,2025-05-24 04:51:26.8270000,0,136879,517,2026-09-24 11:02:05.8500000,55.975830,37.787500
2677994,"Chelyuskinskiy",2671,192,"37U","37U1H1S2Q",2,2025-05-24 04:51:18.4530000,0,117374,517,2026-09-24 11:02:13.2370000,55.950000,37.783330
1858419,"Ehart",3585,233,"17S","17S1H3S4Q",1,2026-09-24 11:05:41.2600000,1046,0,0,2026-09-24 11:05:41.2600000,38.177360,-78.499180
1859025,"Windrift",3585,233,"17S","17S1H3S4Q",1,2026-09-24 11:05:46.4970000,1046,0,0,2026-09-24 11:05:46.4970000,38.187630,-78.520570
1858204,"Mountain Laurel",3585,233,"17S","17S1H3S4Q",1,2026-09-24 11:05:51.7170000,2194,0,0,2026-09-24 11:05:51.7170000,38.172360,-78.495570
1852249,"Canterbury Hills",3585,233,"17S","17S1H3S4Q",1,2026-09-24 11:06:07.2600000,1707,0,0,2026-09-24 11:06:07.2600000,38.059030,-78.508350
2677609,"Staryy Bol'shevik",2671,192,"37U","37U1H1S2Q",2,2025-05-24 04:51:10.4900000,0,117587,517,2026-09-24 11:06:21.4970000,55.940000,37.770000
1718563,"Woodcrest",3545,233,"17S","17S2H2S2Q",1,2026-09-24 11:09:29.8670000,645,0,0,2026-09-24 11:09:29.8670000,35.840420,-80.264500
1718343,"Jefferson Village",3545,233,"17S","17S2H2S2Q",3,2013-07-10 03:47:45.2630000,300,0,74787,2026-09-24 11:09:37.4470000,35.835970,-80.240330
1718789,"Reeds Crossroads",3545,233,"17S","17S2H2S2Q",3,2015-10-27 16:16:24.9230000,300,0,94886,2026-09-24 11:09:50.3100000,35.844860,-80.332550
1716889,"Sapona",3545,233,"17S","17S2H2S2Q",3,2017-08-18 22:42:33.9500000,600,0,4644,2026-09-24 11:10:00.5730000,35.810690,-80.317270
2788963,"Ors",927,70,"34V","34V2H3S2Q",2,2026-09-24 11:11:54.8200000,2136,2690,0,2026-09-24 11:11:54.8200000,59.983330,23.883330
2788964,"Baro",927,70,"34V","34V2H3S2Q",2,2026-09-24 11:12:04.0770000,653,1091,0,2026-09-24 11:12:04.0770000,59.983330,23.900000
2359220,"Kerhelen",961,75,"30U","30U2H5S3Q",2,2016-09-13 09:53:27.2230000,0,4050271,0,2026-09-24 11:12:10.3470000,48.783330,-3.566670
2359890,"Kerjagu",961,75,"30U","30U2H5S3Q",2,2014-05-07 05:18:56.7930000,0,15059847,0,2026-09-24 11:12:13.8400000,48.800000,-3.566670
2789908,"Rejbole",927,70,"34V","34V1H6S4Q",2,2026-09-24 11:12:14.1270000,0,842,0,2026-09-24 11:12:14.1270000,60.050000,23.850000
2359892,"Kerdadraon",961,75,"30U","30U2H5S3Q",2,2016-09-13 09:28:52.8700000,0,10056580,0,2026-09-24 11:12:17.2600000,48.800000,-3.533330
2790130,"Vastankvarn",927,70,"34V","34V1H6S4Q",2,2026-09-24 11:12:19.4270000,0,842,0,2026-09-24 11:12:19.4270000,60.066670,23.883330
2358478,"Pleumeur-Bodou",961,75,"30U","30U2H5S3Q",2,2016-02-11 12:45:16.8330000,0,15071489,0,2026-09-24 11:12:21.8370000,48.766670,-3.516670
1952370,"Chaseville",3563,233,"17S","17S1H2S1Q",2,2026-09-24 11:12:23.4700000,0,2189,0,2026-09-24 11:12:24.4770000,39.886180,-81.464010
2359767,"Barnabanec",961,75,"30U","30U2H5S3Q",2,2016-10-03 11:18:12.0500000,0,4027936,0,2026-09-24 11:12:26.0100000,48.791740,-3.484750
2359893,"Saint-Samson",961,75,"30U","30U2H5S3Q",2,2016-10-03 11:18:55.7830000,0,4035323,0,2026-09-24 11:12:29.3170000,48.800000,-3.500000
1954653,"Greenwood",3563,233,"17S","17S1H2S1Q",2,2026-09-24 11:12:30.1030000,0,2056,0,2026-09-24 11:12:31.1630000,39.924790,-81.461790
2789414,"Joddbole",927,70,"34V","34V1H6S4Q",2,2026-09-24 11:12:34.2900000,0,1666,0,2026-09-24 11:12:34.2900000,60.016670,23.933330
1955408,"Chestnut Grove Cottage Area",3563,233,"17S","17S1H2S1Q",2,2026-09-24 11:12:36.5670000,0,991,0,2026-09-24 11:12:36.5670000,39.935070,-81.420120
2358475,"Bonne Nouvelle",961,75,"30U","30U2H5S3Q",2,2016-09-13 09:28:26.2670000,0,4079654,0,2026-09-24 11:12:37.6900000,48.766670,-3.583330
1955720,"Echo Point",3563,233,"17S","17S1H2S1Q",2,2026-09-24 11:12:44.8170000,0,1232,0,2026-09-24 11:12:44.8170000,39.941740,-81.405400
2566775,"Wybunbury",979,77,"30U","30U1H5S2Q",2,2024-10-09 12:14:23.2500000,0,435800,0,2026-09-24 11:15:24.9100000,53.033330,-2.450000
1852317,"Knollwood",3585,233,"17S","17S1H3S4Q",1,2026-09-24 11:19:05.9770000,955,0,0,2026-09-24 11:19:05.9770000,38.060690,-78.509460
1851048,"McCormick Road Houses",3585,233,"17S","17S1H3S4Q",1,2026-09-24 11:19:26.1600000,649,0,0,2026-09-24 11:19:26.1600000,38.035420,-78.511680
1850998,"Alderman Road Houses",3585,233,"17S","17S1H3S4Q",1,2026-09-24 11:19:39.3900000,1131,1081,0,2026-09-24 11:19:39.3900000,38.034030,-78.516400
1849385,"Sherwood Manor",3585,233,"17S","17S1H3S4Q",1,2026-09-24 11:19:52.7400000,1058,0,0,2026-09-24 11:19:52.7400000,38.007080,-78.525010
1849300,"Oak Hill",3585,233,"17S","17S1H3S4Q",1,2026-09-24 11:20:00.1000000,1058,0,0,2026-09-24 11:20:00.1000000,38.005140,-78.523070
1839460,"Lawthorne Mill",3585,233,"17S","17S1H6S2Q",1,2026-09-24 11:20:57.3570000,1062,0,0,2026-09-24 11:20:57.3570000,37.827640,-78.787520
2059759,"Jenne",1377,110,"33T","33T2H4S2Q",3,2013-04-26 23:11:37.7230000,0,0,126968,2026-09-24 11:21:03.1800000,41.888820,13.169590
1695163,"Hydeland",3545,233,"18S","18S2H1S2Q",3,2015-12-31 16:45:30.5200000,0,300,10354,2026-09-24 11:23:20.2730000,35.426560,-76.219640
1841190,"Twin Poplars",3585,233,"17S","17S1H6S2Q",1,2026-09-24 11:26:05.0600000,1062,0,0,2026-09-24 11:26:05.0600000,37.860700,-78.803910
1973035,"Sanatoga",3584,233,"18T","18T2H5S3Q",3,2017-09-10 13:31:32.8100000,1551,0,248760,2026-09-24 11:26:21.1200000,40.249810,-75.588550
1850555,"Charlottesville",3585,233,"17S","17S1H3S4Q",1,2026-02-21 13:30:55.0970000,3550,0,0,2026-09-24 11:26:59.9130000,38.029310,-78.476680
2679669,"Akulovo",2671,192,"37U","37U1H1S2Q",2,2024-06-30 05:24:42.5130000,0,113292,1034,2026-09-24 11:29:32.3030000,56.000000,37.800000
2680220,"Novaya Derevnya",2671,192,"37V","37V2H4S4Q",2,2024-07-08 10:33:54.3730000,0,181627,517,2026-09-24 11:29:39.4600000,56.016670,37.866670
2681357,"Bratovshchina",2671,192,"37V","37V2H4S4Q",2,2025-05-25 09:29:47.3170000,0,108813,517,2026-09-24 11:29:50.6530000,56.050000,37.883330
2681356,"Zelenyy Gorod",2671,192,"37V","37V2H4S4Q",2,2025-05-25 09:29:54.6130000,0,112220,517,2026-09-24 11:29:57.2930000,56.050000,37.866670
2680304,"Pushkino",2671,192,"37V","37V2H4S4Q",2,2023-10-25 04:30:44.1670000,0,109248,517,2026-09-24 11:30:11.8930000,56.017220,37.866670
2295990,"Buelach / Altstadt",503,43,"32T","32T1H2S1Q",3,2024-05-09 11:19:12.8600000,0,0,19684054,2026-09-24 11:30:13.2270000,47.517610,8.540460
2679317,"Kavezino",2671,192,"37U","37U1H1S2Q",2,2026-03-09 14:50:00.6070000,0,318236,517,2026-09-24 11:30:21.2970000,55.986390,37.881940
2678605,"Lesnyye Polyany",2671,192,"37U","37U1H1S2Q",2,2026-02-06 14:53:35.5770000,0,111240,517,2026-09-24 11:30:27.8900000,55.966670,37.866670
2358438,"Le Guiler",961,75,"30U","30U2H5S3Q",2,2016-09-13 10:25:20.3600000,0,4076155,0,2026-09-24 11:33:18.1300000,48.763840,-3.570580
2358476,"Trebeurden",961,75,"30U","30U2H5S3Q",2,2016-09-13 10:25:58.6970000,0,4077891,0,2026-09-24 11:33:21.2270000,48.766670,-3.566670
2358477,"Penlan",961,75,"30U","30U2H5S3Q",2,2016-09-13 10:25:30.1230000,0,4079457,0,2026-09-24 11:33:25.6400000,48.766670,-3.550000
2358298,"Keravel",961,75,"30U","30U2H5S3Q",2,2023-12-13 22:54:03.6530000,0,468710,0,2026-09-24 11:33:29.5330000,48.753660,-3.549250
2357613,"Becleguer",961,75,"30U","30U2H5S3Q",2,2017-03-26 10:17:50.1730000,0,4065939,0,2026-09-24 11:33:34.7900000,48.741440,-3.541550
2357741,"Servel",961,75,"30U","30U2H5S3Q",2,2017-05-01 02:05:17.8630000,0,525784,0,2026-09-24 11:33:42.3600000,48.750000,-3.483330
2358479,"Cite",961,75,"30U","30U2H5S3Q",2,2017-08-13 21:33:24.3600000,0,523356,0,2026-09-24 11:33:56.0900000,48.766670,-3.450000
2359222,"Saint-Quay-Perros",961,75,"30U","30U2H5S3Q",2,2016-09-19 10:56:41.6800000,0,522917,0,2026-09-24 11:34:02.8830000,48.783330,-3.450000
1593156,"Killarney West",3539,233,"17S","17S2H4S1Q",1,2013-12-26 05:01:42.2800000,380390,0,0,2026-09-24 11:38:05.7000000,33.869840,-83.436270
12514,"Kensington",143,13,"56H","56H1H1S4Q",3,2018-09-29 23:00:56.4000000,0,1017,1147188,2026-09-24 11:42:36.1330000,-33.916670,151.216670
1718256,"Wescliff",3545,233,"17S","17S2H2S2Q",1,2026-09-24 11:46:27.8200000,5877,0,0,2026-09-24 11:46:39.9170000,35.834300,-80.286720
1963790,"Riverlea",3563,233,"17T","17T2H4S3Q",1,2026-09-09 14:00:22.8570000,19609,0,0,2026-09-24 11:46:59.9700000,40.082010,-83.025180
151784,"Cruz Orjo",2383,175,"18L","18L2H3S4Q",1,2019-08-07 20:08:15.1900000,6993,0,0,2026-09-24 11:47:15.6470000,-13.368330,-72.054720
151355,"Ayasamachina",2383,175,"18L","18L2H3S4Q",1,2019-08-07 20:10:31.4400000,4493,0,0,2026-09-24 11:47:30.5230000,-13.406110,-72.044720
2038551,"Cornwall-on-Hudson",3562,233,"18T","18T2H5S2Q",2,2026-09-24 08:38:48.2100000,0,2224,0,2026-09-24 11:50:33.0370000,41.444820,-74.015700
2561860,"Kirk Langley",979,77,"30U","30U1H6S3Q",2,2024-07-19 14:57:52.0900000,0,64882,0,2026-09-24 11:52:17.5870000,52.933330,-1.566670
2676584,"Korolev",2671,192,"37U","37U1H1S2Q",2,2023-06-28 18:15:44.9830000,0,506517,517,2026-09-24 11:53:03.3470000,55.914170,37.825560
2677995,"Pervomayskiy",2671,192,"37U","37U1H1S2Q",2,2024-03-11 12:57:15.2070000,0,123059,517,2026-09-24 11:53:24.4070000,55.950000,37.866670
151116,"Huilahuila",2383,175,"18L","18L2H3S4Q",1,2019-08-07 20:08:30.8030000,6993,0,0,2026-09-24 11:57:17.3800000,-13.422780,-72.056670
2360575,"Perros-Guirec",961,75,"30U","30U2H5S3Q",2,2022-05-30 09:13:19.8470000,0,7013014,0,2026-09-24 12:00:07.1830000,48.814540,-3.439630
2360610,"Trestraou",961,75,"30U","30U2H5S3Q",2,2010-01-01 00:00:00.0000000,0,12040372,0,2026-09-24 12:00:11.7300000,48.816670,-3.466670
2361140,"La Clarte",961,75,"30U","30U2H5S3Q",2,2010-01-01 00:00:00.0000000,0,4005001,0,2026-09-24 12:00:15.1100000,48.820540,-3.475850
2361243,"Ploumanac'h",961,75,"30U","30U2H5S3Q",2,2014-07-11 16:10:50.5430000,0,4007167,0,2026-09-24 12:00:20.0330000,48.828060,-3.484730
2361274,"Ploumanach",961,75,"30U","30U2H5S3Q",2,2014-04-04 07:41:39.2800000,0,4006532,0,2026-09-24 12:00:23.3570000,48.830180,-3.485280
2361309,"Saint-Guirec",961,75,"30U","30U2H5S3Q",2,2010-01-01 00:00:00.0000000,0,4005772,0,2026-09-24 12:00:26.5970000,48.832350,-3.486190
2361335,"Sainte-Anne",961,75,"30U","30U2H5S3Q",2,2015-09-19 12:33:02.1070000,0,4025802,0,2026-09-24 12:00:31.9670000,48.833330,-3.500000
2361192,"Keredol",961,75,"30U","30U2H5S3Q",2,2016-09-13 09:29:01.8230000,0,4064268,0,2026-09-24 12:00:38.5300000,48.824530,-3.514230
1715127,"Earpsboro",3545,233,"17S","17S2H3S2Q",3,2026-09-24 12:02:15.4870000,0,0,836,2026-09-24 12:02:15.4870000,35.781540,-78.293330
1849467,"Country Green",3585,233,"17S","17S1H3S4Q",1,2026-09-24 12:03:03.7470000,1678,0,0,2026-09-24 12:03:03.7470000,38.009030,-78.522510
1849714,"Sherwood Farms",3585,233,"17S","17S1H3S4Q",1,2026-09-24 12:03:09.3600000,1045,0,0,2026-09-24 12:03:09.3600000,38.014860,-78.540290
1850563,"Buckingham Circle",3585,233,"17S","17S1H3S4Q",1,2026-09-24 12:03:16.0630000,1299,0,0,2026-09-24 12:03:16.0630000,38.029580,-78.530570
1851213,"Bellair",3585,233,"17S","17S1H3S4Q",1,2026-09-24 12:03:29.1800000,1353,0,0,2026-09-24 12:03:29.1800000,38.039310,-78.530850
2361334,"Tregastel-Plage",961,75,"30U","30U2H5S3Q",2,2016-10-06 10:50:51.2000000,0,4057367,0,2026-09-24 12:03:58.9100000,48.833330,-3.516670
1851275,"University Heights",3585,233,"17S","17S1H3S4Q",1,2026-09-24 12:04:20.1000000,1357,0,0,2026-09-24 12:04:20.1000000,38.040970,-78.522240
1851614,"Huntington Village",3585,233,"17S","17S1H3S4Q",1,2026-09-24 12:09:39.6970000,1784,0,0,2026-09-24 12:09:47.2600000,38.049310,-78.519180
2279312,"Cham",504,43,"32T","32T1H2S1Q",3,2024-08-21 04:50:56.8000000,0,0,3241994,2026-09-24 12:15:15.8100000,47.183330,8.466670
1895262,"Bennetts Point",3542,233,"18S","18S1H1S4Q",1,2026-09-24 12:16:21.6770000,1144,0,0,2026-09-24 12:16:21.6770000,38.892610,-76.189390
1895342,"Wye Acres",3542,233,"18S","18S1H1S4Q",1,2026-09-24 12:16:29.6000000,1144,0,0,2026-09-24 12:16:29.6030000,38.894560,-76.180230
1896106,"Queen Annes on Wye",3542,233,"18S","18S1H1S4Q",1,2026-09-24 12:16:39.5930000,1144,0,0,2026-09-24 12:16:39.5930000,38.908450,-76.173000
1896738,"Sportsman Hall",3542,233,"18S","18S1H1S4Q",1,2026-09-24 12:16:46.6400000,1144,0,0,2026-09-24 12:16:46.6400000,38.918170,-76.171060
1745709,"Valley Park",3546,233,"15S","15S1H4S3Q",3,2014-06-02 00:30:37.7000000,0,0,7000688,2026-09-24 12:16:53.2230000,36.292870,-95.737480
1897290,"Sayers Forest",3542,233,"18S","18S1H1S4Q",1,2026-09-24 12:16:53.6770000,1143,0,0,2026-09-24 12:16:53.6770000,38.930670,-76.170500
1897873,"Guys",3542,233,"18S","18S1H1S4Q",1,2026-09-24 12:17:00.5170000,1145,0,0,2026-09-24 12:17:00.5170000,38.939560,-76.170230
2678756,"Ivanteyevka",2671,192,"37U","37U1H1S2Q",2,2026-07-09 06:05:36.7800000,157600,378538,3754,2026-09-24 12:17:07.2230000,55.971110,37.920830
1898017,"Belle Point Farm",3542,233,"18S","18S1H1S4Q",1,2026-09-24 12:17:07.6270000,1145,0,0,2026-09-24 12:17:07.6270000,38.942610,-76.167450
1898516,"Wye River Farms",3542,233,"18S","18S1H1S4Q",1,2026-09-24 12:17:13.0570000,1145,0,0,2026-09-24 12:17:13.0570000,38.950110,-76.162170
1899238,"Wye Harbor",3542,233,"18S","18S1H1S4Q",1,2026-09-24 12:17:37.7130000,1154,0,0,2026-09-24 12:17:37.7130000,38.965390,-76.168280
2451277,"Afnay",255,20,"31U","31U2H3S4Q",1,2025-07-31 17:43:55.3470000,100804,0,0,2026-09-24 12:17:41.6170000,50.726160,5.772970
2452045,"Warsage",255,20,"31U","31U2H3S4Q",1,2026-05-18 15:51:41.7730000,100719,0,0,2026-09-24 12:17:45.5700000,50.735170,5.768800
2446411,"Queue-du-Bois",255,20,"31U","31U2H3S4Q",1,2024-12-28 14:17:09.3970000,100889,0,0,2026-09-24 12:18:01.9130000,50.638180,5.680280
1896933,"East Prospect Plantation",3542,233,"18S","18S1H1S4Q",1,2026-09-24 12:19:02.7530000,1144,0,0,2026-09-24 12:19:02.7530000,38.922340,-76.184120
1734461,"Mazie",3546,233,"15S","15S1H4S3Q",3,2023-08-29 23:49:47.6430000,0,0,401719,2026-09-24 12:19:27.9200000,36.107600,-95.363300
2356969,"Lannion",961,75,"30U","30U2H5S3Q",2,2017-05-01 11:24:26.7200000,0,546370,0,2026-09-24 12:20:27.1230000,48.733330,-3.466670
2165913,"Smiths Ferry",3573,233,"11T","11T1H5S4Q",3,2023-05-04 01:52:01.4230000,0,600,200060,2026-09-24 12:20:31.6430000,44.301280,-116.089570
2357521,"Loguivy",961,75,"30U","30U2H5S3Q",2,2016-01-27 06:43:45.8800000,0,512824,0,2026-09-24 12:20:31.9070000,48.735890,-3.482330
2356968,"Saint-Nicodeme",961,75,"30U","30U2H5S3Q",2,2016-01-27 06:44:24.5730000,0,512264,0,2026-09-24 12:20:35.2800000,48.733330,-3.483330
2357547,"Brelevenez",961,75,"30U","30U2H5S3Q",2,2017-08-13 21:33:41.0000000,0,517728,0,2026-09-24 12:20:41.0930000,48.737440,-3.455330
2356193,"Saint-Patrice",961,75,"30U","30U2H5S3Q",2,2016-01-27 06:45:02.0600000,0,257587,0,2026-09-24 12:20:46.3100000,48.716670,-3.466670
1381478,"Redwood",3549,233,"14R","14R1H6S1Q",3,2026-01-01 04:20:26.9970000,0,3919,840342,2026-09-24 12:24:58.9970000,29.810220,-97.911390
151106,"Pongobamba",2383,175,"18L","18L2H3S4Q",1,2022-12-05 21:13:03.9500000,10743,0,0,2026-09-24 12:32:40.4400000,-13.425280,-72.029440
1867739,"Paderborn",3554,233,"15S","15S1H3S4Q",2,2026-01-16 12:46:44.5370000,18040,83486,0,2026-09-24 12:34:09.5000000,38.360330,-90.042610
1868600,"Floraville",3554,233,"15S","15S1H3S4Q",2,2026-09-21 11:58:07.7730000,31020,44447,0,2026-09-24 12:34:29.1730000,38.376440,-90.056220
2356971,"Saint-Dogmel",961,75,"30U","30U2H5S3Q",2,2014-05-07 04:59:01.4830000,0,510909,0,2026-09-24 12:36:01.8730000,48.733330,-3.400000
2356194,"Buhulien",961,75,"30U","30U2H5S3Q",2,2013-05-15 07:15:08.8930000,0,251257,0,2026-09-24 12:36:07.0900000,48.716670,-3.400000
2147581,"Aucamville",951,75,"31T","31T2H1S2Q",2,2017-09-29 20:15:39.0630000,0,166244,0,2026-09-24 12:36:09.9230000,43.800000,1.216670
2356972,"Rospez",961,75,"30U","30U2H5S3Q",2,2016-09-19 10:51:58.2730000,0,535537,0,2026-09-24 12:36:12.5300000,48.733330,-3.383330
2146939,"Saint-Cezert",951,75,"31T","31T2H1S2Q",2,2017-09-19 22:21:53.4170000,0,96684,0,2026-09-24 12:36:15.2500000,43.782990,1.194590
2356974,"Lanmerin",961,75,"30U","30U2H5S3Q",2,2016-10-02 12:25:29.3630000,0,260664,0,2026-09-24 12:36:19.2830000,48.733330,-3.350000
2145596,"Launac",951,75,"31T","31T2H1S2Q",2,2024-04-24 18:36:00.8800000,0,7630,0,2026-09-24 12:36:20.8530000,43.743570,1.181720
2145467,"Larra",951,75,"31T","31T2H1S2Q",2,2017-09-18 04:58:50.1170000,0,262864,0,2026-09-24 12:36:25.1430000,43.738480,1.230640
2356975,"Quemperven",961,75,"30U","30U2H5S3Q",2,2016-10-21 14:36:20.9900000,0,6020316,0,2026-09-24 12:36:28.6800000,48.733330,-3.316670
2144595,"Thil",951,75,"31T","31T2H1S2Q",2,2018-05-09 05:02:18.2770000,0,54741,0,2026-09-24 12:36:29.8830000,43.716670,1.166670
2144342,"Bretx",951,75,"31T","31T2H1S2Q",2,2021-07-29 13:06:28.9070000,0,26441,0,2026-09-24 12:36:34.1330000,43.707590,1.199400
2143214,"Menville",951,75,"31T","31T2H1S2Q",2,2018-04-27 21:32:06.2830000,0,35422,0,2026-09-24 12:36:38.9730000,43.678050,1.195280
2145497,"Pelleport",951,75,"31T","31T2H1S2Q",2,2023-05-13 08:04:05.4100000,0,13932,0,2026-09-24 12:36:43.6670000,43.739480,1.118370
2557759,"Rolleston",979,77,"30U","30U1H6S3Q",2,2024-07-21 01:14:35.6970000,0,59588,0,2026-09-24 12:37:06.5200000,52.845240,-1.645980
1937668,"South Cumberland",3542,233,"17S","17S1H3S2Q",3,2026-06-12 17:36:52.0770000,0,0,395434,2026-09-24 12:37:18.2070000,39.632590,-78.755850
1938183,"Cumberland Heights",3542,233,"17S","17S1H3S2Q",3,2026-03-16 16:19:50.4000000,0,0,635050,2026-09-24 12:37:24.9670000,39.640090,-78.756960
1938985,"Cumberland",3542,233,"17S","17S1H3S2Q",3,2025-09-22 15:48:15.7670000,0,0,2605817,2026-09-24 12:37:31.9030000,39.652870,-78.762520
1938237,"Ridgeley",3550,233,"17S","17S1H3S2Q",3,2018-08-26 10:54:38.6600000,0,0,30636034,2026-09-24 12:37:40.8430000,39.641480,-78.774460
1955737,"Hickory Grove Cottage Area",3563,233,"17S","17S1H2S1Q",2,2026-09-24 12:37:46.7700000,0,1002,0,2026-09-24 12:37:46.7700000,39.942290,-81.413450
1663439,"Silver Hill",3545,233,"17S","17S2H3S3Q",2,2026-09-24 12:39:52.6530000,0,849,0,2026-09-24 12:39:52.6530000,34.889600,-79.483660
2447474,"Haute Saive",255,20,"31U","31U2H3S4Q",1,2025-06-27 07:08:26.7670000,101032,0,0,2026-09-24 12:40:03.1370000,50.658460,5.676280
2449694,"Heusiere",255,20,"31U","31U2H3S4Q",1,2026-08-15 16:04:55.7070000,6323,0,0,2026-09-24 12:40:23.7330000,50.700000,5.766670
1754951,"Blackwell",3545,233,"17S","17S1H6S3Q",3,2026-09-24 12:41:41.9900000,0,0,1158,2026-09-24 12:41:41.9900000,36.442640,-79.463630
1759440,"Mayfield",3545,233,"17S","17S1H6S3Q",3,2026-09-24 12:41:48.9930000,0,0,1159,2026-09-24 12:41:48.9930000,36.511250,-79.566690
1758401,"Happy Home",3545,233,"17S","17S1H6S3Q",3,2026-09-24 12:41:55.6600000,0,0,1164,2026-09-24 12:41:55.6600000,36.496250,-79.628360
1757166,"Stephens Crossroads",3545,233,"17S","17S1H6S3Q",3,2026-09-24 12:41:59.2970000,0,0,1166,2026-09-24 12:41:59.2970000,36.477640,-79.611140
1755292,"Oregon Hill",3545,233,"17S","17S1H6S3Q",3,2026-09-24 12:42:03.1900000,0,0,1166,2026-09-24 12:42:03.1900000,36.448470,-79.636970
1753608,"Cedar Ridge",3545,233,"17S","17S1H6S3Q",3,2026-09-24 12:42:09.2970000,0,0,1161,2026-09-24 12:42:09.2970000,36.420140,-79.656980
1955572,"West Shore Cottage Area",3563,233,"17S","17S1H2S1Q",2,2026-09-24 11:13:06.6970000,0,2057,0,2026-09-24 12:42:13.3270000,39.938400,-81.418730
1755861,"Forestdale",3545,233,"17S","17S1H6S3Q",3,2026-09-24 12:42:20.5930000,0,0,1164,2026-09-24 12:42:20.5930000,36.455970,-79.716140
1954524,"Lakeview",3563,233,"17S","17S1H2S1Q",2,2026-09-24 12:42:24.1100000,0,992,0,2026-09-24 12:42:24.1100000,39.922020,-81.433170
1756244,"Country Lane",3545,233,"17S","17S1H6S3Q",3,2026-09-24 12:42:26.7430000,0,0,1158,2026-09-24 12:42:26.7430000,36.462920,-79.733090
1953664,"Temperanceville",3563,233,"17S","17S1H2S1Q",2,2026-09-24 12:42:55.3770000,0,1602,0,2026-09-24 12:42:56.4630000,39.907850,-81.229560
2677527,"Krasnoznamenskiy",2671,192,"37U","37U1H1S2Q",2,2024-08-15 04:53:13.7000000,0,25776,1034,2026-09-24 12:42:58.2100000,55.934720,37.940830
1955997,"Hunter",3563,233,"17S","17S1H2S1Q",2,2026-09-24 12:43:17.5930000,0,1362,0,2026-09-24 12:43:18.7000000,39.947850,-81.057320
2676008,"Serkovo",2671,192,"37U","37U1H1S2Q",2,2023-09-05 15:05:45.0370000,0,23394,1241,2026-09-24 12:43:19.7800000,55.898220,37.962630
2279020,"Halten",510,43,"32T","32T1H1S2Q",1,2014-12-29 02:59:22.0100000,1210199,0,0,2026-09-24 12:43:26.2630000,47.168830,7.603480
2664130,"Yermolino",2671,192,"37U","37U1H1S2Q",2,2024-07-06 14:10:46.4600000,0,33941,1241,2026-09-24 12:44:14.8770000,55.536830,37.712670
2357744,"Langoat",961,75,"30U","30U2H5S3Q",2,2010-01-01 00:00:00.0000000,0,40410,0,2026-09-24 12:44:23.0670000,48.750000,-3.283330
2359224,"Camlez",961,75,"30U","30U2H5S3Q",2,2016-10-21 14:36:30.1600000,0,61554,0,2026-09-24 12:44:30.8830000,48.783330,-3.300000
2361304,"Placen Amic",961,75,"30U","30U2H5S3Q",2,2016-10-21 14:36:55.2700000,0,132315,0,2026-09-24 12:44:41.5100000,48.832150,-3.290280
2518218,"Hengeler-Wendfeld",707,57,"32U","32U1H4S3Q",1,2026-09-24 12:46:16.0030000,798,0,0,2026-09-24 12:46:16.0030000,52.016670,6.916670
2516732,"Stadtlohn",707,57,"32U","32U2H1S1Q",1,2026-09-24 12:46:29.4970000,872,0,0,2026-09-24 12:46:29.4970000,51.983330,6.933330
2516733,"Estern-Buren",707,57,"32U","32U2H1S1Q",1,2026-09-24 12:46:39.2200000,1118,0,0,2026-09-24 12:46:39.2200000,51.983330,6.983330
2172519,"Giulesti",2632,190,"35T","35T1H5S3Q",3,2026-07-07 19:33:25.7130000,0,0,430035,2026-09-24 12:46:42.1970000,44.466670,26.000000
1757887,"Bearslide",3545,233,"17S","17S1H6S3Q",3,2026-09-24 12:47:11.9530000,0,0,1465,2026-09-24 12:47:11.9530000,36.487640,-79.744480
2298145,"Ujpest",1222,100,"34T","34T1H1S2Q",1,2017-03-21 16:09:33.6930000,1975859,0,0,2026-09-24 12:47:17.6700000,47.566670,19.083330
1758275,"Smith Acres",3545,233,"17S","17S1H6S3Q",3,2026-09-24 12:47:18.1470000,0,0,1158,2026-09-24 12:47:18.1470000,36.494300,-79.789480
1746817,"Oak Hills",3545,233,"17S","17S1H6S3Q",3,2026-09-24 12:50:05.2170000,0,0,1161,2026-09-24 12:50:05.2170000,36.311520,-79.690310
1745046,"Williamsburg",3545,233,"17S","17S1H6S3Q",3,2026-09-24 12:50:17.8870000,0,0,1163,2026-09-24 12:50:17.8870000,36.282910,-79.597530
2676827,"Kostino",2671,192,"37U","37U1H1S2Q",2,2023-08-04 03:16:52.9100000,0,182747,0,2026-09-24 12:51:19.1970000,55.916670,37.850000
2202453,"Caleri",1366,110,"33T","33T1H4S1Q",2,2026-08-29 12:10:39.4570000,600,1946,0,2026-09-24 12:53:37.8170000,45.096670,12.324170
825674,"Ban Thung Mo Daeng",3163,218,"47P","47P1H5S2Q",0,2010-01-01 00:00:00.0000000,0,0,0,2026-09-24 12:53:48.0470000,13.508500,99.360390
825748,"Ban Thung Kula",3163,218,"47P","47P1H5S2Q",0,2010-01-01 00:00:00.0000000,0,0,0,2026-09-24 12:53:49.0970000,13.510420,99.288310
825782,"Ban Wang Nam Khiao",3163,218,"47P","47P1H5S2Q",0,2010-01-01 00:00:00.0000000,0,0,0,2026-09-24 12:53:50.1200000,13.511170,99.393670
2240576,"Piaia",1366,110,"33T","33T1H1S3Q",1,2026-09-24 12:53:50.9670000,435,0,0,2026-09-24 12:53:50.9670000,46.163610,12.276390
825818,"Ban Hin Sung",3163,218,"47P","47P1H5S2Q",0,2010-01-01 00:00:00.0000000,0,0,0,2026-09-24 12:53:51.1670000,13.512110,99.378890
825871,"Ban Tha Makham",3163,218,"47P","47P1H5S2Q",0,2010-01-01 00:00:00.0000000,0,0,0,2026-09-24 12:53:52.2070000,13.513110,99.309580
825934,"Suan Phueng",3163,218,"47P","47P1H5S2Q",0,2010-01-01 00:00:00.0000000,0,0,0,2026-09-24 12:53:53.2500000,13.514860,99.343780
825935,"Ban Tha Khoei",3163,218,"47P","47P1H5S2Q",0,2010-01-01 00:00:00.0000000,0,0,0,2026-09-24 12:53:54.4300000,13.514860,99.350220
826619,"Ban Huai Haeng",3163,218,"47P","47P1H5S2Q",0,2010-01-01 00:00:00.0000000,0,0,0,2026-09-24 12:53:55.9700000,13.524830,99.329000
826874,"Ban Pong I Keng",3163,218,"47P","47P1H5S2Q",0,2010-01-01 00:00:00.0000000,0,0,0,2026-09-24 12:53:57.1970000,13.531080,99.378920
827248,"Ban Bo",3163,218,"47P","47P1H5S2Q",0,2010-01-01 00:00:00.0000000,0,0,0,2026-09-24 12:53:58.3800000,13.533330,99.333330
827403,"Ban Thung Faek",3163,218,"47P","47P1H5S2Q",0,2010-01-01 00:00:00.0000000,0,0,0,2026-09-24 12:53:59.4130000,13.535700,99.324390
827550,"Ban Noen",3163,218,"47P","47P1H5S2Q",0,2010-01-01 00:00:00.0000000,0,0,0,2026-09-24 12:54:00.5930000,13.539140,99.437140
827595,"Ban Na Rai Diao",3163,218,"47P","47P1H5S2Q",0,2010-01-01 00:00:00.0000000,0,0,0,2026-09-24 12:54:01.6270000,13.540030,99.448220
827600,"Ban Nong Song Hong",3163,218,"47P","47P1H5S2Q",0,2010-01-01 00:00:00.0000000,0,0,0,2026-09-24 12:54:02.6600000,13.540080,99.416810
827636,"Ban Nong Hin",3163,218,"47P","47P1H5S2Q",0,2010-01-01 00:00:00.0000000,0,0,0,2026-09-24 12:54:03.6970000,13.541060,99.370610
827752,"Ban Pong Keng",3163,218,"47P","47P1H5S2Q",0,2010-01-01 00:00:00.0000000,0,0,0,2026-09-24 12:54:04.7270000,13.543700,99.405720
827793,"Ban Chatsan",3163,218,"47P","47P1H5S2Q",0,2010-01-01 00:00:00.0000000,0,0,0,2026-09-24 12:54:05.7630000,13.544580,99.422360
827805,"Suan Phueng",3163,218,"47P","47P1H5S2Q",0,2010-01-01 00:00:00.0000000,0,0,0,2026-09-24 12:54:06.7970000,13.544720,99.340110
827945,"Ban Chat Pa Wai",3163,218,"47P","47P1H5S2Q",0,2010-01-01 00:00:00.0000000,0,0,0,2026-09-24 12:54:07.8270000,13.548140,99.459330
2240509,"Pieve d'Alpago",1366,110,"33T","33T1H1S3Q",1,2026-09-24 12:54:08.5400000,430,0,0,2026-09-24 12:54:08.5400000,46.159170,12.340000
828458,"Ban Chat Nong Mi",3163,218,"47P","47P1H5S2Q",0,2010-01-01 00:00:00.0000000,0,0,0,2026-09-24 12:54:08.8570000,13.552780,99.396500
828496,"Ban Huai Sai",3163,218,"47P","47P1H5S2Q",0,2010-01-01 00:00:00.0000000,0,0,0,2026-09-24 12:54:09.9070000,13.553640,99.415000
828560,"Ban Nong Makha",3163,218,"47P","47P1H5S2Q",0,2010-01-01 00:00:00.0000000,0,0,0,2026-09-24 12:54:10.9400000,13.555360,99.466750
828676,"Ban Pong Yo",3163,218,"47P","47P1H5S2Q",0,2010-01-01 00:00:00.0000000,0,0,0,2026-09-24 12:54:12.0270000,13.558220,99.367860
828866,"Ban Na Khun Saen",3163,218,"47P","47P1H5S2Q",0,2010-01-01 00:00:00.0000000,0,0,0,2026-09-24 12:54:13.0670000,13.562780,99.358610
829939,"Ban Thung Phiman",3163,218,"47P","47P1H5S2Q",0,2010-01-01 00:00:00.0000000,0,0,0,2026-09-24 12:54:14.0930000,13.582580,99.401170
2240581,"Chies d'Alpago",1366,110,"33T","33T1H1S3Q",1,2026-09-24 12:54:18.6800000,423,0,0,2026-09-24 12:54:18.6800000,46.163890,12.396110
2241079,"Lamosano",1366,110,"33T","33T1H1S3Q",1,2026-09-24 12:54:28.9300000,423,0,0,2026-09-24 12:54:28.9300000,46.171940,12.395280
1780348,"San Juan Bautista",3567,233,"10S","10S1H6S3Q",1,2024-05-18 00:20:12.7630000,976226,0,6673,2026-09-24 12:54:35.3400000,36.845510,-121.538000
2241036,"Quers",1366,110,"33T","33T1H1S3Q",1,2026-09-24 12:54:37.1500000,426,0,0,2026-09-24 12:54:37.1500000,46.169720,12.373330
2243484,"Contron",1378,110,"33T","33T1H1S3Q",1,2026-09-24 12:54:57.9970000,409,0,0,2026-09-24 12:54:57.9970000,46.235830,12.487780
2241281,"Staol",1366,110,"33T","33T1H1S3Q",1,2026-09-24 12:56:06.7630000,426,0,0,2026-09-24 12:56:06.7630000,46.183060,12.362220
2243623,"Fae",1366,110,"33T","33T1H1S3Q",1,2026-08-29 12:17:26.0400000,1759,0,0,2026-09-24 12:56:53.9300000,46.245560,12.293890
2623488,"Dengelsberg",702,57,"32U","32U1H2S4Q",3,2022-10-25 02:55:30.9330000,0,0,101050,2026-09-24 12:57:50.8170000,54.333330,9.800000
1757426,"Meadowood",3545,233,"17S","17S1H6S3Q",3,2026-09-24 12:58:30.1030000,0,0,1155,2026-09-24 12:58:30.1030000,36.482360,-79.810870
1757037,"Reywin Acres",3545,233,"17S","17S1H6S3Q",3,2026-09-24 12:58:34.8730000,0,0,1150,2026-09-24 12:58:34.8730000,36.475140,-79.817540
1756097,"Homestead",3545,233,"17S","17S1H6S3Q",3,2026-09-24 12:58:39.8900000,0,0,1151,2026-09-24 12:58:39.8900000,36.460140,-79.817820
1755900,"Shiloh Acres",3545,233,"17S","17S1H6S3Q",3,2026-09-24 12:58:43.3470000,0,0,1161,2026-09-24 12:58:43.3470000,36.456800,-79.846700
2259226,"Goschenen",507,43,"32T","32T1H2S3Q",3,2026-09-24 13:01:43.8530000,0,0,788,2026-09-24 13:01:43.8530000,46.666670,8.583330
2083889,"Williamsville",3557,233,"16T","16T2H3S4Q",1,2016-05-03 03:32:34.6430000,1225862,0,0,2026-09-24 13:01:56.1870000,42.438920,-84.096620
2258215,"Andermatt",507,43,"32T","32T1H2S3Q",3,2026-09-24 13:02:48.5000000,0,0,2614,2026-09-24 13:02:51.4970000,46.635650,8.593880
2222413,"Lachute",459,38,"18T","18T1H5S2Q",1,2026-06-12 16:35:31.8470000,400393,0,0,2026-09-24 13:03:21.7530000,45.650080,-74.332530
1733793,"Mount Zion",3545,233,"17S","17S1H6S3Q",3,2026-09-24 13:04:46.8930000,0,0,1160,2026-09-24 13:04:46.8930000,36.097080,-79.725860
1744217,"Anderson",3545,233,"17S","17S1H6S3Q",3,2026-09-24 13:05:00.2500000,0,0,1159,2026-09-24 13:05:00.2500000,36.267080,-79.345300
2268582,"Flueelen",507,43,"32T","32T1H2S3Q",3,2026-09-24 13:06:13.2900000,0,0,5853,2026-09-24 13:06:19.1270000,46.900000,8.616670
2003820,"Harlem",3562,233,"18T","18T2H6S3Q",3,2014-01-11 06:18:07.5200000,300,0,552818,2026-09-24 13:06:44.6300000,40.808740,-73.945880
2568540,"Whatstandwell",979,77,"30U","30U1H6S1Q",3,2024-05-14 15:57:25.3830000,0,0,1856454,2026-09-24 13:10:55.7830000,53.066670,-1.500000
2566013,"Hazelwood",979,77,"30U","30U1H6S1Q",3,2024-05-14 15:16:57.5930000,0,0,1791316,2026-09-24 13:11:08.6170000,53.016670,-1.500000
2565288,"Windley",979,77,"30U","30U1H6S3Q",3,2024-05-14 17:58:26.7970000,0,0,1051270,2026-09-24 13:11:16.7870000,53.000000,-1.550000
2563542,"Weston Underwood",979,77,"30U","30U1H6S3Q",3,2024-05-14 19:13:12.2570000,0,0,233941,2026-09-24 13:11:25.9000000,52.966670,-1.550000
2563541,"Mugginton",979,77,"30U","30U1H6S3Q",3,2024-05-14 19:13:17.5030000,0,0,327438,2026-09-24 13:11:32.1070000,52.966670,-1.566670
2566011,"Hulland",979,77,"30U","30U1H6S1Q",3,2024-05-14 19:47:14.6900000,0,0,587738,2026-09-24 13:11:39.4500000,53.016670,-1.633330
2247878,"Selma",3557,233,"16T","16T1H2S3Q",1,2012-08-08 01:44:58.5430000,722659,0,0,2026-09-24 13:11:54.1500000,46.362160,-87.182090
2664235,"Spasskoye",2671,192,"37U","37U1H1S2Q",2,2024-05-27 18:10:19.6600000,0,201048,517,2026-09-24 13:12:46.2230000,55.542960,37.650000
2664183,"Lesparkkhoz",2671,192,"37U","37U1H1S2Q",2,2022-10-31 20:07:58.2800000,0,2062022,877,2026-09-24 13:13:00.2330000,55.540000,37.600000
2591726,"St. Pauli",711,57,"32U","32U1H5S2Q",3,2013-11-12 22:47:06.4600000,0,0,124788649,2026-09-24 13:13:08.5470000,53.555100,9.948440
2676428,"Chelobit'yevo",2671,192,"37U","37U1H1S2Q",2,2026-04-22 14:50:07.7000000,0,61818,1597,2026-09-24 13:13:56.9930000,55.905830,37.672220
2361302,"Pellinec",961,75,"30U","30U2H5S3Q",2,2016-10-03 21:03:48.4100000,0,131221,0,2026-09-24 13:17:09.1770000,48.832070,-3.300100
2361336,"Port-Blanc",961,75,"30U","30U2H5S3Q",2,2016-10-21 14:36:45.3970000,0,218051,0,2026-09-24 13:17:13.3400000,48.833330,-3.316670
2360612,"Boudilleau",961,75,"30U","30U2H5S3Q",2,2014-05-09 04:20:49.9270000,0,518707,0,2026-09-24 13:17:18.4770000,48.816670,-3.350000
2360611,"Trelevern",961,75,"30U","30U2H5S3Q",2,2016-10-07 22:33:42.5500000,0,532602,0,2026-09-24 13:17:22.7570000,48.816670,-3.366670
2359807,"Louannec",961,75,"30U","30U2H5S3Q",2,2017-08-13 21:33:32.5300000,0,524417,0,2026-09-24 13:17:34.6000000,48.794230,-3.412000
2359223,"Kervoas Doue",961,75,"30U","30U2H5S3Q",2,,0,524446,0,2026-09-24 13:17:38.1900000,48.783330,-3.416670
2356896,"Le Guiaudet",961,75,"30U","30U2H5S3Q",2,2024-02-22 22:38:49.8900000,0,523472,0,2026-09-24 13:17:56.8970000,48.729220,-3.533000
2356837,"Locquemeau",961,75,"30U","30U2H5S3Q",2,2017-05-22 04:58:51.0800000,0,257929,0,2026-09-24 13:18:01.2300000,48.724740,-3.562750
2527309,"Streganz",713,57,"33U","33U1H4S4Q",3,2026-09-24 13:20:43.1670000,0,0,642,2026-09-24 13:20:43.1670000,52.200000,13.833330
2524829,"Kolonie Gross Eichholz",713,57,"33U","33U1H4S4Q",3,2026-09-24 13:20:51.1500000,0,0,1799,2026-09-24 13:20:51.1500000,52.150000,13.883330
2533994,"Gross Kienitz",713,57,"33U","33U1H4S4Q",2,2025-05-04 10:33:27.9730000,0,248190,0,2026-09-24 13:22:15.8630000,52.333330,13.466670
1659281,"Old Hundred",3545,233,"17S","17S2H3S3Q",2,2026-09-24 13:24:24.6870000,0,865,0,2026-09-24 13:24:24.6870000,34.829320,-79.590330
1656665,"Livingstons Quarters",3545,233,"17S","17S2H3S3Q",2,2026-09-24 13:24:28.3770000,0,870,0,2026-09-24 13:24:28.3770000,34.793770,-79.561160
1657802,"Laurel Hill",3545,233,"17S","17S2H3S3Q",2,2026-09-24 13:24:32.5400000,0,1008,0,2026-09-24 13:24:32.5400000,34.809050,-79.547830
1658681,"Richmond Mill",3545,233,"17S","17S2H3S3Q",2,2026-09-24 13:24:36.0330000,0,865,0,2026-09-24 13:24:36.0330000,34.820710,-79.528100
1546252,"Camey",3549,233,"14S","14S2H6S2Q",1,2024-11-03 03:53:56.2400000,2120818,0,1379,2026-09-24 13:24:37.9100000,33.083450,-96.856110
855464,"Ban Lama",3203,218,"47P","47P1H3S3Q",1,2013-08-31 10:56:27.5430000,822952,0,0,2026-09-24 13:26:56.1200000,14.016670,100.550000
855465,"Ban Wat Sadet (2)",3203,218,"47P","47P1H3S3Q",1,2013-08-05 10:02:42.5200000,714679,0,0,2026-09-24 13:26:57.1530000,14.016670,100.566670
856333,"Ban Krachaeng",3203,218,"47P","47P1H3S3Q",1,2013-08-05 01:49:34.9100000,821410,0,0,2026-09-24 13:26:58.3170000,14.033330,100.550000
856335,"Ban Wat Sadet (1)",3203,218,"47P","47P1H3S3Q",1,2013-08-30 12:06:24.6500000,707053,0,0,2026-09-24 13:27:00.0070000,14.033330,100.566670
857241,"Ban Sam Khok",3203,218,"47P","47P1H3S3Q",1,2013-08-30 17:01:15.5130000,696875,0,0,2026-09-24 13:27:01.1130000,14.050000,100.550000
857243,"Ban Sam Lae",3203,218,"47P","47P1H3S3Q",1,2013-09-21 07:37:49.3500000,649563,0,0,2026-09-24 13:27:02.6770000,14.050000,100.566670
858060,"Ban Pathum",3203,218,"47P","47P1H3S3Q",1,2013-09-17 03:33:34.6230000,837481,0,0,2026-09-24 13:27:03.7530000,14.066670,100.550000
858066,"Ban Khlong Chet Bon (2)",3203,218,"47P","47P1H3S3Q",2,2026-09-23 14:19:23.5370000,0,866,0,2026-09-24 13:27:04.7800000,14.066670,100.766670
858883,"Ban Suan Ma Muang",3203,218,"47P","47P1H3S3Q",1,2014-04-18 14:32:14.8430000,801984,0,0,2026-09-24 13:27:05.8170000,14.083330,100.533330
858884,"Ban Wat Phlap Chiang Rak Noi (1)",3203,218,"47P","47P1H3S3Q",1,2014-06-10 08:05:51.2270000,948712,0,0,2026-09-24 13:27:06.8370000,14.083330,100.550000
858889,"Ban Khlong Ha (2)",3203,218,"47P","47P1H3S3Q",1,2010-01-01 00:00:00.0000000,517,0,0,2026-09-24 13:27:07.8670000,14.083330,100.716670
865217,"Ban Khlong Paet (3)",3203,218,"47P","47P1H3S3Q",0,2010-01-01 00:00:00.0000000,0,0,0,2026-09-24 13:27:08.9030000,14.216670,100.783330
865908,"Ban Wang Kha",3195,218,"47P","47P1H3S3Q",0,2010-01-01 00:00:00.0000000,0,0,0,2026-09-24 13:27:09.9400000,14.233330,100.783330
2356190,"Kerhain",961,75,"30U","30U2H5S3Q",2,2013-05-21 15:15:12.5630000,0,250773,0,2026-09-24 13:27:15.2070000,48.716670,-3.566670
2226903,"Wells",3557,233,"16T","16T1H5S1Q",1,2026-09-24 13:27:18.6470000,336,0,0,2026-09-24 13:27:18.6470000,45.777190,-87.079580
2356109,"Coat-Tredrez",961,75,"30U","30U2H5S3Q",2,2016-09-08 11:17:43.2100000,0,219051,0,2026-09-24 13:27:20.8670000,48.711120,-3.549670
2227506,"Larch",3557,233,"16T","16T1H5S1Q",1,2026-09-24 13:27:25.1770000,436,0,0,2026-09-24 13:27:25.1770000,45.789690,-87.064580
2355414,"Tredrez-Locquemeau",961,75,"30U","30U2H5S3Q",2,2017-05-21 21:31:37.1400000,0,168709,0,2026-09-24 13:27:25.6600000,48.700000,-3.566670
2228253,"Lake Bluff",3557,233,"16T","16T1H5S1Q",1,2026-09-24 13:27:31.5900000,430,0,0,2026-09-24 13:27:31.5900000,45.812470,-87.057360
2229454,"West Gladstone",3557,233,"16T","16T1H5S1Q",1,2026-09-24 13:27:39.5930000,429,0,0,2026-09-24 13:27:39.5930000,45.840520,-87.062640
2230013,"Gladstone",3557,233,"16T","16T1H5S1Q",1,2026-09-24 13:27:49.1700000,423,0,0,2026-09-24 13:27:49.1700000,45.852740,-87.021800
2230757,"Kipling",3557,233,"16T","16T1H5S1Q",1,2026-09-24 13:27:55.1700000,420,0,0,2026-09-24 13:27:55.1700000,45.873300,-87.011810
2232093,"Masonville",3557,233,"16T","16T1H5S2Q",1,2026-09-24 13:28:01.9900000,498,0,0,2026-09-24 13:28:01.9900000,45.912740,-86.987360
2232615,"Rapid River",3557,233,"16T","16T1H5S2Q",1,2026-09-24 13:28:08.1900000,356,0,0,2026-09-24 13:28:08.1900000,45.926910,-86.967080
2227608,"Soo Hill",3557,233,"16T","16T1H5S1Q",1,2026-09-24 13:28:22.1930000,435,0,0,2026-09-24 13:28:22.1930000,45.794690,-87.110410
2664328,"Gavrikovo",2670,192,"37U","37U1H1S2Q",2,2023-01-05 23:32:16.8930000,0,2111862,517,2026-09-24 13:30:13.2530000,55.549070,37.536950
2665226,"Kommunarka",2671,192,"37U","37U1H1S2Q",2,2022-07-22 06:51:00.5300000,0,1205213,1396,2026-09-24 13:30:38.3730000,55.569520,37.489320
2664804,"Stolbovo",2671,192,"37U","37U1H1S2Q",2,2022-07-15 11:17:05.8470000,0,1105980,517,2026-09-24 13:30:48.7570000,55.560000,37.470000
150575,"Aracay",2383,175,"18L","18L2H3S4Q",1,2019-08-07 15:06:19.2770000,10743,0,0,2026-09-24 13:31:24.6600000,-13.460000,-72.038330
2403624,"Wierzbanowa",2439,180,"34U","34U2H5S1Q",2,2026-06-12 03:20:49.7600000,0,5013,0,2026-09-24 13:31:46.0500000,49.765850,20.118890
2562685,"Kedleston",979,77,"30U","30U1H6S3Q",2,2024-10-28 11:21:28.4570000,0,59011,0,2026-09-24 13:32:13.4730000,52.950000,-1.550000
2562686,"Quarndon",979,77,"30U","30U1H6S3Q",2,2024-10-28 11:21:38.2100000,0,56963,0,2026-09-24 13:32:18.8270000,52.950000,-1.500000
2022928,"Leesburg",3584,233,"17T","17T2H5S2Q",3,2025-07-14 01:27:50.2870000,0,0,11578,2026-09-24 13:32:30.6800000,41.134500,-80.220060
2561861,"Allestree",979,77,"30U","30U1H6S3Q",2,2025-07-03 15:42:20.5630000,0,55746,0,2026-09-24 13:32:30.9630000,52.933330,-1.483330
150545,"Tamboracay",2383,175,"18L","18L2H3S4Q",1,2019-08-07 15:06:04.3300000,2025,0,0,2026-09-24 13:34:49.8130000,-13.464170,-72.054440
2686251,"Kuroyedovo",2671,192,"37V","37V2H5S3Q",2,2026-04-17 03:54:15.7170000,0,101518,0,2026-09-24 13:35:35.8530000,56.183330,38.150000
2354607,"Saint-Michel-en-Greve",961,75,"30U","30U2H5S3Q",2,2014-10-21 04:41:12.6200000,0,152298,0,2026-09-24 13:37:27.5070000,48.683330,-3.566670
2402794,"Plzen",697,56,"33U","33U2H4S2Q",3,2026-08-12 13:03:50.7630000,0,23400,992086,2026-09-24 13:42:32.6830000,49.747470,13.377590
1717778,"Lineberger Acres",3545,233,"17S","17S2H2S2Q",3,2014-12-17 20:04:38.8300000,600,0,89905,2026-09-24 13:43:24.0900000,35.825970,-80.314500
1717983,"Western Heights",3545,233,"17S","17S2H2S2Q",3,2013-07-10 12:06:20.6100000,600,0,71924,2026-09-24 13:43:43.9600000,35.830420,-80.274220
1717963,"Royal Park",3545,233,"17S","17S2H2S2Q",3,2013-07-10 11:06:39.2470000,300,0,93550,2026-09-24 13:43:59.0770000,35.829860,-80.265050
1717705,"Georgetown Condominiums",3545,233,"17S","17S2H2S2Q",1,2026-09-24 13:44:14.9270000,1710,0,0,2026-09-24 13:44:14.9270000,35.824860,-80.272550
1716185,"Washington Park",3545,233,"17S","17S2H2S2Q",3,2017-08-18 23:06:41.8470000,972,0,1371,2026-09-24 13:44:43.1130000,35.799580,-80.270050
1716613,"Meadowview",3545,233,"17S","17S2H2S2Q",1,2026-09-24 13:44:54.0500000,972,0,562,2026-09-24 13:44:54.0500000,35.805420,-80.282270
10255,"Saint Kilda",138,13,"54H","54H1H4S1Q",2,2023-11-03 10:19:09.4370000,0,1214575,0,2026-09-24 13:45:37.3000000,-34.733330,138.533330
9764,"Adelaide",138,13,"54H","54H1H4S1Q",2,2013-09-23 01:25:34.3330000,0,107049716,0,2026-09-24 13:45:42.6000000,-34.933330,138.600000
1542461,"Flower Mound",3549,233,"14S","14S2H6S1Q",3,2015-06-28 20:09:52.5100000,0,0,5048323,2026-09-24 13:48:02.7970000,33.014570,-97.096960
1538845,"Naaman",3549,233,"14S","14S2H6S4Q",1,2023-07-28 06:00:14.6070000,1051827,0,4938,2026-09-24 13:48:34.5370000,32.953730,-96.627220
1542228,"Cowley",3549,233,"14S","14S2H6S2Q",1,2023-07-10 02:17:39.9530000,1641225,0,517,2026-09-24 13:48:54.0370000,33.009840,-96.773890
1657045,"Ida Mill",3545,233,"17S","17S2H3S3Q",2,2026-09-24 13:53:25.7100000,0,721,0,2026-09-24 13:53:25.7100000,34.799880,-79.530610
1655847,"Springfield",3545,233,"17S","17S2H3S3Q",2,2026-09-24 13:53:29.1730000,0,1014,0,2026-09-24 13:53:29.1730000,34.782940,-79.532830
1655687,"Sandy Bottoms",3545,233,"17S","17S2H3S3Q",2,2026-09-24 13:53:33.3600000,0,865,0,2026-09-24 13:53:33.3600000,34.780440,-79.511440
1656609,"Elmore Crossroads",3545,233,"17S","17S2H3S3Q",2,2026-09-24 13:53:36.9230000,0,866,0,2026-09-24 13:53:36.9230000,34.792940,-79.511720
2675206,"Babushkin",2670,192,"37U","37U1H1S2Q",2,,0,1571415,0,2026-09-24 13:56:30.9630000,55.869310,37.729660
12364,"Bexley",143,13,"56H","56H1H1S4Q",3,2017-05-01 11:28:39.0270000,0,588,1146434,2026-09-24 13:59:00.9570000,-33.950000,151.116670
11880,"Maianbar",143,13,"56H","56H1H4S2Q",3,2010-01-01 00:00:00.0000000,0,517,1004584,2026-09-24 13:59:25.8270000,-34.077780,151.130560
13230,"Terrey Hills",143,13,"56H","56H1H1S4Q",3,2017-03-08 07:27:09.0370000,0,1603,1184402,2026-09-24 14:00:23.0400000,-33.683330,151.233330
13840,"Point Clare",143,13,"56H","56H1H1S4Q",3,2018-04-21 12:48:02.8070000,0,1034,1035202,2026-09-24 14:00:46.5530000,-33.450000,151.333330
1580652,"DC Ranch",3572,233,"12S","12S2H5S1Q",2,2019-04-01 15:33:19.1400000,0,3020603,0,2026-09-24 14:04:13.1600000,33.667540,-111.865420
2359884,"Saturna",451,38,"10U","10U2H5S3Q",3,2013-08-01 15:28:48.3600000,0,0,2957899,2026-09-24 14:04:28.2330000,48.799650,-123.202620
2362050,"Ganges",451,38,"10U","10U2H5S3Q",3,2016-02-07 15:47:46.2300000,0,0,2000704,2026-09-24 14:04:56.2530000,48.849640,-123.502650
2677409,"Rupasovo",2671,192,"37U","37U1H1S2Q",2,2025-05-24 04:33:40.3970000,0,119126,1394,2026-09-24 14:06:33.6970000,55.933330,37.750000
2676238,"Tayninka",2671,192,"37U","37U1H1S2Q",2,2023-08-17 10:00:12.4500000,0,761561,1034,2026-09-24 14:06:44.2700000,55.900000,37.750000
2037806,"Columbus",3559,233,"14T","14T2H6S1Q",2,2026-09-24 14:06:50.2970000,300,1096,364,2026-09-24 14:06:50.2970000,41.429730,-97.368380
2039452,"Sheldonville",3559,233,"14T","14T2H6S1Q",2,2026-09-24 14:06:59.2930000,0,1404,0,2026-09-24 14:06:59.2930000,41.463900,-97.425880
2667056,"Chertanovo",2670,192,"37U","37U1H1S2Q",2,2019-12-27 06:08:03.3770000,0,1869249,517,2026-09-24 14:07:09.7100000,55.630160,37.604520
2664242,"Butovo",2670,192,"37U","37U1H1S2Q",2,2022-08-05 11:34:03.2900000,0,1145066,517,2026-09-24 14:07:18.3170000,55.543550,37.587860
2020664,"Riverside Park",3559,233,"14T","14T2H6S1Q",2,2021-10-30 02:16:51.8500000,0,2065,0,2026-09-24 14:07:33.0530000,41.096400,-97.972840
2664147,"Novonikol'skoye",2670,192,"37U","37U1H1S2Q",2,2022-05-19 08:34:15.8170000,0,447168,1507,2026-09-24 14:07:37.4930000,55.537920,37.582890
2019602,"Overland",3559,233,"14T","14T2H6S1Q",2,2021-10-30 02:17:23.3030000,0,2065,0,2026-09-24 14:07:47.2400000,41.077510,-97.986170
2021514,"Heber",3559,233,"14T","14T2H6S1Q",2,2021-10-30 02:17:37.0930000,0,2064,0,2026-09-24 14:07:55.2300000,41.111130,-97.975060
2021687,"Central City",3559,233,"14T","14T2H5S2Q",2,2021-10-30 02:17:50.0770000,0,2066,0,2026-09-24 14:08:01.6500000,41.115850,-98.001720
2015350,"Marquette",3559,233,"14T","14T2H5S2Q",2,2024-12-07 04:47:14.5400000,0,2265,0,2026-09-24 14:08:18.6170000,41.003070,-98.009500
2321634,"Lake Bosworth",3578,233,"10U","10U2H6S3Q",3,2026-09-24 14:08:43.0900000,0,0,712,2026-09-24 14:08:43.0900000,48.045370,-121.967230
2022047,"Dannebrog",3559,233,"14T","14T2H5S2Q",2,2021-11-12 15:03:11.6700000,0,1670,0,2026-09-24 14:08:50.7830000,41.118350,-98.545900
2022927,"Nysted",3559,233,"14T","14T2H5S2Q",2,2022-05-15 21:47:39.4230000,0,2199,0,2026-09-24 14:09:19.6100000,41.134460,-98.614520
1905767,"Elkinsville",3555,233,"16S","16S1H2S2Q",2,2010-01-01 00:00:00.0000000,0,1874552,0,2026-09-24 14:09:47.5000000,39.076160,-86.264710
2030809,"Elba",3559,233,"14T","14T2H5S2Q",2,2024-08-17 02:25:43.6830000,0,2328,0,2026-09-24 14:09:58.0270000,41.285570,-98.567850
1377780,"Freiheit",3549,233,"14R","14R1H5S2Q",3,2013-04-13 02:40:55.8500000,0,0,2480975,2026-09-24 14:11:11.5170000,29.717170,-98.068900
2060638,"Campo Marzio",1377,110,"33T","33T2H4S1Q",3,2015-09-17 12:39:03.7800000,0,0,2691131,2026-09-24 14:11:41.2430000,41.911120,12.474420
1674709,"Palisades",3549,233,"14S","14S2H1S1Q",1,2021-02-19 07:01:06.0570000,805020,0,0,2026-09-24 14:25:14.5130000,35.061720,-101.802410
2195869,"Old Mission",3557,233,"16T","16T1H6S3Q",3,2026-05-05 21:12:54.5370000,300,0,108933,2026-09-24 14:27:13.7900000,44.962220,-85.485360
2185924,"Cedar Run",3557,233,"16T","16T1H6S3Q",3,2026-04-12 13:39:13.3630000,300,0,9882,2026-09-24 14:27:22.5000000,44.762780,-85.813690
2184171,"Lake Ann",3557,233,"16T","16T1H6S3Q",3,2026-04-12 13:39:10.1800000,600,0,17982,2026-09-24 14:27:35.7630000,44.723890,-85.843140
2164067,"Cadillac",3557,233,"16T","16T1H6S3Q",3,2026-09-24 13:54:46.9330000,600,0,5979,2026-09-24 14:28:02.7830000,44.251950,-85.401160
2165651,"Haring",3557,233,"16T","16T1H6S3Q",3,2026-04-20 08:53:39.7370000,19500,0,73314,2026-09-24 14:28:45.0100000,44.298620,-85.413110
1911346,"West Overlook",3555,233,"16S","16S1H2S2Q",2,2013-09-07 22:33:23.2300000,0,13700995,0,2026-09-24 14:28:58.2200000,39.171440,-86.254710
2807445,"Pyynikki",3834,70,"34V","34V1H6S2Q",3,2016-04-01 13:41:56.2800000,0,0,26227265,2026-09-24 14:30:10.7870000,61.492230,23.723860
1756956,"Providence",3545,233,"17S","17S1H6S3Q",3,2026-09-24 14:32:42.5270000,0,0,1157,2026-09-24 14:32:42.5270000,36.473750,-79.828650
1757413,"Laurel Bluffs",3545,233,"17S","17S1H6S3Q",3,2026-09-24 14:32:49.6500000,0,0,1161,2026-09-24 14:32:49.6500000,36.482080,-79.852540
1755242,"Shiloh",3545,233,"17S","17S1H6S3Q",3,2026-09-24 14:32:55.5670000,0,0,1161,2026-09-24 14:32:55.5670000,36.447640,-79.864210
1756438,"Stoneville",3545,233,"17S","17S1H6S3Q",3,2026-09-24 14:32:59.2130000,0,0,1164,2026-09-24 14:32:59.2130000,36.466530,-79.906980
1752847,"Dan Valley",3545,233,"17S","17S1H6S3Q",3,2026-09-24 14:33:06.2670000,0,0,1155,2026-09-24 14:33:06.2670000,36.408470,-79.941430
1752770,"Woodbine",3545,233,"17S","17S1H6S3Q",3,2026-09-24 14:33:09.6130000,0,0,1152,2026-09-24 14:33:09.6130000,36.406530,-79.958100
1756096,"Beaver Island",3545,233,"17S","17S1H6S3Q",3,2026-09-24 14:33:13.0730000,0,0,1152,2026-09-24 14:33:13.0730000,36.460140,-79.990040
1757849,"Ayersville",3545,233,"17S","17S1H5S4Q",3,2026-09-24 14:33:17.8470000,0,0,1149,2026-09-24 14:33:17.8470000,36.487080,-80.025040
2124557,"Saint-Tropez",946,75,"32T","32T2H1S1Q",1,2025-04-09 15:28:59.7230000,1120356,0,19500,2026-09-24 14:34:30.1700000,43.266670,6.633330
1107595,"Qianzhen",3390,228,"51Q","51Q1H1S3Q",2,2026-05-27 14:51:24.3630000,0,1165582,0,2026-09-24 14:38:06.5000000,22.585070,120.317540
2527310,"Schwerin",713,57,"33U","33U1H4S4Q",3,2026-09-24 14:38:30.3770000,0,0,1097,2026-09-24 14:38:30.3770000,52.200000,13.883330
2528163,"Selchow",713,57,"33U","33U1H4S4Q",3,2026-09-24 14:38:42.7870000,0,0,1120,2026-09-24 14:38:42.7870000,52.216670,13.866670
2515614,"Czerwona Wies",2451,180,"33U","33U2H3S1Q",2,2026-09-08 20:04:42.4800000,0,108750,0,2026-09-24 14:44:36.3300000,51.957340,16.784650
1461296,"Ozark",3551,233,"16R","16R1H3S1Q",2,2016-11-24 13:27:54.2700000,43549,863567,0,2026-09-24 14:44:42.0870000,31.459060,-85.640490
2678248,"Vysokovo",2671,192,"37U","37U1H1S2Q",2,2026-09-24 14:46:44.2870000,0,788,0,2026-09-24 14:46:44.2870000,55.959440,37.746940
2670054,"Kastanayevo",2670,192,"37U","37U1H1S2Q",2,2019-01-15 09:20:19.5600000,0,1671357,0,2026-09-24 14:50:29.0600000,55.716670,37.500000
2670634,"Mazilovo",2670,192,"37U","37U1H1S2Q",2,2019-04-08 13:37:02.2230000,0,1604063,0,2026-09-24 14:50:34.4870000,55.733330,37.483330
2670969,"Fili",2670,192,"37U","37U1H1S2Q",2,2022-05-06 10:04:14.2370000,0,1669481,0,2026-09-24 14:50:39.2030000,55.748190,37.479680
2671195,"Nizhniye Mnevniki",2670,192,"37U","37U1H1S2Q",2,2021-12-19 14:09:17.7870000,0,1823145,0,2026-09-24 14:50:44.1830000,55.750000,37.466670
1951761,"Woodlyn",3584,233,"18S","18S1H2S1Q",3,2022-07-02 22:40:34.2030000,0,0,83760,2026-09-24 14:50:44.3500000,39.877160,-75.344250
2529033,"Gorsdorf",713,57,"33U","33U1H4S4Q",3,2026-09-24 14:50:57.5770000,0,371,517,2026-09-24 14:50:57.5770000,52.233330,13.833330
2671194,"Terekhovo",2670,192,"37U","37U1H1S2Q",2,2022-11-10 17:43:35.4930000,0,1361252,0,2026-09-24 14:51:02.6000000,55.750000,37.450000
2528161,"Kolonie Klein Eichholz",713,57,"33U","33U1H4S4Q",3,2026-09-24 14:51:06.2070000,0,0,888,2026-09-24 14:51:06.2070000,52.216670,13.833330
2791401,"Munkkisaari",927,70,"35V","35V1H4S3Q",2,2013-09-13 13:01:22.9170000,0,2516012,0,2026-09-24 14:51:11.0800000,60.154720,24.928890
2791414,"Eira",927,70,"35V","35V1H4S3Q",2,2013-07-17 09:55:13.7230000,0,4556655,0,2026-09-24 14:51:18.8070000,60.156710,24.938110
2791418,"Kaivopuisto",927,70,"35V","35V1H4S3Q",2,2013-07-17 21:45:50.3900000,0,2184616,0,2026-09-24 14:51:33.1600000,60.157100,24.956470
2791705,"Lapinlahti",927,70,"35V","35V1H4S3Q",2,2013-08-14 20:14:14.8930000,0,2101274,0,2026-09-24 14:51:40.1830000,60.166790,24.917080
2791751,"Hietaniemi",927,70,"35V","35V1H4S3Q",2,2013-09-11 04:06:22.0970000,0,2004093,0,2026-09-24 14:51:46.3070000,60.173370,24.907770
2791740,"Taivallahti",927,70,"35V","35V1H4S3Q",2,2013-09-17 16:20:16.3970000,0,2006231,0,2026-09-24 14:51:52.7430000,60.171550,24.916910
2791748,"Etu-Toeoeloe",927,70,"35V","35V1H4S3Q",2,2013-09-18 06:30:27.8130000,0,13999447,0,2026-09-24 14:51:59.3330000,60.172980,24.925150
2541670,"De Gors",2269,167,"31U","31U1H6S3Q",1,2025-04-10 09:44:08.6430000,264692,0,0,2026-09-24 14:52:28.3300000,52.500000,4.950000
1937216,"Pebble Hills",3555,233,"16S","16S1H2S2Q",3,2014-08-29 02:09:07.5170000,0,0,953517,2026-09-24 14:56:07.2200000,39.623610,-86.191670
2671467,"Krylatskoye",2670,192,"37U","37U1H1S2Q",2,2022-04-04 05:08:18.6100000,0,1330789,0,2026-09-24 15:00:14.5800000,55.760660,37.440550
2671773,"Tatarovo",2670,192,"37U","37U1H1S2Q",2,2022-04-03 03:58:00.3430000,0,1471694,0,2026-09-24 15:00:19.7470000,55.766670,37.433330
2672391,"Troitse-Lykovo",2670,192,"37U","37U1H1S2Q",2,2021-12-08 17:35:28.4330000,0,1331610,0,2026-09-24 15:00:24.3230000,55.783670,37.405400
2674658,"Tushino",2670,192,"37U","37U1H1S2Q",2,2022-07-31 05:52:33.9700000,0,1344448,0,2026-09-24 15:02:33.8470000,55.853560,37.431050
2497249,"Goodmayes",979,77,"31U","31U2H1S1Q",3,2014-07-04 12:41:25.1500000,0,0,910431,2026-09-24 15:02:54.9330000,51.566670,0.116670
1399979,"Pershing",3549,233,"14R","14R1H3S3Q",1,2010-01-01 00:00:00.0000000,1060506,0,0,2026-09-24 15:04:08.0070000,30.259380,-97.718890
1747389,"Bailey Town",3545,233,"17S","17S1H5S4Q",3,2026-09-24 15:04:46.5230000,0,0,1577,2026-09-24 15:04:46.5230000,36.319580,-80.142270
1738478,"Oak Ridge",3545,233,"17S","17S1H6S3Q",3,2026-09-24 15:04:53.5770000,0,0,1155,2026-09-24 15:04:53.5770000,36.173470,-79.988930
1719441,"Edgar",3545,233,"17S","17S2H3S1Q",3,2026-09-24 15:05:01.8570000,0,0,1159,2026-09-24 15:05:01.8570000,35.856250,-79.905310
2674840,"Aleshkino",2670,192,"37U","37U1H1S2Q",2,2022-07-31 05:52:27.5000000,0,1431931,0,2026-09-24 15:05:28.6900000,55.864470,37.423340
1739238,"Union Cross",3545,233,"17S","17S1H5S4Q",3,2015-10-26 19:20:49.2200000,0,0,100125,2026-09-24 15:05:29.8700000,36.184300,-80.597840
1757057,"Westfield",3545,233,"17S","17S1H5S4Q",3,2026-09-24 15:05:38.7700000,0,0,1728,2026-09-24 15:05:38.7700000,36.475410,-80.446720
1758900,"Woodville",3545,233,"17S","17S1H5S4Q",3,2026-09-24 15:05:42.9170000,0,0,1115,2026-09-24 15:05:42.9170000,36.501800,-80.479780
1761135,"Salem",3545,233,"17S","17S1H5S4Q",3,2026-09-24 15:05:48.0500000,0,0,1092,2026-09-24 15:05:48.0500000,36.538190,-80.601180
1756338,"Holly View Forest-Highland Park",3545,233,"17S","17S1H5S4Q",3,2026-09-24 15:05:53.0200000,0,0,1092,2026-09-24 15:05:53.0200000,36.464580,-80.646450
2162487,"Forest Junction",3566,233,"16T","16T1H4S4Q",1,2026-09-24 14:10:18.1870000,18621,0,0,2026-09-24 15:08:47.4600000,44.212490,-88.144270
14016,"Eglinton",143,13,"55H","55H1H3S4Q",2,2026-09-24 15:10:15.3030000,0,841,0,2026-09-24 15:10:15.3030000,-33.383330,149.550000
13807,"Orton Park",143,13,"55H","55H1H3S4Q",2,2026-09-24 15:10:19.0300000,0,837,0,2026-09-24 15:10:19.0300000,-33.466670,149.566670
13656,"Locksley",143,13,"55H","55H1H3S4Q",3,2026-09-23 12:38:11.0100000,0,2472,3058,2026-09-24 15:10:32.7530000,-33.516670,149.783330
2113003,"Milwaukee",3566,233,"16T","16T2H2S1Q",3,2026-08-09 20:21:50.6570000,9300,0,689831,2026-09-24 15:11:26.5500000,43.038900,-87.906470
2182827,"Reggio nell'Emilia",1379,110,"32T","32T1H6S3Q",1,2022-02-01 05:46:09.4630000,3124231,0,0,2026-09-24 15:13:54.7200000,44.698250,10.631250
2079780,"Meads Corner",3583,233,"18T","18T2H3S4Q",1,2010-01-01 00:00:00.0000000,600673,0,0,2026-09-24 15:14:57.0900000,42.353980,-72.423140
2531607,"Konigs Wusterhausen",713,57,"33U","33U1H4S4Q",2,2025-05-17 08:57:24.9670000,0,894495,71911,2026-09-24 15:17:37.5470000,52.283330,13.616670
2164781,"Askeaton",3566,233,"16T","16T1H4S4Q",1,2026-05-20 02:39:51.5870000,13443,0,0,2026-09-24 15:32:04.4770000,44.269990,-88.110930
1656785,"Tara Acres",3545,233,"17S","17S2H3S3Q",3,2017-04-06 16:26:04.3500000,0,300,654,2026-09-24 15:33:48.1500000,34.795720,-79.451710
1656250,"Glynn Fields",3545,233,"17S","17S2H3S3Q",3,2017-04-06 16:25:58.7400000,0,300,654,2026-09-24 15:33:58.9500000,34.787110,-79.441430
1641382,"Carolina",3547,233,"17S","17S2H3S3Q",2,2026-09-24 15:34:34.2670000,0,756,0,2026-09-24 15:34:34.2670000,34.574610,-79.438100
2293090,"Five Corners",3578,233,"10T","10T1H2S2Q",1,2020-08-27 02:29:58.0300000,3984055,8031,0,2026-09-24 15:34:45.6800000,47.459540,-122.334010
1752103,"Black Water",3545,233,"17S","17S1H5S4Q",3,2026-09-24 15:35:06.0600000,0,0,1040,2026-09-24 15:35:06.0600000,36.397080,-80.623950
1752023,"Dobson",3545,233,"17S","17S1H5S4Q",3,2026-09-24 15:35:13.9130000,0,0,1092,2026-09-24 15:35:13.9130000,36.395690,-80.722570
1756623,"Whitehead",3545,233,"17S","17S1H5S3Q",3,2026-09-24 15:35:27.4800000,0,0,1100,2026-09-24 15:35:27.4800000,36.467350,-81.152860
1759005,"Chestnut Grove",3545,233,"17S","17S1H5S3Q",3,2026-09-24 15:35:31.0400000,0,0,1101,2026-09-24 15:35:31.0400000,36.503460,-81.073140
1759032,"Hooker",3545,233,"17S","17S1H5S3Q",3,2026-09-24 15:35:36.0670000,0,0,1101,2026-09-24 15:35:36.0670000,36.503740,-81.025360
1756849,"Glade Valley",3545,233,"17S","17S1H5S3Q",3,2026-09-24 15:35:39.9030000,0,0,1101,2026-09-24 15:35:39.9030000,36.471800,-81.051470
1754912,"Cherry Lane",3545,233,"17S","17S1H5S3Q",3,2026-09-24 15:35:44.9630000,0,0,1101,2026-09-24 15:35:44.9630000,36.442080,-81.018130
12449,"Tempe",143,13,"56H","56H1H1S4Q",3,2017-02-25 07:31:20.0970000,0,2758,1243210,2026-09-24 15:41:12.5400000,-33.923350,151.160200
2671196,"Shelepikha",2670,192,"37U","37U1H1S2Q",2,2019-03-22 19:59:12.5200000,0,1596111,0,2026-09-24 15:45:15.2430000,55.750000,37.516670
2298635,"Crosby",3578,233,"10T","10T1H2S2Q",1,2013-08-25 02:13:04.9470000,512968,517,0,2026-09-24 15:45:32.1200000,47.582040,-122.865990
2675071,"Slobodka",2670,192,"37U","37U1H1S2Q",2,2022-11-15 20:34:28.6230000,0,1333518,0,2026-09-24 15:45:36.9270000,55.866670,37.583330
2284919,"Forest Beach",3578,233,"10T","10T1H2S2Q",1,2019-08-23 03:42:35.4030000,1002377,2307,0,2026-09-24 15:46:12.3800000,47.293990,-122.688470
1634778,"Cotton Valley",3547,233,"17S","17S2H3S3Q",2,2026-09-24 15:50:27.3370000,0,763,0,2026-09-24 15:50:27.3370000,34.478500,-79.284490
1633727,"Carmichael Crossroads",3547,233,"17S","17S2H3S3Q",2,2026-09-24 15:50:31.8270000,0,765,0,2026-09-24 15:50:31.8300000,34.463770,-79.287540
2161208,"Brillion",3566,233,"16T","16T1H4S4Q",1,2024-08-26 03:12:37.2770000,11929,0,0,2026-09-24 15:52:38.7700000,44.177210,-88.064270
866523,"Ban Bo Ta Lo (3)",3195,218,"47P","47P1H3S3Q",2,2026-06-10 12:34:45.8330000,0,1002199,0,2026-09-24 15:56:27.6370000,14.250000,100.700000
853481,"Ban Khlong Sip Si",3213,218,"47P","47P1H6S1Q",2,2026-04-26 14:46:48.1130000,0,1070241,0,2026-09-24 15:56:28.2900000,13.981360,100.914500
864494,"Ban Wat Bot",3195,218,"47P","47P1H3S3Q",2,2026-03-07 04:06:11.9500000,0,1071745,0,2026-09-24 15:56:29.3000000,14.200000,100.533330
853212,"Ban Pak Khlong Sip Hok",3213,218,"47P","47P1H6S1Q",2,2026-04-27 09:37:10.3900000,0,1273306,0,2026-09-24 15:56:29.8570000,13.973780,100.959810
2463705,"Catsop",2271,167,"31U","31U2H3S4Q",2,2026-09-16 17:59:54.1030000,0,1019236,0,2026-09-24 16:07:19.5670000,50.939170,5.766670
2463881,"Terhagen",2271,167,"31U","31U2H3S4Q",2,2026-09-12 07:02:39.4300000,0,900509,0,2026-09-24 16:07:37.2300000,50.944170,5.756940
1846027,"Wades Mill",3585,233,"17S","17S1H6S1Q",1,2018-07-15 21:23:34.4600000,13310,0,0,2026-09-24 16:08:09.6330000,37.949020,-79.286150
1836552,"Newtown",3585,233,"17S","17S1H6S1Q",1,2026-09-06 07:55:51.7600000,2128,0,560,2026-09-24 16:08:18.6970000,37.774580,-79.468650
1837133,"Lexington",3585,233,"17S","17S1H6S1Q",3,2025-04-28 19:34:52.3770000,1237,0,110544,2026-09-24 16:08:23.8730000,37.784020,-79.442820
1837332,"West Lexington",3585,233,"17S","17S1H6S1Q",3,2025-04-29 03:07:48.9270000,11637,0,104214,2026-09-24 16:08:35.2930000,37.789020,-79.457260
1843843,"California",3585,233,"17S","17S1H6S1Q",1,2026-09-24 16:08:42.3670000,931,0,0,2026-09-24 16:08:42.3670000,37.909020,-79.586990
1847605,"Millboro",3585,233,"17S","17S1H6S1Q",1,2026-09-24 16:08:47.7830000,992,0,0,2026-09-24 16:08:47.7830000,37.975130,-79.602820
1843874,"Crane",3585,233,"17S","17S1H6S1Q",1,2026-09-24 16:08:53.4200000,1013,0,372,2026-09-24 16:08:53.4200000,37.909850,-79.675600
1848771,"Millboro Springs",3585,233,"17S","17S1H6S1Q",1,2026-09-24 16:08:58.2500000,956,0,0,2026-09-24 16:08:58.2500000,37.995960,-79.622820
1849161,"Hotchkiss",3585,233,"17S","17S1H3S3Q",1,2026-09-24 16:09:02.5770000,956,0,0,2026-09-24 16:09:02.5770000,38.001520,-79.580880
1716472,"Carolina Pines",3545,233,"17S","17S2H2S2Q",1,2026-09-24 16:09:22.8570000,4286,0,1031,2026-09-24 16:09:22.8570000,35.802640,-80.321160
1750614,"Joynes",3545,233,"17S","17S1H5S3Q",3,2026-09-24 16:11:10.1400000,0,0,1086,2026-09-24 16:11:10.1400000,36.370960,-81.066750
1750466,"Abshers",3545,233,"17S","17S1H5S3Q",3,2026-09-24 16:11:13.3070000,0,0,1101,2026-09-24 16:11:13.3070000,36.368740,-81.110920
1747897,"Moxley",3545,233,"17S","17S1H5S3Q",3,2026-09-24 16:11:16.6800000,0,0,1086,2026-09-24 16:11:16.6800000,36.329300,-81.092030
1746583,"Dockery",3545,233,"17S","17S1H5S3Q",3,2026-09-24 16:11:19.9570000,0,0,1086,2026-09-24 16:11:19.9570000,36.307350,-81.081470
2593886,"Ardcath",1260,102,"29U","29U1H6S2Q",3,,0,0,447122,2026-09-24 16:12:25.1900000,53.608060,-6.391390
2529037,"Karlslust",713,57,"33U","33U1H4S4Q",3,2026-09-24 16:14:19.3670000,0,0,591,2026-09-24 16:14:19.3670000,52.233330,13.933330
2429720,"Wembury",979,77,"30U","30U2H1S4Q",1,2026-07-20 15:04:39.6530000,25562,0,0,2026-09-24 16:14:55.3630000,50.316670,-4.083330
2411764,"Altmannsdorf",715,57,"32U","32U2H6S1Q",3,2016-11-25 09:42:47.6400000,0,0,109648,2026-09-24 16:16:05.6200000,49.933330,10.433330
1837729,"Elletts Crossing",3585,233,"18S","18S1H4S1Q",2,2026-09-24 16:17:49.2370000,0,843,0,2026-09-24 16:17:49.2370000,37.798480,-77.469430
1846471,"Redland",3585,233,"17S","17S1H6S2Q",2,2026-09-24 16:18:32.0100000,88,600,0,2026-09-24 16:18:32.0100000,37.954030,-78.529460
1833966,"Crosses Corner",3585,233,"18S","18S1H4S1Q",2,2026-09-24 16:19:49.2000000,0,2379,0,2026-09-24 16:19:50.5100000,37.726810,-77.366090
1964698,"Dublin",3563,233,"17T","17T2H4S3Q",1,2026-09-20 22:26:21.2170000,140192,0,0,2026-09-24 16:20:05.3230000,40.099230,-83.114080
1578401,"McDowell Mountain Ranch",3572,233,"12S","12S2H5S1Q",1,2014-03-20 02:21:41.3700000,60622,9396,1086,2026-09-24 16:20:33.3900000,33.632820,-111.848200
2206852,"Union Mills",3576,233,"10T","10T1H5S2Q",3,2024-09-15 00:10:06.6070000,0,0,4745488,2026-09-24 16:26:19.7530000,45.199570,-122.558700
2208625,"Dayton",3558,233,"15T","15T1H5S1Q",2,2016-07-08 00:22:24.4230000,0,3620160,0,2026-09-24 16:33:58.5200000,45.243850,-93.514960
2198196,"Roseville",3558,233,"15T","15T1H5S1Q",1,2013-10-12 20:18:34.7730000,4599380,0,0,2026-09-24 16:34:01.0070000,45.006080,-93.156610
2205393,"Blaine",3558,233,"15T","15T1H5S1Q",2,2010-01-01 00:00:00.0000000,0,3814763,0,2026-09-24 16:34:40.8230000,45.160800,-93.234950
2469076,"Born",2271,167,"31U","31U2H3S2Q",1,2016-12-03 12:51:32.9000000,36678662,0,0,2026-09-24 16:38:27.9770000,51.031670,5.809720
2791423,"Ullanlinna",927,70,"35V","35V1H4S3Q",2,2014-10-13 09:13:30.3100000,0,1800060,0,2026-09-24 16:40:26.7530000,60.157530,24.948920
2791476,"Hanasaari",927,70,"35V","35V1H4S3Q",2,2013-08-11 09:58:41.9800000,0,1191716,0,2026-09-24 16:40:54.0430000,60.165430,24.840350
2493779,"Harmondsworth",979,77,"30U","30U2H3S2Q",3,2014-02-11 14:44:34.9530000,0,0,1049787,2026-09-24 16:45:19.6730000,51.485400,-0.450800
2533218,"Skaby",713,57,"33U","33U1H4S4Q",2,2026-09-24 16:46:17.8830000,0,1882,0,2026-09-24 16:46:17.8870000,52.316670,13.850000
2101902,"Rynex Corners",3562,233,"18T","18T2H2S4Q",1,2015-05-14 20:03:52.2070000,43445,0,0,2026-09-24 16:46:19.7130000,42.821460,-74.071240
2578718,"Rakitovka",2658,192,"39U","39U1H5S1Q",3,2023-02-25 07:40:29.7630000,0,0,1080944,2026-09-24 16:48:18.4130000,53.266670,50.283330
1721120,"Hopkins",3545,233,"17S","17S2H3S2Q",3,2026-09-24 16:48:21.1770000,0,0,579,2026-09-24 16:48:21.1770000,35.884880,-78.352220
1607152,"Larchmont Village",3567,233,"11S","11S2H1S4Q",1,2015-12-29 18:12:49.4430000,38085463,0,0,2026-09-24 16:52:46.9430000,34.073060,-118.323890
2219513,"Marle",945,75,"32T","32T1H4S1Q",1,2026-09-24 16:53:09.8700000,1095,0,5,2026-09-24 16:53:09.8700000,45.566670,6.016670
2219006,"Challes-les-Eaux",945,75,"31T","31T1H6S2Q",1,2026-09-24 16:53:19.1100000,2168,0,0,2026-09-24 16:53:19.1100000,45.550000,5.983330
2218447,"Saint-Jeoire-Prieure",945,75,"31T","31T1H6S2Q",1,2026-09-24 16:53:26.4570000,1097,0,0,2026-09-24 16:53:26.4570000,45.533330,5.983330
2217904,"Myans",945,75,"31T","31T1H6S2Q",1,2026-09-24 16:53:35.8130000,1089,0,0,2026-09-24 16:53:35.8130000,45.516670,5.983330
2217905,"Chignin",945,75,"32T","32T1H4S1Q",1,2026-09-24 16:53:45.9670000,1090,0,0,2026-09-24 16:53:45.9670000,45.516670,6.016670
2219514,"Puygros",945,75,"32T","32T1H4S1Q",1,2026-09-24 16:53:52.9530000,1096,0,0,2026-09-24 16:53:52.9530000,45.566670,6.033330
2219007,"Rongere",945,75,"32T","32T1H4S1Q",1,2026-09-24 16:54:01.5200000,1041,0,855,2026-09-24 16:54:01.5200000,45.550000,6.066670
2218448,"La Thuile",945,75,"32T","32T1H4S1Q",1,2026-09-24 16:54:24.9030000,1097,0,0,2026-09-24 16:54:24.9030000,45.533330,6.050000
1819273,"Richmond Heights",3585,233,"18S","18S1H4S1Q",2,2026-09-24 16:54:32.4300000,0,1076,0,2026-09-24 16:54:32.4300000,37.463760,-77.398040
1820032,"Capitol View",3585,233,"18S","18S1H4S1Q",2,2026-09-24 16:54:38.4930000,0,1070,0,2026-09-24 16:54:38.4930000,37.475980,-77.390540
1817949,"Varina Gardens",3585,233,"18S","18S1H4S1Q",2,2026-09-24 16:54:44.1330000,0,1079,0,2026-09-24 16:54:44.1330000,37.439590,-77.359420
1815498,"Bellwood Manor",3585,233,"18S","18S1H4S1Q",2,2026-09-24 16:54:51.5870000,0,1075,0,2026-09-24 16:54:51.5870000,37.399870,-77.419700
2026783,"Millard",3559,233,"14T","14T2H6S2Q",2,2025-07-28 03:38:52.7830000,0,1314641,0,2026-09-24 16:55:32.5900000,41.208330,-96.121130
1859288,"Wallace",3567,233,"10S","10S1H3S4Q",2,2013-04-09 01:33:59.0170000,0,1292621,39565,2026-09-24 16:55:36.4400000,38.194090,-120.978000
1815301,"Fair Hill",3585,233,"18S","18S1H4S1Q",2,2026-09-24 16:55:36.8370000,0,1077,0,2026-09-24 16:55:36.8370000,37.395430,-77.329700
1663143,"Hamlet",3545,233,"17S","17S2H3S3Q",3,2026-09-24 16:59:12.7800000,0,0,1143,2026-09-24 16:59:12.7800000,34.884880,-79.694220
1662811,"East Hamlet",3545,233,"17S","17S2H3S3Q",3,2026-09-24 16:59:18.7730000,0,0,1143,2026-09-24 16:59:18.7730000,34.881820,-79.685330
1824394,"Richmond",3585,233,"18S","18S1H4S1Q",2,2026-09-24 17:00:52.6700000,0,1078,0,2026-09-24 17:00:52.6700000,37.553760,-77.460260
854278,"Ban Khlong Soi Thi Sip Et",3203,218,"47P","47P1H6S1Q",1,2026-03-24 09:08:06.3730000,529996,0,0,2026-09-24 17:02:30.8270000,13.994560,100.843360
853083,"Ban Khlong Sip Et Hok Wa",3203,218,"47P","47P1H6S1Q",1,2026-02-14 13:42:43.3970000,379734,0,0,2026-09-24 17:02:31.2670000,13.970170,100.843170
864499,"Ban Lam Sai",3195,218,"47P","47P1H3S3Q",1,2026-09-23 03:07:50.0700000,274839,0,0,2026-09-24 17:02:32.7700000,14.200000,100.650000
1825392,"Highland Park",3585,233,"18S","18S1H4S1Q",2,2026-09-24 17:03:14.2670000,0,1079,0,2026-09-24 17:03:14.2670000,37.572920,-77.431370
1824795,"Chestnut Hill",3585,233,"18S","18S1H4S1Q",2,2026-09-24 17:03:18.6730000,0,1077,0,2026-09-24 17:03:18.6730000,37.562650,-77.421930
1662503,"New Town",3545,233,"17S","17S2H3S3Q",3,2026-09-24 17:04:09.1800000,0,0,1141,2026-09-24 17:04:09.1800000,34.876820,-79.695060
1662155,"Steen Town",3545,233,"17S","17S2H3S3Q",3,2026-09-24 17:04:12.9530000,0,0,1143,2026-09-24 17:04:12.9530000,34.871270,-79.653110
1826224,"Ginter Park",3585,233,"18S","18S1H4S1Q",2,2026-09-24 17:05:46.6530000,0,1372,0,2026-09-24 17:05:46.6530000,37.587650,-77.455540
2036617,"Maysville",3584,233,"17T","17T2H5S2Q",3,2025-05-12 14:02:27.8370000,0,0,651111,2026-09-24 17:05:54.7770000,41.404500,-80.452570
1933698,"Wedekind",3570,233,"11S","11S1H1S1Q",2,2026-09-21 03:51:13.2430000,0,21032,0,2026-09-24 17:06:34.1870000,39.565470,-119.706580
1826325,"Washington Park",3585,233,"18S","18S1H4S1Q",2,2026-09-24 17:06:35.1370000,0,999,0,2026-09-24 17:06:35.1370000,37.589870,-77.442210
2492993,"Heathrow",979,77,"30U","30U2H3S2Q",3,2013-12-02 10:54:58.2870000,0,0,4221436,2026-09-24 17:07:50.5570000,51.467300,-0.452900
1824556,"Central Gardens",3585,233,"18S","18S1H4S1Q",2,2026-09-24 17:08:50.3900000,0,1072,0,2026-09-24 17:08:50.3900000,37.557090,-77.404700
1644623,"Raemon",3545,233,"17S","17S2H3S3Q",2,2026-09-24 17:08:57.3900000,0,742,0,2026-09-24 17:08:57.3900000,34.622930,-79.348980
1645639,"Raemon",3545,233,"17S","17S2H3S3Q",2,2026-09-24 17:09:01.1670000,0,757,0,2026-09-24 17:09:01.1670000,34.637660,-79.348650
1642333,"Purvis",3545,233,"17S","17S2H3S3Q",2,2026-09-24 17:09:04.4700000,0,758,0,2026-09-24 17:09:04.4700000,34.588770,-79.263370
1644010,"Elrod",3545,233,"17S","17S2H3S3Q",2,2026-09-24 17:09:07.7330000,0,758,0,2026-09-24 17:09:07.7330000,34.614050,-79.241980
1643536,"Elrod",3545,233,"17S","17S2H3S3Q",2,2026-09-24 17:09:10.5400000,0,903,0,2026-09-24 17:09:10.5400000,34.607060,-79.230660
1648437,"Pembroke",3545,233,"17S","17S2H3S3Q",2,2026-09-24 17:09:16.3300000,0,817,0,2026-09-24 17:09:16.3300000,34.680160,-79.195040
1651572,"Alma",3545,233,"17S","17S2H3S3Q",3,2017-04-06 16:25:34.2000000,0,300,655,2026-09-24 17:10:19.9000000,34.723770,-79.312540
1819296,"Ampthill Heights",3585,233,"18S","18S1H4S1Q",3,2025-08-05 19:11:53.7600000,0,402,21748,2026-09-24 17:10:57.1600000,37.464310,-77.455260
2665419,"Gazoprovod",2671,192,"37U","37U1H1S2Q",2,2022-07-10 16:13:14.6400000,0,1637096,517,2026-09-24 17:12:41.4000000,55.581390,37.478060
1658460,"Ghio Scholl Station",3545,233,"17S","17S2H3S3Q",3,2026-09-24 17:12:44.2200000,0,0,1139,2026-09-24 17:12:44.2200000,34.816820,-79.650890
1656071,"Green Pond",3545,233,"17S","17S2H3S3Q",3,2026-09-24 17:12:47.9970000,0,0,1136,2026-09-24 17:12:47.9970000,34.784600,-79.632560
2665918,"Mamyri",2671,192,"37U","37U1H1S2Q",3,2026-09-24 17:12:51.6130000,0,0,758,2026-09-24 17:12:51.6130000,55.594440,37.450560
1824810,"Oak Hill",3585,233,"18S","18S1H4S1Q",2,2026-09-24 17:12:53.3530000,0,1071,0,2026-09-24 17:12:53.3530000,37.562920,-77.399150
2573514,"Hilaard",2274,167,"31U","31U1H6S2Q",1,2020-11-28 20:41:55.3830000,595612,0,0,2026-09-24 17:12:54.1700000,53.164680,5.711350
2665956,"Nikolo-Khovanskoye",2671,192,"37U","37U1H1S2Q",3,2026-09-24 17:12:58.7170000,0,0,759,2026-09-24 17:12:58.7170000,55.597280,37.449180
2665337,"Prokshino",2671,192,"37U","37U1H1S2Q",2,2022-09-11 23:49:37.7200000,0,578694,517,2026-09-24 17:13:06.1800000,55.576760,37.433880
2684747,"Dollar",977,77,"30V","30V2H5S3Q",1,2021-06-25 22:32:41.6630000,593383,300,9306,2026-09-24 17:13:09.1300000,56.150000,-3.666670
2667487,"Orlovo",2670,192,"37U","37U1H1S2Q",2,2024-07-07 04:07:58.8730000,0,16267,517,2026-09-24 17:13:18.9430000,55.635830,37.378610
2668554,"Meshcherskiy",2670,192,"37U","37U1H1S2Q",2,2023-06-28 07:57:25.4900000,0,20420,517,2026-09-24 17:13:29.7330000,55.670420,37.392450
2669068,"Zarech'ye",2671,192,"37U","37U1H1S2Q",2,2022-08-07 19:34:04.5030000,0,20934,517,2026-09-24 17:13:36.4070000,55.686670,37.392400
2681804,"Blairhall",977,77,"30V","30V2H5S3Q",1,2020-01-16 09:28:42.1930000,595152,0,4653,2026-09-24 17:13:42.1630000,56.066670,-3.600000
1808669,"Mitchell",3585,233,"17S","17S1H5S2Q",1,2026-09-24 17:14:17.1170000,691,0,0,2026-09-24 17:14:17.1170000,37.292080,-80.100040
854389,"Ban Tai Aen Khlong Sip Si",3213,218,"47P","47P1H6S1Q",2,2026-06-11 14:11:55.6030000,0,753480,0,2026-09-24 17:14:40.1330000,13.997640,100.914640
866522,"Ban Huai Chorakhe",3195,218,"47P","47P1H3S3Q",2,2026-06-19 15:36:17.7830000,0,678855,0,2026-09-24 17:14:40.1330000,14.250000,100.683330
864496,"Ban Thai Wat",3195,218,"47P","47P1H3S3Q",2,2026-04-20 14:23:54.9800000,0,989109,0,2026-09-24 17:14:40.5430000,14.200000,100.550000
852508,"Ban Pak Khlong Sip Ha",3213,218,"47P","47P1H6S1Q",2,2026-05-17 17:02:56.3300000,0,996398,0,2026-09-24 17:14:41.7530000,13.964920,100.937500
1808794,"Lee-Mitchell",3585,233,"17S","17S1H5S2Q",1,2026-09-24 17:14:49.8570000,689,0,0,2026-09-24 17:14:49.8570000,37.294020,-80.104210
1807416,"Grandview",3585,233,"17S","17S1H5S2Q",1,2026-09-24 17:14:56.0170000,689,0,0,2026-09-24 17:14:56.0170000,37.271800,-80.045600
1825327,"Mayfair Place",3585,233,"18S","18S1H4S1Q",2,2026-09-24 17:15:01.2230000,0,1099,0,2026-09-24 17:15:01.2230000,37.571260,-77.387200
1809710,"Spring Garden",3585,233,"17S","17S1H5S2Q",1,2026-09-24 17:15:01.4070000,517,0,224,2026-09-24 17:15:01.4070000,37.306800,-80.022540
1802869,"Narrows",3585,233,"17S","17S1H6S1Q",1,2026-09-24 17:15:22.9670000,3039,2182,0,2026-09-24 17:15:22.9670000,37.205420,-79.958930
2050345,"Blanes",909,68,"31T","31T2H5S1Q",3,2023-04-07 01:12:30.9830000,0,153410,945574,2026-09-24 17:15:54.0000000,41.674190,2.790360
1825570,"East Highland Park",3585,233,"18S","18S1H4S1Q",2,2026-09-24 17:18:44.7900000,0,1068,0,2026-09-24 17:18:44.7900000,37.577100,-77.386400
1653381,"Phil",3545,233,"17S","17S2H3S3Q",2,2026-09-24 17:19:43.4870000,0,852,0,2026-09-24 17:19:43.4870000,34.748220,-79.213930
1652234,"Prospect",3545,233,"17S","17S2H3S3Q",2,2026-09-24 17:19:49.6700000,0,680,0,2026-09-24 17:19:49.6700000,34.733220,-79.229760
1652001,"Prospect",3545,233,"17S","17S2H3S3Q",2,2026-09-24 17:19:53.5700000,0,645,0,2026-09-24 17:19:53.5700000,34.729830,-79.223000
1652573,"Buie",3545,233,"17S","17S2H3S3Q",2,2026-09-24 17:19:58.1100000,0,627,0,2026-09-24 17:19:58.1100000,34.736550,-79.144760
1655286,"Laurinburg",3545,233,"17S","17S2H3S3Q",3,2026-09-24 17:21:01.9800000,0,0,1140,2026-09-24 17:21:01.9800000,34.774050,-79.462820
1410516,"Buck Hollow",3549,233,"14R","14R1H1S4Q",3,2026-09-24 17:22:01.7230000,0,0,1143,2026-09-24 17:22:01.7230000,30.490190,-100.020630
1410550,"Roosevelt",3549,233,"14R","14R1H1S4Q",3,2026-09-24 17:22:05.7230000,0,0,1142,2026-09-24 17:22:05.7230000,30.491020,-100.055080
2621462,"Diekendorn",702,57,"32U","32U1H2S4Q",3,2022-10-09 10:07:43.9400000,0,0,20957,2026-09-24 17:22:09.1330000,54.283330,9.816670
1406378,"Wilson Place",3549,233,"14R","14R1H1S4Q",3,2026-09-24 17:22:09.4300000,0,0,1143,2026-09-24 17:22:09.4300000,30.402970,-100.086190
1825551,"Glenwood Farms",3585,233,"18S","18S1H4S1Q",2,2026-09-24 17:22:12.7200000,0,1253,0,2026-09-24 17:22:12.7200000,37.576530,-77.385260
1415912,"Cleo",3549,233,"14R","14R1H2S3Q",3,2026-09-24 17:22:15.9100000,0,0,1144,2026-09-24 17:22:15.9100000,30.603800,-99.875070
1410490,"Junction",3549,233,"14R","14R1H2S3Q",3,2026-09-24 17:22:20.1430000,0,0,1150,2026-09-24 17:22:20.1430000,30.489360,-99.772010
1826095,"Springdale",3585,233,"18S","18S1H4S1Q",2,2026-09-24 17:22:21.5830000,0,1063,0,2026-09-24 17:22:21.5830000,37.585150,-77.396650
1664432,"North Hamlet",3545,233,"17S","17S2H3S3Q",3,2026-09-24 17:22:21.7970000,0,0,1070,2026-09-24 17:22:21.7970000,34.903490,-79.691170
1402912,"Telegraph",3549,233,"14R","14R1H2S3Q",3,2026-09-24 17:22:24.1900000,0,0,1150,2026-09-24 17:22:24.1900000,30.327420,-99.906180
1400459,"Junction Windmill",3549,233,"14R","14R1H2S3Q",3,2026-09-24 17:22:28.1430000,0,0,1150,2026-09-24 17:22:28.1430000,30.269640,-99.700340
1407130,"Segovia",3549,233,"14R","14R1H2S3Q",3,2026-09-24 17:22:31.9800000,0,0,1150,2026-09-24 17:22:31.9800000,30.419360,-99.670340
1665085,"Highland Park",3545,233,"17S","17S2H3S3Q",3,2026-09-24 17:22:27.1930000,0,0,2221,2026-09-24 17:22:37.1770000,34.914320,-79.675890
1664512,"Dobbins Heights",3545,233,"17S","17S2H3S3Q",3,2026-09-24 17:22:46.4900000,0,0,1070,2026-09-24 17:22:46.4900000,34.904880,-79.692280
1668017,"Cognac",3545,233,"17S","17S2H3S3Q",3,2026-09-24 17:24:02.3630000,0,0,1071,2026-09-24 17:24:02.3630000,34.956270,-79.609770
1670294,"Marston",3545,233,"17S","17S2H3S3Q",3,2026-09-24 17:24:07.9770000,0,0,1072,2026-09-24 17:24:07.9770000,34.988210,-79.582270
2258826,"Solonchaky",3430,230,"36T","36T1H1S4Q",2,2025-10-31 07:26:45.5370000,0,113359,0,2026-09-24 17:24:37.9200000,46.650000,31.816670
1826191,"Lynn Grove",3585,233,"18S","18S1H4S1Q",2,2026-09-24 17:25:04.4200000,0,1407,0,2026-09-24 17:25:04.4200000,37.587090,-77.401930
2411310,"Rudnik",2439,180,"34U","34U2H5S1Q",2,2026-06-17 11:19:32.7230000,0,11027,0,2026-09-24 17:26:10.8730000,49.918070,20.087040
2405822,"Palcza",2439,180,"34U","34U2H4S2Q",2,2026-08-17 09:45:37.4000000,0,3329,0,2026-09-24 17:26:41.4000000,49.804540,19.743890
2403490,"Wieciorka",2439,180,"34U","34U2H4S2Q",2,2026-07-01 17:50:29.2100000,0,5688,0,2026-09-24 17:26:59.9170000,49.759760,19.845430
2446610,"Parfondvaux",255,20,"31U","31U2H3S4Q",1,2020-11-02 11:56:53.2370000,100456,0,0,2026-09-24 17:27:15.9130000,50.644820,5.679490
1825732,"East Highland Park",3585,233,"18S","18S1H4S1Q",2,2026-09-24 17:27:20.5830000,0,1079,0,2026-09-24 17:27:20.5830000,37.580980,-77.406930
2391137,"Rabcice",3031,203,"34U","34U2H4S2Q",2,2026-08-16 06:28:34.6200000,0,1739,0,2026-09-24 17:27:32.6000000,49.500000,19.533330
164623,"Higuereta",2379,175,"18L","18L2H1S1Q",1,2019-07-29 01:35:13.1730000,27528,0,0,2026-09-24 17:27:37.6630000,-12.133330,-77.016670
165177,"El Agustino",2379,175,"18L","18L2H1S1Q",1,2019-06-03 16:15:20.5500000,32514,0,0,2026-09-24 17:27:47.8430000,-12.066670,-77.016670
2392708,"Roztoki",2439,180,"34U","34U2H4S2Q",2,2026-08-16 06:28:16.5470000,0,3595,0,2026-09-24 17:27:52.1930000,49.533330,19.550000
2393468,"Przywarowka",2439,180,"34U","34U2H4S2Q",2,2026-08-16 06:28:21.3900000,0,3591,0,2026-09-24 17:28:00.1930000,49.550000,19.550000
1530403,"Sunnyvale",3549,233,"14S","14S2H6S4Q",0,2010-01-01 00:00:00.0000000,0,0,0,2026-09-24 17:28:07.0470000,32.796520,-96.560820
1706315,"Moyle Heights",3545,233,"17S","17S2H2S2Q",3,2014-08-28 03:41:45.2730000,0,0,1514474,2026-09-24 17:28:08.1130000,35.628470,-80.457560
1709579,"Park View Heights",3545,233,"17S","17S2H2S2Q",3,2023-07-21 21:03:52.7300000,0,0,73870,2026-09-24 17:28:09.1430000,35.683470,-80.478950
1731014,"Union Cross",3545,233,"17S","17S1H5S4Q",3,2020-09-14 04:25:29.1930000,0,0,10540,2026-09-24 17:28:10.1770000,36.048470,-80.118930
1745045,"Stokesburg",3545,233,"17S","17S1H5S4Q",3,2015-09-13 04:15:52.7400000,0,0,97137,2026-09-24 17:28:11.2100000,36.282910,-80.141710
1746194,"Dehart",3545,233,"17S","17S1H5S3Q",3,2025-10-08 20:36:08.5770000,0,0,8133,2026-09-24 17:28:12.3070000,36.300130,-81.135080
1752524,"Union Hill",3545,233,"17S","17S1H5S4Q",3,2020-05-12 17:52:17.0830000,0,0,2105,2026-09-24 17:28:13.3500000,36.402080,-80.888680
1757989,"Franklin",3545,233,"17S","17S1H5S4Q",3,2014-11-06 18:52:34.9300000,0,0,321266,2026-09-24 17:28:14.3930000,36.489300,-80.633680
1759382,"Pelham",3545,233,"17S","17S1H6S3Q",3,2018-10-15 14:07:52.0300000,0,0,10590,2026-09-24 17:28:15.4500000,36.510140,-79.471690
1759997,"Albion",3545,233,"17S","17S1H5S4Q",3,2026-04-13 18:59:10.0200000,300,0,1785,2026-09-24 17:28:16.4870000,36.519300,-80.448950
1763167,"Sandy Level",3585,233,"17S","17S1H6S3Q",0,2010-01-01 00:00:00.0000000,0,0,0,2026-09-24 17:28:17.5170000,36.568750,-79.719200
1764207,"Nettleridge",3585,233,"17S","17S1H5S4Q",0,2010-01-01 00:00:00.0000000,0,0,0,2026-09-24 17:28:18.5970000,36.585970,-80.139490
1766826,"Stella",3585,233,"17S","17S1H5S4Q",3,2010-01-01 00:00:00.0000000,0,0,254,2026-09-24 17:28:19.6430000,36.630690,-80.084770
1767281,"Reynolds Mill",3585,233,"17S","17S1H5S4Q",3,2010-01-01 00:00:00.0000000,0,0,254,2026-09-24 17:28:20.6900000,36.636530,-80.128380
1767653,"Fontaine",3585,233,"17S","17S1H6S3Q",0,2010-01-01 00:00:00.0000000,0,0,0,2026-09-24 17:28:21.7330000,36.644860,-79.859760
165182,"Inquisidor",2379,175,"18L","18L2H1S2Q",1,2019-08-15 05:40:33.5000000,11295,0,0,2026-09-24 17:29:46.1300000,-12.066670,-76.966670
1826438,"Cloverland",3585,233,"18S","18S1H4S1Q",2,2026-09-24 17:30:18.3270000,0,999,0,2026-09-24 17:30:18.3270000,37.592650,-77.429700
1759126,"Sparta",3545,233,"17S","17S1H5S3Q",1,2026-09-24 17:30:49.4830000,690,0,0,2026-09-24 17:30:49.4830000,36.505410,-81.120920
2052912,"Hillsgrove",3564,233,"19T","19T2H4S1Q",1,2019-12-22 16:37:08.2630000,346865,0,0,2026-09-24 17:30:54.5670000,41.726210,-71.439220
1762119,"Vox",3545,233,"17S","17S1H5S3Q",1,2026-09-24 17:30:58.6200000,690,0,0,2026-09-24 17:30:58.6200000,36.553180,-81.055920
1752580,"Roaring Gap",3545,233,"17S","17S1H5S4Q",1,2026-09-24 17:31:21.9300000,1321,0,34,2026-09-24 17:31:21.9300000,36.402910,-80.985360
1748987,"Traphill",3545,233,"17S","17S1H5S3Q",1,2026-09-24 17:31:37.3530000,696,0,0,2026-09-24 17:31:37.3530000,36.346520,-81.032580
1826603,"Fayette Park",3585,233,"18S","18S1H4S1Q",2,2026-09-24 17:33:20.7770000,0,999,0,2026-09-24 17:33:20.7770000,37.596260,-77.422200
853907,"Ban Khlong Sip Et Sai Klang",3203,218,"47P","47P1H6S1Q",1,2026-09-23 05:26:48.1700000,133790,0,0,2026-09-24 17:34:20.7070000,13.984610,100.844190
852304,"Ban Khlong Soi Thi Sip Et",3203,218,"47P","47P1H6S1Q",1,2026-09-23 05:26:46.7670000,115092,0,0,2026-09-24 17:34:21.0970000,13.958420,100.842140
850649,"Lam Luk Ka",3203,218,"47P","47P1H6S1Q",1,2026-01-28 15:17:33.5270000,287157,0,0,2026-09-24 17:34:21.8000000,13.932260,100.749370
1827332,"Chickahominy",3585,233,"18S","18S1H4S1Q",2,2026-09-24 17:36:08.0000000,0,1299,0,2026-09-24 17:36:08.0030000,37.608200,-77.413040
1834817,"Cady",3585,233,"18S","18S1H4S1Q",2,2026-09-24 16:21:18.5100000,0,3559,0,2026-09-24 17:36:39.1270000,37.742640,-77.361920
2146765,"Walden",3576,233,"10T","10T2H2S1Q",2,2026-09-24 17:36:50.0300000,0,1200,0,2026-09-24 17:36:50.0300000,43.776230,-123.005350
1595636,"Birchmore",3539,233,"17S","17S2H4S1Q",1,2013-09-16 21:03:13.4670000,871869,0,0,2026-09-24 17:37:13.0570000,33.904010,-83.446270
1647634,"Moss Neck",3545,233,"17S","17S2H3S3Q",2,2026-09-24 17:38:17.0900000,0,889,0,2026-09-24 17:38:17.0900000,34.667390,-79.152810
1660495,"Shannon",3545,233,"17S","17S2H3S3Q",2,2026-09-24 17:38:24.9700000,0,854,0,2026-09-24 17:38:24.9700000,34.847940,-79.136980
1658206,"Red Springs",3545,233,"17S","17S2H3S3Q",2,2026-09-24 17:38:29.9270000,0,838,0,2026-09-24 17:38:29.9270000,34.815160,-79.183090
1817054,"Stanford",3567,233,"10S","10S1H5S2Q",1,2026-05-13 16:44:02.3200000,1944664,0,1334,2026-09-24 17:38:56.7530000,37.424110,-122.166080
1623129,"Cajon Junction",3567,233,"11S","11S2H2S3Q",3,2023-06-18 02:20:04.7530000,300,0,99192,2026-09-24 17:40:27.4130000,34.311670,-117.474770
1620925,"Cosy Dell",3567,233,"11S","11S2H2S3Q",3,2023-06-17 23:50:58.1500000,587,0,72400,2026-09-24 17:40:37.1800000,34.278890,-117.453660
2796590,"Kaakkola",927,70,"35V","35V1H4S4Q",1,2020-09-24 18:30:12.8630000,87698,0,0,2026-09-24 17:40:41.5970000,60.465830,25.067220
1828128,"Baumberg",3567,233,"10S","10S1H5S2Q",3,2013-11-13 22:29:48.6600000,300,0,1848766,2026-09-24 17:41:56.1030000,37.620770,-122.100240
1829418,"Sorenson",3567,233,"10S","10S1H5S2Q",3,2013-11-23 02:52:11.2500000,900,0,1622093,2026-09-24 17:42:55.3230000,37.645490,-122.065800
2836381,"Alcatraz",3567,233,"10S","10S1H5S2Q",3,2013-07-21 02:02:03.3900000,9000,0,26948360,2026-09-24 17:47:24.6430000,37.826886,-122.423224
2510373,"Zalmplaat",2265,167,"31U","31U2H3S1Q",2,2020-03-11 08:48:23.2200000,0,100652,0,2026-09-24 17:47:27.9870000,51.850000,4.366670
1665772,"Dundarrach",3545,233,"17S","17S2H3S3Q",2,2026-09-24 17:47:42.1130000,0,996,0,2026-09-24 17:47:42.1130000,34.923780,-79.156220
2510372,"Meeuwenplaat",2265,167,"31U","31U2H3S1Q",2,2025-01-19 23:19:33.8270000,0,46038,0,2026-09-24 17:47:51.0770000,51.850000,4.350000
2553028,"North Elmham",979,77,"31U","31U1H4S3Q",2,2024-04-18 19:26:29.6370000,0,107950,1034,2026-09-24 17:48:57.8870000,52.746400,0.946110
1747910,"Bel Air Two",3548,233,"17S","17S1H4S4Q",3,2026-02-05 21:25:45.9400000,0,0,31798,2026-09-24 17:49:05.3100000,36.329550,-82.363200
2561090,"Chaddesden",979,77,"30U","30U1H6S3Q",2,2026-08-03 20:04:25.1570000,0,56850,0,2026-09-24 17:50:16.9570000,52.916670,-1.433330
1832258,"Greenway",3585,233,"18S","18S1H4S1Q",2,2026-09-24 17:50:24.3630000,0,1127,0,2026-09-24 17:50:27.0100000,37.695980,-77.343590
2561872,"Langham",979,77,"31U","31U1H4S3Q",3,2010-01-01 00:00:00.0000000,0,0,433680,2026-09-24 17:51:15.6430000,52.933330,0.983330
1831866,"Buckeye",3585,233,"18S","18S1H4S1Q",2,2026-09-24 17:51:20.1500000,0,1211,0,2026-09-24 17:51:21.5500000,37.687370,-77.316370
1404952,"Villa Siesta Retirement Village",3549,233,"14R","14R1H3S3Q",2,2020-09-30 23:26:33.2570000,0,6039333,0,2026-09-24 17:51:22.4430000,30.372430,-97.671120
1831339,"The Colonies",3585,233,"18S","18S1H4S1Q",2,2026-09-24 17:51:32.1300000,0,861,0,2026-09-24 17:51:32.1300000,37.679870,-77.289140
1665828,"Fruitland",3545,233,"17S","17S2H3S3Q",3,2026-09-24 17:22:31.4270000,0,300,617,2026-09-24 17:51:46.1130000,34.924600,-79.650330
1830983,"Studley Farms",3585,233,"18S","18S1H4S1Q",2,2026-09-24 17:51:46.7470000,0,925,0,2026-09-24 17:51:46.7470000,37.671810,-77.290260
2552355,"Sparham",979,77,"31U","31U1H4S4Q",2,2023-12-18 05:32:31.7330000,0,77216,2068,2026-09-24 17:54:35.1600000,52.733330,1.066670
2551638,"Lyng",979,77,"31U","31U1H4S4Q",2,2014-11-29 12:27:32.0670000,0,106402,517,2026-09-24 17:54:47.0530000,52.716670,1.066670
1391852,"Waller",3549,233,"15R","15R1H1S3Q",1,2013-10-28 23:05:18.0100000,14254860,0,0,2026-09-24 17:56:03.5970000,30.056610,-95.926900
2553166,"Gaywood",979,77,"31U","31U1H4S3Q",2,2017-04-09 15:56:52.1270000,600,3937342,2820,2026-09-24 17:56:09.7570000,52.750000,0.433330
1828611,"Saint Josephs Villa",3585,233,"18S","18S1H4S1Q",2,2026-09-24 17:57:07.9900000,0,1062,0,2026-09-24 17:57:07.9900000,37.631530,-77.461370
1829018,"Stonewall Manor",3585,233,"18S","18S1H4S1Q",2,2026-09-24 17:57:20.7700000,0,2514,0,2026-09-24 17:57:24.3800000,37.636260,-77.468870
2676019,"Summerston",977,77,"30U","30U1H1S2Q",3,2014-03-15 12:05:33.0770000,21240,0,2974171,2026-09-24 18:02:50.4970000,55.898750,-4.291710
2218591,"Saint-Placide",459,38,"18T","18T1H5S2Q",1,2026-06-07 02:52:30.3200000,400343,0,0,2026-09-24 18:03:30.9400000,45.533380,-74.199230
1829211,"Northwoods",3585,233,"18S","18S1H4S1Q",2,2026-09-24 18:05:29.1600000,0,1033,0,2026-09-24 18:05:29.1600000,37.640700,-77.478870
1825638,"Acca",3585,233,"18S","18S1H4S1Q",2,2026-09-24 18:05:39.1470000,0,1071,0,2026-09-24 18:05:39.1470000,37.578480,-77.469980
1823414,"Church Hill",3585,233,"18S","18S1H4S1Q",2,2026-09-24 18:05:53.8930000,0,1472,0,2026-09-24 18:05:53.8930000,37.534870,-77.421930
2561548,"Wighton",979,77,"31U","31U1H4S3Q",3,2010-01-01 00:00:00.0000000,0,0,1097918,2026-09-24 18:08:23.6330000,52.922360,0.883540
1535664,"Gifford",3549,233,"14S","14S2H6S4Q",3,2025-01-16 23:51:48.8800000,0,0,3132856,2026-09-24 18:09:43.1700000,32.897900,-96.765830
2550841,"Hednesford",979,77,"30U","30U1H6S3Q",2,2025-08-31 19:36:25.5400000,0,78332,0,2026-09-24 18:09:49.8630000,52.700000,-2.000000
2060583,"prati",1377,110,"33T","33T2H4S1Q",3,2015-09-26 18:50:36.5230000,0,0,2915122,2026-09-24 18:09:59.6000000,41.909430,12.468190
13318,"Blackheath",143,13,"56H","56H1H1S3Q",3,2025-02-18 09:13:13.8770000,0,19799,625982,2026-09-24 18:11:35.8600000,-33.650000,150.266670
2670053,"Setun'",2670,192,"37U","37U1H1S2Q",2,2019-01-27 15:19:48.0930000,0,1403690,0,2026-09-24 18:12:07.3070000,55.716670,37.416670
1641740,"Alfordsville",3545,233,"17S","17S2H3S3Q",2,2026-09-24 18:12:08.3930000,0,742,0,2026-09-24 18:12:08.3930000,34.580160,-79.318380
2670868,"Kuntsevo",2670,192,"37U","37U1H1S2Q",2,2020-01-06 09:30:38.9270000,0,1401243,0,2026-09-24 18:12:11.2470000,55.742160,37.402250
2555371,"Castle Rising",979,77,"31U","31U1H4S3Q",3,2025-01-25 11:47:37.4670000,0,0,13166,2026-09-24 18:12:15.5300000,52.794560,0.470180
2673529,"Strogino",2670,192,"37U","37U1H1S2Q",2,2021-11-22 07:19:23.3070000,0,1359675,0,2026-09-24 18:12:17.6970000,55.818380,37.412240
2673983,"Spas",2670,192,"37U","37U1H1S2Q",2,2022-07-31 05:51:47.8800000,0,1384585,0,2026-09-24 18:12:22.1170000,55.833330,37.400000
2674527,"Brattsevo",2670,192,"37U","37U1H1S2Q",2,2023-05-15 11:47:36.1570000,0,2458056,0,2026-09-24 18:12:34.9070000,55.850000,37.400000
2675658,"Korovino",2670,192,"37U","37U1H1S2Q",2,2022-11-15 10:52:56.2530000,0,1589386,0,2026-09-24 18:12:43.8530000,55.883330,37.516670
2218592,"Saint-Joseph-du-Lac",459,38,"18T","18T1H6S1Q",1,2026-06-04 12:43:39.9570000,400321,0,0,2026-09-24 18:12:47.9000000,45.533380,-73.999200
2668682,"Lyublino",2670,192,"37U","37U1H1S2Q",2,2020-03-03 12:29:26.2800000,0,1529646,0,2026-09-24 18:13:12.3500000,55.679230,37.752500
2666770,"Orekhovo-Borisovo Severnoye",2670,192,"37U","37U1H1S2Q",2,2022-03-24 19:13:18.0130000,0,1502764,0,2026-09-24 18:13:23.0070000,55.616670,37.683330
12291,"Hurstville Grove",143,13,"56H","56H1H1S4Q",3,2017-06-02 22:30:18.4070000,0,1277,1079121,2026-09-24 18:14:25.1700000,-33.966670,151.100000
1638843,"Rowland",3545,233,"17S","17S2H3S3Q",2,2026-09-24 18:14:59.4500000,0,744,0,2026-09-24 18:14:59.4500000,34.536550,-79.291430
2548982,"Perwenitz",713,57,"33U","33U1H4S4Q",2,2025-05-03 08:29:06.2800000,0,538386,0,2026-09-24 18:18:32.7200000,52.658480,13.012450
2100512,"Clinton Village",3557,233,"16T","16T2H3S4Q",1,2017-08-11 07:01:58.7430000,2765122,0,0,2026-09-24 18:21:50.5800000,42.795870,-84.531370
2666985,"Tsaritsyno",2670,192,"37U","37U1H1S2Q",2,2020-01-11 10:25:47.4300000,0,1514893,0,2026-09-24 18:24:47.8030000,55.625400,37.650320
2667579,"Moskvorech'ye-Saburovo",2670,192,"37U","37U1H1S2Q",2,2020-01-11 12:33:16.4570000,0,1541277,0,2026-09-24 18:24:53.8130000,55.641730,37.667540
2667907,"Kon'kovo",2670,192,"37U","37U1H1S2Q",2,2019-05-12 05:46:21.5500000,0,1291486,0,2026-09-24 18:24:58.3000000,55.650000,37.666670
2669497,"Kozhukhovo",2670,192,"37U","37U1H1S2Q",2,2022-11-21 04:09:02.4700000,0,3317748,0,2026-09-24 18:25:09.9970000,55.700000,37.666670
2146743,"Latham",3576,233,"10T","10T2H2S1Q",2,2026-09-24 18:26:47.4700000,0,2400,0,2026-09-24 18:26:52.9200000,43.775400,-123.062300
1857214,"Cygnus",3567,233,"10S","10S1H2S4Q",2,2023-05-09 19:32:02.1630000,0,2936108,1034,2026-09-24 18:27:43.3800000,38.152690,-122.089130
1856763,"Chabot Terrace",3567,233,"10S","10S1H2S4Q",2,2023-02-19 01:23:20.9470000,0,3552210,10975,2026-09-24 18:27:50.7870000,38.147140,-122.246080
1857720,"Collins",3567,233,"10S","10S1H2S4Q",2,2023-02-23 06:02:07.1200000,0,4042969,8318,2026-09-24 18:27:55.8230000,38.165750,-122.252470
1858278,"Lowell",3567,233,"10S","10S1H2S4Q",2,2023-02-28 20:01:53.2300000,0,3005545,7958,2026-09-24 18:28:03.6770000,38.174080,-122.253300
1858318,"American Canyon",3567,233,"10S","10S1H2S4Q",2,2023-03-13 16:00:47.6000000,0,2915800,13818,2026-09-24 18:28:08.4870000,38.174920,-122.260800
1636205,"Echo",3545,233,"17S","17S2H3S3Q",2,2026-09-24 18:28:21.9730000,0,744,0,2026-09-24 18:28:21.9730000,34.499610,-79.277540
1634373,"Stewart Crossroads",3545,233,"17S","17S2H3S3Q",2,2026-09-24 18:28:25.8770000,0,934,0,2026-09-24 18:28:25.8770000,34.472940,-79.257260
1634534,"Hammond Crossroads",3545,233,"17S","17S2H3S3Q",2,2026-09-24 18:28:29.3070000,0,935,0,2026-09-24 18:28:29.3070000,34.475160,-79.235320
1634286,"Five Forks",3545,233,"17S","17S2H3S3Q",2,2026-09-24 18:28:34.4730000,0,935,0,2026-09-24 18:28:34.4730000,34.471550,-79.200320
1823096,"Redwood Shores",3567,233,"10S","10S1H5S2Q",1,2025-01-09 22:39:58.7830000,3280403,0,1334,2026-09-24 18:28:41.2630000,37.531880,-122.248020
1822520,"Belmont",3567,233,"10S","10S1H5S2Q",1,2026-06-02 19:39:28.3170000,2508855,0,1334,2026-09-24 18:28:48.8970000,37.520210,-122.275800
1824623,"Foster City",3567,233,"10S","10S1H5S2Q",1,2025-01-27 17:13:21.2600000,3642791,0,1034,2026-09-24 18:28:55.2070000,37.558550,-122.271080
1878214,"Pond Acres",3537,233,"18S","18S1H2S3Q",1,2026-06-23 16:25:01.4400000,302097,0,0,2026-09-24 18:29:48.4600000,38.554000,-75.068510
1719608,"Scotia",3545,233,"18S","18S2H1S2Q",3,2026-09-24 18:30:46.0730000,0,0,1034,2026-09-24 18:30:46.0730000,35.859610,-76.217150
1716473,"Frying Pan",3545,233,"18S","18S2H1S2Q",3,2026-09-24 18:30:52.2000000,0,0,1064,2026-09-24 18:30:52.2000000,35.802660,-76.103530
1712167,"Gum Neck",3545,233,"18S","18S2H1S2Q",3,2026-09-24 18:30:54.0170000,0,0,1066,2026-09-24 18:30:54.0170000,35.730160,-76.143250
1706790,"Kilkenny",3545,233,"18S","18S2H1S2Q",3,2026-09-24 18:31:00.7630000,0,0,1071,2026-09-24 18:31:00.7630000,35.636280,-76.215750
1701965,"Carmur",3545,233,"18S","18S2H1S2Q",3,2026-09-24 18:31:06.5300000,0,0,1065,2026-09-24 18:31:06.5300000,35.552390,-76.189920
1701317,"Fairfield",3545,233,"18S","18S2H1S2Q",3,2026-09-24 18:31:09.1670000,0,0,1065,2026-09-24 18:31:09.1670000,35.541280,-76.224360
1696006,"New Holland",3545,233,"18S","18S2H1S2Q",3,2026-09-24 18:31:12.7900000,0,0,909,2026-09-24 18:31:12.7900000,35.443500,-76.169640
1695952,"Swindell Fork",3545,233,"18S","18S2H1S2Q",3,2026-09-24 18:31:15.7270000,0,0,1067,2026-09-24 18:31:15.7270000,35.442110,-76.279360
2243611,"Cayuga",3566,233,"15T","15T1H3S4Q",3,2013-01-14 11:55:33.8070000,0,0,5377401,2026-09-24 18:31:49.9100000,46.244400,-90.682400
1580139,"Gardendale",3551,233,"16S","16S2H5S2Q",2,2025-08-26 05:40:26.0370000,0,304548,0,2026-09-24 18:33:37.9930000,33.660100,-86.812770
1667344,"Sandy Grove",3545,233,"17S","17S2H3S3Q",3,2026-09-24 18:35:01.3500000,0,0,1132,2026-09-24 18:35:01.3500000,34.947940,-79.099200
1666110,"Dundarrach",3545,233,"17S","17S2H3S3Q",3,2026-09-24 18:35:10.7130000,0,0,1131,2026-09-24 18:35:10.7130000,34.929330,-79.155030
1665628,"Gold Hill",3545,233,"17S","17S2H3S3Q",3,2026-09-24 18:35:16.7600000,0,0,1128,2026-09-24 18:35:16.7600000,34.921280,-79.173090
1663191,"Antioch",3545,233,"17S","17S2H3S3Q",3,2026-09-24 18:35:21.5300000,0,0,1137,2026-09-24 18:35:21.5300000,34.885720,-79.208370
1661905,"Duffies",3545,233,"17S","17S2H3S3Q",3,2026-09-24 18:35:26.2070000,0,0,1134,2026-09-24 18:35:26.2070000,34.867110,-79.254760
1656591,"Wakulla",3545,233,"17S","17S2H3S3Q",3,2026-09-24 18:35:31.4300000,0,0,1128,2026-09-24 18:35:31.4300000,34.792660,-79.255040
1655547,"Floral College",3545,233,"17S","17S2H3S3Q",3,2026-09-24 18:35:36.1730000,0,0,1124,2026-09-24 18:35:36.1730000,34.778500,-79.318370
2079719,"Knights Corner",3583,233,"18T","18T2H3S4Q",1,2015-02-24 06:50:23.3170000,570966,0,0,2026-09-24 18:35:36.2330000,42.352040,-72.403140
1650100,"Red Banks",3545,233,"17S","17S2H3S3Q",3,2026-09-24 18:35:41.8070000,0,0,1118,2026-09-24 18:35:41.8070000,34.702940,-79.250870
2185017,"Brookside",3557,233,"16T","16T1H6S3Q",3,2026-04-10 17:30:48.4000000,0,0,179417,2026-09-24 18:35:43.4100000,44.742220,-85.646740
1809171,"Talurdo",2541,185,"29S","29S1H5S2Q",2,2022-11-05 10:25:51.3100000,6422,713864,0,2026-09-24 18:36:03.6430000,37.300000,-8.383330
1649151,"Pates",3545,233,"17S","17S2H3S3Q",3,2026-09-24 18:36:31.3430000,0,0,1124,2026-09-24 18:36:31.3430000,34.689880,-79.215040
1781610,"Carija",897,68,"30S","30S1H4S3Q",1,2026-09-24 18:36:38.2230000,805,0,0,2026-09-24 18:36:38.2230000,36.866670,-5.733330
1781611,"La Laguna",897,68,"30S","30S1H4S3Q",1,2026-09-24 18:36:49.2770000,1586,0,0,2026-09-24 18:36:49.2770000,36.866670,-5.666670
1784607,"San Lazaro",897,68,"30S","30S1H4S3Q",1,2026-09-24 18:36:53.7530000,812,0,0,2026-09-24 18:36:53.7530000,36.916670,-5.700000
2083254,"Albrights",3562,233,"18T","18T2H3S3Q",1,2015-09-25 10:46:30.6530000,79668,0,0,2026-09-24 18:38:25.5730000,42.426390,-73.816110
2597103,"Sandy Beach",450,38,"12U","12U1H4S2Q",3,2026-09-24 18:39:01.6200000,0,0,2346,2026-09-24 18:39:04.4730000,53.683450,-112.835250
2601180,"Bruderheim",450,38,"12U","12U1H4S2Q",3,2026-09-24 18:39:19.2830000,0,0,2274,2026-09-24 18:39:27.6800000,53.783450,-112.935270
2601179,"Elk Island",450,38,"12U","12U1H4S2Q",3,2026-09-24 18:39:34.3970000,0,0,2139,2026-09-24 18:39:37.5000000,53.783450,-112.985270
2605845,"Amelia",450,38,"12U","12U1H4S1Q",3,2026-09-24 18:40:02.3870000,0,0,2127,2026-09-24 18:40:06.7530000,53.900150,-113.051980
2151301,"Humber",457,38,"17T","17T2H3S1Q",2,2026-09-02 21:53:36.9270000,0,120757,0,2026-09-24 18:40:24.8700000,43.900110,-79.816340
2421132,"Huckelheim",715,57,"32U","32U2H2S4Q",2,2013-04-16 13:09:35.2970000,0,763703,0,2026-09-24 18:41:32.1270000,50.133330,9.250000
2609548,"Wansford",979,77,"30U","30U1H6S2Q",1,2026-07-04 19:24:59.4100000,423044,0,0,2026-09-24 18:42:35.4030000,53.990920,-0.381170
2529933,"Stutgarten",713,57,"33U","33U1H4S4Q",3,2026-09-24 18:17:44.5400000,0,0,2469,2026-09-24 18:42:39.4000000,52.250000,13.900000
1632634,"Gaddysville",3545,233,"17S","17S2H3S3Q",2,2026-09-24 18:43:02.5730000,0,948,0,2026-09-24 18:43:02.5730000,34.448770,-79.223370
2529937,"Diensdorf-Radlow",713,57,"33U","33U1H5S3Q",3,2026-09-18 19:22:49.2170000,0,0,6266,2026-09-24 18:43:02.6600000,52.250000,14.050000
1631957,"White Pond",3545,233,"17S","17S2H3S3Q",2,2026-09-24 18:43:06.0370000,0,948,0,2026-09-24 18:43:06.0370000,34.437660,-79.195870
1640049,"McDonald",3545,233,"17S","17S2H3S3Q",2,2026-09-24 18:43:10.9300000,0,908,0,2026-09-24 18:43:10.9300000,34.554050,-79.175590
1636592,"East Side Park",3545,233,"17S","17S2H3S3Q",2,2026-09-24 18:43:18.7770000,0,923,0,2026-09-24 18:43:18.7770000,34.504330,-79.093090
1636051,"Fairmont",3545,233,"17S","17S2H3S3Q",2,2026-09-24 18:43:25.7470000,0,642,0,2026-09-24 18:43:25.7470000,34.496830,-79.114200
1903775,"Higgins Corner",3567,233,"10S","10S1H3S1Q",2,2014-10-31 22:49:27.4630000,0,4001316,0,2026-09-24 18:45:47.3500000,39.042670,-121.094950
2279813,"Altreu",510,43,"32T","32T1H1S2Q",1,2015-05-10 09:46:43.7770000,1523746,0,0,2026-09-24 18:49:06.6230000,47.192340,7.448470
2155699,"Gayway Corner",3573,233,"11T","11T1H5S4Q",3,2026-09-15 20:16:52.8600000,0,0,4890,2026-09-24 18:49:14.4700000,44.025720,-116.923490
2153865,"Palisades Corner",3573,233,"11T","11T2H2S2Q",1,2026-09-24 18:49:42.0930000,4332,0,195,2026-09-24 18:49:44.7470000,43.975160,-116.912660
1683299,"Cosnino",3572,233,"12S","12S2H2S1Q",1,2013-02-02 23:55:02.1200000,8459087,0,0,2026-09-24 18:49:59.5200000,35.205570,-111.474880
1595071,"Fleetwood",3546,233,"14S","14S2H6S1Q",1,2026-09-24 18:51:22.5600000,1110,0,0,2026-09-24 18:51:22.5600000,33.896770,-97.851140
9743,"Wayville",138,13,"54H","54H1H4S1Q",2,2023-10-03 23:20:53.5270000,0,1469279,0,2026-09-24 18:51:33.1770000,-34.950000,138.583330
1377187,"Barbarosa",3549,233,"14R","14R1H5S2Q",3,2014-07-27 21:15:14.7900000,0,0,1819083,2026-09-24 18:52:22.3530000,29.701340,-98.003060
2307182,"Grand Marais",3558,233,"15T","15T1H3S2Q",3,2026-09-24 18:52:49.9730000,0,0,996,2026-09-24 18:52:49.9730000,47.750450,-90.334270
1694263,"Tiny Oak Fork",3545,233,"18S","18S2H1S2Q",3,2026-09-24 18:53:42.7200000,0,0,1067,2026-09-24 18:53:42.7200000,35.406830,-76.287970
1693420,"Oyster Creek Landing",3545,233,"18S","18S2H1S2Q",3,2026-09-24 18:53:46.7200000,0,0,1067,2026-09-24 18:53:46.7200000,35.390720,-76.314640
1694234,"Swanquarter",3545,233,"18S","18S2H1S2Q",3,2026-09-24 18:53:50.6100000,0,0,1068,2026-09-24 18:53:50.6100000,35.406280,-76.329090
1696833,"Rose Bay",3545,233,"18S","18S2H1S2Q",3,2026-09-24 18:53:52.8030000,0,0,1109,2026-09-24 18:53:52.8030000,35.460720,-76.383530
1703259,"Mount Olive",3545,233,"18S","18S2H1S2Q",3,2026-09-24 18:53:59.2900000,0,0,1072,2026-09-24 18:53:59.2900000,35.576000,-76.470210
1704003,"Ponzer",3545,233,"18S","18S2H1S2Q",3,2026-09-24 18:54:01.7000000,0,0,1072,2026-09-24 18:54:01.7000000,35.587670,-76.494650
1702993,"Leechville",3545,233,"18S","18S2H1S2Q",3,2026-09-24 18:54:04.3130000,0,0,1072,2026-09-24 18:54:04.3170000,35.570720,-76.502710
1649784,"Johns",3545,233,"17S","17S2H3S3Q",3,2026-09-24 18:55:40.6200000,0,0,1143,2026-09-24 18:55:40.6200000,34.699880,-79.442820
2524497,"Czempin",2451,180,"33U","33U1H6S3Q",2,2025-03-28 16:07:59.6800000,0,3082654,0,2026-09-24 18:57:04.8100000,52.144040,16.764080
1635968,"Oakton",3545,233,"17S","17S2H3S3Q",2,2026-09-24 18:59:00.3570000,0,1151,582,2026-09-24 18:59:00.3570000,34.495440,-79.048920
1640806,"Pope Crossing",3545,233,"17S","17S2H3S4Q",2,2026-09-24 18:59:10.8530000,0,909,0,2026-09-24 18:59:10.8530000,34.566280,-78.997810
1640009,"Long Branch",3545,233,"17S","17S2H3S4Q",2,2026-09-24 18:59:15.1170000,0,915,0,2026-09-24 18:59:15.1170000,34.553500,-78.969200
2310142,"Luxeuil-les-Bains",957,75,"32T","32T1H1S1Q",1,2015-09-02 20:48:29.1200000,3310536,0,0,2026-09-24 19:00:01.1200000,47.816670,6.383330
2448621,"Housse",255,20,"31U","31U2H3S4Q",1,2023-08-18 05:15:35.2970000,101092,0,0,2026-09-24 19:04:04.7930000,50.680960,5.697240
2379621,"Ros",715,57,"32U","32U2H6S1Q",3,2015-01-10 19:37:20.1030000,0,0,724417,2026-09-24 19:06:21.3270000,49.250000,10.550000
1914211,"Albin",3585,233,"17S","17S1H3S2Q",3,2025-03-07 23:41:09.4030000,116638,0,492206,2026-09-24 19:06:43.2170000,39.221770,-78.198610
1590154,"Rehoboth",3539,233,"16S","16S2H6S2Q",1,2013-11-10 06:26:43.4570000,1105958,0,0,2026-09-24 19:08:06.4300000,33.824270,-84.264640
2264758,"Davos",519,43,"32T","32T1H2S4Q",3,2026-07-29 07:36:50.9630000,29406,0,688847,2026-09-24 19:09:29.2700000,46.804290,9.837230
1652214,"Camelin Acres",3545,233,"17S","17S2H3S3Q",3,2026-09-24 19:10:04.9270000,0,0,1146,2026-09-24 19:10:04.9270000,34.732940,-79.431710
1651221,"McArthur Crossroads",3545,233,"17S","17S2H3S3Q",3,2026-09-24 19:10:08.9500000,0,0,1145,2026-09-24 19:10:08.9500000,34.718220,-79.488100
1651876,"Montclair",3545,233,"17S","17S2H3S3Q",3,2026-09-24 19:10:12.0170000,0,0,1145,2026-09-24 19:10:12.0170000,34.728220,-79.508110
1652553,"Edgeland Park",3545,233,"17S","17S2H3S3Q",3,2026-09-24 19:10:16.5270000,0,0,1146,2026-09-24 19:10:16.5270000,34.736270,-79.496440
1652703,"Macland",3545,233,"17S","17S2H3S3Q",3,2026-09-24 19:10:19.1470000,0,0,1146,2026-09-24 19:10:19.1470000,34.738490,-79.491440
30797,"Slacks Creek",142,13,"56J","56J1H5S4Q",2,2024-09-16 22:50:41.4270000,51529,1785266,0,2026-09-24 19:10:47.6630000,-27.650000,153.150000
1653081,"Sunny Acres",3545,233,"17S","17S2H3S3Q",3,2026-09-24 19:11:13.3600000,0,0,1141,2026-09-24 19:11:13.3600000,34.743490,-79.495050
2313175,"Concarneau",961,75,"30T","30T1H2S1Q",3,2022-08-19 15:27:11.0930000,0,0,7039885,2026-09-24 19:11:13.4870000,47.875020,-3.922450
1983613,"Crumb Corner",3555,233,"16T","16T2H5S4Q",3,2025-01-19 15:38:31.5700000,0,0,524649,2026-09-24 19:12:29.5430000,40.453920,-86.927790
2357808,"Bievres",955,75,"31U","31U2H5S3Q",3,2024-01-28 19:06:51.9400000,0,0,954296,2026-09-24 19:14:47.2000000,48.750000,2.216670
2364646,"Carnetin",955,75,"31U","31U2H5S3Q",2,2026-09-24 19:15:14.2200000,0,1507,0,2026-09-24 19:15:14.2200000,48.901020,2.705880
2359862,"Pontault-Combault",955,75,"31U","31U2H5S3Q",2,2026-08-20 16:02:39.5700000,0,4958,0,2026-09-24 19:15:44.8330000,48.798130,2.606760
2362646,"Conches-sur-Gondoire",955,75,"31U","31U2H5S3Q",2,2026-03-31 12:16:57.8300000,0,3012,0,2026-09-24 19:16:18.3330000,48.856240,2.717830
2169238,"Alpha",3573,233,"11T","11T1H5S4Q",3,2022-08-15 01:05:10.6400000,0,5602,132393,2026-09-24 19:19:20.7170000,44.391000,-116.007910
2171188,"Cabarton",3573,233,"11T","11T1H5S4Q",3,2022-09-04 22:16:28.8100000,0,300,267642,2026-09-24 19:19:32.3400000,44.435450,-116.040130
2019789,"Springfield",3559,233,"14T","14T2H6S2Q",2,2025-07-27 11:13:32.0570000,0,1052593,0,2026-09-24 19:19:51.2600000,41.081940,-96.134460
2072370,"Four Corners",3583,233,"18T","18T2H3S4Q",3,2026-07-24 16:53:57.3770000,0,0,750182,2026-09-24 19:20:13.4800000,42.185930,-72.348140
2193855,"Schomberg",3557,233,"16T","16T1H6S3Q",3,2026-05-05 04:22:44.4470000,300,0,2940,2026-09-24 19:21:21.3700000,44.921390,-85.773970
2560153,"Draycott",979,77,"30U","30U1H6S3Q",2,2026-07-06 08:57:07.2700000,0,50518,0,2026-09-24 19:24:01.2470000,52.896480,-1.342050
2332528,"Ringsheim",716,57,"32U","32U2H4S4Q",3,2022-05-01 22:24:58.7930000,0,0,18135870,2026-09-24 19:24:09.6500000,48.250000,7.783330
2529036,"Gross Schauen",713,57,"33U","33U1H4S4Q",3,2026-09-24 19:24:22.2800000,0,0,795,2026-09-24 19:24:22.2800000,52.233330,13.916670
2529035,"Wochowsee",713,57,"33U","33U1H4S4Q",3,2026-09-24 19:24:25.5030000,0,0,1232,2026-09-24 19:24:25.5030000,52.233330,13.900000
2529034,"Busch",713,57,"33U","33U1H4S4Q",3,2026-09-24 19:24:28.5700000,0,0,1210,2026-09-24 19:24:28.5730000,52.233330,13.866670
1638006,"Bluefield",3545,233,"17S","17S2H3S4Q",2,2026-09-24 19:26:39.9070000,0,756,0,2026-09-24 19:26:39.9070000,34.524890,-78.601960
1621550,"Virginia Colony",3567,233,"11S","11S2H1S4Q",3,2026-09-24 19:28:01.1500000,0,0,924,2026-09-24 19:28:01.1530000,34.287780,-118.858430
1617736,"Mountclef Village",3567,233,"11S","11S2H1S4Q",3,2026-09-24 19:28:06.3430000,0,0,924,2026-09-24 19:28:06.3430000,34.234450,-118.878710
1613494,"Thousand Oaks",3567,233,"11S","11S2H1S4Q",3,2026-09-24 19:28:12.9570000,0,0,935,2026-09-24 19:28:12.9570000,34.170560,-118.837590
1615148,"North Ranch",3567,233,"11S","11S2H1S4Q",3,2026-09-24 19:28:09.1100000,0,0,2139,2026-09-24 19:28:18.0370000,34.196670,-118.820090
1614204,"Greenwich Village",3567,233,"11S","11S2H1S4Q",3,2026-09-24 19:28:21.8630000,0,0,932,2026-09-24 19:28:21.8630000,34.181390,-118.864540
1614447,"Newbury Park",3567,233,"11S","11S2H1S4Q",3,2026-09-24 19:28:26.6500000,0,0,920,2026-09-24 19:28:26.6500000,34.184170,-118.910650
1621390,"Moorpark",3567,233,"11S","11S2H1S4Q",3,2026-09-24 19:28:30.5700000,0,0,920,2026-09-24 19:28:30.5700000,34.285560,-118.882040
1630796,"Council",3545,233,"17S","17S2H3S4Q",2,2026-09-24 19:28:38.4830000,0,769,0,2026-09-24 19:28:38.4830000,34.421000,-78.467510
1619953,"Moorpark Home Acres",3567,233,"11S","11S2H1S4Q",3,2026-09-24 19:28:39.2070000,0,0,1145,2026-09-24 19:28:39.2070000,34.265560,-118.915100
1620300,"Lagol",3567,233,"11S","11S2H1S4Q",3,2026-09-24 19:28:44.2900000,0,0,897,2026-09-24 19:28:44.2900000,34.269450,-118.950660
1619377,"Somis",3567,233,"11S","11S2H1S4Q",3,2026-09-24 19:28:49.0470000,0,0,888,2026-09-24 19:28:49.0470000,34.257230,-118.996210
1616646,"Leisure Village",3567,233,"11S","11S2H1S4Q",3,2026-09-24 19:28:52.8870000,0,0,893,2026-09-24 19:28:52.8870000,34.218340,-118.988430
1614429,"Casa Conejo",3567,233,"11S","11S2H1S4Q",3,2026-09-24 19:28:56.6030000,0,0,912,2026-09-24 19:28:56.6030000,34.183620,-118.943430
1605639,"Solromar",3567,233,"11S","11S2H1S4Q",3,2026-09-24 19:29:07.0230000,0,0,915,2026-09-24 19:29:07.0230000,34.050010,-118.953710
1604308,"Trancas",3567,233,"11S","11S2H1S4Q",3,2026-09-24 19:29:18.8500000,0,0,1002,2026-09-24 19:29:18.8500000,34.031120,-118.843150
2560790,"Borrowash",979,77,"30U","30U1H6S3Q",2,2026-08-03 20:04:20.7070000,0,53850,0,2026-09-24 19:29:24.8600000,52.906730,-1.384110
1603038,"Mahou Riviera",3567,233,"11S","11S2H1S4Q",3,2026-09-24 19:29:28.4800000,0,0,424,2026-09-24 19:29:28.4800000,34.013340,-118.806480
1996757,"Eggers",3568,233,"13T","13T2H5S3Q",2,2021-10-31 23:59:56.7670000,0,1220999,0,2026-09-24 19:29:49.2700000,40.690810,-105.487490
1602442,"Malibu",3567,233,"11S","11S2H1S4Q",3,2026-09-24 19:29:50.2530000,0,0,3998,2026-09-24 19:29:54.7030000,34.005010,-118.810090
1612645,"Calabasas",3567,233,"11S","11S2H1S4Q",3,2026-09-24 19:30:29.4700000,0,0,1374,2026-09-24 19:30:29.4700000,34.157780,-118.638420
1630704,"Del Valle",3567,233,"11S","11S2H1S4Q",3,2026-09-24 19:31:24.4400000,0,0,1162,2026-09-24 19:31:24.4400000,34.419440,-118.656480
1632155,"Castaic Junction",3567,233,"11S","11S2H1S4Q",3,2026-09-24 19:31:34.2400000,0,0,1745,2026-09-24 19:31:34.2400000,34.440830,-118.606480
1632393,"Val Verde",3567,233,"11S","11S2H1S4Q",3,2026-09-24 19:31:49.3200000,0,0,951,2026-09-24 19:31:49.3200000,34.445000,-118.657590
1632440,"Val Verde",3567,233,"11S","11S2H1S4Q",3,2026-09-24 19:31:56.6130000,0,0,1204,2026-09-24 19:31:56.6130000,34.445740,-118.656830
1635551,"Castaic",3567,233,"11S","11S2H1S4Q",3,2026-09-24 19:32:14.1870000,0,0,2089,2026-09-24 19:32:14.1870000,34.488880,-118.622870
1640792,"Martins",3567,233,"11S","11S2H1S4Q",3,2026-09-24 19:32:26.4900000,0,0,898,2026-09-24 19:32:26.4900000,34.566100,-118.659810
1643376,"Naylor Place",3567,233,"11S","11S2H1S4Q",3,2026-09-24 19:32:34.4870000,0,0,666,2026-09-24 19:32:34.4870000,34.604430,-118.665370
1656806,"Gorman",3567,233,"11S","11S2H1S4Q",3,2017-06-16 16:12:31.0900000,0,0,46692,2026-09-24 19:32:46.7800000,34.796090,-118.852600
1666976,"Grapevine",3567,233,"11S","11S2H1S4Q",3,2026-09-24 19:32:57.0230000,0,0,671,2026-09-24 19:32:57.0230000,34.941640,-118.930100
1653010,"Highland Park",3545,233,"17S","17S2H3S3Q",3,2026-09-24 19:32:58.2900000,0,0,1146,2026-09-24 19:32:58.2900000,34.742380,-79.505600
1653143,"Blue Acres",3545,233,"17S","17S2H3S3Q",3,2026-09-24 19:33:01.8270000,0,0,1146,2026-09-24 19:33:01.8270000,34.744600,-79.513660
1653348,"Idlewood",3545,233,"17S","17S2H3S3Q",3,2026-09-24 19:33:04.3170000,0,0,1178,2026-09-24 19:33:04.3170000,34.747660,-79.517270
1671320,"Wheeler Ridge",3567,233,"11S","11S2H1S2Q",3,2026-09-24 19:33:03.0070000,0,0,1654,2026-09-24 19:33:04.4700000,35.004410,-118.949550
1653185,"Crossway",3545,233,"17S","17S2H3S3Q",3,2026-09-24 19:33:06.9970000,0,0,1147,2026-09-24 19:33:06.9970000,34.745160,-79.526440
1685093,"Alameda",3567,233,"11S","11S2H1S1Q",3,2026-09-24 19:33:11.4330000,0,0,1376,2026-09-24 19:33:11.4330000,35.237740,-119.003160
1653396,"Kenmoor",3545,233,"17S","17S2H3S3Q",3,2026-09-24 19:33:11.9970000,0,0,1141,2026-09-24 19:33:11.9970000,34.748490,-79.502550
2365566,"Quessigny",956,75,"31U","31U2H4S4Q",3,2021-08-20 04:59:48.2230000,0,0,714567,2026-09-24 19:33:12.2530000,48.930460,1.270150
1653779,"College Park South",3545,233,"17S","17S2H3S3Q",3,2026-09-24 19:33:16.3400000,0,0,1149,2026-09-24 19:33:16.3400000,34.752940,-79.489490
1686809,"Greenfield",3567,233,"11S","11S2H1S1Q",3,2026-09-24 19:33:17.4670000,0,0,1276,2026-09-24 19:33:17.4670000,35.268850,-119.002880
1681774,"Conner",3567,233,"11S","11S2H1S1Q",3,2026-09-24 19:33:27.2730000,0,0,1209,2026-09-24 19:33:27.2730000,35.179960,-119.115940
1679487,"Kern Lake",3567,233,"11S","11S2H1S1Q",3,2026-09-24 19:33:33.7100000,0,0,1131,2026-09-24 19:33:33.7100000,35.139970,-119.074830
1676708,"Lakeview",3567,233,"11S","11S2H1S1Q",3,2026-09-24 19:33:43.0530000,0,0,447,2026-09-24 19:33:43.0530000,35.094690,-119.109550
2252714,"Harvey",3557,233,"16T","16T1H2S3Q",1,2012-08-06 01:18:15.5430000,790350,0,0,2026-09-24 19:34:01.4370000,46.491990,-87.351500
1681798,"Millux",3567,233,"11S","11S2H1S1Q",3,2026-09-24 19:34:04.7700000,0,0,1086,2026-09-24 19:34:04.7700000,35.180240,-119.198720
1686501,"Bannister",3567,233,"11S","11S2H1S1Q",3,2026-09-24 19:34:17.4630000,0,0,1080,2026-09-24 19:34:17.4630000,35.265520,-119.100660
1686724,"Old River",3567,233,"11S","11S2H1S1Q",3,2026-09-24 19:34:24.2070000,0,0,1073,2026-09-24 19:34:24.2070000,35.267180,-119.108990
1681754,"Gulf",3567,233,"11S","11S2H1S1Q",3,2026-09-24 19:34:32.0970000,0,0,471,2026-09-24 19:34:32.0970000,35.179410,-119.160110
1693728,"Rio Bravo",3567,233,"11S","11S2H1S1Q",3,2026-09-24 19:34:36.7700000,0,0,454,2026-09-24 19:34:36.7700000,35.398020,-119.290940
1693762,"Kilowatt",3567,233,"11S","11S2H1S1Q",3,2026-09-24 19:34:48.0100000,0,0,1000,2026-09-24 19:34:48.0100000,35.398850,-119.447340
1627770,"Pico",3567,233,"11S","11S2H1S4Q",3,2026-09-24 19:35:34.1230000,807,0,981,2026-09-24 19:35:34.1230000,34.377500,-118.612030
1628709,"Stevenson Ranch",3567,233,"11S","11S2H1S4Q",1,2026-09-21 07:25:35.5630000,1652,0,602,2026-09-24 19:35:46.6170000,34.390480,-118.573720
2142788,"Levignac",951,75,"31T","31T2H1S2Q",2,2023-05-10 09:47:30.0370000,0,183511,0,2026-09-24 19:36:01.1200000,43.666670,1.200000
1628297,"Newhall",3567,233,"11S","11S2H1S4Q",3,2026-09-24 19:36:23.9800000,494,0,602,2026-09-24 19:36:23.9800000,34.384720,-118.530920
2161671,"Bardino Vecchio",1376,110,"32T","32T1H5S3Q",1,2016-05-31 19:17:27.4170000,6090668,0,0,2026-09-24 19:36:32.5830000,44.189130,8.272020
1624272,"La Quinta",3567,233,"11S","11S2H1S4Q",3,2026-09-24 19:37:07.4900000,785,0,986,2026-09-24 19:37:07.4900000,34.327780,-118.640640
1956528,"East Camden",3561,233,"18S","18S1H2S1Q",3,2026-03-03 12:08:22.6500000,0,0,542708,2026-09-24 19:37:08.0030000,39.952890,-75.101560
2529935,"Storkow",713,57,"33U","33U1H4S4Q",3,2026-09-24 19:24:32.7000000,0,0,11620,2026-09-24 19:37:24.6000000,52.250000,13.933330
1630919,"Bouquet Junction",3567,233,"11S","11S2H1S4Q",3,2026-09-24 19:37:41.5100000,0,0,946,2026-09-24 19:37:41.5100000,34.422770,-118.540640
1630118,"Saugus",3567,233,"11S","11S2H1S4Q",1,2026-09-20 03:38:37.0900000,1065,0,602,2026-09-24 19:37:51.8030000,34.411390,-118.540090
1842687,"Orinda Village",3567,233,"10S","10S1H5S2Q",2,2025-08-26 02:08:32.3270000,0,3031046,8998,2026-09-24 19:39:01.4030000,37.887430,-122.195520
1766741,"Pacific Grove Acres",3567,233,"10S","10S1H6S3Q",1,2026-09-24 19:39:14.2170000,826,0,0,2026-09-24 19:39:14.2170000,36.628850,-121.929960
1766195,"Pacific Grove",3567,233,"10S","10S1H6S3Q",1,2026-09-24 19:39:22.1200000,827,0,0,2026-09-24 19:39:22.1200000,36.617740,-121.916620
1632086,"Russ",3567,233,"11S","11S2H1S4Q",3,2026-09-24 19:39:43.8070000,0,0,4982,2026-09-24 19:39:46.0230000,34.439720,-118.314800
1764223,"Del Monte Forest",3567,233,"10S","10S1H6S3Q",1,2026-09-24 19:39:58.6730000,826,0,20,2026-09-24 19:39:58.6730000,36.586350,-121.947460
1764093,"Del Monte Forest",3567,233,"10S","10S1H6S3Q",1,2026-09-24 19:40:16.0070000,826,0,20,2026-09-24 19:40:16.0070000,36.583760,-121.947450
1765867,"New Monterey",3567,233,"10S","10S1H6S3Q",1,2026-09-24 19:40:41.9700000,828,0,0,2026-09-24 19:40:41.9700000,36.614680,-121.902180
2056819,"Roccavivi",1382,110,"33T","33T2H4S2Q",3,2018-12-24 18:10:02.6230000,0,0,42983,2026-09-24 19:41:00.0200000,41.816670,13.533330
2056498,"Balsorano",1382,110,"33T","33T2H4S2Q",3,2026-09-24 19:41:04.2870000,0,0,1724,2026-09-24 19:41:04.2870000,41.809820,13.559800
2056123,"Balsorano Vecchio",1382,110,"33T","33T2H4S2Q",3,2026-09-24 19:41:07.9770000,0,0,3449,2026-09-24 19:41:07.9770000,41.800000,13.566670
1765792,"Cannery Row",3567,233,"10S","10S1H6S3Q",1,2026-09-24 19:41:52.7770000,830,0,0,2026-09-24 19:41:52.7770000,36.613290,-121.897730
1765119,"Monterey",3567,233,"10S","10S1H6S3Q",1,2026-09-24 19:42:00.5770000,829,0,37,2026-09-24 19:42:00.5770000,36.600240,-121.894680
1762857,"Pebble Beach",3567,233,"10S","10S1H6S3Q",1,2026-09-24 19:43:00.7300000,827,0,0,2026-09-24 19:43:00.7300000,36.566350,-121.946620
2553939,"Dunstall",979,77,"30U","30U1H6S3Q",2,2024-06-28 13:02:53.9070000,0,34198,0,2026-09-24 19:43:04.2030000,52.766670,-1.733330
1762246,"Carmel-by-the-Sea",3567,233,"10S","10S1H6S3Q",1,2026-09-24 19:43:26.9830000,829,0,0,2026-09-24 19:43:26.9830000,36.555240,-121.923290
1761088,"Hacienda Carmel",3567,233,"10S","10S1H6S3Q",1,2026-09-24 19:43:41.6070000,839,0,0,2026-09-24 19:43:41.6070000,36.537180,-121.879120
2290985,"Niederrohrdorf",528,43,"32T","32T1H2S1Q",3,2023-01-25 08:48:20.8430000,0,0,9613289,2026-09-24 19:43:54.4230000,47.416670,8.300000
1746648,"Southwest Addition",3548,233,"17S","17S1H4S4Q",1,2026-09-24 19:43:56.3470000,1194,0,324,2026-09-24 19:43:56.3470000,36.308440,-82.358200
1603574,"Ryan",3546,233,"14S","14S2H3S3Q",1,2026-09-24 19:44:09.2270000,1066,0,300,2026-09-24 19:44:09.2270000,34.020100,-97.957540
1746454,"Roan Hill",3548,233,"17S","17S1H4S4Q",1,2026-09-24 19:44:15.1400000,1709,0,0,2026-09-24 19:44:15.1400000,36.305110,-82.345690
1607733,"Sugden",3546,233,"14S","14S2H3S3Q",1,2026-09-24 19:44:22.3670000,1041,0,300,2026-09-24 19:44:22.3670000,34.082040,-97.978370
2312004,"Butyka",1205,100,"34T","34T1H2S2Q",2,2017-03-28 21:24:35.9770000,0,721046,46200,2026-09-24 19:44:22.5930000,47.850000,21.716670
1630189,"Sunray",3546,233,"14S","14S2H3S3Q",1,2026-09-24 19:44:33.9330000,1053,0,0,2026-09-24 19:44:33.9330000,34.412580,-97.965040
1635026,"Oklahoma Hills",3546,233,"14S","14S2H3S3Q",1,2026-09-24 19:44:42.4200000,1051,0,0,2026-09-24 19:44:42.4200000,34.482030,-97.928370
1764169,"Arcadia",3548,233,"17S","17S1H4S4Q",1,2026-09-24 19:44:43.7500000,2269,0,0,2026-09-24 19:44:43.7500000,36.585380,-82.457930
1631753,"Harrisburg",3546,233,"14S","14S2H3S3Q",1,2026-09-24 19:44:47.6200000,1053,0,0,2026-09-24 19:44:47.6200000,34.434810,-97.789750
1635466,"Clarkton",3545,233,"17S","17S2H3S4Q",2,2026-09-24 19:44:53.9800000,0,768,0,2026-09-24 19:44:53.9800000,34.487390,-78.656130
1634010,"Elkton",3545,233,"17S","17S2H3S4Q",2,2026-09-24 19:44:59.0030000,0,771,0,2026-09-24 19:44:59.0030000,34.466840,-78.605290
2531611,"Alt Stahnsdorf",713,57,"33U","33U1H4S4Q",3,2026-09-24 19:44:54.9500000,0,0,2781,2026-09-24 19:44:59.1400000,52.283330,13.883330
1624394,"Loco",3546,233,"14S","14S2H3S3Q",1,2026-09-24 19:44:59.5730000,1138,0,0,2026-09-24 19:44:59.5730000,34.329250,-97.681140
2220824,"Russell Landing",3578,233,"10T","10T1H5S2Q",2,2026-09-24 18:58:49.1270000,0,15589,0,2026-09-24 19:45:03.0000000,45.605950,-122.583980
2739488,"Pechory",2661,192,"35V","35V2H5S2Q",3,2026-09-24 15:55:38.0700000,0,0,71614,2026-09-24 19:45:03.5900000,57.816420,27.611900
1619573,"Asphaltum",3546,233,"14S","14S2H3S3Q",1,2026-09-24 19:45:05.0530000,1059,0,0,2026-09-24 19:45:05.0530000,34.260090,-97.675030
1632165,"Rosindale",3545,233,"17S","17S2H3S4Q",2,2026-09-24 19:45:07.1830000,0,769,0,2026-09-24 19:45:07.1830000,34.441000,-78.526950
1632029,"Rico",3545,233,"17S","17S2H3S4Q",2,2026-09-24 19:45:14.8330000,0,771,0,2026-09-24 19:45:14.8330000,34.438780,-78.623900
2739575,"Bol'shaya Patskovka",2661,192,"35V","35V2H5S2Q",2,2026-09-22 09:22:02.5630000,0,111940,1200,2026-09-24 19:45:15.4900000,57.816670,27.633330
1612731,"Cornish",3546,233,"14S","14S2H3S3Q",1,2026-09-24 19:45:25.5470000,1566,0,0,2026-09-24 19:45:25.5470000,34.158980,-97.596970
8038,"Granya",140,13,"55H","55H2H2S2Q",2,2025-02-23 20:11:08.6100000,0,4178,2400,2026-09-24 19:45:26.2600000,-36.116670,147.316670
2789106,"Novaya Derevnya",2676,192,"36V","36V2H1S1Q",3,2016-01-21 08:12:36.2700000,0,0,1608455,2026-09-24 19:45:37.4070000,59.995280,30.287780
1745753,"Hidden Oaks",3548,233,"17S","17S1H4S4Q",1,2026-09-24 19:46:07.5130000,1345,0,1223,2026-09-24 19:46:07.5130000,36.293890,-82.312780
1745938,"Dogwood Acres",3548,233,"17S","17S1H4S4Q",3,2021-12-06 09:09:56.2870000,517,0,907,2026-09-24 19:46:22.4070000,36.297050,-82.356810
2432292,"Dauernheim",710,57,"32U","32U2H2S3Q",2,2015-09-10 09:12:07.4830000,0,510815,0,2026-09-24 19:47:44.1630000,50.366670,8.950000
2665427,"Bachurino",2671,192,"37U","37U1H1S2Q",2,2022-10-24 05:37:13.1870000,0,2367364,2275,2026-09-24 19:48:21.8700000,55.581670,37.521940
2070007,"Erie",3584,233,"17T","17T2H2S4Q",1,2013-08-09 06:17:28.1200000,7546700,0,3300,2026-09-24 19:48:22.2000000,42.129220,-80.085060
1653631,"Sterling",3546,233,"14S","14S2H2S4Q",1,2026-09-24 19:48:34.5130000,1038,0,0,2026-09-24 19:48:34.5130000,34.750350,-98.171710
2741763,"Gusyata",2662,192,"40V","40V2H5S1Q",2,2023-05-12 08:54:21.8700000,0,2074930,0,2026-09-24 19:49:04.9230000,57.893060,56.078610
2663719,"Gubkino",2671,192,"37U","37U1H1S2Q",2,2023-07-30 20:03:37.6870000,0,155790,877,2026-09-24 19:49:24.7400000,55.530830,37.467220
2663750,"Shchibrovo",2670,192,"37U","37U1H1S2Q",2,2023-03-20 15:13:05.9670000,0,771991,517,2026-09-24 19:49:33.9230000,55.532650,37.528770
2529932,"Klein Schauen",713,57,"33U","33U1H4S4Q",3,2026-09-24 19:49:47.1000000,0,0,950,2026-09-24 19:49:47.1000000,52.250000,13.866670
2661356,"Kholopovo",2671,192,"37U","37U1H1S2Q",2,2023-08-04 18:28:18.0570000,0,52760,517,2026-09-24 19:49:59.5830000,55.456370,37.638760
2661515,"Domodedovo",2671,192,"37U","37U1H1S2Q",2,2024-09-13 14:32:31.8100000,0,78724,517,2026-09-24 19:50:06.9400000,55.466470,37.700340
2662411,"Pavlovskoye",2671,192,"37U","37U1H1S2Q",2,2023-07-28 14:38:55.1030000,0,57768,1118,2026-09-24 19:50:15.9800000,55.487390,37.721040
2663010,"Gorki",2671,192,"37U","37U1H1S2Q",2,2024-07-11 18:07:04.5200000,0,31853,1635,2026-09-24 19:50:29.2630000,55.506660,37.752890
2538573,"Glaisdale",979,77,"30U","30U1H6S4Q",1,2026-09-23 09:16:40.5630000,222850,0,0,2026-09-24 19:50:29.7030000,52.433330,-0.800000
1945735,"Indianapolis",3555,233,"16S","16S1H2S2Q",2,2013-10-19 22:28:45.1070000,0,38588722,23892,2026-09-24 19:50:51.1900000,39.768380,-86.158040
1705515,"Blackwells Corner",3567,233,"11S","11S2H1S1Q",1,2026-09-24 19:50:49.2430000,2316,0,0,2026-09-24 19:50:53.5670000,35.614960,-119.867910
1656865,"Mount View",3546,233,"14S","14S2H2S4Q",1,2026-09-24 19:51:35.3170000,1039,0,0,2026-09-24 19:51:35.3170000,34.797010,-98.176710
1554021,"Lincoln Park",3549,233,"14S","14S2H6S2Q",3,2010-01-01 00:00:00.0000000,0,0,1161548,2026-09-24 19:51:43.4500000,33.222060,-96.972780
1822495,"Montrose Heights",3585,233,"18S","18S1H4S1Q",2,2026-09-24 19:52:06.1400000,0,996,0,2026-09-24 19:52:06.1400000,37.519590,-77.392200
1822581,"Rocketts",3585,233,"18S","18S1H4S1Q",2,2026-09-24 19:52:11.5070000,0,999,0,2026-09-24 19:52:11.5070000,37.521540,-77.389700
1701564,"North Belridge",3567,233,"11S","11S2H1S1Q",3,2026-09-11 03:49:18.9670000,879,0,1947,2026-09-24 19:52:18.5530000,35.546350,-119.790690
2518966,"Klein Heidekamp",2273,167,"31U","31U1H6S4Q",1,2017-12-15 08:40:48.3470000,993765,0,0,2026-09-24 19:52:41.2100000,52.033330,5.900000
2525559,"Binnenhof",2265,167,"31U","31U1H6S3Q",2,2023-01-15 20:27:04.5900000,170251,253159,0,2026-09-24 19:52:53.0070000,52.166670,4.533330
793687,"Ban Huai Sai Tai",3167,218,"47P","47P1H5S4Q",1,2016-07-27 16:37:58.4500000,1092158,144802,0,2026-09-24 19:53:39.8100000,12.683330,99.950000
2591946,"Garristown",1260,102,"29U","29U1H6S2Q",2,2023-09-09 07:32:38.6500000,0,148711,0,2026-09-24 19:54:22.2630000,53.566110,-6.385560
2230655,"Saint Ignace",3557,233,"16T","16T1H6S2Q",1,2026-09-24 19:54:27.8670000,1021,0,0,2026-09-24 19:54:27.8670000,45.868620,-84.727830
2789279,"Lesnoy",2676,192,"36V","36V1H4S3Q",3,2016-02-05 11:10:40.7200000,0,0,2253588,2026-09-24 19:54:48.7800000,60.003890,30.277780
2789544,"Kolomyagi",2676,192,"36V","36V1H4S3Q",3,2016-04-03 16:27:45.9430000,0,0,1445261,2026-09-24 19:54:52.1000000,60.032220,30.275280
2789773,"Kamenka",2675,192,"36V","36V1H4S3Q",3,2016-03-23 15:35:13.4300000,0,0,1108962,2026-09-24 19:54:55.5500000,60.041940,30.182780
2789965,"Shuvalovo",2676,192,"36V","36V1H4S3Q",3,2016-04-30 11:30:27.2200000,0,0,1307321,2026-09-24 19:54:58.9030000,60.050560,30.286110
1822559,"Manchester",3585,233,"18S","18S1H4S1Q",2,2026-09-24 19:55:20.2530000,0,1004,0,2026-09-24 19:55:20.2530000,37.520980,-77.444150
1822625,"South Richmond",3585,233,"18S","18S1H4S1Q",2,2026-09-24 19:55:30.0770000,0,999,0,2026-09-24 19:55:30.0770000,37.522370,-77.441370
2059669,"Fort Dearborn Addition",3554,233,"16T","16T2H5S1Q",2,2022-08-21 11:49:14.4170000,300,1044575,0,2026-09-24 19:56:56.3100000,41.885310,-87.625050
2068225,"Kenilworth",3554,233,"16T","16T2H2S3Q",2,2026-05-20 11:16:53.6600000,300,200835,0,2026-09-24 19:57:04.2470000,42.085860,-87.717560
2686252,"Torbeyevo",2671,192,"37V","37V2H5S3Q",2,2026-04-17 04:05:36.3370000,0,85398,0,2026-09-24 19:57:04.6030000,56.183330,38.166670
2637063,"Staroye Baryatino",2696,192,"40U","40U1H1S4Q",3,2022-04-01 12:35:03.9730000,0,0,3960382,2026-09-24 19:57:15.2270000,54.716670,55.933330
1820088,"Redwood Junction",3567,233,"10S","10S1H5S2Q",1,2025-04-22 18:09:46.4400000,2396456,0,4230,2026-09-24 19:59:00.5630000,37.477160,-122.221350
2789918,"Pargolovo",2676,192,"36V","36V1H4S3Q",3,2016-02-02 15:43:01.9600000,0,0,1107181,2026-09-24 20:01:03.9570000,60.050000,30.316670
1638989,"Bladenboro",3545,233,"17S","17S2H3S4Q",3,2026-09-24 20:01:08.0700000,0,0,1115,2026-09-24 20:01:08.0700000,34.538780,-78.787520
1640216,"Richardson",3545,233,"17S","17S2H3S4Q",3,2026-09-24 20:01:11.6000000,0,0,1117,2026-09-24 20:01:11.6000000,34.556560,-78.835860
1640483,"Butters",3545,233,"17S","17S2H3S4Q",3,2026-09-24 20:01:19.1770000,0,0,1126,2026-09-24 20:01:19.1770000,34.560450,-78.848360
2790257,"Pargolovo",2676,192,"36V","36V1H4S3Q",3,2016-03-15 13:29:20.6430000,0,0,1153834,2026-09-24 20:01:21.9300000,60.082220,30.260560
1644354,"Shingleford Crossing",3545,233,"17S","17S2H3S4Q",3,2026-09-24 20:01:25.1370000,0,0,1126,2026-09-24 20:01:25.1370000,34.618500,-78.801130
1645031,"Center Road",3545,233,"17S","17S2H3S4Q",3,2026-09-24 20:01:26.7400000,0,0,1128,2026-09-24 20:01:26.7400000,34.629890,-78.754190
1642157,"Bellamy",3545,233,"17S","17S2H3S4Q",3,2026-09-24 20:01:30.4470000,0,0,1130,2026-09-24 20:01:30.4470000,34.585720,-78.887530
1633322,"Emerson",3545,233,"17S","17S2H3S4Q",2,2026-09-24 19:45:02.8300000,0,1968,0,2026-09-24 20:01:31.8670000,34.457950,-78.566400
1642548,"Allenton",3545,233,"17S","17S2H3S4Q",3,2026-09-24 20:01:34.9070000,0,0,1124,2026-09-24 20:01:34.9070000,34.592390,-78.926140
1717676,"Zebulon",3545,233,"17S","17S2H3S2Q",3,2026-09-24 20:01:40.8830000,0,0,926,2026-09-24 20:01:40.8830000,35.824320,-78.314720
1627602,"Buckhead",3545,233,"17S","17S2H3S4Q",2,2026-09-24 20:01:45.2170000,0,766,0,2026-09-24 20:01:45.2170000,34.374610,-78.418060
1760681,"Quail Meadows",3567,233,"10S","10S1H6S3Q",1,2026-09-24 20:02:26.2930000,841,0,0,2026-09-24 20:02:26.2970000,36.532740,-121.869670
1759054,"Carmel Highlands",3567,233,"10S","10S1H6S3Q",1,2026-09-24 20:02:44.0730000,838,0,0,2026-09-24 20:02:44.0730000,36.504130,-121.931620
164752,"Surquillo",2379,175,"18L","18L2H1S1Q",1,2019-08-16 18:31:09.3200000,20044,0,0,2026-09-24 20:03:48.5730000,-12.116670,-77.033330
1722121,"Reef Station",3567,233,"10S","10S2H3S2Q",1,2026-09-24 20:04:36.2130000,1476,0,0,2026-09-24 20:04:36.2130000,35.901620,-120.054860
2158210,"Wells",3566,233,"16T","16T1H4S4Q",1,2025-09-03 12:58:12.7130000,21054,0,0,2026-09-24 20:04:47.7430000,44.095550,-88.043430
1760624,"Carmel Valley Manor",3567,233,"10S","10S1H6S3Q",3,2026-09-10 05:18:49.9770000,600,0,14411,2026-09-24 20:05:07.1900000,36.531630,-121.826060
1708820,"Kecks Corner",3567,233,"10S","10S2H3S2Q",1,2026-09-24 20:05:04.7800000,2337,0,0,2026-09-24 20:05:40.2470000,35.670800,-120.081810
1714718,"Deerfield",3545,233,"17S","17S2H3S2Q",3,2026-09-24 20:06:12.8000000,0,0,644,2026-09-24 20:06:12.8000000,35.773760,-78.360830
2392601,"Ipsheim",715,57,"32U","32U2H6S1Q",3,2014-07-18 18:15:41.8900000,0,0,2798822,2026-09-24 20:06:15.1730000,49.533330,10.483330
1714103,"Angelview",3545,233,"17S","17S2H3S2Q",3,2026-09-24 20:06:18.2130000,0,0,706,2026-09-24 20:06:18.2130000,35.763490,-78.366110
1405734,"Noxville",3549,233,"14R","14R1H2S3Q",3,2026-09-24 20:07:23.9730000,0,0,1054,2026-09-24 20:07:23.9730000,30.389910,-99.467280
1378791,"Vanderpool",3549,233,"14R","14R1H5S1Q",3,2026-09-24 20:07:50.7930000,0,0,1151,2026-09-24 20:07:50.7930000,29.745220,-99.555050
1830507,"Locust Green",3585,233,"18S","18S1H4S1Q",2,2026-09-24 20:09:48.7270000,0,1731,386,2026-09-24 20:09:50.2730000,37.665420,-77.261640
1829349,"Hughes Corner",3585,233,"18S","18S1H4S1Q",2,2026-09-24 20:10:02.5900000,0,1177,0,2026-09-24 20:10:04.1400000,37.644030,-77.288030
2524836,"Kummerow",713,57,"33U","33U1H5S3Q",3,2026-09-18 19:39:56.0500000,0,0,10664,2026-09-24 20:10:12.5030000,52.150000,14.233330
2271648,"Ober-Wohlen",523,43,"32T","32T1H1S4Q",1,2014-06-30 08:36:32.1670000,1176709,85260,0,2026-09-24 20:10:25.1900000,46.973750,7.358140
1372170,"Flatrock Crossing",3549,233,"14R","14R1H5S1Q",3,2026-09-24 20:11:22.3170000,0,0,1151,2026-09-24 20:11:22.3170000,29.572730,-99.402270
1369231,"Valdina Farms",3549,233,"14R","14R1H5S1Q",3,2026-09-24 20:11:25.9970000,0,0,1151,2026-09-24 20:11:25.9970000,29.494400,-99.380600
2662842,"Staros'yanovo",2671,192,"37U","37U1H1S2Q",2,2023-07-28 16:51:34.6670000,0,36921,1117,2026-09-24 20:11:29.5870000,55.500000,37.800000
1365866,"Trio",3549,233,"14R","14R1H5S1Q",3,2026-09-24 20:11:29.6200000,0,0,1152,2026-09-24 20:11:29.6200000,29.402460,-99.558380
1368776,"Long Crossing",3549,233,"14R","14R1H5S1Q",3,2026-09-24 20:11:34.0300000,0,0,1151,2026-09-24 20:11:34.0300000,29.482450,-99.550050
1373415,"Waresville",3549,233,"14R","14R1H5S1Q",3,2026-09-24 20:11:38.9900000,0,0,1151,2026-09-24 20:11:38.9900000,29.604950,-99.522270
1373782,"Utopia",3549,233,"14R","14R1H5S1Q",3,2026-09-24 20:11:43.7870000,0,0,1151,2026-09-24 20:11:43.7870000,29.615230,-99.526990
1373971,"Utopia",3549,233,"14R","14R1H5S1Q",3,2026-09-24 20:11:50.8600000,0,0,1151,2026-09-24 20:11:50.8600000,29.618800,-99.515310
1406032,"Hilltop",3549,233,"14R","14R1H2S4Q",3,2026-09-24 20:12:17.3370000,0,0,1091,2026-09-24 20:12:17.3370000,30.397700,-98.968660
1410128,"Cherry Spring",3549,233,"14R","14R1H2S3Q",3,2026-09-24 20:12:41.5730000,0,0,1147,2026-09-24 20:12:41.5730000,30.483250,-99.009220
1708804,"Hares Crossroads",3545,233,"17S","17S2H3S2Q",3,2026-09-24 20:12:50.8900000,0,0,1487,2026-09-24 20:12:50.8900000,35.670440,-78.251660
1822032,"Robinwood",3585,233,"18S","18S1H4S1Q",2,2026-09-24 20:13:16.0500000,0,2698,0,2026-09-24 20:13:18.8930000,37.512650,-77.354980
1821078,"Fort Lee",3585,233,"18S","18S1H4S1Q",2,2026-09-24 20:13:26.6370000,0,1014,0,2026-09-24 20:13:26.6370000,37.495700,-77.335260
1646859,"Dublin",3545,233,"17S","17S2H3S4Q",3,2026-09-24 20:13:32.8900000,0,0,1431,2026-09-24 20:13:32.8900000,34.656840,-78.726410
1821142,"Oakland",3585,233,"18S","18S1H4S1Q",2,2026-09-24 20:14:47.8000000,0,1001,0,2026-09-24 20:14:47.8030000,37.497090,-77.405260
2526491,"Oegeln",713,57,"33U","33U1H5S3Q",3,2026-09-18 19:57:11.8430000,0,0,10664,2026-09-24 20:15:22.0900000,52.183330,14.283330
2666294,"Sloboda",2671,192,"37U","37U1H1S2Q",3,2026-09-24 20:17:06.9970000,0,1215,3758,2026-09-24 20:17:12.3900000,55.601060,37.821580
2508110,"Osterloh",707,57,"32U","32U2H2S1Q",3,2025-03-11 08:55:01.7170000,0,0,309346,2026-09-24 20:17:40.1070000,51.800000,8.583330
1718053,"Acebedo",3567,233,"10S","10S2H3S2Q",1,2026-09-24 20:20:16.4770000,1139,0,1020,2026-09-24 20:20:16.4770000,35.831910,-120.201810
2528160,"Prieros",713,57,"33U","33U1H4S4Q",3,2026-09-24 20:20:46.9100000,0,0,1119,2026-09-24 20:20:46.9100000,52.216670,13.766670
1654156,"Philadelphus",3545,233,"17S","17S2H3S3Q",3,2026-09-24 20:21:32.3930000,0,0,1132,2026-09-24 20:21:32.3930000,34.759050,-79.171420
1903531,"Lake of the Pines",3567,233,"10S","10S1H3S1Q",2,2017-03-27 15:59:57.2270000,0,3891313,0,2026-09-24 20:21:40.8930000,39.037840,-121.064240
1752182,"Notleys Landing",3567,233,"10S","10S1H6S3Q",1,2026-09-24 20:21:45.4470000,856,0,0,2026-09-24 20:21:45.4470000,36.398300,-121.903570
2532419,"Lebbin",713,57,"33U","33U1H4S4Q",2,2026-09-24 20:21:46.5400000,0,788,0,2026-09-24 20:21:46.5400000,52.300000,13.950000
2533219,"Neu Waltersdorf",713,57,"33U","33U1H4S4Q",2,2026-09-24 20:21:53.5930000,0,1034,528,2026-09-24 20:21:53.5930000,52.316670,13.933330
1743331,"Big Sur",3567,233,"10S","10S1H6S3Q",1,2026-09-24 20:21:57.3130000,857,0,43,2026-09-24 20:21:57.3130000,36.252340,-121.782670
2531614,"Kolpin",713,57,"33U","33U1H4S4Q",2,2026-09-24 20:22:00.8900000,0,788,0,2026-09-24 20:22:00.8900000,52.283330,13.983330
1563219,"Greenwood",3539,233,"16S","16S2H6S2Q",3,2013-07-20 22:40:42.1070000,0,0,25411818,2026-09-24 20:22:07.9400000,33.392890,-84.168810
1741881,"Posts",3567,233,"10S","10S1H6S3Q",1,2026-09-24 20:22:09.9400000,856,0,0,2026-09-24 20:22:09.9400000,36.228300,-121.764400
2508111,"Espeln",707,57,"32U","32U2H2S1Q",3,2025-03-11 08:55:15.3400000,0,0,1005639,2026-09-24 20:22:24.8500000,51.800000,8.600000
1756745,"Robles Del Rio",3567,233,"10S","10S1H6S3Q",1,2026-09-24 20:23:04.8130000,880,0,0,2026-09-24 20:23:04.8130000,36.469960,-121.733280
1821562,"Lower Rocketts",3585,233,"18S","18S1H4S1Q",2,2026-09-24 20:24:07.1470000,0,3643,0,2026-09-24 20:24:09.1600000,37.502920,-77.399430
1819922,"Williamson Farms",3585,233,"18S","18S1H4S1Q",2,2026-09-24 20:24:22.4300000,0,810,0,2026-09-24 20:24:22.4300000,37.473760,-77.352200
13192,"Katoomba",143,13,"56H","56H1H1S3Q",3,2026-09-24 20:24:23.3370000,0,2048,4301,2026-09-24 20:24:23.3370000,-33.700000,150.300000
1818740,"Varina Meadows",3585,233,"18S","18S1H4S1Q",2,2026-09-24 20:24:29.5200000,0,1586,0,2026-09-24 20:24:29.5200000,37.452650,-77.348870
2043321,"Nickerson",3559,233,"14T","14T2H6S2Q",1,2026-09-19 11:55:38.8530000,68205,0,0,2026-09-24 20:24:37.7030000,41.534440,-96.470300
1757281,"Carmel Valley",3567,233,"10S","10S1H6S3Q",1,2026-09-24 20:25:03.3170000,881,0,0,2026-09-24 20:25:03.3170000,36.479680,-121.732450
1757424,"Carmel Valley Village",3567,233,"10S","10S1H6S3Q",1,2026-09-24 20:25:11.3300000,861,0,0,2026-09-24 20:25:11.3330000,36.482330,-121.719790
1740438,"Huron",3567,233,"10S","10S1H6S4Q",1,2026-09-24 20:26:08.6800000,2677,0,1018,2026-09-24 20:26:08.6800000,36.202730,-120.102920
2098563,"Davisburg",3557,233,"17T","17T2H1S3Q",1,2016-07-04 15:37:38.5400000,2920668,0,0,2026-09-24 20:26:48.6770000,42.752250,-83.541330
1818327,"Varina Place",3585,233,"18S","18S1H4S1Q",2,2026-09-24 20:28:32.3730000,0,1057,0,2026-09-24 20:28:32.3730000,37.447370,-77.352480
1818132,"Varina Grove",3585,233,"18S","18S1H4S1Q",2,2026-09-24 20:28:38.1700000,0,1057,0,2026-09-24 20:28:38.1700000,37.443200,-77.348590
1768573,"Bellamy",3585,233,"17S","17S1H4S4Q",1,2026-09-24 20:29:35.7130000,3613,900,904,2026-09-24 20:29:35.7130000,36.660930,-82.675710
1768666,"Spivey Mill",3585,233,"17S","17S1H4S4Q",1,2026-09-24 20:29:53.0930000,1034,0,706,2026-09-24 20:29:53.0930000,36.662880,-82.656550
1766661,"Blackwater",3585,233,"17S","17S1H4S3Q",1,2026-09-24 20:30:07.9770000,1060,0,0,2026-09-24 20:30:07.9770000,36.627310,-83.050720
1763674,"Vardy",3548,233,"17S","17S1H4S3Q",1,2026-09-24 20:30:21.0070000,1044,0,0,2026-09-24 20:30:21.0070000,36.578420,-83.180450
1765820,"Van",3585,233,"17S","17S1H4S3Q",1,2026-09-24 20:30:27.4330000,1045,0,0,2026-09-24 20:30:27.4330000,36.613700,-83.155450
1764252,"Fox Branch",3548,233,"17S","17S1H4S3Q",1,2026-09-24 20:30:36.6970000,1044,0,0,2026-09-24 20:30:36.6970000,36.587030,-83.108780
1767206,"Kincer Mill",3585,233,"17S","17S1H4S3Q",1,2026-09-24 20:30:44.6570000,1061,0,0,2026-09-24 20:30:44.6570000,36.634530,-83.106000
1775072,"Cranks",3582,233,"17S","17S1H4S3Q",1,2026-09-24 20:31:06.1130000,1056,0,0,2026-09-24 20:31:06.1130000,36.764810,-83.172120
1818419,"Varina",3585,233,"18S","18S1H4S1Q",2,2026-09-24 20:35:13.0030000,0,1381,0,2026-09-24 20:35:13.0030000,37.449590,-77.344980
2272588,"Kirchlindach",523,43,"32T","32T1H1S4Q",2,2026-09-23 00:22:29.5930000,0,674483,0,2026-09-24 20:35:16.2930000,47.000000,7.416670
2279115,"Kriegstetten",510,43,"32T","32T1H1S2Q",1,2014-03-24 22:05:08.2200000,1388343,0,0,2026-09-24 20:36:14.5770000,47.174490,7.597990
1660331,"Rocky Ford",3546,233,"14S","14S2H2S4Q",1,2026-09-24 20:37:31.9170000,1038,0,0,2026-09-24 20:37:31.9170000,34.845350,-98.071990
1650964,"Purdy",3546,233,"14S","14S2H3S3Q",1,2026-09-24 20:37:43.2330000,1046,0,0,2026-09-24 20:37:43.2330000,34.715910,-97.587530
1657927,"Erin Springs",3546,233,"14S","14S2H3S3Q",1,2026-09-24 20:37:51.8670000,1043,0,0,2026-09-24 20:37:51.8670000,34.810910,-97.606700
1659715,"Lindsay",3546,233,"14S","14S2H3S3Q",1,2026-09-24 20:37:57.7570000,1042,0,0,2026-09-24 20:37:57.7570000,34.834800,-97.602530
1661044,"Story",3546,233,"14S","14S2H3S3Q",1,2026-09-24 20:38:08.7700000,1041,0,0,2026-09-24 20:38:08.7700000,34.855350,-97.458640
1658773,"Neill",3546,233,"14S","14S2H3S3Q",1,2026-09-24 20:38:23.4930000,1045,0,0,2026-09-24 20:38:23.4930000,34.821740,-97.512530
1664585,"Payne",3546,233,"14S","14S2H3S3Q",1,2026-09-24 20:38:28.6300000,1028,0,0,2026-09-24 20:38:28.6300000,34.906180,-97.530030
2790464,"Kabalovka",2675,192,"36V","36V1H4S3Q",3,2016-09-17 05:53:49.5130000,0,0,1017446,2026-09-24 20:38:32.7430000,60.091390,30.263330
2790840,"Yukki",2675,192,"36V","36V1H4S3Q",3,2016-01-21 18:54:16.7500000,0,0,1040081,2026-09-24 20:38:35.9170000,60.116670,30.300000
2790692,"Poroshkino",2675,192,"36V","36V1H4S3Q",3,2016-02-07 23:05:03.8970000,0,0,1011318,2026-09-24 20:38:37.8770000,60.106940,30.357780
2790236,"Torfyanoye",2675,192,"36V","36V1H4S3Q",3,2016-02-10 08:16:08.8170000,0,0,1060120,2026-09-24 20:38:40.4570000,60.077500,30.320560
2790209,"Bugry",2675,192,"36V","36V1H4S3Q",3,2016-09-17 13:33:15.9130000,0,0,1027426,2026-09-24 20:38:45.7770000,60.069440,30.390830
2789745,"Grazhdanka",2676,192,"36V","36V1H4S3Q",3,2016-04-12 12:02:50.2930000,0,0,1151131,2026-09-24 20:38:45.9830000,60.034720,30.387500
2789097,"Kushelevka",2676,192,"36V","36V2H1S1Q",3,2016-04-15 09:27:23.8530000,0,0,2332678,2026-09-24 20:38:48.8070000,59.993330,30.363890
2789235,"Bol'shaya Kushelevka",2676,192,"36V","36V2H1S1Q",3,2016-03-24 11:58:55.0730000,0,0,2015664,2026-09-24 20:38:50.8730000,60.000000,30.383330
1641064,"Hope",3546,233,"14S","14S2H3S3Q",1,2026-09-24 20:38:54.4030000,1049,0,0,2026-09-24 20:38:54.4030000,34.568970,-97.836700
1645650,"Bray",3546,233,"14S","14S2H3S3Q",1,2026-09-24 20:39:08.5800000,1047,0,0,2026-09-24 20:39:08.5800000,34.637860,-97.817530
2314332,"Zell",715,57,"32T","32T1H3S1Q",2,2026-09-24 20:40:22.8830000,0,1126,0,2026-09-24 20:40:22.8830000,47.900000,10.216670
2532418,"Neu Stahnsdorf",713,57,"33U","33U1H4S4Q",3,2026-09-24 20:40:23.9230000,0,220,517,2026-09-24 20:40:23.9230000,52.300000,13.883330
2566012,"Ireton Wood",979,77,"30U","30U1H6S1Q",3,2024-05-14 17:58:14.2670000,0,0,678717,2026-09-24 20:40:33.9030000,53.016670,-1.583330
2123424,"Kings Corner",3557,233,"16T","16T2H3S1Q",1,2022-07-01 17:53:41.9500000,56532,0,0,2026-09-24 20:41:32.8300000,43.249200,-85.073350
2269228,"Silvrettadorf",129,12,"32T","32T1H3S3Q",2,2026-09-24 20:41:42.2100000,129,300,300,2026-09-24 20:41:42.2100000,46.916670,10.083330
2271171,"Gufelgut",129,12,"32T","32T1H3S3Q",2,2026-09-24 20:41:50.2400000,0,578,0,2026-09-24 20:41:50.2400000,46.966670,10.066670
2271168,"Bofen",129,12,"32T","32T1H3S3Q",2,2026-09-24 20:41:58.4500000,0,1201,0,2026-09-24 20:41:58.4500000,46.966670,10.033330
2271889,"Innergosten",129,12,"32T","32T1H3S3Q",2,2026-09-24 20:42:04.1800000,0,621,0,2026-09-24 20:42:04.1800000,46.983330,10.016670
2274742,"Bitschweil",129,12,"32T","32T1H2S2Q",2,2026-09-24 20:42:09.8630000,0,634,0,2026-09-24 20:42:09.8630000,47.059850,9.918020
2270553,"Vergalden",129,12,"32T","32T1H2S4Q",2,2026-09-24 20:42:18.8930000,0,396,0,2026-09-24 20:42:18.8930000,46.950000,9.916670
1750538,"Jamesburg",3567,233,"10S","10S1H6S3Q",1,2026-09-24 20:42:56.5800000,1701,0,0,2026-09-24 20:42:56.5800000,36.369680,-121.590220
2271167,"Gargellen",129,12,"32T","32T1H2S4Q",2,2026-09-24 20:42:59.9100000,0,545,0,2026-09-24 20:42:59.9100000,46.966670,9.933330
1749635,"Mascorini Place",3567,233,"10S","10S1H6S3Q",1,2026-09-24 20:43:04.7170000,881,0,0,2026-09-24 20:43:04.7200000,36.356070,-121.523830
1755707,"Camphora",3567,233,"10S","10S1H6S3Q",1,2026-09-24 20:43:13.9030000,906,0,0,2026-09-24 20:43:13.9030000,36.453020,-121.371040
1753833,"Soledad",3567,233,"10S","10S1H6S3Q",1,2026-09-24 20:43:21.1430000,907,0,0,2026-09-24 20:43:21.1430000,36.424690,-121.326320
1752422,"Fort Romie",3567,233,"10S","10S1H6S3Q",1,2026-09-24 20:43:35.2100000,1113,0,0,2026-09-24 20:43:35.2100000,36.400240,-121.346320
1735413,"Slates Hot Springs",3567,233,"10S","10S1H6S3Q",1,2026-09-24 20:43:51.9900000,878,0,24,2026-09-24 20:43:51.9900000,36.123570,-121.637170
1742318,"Tassajara Hot Springs",3567,233,"10S","10S1H6S3Q",1,2026-09-24 20:44:01.7030000,881,0,0,2026-09-24 20:44:01.7030000,36.234130,-121.548830
2413169,"Zbydniowice",2439,180,"34U","34U2H4S2Q",2,2026-08-11 04:33:15.9030000,0,598014,0,2026-09-24 20:44:42.7770000,49.966240,19.954430
2218294,"Longueuil",459,38,"18T","18T1H6S1Q",3,2025-11-03 23:10:02.2570000,0,0,3149993,2026-09-24 20:44:50.0000000,45.531210,-73.518060
2792645,"Sockenbacka",927,70,"35V","35V1H4S3Q",2,2013-09-11 05:02:40.7230000,660,2165366,15814,2026-09-24 20:45:36.8900000,60.220830,24.866670
2059276,"Arcinazzo Romano",1377,110,"33T","33T2H4S2Q",3,2014-01-25 23:05:03.6070000,0,0,102436,2026-09-24 20:45:46.2300000,41.879720,13.114390
2235440,"Lugano",508,43,"32T","32T1H2S3Q",3,2026-09-24 14:18:51.7100000,0,0,61099,2026-09-24 20:46:35.1270000,46.010080,8.960040
2170164,"Ghencea",2632,190,"35T","35T1H5S3Q",3,2015-02-02 05:50:54.6500000,4544,0,926712,2026-09-24 20:46:37.9200000,44.414780,26.039960
2364236,"Nanterre",955,75,"31U","31U2H5S3Q",3,2022-01-27 21:08:08.9000000,0,41448,1342281,2026-09-24 20:47:13.2630000,48.900000,2.200000
1872290,"Columbia",3554,233,"15S","15S1H3S4Q",2,2019-02-02 20:41:18.8200000,0,808953,0,2026-09-24 20:48:28.4630000,38.443660,-90.201220
1956519,"Superior",3568,233,"13S","13S1H2S1Q",2,2014-04-20 21:17:47.2370000,0,1002249,0,2026-09-24 20:48:29.7070000,39.952760,-105.168600
1968509,"Springville",3571,233,"12T","12T2H5S3Q",1,2019-10-26 06:08:23.0600000,222443,0,0,2026-09-24 20:48:45.4970000,40.165230,-111.610750
1952712,"Plainview",3568,233,"13S","13S1H2S1Q",2,2024-06-01 13:35:23.5770000,0,409941,0,2026-09-24 20:49:35.7230000,39.893600,-105.276380
1819286,"Turner Woods",3585,233,"18S","18S1H4S1Q",2,2026-09-24 20:49:53.5200000,0,979,0,2026-09-24 20:49:53.5200000,37.464040,-77.303870
1822110,"Lee Park",3585,233,"18S","18S1H4S1Q",2,2026-09-24 20:50:02.8300000,0,1005,0,2026-09-24 20:50:02.8300000,37.514310,-77.301640
1827995,"Ellerson",3585,233,"18S","18S1H4S1Q",2,2026-09-24 20:50:33.2570000,0,1488,0,2026-09-24 20:50:33.2600000,37.617920,-77.397480
2168949,"Serban Voda",2632,190,"35T","35T1H5S3Q",1,2026-09-24 20:50:02.7500000,3777,0,28,2026-09-24 20:51:36.7100000,44.383330,26.083330
2375044,"Munchweiler am Klingbach",706,57,"32U","32U2H4S2Q",2,2015-02-27 18:47:52.6130000,0,997919,205877,2026-09-24 20:51:53.2600000,49.150000,7.966670
2789079,"Piskarevka",2676,192,"36V","36V2H1S1Q",3,2016-02-16 00:16:13.6630000,0,0,2191531,2026-09-24 20:52:35.1600000,59.991110,30.414720
2788766,"Polyustrovo",2676,192,"36V","36V2H1S1Q",3,2016-03-21 16:09:46.3900000,0,0,1115447,2026-09-24 20:52:37.5130000,59.969720,30.414720
2788291,"Bol'shaya Okhta",2676,192,"36V","36V2H1S1Q",3,2016-01-18 14:45:59.4370000,0,0,1100622,2026-09-24 20:52:39.6830000,59.947500,30.417220
2787965,"Malaya Okhta",2676,192,"36V","36V2H1S1Q",3,2016-02-21 09:01:32.3000000,0,0,1120324,2026-09-24 20:52:41.7330000,59.928330,30.412500
2788117,"Malaya Yablonovka",2675,192,"36V","36V2H1S1Q",3,2015-06-08 05:59:09.9700000,0,0,1369727,2026-09-24 20:52:43.7270000,59.933330,30.433330
1964321,"Linworth",3563,233,"17T","17T2H4S3Q",1,2026-09-17 09:47:41.4430000,63409,0,0,2026-09-24 20:53:50.0500000,40.090060,-83.049070
2272597,"Aussergampabing",129,12,"32T","32T1H2S4Q",2,2026-09-24 20:54:39.0400000,0,581,0,2026-09-24 20:54:39.0400000,47.000000,9.950000
2273123,"Galgenul",129,12,"32T","32T1H2S2Q",2,2026-09-24 20:54:42.8100000,0,605,0,2026-09-24 20:54:42.8100000,47.016670,9.950000
2273125,"Aussersiggam",129,12,"32T","32T1H2S2Q",2,2026-09-24 20:54:46.6670000,0,628,0,2026-09-24 20:54:46.6670000,47.016670,9.966670
2273725,"Gortniel",129,12,"32T","32T1H2S2Q",2,2026-09-24 20:54:50.5000000,0,632,0,2026-09-24 20:54:50.5000000,47.033330,9.933330
2274865,"Matschwitz",129,12,"32T","32T1H2S2Q",2,2026-09-24 20:54:54.7430000,0,636,0,2026-09-24 20:54:54.7430000,47.066670,9.866670
2276437,"Brand",129,12,"32T","32T1H2S2Q",2,2026-09-24 20:55:04.3930000,0,648,0,2026-09-24 20:55:04.3930000,47.100830,9.737220
2276699,"Gallaverda",129,12,"32T","32T1H2S2Q",2,2026-09-24 20:55:11.9500000,0,648,0,2026-09-24 20:55:11.9500000,47.116670,9.750000
1980947,"El Negralejo",904,68,"30T","30T2H5S3Q",1,2013-02-10 08:29:51.5000000,1314500,0,0,2026-09-24 20:55:17.1900000,40.400000,-3.516670
2279670,"Nenzing",129,12,"32T","32T1H2S2Q",2,2026-09-24 20:55:19.8500000,0,652,0,2026-09-24 20:55:19.8500000,47.184360,9.705390
2280017,"Schlins",129,12,"32T","32T1H2S2Q",2,2026-09-24 20:55:44.0570000,0,654,0,2026-09-24 20:55:44.0570000,47.200000,9.700000
2486865,"Monkton",979,77,"31U","31U2H1S2Q",3,2025-04-27 21:20:08.5400000,0,0,138325,2026-09-24 20:56:34.0000000,51.338230,1.281800
2170371,"Vatra Minastirii Cotroceni",2632,190,"35T","35T1H5S3Q",1,2026-09-24 20:56:52.6400000,503,0,0,2026-09-24 20:56:52.6400000,44.416670,26.066670
2169654,"Lupeasca",2632,190,"35T","35T1H5S3Q",3,2026-07-07 19:42:53.1230000,0,0,2843,2026-09-24 20:57:27.2030000,44.400000,26.050000
2482679,"Zschorna",704,57,"33U","33U2H1S2Q",2,2023-01-14 07:26:31.6600000,0,8148,0,2026-09-24 20:58:16.2200000,51.253750,13.738570
2280016,"Frommengarsch",129,12,"32T","32T1H2S2Q",2,2026-09-24 20:58:20.0830000,0,654,0,2026-09-24 20:58:20.0830000,47.200000,9.683060
2279810,"Beschling",129,12,"32T","32T1H2S2Q",2,2026-09-24 20:58:24.0130000,0,654,0,2026-09-24 20:58:24.0130000,47.191990,9.681500
2482796,"Dobra",704,57,"33U","33U2H1S2Q",2,2019-04-28 19:16:57.2100000,0,3461,0,2026-09-24 20:58:30.3930000,51.258050,13.772390
2479123,"Grossdittmannsdorf",704,57,"33U","33U2H1S2Q",2,2017-11-05 15:25:21.2670000,0,102607,0,2026-09-24 20:58:46.7030000,51.197260,13.771450
1650592,"Ruskin",3545,233,"17S","17S2H3S4Q",3,2026-09-24 20:58:55.2370000,0,0,1135,2026-09-24 20:58:55.2370000,34.709890,-78.674460
1647771,"Yorick",3545,233,"17S","17S2H3S4Q",3,2026-09-24 20:58:58.8730000,0,0,1140,2026-09-24 20:58:58.8730000,34.669610,-78.641680
1654458,"Newlight",3545,233,"17S","17S2H3S4Q",3,2026-09-24 20:59:04.4730000,0,0,1441,2026-09-24 20:59:04.4730000,34.763500,-78.783350
1660185,"Jerome",3545,233,"17S","17S2H3S4Q",3,2026-09-24 20:59:07.4270000,0,0,1146,2026-09-24 20:59:07.4270000,34.842670,-78.733910
1656647,"Duart",3545,233,"17S","17S2H3S4Q",3,2026-09-24 20:59:12.4500000,0,0,1143,2026-09-24 20:59:12.4500000,34.793500,-78.817800
1765309,"Gibson Station",3585,233,"17S","17S1H4S3Q",1,2026-09-24 20:59:32.8570000,1070,0,300,2026-09-24 20:59:32.8570000,36.604250,-83.597410
2484125,"Sacka",704,57,"33U","33U2H1S2Q",2,2017-11-09 21:04:25.5700000,0,5535,0,2026-09-24 20:59:34.6730000,51.283330,13.800000
2273128,"Sankt Georgen",130,12,"32T","32T1H3S1Q",2,2026-09-24 20:59:51.5500000,0,579,0,2026-09-24 20:59:51.5500000,47.016670,10.600000
1766405,"Wheeler",3585,233,"17S","17S1H4S3Q",1,2026-09-24 20:59:55.4170000,1050,0,0,2026-09-24 20:59:55.4170000,36.622030,-83.555190
1714432,"Holly Lakes",3545,233,"17S","17S2H3S2Q",3,2026-09-24 20:59:57.8370000,0,0,540,2026-09-24 20:59:57.8370000,35.767930,-78.379170
1766660,"Kesterson Mill",3585,233,"17S","17S1H4S3Q",1,2026-09-24 21:00:04.7100000,1052,0,0,2026-09-24 21:00:04.7130000,36.627310,-83.494350
1766823,"Caylor",3585,233,"17S","17S1H4S3Q",1,2026-09-24 21:00:12.1230000,1045,0,0,2026-09-24 21:00:12.1230000,36.630640,-83.494350
1661639,"Elease",3545,233,"17S","17S2H3S4Q",3,2026-09-24 21:00:15.8170000,0,0,1149,2026-09-24 21:00:15.8170000,34.865170,-78.796410
1664747,"Lena",3545,233,"17S","17S2H3S4Q",3,2026-09-24 21:00:19.3800000,0,0,1140,2026-09-24 21:00:19.3800000,34.909060,-78.793630
1771155,"Cubage",3582,233,"17S","17S1H4S3Q",1,2026-09-24 21:00:21.4600000,1110,0,0,2026-09-24 21:00:21.4600000,36.701200,-83.521020
1775002,"Tejay",3582,233,"17S","17S1H4S3Q",1,2026-09-24 21:01:03.5470000,1054,0,0,2026-09-24 21:01:03.5470000,36.763700,-83.562140
1776440,"Callaway",3582,233,"17S","17S1H4S3Q",1,2026-09-24 21:01:11.5030000,1145,438,0,2026-09-24 21:01:11.5030000,36.783420,-83.563250
1774835,"Miracle",3582,233,"17S","17S1H4S3Q",1,2026-09-24 21:01:21.6170000,1108,0,0,2026-09-24 21:01:21.6170000,36.760640,-83.584080
1773516,"Varilla",3582,233,"17S","17S1H4S3Q",1,2026-09-24 21:01:43.7400000,1100,0,0,2026-09-24 21:01:43.7400000,36.739530,-83.599920
2273130,"Steinbrucken",130,12,"32T","32T1H3S1Q",2,2026-09-24 21:05:01.6730000,0,591,0,2026-09-24 21:05:01.6730000,47.016670,10.616670
2272600,"Stein",130,12,"32T","32T1H3S3Q",2,2026-09-24 21:05:36.5930000,0,990,0,2026-09-24 21:05:36.5930000,47.000000,10.583330
2508533,"Macharen",2270,167,"31U","31U2H3S2Q",1,2021-04-12 07:19:51.9400000,326015,0,0,2026-09-24 21:05:59.3230000,51.805830,5.544440
2277386,"Madseit",130,12,"32T","32T1H3S2Q",2,2026-09-24 21:06:20.2700000,0,2205,0,2026-09-24 21:06:25.7400000,47.133330,11.700000
1958565,"East Columbus",3563,233,"17S","17S1H1S2Q",3,2013-05-12 00:24:25.9700000,249477,0,258333,2026-09-24 21:11:15.3470000,39.985060,-82.927680
2586923,"Nes",2274,167,"31U","31U1H6S2Q",1,2026-08-25 12:18:37.9130000,358456,0,0,2026-09-24 21:14:34.4530000,53.445020,5.774000
2277387,"Juns",130,12,"32T","32T1H3S2Q",2,2026-09-24 21:15:21.8430000,0,2094,0,2026-09-24 21:15:21.8430000,47.133330,11.716670
12573,"Bondi",143,13,"56H","56H1H1S4Q",3,2026-07-11 06:24:08.9730000,0,0,3303000,2026-09-24 21:15:26.9900000,-33.891670,151.266670
2280042,"Grun",130,12,"32T","32T1H3S2Q",2,2026-09-24 21:15:41.4930000,0,1176,0,2026-09-24 21:15:41.4930000,47.200000,11.833330
2355480,"Champlan",955,75,"31U","31U2H5S3Q",2,2026-07-19 17:13:46.5630000,0,1912,0,2026-09-24 21:15:47.0370000,48.700000,2.266670
2566788,"Kirk Ireton",979,77,"30U","30U1H6S1Q",3,2024-05-14 17:05:11.3200000,0,0,700744,2026-09-24 21:15:53.0430000,53.033330,-1.600000
12565,"Bronte",143,13,"56H","56H1H1S4Q",3,2017-04-17 08:51:27.5930000,0,0,2106569,2026-09-24 21:16:05.3770000,-33.900000,151.266670
2354668,"Saulx-les-Chartreux",955,75,"31U","31U2H5S3Q",2,2026-07-19 17:13:43.1100000,0,2006,0,2026-09-24 21:16:12.3130000,48.683330,2.266670
2353849,"Ballainvilliers",955,75,"31U","31U2H5S3Q",2,2026-07-19 17:14:12.1670000,0,1878,0,2026-09-24 21:16:19.3500000,48.666670,2.283330
12583,"Paddington",143,13,"56H","56H1H1S4Q",3,2017-04-24 20:58:29.0870000,0,0,1088177,2026-09-24 21:16:42.1600000,-33.885280,151.230000
2528727,"Warsaw",2440,180,"34U","34U1H5S4Q",2,2022-07-26 12:16:57.6570000,0,132871062,0,2026-09-24 21:20:45.6530000,52.229770,21.011780
1397180,"Dripping Springs",3549,233,"14R","14R1H2S4Q",2,2026-06-10 06:33:01.3830000,0,2056086,0,2026-09-24 21:20:50.6630000,30.190210,-98.086680
2784958,"Aleksandrovka",2675,192,"36V","36V2H1S1Q",3,2016-11-02 13:03:07.3100000,0,0,1017575,2026-09-24 21:23:03.7670000,59.733330,30.350000
2784957,"Sinda",2675,192,"36V","36V2H1S1Q",3,2017-07-04 21:00:26.8130000,0,0,271155,2026-09-24 21:23:10.3030000,59.733330,30.316670
2784956,"Rekhkolovo",2675,192,"36V","36V2H1S1Q",3,2017-03-19 02:25:04.4800000,0,0,151198,2026-09-24 21:23:12.5700000,59.733330,30.300000
2784955,"Maloye Vittolovo",2675,192,"36V","36V2H1S1Q",3,2017-03-19 02:25:21.7200000,0,0,173560,2026-09-24 21:23:14.7800000,59.733330,30.283330
2784954,"Bol'shoye Vittolovo",2675,192,"36V","36V2H1S1Q",3,2023-07-06 19:00:53.9830000,0,0,824675,2026-09-24 21:23:17.2400000,59.733330,30.266670
2784773,"Maloye Karlino",2675,192,"36V","36V2H1S1Q",3,2016-10-29 12:12:07.3900000,0,0,215139,2026-09-24 21:23:19.8930000,59.723330,30.255280
13045,"Pennant Hills",143,13,"56H","56H1H1S4Q",3,2016-09-23 09:55:58.6270000,0,0,2570772,2026-09-24 21:23:20.7270000,-33.737830,151.072160
2784678,"Khannolovo",2675,192,"36V","36V2H1S1Q",3,2025-04-24 16:06:33.6930000,0,0,146477,2026-09-24 21:23:21.9270000,59.716670,30.250000
2197435,"Falcon Heights",3558,233,"15T","15T1H5S3Q",2,2018-06-09 17:14:40.3670000,0,3642484,0,2026-09-24 21:23:46.9630000,44.991630,-93.166330
2192536,"Glen Arbor",3557,233,"16T","16T1H6S3Q",3,2026-06-01 03:00:52.5830000,300,0,101702,2026-09-24 21:24:44.7470000,44.897500,-85.985370
30699,"Bethania Junction",142,13,"56J","56J1H5S4Q",2,2018-05-08 11:43:33.8630000,0,7602268,0,2026-09-24 21:24:52.6630000,-27.683330,153.166670
2546032,"Maniewo",2451,180,"33U","33U1H6S3Q",3,2025-10-27 08:43:25.9900000,0,0,279700,2026-09-24 21:24:52.9800000,52.594180,16.866250
2534029,"Augustow",2440,180,"34U","34U1H5S4Q",2,2019-09-17 11:18:27.8900000,0,1290972,0,2026-09-24 21:25:45.5930000,52.333330,21.066670
165810,"El Ermitano",2379,175,"18L","18L1H4S3Q",1,2019-08-17 14:13:47.2170000,30024,0,0,2026-09-24 21:26:20.6630000,-11.996940,-77.051670
1674481,"Kitty Fork",3545,233,"17S","17S2H3S2Q",2,2026-09-24 21:27:02.9570000,0,750,0,2026-09-24 21:27:02.9570000,35.057670,-78.386950
1764916,"Cumberland Gap",3548,233,"17S","17S1H4S3Q",1,2026-09-24 21:28:29.9700000,1093,0,0,2026-09-24 21:28:29.9700000,36.599530,-83.668530
1763877,"Harrogate",3548,233,"17S","17S1H4S3Q",1,2026-09-24 21:28:37.9830000,1083,0,0,2026-09-24 21:28:37.9830000,36.582300,-83.656860
1763801,"Shawanee",3548,233,"17S","17S1H4S3Q",1,2026-09-24 21:28:45.7930000,1088,0,0,2026-09-24 21:28:45.7930000,36.580640,-83.638800
1763895,"Tiprell",3548,233,"17S","17S1H4S3Q",1,2026-09-24 21:28:55.0200000,1045,0,0,2026-09-24 21:28:55.0200000,36.582580,-83.678800
1762842,"Patterson Crossroads",3548,233,"17S","17S1H4S3Q",1,2026-09-24 21:29:00.6130000,1048,0,0,2026-09-24 21:29:00.6130000,36.565920,-83.647140
1765528,"Middlesboro",3582,233,"17S","17S1H4S3Q",1,2026-09-24 21:29:05.8130000,1931,0,0,2026-09-24 21:29:05.8130000,36.608420,-83.716580
1765181,"Stony Fork Junction",3582,233,"17S","17S1H4S3Q",1,2026-09-24 21:29:13.9400000,1051,0,0,2026-09-24 21:29:13.9400000,36.601750,-83.752140
12820,"Hunter's Hill",143,13,"56H","56H1H1S4Q",3,2017-03-27 04:38:27.9900000,0,0,1209188,2026-09-24 21:29:26.0830000,-33.816700,151.133000
1765956,"Noetown",3582,233,"17S","17S1H4S3Q",1,2026-09-24 21:29:28.4970000,973,0,0,2026-09-24 21:29:28.4970000,36.616470,-83.755190
1766864,"Binghamtown",3582,233,"17S","17S1H4S3Q",1,2026-09-24 21:29:36.0400000,1050,0,0,2026-09-24 21:29:36.0400000,36.631470,-83.721030
1668000,"Cedar Creek",3545,233,"17S","17S2H3S4Q",3,2026-09-24 21:30:00.7770000,0,0,1141,2026-09-24 21:30:00.7770000,34.956000,-78.757240
12579,"Ashfield",143,13,"56H","56H1H1S4Q",3,2019-07-20 12:17:41.6570000,0,0,1506789,2026-09-24 21:30:01.0370000,-33.887300,151.124320
1671806,"Stedman",3545,233,"17S","17S2H3S2Q",3,2026-09-24 21:30:05.1830000,0,0,1160,2026-09-24 21:30:05.1830000,35.013500,-78.693910
1670826,"Autryville",3545,233,"17S","17S2H3S4Q",3,2026-09-24 21:30:08.3730000,0,0,1153,2026-09-24 21:30:08.3730000,34.997950,-78.642510
1673429,"Halls Crossroads",3545,233,"17S","17S2H3S2Q",3,2026-09-24 21:30:11.5370000,0,0,1160,2026-09-24 21:30:11.5370000,35.039610,-78.597510
1669711,"Hayne",3545,233,"17S","17S2H3S4Q",3,2026-09-24 21:30:15.1370000,0,0,1152,2026-09-24 21:30:15.1370000,34.981000,-78.590010
1674821,"Bethany Crossroads",3545,233,"17S","17S2H3S2Q",3,2026-09-24 21:30:19.4100000,0,0,1157,2026-09-24 21:30:19.4100000,35.063500,-78.696680
1714969,"Meadowbrook",3545,233,"17S","17S2H3S2Q",3,2026-09-24 21:30:45.9030000,0,0,969,2026-09-24 21:30:45.9030000,35.778210,-78.376670
12649,"Sydney",143,13,"56H","56H1H1S4Q",3,2015-07-07 04:22:45.9900000,0,0,77005306,2026-09-24 21:33:18.4200000,-33.867850,151.207320
2584892,"Grunerdeich",711,57,"32U","32U1H6S1Q",3,2016-05-06 10:19:08.5870000,0,0,1069418,2026-09-24 21:36:26.3470000,53.400000,10.200000
2217492,"Pointe-Calumet",459,38,"18T","18T1H6S1Q",1,2026-05-25 00:38:19.6570000,400835,0,0,2026-09-24 21:36:40.9000000,45.500080,-73.965900
2590621,"Gottin",702,57,"32U","32U1H6S1Q",1,2026-09-24 16:58:13.6530000,60648,0,0,2026-09-24 21:36:52.9630000,53.533330,10.700000
2529032,"Prierosbruck",713,57,"33U","33U1H4S4Q",3,2026-09-24 21:23:53.1970000,0,0,10159,2026-09-24 21:36:56.2130000,52.233330,13.766670
2530756,"Kummersdorf",713,57,"33U","33U1H4S4Q",3,2026-09-24 21:37:03.9270000,0,0,1598,2026-09-24 21:37:06.1570000,52.266670,13.866670
2030026,"Tayakadin",3348,225,"35T","35T2H6S1Q",3,2025-08-31 10:34:49.3870000,0,0,56653,2026-09-24 21:37:40.1300000,41.270230,28.691920
1879853,"Quillens Point",3537,233,"18S","18S1H2S3Q",1,2026-06-24 13:43:23.0630000,102122,0,0,2026-09-24 21:39:54.5570000,38.586500,-75.072680
1908664,"Belhaven Beach",3542,233,"18S","18S1H1S2Q",2,2026-08-11 01:10:07.0430000,19857,58764,0,2026-09-24 21:40:38.6300000,39.127610,-76.477740
1844117,"El Cerrito",3567,233,"10S","10S1H5S2Q",2,2025-08-01 12:23:41.0230000,0,3755466,0,2026-09-24 21:41:41.7270000,37.915760,-122.311640
2066088,"Mentana",1377,110,"33T","33T2H1S3Q",3,2019-01-16 15:07:38.5930000,0,0,796069,2026-09-24 21:42:08.5200000,42.034920,12.642380
2583973,"Latchford",979,77,"30U","30U1H5S2Q",3,2013-09-25 17:49:50.3300000,37800,0,68923,2026-09-24 21:42:40.3470000,53.383330,-2.566670
1748763,"Calflax",3567,233,"10S","10S1H6S4Q",1,2026-09-24 21:29:43.6530000,8137,0,0,2026-09-24 21:44:57.8300000,36.342450,-120.102920
2268908,"Casselton",3575,233,"14T","14T1H3S3Q",2,2015-01-05 17:05:08.8330000,0,2530153,0,2026-09-24 21:47:20.1770000,46.900530,-97.211200
1949543,"Switzer",3563,233,"17S","17S1H2S2Q",2,2026-09-24 21:47:30.7530000,0,600,254,2026-09-24 21:47:30.7530000,39.835910,-80.888980
1394218,"Carl",3549,233,"14R","14R1H3S3Q",1,2026-09-21 00:24:59.3370000,220581,0,0,2026-09-24 21:47:39.8530000,30.114100,-97.749730
2167863,"Crawfordsville",3576,233,"10T","10T1H5S4Q",2,2026-09-24 21:48:15.5300000,0,807,0,2026-09-24 21:48:15.5300000,44.357070,-122.857860
2169106,"Greenville",3576,233,"10T","10T1H5S4Q",2,2026-09-24 21:48:22.8170000,0,839,0,2026-09-24 21:48:22.8170000,44.386790,-122.779530
2166752,"Calapooia",3576,233,"10T","10T1H5S4Q",2,2026-09-24 21:48:38.1000000,0,795,0,2026-09-24 21:48:38.1000000,44.327350,-122.740640
1753421,"Idria",3567,233,"10S","10S1H6S4Q",1,2025-12-08 04:52:36.9830000,71933,0,0,2026-09-24 21:49:21.8530000,36.416900,-120.674340
2096123,"Macomb",3557,233,"17T","17T2H1S4Q",1,2013-11-26 19:35:11.9670000,11660629,0,0,2026-09-24 21:49:30.7600000,42.700870,-82.959090
2100049,"Mramor",283,22,"34T","34T2H3S4Q",1,2017-06-26 21:29:29.3500000,205791,0,0,2026-09-24 21:49:58.3100000,42.783330,23.266670
2546224,"Wednesfield",979,77,"30U","30U1H5S4Q",2,2021-04-24 22:04:36.9700000,0,66488,0,2026-09-24 21:50:48.4100000,52.600000,-2.083330
2252736,"Saxon",3566,233,"15T","15T1H3S4Q",3,2014-12-18 15:46:06.9570000,0,0,6593923,2026-09-24 21:52:14.1730000,46.493280,-90.414350
2226671,"Gore",459,38,"18T","18T1H5S2Q",1,2026-06-12 00:42:03.0500000,400327,0,0,2026-09-24 21:52:19.9470000,45.766780,-74.249220
12643,"Woolloomooloo",143,13,"56H","56H1H1S4Q",3,2017-02-07 12:48:37.3730000,0,0,1522481,2026-09-24 21:55:39.6000000,-33.870420,151.219680
2227995,"Wentworth",459,38,"18T","18T1H5S2Q",1,2026-06-12 01:30:02.9870000,360128,0,0,2026-09-24 21:55:47.6000000,45.800090,-74.365930
2553514,"King's Lynn",979,77,"31U","31U1H4S3Q",3,2025-01-23 14:09:59.3170000,0,0,545353,2026-09-24 21:56:15.5500000,52.751720,0.395160
12648,"Darling Harbour",143,13,"56H","56H1H1S4Q",3,2017-01-19 09:23:22.8330000,0,0,2537540,2026-09-24 21:57:22.4330000,-33.868470,151.200340
2408145,"Rudnik",2439,180,"34U","34U2H4S2Q",3,2017-09-24 16:15:28.9100000,0,0,1598649,2026-09-24 21:58:46.5400000,49.852430,19.847400
1877448,"Pine Grove",3537,233,"18S","18S1H2S3Q",1,2026-06-23 19:59:56.3970000,10839,0,0,2026-09-24 21:59:14.2630000,38.539830,-75.116290
2345887,"Jettenburg",716,57,"32U","32U2H5S4Q",1,2026-09-22 22:04:53.1130000,28540,0,0,2026-09-24 22:00:17.4300000,48.501710,9.128350
2517285,"Jurkowo",2451,180,"33U","33U2H3S1Q",2,2026-09-24 15:08:40.6070000,0,60000,0,2026-09-24 22:01:09.1530000,51.993040,16.777050
2293850,"Tanner",3578,233,"10T","10T1H3S1Q",1,2024-12-12 08:19:07.0330000,3260512,0,0,2026-09-24 22:01:54.9200000,47.475380,-121.746220
2301771,"Carnation",3578,233,"10T","10T1H3S1Q",2,2014-08-12 15:34:29.7930000,0,1362834,0,2026-09-24 22:02:00.7500000,47.647880,-121.914010
2473609,"Wroclaw",2445,180,"33U","33U2H3S2Q",1,2016-02-08 20:40:44.9630000,423500868,0,0,2026-09-24 22:02:23.4670000,51.100000,17.033330
1605099,"Harvard Heights",3567,233,"11S","11S2H1S4Q",3,2015-11-18 15:43:48.9400000,0,0,961978,2026-09-24 22:02:34.0900000,34.042220,-118.304170
2347823,"Altenburg",716,57,"32U","32U2H5S4Q",1,2026-09-24 22:02:49.5800000,1065,300,0,2026-09-24 22:02:49.5800000,48.547380,9.182470
2530755,"Wolzig",713,57,"33U","33U1H4S4Q",3,2026-09-24 22:03:45.8230000,0,0,787,2026-09-24 22:03:45.8230000,52.266670,13.833330
2529930,"Kolberg",713,57,"33U","33U1H4S4Q",3,2026-09-24 22:03:49.9900000,0,0,1198,2026-09-24 22:03:49.9900000,52.250000,13.800000
2529929,"Dolgenbrodt",713,57,"33U","33U1H4S4Q",3,2026-09-24 22:03:55.7270000,0,0,795,2026-09-24 22:03:55.7270000,52.250000,13.783330
1781514,"Baughman",3582,233,"17S","17S1H4S3Q",1,2026-09-24 22:04:06.3630000,1097,0,0,2026-09-24 22:04:06.3630000,36.864810,-83.800200
1786971,"Hammond",3582,233,"17S","17S1H4S3Q",1,2026-09-24 22:04:17.2500000,974,0,0,2026-09-24 22:04:17.2500000,36.957030,-83.727420
1798416,"Peabody",3582,233,"17S","17S1H4S1Q",1,2026-09-24 22:04:34.5130000,963,0,614,2026-09-24 22:04:34.5130000,37.138980,-83.590750
1802086,"Mouth of Hector",3582,233,"17S","17S1H4S1Q",1,2026-09-24 22:04:47.5000000,1923,0,0,2026-09-24 22:04:47.5000000,37.193920,-83.606960
1805073,"Panco",3582,233,"17S","17S1H4S1Q",1,2026-09-24 22:04:57.9930000,2056,0,296,2026-09-24 22:04:57.9970000,37.237310,-83.533520
1801025,"Jason",3582,233,"17S","17S1H4S1Q",1,2026-09-24 22:05:11.8100000,1086,0,0,2026-09-24 22:05:11.8100000,37.178420,-83.483520
1801592,"Thousandsticks",3582,233,"17S","17S1H4S1Q",1,2026-09-24 22:05:20.7130000,1122,0,159,2026-09-24 22:05:20.7130000,37.185090,-83.428800
1799431,"Manchester",3582,233,"17S","17S1H4S1Q",1,2026-09-24 22:05:53.8830000,817,603,531,2026-09-24 22:05:53.8830000,37.153700,-83.761860
2784435,"Pellelya",2675,192,"36V","36V2H1S1Q",3,2016-10-29 12:13:22.9270000,0,0,170627,2026-09-24 22:05:59.2400000,59.700000,30.266670
2784143,"Kovrovo",2675,192,"36V","36V2H1S1Q",3,2016-10-29 12:36:07.0130000,0,0,166088,2026-09-24 22:06:02.3970000,59.683330,30.250000
2784004,"Kandakopshino",2676,192,"36V","36V2H1S1Q",3,2016-08-23 16:09:46.8230000,0,0,161221,2026-09-24 22:06:04.1830000,59.677220,30.274170
2784238,"Pushkin",2676,192,"36V","36V2H1S1Q",3,2024-06-20 14:43:45.5270000,0,0,133738,2026-09-24 22:06:06.3600000,59.687330,30.340460
2784144,"Kiskisary",2675,192,"36V","36V2H1S1Q",3,2017-01-04 15:50:15.2370000,0,0,117373,2026-09-24 22:06:09.8400000,59.683330,30.350000
2783882,"Gukkalovo",2675,192,"36V","36V2H1S1Q",3,2024-05-14 15:24:44.7730000,0,0,115328,2026-09-24 22:06:12.1970000,59.666670,30.350000
2783938,"Popovo",2676,192,"36V","36V2H1S1Q",3,2025-04-13 23:49:54.3500000,0,0,108129,2026-09-24 22:06:19.1970000,59.669440,30.403060
2167796,"Holley",3576,233,"10T","10T1H5S4Q",2,2026-09-24 22:06:20.0830000,0,813,0,2026-09-24 22:06:20.0830000,44.354290,-122.783420
2784145,"Pavlovsk",2676,192,"36V","36V2H1S1Q",3,2016-09-30 18:20:41.6970000,0,0,1010717,2026-09-24 22:06:21.5730000,59.683330,30.434720
2003203,"Lincoln",3559,233,"14T","14T2H6S4Q",2,2013-11-16 04:03:31.4300000,0,43785938,0,2026-09-24 22:06:28.4170000,40.800000,-96.666960
1738859,"Dawson",3546,233,"15S","15S1H4S3Q",3,2013-12-01 23:20:28.6470000,0,0,4576442,2026-09-24 22:06:28.4200000,36.179820,-95.908600
2359221,"Saint-Duzec",961,75,"30U","30U2H5S3Q",2,2016-09-13 10:25:50.8500000,0,142153789,0,2026-09-24 22:07:06.9330000,48.783330,-3.550000
2545440,"Monmore Green",979,77,"30U","30U1H5S4Q",2,2025-08-31 09:55:34.9470000,0,64928,0,2026-09-24 22:09:33.2770000,52.583330,-2.100000
9108,"Aldinga",138,13,"54H","54H1H4S3Q",2,2025-06-30 04:06:35.2630000,99802,536474,0,2026-09-24 22:10:56.4030000,-35.283330,138.483330
1526936,"Balch Springs",3549,233,"14S","14S2H6S4Q",3,2026-09-24 22:12:03.6000000,0,0,1150,2026-09-24 22:12:03.6000000,32.728740,-96.622770
1519836,"Lancaster",3549,233,"14S","14S2H6S4Q",3,2023-11-06 10:31:57.8870000,0,0,3484426,2026-09-24 22:12:10.5600000,32.592080,-96.756110
1525065,"Rylie",3549,233,"14S","14S2H6S4Q",3,2026-09-24 22:12:11.3730000,0,0,1150,2026-09-24 22:12:11.3730000,32.690690,-96.637490
2154126,"Sagries",954,75,"31T","31T2H3S1Q",3,2020-06-10 11:45:07.4630000,0,0,210613,2026-09-24 22:12:12.7370000,43.983330,4.416670
1522797,"Hutchins",3549,233,"14S","14S2H6S4Q",3,2026-09-24 22:12:23.0900000,0,0,1250,2026-09-24 22:12:23.0900000,32.649300,-96.713050
1519684,"Wilmer",3549,233,"14S","14S2H6S4Q",3,2026-09-24 22:12:28.9330000,0,0,1250,2026-09-24 22:12:28.9330000,32.589020,-96.685270
1514304,"Pecan Hill",3549,233,"14S","14S2H6S4Q",3,2026-09-24 22:12:33.5170000,0,0,1250,2026-09-24 22:12:33.5170000,32.486530,-96.785830
1513396,"Rockett",3549,233,"14S","14S2H6S4Q",3,2026-09-24 22:12:37.2630000,0,0,1250,2026-09-24 22:12:37.2630000,32.469860,-96.763880
2232973,"Saint-Alexis",459,38,"18T","18T1H6S1Q",1,2026-06-08 10:25:30.9430000,360000,0,0,2026-09-24 22:13:30.0600000,45.933370,-73.615870
1525646,"Lawson",3549,233,"14S","14S2H6S4Q",3,2026-09-24 22:13:31.6430000,0,0,1150,2026-09-24 22:13:31.6430000,32.702350,-96.564990
1524075,"Kleberg",3549,233,"14S","14S2H6S4Q",3,2026-09-24 22:13:37.4900000,0,770,977,2026-09-24 22:13:37.4900000,32.671520,-96.615830
1523097,"Bobwyn",3549,233,"14S","14S2H6S4Q",2,2010-01-01 00:00:00.0000000,517,7240,1551,2026-09-24 22:13:42.0530000,32.653740,-96.599440
1830253,"Mattawan",3585,233,"18S","18S1H4S1Q",2,2026-09-24 22:13:44.2700000,0,877,0,2026-09-24 22:13:44.2700000,37.659870,-77.325260
2222701,"Galliera Veneta",1366,110,"32T","32T1H6S2Q",2,2017-01-31 05:32:41.8900000,0,540436,0,2026-09-24 22:14:23.3100000,45.663500,11.830900
2236669,"Brizon",945,75,"32T","32T1H1S3Q",2,2023-09-05 16:50:46.2370000,0,453216,0,2026-09-24 22:15:14.6300000,46.050000,6.450000
1516853,"Ferris",3549,233,"14S","14S2H6S4Q",3,2026-09-24 22:15:17.5970000,0,0,395,2026-09-24 22:15:17.5970000,32.534030,-96.665550
1764785,"Panoche",3567,233,"10S","10S1H6S4Q",1,2025-08-14 19:19:44.3930000,60072,0,0,2026-09-24 22:15:43.2400000,36.596900,-120.833510
1829539,"Pine Hill",3585,233,"18S","18S1H4S1Q",2,2026-09-24 22:16:52.7430000,0,2843,618,2026-09-24 22:16:56.2770000,37.648480,-77.322200
2217661,"Montreal",459,38,"18T","18T1H6S1Q",1,2016-11-12 03:39:02.8630000,143073357,0,0,2026-09-24 22:17:08.8930000,45.508840,-73.587810
1886178,"Oak Creek Hills",3567,233,"10S","10S1H3S3Q",3,2026-09-20 22:36:01.9600000,0,0,1740807,2026-09-24 22:17:27.9930000,38.714070,-121.076890
2524838,"Grunow",713,57,"33U","33U1H5S3Q",3,2026-09-18 15:22:28.7870000,0,0,8049,2026-09-24 22:17:54.0700000,52.150000,14.400000
1691556,"Senter",3545,233,"17S","17S2H3S2Q",3,2026-09-24 22:18:11.0630000,0,0,1157,2026-09-24 22:18:11.0630000,35.355720,-78.793630
1518890,"Patrick",3549,233,"14S","14S2H6S4Q",3,2026-09-24 22:18:15.2070000,0,0,395,2026-09-24 22:18:15.2070000,32.574020,-96.631380
1687935,"Fonville",3545,233,"17S","17S2H3S2Q",3,2026-09-24 22:18:15.6570000,0,0,1159,2026-09-24 22:18:15.6570000,35.290160,-78.769740
2532178,"Ermelo",2273,167,"31U","31U1H6S4Q",1,2015-03-20 15:16:39.3900000,92808772,0,0,2026-09-24 22:18:29.2730000,52.298330,5.622220
1673168,"Vander",3545,233,"17S","17S2H3S2Q",3,2026-09-24 22:18:29.8200000,0,0,1146,2026-09-24 22:18:29.8200000,35.034690,-78.788530
1672901,"Vander",3545,233,"17S","17S2H3S2Q",3,2026-09-24 22:18:34.4800000,0,0,1146,2026-09-24 22:18:34.4800000,35.032110,-78.794740
1590566,"Carson",3567,233,"11S","11S2H4S2Q",3,2015-01-13 18:32:24.4830000,0,0,1120706,2026-09-24 22:19:13.1500000,33.831410,-118.282020
2064747,"Cappadocia",1382,110,"33T","33T2H1S4Q",1,2026-09-12 22:57:47.8500000,51511,0,0,2026-09-24 22:21:44.4030000,42.006530,13.279990
2160899,"Stella",457,38,"18T","18T1H4S4Q",3,2026-09-24 22:22:07.8270000,0,229,9563,2026-09-24 22:22:15.0330000,44.166820,-76.699420
2550679,"Eichstadt",713,57,"33U","33U1H4S4Q",2,2025-05-06 06:14:52.1500000,0,1013682,0,2026-09-24 22:23:56.4300000,52.695270,13.112440
1902555,"Plumas Lake",3567,233,"10S","10S1H3S1Q",3,2026-09-18 17:11:48.8500000,0,0,1518781,2026-09-24 22:24:13.5700000,39.020730,-121.558020
12586,"Surry Hills",143,13,"56H","56H1H1S4Q",3,2017-02-12 11:08:18.0600000,0,0,1750989,2026-09-24 22:25:39.9270000,-33.883740,151.212820
2049232,"Sant Genis de Palafolls",909,68,"31T","31T2H5S1Q",3,2022-05-03 14:02:36.3070000,0,0,959285,2026-09-24 22:25:52.0300000,41.650000,2.716670
1604849,"Inceville",3567,233,"11S","11S2H1S4Q",3,2015-10-21 12:58:32.0500000,0,0,1630029,2026-09-24 22:26:18.3570000,34.038340,-118.555360
1771283,"Mercey Hot Springs",3567,233,"10S","10S1H6S4Q",1,2026-03-19 13:51:38.2700000,54276,0,0,2026-09-24 22:26:29.0000000,36.704120,-120.860180
2280792,"Deitingen",510,43,"32T","32T1H1S2Q",1,2014-08-12 11:01:36.1100000,1046736,0,0,2026-09-24 22:27:49.8170000,47.216670,7.616670
12816,"Cammeray",143,13,"56H","56H1H1S4Q",3,2017-02-23 05:20:20.4470000,0,705,1504183,2026-09-24 22:28:38.0500000,-33.822500,151.215830
12696,"Point Piper",143,13,"56H","56H1H1S4Q",3,2010-01-01 00:00:00.0000000,0,879,1174527,2026-09-24 22:29:20.7530000,-33.866670,151.250000
2555182,"Bad Freienwalde",713,57,"33U","33U1H5S3Q",2,2014-09-07 14:04:43.2000000,0,459658267,0,2026-09-24 22:29:42.5600000,52.787300,14.030400
1671161,"Heritage Heights",3545,233,"17S","17S2H3S2Q",3,2026-09-24 22:29:53.0000000,0,0,1146,2026-09-24 22:29:53.0000000,35.001550,-78.795860
1671196,"Judson",3545,233,"17S","17S2H3S2Q",3,2026-09-24 22:29:56.9770000,0,0,1146,2026-09-24 22:29:56.9770000,35.002110,-78.808910
2059514,"Ienne",1377,110,"33T","33T2H4S2Q",3,2013-04-26 23:11:48.4500000,0,0,79282,2026-09-24 22:30:26.3930000,41.883330,13.166670
1698258,"Spilona",3545,233,"17S","17S2H3S2Q",3,2026-09-24 22:31:31.2700000,0,0,942,2026-09-24 22:31:31.2700000,35.488490,-78.471950
12750,"Clifton Gardens",143,13,"56H","56H1H1S4Q",3,2017-06-03 12:32:49.5670000,0,0,1224864,2026-09-24 22:32:46.9430000,-33.841670,151.250000
2341760,"Mount Vernon",3578,233,"10U","10U2H5S4Q",2,2026-09-24 15:30:01.8470000,0,7083,5100,2026-09-24 22:32:49.1070000,48.421220,-122.334050
12757,"Georges Heights",143,13,"56H","56H1H1S4Q",3,2017-12-21 09:27:07.9100000,0,0,1322636,2026-09-24 22:33:00.4400000,-33.836940,151.255560
2607187,"Eastgate",450,38,"12U","12U1H4S1Q",3,2026-09-24 18:40:14.2430000,0,0,2392,2026-09-24 22:33:08.8930000,53.933450,-113.202000
2004876,"Sugar Hill",3562,233,"18T","18T2H6S3Q",1,2026-09-21 19:13:00.7570000,360849,0,0,2026-09-24 22:33:11.4530000,40.827500,-73.943330
2321630,"Lake Bosworth",3578,233,"10U","10U2H6S3Q",3,2026-09-24 22:33:19.9700000,0,0,712,2026-09-24 22:33:19.9700000,48.045100,-121.968460
2060363,"Vatican City",3867,236,"33T","33T2H4S1Q",3,2019-06-07 13:03:03.5830000,0,0,1464492,2026-09-24 22:35:44.0430000,41.902360,12.453320
1700377,"Rose Manor",3545,233,"17S","17S2H3S2Q",3,2026-09-24 22:36:44.9370000,0,0,945,2026-09-24 22:36:44.9370000,35.526830,-78.368890
1415136,"Hilda",3549,233,"14R","14R1H2S3Q",1,2026-09-24 22:36:50.9600000,1096,0,0,2026-09-24 22:36:50.9600000,30.586850,-99.114500
1700704,"Westview",3545,233,"17S","17S2H3S2Q",3,2026-09-24 22:36:57.9270000,0,0,690,2026-09-24 22:36:57.9270000,35.532660,-78.372500
1414582,"Loyal Valley",3549,233,"14R","14R1H2S3Q",1,2026-09-24 22:36:59.5000000,1104,0,0,2026-09-24 22:36:59.5000000,30.575740,-99.007830
1858677,"Tommaso Natale",1363,110,"33S","33S1H1S4Q",2,2026-09-16 17:46:52.4170000,0,296031,0,2026-09-24 22:37:04.3470000,38.183330,13.283330
1413869,"Prairie Mountain",3549,233,"14R","14R1H2S4Q",1,2026-09-24 22:37:06.5970000,1111,0,0,2026-09-24 22:37:06.5970000,30.560740,-98.879490
1415922,"Oxford",3549,233,"14R","14R1H2S4Q",1,2026-09-24 22:37:13.5200000,1124,0,0,2026-09-24 22:37:13.5200000,30.604070,-98.704200
1413960,"Click",3549,233,"14R","14R1H2S4Q",1,2026-09-24 22:37:20.6600000,1125,0,0,2026-09-24 22:37:20.6600000,30.563240,-98.573920
1692896,"Benson",3545,233,"17S","17S2H3S2Q",3,2026-09-24 22:37:21.5130000,0,0,945,2026-09-24 22:37:21.5130000,35.382110,-78.548620
1408359,"Blowout",3549,233,"14R","14R1H2S4Q",1,2026-09-24 22:37:27.2670000,1113,0,0,2026-09-24 22:37:27.2670000,30.447140,-98.577530
1691926,"Turlington",3545,233,"17S","17S2H3S2Q",3,2026-09-24 22:37:27.5900000,0,0,950,2026-09-24 22:37:27.5900000,35.363500,-78.663900
1694318,"Coats",3545,233,"17S","17S2H3S2Q",3,2026-09-24 22:37:32.2670000,0,0,976,2026-09-24 22:37:32.2670000,35.407940,-78.671960
2784479,"Tyarlevo",2676,192,"36V","36V2H1S1Q",3,2018-01-14 01:00:36.2800000,0,0,1039830,2026-09-24 22:37:33.4570000,59.700560,30.456390
1406296,"Willow City",3549,233,"14R","14R1H2S4Q",1,2026-09-24 22:37:34.3500000,1101,0,0,2026-09-24 22:37:34.3500000,30.400750,-98.701420
2784436,"Glazovo",2675,192,"36V","36V2H1S1Q",3,2018-01-12 10:14:22.4800000,0,0,1012458,2026-09-24 22:37:36.3830000,59.700000,30.466670
2784146,"Grachevka",2675,192,"36V","36V2H1S1Q",3,2017-07-04 08:20:48.9230000,0,0,533762,2026-09-24 22:37:39.0700000,59.683330,30.483330
2784020,"Glinka",2675,192,"36V","36V2H1S1Q",3,2018-11-25 12:28:25.0570000,0,0,141766,2026-09-24 22:37:42.4570000,59.679440,30.497500
2784147,"Toskobshchina",2675,192,"36V","36V2H1S1Q",3,2018-01-12 07:28:51.3200000,0,0,184035,2026-09-24 22:37:44.5230000,59.683330,30.550000
1406826,"Eckert",3549,233,"14R","14R1H2S4Q",1,2026-09-24 22:37:45.8100000,1101,0,0,2026-09-24 22:37:45.8100000,30.414360,-98.736700
2784250,"Pioner",2675,192,"36V","36V2H1S1Q",3,2018-01-12 07:28:31.6630000,0,0,285318,2026-09-24 22:37:47.9970000,59.689170,30.549170
1670779,"Johnsontown",3545,233,"17S","17S2H3S4Q",3,2026-09-24 22:37:48.2330000,0,0,1143,2026-09-24 22:37:48.2330000,34.997110,-78.343890
2784248,"Voyskorovo",2675,192,"36V","36V2H1S1Q",3,2022-06-09 04:44:12.2100000,0,0,250983,2026-09-24 22:37:50.4900000,59.688890,30.561390
2784437,"Putrolovo",2675,192,"36V","36V2H1S1Q",3,2016-11-15 00:34:48.3770000,0,0,183153,2026-09-24 22:37:54.1900000,59.700000,30.583330
1516361,"India",3549,233,"14S","14S2H6S4Q",3,2026-09-24 22:37:56.0170000,0,0,395,2026-09-24 22:37:56.0170000,32.525140,-96.616100
1514517,"Trumbull",3549,233,"14S","14S2H6S4Q",3,2026-09-24 22:38:01.6030000,0,0,395,2026-09-24 22:38:01.6030000,32.490420,-96.665550
1670425,"Bonnetsville",3545,233,"17S","17S2H3S4Q",3,2026-09-24 22:38:04.5930000,0,0,1144,2026-09-24 22:38:04.5930000,34.990450,-78.394720
1511147,"Palmer",3549,233,"14S","14S2H6S4Q",3,2026-09-24 22:38:08.3270000,0,0,1039,2026-09-24 22:38:08.3270000,32.431250,-96.667770
1669820,"Concord",3545,233,"17S","17S2H3S4Q",3,2026-09-24 22:38:09.8600000,0,0,1149,2026-09-24 22:38:09.8600000,34.982950,-78.416670
1509688,"Ike",3549,233,"14S","14S2H6S4Q",3,2026-09-24 22:38:12.5230000,0,0,1038,2026-09-24 22:38:12.5230000,32.403750,-96.770270
1408202,"Crabapple",3549,233,"14R","14R1H2S4Q",1,2026-09-24 22:38:15.3770000,1098,0,0,2026-09-24 22:38:15.3770000,30.442970,-98.837540
1670908,"Bonnetsville",3545,233,"17S","17S2H3S4Q",3,2026-09-24 22:38:15.4130000,0,0,1143,2026-09-24 22:38:15.4130000,34.999280,-78.396110
1508180,"Boyce",3549,233,"14S","14S2H6S4Q",3,2026-09-24 22:38:17.0270000,0,0,1038,2026-09-24 22:38:17.0270000,32.378200,-96.737770
1505410,"Reagor Springs",3549,233,"14S","14S2H6S4Q",3,2026-09-24 22:38:20.9400000,0,0,469,2026-09-24 22:38:20.9400000,32.328760,-96.760830
1503391,"Howard",3549,233,"14S","14S2H6S4Q",3,2026-09-24 22:38:24.6970000,0,0,469,2026-09-24 22:38:24.6970000,32.290700,-96.771110
1502023,"Nash",3549,233,"14S","14S2H6S4Q",3,2026-09-24 22:38:28.6300000,0,0,469,2026-09-24 22:38:28.6300000,32.265700,-96.812770
1681506,"Herrings Crossroads",3545,233,"17S","17S2H3S2Q",3,2026-09-24 22:39:25.4230000,0,0,1160,2026-09-24 22:39:25.4230000,35.174610,-78.395840
1681255,"Vann Crossroads",3545,233,"17S","17S2H3S2Q",3,2026-09-24 22:39:30.7230000,0,0,1161,2026-09-24 22:39:30.7230000,35.169610,-78.402580
1678286,"Beaman Crossroads",3545,233,"17S","17S2H3S2Q",3,2026-09-24 22:39:35.4300000,0,0,1159,2026-09-24 22:39:35.4300000,35.119330,-78.413890
1654023,"Glen Acres",3545,233,"17S","17S2H3S3Q",3,2026-09-24 22:39:59.5200000,0,0,1147,2026-09-24 22:39:59.5200000,34.757110,-79.469490
12631,"Darlinghurst",143,13,"56H","56H1H1S4Q",3,2018-07-14 04:06:58.2670000,0,0,1531170,2026-09-24 22:41:22.7270000,-33.879390,151.219250
2624378,"Gdansk",2449,180,"34U","34U1H1S3Q",2,2019-06-07 12:01:43.3100000,0,11481980,0,2026-09-24 22:42:12.0530000,54.352050,18.646370
2525684,"Hannemannei",713,57,"33U","33U1H5S3Q",3,2026-09-18 19:57:07.2700000,0,0,10665,2026-09-24 22:42:57.2200000,52.166670,14.266670
2531612,"Rieplos",713,57,"33U","33U1H4S4Q",3,2026-09-24 22:43:13.6970000,0,0,2781,2026-09-24 22:43:18.0300000,52.283330,13.900000
2180478,"Draperville",3576,233,"10T","10T1H5S3Q",3,2014-01-11 16:12:54.7000000,0,0,1995103,2026-09-24 22:44:55.5600000,44.645960,-123.037040
2194713,"West Salem",3576,233,"10T","10T1H5S3Q",3,2013-11-25 16:21:25.8000000,0,0,2124429,2026-09-24 22:45:30.6530000,44.939010,-123.060930
1925660,"Andersonville",3563,233,"17S","17S1H1S1Q",1,2026-09-14 22:13:41.2730000,7783,0,0,2026-09-24 22:45:57.9770000,39.427840,-83.009630
1924130,"Frankfort",3563,233,"17S","17S1H1S1Q",1,2026-03-25 13:28:42.4600000,4529,0,0,2026-09-24 22:46:13.3200000,39.401450,-83.180740
2784314,"Yam-Izhora",2675,192,"36V","36V2H1S1Q",3,2016-11-14 22:54:03.5070000,0,0,169941,2026-09-24 22:46:29.0770000,59.698610,30.588330
1921955,"Harper",3563,233,"17S","17S1H1S1Q",1,2026-03-22 21:44:39.2030000,4615,0,0,2026-09-24 22:46:29.6500000,39.364790,-83.261580
2784573,"Tel'mana",2675,192,"36V","36V2H1S1Q",3,2017-05-19 19:08:09.1800000,0,0,630519,2026-09-24 22:46:31.9000000,59.714720,30.600280
2784034,"Krasnyy Bor",2675,192,"36V","36V2H1S1Q",3,2016-11-21 16:00:20.7730000,0,0,391077,2026-09-24 22:46:38.7300000,59.681940,30.668060
2784276,"Feklistovo",2675,192,"36V","36V2H1S1Q",3,2016-08-24 16:35:52.1430000,0,0,113706,2026-09-24 22:46:42.6300000,59.692500,30.704720
2678915,"Mamontovka",2671,192,"37U","37U1H1S2Q",2,2026-09-13 15:16:07.8870000,0,1090928,0,2026-09-24 22:46:42.7700000,55.980830,37.819720
2463152,"Koeln",707,57,"32U","32U2H1S3Q",2,2017-07-01 03:03:23.6200000,0,150865579,0,2026-09-24 22:46:53.1200000,50.933330,6.950000
2212504,"Boffalora d'Adda",1375,110,"32T","32T1H5S2Q",1,2025-09-28 09:55:57.0200000,103469,0,0,2026-09-24 22:47:20.2830000,45.359770,9.494160
2159173,"Potter",3566,233,"16T","16T1H4S4Q",1,2024-08-26 03:12:19.7430000,16806,0,0,2026-09-24 22:47:29.3330000,44.120550,-88.099270
1642473,"Castle Canyon Mesa",3572,233,"12S","12S2H1S4Q",1,2015-03-30 00:16:25.6870000,104542669,0,0,2026-09-24 22:48:03.4500000,34.590860,-112.355720
1654497,"Hammon Heights",3545,233,"17S","17S2H3S3Q",3,2026-09-24 22:48:03.5100000,0,0,1149,2026-09-24 22:48:03.5100000,34.764050,-79.465050
2156165,"Gravesville",3566,233,"16T","16T1H4S4Q",1,2024-08-06 17:35:16.9000000,4102,0,0,2026-09-24 22:48:04.0470000,44.036380,-88.146210
1655765,"Middleton Heights",3545,233,"17S","17S2H3S3Q",3,2026-09-24 22:48:07.5770000,0,0,1140,2026-09-24 22:48:07.5770000,34.781550,-79.461990
1921390,"Lyndon",3563,233,"17S","17S1H1S1Q",1,2026-03-25 12:35:42.6600000,1936,82,0,2026-09-24 22:48:10.8170000,39.352560,-83.312140
1655792,"Lincoln Heights",3545,233,"17S","17S2H3S3Q",3,2026-09-24 22:48:11.9570000,0,0,1148,2026-09-24 22:48:11.9570000,34.782110,-79.446710
2531613,"Neu Boston",713,57,"33U","33U1H4S4Q",3,2026-09-24 22:49:30.4670000,0,0,2472,2026-09-24 22:49:45.3570000,52.283330,13.933330
2196395,"Fountain Point",3557,233,"16T","16T1H6S3Q",3,2026-09-24 22:50:17.5730000,0,0,915,2026-09-24 22:50:17.5730000,44.969440,-85.705360
1917259,"Humboldt",3563,233,"17S","17S1H1S1Q",1,2026-03-27 02:57:06.8200000,2481,0,0,2026-09-24 22:50:46.1630000,39.277290,-83.313800
12578,"Woollahra",143,13,"56H","56H1H1S4Q",3,2010-01-01 00:00:00.0000000,0,0,1190623,2026-09-24 22:51:16.6700000,-33.887800,151.236810
2531615,"Neu Reichenwalde",713,57,"33U","33U1H5S3Q",3,2026-09-23 15:44:11.3370000,0,0,1967,2026-09-24 22:51:28.9970000,52.283330,14.000000
2060652,"Pinciano",1377,110,"33T","33T2H4S1Q",3,2015-09-17 17:49:37.6200000,0,0,2683606,2026-09-24 22:54:45.2730000,41.911510,12.479350
2515259,"Gubener Vorstadt",713,57,"33U","33U2H1S2Q",3,2026-09-19 12:19:02.9930000,0,0,4215,2026-09-24 22:57:13.1500000,51.950000,13.916670
1715099,"Wendell",3545,233,"17S","17S2H3S2Q",3,2026-09-24 22:31:02.8330000,0,0,2714,2026-09-24 22:57:21.8700000,35.780990,-78.369720
1707814,"Flowers",3545,233,"17S","17S2H3S2Q",3,2026-09-24 22:57:38.6630000,0,0,945,2026-09-24 22:57:38.6630000,35.653770,-78.345000
1708731,"Jordan",3545,233,"17S","17S2H3S2Q",3,2026-09-24 22:57:44.9500000,0,0,942,2026-09-24 22:57:44.9500000,35.669050,-78.306940
1703796,"Wilsons Mills",3545,233,"17S","17S2H3S2Q",3,2026-09-24 22:57:51.0670000,0,0,945,2026-09-24 22:57:51.0670000,35.584050,-78.355830
1702110,"Whitley Heights",3545,233,"17S","17S2H3S2Q",3,2026-09-24 22:57:58.9800000,0,0,942,2026-09-24 22:57:58.9800000,35.555440,-78.386110
1701220,"Laurelwood Hills",3545,233,"17S","17S2H3S2Q",3,2026-09-24 22:58:07.4400000,0,0,945,2026-09-24 22:58:07.4400000,35.539600,-78.352780
1700656,"Sunrise Acres",3545,233,"17S","17S2H3S2Q",3,2026-09-24 22:58:12.0200000,0,0,945,2026-09-24 22:58:12.0200000,35.531830,-78.351950
1996106,"Stove Prairie Landing",3568,233,"13T","13T2H5S3Q",2,2021-11-10 00:19:19.8200000,0,1154772,0,2026-09-24 22:58:49.5300000,40.682480,-105.389160
2543937,"Coseley",979,77,"30U","30U1H5S4Q",2,2025-08-31 21:00:57.1100000,0,63506,0,2026-09-24 22:59:04.4900000,52.550000,-2.083330
1507364,"Garrett",3549,233,"14S","14S2H6S4Q",3,2026-09-24 22:59:57.5300000,0,0,1039,2026-09-24 22:59:57.5300000,32.363480,-96.654710
1505436,"Ennis",3549,233,"14S","14S2H6S4Q",3,2026-09-24 23:00:03.1130000,0,0,466,2026-09-24 23:00:03.1130000,32.329310,-96.625270
1506075,"Sonoma",3549,233,"14S","14S2H6S4Q",3,2026-09-24 23:00:07.5600000,0,0,438,2026-09-24 23:00:07.5600000,32.340420,-96.609990
1540392,"Chandler Village",3547,233,"17S","17S2H5S4Q",2,2023-11-04 12:01:53.0730000,0,1000033,0,2026-09-24 23:00:08.1300000,32.978510,-80.147040
1509317,"Crisp",3549,233,"14S","14S2H6S4Q",3,2026-09-24 23:00:11.8070000,0,0,602,2026-09-24 23:00:11.8070000,32.397920,-96.581100
1512881,"Bristol",3549,233,"14S","14S2H6S4Q",3,2026-09-24 23:00:15.7800000,272,0,360,2026-09-24 23:00:15.7800000,32.461530,-96.569990
2293050,"Zuerich-Kloten Airport",503,43,"32T","32T1H2S1Q",3,2023-05-24 13:55:32.8030000,360,0,27313277,2026-09-24 23:00:15.9900000,47.457750,8.555770
2445854,"Lille",950,75,"31U","31U2H2S4Q",2,2013-11-16 12:00:01.8900000,0,99866862,1500,2026-09-24 23:00:15.9970000,50.633330,3.066670
1516185,"Walnut Springs",3549,233,"14S","14S2H6S4Q",3,2026-09-24 23:00:23.5470000,504,0,956,2026-09-24 23:00:23.5470000,32.522080,-96.554990
1509759,"Alsdorf",3549,233,"14S","14S2H6S4Q",3,2026-09-24 23:00:31.8700000,0,0,760,2026-09-24 23:00:31.8700000,32.405140,-96.535820
2561088,"Radbourne",979,77,"30U","30U1H6S3Q",2,2024-07-21 01:13:54.4200000,0,60338,0,2026-09-24 23:00:54.7500000,52.916670,-1.566670
1832260,"Carbona",3567,233,"10S","10S1H6S1Q",1,2026-09-24 23:00:58.4070000,642,0,0,2026-09-24 23:00:58.4070000,37.696040,-121.412170
1833282,"Lyoth",3567,233,"10S","10S1H6S1Q",1,2026-09-24 23:01:08.0000000,1437,0,0,2026-09-24 23:01:08.0000000,37.715760,-121.381610
1831378,"San Joaquin River Club",3567,233,"10S","10S1H6S1Q",1,2026-09-24 23:01:20.0770000,1522,0,0,2026-09-24 23:01:20.0770000,37.680760,-121.273000
1828578,"Vernalis",3567,233,"10S","10S1H6S1Q",1,2026-09-24 23:01:11.8230000,1816,0,0,2026-09-24 23:01:24.2370000,37.630760,-121.287160
2560261,"Trusley",979,77,"30U","30U1H6S3Q",2,2024-07-19 14:57:55.5770000,0,57137,0,2026-09-24 23:01:47.4230000,52.900000,-1.616670
1943094,"Valleywood",3563,233,"16S","16S1H3S2Q",1,2026-06-24 00:20:34.5030000,1545,0,0,2026-09-24 23:02:53.2400000,39.722840,-84.074940
1949843,"Pitchin",3563,233,"17S","17S1H1S1Q",1,2025-04-16 11:12:36.8230000,3779,0,0,2026-09-24 23:03:13.1300000,39.842840,-83.762430
2495342,"Radyr",976,77,"30U","30U2H2S1Q",3,2018-06-19 10:36:41.2270000,0,0,925233,2026-09-24 23:03:15.3070000,51.518890,-3.261390
2464212,"Hal",256,20,"31U","31U2H3S4Q",1,2026-09-24 23:03:31.7770000,1791,0,0,2026-09-24 23:03:33.2800000,50.950000,5.750000
1827395,"Solyo",3567,233,"10S","10S1H6S1Q",1,2026-09-24 23:03:40.3570000,517,0,200,2026-09-24 23:03:40.3570000,37.609370,-121.264380
2464213,"Heide",2271,167,"31U","31U2H3S4Q",2,2026-08-25 11:02:08.6500000,1680,1453159,0,2026-09-24 23:03:47.2670000,50.950000,5.783330
2084107,"Farmington Acres",3557,233,"17T","17T2H1S3Q",1,2015-02-02 17:31:46.8630000,4119622,0,0,2026-09-24 23:04:14.7730000,42.445040,-83.385490
2637257,"Eden",978,77,"30U","30U1H1S3Q",1,2024-11-18 09:13:08.4500000,169772,0,0,2026-09-24 23:04:34.4070000,54.724900,-5.772500
2151867,"Cedar Mills",457,38,"17T","17T2H3S1Q",2,2026-09-24 22:44:34.5730000,0,5910,0,2026-09-24 23:05:40.6730000,43.916810,-79.799640
2559800,"Etwall",979,77,"30U","30U1H6S3Q",2,2024-07-21 01:14:30.5800000,0,52696,0,2026-09-24 23:05:44.1930000,52.883530,-1.600230
2559503,"Burnaston",979,77,"30U","30U1H6S3Q",2,2024-10-28 17:28:59.9770000,0,17289,0,2026-09-24 23:06:48.5770000,52.883330,-1.566670
1659155,"Newberry Springs",3567,233,"11S","11S2H2S4Q",1,2026-09-03 18:20:18.3330000,311415,0,0,2026-09-24 23:07:12.1070000,34.827210,-116.688360
1927872,"Busenbark",3563,233,"16S","16S1H3S2Q",1,2026-09-24 23:09:21.3230000,1862,0,0,2026-09-24 23:09:23.8770000,39.465610,-84.485500
1926136,"Woodsdale",3563,233,"16S","16S1H3S2Q",1,2026-09-24 23:09:33.7230000,785,0,0,2026-09-24 23:09:33.7230000,39.434500,-84.475780
1888268,"Glasgow Village",3543,233,"15S","15S1H3S4Q",2,2026-09-21 18:52:11.3070000,1551,1226330,1024252,2026-09-24 23:09:42.8930000,38.753660,-90.198440
2292902,"Kloten / Kloten (Zentrum)",503,43,"32T","32T1H2S1Q",3,2026-07-23 16:39:34.4870000,0,0,3097672,2026-09-24 23:10:18.5600000,47.451340,8.586830
2292500,"Neuenhof",528,43,"32T","32T1H2S1Q",3,2023-02-21 02:34:11.1100000,0,0,1607249,2026-09-24 23:10:39.5170000,47.450000,8.316670
1933330,"Westfall",3563,233,"17S","17S1H1S2Q",3,2020-10-19 16:19:55.3900000,0,0,1540942,2026-09-24 23:12:11.4100000,39.558120,-82.999070
2318333,"Forest Glade",3578,233,"10T","10T1H3S1Q",3,2026-09-24 23:12:19.8470000,0,0,672,2026-09-24 23:12:19.8470000,47.981490,-121.973180
2320779,"Hyland",3578,233,"10U","10U2H5S4Q",3,2026-09-24 23:12:26.9530000,0,0,724,2026-09-24 23:12:26.9530000,48.027040,-122.030690
2037380,"Horta-Guinardo",909,68,"31T","31T2H5S1Q",3,2023-07-26 15:40:50.8200000,0,611,1330848,2026-09-24 23:13:23.8500000,41.418490,2.167700
1920019,"Country Acres",3563,233,"16S","16S1H3S2Q",1,2026-09-24 23:12:57.7500000,2068,0,0,2026-09-24 23:14:19.2530000,39.326940,-84.365000
2559501,"Milwich",979,77,"30U","30U1H5S4Q",2,2020-07-22 09:08:13.9900000,0,101085,0,2026-09-24 23:14:50.2930000,52.883330,-2.050000
1919635,"Pisgah",3563,233,"16S","16S1H3S2Q",1,2026-09-24 23:16:04.7670000,1250,0,0,2026-09-24 23:16:04.7670000,39.318390,-84.368830
1599472,"Athens",3539,233,"17S","17S2H4S1Q",1,2024-04-20 03:23:04.5000000,1844436,0,0,2026-09-24 23:16:14.0400000,33.960950,-83.377940
2447293,"Saive",255,20,"31U","31U2H3S4Q",1,2023-08-18 14:39:29.5170000,101899,0,0,2026-09-24 23:16:47.1170000,50.653000,5.682360
9420,"Wagga Wagga",143,13,"55H","55H1H5S4Q",2,2013-04-05 11:03:40.4800000,0,735998740,0,2026-09-24 23:16:53.7600000,-35.116670,147.366670
1511081,"Sand Lake",3549,233,"14S","14S2H6S4Q",3,2026-09-24 23:17:30.1600000,0,0,845,2026-09-24 23:17:30.1600000,32.429590,-96.492760
1507857,"Telico",3549,233,"14S","14S2H6S4Q",3,2026-09-24 23:17:35.1000000,0,0,1113,2026-09-24 23:17:35.1030000,32.372090,-96.512490
2214344,"Oatfield",3576,233,"10T","10T1H5S2Q",2,2024-02-10 04:13:45.6130000,0,2864043,0,2026-09-24 23:17:35.8330000,45.414180,-122.600070
1506208,"Creechville",3549,233,"14S","14S2H6S4Q",3,2026-09-24 23:17:40.6730000,0,0,842,2026-09-24 23:17:40.6730000,32.342640,-96.529150
1503151,"Alma",3549,233,"14S","14S2H6S4Q",3,2026-09-24 23:17:44.5600000,0,0,1054,2026-09-24 23:17:44.5600000,32.285420,-96.546100
1501715,"Oak Grove",3549,233,"14S","14S2H6S4Q",3,2026-09-24 23:17:50.5600000,0,0,1056,2026-09-24 23:17:50.5600000,32.259310,-96.583600
1502001,"Ensign",3549,233,"14S","14S2H6S4Q",3,2026-09-24 23:17:57.4900000,0,0,668,2026-09-24 23:17:57.4900000,32.265420,-96.615540
1387313,"Monaville",3549,233,"14R","14R1H6S2Q",1,2013-10-22 13:38:07.4970000,19588322,0,0,2026-09-24 23:18:14.9930000,29.950780,-96.038850
2140211,"Remus",3557,233,"16T","16T2H3S1Q",1,2026-09-24 23:18:09.6230000,2274,0,0,2026-09-24 23:18:18.3900000,43.596700,-85.144750
1391893,"Pine Island",3549,233,"14R","14R1H3S4Q",1,2016-12-10 20:17:34.9330000,12635721,0,0,2026-09-24 23:18:19.8100000,30.058000,-96.037460
2076126,"West Ware",3583,233,"18T","18T2H3S4Q",1,2010-01-01 00:00:00.0000000,530168,0,0,2026-09-24 23:18:25.0170000,42.273150,-72.330080
2502697,"Doornhoek",2270,167,"31U","31U2H3S2Q",1,2024-12-10 10:22:15.0470000,6451131,2100,3549298,2026-09-24 23:18:30.9970000,51.681670,5.406940
2203750,"North Manitou",3557,233,"16T","16T1H6S1Q",1,2026-09-24 23:18:34.3470000,2207,0,0,2026-09-24 23:18:48.4370000,45.120260,-85.979260
2195008,"Port Oneida",3557,233,"16T","16T1H6S3Q",1,2026-09-24 23:18:38.4130000,2197,0,0,2026-09-24 23:18:52.3600000,44.947770,-85.945650
2201728,"Ahgosatown",3557,233,"16T","16T1H6S1Q",1,2026-09-24 23:19:01.8700000,1018,0,0,2026-09-24 23:19:01.8700000,45.081110,-85.591750
2290313,"Pestimre",1222,100,"34T","34T1H1S2Q",1,2010-01-01 00:00:00.0000000,519520,0,0,2026-09-24 23:19:05.1400000,47.400000,19.200000
2200630,"Omena",3557,233,"16T","16T1H6S1Q",1,2026-09-24 23:19:05.3230000,1019,0,0,2026-09-24 23:19:05.3230000,45.055560,-85.588970
2199062,"Peshawbestown",3557,233,"16T","16T1H6S1Q",1,2026-09-24 23:19:08.6630000,982,0,128,2026-09-24 23:19:08.6630000,45.024170,-85.600920
2194103,"Keswick",3557,233,"16T","16T1H6S3Q",1,2026-09-24 23:19:14.7000000,1023,0,0,2026-09-24 23:19:14.7000000,44.928890,-85.653690
2192364,"Leelanau Shores",3557,233,"16T","16T1H6S3Q",1,2026-09-24 23:19:19.5930000,1022,0,119,2026-09-24 23:19:19.5930000,44.892220,-85.693420
2191527,"Bingham",3557,233,"16T","16T1H6S3Q",1,2026-09-24 23:19:23.1870000,985,0,116,2026-09-24 23:19:23.1870000,44.875830,-85.674250
2448166,"Hacboister",255,20,"31U","31U2H3S4Q",1,2024-04-01 16:26:50.8030000,2116,0,0,2026-09-24 23:19:31.9070000,50.666830,5.742660
2191580,"Isadore",3557,233,"16T","16T1H6S3Q",1,2026-09-24 23:19:55.5330000,1021,0,0,2026-09-24 23:19:55.5330000,44.877780,-85.773700
1781575,"Turkey Creek",3582,233,"17S","17S1H4S3Q",1,2026-09-24 23:19:58.8800000,1443,0,300,2026-09-24 23:19:58.8800000,36.865980,-83.789660
2190605,"Heimforth",3557,233,"16T","16T1H6S3Q",1,2026-09-24 23:20:01.2700000,978,0,22,2026-09-24 23:20:01.2700000,44.857500,-85.708970
2189496,"Fouch",3557,233,"16T","16T1H6S3Q",1,2026-09-24 23:20:06.2330000,979,0,174,2026-09-24 23:20:06.2330000,44.833890,-85.721190
2188986,"Hatchs",3557,233,"16T","16T1H6S3Q",1,2026-09-24 23:20:10.5100000,300,0,199,2026-09-24 23:20:10.5100000,44.826940,-85.681190
1776972,"Fourmile",3582,233,"17S","17S1H4S3Q",1,2026-09-24 23:20:12.2730000,1046,0,0,2026-09-24 23:20:12.2730000,36.793420,-83.741860
2186460,"Acme",3557,233,"16T","16T1H6S3Q",1,2026-09-24 23:20:42.7830000,1028,0,0,2026-09-24 23:20:42.7830000,44.771950,-85.501460
2185157,"Fivemile Corner",3557,233,"16T","16T1H6S3Q",1,2026-09-24 23:20:46.1200000,1027,0,0,2026-09-24 23:20:46.1200000,44.746670,-85.522850
2523167,"Ranzig",713,57,"33U","33U1H5S3Q",3,2026-09-18 22:54:58.2770000,0,0,10664,2026-09-24 23:20:50.0300000,52.116670,14.200000
2182464,"Devils Elbow",3557,233,"16T","16T1H6S3Q",1,2026-09-24 23:20:50.2730000,1032,0,0,2026-09-24 23:20:50.2730000,44.686670,-85.482010
2181751,"Jacks Landing",3557,233,"16T","16T1H6S3Q",1,2026-09-24 23:20:56.4400000,945,0,117,2026-09-24 23:20:56.4400000,44.672500,-85.454230
1344247,"Markham",3538,233,"17R","17R1H5S3Q",3,2026-09-24 23:21:11.6270000,0,0,1429,2026-09-24 23:21:11.6270000,28.793050,-81.393680
2192945,"Glen Haven",3557,233,"16T","16T1H5S4Q",1,2026-09-24 23:21:13.2830000,1012,0,0,2026-09-24 23:21:13.2830000,44.901940,-86.027590
2453084,"Roclenge-sur-Geer",255,20,"31U","31U2H3S4Q",1,2026-06-07 16:40:23.2970000,101929,0,0,2026-09-24 23:21:25.0070000,50.755800,5.596040
1776470,"Perkins",3582,233,"16S","16S1H6S4Q",1,2026-09-24 23:21:26.2500000,657,0,0,2026-09-24 23:21:26.2500000,36.783970,-84.060760
2185932,"Traverse City",3557,233,"16T","16T1H6S3Q",1,2026-09-24 23:19:28.3670000,2225,0,0,2026-09-24 23:21:40.4200000,44.763060,-85.620630
1789717,"Fletcher",3582,233,"17S","17S1H4S1Q",1,2026-09-24 23:21:44.8130000,1053,0,0,2026-09-24 23:21:44.8130000,37.005090,-83.970210
2188918,"Crystal Spring",3557,233,"16T","16T1H6S3Q",1,2026-09-24 23:19:42.6600000,1310,0,0,2026-09-24 23:21:45.6130000,44.824440,-85.648690
1785187,"Rossland",3582,233,"17S","17S1H4S3Q",1,2026-09-24 23:21:52.0270000,1029,0,0,2026-09-24 23:21:52.0270000,36.926200,-83.988540
1789999,"Tuttle",3582,233,"17S","17S1H4S1Q",1,2026-09-24 23:22:05.8730000,1561,0,0,2026-09-24 23:22:05.8730000,37.010370,-83.931590
1790614,"Woollum",3582,233,"17S","17S1H4S1Q",1,2026-09-24 23:22:25.2400000,1639,0,1154,2026-09-24 23:22:25.2400000,37.019810,-83.817420
1322830,"Holiday Manor",3538,233,"17R","17R1H5S3Q",2,2026-07-12 04:19:42.6400000,0,326955,301023,2026-09-24 23:22:25.9470000,28.159180,-81.686190
1793013,"Lincoln",3582,233,"17S","17S1H4S1Q",1,2026-09-24 23:22:35.7970000,1108,0,0,2026-09-24 23:22:35.7970000,37.057870,-83.739090
2503842,"Pont-y-pwl",976,77,"30U","30U2H2S1Q",3,2016-11-27 14:18:02.8070000,0,0,981254,2026-09-24 23:22:43.3600000,51.701110,-3.044440
1499012,"Rankin",3549,233,"14S","14S2H6S4Q",3,2026-09-24 23:23:23.4300000,0,0,1054,2026-09-24 23:23:23.4300000,32.205700,-96.706660
1498997,"Avalon",3549,233,"14S","14S2H6S4Q",3,2026-09-24 23:23:30.5100000,0,0,1048,2026-09-24 23:23:30.5100000,32.205430,-96.789990
1793460,"Mission Springs",3567,233,"10S","10S1H5S2Q",3,2010-01-01 00:00:00.0000000,0,0,1376904,2026-09-24 23:24:15.3370000,37.066340,-122.032460
1410744,"Jonestown",3549,233,"14R","14R1H3S3Q",2,2024-09-23 03:09:23.2970000,0,9149520,0,2026-09-24 23:24:19.3030000,30.495470,-97.923350
1656521,"North View",3545,233,"17S","17S2H3S3Q",3,2026-09-24 23:24:47.6630000,0,0,1138,2026-09-24 23:24:47.6630000,34.791550,-79.457820
1655156,"Norman Heights",3545,233,"17S","17S2H3S3Q",3,2026-09-24 23:24:54.4800000,0,0,1139,2026-09-24 23:24:54.4800000,34.772100,-79.473380
1655269,"Westland Forest",3545,233,"17S","17S2H3S3Q",3,2026-09-24 23:24:57.1930000,0,0,1139,2026-09-24 23:24:57.1930000,34.773770,-79.475050
1655791,"McLaurin Acres",3545,233,"17S","17S2H3S3Q",3,2026-09-24 23:25:00.7500000,0,0,1140,2026-09-24 23:25:00.7500000,34.782100,-79.480880
1655155,"Westwood",3545,233,"17S","17S2H3S3Q",3,2026-09-24 23:25:03.9200000,0,0,1129,2026-09-24 23:25:03.9200000,34.772100,-79.485880
1654862,"Carolina Park",3545,233,"17S","17S2H3S3Q",3,2026-09-24 23:25:06.6570000,0,0,1140,2026-09-24 23:25:06.6570000,34.767660,-79.479210
1654587,"Scottsdale",3545,233,"17S","17S2H3S3Q",3,2026-09-24 23:25:09.5500000,0,0,1139,2026-09-24 23:25:09.5500000,34.765440,-79.486710
1510613,"Carlsbad",3569,233,"13S","13S2H5S4Q",2,2026-09-24 23:25:26.2500000,0,921,0,2026-09-24 23:25:26.2500000,32.420670,-104.228840
2532656,"Hoofddorp",2269,167,"31U","31U1H6S3Q",1,2015-10-06 10:29:50.3000000,2998571,0,7393,2026-09-24 23:26:07.3500000,52.302500,4.688890
12633,"Ultimo",143,13,"56H","56H1H1S4Q",2,2026-08-22 20:25:26.3800000,0,5083321,0,2026-09-24 23:26:19.0030000,-33.878820,151.197370
1577138,"Fairview Commons",3539,233,"17S","17S2H4S1Q",3,2026-09-24 23:26:12.0530000,105307087,1377,105316221,2026-09-24 23:26:21.7700000,33.611220,-83.943520
12629,"The Glebe",143,13,"56H","56H1H1S4Q",2,2026-09-05 21:37:44.4300000,0,4472567,0,2026-09-24 23:26:22.6900000,-33.879440,151.186390
12646,"Pyrmont",143,13,"56H","56H1H1S4Q",2,2026-08-19 01:04:18.7800000,0,3432922,0,2026-09-24 23:26:26.0100000,-33.869440,151.193890
12626,"Annandale",143,13,"56H","56H1H1S4Q",2,2026-09-10 02:01:28.2830000,0,3121241,0,2026-09-24 23:26:31.2270000,-33.883330,151.166670
1681630,"Indogco",3546,233,"14S","14S2H3S2Q",0,2010-01-01 00:00:00.0000000,0,0,0,2026-09-24 23:26:31.4930000,35.176740,-96.566130
1695426,"Okemah",3546,233,"14S","14S2H3S2Q",0,2010-01-01 00:00:00.0000000,0,0,0,2026-09-24 23:26:32.5500000,35.432590,-96.305010
1707340,"Mill Bridge",3545,233,"17S","17S2H2S2Q",0,2010-01-01 00:00:00.0000000,0,0,0,2026-09-24 23:26:33.6000000,35.646810,-80.637290
1708456,"Watson Village",3545,233,"17S","17S2H2S2Q",0,2010-01-01 00:00:00.0000000,0,0,0,2026-09-24 23:26:34.7800000,35.665700,-80.583950
1716888,"Eastover Acres",3545,233,"17S","17S2H2S2Q",0,2010-01-01 00:00:00.0000000,0,0,0,2026-09-24 23:26:36.1870000,35.810690,-80.869800
12625,"Leichhardt",143,13,"56H","56H1H1S4Q",2,2026-09-08 19:42:57.1230000,0,3310581,0,2026-09-24 23:26:37.1800000,-33.883330,151.150000
1718406,"Danbury Forest",3545,233,"17S","17S2H2S2Q",0,2010-01-01 00:00:00.0000000,0,0,0,2026-09-24 23:26:37.8230000,35.837360,-80.856460
1722864,"Charles",3545,233,"17S","17S2H2S2Q",0,2010-01-01 00:00:00.0000000,0,0,0,2026-09-24 23:26:39.0970000,35.914020,-80.872020
12744,"Abbotsford",143,13,"56H","56H1H1S4Q",2,2026-09-11 00:10:47.1270000,0,3120736,0,2026-09-24 23:26:39.6800000,-33.850000,151.133330
12804,"Hunters Hill",143,13,"56H","56H1H1S4Q",2,2026-09-22 02:06:02.3900000,0,3144568,0,2026-09-24 23:26:42.9570000,-33.833330,151.140830
1447347,"Avon",3551,233,"16R","16R1H3S1Q",2,2013-08-10 15:56:02.6270000,153324,2088383,0,2026-09-24 23:28:33.2670000,31.189340,-85.286040
2524839,"Dammendorf",713,57,"33U","33U1H5S3Q",3,2026-09-18 15:22:23.6270000,0,0,10667,2026-09-24 23:29:50.5400000,52.150000,14.416670
1539782,"Avondale",3549,233,"14S","14S2H6S3Q",3,2015-10-04 17:26:59.2800000,0,0,1267374,2026-09-24 23:29:51.7900000,32.967900,-97.420580
2421987,"Ovcin",698,56,"33U","33U2H2S3Q",1,2020-06-05 17:54:16.1100000,240008,0,0,2026-09-24 23:30:43.4900000,50.150000,14.483330
2034332,"L'Hospitalet de Llobregat",909,68,"31T","31T2H5S1Q",3,2024-03-17 09:35:58.5070000,0,115729,3420020,2026-09-24 23:32:13.5900000,41.359670,2.100280
2049084,"Dune Acres",3555,233,"16T","16T2H5S1Q",3,2026-09-10 13:32:50.5870000,0,0,959534,2026-09-24 23:33:01.9670000,41.649480,-87.085870
2188149,"Solon",3557,233,"16T","16T1H6S3Q",1,2026-09-24 23:33:58.5100000,1027,0,0,2026-09-24 23:33:58.5100000,44.809440,-85.761190
2193376,"Leelanau Schools",3557,233,"16T","16T1H6S3Q",3,2026-06-01 03:01:01.0030000,7500,0,21960,2026-09-24 23:34:16.4430000,44.915270,-85.970920
2314017,"Larimers Corner",3578,233,"10T","10T1H2S2Q",1,2010-01-01 00:00:00.0000000,4736910,0,0,2026-09-24 23:34:20.4900000,47.891760,-122.144570
1680669,"Bataan",3545,233,"17S","17S2H3S2Q",2,2026-09-24 23:34:49.5970000,0,749,0,2026-09-24 23:34:49.5970000,35.160720,-78.974190
1682513,"Manchester",3545,233,"17S","17S2H3S2Q",2,2026-09-24 23:34:53.6170000,0,750,0,2026-09-24 23:34:53.6170000,35.192660,-78.986420
1681191,"Spring Lake",3545,233,"17S","17S2H3S2Q",2,2026-09-24 23:34:57.6930000,0,897,0,2026-09-24 23:34:57.6930000,35.167940,-78.972810
2034064,"Almeda i Can Mercader",909,68,"31T","31T2H5S1Q",3,2024-08-16 14:18:13.5730000,0,300,99519,2026-09-24 23:35:02.2400000,41.351200,2.090500
2451478,"Haccourt",255,20,"31U","31U2H3S4Q",2,2025-03-22 10:29:22.4870000,0,1959031,0,2026-09-24 23:35:30.8970000,50.732720,5.669440
2155850,"College Hill",3576,233,"10T","10T1H5S3Q",1,2025-06-30 03:00:56.4800000,10967606,0,517,2026-09-24 23:35:41.6200000,44.030960,-123.098140
2448208,"Barchon",255,20,"31U","31U2H3S4Q",1,2024-04-01 16:27:10.5100000,102016,0,0,2026-09-24 23:35:54.9900000,50.668340,5.696880
2147430,"Mill Camp",3576,233,"10T","10T2H2S1Q",3,2026-09-24 23:36:01.2500000,0,0,8750,2026-09-24 23:36:11.8900000,43.795680,-123.227590
1726630,"Texas Acres",3570,233,"11S","11S2H3S2Q",2,2014-08-18 05:19:33.3100000,0,22779564,0,2026-09-24 23:36:14.1200000,35.974980,-114.913040
2145494,"Comstock",3576,233,"10T","10T2H2S1Q",0,2026-09-24 23:36:23.3470000,0,0,0,2026-09-24 23:36:23.3470000,43.739290,-123.186470
1726819,"Boulder City",3570,233,"11S","11S2H3S2Q",2,2014-08-26 21:22:15.2270000,0,21684191,0,2026-09-24 23:36:28.2600000,35.978590,-114.832490
2204677,"Unionvale",3576,233,"10T","10T1H5S1Q",2,2025-12-05 07:06:45.3900000,0,5546651,0,2026-09-24 23:36:30.7200000,45.143170,-123.060660
2564387,"Osmaston",979,77,"30U","30U1H6S3Q",2,2026-09-17 09:32:14.9330000,0,60586,0,2026-09-24 23:36:39.8000000,52.983330,-1.700000
2069374,"Hubbard Woods",3554,233,"16T","16T2H2S3Q",1,2026-09-24 21:36:02.8800000,13019,4653,0,2026-09-24 23:37:00.4730000,42.115580,-87.742840
2558708,"Sandon",979,77,"30U","30U1H5S4Q",2,2020-07-22 09:08:07.6170000,0,70296,0,2026-09-24 23:37:27.8800000,52.866670,-2.083330
2553152,"Dunston",979,77,"30U","30U1H5S4Q",2,2025-08-31 20:02:30.3770000,0,64906,0,2026-09-24 23:38:09.9530000,52.750000,-2.100000
2145388,"Gap",3576,233,"10T","10T2H2S1Q",0,2026-09-24 23:39:10.9370000,0,0,0,2026-09-24 23:39:10.9370000,43.735680,-123.055910
2144859,"Curtin",3576,233,"10T","10T2H2S1Q",3,2026-09-24 23:39:18.1330000,0,0,1040,2026-09-24 23:39:18.1330000,43.722340,-123.212030
1389325,"Kyle",3549,233,"14R","14R1H6S1Q",2,2026-09-03 02:00:02.2130000,0,2119436,0,2026-09-24 23:39:24.3100000,29.998350,-97.871530
2135882,"Speculator",3562,233,"18T","18T2H2S2Q",2,2026-09-24 23:39:35.5900000,0,9686,0,2026-09-24 23:39:51.9630000,43.497290,-74.361810
2280413,"Bettlach",510,43,"32T","32T1H1S2Q",2,2026-09-24 07:06:47.1300000,0,972833,0,2026-09-24 23:40:19.1970000,47.200620,7.424050
2030337,"Green Meadows",3559,233,"14T","14T2H6S2Q",2,2025-08-01 07:18:21.2730000,0,1200569,0,2026-09-24 23:41:19.9100000,41.278890,-96.128910
1912768,"Town Hill",3555,233,"16S","16S1H2S2Q",2,2013-09-04 23:27:11.1270000,0,13865991,0,2026-09-24 23:42:48.4430000,39.198100,-86.246660
1897325,"Sutton Place",3536,233,"18S","18S1H1S3Q",1,2015-06-03 11:26:23.0300000,988945,0,328039,2026-09-24 23:43:07.6630000,38.931500,-77.081640
2043131,"Esparreguera",909,68,"31T","31T2H4S2Q",3,2017-09-23 18:49:30.5070000,0,600,491839,2026-09-24 23:43:25.4000000,41.533330,1.866670
2479888,"Wommelgem",256,20,"31U","31U2H3S1Q",1,2026-08-21 02:26:11.1700000,238184,0,0,2026-09-24 23:43:26.5800000,51.204520,4.522500
1886106,"Green Valley Acres",3567,233,"10S","10S1H3S3Q",2,2012-08-12 02:18:14.0800000,0,3322390,391740,2026-09-24 23:43:42.0700000,38.712400,-121.071890
2450412,"Juprelle",255,20,"31U","31U2H3S4Q",1,2024-08-11 17:59:08.5330000,103726,0,0,2026-09-24 23:44:05.2200000,50.711680,5.530510
2452197,"Dalle",255,20,"31U","31U2H3S4Q",1,2025-08-16 01:56:24.3100000,1314,0,0,2026-09-24 23:44:13.9870000,50.740310,5.550070
2042415,"Abrera",909,68,"31T","31T2H4S2Q",3,2017-10-18 10:30:40.8300000,0,300,499432,2026-09-24 23:44:17.8800000,41.516820,1.901000
2452533,"Bas Slins",255,20,"31U","31U2H3S4Q",1,2026-09-09 06:41:50.6030000,33493,0,0,2026-09-24 23:44:19.0470000,50.750000,5.566670
2452454,"Glons",255,20,"31U","31U2H3S4Q",1,2026-09-09 06:41:55.4070000,2235,0,0,2026-09-24 23:44:23.0270000,50.749860,5.552040
2565285,"Mayfield",979,77,"30U","30U1H6S3Q",2,2024-05-16 09:31:37.8630000,0,63502,0,2026-09-24 23:44:42.8430000,53.000000,-1.766670
2528168,"Nuggelsberg",713,57,"33U","33U1H5S3Q",3,2026-09-18 15:22:34.2500000,0,0,11048,2026-09-24 23:45:45.4070000,52.216670,14.433330
1723980,"Riley",3545,233,"17S","17S2H3S2Q",3,2026-09-24 23:45:41.6600000,0,0,2082,2026-09-24 23:46:25.2170000,35.931540,-78.353050
1715614,"Cobblestone",3545,233,"17S","17S2H3S2Q",3,2026-02-21 13:14:27.6030000,0,1086,21920,2026-09-24 23:46:26.4730000,35.789320,-78.353890
2064770,"Elk Grove",3554,233,"16T","16T2H2S3Q",1,2025-04-14 19:31:13.4330000,744489,0,0,2026-09-24 23:47:06.2730000,42.007250,-87.940340
2521507,"Niewisch",713,57,"33U","33U1H5S3Q",3,2026-09-18 22:55:08.1230000,0,0,8152,2026-09-24 23:47:06.7770000,52.083330,14.233330
1819684,"East Palo Alto",3567,233,"10S","10S1H5S2Q",1,2025-04-07 21:03:18.6170000,2289383,0,100223,2026-09-24 23:47:16.7200000,37.468830,-122.141080
1690715,"Moore",3546,233,"14S","14S2H3S1Q",2,2010-01-01 00:00:00.0000000,0,1966027,0,2026-09-24 23:47:46.7530000,35.339510,-97.486700
1701910,"Rockwell",3545,233,"17S","17S2H2S2Q",1,2010-01-01 00:00:00.0000000,300,0,0,2026-09-24 23:48:36.3830000,35.551250,-80.406450
1701925,"Shupings Mill",3545,233,"17S","17S2H2S2Q",3,2010-01-01 00:00:00.0000000,300,0,305,2026-09-24 23:48:37.4200000,35.551530,-80.481450
1703219,"Crescent",3545,233,"17S","17S2H2S2Q",0,2010-01-01 00:00:00.0000000,0,0,0,2026-09-24 23:48:38.4630000,35.575420,-80.420060
1792617,"Scotts Valley",3567,233,"10S","10S1H5S2Q",3,2026-09-23 04:02:55.6370000,0,0,1210692,2026-09-24 23:49:30.9700000,37.051060,-122.014680
2138299,"Sioux Falls",3577,233,"14T","14T2H3S2Q",2,2013-04-15 23:15:01.0930000,0,590781209,0,2026-09-24 23:50:13.2570000,43.549970,-96.700330
2175576,"Lebanon",3576,233,"10T","10T1H5S4Q",3,2026-09-24 23:49:42.8600000,0,0,9479,2026-09-24 23:50:59.2770000,44.536510,-122.907030
1551493,"Minchin",3549,233,"14S","14S2H6S1Q",3,2015-09-29 10:58:40.5300000,17965,0,3415148,2026-09-24 23:51:14.5700000,33.179290,-97.153620
1885888,"Franciscan Village",3567,233,"10S","10S1H3S3Q",2,2012-08-12 05:36:22.4930000,0,3894484,0,2026-09-24 23:51:24.7200000,38.706850,-121.081610
1595845,"Crystal Hills",3539,233,"17S","17S2H4S1Q",1,2013-09-27 01:38:21.3700000,836271,0,0,2026-09-24 23:51:57.0000000,33.907340,-83.417100
1878674,"Mayhew",3567,233,"10S","10S1H3S3Q",2,2013-03-31 23:54:34.2830000,0,2035859,1486859,2026-09-24 23:52:38.7400000,38.565180,-121.350780
1543200,"Hebron",3549,233,"14S","14S2H6S2Q",3,2023-11-08 23:00:16.6500000,0,0,35240116,2026-09-24 23:52:48.1730000,33.026510,-96.863610
1686022,"Linden",3545,233,"17S","17S2H3S2Q",3,2026-09-24 23:53:04.5800000,0,0,1163,2026-09-24 23:53:04.5800000,35.254890,-78.747240
1680767,"Wade",3545,233,"17S","17S2H3S2Q",3,2026-09-24 23:53:09.3200000,0,0,1160,2026-09-24 23:53:09.3200000,35.162940,-78.736130
1681663,"Slocomb",3545,233,"17S","17S2H3S2Q",3,2026-09-24 23:53:14.4600000,0,0,1164,2026-09-24 23:53:14.4600000,35.177390,-78.823640
2222415,"Saint-Amable",459,38,"18T","18T1H6S1Q",1,2026-08-17 19:40:07.6100000,150864,0,0,2026-09-24 23:53:14.6870000,45.650080,-73.299160
12582,"Surry Hills",143,13,"56H","56H1H1S4Q",2,2026-09-24 04:39:38.9000000,0,1459612,0,2026-09-24 23:54:03.6430000,-33.886110,151.214440
2154845,"Whitchurch-Stouffville",457,38,"17T","17T1H6S3Q",2,2013-10-09 21:12:39.0130000,0,7549700,0,2026-09-24 23:54:03.7830000,44.000120,-79.316300
13707,"Mount Irvine",143,13,"56H","56H1H1S3Q",3,2025-01-01 03:30:04.4930000,0,4137,105388,2026-09-24 23:54:05.6770000,-33.500000,150.466670
13706,"Mount Wilson",143,13,"56H","56H1H1S3Q",2,2026-09-24 23:54:13.1170000,0,1090,0,2026-09-24 23:54:13.1170000,-33.500000,150.383330
13493,"Mount Victoria",143,13,"56H","56H1H1S3Q",2,2026-09-24 23:54:37.8000000,0,2074,0,2026-09-24 23:54:37.8000000,-33.583330,150.250000
2076264,"Ann Arbor",3557,233,"17T","17T2H1S3Q",1,2016-07-16 20:11:44.6630000,44518182,0,0,2026-09-24 23:54:40.2130000,42.277560,-83.740880
2361103,"Salt Spring Island",451,38,"10U","10U2H5S3Q",3,2016-09-25 21:23:35.0800000,0,0,2117109,2026-09-24 23:54:55.7630000,48.817260,-123.510020
1778023,"Ridgemark",3567,233,"10S","10S1H6S3Q",1,2024-09-17 02:32:37.9600000,321689,0,61074,2026-09-24 23:55:35.3200000,36.808250,-121.362250
1743311,"Millers Ranch",3567,233,"10S","10S1H6S3Q",1,2026-09-24 23:55:42.3600000,918,0,0,2026-09-24 23:55:42.3600000,36.251910,-121.429930
1744075,"Sycamore Flat",3567,233,"10S","10S1H6S3Q",1,2026-09-24 23:55:53.8500000,919,0,0,2026-09-24 23:55:53.8500000,36.266630,-121.393540
1752231,"Harlem",3567,233,"10S","10S1H6S3Q",1,2026-09-24 23:56:08.3770000,936,0,0,2026-09-24 23:56:08.3770000,36.399130,-121.253540
1749558,"Metz",3567,233,"10S","10S1H6S3Q",1,2026-09-24 23:56:21.8570000,938,0,0,2026-09-24 23:56:21.8570000,36.354970,-121.211590
1747458,"Greenfield",3567,233,"10S","10S1H6S3Q",1,2026-09-24 23:56:35.2030000,936,0,0,2026-09-24 23:56:35.2030000,36.320800,-121.243810
1729410,"Lucia",3567,233,"10S","10S1H6S3Q",1,2026-09-24 23:56:50.6400000,918,0,0,2026-09-24 23:56:50.6400000,36.020790,-121.550500
1724021,"Gorda",3567,233,"10S","10S2H3S1Q",1,2026-09-24 23:56:58.3470000,922,0,0,2026-09-24 23:56:58.3470000,35.932460,-121.468820
1723021,"Plaskett",3567,233,"10S","10S2H3S1Q",1,2026-09-24 23:57:04.0000000,922,0,0,2026-09-24 23:57:04.0000000,35.916630,-121.468820
2113015,"Camillus",3562,233,"18T","18T2H1S2Q",1,2023-09-15 14:08:10.3630000,62476,0,0,2026-09-24 23:57:13.1300000,43.039230,-76.304100
1728790,"Hunter-Liggett",3567,233,"10S","10S1H6S3Q",1,2026-09-24 23:57:15.2270000,1288,0,0,2026-09-24 23:57:15.2270000,36.010240,-121.238540
2296333,"Dunlap",3578,233,"10T","10T1H2S2Q",1,2020-02-19 17:09:49.5230000,3996590,0,0,2026-09-24 23:57:28.3100000,47.531490,-122.269570
1955433,"Quincy",3554,233,"15S","15S1H3S1Q",1,2019-02-19 04:40:57.4730000,269490474,0,0,2026-09-24 23:57:45.5370000,39.935600,-91.409870
1379509,"Houston",3549,233,"15R","15R1H4S1Q",2,2020-12-17 05:05:35.4930000,0,15401540,0,2026-09-24 23:58:37.1870000,29.763280,-95.363270
2295449,"Southworth",3578,233,"10T","10T1H2S2Q",1,2013-08-08 02:27:56.8100000,55000511,1088,0,2026-09-24 23:58:45.5000000,47.512040,-122.501800
1680495,"Woodbridge",3545,233,"17S","17S2H3S2Q",3,2026-09-24 23:59:04.9830000,0,0,1164,2026-09-24 23:59:04.9830000,35.157110,-78.891410
1679644,"Ascot II",3545,233,"17S","17S2H3S2Q",3,2026-09-24 23:59:09.8000000,0,0,1164,2026-09-24 23:59:09.8000000,35.143220,-78.877530
1976150,"Hillymeade",3584,233,"18T","18T2H4S4Q",3,2024-08-03 08:05:02.1630000,233662,0,889762,2026-09-24 23:59:20.7230000,40.304260,-76.739690
1727046,"Harris Crossroads",3545,233,"17S","17S2H3S2Q",3,2026-09-24 23:47:32.6300000,0,0,1664,2026-09-24 23:59:55.2470000,35.982370,-78.382220
1886871,"King Farms",3567,233,"10S","10S1H3S3Q",3,2026-09-14 22:25:54.1200000,0,260958,2251030,2026-09-25 00:00:13.9200000,38.726570,-121.691350
2017715,"Besiktas",3348,225,"35T","35T2H6S2Q",3,2023-07-29 10:46:32.3670000,0,0,326943,2026-09-25 00:00:17.1570000,41.045410,29.009910
1716526,"Woodcrest",3545,233,"17S","17S2H3S2Q",3,2026-09-24 03:37:28.6700000,0,0,294848,2026-09-25 00:00:23.0030000,35.803760,-78.612230
1887751,"Cedar Grove",3567,233,"10S","10S1H3S4Q",3,2025-12-29 23:09:22.4930000,0,0,621515,2026-09-25 00:00:32.6970000,38.744630,-120.656870
1555841,"Flovilla",3539,233,"17S","17S2H4S1Q",3,2013-07-11 23:47:22.8370000,0,0,4620987,2026-09-25 00:00:37.7100000,33.253730,-83.898520
1527991,"Arcadia Park",3549,233,"14S","14S2H6S4Q",3,2023-11-04 02:37:59.3370000,0,0,4623262,2026-09-25 00:00:37.8600000,32.749580,-96.910560
1568444,"Dunaway Gardens",3539,233,"16S","16S2H6S2Q",1,2013-01-01 15:20:04.8500000,94753,0,3000,2026-09-25 00:00:40.4430000,33.478450,-84.819100
31306,"Myora",142,13,"56J","56J1H5S4Q",2,2026-09-25 00:00:41.4800000,0,733,0,2026-09-25 00:00:41.4800000,-27.483330,153.416670
31241,"Dunwich",142,13,"56J","56J1H5S4Q",2,2026-09-25 00:00:46.4970000,0,897,0,2026-09-25 00:00:46.4970000,-27.500000,153.400000
1738567,"Las Vegas",3570,233,"11S","11S1H6S3Q",2,2014-01-06 05:24:19.2230000,0,157840267,0,2026-09-25 00:00:50.1600000,36.174970,-115.137220
2363537,"Neuilly-sur-Seine",955,75,"31U","31U2H5S3Q",3,2022-01-27 22:19:47.9170000,0,116734,413646,2026-09-25 00:01:09.6330000,48.883330,2.266670
13034,"Pittwater",143,13,"56H","56H1H1S3Q",3,2017-09-10 20:55:45.7200000,0,1758,2267246,2026-09-25 00:01:09.7630000,-33.750000,150.700000
2018732,"Slippery Rock",3584,233,"17T","17T2H5S2Q",3,2022-09-07 20:25:13.1600000,0,0,517117,2026-09-25 00:01:20.7030000,41.063950,-80.056450
