ZoneId,Description,RegionId,CountryId,UtmGrid,GridRef,ZoneControlState,DateCapturedUtc,LegionCount,SwarmCount,FacelessCount,LastUpdateDateUtc,Latitude,Longitude
1263099,"Jiu'an",592,48,"48R","48R2H3S3Q",2,2026-09-21 00:01:18.8830000,0,743,0,2026-09-21 00:01:18.8830000,26.516670,106.583330
1263612,"Zhongcaosi",592,48,"48R","48R2H3S3Q",2,2026-09-21 00:01:23.2830000,0,744,0,2026-09-21 00:01:23.2830000,26.533330,106.666670
686999,"Kidjague",3129,215,"33P","33P2H6S1Q",1,2026-09-21 00:01:23.5400000,1200,0,0,2026-09-21 00:01:23.5400000,9.421790,16.400330
1263202,"Xiaohe",592,48,"48R","48R2H3S3Q",2,2026-09-21 00:01:25.8270000,0,744,0,2026-09-21 00:01:25.8270000,26.520830,106.696110
1262599,"Guiyangnan",592,48,"48R","48R2H3S3Q",2,2026-09-21 00:01:28.8530000,0,744,0,2026-09-21 00:01:28.8530000,26.500000,106.733330
1262063,"Xiaobi",592,48,"48R","48R2H3S3Q",2,2026-09-21 00:01:31.5700000,0,744,0,2026-09-21 00:01:31.5700000,26.483330,106.766670
1261513,"Datu",592,48,"48R","48R2H3S3Q",2,2026-09-21 00:01:34.4130000,0,744,0,2026-09-21 00:01:34.4130000,26.466670,106.800000
678804,"Bayam",3133,215,"33P","33P2H6S1Q",1,2026-09-21 00:01:36.0000000,1200,0,0,2026-09-21 00:01:36.0000000,9.176820,16.391720
1260177,"Bimeng",592,48,"48R","48R2H3S3Q",2,2026-09-21 00:01:37.4230000,0,744,0,2026-09-21 00:01:37.4230000,26.425000,106.850000
1259371,"Shuichang",592,48,"48R","48R2H3S3Q",2,2026-09-21 00:01:40.9400000,0,744,0,2026-09-21 00:01:40.9400000,26.400000,106.766670
686520,"Kouri",3129,215,"33P","33P2H6S1Q",1,2026-09-21 00:01:43.6130000,1200,0,0,2026-09-21 00:01:43.6130000,9.406900,16.386600
9731,"Fullarton",138,13,"54H","54H1H4S1Q",2,2023-10-02 06:23:11.3000000,0,1896598,0,2026-09-21 00:01:50.7870000,-34.951000,138.629000
678235,"Tchaouen",3133,215,"33P","33P2H6S1Q",1,2026-09-21 00:01:52.7370000,1200,0,0,2026-09-21 00:01:52.7370000,9.160600,16.341500
690044,"Ninga",3129,215,"33P","33P2H6S1Q",1,2026-09-21 00:01:59.6200000,1200,0,0,2026-09-21 00:01:59.6200000,9.520970,16.356440
676488,"Koyo Mbassa",3133,215,"33P","33P2H6S1Q",1,2026-09-21 00:02:09.5770000,1200,0,0,2026-09-21 00:02:09.5770000,9.100200,16.369300
692192,"Goubou",3129,215,"33P","33P2H6S1Q",1,2026-09-21 00:02:18.5130000,1200,0,0,2026-09-21 00:02:18.5130000,9.589500,16.360800
676539,"Bitakara",3133,215,"33P","33P2H6S1Q",1,2026-09-21 00:02:27.3870000,1200,0,0,2026-09-21 00:02:27.3870000,9.103070,16.426280
689492,"Niere",3129,215,"33P","33P2H6S1Q",1,2026-09-21 00:02:33.8030000,1200,0,0,2026-09-21 00:02:33.8030000,9.502100,16.422900
2378443,"Maple Ridge",451,38,"10U","10U2H5S2Q",3,2013-01-08 02:54:01.0000000,0,0,6673407,2026-09-21 00:02:53.8970000,49.219390,-122.601930
86673,"Estancia Janama",351,29,"19K","19K1H5S4Q",2,2026-09-21 00:03:07.2000000,0,775,0,2026-09-21 00:03:07.2000000,-19.066670,-68.833330
86792,"Parajaya",351,29,"19K","19K1H5S4Q",2,2026-09-21 00:03:14.4330000,0,775,0,2026-09-21 00:03:14.4330000,-19.050000,-68.866670
86793,"Estancia Crusani",351,29,"19K","19K1H5S4Q",2,2026-09-21 00:03:17.0070000,0,775,0,2026-09-21 00:03:17.0070000,-19.050000,-68.833330
86674,"Estancia Tintakhaua",351,29,"19K","19K1H5S4Q",2,2026-09-21 00:03:20.0430000,0,775,0,2026-09-21 00:03:20.0430000,-19.066670,-68.783330
86920,"Estancia Jankho Jakke",351,29,"19K","19K1H5S4Q",2,2026-09-21 00:03:24.0270000,0,775,0,2026-09-21 00:03:24.0300000,-19.033330,-68.783330
1888514,"Granite Bay",3567,233,"10S","10S1H3S3Q",2,2015-10-19 19:42:12.4800000,0,4196183,300,2026-09-21 00:03:49.9930000,38.760080,-121.171620
1803534,"Coyote",3567,233,"10S","10S1H6S1Q",1,2025-03-25 00:49:08.6570000,1073048,0,0,2026-09-21 00:04:53.9030000,37.216610,-121.740500
1802340,"South Coyote",3567,233,"10S","10S1H6S1Q",1,2025-01-27 20:43:17.1270000,1011422,0,0,2026-09-21 00:04:57.8400000,37.198830,-121.721610
1801491,"Perry",3567,233,"10S","10S1H6S1Q",1,2024-11-30 09:03:54.6270000,1136174,0,0,2026-09-21 00:05:02.1300000,37.183560,-121.706340
1799259,"Madrone",3567,233,"10S","10S1H6S1Q",1,2024-10-31 00:57:36.4700000,1510914,0,0,2026-09-21 00:05:10.8470000,37.150500,-121.671610
1797756,"Morgan Hill",3567,233,"10S","10S1H6S1Q",1,2024-06-03 16:03:45.0930000,1909353,0,0,2026-09-21 00:05:15.2470000,37.130500,-121.654390
1794893,"San Martin",3567,233,"10S","10S1H6S1Q",1,2024-07-08 03:57:58.9570000,1232573,0,0,2026-09-21 00:05:19.3600000,37.084950,-121.610220
1795115,"San Martin",3567,233,"10S","10S1H6S1Q",1,2024-08-12 15:39:54.8200000,1139669,0,0,2026-09-21 00:05:22.1970000,37.089100,-121.594600
1393060,"Buda",3549,233,"14R","14R1H3S3Q",2,2020-06-25 03:25:12.4630000,0,579535,0,2026-09-21 00:06:50.9270000,30.085210,-97.840280
1389650,"Lytton Springs",3549,233,"14R","14R1H3S3Q",2,2026-09-21 00:07:25.1470000,0,4431,0,2026-09-21 00:07:45.9770000,30.004660,-97.612500
468043,"Kariatebike Village",1497,118,"59N","59N2H6S4Q",2,2026-09-21 00:09:31.6170000,0,1020,0,2026-09-21 00:09:31.6170000,0.404560,173.919880
467703,"Bangotantekabaia Village",1497,118,"59N","59N2H6S4Q",2,2026-09-21 00:09:34.9200000,0,1020,0,2026-09-21 00:09:34.9200000,0.378810,173.927310
467454,"Tebanga Village",1497,118,"59N","59N2H6S4Q",2,2026-09-21 00:09:44.5700000,0,1022,0,2026-09-21 00:09:44.5700000,0.357390,173.935290
467087,"Manoku Village",1497,118,"59N","59N2H6S4Q",2,2026-09-21 00:09:50.1170000,0,1022,0,2026-09-21 00:09:50.1170000,0.331980,173.938180
466881,"Kabangaki Village",1497,118,"59N","59N2H6S4Q",2,2026-09-21 00:09:50.7270000,0,1022,0,2026-09-21 00:09:50.7270000,0.313730,173.929410
459858,"Abamakoro Village",1497,118,"60M","60M1H1S1Q",2,2026-09-21 00:10:07.9770000,0,1024,0,2026-09-21 00:10:07.9770000,-0.546520,174.248650
451799,"Taboiaki Village",1497,118,"60M","60M1H2S3Q",2,2026-09-21 00:10:22.6170000,0,1017,0,2026-09-21 00:10:22.6170000,-1.368040,176.013620
451944,"Eriko Village",1497,118,"60M","60M1H2S3Q",2,2026-09-21 00:10:27.7200000,0,1017,0,2026-09-21 00:10:27.7200000,-1.359250,176.002240
12691,"Fairfield",143,13,"56H","56H1H1S3Q",3,2017-05-20 01:44:25.1800000,0,517,1147645,2026-09-21 00:11:01.0400000,-33.866670,150.950000
12621,"Villawood",143,13,"56H","56H1H1S3Q",3,2017-05-31 02:28:55.6800000,0,1034,1102073,2026-09-21 00:11:05.9100000,-33.883330,150.966670
12741,"Smithfield",143,13,"56H","56H1H1S3Q",3,2019-07-17 02:04:41.5300000,0,517,1291998,2026-09-21 00:11:06.4570000,-33.850000,150.933330
1259370,"Mengguan",592,48,"48R","48R2H3S3Q",2,2026-09-21 00:11:14.4070000,0,744,0,2026-09-21 00:11:14.4070000,26.400000,106.750000
1259949,"Huaxi",592,48,"48R","48R2H3S3Q",2,2026-09-21 00:11:18.1200000,0,744,0,2026-09-21 00:11:18.1200000,26.416670,106.666670
1261533,"Shiban",592,48,"48R","48R2H3S3Q",2,2026-09-21 00:11:21.0100000,0,744,0,2026-09-21 00:11:21.0100000,26.466940,106.597780
12508,"West Hoxton",143,13,"56H","56H1H1S3Q",3,2017-06-30 21:21:51.8300000,0,517,1233295,2026-09-21 00:11:23.5600000,-33.916670,150.850000
1262062,"Maiping",592,48,"48R","48R2H3S3Q",2,2026-09-21 00:11:23.9900000,0,917,0,2026-09-21 00:11:23.9900000,26.483330,106.533330
1262598,"Zhongba",592,48,"48R","48R2H3S3Q",2,2026-09-21 00:11:26.8900000,0,743,0,2026-09-21 00:11:26.8900000,26.500000,106.500000
13193,"Faulconbridge",143,13,"56H","56H1H1S3Q",3,2018-10-06 06:19:33.2700000,0,1034,1230292,2026-09-21 00:11:47.6800000,-33.700000,150.533330
13709,"Canoelands",143,13,"56H","56H1H1S4Q",2,2026-07-21 09:09:07.7030000,0,2250992,0,2026-09-21 00:12:00.9830000,-33.500000,151.066670
12744,"Abbotsford",143,13,"56H","56H1H1S4Q",2,2026-09-11 00:10:47.1270000,0,3121840,0,2026-09-21 00:12:23.0170000,-33.850000,151.133330
12625,"Leichhardt",143,13,"56H","56H1H1S4Q",2,2026-09-08 19:42:57.1230000,0,3224575,0,2026-09-21 00:12:29.4900000,-33.883330,151.150000
1991203,"Lennyville",3550,233,"17T","17T2H5S4Q",3,2023-01-09 10:36:33.0430000,300,0,96874,2026-09-21 00:12:38.4230000,40.601450,-80.630910
1991280,"Wellsville",3563,233,"17T","17T2H5S4Q",3,2015-06-08 21:14:16.0200000,2100,2461,1797891,2026-09-21 00:12:43.9570000,40.602840,-80.648960
1990584,"Vulcan",3563,233,"17T","17T2H5S4Q",3,2015-06-06 21:32:03.4300000,2700,0,63430,2026-09-21 00:12:58.4330000,40.592840,-80.666460
452123,"Teteirio Village",1497,118,"60M","60M1H1S4Q",2,2026-09-21 00:13:36.1770000,0,1017,0,2026-09-21 00:13:36.1770000,-1.343130,175.999260
452145,"Tabukiniberu Village",1497,118,"60M","60M1H1S4Q",2,2026-09-21 00:13:40.4270000,0,1017,0,2026-09-21 00:13:40.4270000,-1.337810,175.984490
381,"Kamahi",2329,172,"59G","59G2H4S1Q",2,2026-05-05 04:31:46.2700000,0,10958,0,2026-09-21 00:14:02.4030000,-46.333330,168.716670
1938632,"Cedar Lawn",3542,233,"18S","18S1H1S1Q",1,2026-09-21 00:14:16.6270000,1153,0,0,2026-09-21 00:14:16.6270000,39.649540,-77.764160
1937471,"Greenberry Hills",3542,233,"18S","18S1H1S1Q",1,2026-09-21 00:14:29.2030000,793,0,0,2026-09-21 00:14:29.2030000,39.628710,-77.754440
1937094,"Halfway Manor",3542,233,"18S","18S1H1S1Q",1,2026-09-21 00:14:37.5370000,751,0,0,2026-09-21 00:14:37.5370000,39.620930,-77.762770
1937082,"Halfway",3542,233,"18S","18S1H1S1Q",1,2026-09-21 00:14:43.3970000,807,0,0,2026-09-21 00:14:43.3970000,39.620650,-77.758880
2531809,"Kennett",979,77,"31U","31U1H4S3Q",1,2016-03-15 14:11:56.2730000,158423,2700,2948,2026-09-21 00:14:59.5470000,52.284960,0.487560
1939136,"Potomac Heights",3542,233,"18S","18S1H1S1Q",1,2026-09-21 00:15:02.6330000,1306,0,0,2026-09-21 00:15:02.6330000,39.656210,-77.700270
1937294,"Robinwood",3542,233,"18S","18S1H1S1Q",1,2026-09-21 00:15:24.2430000,818,0,0,2026-09-21 00:15:24.2430000,39.625000,-77.662500
1934464,"Doubs Mill",3542,233,"18S","18S1H1S1Q",1,2026-09-21 00:15:41.9470000,2296,153,0,2026-09-21 00:15:41.9470000,39.578150,-77.654160
31241,"Dunwich",142,13,"56J","56J1H5S4Q",2,2026-09-21 00:15:51.2700000,0,1304,0,2026-09-21 00:15:51.2700000,-27.500000,153.400000
31306,"Myora",142,13,"56J","56J1H5S4Q",2,2026-09-21 00:15:57.9870000,0,526,0,2026-09-21 00:15:57.9870000,-27.483330,153.416670
1989527,"Yellow Creek",3563,233,"17T","17T2H5S4Q",3,2022-06-27 23:49:41.9170000,300,0,106442,2026-09-21 00:17:09.6170000,40.574510,-80.667570
86921,"Estancia Matuta",351,29,"19K","19K1H5S4Q",2,2026-09-21 00:17:49.9830000,0,775,0,2026-09-21 00:17:49.9830000,-19.033330,-68.766670
87064,"Estancia Carcanchuni",351,29,"19K","19K1H5S4Q",2,2026-09-21 00:17:52.9670000,0,775,0,2026-09-21 00:17:52.9670000,-19.016670,-68.783330
87538,"Estancia Chunchunuri",351,29,"19K","19K1H5S2Q",2,2026-09-21 00:17:58.5200000,0,776,0,2026-09-21 00:17:58.5200000,-18.950000,-68.800000
87665,"Estancia Lliscaya",351,29,"19K","19K1H5S2Q",2,2026-09-21 00:17:59.7100000,0,776,0,2026-09-21 00:17:59.7100000,-18.933330,-68.883330
88537,"Estancia Quillviri",351,29,"19K","19K1H5S2Q",2,2026-09-21 00:18:08.6600000,0,777,0,2026-09-21 00:18:08.6600000,-18.820280,-68.918610
2006323,"Washington Heights",3562,233,"18T","18T2H6S3Q",1,2024-05-08 21:53:35.9370000,1233324,0,0,2026-09-21 00:18:36.6600000,40.850100,-73.935410
1724937,"Maishizha",574,48,"48S","48S2H1S1Q",2,2026-09-21 00:19:01.4630000,0,891,0,2026-09-21 00:19:01.4630000,35.948100,102.026220
1724423,"Magitang",574,48,"48S","48S2H1S1Q",2,2026-09-21 00:19:03.8900000,0,891,0,2026-09-21 00:19:03.8900000,35.938590,102.029680
1724341,"Lejian",574,48,"48S","48S2H1S1Q",2,2026-09-21 00:19:05.6030000,0,891,0,2026-09-21 00:19:05.6030000,35.936860,102.004090
1723167,"Yangjiang",574,48,"48S","48S2H1S1Q",2,2026-09-21 00:19:07.4800000,0,891,0,2026-09-21 00:19:07.4800000,35.917830,102.034730
1722106,"Yanadong",574,48,"48S","48S2H1S1Q",2,2026-09-21 00:19:12.5430000,0,891,0,2026-09-21 00:19:12.5430000,35.901360,102.054810
1722083,"Yazigai",574,48,"48S","48S2H1S1Q",2,2026-09-21 00:19:15.8230000,0,891,0,2026-09-21 00:19:15.8230000,35.900910,102.053620
1721308,"Jianbaang",574,48,"48S","48S2H1S1Q",2,2026-09-21 00:19:18.1100000,0,891,0,2026-09-21 00:19:18.1100000,35.888440,102.040320
1721447,"Cuojia",574,48,"48S","48S2H1S1Q",2,2026-09-21 00:19:24.6570000,0,891,0,2026-09-21 00:19:24.6570000,35.890890,102.056360
1990199,"Albano di Lucania",1381,110,"33T","33T2H6S3Q",1,2023-07-17 06:17:43.9500000,71109,0,0,2026-09-21 00:21:40.3730000,40.584620,16.036170
1264337,"Dongmenqiao",592,48,"48R","48R2H3S3Q",2,2026-09-21 00:22:40.2630000,0,743,0,2026-09-21 00:22:40.2630000,26.558330,106.483330
690631,"Mouoi",3129,215,"33P","33P2H6S1Q",1,2026-09-21 00:22:50.3470000,1200,0,0,2026-09-21 00:22:50.3470000,9.543300,16.395800
690674,"Mouoilandee",3129,215,"33P","33P2H6S1Q",1,2026-09-21 00:22:57.4200000,1200,0,0,2026-09-21 00:22:57.4200000,9.546300,16.394200
1264122,"Qingzhen",592,48,"48R","48R2H3S3Q",2,2026-09-21 00:22:58.8470000,0,743,0,2026-09-21 00:22:58.8470000,26.550000,106.466670
1264639,"Kangji",592,48,"48R","48R2H3S3Q",2,2026-09-21 00:23:00.7670000,0,742,0,2026-09-21 00:23:00.7670000,26.566670,106.400000
1265676,"Xiguan",592,48,"48R","48R2H3S3Q",2,2026-09-21 00:23:03.6970000,0,742,0,2026-09-21 00:23:03.6970000,26.600000,106.333330
690704,"Pam",3129,215,"33P","33P2H6S1Q",1,2026-09-21 00:23:04.4000000,1200,0,0,2026-09-21 00:23:04.4000000,9.548500,16.403500
1266709,"Liwo",592,48,"48R","48R2H3S3Q",2,2026-09-21 00:23:10.2400000,0,741,0,2026-09-21 00:23:10.2400000,26.633330,106.283330
685504,"Djoun",3129,215,"33P","33P2H6S1Q",1,2026-09-21 00:23:16.4730000,1200,0,0,2026-09-21 00:23:16.4730000,9.376160,16.360820
685493,"Tchere",3129,215,"33P","33P2H6S1Q",1,2026-09-21 00:23:22.4300000,1200,0,0,2026-09-21 00:23:22.4300000,9.375400,16.407400
684935,"Tcherne",3129,215,"33P","33P2H6S1Q",1,2026-09-21 00:23:30.7600000,1200,0,0,2026-09-21 00:23:30.7600000,9.359200,16.441600
684284,"Koumdal",3129,215,"33P","33P2H6S1Q",1,2026-09-21 00:23:37.7270000,1200,0,0,2026-09-21 00:23:37.7270000,9.335800,16.437200
684351,"Soumada",3129,215,"33P","33P2H6S1Q",1,2026-09-21 00:23:42.2300000,1200,0,0,2026-09-21 00:23:42.2300000,9.340800,16.406500
452275,"Nuka Village",1497,118,"60M","60M1H1S4Q",2,2026-09-21 00:24:43.7600000,0,1017,0,2026-09-21 00:24:43.7600000,-1.330450,175.995130
1391857,"Mustang Ridge",3549,233,"14R","14R1H3S3Q",2,2026-09-21 00:07:11.6430000,300,2922,0,2026-09-21 00:24:45.1000000,30.056880,-97.691110
452302,"Rongorongo Village",1497,118,"60M","60M1H1S4Q",2,2026-09-21 00:24:47.0270000,0,1017,0,2026-09-21 00:24:47.0270000,-1.320410,175.992230
452430,"Aoniman Village",1497,118,"60M","60M1H1S4Q",2,2026-09-21 00:24:51.3730000,0,1017,0,2026-09-21 00:24:51.3730000,-1.309230,175.985550
452593,"Autokia Village",1497,118,"60M","60M1H1S4Q",2,2026-09-21 00:24:52.7130000,0,1017,0,2026-09-21 00:24:52.7130000,-1.296820,175.970090
452600,"Tabiang Village",1497,118,"60M","60M1H1S4Q",2,2026-09-21 00:30:08.6070000,0,1017,0,2026-09-21 00:30:08.6070000,-1.294990,175.959350
2038439,"Rosas",3584,233,"18T","18T2H5S2Q",2,2026-09-20 23:39:38.6030000,0,7093,0,2026-09-21 00:30:22.5730000,41.441480,-74.809050
442890,"Tabuarorae Village",1497,118,"60M","60M1H1S4Q",2,2026-09-21 00:30:25.2670000,0,1019,0,2026-09-21 00:30:25.2670000,-1.942320,175.576160
2028628,"Marriott",3571,233,"12T","12T2H4S2Q",1,2026-09-21 00:31:05.5470000,649,0,0,2026-09-21 00:31:05.5470000,41.244670,-112.009390
2050349,"Nibley",3571,233,"12T","12T2H5S1Q",1,2026-09-21 00:32:15.6530000,2189,0,0,2026-09-21 00:32:15.6570000,41.674380,-111.833000
1918844,"Waycross",3555,233,"16S","16S1H2S2Q",2,2013-07-31 20:28:07.2870000,0,13980274,0,2026-09-21 00:32:56.6370000,39.303660,-86.344160
88635,"Nekheta",351,29,"19K","19K1H5S2Q",2,2026-09-21 00:33:04.7100000,0,933,0,2026-09-21 00:33:04.7100000,-18.800000,-68.900000
88745,"Chapi",351,29,"19K","19K1H5S2Q",2,2026-09-21 00:33:08.5000000,0,933,0,2026-09-21 00:33:08.5000000,-18.783330,-68.866670
88865,"Estancia Jinchuma",351,29,"19K","19K1H5S2Q",2,2026-09-21 00:33:11.5900000,0,933,0,2026-09-21 00:33:11.5900000,-18.767780,-68.862780
88853,"Estancia Jarumani",351,29,"19K","19K1H5S2Q",2,2026-09-21 00:33:14.2800000,0,978,0,2026-09-21 00:33:14.2800000,-18.776390,-68.794720
88738,"Estancia Viluyo",351,29,"19K","19K1H5S2Q",2,2026-09-21 00:33:19.2600000,0,933,0,2026-09-21 00:33:19.2600000,-18.788610,-68.806670
1756656,"Molus",3567,233,"10S","10S1H6S3Q",1,2026-09-19 08:18:55.7130000,501267,0,0,2026-09-21 00:33:40.1600000,36.468020,-121.394100
2052110,"Deweyville",3571,233,"12T","12T2H4S2Q",1,2026-09-21 00:33:58.7670000,732,0,0,2026-09-21 00:33:58.7670000,41.710480,-112.090230
2049850,"Madsen",3571,233,"12T","12T2H4S2Q",1,2026-09-21 00:34:10.1930000,1063,300,0,2026-09-21 00:34:10.1930000,41.666320,-112.091620
2049678,"Crystal Springs",3571,233,"12T","12T2H4S2Q",1,2026-09-21 00:34:20.5300000,1355,0,0,2026-09-21 00:34:20.5300000,41.660210,-112.087450
1799550,"Twin Creeks",3567,233,"10S","10S1H6S1Q",1,2025-05-18 19:43:15.3370000,1099133,0,0,2026-09-21 00:36:43.1000000,37.156060,-121.844120
1801085,"English Town",3567,233,"10S","10S1H6S1Q",1,2025-04-14 02:04:18.2470000,1071662,0,0,2026-09-21 00:36:47.1200000,37.179390,-121.839120
1800897,"New Almaden",3567,233,"10S","10S1H6S1Q",1,2025-09-22 02:23:30.0600000,1045189,0,0,2026-09-21 00:36:48.8500000,37.176060,-121.820790
2616232,"St. Vincent",450,38,"12U","12U1H2S3Q",3,2026-09-21 00:36:52.7030000,0,0,778,2026-09-21 00:36:52.7030000,54.150180,-111.268500
1797191,"Mountain Home",3567,233,"10S","10S1H6S1Q",1,2025-09-25 17:13:09.7570000,1028953,0,0,2026-09-21 00:36:56.2700000,37.121060,-121.795780
1794812,"Sveadal",3567,233,"10S","10S1H6S1Q",1,2025-09-30 17:28:17.4900000,1066725,0,0,2026-09-21 00:37:00.4100000,37.083560,-121.789120
2617551,"Beacon Corner",450,38,"12U","12U1H2S3Q",3,2026-09-21 00:37:01.1970000,0,0,777,2026-09-21 00:37:01.1970000,54.183480,-111.151790
1789111,"Corralitos",3567,233,"10S","10S1H6S3Q",1,2025-03-19 16:55:49.7470000,1045751,0,0,2026-09-21 00:37:06.2530000,36.994060,-121.789160
1788836,"Corralitos",3567,233,"10S","10S1H6S3Q",1,2024-10-25 22:11:19.7230000,1052009,0,0,2026-09-21 00:37:10.0530000,36.988560,-121.806340
1987922,"Moscow",3550,233,"17T","17T2H5S4Q",3,2023-01-12 21:56:32.9800000,600,0,97283,2026-09-21 00:37:38.4200000,40.545620,-80.632300
1987860,"Port Homer",3563,233,"17T","17T2H5S4Q",3,2022-07-18 16:03:00.2570000,600,0,97114,2026-09-21 00:37:50.3700000,40.543950,-80.640070
1986807,"Stratton",3563,233,"17T","17T2H5S4Q",3,2022-06-28 01:31:29.7500000,300,0,15780,2026-09-21 00:38:02.9630000,40.521730,-80.626180
1986111,"Empire",3563,233,"17T","17T2H5S4Q",3,2015-06-05 01:08:05.3100000,567,0,23005,2026-09-21 00:38:09.3400000,40.507570,-80.623960
1984744,"Shady Glen",3563,233,"17T","17T2H5S4Q",3,2014-05-21 23:14:43.4670000,891,0,69720,2026-09-21 00:38:20.4200000,40.480070,-80.639800
1983842,"Taylortown",3563,233,"17T","17T2H5S4Q",3,2022-07-17 13:59:03.7200000,300,0,2382,2026-09-21 00:38:26.8670000,40.460900,-80.657850
1983756,"Wallace Heights",3563,233,"17T","17T2H5S4Q",3,2014-05-21 23:14:26.9330000,300,0,21279,2026-09-21 00:38:36.2300000,40.458120,-80.629800
1983950,"Toronto",3563,233,"17T","17T2H5S4Q",3,2014-05-21 20:44:04.3630000,490,0,50805,2026-09-21 00:38:51.6670000,40.464230,-80.600910
1983068,"Sun Valley",3550,233,"17T","17T2H5S4Q",3,2023-01-12 21:59:21.3570000,300,0,28883,2026-09-21 00:39:17.8300000,40.444510,-80.568130
2339299,"Montborne",3578,233,"10U","10U2H5S4Q",2,2016-02-02 06:09:15.5770000,0,705905,1500,2026-09-21 00:39:46.6600000,48.381220,-122.221820
2536415,"Cegielnia",2440,180,"34U","34U1H5S3Q",2,2019-04-23 22:55:38.4200000,0,2095661,0,2026-09-21 00:40:13.1630000,52.383330,20.916670
2535629,"Choszczowka",2440,180,"34U","34U1H5S3Q",2,2019-06-18 12:19:15.6730000,0,1375884,0,2026-09-21 00:40:23.2230000,52.366670,20.950000
2534479,"Dabrowka Szlachecka",2440,180,"34U","34U1H5S3Q",2,2019-10-11 13:27:18.4570000,0,1684865,0,2026-09-21 00:40:36.3200000,52.344940,20.960030
2534026,"Pludy",2440,180,"34U","34U1H5S3Q",2,2019-10-23 06:34:32.3570000,0,1257466,0,2026-09-21 00:40:42.4330000,52.333330,20.983330
2533532,"Bialoleka",2440,180,"34U","34U1H5S3Q",2,2019-12-30 13:19:07.5200000,0,1527781,0,2026-09-21 00:40:49.0000000,52.321270,20.972040
2533239,"Zeran",2440,180,"34U","34U1H5S3Q",2,2019-12-03 20:25:15.5670000,0,1991754,0,2026-09-21 00:40:57.0000000,52.316670,20.983330
683796,"Tasmana",3129,215,"33P","33P2H6S1Q",1,2026-09-21 00:41:00.3100000,1200,0,0,2026-09-21 00:41:00.3100000,9.321800,16.392300
2533238,"Swidry Stare",2440,180,"34U","34U1H5S3Q",2,2020-01-29 10:13:23.0030000,0,1543475,0,2026-09-21 00:41:05.0930000,52.316670,20.966670
682623,"Manai I",3129,215,"33P","33P2H6S1Q",1,2026-09-21 00:41:05.3870000,1200,0,0,2026-09-21 00:41:05.3870000,9.283500,16.412700
2533406,"Tarchomin",2440,180,"34U","34U1H5S3Q",2,2020-01-27 20:15:56.2130000,0,1433351,0,2026-09-21 00:41:09.5400000,52.317240,20.956760
682171,"Manai II",3129,215,"33P","33P2H6S1Q",1,2026-09-21 00:41:11.7070000,1200,0,0,2026-09-21 00:41:11.7070000,9.276000,16.400400
1984693,"Redmond",3568,233,"13T","13T2H5S3Q",2,2022-01-11 22:49:36.7570000,0,799577,0,2026-09-21 00:41:17.5400000,40.478870,-105.040810
683236,"Hamgar",3129,215,"33P","33P2H6S1Q",1,2026-09-21 00:41:17.7370000,1200,0,0,2026-09-21 00:41:17.7370000,9.304500,16.338600
682760,"Indjing",3129,215,"33P","33P2H6S1Q",1,2026-09-21 00:41:26.2400000,1200,0,0,2026-09-21 00:41:26.2400000,9.293900,16.369700
681588,"Gabri Ngolo",3129,215,"33P","33P2H6S1Q",1,2026-09-21 00:41:31.8230000,1200,0,0,2026-09-21 00:41:31.8230000,9.255400,16.383100
681114,"Moudjar",3129,215,"33P","33P2H6S1Q",1,2026-09-21 00:41:36.9130000,1200,0,0,2026-09-21 00:41:36.9130000,9.245600,16.413500
680838,"Totchere",3129,215,"33P","33P2H6S1Q",1,2026-09-21 00:41:42.3400000,1200,0,0,2026-09-21 00:41:42.3400000,9.233330,16.400000
1721389,"Dongjia",574,48,"48S","48S2H1S1Q",2,2026-09-21 00:42:29.8230000,0,891,0,2026-09-21 00:42:29.8230000,35.889920,102.055820
1720918,"Lamaoyizhi",574,48,"48S","48S2H1S1Q",2,2026-09-21 00:42:39.1100000,0,891,0,2026-09-21 00:42:39.1100000,35.882550,102.056850
1720442,"Hetan",574,48,"48S","48S2H1S1Q",2,2026-09-21 00:42:45.2870000,0,891,0,2026-09-21 00:42:45.2870000,35.873220,102.072760
1623711,"Sunset Acres",3551,233,"16S","16S2H2S4Q",1,2026-09-20 22:02:11.5030000,7343,0,0,2026-09-21 00:42:46.3000000,34.319260,-86.513880
1720171,"Hedong",574,48,"48S","48S2H1S1Q",2,2026-09-21 00:42:51.9100000,0,891,0,2026-09-21 00:42:51.9100000,35.869180,102.086520
1720441,"Wajia",574,48,"48S","48S2H1S1Q",2,2026-09-21 00:42:52.1100000,0,891,0,2026-09-21 00:42:52.1100000,35.873210,102.129660
1719360,"Dongguo",574,48,"48S","48S2H1S1Q",2,2026-09-21 00:43:09.3500000,0,891,0,2026-09-21 00:43:09.3500000,35.854700,102.064120
1263305,"Gaole",592,48,"48R","48R2H3S3Q",2,2026-09-21 00:43:15.4470000,0,742,0,2026-09-21 00:43:15.4470000,26.525000,106.316670
1720320,"Rushiqi",574,48,"48S","48S2H1S1Q",2,2026-09-21 00:43:19.9000000,0,891,0,2026-09-21 00:43:19.9000000,35.871120,102.045600
1720263,"Luji",574,48,"48S","48S2H1S1Q",2,2026-09-21 00:43:21.1800000,0,891,0,2026-09-21 00:43:21.1800000,35.870430,102.042310
1718894,"Xianggan",574,48,"48S","48S2H1S1Q",2,2026-09-21 00:43:24.4970000,0,891,0,2026-09-21 00:43:24.4970000,35.847080,102.029610
1262793,"Poluo",592,48,"48R","48R2H3S3Q",2,2026-09-21 00:43:32.8370000,0,742,0,2026-09-21 00:43:32.8370000,26.508330,106.350000
1263098,"Jiujia",592,48,"48R","48R2H3S3Q",2,2026-09-21 00:43:35.4170000,0,742,0,2026-09-21 00:43:35.4170000,26.516670,106.291670
1265145,"Dagu",592,48,"48R","48R2H3S3Q",2,2026-09-21 00:43:38.6930000,0,741,0,2026-09-21 00:43:38.6930000,26.583330,106.216670
1264638,"Qibofang",592,48,"48R","48R2H3S3Q",2,2026-09-21 00:43:41.5730000,0,741,0,2026-09-21 00:43:41.5730000,26.566670,106.183330
1262597,"Bailao",592,48,"48R","48R2H3S3Q",2,2026-09-21 00:43:44.0330000,0,742,0,2026-09-21 00:43:44.0330000,26.500000,106.225000
1262596,"Xiaba",592,48,"48R","48R2H3S3Q",2,2026-09-21 00:43:46.6070000,0,742,0,2026-09-21 00:43:46.6070000,26.500000,106.183330
1260989,"Shizi",592,48,"48R","48R2H3S3Q",2,2026-09-21 00:43:49.3830000,0,743,0,2026-09-21 00:43:49.3830000,26.450000,106.250000
443649,"Aiaki",1497,118,"60M","60M1H1S4Q",2,2026-09-21 00:44:51.0030000,0,1019,0,2026-09-21 00:44:51.0030000,-1.894170,175.615070
443964,"Otowae Village",1497,118,"60M","60M1H1S4Q",2,2026-09-21 00:44:55.3130000,0,1019,0,2026-09-21 00:44:55.3130000,-1.869340,175.583290
444490,"Temao Village",1497,118,"60M","60M1H1S4Q",2,2026-09-21 00:44:57.9400000,0,1019,0,2026-09-21 00:44:57.9400000,-1.833560,175.549980
444695,"Buariki Village",1497,118,"60M","60M1H1S4Q",2,2026-09-21 00:45:01.1600000,0,1019,0,2026-09-21 00:45:01.1600000,-1.818020,175.554760
444881,"Tanaeag Village",1497,118,"60M","60M1H1S4Q",2,2026-09-21 00:45:04.0570000,0,1019,0,2026-09-21 00:45:04.0570000,-1.807680,175.536260
444937,"Tekawa Village",1497,118,"60M","60M1H1S4Q",2,2026-09-21 00:45:06.9170000,0,1019,0,2026-09-21 00:45:06.9170000,-1.800650,175.525480
2390685,"Unterfarrnbach",715,57,"32U","32U2H6S1Q",3,2017-10-12 21:00:26.5170000,0,29100,648402,2026-09-21 00:47:37.6570000,49.490990,10.951820
2298000,"Oberreute",715,57,"32T","32T1H2S2Q",3,2024-10-08 00:03:16.9070000,0,0,20453,2026-09-21 00:47:41.1370000,47.566670,9.950000
89284,"Chinchillani",351,29,"19K","19K1H5S2Q",2,2026-09-21 00:48:17.0970000,0,934,0,2026-09-21 00:48:17.0970000,-18.700000,-68.883330
89286,"Cotapalca",351,29,"19K","19K1H5S2Q",2,2026-09-21 00:48:20.0230000,0,934,0,2026-09-21 00:48:20.0230000,-18.700000,-68.850000
88746,"Chacari",351,29,"19K","19K1H5S2Q",2,2026-09-21 00:48:25.8300000,0,978,0,2026-09-21 00:48:25.8300000,-18.783330,-68.766670
88739,"Estancia Penalte",351,29,"19K","19K1H5S2Q",2,2026-09-21 00:48:30.1230000,0,978,0,2026-09-21 00:48:30.1230000,-18.787780,-68.753890
2051168,"Elwood",3571,233,"12T","12T2H4S2Q",1,2026-09-21 00:48:29.2800000,1828,0,0,2026-09-21 00:48:32.8500000,41.690480,-112.141060
88863,"Estancia Chapiri Pacayani",351,29,"19K","19K1H5S2Q",2,2026-09-21 00:48:41.5770000,0,978,0,2026-09-21 00:48:41.5770000,-18.768610,-68.745280
2048115,"Bradford",3571,233,"12T","12T2H4S2Q",1,2026-09-21 00:48:47.0200000,1149,0,0,2026-09-21 00:48:47.0200000,41.629930,-112.139670
2805220,"Chugach Heights",3581,233,"06V","06V1H4S1Q",1,2026-06-09 20:00:45.9630000,1779,0,1500,2026-09-21 00:49:22.2300000,61.218890,-149.793060
2071441,"Ireland Springs",3573,233,"12T","12T2H1S4Q",1,2026-09-21 00:49:55.9030000,1072,0,0,2026-09-21 00:49:55.9030000,42.164920,-112.495530
2053739,"Kelton",3571,233,"12T","12T2H4S1Q",1,2026-09-21 00:50:40.9200000,1045,0,0,2026-09-21 00:50:40.9200000,41.746030,-113.106380
449790,"Taku Village",1497,118,"60M","60M1H1S4Q",2,2026-09-21 00:51:11.0600000,0,883,0,2026-09-21 00:51:11.0600000,-1.523040,175.065440
450104,"Katabanga Village",1497,118,"60M","60M1H1S4Q",2,2026-09-21 00:51:22.9530000,0,883,0,2026-09-21 00:51:22.9530000,-1.500880,175.069540
450368,"Nikutoru Village",1497,118,"60M","60M1H1S4Q",2,2026-09-21 00:53:36.9030000,0,883,0,2026-09-21 00:53:36.9030000,-1.482230,175.068190
2805499,"Fort Richardson",3581,233,"06V","06V1H4S1Q",1,2026-06-08 23:45:51.9430000,1154,0,900,2026-09-21 00:54:05.5770000,61.254440,-149.688330
1718776,"Gushidang",574,48,"48S","48S2H1S1Q",2,2026-09-21 00:54:22.1830000,0,891,0,2026-09-21 00:54:22.1830000,35.844620,102.002190
1718237,"Dongguo",574,48,"48S","48S2H1S1Q",2,2026-09-21 00:54:24.6500000,0,891,0,2026-09-21 00:54:24.6500000,35.834050,102.036940
1719002,"Wajiatan",574,48,"48S","48S2H1S1Q",2,2026-09-21 00:54:27.2230000,0,891,0,2026-09-21 00:54:27.2230000,35.849150,102.087330
1717475,"Sulongzhu",574,48,"48S","48S2H1S1Q",2,2026-09-21 00:54:29.4300000,0,891,0,2026-09-21 00:54:29.4300000,35.820610,102.106820
1716853,"Zhanqun",574,48,"48S","48S2H1S1Q",2,2026-09-21 00:54:32.5130000,0,891,0,2026-09-21 00:54:32.5130000,35.809980,102.142100
1716493,"Zongzhan",574,48,"48S","48S2H1S1Q",2,2026-09-21 00:54:34.3770000,0,891,0,2026-09-21 00:54:34.3770000,35.803140,102.146600
1718423,"Gongbaisi",574,48,"48S","48S2H1S1Q",2,2026-09-21 00:54:36.4870000,0,891,0,2026-09-21 00:54:36.4870000,35.837720,102.169310
1717020,"Xiureqieba",574,48,"48S","48S2H1S1Q",2,2026-09-21 00:54:38.5200000,0,891,0,2026-09-21 00:54:38.5200000,35.813330,102.195300
1630704,"Del Valle",3567,233,"11S","11S2H1S4Q",1,2026-09-09 02:16:27.3570000,2128,0,0,2026-09-21 00:54:42.8800000,34.419440,-118.656480
2806060,"Eagle River",3581,233,"06V","06V1H4S1Q",1,2026-06-08 23:45:44.6000000,1011,0,300,2026-09-21 00:55:42.2900000,61.321390,-149.567780
450413,"Buariki Village",1497,118,"60M","60M1H1S4Q",2,2026-09-21 00:59:33.5500000,0,883,0,2026-09-21 00:59:33.5500000,-1.477930,175.056410
450662,"Taungaeaka Village",1497,118,"60M","60M1H1S4Q",2,2026-09-21 00:59:38.6330000,0,883,0,2026-09-21 00:59:38.6330000,-1.455840,175.032710
450841,"Tewai Village",1497,118,"60M","60M1H1S4Q",2,2026-09-21 00:59:59.1470000,0,883,0,2026-09-21 00:59:59.1470000,-1.444840,175.011690
1530403,"Sunnyvale",3549,233,"14S","14S2H6S4Q",3,2026-09-21 01:03:04.7670000,0,0,754,2026-09-21 01:03:04.7670000,32.796520,-96.560820
88858,"Estancia Villa Rica Huancuri",351,29,"19K","19K1H5S2Q",2,2026-09-21 01:03:10.5130000,0,978,0,2026-09-21 01:03:10.5130000,-18.774440,-68.725560
88626,"Estancia Khara Huano",351,29,"19K","19K1H5S2Q",2,2026-09-21 01:03:12.5730000,0,978,0,2026-09-21 01:03:12.5730000,-18.802500,-68.722780
88546,"Cotana",351,29,"19K","19K1H5S2Q",2,2026-09-21 01:03:14.2870000,0,978,0,2026-09-21 01:03:14.2870000,-18.816670,-68.716670
1563408,"Pilot Point",3549,233,"14S","14S2H6S2Q",3,2026-09-18 15:05:56.2100000,0,0,2230,2026-09-21 01:03:17.1100000,33.396500,-96.960560
88532,"Estancia Chacori",351,29,"19K","19K1H5S2Q",2,2026-09-21 01:03:17.2470000,0,978,0,2026-09-21 01:03:17.2470000,-18.821390,-68.696670
1715584,"Renwu",574,48,"48S","48S2H1S1Q",2,2026-09-21 01:03:31.1200000,0,891,0,2026-09-21 01:03:31.1200000,35.788870,102.184810
1260682,"Xiayun",592,48,"48R","48R2H3S3Q",2,2026-09-21 01:03:37.8230000,0,743,0,2026-09-21 01:03:37.8230000,26.441670,106.316670
1259948,"Pingba",592,48,"48R","48R2H3S3Q",2,2026-09-21 01:03:42.6600000,0,743,0,2026-09-21 01:03:42.6600000,26.416670,106.250000
1260176,"Chaotian",592,48,"48R","48R2H3S3Q",2,2026-09-21 01:03:45.0170000,0,743,0,2026-09-21 01:03:45.0170000,26.425000,106.225000
1260466,"Fenghuang",592,48,"48R","48R2H3S3Q",2,2026-09-21 01:03:48.1500000,0,916,0,2026-09-21 01:03:48.1530000,26.433330,106.133330
1259947,"Leping",592,48,"48R","48R2H3S3Q",2,2026-09-21 01:03:50.6170000,0,916,0,2026-09-21 01:03:50.6200000,26.416670,106.133330
1259626,"Gaotian",592,48,"48R","48R2H3S3Q",2,2026-09-21 01:03:53.1970000,0,916,0,2026-09-21 01:03:53.1970000,26.408330,106.091670
1260465,"Jiabu",592,48,"48R","48R2H3S3Q",2,2026-09-21 01:03:55.7300000,0,916,0,2026-09-21 01:03:55.7300000,26.433330,106.066670
1716786,"Xiuri",574,48,"48S","48S2H1S1Q",2,2026-09-21 01:04:00.0100000,0,891,0,2026-09-21 01:04:00.0100000,35.808860,102.202820
1717025,"Qubuzang",574,48,"48S","48S2H1S1Q",2,2026-09-21 01:04:02.1700000,0,891,0,2026-09-21 01:04:02.1700000,35.813470,102.223700
1719180,"Dongshigun",574,48,"48S","48S2H1S1Q",2,2026-09-21 01:04:04.0300000,0,891,0,2026-09-21 01:04:04.0300000,35.850580,102.211630
1720096,"Gushiqun",574,48,"48S","48S2H1S1Q",2,2026-09-21 01:04:07.6600000,0,891,0,2026-09-21 01:04:07.6600000,35.867800,102.222220
1721046,"Tangjiakatan",574,48,"48S","48S2H1S1Q",2,2026-09-21 01:04:08.7200000,0,891,0,2026-09-21 01:04:08.7200000,35.883570,102.235540
1559346,"Mustang",3549,233,"14S","14S2H6S2Q",3,2026-09-18 15:05:42.0000000,0,0,3507,2026-09-21 01:04:09.1630000,33.320670,-96.903060
1720444,"Zanxiazhuang",574,48,"48S","48S2H1S1Q",2,2026-09-21 01:04:10.7500000,0,891,0,2026-09-21 01:04:10.7500000,35.873260,102.242430
1720321,"Gushiqun",574,48,"48S","48S2H1S1Q",2,2026-09-21 01:04:17.6800000,0,891,0,2026-09-21 01:04:17.6800000,35.871180,102.256200
2293789,"East Renton Highlands",3578,233,"10T","10T1H2S2Q",2,2013-08-24 18:03:01.1370000,0,1345456,0,2026-09-21 01:05:02.4830000,47.472760,-122.088450
2293681,"Maple Hills",3578,233,"10T","10T1H2S2Q",2,2024-06-29 01:42:41.7830000,0,1304009,0,2026-09-21 01:05:06.9930000,47.467050,-122.067900
2292980,"Maple Valley Heights",3578,233,"10T","10T1H2S2Q",2,2013-07-12 01:49:25.9500000,0,1393884,0,2026-09-21 01:05:11.5870000,47.454820,-122.086790
2292389,"Cedar Mountain",3578,233,"10T","10T1H2S2Q",2,2013-08-27 20:23:15.5200000,0,1304476,0,2026-09-21 01:05:16.9100000,47.448160,-122.073170
2292103,"Cedar Grove",3578,233,"10T","10T1H2S2Q",2,2013-04-16 02:27:30.5100000,0,1535855,0,2026-09-21 01:05:22.8530000,47.435660,-122.062060
2292394,"Fairwood",3578,233,"10T","10T1H2S2Q",2,2013-03-31 22:23:49.9570000,0,1864882,0,2026-09-21 01:05:37.9230000,47.448430,-122.157340
8036,"Mitta Junction",140,13,"55H","55H2H2S2Q",3,2026-09-20 21:12:27.3430000,0,0,3291,2026-09-21 01:05:46.8270000,-36.116670,147.016670
7980,"Ebden",140,13,"55H","55H2H2S2Q",3,2026-09-21 01:05:53.3030000,0,0,1327,2026-09-21 01:05:53.3030000,-36.150000,147.033330
7855,"Tangambalanga",140,13,"55H","55H2H2S2Q",3,2026-09-21 01:05:57.6900000,0,0,1020,2026-09-21 01:05:57.6900000,-36.233330,147.033330
7856,"Huon",140,13,"55H","55H2H2S2Q",3,2026-09-21 01:06:02.6400000,0,0,1019,2026-09-21 01:06:02.6400000,-36.233330,147.066670
1573986,"Springwood Valley",3539,233,"16S","16S2H6S2Q",3,2013-06-26 02:58:50.7170000,0,0,2970928,2026-09-21 01:07:00.4700000,33.562890,-84.240200
1576994,"Settlers Grove",3539,233,"17S","17S2H4S1Q",1,2014-01-09 04:10:04.2100000,793644,0,517,2026-09-21 01:07:16.8900000,33.608450,-83.831850
1783078,"Aromas",3567,233,"10S","10S1H6S3Q",1,2026-09-20 09:08:55.3370000,508782,0,0,2026-09-21 01:08:39.5730000,36.888560,-121.643000
2560260,"Somersal Herbert",979,77,"30U","30U1H6S3Q",2,2024-01-29 11:29:46.4600000,0,101229,0,2026-09-21 01:08:59.8070000,52.900000,-1.800000
2297243,"Irsengrund",715,57,"32T","32T1H2S2Q",3,2024-10-07 23:39:06.8530000,0,0,20231,2026-09-21 01:13:33.4300000,47.550000,9.950000
1719452,"Dazhuang",574,48,"48S","48S2H1S1Q",2,2026-09-21 01:13:43.6600000,0,891,0,2026-09-21 01:13:43.6600000,35.856500,102.280920
1720598,"Shuidongcun",574,48,"48S","48S2H1S1Q",2,2026-09-21 01:13:47.0000000,0,891,0,2026-09-21 01:13:47.0000000,35.876270,102.287520
1719222,"Xiazhuang",574,48,"48S","48S2H1S1Q",2,2026-09-21 01:13:49.0400000,0,891,0,2026-09-21 01:13:49.0400000,35.851500,102.295620
1719661,"Yimahai",574,48,"48S","48S2H1S1Q",2,2026-09-21 01:13:51.3770000,0,432,0,2026-09-21 01:13:51.3770000,35.860830,102.339810
1720135,"Suzhi",574,48,"48S","48S2H1S1Q",2,2026-09-21 01:13:55.0930000,0,891,0,2026-09-21 01:13:55.0930000,35.868490,102.343210
1720133,"Hadahai",574,48,"48S","48S2H1S1Q",2,2026-09-21 01:14:05.7970000,0,891,0,2026-09-21 01:14:05.7970000,35.868460,102.353970
1721081,"Ahetan",574,48,"48S","48S2H1S1Q",2,2026-09-21 01:14:07.7900000,0,891,0,2026-09-21 01:14:07.7900000,35.884230,102.341430
451573,"Aiwa Village",1497,118,"60M","60M1H1S3Q",2,2026-09-21 01:15:40.8930000,0,1024,0,2026-09-21 01:15:40.8930000,-1.388250,174.902260
1981988,"Weirton",3550,233,"17T","17T2H5S4Q",3,2023-01-10 01:54:52.2800000,1774,0,96410,2026-09-21 01:15:43.6870000,40.418960,-80.589520
451962,"Bangai Village",1497,118,"60M","60M1H1S3Q",2,2026-09-21 01:15:44.5330000,0,1024,0,2026-09-21 01:15:44.5330000,-1.356220,174.872310
452128,"Tenatorua Village",1497,118,"60M","60M1H1S3Q",2,2026-09-21 01:15:47.8530000,0,1024,0,2026-09-21 01:15:47.8530000,-1.342260,174.851520
452627,"Kabuna Village",1497,118,"60M","60M1H1S3Q",2,2026-09-21 01:15:50.9500000,0,849,0,2026-09-21 01:15:50.9500000,-1.288320,174.798310
453131,"Tauma Village",1497,118,"60M","60M1H1S3Q",2,2026-09-21 01:15:55.2730000,0,1024,0,2026-09-21 01:15:55.2730000,-1.237900,174.784230
453413,"Utiroa Village",1497,118,"60M","60M1H1S3Q",2,2026-09-21 01:15:59.1900000,0,1024,0,2026-09-21 01:15:59.1900000,-1.214240,174.758660
1981222,"Paris",3584,233,"17T","17T2H5S4Q",3,2021-03-17 00:17:56.3900000,300,738,25064,2026-09-21 01:16:10.4200000,40.403680,-80.512570
1978738,"Eldersville",3584,233,"17T","17T2H5S4Q",3,2014-08-21 17:38:23.7530000,1859,0,48576,2026-09-21 01:16:28.5300000,40.352010,-80.478400
1979526,"Hanlin Station",3584,233,"17T","17T2H5S4Q",3,2014-08-21 21:59:58.6830000,300,0,42053,2026-09-21 01:16:36.2430000,40.367570,-80.467010
1979869,"Bertha",3584,233,"17T","17T2H5S4Q",2,2025-04-24 02:47:08.4930000,300,23064,0,2026-09-21 01:16:43.7730000,40.377570,-80.432290
1979984,"Dinsmore",3584,233,"17T","17T2H5S4Q",2,2025-04-23 21:51:36.4100000,350,27156,0,2026-09-21 01:16:52.3270000,40.380620,-80.430340
1980028,"Burgettstown",3584,233,"17T","17T2H5S4Q",2,2025-04-23 15:51:29.8670000,300,23956,362,2026-09-21 01:17:13.9230000,40.382010,-80.392840
88410,"Estancia Calacollo",351,29,"19K","19K1H5S2Q",2,2026-09-21 01:18:17.4700000,0,978,0,2026-09-21 01:18:17.4700000,-18.841110,-68.690280
85447,"Enquelca",549,46,"19K","19K1H5S4Q",2,2026-09-21 01:18:33.8630000,0,931,0,2026-09-21 01:18:33.8630000,-19.233330,-68.800000
85568,"Alsore",549,46,"19K","19K1H5S4Q",2,2026-09-21 01:18:39.2530000,0,973,0,2026-09-21 01:18:39.2530000,-19.216670,-68.716670
85344,"Isluga",549,46,"19K","19K1H5S4Q",2,2026-09-21 01:18:42.6130000,0,930,0,2026-09-21 01:18:42.6130000,-19.250000,-68.733330
85228,"Cachahuano",549,46,"19K","19K1H5S4Q",2,2026-09-21 01:18:45.3500000,0,973,0,2026-09-21 01:18:45.3500000,-19.266670,-68.733330
1977408,"Cross Creek",3584,233,"17T","17T2H5S4Q",3,2026-01-02 13:18:52.7700000,300,2327,80502,2026-09-21 01:19:20.8470000,40.328960,-80.409230
2806816,"Birchwood",3581,233,"06V","06V1H4S1Q",1,2026-06-08 16:54:42.8270000,820,0,300,2026-09-21 01:20:50.5000000,61.405280,-149.468890
2806690,"Chugiak",3581,233,"06V","06V1H4S1Q",1,2026-06-08 16:57:15.8930000,788,0,300,2026-09-21 01:20:56.0570000,61.388890,-149.481940
2807856,"Matanuska",3581,233,"06V","06V1H4S1Q",1,2024-09-18 14:43:52.5300000,20406,0,300,2026-09-21 01:21:11.7030000,61.541940,-149.229720
2808136,"Gateway",3581,233,"06V","06V1H4S1Q",1,2024-09-14 23:23:15.3270000,10063,0,1500,2026-09-21 01:21:52.2500000,61.572780,-149.240830
1720758,"Tangsigang",574,48,"48S","48S2H1S1Q",2,2026-09-21 01:21:52.2800000,0,891,0,2026-09-21 01:21:52.2800000,35.879010,102.319250
1262061,"Wujia",592,48,"48R","48R2H3S3Q",2,2026-09-21 01:21:55.9970000,0,915,0,2026-09-21 01:21:55.9970000,26.483330,106.066670
1261512,"Shangpingzhai",592,48,"48R","48R2H3S3Q",2,2026-09-21 01:21:58.8200000,0,915,0,2026-09-21 01:21:58.8200000,26.466670,106.025000
1262595,"Xiaoniuchang",592,48,"48R","48R2H2S4Q",2,2026-09-21 01:22:03.6230000,0,915,0,2026-09-21 01:22:03.6230000,26.500000,105.983330
1262792,"Kelaoba",592,48,"48R","48R2H3S3Q",2,2026-09-21 01:22:06.2030000,0,915,0,2026-09-21 01:22:06.2030000,26.508330,106.033330
1263611,"Maochang",592,48,"48R","48R2H3S3Q",2,2026-09-21 01:22:09.0300000,0,915,0,2026-09-21 01:22:09.0300000,26.533330,106.033330
2222012,"Burton Homes",3578,233,"10T","10T1H5S2Q",2,2024-05-30 06:50:59.5070000,0,105003,0,2026-09-21 01:22:15.8500000,45.643170,-122.595650
1264637,"Dazhai",592,48,"48R","48R2H3S3Q",2,2026-09-21 01:22:15.8600000,0,915,0,2026-09-21 01:22:15.8600000,26.566670,106.041670
1721139,"Gandujie",574,48,"48S","48S2H1S1Q",2,2026-09-21 01:22:24.3900000,0,891,0,2026-09-21 01:22:24.3900000,35.885260,102.315750
1721452,"Yaluhu",574,48,"48S","48S2H1S1Q",2,2026-09-21 01:22:27.1300000,0,891,0,2026-09-21 01:22:27.1300000,35.890960,102.328980
1721606,"Lamasi",574,48,"48S","48S2H1S1Q",2,2026-09-21 01:22:29.0430000,0,891,0,2026-09-21 01:22:29.0430000,35.893610,102.313160
1722220,"Sihesheng",574,48,"48S","48S2H1S1Q",2,2026-09-21 01:22:31.1270000,0,891,0,2026-09-21 01:22:31.1270000,35.903220,102.317130
1722710,"Shangsihesheng",574,48,"48S","48S2H1S1Q",2,2026-09-21 01:22:33.1370000,0,891,0,2026-09-21 01:22:33.1370000,35.911510,102.312580
1723759,"Huangdixincun",574,48,"48S","48S2H1S1Q",2,2026-09-21 01:22:35.0500000,0,891,0,2026-09-21 01:22:35.0500000,35.927980,102.315150
2276482,"Arthur",3575,233,"14T","14T1H3S1Q",2,2015-11-12 21:53:35.0870000,0,832079,0,2026-09-21 01:22:59.2400000,47.104140,-97.218140
2255647,"Barrie",3575,233,"14T","14T1H3S3Q",2,2014-11-10 02:28:27.5430000,0,2070808,0,2026-09-21 01:23:18.7400000,46.568860,-97.122590
2062969,"Cedar Creek",3571,233,"12T","12T2H4S1Q",1,2026-09-21 01:23:31.3200000,1035,918,0,2026-09-21 01:23:31.3200000,41.964360,-113.156380
2063007,"Curlew Junction",3571,233,"12T","12T2H4S1Q",1,2026-09-21 01:23:39.5700000,1037,0,0,2026-09-21 01:23:39.5700000,41.965470,-113.059990
1948082,"Dwight",3563,233,"17S","17S1H2S2Q",2,2026-09-21 01:24:20.4770000,0,798,0,2026-09-21 01:24:20.4770000,39.811190,-80.930930
1951521,"Clover Hill",3563,233,"17S","17S1H2S2Q",2,2026-09-21 01:24:36.0330000,0,600,252,2026-09-21 01:24:36.0330000,39.871180,-80.924540
1938901,"Wildcat",3571,233,"12S","12S1H2S2Q",1,2026-09-21 01:25:40.4300000,1185,0,0,2026-09-21 01:25:40.4300000,39.650800,-110.919050
1939303,"Spring Glen",3571,233,"12S","12S1H2S2Q",1,2026-09-21 01:25:48.1070000,1070,0,0,2026-09-21 01:25:48.1070000,39.659410,-110.853490
1937039,"Carbonville",3571,233,"12S","12S1H2S2Q",1,2026-09-21 01:25:55.9930000,1066,0,0,2026-09-21 01:25:55.9930000,39.619960,-110.834330
1935657,"Price",3571,233,"12S","12S1H2S2Q",1,2026-09-21 01:26:04.4570000,2976,0,0,2026-09-21 01:26:10.2200000,39.599410,-110.810710
453780,"Eita Village",1497,118,"60M","60M1H1S3Q",2,2026-09-21 01:26:29.2830000,0,1024,0,2026-09-21 01:26:29.2830000,-1.178000,174.727880
2561856,"Checkley",979,77,"30U","30U1H6S3Q",2,2010-01-01 00:00:00.0000000,0,101125,0,2026-09-21 01:26:46.8300000,52.933330,-1.950000
1522189,"White Point Landing",3547,233,"17S","17S2H5S4Q",2,2026-08-10 11:18:24.6130000,0,100045,0,2026-09-21 01:27:01.1370000,32.637130,-80.277040
453944,"Terikiai Village",1497,118,"60M","60M1H1S3Q",2,2026-09-21 01:28:20.2670000,0,1026,0,2026-09-21 01:28:20.2670000,-1.164660,174.718810
453986,"Buota Village",1497,118,"60M","60M1H1S3Q",2,2026-09-21 01:28:23.2400000,0,1012,0,2026-09-21 01:28:23.2400000,-1.154440,174.704890
454138,"Tanaeang Village",1497,118,"60M","60M1H1S3Q",2,2026-09-21 01:28:27.0570000,0,1024,0,2026-09-21 01:28:27.0570000,-1.137650,174.677410
454269,"Tekaman Village",1497,118,"60M","60M1H1S3Q",2,2026-09-21 01:28:30.0170000,0,1024,0,2026-09-21 01:28:30.0170000,-1.130640,174.663300
1724598,"Gongshijia",574,48,"48S","48S2H1S1Q",2,2026-09-21 01:31:34.6300000,0,891,0,2026-09-21 01:31:34.6330000,35.942110,102.310190
1725356,"Zhuhulong",574,48,"48S","48S2H1S1Q",2,2026-09-21 01:31:37.7430000,0,891,0,2026-09-21 01:31:37.7430000,35.954540,102.305780
1725423,"Shagou",574,48,"48S","48S2H1S1Q",2,2026-09-21 01:31:38.7600000,0,891,0,2026-09-21 01:31:38.7600000,35.955780,102.312330
1725787,"Liebujia",574,48,"48S","48S2H1S1Q",2,2026-09-21 01:31:40.7270000,0,891,0,2026-09-21 01:31:40.7270000,35.961840,102.314100
1725887,"Lamu",574,48,"48S","48S2H1S1Q",2,2026-09-21 01:31:42.6470000,0,891,0,2026-09-21 01:31:42.6470000,35.963870,102.300730
1726282,"Xiangga'ang",574,48,"48S","48S2H1S1Q",2,2026-09-21 01:31:45.8630000,0,891,0,2026-09-21 01:31:45.8630000,35.969220,102.256150
1728042,"Liren",574,48,"48S","48S2H1S1Q",2,2026-09-21 01:31:46.7300000,0,891,0,2026-09-21 01:31:46.7300000,35.998440,102.253250
2297238,"Obertrogen",715,57,"32T","32T1H2S2Q",3,2024-10-08 08:44:47.8430000,0,0,20637,2026-09-21 01:31:59.2370000,47.550000,9.916670
85104,"Escapina",549,46,"19K","19K1H5S4Q",2,2026-09-21 01:33:20.6630000,0,930,0,2026-09-21 01:33:20.6630000,-19.283330,-68.716670
84978,"Vilullo",549,46,"19K","19K1H5S4Q",2,2026-09-21 01:33:23.3970000,0,915,0,2026-09-21 01:33:23.3970000,-19.300000,-68.716670
84845,"Mauque",549,46,"19K","19K1H5S4Q",2,2026-09-21 01:33:25.8900000,0,928,0,2026-09-21 01:33:25.8930000,-19.316670,-68.733330
85103,"Cosquire",549,46,"19K","19K1H5S4Q",2,2026-09-21 01:33:29.1300000,0,930,0,2026-09-21 01:33:29.1300000,-19.283330,-68.816670
85229,"Sitani",549,46,"19K","19K1H5S4Q",2,2026-09-21 01:33:44.5070000,0,928,0,2026-09-21 01:33:44.5100000,-19.266670,-68.700000
85230,"Sitari",549,46,"19K","19K1H5S4Q",2,2026-09-21 01:33:48.6430000,0,928,0,2026-09-21 01:33:48.6430000,-19.266670,-68.666670
1979646,"Hickton",3584,233,"17T","17T2H5S4Q",2,2025-04-21 16:39:44.2570000,300,62192,0,2026-09-21 01:33:59.6230000,40.371180,-80.363400
1979131,"Bonnymeade",3584,233,"17T","17T2H5S4Q",2,2025-04-21 17:11:29.1930000,300,42295,0,2026-09-21 01:34:05.4300000,40.362290,-80.358120
1979009,"Slovan",3584,233,"17T","17T2H5S4Q",3,2026-01-02 17:05:28.3430000,600,0,84071,2026-09-21 01:34:10.9970000,40.359240,-80.389790
1978106,"Atlasburg",3584,233,"17T","17T2H5S4Q",3,2026-01-02 16:34:45.7900000,600,0,85932,2026-09-21 01:34:17.9770000,40.341180,-80.382840
1978679,"Cherry Valley",3584,233,"17T","17T2H5S4Q",3,2026-01-03 00:22:28.9570000,300,0,29454,2026-09-21 01:34:29.1230000,40.350620,-80.348400
1979907,"Bulger",3584,233,"17T","17T2H5S4Q",2,2025-04-21 19:22:23.2100000,300,99010,0,2026-09-21 01:34:36.6870000,40.378400,-80.327840
1980555,"Candor",3584,233,"17T","17T2H5S4Q",2,2025-04-21 16:18:23.7900000,300,47705,0,2026-09-21 01:34:48.9800000,40.392010,-80.308950
1728606,"Shaluwan",574,48,"48S","48S1H4S3Q",2,2026-09-21 01:40:08.5800000,0,891,0,2026-09-21 01:40:08.5830000,36.007180,102.314660
1726831,"Zhiga'ang",574,48,"48S","48S2H1S1Q",2,2026-09-21 01:40:10.8000000,0,891,0,2026-09-21 01:40:10.8000000,35.978730,102.335560
1724994,"Gangshijia",574,48,"48S","48S2H1S1Q",2,2026-09-21 01:40:12.9230000,0,891,0,2026-09-21 01:40:12.9270000,35.949160,102.357520
1726909,"Eyi",574,48,"48S","48S2H1S1Q",2,2026-09-21 01:40:14.9000000,0,891,0,2026-09-21 01:40:14.9000000,35.980130,102.369510
1728001,"Tama",574,48,"48S","48S2H1S1Q",2,2026-09-21 01:40:17.5770000,0,891,0,2026-09-21 01:40:17.5770000,35.997600,102.384500
1728417,"Xiaqiacang",574,48,"48S","48S1H4S3Q",2,2026-09-21 01:40:19.8870000,0,891,0,2026-09-21 01:40:19.8870000,36.003970,102.428910
1726837,"Laxu",574,48,"48S","48S2H1S1Q",2,2026-09-21 01:40:22.3170000,0,891,0,2026-09-21 01:40:22.3170000,35.978880,102.411000
1265357,"Erpo",592,48,"48R","48R2H3S3Q",2,2026-09-21 01:40:28.7500000,0,915,0,2026-09-21 01:40:28.7500000,26.591670,106.025000
1265859,"Damo",592,48,"48R","48R2H3S3Q",2,2026-09-21 01:40:32.4200000,0,914,0,2026-09-21 01:40:32.4200000,26.608330,106.041670
1265144,"Yinghe",592,48,"48R","48R2H3S3Q",2,2026-09-21 01:40:36.7270000,0,915,0,2026-09-21 01:40:36.7270000,26.583330,106.100000
1266389,"Machang",592,48,"48R","48R2H3S3Q",2,2026-09-21 01:40:41.7870000,0,915,0,2026-09-21 01:40:41.7870000,26.625000,106.083330
1266928,"Ouhe",592,48,"48R","48R2H3S3Q",2,2026-09-21 01:40:45.1800000,0,915,0,2026-09-21 01:40:45.1800000,26.641670,106.100000
1268266,"Ziqiang",592,48,"48R","48R2H3S3Q",2,2026-09-21 01:40:48.3000000,0,914,0,2026-09-21 01:40:48.3000000,26.683330,106.100000
1936539,"Londontowne",3542,233,"18S","18S1H1S1Q",1,2026-09-21 01:41:13.1100000,1260,0,0,2026-09-21 01:41:13.1100000,39.613150,-77.677210
1937520,"Colonial Park",3542,233,"18S","18S1H1S1Q",1,2026-09-21 01:41:26.4070000,1034,838,0,2026-09-21 01:41:26.4070000,39.629540,-77.697210
2556330,"Ranton",979,77,"30U","30U1H5S4Q",2,2025-09-28 03:12:31.2330000,0,71179,0,2026-09-21 01:41:31.6930000,52.816670,-2.200000
1960870,"Nyesville",3584,233,"18T","18T2H4S3Q",1,2026-09-21 01:41:55.3600000,1551,0,604,2026-09-21 01:41:55.3600000,40.029530,-77.622770
1939363,"Snowden",3542,233,"18S","18S1H1S1Q",1,2026-09-21 01:42:10.8300000,759,0,0,2026-09-21 01:42:10.8300000,39.660380,-77.275260
2680061,"Ardrishaig",977,77,"30V","30V2H4S3Q",2,2026-09-21 01:42:20.0330000,0,938,0,2026-09-21 01:42:20.0330000,56.016670,-5.450000
454322,"Tekabwibwi Village",1497,118,"60M","60M1H1S3Q",2,2026-09-21 01:42:39.5530000,0,1026,0,2026-09-21 01:42:39.5530000,-1.118240,174.663170
457468,"Tebakauto",1497,118,"60M","60M1H1S1Q",2,2026-09-21 01:42:46.3100000,0,1024,0,2026-09-21 01:42:46.3100000,-0.808150,174.457340
457482,"Temotu Village",1497,118,"60M","60M1H1S1Q",2,2026-09-21 01:42:50.3200000,0,1024,0,2026-09-21 01:42:50.3200000,-0.805520,174.453810
457502,"Tetabakea",1497,118,"60M","60M1H1S1Q",2,2026-09-21 01:42:57.7330000,0,1024,0,2026-09-21 01:42:57.7370000,-0.800340,174.453000
1949934,"Orrtanna",3584,233,"18S","18S1H1S1Q",3,2026-03-13 17:46:59.6870000,3465,0,7385,2026-09-21 01:42:59.5470000,39.845090,-77.360820
458126,"Toboiaki Village",1497,118,"60M","60M1H1S1Q",2,2026-09-21 01:42:59.6100000,0,1024,0,2026-09-21 01:42:59.6100000,-0.738420,174.454220
1941015,"Kenilworth",3571,233,"12S","12S1H2S2Q",1,2026-09-21 01:46:35.2900000,1065,0,0,2026-09-21 01:46:35.2900000,39.688300,-110.805710
1941855,"Martin",3571,233,"12S","12S1H2S2Q",1,2026-09-21 01:46:41.7630000,1025,0,0,2026-09-21 01:46:41.7630000,39.701910,-110.868220
1924122,"Victor",3571,233,"12S","12S1H2S2Q",1,2026-09-17 04:09:11.4730000,2636,0,0,2026-09-21 01:47:09.9600000,39.401360,-110.715440
1920008,"Huntington",3571,233,"12S","12S1H2S2Q",1,2026-09-21 01:47:25.0330000,2621,0,0,2026-09-21 01:47:26.6100000,39.326640,-110.964610
1914455,"Orangeville",3571,233,"12S","12S1H2S1Q",1,2026-09-21 01:47:40.3300000,921,0,600,2026-09-21 01:47:40.3300000,39.227190,-111.053500
85231,"Pisiga",549,46,"19K","19K1H5S4Q",2,2026-09-21 01:48:28.0570000,0,928,0,2026-09-21 01:48:28.0600000,-19.266670,-68.650000
85105,"Cotasaya",549,46,"19K","19K1H5S4Q",2,2026-09-21 01:48:28.4330000,0,930,0,2026-09-21 01:48:28.4330000,-19.283330,-68.650000
85106,"Colchane",549,46,"19K","19K1H5S4Q",2,2026-09-21 01:48:31.4970000,0,1087,0,2026-09-21 01:48:31.4970000,-19.283330,-68.633330
85108,"Centro Pisiga",549,46,"19K","19K1H5S4Q",2,2026-09-21 01:48:35.1730000,0,972,0,2026-09-21 01:48:35.1730000,-19.283330,-68.616670
85232,"Bolivar-Sucre",351,29,"19K","19K1H5S4Q",2,2026-09-21 01:48:43.8270000,0,773,0,2026-09-21 01:48:43.8270000,-19.266670,-68.616670
2675892,"Krutikha",2690,192,"38U","38U1H1S2Q",1,2026-09-21 01:49:19.1100000,796,0,0,2026-09-21 01:49:19.1100000,55.891670,43.541110
2675857,"Novinki",2690,192,"38U","38U1H1S2Q",1,2026-09-21 01:49:24.3870000,772,0,0,2026-09-21 01:49:24.3870000,55.890000,43.500000
2675924,"Selo Shargoli",2690,192,"38U","38U1H1S2Q",1,2026-09-21 01:49:38.8500000,796,0,0,2026-09-21 01:49:38.8500000,55.893060,43.484720
2675856,"Natal'ino",2690,192,"38U","38U1H1S2Q",1,2026-09-21 01:49:45.3100000,795,0,0,2026-09-21 01:49:45.3100000,55.890000,43.460000
2675993,"Pashigor'yevo",2690,192,"38U","38U1H1S2Q",1,2026-09-21 01:49:51.1270000,836,0,0,2026-09-21 01:49:51.1270000,55.897500,43.412780
2675869,"Lushnikovo",2690,192,"38U","38U1H1S2Q",1,2026-09-21 01:49:57.5430000,753,0,0,2026-09-21 01:49:57.5430000,55.890830,43.352500
2677031,"Polyanskoye",2690,192,"38U","38U1H1S2Q",1,2026-09-21 01:50:04.5700000,795,0,0,2026-09-21 01:50:04.5700000,55.923610,43.416110
2677455,"Kubayevo",2690,192,"38U","38U1H1S2Q",1,2026-09-21 01:50:10.2330000,796,0,0,2026-09-21 01:50:10.2330000,55.933330,43.516670
1724182,"Saiguoji",574,48,"48S","48S2H1S1Q",2,2026-09-21 01:50:49.8530000,0,891,0,2026-09-21 01:50:49.8530000,35.934040,102.392960
1725455,"Meijia",574,48,"48S","48S2H1S1Q",2,2026-09-21 01:50:51.4430000,0,891,0,2026-09-21 01:50:51.4430000,35.956260,102.399730
1720257,"Yimamu",574,48,"48S","48S2H1S1Q",2,2026-09-21 01:51:01.9270000,0,891,0,2026-09-21 01:51:01.9270000,35.870350,102.415950
1719399,"Sanlanbahai",574,48,"48S","48S2H1S1Q",2,2026-09-21 01:51:03.8700000,0,891,0,2026-09-21 01:51:03.8700000,35.855440,102.433230
1717317,"Tangfang",574,48,"48S","48S2H1S1Q",2,2026-09-21 01:51:05.7400000,0,891,0,2026-09-21 01:51:05.7400000,35.817730,102.415550
1717024,"Gujilai",574,48,"48S","48S2H1S1Q",2,2026-09-21 01:51:08.6930000,0,891,0,2026-09-21 01:51:08.6930000,35.813430,102.421290
1717004,"Xigou",574,48,"48S","48S2H1S1Q",2,2026-09-21 01:51:10.2770000,0,891,0,2026-09-21 01:51:10.2800000,35.812950,102.445540
1716611,"Guohala",574,48,"48S","48S2H1S1Q",2,2026-09-21 01:51:14.3930000,0,891,0,2026-09-21 01:51:14.3930000,35.805380,102.413820
1979578,"Midway",3584,233,"17T","17T2H5S4Q",2,2025-07-13 20:44:33.8900000,299,29909,0,2026-09-21 01:54:01.8730000,40.369240,-80.292840
1978870,"Primrose",3584,233,"17T","17T2H5S4Q",2,2024-11-21 21:10:15.7430000,300,98764,0,2026-09-21 01:54:08.8500000,40.355620,-80.267840
1977360,"Southview",3584,233,"17T","17T2H5S4Q",2,2024-11-21 21:10:30.1330000,300,98092,0,2026-09-21 01:54:19.1270000,40.327850,-80.258950
1977107,"Venice",3584,233,"17T","17T2H5S4Q",2,2024-11-21 06:16:12.6170000,300,101407,0,2026-09-21 01:54:32.2800000,40.321180,-80.218670
1973588,"Midland",3584,233,"17T","17T2H5S4Q",3,2013-06-30 03:28:45.8100000,300,8296,9878,2026-09-21 01:54:42.7570000,40.258960,-80.218110
1971496,"Rich Hill",3584,233,"17T","17T2H5S4Q",2,2025-07-04 02:12:07.0300000,300,25426,0,2026-09-21 01:55:07.4000000,40.216740,-80.231730
1971986,"Allison Park",3584,233,"17T","17T2H5S4Q",2,2025-04-25 19:46:05.2230000,300,34567,0,2026-09-21 01:55:22.6170000,40.229520,-80.242280
1971579,"Arden Mines",3584,233,"17T","17T2H5S4Q",3,2014-01-29 13:34:09.9700000,300,939,53401,2026-09-21 01:55:32.7170000,40.218680,-80.264500
1716439,"Guoshitan",574,48,"48S","48S2H1S1Q",2,2026-09-21 01:55:33.3530000,0,891,0,2026-09-21 01:55:33.3530000,35.802020,102.402890
1715973,"Xigou",574,48,"48S","48S2H1S1Q",2,2026-09-21 01:55:37.3830000,0,891,0,2026-09-21 01:55:37.3830000,35.795900,102.447440
1715192,"Xigougaozhi",574,48,"48S","48S2H1S1Q",2,2026-09-21 01:55:41.2930000,0,891,0,2026-09-21 01:55:41.2930000,35.782870,102.465960
1715178,"Gaozhi",574,48,"48S","48S2H1S1Q",2,2026-09-21 01:55:43.3930000,0,891,0,2026-09-21 01:55:43.3930000,35.782630,102.467760
2224384,"Union",3578,233,"10T","10T1H5S2Q",2,2022-10-27 00:05:21.7500000,0,3809,0,2026-09-21 01:56:39.9500000,45.707890,-122.551760
2836036,"Nuwuk",3581,233,"04W","04W1H3S2Q",2,2015-09-07 18:54:03.5630000,300,178120,0,2026-09-21 01:57:16.3970000,71.385560,-156.472220
2220795,"Ellsworth",3578,233,"10T","10T1H5S2Q",3,2024-01-22 17:28:33.1670000,0,0,1322990,2026-09-21 01:57:22.3700000,45.604010,-122.564260
2035084,"Sants",909,68,"31T","31T2H5S1Q",3,2024-04-16 12:07:23.5400000,0,0,16985,2026-09-21 01:58:10.1600000,41.374260,2.138260
2835581,"Prudhoe Bay",3581,233,"06W","06W1H1S4Q",2,2015-09-28 22:53:10.8500000,300,1392937,600,2026-09-21 01:58:25.9000000,70.255280,-148.337220
8037,"Bethanga",140,13,"55H","55H2H2S2Q",3,2026-09-21 01:58:43.1430000,0,0,4423,2026-09-21 01:58:46.8500000,-36.116670,147.100000
1611964,"Pasadena",3567,233,"11S","11S2H1S4Q",3,2013-09-22 03:46:51.4700000,1080,0,1362653,2026-09-21 01:59:20.3330000,34.147780,-118.144520
2053990,"Penelles",909,68,"31T","31T2H4S1Q",3,2026-09-21 01:59:37.9970000,0,0,1161,2026-09-21 01:59:37.9970000,41.750000,0.966670
2764506,"Churchill",452,38,"15V","15V2H1S4Q",2,2019-01-22 00:51:53.3900000,300,43486,0,2026-09-21 01:59:46.7270000,58.725410,-94.116820
1840561,"Rock City",3567,233,"10S","10S1H6S1Q",2,2021-03-15 01:19:11.7630000,0,3018861,0,2026-09-21 02:02:03.7130000,37.849650,-121.935510
1715124,"Laxiong",574,48,"48S","48S2H1S1Q",2,2026-09-21 02:02:06.9270000,0,891,0,2026-09-21 02:02:06.9270000,35.781480,102.397260
1841193,"Rheem",3567,233,"10S","10S1H5S2Q",2,2025-10-27 18:57:08.2570000,0,3024175,0,2026-09-21 02:02:51.6030000,37.860760,-122.127190
85675,"Estancia Beralinez",351,29,"19K","19K1H5S4Q",2,2026-09-21 02:03:28.3530000,0,774,0,2026-09-21 02:03:28.3530000,-19.200000,-68.566670
85676,"Pagador",351,29,"19K","19K1H5S4Q",2,2026-09-21 02:03:31.5100000,0,774,0,2026-09-21 02:03:31.5100000,-19.200000,-68.550000
458620,"Aubeangai",1497,118,"60M","60M1H1S1Q",2,2026-09-21 02:03:34.2670000,0,1024,0,2026-09-21 02:03:34.2670000,-0.686010,174.452740
85799,"Estancia Ckara Huano",351,29,"19K","19K1H5S4Q",2,2026-09-21 02:03:34.3000000,0,774,0,2026-09-21 02:03:34.3000000,-19.183330,-68.533330
458770,"Matang Village",1497,118,"60M","60M1H1S1Q",2,2026-09-21 02:03:37.0800000,0,1024,0,2026-09-21 02:03:37.0800000,-0.670580,174.449540
85233,"Cote",351,29,"19K","19K1H5S4Q",2,2026-09-21 02:03:37.5500000,0,347,0,2026-09-21 02:03:37.5500000,-19.266670,-68.533330
85800,"Estancia Casinquira",351,29,"19K","19K1H5S4Q",2,2026-09-21 02:03:43.6070000,0,774,0,2026-09-21 02:03:43.6070000,-19.183330,-68.466670
1382926,"Bear Creek Village",3549,233,"15R","15R1H4S1Q",1,2021-09-10 12:50:12.1030000,720435,0,0,2026-09-21 02:05:26.3870000,29.846200,-95.638600
1400737,"Rollingwood",3549,233,"14R","14R1H3S3Q",1,2010-01-01 00:00:00.0000000,1000103,360,0,2026-09-21 02:06:01.3200000,30.276870,-97.791120
1714769,"Laxun",574,48,"48S","48S2H1S1Q",2,2026-09-21 02:08:26.2930000,0,891,0,2026-09-21 02:08:26.2930000,35.774730,102.380890
1714203,"Lamu",574,48,"48S","48S2H1S1Q",2,2026-09-21 02:08:28.0600000,0,893,0,2026-09-21 02:08:28.0600000,35.765350,102.374670
1714067,"Yari",574,48,"48S","48S2H1S1Q",2,2026-09-21 02:08:30.0800000,0,891,0,2026-09-21 02:08:30.0800000,35.762700,102.351280
1714107,"Maoyu",574,48,"48S","48S2H1S1Q",2,2026-09-21 02:08:32.4470000,0,891,0,2026-09-21 02:08:32.4470000,35.763520,102.349590
1714925,"Chouzi",574,48,"48S","48S2H1S1Q",2,2026-09-21 02:08:33.4930000,0,891,0,2026-09-21 02:08:33.4930000,35.777410,102.333330
1716083,"Yanglangtang",574,48,"48S","48S2H1S1Q",2,2026-09-21 02:08:36.1770000,0,891,0,2026-09-21 02:08:36.1770000,35.797870,102.317150
1714239,"Xiangsha",574,48,"48S","48S2H1S1Q",2,2026-09-21 02:08:38.1870000,0,891,0,2026-09-21 02:08:38.1870000,35.765950,102.285170
1713708,"Hewa",574,48,"48S","48S2H1S1Q",2,2026-09-21 02:08:40.2330000,0,891,0,2026-09-21 02:08:40.2330000,35.756150,102.322590
1269632,"Zhidong",592,48,"48R","48R2H3S3Q",2,2026-09-21 02:08:51.1100000,0,914,0,2026-09-21 02:08:51.1100000,26.725000,106.116670
1270472,"Jinjiaba",592,48,"48R","48R2H3S3Q",2,2026-09-21 02:08:55.2570000,0,914,0,2026-09-21 02:08:55.2570000,26.750000,106.133330
1270471,"Huawu",592,48,"48R","48R2H3S3Q",2,2026-09-21 02:08:56.6130000,0,914,0,2026-09-21 02:08:56.6130000,26.750000,106.100000
1273381,"Yachi",592,48,"48R","48R2H3S3Q",2,2026-09-21 02:08:59.5200000,0,913,0,2026-09-21 02:08:59.5200000,26.833330,106.166670
1271035,"Longchang",592,48,"48R","48R2H3S3Q",2,2026-09-21 02:09:04.9430000,0,913,0,2026-09-21 02:09:04.9430000,26.766670,106.066670
1271603,"Daping",592,48,"48R","48R2H3S3Q",2,2026-09-21 02:09:06.3830000,0,913,0,2026-09-21 02:09:06.3830000,26.783330,106.025000
1273380,"Yangchang",592,48,"48R","48R2H3S3Q",2,2026-09-21 02:09:09.8970000,0,913,0,2026-09-21 02:09:09.8970000,26.833330,106.058330
1273379,"Yangchang",592,48,"48R","48R2H3S3Q",2,2026-09-21 02:09:11.8170000,0,913,0,2026-09-21 02:09:11.8170000,26.833330,106.000000
2265428,"Outing",3558,233,"15T","15T1H2S3Q",3,2026-09-21 02:14:09.3500000,0,0,947,2026-09-21 02:14:09.3500000,46.820510,-93.948030
1591553,"Southwest Village",3567,233,"11S","11S2H4S2Q",3,2013-12-09 22:30:27.0700000,1080,0,1089362,2026-09-21 02:14:56.2030000,33.846680,-118.310350
2066122,"Woodruff",3573,233,"12T","12T2H1S4Q",2,2026-09-21 02:18:09.9300000,0,746,0,2026-09-21 02:18:09.9300000,42.036030,-112.214680
2047091,"Mount Sterling",3571,233,"12T","12T2H5S1Q",2,2026-09-21 02:18:18.0030000,0,790,0,2026-09-21 02:18:18.0030000,41.609660,-111.937170
85569,"Estancia Kalasaya",351,29,"19K","19K1H5S4Q",2,2026-09-21 02:18:32.7470000,0,773,0,2026-09-21 02:18:32.7470000,-19.216670,-68.416670
85570,"Cumujo",351,29,"19K","19K1H5S4Q",2,2026-09-21 02:18:35.9530000,0,773,0,2026-09-21 02:18:35.9530000,-19.216670,-68.400000
85677,"Villa Vitalina",351,29,"19K","19K1H5S4Q",2,2026-09-21 02:18:39.2670000,0,773,0,2026-09-21 02:18:39.2670000,-19.200000,-68.350000
85236,"Estancia Vila Kkollu",351,29,"19K","19K1H5S4Q",2,2026-09-21 02:18:42.2300000,0,772,0,2026-09-21 02:18:42.2300000,-19.266670,-68.333330
85235,"Estancia Lursilla",351,29,"19K","19K1H5S4Q",2,2026-09-21 02:18:45.1830000,0,772,0,2026-09-21 02:18:45.1830000,-19.266670,-68.350000
2252839,"Enloe",3575,233,"14T","14T1H3S4Q",2,2014-10-16 13:25:28.6370000,0,2050174,0,2026-09-21 02:19:12.2170000,46.499680,-96.757580
2254606,"Walcott",3575,233,"14T","14T1H3S4Q",2,2015-01-22 23:39:58.6600000,0,2109649,0,2026-09-21 02:19:22.0230000,46.548850,-96.936750
2293814,"Highline",3578,233,"10T","10T1H2S2Q",2,2020-11-26 16:55:14.4700000,0,1382214,0,2026-09-21 02:20:21.0170000,47.473430,-122.324290
1401534,"Lost Creek",3549,233,"14R","14R1H3S3Q",2,2024-10-15 07:19:58.3230000,0,504240,0,2026-09-21 02:21:05.2970000,30.295480,-97.844450
2300027,"Seattle",3578,233,"10T","10T1H2S2Q",2,2014-05-30 22:29:37.0730000,0,20061258,0,2026-09-21 02:21:08.8530000,47.606210,-122.332070
2299945,"Yesler Terrace",3578,233,"10T","10T1H2S2Q",2,2013-05-27 05:19:11.2270000,0,1304006,0,2026-09-21 02:21:15.5000000,47.600930,-122.315960
2300048,"Madrona",3578,233,"10T","10T1H2S2Q",2,2014-06-08 03:16:32.4870000,0,1303603,0,2026-09-21 02:21:21.0270000,47.608150,-122.295400
2300845,"Capitol Hill",3578,233,"10T","10T1H2S2Q",2,2023-06-08 17:34:13.9830000,0,2229524,0,2026-09-21 02:21:27.3230000,47.623430,-122.319570
2301570,"Broadway",3578,233,"10T","10T1H2S2Q",2,2015-05-20 04:55:45.1200000,0,1304738,0,2026-09-21 02:21:32.9470000,47.633990,-122.325400
2301742,"North Broadway",3578,233,"10T","10T1H2S2Q",2,2022-04-22 06:18:21.1170000,0,1409258,0,2026-09-21 02:21:37.6800000,47.646210,-122.320400
2302440,"Wallingford",3578,233,"10T","10T1H2S2Q",2,2013-05-23 03:01:56.2800000,0,1926156,0,2026-09-21 02:21:41.7600000,47.655650,-122.327630
2302509,"University District",3578,233,"10T","10T1H2S2Q",2,2013-04-15 04:53:28.2400000,0,1307774,0,2026-09-21 02:21:47.4370000,47.660280,-122.311670
2303207,"Meridian",3578,233,"10T","10T1H2S2Q",2,2013-05-28 00:44:14.9170000,0,1321192,0,2026-09-21 02:22:12.0600000,47.669540,-122.330400
1713392,"Wangcangma",574,48,"48S","48S2H1S1Q",2,2026-09-21 02:26:14.2730000,0,891,0,2026-09-21 02:26:14.2730000,35.750340,102.314220
1713038,"Deheidusi",574,48,"48S","48S2H1S1Q",2,2026-09-21 02:26:15.2470000,0,891,0,2026-09-21 02:26:15.2470000,35.745460,102.324460
1713668,"Chani",574,48,"48S","48S2H1S1Q",2,2026-09-21 02:26:16.9030000,0,891,0,2026-09-21 02:26:16.9030000,35.755500,102.333760
1713243,"Ladai",574,48,"48S","48S2H1S1Q",2,2026-09-21 02:26:18.5600000,0,891,0,2026-09-21 02:26:18.5600000,35.749700,102.344700
1713611,"Danma",574,48,"48S","48S2H1S1Q",2,2026-09-21 02:26:20.4070000,0,891,0,2026-09-21 02:26:20.4070000,35.754420,102.352710
1713487,"Xiangyu",574,48,"48S","48S2H1S1Q",2,2026-09-21 02:26:22.2570000,0,891,0,2026-09-21 02:26:22.2570000,35.752180,102.370640
1712757,"Rimaxiang",574,48,"48S","48S2H1S1Q",2,2026-09-21 02:26:27.3870000,0,891,0,2026-09-21 02:26:27.3870000,35.739940,102.360680
1712769,"Baicaomao",574,48,"48S","48S2H1S1Q",2,2026-09-21 02:26:29.6030000,0,893,0,2026-09-21 02:26:29.6030000,35.740180,102.377120
1393522,"Hempstead",3549,233,"14R","14R1H3S4Q",1,2013-10-26 17:12:27.1870000,18335702,0,0,2026-09-21 02:26:59.4130000,30.097440,-96.078290
1623355,"Fairview",3567,233,"11S","11S2H1S4Q",3,2026-09-21 02:28:44.2800000,0,0,928,2026-09-21 02:28:44.2830000,34.315280,-118.914820
1956528,"East Camden",3561,233,"18S","18S1H2S1Q",3,2026-03-03 12:08:22.6500000,0,2400,528018,2026-09-21 02:31:28.8170000,39.952890,-75.101560
474210,"Los Lirios",615,49,"18N","18N2H4S3Q",3,2026-09-21 02:31:57.9900000,0,0,1200,2026-09-21 02:31:57.9930000,0.879720,-77.800830
474140,"Cuayar",615,49,"18N","18N2H4S3Q",3,2026-09-21 02:32:03.4170000,0,0,1200,2026-09-21 02:32:03.4170000,0.873060,-77.793610
474113,"Las Playas Luminadas",615,49,"18N","18N2H4S3Q",3,2026-09-21 02:32:08.4430000,0,0,1200,2026-09-21 02:32:08.4430000,0.869440,-77.788330
473894,"El Salado",615,49,"18N","18N2H4S3Q",3,2026-09-21 02:32:12.2300000,0,0,1200,2026-09-21 02:32:12.2300000,0.851670,-77.791940
473672,"La Playa",615,49,"18N","18N2H4S3Q",3,2026-09-21 02:32:31.2370000,0,0,1200,2026-09-21 02:32:31.2370000,0.833610,-77.808610
473768,"Cuaichala",615,49,"18N","18N2H4S3Q",3,2026-09-21 02:32:35.9000000,0,0,1200,2026-09-21 02:32:35.9000000,0.845560,-77.844440
473556,"San Francisco",615,49,"18N","18N2H4S3Q",3,2026-09-21 02:32:39.2130000,0,0,1200,2026-09-21 02:32:39.2130000,0.832780,-77.840560
473520,"Caserio Nasate",615,49,"18N","18N2H4S3Q",3,2026-09-21 02:32:42.9170000,0,0,1200,2026-09-21 02:32:42.9170000,0.826940,-77.836110
12629,"The Glebe",143,13,"56H","56H1H1S4Q",2,2026-09-05 21:37:44.4300000,0,4440973,0,2026-09-21 02:33:07.8830000,-33.879440,151.186390
458926,"Autukia Village",1497,118,"60M","60M1H1S1Q",2,2026-09-21 02:33:32.7970000,0,1024,0,2026-09-21 02:33:32.7970000,-0.650780,174.437150
459165,"Rotuma Village",1497,118,"60M","60M1H1S1Q",2,2026-09-21 02:33:36.8370000,0,1024,0,2026-09-21 02:33:36.8370000,-0.631250,174.414330
84979,"Chiza",351,29,"19K","19K1H5S4Q",2,2026-09-21 02:33:38.5730000,0,772,0,2026-09-21 02:33:38.5730000,-19.300000,-68.366670
459421,"Temanoku Village",1497,118,"60M","60M1H1S1Q",2,2026-09-21 02:33:39.1900000,0,1024,0,2026-09-21 02:33:39.1900000,-0.599090,174.378300
84847,"Allituma",351,29,"19K","19K1H5S4Q",2,2026-09-21 02:33:41.5170000,0,772,0,2026-09-21 02:33:41.5170000,-19.316670,-68.366670
459448,"Buariki",1497,118,"60M","60M1H1S1Q",2,2026-09-21 02:33:42.4270000,0,1024,0,2026-09-21 02:33:42.4270000,-0.587940,174.364800
459566,"Teuabu Village",1497,118,"60M","60M1H1S1Q",2,2026-09-21 02:33:45.0900000,0,1024,0,2026-09-21 02:33:45.0930000,-0.581130,174.350910
459722,"Benuaroa Village",1497,118,"60M","60M1H1S1Q",2,2026-09-21 02:33:48.3700000,0,1024,0,2026-09-21 02:33:48.3700000,-0.563690,174.308480
84153,"Pacoma",549,46,"19K","19K1H5S4Q",2,2026-09-21 02:33:49.2230000,0,927,0,2026-09-21 02:33:49.2230000,-19.416670,-68.433330
83915,"Banaguano",549,46,"19K","19K1H5S4Q",2,2026-09-21 02:33:54.5100000,0,972,0,2026-09-21 02:33:54.5100000,-19.450000,-68.450000
84152,"Challuma",549,46,"19K","19K1H5S4Q",2,2026-09-21 02:33:59.5200000,0,957,0,2026-09-21 02:33:59.5200000,-19.416670,-68.483330
1275958,"Hongyan",592,48,"48R","48R2H2S4Q",2,2026-09-21 02:35:29.0270000,0,452,0,2026-09-21 02:35:29.0270000,26.908330,105.983330
1277420,"Shawo",592,48,"48R","48R2H2S4Q",2,2026-09-21 02:35:32.8000000,0,912,0,2026-09-21 02:35:32.8000000,26.950000,105.950000
1273610,"Shajing",592,48,"48R","48R2H2S4Q",2,2026-09-21 02:35:36.0200000,0,913,0,2026-09-21 02:35:36.0200000,26.841670,105.950000
1273378,"Longkun",592,48,"48R","48R2H2S4Q",2,2026-09-21 02:35:37.5500000,0,913,0,2026-09-21 02:35:37.5500000,26.833330,105.983330
1272432,"Gaopo",592,48,"48R","48R2H2S4Q",2,2026-09-21 02:35:40.3130000,0,913,0,2026-09-21 02:35:40.3130000,26.808330,105.966670
1271034,"Nayong",592,48,"48R","48R2H2S4Q",2,2026-09-21 02:35:42.8000000,0,913,0,2026-09-21 02:35:42.8000000,26.766670,105.983330
1272194,"Yang'er",592,48,"48R","48R2H2S4Q",2,2026-09-21 02:35:45.2470000,0,913,0,2026-09-21 02:35:45.2470000,26.800000,105.933330
1273377,"Huangni",592,48,"48R","48R2H2S4Q",2,2026-09-21 02:35:48.4000000,0,912,0,2026-09-21 02:35:48.4000000,26.833330,105.900000
452289,"Muribenua Village",1497,118,"60M","60M1H2S3Q",2,2026-09-21 02:35:57.8030000,0,1017,0,2026-09-21 02:35:57.8030000,-1.324170,176.415810
1712031,"A'erde",574,48,"48S","48S2H1S1Q",2,2026-09-21 02:36:06.5170000,0,891,0,2026-09-21 02:36:06.5170000,35.727530,102.364210
1712263,"Sanwulaka",574,48,"48S","48S2H1S1Q",2,2026-09-21 02:36:08.5700000,0,891,0,2026-09-21 02:36:08.5700000,35.731940,102.374080
1711342,"Dugusi",574,48,"48S","48S2H1S1Q",2,2026-09-21 02:36:10.3230000,0,891,0,2026-09-21 02:36:10.3230000,35.715750,102.357090
1711309,"Shamusi",574,48,"48S","48S2H1S1Q",2,2026-09-21 02:36:12.4700000,0,891,0,2026-09-21 02:36:12.4700000,35.715170,102.395140
1712137,"Nianzang",574,48,"48S","48S2H1S1Q",2,2026-09-21 02:36:14.4100000,0,893,0,2026-09-21 02:36:14.4100000,35.729410,102.395900
1713519,"WaLongwa",574,48,"48S","48S2H1S1Q",2,2026-09-21 02:36:16.3870000,0,893,0,2026-09-21 02:36:16.3870000,35.752570,102.404130
1713912,"Xiuzang",574,48,"48S","48S2H1S1Q",2,2026-09-21 02:36:18.2200000,0,893,0,2026-09-21 02:36:18.2200000,35.760040,102.408580
1713575,"Gama",574,48,"48S","48S2H1S1Q",2,2026-09-21 02:36:20.2100000,0,893,0,2026-09-21 02:36:20.2100000,35.753650,102.413600
1611687,"Agoura",3567,233,"11S","11S2H1S4Q",1,2026-09-21 02:39:19.7900000,1030,0,0,2026-09-21 02:39:19.7900000,34.143060,-118.737870
2303202,"Szentendre",1217,100,"34T","34T1H1S2Q",2,2022-01-25 14:32:03.2800000,0,2007806,300,2026-09-21 02:40:46.7270000,47.669430,19.075610
452269,"Tabutoa Village",1497,118,"60M","60M1H2S3Q",2,2026-09-21 02:42:19.2930000,0,1017,0,2026-09-21 02:42:19.2930000,-1.331760,176.423740
452127,"Rungata",1497,118,"60M","60M1H2S3Q",2,2026-09-21 02:42:24.1900000,0,1017,0,2026-09-21 02:42:24.1900000,-1.342440,176.435670
2448556,"Rhees",255,20,"31U","31U2H3S4Q",1,2023-08-18 14:39:24.1500000,102879,0,0,2026-09-21 02:43:14.2370000,50.679530,5.624640
2208121,"Andover",3558,233,"15T","15T1H5S1Q",1,2013-08-03 22:56:36.1400000,3449563,0,0,2026-09-21 02:44:42.1970000,45.233300,-93.291340
2111496,"Alene",3562,233,"18T","18T2H2S1Q",1,2021-04-22 13:20:53.4700000,103034,0,0,2026-09-21 02:44:48.6230000,43.012290,-75.736850
1605800,"New Home",3551,233,"16S","16S2H2S4Q",1,2026-09-21 02:45:07.9470000,1365,0,0,2026-09-21 02:45:10.0170000,34.052870,-86.363040
2410845,"Siepraw",2439,180,"34U","34U2H4S2Q",3,2017-06-05 20:06:56.0230000,0,0,2018802,2026-09-21 02:45:26.5030000,49.914370,19.958640
474201,"San Jose",615,49,"18N","18N2H4S3Q",3,2026-09-21 02:48:54.0130000,0,0,1200,2026-09-21 02:48:54.0130000,0.879170,-77.807780
451965,"Manriki Village",1497,118,"60M","60M1H2S3Q",2,2026-09-21 02:48:56.2030000,0,1017,0,2026-09-21 02:48:56.2030000,-1.355670,176.450980
474139,"El Espino",615,49,"18N","18N2H4S3Q",3,2026-09-21 02:48:57.8030000,0,0,1200,2026-09-21 02:48:57.8030000,0.873060,-77.807220
451604,"Nikumanu Village",1497,118,"60M","60M1H2S3Q",2,2026-09-21 02:49:01.6000000,0,1017,0,2026-09-21 02:49:01.6000000,-1.383690,176.474310
474154,"La Union",615,49,"18N","18N2H4S3Q",3,2026-09-21 02:49:01.7500000,0,0,1200,2026-09-21 02:49:01.7500000,0.874720,-77.810000
451503,"Tabomatang Village",1497,118,"60M","60M1H2S3Q",2,2026-09-21 02:49:05.3270000,0,1017,0,2026-09-21 02:49:05.3270000,-1.397110,176.481180
473977,"Panan",615,49,"18N","18N2H4S3Q",3,2026-09-21 02:49:05.6270000,0,0,1200,2026-09-21 02:49:05.6270000,0.861940,-77.814720
473930,"El Sancio",615,49,"18N","18N2H4S3Q",3,2026-09-21 02:49:09.8500000,0,0,1200,2026-09-21 02:49:09.8500000,0.856390,-77.809720
1712723,"Yaxun",574,48,"48S","48S2H1S1Q",2,2026-09-21 02:49:22.4200000,0,891,0,2026-09-21 02:49:22.4200000,35.739360,102.422950
473890,"La Poma",615,49,"18N","18N2H4S3Q",3,2026-09-21 02:49:23.2070000,0,0,1200,2026-09-21 02:49:23.2070000,0.850830,-77.823330
1712077,"Jiangjia",574,48,"48S","48S2H1S1Q",2,2026-09-21 02:49:24.2300000,0,891,0,2026-09-21 02:49:24.2300000,35.728560,102.430930
1711859,"Xunwa",574,48,"48S","48S2H1S1Q",2,2026-09-21 02:49:26.0470000,0,893,0,2026-09-21 02:49:26.0470000,35.723830,102.427240
473720,"El Mirador",615,49,"18N","18N2H4S3Q",3,2026-09-21 02:49:26.6300000,0,0,1200,2026-09-21 02:49:26.6300000,0.838890,-77.822780
1711156,"Rimang",574,48,"48S","48S2H1S1Q",2,2026-09-21 02:49:27.8770000,0,891,0,2026-09-21 02:49:27.8770000,35.712170,102.433880
1711113,"Nisai",574,48,"48S","48S2H1S1Q",2,2026-09-21 02:49:29.9130000,0,892,0,2026-09-21 02:49:29.9130000,35.711280,102.439260
1710771,"Waku",574,48,"48S","48S2H1S1Q",2,2026-09-21 02:49:31.6230000,0,892,0,2026-09-21 02:49:31.6230000,35.704960,102.434790
1710794,"Dongka",574,48,"48S","48S2H1S1Q",2,2026-09-21 02:49:33.3970000,0,893,0,2026-09-21 02:49:33.3970000,35.705440,102.424410
1710532,"Kangmusi",574,48,"48S","48S2H1S1Q",2,2026-09-21 02:49:35.2970000,0,892,0,2026-09-21 02:49:35.2970000,35.700400,102.424280
84151,"Panavinto",549,46,"19K","19K1H5S4Q",2,2026-09-21 02:49:48.0930000,0,927,0,2026-09-21 02:49:48.0930000,-19.416670,-68.500000
1276301,"Jizhong",592,48,"48R","48R2H2S4Q",2,2026-09-21 02:49:51.1800000,0,912,0,2026-09-21 02:49:51.1800000,26.916670,105.850000
84150,"Chapi",549,46,"19K","19K1H5S4Q",2,2026-09-21 02:49:51.9130000,0,957,0,2026-09-21 02:49:51.9130000,-19.416670,-68.516670
1278023,"Aoshui",592,48,"48R","48R2H2S4Q",2,2026-09-21 02:49:56.5000000,0,911,0,2026-09-21 02:49:56.5000000,26.966670,105.800000
84277,"Vinara",549,46,"19K","19K1H5S4Q",2,2026-09-21 02:49:56.5900000,0,915,0,2026-09-21 02:49:56.5900000,-19.400000,-68.516670
1275718,"Shagui",592,48,"48R","48R2H2S4Q",2,2026-09-21 02:49:56.5900000,0,912,0,2026-09-21 02:49:56.5900000,26.900000,105.816670
84276,"Tilluma",549,46,"19K","19K1H5S4Q",2,2026-09-21 02:49:59.3370000,0,927,0,2026-09-21 02:49:59.3370000,-19.400000,-68.533330
1274560,"Babu",592,48,"48R","48R2H2S4Q",2,2026-09-21 02:49:59.5200000,0,912,0,2026-09-21 02:49:59.5200000,26.866670,105.800000
1610228,"Snead",3551,233,"16S","16S2H2S4Q",2,2026-09-20 20:41:41.2530000,0,53650,0,2026-09-21 02:50:00.4870000,34.119540,-86.395540
84392,"Vilacollo",549,46,"19K","19K1H5S4Q",2,2026-09-21 02:50:05.6870000,0,915,0,2026-09-21 02:50:05.6870000,-19.383330,-68.533330
1274559,"Chadian",592,48,"48R","48R2H2S4Q",2,2026-09-21 02:50:05.8970000,0,912,0,2026-09-21 02:50:05.8970000,26.866670,105.766670
2561085,"Church Leigh",979,77,"30U","30U1H6S3Q",2,2023-05-31 15:17:58.4400000,0,99565,0,2026-09-21 02:50:25.9870000,52.916670,-1.966670
2303285,"Ravenna",3578,233,"10T","10T1H2S2Q",1,2013-06-23 00:01:22.5100000,3748925,0,0,2026-09-21 02:52:28.9370000,47.675650,-122.297630
2305068,"Pinehurst",3578,233,"10T","10T1H2S2Q",1,2013-04-09 01:21:22.9730000,4446459,0,0,2026-09-21 02:52:42.5370000,47.716490,-122.308180
2308912,"Brier",3578,233,"10T","10T1H2S2Q",2,2016-07-01 21:33:23.6270000,0,1664140,0,2026-09-21 02:53:29.7600000,47.784540,-122.274290
2305799,"Kenwood",3578,233,"10T","10T1H2S2Q",2,2014-06-14 01:08:35.8500000,0,1617829,0,2026-09-21 02:55:04.5300000,47.730380,-122.298180
1840115,"Alamo Oaks",3567,233,"10S","10S1H6S1Q",2,2023-07-16 15:48:37.8930000,0,3007109,1551,2026-09-21 02:55:09.3100000,37.839370,-121.993020
1833745,"San Ramon Village",3567,233,"10S","10S1H6S1Q",2,2024-08-15 22:28:45.8600000,0,3893610,0,2026-09-21 02:55:32.7070000,37.721320,-121.929960
1619896,"Granada Hills",3567,233,"11S","11S2H1S4Q",1,2026-09-21 02:57:08.4500000,1106,0,0,2026-09-21 02:57:08.4500000,34.264720,-118.523140
2303001,"Puspokmajor",1217,100,"34T","34T1H1S2Q",3,2024-12-30 10:40:23.5900000,0,0,2663473,2026-09-21 02:58:06.2400000,47.666670,19.066670
1868789,"Walmort",3567,233,"10S","10S1H3S3Q",3,2026-09-15 17:30:11.1130000,0,178112,1494833,2026-09-21 02:58:18.1900000,38.380470,-121.244110
529802,"Abaiang Village",1498,118,"04N","04N1H4S4Q",2,2026-09-21 03:01:16.6830000,0,514,0,2026-09-21 03:01:16.6830000,4.688830,-160.365970
529825,"Kauamwmwe Village",1498,118,"04N","04N1H4S4Q",2,2026-09-21 03:01:21.3270000,0,514,0,2026-09-21 03:01:21.3270000,4.690530,-160.371210
529864,"Uteute Village",1498,118,"04N","04N1H4S4Q",2,2026-09-21 03:01:24.4700000,0,514,0,2026-09-21 03:01:24.4700000,4.693840,-160.378140
529897,"Tekaitara Village",1498,118,"04N","04N1H4S4Q",2,2026-09-21 03:01:29.5600000,0,514,0,2026-09-21 03:01:29.5600000,4.697170,-160.387240
529893,"Tanekore Village",1498,118,"04N","04N1H4S4Q",2,2026-09-21 03:01:37.9970000,0,514,0,2026-09-21 03:01:37.9970000,4.696830,-160.405570
1896682,"Bloomingdale",3536,233,"18S","18S1H1S3Q",1,2015-05-03 19:30:24.5100000,1012751,0,0,2026-09-21 03:02:11.9500000,38.916780,-77.011370
1276532,"Dianzi",592,48,"48R","48R2H2S4Q",2,2026-09-21 03:03:52.9700000,0,912,0,2026-09-21 03:03:52.9700000,26.925000,105.758330
1276300,"Jinlong",592,48,"48R","48R2H2S4Q",2,2026-09-21 03:03:55.3600000,0,911,0,2026-09-21 03:03:55.3600000,26.916670,105.666670
1275144,"Baoying",592,48,"48R","48R2H2S4Q",2,2026-09-21 03:03:57.9930000,0,912,0,2026-09-21 03:03:57.9930000,26.883330,105.700000
1274183,"Haima",592,48,"48R","48R2H2S4Q",2,2026-09-21 03:03:59.8170000,0,912,0,2026-09-21 03:03:59.8170000,26.858330,105.733330
2741841,"Strashnaya",2662,192,"40V","40V2H5S1Q",2,2023-07-09 00:52:32.2300000,0,1307151,0,2026-09-21 03:04:12.0100000,57.898060,56.061940
1713899,"Mengdashan",574,48,"48S","48S2H1S1Q",2,2026-09-21 03:04:17.7370000,0,891,0,2026-09-21 03:04:17.7370000,35.759850,102.451220
2742240,"Sokol",2662,192,"40V","40V2H5S1Q",2,2023-07-09 00:33:32.6170000,0,1427882,0,2026-09-21 03:04:18.1500000,57.911110,56.046110
2743247,"Khemeli",2662,192,"40V","40V2H5S1Q",2,2023-07-30 06:07:44.2230000,0,58701,0,2026-09-21 03:04:25.5830000,57.945280,56.085830
1713056,"Qihekia",574,48,"48S","48S2H1S1Q",2,2026-09-21 03:04:26.6400000,0,891,0,2026-09-21 03:04:26.6400000,35.745770,102.450180
1712134,"Bolisai",574,48,"48S","48S2H1S1Q",2,2026-09-21 03:04:29.4230000,0,892,0,2026-09-21 03:04:29.4230000,35.729380,102.469290
1711137,"Qiangning",574,48,"48S","48S2H1S1Q",2,2026-09-21 03:04:31.6130000,0,892,0,2026-09-21 03:04:31.6130000,35.711620,102.474170
1711172,"Qumuri",574,48,"48S","48S2H1S1Q",2,2026-09-21 03:04:33.2230000,0,892,0,2026-09-21 03:04:33.2230000,35.712560,102.495310
1710102,"Mari",574,48,"48S","48S2H1S1Q",2,2026-09-21 03:04:34.9570000,0,892,0,2026-09-21 03:04:34.9570000,35.694560,102.509240
2742186,"Ustinovo",2662,192,"40V","40V2H5S1Q",2,2023-08-16 20:00:54.8470000,0,14714,0,2026-09-21 03:04:36.1200000,57.908610,56.205830
1708946,"Xiechang",574,48,"48S","48S2H1S1Q",2,2026-09-21 03:04:36.8900000,0,892,0,2026-09-21 03:04:36.8900000,35.673280,102.499700
1709751,"Wuke",574,48,"48S","48S2H1S1Q",2,2026-09-21 03:04:42.9070000,0,892,0,2026-09-21 03:04:42.9070000,35.687570,102.526720
84391,"Usiga",549,46,"19K","19K1H5S4Q",2,2026-09-21 03:04:51.1370000,0,915,0,2026-09-21 03:04:51.1370000,-19.383330,-68.633330
84846,"Toctosaya",549,46,"19K","19K1H5S4Q",2,2026-09-21 03:04:56.6600000,0,915,0,2026-09-21 03:04:56.6600000,-19.316670,-68.683330
2740369,"Khalamovo",2662,192,"40V","40V2H5S1Q",2,2023-07-26 03:54:04.9300000,0,1002554,0,2026-09-21 03:04:58.2970000,57.844440,56.203330
84148,"Cutiguano",549,46,"19K","19K1H5S4Q",2,2026-09-21 03:04:58.3300000,0,930,0,2026-09-21 03:04:58.3300000,-19.416670,-68.616670
84149,"Ancovinto",549,46,"19K","19K1H5S4Q",2,2026-09-21 03:05:01.5430000,0,972,0,2026-09-21 03:05:01.5430000,-19.416670,-68.583330
84022,"Chigo",549,46,"19K","19K1H5S4Q",2,2026-09-21 03:05:04.9170000,0,957,0,2026-09-21 03:05:04.9170000,-19.433330,-68.616670
2740877,"Zarechnaya",2662,192,"40V","40V2H5S1Q",2,2023-07-26 03:54:29.8300000,0,1027531,0,2026-09-21 03:05:05.4200000,57.862780,56.058060
2741790,"Ket'",2662,192,"40V","40V2H5S1Q",2,2023-07-26 03:01:12.7200000,0,19538,0,2026-09-21 03:05:17.3730000,57.894720,56.004440
2290315,"Vecses",1217,100,"34T","34T1H1S2Q",3,2026-09-06 18:29:53.3900000,0,0,6857,2026-09-21 03:05:18.2500000,47.400000,19.283330
2741823,"Kety",2662,192,"40V","40V2H4S2Q",2,2023-07-26 03:01:06.8430000,0,13495,0,2026-09-21 03:05:22.3900000,57.896670,55.996670
2742208,"Shumki",2662,192,"40V","40V2H4S2Q",2,2023-08-28 22:31:30.3630000,0,59650,0,2026-09-21 03:05:36.6330000,57.909440,55.960830
1896455,"LeDroit Park",3536,233,"18S","18S1H1S3Q",3,2025-06-24 19:07:13.9670000,119400,0,618299,2026-09-21 03:05:43.9200000,38.915940,-77.015810
529823,"Matanibike Village",1498,118,"04N","04N1H4S4Q",3,2021-04-19 02:39:55.1200000,0,855,1118,2026-09-21 03:06:27.8430000,4.690480,-160.408950
529553,"Arabata Village",1498,118,"04N","04N1H4S4Q",3,2021-04-19 02:39:50.0800000,0,855,1118,2026-09-21 03:06:38.7530000,4.679510,-160.397430
2030838,"Elkhorn",3559,233,"14T","14T2H6S2Q",2,2025-08-01 19:15:39.2330000,0,1276269,0,2026-09-21 03:06:58.5630000,41.286390,-96.234470
1917190,"Point of Rocks",3542,233,"18S","18S1H1S1Q",3,2026-08-28 11:28:18.0230000,0,0,3637,2026-09-21 03:07:55.3200000,39.275940,-77.539150
1839173,"Danville",3567,233,"10S","10S1H6S1Q",2,2023-12-01 01:25:29.6600000,0,3060974,0,2026-09-21 03:08:11.9870000,37.821590,-121.999960
1919979,"Sandy Hook",3542,233,"18S","18S1H1S1Q",2,2025-10-04 01:07:56.8100000,0,7005,517,2026-09-21 03:08:30.9000000,39.325930,-77.710550
1889373,"Cedar Knolls",3585,233,"18S","18S1H1S3Q",1,2019-01-28 04:18:17.4270000,6244,0,3948,2026-09-21 03:09:18.8000000,38.776500,-77.553600
8083,"Talgarno",140,13,"55H","55H2H2S2Q",3,2026-09-21 03:09:18.6900000,0,0,3114,2026-09-21 03:09:21.2030000,-36.083330,147.166670
2303240,"Phinney Ridge",3578,233,"10T","10T1H2S2Q",2,2024-02-07 05:30:58.0270000,0,1485705,0,2026-09-21 03:09:23.3170000,47.672320,-122.360680
2303218,"Adams",3578,233,"10T","10T1H2S2Q",2,2017-04-04 02:10:18.5000000,0,1308640,0,2026-09-21 03:09:30.5400000,47.670280,-122.388060
1890920,"Zouave Hills",3585,233,"18S","18S1H1S3Q",3,2026-09-21 03:09:32.3500000,0,0,787,2026-09-21 03:09:32.3500000,38.807060,-77.547770
2301667,"Interbay",3578,233,"10T","10T1H2S2Q",2,2014-10-24 00:08:41.1600000,0,1305001,0,2026-09-21 03:09:43.7800000,47.641210,-122.395960
1890820,"Kennard Ridge",3585,233,"18S","18S1H1S3Q",2,2025-10-04 22:46:25.5300000,0,7500,5834,2026-09-21 03:09:45.2400000,38.804560,-77.647210
2301761,"Boddy",3578,233,"10T","10T1H2S2Q",2,2013-02-18 07:03:28.2070000,0,1421664,0,2026-09-21 03:10:24.6930000,47.647040,-122.229850
473907,"La Puequera",615,49,"18N","18N2H4S3Q",3,2026-09-21 02:49:19.2800000,0,0,2400,2026-09-21 03:13:55.8700000,0.853610,-77.815560
473790,"Panan",615,49,"18N","18N2H4S3Q",3,2026-09-21 03:14:00.2400000,0,0,1200,2026-09-21 03:14:00.2400000,0.850000,-77.816670
473919,"El Tambo",615,49,"18N","18N2H4S3Q",3,2026-09-21 03:14:03.5230000,0,0,1200,2026-09-21 03:14:03.5270000,0.855830,-77.834440
473746,"El Chorro",615,49,"18N","18N2H4S3Q",3,2026-09-21 03:14:06.9200000,0,0,1200,2026-09-21 03:14:06.9200000,0.842500,-77.837500
473343,"Hacienda La Concepcion",834,63,"18N","18N2H4S3Q",3,2026-09-21 03:14:13.8470000,0,0,1200,2026-09-21 03:14:13.8470000,0.816670,-77.800000
473124,"Hacienda La Victoria",834,63,"18N","18N2H4S3Q",3,2026-09-21 03:14:17.0370000,0,0,1200,2026-09-21 03:14:17.0370000,0.800000,-77.783330
473122,"La Merced",834,63,"18N","18N2H4S3Q",3,2026-09-21 03:14:20.5130000,0,0,1200,2026-09-21 03:14:20.5130000,0.800000,-77.800000
473120,"Hacienda San Luis",834,63,"18N","18N2H4S3Q",3,2026-09-21 03:14:28.9970000,0,0,1200,2026-09-21 03:14:28.9970000,0.800000,-77.816670
1600652,"Whittier",3567,233,"11S","11S2H4S2Q",3,2013-08-21 23:16:46.4900000,360,0,16640584,2026-09-21 03:15:03.1830000,33.979180,-118.032840
1611847,"Westlake Village",3567,233,"11S","11S2H1S4Q",1,2026-09-21 02:36:33.8700000,2280,0,0,2026-09-21 03:15:29.7470000,34.145840,-118.805650
1611277,"Agoura Hills",3567,233,"11S","11S2H1S4Q",1,2026-09-21 02:35:24.7370000,2283,0,0,2026-09-21 03:15:33.9630000,34.136390,-118.774530
2021428,"Surprise",3559,233,"14T","14T2H6S1Q",3,2016-11-12 00:14:50.3700000,5412,2400,207571,2026-09-21 03:19:37.5400000,41.108620,-97.311150
83914,"Caraguano",549,46,"19K","19K1H5S4Q",2,2026-09-21 03:19:55.5800000,0,972,0,2026-09-21 03:19:55.5800000,-19.450000,-68.616670
84021,"Tacupa",549,46,"19K","19K1H5S4Q",2,2026-09-21 03:19:58.8670000,0,927,0,2026-09-21 03:19:58.8670000,-19.433330,-68.666670
83797,"Cariquima",549,46,"19K","19K1H5S4Q",2,2026-09-21 03:20:02.8930000,0,972,0,2026-09-21 03:20:02.8930000,-19.466670,-68.650000
83796,"Saguani",549,46,"19K","19K1H5S4Q",2,2026-09-21 03:20:06.4800000,0,927,0,2026-09-21 03:20:06.4800000,-19.466670,-68.683330
83913,"Challavilque",549,46,"19K","19K1H5S4Q",2,2026-09-21 03:20:11.8270000,0,957,0,2026-09-21 03:20:11.8270000,-19.450000,-68.783330
1923259,"Smithville",3543,233,"15S","15S1H1S2Q",2,2026-09-21 03:20:20.1730000,0,547,0,2026-09-21 03:20:20.1730000,39.386940,-94.581070
1711523,"Shangkewa",574,48,"48S","48S2H1S1Q",2,2026-09-21 03:20:31.6670000,0,892,0,2026-09-21 03:20:31.6670000,35.716990,102.534300
1713175,"Tangsai",574,48,"48S","48S2H1S1Q",2,2026-09-21 03:20:34.7870000,0,892,0,2026-09-21 03:20:34.7870000,35.748230,102.513200
1709862,"Jialun",574,48,"48S","48S2H1S1Q",2,2026-09-21 03:20:38.0630000,0,892,0,2026-09-21 03:20:38.0630000,35.689740,102.556580
1904091,"Greenton",3543,233,"15S","15S1H2S1Q",2,2026-09-21 03:20:40.2000000,45,300,0,2026-09-21 03:20:40.2000000,39.048620,-93.964110
1709407,"Muhong",574,48,"48S","48S2H1S1Q",2,2026-09-21 03:20:40.2870000,0,892,0,2026-09-21 03:20:40.2870000,35.682310,102.563650
1710144,"Danma",574,48,"48S","48S2H1S1Q",2,2026-09-21 03:20:47.6570000,0,892,0,2026-09-21 03:20:47.6570000,35.695370,102.582830
1709693,"Lilun",574,48,"48S","48S2H1S1Q",2,2026-09-21 03:20:51.4070000,0,892,0,2026-09-21 03:20:51.4070000,35.686280,102.604350
1835705,"Brookshire",3567,233,"10S","10S1H5S2Q",2,2024-01-17 08:05:04.0100000,0,3021761,0,2026-09-21 03:20:52.5900000,37.759090,-122.028290
1709200,"Xunwa",574,48,"48S","48S2H1S1Q",2,2026-09-21 03:20:53.6100000,0,892,0,2026-09-21 03:20:53.6100000,35.678400,102.596610
1708670,"Deman",574,48,"48S","48S2H1S1Q",2,2026-09-21 03:20:55.9600000,0,892,0,2026-09-21 03:20:55.9600000,35.667700,102.588620
1933342,"Centerville",3554,233,"15S","15S1H3S2Q",3,2024-12-20 12:57:24.4370000,0,0,1000144,2026-09-21 03:20:59.0870000,39.558380,-90.029280
1836761,"San Ramon",3567,233,"10S","10S1H6S1Q",2,2023-10-17 16:10:40.4730000,0,3010936,0,2026-09-21 03:20:59.7900000,37.779930,-121.978020
1917326,"Richmond",3543,233,"15S","15S1H2S1Q",2,2026-09-21 03:21:49.1900000,52,1329,0,2026-09-21 03:21:49.1900000,39.278620,-93.976890
860590,"Ban Khlong Si",3203,218,"47P","47P1H3S3Q",1,2026-09-21 03:23:35.0070000,831,0,0,2026-09-21 03:23:35.0070000,14.116670,100.683330
1788875,"Aptos",3567,233,"10S","10S1H6S3Q",3,2013-12-22 07:56:59.7900000,517,0,3004499,2026-09-21 03:24:23.0000000,36.989240,-121.895330
865908,"Ban Wang Kha",3195,218,"47P","47P1H3S3Q",2,2026-09-21 03:24:25.3430000,0,622,0,2026-09-21 03:24:25.3430000,14.233330,100.783330
1788103,"Aptos",3567,233,"10S","10S1H6S3Q",3,2013-12-22 18:55:12.0430000,517,0,2984794,2026-09-21 03:24:27.5530000,36.977170,-121.899400
865910,"Ban Khlong Hok Wa Sai Bon (1)",3195,218,"47P","47P1H3S3Q",2,2026-09-21 03:24:33.5400000,0,622,0,2026-09-21 03:24:33.5400000,14.233330,100.800000
866527,"Ban Khlong Hok Wa Sai Bon (4)",3203,218,"47P","47P1H3S3Q",2,2026-09-21 03:24:42.2530000,0,804,0,2026-09-21 03:24:42.2530000,14.250000,100.850000
2053991,"Castellsera",909,68,"31T","31T2H4S2Q",3,2026-09-21 03:24:52.4730000,0,0,1179,2026-09-21 03:24:52.4730000,41.750000,1.000000
2052690,"Boldu",909,68,"31T","31T2H4S2Q",3,2026-09-21 03:25:00.1830000,0,0,1176,2026-09-21 03:25:00.1830000,41.719400,1.004780
2050792,"Ivars d'Urgell",909,68,"31T","31T2H4S2Q",3,2026-09-21 03:25:05.4070000,0,0,1179,2026-09-21 03:25:05.4070000,41.683330,1.000000
867193,"Ban Nong Sua",3188,218,"47P","47P1H3S3Q",2,2026-09-21 03:25:13.4970000,0,864,0,2026-09-21 03:25:13.4970000,14.266670,100.850000
2048507,"Golmes",909,68,"31T","31T2H4S1Q",3,2026-09-21 03:25:17.7730000,0,0,1170,2026-09-21 03:25:17.7730000,41.633540,0.931250
867192,"Ban Nong Rong",3188,218,"47P","47P1H3S3Q",2,2026-09-21 03:25:17.8370000,0,622,0,2026-09-21 03:25:17.8370000,14.266670,100.833330
867902,"Ban Khlong Sip (2)",3188,218,"47P","47P1H3S3Q",2,2026-09-21 03:25:21.4570000,0,864,0,2026-09-21 03:25:21.4570000,14.283330,100.833330
2051394,"Vallvert",909,68,"31T","31T2H4S1Q",3,2026-09-21 03:25:23.5270000,0,0,1175,2026-09-21 03:25:23.5270000,41.697080,0.951530
1878531,"Shiloh",3554,233,"16S","16S1H1S3Q",3,2021-08-10 11:30:02.7600000,0,0,840404,2026-09-21 03:25:26.4800000,38.561440,-89.897320
2051615,"Linyola",909,68,"31T","31T2H4S1Q",3,2026-09-21 03:25:29.7630000,0,0,1185,2026-09-21 03:25:29.7630000,41.700000,0.916670
2053989,"Bellcaire d'Urgell",909,68,"31T","31T2H4S1Q",3,2026-09-21 03:25:34.5830000,0,0,1168,2026-09-21 03:25:34.5830000,41.750000,0.916670
2051283,"Archs",909,68,"31T","31T2H4S1Q",3,2026-09-21 03:25:40.3830000,0,0,1077,2026-09-21 03:25:40.3830000,41.694180,0.830940
2048388,"Sidamon",909,68,"31T","31T2H4S1Q",3,2026-09-21 03:26:11.6530000,0,0,1152,2026-09-21 03:26:11.6530000,41.633330,0.833330
2292500,"Neuenhof",528,43,"32T","32T1H2S1Q",3,2023-02-21 02:34:11.1100000,0,0,1907211,2026-09-21 03:26:58.8700000,47.450000,8.316670
1961842,"Bakers",3584,233,"17T","17T2H5S4Q",3,2026-09-21 03:27:17.6130000,541,0,1148,2026-09-21 03:27:17.6130000,40.047850,-80.161170
1963454,"Lone Pine",3584,233,"17T","17T2H5S4Q",3,2026-09-21 03:27:23.0430000,120,183,300,2026-09-21 03:27:23.0430000,40.074240,-80.172280
1840775,"Alamo",3567,233,"10S","10S1H5S2Q",2,2024-10-19 00:15:29.8830000,0,3007131,0,2026-09-21 03:27:27.7700000,37.850200,-122.032180
1273376,"Yinajia",592,48,"48R","48R2H2S4Q",2,2026-09-21 03:27:29.0570000,0,912,0,2026-09-21 03:27:29.0570000,26.833330,105.700000
862952,"Ban Khlong Yi Siphok",3195,218,"47P","47P1H3S3Q",2,2026-09-21 03:27:29.8970000,0,1150,0,2026-09-21 03:27:29.8970000,14.166670,100.666670
862953,"Ban Khlongsi Si",3203,218,"47P","47P1H3S3Q",2,2026-09-21 03:27:38.3670000,0,1150,0,2026-09-21 03:27:38.3670000,14.166670,100.700000
1968139,"Finney",3584,233,"17T","17T2H5S4Q",3,2026-09-21 03:27:38.6730000,154,91,300,2026-09-21 03:27:38.6730000,40.157020,-80.317560
863703,"Ban Wang Noi (3)",3203,218,"47P","47P1H3S3Q",2,2026-09-21 03:27:39.0200000,0,1150,0,2026-09-21 03:27:39.0200000,14.183330,100.700000
1273949,"Luoquan",592,48,"48R","48R2H2S4Q",2,2026-09-21 03:27:39.0970000,0,912,0,2026-09-21 03:27:39.0970000,26.850000,105.633330
1970144,"Wolfdale",3584,233,"17T","17T2H5S4Q",3,2026-09-21 03:27:42.4400000,154,243,300,2026-09-21 03:27:42.4400000,40.192850,-80.287840
862954,"Ban Khlong Hok",3203,218,"47P","47P1H3S3Q",2,2026-09-21 03:27:43.3670000,0,1150,0,2026-09-21 03:27:43.3700000,14.166670,100.733330
1272430,"Guobi",592,48,"48R","48R2H2S4Q",2,2026-09-21 03:27:44.1130000,0,912,0,2026-09-21 03:27:44.1130000,26.808330,105.525000
1272431,"Wuzuozhen",592,48,"48R","48R2H2S4Q",2,2026-09-21 03:27:46.7730000,0,912,0,2026-09-21 03:27:46.7730000,26.808330,105.591670
863704,"Ban Khlong Hok (3)",3203,218,"47P","47P1H3S3Q",2,2026-09-21 03:27:47.0870000,0,1150,0,2026-09-21 03:27:47.0870000,14.183330,100.733330
1271602,"Zhengping",592,48,"48R","48R2H2S4Q",2,2026-09-21 03:27:50.6870000,0,912,0,2026-09-21 03:27:50.6870000,26.783330,105.650000
862955,"Ban Khlong Chet (2)",3203,218,"47P","47P1H3S3Q",2,2026-09-21 03:27:52.0570000,0,1150,0,2026-09-21 03:27:52.0570000,14.166670,100.750000
1272192,"Duoji",592,48,"48R","48R2H2S4Q",2,2026-09-21 03:27:53.2930000,0,912,0,2026-09-21 03:27:53.2930000,26.800000,105.700000
1271032,"Banqiao",592,48,"48R","48R2H2S4Q",2,2026-09-21 03:27:55.5500000,0,912,0,2026-09-21 03:27:55.5500000,26.766670,105.733330
863705,"Ban Suan Di",3203,218,"47P","47P1H3S3Q",2,2026-09-21 03:27:55.6200000,0,1150,0,2026-09-21 03:27:55.6200000,14.183330,100.750000
1272193,"Xinchang",592,48,"48R","48R2H2S4Q",2,2026-09-21 03:27:57.7800000,0,912,0,2026-09-21 03:27:57.7800000,26.800000,105.758330
864500,"Ban Khlong Hok Wa Sai Bon (2)",3195,218,"47P","47P1H3S3Q",2,2026-09-21 03:27:58.9300000,0,1150,0,2026-09-21 03:27:58.9300000,14.200000,100.750000
1713646,"Dongshan",574,48,"48S","48S2H1S1Q",2,2026-09-21 03:28:06.2900000,0,892,0,2026-09-21 03:28:06.2900000,35.755080,102.613080
866525,"Ban Khao Ngam (1)",3195,218,"47P","47P1H3S3Q",2,2026-09-21 03:28:06.8400000,0,1150,0,2026-09-21 03:28:06.8400000,14.250000,100.800000
1708340,"Xialalongwa",574,48,"48S","48S2H1S1Q",2,2026-09-21 03:28:09.5830000,0,892,0,2026-09-21 03:28:09.5830000,35.663300,102.603390
1708727,"Lake",574,48,"48S","48S2H1S1Q",2,2026-09-21 03:28:11.6930000,0,892,0,2026-09-21 03:28:11.6970000,35.668990,102.606600
1711896,"Zhuge",574,48,"48S","48S2H1S1Q",2,2026-09-21 03:28:15.3430000,0,892,0,2026-09-21 03:28:15.3430000,35.724610,102.543680
1711752,"Miyahai",574,48,"48S","48S2H1S1Q",2,2026-09-21 03:28:17.8400000,0,892,0,2026-09-21 03:28:17.8400000,35.721720,102.559820
1711697,"Baizhuangji",574,48,"48S","48S2H1S1Q",2,2026-09-21 03:28:19.7670000,0,892,0,2026-09-21 03:28:19.7670000,35.720620,102.573930
529452,"Makeitari Village",1498,118,"04N","04N1H4S4Q",3,2021-04-19 02:39:37.4630000,0,855,1118,2026-09-21 03:28:20.3230000,4.672290,-160.380840
529428,"Onouea Village",1498,118,"04N","04N1H4S4Q",3,2021-04-19 02:39:43.8470000,0,855,1118,2026-09-21 03:28:23.5670000,4.670530,-160.375970
515808,"Guano Diggers and Planters Settlement",1498,118,"04N","04N2H2S1Q",3,2021-04-19 02:38:35.5300000,0,855,1118,2026-09-21 03:29:22.8170000,3.856370,-159.361620
516515,"Napari Village",1498,118,"04N","04N2H2S1Q",2,2026-09-21 03:29:31.1000000,0,513,0,2026-09-21 03:29:31.1000000,3.908060,-159.388320
516475,"Tereitaki Village",1498,118,"04N","04N2H2S1Q",2,2026-09-21 03:29:34.4470000,0,513,0,2026-09-21 03:29:34.4470000,3.903650,-159.387500
516287,"Betania Village",1498,118,"04N","04N2H2S1Q",2,2026-09-21 03:29:38.6430000,0,513,0,2026-09-21 03:29:38.6430000,3.895260,-159.386120
515802,"Napia Village",1498,118,"04N","04N2H2S1Q",3,2021-04-19 01:56:05.5930000,0,855,1118,2026-09-21 03:29:45.1300000,3.854900,-159.360230
515774,"Aontena Gilberts Village",1498,118,"04N","04N2H2S1Q",3,2021-04-19 01:44:16.7130000,0,855,1118,2026-09-21 03:29:49.3900000,3.850490,-159.360830
2757857,"Ackergill",977,77,"30V","30V2H2S3Q",2,2026-09-21 03:30:06.1030000,0,1161,0,2026-09-21 03:30:06.1070000,58.466670,-3.133330
2761112,"Freswick",977,77,"30V","30V2H2S3Q",2,2026-09-21 03:30:25.8130000,0,861,0,2026-09-21 03:30:25.8130000,58.583330,-3.083330
2679939,"Castleton",977,77,"30V","30V2H4S3Q",2,2026-09-21 03:30:50.2700000,0,938,0,2026-09-21 03:30:50.2700000,56.010280,-5.399780
515631,"Tenenebo Village",1498,118,"04N","04N2H2S1Q",2,2026-09-21 03:31:30.3230000,0,513,0,2026-09-21 03:31:30.3230000,3.844180,-159.352700
2181733,"Chums Corner",3557,233,"16T","16T1H6S3Q",3,2026-04-12 00:27:27.4770000,0,0,49775,2026-09-21 03:31:35.1670000,44.671950,-85.656460
2679532,"Otter Ferry",977,77,"30U","30U1H1S1Q",1,2026-08-01 13:10:43.6970000,3824,600,0,2026-09-21 03:31:43.0130000,56.000000,-5.316670
515181,"Fareturaina - Gilberts Village",1498,118,"04N","04N2H2S1Q",3,2021-04-19 01:44:40.6230000,0,300,602,2026-09-21 03:33:24.5130000,3.813860,-159.311500
83676,"Umina",549,46,"19K","19K1H5S4Q",2,2026-09-21 03:35:01.7200000,0,915,0,2026-09-21 03:35:01.7200000,-19.483330,-68.716670
83443,"Ancuaque",549,46,"19K","19K1H5S4Q",2,2026-09-21 03:35:07.5130000,0,972,0,2026-09-21 03:35:07.5130000,-19.516670,-68.733330
83677,"Anchicha",549,46,"19K","19K1H5S4Q",2,2026-09-21 03:35:10.2070000,0,972,0,2026-09-21 03:35:10.2070000,-19.483330,-68.533330
83445,"Irupata",549,46,"19K","19K1H5S4Q",2,2026-09-21 03:35:12.8100000,0,929,0,2026-09-21 03:35:12.8100000,-19.516670,-68.500000
83310,"Estancia Pusuta",549,46,"19K","19K1H5S4Q",2,2026-09-21 03:35:16.1730000,0,1086,0,2026-09-21 03:35:16.1730000,-19.533330,-68.500000
2206152,"Leini",1372,110,"32T","32T1H4S2Q",2,2015-06-10 17:25:05.9330000,5400,805191,1800,2026-09-21 03:35:32.1430000,45.182750,7.714220
473290,"Yaes",615,49,"18N","18N2H4S3Q",3,2026-09-21 03:38:16.0630000,0,0,1200,2026-09-21 03:38:16.0630000,0.808610,-77.830560
473317,"Chiles",615,49,"18N","18N2H4S3Q",3,2026-09-21 03:38:21.1430000,0,0,1200,2026-09-21 03:38:21.1430000,0.812500,-77.846670
515310,"Aramari Gilberts Village",1498,118,"04N","04N2H2S1Q",2,2026-09-21 03:38:24.4500000,0,513,0,2026-09-21 03:38:24.4500000,3.817730,-159.325550
473342,"Tufino",834,63,"18N","18N2H4S3Q",3,2026-09-21 03:38:24.6970000,0,0,1200,2026-09-21 03:38:24.6970000,0.816670,-77.850000
473460,"Cristo Rey",615,49,"18N","18N2H4S3Q",3,2026-09-21 03:38:28.2530000,0,0,1200,2026-09-21 03:38:28.2530000,0.818330,-77.857220
515576,"Tereitannano Village",1498,118,"04N","04N2H2S1Q",2,2026-09-21 03:38:30.0670000,0,513,0,2026-09-21 03:38:30.0670000,3.834010,-159.347530
473481,"El Corral",615,49,"18N","18N2H4S3Q",3,2026-09-21 03:38:33.0630000,0,0,1200,2026-09-21 03:38:33.0630000,0.821670,-77.868060
473553,"El Tambillo",615,49,"18N","18N2H4S3Q",3,2026-09-21 03:38:36.5800000,0,0,1200,2026-09-21 03:38:36.5800000,0.832500,-77.866670
473933,"Bicundo",615,49,"18N","18N2H4S3Q",3,2026-09-21 03:38:46.7470000,0,0,1200,2026-09-21 03:38:46.7470000,0.856670,-77.856940
473272,"Cajon",615,49,"18N","18N2H4S3Q",3,2026-09-21 03:38:56.4000000,0,0,1200,2026-09-21 03:38:56.4000000,0.805560,-77.852780
1712694,"Shangjiangxiaertan",574,48,"48S","48S2H1S1Q",2,2026-09-21 03:39:32.9030000,0,892,0,2026-09-21 03:39:32.9030000,35.738530,102.547530
1713091,"Yirihai",574,48,"48S","48S2H1S1Q",2,2026-09-21 03:39:35.2200000,0,892,0,2026-09-21 03:39:35.2200000,35.746410,102.554390
1712874,"Lizhuang",574,48,"48S","48S2H1S1Q",2,2026-09-21 03:39:36.9800000,0,892,0,2026-09-21 03:39:36.9800000,35.741930,102.562200
1713542,"Shanglabian",574,48,"48S","48S2H1S1Q",2,2026-09-21 03:39:38.9400000,0,892,0,2026-09-21 03:39:38.9400000,35.753040,102.561550
1713984,"Zhamu",574,48,"48S","48S2H1S1Q",2,2026-09-21 03:39:40.6700000,0,892,0,2026-09-21 03:39:40.6700000,35.761410,102.557880
1714229,"Changke",574,48,"48S","48S2H1S1Q",2,2026-09-21 03:39:43.2670000,0,892,0,2026-09-21 03:39:43.2670000,35.765870,102.556500
1713790,"Tuanjie",574,48,"48S","48S2H1S1Q",2,2026-09-21 03:39:45.3600000,0,892,0,2026-09-21 03:39:45.3600000,35.757500,102.547040
1713902,"Shanghuanglatan",574,48,"48S","48S2H1S1Q",2,2026-09-21 03:39:47.3930000,0,892,0,2026-09-21 03:39:47.3930000,35.759860,102.539520
83444,"Cancosa",549,46,"19K","19K1H5S4Q",2,2026-09-21 03:50:04.1500000,0,972,0,2026-09-21 03:50:04.1500000,-19.516670,-68.566670
83309,"Guaitani",549,46,"19K","19K1H5S4Q",2,2026-09-21 03:50:08.1470000,0,929,0,2026-09-21 03:50:08.1470000,-19.533330,-68.600000
83186,"Cuchuguano",549,46,"19K","19K1H5S4Q",2,2026-09-21 03:50:13.0400000,0,929,0,2026-09-21 03:50:13.0400000,-19.550000,-68.600000
83187,"Charviri",549,46,"19K","19K1H5S4Q",2,2026-09-21 03:50:14.9870000,0,957,0,2026-09-21 03:50:14.9870000,-19.550000,-68.583330
2071451,"Holbrook Summit",3573,233,"12T","12T2H1S4Q",3,2026-09-21 03:50:21.7830000,0,0,789,2026-09-21 03:50:21.7870000,42.165200,-112.453580
82944,"Villa Blanca",549,46,"19K","19K1H5S4Q",2,2026-09-21 03:50:22.9100000,0,914,0,2026-09-21 03:50:22.9100000,-19.583330,-68.650000
2069596,"Samaria",3573,233,"12T","12T2H1S4Q",3,2026-09-21 03:50:36.5600000,0,0,845,2026-09-21 03:50:36.5600000,42.117700,-112.336910
2068612,"Cherry Creek",3573,233,"12T","12T2H1S4Q",3,2026-09-21 03:50:50.2700000,0,0,840,2026-09-21 03:50:50.2700000,42.098260,-112.228850
1933698,"Wedekind",3570,233,"11S","11S1H1S1Q",2,2026-09-21 03:51:13.2430000,0,1032,0,2026-09-21 03:51:13.2430000,39.565470,-119.706580
1821529,"Hornitos",3567,233,"10S","10S1H6S2Q",2,2026-09-21 03:51:45.4930000,0,2424,0,2026-09-21 03:51:49.8800000,37.502160,-120.238240
862956,"Ban Khlong Paet (1)",3203,218,"47P","47P1H3S3Q",2,2026-09-21 03:52:25.2770000,0,1090,0,2026-09-21 03:52:25.2800000,14.166670,100.783330
1617388,"Rimforest",3567,233,"11S","11S2H2S3Q",3,2022-01-28 17:43:04.7530000,0,600,21677,2026-09-21 03:53:24.6430000,34.229730,-117.225040
2193683,"Adzhi-Bay",3435,230,"36T","36T1H6S4Q",2,2026-08-03 10:56:38.7200000,1200,5450,0,2026-09-21 03:57:44.8830000,44.916670,35.016670
2197125,"Tolga",3435,230,"36T","36T1H6S3Q",2,2026-08-10 09:07:32.1000000,1200,6324,0,2026-09-21 03:58:11.0170000,44.983330,34.700000
2198008,"Kyzylivka",3435,230,"36T","36T1H6S1Q",2,2026-08-07 07:35:18.3400000,1200,6302,0,2026-09-21 03:58:22.2730000,45.001100,34.677480
472946,"Gonzalez Suarez",834,63,"18N","18N2H4S3Q",3,2026-09-21 04:02:11.3770000,0,0,1200,2026-09-21 04:02:11.3770000,0.783330,-77.850000
473529,"Bellavista",615,49,"18N","18N2H4S3Q",3,2026-09-21 04:02:15.4830000,0,0,1200,2026-09-21 04:02:15.4830000,0.828330,-77.886940
1778135,"Elkhorn",3567,233,"10S","10S1H6S3Q",1,2025-05-30 05:59:03.9000000,486114,0,517,2026-09-21 04:02:16.6470000,36.810290,-121.721120
473750,"Cortadero",615,49,"18N","18N2H4S3Q",3,2026-09-21 04:03:00.0230000,0,0,1200,2026-09-21 04:03:00.0230000,0.842780,-77.903610
473896,"La Puerta",615,49,"18N","18N2H4S3Q",3,2026-09-21 04:03:03.2470000,0,0,1200,2026-09-21 04:03:03.2470000,0.851940,-77.922500
474280,"San Martin",615,49,"18N","18N2H4S3Q",3,2026-09-21 04:03:07.2600000,0,0,1200,2026-09-21 04:03:07.2600000,0.883330,-77.933330
473789,"Santa Rosa",615,49,"18N","18N2H4S3Q",3,2026-09-21 04:03:12.1670000,0,0,1200,2026-09-21 04:03:12.1670000,0.850000,-77.966670
473567,"Ovejo",834,63,"18N","18N2H4S3Q",3,2026-09-21 04:03:15.2070000,0,0,1200,2026-09-21 04:03:15.2070000,0.833330,-77.983330
473566,"Machines",834,63,"17N","17N2H6S4Q",3,2026-09-21 04:03:21.2870000,0,0,1200,2026-09-21 04:03:21.2870000,0.833330,-78.016670
2154096,"Saint-Nauphary",951,75,"31T","31T2H1S2Q",2,2025-01-26 17:31:48.0270000,0,28877,0,2026-09-21 04:03:53.1770000,43.983330,1.433330
1619714,"Santa Susana Knolls",3567,233,"11S","11S2H1S4Q",1,2026-09-20 06:17:17.8870000,2356,0,0,2026-09-21 04:04:22.3230000,34.262230,-118.673700
1620156,"Corriganville",3567,233,"11S","11S2H1S4Q",1,2026-09-20 06:17:22.6500000,2356,0,0,2026-09-21 04:04:26.3700000,34.267500,-118.667590
1621332,"Fern Ann Falls",3567,233,"11S","11S2H1S4Q",1,2026-09-20 06:17:30.3000000,2352,0,0,2026-09-21 04:04:31.6470000,34.284720,-118.616480
82821,"Anaguani",549,46,"19K","19K1H5S4Q",2,2026-09-21 04:05:14.5470000,0,971,0,2026-09-21 04:05:14.5470000,-19.600000,-68.666670
82704,"Templanza",549,46,"19K","19K1H5S4Q",2,2026-09-21 04:05:17.1300000,0,926,0,2026-09-21 04:05:17.1300000,-19.616670,-68.650000
82442,"Chuallani",549,46,"19K","19K1H5S4Q",2,2026-09-21 04:05:20.3570000,0,956,0,2026-09-21 04:05:20.3570000,-19.650000,-68.683330
82705,"Tillujaya",549,46,"19K","19K1H5S4Q",2,2026-09-21 04:05:23.8070000,0,926,0,2026-09-21 04:05:23.8070000,-19.616670,-68.550000
82190,"Tolapacheta",349,29,"19K","19K1H5S4Q",2,2026-09-21 04:05:27.1830000,0,771,0,2026-09-21 04:05:27.1830000,-19.683330,-68.583330
2135706,"Kuna",3573,233,"11T","11T2H2S2Q",3,2023-03-23 17:45:44.7400000,0,0,5173209,2026-09-21 04:06:55.6000000,43.491830,-116.420120
1714254,"Xiahuanglatan",574,48,"48S","48S2H1S1Q",2,2026-09-21 04:07:24.8570000,0,892,0,2026-09-21 04:07:24.8570000,35.766200,102.546110
1714626,"Shangen",574,48,"48S","48S2H1S1Q",2,2026-09-21 04:07:26.9270000,0,892,0,2026-09-21 04:07:26.9270000,35.771740,102.547400
1715530,"Wajiangzhuang",574,48,"48S","48S2H1S1Q",2,2026-09-21 04:07:32.8630000,0,892,0,2026-09-21 04:07:32.8630000,35.787540,102.557180
1715854,"Douzi",574,48,"48S","48S2H1S1Q",2,2026-09-21 04:07:34.9630000,0,892,0,2026-09-21 04:07:34.9630000,35.793630,102.544960
1716143,"Kejidamudouzi",574,48,"48S","48S2H1S1Q",2,2026-09-21 04:07:36.8170000,0,892,0,2026-09-21 04:07:36.8170000,35.798930,102.544060
1716120,"Dasigu",574,48,"48S","48S2H1S1Q",2,2026-09-21 04:07:39.0570000,0,892,0,2026-09-21 04:07:39.0570000,35.798610,102.551900
1716738,"Qiaomudouzi",574,48,"48S","48S2H1S1Q",2,2026-09-21 04:07:40.9270000,0,892,0,2026-09-21 04:07:40.9270000,35.807850,102.542500
1717083,"Hongzhuang",574,48,"48S","48S2H1S1Q",2,2026-09-21 04:07:42.9570000,0,892,0,2026-09-21 04:07:42.9570000,35.814570,102.551500
1270470,"Yimo",592,48,"48R","48R2H2S4Q",2,2026-09-21 04:07:57.8070000,0,913,0,2026-09-21 04:07:57.8070000,26.750000,105.783330
1271033,"Guanzhai",592,48,"48R","48R2H2S4Q",2,2026-09-21 04:08:02.3470000,0,913,0,2026-09-21 04:08:02.3470000,26.766670,105.883330
1269417,"Sanjia",592,48,"48R","48R2H2S4Q",2,2026-09-21 04:08:05.6630000,0,913,0,2026-09-21 04:08:05.6630000,26.716670,105.850000
1268853,"Dajia",592,48,"48R","48R2H2S4Q",2,2026-09-21 04:08:08.0170000,0,913,0,2026-09-21 04:08:08.0170000,26.700000,105.883330
1267701,"Guohua",592,48,"48R","48R2H2S4Q",2,2026-09-21 04:08:12.5230000,0,913,0,2026-09-21 04:08:12.5230000,26.666670,105.900000
1268265,"Puweng",592,48,"48R","48R2H2S4Q",2,2026-09-21 04:08:15.0930000,0,913,0,2026-09-21 04:08:15.0930000,26.683330,105.941670
1269923,"Yangliu",592,48,"48R","48R2H2S4Q",2,2026-09-21 04:08:19.5270000,0,913,0,2026-09-21 04:08:19.5270000,26.733330,105.958330
1268854,"Huaqi",592,48,"48R","48R2H3S3Q",2,2026-09-21 04:08:24.8470000,0,914,0,2026-09-21 04:08:24.8470000,26.700000,106.016670
1717348,"Dingga",574,48,"48S","48S2H1S1Q",2,2026-09-21 04:08:47.4100000,0,892,0,2026-09-21 04:08:47.4100000,35.818260,102.554200
2223066,"Proebstel",3578,233,"10T","10T1H5S2Q",2,2026-02-08 05:30:39.9300000,0,12652,0,2026-09-21 04:14:08.6800000,45.668730,-122.481760
2223132,"Sifton",3578,233,"10T","10T1H5S2Q",2,2014-08-05 13:58:27.1370000,0,271431,0,2026-09-21 04:14:59.7130000,45.672620,-122.531210
2545236,"Yuzhnyy Poselok",2654,192,"37U","37U1H6S4Q",3,2019-02-12 06:46:05.3770000,3300,0,158254,2026-09-21 04:15:55.3730000,52.576330,41.507270
2281989,"Rostov-na-Donu",2660,192,"37T","37T1H2S2Q",2,2025-01-08 07:07:32.1730000,17700,774349,0,2026-09-21 04:16:15.4530000,47.236390,39.713890
2280730,"Zapadnyy",2660,192,"37T","37T1H2S2Q",2,2025-01-08 07:07:50.1670000,300,999119,0,2026-09-21 04:16:28.8770000,47.215830,39.645560
2280540,"Krasnyy Gorod Sad",2660,192,"37T","37T1H2S2Q",2,2025-01-08 07:08:01.1370000,300,509741,0,2026-09-21 04:16:45.7870000,47.206390,39.640000
2280436,"Gnilovskaya",2660,192,"37T","37T1H2S2Q",2,2025-01-08 07:08:17.5300000,300,73764,0,2026-09-21 04:16:53.9830000,47.201670,39.610000
2278462,"Zelenkov",2660,192,"37T","37T1H2S2Q",2,2025-02-16 09:01:52.9800000,1200,119155,0,2026-09-21 04:17:18.2670000,47.158330,39.271940
2546611,"Lesnaya Opushka",2654,192,"37U","37U1H6S4Q",3,2019-02-11 12:16:11.7070000,9300,0,121972,2026-09-21 04:18:06.2070000,52.604030,41.485060
2197985,"Ul'yanovka",3435,230,"36T","36T1H6S1Q",2,2026-08-07 07:28:22.6730000,1200,6494,0,2026-09-21 04:18:35.3570000,45.000200,34.655320
2199045,"Kyrpychne",3435,230,"36T","36T1H6S1Q",2,2026-08-06 20:07:06.7300000,1200,7272,0,2026-09-21 04:18:49.0100000,45.023500,34.634760
2199014,"Krynychne",3435,230,"36T","36T1H6S1Q",2,2026-08-06 17:04:32.7230000,1200,6465,0,2026-09-21 04:20:11.5630000,45.022550,34.611170
81894,"Pacalojavire",349,29,"19K","19K1H5S4Q",2,2026-09-21 04:20:15.0100000,0,770,0,2026-09-21 04:20:15.0100000,-19.716670,-68.600000
81893,"Azufreras",349,29,"19K","19K1H5S4Q",2,2026-09-21 04:20:18.2770000,0,771,0,2026-09-21 04:20:18.2770000,-19.716670,-68.666670
81620,"Corosuco",349,29,"19K","19K1H5S4Q",2,2026-09-21 04:20:21.8230000,0,770,0,2026-09-21 04:20:21.8230000,-19.750000,-68.566670
81896,"Chacmuco",349,29,"19K","19K1H5S4Q",2,2026-09-21 04:20:23.8300000,0,770,0,2026-09-21 04:20:23.8300000,-19.716670,-68.500000
81895,"Chacoma",349,29,"19K","19K1H5S4Q",2,2026-09-21 04:20:31.0100000,0,770,0,2026-09-21 04:20:31.0100000,-19.716670,-68.516670
1717711,"Heitan",574,48,"48S","48S2H1S1Q",2,2026-09-21 04:20:42.5800000,0,891,0,2026-09-21 04:20:42.5800000,35.824970,102.552100
1718109,"Shixiang",574,48,"48S","48S2H1S1Q",2,2026-09-21 04:20:44.3130000,0,891,0,2026-09-21 04:20:44.3130000,35.833090,102.540260
1718625,"Yimahai",574,48,"48S","48S2H1S1Q",2,2026-09-21 04:20:47.7000000,0,891,0,2026-09-21 04:20:47.7000000,35.841420,102.546230
1718215,"Shangzhuang",574,48,"48S","48S2H1S1Q",2,2026-09-21 04:21:20.6000000,0,891,0,2026-09-21 04:21:20.6000000,35.833590,102.556750
1718055,"Ma'erpo",574,48,"48S","48S2H1S1Q",2,2026-09-21 04:21:24.1100000,0,892,0,2026-09-21 04:21:24.1100000,35.831940,102.571140
1718734,"Yisai",574,48,"48S","48S2H1S1Q",2,2026-09-21 04:21:27.1230000,0,892,0,2026-09-21 04:21:27.1230000,35.843500,102.592950
1720076,"Amacha",574,48,"48S","48S2H1S1Q",2,2026-09-21 04:21:28.9400000,0,891,0,2026-09-21 04:21:28.9400000,35.867320,102.590060
1717390,"Shaolinziwan",574,48,"48S","48S2H1S1Q",2,2026-09-21 04:21:40.8400000,0,892,0,2026-09-21 04:21:40.8400000,35.819040,102.602280
1715929,"Lachong",574,48,"48S","48S2H1S1Q",2,2026-09-21 04:21:43.3430000,0,892,0,2026-09-21 04:21:43.3430000,35.795050,102.593440
2825817,"Tannsele",2808,198,"34W","34W2H4S3Q",3,2026-09-21 04:21:48.2130000,0,0,758,2026-09-21 04:21:48.2130000,64.516670,18.750000
2825892,"Hedlunda",2808,198,"34W","34W2H4S3Q",3,2026-09-21 04:21:54.6900000,0,0,978,2026-09-21 04:21:54.6900000,64.533330,18.716670
2825893,"Karonsbo",2808,198,"34W","34W2H4S3Q",3,2026-09-21 04:22:01.8570000,0,0,978,2026-09-21 04:22:01.8570000,64.533330,18.750000
2825958,"Halsingfors",2808,198,"34W","34W2H4S3Q",3,2026-09-21 04:22:13.0430000,0,0,978,2026-09-21 04:22:13.0470000,64.550000,18.700000
1267198,"Yanzhai",592,48,"48R","48R2H2S4Q",2,2026-09-21 04:22:13.1500000,0,914,0,2026-09-21 04:22:13.1500000,26.650000,105.983330
1266708,"Niuchang",592,48,"48R","48R2H3S3Q",2,2026-09-21 04:22:16.5000000,0,914,0,2026-09-21 04:22:16.5000000,26.633330,106.000000
2825957,"Berglunda",2808,198,"34W","34W2H4S3Q",3,2026-09-21 04:22:17.5730000,0,0,978,2026-09-21 04:22:17.5730000,64.550000,18.683330
1393345,"Turnersville",3549,233,"14R","14R1H3S3Q",2,2026-09-21 03:27:54.8730000,300,3357,0,2026-09-21 04:22:18.4200000,30.092710,-97.781110
1265675,"Lijing",592,48,"48R","48R2H2S4Q",2,2026-09-21 04:22:25.1170000,0,456,0,2026-09-21 04:22:25.1170000,26.600000,105.916670
2825819,"Overbo",2808,198,"34W","34W2H4S3Q",3,2026-09-21 04:22:26.7670000,0,0,978,2026-09-21 04:22:26.7670000,64.516670,18.866670
1264636,"Ganhe",592,48,"48R","48R2H2S4Q",2,2026-09-21 04:22:29.0700000,0,914,0,2026-09-21 04:22:29.0700000,26.566670,105.916670
2825659,"Tuggensele",2808,198,"34W","34W2H4S3Q",3,2026-09-21 04:22:30.6630000,0,0,978,2026-09-21 04:22:30.6630000,64.483330,18.883330
1265674,"Xiaomaochang",592,48,"48R","48R2H2S4Q",2,2026-09-21 04:22:31.7570000,0,914,0,2026-09-21 04:22:31.7570000,26.600000,105.883330
2825660,"Tuggenforsen",2808,198,"34W","34W2H4S3Q",3,2026-09-21 04:22:34.2670000,0,0,978,2026-09-21 04:22:34.2670000,64.483330,18.900000
1265673,"Guiguo",592,48,"48R","48R2H2S4Q",2,2026-09-21 04:22:40.5500000,0,914,0,2026-09-21 04:22:40.5500000,26.600000,105.866670
1393140,"Cedar Creek",3549,233,"14R","14R1H3S3Q",2,2019-05-09 04:39:43.9400000,300,6010357,0,2026-09-21 04:22:50.1430000,30.087160,-97.500830
1394509,"Elroy",3549,233,"14R","14R1H3S3Q",2,2025-01-23 04:51:03.3070000,1949,428496,0,2026-09-21 04:23:02.1600000,30.120770,-97.635280
1395554,"Colton",3549,233,"14R","14R1H3S3Q",2,2025-12-28 20:50:38.1400000,1500,624767,0,2026-09-21 04:23:31.0470000,30.149660,-97.697220
1973660,"Export",3584,233,"17T","17T2H5S4Q",3,2026-09-21 04:25:17.8930000,109,0,300,2026-09-21 04:25:17.8930000,40.260630,-80.260340
2157876,"River Road",3576,233,"10T","10T1H5S3Q",3,2025-01-09 04:43:41.1270000,0,0,1013664,2026-09-21 04:25:32.1530000,44.084010,-123.133700
2157044,"Bethel",3576,233,"10T","10T1H5S3Q",3,2025-02-24 00:20:04.2500000,0,0,1001732,2026-09-21 04:25:41.1900000,44.065120,-123.132590
2156911,"Danebo",3576,233,"10T","10T1H5S3Q",3,2025-09-25 06:04:40.5500000,0,0,994263,2026-09-21 04:25:45.9630000,44.059570,-123.178700
2822701,"Vastanback",2807,198,"33V","33V1H3S2Q",3,2026-09-21 04:25:55.5970000,0,0,990,2026-09-21 04:25:55.5970000,63.783330,17.083330
470603,"Hacienda Ishpingo",834,63,"18N","18N2H4S3Q",3,2026-09-21 04:25:57.8100000,0,0,1200,2026-09-21 04:25:57.8100000,0.600000,-77.916670
2158840,"Irving",3576,233,"10T","10T1H5S3Q",3,2025-02-24 16:04:43.4630000,0,0,1002067,2026-09-21 04:25:58.4130000,44.113460,-123.165090
2822762,"Lillsele",2807,198,"33V","33V1H3S2Q",3,2026-09-21 04:25:59.9100000,0,0,990,2026-09-21 04:25:59.9100000,63.800000,17.100000
470838,"Hacienda Chilcapamba",834,63,"18N","18N2H4S3Q",3,2026-09-21 04:26:01.5470000,0,0,1200,2026-09-21 04:26:01.5470000,0.616670,-77.933330
470837,"Hacienda Hoja Blanca",834,63,"18N","18N2H4S3Q",3,2026-09-21 04:26:05.4600000,0,0,1200,2026-09-21 04:26:05.4600000,0.616670,-77.950000
471078,"Hacienda La Esperanza",834,63,"18N","18N2H4S3Q",3,2026-09-21 04:26:08.7900000,0,0,1200,2026-09-21 04:26:08.7900000,0.633330,-77.900000
471077,"Hacienda Chabayan",834,63,"18N","18N2H4S3Q",3,2026-09-21 04:26:12.3400000,0,0,1200,2026-09-21 04:26:12.3400000,0.633330,-77.916670
471076,"Hacienda La Victoria",834,63,"18N","18N2H4S3Q",3,2026-09-21 04:26:15.9200000,0,0,1200,2026-09-21 04:26:15.9200000,0.633330,-77.933330
471075,"Hacienda Ingueza",834,63,"18N","18N2H4S3Q",3,2026-09-21 04:26:20.0300000,0,0,1200,2026-09-21 04:26:20.0300000,0.633330,-77.950000
471552,"La Libertad",834,63,"18N","18N2H4S3Q",3,2026-09-21 04:26:33.4670000,0,0,1200,2026-09-21 04:26:33.4670000,0.666670,-77.933330
93069,"Walu Bay",932,71,"60K","60K1H6S1Q",2,2026-09-21 04:31:30.8200000,0,1572,0,2026-09-21 04:31:30.8200000,-18.133330,178.433330
93215,"Samambula North",932,71,"60K","60K1H6S1Q",2,2026-09-21 04:31:38.5230000,0,1301,0,2026-09-21 04:31:38.5230000,-18.116670,178.450000
2822840,"Gulsele",2808,198,"33V","33V1H3S2Q",3,2026-09-21 04:31:43.1100000,0,0,990,2026-09-21 04:31:43.1100000,63.816670,17.133330
2822920,"Gultjal",2807,198,"33V","33V1H3S2Q",3,2026-09-21 04:31:46.4800000,0,0,989,2026-09-21 04:31:46.4800000,63.833330,17.150000
93363,"Lomanikoro",932,71,"60K","60K1H6S1Q",2,2026-09-21 04:31:49.0130000,0,1305,0,2026-09-21 04:31:49.0130000,-18.100000,178.566670
2823108,"Hallby",2807,198,"33V","33V1H3S2Q",3,2026-09-21 04:31:50.3970000,0,0,988,2026-09-21 04:31:50.3970000,63.883330,17.200000
93371,"Suvalailai",932,71,"60K","60K1H6S1Q",2,2026-09-21 04:31:56.0370000,0,1133,0,2026-09-21 04:31:56.0370000,-18.100000,178.583330
93374,"Nakuriwai",932,71,"60K","60K1H6S1Q",2,2026-09-21 04:32:03.1600000,0,1170,0,2026-09-21 04:32:03.1600000,-18.100000,178.600000
2695834,"Killin",977,77,"30V","30V2H4S4Q",2,2026-09-21 04:32:07.7470000,286,300,0,2026-09-21 04:32:07.7470000,56.466670,-4.316670
93641,"Nakelo",932,71,"60K","60K1H6S1Q",2,2026-09-21 04:32:13.3270000,300,1172,0,2026-09-21 04:32:13.3270000,-18.066670,178.600000
93900,"Saliandrau",932,71,"60K","60K1H6S1Q",2,2026-09-21 04:33:04.9170000,0,300,174,2026-09-21 04:33:04.9170000,-18.033330,178.066670
93764,"Navunikambi",932,71,"60K","60K1H6S1Q",2,2026-09-21 04:33:09.4200000,0,300,174,2026-09-21 04:33:09.4200000,-18.050000,178.066670
93636,"Nakorowaiwai",932,71,"60K","60K1H6S1Q",2,2026-09-21 04:33:13.9330000,0,300,174,2026-09-21 04:33:13.9330000,-18.066670,178.083330
1715151,"A'erwasi",574,48,"48S","48S2H1S1Q",2,2026-09-21 04:33:21.4770000,0,892,0,2026-09-21 04:33:21.4770000,35.782060,102.594460
1715180,"Galang",574,48,"48S","48S2H1S1Q",2,2026-09-21 04:33:24.7400000,0,892,0,2026-09-21 04:33:24.7400000,35.782640,102.577410
1718209,"Mengdadazhuang",574,48,"48S","48S2H1S1Q",2,2026-09-21 04:33:30.6700000,0,892,0,2026-09-21 04:33:30.6700000,35.833390,102.639500
2823294,"Halla",2808,198,"33V","33V1H3S2Q",3,2026-09-21 04:33:34.5100000,300,0,1068,2026-09-21 04:33:34.5100000,63.933330,17.266670
1718443,"Zhuantang",574,48,"48S","48S2H1S1Q",2,2026-09-21 04:33:27.4500000,0,2092,0,2026-09-21 04:34:47.1400000,35.838120,102.632500
1718083,"Suotong",574,48,"48S","48S2H1S1Q",2,2026-09-21 04:34:50.7470000,0,892,0,2026-09-21 04:34:50.7470000,35.832580,102.677530
1720888,"Rizha",574,48,"48S","48S2H1S1Q",2,2026-09-21 04:34:54.3200000,0,892,0,2026-09-21 04:34:54.3200000,35.882050,102.680440
1722107,"Gongshijia",574,48,"48S","48S2H1S1Q",2,2026-09-21 04:34:58.7800000,0,891,0,2026-09-21 04:34:58.7800000,35.901360,102.648610
1721874,"Gumaotan",574,48,"48S","48S2H1S1Q",2,2026-09-21 04:35:00.7000000,0,891,0,2026-09-21 04:35:00.7000000,35.898060,102.606360
81750,"Estancia Belen",349,29,"19K","19K1H5S4Q",2,2026-09-21 04:35:16.8570000,0,770,0,2026-09-21 04:35:16.8570000,-19.733330,-68.533330
81621,"Jiquima",349,29,"19K","19K1H5S4Q",2,2026-09-21 04:35:20.6700000,0,770,0,2026-09-21 04:35:20.6700000,-19.750000,-68.550000
81384,"Bella Vista",349,29,"19K","19K1H5S4Q",2,2026-09-21 04:35:24.1500000,0,340,0,2026-09-21 04:35:24.1500000,-19.783330,-68.550000
81265,"Bella Vista",349,29,"19K","19K1H5S4Q",2,2026-09-21 04:35:26.8500000,0,770,0,2026-09-21 04:35:26.8500000,-19.800000,-68.566670
2823351,"Halla",2808,198,"33V","33V1H3S2Q",3,2026-09-21 04:35:58.5330000,0,0,1614,2026-09-21 04:35:58.5330000,63.950000,17.316670
93635,"Nakavika",932,71,"60K","60K1H6S1Q",2,2026-09-21 04:36:22.0430000,0,300,174,2026-09-21 04:36:22.0430000,-18.066670,178.066670
1844163,"Stege",3567,233,"10S","10S1H5S2Q",3,2013-06-06 23:55:11.4600000,0,0,1251076,2026-09-21 04:40:41.2030000,37.916590,-122.327190
233671,"Kolumbaghea",2746,195,"57L","57L1H1S2Q",2,2026-09-21 04:41:57.3430000,0,696,0,2026-09-21 04:41:57.3430000,-8.022700,157.596870
233306,"Tusumine",2746,195,"57L","57L1H1S2Q",2,2026-09-21 04:42:01.4400000,0,696,0,2026-09-21 04:42:01.4400000,-8.033330,157.600000
1612635,"Triunfo Corner",3567,233,"11S","11S2H1S4Q",1,2026-09-21 02:37:13.4370000,2281,0,0,2026-09-21 04:42:56.8200000,34.157510,-118.824820
1614067,"Oak Park",3567,233,"11S","11S2H1S4Q",1,2026-09-09 02:32:37.8500000,2282,0,0,2026-09-21 04:43:04.0670000,34.179170,-118.762870
1613580,"Oak Park",3567,233,"11S","11S2H1S4Q",1,2026-09-09 02:32:41.6800000,2357,0,0,2026-09-21 04:43:08.3170000,34.171860,-118.757340
1611712,"Malibu Junction",3567,233,"11S","11S2H1S4Q",1,2026-09-21 02:37:29.1000000,2283,0,0,2026-09-21 04:43:14.1470000,34.143340,-118.757030
2823350,"Bjorkebo",2808,198,"33V","33V1H3S2Q",3,2026-09-21 04:44:58.4030000,0,0,1079,2026-09-21 04:44:58.4030000,63.950000,17.150000
2823576,"Gavsele",2808,198,"33W","33W2H6S4Q",3,2026-09-21 04:45:01.8370000,0,0,872,2026-09-21 04:45:01.8370000,64.016670,17.250000
2823666,"Parlstrom",2808,198,"33W","33W2H6S4Q",3,2026-09-21 04:45:05.8300000,0,0,783,2026-09-21 04:45:05.8300000,64.033330,17.283330
1905767,"Elkinsville",3555,233,"16S","16S1H2S2Q",2,2010-01-01 00:00:00.0000000,0,1889368,0,2026-09-21 04:47:23.4130000,39.076160,-86.264710
2823578,"Oster Gafsele",2808,198,"33W","33W2H6S4Q",3,2026-09-21 04:49:15.3770000,0,0,1135,2026-09-21 04:49:15.3770000,64.016670,17.283330
2824012,"Osternoret",2808,198,"33W","33W2H6S4Q",3,2026-09-21 04:49:19.9270000,0,0,751,2026-09-21 04:49:19.9270000,64.100000,17.333330
81163,"Irpa",349,29,"19K","19K1H5S4Q",2,2026-09-21 04:50:29.6630000,0,770,0,2026-09-21 04:50:29.6630000,-19.816670,-68.616670
80916,"Cancosa",549,46,"19K","19K1H5S4Q",2,2026-09-21 04:50:32.5500000,0,970,0,2026-09-21 04:50:32.5500000,-19.850000,-68.600000
80796,"Tambo",549,46,"19K","19K1H5S4Q",2,2026-09-21 04:50:35.2800000,0,925,0,2026-09-21 04:50:35.2800000,-19.866670,-68.633330
81162,"Chaiviri",549,46,"19K","19K1H5S4Q",2,2026-09-21 04:50:38.0770000,0,956,0,2026-09-21 04:50:38.0770000,-19.816670,-68.716670
81264,"Ocacucho",549,46,"19K","19K1H5S4Q",2,2026-09-21 04:50:41.2330000,0,926,0,2026-09-21 04:50:41.2330000,-19.800000,-68.733330
82043,"Colchane",549,46,"19K","19K1H5S4Q",2,2026-09-21 04:50:44.2130000,0,929,0,2026-09-21 04:50:44.2130000,-19.700000,-68.883330
1722114,"Jiamutan",574,48,"48S","48S2H1S1Q",2,2026-09-21 04:52:17.1730000,0,891,0,2026-09-21 04:52:17.1730000,35.901450,102.605960
1265356,"Chahe",592,48,"48R","48R2H2S4Q",2,2026-09-21 04:52:30.2730000,0,914,0,2026-09-21 04:52:30.2730000,26.591670,105.850000
1266187,"Xinhua",592,48,"48R","48R2H2S4Q",2,2026-09-21 04:52:32.5600000,0,914,0,2026-09-21 04:52:32.5600000,26.616670,105.833330
1269077,"Mujia",592,48,"48R","48R2H2S4Q",2,2026-09-21 04:52:36.8000000,0,913,0,2026-09-21 04:52:36.8000000,26.708330,105.783330
1268852,"Zhijin",592,48,"48R","48R2H2S4Q",2,2026-09-21 04:52:41.8870000,0,913,0,2026-09-21 04:52:41.8870000,26.700000,105.750000
1268851,"Alie",592,48,"48R","48R2H2S4Q",2,2026-09-21 04:52:45.9600000,0,913,0,2026-09-21 04:52:45.9600000,26.700000,105.733330
1268264,"Beimen",592,48,"48R","48R2H2S4Q",2,2026-09-21 04:52:49.4630000,0,913,0,2026-09-21 04:52:49.4630000,26.683330,105.766670
1265143,"Gaoshan",592,48,"48R","48R2H2S4Q",2,2026-09-21 04:52:54.2630000,0,914,0,2026-09-21 04:52:54.2670000,26.583330,105.766670
1266707,"Huahong",592,48,"48R","48R2H2S4Q",2,2026-09-21 04:52:54.2870000,0,913,0,2026-09-21 04:52:54.2870000,26.633330,105.766670
1722829,"Gongshi Jiasiyuan",574,48,"48S","48S2H1S1Q",2,2026-09-21 04:53:12.9870000,0,891,0,2026-09-21 04:53:12.9870000,35.913520,102.631650
1723670,"Yashizha",574,48,"48S","48S2H1S1Q",2,2026-09-21 04:53:18.0170000,0,891,0,2026-09-21 04:53:18.0170000,35.926410,102.616740
1723228,"Caodan",574,48,"48S","48S2H1S1Q",2,2026-09-21 04:53:37.6600000,0,891,0,2026-09-21 04:53:37.6600000,35.919090,102.662520
230655,"Hovoro",2746,195,"57L","57L1H1S2Q",2,2026-09-21 04:53:40.1700000,0,696,0,2026-09-21 04:53:40.1700000,-8.095590,157.600710
1723874,"Xing'ergousi",574,48,"48S","48S2H1S1Q",2,2026-09-21 04:53:40.4700000,0,891,0,2026-09-21 04:53:40.4700000,35.929940,102.687940
1724779,"E'erwa",574,48,"48S","48S2H1S1Q",2,2026-09-21 04:53:42.2270000,0,891,0,2026-09-21 04:53:42.2270000,35.945060,102.674820
1725328,"Baijiasi",574,48,"48S","48S2H1S1Q",2,2026-09-21 04:53:44.3570000,0,891,0,2026-09-21 04:53:44.3570000,35.954170,102.659880
1726478,"Dezhayahe",574,48,"48S","48S2H1S1Q",2,2026-09-21 04:53:46.2730000,0,891,0,2026-09-21 04:53:46.2730000,35.972370,102.658880
1725685,"Baijialaka",574,48,"48S","48S2H1S1Q",2,2026-09-21 04:53:48.4930000,0,891,0,2026-09-21 04:53:48.4930000,35.960200,102.634000
226099,"Keru",2746,195,"57L","57L1H1S2Q",2,2026-09-21 04:54:01.2570000,0,696,0,2026-09-21 04:54:01.2570000,-8.191440,157.668500
223285,"Konggu",2746,195,"57L","57L1H1S2Q",2,2026-09-21 04:54:06.4430000,0,696,0,2026-09-21 04:54:06.4430000,-8.266670,157.816670
222042,"Ngurengure",2746,195,"57L","57L1H1S2Q",2,2026-09-21 04:54:12.6230000,0,697,0,2026-09-21 04:54:12.6230000,-8.316670,157.816670
220629,"Vakambo",2746,195,"57L","57L1H1S2Q",2,2026-09-21 04:54:15.6570000,0,697,0,2026-09-21 04:54:15.6570000,-8.371500,157.847270
1726350,"Baijiaji",574,48,"48S","48S2H1S1Q",2,2026-09-21 04:55:10.2300000,0,891,0,2026-09-21 04:55:10.2300000,35.970290,102.637720
2103647,"Alto",3557,233,"16T","16T2H3S3Q",1,2013-02-25 03:09:44.9900000,3030855,0,0,2026-09-21 04:56:09.8630000,42.856700,-85.380290
2103541,"Elmdale",3557,233,"16T","16T2H3S3Q",1,2018-10-24 14:59:03.5700000,3015515,0,0,2026-09-21 04:56:17.3600000,42.853640,-85.311120
2107280,"Saranac",3557,233,"16T","16T2H3S3Q",1,2018-03-21 17:44:07.0030000,2802143,0,0,2026-09-21 04:59:08.3870000,42.929480,-85.213070
2106024,"Berlin Center",3557,233,"16T","16T2H3S3Q",1,2015-11-08 22:57:40.9230000,3093364,0,0,2026-09-21 04:59:15.2930000,42.900590,-85.134170
2106025,"Tremaine Corners",3557,233,"16T","16T2H3S3Q",1,2017-01-29 02:37:56.8630000,3018182,0,0,2026-09-21 04:59:23.0530000,42.900590,-85.074730
2102929,"West Sebewa",3557,233,"16T","16T2H3S3Q",1,2017-03-21 07:46:04.8000000,3012771,0,0,2026-09-21 04:59:33.1670000,42.843090,-85.053890
2104399,"Sunset Ridge Mobile Home Park",3557,233,"16T","16T2H3S4Q",1,2017-03-11 01:44:49.2700000,3165027,0,0,2026-09-21 04:59:46.1430000,42.869440,-84.936110
2737682,"Kachan",2661,192,"35V","35V2H6S1Q",2,2026-09-21 05:00:51.7970000,0,5032,300,2026-09-21 05:00:51.7970000,57.754900,28.616800
2736771,"Malaya Zhaduanka",2661,192,"35V","35V2H6S1Q",2,2026-09-21 05:00:57.3470000,0,5049,300,2026-09-21 05:00:57.3470000,57.726500,28.535900
2100146,"Valley Farms",3557,233,"16T","16T2H3S4Q",1,2017-05-14 10:54:53.8670000,2727877,0,0,2026-09-21 05:01:01.7670000,42.784200,-84.542760
2097434,"Lansing",3557,233,"16T","16T2H3S4Q",1,2017-08-08 02:02:32.1030000,3193959,0,0,2026-09-21 05:01:07.3170000,42.732540,-84.555530
1606593,"Oak Hill",3567,233,"11S","11S2H1S4Q",1,2026-09-20 01:47:41.9870000,2312,0,0,2026-09-21 05:02:10.3400000,34.065280,-118.785090
1605437,"Malibu Vista",3567,233,"11S","11S2H1S4Q",1,2026-09-20 01:47:53.5700000,2312,0,0,2026-09-21 05:02:14.5900000,34.047780,-118.774260
1603038,"Mahou Riviera",3567,233,"11S","11S2H1S4Q",1,2026-09-09 04:41:30.0130000,1992,0,0,2026-09-21 05:02:19.2970000,34.013340,-118.806480
2739639,"Sur Puravitsa",2661,192,"35V","35V2H5S2Q",3,2026-09-21 04:54:12.7330000,0,0,10074,2026-09-21 05:04:31.7400000,57.817100,27.702940
81383,"Pucapucone",549,46,"19K","19K1H5S4Q",2,2026-09-21 05:05:41.0800000,0,926,0,2026-09-21 05:05:41.0800000,-19.783330,-68.866670
81263,"Banos Andres Jiguata",549,46,"19K","19K1H5S4Q",2,2026-09-21 05:05:42.9630000,0,741,0,2026-09-21 05:05:42.9630000,-19.800000,-68.816670
81036,"Banos Quiguata",549,46,"19K","19K1H5S4Q",2,2026-09-21 05:05:44.7830000,0,971,0,2026-09-21 05:05:44.7830000,-19.833330,-68.850000
80915,"Guantija",549,46,"19K","19K1H5S4Q",2,2026-09-21 05:05:48.3930000,0,927,0,2026-09-21 05:05:48.3930000,-19.850000,-68.833330
80914,"Rincon Gentinune",549,46,"19K","19K1H5S4Q",2,2026-09-21 05:05:51.6700000,0,926,0,2026-09-21 05:05:51.6700000,-19.850000,-68.900000
1683299,"Cosnino",3572,233,"12S","12S2H2S1Q",1,2013-02-02 23:55:02.1200000,8390337,0,0,2026-09-21 05:05:56.6770000,35.205570,-111.474880
1604308,"Trancas",3567,233,"11S","11S2H1S4Q",1,2026-09-09 04:41:05.9900000,1944,0,0,2026-09-21 05:06:15.9100000,34.031120,-118.843150
1604782,"Malibu West",3567,233,"11S","11S2H1S4Q",1,2026-09-09 04:41:20.9800000,2337,0,0,2026-09-21 05:06:20.3300000,34.037230,-118.842310
1263304,"Shixin",592,48,"48R","48R2H2S4Q",2,2026-09-21 05:06:26.7500000,0,915,0,2026-09-21 05:06:26.7530000,26.525000,105.883330
1609892,"Cornell",3567,233,"11S","11S2H1S4Q",1,2026-09-09 02:55:22.6230000,2595,0,0,2026-09-21 05:06:30.9300000,34.114450,-118.777870
1262594,"Xibei",592,48,"48R","48R2H2S4Q",2,2026-09-21 05:06:31.0900000,0,915,0,2026-09-21 05:06:31.0900000,26.500000,105.866670
1261510,"Wengka",592,48,"48R","48R2H2S4Q",2,2026-09-21 05:06:34.4400000,0,915,0,2026-09-21 05:06:34.4400000,26.466670,105.841670
1261511,"Gumao",592,48,"48R","48R2H2S4Q",2,2026-09-21 05:06:53.7930000,0,915,0,2026-09-21 05:06:53.7930000,26.466670,105.941670
1727471,"Tajiayi",574,48,"48S","48S2H1S1Q",2,2026-09-21 05:06:57.8870000,0,891,0,2026-09-21 05:06:57.8870000,35.988610,102.637570
1728589,"Gadong",574,48,"48S","48S1H4S3Q",2,2026-09-21 05:07:02.5570000,0,891,0,2026-09-21 05:07:02.5570000,36.006930,102.597850
1722345,"Danzhousi",574,48,"48S","48S2H1S1Q",2,2026-09-21 05:07:08.2400000,0,891,0,2026-09-21 05:07:08.2400000,35.905470,102.520320
1724196,"Xiakeba",574,48,"48S","48S2H1S1Q",2,2026-09-21 05:07:12.8700000,0,891,0,2026-09-21 05:07:12.8700000,35.934270,102.526080
1724184,"Kenaga",574,48,"48S","48S2H1S1Q",2,2026-09-21 05:07:14.8900000,0,891,0,2026-09-21 05:07:14.8900000,35.934110,102.527080
1725245,"Duoda",574,48,"48S","48S2H1S1Q",2,2026-09-21 05:07:19.2600000,0,891,0,2026-09-21 05:07:19.2600000,35.952690,102.531320
1725840,"Jiangzang'ang",574,48,"48S","48S2H1S1Q",2,2026-09-21 05:07:19.2900000,0,891,0,2026-09-21 05:07:19.2900000,35.963050,102.525760
1725849,"Shangkeba",574,48,"48S","48S2H1S1Q",2,2026-09-21 05:07:20.5270000,0,891,0,2026-09-21 05:07:20.5270000,35.963100,102.524140
2223213,"Walnut Grove",3578,233,"10T","10T1H5S2Q",2,2023-12-31 07:32:39.1530000,0,12900,0,2026-09-21 05:09:16.8430000,45.676470,-122.606650
216962,"Mbuini Tusu",2746,195,"57L","57L1H1S2Q",2,2026-09-21 05:09:23.7630000,0,697,0,2026-09-21 05:09:23.7630000,-8.493310,157.901570
216257,"Chuchulu",2746,195,"57L","57L1H1S2Q",2,2026-09-21 05:09:27.3330000,0,697,0,2026-09-21 05:09:27.3330000,-8.512300,157.892780
216091,"Chemoho",2746,195,"57L","57L1H1S2Q",2,2026-09-21 05:09:30.3000000,0,697,0,2026-09-21 05:09:30.3000000,-8.516670,157.933330
216381,"Sasaghana",2746,195,"57L","57L1H1S2Q",2,2026-09-21 05:09:33.3300000,0,697,0,2026-09-21 05:09:33.3300000,-8.508660,157.977720
216620,"Chea",2746,195,"57L","57L1H2S1Q",2,2026-09-21 05:09:36.3430000,0,697,0,2026-09-21 05:09:36.3430000,-8.502200,158.015860
215317,"Hihiaka Patukae",2746,195,"57L","57L1H2S1Q",2,2026-09-21 05:09:40.1400000,0,697,0,2026-09-21 05:09:40.1400000,-8.533330,158.033330
1929597,"Steel Run",3563,233,"17S","17S1H2S1Q",1,2025-01-12 20:18:01.4300000,2150,0,0,2026-09-21 05:10:20.7600000,39.493690,-81.262890
2653870,"Abol",727,59,"32U","32U1H2S2Q",3,2026-09-21 05:10:13.9230000,0,0,517,2026-09-21 05:10:21.7830000,55.233330,9.133330
2652757,"Hjartbro",727,59,"32U","32U1H2S2Q",3,2026-09-21 05:10:28.1800000,296,0,517,2026-09-21 05:10:28.1800000,55.200000,9.183330
2654418,"Alkaer",727,59,"32U","32U1H2S2Q",3,2026-09-21 05:10:37.4500000,0,0,1115,2026-09-21 05:10:37.4500000,55.250000,9.116670
2654992,"Store Nustrup",727,59,"32U","32U1H2S2Q",3,2026-09-21 05:10:44.3930000,0,0,1140,2026-09-21 05:10:44.3930000,55.266670,9.183330
1929236,"Dart",3563,233,"17S","17S1H2S1Q",1,2025-01-12 20:18:13.2100000,2308,0,0,2026-09-21 05:10:47.0770000,39.486190,-81.274280
2654991,"Lille Nustrup",727,59,"32U","32U1H2S2Q",3,2026-09-21 05:10:50.3800000,0,0,1110,2026-09-21 05:10:50.3800000,55.266670,9.166670
1928184,"Fay",3563,233,"17S","17S1H2S1Q",1,2025-01-12 20:18:16.6070000,2307,0,0,2026-09-21 05:10:52.7570000,39.468130,-81.278730
2654990,"Skibelund",727,59,"32U","32U1H2S2Q",3,2026-09-21 05:10:55.2200000,0,0,1110,2026-09-21 05:10:55.2200000,55.266670,9.133330
2654989,"Kastrup",727,59,"32U","32U1H2S2Q",3,2026-09-21 05:10:59.6270000,0,0,1110,2026-09-21 05:10:59.6270000,55.266670,9.083330
2654417,"Arnum",727,59,"32U","32U1H2S1Q",3,2026-09-21 05:11:09.2730000,0,0,1109,2026-09-21 05:11:09.2730000,55.250000,8.983330
2654416,"Spandet",727,59,"32U","32U1H2S1Q",3,2026-09-21 05:11:18.4030000,0,0,1739,2026-09-21 05:11:18.4030000,55.250000,8.916670
215708,"Rukutu",2746,195,"57L","57L1H2S1Q",2,2026-09-21 05:11:22.7270000,0,697,0,2026-09-21 05:11:22.7270000,-8.523940,158.046270
1926546,"Schley",3563,233,"17S","17S1H2S1Q",1,2025-01-12 20:18:24.3570000,1394,0,536,2026-09-21 05:11:26.0270000,39.442850,-81.255110
1927920,"Deucher",3563,233,"17S","17S1H2S1Q",1,2025-01-13 01:02:58.5670000,3245,0,0,2026-09-21 05:11:54.7100000,39.466460,-81.196780
1927360,"Leith",3563,233,"17S","17S1H2S1Q",1,2025-01-13 01:02:47.8570000,2307,0,0,2026-09-21 05:12:03.9400000,39.455350,-81.150390
1926392,"Raven Rock",3550,233,"17S","17S1H2S1Q",1,2025-01-13 01:02:42.4530000,2303,0,0,2026-09-21 05:12:11.8500000,39.439520,-81.150670
1926458,"Wade",3563,233,"17S","17S1H2S1Q",1,2025-01-13 01:02:52.1370000,2306,0,0,2026-09-21 05:12:21.2130000,39.440630,-81.172610
2739736,"Lyubyatovo",2661,192,"35V","35V2H6S1Q",2,2026-09-21 05:13:20.6400000,0,5006,600,2026-09-21 05:13:20.6400000,57.821400,28.394500
470835,"Hacienda Casateja",834,63,"18N","18N2H4S3Q",3,2026-09-21 05:15:06.9970000,0,0,1200,2026-09-21 05:15:07.0000000,0.616670,-78.000000
471331,"Hacienda Chiltazon",834,63,"18N","18N2H4S3Q",3,2026-09-21 05:15:14.5400000,0,0,1200,2026-09-21 05:15:14.5400000,0.650000,-78.000000
2733724,"Leshchikhino",2661,192,"35V","35V2H6S1Q",2,2026-09-21 05:15:15.0170000,0,5000,2639,2026-09-21 05:15:15.0170000,57.626440,28.156660
471551,"Hato Viejo",834,63,"17N","17N2H6S4Q",3,2026-09-21 05:15:17.9600000,0,0,1200,2026-09-21 05:15:17.9600000,0.666670,-78.033330
468245,"Hacienda Carpuela",827,63,"18N","18N2H4S3Q",3,2026-09-21 05:15:36.9200000,0,0,927,2026-09-21 05:15:36.9200000,0.433330,-77.983330
467920,"Pimampiro",827,63,"18N","18N2H4S3Q",3,2026-09-21 05:15:43.9370000,0,0,927,2026-09-21 05:15:43.9370000,0.400000,-77.966670
467738,"Chuga",827,63,"18N","18N2H4S3Q",3,2026-09-21 05:15:48.9270000,0,0,1115,2026-09-21 05:15:48.9270000,0.383330,-77.900000
467922,"Monte Olivo",834,63,"18N","18N2H4S3Q",3,2026-09-21 05:15:54.5600000,0,0,1115,2026-09-21 05:15:54.5600000,0.400000,-77.883330
2034052,"Frenchtown",3584,233,"18T","18T2H5S2Q",2,2026-09-21 00:31:27.8200000,261,4416,300,2026-09-21 05:15:56.6500000,41.350930,-74.921560
468246,"Hacienda Caldera",834,63,"18N","18N2H4S3Q",2,2017-11-04 22:17:53.9930000,0,328,300,2026-09-21 05:16:09.2600000,0.433330,-77.933330
469259,"Cahuasqui",827,63,"17N","17N2H6S4Q",3,2026-09-21 05:17:05.2430000,0,0,1200,2026-09-21 05:17:05.2430000,0.516670,-78.233330
198768,"Haghela",2750,195,"57L","57L1H3S3Q",2,2026-09-21 05:18:02.0100000,0,561,0,2026-09-21 05:18:02.0100000,-9.016670,160.166670
184374,"Perakauru",2749,195,"57L","57L1H3S3Q",2,2026-09-21 05:18:22.5670000,0,1129,0,2026-09-21 05:18:22.5670000,-9.816670,160.833330
2049834,"Alpicat",909,68,"31T","31T2H4S1Q",3,2026-09-21 05:19:03.8670000,0,0,1062,2026-09-21 05:19:03.8670000,41.665700,0.555640
2095845,"Lake Angelus",3557,233,"17T","17T2H1S3Q",1,2015-12-28 00:21:53.3730000,3000862,0,0,2026-09-21 05:20:15.6470000,42.698640,-83.316600
2279062,"Ammansegg",510,43,"32T","32T1H1S2Q",2,2026-09-14 05:40:04.5330000,0,2040049,0,2026-09-21 05:20:22.1400000,47.171390,7.529410
80682,"Rinconada",549,46,"19K","19K1H5S4Q",2,2026-09-21 05:20:32.0930000,0,925,0,2026-09-21 05:20:32.0930000,-19.883330,-68.866670
79602,"Collacagua",549,46,"19K","19K2H2S2Q",2,2026-09-21 05:20:35.3230000,0,927,0,2026-09-21 05:20:35.3230000,-20.033330,-68.850000
79485,"Piga Chica",549,46,"19K","19K2H2S2Q",2,2026-09-21 05:20:53.3800000,0,924,0,2026-09-21 05:20:53.3800000,-20.050000,-68.783330
79603,"Piga",549,46,"19K","19K2H2S2Q",2,2026-09-21 05:20:56.5630000,0,1080,0,2026-09-21 05:20:56.5630000,-20.033330,-68.766670
80683,"Chipallanta",549,46,"19K","19K1H5S4Q",2,2026-09-21 05:20:59.6770000,0,955,0,2026-09-21 05:20:59.6770000,-19.883330,-68.700000
1845700,"Hookston",3567,233,"10S","10S1H5S2Q",3,2013-09-02 20:46:26.2470000,0,0,1258911,2026-09-21 05:21:48.4570000,37.941310,-122.052740
113487,"Mentana",142,13,"54K","54K1H2S2Q",2,2026-09-21 05:22:32.8370000,0,989,0,2026-09-21 05:22:32.8370000,-16.250000,141.416670
97209,"Burketown",142,13,"54K","54K1H1S4Q",2,2026-09-21 05:22:57.2970000,0,966,0,2026-09-21 05:22:57.2970000,-17.716670,139.566670
2664836,"Sed'moy Mikrorayon",2670,192,"37U","37U1H1S2Q",2,2022-10-30 13:28:15.1700000,0,2895918,0,2026-09-21 05:25:33.5030000,55.562220,37.579720
1925865,"Spring Run",3550,233,"17S","17S1H2S1Q",1,2025-01-13 01:02:38.2830000,2303,0,0,2026-09-21 05:25:36.9230000,39.432580,-81.167330
2664749,"Zhabkino",2671,192,"37U","37U1H1S2Q",2,2022-11-23 10:23:24.4900000,0,1434341,0,2026-09-21 05:25:42.1230000,55.556940,37.625560
1925319,"Grape Island",3550,233,"17S","17S1H2S1Q",1,2025-01-13 01:02:33.4000000,2303,0,0,2026-09-21 05:25:43.7730000,39.421460,-81.181780
113486,"Daly Waters",139,13,"53K","53K1H1S2Q",2,2026-09-21 05:25:50.9670000,0,580,0,2026-09-21 05:25:50.9670000,-16.250000,133.366670
1924842,"Murphy",3563,233,"17S","17S1H2S1Q",1,2025-01-13 00:42:36.4400000,1393,0,318,2026-09-21 05:25:50.9900000,39.415350,-81.202060
2664256,"Rastorguyevo",2671,192,"37U","37U1H1S2Q",2,2026-08-25 10:49:19.3500000,0,5863,0,2026-09-21 05:25:58.5670000,55.544720,37.674720
1924668,"Bevan",3563,233,"17S","17S1H2S1Q",1,2025-01-13 00:42:51.5800000,4350,0,0,2026-09-21 05:25:58.7330000,39.411740,-81.232340
1923452,"Newport",3563,233,"17S","17S1H2S1Q",1,2025-01-13 00:42:24.3600000,2301,0,0,2026-09-21 05:26:05.5970000,39.390910,-81.226780
1923505,"Saint Marys",3550,233,"17S","17S1H2S1Q",1,2025-01-13 00:42:29.7500000,2301,0,0,2026-09-21 05:26:10.5170000,39.391740,-81.205110
1922850,"Green Run",3550,233,"17S","17S1H2S1Q",1,2025-01-13 00:42:16.8200000,2301,0,0,2026-09-21 05:26:16.1430000,39.380910,-81.221500
1923169,"Vaucluse",3550,233,"17S","17S1H2S1Q",1,2025-01-13 00:42:20.5000000,2301,0,0,2026-09-21 05:26:23.1600000,39.384800,-81.231500
2448495,"Rocourt",255,20,"31U","31U2H3S4Q",1,2023-07-15 05:18:39.0400000,107268,0,0,2026-09-21 05:26:55.2770000,50.677880,5.549360
1728604,"Qiajia",574,48,"48S","48S1H4S3Q",2,2026-09-21 05:27:38.7600000,0,891,0,2026-09-21 05:27:38.7600000,36.007120,102.500140
1899757,"Fosterburg",3554,233,"15S","15S1H3S4Q",1,2023-01-15 13:25:10.3530000,503252,177614,0,2026-09-21 05:27:39.3370000,38.971710,-90.075110
1733720,"Bayan",574,48,"48S","48S1H4S3Q",2,2026-09-21 05:27:41.0500000,0,891,0,2026-09-21 05:27:41.0500000,36.095560,102.261110
1715672,"Jianshetang",574,48,"48S","48S2H1S1Q",2,2026-09-21 05:27:47.1400000,0,891,0,2026-09-21 05:27:47.1400000,35.790490,102.211800
1715791,"Lalongka",574,48,"48S","48S2H1S1Q",2,2026-09-21 05:28:01.8170000,0,891,0,2026-09-21 05:28:01.8170000,35.792360,102.225150
1899710,"Hawk Point",3543,233,"15S","15S1H3S3Q",1,2022-05-12 14:56:23.6670000,900750,86115,0,2026-09-21 05:28:02.7500000,38.970880,-91.131260
1715757,"Heran",574,48,"48S","48S2H1S1Q",2,2026-09-21 05:28:04.5200000,0,891,0,2026-09-21 05:28:04.5200000,35.791820,102.240610
1715132,"Bitang",574,48,"48S","48S2H1S1Q",2,2026-09-21 05:28:08.1130000,0,891,0,2026-09-21 05:28:08.1130000,35.781630,102.233340
1715026,"Walong",574,48,"48S","48S2H1S1Q",2,2026-09-21 05:28:09.7430000,0,891,0,2026-09-21 05:28:09.7430000,35.779290,102.251710
1714000,"Luoyangtang",574,48,"48S","48S2H1S1Q",2,2026-09-21 05:28:16.9270000,0,891,0,2026-09-21 05:28:16.9270000,35.761720,102.250890
139234,"Fiti`uta",127,11,"02L","02L2H6S1Q",2,2026-09-21 05:28:17.3170000,0,572,0,2026-09-21 05:28:17.3170000,-14.222220,-169.423610
1261208,"Houchang",592,48,"48R","48R2H2S4Q",2,2026-09-21 05:06:42.3270000,0,2115,0,2026-09-21 05:28:34.3830000,26.458330,105.908330
1260767,"Mengzhou",592,48,"48R","48R2H2S4Q",2,2026-09-21 05:28:35.7970000,0,915,0,2026-09-21 05:28:35.7970000,26.444440,105.958330
2836380,"Strawberry Crest",3538,233,"17R","17R1H4S4Q",1,2025-03-15 00:29:56.4630000,1043642,853607,0,2026-09-21 05:28:45.2200000,28.023025,-82.235997
1259945,"Kechu",592,48,"48R","48R2H2S4Q",2,2026-09-21 05:28:48.0200000,0,915,0,2026-09-21 05:28:48.0200000,26.416670,105.916670
1259946,"Budui",592,48,"48R","48R2H2S4Q",2,2026-09-21 05:28:51.5530000,0,916,0,2026-09-21 05:28:51.5530000,26.416670,105.966670
1259045,"Maotong",592,48,"48R","48R2H2S4Q",2,2026-09-21 05:28:55.8130000,0,915,0,2026-09-21 05:28:55.8130000,26.391670,105.916670
1258799,"Jiaozishan",592,48,"48R","48R2H2S4Q",2,2026-09-21 05:28:59.3030000,0,916,0,2026-09-21 05:28:59.3030000,26.383330,105.950000
1259368,"Xiaotunjie",592,48,"48R","48R2H3S3Q",2,2026-09-21 05:29:04.2600000,0,916,0,2026-09-21 05:29:04.2600000,26.400000,106.033330
2312540,"Jasney",957,75,"32T","32T1H1S1Q",1,2015-09-06 21:10:59.9930000,11649,0,0,2026-09-21 05:29:56.5870000,47.866670,6.183330
139209,"Leusoali`i",127,11,"02L","02L2H6S1Q",2,2026-09-21 05:29:57.2670000,0,685,0,2026-09-21 05:29:57.2670000,-14.226110,-169.421110
2313397,"Anjeux",957,75,"32T","32T1H1S1Q",1,2015-09-06 21:10:47.2000000,11968,0,0,2026-09-21 05:30:00.0000000,47.883330,6.200000
2314242,"Cuve",957,75,"32T","32T1H1S1Q",1,2017-11-29 23:44:13.5770000,11519,0,0,2026-09-21 05:30:03.1370000,47.900000,6.216670
2315036,"Dampvalley-Saint-Pancras",957,75,"32T","32T1H1S1Q",1,2018-06-05 17:46:58.8270000,32243,0,0,2026-09-21 05:30:12.0700000,47.916670,6.200000
2315035,"Betoncourt-Saint-Pancras",957,75,"32T","32T1H1S1Q",1,2015-09-03 22:51:45.3230000,12086,0,0,2026-09-21 05:30:18.7630000,47.916670,6.166670
2315898,"Fontenois-la-Ville",957,75,"32T","32T1H1S1Q",1,2015-09-07 15:08:47.6270000,12127,0,0,2026-09-21 05:30:22.1200000,47.933330,6.166670
2315034,"Mailleroncourt-Saint-Pancras",957,75,"32T","32T1H1S1Q",1,2015-09-07 15:08:56.2570000,12122,0,0,2026-09-21 05:30:28.4400000,47.916670,6.133330
2315033,"Vauvillers",957,75,"32T","32T1H1S1Q",1,2018-07-02 13:53:09.3300000,11786,0,0,2026-09-21 05:30:33.0500000,47.916670,6.100000
1922770,"Belmont",3550,233,"17S","17S1H2S1Q",1,2025-01-12 23:59:30.9330000,2301,0,0,2026-09-21 05:31:16.2600000,39.379520,-81.258450
1923270,"Newell Run",3563,233,"17S","17S1H2S1Q",1,2025-01-12 23:59:20.2530000,3255,0,0,2026-09-21 05:31:27.0730000,39.387020,-81.267610
1922436,"Eureka",3550,233,"17S","17S1H2S1Q",1,2025-01-12 23:59:13.7600000,2301,0,0,2026-09-21 05:31:34.0000000,39.372570,-81.280950
352,"Seaward Downs",2329,172,"59G","59G2H4S1Q",2,2026-05-08 21:54:13.8830000,0,11052,0,2026-09-21 05:32:58.5570000,-46.383330,168.750000
2037631,"Mongaup",3562,233,"18T","18T2H5S2Q",2,2026-09-21 05:33:01.4200000,0,511,0,2026-09-21 05:33:01.4200000,41.424810,-74.762110
2824011,"Vasternoret",2808,198,"33W","33W2H6S4Q",3,2026-09-21 05:33:28.5300000,902,0,987,2026-09-21 05:33:28.5300000,64.100000,17.316670
2824010,"Sornoret",2808,198,"33W","33W2H6S4Q",3,2026-09-21 05:33:40.5700000,0,0,792,2026-09-21 05:33:40.5700000,64.100000,17.183330
2036751,"Millrift",3584,233,"18T","18T2H5S2Q",2,2026-09-21 05:33:43.3270000,0,498,0,2026-09-21 05:33:43.3270000,41.409260,-74.743220
2824315,"Sorasele",2808,198,"33W","33W2H6S4Q",3,2026-09-21 05:33:45.1700000,0,0,687,2026-09-21 05:33:45.1700000,64.166670,17.300000
2824451,"Soraselbodarna",2808,198,"33W","33W2H6S4Q",3,2026-09-21 05:33:49.6000000,0,0,654,2026-09-21 05:33:49.6000000,64.200000,17.166670
2824244,"Vaster-Storsjo",2808,198,"33W","33W2H6S4Q",3,2026-09-21 05:34:05.7330000,0,0,1002,2026-09-21 05:34:05.7330000,64.150000,17.600000
2824170,"Storsjo",2808,198,"33W","33W2H6S4Q",3,2026-09-21 05:34:14.2030000,0,0,1002,2026-09-21 05:34:14.2030000,64.133330,17.666670
2824171,"Oster-Storsjo",2808,198,"33W","33W2H6S4Q",3,2026-09-21 05:34:20.2370000,0,0,1003,2026-09-21 05:34:20.2370000,64.133330,17.683330
2823833,"Overrissjo",2808,198,"33W","33W2H6S4Q",3,2026-09-21 05:34:24.0230000,0,0,987,2026-09-21 05:34:24.0230000,64.066670,17.666670
2041826,"Oakland Valley",3562,233,"18T","18T2H5S2Q",1,2013-10-10 21:29:57.2800000,5391,300,300,2026-09-21 05:34:39.0670000,41.507040,-74.649050
2729796,"Kononovo",2661,192,"35V","35V2H6S1Q",2,2026-09-21 05:35:19.6630000,0,5300,3956,2026-09-21 05:35:19.6630000,57.493800,28.033290
2728222,"Vanyutino",2661,192,"35V","35V2H6S1Q",3,2023-08-27 05:15:47.7200000,0,6146,6176,2026-09-21 05:35:31.2170000,57.444100,28.081100
80684,"E. Sanchez",549,46,"19K","19K1H5S4Q",2,2026-09-21 05:36:52.5430000,0,927,0,2026-09-21 05:36:52.5430000,-19.883330,-68.633330
80570,"Canto",549,46,"19K","19K1H5S4Q",2,2026-09-21 05:36:54.3370000,0,970,0,2026-09-21 05:36:54.3370000,-19.900000,-68.650000
80199,"Collacollane",549,46,"19K","19K1H5S4Q",2,2026-09-21 05:36:57.9000000,0,927,0,2026-09-21 05:36:57.9000000,-19.950000,-68.616670
79845,"Sacaya",549,46,"19K","19K2H2S2Q",2,2026-09-21 05:37:00.2030000,0,924,0,2026-09-21 05:37:00.2030000,-20.000000,-68.583330
79722,"Casa Angostura",549,46,"19K","19K2H2S2Q",2,2026-09-21 05:37:04.5770000,0,969,0,2026-09-21 05:37:04.5770000,-20.016670,-68.600000
81266,"Calcalaguay",349,29,"19K","19K1H5S4Q",2,2026-09-21 05:37:17.9770000,0,769,0,2026-09-21 05:37:17.9770000,-19.800000,-68.450000
2509139,"Kunikan",2720,192,"50U","50U2H2S2Q",1,2026-09-21 05:38:10.6170000,1200,0,0,2026-09-21 05:38:10.6170000,51.816670,117.166670
2509140,"Kuryumdyukan",2720,192,"50U","50U2H3S1Q",1,2026-09-21 05:38:15.3800000,1200,0,0,2026-09-21 05:38:15.3800000,51.816670,118.466670
1921657,"Willow Island",3550,233,"17S","17S1H2S1Q",1,2025-01-12 23:59:10.4000000,2301,0,0,2026-09-21 05:38:39.2000000,39.358410,-81.308170
469509,"Hacienda Pugaran",827,63,"17N","17N2H6S4Q",3,2026-09-21 05:38:40.3030000,0,0,1200,2026-09-21 05:38:40.3030000,0.533330,-78.233330
469508,"Hacienda Huanubuela",827,63,"17N","17N2H6S4Q",3,2026-09-21 05:38:44.7200000,0,0,1200,2026-09-21 05:38:44.7200000,0.533330,-78.250000
1922818,"Yankeeburg",3563,233,"17S","17S1H2S1Q",1,2025-01-12 21:12:58.3170000,2298,0,0,2026-09-21 05:38:47.9100000,39.380350,-81.343170
469776,"Hacienda Chinchivi",827,63,"17N","17N2H6S4Q",3,2026-09-21 05:38:50.1870000,0,0,1200,2026-09-21 05:38:50.1870000,0.550000,-78.350000
466720,"Hacienda Cuicocha",827,63,"17N","17N2H6S4Q",3,2026-09-21 05:38:56.4630000,0,0,1200,2026-09-21 05:38:56.4630000,0.300000,-78.350000
466439,"Queseras",827,63,"17N","17N2H6S4Q",3,2026-09-21 05:39:00.6930000,0,0,1200,2026-09-21 05:39:00.6930000,0.266670,-78.366670
467281,"Plaza Gutierrez",827,63,"17N","17N2H6S4Q",3,2026-09-21 05:39:04.8300000,0,0,1200,2026-09-21 05:39:04.8300000,0.350000,-78.483330
467280,"Apuela",827,63,"17N","17N2H6S4Q",3,2026-09-21 05:39:09.4730000,0,0,1200,2026-09-21 05:39:09.4730000,0.350000,-78.500000
467279,"Penaherrera",827,63,"17N","17N2H6S4Q",3,2026-09-21 05:39:16.0230000,0,0,1200,2026-09-21 05:39:16.0230000,0.350000,-78.533330
139248,"Maia",127,11,"02L","02L2H6S1Q",2,2026-09-21 05:39:16.1700000,0,729,0,2026-09-21 05:39:16.1700000,-14.219440,-169.428330
139205,"Faleasao",127,11,"02L","02L2H6S1Q",2,2026-09-21 05:39:22.0800000,0,570,0,2026-09-21 05:39:22.0800000,-14.226670,-169.512220
1921357,"Lower Newport",3563,233,"17S","17S1H2S1Q",1,2025-01-12 21:13:05.7330000,2298,0,0,2026-09-21 05:39:29.3430000,39.352020,-81.345120
138958,"Fusi",127,11,"02L","02L2H6S1Q",2,2026-09-21 05:39:34.0600000,0,570,0,2026-09-21 05:39:34.0600000,-14.243610,-169.510280
139176,"Luma",127,11,"02L","02L2H6S1Q",2,2026-09-21 05:39:38.7070000,0,570,0,2026-09-21 05:39:38.7070000,-14.231670,-169.514720
2109622,"Days Creek",3576,233,"10T","10T2H2S3Q",2,2026-09-21 05:41:22.5930000,0,917,0,2026-09-21 05:41:22.5930000,42.972340,-123.172280
1982284,"Indian Heights",3555,233,"16T","16T2H5S4Q",3,2025-04-12 22:38:20.4830000,0,0,443348,2026-09-21 05:44:20.7270000,40.427260,-86.125550
2523974,"Stremmen",713,57,"33U","33U1H5S3Q",3,2026-09-18 21:31:36.5270000,0,0,10668,2026-09-21 05:45:53.1230000,52.133330,14.166670
2664811,"Tarychevo",2671,192,"37U","37U1H1S2Q",2,2026-09-14 07:01:12.7570000,0,4687,0,2026-09-21 05:46:45.9870000,55.560560,37.692500
2665368,"Blizhniye Prudishchi",2671,192,"37U","37U1H1S2Q",2,2026-09-14 07:01:26.5730000,0,4782,0,2026-09-21 05:47:00.0100000,55.578430,37.699620
2533237,"Swidry Nowe",2440,180,"34U","34U1H5S3Q",2,2020-01-22 11:30:47.6500000,0,1264003,0,2026-09-21 05:47:10.3330000,52.316670,20.950000
2665878,"Razvilka",2671,192,"37U","37U1H1S2Q",2,2026-08-20 08:16:43.7070000,0,4585,0,2026-09-21 05:47:10.8700000,55.592090,37.740850
2533236,"Burakow",2440,180,"34U","34U1H5S3Q",2,2020-01-20 14:27:49.1000000,0,1509202,0,2026-09-21 05:47:15.9300000,52.316670,20.933330
2532840,"Mlociny",2440,180,"34U","34U1H5S3Q",2,2020-01-16 11:05:36.9230000,0,1518892,0,2026-09-21 05:47:21.8030000,52.309110,20.920540
2532038,"Bielany",2440,180,"34U","34U1H5S3Q",2,2020-04-07 10:31:09.0730000,0,1314351,0,2026-09-21 05:47:27.5370000,52.292420,20.935310
2531767,"Wawrzyszew Nowy",2440,180,"34U","34U1H5S3Q",2,2020-07-12 20:15:30.4300000,0,1587735,0,2026-09-21 05:47:32.6570000,52.283390,20.935480
2509144,"Verkhniy Orsk",2722,192,"52U","52U2H2S1Q",1,2026-09-21 05:47:47.2130000,1200,0,0,2026-09-21 05:47:47.2130000,51.816670,128.250000
2509145,"Okhotnichiy",2722,192,"52U","52U2H2S1Q",1,2026-09-21 05:47:51.0270000,1200,0,0,2026-09-21 05:47:51.0270000,51.816670,128.366670
2509146,"Konstantinovka",2722,192,"52U","52U2H2S2Q",1,2026-09-21 05:47:54.5630000,1200,0,0,2026-09-21 05:47:54.5630000,51.816670,129.083330
2509147,"Kozlovka",2722,192,"52U","52U2H2S2Q",1,2026-09-21 05:48:06.1500000,1200,0,0,2026-09-21 05:48:06.1500000,51.816670,129.200000
2509941,"Dayakon",2720,192,"50U","50U2H2S2Q",1,2026-09-21 05:48:12.1530000,1200,0,0,2026-09-21 05:48:12.1530000,51.833330,117.533330
2509943,"Burukan",2720,192,"50U","50U2H3S1Q",1,2026-09-21 05:48:18.5100000,1200,0,0,2026-09-21 05:48:18.5100000,51.833330,118.500000
12571,"Redfern",143,13,"56H","56H1H1S4Q",3,2012-03-12 11:01:18.8770000,0,517,151031424,2026-09-21 05:48:18.9670000,-33.892790,151.204150
1714212,"Yaga",574,48,"48S","48S2H1S1Q",2,2026-09-21 05:48:24.7030000,0,891,0,2026-09-21 05:48:24.7030000,35.765560,102.276540
2509944,"Kryukovo",2720,192,"50U","50U2H3S2Q",1,2026-09-21 05:48:25.6530000,1200,0,0,2026-09-21 05:48:25.6530000,51.833330,119.100000
1714236,"Yaga",574,48,"48S","48S2H1S1Q",2,2026-09-21 05:48:26.7700000,0,891,0,2026-09-21 05:48:26.7700000,35.765940,102.279270
2510287,"Novogeorgiyevka",2722,192,"52U","52U2H1S2Q",1,2026-09-21 05:48:29.6870000,1200,0,0,2026-09-21 05:48:29.6870000,51.848000,127.105800
1712225,"Laitang",574,48,"48S","48S2H1S1Q",2,2026-09-21 05:48:35.0530000,0,892,0,2026-09-21 05:48:35.0530000,35.731240,102.604300
1712911,"Maicaodetan",574,48,"48S","48S2H1S1Q",2,2026-09-21 05:48:37.0800000,0,892,0,2026-09-21 05:48:37.0800000,35.742540,102.616960
1711759,"Yamu",574,48,"48S","48S2H1S1Q",2,2026-09-21 05:48:39.1930000,0,892,0,2026-09-21 05:48:39.1930000,35.721750,102.619150
1710915,"Tiegaleng",574,48,"48S","48S2H1S1Q",2,2026-09-21 05:48:40.8500000,0,892,0,2026-09-21 05:48:40.8500000,35.707980,102.637940
1710185,"Wuman",574,48,"48S","48S2H1S1Q",2,2026-09-21 05:48:42.8230000,0,892,0,2026-09-21 05:48:42.8230000,35.696300,102.655280
1709432,"Dula",574,48,"48S","48S2H1S1Q",2,2026-09-21 05:48:45.0900000,0,892,0,2026-09-21 05:48:45.0900000,35.682910,102.666720
1258227,"Tianlong",592,48,"48R","48R2H3S3Q",2,2026-09-21 05:48:55.9570000,0,916,0,2026-09-21 05:48:55.9570000,26.366670,106.133330
1257683,"Daxiqiao",592,48,"48R","48R2H3S3Q",2,2026-09-21 05:48:57.6500000,0,916,0,2026-09-21 05:48:57.6500000,26.350000,106.100000
1256433,"Erpu",592,48,"48R","48R2H3S3Q",2,2026-09-21 05:49:09.7100000,0,916,0,2026-09-21 05:49:09.7100000,26.316670,106.066670
1257045,"Caiguantun",592,48,"48R","48R2H2S4Q",2,2026-09-21 05:49:12.8930000,0,916,0,2026-09-21 05:49:12.8930000,26.333330,105.983330
1257044,"Tiaodengchang",592,48,"48R","48R2H2S4Q",2,2026-09-21 05:49:15.1930000,0,916,0,2026-09-21 05:49:15.1930000,26.333330,105.916670
1255079,"Sunjiazhuang",592,48,"48R","48R2H2S4Q",2,2026-09-21 05:49:18.0200000,0,916,0,2026-09-21 05:49:18.0200000,26.283330,105.925000
81386,"Oquecollo",349,29,"19K","19K1H5S4Q",2,2026-09-21 05:51:01.4430000,0,769,0,2026-09-21 05:51:01.4430000,-19.783330,-68.450000
81267,"Chituma",349,29,"19K","19K1H5S4Q",2,2026-09-21 05:51:04.2230000,0,769,0,2026-09-21 05:51:04.2230000,-19.800000,-68.433330
83075,"Churu",351,29,"19K","19K1H5S4Q",2,2026-09-21 05:51:10.7170000,0,771,0,2026-09-21 05:51:10.7170000,-19.566670,-68.416670
83312,"Laqueca",351,29,"19K","19K1H5S4Q",2,2026-09-21 05:51:13.7400000,0,771,0,2026-09-21 05:51:13.7400000,-19.533330,-68.433330
2315032,"Montdore",957,75,"32T","32T1H1S1Q",1,2018-06-25 15:54:24.8530000,7734,0,0,2026-09-21 05:53:22.5270000,47.916670,6.083330
2315897,"Alaincourt",957,75,"32T","32T1H1S1Q",1,2015-09-07 15:09:13.4030000,11839,0,0,2026-09-21 05:53:27.4800000,47.933330,6.100000
2316768,"La Basse-Vaivre",957,75,"32T","32T1H1S1Q",1,2018-06-25 22:13:43.9900000,11791,0,0,2026-09-21 05:53:33.4170000,47.950000,6.050000
2317631,"Selles",957,75,"32T","32T1H1S1Q",1,2018-06-25 22:21:29.8200000,12824,0,0,2026-09-21 05:53:36.2400000,47.966670,6.083330
2315896,"Demangevelle",957,75,"32T","32T1H1S1Q",1,2018-06-25 22:13:24.6770000,6576,0,0,2026-09-21 05:53:39.4700000,47.933330,6.033330
2315031,"Corre",957,75,"32T","32T1H1S1Q",1,2020-04-21 19:04:36.1000000,12115,0,0,2026-09-21 05:53:42.4470000,47.916670,6.000000
2315895,"Vougecourt",957,75,"32T","32T1H1S1Q",1,2020-04-21 19:04:27.7230000,6723,0,0,2026-09-21 05:53:45.0800000,47.933330,6.000000
2314239,"Ranzevelle",957,75,"31T","31T1H3S2Q",1,2015-09-07 16:42:56.5030000,8998,0,0,2026-09-21 05:53:48.5330000,47.900000,5.983330
2676597,"Moodiesburn",977,77,"30U","30U1H1S2Q",1,2026-07-12 05:48:36.4700000,500749,0,0,2026-09-21 05:57:21.7070000,55.915010,-4.083310
2223456,"Baggio",1366,110,"32T","32T1H6S2Q",2,2017-03-27 17:35:05.3600000,0,1002804,0,2026-09-21 05:57:38.3770000,45.683330,11.850000
2681803,"Kincardine",977,77,"30V","30V2H5S3Q",1,2010-01-01 00:00:00.0000000,600350,0,0,2026-09-21 05:57:41.0030000,56.066670,-3.716670
1826581,"Union City",3567,233,"10S","10S1H5S2Q",3,2013-08-21 14:23:41.1100000,36138,0,2958813,2026-09-21 05:58:33.4530000,37.595770,-122.019130
1708850,"Kema",574,48,"48S","48S2H1S1Q",2,2026-09-21 06:01:24.2830000,0,892,0,2026-09-21 06:01:24.2830000,35.671390,102.676750
1707453,"Xichong",574,48,"48S","48S2H1S1Q",2,2026-09-21 06:01:27.0330000,0,892,0,2026-09-21 06:01:27.0330000,35.648990,102.672270
1707394,"Hezhuang",574,48,"48S","48S2H1S1Q",2,2026-09-21 06:01:32.3630000,0,892,0,2026-09-21 06:01:32.3630000,35.648010,102.656690
1707467,"Gulei",574,48,"48S","48S2H1S1Q",2,2026-09-21 06:01:32.4270000,0,892,0,2026-09-21 06:01:32.4270000,35.649320,102.649670
2463881,"Terhagen",2271,167,"31U","31U2H3S4Q",2,2026-09-12 07:02:39.4300000,0,804259,0,2026-09-21 06:01:33.6670000,50.944170,5.756940
1707775,"Xiagulei",574,48,"48S","48S2H1S1Q",2,2026-09-21 06:01:36.4370000,0,892,0,2026-09-21 06:01:36.4370000,35.653180,102.645830
1708051,"Duowa",574,48,"48S","48S2H1S1Q",2,2026-09-21 06:01:39.1000000,0,892,0,2026-09-21 06:01:39.1030000,35.657920,102.631180
1708365,"Ejia",574,48,"48S","48S2H1S1Q",2,2026-09-21 06:01:39.8700000,0,892,0,2026-09-21 06:01:39.8700000,35.663850,102.620170
1707427,"Duoshize",574,48,"48S","48S2H1S1Q",2,2026-09-21 06:01:41.5900000,0,892,0,2026-09-21 06:01:41.5900000,35.648580,102.613250
2432702,"Plymouth",979,77,"30U","30U2H1S4Q",1,2026-07-27 18:42:07.7830000,342286,0,0,2026-09-21 06:02:03.7000000,50.371530,-4.143050
2433046,"Mannamead",979,77,"30U","30U2H1S4Q",1,2026-08-12 22:11:32.9830000,121082,0,0,2026-09-21 06:02:08.6500000,50.383330,-4.133330
2433828,"Manadon",979,77,"30U","30U2H1S4Q",1,2026-07-28 08:23:07.7930000,69571,0,0,2026-09-21 06:02:13.8900000,50.400000,-4.133330
2433829,"Egg Buckland",979,77,"30U","30U2H1S4Q",1,2026-08-19 14:52:52.7930000,42314,0,0,2026-09-21 06:02:18.7070000,50.400000,-4.116670
2434653,"Crown Hill",979,77,"30U","30U2H1S4Q",1,2026-08-21 09:46:58.4300000,90679,0,0,2026-09-21 06:02:24.5900000,50.416670,-4.133330
2433827,"Saint Budeaux",979,77,"30U","30U2H1S4Q",1,2026-07-27 18:52:56.7470000,93358,0,0,2026-09-21 06:02:28.8600000,50.400000,-4.166670
2429721,"Newton Ferrers",979,77,"30U","30U2H1S4Q",1,2026-07-20 06:57:36.1930000,2924,0,0,2026-09-21 06:04:05.3070000,50.316670,-4.033330
2249870,"Longeville-sur-Mer",949,75,"30T","30T1H3S3Q",1,2025-03-30 10:22:52.0370000,758642,6135,0,2026-09-21 06:04:26.4830000,46.416670,-1.500000
2017439,"Bitetto",1371,110,"33T","33T2H6S1Q",1,2026-09-21 06:04:39.2700000,3738,0,0,2026-09-21 06:04:45.9200000,41.038630,16.746880
2569965,"Amerika",2275,167,"32U","32U1H4S1Q",1,2015-10-04 08:38:51.0270000,93401,0,0,2026-09-21 06:05:49.3130000,53.091670,6.370830
83313,"Unidas",351,29,"19K","19K1H5S4Q",2,2026-09-21 06:05:50.3200000,0,771,0,2026-09-21 06:05:50.3230000,-19.533330,-68.416670
83447,"Estancia Chakiri",351,29,"19K","19K1H5S4Q",2,2026-09-21 06:05:52.9830000,0,771,0,2026-09-21 06:05:52.9830000,-19.516670,-68.416670
83559,"Irpa",351,29,"19K","19K1H5S4Q",2,2026-09-21 06:05:55.3400000,0,771,0,2026-09-21 06:05:55.3400000,-19.500000,-68.433330
2569769,"Een-West",2275,167,"32U","32U1H4S1Q",1,2014-03-17 06:47:05.0570000,123787,0,0,2026-09-21 06:05:56.9730000,53.085000,6.338890
83558,"Estancia Calcalahuaya",351,29,"19K","19K1H5S4Q",2,2026-09-21 06:06:04.0700000,0,771,0,2026-09-21 06:06:04.0700000,-19.500000,-68.450000
83446,"Amaro",351,29,"19K","19K1H5S4Q",2,2026-09-21 06:06:06.4100000,0,771,0,2026-09-21 06:06:06.4100000,-19.516670,-68.483330
2570675,"De Haspel",2272,167,"32U","32U1H4S1Q",1,2016-05-25 10:58:45.7500000,10119,0,0,2026-09-21 06:06:09.0370000,53.104170,6.338890
2459799,"Briegden",256,20,"31U","31U2H3S4Q",1,2026-01-30 19:31:03.7330000,3289,0,0,2026-09-21 06:06:10.0370000,50.875600,5.632510
2097036,"Gingellville",3557,233,"17T","17T2H1S3Q",1,2014-09-06 22:00:13.1530000,2600101,0,0,2026-09-21 06:06:14.5000000,42.721700,-83.307720
2570931,"Veldstreek",2272,167,"32U","32U1H4S1Q",1,2015-07-06 10:58:46.9130000,176544,0,0,2026-09-21 06:06:17.4330000,53.113330,6.327780
2570987,"Boerenstreek",2272,167,"32U","32U1H4S1Q",1,2014-03-14 19:06:26.2930000,14746,0,0,2026-09-21 06:06:25.8170000,53.115830,6.345830
2571644,"Zevenhuizen",2272,167,"32U","32U1H4S1Q",1,2016-05-25 11:24:26.7570000,5955,0,0,2026-09-21 06:06:38.6470000,53.126670,6.347220
2571666,"Blauw",2272,167,"32U","32U1H4S1Q",1,2016-05-25 11:38:01.9030000,45706,0,0,2026-09-21 06:06:50.0130000,53.127500,6.368060
2572285,"Oost Indie",2272,167,"32U","32U1H4S1Q",1,2017-01-13 23:58:07.7630000,8384,0,0,2026-09-21 06:07:03.6700000,53.135000,6.372220
2572786,"Diepswal",2272,167,"32U","32U1H4S1Q",1,2016-05-25 11:55:09.3300000,12160,0,0,2026-09-21 06:07:13.9000000,53.150000,6.369440
1913372,"Nashville",3555,233,"16S","16S1H2S2Q",2,2013-09-07 13:49:17.3800000,0,13350490,0,2026-09-21 06:07:43.1770000,39.207270,-86.251100
1666617,"Sunjia",583,48,"49S","49S2H1S4Q",2,2026-09-21 06:08:04.1900000,0,903,0,2026-09-21 06:08:04.1900000,34.935370,109.302160
1666997,"Honghuacun",583,48,"49S","49S2H1S4Q",2,2026-09-21 06:08:08.8300000,0,903,0,2026-09-21 06:08:08.8300000,34.941860,109.301030
1667909,"Xuezhen",583,48,"49S","49S2H1S4Q",2,2026-09-21 06:08:14.0600000,0,903,0,2026-09-21 06:08:14.0600000,34.954750,109.296520
1665794,"Chengxicun",583,48,"49S","49S2H1S4Q",2,2026-09-21 06:08:20.1770000,0,903,0,2026-09-21 06:08:20.1770000,34.924080,109.316670
1665634,"Xinjia",583,48,"49S","49S2H1S4Q",2,2026-09-21 06:08:24.7500000,0,903,0,2026-09-21 06:08:24.7500000,34.921420,109.320680
1666069,"Xiaxiuwucun",583,48,"49S","49S2H1S4Q",2,2026-09-21 06:08:26.3500000,0,903,0,2026-09-21 06:08:26.3500000,34.928660,109.331930
2280764,"La Poivetiere",949,75,"30T","30T1H3S1Q",1,2023-10-28 22:30:54.8070000,992470,0,0,2026-09-21 06:08:27.2430000,47.216670,-1.350000
1666050,"Xiwucun",583,48,"49S","49S2H1S4Q",2,2026-09-21 06:08:29.3800000,0,903,0,2026-09-21 06:08:29.3800000,34.928400,109.344490
2118385,"Sitkum",3576,233,"10T","10T2H2S1Q",2,2026-09-21 06:08:27.5700000,0,1492,0,2026-09-21 06:08:30.6570000,43.148170,-123.861200
1666109,"Wucun",583,48,"49S","49S2H1S4Q",2,2026-09-21 06:08:32.1600000,0,903,0,2026-09-21 06:08:32.1600000,34.929310,109.348470
2280763,"La Sanglaire",949,75,"30T","30T1H3S1Q",1,2021-11-11 19:08:46.9400000,1036091,0,0,2026-09-21 06:08:33.3300000,47.216670,-1.366670
2281544,"La Landelle",949,75,"30T","30T1H3S1Q",1,2015-02-18 16:14:15.3970000,1057582,0,0,2026-09-21 06:08:39.1130000,47.233330,-1.366670
2111243,"Remote",3576,233,"10T","10T2H2S1Q",2,2026-09-21 06:08:39.3400000,0,1401,0,2026-09-21 06:08:40.5400000,43.005950,-123.892590
2282367,"Le Loroux-Bottereau",949,75,"30T","30T1H3S1Q",1,2023-10-26 09:24:18.7730000,1015754,0,0,2026-09-21 06:08:42.8100000,47.250000,-1.350000
2283211,"La Chapelle-Basse-Mer",949,75,"30T","30T1H3S1Q",1,2025-07-24 06:13:34.9370000,549996,0,0,2026-09-21 06:08:46.8530000,47.266670,-1.333330
1260464,"Bulang",592,48,"48R","48R2H2S4Q",2,2026-09-21 06:08:53.7270000,0,915,0,2026-09-21 06:08:53.7270000,26.433330,105.833330
1258421,"Wozi",592,48,"48R","48R2H2S4Q",2,2026-09-21 06:08:58.0100000,0,915,0,2026-09-21 06:08:58.0100000,26.373330,105.833890
1260463,"Xiaodong",592,48,"48R","48R2H2S4Q",2,2026-09-21 06:09:01.7930000,0,915,0,2026-09-21 06:09:01.7930000,26.433330,105.766670
1262060,"Bajia",592,48,"48R","48R2H2S4Q",2,2026-09-21 06:09:04.5270000,0,914,0,2026-09-21 06:09:04.5270000,26.483330,105.750000
2283210,"Le Cleray",949,75,"30T","30T1H3S1Q",1,2023-06-14 12:12:03.9400000,1078415,0,0,2026-09-21 06:09:05.6300000,47.266670,-1.350000
1262593,"Heitu",592,48,"48R","48R2H2S4Q",2,2026-09-21 06:09:07.6170000,0,914,0,2026-09-21 06:09:07.6170000,26.500000,105.766670
1263097,"Dakuo",592,48,"48R","48R2H2S4Q",2,2026-09-21 06:09:09.5200000,0,914,0,2026-09-21 06:09:09.5200000,26.516670,105.741670
1264121,"Zhucang",592,48,"48R","48R2H2S4Q",2,2026-09-21 06:09:13.7330000,0,914,0,2026-09-21 06:09:13.7330000,26.550000,105.716670
2283209,"La Rochelle",949,75,"30T","30T1H3S1Q",1,2021-11-11 19:08:25.6100000,945451,0,0,2026-09-21 06:09:13.7830000,47.266670,-1.383330
1784142,"Logan",3567,233,"10S","10S1H6S3Q",1,2024-08-19 23:45:39.3030000,477900,0,0,2026-09-21 06:09:52.8370000,36.906900,-121.631610
1786976,"Miller",3567,233,"10S","10S1H6S3Q",1,2024-08-19 23:45:33.4130000,1030889,0,0,2026-09-21 06:09:59.2200000,36.957170,-121.544660
2494689,"South Ockendon",979,77,"31U","31U2H1S1Q",3,2014-10-22 23:35:02.7130000,0,0,1235166,2026-09-21 06:10:03.7870000,51.507990,0.283330
2494067,"north stifford",979,77,"31U","31U2H1S1Q",3,2014-12-15 23:21:08.0370000,0,0,643142,2026-09-21 06:10:14.4800000,51.496880,0.303330
2493930,"Chafford Hundred",979,77,"31U","31U2H1S1Q",3,2014-11-30 11:12:45.1500000,0,0,842828,2026-09-21 06:10:25.1500000,51.491910,0.310880
1783398,"Watsonville Junction",3567,233,"10S","10S1H6S3Q",1,2026-08-19 22:14:43.0430000,505812,0,0,2026-09-21 06:10:42.8670000,36.894950,-121.745780
2493740,"Purfleet",979,77,"31U","31U2H1S1Q",3,2018-08-12 20:36:21.0800000,0,0,1633975,2026-09-21 06:10:44.3170000,51.483900,0.242470
1783353,"Port Watsonvile",3567,233,"10S","10S1H6S3Q",1,2024-10-13 11:29:33.9270000,1018798,0,0,2026-09-21 06:10:45.5270000,36.894120,-121.835790
1783855,"Pajaro",3567,233,"10S","10S1H6S3Q",1,2024-08-26 20:37:48.1970000,504753,0,0,2026-09-21 06:10:48.3370000,36.901590,-121.741530
1785305,"Johnston Corner",3567,233,"10S","10S1H6S3Q",1,2024-09-28 17:43:07.5800000,1047785,0,0,2026-09-21 06:10:50.9300000,36.928560,-121.705230
1784306,"Watsonville",3567,233,"10S","10S1H6S3Q",1,2024-08-26 20:37:40.1570000,1272204,0,0,2026-09-21 06:10:55.5700000,36.910230,-121.756890
1783988,"Pajaro",3567,233,"10S","10S1H6S3Q",1,2024-08-26 20:37:43.3830000,699267,0,0,2026-09-21 06:10:59.8570000,36.904120,-121.748560
1784571,"Colache Town",3567,233,"10S","10S1H6S3Q",1,2024-08-26 20:31:17.7830000,1111223,0,0,2026-09-21 06:11:03.4270000,36.916060,-121.762170
1786018,"Freedom",3567,233,"10S","10S1H6S3Q",1,2024-08-19 23:57:24.0400000,1034354,0,0,2026-09-21 06:11:05.4300000,36.939400,-121.781130
2491026,"Wilmington",979,77,"31U","31U2H1S1Q",3,2019-08-19 13:28:53.1400000,0,0,1395974,2026-09-21 06:11:07.0370000,51.431810,0.190030
2488364,"Eynsford",979,77,"31U","31U2H1S1Q",3,2010-01-01 00:00:00.0000000,0,0,972515,2026-09-21 06:11:25.1030000,51.367650,0.211320
11877,"Heathcote",143,13,"56H","56H1H4S2Q",3,2019-06-28 04:07:51.3670000,0,3464,1020249,2026-09-21 06:11:29.7230000,-34.083330,151.016670
2487869,"Fawkham",979,77,"31U","31U2H1S1Q",3,2015-12-26 10:59:23.7930000,0,0,1206712,2026-09-21 06:11:35.8570000,51.362560,0.279720
2486758,"Shoreham",979,77,"31U","31U2H1S1Q",3,2020-05-01 13:24:24.5530000,0,0,1014680,2026-09-21 06:11:48.9200000,51.333400,0.178010
2485493,"Otford",979,77,"31U","31U2H1S1Q",3,2017-01-09 07:36:47.7400000,0,0,1305186,2026-09-21 06:11:55.5200000,51.312830,0.190460
2524832,"Schwenow",713,57,"33U","33U1H5S3Q",3,2026-09-18 21:31:11.0730000,0,0,12077,2026-09-21 06:12:00.3400000,52.150000,14.050000
1706661,"Ningba",574,48,"48S","48S2H1S1Q",2,2026-09-21 06:13:02.5670000,0,892,0,2026-09-21 06:13:02.5670000,35.633430,102.640580
1706156,"Helongbao",574,48,"48S","48S2H1S1Q",2,2026-09-21 06:13:05.5370000,0,892,0,2026-09-21 06:13:05.5370000,35.625390,102.671060
1705734,"Bilong",574,48,"48S","48S2H1S1Q",2,2026-09-21 06:13:07.1800000,0,892,0,2026-09-21 06:13:07.1800000,35.616710,102.668780
1705167,"Qitaibao",574,48,"48S","48S2H1S1Q",2,2026-09-21 06:13:08.8900000,0,892,0,2026-09-21 06:13:08.8900000,35.607730,102.695320
1704756,"Xiazhangsha",574,48,"48S","48S2H1S1Q",2,2026-09-21 06:13:13.9830000,0,892,0,2026-09-21 06:13:13.9830000,35.600070,102.700910
1704602,"Zhangshasi",574,48,"48S","48S2H1S1Q",2,2026-09-21 06:13:15.8370000,0,892,0,2026-09-21 06:13:15.8370000,35.599550,102.702670
1704813,"Zhangsha",574,48,"48S","48S2H1S1Q",2,2026-09-21 06:13:17.4730000,0,892,0,2026-09-21 06:13:17.4730000,35.601140,102.708850
1980141,"Ribas de Jarama",904,68,"30T","30T2H5S3Q",1,2013-03-14 18:31:17.7800000,1040030,0,0,2026-09-21 06:13:33.8730000,40.383330,-3.516670
1715778,"Dongdang",574,48,"48S","48S2H1S1Q",2,2026-09-21 06:13:35.7830000,0,891,0,2026-09-21 06:13:35.7830000,35.792250,102.040910
138976,"Si`ufaga",127,11,"02L","02L2H6S1Q",2,2026-09-21 06:14:56.4270000,0,570,0,2026-09-21 06:14:56.4270000,-14.240830,-169.511670
139019,"Ta`u",127,11,"02L","02L2H6S1Q",2,2026-09-21 06:15:08.0000000,0,570,0,2026-09-21 06:15:08.0000000,-14.233610,-169.514440
140105,"Faiava",127,11,"02L","02L2H6S1Q",2,2026-09-21 06:15:12.3830000,0,568,0,2026-09-21 06:15:12.3830000,-14.166390,-169.616670
139859,"Olosega",127,11,"02L","02L2H6S1Q",2,2026-09-21 06:15:20.0200000,0,568,0,2026-09-21 06:15:20.0200000,-14.181670,-169.622500
139921,"Lalomoana",127,11,"02L","02L2H6S1Q",2,2026-09-21 06:15:25.1730000,0,568,0,2026-09-21 06:15:25.1730000,-14.170560,-169.621670
139923,"Sili",127,11,"02L","02L2H6S1Q",2,2026-09-21 06:15:26.3300000,0,568,0,2026-09-21 06:15:26.3300000,-14.169440,-169.618890
139893,"Ofu",127,11,"02L","02L2H6S1Q",2,2026-09-21 06:15:31.4270000,0,567,0,2026-09-21 06:15:31.4270000,-14.175280,-169.677500
139915,"Alaufau",127,11,"02L","02L2H6S1Q",2,2026-09-21 06:15:34.3770000,0,567,0,2026-09-21 06:15:34.3770000,-14.171670,-169.678890
2283207,"Thouare-sur-Loire",949,75,"30T","30T1H3S1Q",1,2023-06-15 23:43:22.3930000,987259,0,0,2026-09-21 06:15:42.5130000,47.266670,-1.450000
2282364,"Sainte-Luce-sur-Loire",949,75,"30T","30T1H3S1Q",1,2023-07-03 22:42:01.9700000,1111030,0,0,2026-09-21 06:15:51.9870000,47.250000,-1.500000
2281190,"Nantes",949,75,"30T","30T1H3S1Q",1,2023-06-17 00:22:27.4730000,2262083,0,0,2026-09-21 06:16:01.4530000,47.217250,-1.553360
2277978,"Bouaye",949,75,"30T","30T1H3S1Q",1,2023-06-22 13:20:48.3900000,14554,300,0,2026-09-21 06:18:55.6830000,47.150000,-1.700000
1603998,"Sentous",3567,233,"11S","11S2H1S4Q",3,2015-11-12 20:58:08.1830000,0,0,1085598,2026-09-21 06:19:14.2830000,34.026400,-118.372020
2276036,"Sainte-Pazanne",949,75,"30T","30T1H3S1Q",1,2023-10-29 20:50:43.5330000,4199,300,0,2026-09-21 06:19:33.8130000,47.100000,-1.816670
2484414,"Seal",979,77,"31U","31U2H1S1Q",3,2010-01-01 00:00:00.0000000,0,0,615365,2026-09-21 06:19:39.6730000,51.288760,0.221440
2291671,"Birrhard",528,43,"32T","32T1H2S1Q",3,2023-11-24 10:27:10.7930000,0,0,2969130,2026-09-21 06:20:37.9300000,47.432850,8.244980
2676048,"Tighnabruaich",977,77,"30U","30U1H1S1Q",1,2026-09-21 06:20:52.6600000,1756,0,0,2026-09-21 06:20:52.6600000,55.900000,-5.216670
2676631,"Lochhead",977,77,"30U","30U1H1S1Q",1,2026-09-21 06:21:01.8830000,1158,0,0,2026-09-21 06:21:01.8830000,55.916670,-5.166670
802269,"Tha Yang",3167,218,"47P","47P1H5S4Q",1,2016-02-19 23:42:21.6500000,564089,103226,0,2026-09-21 06:21:17.7030000,12.957720,99.905550
1266706,"Baiyan",592,48,"48R","48R2H2S4Q",2,2026-09-21 06:22:09.4570000,0,913,0,2026-09-21 06:22:09.4570000,26.633330,105.683330
1267700,"Pingzhai",592,48,"48R","48R2H2S4Q",2,2026-09-21 06:22:12.4670000,0,913,0,2026-09-21 06:22:12.4670000,26.666670,105.700000
1268263,"Zhongzai",592,48,"48R","48R2H2S4Q",2,2026-09-21 06:22:17.0900000,0,913,0,2026-09-21 06:22:17.0900000,26.683330,105.650000
1268850,"Puzuo",592,48,"48R","48R2H2S4Q",2,2026-09-21 06:22:20.6400000,0,912,0,2026-09-21 06:22:20.6400000,26.700000,105.616670
1667172,"Meiyuan",583,48,"49S","49S2H1S4Q",2,2026-09-21 06:22:33.5030000,0,903,0,2026-09-21 06:22:33.5030000,34.944980,109.352880
1667422,"Laobaozi",583,48,"49S","49S2H1S4Q",2,2026-09-21 06:22:39.6730000,0,903,0,2026-09-21 06:22:39.6730000,34.949320,109.319810
2696379,"Monifieth",977,77,"30V","30V2H5S4Q",3,2025-09-18 19:54:32.8500000,0,0,134951,2026-09-21 06:22:45.6130000,56.483330,-2.816670
1667800,"Panshicun",583,48,"49S","49S2H1S4Q",2,2026-09-21 06:22:46.0670000,0,903,0,2026-09-21 06:22:46.0670000,34.952820,109.317700
1668312,"Beilijia",583,48,"49S","49S2H1S4Q",2,2026-09-21 06:22:46.4370000,0,903,0,2026-09-21 06:22:46.4370000,34.960900,109.313810
1610540,"North Highland Park",3567,233,"11S","11S2H1S4Q",3,2014-11-10 05:35:38.4600000,1080,0,1100452,2026-09-21 06:22:47.1300000,34.124450,-118.203680
1668950,"Dangjia",583,48,"49S","49S2H1S4Q",2,2026-09-21 06:22:49.6630000,0,903,0,2026-09-21 06:22:49.6670000,34.968610,109.312350
2696767,"Lucknow",977,77,"30V","30V2H5S4Q",3,2025-06-17 22:25:58.1800000,0,0,141711,2026-09-21 06:22:52.1270000,56.491030,-2.780400
1668577,"Xincheng",583,48,"49S","49S2H1S4Q",2,2026-09-21 06:22:52.5870000,0,903,0,2026-09-21 06:22:52.5870000,34.965300,109.294860
1670134,"Wanlicun",583,48,"49S","49S2H1S4Q",2,2026-09-21 06:22:57.0500000,0,903,0,2026-09-21 06:22:57.0500000,34.985040,109.293330
2696380,"Barry",977,77,"30V","30V2H5S4Q",3,2025-07-26 05:46:01.9630000,0,0,137137,2026-09-21 06:23:02.1170000,56.483330,-2.750000
1670566,"Leijiacun",583,48,"49S","49S2H1S4Q",2,2026-09-21 06:23:02.3430000,0,903,0,2026-09-21 06:23:02.3430000,34.992990,109.290270
2653311,"Gansager",727,59,"32U","32U1H2S1Q",3,2026-09-21 06:23:30.6800000,0,0,1111,2026-09-21 06:23:30.6800000,55.216670,8.883330
2652754,"Sonderhede",727,59,"32U","32U1H2S1Q",3,2026-09-21 06:23:34.3070000,0,0,1111,2026-09-21 06:23:34.3070000,55.200000,8.900000
2652230,"Aved",727,59,"32U","32U1H2S1Q",3,2026-09-21 06:23:38.7630000,0,0,1109,2026-09-21 06:23:38.7630000,55.183330,8.833330
2651165,"Oster Gasse",727,59,"32U","32U1H2S1Q",3,2026-09-21 06:23:43.6430000,0,0,1109,2026-09-21 06:23:43.6430000,55.150000,8.833330
2647904,"Bredebro",727,59,"32U","32U1H2S1Q",3,2026-09-21 06:23:49.7770000,0,0,1117,2026-09-21 06:23:49.7770000,55.050000,8.833330
2647903,"Brede",727,59,"32U","32U1H2S1Q",3,2026-09-21 06:23:55.9900000,0,0,1111,2026-09-21 06:23:55.9900000,55.050000,8.816670
2646846,"Solsted",727,59,"32U","32U1H2S1Q",3,2026-09-21 06:24:00.2470000,0,0,1111,2026-09-21 06:24:00.2470000,55.016670,8.850000
1606418,"Monterey Park",3567,233,"11S","11S2H1S4Q",3,2013-09-06 04:10:53.8600000,0,0,1521653,2026-09-21 06:24:09.0300000,34.062510,-118.122850
2646849,"Draved",727,59,"32U","32U1H2S1Q",3,2026-09-21 06:24:13.2430000,0,0,1136,2026-09-21 06:24:13.2430000,55.016670,8.966670
138508,"Utumea East",126,11,"02L","02L2H5S2Q",2,2026-09-21 06:24:34.6300000,0,507,0,2026-09-21 06:24:34.6300000,-14.275830,-170.568330
138501,"Auasi",126,11,"02L","02L2H5S2Q",2,2026-09-21 06:24:40.7400000,0,507,0,2026-09-21 06:24:40.7400000,-14.276670,-170.574440
138476,"Aganoa",126,11,"02L","02L2H5S2Q",2,2026-09-21 06:24:45.3100000,0,507,0,2026-09-21 06:24:45.3100000,-14.279440,-170.579170
138494,"Amouli",126,11,"02L","02L2H5S2Q",2,2026-09-21 06:24:50.5700000,0,507,0,2026-09-21 06:24:50.5700000,-14.278060,-170.582500
1714890,"Mashiduo",574,48,"48S","48S2H1S1Q",2,2026-09-21 06:24:51.6700000,0,891,0,2026-09-21 06:24:51.6700000,35.776640,102.082020
1712558,"Kajia",574,48,"48S","48S2H1S1Q",2,2026-09-21 06:24:54.2900000,0,891,0,2026-09-21 06:24:54.2900000,35.736070,102.088450
1712503,"Nankajia",574,48,"48S","48S2H1S1Q",2,2026-09-21 06:24:58.0400000,0,891,0,2026-09-21 06:24:58.0400000,35.734890,102.087520
1713828,"Gulangdi",574,48,"48S","48S2H1S1Q",2,2026-09-21 06:25:02.0100000,0,891,0,2026-09-21 06:25:02.0100000,35.758340,102.054150
1712071,"Laiyu",574,48,"48S","48S2H1S1Q",2,2026-09-21 06:25:05.7400000,0,891,0,2026-09-21 06:25:05.7400000,35.728430,102.032770
138467,"Fogaau",126,11,"02L","02L2H5S2Q",2,2026-09-21 06:25:05.7570000,0,507,0,2026-09-21 06:25:05.7570000,-14.281940,-170.588060
1712402,"Senag",574,48,"47S","47S2H3S2Q",2,2026-09-21 06:25:09.6100000,0,891,0,2026-09-21 06:25:09.6100000,35.733330,101.983330
1719754,"Jinbala",574,48,"48S","48S2H1S1Q",2,2026-09-21 06:25:27.8600000,0,892,0,2026-09-21 06:25:27.8600000,35.862460,102.724630
1721049,"Tumuqi",574,48,"48S","48S2H1S1Q",2,2026-09-21 06:25:29.8830000,0,892,0,2026-09-21 06:25:29.8830000,35.883620,102.718010
2521510,"Gunthersdorf",713,57,"33U","33U1H5S3Q",3,2026-09-20 14:43:47.0230000,0,0,11063,2026-09-21 06:25:41.2200000,52.083330,14.300000
2313393,"Aisey-et-Richecourt",957,75,"31T","31T1H3S2Q",1,2022-07-17 07:48:53.5600000,5855,0,0,2026-09-21 06:29:04.1130000,47.883330,5.950000
2314062,"Villars-le-Pautel",957,75,"31T","31T1H3S2Q",1,2018-06-11 10:15:48.0400000,5081,0,0,2026-09-21 06:29:07.4730000,47.894380,5.933590
2312536,"Betaucourt",957,75,"31T","31T1H3S2Q",1,2018-06-11 10:15:43.3230000,5731,0,0,2026-09-21 06:29:15.8870000,47.866670,5.916670
2313229,"Blondefontaine",957,75,"31T","31T1H3S2Q",1,2018-06-11 18:39:58.8130000,4998,0,0,2026-09-21 06:29:19.6400000,47.877860,5.867520
2311513,"Cendrecourt",957,75,"31T","31T1H3S2Q",1,2018-06-06 12:54:35.0970000,6559,0,0,2026-09-21 06:29:29.4830000,47.843500,5.926570
2312328,"Raincourt",957,75,"31T","31T1H3S2Q",1,2023-04-12 06:13:53.9970000,3492,0,0,2026-09-21 06:29:31.6400000,47.859420,5.885320
2310661,"Jussey",957,75,"31T","31T1H3S2Q",1,2018-07-04 01:44:38.4670000,6048,0,0,2026-09-21 06:29:34.6700000,47.825360,5.901930
2309164,"Gevigney-et-Mercey",957,75,"31T","31T1H3S2Q",1,2018-07-04 18:40:49.0730000,5712,0,0,2026-09-21 06:29:37.9200000,47.798770,5.932280
2462808,"Geverik",2271,167,"31U","31U2H3S4Q",2,2021-08-15 22:22:25.6600000,517,1484969,0,2026-09-21 06:29:53.4600000,50.927500,5.787500
2308121,"Aboncourt-Gesincourt",957,75,"31T","31T1H3S2Q",1,2024-04-29 21:32:12.7000000,4517,0,0,2026-09-21 06:30:10.6700000,47.771750,5.973300
466894,"Vacas Galindo",827,63,"17N","17N2H6S4Q",3,2026-09-21 06:30:12.4470000,0,0,1200,2026-09-21 06:30:12.4470000,0.316670,-78.550000
467514,"Baratillo",827,63,"17N","17N2H6S4Q",3,2026-09-21 06:30:16.6400000,0,0,1200,2026-09-21 06:30:16.6400000,0.366670,-78.700000
467277,"Tollo Intag",827,63,"17N","17N2H6S4Q",3,2026-09-21 06:30:19.8430000,0,0,1200,2026-09-21 06:30:19.8430000,0.350000,-78.733330
467727,"San Lorenzo",827,63,"17N","17N2H6S4Q",3,2026-09-21 06:30:22.8930000,0,0,1200,2026-09-21 06:30:22.8930000,0.383330,-78.733330
466138,"Chaguaraco",820,63,"17N","17N2H6S4Q",3,2026-09-21 06:30:27.7900000,0,0,1200,2026-09-21 06:30:27.7900000,0.233330,-78.783330
2522313,"Friedland",713,57,"33U","33U1H5S3Q",3,2026-09-18 12:48:11.1900000,0,0,10664,2026-09-21 06:30:43.1700000,52.100000,14.266670
465077,"La Merced",820,63,"17N","17N2H6S4Q",3,2026-09-21 06:30:45.7830000,0,0,1200,2026-09-21 06:30:45.7870000,0.100000,-78.783330
465208,"Santo Domingo",820,63,"17N","17N2H6S4Q",3,2026-09-21 06:30:50.9100000,0,0,1200,2026-09-21 06:30:50.9100000,0.116670,-78.800000
465471,"Las Palmas",820,63,"17N","17N2H6S4Q",3,2026-09-21 06:30:57.4900000,0,0,1200,2026-09-21 06:30:57.4900000,0.150000,-78.783330
138478,"Alofau",126,11,"02L","02L2H5S2Q",2,2026-09-21 06:31:17.3630000,0,506,0,2026-09-21 06:31:17.3630000,-14.279170,-170.602220
138516,"Pagai",126,11,"02L","02L2H5S2Q",2,2026-09-21 06:31:26.7600000,0,506,0,2026-09-21 06:31:26.7600000,-14.275000,-170.605280
1788073,"Carnadero",3567,233,"10S","10S1H6S3Q",1,2024-08-19 23:22:40.5600000,1002340,0,0,2026-09-21 06:32:38.5670000,36.976340,-121.543270
1789336,"Old Gilroy",3567,233,"10S","10S1H6S3Q",1,2024-08-19 23:45:29.2670000,1052178,0,0,2026-09-21 06:32:42.8570000,36.999670,-121.526330
1790910,"Lonoke",3567,233,"10S","10S1H6S1Q",1,2024-07-30 04:33:04.1570000,1130133,0,0,2026-09-21 06:32:51.5030000,37.025780,-121.578000
1792797,"Rucker",3567,233,"10S","10S1H6S1Q",1,2024-07-24 21:24:25.6430000,1092207,0,0,2026-09-21 06:32:57.0570000,37.054110,-121.592170
2112840,"Camas Valley",3576,233,"10T","10T2H2S1Q",2,2026-09-21 06:33:40.3970000,0,1475,0,2026-09-21 06:33:43.6570000,43.034280,-123.673970
138455,"Auto",126,11,"02L","02L2H5S2Q",2,2026-09-21 06:33:45.1870000,0,506,0,2026-09-21 06:33:45.1870000,-14.283060,-170.626940
138331,"Avaio",126,11,"02L","02L2H5S2Q",2,2026-09-21 06:33:50.2070000,0,505,0,2026-09-21 06:33:50.2070000,-14.285280,-170.630830
138330,"Alega",126,11,"02L","02L2H5S2Q",2,2026-09-21 06:33:54.0930000,0,505,0,2026-09-21 06:33:54.0930000,-14.285280,-170.637500
138298,"Aumi",126,11,"02L","02L2H5S2Q",2,2026-09-21 06:33:57.2830000,0,505,0,2026-09-21 06:33:57.2830000,-14.291940,-170.646670
138710,"Afono",126,11,"02L","02L2H5S2Q",2,2026-09-21 06:34:03.7700000,0,504,0,2026-09-21 06:34:03.7730000,-14.264170,-170.650830
2130850,"Sutherlin",3576,233,"10T","10T2H2S1Q",2,2026-09-21 06:34:21.8230000,0,1577,0,2026-09-21 06:34:37.9430000,43.390120,-123.312580
1721220,"Shanzhuang",574,48,"48S","48S2H1S1Q",2,2026-09-21 06:36:33.5670000,0,892,0,2026-09-21 06:36:33.5670000,35.886840,102.734360
1720809,"Baijia",574,48,"48S","48S2H1S1Q",2,2026-09-21 06:36:38.5630000,0,892,0,2026-09-21 06:36:38.5630000,35.880230,102.770550
1721565,"Yanshi",574,48,"48S","48S2H1S1Q",2,2026-09-21 06:36:40.7470000,0,892,0,2026-09-21 06:36:40.7470000,35.892850,102.773460
1722754,"Baojiawanzi",574,48,"48S","48S2H1S1Q",2,2026-09-21 06:36:45.0070000,0,892,0,2026-09-21 06:36:45.0070000,35.912110,102.748920
1723488,"Hejia",574,48,"48S","48S2H1S1Q",2,2026-09-21 06:36:54.3030000,0,892,0,2026-09-21 06:36:54.3030000,35.923250,102.741760
1724215,"Dujia",574,48,"48S","48S2H1S1Q",2,2026-09-21 06:37:00.2500000,0,892,0,2026-09-21 06:37:00.2500000,35.934540,102.756920
1725359,"Gaizitan",574,48,"48S","48S2H1S1Q",2,2026-09-21 06:37:43.1030000,0,892,0,2026-09-21 06:37:43.1030000,35.954580,102.744200
1726544,"Shijia",574,48,"48S","48S2H1S1Q",2,2026-09-21 06:37:46.4530000,0,891,0,2026-09-21 06:37:46.4530000,35.973430,102.740540
1727738,"Limasi",574,48,"48S","48S2H1S1Q",2,2026-09-21 06:37:49.2270000,0,891,0,2026-09-21 06:37:49.2270000,35.992830,102.712050
83798,"Guailla",351,29,"19K","19K1H5S4Q",2,2026-09-21 06:37:53.6530000,0,771,0,2026-09-21 06:37:53.6530000,-19.466670,-68.433330
82945,"Livis Khota",351,29,"19K","19K1H5S4Q",2,2026-09-21 06:38:02.3700000,0,1200,0,2026-09-21 06:38:02.3700000,-19.583330,-68.433330
82574,"Hizo",351,29,"19K","19K1H5S4Q",2,2026-09-21 06:38:05.6630000,0,1200,0,2026-09-21 06:38:05.6630000,-19.633330,-68.333330
82191,"Tres Cruces",351,29,"19K","19K1H5S4Q",2,2026-09-21 06:38:09.3130000,0,1200,0,2026-09-21 06:38:09.3130000,-19.683330,-68.350000
81897,"Diablesa",351,29,"19K","19K1H5S4Q",2,2026-09-21 06:38:12.0000000,0,1200,0,2026-09-21 06:38:12.0000000,-19.716670,-68.316670
74750,"Mina San Pedro",349,29,"19K","19K2H2S2Q",2,2026-09-21 06:38:39.1000000,0,765,0,2026-09-21 06:38:39.1000000,-20.633330,-68.716670
69762,"El Chocal",549,46,"19K","19K2H2S4Q",2,2026-09-21 06:39:18.6430000,0,761,0,2026-09-21 06:39:18.6430000,-21.250000,-68.883330
70051,"Cuesta Apacheta",549,46,"19K","19K2H2S4Q",2,2026-09-21 06:39:22.2470000,0,921,0,2026-09-21 06:39:22.2470000,-21.216670,-68.916670
69913,"Quehuita",549,46,"19K","19K2H2S4Q",2,2026-09-21 06:39:31.1670000,0,761,0,2026-09-21 06:39:31.1670000,-21.233330,-68.933330
1788125,"Santa Crus",3567,233,"10S","10S1H5S4Q",1,2025-04-13 17:03:54.7870000,1056320,0,0,2026-09-21 06:40:22.7470000,36.977670,-122.032790
1787959,"Santa Cruz",3567,233,"10S","10S1H5S4Q",1,2024-05-05 17:05:44.7700000,2333538,0,0,2026-09-21 06:40:27.6300000,36.974120,-122.030800
1787386,"Seabright",3567,233,"10S","10S1H5S4Q",1,2025-10-26 02:46:03.6500000,1052088,0,0,2026-09-21 06:40:30.6430000,36.966060,-122.007740
1787160,"Twin Lakes",3567,233,"10S","10S1H6S3Q",1,2025-08-08 00:50:18.5670000,1058533,0,0,2026-09-21 06:40:33.6330000,36.961250,-121.991660
1787140,"Opal Cliffs",3567,233,"10S","10S1H6S3Q",1,2025-08-01 07:00:15.5270000,1082583,0,0,2026-09-21 06:40:38.6670000,36.960780,-121.964130
1269922,"Dayuan",592,48,"48R","48R2H2S4Q",2,2026-09-21 06:41:51.6030000,0,912,0,2026-09-21 06:41:51.6030000,26.733330,105.625000
1270469,"Xiangzi",592,48,"48R","48R2H2S4Q",2,2026-09-21 06:41:55.4200000,0,912,0,2026-09-21 06:41:55.4200000,26.750000,105.600000
1270468,"Mucheng",592,48,"48R","48R2H2S4Q",2,2026-09-21 06:41:58.5570000,0,912,0,2026-09-21 06:41:58.5570000,26.750000,105.525000
1269416,"Shuidong",592,48,"48R","48R2H2S4Q",2,2026-09-21 06:42:01.6000000,0,912,0,2026-09-21 06:42:01.6000000,26.716670,105.550000
1266388,"Sanba",592,48,"48R","48R2H2S4Q",2,2026-09-21 06:42:04.9130000,0,913,0,2026-09-21 06:42:04.9130000,26.625000,105.558330
1266186,"Yandongkou",592,48,"48R","48R2H2S4Q",2,2026-09-21 06:42:08.2630000,0,912,0,2026-09-21 06:42:08.2630000,26.616670,105.466670
1264634,"Luochu",592,48,"48R","48R2H2S4Q",2,2026-09-21 06:42:12.2370000,0,913,0,2026-09-21 06:42:12.2370000,26.566670,105.466670
1670667,"Qianpo",583,48,"49S","49S2H1S4Q",2,2026-09-21 06:42:28.3700000,0,903,0,2026-09-21 06:42:28.3700000,34.994970,109.302700
1671287,"Wangjia",583,48,"49S","49S2H1S2Q",2,2026-09-21 06:42:31.3100000,0,903,0,2026-09-21 06:42:31.3100000,35.003870,109.287130
1670802,"Wangjiazhuang",583,48,"49S","49S2H1S4Q",2,2026-09-21 06:42:34.5730000,0,903,0,2026-09-21 06:42:34.5730000,34.997440,109.222040
1673494,"Zhaolaoyu",583,48,"49S","49S2H1S2Q",2,2026-09-21 06:42:37.3400000,0,903,0,2026-09-21 06:42:37.3400000,35.040830,109.262780
1673044,"Yangjiahe",583,48,"49S","49S2H1S2Q",2,2026-09-21 06:42:39.9470000,0,903,0,2026-09-21 06:42:39.9470000,35.033330,109.316670
1671784,"Fuping Xian",583,48,"49S","49S2H1S2Q",2,2026-09-21 06:42:42.9570000,0,903,0,2026-09-21 06:42:42.9570000,35.013070,109.315000
1671255,"Wangjiayao",583,48,"49S","49S2H1S2Q",2,2026-09-21 06:42:47.8200000,0,903,0,2026-09-21 06:42:47.8200000,35.003280,109.326880
2051824,"Sucs",909,68,"31T","31T2H4S1Q",1,2026-09-21 06:43:09.5030000,1065,0,0,2026-09-21 06:43:09.5030000,41.702140,0.411820
2053722,"Ventafarines",907,68,"31T","31T2H4S1Q",1,2026-09-21 06:43:13.7930000,1159,0,94,2026-09-21 06:43:13.7930000,41.745450,0.367660
2054358,"Torre de Santolaria",907,68,"31T","31T2H4S1Q",1,2026-09-21 06:43:18.2030000,982,300,0,2026-09-21 06:43:18.2030000,41.759880,0.402850
2044888,"Alcarras",909,68,"31T","31T2H4S1Q",1,2026-09-21 06:43:32.9030000,981,0,0,2026-09-21 06:43:32.9030000,41.566670,0.516670
2043306,"Torres de Segre",909,68,"31T","31T2H4S1Q",1,2026-09-21 06:43:45.0100000,972,0,0,2026-09-21 06:43:45.0100000,41.533990,0.514200
2043126,"Soses",909,68,"31T","31T2H4S1Q",1,2026-09-21 06:43:49.9070000,974,0,0,2026-09-21 06:43:49.9070000,41.533330,0.483330
2040601,"Aitona",909,68,"31T","31T2H4S1Q",1,2026-09-21 06:43:54.9670000,975,0,0,2026-09-21 06:43:54.9670000,41.483330,0.466670
2043401,"la Lleitera",907,68,"31T","31T2H4S1Q",1,2026-09-21 06:44:00.2500000,972,0,0,2026-09-21 06:44:00.2500000,41.536340,0.417180
2039643,"Seros",909,68,"31T","31T2H4S1Q",1,2026-09-21 06:44:34.1670000,981,0,0,2026-09-21 06:44:34.1670000,41.466670,0.416670
138296,"Lauli`i",126,11,"02L","02L2H5S2Q",2,2026-09-21 06:45:51.5000000,0,504,0,2026-09-21 06:45:51.5000000,-14.292220,-170.653060
138283,"Lauliifou",126,11,"02L","02L2H5S2Q",2,2026-09-21 06:46:01.5270000,0,504,0,2026-09-21 06:46:01.5270000,-14.293610,-170.658890
1612808,"Hidden Hills",3567,233,"11S","11S2H1S4Q",1,2026-09-21 02:56:10.6400000,2351,0,0,2026-09-21 06:46:03.8330000,34.160280,-118.652310
2736278,"Akademicheskiy",2651,192,"36V","36V2H6S1Q",2,2026-09-21 06:46:06.0130000,0,1391,0,2026-09-21 06:46:06.0130000,57.711100,34.316380
2735290,"Derevkovo",2651,192,"36V","36V2H6S1Q",2,2026-09-21 06:46:15.2270000,0,1083,0,2026-09-21 06:46:15.2270000,57.681390,34.451390
138300,"Lauliituai",126,11,"02L","02L2H5S2Q",2,2026-09-21 06:46:18.3500000,0,504,0,2026-09-21 06:46:18.3500000,-14.291670,-170.652780
138292,"Tafananai",126,11,"02L","02L2H5S2Q",2,2026-09-21 06:46:22.5670000,0,504,0,2026-09-21 06:46:22.5700000,-14.292500,-170.662220
2734913,"Bystroye",2651,192,"36V","36V2H6S1Q",2,2026-09-21 06:46:25.2800000,0,1082,0,2026-09-21 06:46:25.2800000,57.666670,34.516670
138314,"Anasosopo",126,11,"02L","02L2H5S2Q",2,2026-09-21 06:46:26.1230000,0,504,0,2026-09-21 06:46:26.1230000,-14.288610,-170.662780
2733019,"Borozda",2651,192,"36V","36V2H6S1Q",2,2026-09-21 06:46:33.1230000,0,955,0,2026-09-21 06:46:33.1230000,57.600000,34.500000
2732394,"Vyshniy Volochek",2651,192,"36V","36V2H6S1Q",2,2026-09-21 06:46:46.2200000,0,977,0,2026-09-21 06:46:46.2200000,57.582500,34.557220
1716131,"Oberlin",3545,233,"17S","17S2H3S2Q",3,2013-07-25 15:57:39.1470000,0,0,980480,2026-09-21 06:47:43.7200000,35.798760,-78.653060
2666498,"Besedy",2671,192,"37U","37U1H1S2Q",2,2024-07-11 20:16:24.1700000,0,6260,0,2026-09-21 06:48:10.8000000,55.612980,37.788210
1727689,"Jiefang",574,48,"48S","48S2H1S1Q",2,2026-09-21 06:49:00.5500000,0,891,0,2026-09-21 06:49:00.5500000,35.992210,102.715740
1727760,"Xiamen",574,48,"48S","48S2H1S1Q",2,2026-09-21 06:49:03.6100000,0,891,0,2026-09-21 06:49:03.6100000,35.993130,102.736950
1727223,"Huzhu",574,48,"48S","48S2H1S1Q",2,2026-09-21 06:49:05.9600000,0,891,0,2026-09-21 06:49:05.9600000,35.984330,102.745780
1728318,"Maliantan",574,48,"48S","48S1H4S3Q",2,2026-09-21 06:49:07.8170000,0,891,0,2026-09-21 06:49:07.8170000,36.002220,102.744260
1728568,"Anjiapo",574,48,"48S","48S1H4S3Q",2,2026-09-21 06:49:09.7170000,0,891,0,2026-09-21 06:49:09.7170000,36.006500,102.764700
1727363,"Hanjiazui",574,48,"48S","48S2H1S1Q",2,2026-09-21 06:49:13.0470000,0,891,0,2026-09-21 06:49:13.0470000,35.986790,102.759490
1726983,"Lijiaping",574,48,"48S","48S2H1S1Q",2,2026-09-21 06:49:14.1370000,0,891,0,2026-09-21 06:49:14.1370000,35.981360,102.766080
1727450,"Paijiayangshan",574,48,"48S","48S2H1S1Q",2,2026-09-21 06:49:17.3300000,0,891,0,2026-09-21 06:49:17.3300000,35.988290,102.791460
2689103,"Backmuir of New Gilston",977,77,"30V","30V2H5S4Q",3,2025-06-04 22:05:21.9300000,0,0,730910,2026-09-21 06:49:17.3430000,56.266670,-2.916670
138503,"Aua",126,11,"02L","02L2H5S2Q",2,2026-09-21 06:49:48.1270000,0,504,0,2026-09-21 06:49:48.1270000,-14.276110,-170.663890
2645871,"Travsted",727,59,"32U","32U1H2S3Q",3,2026-09-21 06:24:18.8870000,0,0,517,2026-09-21 06:50:27.9930000,54.983330,8.950000
2038831,"Masalcoreig",909,68,"31T","31T2H4S1Q",1,2026-09-21 06:50:31.8800000,983,0,0,2026-09-21 06:50:31.8800000,41.450000,0.366670
2823926,"Oxvattnet",2808,198,"33W","33W2H6S4Q",3,2026-09-21 06:50:35.8300000,0,0,1002,2026-09-21 06:50:35.8300000,64.083330,17.783330
2645872,"Adelvad",727,59,"32U","32U1H2S4Q",3,2026-09-21 06:50:37.0030000,0,0,2116,2026-09-21 06:50:40.2570000,54.983330,9.000000
2645873,"Bogvad",727,59,"32U","32U1H2S4Q",3,2026-09-21 06:50:46.3400000,0,0,1136,2026-09-21 06:50:46.3400000,54.983330,9.016670
2645333,"Solderup",727,59,"32U","32U1H2S4Q",3,2026-09-21 06:50:52.3570000,0,0,2116,2026-09-21 06:50:55.2270000,54.966670,9.016670
2646390,"Oster Hojst",727,59,"32U","32U1H2S4Q",3,2026-09-21 06:51:00.9200000,0,0,1136,2026-09-21 06:51:00.9200000,55.000000,9.050000
82819,"Saya",549,46,"19K","19K1H5S3Q",2,2026-09-21 06:51:02.2330000,0,1083,0,2026-09-21 06:51:02.2330000,-19.600000,-69.250000
83675,"Soga",549,46,"19K","19K1H5S3Q",2,2026-09-21 06:51:06.0200000,0,929,0,2026-09-21 06:51:06.0200000,-19.483330,-69.366670
83073,"Aroma",549,46,"19K","19K1H5S3Q",2,2026-09-21 06:51:08.8500000,0,973,0,2026-09-21 06:51:08.8500000,-19.566670,-69.366670
2647907,"Ellum",727,59,"32U","32U1H2S1Q",3,2026-09-21 06:51:12.1030000,0,0,1111,2026-09-21 06:51:12.1030000,55.050000,8.916670
83074,"Culco",549,46,"19K","19K1H5S3Q",2,2026-09-21 06:51:12.2400000,0,930,0,2026-09-21 06:51:12.2400000,-19.566670,-69.316670
2267723,"Wilen",514,43,"32T","32T1H2S3Q",3,2024-04-10 07:55:53.2530000,0,0,1352880,2026-09-21 06:51:22.1930000,46.879880,8.222490
2267826,"Wilerbad",514,43,"32T","32T1H2S3Q",3,2022-02-24 22:35:47.0130000,517,0,1267196,2026-09-21 06:51:32.8800000,46.883330,8.233330
138777,"Vatia",126,11,"02L","02L2H5S2Q",2,2026-09-21 06:53:51.7000000,0,504,0,2026-09-21 06:53:51.7000000,-14.255000,-170.675280
1623340,"Epworth",3567,233,"11S","11S2H1S4Q",3,2026-09-21 06:54:48.6570000,0,0,939,2026-09-21 06:54:48.6570000,34.315000,-118.892040
2792653,"Jorvi",927,70,"35V","35V1H4S3Q",2,2019-06-18 12:22:58.0800000,0,52033,0,2026-09-21 06:54:49.5570000,60.222040,24.688940
1621550,"Virginia Colony",3567,233,"11S","11S2H1S4Q",3,2026-09-21 06:54:52.2730000,0,0,946,2026-09-21 06:54:52.2730000,34.287780,-118.858430
1621390,"Moorpark",3567,233,"11S","11S2H1S4Q",3,2026-09-21 06:54:55.9470000,0,0,942,2026-09-21 06:54:55.9470000,34.285560,-118.882040
1617736,"Mountclef Village",3567,233,"11S","11S2H1S4Q",3,2026-09-21 06:55:07.0200000,0,0,950,2026-09-21 06:55:07.0200000,34.234450,-118.878710
1619953,"Moorpark Home Acres",3567,233,"11S","11S2H1S4Q",3,2026-09-21 06:55:05.5300000,0,0,2139,2026-09-21 06:55:11.9700000,34.265560,-118.915100
1615148,"North Ranch",3567,233,"11S","11S2H1S4Q",3,2026-09-21 06:55:16.8700000,0,0,953,2026-09-21 06:55:16.8700000,34.196670,-118.820090
1613494,"Thousand Oaks",3567,233,"11S","11S2H1S4Q",3,2026-09-21 06:55:21.6100000,0,0,953,2026-09-21 06:55:21.6100000,34.170560,-118.837590
1614204,"Greenwich Village",3567,233,"11S","11S2H1S4Q",3,2026-09-21 06:55:30.3630000,0,0,953,2026-09-21 06:55:30.3630000,34.181390,-118.864540
1614447,"Newbury Park",3567,233,"11S","11S2H1S4Q",3,2026-09-21 06:55:35.1600000,0,0,946,2026-09-21 06:55:35.1600000,34.184170,-118.910650
1607051,"Sycamore Cove",3567,233,"11S","11S2H1S3Q",3,2026-09-21 06:55:41.3200000,0,0,920,2026-09-21 06:55:41.3200000,34.071120,-119.014820
1605639,"Solromar",3567,233,"11S","11S2H1S4Q",3,2026-09-21 06:55:45.0070000,0,0,942,2026-09-21 06:55:45.0070000,34.050010,-118.953710
1614429,"Casa Conejo",3567,233,"11S","11S2H1S4Q",3,2026-09-21 06:55:51.4730000,0,0,939,2026-09-21 06:55:51.4730000,34.183620,-118.943430
1614465,"Casa Conejo",3567,233,"11S","11S2H1S4Q",3,2026-09-21 06:55:57.5430000,0,0,939,2026-09-21 06:55:57.5430000,34.184540,-118.944330
2529941,"Mullrose",713,57,"33U","33U1H5S3Q",3,2026-09-18 15:23:02.8170000,0,0,10748,2026-09-21 06:56:48.0400000,52.250000,14.416670
1787053,"Opal Cliffs",3567,233,"10S","10S1H6S3Q",1,2025-11-13 16:58:54.5700000,1059732,0,0,2026-09-21 06:59:50.0170000,36.958670,-121.970000
1788633,"Live Oak",3567,233,"10S","10S1H6S3Q",1,2025-05-24 02:10:09.7770000,1069068,0,0,2026-09-21 06:59:56.7100000,36.983560,-121.980520
1788730,"Live Oak",3567,233,"10S","10S1H6S3Q",1,2025-07-29 20:02:55.7570000,1034452,0,0,2026-09-21 07:00:00.7670000,36.985980,-121.980470
1788816,"Soquel",3567,233,"10S","10S1H6S3Q",1,2026-02-10 01:00:12.0100000,1103852,0,0,2026-09-21 07:00:05.4470000,36.988010,-121.956630
1788799,"Soquel",3567,233,"10S","10S1H6S3Q",1,2025-11-12 16:31:32.2670000,1073196,0,0,2026-09-21 07:00:09.6570000,36.987650,-121.939690
1788020,"Capitola",3567,233,"10S","10S1H6S3Q",1,2025-11-18 01:18:02.8230000,1065804,0,0,2026-09-21 07:00:17.5900000,36.975230,-121.953290
1789213,"Monte Toyon",3567,233,"10S","10S1H6S3Q",1,2026-06-15 00:10:17.5200000,1055310,0,0,2026-09-21 07:00:30.2500000,36.996340,-121.896070
2518998,"Sudbrack",707,57,"32U","32U1H5S3Q",3,2025-05-23 15:23:42.6700000,0,0,211370,2026-09-21 07:00:38.1500000,52.033330,8.533330
1728691,"Wangjia",574,48,"48S","48S1H4S3Q",2,2026-09-21 07:00:38.4830000,0,892,0,2026-09-21 07:00:38.4830000,36.008360,102.811790
1790892,"Day Valley",3567,233,"10S","10S1H6S1Q",1,2025-06-19 05:37:08.8200000,1116834,0,0,2026-09-21 07:00:39.0930000,37.025250,-121.857130
1728463,"Tianjia",574,48,"48S","48S1H4S3Q",2,2026-09-21 07:00:39.8570000,0,891,0,2026-09-21 07:00:39.8570000,36.004710,102.827600
1727702,"Mujiasi",574,48,"48S","48S2H1S1Q",2,2026-09-21 07:00:42.1600000,0,891,0,2026-09-21 07:00:42.1600000,35.992300,102.836240
1726004,"Zhujia",574,48,"48S","48S2H1S1Q",2,2026-09-21 07:00:44.6300000,0,891,0,2026-09-21 07:00:44.6300000,35.965820,102.808670
1725448,"Buciwangjia",574,48,"48S","48S2H1S1Q",2,2026-09-21 07:00:46.7700000,0,891,0,2026-09-21 07:00:46.7700000,35.956150,102.825350
1726250,"Mi'erzhuang",574,48,"48S","48S2H1S1Q",2,2026-09-21 07:00:54.6900000,0,891,0,2026-09-21 07:00:54.6900000,35.968650,102.849840
1726293,"Shangganjia",574,48,"48S","48S2H1S1Q",2,2026-09-21 07:00:57.8570000,0,892,0,2026-09-21 07:00:57.8570000,35.969410,102.876440
1724836,"Hulangcheng",574,48,"48S","48S2H1S1Q",2,2026-09-21 07:01:03.7000000,0,892,0,2026-09-21 07:01:03.7000000,35.946350,102.801520
1670721,"Zhongzhangbu",583,48,"49S","49S2H1S4Q",2,2026-09-21 07:01:14.3500000,0,903,0,2026-09-21 07:01:14.3500000,34.995830,109.336390
1669821,"Jianbeicun",583,48,"49S","49S2H1S4Q",2,2026-09-21 07:01:16.7370000,0,903,0,2026-09-21 07:01:16.7370000,34.982980,109.336140
1669576,"Nanchangjia",583,48,"49S","49S2H1S4Q",2,2026-09-21 07:01:19.5330000,0,903,0,2026-09-21 07:01:19.5330000,34.979050,109.340040
1669536,"Leigufangxiang",583,48,"49S","49S2H1S4Q",2,2026-09-21 07:01:21.8970000,0,903,0,2026-09-21 07:01:21.8970000,34.978430,109.354210
2295463,"Mettmenriet",503,43,"32T","32T1H2S1Q",3,2024-06-26 15:13:30.1200000,0,0,14171993,2026-09-21 07:01:22.8170000,47.512600,8.545720
1670454,"Yangjiayao",583,48,"49S","49S2H1S4Q",2,2026-09-21 07:01:26.9630000,0,903,0,2026-09-21 07:01:26.9630000,34.991000,109.352020
1671345,"Yangyaocun",583,48,"49S","49S2H1S2Q",2,2026-09-21 07:01:30.1200000,0,903,0,2026-09-21 07:01:30.1200000,35.004830,109.349370
2307440,"Lambrey",957,75,"31T","31T1H3S2Q",1,2018-07-04 12:18:53.8400000,11525,0,0,2026-09-21 07:01:36.8200000,47.764650,5.927360
1604783,"Las Flores",3567,233,"11S","11S2H1S4Q",1,2026-09-21 07:01:41.0070000,1106,0,0,2026-09-21 07:01:41.0070000,34.037230,-118.635920
2308153,"Augicourt",957,75,"31T","31T1H3S2Q",1,2018-05-30 02:45:04.3270000,11368,0,0,2026-09-21 07:01:41.0070000,47.773670,5.897280
2306470,"Arbecey",957,75,"31T","31T1H3S2Q",1,2018-07-04 12:18:28.3500000,11430,0,0,2026-09-21 07:01:44.6070000,47.739130,5.928240
1263608,"Bainitang",592,48,"48R","48R2H2S4Q",2,2026-09-21 07:01:45.2970000,0,913,0,2026-09-21 07:01:45.3000000,26.533330,105.433330
2306472,"Semmadon",957,75,"31T","31T1H3S2Q",1,2018-06-25 11:31:09.7000000,11789,0,0,2026-09-21 07:01:46.6230000,47.739300,5.871320
1609471,"Topanga Park",3567,233,"11S","11S2H1S4Q",1,2026-09-21 07:01:48.7870000,956,0,0,2026-09-21 07:01:48.7870000,34.107510,-118.629250
1261751,"Chuilong",592,48,"48R","48R2H2S4Q",2,2026-09-21 07:01:48.9830000,0,913,0,2026-09-21 07:01:48.9830000,26.475000,105.466670
2307349,"Oigney",957,75,"31T","31T1H3S2Q",1,2018-06-27 14:03:17.0170000,11806,0,0,2026-09-21 07:01:49.7100000,47.760850,5.854660
2308271,"Bougey",957,75,"31T","31T1H3S2Q",1,2018-06-27 14:04:21.4130000,12205,0,0,2026-09-21 07:01:52.7770000,47.781400,5.861400
1262592,"Agong",592,48,"48R","48R2H2S4Q",2,2026-09-21 07:01:53.9000000,0,913,0,2026-09-21 07:01:53.9000000,26.500000,105.516670
2309979,"Noroy-les-Jussey",957,75,"31T","31T1H3S2Q",1,2018-06-11 10:15:31.9430000,5509,0,0,2026-09-21 07:01:55.8570000,47.812200,5.840540
2309152,"Montigny-les-Cherlieu",957,75,"31T","31T1H3S2Q",1,2021-11-19 15:05:49.3530000,8788,0,0,2026-09-21 07:01:58.8370000,47.798280,5.811090
1626577,"Waltz",3567,233,"11S","11S2H1S4Q",1,2026-09-21 07:02:02.8230000,1099,0,0,2026-09-21 07:02:02.8230000,34.360280,-118.521470
1263609,"Mozhong",592,48,"48R","48R2H2S4Q",2,2026-09-21 07:02:04.4830000,0,913,0,2026-09-21 07:02:04.4830000,26.533330,105.566670
1264635,"Santang",592,48,"48R","48R2H2S4Q",2,2026-09-21 07:02:07.5530000,0,913,0,2026-09-21 07:02:07.5530000,26.566670,105.566670
1265672,"Houzhai",592,48,"48R","48R2H2S4Q",2,2026-09-21 07:02:10.9330000,0,1093,0,2026-09-21 07:02:10.9330000,26.600000,105.600000
1671450,"Mengjiacun",583,48,"49S","49S2H1S2Q",2,2026-09-21 07:02:17.1370000,0,903,0,2026-09-21 07:02:17.1370000,35.006710,109.369500
1610904,"Calabasas Highlands",3567,233,"11S","11S2H1S4Q",1,2026-09-21 07:02:26.6170000,1106,0,0,2026-09-21 07:02:26.6170000,34.130840,-118.645360
1610935,"Santa Maria",3567,233,"11S","11S2H1S4Q",1,2026-09-21 07:02:34.0200000,1080,0,0,2026-09-21 07:02:34.0200000,34.131400,-118.574530
2730836,"Krasnaya Gorka",2651,192,"36V","36V2H6S1Q",2,2026-09-21 07:02:51.8970000,0,931,0,2026-09-21 07:02:51.8970000,57.528890,34.563890
2730871,"Goroncharovo",2651,192,"36V","36V2H6S1Q",2,2026-09-21 07:02:59.7000000,0,1089,0,2026-09-21 07:02:59.7000000,57.530280,34.572500
2132829,"Old Town",3576,233,"10T","10T2H2S1Q",2,2026-09-21 07:03:00.1400000,0,476,0,2026-09-21 07:03:00.1400000,43.432900,-123.295630
2138020,"Elkhead",3576,233,"10T","10T2H2S1Q",2,2026-09-21 07:03:10.5470000,0,381,0,2026-09-21 07:03:10.5470000,43.540680,-123.185080
2730187,"Zelenogorskiy",2651,192,"36V","36V2H6S1Q",2,2026-09-21 07:03:15.0270000,0,1090,0,2026-09-21 07:03:15.0270000,57.505000,34.566670
2134111,"Hawthorne",3576,233,"10T","10T2H2S1Q",2,2026-09-21 07:03:16.8100000,0,369,0,2026-09-21 07:03:16.8100000,43.456230,-123.080900
2573450,"Leek",2272,167,"32U","32U1H4S1Q",1,2016-06-20 13:18:34.0300000,79744,0,0,2026-09-21 07:03:21.2070000,53.162500,6.376390
2730739,"Yermakovo",2651,192,"36V","36V2H6S1Q",2,2026-09-21 07:03:23.5230000,0,1089,0,2026-09-21 07:03:23.5230000,57.523890,34.546940
2126357,"North Umpqua Village",3576,233,"10T","10T2H2S2Q",2,2026-09-21 07:03:24.1930000,0,432,0,2026-09-21 07:03:24.1930000,43.302620,-122.951170
2574213,"Tolbert",2272,167,"32U","32U1H4S1Q",1,2017-02-08 18:32:25.4530000,38118,0,0,2026-09-21 07:03:27.4430000,53.176670,6.372220
2502651,"Plein",2270,167,"31U","31U2H3S2Q",3,2019-02-24 20:40:18.3030000,2093272,0,6139430,2026-09-21 07:03:29.0830000,51.680000,5.422220
2731374,"Obradovo",2651,192,"36V","36V2H6S1Q",2,2026-09-21 07:03:33.0900000,0,1174,0,2026-09-21 07:03:33.0900000,57.546110,34.634170
2574306,"Midwolde",2272,167,"32U","32U1H4S1Q",1,2025-07-27 21:49:28.2500000,2184,0,0,2026-09-21 07:03:34.1200000,53.180000,6.388890
2574979,"Lettelbert",2272,167,"32U","32U1H4S1Q",1,2016-05-25 08:47:34.2600000,9730,0,0,2026-09-21 07:03:41.9430000,53.190830,6.411110
2575709,"Pasop",2272,167,"32U","32U1H4S1Q",1,2016-06-20 15:29:00.8670000,8399,0,0,2026-09-21 07:04:06.2500000,53.205000,6.388890
2575999,"Enumatil",2272,167,"32U","32U1H4S1Q",1,2016-06-20 13:34:09.3730000,4649,0,0,2026-09-21 07:04:13.2370000,53.215830,6.408330
2576895,"Diepswal",2272,167,"32U","32U1H4S1Q",1,2016-05-25 08:45:46.6930000,20865,0,0,2026-09-21 07:04:23.3600000,53.233330,6.394440
2523886,"Dreesbruch",707,57,"32U","32U1H5S3Q",3,2026-09-21 07:05:12.3170000,0,0,790,2026-09-21 07:05:12.3170000,52.133330,8.516670
138531,"Leloaloa",126,11,"02L","02L2H5S2Q",2,2026-09-21 07:10:04.2600000,0,504,0,2026-09-21 07:10:04.2600000,-14.272220,-170.678060
138519,"Atu`u",126,11,"02L","02L2H5S2Q",2,2026-09-21 07:10:13.2630000,0,504,0,2026-09-21 07:10:13.2630000,-14.274440,-170.684720
138515,"Anua",126,11,"02L","02L2H5S2Q",2,2026-09-21 07:10:18.0970000,0,504,0,2026-09-21 07:10:18.0970000,-14.275000,-170.687780
138514,"Satala",126,11,"02L","02L2H5S2Q",2,2026-09-21 07:10:21.4630000,0,504,0,2026-09-21 07:10:21.4630000,-14.275000,-170.690560
138512,"Lalopua",126,11,"02L","02L2H5S2Q",2,2026-09-21 07:10:25.0300000,0,504,0,2026-09-21 07:10:25.0300000,-14.275280,-170.695280
138513,"Si`ufaga",126,11,"02L","02L2H5S2Q",2,2026-09-21 07:10:27.9400000,0,502,0,2026-09-21 07:10:27.9400000,-14.275000,-170.698890
138493,"Pago Pago",126,11,"02L","02L2H5S2Q",2,2026-09-21 07:12:28.2000000,0,504,0,2026-09-21 07:12:28.2000000,-14.278060,-170.702500
1724695,"Zhangjioala",574,48,"48S","48S2H1S1Q",2,2026-09-21 07:12:28.5730000,0,892,0,2026-09-21 07:12:28.5730000,35.943690,102.826020
1723454,"Hedong",574,48,"48S","48S2H1S1Q",2,2026-09-21 07:12:30.4400000,0,892,0,2026-09-21 07:12:30.4400000,35.922700,102.814420
1723697,"Bianbaola",574,48,"48S","48S2H1S1Q",2,2026-09-21 07:12:32.1030000,0,892,0,2026-09-21 07:12:32.1030000,35.926770,102.793440
1721725,"Hongya",574,48,"48S","48S2H1S1Q",2,2026-09-21 07:12:34.0500000,0,892,0,2026-09-21 07:12:34.0500000,35.895660,102.826840
1726667,"Longbao",574,48,"48S","48S2H1S1Q",2,2026-09-21 07:12:38.8700000,0,892,0,2026-09-21 07:12:38.8700000,35.975540,102.879990
1725734,"Wangjiashan",574,48,"48S","48S2H1S1Q",2,2026-09-21 07:12:39.3870000,0,892,0,2026-09-21 07:12:39.3870000,35.961080,102.903090
1723582,"Dazicun",574,48,"48S","48S2H1S1Q",2,2026-09-21 07:12:41.7130000,0,892,0,2026-09-21 07:12:41.7130000,35.924740,102.895480
2504787,"Bruggen",2270,167,"31U","31U2H3S2Q",1,2016-12-28 18:51:34.9430000,1001475,0,0,2026-09-21 07:16:16.0330000,51.725830,5.373610
2502591,"Berlicum",2270,167,"31U","31U2H3S2Q",3,2014-11-03 13:21:35.5530000,517,0,21347147,2026-09-21 07:16:25.9130000,51.677500,5.400000
2502497,"Laar",2270,167,"31U","31U2H3S2Q",3,2019-01-23 10:50:37.5930000,1634,0,7028452,2026-09-21 07:16:34.5930000,51.674170,5.425000
2502565,"Heikantse Hoeve",2270,167,"31U","31U2H3S2Q",3,2019-04-05 20:57:06.6200000,9351,0,2035454,2026-09-21 07:16:39.8170000,51.676670,5.445830
2501867,"Middelrode",2270,167,"31U","31U2H3S2Q",3,2016-07-29 17:45:46.0570000,3817,0,3646743,2026-09-21 07:16:47.1200000,51.664170,5.419440
138482,"Fusi",126,11,"02L","02L2H5S2Q",2,2026-09-21 07:19:19.6970000,0,504,0,2026-09-21 07:19:19.6970000,-14.278890,-170.700280
138483,"Autapini",126,11,"02L","02L2H5S2Q",2,2026-09-21 07:19:23.4500000,0,504,0,2026-09-21 07:19:23.4500000,-14.278890,-170.697500
2500906,"Lieseind",2270,167,"31U","31U2H3S2Q",1,2022-02-16 13:35:43.1070000,586276,0,0,2026-09-21 07:19:37.6500000,51.640830,5.404170
1845344,"Bancroft",3567,233,"10S","10S1H5S2Q",2,2025-05-26 20:40:01.6570000,0,3034639,0,2026-09-21 07:20:58.8300000,37.933810,-122.047180
2678756,"Ivanteyevka",2671,192,"37U","37U1H1S2Q",2,2026-07-09 06:05:36.7800000,157600,436075,600,2026-09-21 07:20:58.9400000,55.971110,37.920830
2239788,"Vernayaz",506,43,"32T","32T1H1S4Q",2,2026-09-21 07:21:26.2230000,11658,12876,0,2026-09-21 07:21:26.2230000,46.136670,7.039060
2239974,"Mieville",506,43,"32T","32T1H1S4Q",2,2026-09-21 07:21:34.1370000,12746,13998,0,2026-09-21 07:21:34.1370000,46.147550,7.029020
2239993,"Dorenaz",506,43,"32T","32T1H1S4Q",2,2026-09-21 07:21:39.3270000,10046,11222,0,2026-09-21 07:21:39.3270000,46.148920,7.042920
2702314,"Izmaylovo",2651,192,"36V","36V2H6S4Q",2,2026-09-21 07:23:40.6870000,0,928,0,2026-09-21 07:23:40.6870000,56.666070,35.955200
2703472,"Kurkino",2651,192,"36V","36V2H6S4Q",2,2026-09-21 07:23:52.9130000,0,915,0,2026-09-21 07:23:52.9130000,56.699910,35.952820
2703209,"Perkhurovo",2651,192,"37V","37V2H4S3Q",2,2026-09-21 07:23:58.9800000,0,1208,0,2026-09-21 07:23:58.9800000,56.687400,36.041800
2702770,"Azarnikovo",2651,192,"37V","37V2H4S3Q",2,2026-09-21 07:24:07.0300000,0,914,0,2026-09-21 07:24:07.0300000,56.678000,36.073500
2307385,"Preigney",957,75,"31T","31T1H3S2Q",1,2018-07-04 13:41:58.3370000,4671,0,0,2026-09-21 07:24:45.2170000,47.762460,5.775280
2729713,"Jerliki",2661,192,"35V","35V2H5S2Q",2,2026-09-21 07:24:46.0670000,0,1161,0,2026-09-21 07:24:46.0670000,57.489370,27.757040
1635551,"Castaic",3567,233,"11S","11S2H1S4Q",1,2026-09-21 07:24:46.6970000,1129,0,1034,2026-09-21 07:24:46.6970000,34.488880,-118.622870
2306669,"Cintrey",957,75,"31T","31T1H3S2Q",1,2023-11-06 10:39:23.9970000,3250,0,0,2026-09-21 07:24:49.1730000,47.749840,5.754850
1634839,"Sulphur Springs",3567,233,"11S","11S2H1S4Q",1,2026-09-21 07:24:51.0500000,1129,0,0,2026-09-21 07:24:51.0500000,34.479440,-118.614250
2306636,"La Rochelle",957,75,"31T","31T1H3S2Q",1,2023-11-06 11:27:35.3070000,4687,0,0,2026-09-21 07:24:52.4400000,47.748030,5.732960
2305835,"Molay",957,75,"31T","31T1H3S2Q",1,2023-03-30 05:45:23.2830000,3401,0,0,2026-09-21 07:25:00.0800000,47.732890,5.741400
1634577,"Ninetynine Oaks",3567,233,"11S","11S2H1S4Q",1,2026-09-21 07:25:01.2700000,2171,0,0,2026-09-21 07:25:01.2700000,34.475830,-118.616750
1722203,"Sujia",574,48,"48S","48S2H1S1Q",2,2026-09-21 07:25:01.7430000,0,892,0,2026-09-21 07:25:01.7430000,35.903030,102.899560
1721453,"Chenjia",574,48,"48S","48S2H1S1Q",2,2026-09-21 07:25:04.9130000,0,892,0,2026-09-21 07:25:04.9170000,35.890990,102.902110
2520590,"Niederdornberg",707,57,"32U","32U1H5S3Q",3,2026-09-21 07:25:05.2230000,0,0,761,2026-09-21 07:25:05.2230000,52.066670,8.466670
1632309,"Valencia",3567,233,"11S","11S2H1S4Q",1,2026-09-21 07:25:07.5830000,1165,0,0,2026-09-21 07:25:07.5830000,34.443610,-118.609530
2304874,"Saint-Julien",957,75,"31T","31T1H3S2Q",1,2023-03-30 05:45:20.3800000,3490,0,0,2026-09-21 07:25:08.2500000,47.703610,5.733990
1722802,"Zhangjia",574,48,"48S","48S2H1S1Q",2,2026-09-21 07:12:43.6570000,0,2092,0,2026-09-21 07:25:09.7170000,35.912970,102.903860
2521078,"Arrode",707,57,"32U","32U1H5S3Q",3,2026-09-21 07:25:09.7830000,0,0,761,2026-09-21 07:25:09.7830000,52.074860,8.428570
2304296,"La Roche-Morey",957,75,"31T","31T1H3S2Q",1,2018-07-04 13:51:35.8070000,4199,0,0,2026-09-21 07:25:18.2700000,47.700000,5.733330
1721054,"Hongya",574,48,"48S","48S2H1S1Q",2,2026-09-21 07:25:18.3070000,0,892,0,2026-09-21 07:25:18.3070000,35.883800,102.915950
1720324,"Dashanzhuang",574,48,"48S","48S2H1S1Q",2,2026-09-21 07:25:18.3100000,0,892,0,2026-09-21 07:25:18.3100000,35.871200,102.927990
1632155,"Castaic Junction",3567,233,"11S","11S2H1S4Q",1,2026-09-21 07:25:18.3530000,1166,0,0,2026-09-21 07:25:18.3530000,34.440830,-118.606480
2305004,"Lavigney",957,75,"31T","31T1H3S2Q",1,2018-12-19 18:16:43.1400000,11823,0,0,2026-09-21 07:25:18.5900000,47.712640,5.809060
1721230,"Kongjiagou",595,48,"48S","48S2H1S1Q",2,2026-09-21 07:25:18.7700000,0,892,0,2026-09-21 07:25:18.7700000,35.887050,102.950630
1720647,"Duojia",595,48,"48S","48S2H1S1Q",2,2026-09-21 07:25:21.8570000,0,892,0,2026-09-21 07:25:21.8570000,35.877160,102.956790
2304033,"Betoncourt-les-Menetriers",957,75,"31T","31T1H3S2Q",1,2018-12-19 18:16:33.0130000,3727,0,0,2026-09-21 07:25:22.3470000,47.687780,5.789830
1719255,"Zhongzhuangshan",595,48,"48S","48S2H1S1Q",2,2026-09-21 07:25:23.2870000,0,892,0,2026-09-21 07:25:23.2870000,35.852390,102.963490
2273705,"Boudevilliers",516,43,"32T","32T1H1S1Q",2,2026-09-10 11:01:26.9530000,0,346451,0,2026-09-21 07:25:24.2830000,47.033330,6.883330
1719812,"Laozhuang",595,48,"48S","48S2H1S1Q",2,2026-09-21 07:25:25.2000000,0,892,0,2026-09-21 07:25:25.2000000,35.863650,102.971990
1628709,"Stevenson Ranch",3567,233,"11S","11S2H1S4Q",1,2026-09-21 07:25:35.5630000,1652,0,0,2026-09-21 07:25:35.5630000,34.390480,-118.573720
1670794,"Houlijia",583,48,"49S","49S2H1S4Q",2,2026-09-21 07:25:38.5900000,0,903,0,2026-09-21 07:25:38.5900000,34.997280,109.369260
1626848,"Elayon",3567,233,"11S","11S2H1S4Q",1,2026-09-21 07:25:41.8070000,1645,0,0,2026-09-21 07:25:41.8070000,34.364440,-118.523420
1670334,"Lihuicun",583,48,"49S","49S2H1S4Q",2,2026-09-21 07:25:44.2600000,0,903,0,2026-09-21 07:25:44.2600000,34.988970,109.371580
1668296,"Longnanbao",583,48,"49S","49S2H1S4Q",2,2026-09-21 07:25:47.0100000,0,903,0,2026-09-21 07:25:47.0100000,34.960640,109.364100
1667691,"Wanjiacun",583,48,"49S","49S2H1S4Q",2,2026-09-21 07:25:52.2770000,0,903,0,2026-09-21 07:25:52.2770000,34.950880,109.377510
1667943,"Laocheng",583,48,"49S","49S2H1S4Q",2,2026-09-21 07:25:54.3770000,0,903,0,2026-09-21 07:25:54.3800000,34.955200,109.400030
1668490,"Lijiacun",583,48,"49S","49S2H1S4Q",2,2026-09-21 07:25:57.4400000,0,903,0,2026-09-21 07:25:57.4400000,34.963820,109.392450
1669447,"Xiliujia",583,48,"49S","49S2H1S4Q",2,2026-09-21 07:26:00.0030000,0,903,0,2026-09-21 07:26:00.0070000,34.977120,109.406720
1263610,"Shaopu",592,48,"48R","48R2H2S4Q",2,2026-09-21 07:26:33.9630000,0,913,0,2026-09-21 07:26:33.9670000,26.533330,105.616670
88728,"Ambodiaviavy",1878,143,"39K","39K1H4S1Q",2,2026-09-21 07:26:36.2300000,0,741,0,2026-09-21 07:26:36.2300000,-18.800000,48.866670
1263096,"Huadong",592,48,"48R","48R2H2S4Q",2,2026-09-21 07:26:37.3700000,0,913,0,2026-09-21 07:26:37.3700000,26.516670,105.600000
1587789,"Rossmoor",3567,233,"11S","11S2H4S2Q",3,2015-01-12 05:47:12.8270000,360,0,1028219,2026-09-21 07:26:41.2600000,33.788580,-118.080550
138470,"Malaloa",126,11,"02L","02L2H5S2Q",2,2026-09-21 07:26:41.4570000,0,504,0,2026-09-21 07:26:41.4570000,-14.280830,-170.692500
1262057,"Pujia",592,48,"48R","48R2H2S4Q",2,2026-09-21 07:26:41.8530000,0,914,0,2026-09-21 07:26:41.8530000,26.483330,105.583330
138462,"Fagatogo",126,11,"02L","02L2H5S2Q",2,2026-09-21 07:26:44.7730000,0,504,0,2026-09-21 07:26:44.7730000,-14.282500,-170.690000
1262058,"Muwang",592,48,"48R","48R2H2S4Q",2,2026-09-21 07:26:45.0230000,0,914,0,2026-09-21 07:26:45.0230000,26.483330,105.683330
138325,"Utulei",126,11,"02L","02L2H5S2Q",2,2026-09-21 07:26:48.0700000,0,504,0,2026-09-21 07:26:48.0700000,-14.286940,-170.683060
1262059,"Xiongjiachang",592,48,"48R","48R2H2S4Q",2,2026-09-21 07:26:48.6500000,0,914,0,2026-09-21 07:26:48.6500000,26.483330,105.716670
1260175,"Xinmai",592,48,"48R","48R2H2S4Q",2,2026-09-21 07:26:52.3530000,0,914,0,2026-09-21 07:26:52.3530000,26.425000,105.600000
1259944,"Luomu",592,48,"48R","48R2H2S4Q",2,2026-09-21 07:26:55.6800000,0,914,0,2026-09-21 07:26:55.6800000,26.416670,105.533330
1259787,"Lengba",592,48,"48R","48R2H2S4Q",2,2026-09-21 07:27:00.3130000,0,914,0,2026-09-21 07:27:00.3130000,26.413890,105.475000
1670042,"Heraocun",583,48,"49S","49S2H1S4Q",2,2026-09-21 07:27:08.6530000,0,903,0,2026-09-21 07:27:08.6530000,34.983420,109.393420
1787696,"Rio Del Mar",3567,233,"10S","10S1H6S3Q",3,2013-06-22 16:10:21.8830000,879,0,2000616,2026-09-21 07:30:27.8630000,36.968280,-121.900230
2449300,"Lantin",255,20,"31U","31U2H3S4Q",1,2023-07-07 17:02:03.6230000,104339,0,0,2026-09-21 07:33:14.1430000,50.689070,5.523610
1721062,"Duokeng",595,48,"48S","48S2H1S1Q",2,2026-09-21 07:38:26.7430000,0,892,0,2026-09-21 07:38:26.7430000,35.884000,102.981150
1721682,"Xiaoling",595,48,"48S","48S2H1S1Q",2,2026-09-21 07:38:29.9400000,0,892,0,2026-09-21 07:38:29.9400000,35.894840,102.995620
1722481,"Xuping",595,48,"48S","48S2H1S1Q",2,2026-09-21 07:38:33.3800000,0,892,0,2026-09-21 07:38:33.3800000,35.907870,102.980710
2304931,"Victory Heights",3578,233,"10T","10T1H2S2Q",1,2013-04-19 01:00:52.8830000,3691476,0,0,2026-09-21 07:38:36.7700000,47.707600,-122.307630
1723946,"Diquan",595,48,"48S","48S2H1S1Q",2,2026-09-21 07:38:39.6530000,0,892,0,2026-09-21 07:38:39.6530000,35.931030,102.976100
1725347,"Chejiashangzhuang",595,48,"48S","48S2H1S2Q",2,2026-09-21 07:38:42.5600000,0,892,0,2026-09-21 07:38:42.5600000,35.954460,103.002080
1724422,"Weijiashan",574,48,"48S","48S2H1S1Q",2,2026-09-21 07:38:48.0200000,0,892,0,2026-09-21 07:38:48.0200000,35.938570,102.936570
1726570,"Zhangjiawan",574,48,"48S","48S2H1S1Q",2,2026-09-21 07:38:51.3170000,0,892,0,2026-09-21 07:38:51.3170000,35.973940,102.935130
1726764,"Jinjialing",574,48,"48S","48S2H1S1Q",2,2026-09-21 07:38:54.6400000,0,892,0,2026-09-21 07:38:54.6400000,35.977280,102.940880
2510667,"Baleginskiy",2723,192,"49U","49U2H1S2Q",1,2026-09-21 07:38:58.7100000,1200,0,0,2026-09-21 07:38:58.7100000,51.850000,109.400000
2510671,"Bura",2720,192,"50U","50U2H3S1Q",1,2026-09-21 07:39:03.8470000,1200,0,0,2026-09-21 07:39:03.8470000,51.850000,118.566670
1671188,"Hepan",583,48,"49S","49S2H1S2Q",2,2026-09-21 07:39:04.9070000,0,903,0,2026-09-21 07:39:04.9100000,35.001940,109.389440
2510672,"Cheremushka",2722,192,"52U","52U2H1S1Q",1,2026-09-21 07:39:13.2730000,1200,0,0,2026-09-21 07:39:13.2730000,51.850000,126.750000
2510674,"Lebedino",2722,192,"52U","52U2H2S2Q",1,2026-09-21 07:39:18.4670000,1200,0,0,2026-09-21 07:39:18.4670000,51.850000,129.216670
2511478,"Yelgino",2720,192,"50U","50U2H3S1Q",1,2026-09-21 07:39:22.8430000,1200,0,0,2026-09-21 07:39:22.8430000,51.866670,118.566670
1258226,"Shuchang",592,48,"48R","48R2H2S4Q",2,2026-09-21 07:39:29.2170000,0,914,0,2026-09-21 07:39:29.2170000,26.366670,105.500000
2180438,"Interlochen",3557,233,"16T","16T1H6S3Q",3,2026-04-09 20:17:47.1670000,12300,0,21113,2026-09-21 07:39:48.3570000,44.644720,-85.767300
2096670,"Speaker",3576,233,"10T","10T2H2S3Q",2,2026-09-21 07:40:22.6800000,0,2336,0,2026-09-21 07:40:23.9700000,42.716510,-123.293950
2129355,"Coles Valley",3576,233,"10T","10T2H2S1Q",2,2026-09-21 07:40:31.5200000,0,2938,0,2026-09-21 07:40:33.8670000,43.365120,-123.502590
2295990,"Buelach / Altstadt",503,43,"32T","32T1H2S1Q",3,2024-05-09 11:19:12.8600000,0,0,19573025,2026-09-21 07:40:41.9000000,47.517610,8.540460
2161072,"Marcola",3576,233,"10T","10T1H5S4Q",3,2024-12-18 14:56:10.1330000,0,0,144788,2026-09-21 07:40:52.3800000,44.172350,-122.860640
2511480,"Bogoslovka",2722,192,"52U","52U2H2S2Q",1,2026-09-21 07:45:34.2600000,1200,0,0,2026-09-21 07:45:34.2600000,51.866670,129.250000
2511553,"Tagel'tsy",2722,192,"52U","52U2H1S2Q",1,2026-09-21 07:45:37.6330000,1200,0,0,2026-09-21 07:45:37.6330000,51.869600,127.463300
2511606,"Ushakovo",2722,192,"52U","52U2H1S1Q",1,2026-09-21 07:45:44.1630000,1200,0,0,2026-09-21 07:45:44.1630000,51.871100,126.554400
2511924,"Pridolinnyy",2665,192,"39U","39U2H3S2Q",1,2026-09-21 07:45:49.4970000,1200,0,0,2026-09-21 07:45:49.4970000,51.883060,53.201670
2521680,"Heidsiekerheide",707,57,"32U","32U1H5S3Q",3,2025-10-01 05:42:41.1330000,517,0,10169,2026-09-21 07:49:07.4570000,52.083360,8.504710
1727726,"Jieguanling",574,48,"48S","48S2H1S1Q",2,2026-09-21 07:50:22.6100000,0,892,0,2026-09-21 07:50:22.6100000,35.992610,102.918490
1728580,"Wannao",574,48,"48S","48S1H4S3Q",2,2026-09-21 07:50:26.6870000,0,892,0,2026-09-21 07:50:26.6870000,36.006770,102.905650
1728373,"Dawan",574,48,"48S","48S1H4S3Q",2,2026-09-21 07:50:30.0370000,0,892,0,2026-09-21 07:50:30.0370000,36.003160,102.943040
1728389,"Xinjiawan",574,48,"48S","48S1H4S3Q",2,2026-09-21 07:50:33.4230000,0,892,0,2026-09-21 07:50:33.4230000,36.003600,102.954540
1727505,"Chenjiagou",574,48,"48S","48S2H1S1Q",2,2026-09-21 07:50:40.0900000,0,892,0,2026-09-21 07:50:40.0900000,35.989150,102.961940
1727877,"Wangjia",595,48,"48S","48S2H1S1Q",2,2026-09-21 07:50:41.3930000,0,892,0,2026-09-21 07:50:41.3930000,35.995300,102.995280
1728478,"Chenjiazui",595,48,"48S","48S1H4S4Q",2,2026-09-21 07:50:44.0170000,0,892,0,2026-09-21 07:50:44.0170000,36.004980,103.003170
1730685,"Maying",574,48,"48S","48S1H4S3Q",2,2026-09-21 07:51:09.1000000,0,891,0,2026-09-21 07:51:09.1000000,36.042500,102.833610
1670905,"Laomiao",583,48,"49S","49S2H1S4Q",2,2026-09-21 07:51:25.6900000,0,903,0,2026-09-21 07:51:25.6900000,34.999220,109.412800
1670679,"Mozicun",583,48,"49S","49S2H1S4Q",2,2026-09-21 07:51:26.7200000,0,903,0,2026-09-21 07:51:26.7200000,34.995280,109.413610
1670445,"Wugucun",583,48,"49S","49S2H1S4Q",2,2026-09-21 07:51:27.9630000,0,903,0,2026-09-21 07:51:27.9630000,34.990890,109.422200
1671218,"Fanglicun",583,48,"49S","49S2H1S2Q",2,2026-09-21 07:51:30.2500000,0,903,0,2026-09-21 07:51:30.2500000,35.002630,109.436170
1672287,"Laomiao",583,48,"49S","49S2H1S2Q",2,2026-09-21 07:51:32.9130000,0,902,0,2026-09-21 07:51:32.9130000,35.019720,109.426390
1671454,"Mocun",583,48,"49S","49S2H1S2Q",2,2026-09-21 07:51:38.0670000,0,903,0,2026-09-21 07:51:38.0670000,35.006760,109.408360
1674965,"Longwangmiao",583,48,"49S","49S2H1S2Q",2,2026-09-21 07:51:44.8470000,0,902,0,2026-09-21 07:51:44.8470000,35.066390,109.341390
1737637,"Pinggou",595,48,"48S","48S1H4S4Q",2,2026-09-21 07:52:01.7030000,0,892,0,2026-09-21 07:52:01.7030000,36.161110,103.050560
1259364,"Baini",592,48,"48R","48R2H2S4Q",2,2026-09-21 07:52:09.6300000,0,914,0,2026-09-21 07:52:09.6300000,26.400000,105.533330
1258460,"Shuiying",592,48,"48R","48R2H2S4Q",2,2026-09-21 07:52:16.8200000,0,914,0,2026-09-21 07:52:16.8200000,26.375000,105.541670
1259366,"Jichangpo",592,48,"48R","48R2H2S4Q",2,2026-09-21 07:52:22.4600000,0,915,0,2026-09-21 07:52:22.4600000,26.400000,105.633330
1259367,"Pingshang",592,48,"48R","48R2H2S4Q",2,2026-09-21 07:52:31.0900000,0,915,0,2026-09-21 07:52:31.0900000,26.400000,105.733330
1258282,"Longga",592,48,"48R","48R2H2S4Q",2,2026-09-21 07:52:44.3400000,0,915,0,2026-09-21 07:52:44.3400000,26.367500,105.750560
1257332,"Zhuguan",592,48,"48R","48R2H2S4Q",2,2026-09-21 07:52:55.7030000,0,915,0,2026-09-21 07:52:55.7030000,26.341670,105.783330
2512198,"Samara",2646,192,"37U","37U2H2S1Q",1,2026-09-21 07:52:57.3400000,1200,0,0,2026-09-21 07:52:57.3400000,51.883330,38.566670
1258019,"Gongda",592,48,"48R","48R2H2S4Q",2,2026-09-21 07:53:00.3670000,0,915,0,2026-09-21 07:53:00.3670000,26.362500,105.669720
2512200,"Osinovka Vtoraya",2657,192,"38U","38U2H1S1Q",1,2026-09-21 07:53:01.1430000,1200,0,0,2026-09-21 07:53:01.1430000,51.883330,42.766670
1256693,"Xiaoyao",592,48,"48R","48R2H2S4Q",2,2026-09-21 07:53:05.6200000,0,915,0,2026-09-21 07:53:05.6200000,26.325000,105.641670
2512201,"Lipovka",2657,192,"38U","38U2H1S2Q",1,2026-09-21 07:53:06.6600000,1200,0,0,2026-09-21 07:53:06.6600000,51.883330,43.950000
2512203,"Zhuravlikha",2657,192,"39U","39U2H1S1Q",1,2026-09-21 07:53:15.0930000,1200,0,0,2026-09-21 07:53:15.0930000,51.883330,48.016670
2512205,"Oktyabr'skiy",2657,192,"39U","39U2H2S1Q",1,2026-09-21 07:53:21.0970000,1200,0,0,2026-09-21 07:53:21.0970000,51.883330,50.083330
2521173,"Werther",707,57,"32U","32U1H5S3Q",3,2026-09-21 07:53:59.2470000,0,0,761,2026-09-21 07:53:59.2470000,52.077710,8.417930
2288379,"Grandchamps-des-Fontaines",949,75,"30T","30T1H3S1Q",1,2025-01-12 01:12:54.1370000,3247,0,0,2026-09-21 07:55:06.8300000,47.366670,-1.600000
2286787,"Treillieres",949,75,"30T","30T1H3S1Q",1,2023-06-17 09:48:34.4630000,1035149,0,0,2026-09-21 07:55:29.0670000,47.333330,-1.633330
2285921,"La Menardais",949,75,"30T","30T1H3S1Q",1,2023-06-17 09:48:29.5600000,1016340,0,0,2026-09-21 07:55:45.0030000,47.316670,-1.616670
2285097,"La Chambre",949,75,"30T","30T1H3S1Q",1,2023-06-21 17:39:25.4000000,996480,0,0,2026-09-21 07:55:58.8330000,47.300000,-1.516670
2284213,"Le Breil",949,75,"30T","30T1H3S1Q",1,2022-05-03 09:06:38.0630000,1022924,0,0,2026-09-21 07:56:16.3630000,47.283330,-1.666670
2279973,"Haute-Indre",949,75,"30T","30T1H3S1Q",1,2023-07-14 19:39:51.9370000,994678,0,0,2026-09-21 07:56:27.3730000,47.200000,-1.650000
2279275,"Les Couets",949,75,"30T","30T1H3S1Q",1,2023-09-27 14:53:46.3330000,1354043,0,0,2026-09-21 07:56:42.8430000,47.183330,-1.583330
2287574,"Bouche",949,75,"30T","30T1H3S1Q",1,2023-06-22 10:18:15.3830000,1022755,0,0,2026-09-21 07:56:55.4900000,47.350000,-1.583330
2283212,"Landemont",949,75,"30T","30T1H3S1Q",1,2023-10-05 18:46:08.8830000,146905,0,0,2026-09-21 07:57:12.3800000,47.266670,-1.250000
2281546,"La Boissiere-du-Dore",949,75,"30T","30T1H3S1Q",1,2021-08-03 11:48:39.9100000,116250,0,0,2026-09-21 07:57:31.9600000,47.233330,-1.216670
2117518,"Reston",3576,233,"10T","10T2H2S1Q",2,2026-09-21 07:58:03.6070000,0,332,0,2026-09-21 07:58:03.6070000,43.130110,-123.620080
2115803,"Tenmile",3576,233,"10T","10T2H2S1Q",2,2026-09-21 07:58:11.0870000,0,324,0,2026-09-21 07:58:11.0870000,43.096230,-123.564240
2114519,"Olalla",3576,233,"10T","10T2H2S1Q",2,2026-09-21 07:58:19.2900000,0,318,0,2026-09-21 07:58:19.2900000,43.067060,-123.554520
2277979,"Les Sorinieres",949,75,"30T","30T1H3S1Q",1,2025-01-12 01:07:06.1970000,1056077,0,0,2026-09-21 07:58:54.5700000,47.150000,-1.533330
2284214,"Le Doucet",949,75,"30T","30T1H3S1Q",1,2022-05-01 20:23:47.5630000,996915,0,0,2026-09-21 07:59:31.6130000,47.283330,-1.633330
2284215,"Ragon",949,75,"30T","30T1H3S1Q",1,2023-06-08 22:57:59.9100000,999151,0,0,2026-09-21 07:59:52.8770000,47.283330,-1.600000
2283204,"Sautron",949,75,"30T","30T1H3S1Q",1,2023-06-08 17:07:36.5200000,1011501,0,0,2026-09-21 08:00:09.0300000,47.266670,-1.666670
2304124,"Cornot",957,75,"31T","31T1H3S2Q",1,2018-06-27 14:02:48.6530000,12733,0,0,2026-09-21 08:00:24.2670000,47.693080,5.833580
2302672,"Vauconcourt-Nervezain",957,75,"31T","31T1H3S2Q",1,2018-06-27 14:02:38.1670000,9477,0,0,2026-09-21 08:00:31.2300000,47.666670,5.833330
2302574,"Nervezain",957,75,"31T","31T1H3S2Q",1,2018-06-27 12:49:48.1130000,3357,0,0,2026-09-21 08:00:32.4730000,47.663900,5.831290
2302601,"Confracourt",957,75,"31T","31T1H3S2Q",1,2018-06-27 12:49:11.5330000,4508,0,0,2026-09-21 08:00:35.7800000,47.665930,5.875660
2300976,"Grandecourt",957,75,"31T","31T1H3S2Q",1,2018-06-27 12:49:03.0170000,4549,0,0,2026-09-21 08:00:39.1730000,47.632540,5.857640
2301644,"Vy-les-Rupt",957,75,"31T","31T1H3S2Q",1,2018-06-27 11:59:32.7670000,5665,0,0,2026-09-21 08:00:42.2730000,47.639660,5.895290
2300180,"Fedry",957,75,"31T","31T1H3S2Q",1,2024-07-11 04:22:02.7100000,4467,0,0,2026-09-21 08:00:46.2270000,47.616400,5.878340
2300001,"Cubry-les-Soing",957,75,"31T","31T1H3S2Q",1,2023-03-17 07:51:56.8800000,11965,0,0,2026-09-21 08:00:49.1870000,47.604730,5.910270
2279868,"Trentemoult",949,75,"30T","30T1H3S1Q",1,2023-11-14 19:12:01.0900000,977506,0,0,2026-09-21 08:01:30.1270000,47.194500,-1.577220
2276655,"Pont-Saint-Martin",949,75,"30T","30T1H3S1Q",1,2023-06-17 08:48:26.4000000,1013140,0,0,2026-09-21 08:02:24.9930000,47.116670,-1.583330
1743889,"Honggu",595,48,"48S","48S1H4S4Q",2,2026-09-21 08:03:31.4970000,0,891,0,2026-09-21 08:03:31.4970000,36.263330,103.013890
1744143,"Dongzicun",595,48,"48S","48S1H4S4Q",2,2026-09-21 08:03:37.2470000,0,891,0,2026-09-21 08:03:37.2470000,36.266670,103.066670
1750620,"Sujiaxia",595,48,"48S","48S1H4S4Q",2,2026-09-21 08:03:38.1400000,0,891,0,2026-09-21 08:03:38.1400000,36.371110,103.076390
1757859,"Guanyinmiao",595,48,"48S","48S1H4S4Q",2,2026-09-21 08:03:39.9430000,0,1042,0,2026-09-21 08:03:39.9430000,36.487220,103.165280
1760190,"Panggoucun",595,48,"48S","48S1H4S4Q",2,2026-09-21 08:03:42.4270000,0,891,0,2026-09-21 08:03:42.4270000,36.522780,103.043890
1764483,"Pandao",595,48,"48S","48S1H4S4Q",2,2026-09-21 08:03:44.6870000,0,891,0,2026-09-21 08:03:44.6870000,36.591110,103.050000
1767631,"Pailou",595,48,"48S","48S1H4S4Q",2,2026-09-21 08:03:46.7070000,0,891,0,2026-09-21 08:03:46.7070000,36.644440,103.025000
1770173,"Yinwa",595,48,"48S","48S1H4S4Q",2,2026-09-21 08:03:48.5500000,0,891,0,2026-09-21 08:03:48.5500000,36.685560,103.127500
2271822,"Saint-Martin-des-Tilleuls",949,75,"30T","30T1H3S3Q",1,2010-01-01 00:00:00.0000000,1006623,0,0,2026-09-21 08:04:13.6570000,46.983330,-1.050000
2520950,"Deppendorf",707,57,"32U","32U1H5S3Q",3,2026-09-21 08:05:43.2930000,0,0,795,2026-09-21 08:05:43.2930000,52.069800,8.466510
2521858,"Dreeke",707,57,"32U","32U1H5S3Q",3,2026-09-21 08:05:49.5930000,0,0,789,2026-09-21 08:05:49.5930000,52.089790,8.491060
2522232,"Niederjollenbeck",707,57,"32U","32U1H5S3Q",3,2026-09-21 08:05:54.2400000,0,0,790,2026-09-21 08:05:54.2400000,52.100000,8.516670
2512207,"Loktev",2665,192,"39U","39U2H3S2Q",1,2026-09-21 08:06:55.5970000,1200,0,0,2026-09-21 08:06:55.5970000,51.883330,53.083330
2512208,"Kommuna",2665,192,"39U","39U2H3S2Q",1,2026-09-21 08:07:02.7270000,1200,0,0,2026-09-21 08:07:02.7270000,51.883330,53.400000
2512210,"Saplayak",2696,192,"40U","40U2H2S1Q",1,2026-09-21 08:07:04.9930000,1200,0,0,2026-09-21 08:07:04.9930000,51.883330,56.700000
2512211,"Akdavletovo",2696,192,"40U","40U2H2S2Q",1,2026-09-21 08:07:07.3870000,1200,0,0,2026-09-21 08:07:07.3870000,51.883330,57.016670
2512212,"Iserganovo",2696,192,"40U","40U2H2S2Q",1,2026-09-21 08:07:10.1430000,1200,0,0,2026-09-21 08:07:10.1430000,51.883330,57.100000
2552984,"Quorndon",979,77,"30U","30U1H6S3Q",0,2026-09-21 08:07:18.2430000,0,0,0,2026-09-21 08:07:18.2430000,52.744610,-1.173480
2553944,"Loughborough",979,77,"30U","30U1H6S3Q",0,2026-09-21 08:07:23.7870000,0,0,0,2026-09-21 08:07:23.7870000,52.766670,-1.200000
2555312,"Stanford on Soar",979,77,"30U","30U1H6S3Q",0,2026-09-21 08:07:43.1000000,0,0,0,2026-09-21 08:07:43.1000000,52.791860,-1.195960
2522231,"Oberjollenbeck",707,57,"32U","32U1H5S3Q",3,2026-09-21 08:13:10.5500000,0,0,793,2026-09-21 08:13:10.5500000,52.100000,8.500000
1773797,"Manshuitan",595,48,"48S","48S1H4S3Q",2,2026-09-21 08:15:17.1130000,0,891,0,2026-09-21 08:15:17.1130000,36.745280,102.963610
1787946,"Huazangsi",595,48,"48S","48S1H4S4Q",2,2026-09-21 08:15:20.9170000,0,1023,0,2026-09-21 08:15:20.9170000,36.973890,103.127500
1779894,"Gucheng",595,48,"48S","48S1H4S3Q",2,2026-09-21 08:15:24.4470000,0,891,0,2026-09-21 08:15:24.4470000,36.836670,102.792500
138121,"Fatumafuti",126,11,"02L","02L2H5S2Q",2,2026-09-21 08:15:27.1530000,0,510,0,2026-09-21 08:15:27.1530000,-14.301390,-170.677220
1786929,"Tanshanling",595,48,"48S","48S1H4S3Q",2,2026-09-21 08:15:27.2530000,0,890,0,2026-09-21 08:15:27.2530000,36.956110,102.665830
1787559,"Shijiezitan",595,48,"48S","48S1H4S3Q",2,2026-09-21 08:15:29.8570000,0,890,0,2026-09-21 08:15:29.8570000,36.966670,102.666670
138109,"Tagapofu",126,11,"02L","02L2H5S2Q",2,2026-09-21 08:15:31.1000000,0,510,0,2026-09-21 08:15:31.1000000,-14.303330,-170.682500
1786103,"Tiantang",595,48,"48S","48S1H4S3Q",2,2026-09-21 08:15:31.7830000,0,890,0,2026-09-21 08:15:31.7830000,36.941110,102.509440
2522229,"Affhupperhofe",707,57,"32U","32U1H5S3Q",3,2026-09-21 08:15:32.5970000,0,0,1415,2026-09-21 08:15:32.5970000,52.100000,8.483330
138273,"Faga`alu",126,11,"02L","02L2H5S2Q",2,2026-09-21 08:15:35.7930000,0,510,0,2026-09-21 08:15:35.7930000,-14.296390,-170.683610
1793645,"Ganchansi",574,48,"48S","48S1H4S1Q",2,2026-09-21 08:15:40.1300000,0,890,0,2026-09-21 08:15:40.1300000,37.066670,102.333330
1800347,"Zhugusi",574,48,"48S","48S1H4S1Q",2,2026-09-21 08:15:42.4270000,0,889,0,2026-09-21 08:15:42.4270000,37.166670,102.333330
138108,"Matu`u",126,11,"02L","02L2H5S2Q",2,2026-09-21 08:15:43.6400000,0,510,0,2026-09-21 08:15:43.6400000,-14.303610,-170.683890
138099,"Vasaaiga",126,11,"02L","02L2H5S2Q",2,2026-09-21 08:15:48.4070000,0,510,0,2026-09-21 08:15:48.4070000,-14.305560,-170.686110
138098,"Faganeanea",126,11,"02L","02L2H5S2Q",2,2026-09-21 08:15:55.7270000,0,510,0,2026-09-21 08:15:55.7270000,-14.306110,-170.688890
138070,"Avau",126,11,"02L","02L2H5S2Q",2,2026-09-21 08:16:00.4200000,0,546,0,2026-09-21 08:16:00.4230000,-14.310830,-170.692780
1678743,"Lijiahe",583,48,"49S","49S2H1S2Q",2,2026-09-21 08:16:02.9100000,0,902,0,2026-09-21 08:16:02.9100000,35.128610,109.392500
138056,"Oneoneloa",126,11,"02L","02L2H5S2Q",2,2026-09-21 08:16:05.4470000,0,510,0,2026-09-21 08:16:05.4470000,-14.312780,-170.694440
1680520,"Lingao",583,48,"49S","49S2H1S2Q",2,2026-09-21 08:16:06.1600000,0,902,0,2026-09-21 08:16:06.1600000,35.157500,109.415280
1682023,"Yaosheng",583,48,"49S","49S2H1S2Q",2,2026-09-21 08:16:08.2070000,0,901,0,2026-09-21 08:16:08.2070000,35.183330,109.383330
1678511,"Guangyang",583,48,"49S","49S2H1S2Q",2,2026-09-21 08:16:12.5970000,0,902,0,2026-09-21 08:16:12.5970000,35.123890,109.326110
1675832,"Wangshiwa",583,48,"49S","49S2H1S2Q",2,2026-09-21 08:16:23.1800000,0,903,0,2026-09-21 08:16:23.1800000,35.081110,109.211940
1679528,"Hongtu",583,48,"49S","49S2H1S2Q",2,2026-09-21 08:16:28.7070000,0,901,0,2026-09-21 08:16:28.7070000,35.140830,109.257500
1681496,"Azhuang",583,48,"49S","49S2H1S2Q",2,2026-09-21 08:16:34.3400000,0,901,0,2026-09-21 08:16:34.3400000,35.174440,109.313060
1684032,"Yuntai",583,48,"49S","49S2H1S2Q",2,2026-09-21 08:16:36.9000000,0,901,0,2026-09-21 08:16:36.9000000,35.217780,109.353890
1824623,"Foster City",3567,233,"10S","10S1H5S2Q",1,2025-01-27 17:13:21.2600000,3312527,0,1392,2026-09-21 08:16:55.2000000,37.558550,-122.271080
88836,"Ambohitrambo",1878,143,"39K","39K1H4S1Q",2,2026-09-21 08:16:56.3100000,0,741,0,2026-09-21 08:16:56.3100000,-18.783330,48.950000
1800346,"Xolungtang",574,48,"48S","48S1H4S1Q",2,2026-09-21 08:16:57.3070000,0,889,0,2026-09-21 08:16:57.3070000,37.166670,102.166670
88839,"Maromamo",1878,143,"39K","39K1H4S2Q",2,2026-09-21 08:17:02.7200000,0,741,0,2026-09-21 08:17:02.7200000,-18.783330,49.016670
1256429,"Machang",592,48,"48R","48R2H2S4Q",2,2026-09-21 08:17:04.9730000,0,915,0,2026-09-21 08:17:04.9730000,26.316670,105.583330
1255371,"Dayao",592,48,"48R","48R2H2S4Q",2,2026-09-21 08:17:07.0330000,0,915,0,2026-09-21 08:17:07.0330000,26.291670,105.575560
1256430,"Boyu",592,48,"48R","48R2H2S4Q",2,2026-09-21 08:17:13.2700000,0,915,0,2026-09-21 08:17:13.2700000,26.316670,105.683330
88837,"Ambodivandrika",1878,143,"39K","39K1H4S2Q",2,2026-09-21 08:17:13.3570000,0,741,0,2026-09-21 08:17:13.3570000,-18.783330,49.000000
1256431,"Puding",592,48,"48R","48R2H2S4Q",2,2026-09-21 08:17:13.4100000,0,915,0,2026-09-21 08:17:13.4100000,26.316670,105.750000
1255480,"Longtan",592,48,"48R","48R2H2S4Q",2,2026-09-21 08:17:13.4670000,0,915,0,2026-09-21 08:17:13.4670000,26.294440,105.766670
88933,"Ampasimaneva",1878,143,"39K","39K1H4S2Q",2,2026-09-21 08:17:17.6130000,0,741,0,2026-09-21 08:17:17.6130000,-18.766670,49.000000
88934,"Namahoaka",1878,143,"39K","39K1H4S2Q",2,2026-09-21 08:17:21.8200000,0,741,0,2026-09-21 08:17:21.8200000,-18.766670,49.066670
89047,"Mahafandoa",1878,143,"39K","39K1H4S2Q",2,2026-09-21 08:17:25.2570000,0,741,0,2026-09-21 08:17:25.2570000,-18.750000,49.050000
1253475,"Songqi",592,48,"48R","48R2H2S4Q",2,2026-09-21 08:17:29.4830000,0,916,0,2026-09-21 08:17:29.4830000,26.245280,105.863890
89048,"Mizahamioraka",1878,143,"39K","39K1H4S2Q",2,2026-09-21 08:17:29.7770000,0,741,0,2026-09-21 08:17:29.7770000,-18.750000,49.083330
1255080,"Zhengjia",592,48,"48R","48R2H3S3Q",2,2026-09-21 08:17:32.4700000,0,916,0,2026-09-21 08:17:32.4700000,26.283330,106.025000
89049,"Marambato",1878,143,"39K","39K1H4S2Q",2,2026-09-21 08:17:33.2670000,0,741,0,2026-09-21 08:17:33.2670000,-18.750000,49.133330
1255372,"Yunfeng",592,48,"48R","48R2H3S3Q",2,2026-09-21 08:17:41.0300000,0,917,0,2026-09-21 08:17:41.0300000,26.291670,106.091670
138047,"Nu`uuli",126,11,"02L","02L2H5S2Q",2,2026-09-21 08:17:48.5800000,0,510,0,2026-09-21 08:17:48.5800000,-14.315830,-170.697500
2512213,"Novopokrovskiy",2696,192,"40U","40U2H2S2Q",1,2026-09-21 08:17:55.2900000,1200,0,0,2026-09-21 08:17:55.2900000,51.883330,57.300000
2512214,"Ishkil'dina",2696,192,"40U","40U2H2S2Q",1,2026-09-21 08:17:59.8600000,1200,0,0,2026-09-21 08:17:59.8600000,51.883330,57.583330
2512215,"Karamurun",2665,192,"40U","40U2H3S2Q",1,2026-09-21 08:18:03.6500000,1200,0,0,2026-09-21 08:18:03.6500000,51.883330,59.233330
2512216,"Dilikatan",2665,192,"40U","40U2H3S2Q",1,2026-09-21 08:18:07.9200000,1200,0,0,2026-09-21 08:18:07.9200000,51.883330,59.533330
2512223,"Novo-Alekseyevskiy",2715,192,"44U","44U2H2S2Q",1,2026-09-21 08:18:10.5800000,1200,0,0,2026-09-21 08:18:10.5830000,51.883330,81.633330
2512224,"Kalmytskiye Mysy",2715,192,"44U","44U2H3S1Q",1,2026-09-21 08:18:16.6630000,1200,0,0,2026-09-21 08:18:16.6630000,51.883330,82.266670
138313,"Fagalea",126,11,"02L","02L2H5S2Q",2,2026-09-21 08:18:18.4200000,0,510,0,2026-09-21 08:18:18.4200000,-14.289170,-170.718610
2512225,"Verkhnyaya Kacha",2715,192,"45U","45U2H1S2Q",1,2026-09-21 08:18:20.2500000,1200,0,0,2026-09-21 08:18:20.2500000,51.883330,85.066670
2512226,"Kordon",2715,192,"45U","45U2H1S2Q",1,2026-09-21 08:18:23.6630000,1200,0,0,2026-09-21 08:18:23.6630000,51.883330,85.300000
1818805,"Menlo Park",3567,233,"10S","10S1H5S2Q",1,2025-05-12 21:31:48.6870000,2062778,0,0,2026-09-21 08:18:56.0130000,37.453830,-122.182190
1819179,"Felton Gables",3567,233,"10S","10S1H5S2Q",1,2026-04-23 22:32:18.7070000,2053065,0,517,2026-09-21 08:19:00.7970000,37.461940,-122.189440
1819614,"Menlo Oaks",3567,233,"10S","10S1H5S2Q",1,2024-12-27 15:04:55.4200000,2070366,0,0,2026-09-21 08:19:03.8300000,37.467500,-122.166940
1820046,"Belle Haven",3567,233,"10S","10S1H5S2Q",1,2026-04-19 16:22:07.6270000,2012561,0,0,2026-09-21 08:19:06.9800000,37.476330,-122.159410
1644436,"Beifang",583,48,"49S","49S2H1S4Q",2,2026-09-21 08:19:56.5600000,0,903,0,2026-09-21 08:19:56.5600000,34.619710,109.384230
1804181,"Semnyi",574,48,"48S","48S1H4S1Q",2,2026-09-21 08:20:10.9330000,0,889,0,2026-09-21 08:20:10.9330000,37.225560,102.031940
1735546,"Dachuan",595,48,"48S","48S1H4S4Q",2,2026-09-21 08:20:56.2800000,0,1275,0,2026-09-21 08:20:56.2800000,36.126110,103.355280
1743269,"Kushui",595,48,"48S","48S1H4S4Q",2,2026-09-21 08:21:13.5700000,0,1275,0,2026-09-21 08:21:13.5700000,36.251110,103.429440
89375,"Ampanotoamaizina",1878,143,"39K","39K1H4S2Q",2,2026-09-21 08:24:58.9970000,0,741,0,2026-09-21 08:24:58.9970000,-18.700000,49.200000
89934,"Takalampona",1878,143,"39K","39K1H4S2Q",2,2026-09-21 08:25:02.1700000,0,741,0,2026-09-21 08:25:02.1700000,-18.616670,49.216670
2298681,"Soing-Cubry-Charentenay",957,75,"31T","31T1H3S2Q",1,2023-03-30 05:44:46.9830000,27105,0,0,2026-09-21 08:25:03.4570000,47.583330,5.883330
90039,"Andranokoditra",1878,143,"39K","39K1H4S2Q",2,2026-09-21 08:25:05.4000000,0,741,0,2026-09-21 08:25:05.4000000,-18.600000,49.250000
2297054,"Fresne-Saint-Mames",957,75,"31T","31T1H3S2Q",1,2018-07-04 00:46:59.4600000,11995,0,0,2026-09-21 08:25:08.1870000,47.545910,5.860930
90163,"Ampanakary",1878,143,"39K","39K1H4S2Q",2,2026-09-21 08:25:09.1070000,0,741,0,2026-09-21 08:25:09.1070000,-18.583330,49.200000
2296364,"Greucourt",957,75,"31T","31T1H3S2Q",1,2018-06-27 11:59:08.5470000,11597,0,0,2026-09-21 08:25:11.8770000,47.532900,5.863290
2527223,"Botterriede",708,57,"32U","32U1H5S3Q",1,2026-09-21 08:25:51.4300000,717,0,0,2026-09-21 08:25:51.4330000,52.200000,8.416670
1819684,"East Palo Alto",3567,233,"10S","10S1H5S2Q",1,2025-04-07 21:03:18.6170000,3411254,0,0,2026-09-21 08:26:33.5830000,37.468830,-122.141080
1819117,"The Willows",3567,233,"10S","10S1H5S2Q",1,2024-12-21 21:09:26.5770000,2214596,0,100,2026-09-21 08:26:54.2170000,37.460560,-122.154720
2252843,"Les Sables-d'Olonne",949,75,"30T","30T1H3S3Q",1,2013-05-04 10:45:12.7970000,478471,9300,0,2026-09-21 08:27:27.4030000,46.500000,-1.783330
89255,"Ampasimbe",1878,143,"39K","39K1H4S2Q",2,2026-09-21 08:28:18.4100000,46,300,0,2026-09-21 08:28:18.4100000,-18.716670,49.066670
89374,"Sarotriva",1878,143,"39K","39K1H4S2Q",2,2026-09-21 08:28:27.5500000,0,741,0,2026-09-21 08:28:27.5500000,-18.700000,49.083330
1817054,"Stanford",3567,233,"10S","10S1H5S2Q",1,2026-05-13 16:44:02.3200000,1961695,0,0,2026-09-21 08:29:09.1030000,37.424110,-122.166080
1814035,"Blossom Valley",3567,233,"10S","10S1H5S2Q",1,2026-05-04 20:34:38.4970000,1475184,0,517,2026-09-21 08:29:53.2430000,37.373610,-122.091390
2066684,"Pisciacavallo",1377,110,"33T","33T2H1S3Q",3,2019-05-27 11:19:24.6200000,0,0,807685,2026-09-21 08:31:10.9100000,42.050000,12.366670
1738412,"Hekou",595,48,"48S","48S1H4S4Q",2,2026-09-21 08:32:17.0300000,0,1276,0,2026-09-21 08:32:17.0300000,36.172220,103.438610
1737706,"Xincheng",595,48,"48S","48S1H4S4Q",2,2026-09-21 08:32:20.7800000,0,1176,0,2026-09-21 08:32:20.7800000,36.162220,103.482220
1781912,"Las Lomas",3567,233,"10S","10S1H6S3Q",1,2024-11-04 21:33:43.9170000,515080,0,0,2026-09-21 08:32:23.1500000,36.868810,-121.731610
1736405,"Dongchuan",595,48,"48S","48S1H4S4Q",2,2026-09-21 08:32:26.1470000,0,1176,0,2026-09-21 08:32:26.1470000,36.140000,103.496670
1729297,"Dagangou",595,48,"48S","48S1H4S4Q",2,2026-09-21 08:32:28.6830000,0,1177,0,2026-09-21 08:32:28.6830000,36.018610,103.520280
1734648,"Xigu",595,48,"48S","48S1H4S4Q",2,2026-09-21 08:32:32.6770000,0,1177,0,2026-09-21 08:32:32.6770000,36.111110,103.613330
1736736,"Shajingyi",595,48,"48S","48S1H4S4Q",2,2026-09-21 08:32:34.9000000,0,1177,0,2026-09-21 08:32:34.9000000,36.146110,103.619720
1799604,"Holy City",3567,233,"10S","10S1H6S1Q",1,2025-06-12 23:21:21.7900000,1121084,0,0,2026-09-21 08:32:37.6370000,37.156890,-121.978850
1743324,"Zhangjiaping",595,48,"48S","48S1H4S4Q",2,2026-09-21 08:32:38.7200000,0,1176,0,2026-09-21 08:32:38.7200000,36.252220,103.588890
1743373,"Xiaolaochi",595,48,"48S","48S1H4S4Q",2,2026-09-21 08:32:39.7530000,0,1176,0,2026-09-21 08:32:39.7530000,36.253330,103.661670
1799930,"Chemeketa Park",3567,233,"10S","10S1H6S1Q",1,2025-11-09 20:06:11.1070000,1188974,0,0,2026-09-21 08:32:41.4700000,37.162450,-121.980790
1800050,"Lexington Hills",3567,233,"10S","10S1H6S1Q",1,2025-11-30 23:14:01.2330000,1173318,0,0,2026-09-21 08:32:43.7830000,37.164670,-121.973010
1799830,"Aldercroft Heights",3567,233,"10S","10S1H6S1Q",1,2026-06-13 19:52:30.4030000,1086721,0,0,2026-09-21 08:32:45.7100000,37.160780,-121.968850
1812340,"Loyola",3567,233,"10S","10S1H5S2Q",1,2024-04-08 03:03:08.9400000,2498600,0,288,2026-09-21 08:32:56.5430000,37.348440,-122.098270
2521193,"Schrottinghausen",707,57,"32U","32U1H5S3Q",3,2026-09-21 08:34:54.5070000,0,0,822,2026-09-21 08:34:54.5070000,52.078500,8.472430
2528919,"In den Blessen",708,57,"32U","32U1H5S3Q",1,2026-09-21 08:35:41.7130000,762,0,0,2026-09-21 08:35:41.7130000,52.233330,8.400000
2737522,"Krasnaya Sloboda",2661,192,"35V","35V2H6S2Q",3,2026-09-21 08:36:22.3870000,0,564,1500,2026-09-21 08:36:25.2230000,57.750000,29.550000
2737886,"Porkhov",2661,192,"35V","35V2H6S2Q",3,2026-09-21 08:36:29.0800000,0,0,1015,2026-09-21 08:36:29.0800000,57.765020,29.556120
2739454,"Blyanitsy",2661,192,"35V","35V2H6S2Q",3,2026-09-21 08:36:44.0400000,0,0,1011,2026-09-21 08:36:44.0400000,57.814690,29.466980
1811956,"The Highlands",3567,233,"10S","10S1H5S2Q",1,2026-03-02 11:06:45.6800000,1507066,0,0,2026-09-21 08:37:26.3900000,37.341390,-122.084720
1804251,"Los Gatos",3567,233,"10S","10S1H6S1Q",1,2025-01-19 01:52:47.8030000,1268392,0,0,2026-09-21 08:39:15.0330000,37.226610,-121.974680
1799869,"Lexington Hills",3567,233,"10S","10S1H6S1Q",1,2025-10-06 19:00:42.7200000,1148026,0,0,2026-09-21 08:39:17.3500000,37.161600,-121.989140
1804614,"Shannon",3567,233,"10S","10S1H6S1Q",1,2025-03-08 16:05:32.9730000,1121572,0,0,2026-09-21 08:39:19.6800000,37.233000,-121.964120
2258826,"Solonchaky",3430,230,"36T","36T1H1S4Q",2,2025-10-31 07:26:45.5370000,0,72209,0,2026-09-21 08:39:27.5200000,46.650000,31.816670
1812072,"Woodland Acres",3567,233,"10S","10S1H5S2Q",1,2026-02-14 00:42:34.8030000,1520602,0,0,2026-09-21 08:41:00.6000000,37.343330,-122.079170
2577577,"Zuidhorn",2272,167,"32U","32U1H4S1Q",1,2014-09-22 10:59:19.6570000,13076,0,0,2026-09-21 08:41:22.1070000,53.246670,6.402780
2578308,"Noordhorn",2272,167,"32U","32U1H4S1Q",1,2016-05-25 12:02:32.4370000,7499,0,0,2026-09-21 08:41:27.9100000,53.261670,6.395830
2578942,"Noorderburen",2272,167,"32U","32U1H4S1Q",1,2016-05-25 12:27:15.4200000,12354,0,0,2026-09-21 08:41:34.7300000,53.273330,6.397220
2579886,"Selwerd",2272,167,"32U","32U1H4S1Q",1,2016-05-25 12:48:42.4970000,4450,0,0,2026-09-21 08:41:42.6170000,53.294170,6.400000
2580759,"Saaksum",2272,167,"32U","32U1H4S1Q",1,2016-05-25 13:18:03.5230000,4496,0,0,2026-09-21 08:41:52.8700000,53.313330,6.419440
2580685,"Ezinge",2272,167,"32U","32U1H4S1Q",1,2025-10-05 10:34:51.8830000,4518,0,0,2026-09-21 08:42:00.6000000,53.310000,6.441670
2582112,"Warfhuizen",2272,167,"32U","32U1H4S1Q",1,2025-10-05 10:35:06.0870000,3794,0,0,2026-09-21 08:42:07.1800000,53.340830,6.425000
2519860,"Schadow",713,57,"33U","33U1H5S3Q",3,2026-09-18 22:55:12.3730000,0,0,11870,2026-09-21 08:42:07.3130000,52.050000,14.266670
2582953,"Wehe-den Hoorn",2272,167,"32U","32U1H4S1Q",1,2025-10-05 10:53:38.0470000,2055,0,0,2026-09-21 08:42:14.6200000,53.358330,6.422220
2487359,"Gohrendorf",703,57,"32U","32U2H3S2Q",2,2026-09-21 08:42:18.2200000,0,785,0,2026-09-21 08:42:18.2200000,51.350000,11.666670
2583732,"Nijenklooster",2272,167,"32U","32U1H4S1Q",1,2025-08-29 18:12:36.2370000,3094,0,0,2026-09-21 08:42:21.0330000,53.375000,6.419440
2488124,"Nemsdorf",703,57,"32U","32U2H3S2Q",2,2026-09-21 08:42:35.6130000,0,886,316,2026-09-21 08:42:35.6130000,51.366670,11.666670
2487356,"Nemsdorf-Gohrendorf",703,57,"32U","32U2H3S2Q",2,2026-09-21 08:42:39.8200000,0,765,0,2026-09-21 08:42:39.8200000,51.350000,11.650000
2488905,"Weidenbach",703,57,"32U","32U2H3S2Q",3,,0,429,461,2026-09-21 08:42:45.5170000,51.383330,11.666670
2488902,"Lodersleben",703,57,"32U","32U2H3S2Q",2,2026-09-21 08:42:56.4370000,0,864,0,2026-09-21 08:42:56.4370000,51.383330,11.533330
2487351,"Landgrafroda",703,57,"32U","32U2H3S2Q",2,2026-09-21 08:43:06.6170000,0,426,0,2026-09-21 08:43:06.6170000,51.350000,11.433330
2569396,"Kirkby in Ashfield",979,77,"30U","30U1H6S1Q",3,2024-05-14 16:04:53.4000000,0,0,873232,2026-09-21 08:43:47.9500000,53.083330,-1.266670
1747531,"Hajiazui",595,48,"48S","48S1H4S4Q",2,2026-09-21 08:44:13.7230000,0,1275,0,2026-09-21 08:44:13.7230000,36.322500,103.584720
2502086,"Golbitz",703,57,"32U","32U2H3S2Q",1,2023-10-31 09:25:10.9570000,822,300,0,2026-09-21 08:44:14.9600000,51.666670,11.966670
1752616,"Liujiawan",595,48,"48S","48S1H4S4Q",2,2026-09-21 08:44:15.8470000,0,1275,0,2026-09-21 08:44:15.8470000,36.403610,103.604170
1755155,"Tuanzhuang",595,48,"48S","48S1H4S4Q",2,2026-09-21 08:44:18.1170000,0,1276,0,2026-09-21 08:44:18.1170000,36.446390,103.815830
1746239,"Shuifu",595,48,"48S","48S1H4S4Q",2,2026-09-21 08:44:20.1100000,0,1177,0,2026-09-21 08:44:20.1100000,36.301110,103.842220
2502087,"Reinsdorf",703,57,"32U","32U2H3S2Q",1,2023-10-31 09:08:44.6400000,2138,300,0,2026-09-21 08:44:21.0100000,51.666670,11.983330
1743285,"Yachuan",595,48,"48S","48S1H4S4Q",2,2026-09-21 08:44:22.2300000,0,1177,0,2026-09-21 08:44:22.2300000,36.251390,103.807220
1741823,"Zhonghe",595,48,"48S","48S1H4S4Q",2,2026-09-21 08:44:26.9800000,0,1177,0,2026-09-21 08:44:26.9800000,36.227220,103.800830
1736918,"Zhonghe",595,48,"48S","48S1H4S4Q",2,2026-09-21 08:44:29.2970000,0,1178,0,2026-09-21 08:44:29.2970000,36.149440,103.793060
1738810,"Huoshaoya",595,48,"48S","48S1H4S4Q",2,2026-09-21 08:44:31.1730000,0,1178,0,2026-09-21 08:44:31.1730000,36.179170,103.820000
1258800,"Wuli",592,48,"48R","48R2H3S3Q",2,2026-09-21 08:44:43.7670000,0,743,0,2026-09-21 08:44:43.7670000,26.383330,106.233330
1258801,"Gaofeng",592,48,"48R","48R2H3S3Q",2,2026-09-21 08:44:46.6230000,0,744,0,2026-09-21 08:44:46.6230000,26.383330,106.366670
1259369,"Machang",592,48,"48R","48R2H3S3Q",2,2026-09-21 08:44:50.3230000,0,744,0,2026-09-21 08:44:50.3230000,26.400000,106.450000
1260990,"Huchao",592,48,"48R","48R2H3S3Q",2,2026-09-21 08:44:53.2700000,0,744,0,2026-09-21 08:44:53.2700000,26.450000,106.500000
1258922,"Dangwu",592,48,"48R","48R2H3S3Q",2,2026-09-21 08:44:57.1800000,0,744,0,2026-09-21 08:44:57.1800000,26.387220,106.587220
1257048,"Qingyan",592,48,"48R","48R2H3S3Q",2,2026-09-21 08:45:00.5300000,0,744,0,2026-09-21 08:45:00.5300000,26.333330,106.666670
2512227,"Kutash",2713,192,"45U","45U2H2S1Q",1,2026-09-21 08:45:07.0730000,1200,0,0,2026-09-21 08:45:07.0730000,51.883330,86.133330
1257333,"Qiantao",592,48,"48R","48R2H3S3Q",2,2026-09-21 08:45:07.0830000,0,745,0,2026-09-21 08:45:07.0830000,26.341670,106.750000
1255760,"Gaopo",592,48,"48R","48R2H3S3Q",2,2026-09-21 08:45:09.0770000,0,745,0,2026-09-21 08:45:09.0770000,26.300000,106.816670
2512228,"Lisichkin",2713,192,"45U","45U2H2S1Q",1,2026-09-21 08:45:20.7900000,1200,0,0,2026-09-21 08:45:20.7900000,51.883330,86.500000
1648219,"Dongding",583,48,"49S","49S2H1S4Q",2,2026-09-21 08:45:25.9730000,0,903,0,2026-09-21 08:45:25.9730000,34.676860,109.319340
1652949,"Jianjiaochang",583,48,"49S","49S2H1S4Q",2,2026-09-21 08:45:30.7570000,0,903,0,2026-09-21 08:45:30.7570000,34.741650,109.255070
1812714,"Loyola Corners",3567,233,"10S","10S1H5S2Q",3,2013-07-18 01:01:24.5830000,517,0,1068115,2026-09-21 08:45:36.1370000,37.352160,-122.086070
1656180,"Huazhu",583,48,"49S","49S2H1S4Q",2,2026-09-21 08:45:37.7600000,0,902,0,2026-09-21 08:45:37.7600000,34.786010,109.195650
1813476,"Waverly Park",3567,233,"10S","10S1H5S2Q",3,2013-05-01 15:05:20.4630000,517,0,1507119,2026-09-21 08:45:39.9830000,37.366390,-122.071110
1659234,"Qiaoxi",583,48,"49S","49S2H1S4Q",2,2026-09-21 08:45:40.8300000,0,902,0,2026-09-21 08:45:40.8300000,34.828600,109.132600
1658846,"Qicun",583,48,"49S","49S2H1S4Q",2,2026-09-21 08:45:43.6870000,0,902,0,2026-09-21 08:45:43.6870000,34.822710,109.109440
1664033,"Fengkou",583,48,"49S","49S2H1S4Q",2,2026-09-21 08:45:47.6700000,0,902,0,2026-09-21 08:45:47.6700000,34.899380,109.090540
1666060,"Changbailing",583,48,"49S","49S2H1S4Q",2,2026-09-21 08:45:51.9630000,0,1094,0,2026-09-21 08:45:51.9670000,34.928560,109.125200
2512229,"Ust'-Uymen'",2713,192,"45U","45U2H2S1Q",1,2026-09-21 08:45:57.3600000,1200,0,0,2026-09-21 08:45:57.3600000,51.883330,86.966670
89475,"Ambodipolimosy",1878,143,"39K","39K1H4S2Q",2,2026-09-21 08:45:59.1830000,0,741,0,2026-09-21 08:45:59.1830000,-18.683330,49.100000
2512237,"Shiviya",2720,192,"50U","50U2H2S2Q",1,2026-09-21 08:46:00.9300000,1200,0,0,2026-09-21 08:46:00.9300000,51.883330,117.433330
2512241,"Novaya Ufa",2722,192,"52U","52U2H2S1Q",1,2026-09-21 08:46:09.3500000,1200,0,0,2026-09-21 08:46:09.3500000,51.883330,128.633330
89572,"Ambodivoatangena",1878,143,"39K","39K1H4S2Q",2,2026-09-21 08:46:19.4670000,0,741,0,2026-09-21 08:46:19.4670000,-18.666670,49.100000
1667349,"Xiaoyi Fang",583,48,"49S","49S2H1S3Q",2,2026-09-21 08:46:20.4900000,0,902,0,2026-09-21 08:46:20.4900000,34.948020,108.996010
89827,"Mahatera",1878,143,"39K","39K1H4S2Q",2,2026-09-21 08:46:21.3930000,0,741,0,2026-09-21 08:46:21.3970000,-18.633330,49.116670
89826,"Mahatera",1878,143,"39K","39K1H4S2Q",2,2026-09-21 08:46:25.4970000,0,741,0,2026-09-21 08:46:25.4970000,-18.633330,49.100000
1813929,"Cuernavaca",3567,233,"10S","10S1H5S2Q",3,2013-04-19 16:32:47.4270000,517,0,1205940,2026-09-21 08:46:32.0530000,37.371670,-122.062500
89825,"Berano",1878,143,"39K","39K1H4S2Q",2,2026-09-21 08:46:36.4600000,0,741,0,2026-09-21 08:46:36.4600000,-18.633330,49.050000
2561857,"Marston Montgomery",979,77,"30U","30U1H6S3Q",2,2026-04-01 02:07:24.6830000,0,707304,720,2026-09-21 08:46:57.1500000,52.933330,-1.783330
2528920,"Buscherheide",708,57,"32U","32U1H5S3Q",1,2026-09-21 08:47:17.6770000,846,0,0,2026-09-21 08:47:17.6770000,52.233330,8.416670
2528067,"Kottebrink",708,57,"32U","32U1H5S3Q",1,2026-09-21 08:47:24.4600000,695,0,0,2026-09-21 08:47:24.4600000,52.216670,8.416670
2530646,"Meesdorf",708,57,"32U","32U1H5S3Q",1,2026-09-21 08:47:31.4230000,827,0,0,2026-09-21 08:47:31.4230000,52.266670,8.416670
2529803,"Vor dem Walde",708,57,"32U","32U1H5S3Q",1,2026-09-21 08:47:39.0470000,762,0,0,2026-09-21 08:47:39.0470000,52.250000,8.400000
2687511,"Gorodok",2671,192,"37V","37V2H5S3Q",2,2026-04-17 04:15:23.2070000,0,101598,0,2026-09-21 08:47:48.8470000,56.216670,38.050000
138304,"Fagasa",126,11,"02L","02L2H5S2Q",2,2026-09-21 08:48:51.5900000,0,510,0,2026-09-21 08:48:51.5900000,-14.290830,-170.718610
138287,"Fagatele",126,11,"02L","02L2H5S2Q",2,2026-09-21 08:48:59.5500000,0,510,0,2026-09-21 08:48:59.5500000,-14.293330,-170.722780
137678,"Tafuna",123,11,"02L","02L2H5S2Q",2,2026-09-21 08:49:12.4100000,0,510,0,2026-09-21 08:49:12.4100000,-14.335830,-170.720000
137643,"Fogagogo",123,11,"02L","02L2H5S2Q",2,2026-09-21 08:49:13.7070000,0,510,0,2026-09-21 08:49:13.7070000,-14.342780,-170.722220
137419,"Vaitogi",123,11,"02L","02L2H5S2Q",2,2026-09-21 08:49:16.9030000,0,510,0,2026-09-21 08:49:16.9030000,-14.358890,-170.734720
137689,"Ottoville",123,11,"02L","02L2H5S2Q",2,2026-09-21 08:49:20.4330000,0,510,0,2026-09-21 08:49:20.4330000,-14.334720,-170.729720
2324355,"Perlach",715,57,"32U","32U2H6S4Q",2,2018-04-27 04:59:14.4500000,0,1160256,0,2026-09-21 08:49:22.8130000,48.099520,11.627830
137852,"Tafunafou",123,11,"02L","02L2H5S2Q",2,2026-09-21 08:49:23.1300000,0,510,0,2026-09-21 08:49:23.1300000,-14.329170,-170.730830
137869,"Lepine",123,11,"02L","02L2H5S2Q",3,2019-09-18 03:39:41.9800000,0,467,1140,2026-09-21 08:49:26.6130000,-14.323890,-170.727780
137878,"Malaeimi",123,11,"02L","02L2H5S2Q",2,2026-09-21 08:50:25.1430000,0,510,0,2026-09-21 08:50:25.1430000,-14.322780,-170.733890
2486355,"Sandford",979,77,"30U","30U2H2S2Q",3,2015-09-14 08:16:31.6770000,0,0,447481,2026-09-21 08:51:26.0270000,51.332280,-2.831220
2293759,"Vaux-le-Moncelot",957,75,"31T","31T1H3S2Q",1,2018-10-03 11:33:00.4200000,12386,0,0,2026-09-21 08:52:16.5600000,47.471320,5.901550
2293218,"Frasne-le-Chateau",957,75,"31T","31T1H3S2Q",1,2018-10-03 10:02:56.9970000,11382,0,0,2026-09-21 08:52:21.1270000,47.465220,5.895660
2294061,"Fretigney-et-Velloreille",957,75,"31T","31T1H3S2Q",1,2018-10-03 11:34:48.1230000,21982,0,0,2026-09-21 08:52:24.2900000,47.483330,5.933330
2295219,"Les Grandes Baties",957,75,"31T","31T1H3S2Q",1,2018-09-27 18:14:32.7630000,13373,0,0,2026-09-21 08:52:28.2800000,47.503110,5.899160
2295328,"Les Baties",957,75,"31T","31T1H3S2Q",1,2018-09-27 18:14:18.0430000,13368,0,0,2026-09-21 08:52:32.8670000,47.507060,5.893470
2295480,"Les Petites Baties",957,75,"31T","31T1H3S2Q",1,2018-09-27 18:17:08.9330000,13844,0,0,2026-09-21 08:52:35.3900000,47.513480,5.886220
2296871,"Vezet",957,75,"31T","31T1H3S2Q",1,2018-06-27 11:56:26.8600000,13249,0,0,2026-09-21 08:52:39.0670000,47.537140,5.883620
2296826,"Le Pont-de-Planches",957,75,"31T","31T1H3S2Q",1,2023-03-30 05:44:39.8300000,14125,0,0,2026-09-21 08:52:42.0600000,47.535410,5.921690
137848,"Mapusaga",123,11,"02L","02L2H5S2Q",2,2026-09-21 08:53:20.5630000,0,510,0,2026-09-21 08:53:20.5630000,-14.330000,-170.743890
137836,"Faleniu",123,11,"02L","02L2H5S2Q",2,2026-09-21 08:53:34.7900000,0,510,0,2026-09-21 08:53:34.7900000,-14.332500,-170.744440
137839,"Mesepa",123,11,"02L","02L2H5S2Q",2,2026-09-21 08:53:40.2500000,0,510,0,2026-09-21 08:53:40.2500000,-14.331390,-170.744440
2297890,"Noidans-le-Ferroux",957,75,"31T","31T1H3S2Q",1,2024-03-05 17:36:20.3900000,24642,0,0,2026-09-21 08:53:57.9300000,47.566670,5.950000
12807,"Longueville",143,13,"56H","56H1H1S4Q",3,2017-03-30 21:11:18.5230000,0,627,1118816,2026-09-21 08:54:36.5030000,-33.832780,151.166390
90037,"Maroseranana",1878,143,"39K","39K1H4S2Q",2,2026-09-21 08:55:22.0130000,0,741,0,2026-09-21 08:55:22.0130000,-18.600000,49.016670
89571,"Sahanivena",1878,143,"39K","39K1H4S1Q",2,2026-09-21 08:55:25.7500000,0,741,0,2026-09-21 08:55:25.7500000,-18.666670,48.983330
89474,"Saharanana",1878,143,"39K","39K1H4S1Q",2,2026-09-21 08:55:29.0230000,0,741,0,2026-09-21 08:55:29.0230000,-18.683330,48.966670
89373,"Arora",1878,143,"39K","39K1H4S1Q",2,2026-09-21 08:55:32.4700000,0,741,0,2026-09-21 08:55:32.4700000,-18.700000,48.983330
89143,"Anivorano",1878,143,"39K","39K1H4S1Q",2,2026-09-21 08:55:35.6870000,0,741,0,2026-09-21 08:55:35.6870000,-18.733330,48.966670
89254,"Andapa",1878,143,"39K","39K1H4S1Q",2,2026-09-21 08:55:40.1600000,0,741,0,2026-09-21 08:55:40.1600000,-18.716670,48.966670
89046,"Sandraka",1878,143,"39K","39K1H4S1Q",2,2026-09-21 08:55:44.8770000,0,741,0,2026-09-21 08:55:44.8770000,-18.750000,48.916670
1742542,"Changchuanzi",595,48,"48S","48S1H4S4Q",2,2026-09-21 08:55:52.3000000,0,1178,0,2026-09-21 08:55:52.3000000,36.238890,103.910560
1748574,"Gaolan",595,48,"48S","48S1H4S4Q",2,2026-09-21 08:55:52.7530000,0,1177,0,2026-09-21 08:55:52.7530000,36.338890,103.943330
1752362,"Tulongchuan",595,48,"48S","48S1H4S4Q",2,2026-09-21 08:55:54.7030000,0,1277,0,2026-09-21 08:55:54.7030000,36.400000,103.966670
1742990,"Wenshan",595,48,"48S","48S1H4S4Q",2,2026-09-21 08:55:57.0600000,0,1178,0,2026-09-21 08:55:57.0600000,36.247780,103.972500
1737412,"Shichuan",595,48,"48S","48S1H5S3Q",2,2026-09-21 08:55:59.1130000,0,1179,0,2026-09-21 08:55:59.1130000,36.156670,104.005280
1731223,"Sangyuanzi",595,48,"48S","48S1H5S3Q",2,2026-09-21 08:56:01.0700000,0,1180,0,2026-09-21 08:56:01.0700000,36.051110,104.001390
1728960,"Jin'ai",595,48,"48S","48S1H5S3Q",2,2026-09-21 08:56:02.8470000,0,1181,0,2026-09-21 08:56:02.8470000,36.013610,104.094170
1725941,"Dingyuan",595,48,"48S","48S2H2S1Q",2,2026-09-21 08:56:04.9730000,0,1180,0,2026-09-21 08:56:04.9730000,35.964720,104.003330
799223,"Ban Rong Rakam",3167,218,"47P","47P1H5S4Q",1,2024-11-21 14:23:28.7500000,214682,19398,0,2026-09-21 08:56:05.2700000,12.866670,99.916670
89142,"Andekaleka",1878,143,"39K","39K1H4S1Q",2,2026-09-21 08:56:07.3870000,0,741,0,2026-09-21 08:56:07.3870000,-18.733330,48.950000
805370,"Ban Yang Hak",3167,218,"47P","47P1H5S2Q",2,2026-09-21 08:56:39.6330000,0,1200,0,2026-09-21 08:56:39.6330000,13.050000,99.733330
806574,"Ban Nong Ri",3167,218,"47P","47P1H5S2Q",2,2026-09-21 08:58:41.7270000,0,1200,0,2026-09-21 08:58:41.7270000,13.083330,99.733330
2677790,"Kirkliston",977,77,"30U","30U1H2S1Q",3,2026-03-15 10:49:01.0500000,0,0,439226,2026-09-21 08:59:40.2400000,55.950000,-3.400000
2677792,"Cramond Bridge",977,77,"30U","30U1H2S1Q",3,2026-09-08 23:30:01.4170000,0,0,35635,2026-09-21 09:00:01.8330000,55.950000,-3.300000
2677748,"West End",977,77,"30U","30U1H2S1Q",3,2025-08-19 17:30:24.5130000,0,0,88770,2026-09-21 09:00:14.8130000,55.948500,-3.214320
2677750,"Old Town",977,77,"30U","30U1H2S1Q",3,2026-08-23 22:23:12.6800000,0,0,4197,2026-09-21 09:00:24.1270000,55.948540,-3.194620
2677793,"Edinburgh",977,77,"30U","30U1H2S1Q",3,2025-05-30 08:36:49.7500000,0,0,758089,2026-09-21 09:00:33.6230000,55.950000,-3.200000
2554403,"Walton le Wolds",979,77,"30U","30U1H6S3Q",0,2026-09-21 09:00:49.2370000,0,0,0,2026-09-21 09:00:49.2370000,52.772030,-1.124210
2678150,"New Town",977,77,"30U","30U1H2S1Q",3,2025-08-19 17:29:50.5330000,0,0,348329,2026-09-21 09:00:49.2470000,55.954100,-3.197540
2556015,"Wymeswold",979,77,"30U","30U1H6S3Q",0,2026-09-21 09:00:57.8770000,0,0,0,2026-09-21 09:00:57.8770000,52.805360,-1.112880
2677630,"Duddingston",977,77,"30U","30U1H2S1Q",3,2026-06-25 01:58:32.7670000,0,0,3463,2026-09-21 09:01:00.5000000,55.941320,-3.145010
2677178,"Craigmillar",977,77,"30U","30U1H2S1Q",3,2026-06-25 01:58:48.3070000,0,0,3463,2026-09-21 09:01:06.7200000,55.932090,-3.141400
2677733,"Joppa",977,77,"30U","30U1H2S1Q",3,2025-08-19 17:31:13.3770000,0,0,5557,2026-09-21 09:01:26.2400000,55.947710,-3.090330
2512242,"Tayezhnoye",2722,192,"52U","52U2H2S1Q",1,2026-09-21 09:01:55.7730000,1200,0,0,2026-09-21 09:01:55.7730000,51.883330,128.666670
2512248,"Slyudyanka",2715,192,"44U","44U2H3S2Q",1,2026-09-21 09:02:06.0200000,1200,0,0,2026-09-21 09:02:06.0200000,51.883400,83.660000
2512261,"Kolganchik",2677,192,"37U","37U2H2S1Q",1,2026-09-21 09:02:15.5170000,1200,0,0,2026-09-21 09:02:15.5170000,51.883900,38.381940
2512281,"Berezovka",2646,192,"37U","37U2H3S1Q",1,2026-09-21 09:02:23.1370000,1200,0,0,2026-09-21 09:02:23.1370000,51.884720,40.923330
2522314,"Lindow",713,57,"33U","33U1H5S3Q",3,2026-09-18 16:51:23.9400000,0,0,11729,2026-09-21 09:02:23.8130000,52.100000,14.300000
2512296,"Poletayevo",2654,192,"37U","37U2H3S2Q",1,2026-09-21 09:02:30.0000000,1200,0,0,2026-09-21 09:02:30.0000000,51.885000,41.088610
89692,"Andraratranina",1878,143,"39K","39K1H4S1Q",2,2026-09-21 09:03:26.8530000,0,741,0,2026-09-21 09:03:26.8530000,-18.650000,48.933330
89823,"Gisimay",1878,143,"39K","39K1H4S1Q",2,2026-09-21 09:03:32.0500000,0,741,0,2026-09-21 09:03:32.0500000,-18.633330,48.966670
89824,"Ambodiriana",1878,143,"39K","39K1H4S1Q",2,2026-09-21 09:04:02.4570000,0,741,0,2026-09-21 09:04:02.4570000,-18.633330,48.983330
1722491,"Agan",595,48,"48S","48S2H1S2Q",2,2026-09-21 09:04:07.5870000,0,892,0,2026-09-21 09:04:07.5870000,35.908060,103.845000
1718690,"Yuzhong",595,48,"48S","48S2H2S1Q",2,2026-09-21 09:04:15.7070000,0,1182,0,2026-09-21 09:04:15.7070000,35.842780,104.112500
1712454,"Shangzhuang",595,48,"48S","48S2H2S1Q",2,2026-09-21 09:04:17.2030000,0,1282,0,2026-09-21 09:04:17.2030000,35.733610,104.064440
1710711,"Xinying",595,48,"48S","48S2H2S1Q",2,2026-09-21 09:04:19.1670000,0,1283,0,2026-09-21 09:04:19.1670000,35.703890,104.178330
1716137,"Gancaodian",595,48,"48S","48S2H2S1Q",2,2026-09-21 09:04:21.1470000,0,1283,0,2026-09-21 09:04:21.1470000,35.798890,104.284170
1733114,"Liangping",595,48,"48S","48S1H5S3Q",2,2026-09-21 09:04:24.9800000,0,1181,0,2026-09-21 09:04:24.9800000,36.084170,104.256670
1736287,"Haxian",595,48,"48S","48S1H5S3Q",2,2026-09-21 09:04:28.0000000,0,1181,0,2026-09-21 09:04:28.0000000,36.138060,104.340280
2677639,"Musselburgh",977,77,"30U","30U1H2S1Q",3,2026-06-16 16:08:38.6630000,0,0,3974,2026-09-21 09:04:55.0970000,55.941700,-3.049910
1672935,"Anli",583,48,"49S","49S2H1S1Q",2,2026-09-21 09:04:59.8430000,0,901,0,2026-09-21 09:04:59.8430000,35.032780,108.883890
1680659,"Miaowan",583,48,"49S","49S2H1S1Q",2,2026-09-21 09:05:02.6670000,0,901,0,2026-09-21 09:05:02.6670000,35.160560,108.770830
1687052,"Malanzhen",583,48,"49S","49S2H1S1Q",2,2026-09-21 09:05:08.4870000,0,900,0,2026-09-21 09:05:08.4870000,35.273890,108.643330
1694087,"Qiutou",595,48,"49S","49S2H1S1Q",2,2026-09-21 09:05:11.0970000,0,900,0,2026-09-21 09:05:11.0970000,35.403060,108.464170
1700465,"Yuebei",595,48,"49S","49S2H1S1Q",2,2026-09-21 09:05:15.7870000,0,900,0,2026-09-21 09:05:15.7870000,35.528330,108.405000
1707639,"Jincun",595,48,"49S","49S2H1S1Q",2,2026-09-21 09:05:19.3730000,0,900,0,2026-09-21 09:05:19.3730000,35.650280,108.291390
1804999,"Monte Sereno",3567,233,"10S","10S1H6S1Q",1,2025-02-01 16:19:18.7570000,1176033,0,0,2026-09-21 09:05:29.2970000,37.236330,-121.992460
1256436,"Yanlou",592,48,"48R","48R2H3S3Q",2,2026-09-21 09:05:40.4600000,0,744,0,2026-09-21 09:05:40.4600000,26.316670,106.608330
1256435,"Linka",592,48,"48R","48R2H3S3Q",2,2026-09-21 09:05:43.8170000,0,744,0,2026-09-21 09:05:43.8170000,26.316670,106.533330
1258228,"Daba",592,48,"48R","48R2H3S3Q",2,2026-09-21 09:05:46.3700000,0,744,0,2026-09-21 09:05:46.3700000,26.366670,106.450000
1255759,"Malu",592,48,"48R","48R2H3S3Q",2,2026-09-21 09:05:49.4900000,0,744,0,2026-09-21 09:05:49.4900000,26.300000,106.433330
1255081,"Kaizuo",592,48,"48R","48R2H3S3Q",2,2026-09-21 09:05:52.7870000,0,744,0,2026-09-21 09:05:52.7870000,26.283330,106.433330
1255373,"Huolong",592,48,"48R","48R2H3S3Q",2,2026-09-21 09:05:55.7430000,0,744,0,2026-09-21 09:05:55.7430000,26.291670,106.400000
1257047,"Yangchang",592,48,"48R","48R2H3S3Q",2,2026-09-21 09:05:59.3670000,0,744,0,2026-09-21 09:05:59.3670000,26.333330,106.325000
2529805,"Lohlingdorf",708,57,"32U","32U1H5S3Q",1,2026-09-21 09:06:44.8470000,762,0,0,2026-09-21 09:06:44.8470000,52.250000,8.416670
2529806,"Hofen",708,57,"32U","32U1H5S3Q",1,2026-09-21 09:06:48.8430000,847,0,0,2026-09-21 09:06:48.8430000,52.250000,8.433330
2529808,"Linken",708,57,"32U","32U1H5S3Q",1,2026-09-21 09:06:52.0470000,847,0,0,2026-09-21 09:06:52.0470000,52.250000,8.450000
2528923,"Im Busch",707,57,"32U","32U1H5S3Q",1,2026-09-21 09:07:02.4270000,847,0,0,2026-09-21 09:07:02.4270000,52.233330,8.466670
2528069,"Auf der Quabbenstrasse",708,57,"32U","32U1H5S3Q",1,2026-09-21 09:07:05.8470000,807,0,0,2026-09-21 09:07:05.8470000,52.216670,8.433330
2297033,"Schussellehen",129,12,"32T","32T1H2S2Q",3,2024-10-08 12:03:29.9400000,0,0,20763,2026-09-21 09:08:15.9270000,47.544720,9.797220
2527722,"Siedlung Steinbrink",708,57,"32U","32U1H5S3Q",1,2026-09-21 09:11:47.6930000,847,0,0,2026-09-21 09:11:47.6930000,52.207960,8.444750
2528072,"Westkilver",707,57,"32U","32U1H5S3Q",1,2026-09-21 09:13:47.3570000,847,0,0,2026-09-21 09:13:47.3570000,52.216670,8.466670
807847,"Ban Tha Takhlo",3167,218,"47P","47P1H5S2Q",2,2026-09-21 09:13:49.7300000,0,1200,0,2026-09-21 09:13:49.7330000,13.116670,99.733330
1380797,"Boerne",3549,233,"14R","14R1H5S2Q",3,2013-04-28 02:03:12.2570000,0,0,4027321,2026-09-21 09:14:58.0300000,29.794660,-98.731970
2512312,"Gordenino",2654,192,"37U","37U2H3S2Q",1,2026-09-21 09:15:28.0830000,1200,0,0,2026-09-21 09:15:28.0830000,51.885560,41.136110
2512313,"Gramatukha",2722,192,"52U","52U2H2S1Q",1,2026-09-21 09:15:35.7170000,1200,0,0,2026-09-21 09:15:35.7170000,51.885560,128.729440
1732065,"Gongmajing",595,48,"48S","48S1H5S3Q",2,2026-09-21 09:15:38.1670000,0,1282,0,2026-09-21 09:15:38.1670000,36.066670,104.400000
2512316,"Lyutayevo",2715,192,"45U","45U2H1S1Q",1,2026-09-21 09:15:38.4470000,1200,0,0,2026-09-21 09:15:38.4470000,51.885700,84.423600
1747800,"Qingcheng",595,48,"48S","48S1H5S3Q",2,2026-09-21 09:15:42.0070000,0,1179,0,2026-09-21 09:15:42.0070000,36.327500,104.185830
1749521,"Jingoukou",595,48,"48S","48S1H5S3Q",2,2026-09-21 09:15:45.7630000,0,1179,0,2026-09-21 09:15:45.7630000,36.354440,104.215560
1750138,"Shuichuan",595,48,"48S","48S1H5S3Q",2,2026-09-21 09:15:47.5870000,0,1179,0,2026-09-21 09:15:47.5870000,36.365000,104.228610
1720636,"Lujiagou",595,48,"48S","48S2H2S1Q",2,2026-09-21 09:15:59.3630000,0,1285,0,2026-09-21 09:15:59.3630000,35.876940,104.605280
1711158,"Chankou",595,48,"48S","48S2H2S1Q",2,2026-09-21 09:16:01.3770000,0,1285,0,2026-09-21 09:16:01.3770000,35.712220,104.521940
1713721,"Xinji",595,48,"48S","48S2H2S1Q",2,2026-09-21 09:16:03.6700000,0,894,0,2026-09-21 09:16:03.6700000,35.756390,104.799720
1707757,"Lijiaping",595,48,"48S","48S2H2S1Q",2,2026-09-21 09:16:10.2470000,0,1285,0,2026-09-21 09:16:10.2500000,35.652780,104.360560
2512338,"Primorsk",2665,192,"40U","40U2H3S1Q",1,2026-09-21 09:18:33.2600000,1200,0,0,2026-09-21 09:18:33.2600000,51.886390,58.891390
2298682,"Vy-le-Ferroux",957,75,"31T","31T1H3S2Q",1,2023-01-03 00:48:50.9570000,13574,0,0,2026-09-21 09:19:03.9800000,47.583330,5.983330
2298683,"Raze",957,75,"32T","32T1H1S1Q",1,2023-01-02 23:37:27.6800000,21362,0,0,2026-09-21 09:19:04.8430000,47.583330,6.016670
2294815,"Grandvelle-et-le-Perrenot",957,75,"31T","31T1H3S2Q",1,2019-12-27 02:17:53.7300000,15971,0,0,2026-09-21 09:19:13.1500000,47.500000,5.983330
2294816,"Maizieres",957,75,"32T","32T1H1S1Q",1,2018-10-25 05:27:38.4400000,32446,0,0,2026-09-21 09:19:15.9970000,47.500000,6.016670
2293289,"Eguilley",957,75,"32T","32T1H1S1Q",1,2018-07-03 23:48:59.4670000,11606,0,0,2026-09-21 09:19:19.0730000,47.466670,6.000000
2293290,"Fondremand",957,75,"32T","32T1H1S1Q",1,2018-07-20 23:25:45.4600000,21591,0,0,2026-09-21 09:19:22.0170000,47.466670,6.033330
2292457,"Tresilley",957,75,"32T","32T1H1S1Q",1,2018-06-13 23:36:34.9970000,11894,0,0,2026-09-21 09:19:26.6800000,47.450000,6.033330
2292458,"Les Fontenis",957,75,"32T","32T1H1S1Q",1,2018-06-13 23:37:14.5330000,12144,0,0,2026-09-21 09:19:29.6700000,47.450000,6.066670
2556255,"Rempstone",979,77,"30U","30U1H6S3Q",0,2026-09-21 09:19:34.7500000,0,0,0,2026-09-21 09:19:34.7500000,52.814380,-1.146870
137462,"Ili`ili",123,11,"02L","02L2H5S2Q",2,2026-09-21 09:20:09.6600000,0,510,0,2026-09-21 09:20:09.6600000,-14.351670,-170.746940
137450,"Futiga",123,11,"02L","02L2H5S2Q",2,2026-09-21 09:20:12.6270000,0,510,0,2026-09-21 09:20:12.6270000,-14.353330,-170.754170
137651,"Pava`ia`i",123,11,"02L","02L2H5S2Q",2,2026-09-21 09:20:17.7300000,0,510,0,2026-09-21 09:20:17.7300000,-14.340830,-170.750830
137846,"Mapusagafou",123,11,"02L","02L2H5S2Q",2,2026-09-21 09:20:18.5700000,0,509,0,2026-09-21 09:20:18.5700000,-14.330560,-170.752780
137862,"Tafeta",123,11,"02L","02L2H5S2Q",2,2026-09-21 09:20:24.2800000,0,509,0,2026-09-21 09:20:24.2800000,-14.325560,-170.751670
90036,"Ambalakondro",1878,143,"39K","39K1H4S1Q",2,2026-09-21 09:20:30.9400000,0,741,0,2026-09-21 09:20:30.9400000,-18.600000,48.950000
137411,"Taputimu",123,11,"02L","02L2H5S2Q",2,2026-09-21 09:20:31.3230000,0,510,0,2026-09-21 09:20:31.3230000,-14.360280,-170.773060
137609,"Itu`au",123,11,"02L","02L2H5S2Q",2,2026-09-21 09:20:34.6970000,0,509,0,2026-09-21 09:20:34.6970000,-14.347780,-170.766390
90380,"Sahamamy",1878,143,"39K","39K1H4S1Q",2,2026-09-21 09:20:34.7270000,0,741,0,2026-09-21 09:20:34.7270000,-18.550000,48.966670
90580,"Sahananto",1878,143,"39K","39K1H4S1Q",2,2026-09-21 09:20:38.1900000,0,741,0,2026-09-21 09:20:38.1900000,-18.516670,48.966670
137612,"Malaeloa/Ituau",123,11,"02L","02L2H5S2Q",2,2026-09-21 09:20:38.8030000,0,509,0,2026-09-21 09:20:38.8030000,-14.347220,-170.767220
90381,"Andovokabe",1878,143,"39K","39K1H4S2Q",2,2026-09-21 09:20:47.8370000,0,741,0,2026-09-21 09:20:47.8370000,-18.550000,49.016670
90269,"Androsalabo",1878,143,"39K","39K1H4S2Q",2,2026-09-21 09:20:54.9730000,0,741,0,2026-09-21 09:20:54.9730000,-18.566670,49.050000
90484,"Ambilamaina",1878,143,"39K","39K1H4S2Q",2,2026-09-21 09:21:01.2830000,0,741,0,2026-09-21 09:21:01.2830000,-18.533330,49.033330
2292459,"La Malachere",957,75,"32T","32T1H1S1Q",1,2018-06-13 23:37:29.7700000,14857,0,0,2026-09-21 09:24:15.8930000,47.450000,6.083330
90688,"Mankarana",1878,143,"39K","39K1H4S2Q",2,2026-09-21 09:24:22.2730000,0,741,0,2026-09-21 09:24:22.2730000,-18.500000,49.016670
90786,"Ambalatataka",1878,143,"39K","39K1H4S2Q",2,2026-09-21 09:24:25.4600000,0,741,0,2026-09-21 09:24:25.4600000,-18.483330,49.033330
2297228,"Geigers",129,12,"32T","32T1H2S2Q",3,2024-10-08 12:03:11.2670000,0,0,20844,2026-09-21 09:24:44.4470000,47.550000,9.800000
2555880,"Langley Priory",979,77,"30U","30U1H6S3Q",2,2026-09-21 09:25:17.4970000,0,1150,0,2026-09-21 09:25:17.4970000,52.800190,-1.356360
2553895,"Shepshed",979,77,"30U","30U1H6S3Q",2,2026-09-21 09:25:29.3270000,0,1150,0,2026-09-21 09:25:29.3270000,52.765700,-1.290210
2553159,"Smisby",979,77,"30U","30U1H6S3Q",2,2026-09-21 09:25:40.3800000,0,1150,0,2026-09-21 09:25:40.3800000,52.750000,-1.483330
1922749,"Sandhill",3563,233,"17S","17S1H2S1Q",1,2025-01-12 23:58:58.7100000,2356,0,0,2026-09-21 09:27:28.5670000,39.378960,-81.387620
1710040,"Gaoya",595,48,"48S","48S2H2S1Q",2,2026-09-21 09:27:29.5300000,0,1284,0,2026-09-21 09:27:29.5300000,35.693060,104.275560
1922447,"Reno",3563,233,"17S","17S1H2S1Q",1,2025-08-08 23:31:56.7700000,2053,0,0,2026-09-21 09:27:33.7730000,39.372850,-81.395670
1920621,"Waverly",3550,233,"17S","17S1H2S1Q",1,2025-01-12 23:59:06.4700000,2300,0,0,2026-09-21 09:27:39.2900000,39.338130,-81.379560
1716531,"Shangpu",595,48,"48S","48S2H1S2Q",2,2026-09-21 09:27:41.7970000,0,1180,0,2026-09-21 09:27:41.7970000,35.803890,103.754170
1707981,"Taishipu",595,48,"48S","48S2H1S2Q",2,2026-09-21 09:27:43.8300000,0,1281,0,2026-09-21 09:27:43.8300000,35.656670,103.746940
2681190,"West Kames",977,77,"30V","30V2H4S3Q",2,2026-09-21 09:27:58.9370000,0,902,0,2026-09-21 09:27:58.9370000,56.049610,-5.345190
1920744,"Elmwood Heights",3550,233,"17S","17S1H2S1Q",1,2025-08-08 20:39:42.2330000,2308,0,0,2026-09-21 09:28:05.0130000,39.340910,-81.427340
1920620,"Ponderosa",3550,233,"17S","17S1H2S1Q",1,2025-08-08 20:42:25.5000000,2308,0,0,2026-09-21 09:28:09.5370000,39.338130,-81.427060
1705331,"Xindian",595,48,"48S","48S2H1S2Q",2,2026-09-21 09:28:09.7470000,0,1282,0,2026-09-21 09:28:09.7470000,35.611390,103.780280
1716173,"Tangwangchuan",595,48,"48S","48S2H1S2Q",2,2026-09-21 09:28:16.3570000,0,1179,0,2026-09-21 09:28:16.3570000,35.799440,103.536110
1920564,"Brierwood",3550,233,"17S","17S1H2S1Q",1,2025-08-08 20:42:30.2430000,2308,0,0,2026-09-21 09:28:16.4130000,39.336740,-81.436790
2065959,"Olgiata",1377,110,"33T","33T2H1S3Q",3,2019-05-25 18:18:43.6170000,0,0,973938,2026-09-21 09:28:19.9930000,42.033330,12.366670
1920409,"Rolling Hills",3550,233,"17S","17S1H2S1Q",1,2025-08-08 20:42:48.3200000,2308,0,0,2026-09-21 09:28:22.6000000,39.333410,-81.441230
2546978,"Desford",979,77,"30U","30U1H6S3Q",0,2026-09-21 09:28:27.0700000,0,0,0,2026-09-21 09:28:27.0700000,52.616670,-1.283330
1920246,"Liberty Hills",3550,233,"17S","17S1H2S1Q",1,2025-08-08 20:42:53.2600000,2308,0,0,2026-09-21 09:28:27.5700000,39.332570,-81.437060
1919833,"Parkers Towne",3550,233,"17S","17S1H2S1Q",1,2025-08-08 20:42:57.7370000,2308,0,0,2026-09-21 09:28:35.8300000,39.322570,-81.444010
1574643,"Langaxie",595,48,"48S","48S2H5S1Q",2,2026-09-21 09:28:54.9700000,0,741,0,2026-09-21 09:28:54.9700000,33.572180,104.562810
1575306,"Suolai",595,48,"48S","48S2H5S1Q",2,2026-09-21 09:28:57.0800000,0,741,0,2026-09-21 09:28:57.0800000,33.583040,104.536330
1575574,"Shaba",595,48,"48S","48S2H5S1Q",2,2026-09-21 09:28:59.5130000,0,741,0,2026-09-21 09:28:59.5130000,33.586070,104.578100
1576119,"Luchuan",595,48,"48S","48S2H5S1Q",2,2026-09-21 09:29:01.2270000,0,741,0,2026-09-21 09:29:01.2270000,33.595180,104.575720
1711639,"Luobaozui",595,48,"49S","49S2H1S1Q",2,2026-09-21 09:29:15.5370000,0,899,0,2026-09-21 09:29:15.5370000,35.719440,108.203890
2549220,"Ibstock",979,77,"30U","30U1H6S3Q",0,2026-09-21 09:29:16.9700000,0,0,0,2026-09-21 09:29:16.9700000,52.666670,-1.400000
1718885,"Wuligouquan",595,48,"49S","49S2H1S1Q",2,2026-09-21 09:29:19.7500000,0,899,0,2026-09-21 09:29:19.7500000,35.846940,108.019170
2539873,"De Heul",2269,167,"31U","31U1H6S3Q",1,2019-05-17 19:06:47.2600000,474932,0,0,2026-09-21 09:29:21.5370000,52.457500,4.866670
2550844,"Ravenstone",979,77,"30U","30U1H6S3Q",0,2026-09-21 09:29:21.5770000,0,0,0,2026-09-21 09:29:21.5770000,52.700000,-1.400000
1725391,"Xinjiazhuang",595,48,"48S","48S2H3S2Q",2,2026-09-21 09:29:25.8470000,0,898,0,2026-09-21 09:29:25.8470000,35.955280,107.932220
2547698,"Twycross",979,77,"30U","30U1H6S3Q",0,2026-09-21 09:29:31.4170000,0,0,0,2026-09-21 09:29:31.4170000,52.633330,-1.500000
1730456,"Ejiaxianzi",595,48,"48S","48S1H6S4Q",2,2026-09-21 09:29:31.9930000,0,898,0,2026-09-21 09:29:31.9930000,36.038120,107.865600
1731085,"Lijiagounao",595,48,"48S","48S1H6S4Q",2,2026-09-21 09:29:34.4100000,0,898,0,2026-09-21 09:29:34.4100000,36.049600,107.857740
1730970,"Majiazui",595,48,"48S","48S1H6S4Q",2,2026-09-21 09:29:36.7330000,0,898,0,2026-09-21 09:29:36.7330000,36.047580,107.878800
1731571,"Liujiagoumen",595,48,"48S","48S1H6S4Q",2,2026-09-21 09:29:39.1530000,0,898,0,2026-09-21 09:29:39.1530000,36.057550,107.897930
1732372,"Jiajiaqiao",595,48,"48S","48S1H6S4Q",2,2026-09-21 09:29:41.6300000,0,898,0,2026-09-21 09:29:41.6300000,36.071810,107.886090
2550655,"Clifton Campville",979,77,"30U","30U1H6S3Q",0,2026-09-21 09:29:43.1370000,0,0,0,2026-09-21 09:29:43.1370000,52.694640,-1.628380
2543535,"Curdworth",979,77,"30U","30U1H6S3Q",0,2026-09-21 09:29:58.6800000,0,0,0,2026-09-21 09:29:58.6800000,52.533820,-1.736870
1257046,"Baiyun",592,48,"48R","48R2H3S3Q",2,2026-09-21 09:30:02.0270000,0,744,0,2026-09-21 09:30:02.0270000,26.333330,106.233330
2539049,"Bickenhill",979,77,"30U","30U1H6S3Q",0,2026-09-21 09:30:04.4700000,0,0,0,2026-09-21 09:30:04.4700000,52.439740,-1.725450
1256434,"Xiaojia",592,48,"48R","48R2H3S3Q",2,2026-09-21 09:30:06.1700000,0,744,0,2026-09-21 09:30:06.1700000,26.316670,106.200000
2539836,"Sheldon",979,77,"30U","30U1H6S3Q",0,2026-09-21 09:30:08.3600000,0,0,0,2026-09-21 09:30:08.3600000,52.455960,-1.782020
1255758,"Lutang",592,48,"48R","48R2H3S3Q",2,2026-09-21 09:30:12.4230000,0,917,0,2026-09-21 09:30:12.4230000,26.300000,106.241670
1254663,"Huangla",592,48,"48R","48R2H3S3Q",2,2026-09-21 09:30:16.6530000,0,917,0,2026-09-21 09:30:16.6530000,26.275000,106.233330
1254376,"Liuguan",592,48,"48R","48R2H3S3Q",2,2026-09-21 09:30:20.2600000,0,917,0,2026-09-21 09:30:20.2600000,26.266670,106.208330
1254664,"Longqing",592,48,"48R","48R2H3S3Q",2,2026-09-21 09:30:25.0500000,0,744,0,2026-09-21 09:30:25.0500000,26.275000,106.316670
1253732,"Jiuzhou",592,48,"48R","48R2H3S3Q",2,2026-09-21 09:30:31.0330000,0,917,0,2026-09-21 09:30:31.0330000,26.250000,106.133330
2541650,"Attleborough",979,77,"30U","30U1H6S3Q",0,2026-09-21 09:30:42.8630000,0,0,0,2026-09-21 09:30:42.8630000,52.500000,-1.450000
2540130,"Bulkington",979,77,"30U","30U1H6S3Q",0,2026-09-21 09:30:46.4770000,0,0,0,2026-09-21 09:30:46.4770000,52.466670,-1.416670
1253731,"Xiaguan",592,48,"48R","48R2H3S3Q",2,2026-09-21 09:30:46.5330000,0,917,0,2026-09-21 09:30:46.5330000,26.250000,106.058330
2540131,"Wibtoft",979,77,"30U","30U1H6S3Q",0,2026-09-21 09:30:52.7570000,0,0,0,2026-09-21 09:30:52.7570000,52.466670,-1.283330
2540900,"Claybrooke Parva",979,77,"30U","30U1H6S3Q",0,2026-09-21 09:30:57.1330000,0,0,0,2026-09-21 09:30:57.1330000,52.483330,-1.266670
2540133,"Gilmorton",979,77,"30U","30U1H6S3Q",0,2026-09-21 09:31:06.9770000,0,0,0,2026-09-21 09:31:06.9770000,52.466670,-1.150000
2543192,"Peatling Magna",979,77,"30U","30U1H6S3Q",0,2026-09-21 09:31:12.4430000,0,0,0,2026-09-21 09:31:12.4430000,52.533330,-1.116670
2548479,"Belgrave",979,77,"30U","30U1H6S3Q",0,2026-09-21 09:31:17.3530000,0,0,0,2026-09-21 09:31:17.3530000,52.650000,-1.116670
2547703,"Humberstone",979,77,"30U","30U1H6S3Q",0,2026-09-21 09:31:20.4470000,0,0,0,2026-09-21 09:31:20.4470000,52.633330,-1.066670
2544681,"Burton Overy",979,77,"30U","30U1H6S4Q",0,2026-09-21 09:31:36.3830000,0,0,0,2026-09-21 09:31:36.3830000,52.566670,-1.000000
2546236,"Oadby",979,77,"30U","30U1H6S3Q",0,2026-09-21 09:31:40.3670000,0,0,0,2026-09-21 09:31:40.3670000,52.600000,-1.083330
2540904,"Great Bowden",979,77,"30U","30U1H6S4Q",0,2026-09-21 09:31:46.5470000,0,0,0,2026-09-21 09:31:46.5470000,52.483330,-0.900000
2537043,"Harborough Magna",979,77,"30U","30U1H6S3Q",0,2026-09-21 09:32:10.7500000,0,0,0,2026-09-21 09:32:10.7500000,52.400000,-1.300000
2561858,"Great Cubley",979,77,"30U","30U1H6S3Q",2,2024-05-16 09:31:21.5430000,0,408427,0,2026-09-21 09:33:53.2370000,52.933330,-1.750000
2526405,"Bennien",708,57,"32U","32U1H5S3Q",1,2026-09-21 09:35:27.5830000,847,0,0,2026-09-21 09:35:27.5830000,52.183330,8.466670
2526404,"Sandhorst",708,57,"32U","32U1H5S3Q",1,2026-09-21 09:35:30.6300000,847,0,0,2026-09-21 09:35:30.6300000,52.183330,8.450000
1896745,"Ibiza Nueva",896,68,"31S","31S1H1S4Q",3,2026-08-31 11:00:02.6970000,600,42289,92899,2026-09-21 09:35:43.7700000,38.918420,1.444320
2527493,"Bruchmuhlen",708,57,"32U","32U1H5S3Q",1,2026-09-21 09:35:43.9730000,854,0,0,2026-09-21 09:35:43.9730000,52.200530,8.456000
91002,"Ambodimangaroa",1878,143,"39K","39K1H4S2Q",2,2026-09-21 09:42:34.2100000,0,741,0,2026-09-21 09:42:34.2100000,-18.450000,49.016670
91190,"Lahivola",1878,143,"39K","39K1H4S2Q",2,2026-09-21 09:42:40.0430000,0,741,0,2026-09-21 09:42:40.0430000,-18.416670,49.033330
91191,"Tanambe",1878,143,"39K","39K1H4S2Q",2,2026-09-21 09:42:43.5430000,0,741,0,2026-09-21 09:42:43.5430000,-18.416670,49.083330
91094,"Sahave",1878,143,"39K","39K1H4S2Q",2,2026-09-21 09:42:46.9000000,0,741,0,2026-09-21 09:42:46.9000000,-18.433330,49.100000
2512340,"Alekseyevskiy",2657,192,"38U","38U2H1S2Q",1,2026-09-21 09:42:52.4300000,1200,0,0,2026-09-21 09:42:52.4300000,51.886600,43.047300
91646,"Sahavango",1878,143,"39K","39K1H4S2Q",2,2026-09-21 09:42:52.6300000,0,741,0,2026-09-21 09:42:52.6300000,-18.350000,49.083330
91419,"Ambodirandroho",1878,143,"39K","39K1H4S2Q",2,2026-09-21 09:42:55.3630000,0,741,0,2026-09-21 09:42:55.3630000,-18.383330,49.116670
2512345,"Sergeyevka",2646,192,"37U","37U2H3S1Q",1,2026-09-21 09:42:58.7730000,1200,0,0,2026-09-21 09:42:58.7730000,51.886670,40.098060
90787,"Tanambaonitsaly",1878,143,"39K","39K1H4S2Q",2,2026-09-21 09:42:59.5570000,0,741,0,2026-09-21 09:42:59.5570000,-18.483330,49.083330
2512356,"Makhovatka",2646,192,"37U","37U2H2S1Q",1,2026-09-21 09:43:05.6130000,1200,0,0,2026-09-21 09:43:05.6130000,51.887220,38.527220
2512357,"Yantyshevo",2696,192,"40U","40U2H2S2Q",1,2026-09-21 09:43:13.0330000,1200,0,0,2026-09-21 09:43:13.0330000,51.887220,57.725830
2297663,"Ried",129,12,"32T","32T1H2S2Q",3,2025-08-27 21:39:56.6170000,0,0,21688,2026-09-21 09:43:40.4170000,47.557220,9.803060
2520220,"Czarnow",2440,180,"34U","34U1H5S4Q",1,2026-08-23 10:56:52.3070000,161610,0,0,2026-09-21 09:44:52.9730000,52.056290,21.097700
2512358,"Souzga",2713,192,"45U","45U2H1S2Q",1,2026-09-21 09:46:12.2070000,1200,0,0,2026-09-21 09:46:12.2070000,51.887220,85.849440
90689,"Seranantsara",1878,143,"39K","39K1H4S2Q",2,2026-09-21 09:46:15.5870000,0,741,0,2026-09-21 09:46:15.5870000,-18.500000,49.083330
137631,"Malaeloa",123,11,"02L","02L2H5S2Q",2,2026-09-21 09:48:31.3170000,0,509,0,2026-09-21 09:48:31.3170000,-14.344170,-170.767220
137635,"Malaeloa/Aitulagi",123,11,"02L","02L2H5S2Q",2,2026-09-21 09:48:46.0970000,0,509,0,2026-09-21 09:48:46.0970000,-14.343610,-170.768060
137601,"Puapua",123,11,"02L","02L2H5S2Q",2,2026-09-21 09:48:49.7170000,0,510,0,2026-09-21 09:48:49.7170000,-14.349170,-170.772500
137430,"Falili",123,11,"02L","02L2H5S2Q",2,2026-09-21 09:49:03.5170000,0,510,0,2026-09-21 09:49:03.5170000,-14.356390,-170.780000
137439,"Vailoatai",123,11,"02L","02L2H5S2Q",2,2026-09-21 09:49:08.5470000,0,765,0,2026-09-21 09:49:08.5470000,-14.355200,-170.783290
137445,"Sogi",123,11,"02L","02L2H5S2Q",2,2026-09-21 09:49:13.8700000,0,510,0,2026-09-21 09:49:13.8700000,-14.354170,-170.783610
137616,"Vaiala",123,11,"02L","02L2H5S2Q",2,2026-09-21 09:49:17.4500000,0,510,0,2026-09-21 09:49:17.4500000,-14.346110,-170.778610
137613,"Fagalele",123,11,"02L","02L2H5S2Q",2,2026-09-21 09:49:21.9070000,0,510,0,2026-09-21 09:49:21.9070000,-14.346670,-170.784440
137634,"Leone",123,11,"02L","02L2H5S2Q",2,2026-09-21 09:49:26.2900000,0,510,0,2026-09-21 09:49:26.2900000,-14.343890,-170.785000
2530585,"Stockton",979,77,"30U","30U1H6S3Q",0,2026-09-21 09:49:31.7200000,0,0,0,2026-09-21 09:49:31.7200000,52.266670,-1.350000
2531462,"Broadwell",979,77,"30U","30U1H6S3Q",0,2026-09-21 09:49:36.1000000,0,0,0,2026-09-21 09:49:36.1000000,52.283330,-1.333330
2531461,"Offchurch",979,77,"30U","30U1H6S3Q",0,2026-09-21 09:49:57.8900000,0,0,0,2026-09-21 09:49:57.8900000,52.283330,-1.466670
2533856,"Dunchurch",979,77,"30U","30U1H6S3Q",0,2026-09-21 09:50:13.4000000,0,0,0,2026-09-21 09:50:13.4000000,52.333330,-1.283330
90485,"Marofody",1878,143,"39K","39K1H4S2Q",2,2026-09-21 09:52:32.8470000,0,741,0,2026-09-21 09:52:32.8470000,-18.533330,49.116670
90038,"Ambinanynony",1878,143,"39K","39K1H4S2Q",2,2026-09-21 09:52:37.3200000,0,741,0,2026-09-21 09:52:37.3200000,-18.600000,49.116670
90272,"Tonandava",1878,143,"39K","39K1H4S2Q",2,2026-09-21 09:52:44.8730000,0,741,0,2026-09-21 09:52:44.8730000,-18.566670,49.133330
2512378,"Fedorinka",2677,192,"37U","37U2H1S2Q",1,2026-09-21 09:52:45.0000000,1200,0,0,2026-09-21 09:52:45.0000000,51.888060,37.731390
2512381,"Dolgomakhovatka",2646,192,"37U","37U2H2S1Q",1,2026-09-21 09:53:39.9170000,1200,0,0,2026-09-21 09:53:39.9170000,51.888200,38.514120
2512392,"Cheremisinovo",2677,192,"37U","37U2H1S2Q",1,2026-09-21 09:53:42.3130000,1200,0,0,2026-09-21 09:53:42.3130000,51.888770,37.263670
2512400,"Yefremovka",2677,192,"37U","37U2H1S2Q",1,2026-09-21 09:53:44.4600000,1200,0,0,2026-09-21 09:53:44.4600000,51.889120,37.298600
2512404,"Sof'ino",2657,192,"38U","38U2H3S1Q",1,2026-09-21 09:53:49.7370000,1200,0,0,2026-09-21 09:53:49.7370000,51.889170,46.477500
2064747,"Cappadocia",1382,110,"33T","33T2H1S4Q",1,2026-09-12 22:57:47.8500000,7671,0,1500,2026-09-21 09:56:15.1330000,42.006530,13.279990
90271,"Vatomaina",1878,143,"39K","39K1H4S2Q",2,2026-09-21 09:59:25.6830000,0,741,0,2026-09-21 09:59:25.6830000,-18.566670,49.116670
90581,"Vohitsara",1878,143,"39K","39K1H4S2Q",2,2026-09-21 09:59:27.2100000,0,741,0,2026-09-21 09:59:27.2100000,-18.516670,49.133330
137898,"Aoloau",123,11,"02L","02L2H5S2Q",2,2026-09-21 10:01:42.5830000,0,509,0,2026-09-21 10:01:42.5830000,-14.319720,-170.770000
137899,"A`oloaufou",123,11,"02L","02L2H5S2Q",2,2026-09-21 10:01:46.5200000,0,509,0,2026-09-21 10:01:46.5200000,-14.319720,-170.767780
137894,"A`asufou",123,11,"02L","02L2H5S2Q",2,2026-09-21 10:01:49.0930000,0,509,0,2026-09-21 10:01:49.0930000,-14.320280,-170.763890
2679541,"Dunbar",977,77,"30U","30U1H2S2Q",3,2025-12-27 21:02:32.8070000,0,0,19933,2026-09-21 10:01:51.6300000,56.000000,-2.516670
137903,"Tuaolo",123,11,"02L","02L2H5S2Q",2,2026-09-21 10:01:51.7000000,0,509,0,2026-09-21 10:01:51.7000000,-14.319440,-170.759170
2584391,"Molenrij",2272,167,"32U","32U1H4S1Q",1,2016-05-25 09:24:38.0500000,53883,0,0,2026-09-21 10:01:53.3130000,53.387500,6.405560
138268,"Aasu",123,11,"02L","02L2H5S2Q",2,2026-09-21 10:01:55.0830000,0,509,0,2026-09-21 10:01:55.0830000,-14.297500,-170.758330
2584370,"Kloosterburen",2272,167,"32U","32U1H4S1Q",1,2025-08-16 10:13:33.3430000,3190,0,0,2026-09-21 10:01:59.1400000,53.386670,6.391670
137650,"Auma",123,11,"02L","02L2H5S2Q",2,2026-09-21 10:02:04.7970000,0,510,0,2026-09-21 10:02:04.7970000,-14.340830,-170.786390
2584390,"Westerklooster",2272,167,"32U","32U1H4S1Q",1,2025-08-16 10:13:27.0730000,4604,0,0,2026-09-21 10:02:06.1730000,53.387500,6.383330
137662,"Amaluia",123,11,"02L","02L2H5S2Q",2,2026-09-21 10:02:09.3130000,0,510,0,2026-09-21 10:02:09.3130000,-14.338330,-170.791110
137681,"Asili",123,11,"02L","02L2H5S2Q",2,2026-09-21 10:02:12.5070000,0,510,0,2026-09-21 10:02:12.5100000,-14.335560,-170.795560
2584421,"Kruisweg",2272,167,"32U","32U1H4S1Q",1,2025-08-16 10:13:20.8570000,5674,0,0,2026-09-21 10:02:15.2630000,53.388330,6.375000
2584420,"Hornhuizen",2272,167,"32U","32U1H4S1Q",1,2025-08-16 10:13:13.5830000,3409,0,0,2026-09-21 10:02:20.8930000,53.388330,6.361110
2583066,"De Houw",2272,167,"32U","32U1H4S1Q",1,2025-08-16 10:13:06.2170000,3373,0,0,2026-09-21 10:02:28.6400000,53.362500,6.363890
2512405,"Antingan",2696,192,"40U","40U2H2S2Q",1,2026-09-21 10:02:34.4830000,1200,0,0,2026-09-21 10:02:34.4830000,51.889170,57.889170
2583236,"Klei",2272,167,"32U","32U1H4S1Q",1,2022-10-05 07:34:30.8470000,5025,0,0,2026-09-21 10:02:36.5130000,53.366670,6.344440
2512409,"Chernyy Otrog",2665,192,"40U","40U2H1S2Q",1,2026-09-21 10:02:40.2900000,1200,0,0,2026-09-21 10:02:40.2900000,51.889400,55.991000
2512412,"Bakala",2713,192,"45U","45U2H2S1Q",1,2026-09-21 10:02:43.1630000,1200,0,0,2026-09-21 10:02:43.1630000,51.889440,86.038610
2582984,"Ulrum",2272,167,"32U","32U1H4S1Q",1,2022-10-05 07:34:24.1630000,5020,0,0,2026-09-21 10:02:45.4000000,53.359170,6.333330
2512416,"Ushakovo",2677,192,"37U","37U2H2S1Q",1,2026-09-21 10:02:46.9570000,1200,0,0,2026-09-21 10:02:46.9600000,51.889720,38.357220
2512440,"Zolotovka",2657,192,"38U","38U2H3S2Q",1,2026-09-21 10:02:49.5570000,1200,0,0,2026-09-21 10:02:49.5570000,51.890400,47.154500
2582203,"Niekerk",2272,167,"32U","32U1H4S1Q",1,2016-05-25 09:07:00.9300000,5669,0,0,2026-09-21 10:02:53.2700000,53.343330,6.329170
2512456,"Veselaya",2654,192,"37U","37U2H3S1Q",1,2026-09-21 10:02:55.0930000,1200,0,0,2026-09-21 10:02:55.0930000,51.891100,40.980480
2512459,"Agarino",2677,192,"37U","37U2H2S1Q",1,2026-09-21 10:03:00.0200000,1200,0,0,2026-09-21 10:03:00.0200000,51.891110,38.411940
2512461,"V'yunkovka",2657,192,"38U","38U2H1S2Q",1,2026-09-21 10:03:07.1330000,1200,0,0,2026-09-21 10:03:07.1330000,51.891110,43.128330
2290954,"Traitiefontaine",957,75,"32T","32T1H1S1Q",1,2023-04-26 15:13:33.6930000,8136,0,0,2026-09-21 10:03:18.8470000,47.416670,6.100000
2289197,"Chambornay-les-Bellevaux",957,75,"32T","32T1H1S1Q",1,2018-10-21 06:39:35.0770000,6300,0,0,2026-09-21 10:03:22.2770000,47.383330,6.100000
2289198,"Aulx-les-Cromary",957,75,"32T","32T1H1S1Q",1,2018-10-08 14:21:31.9230000,6686,0,0,2026-09-21 10:03:24.8630000,47.383330,6.116670
2288408,"Thurey-le-Mont",957,75,"32T","32T1H1S1Q",1,2020-07-08 09:17:59.3370000,3387,0,0,2026-09-21 10:03:27.5900000,47.366670,6.116670
2290108,"Cirey",957,75,"32T","32T1H1S1Q",1,2018-10-27 13:26:14.2200000,7225,0,0,2026-09-21 10:03:30.6330000,47.400000,6.133330
2290109,"Vandelans",957,75,"32T","32T1H1S1Q",1,2017-05-15 22:06:54.5830000,7719,0,0,2026-09-21 10:03:33.8730000,47.400000,6.166670
2290110,"La Barre",957,75,"32T","32T1H1S1Q",1,2018-10-27 06:14:28.6100000,6960,0,0,2026-09-21 10:03:37.0930000,47.400000,6.183330
2289200,"Rigney",957,75,"32T","32T1H1S1Q",1,2018-10-26 15:51:06.2770000,3142,0,0,2026-09-21 10:03:39.9100000,47.383330,6.183330
2525597,"Siele",707,57,"32U","32U1H5S3Q",3,2025-04-17 15:05:57.8300000,0,0,1798,2026-09-21 10:04:07.3600000,52.166670,8.533330
2524755,"Herringerholz",707,57,"32U","32U1H5S3Q",3,2025-04-17 09:10:48.9400000,0,0,1802,2026-09-21 10:04:22.9870000,52.150000,8.583330
2297654,"Grossen",129,12,"32T","32T1H2S2Q",3,2024-10-13 07:58:30.3630000,0,0,24513,2026-09-21 10:06:03.4300000,47.556670,9.789440
90690,"Ambodisovoka",1878,143,"39K","39K1H4S2Q",2,2026-09-21 10:06:22.7170000,0,741,0,2026-09-21 10:06:22.7200000,-18.500000,49.133330
2544665,"Lower Penn",979,77,"30U","30U1H5S4Q",2,2021-04-27 17:24:39.4930000,0,60167,0,2026-09-21 10:07:29.4370000,52.566670,-2.200000
2537017,"Barston",979,77,"30U","30U1H6S3Q",2,2026-09-21 10:07:50.7430000,0,1150,0,2026-09-21 10:07:50.7430000,52.399910,-1.695500
2529735,"Southam",979,77,"30U","30U1H6S3Q",2,2026-09-21 10:08:05.3470000,0,846,0,2026-09-21 10:08:05.3470000,52.250000,-1.383330
2534643,"Bilton",979,77,"30U","30U1H6S3Q",2,2026-09-21 10:08:12.3830000,0,1150,0,2026-09-21 10:08:12.3830000,52.350000,-1.283330
2539340,"Lutterworth",979,77,"30U","30U1H6S3Q",2,2026-09-21 10:08:16.7300000,0,1150,0,2026-09-21 10:08:16.7300000,52.450000,-1.200000
2447511,"Odenhausen",710,57,"32U","32U2H2S3Q",2,2015-06-09 04:07:16.2500000,0,672230,0,2026-09-21 10:09:41.4570000,50.659470,8.889660
2533854,"Bubbenhall",979,77,"30U","30U1H6S3Q",0,2026-09-21 10:11:15.6900000,0,0,0,2026-09-21 10:11:15.6900000,52.333330,-1.466670
2538564,"Coundon",979,77,"30U","30U1H6S3Q",0,2026-09-21 10:11:27.7130000,0,0,0,2026-09-21 10:11:27.7130000,52.433330,-1.533330
2444108,"Wieseck",710,57,"32U","32U2H2S3Q",2,2021-05-01 21:18:42.0430000,0,66974,0,2026-09-21 10:11:31.4570000,50.600000,8.700000
2541652,"Ashby Magna",979,77,"30U","30U1H6S3Q",2,2026-09-21 10:11:32.1600000,0,1150,0,2026-09-21 10:11:32.1600000,52.500000,-1.166670
2548474,"Austrey",979,77,"30U","30U1H6S3Q",0,2026-09-21 10:11:43.2370000,0,0,0,2026-09-21 10:11:43.2370000,52.650000,-1.566670
2067033,"Pereto",1382,110,"33T","33T2H1S4Q",1,2026-09-12 22:57:40.0930000,39102,0,900,2026-09-21 10:12:30.3370000,42.058930,13.101390
2542414,"Saddington",979,77,"30U","30U1H6S3Q",2,2026-09-21 10:13:51.6670000,0,1150,0,2026-09-21 10:13:51.6670000,52.516670,-1.033330
2531617,"Bad Saarow",713,57,"33U","33U1H5S3Q",3,2026-09-18 18:42:55.9500000,0,0,11993,2026-09-21 10:16:33.3430000,52.283330,14.066670
2545338,"South Wigston",979,77,"30U","30U1H6S3Q",2,2026-09-21 10:17:58.1970000,0,1150,0,2026-09-21 10:17:58.1970000,52.580200,-1.132880
90788,"Ambodisovoka",1878,143,"39K","39K1H4S2Q",2,2026-09-21 10:19:00.7970000,0,741,0,2026-09-21 10:19:00.7970000,-18.483330,49.150000
90898,"Ampasimadinika",1878,143,"39K","39K1H4S2Q",2,2026-09-21 10:19:04.0430000,0,741,0,2026-09-21 10:19:04.0470000,-18.466670,49.133330
90691,"Marosoroka",1878,143,"39K","39K1H4S2Q",2,2026-09-21 10:19:07.6000000,0,741,0,2026-09-21 10:19:07.6000000,-18.500000,49.183330
2500507,"Plotz",703,57,"32U","32U2H3S2Q",1,2023-10-25 08:30:38.8800000,1551,600,77,2026-09-21 10:19:09.2270000,51.633330,11.933330
90582,"Sahane",1878,143,"39K","39K1H4S2Q",2,2026-09-21 10:19:10.8170000,0,741,0,2026-09-21 10:19:10.8170000,-18.516670,49.200000
2501298,"Cattau",703,57,"32U","32U2H3S2Q",2,2026-09-21 10:19:22.5470000,914,921,0,2026-09-21 10:19:22.5470000,51.650000,11.916670
90692,"Ambalahasina",1878,143,"39K","39K1H4S2Q",2,2026-09-21 10:19:23.9900000,0,741,0,2026-09-21 10:19:23.9900000,-18.500000,49.216670
90583,"Ambodiampaly",1878,143,"39K","39K1H4S2Q",2,2026-09-21 10:19:33.2830000,0,1482,0,2026-09-21 10:19:33.2830000,-18.516670,49.250000
2500506,"Lobejun",703,57,"32U","32U2H3S2Q",2,2026-09-21 10:19:34.2630000,0,765,0,2026-09-21 10:19:34.2630000,51.633330,11.900000
2498980,"Krosigk",703,57,"32U","32U2H3S2Q",2,2026-09-21 10:19:43.6030000,836,1026,0,2026-09-21 10:19:43.6030000,51.600000,11.933330
2498975,"Neutz",703,57,"32U","32U2H3S2Q",2,2026-09-21 10:19:53.3530000,0,415,17,2026-09-21 10:19:53.3530000,51.600000,11.833330
2498140,"Mucheln",703,57,"32U","32U2H3S2Q",3,,1290,300,2545,2026-09-21 10:19:58.1700000,51.583330,11.833330
2739747,"Kokorevo",2661,192,"35V","35V2H6S2Q",3,2026-09-21 10:20:15.3270000,0,418,3910,2026-09-21 10:20:22.4930000,57.821950,29.511550
2512462,"Akyulovo",2696,192,"40U","40U2H2S2Q",1,2026-09-21 10:20:24.3100000,1200,0,0,2026-09-21 10:20:24.3100000,51.891110,57.505280
2527224,"Vorderbruch",707,57,"32U","32U1H5S3Q",1,2026-09-21 10:21:11.6530000,847,0,0,2026-09-21 10:21:11.6530000,52.200000,8.500000
2161671,"Bardino Vecchio",1376,110,"32T","32T1H5S3Q",1,2016-05-31 19:17:27.4170000,6040668,0,0,2026-09-21 10:23:09.6500000,44.189130,8.272020
2272548,"Mortagne-sur-Sevre",949,75,"30T","30T1H3S4Q",1,2024-10-12 11:40:02.2200000,1053007,0,0,2026-09-21 10:26:10.8900000,47.000000,-0.950000
2654384,"Cloghfin",1262,102,"29U","29U1H3S1Q",1,2026-09-21 10:26:23.0100000,1119,0,0,2026-09-21 10:26:23.0100000,55.249170,-7.434720
2654975,"Dunaff",1262,102,"29U","29U1H3S1Q",1,2026-09-21 10:26:32.1770000,1114,0,0,2026-09-21 10:26:32.1770000,55.266670,-7.500000
2655497,"Falprobog",1262,102,"29U","29U1H3S1Q",1,2026-09-21 10:26:39.7800000,1113,0,0,2026-09-21 10:26:39.7800000,55.280830,-7.499170
2542820,"Himley",979,77,"30U","30U1H5S4Q",2,2026-07-25 19:33:49.8030000,0,57600,0,2026-09-21 10:26:43.6100000,52.519040,-2.181820
2550028,"Whittington",979,77,"30U","30U1H6S3Q",0,2026-09-21 10:26:51.9530000,0,0,0,2026-09-21 10:26:51.9530000,52.683330,-1.766670
2543188,"Lea Marston",979,77,"30U","30U1H6S3Q",0,2026-09-21 10:26:59.1670000,0,0,0,2026-09-21 10:26:59.1670000,52.533330,-1.700000
2297857,"Sattels",129,12,"32T","32T1H2S2Q",3,2025-09-14 22:48:27.4100000,0,0,21106,2026-09-21 10:27:16.2400000,47.566390,9.800830
2740682,"Demyanka",2661,192,"35V","35V2H6S2Q",3,2026-09-21 10:27:57.2700000,0,0,1014,2026-09-21 10:27:57.2700000,57.853140,29.548860
2738733,"Zapol'ye",2661,192,"35V","35V2H6S2Q",3,2026-09-21 10:28:04.5470000,0,0,1012,2026-09-21 10:28:04.5470000,57.792000,29.601120
2738345,"Polonoye",2661,192,"35V","35V2H6S2Q",3,2026-09-21 10:28:08.5070000,0,0,306,2026-09-21 10:28:08.5070000,57.780200,29.631990
2736665,"Frolovo",2661,192,"35V","35V2H6S2Q",3,2026-09-21 10:28:13.4030000,0,0,957,2026-09-21 10:28:13.4030000,57.721620,29.559730
2735764,"Trebekha",2661,192,"35V","35V2H6S2Q",3,2026-09-21 10:28:17.4770000,0,46,300,2026-09-21 10:28:17.4770000,57.695550,29.562870
2512506,"Studenovka",2646,192,"37U","37U2H3S1Q",1,2026-09-21 10:28:44.9470000,1200,0,0,2026-09-21 10:28:44.9470000,51.892500,40.677500
2512535,"Malaya Mikhaylovka",2646,192,"37U","37U2H3S1Q",1,2026-09-21 10:28:51.7970000,1200,0,0,2026-09-21 10:28:51.7970000,51.893990,40.025320
2512539,"Gnilusha",2646,192,"37U","37U2H3S1Q",1,2026-09-21 10:29:00.0530000,1200,0,0,2026-09-21 10:29:00.0530000,51.894110,40.516180
2512543,"Ryaski",2654,192,"37U","37U2H3S2Q",1,2026-09-21 10:29:08.4200000,1200,0,0,2026-09-21 10:29:08.4200000,51.894170,41.111390
2512555,"Proletariy",2677,192,"37U","37U2H1S2Q",1,2026-09-21 10:29:12.4330000,1200,0,0,2026-09-21 10:29:12.4330000,51.894720,37.782780
2512566,"Staraya Motovilovka",2657,192,"38U","38U2H2S2Q",1,2026-09-21 10:29:16.0100000,1200,0,0,2026-09-21 10:29:16.0100000,51.895000,45.291940
2512574,"Krasnyy",2677,192,"37U","37U2H1S2Q",1,2026-09-21 10:29:19.1000000,1200,0,0,2026-09-21 10:29:19.1000000,51.895280,37.715560
2512606,"Ol'khovka",2657,192,"38U","38U2H1S2Q",1,2026-09-21 10:29:22.2170000,1200,0,0,2026-09-21 10:29:22.2170000,51.896700,43.058600
2051462,"Tordera",909,68,"31T","31T2H5S1Q",3,2023-04-02 22:01:58.7230000,0,0,1017052,2026-09-21 10:31:34.7000000,41.699140,2.718880
2049993,"Palafolls",909,68,"31T","31T2H5S1Q",3,2023-05-04 14:00:29.6230000,0,0,1094951,2026-09-21 10:31:47.6670000,41.666670,2.750000
2049232,"Sant Genis de Palafolls",909,68,"31T","31T2H5S1Q",3,2022-05-03 14:02:36.3070000,0,0,925885,2026-09-21 10:34:31.3800000,41.650000,2.716670
2289224,"Busserach",510,43,"32T","32T1H1S2Q",2,2026-09-09 21:51:21.0170000,0,757669,0,2026-09-21 10:35:30.4900000,47.383330,7.533330
1595845,"Crystal Hills",3539,233,"17S","17S2H4S1Q",1,2013-09-27 01:38:21.3700000,771271,0,0,2026-09-21 10:36:23.7230000,33.907340,-83.417100
2525675,"Ahrensdorf",713,57,"33U","33U1H5S3Q",3,2026-09-18 19:39:24.5130000,0,0,12005,2026-09-21 10:36:24.8700000,52.166670,14.083330
2031844,"Annsville",3562,233,"18T","18T2H6S1Q",1,2026-09-21 10:37:35.5870000,960,0,0,2026-09-21 10:37:35.5870000,41.307590,-73.927920
2030832,"Jones Point",3562,233,"18T","18T2H6S1Q",1,2026-09-21 10:38:02.7700000,1362,0,0,2026-09-21 10:38:05.6800000,41.286200,-73.955970
90693,"Tanifotsy",1878,143,"39K","39K1H4S2Q",2,2026-09-21 10:39:27.5000000,46,300,0,2026-09-21 10:39:27.5000000,-18.500000,49.266670
90899,"Tampolo",1878,143,"39K","39K1H4S2Q",2,2026-09-21 10:39:34.4300000,0,741,0,2026-09-21 10:39:34.4300000,-18.466670,49.300000
91096,"Longoza",1878,143,"39K","39K1H4S2Q",2,2026-09-21 10:39:39.8600000,0,741,0,2026-09-21 10:39:39.8600000,-18.433330,49.250000
91004,"Antsirakambo",1878,143,"39K","39K1H4S2Q",2,2026-09-21 10:39:44.4970000,0,891,0,2026-09-21 10:39:44.4970000,-18.450000,49.216670
91003,"Tetezambato",1878,143,"39K","39K1H4S2Q",2,2026-09-21 10:40:00.1000000,0,741,0,2026-09-21 10:40:00.1000000,-18.450000,49.183330
2515945,"Uberems",707,57,"32U","32U2H2S1Q",3,2026-06-09 08:34:54.7370000,0,0,317362,2026-09-21 10:40:08.8130000,51.966670,8.166670
2450207,"Futvoie",255,20,"31U","31U2H3S4Q",1,2025-08-25 19:46:22.9400000,106691,0,0,2026-09-21 10:40:09.1500000,50.704610,5.661540
91095,"Tsaratampona",1878,143,"39K","39K1H4S2Q",2,2026-09-21 10:40:15.9600000,0,741,0,2026-09-21 10:40:15.9600000,-18.433330,49.133330
91192,"Ambarimilamba",1878,143,"39K","39K1H4S2Q",2,2026-09-21 10:40:19.6900000,0,741,0,2026-09-21 10:40:19.6900000,-18.416670,49.166670
91307,"Ampasimadinika-Manambolo",1878,143,"39K","39K1H4S2Q",2,2026-09-21 10:40:23.6070000,0,741,0,2026-09-21 10:40:23.6070000,-18.400000,49.150000
2734988,"Sokolikha",2661,192,"35V","35V2H6S2Q",3,2026-09-21 10:40:27.9300000,0,0,963,2026-09-21 10:40:27.9300000,57.667490,29.516780
2047694,"Calella",909,68,"31T","31T2H5S1Q",3,2021-09-18 17:36:47.0100000,0,0,1117546,2026-09-21 10:40:32.7070000,41.618020,2.667810
2734554,"Kozanogova",2661,192,"35V","35V2H6S2Q",3,2026-09-21 10:40:40.6530000,0,0,952,2026-09-21 10:40:40.6530000,57.652630,29.457560
2048019,"Pineda de Mar",909,68,"31T","31T2H5S1Q",3,2021-08-31 17:41:51.4300000,0,0,1728276,2026-09-21 10:40:42.0930000,41.627630,2.688900
2733376,"Yasno",2661,192,"35V","35V2H6S2Q",3,2026-09-21 10:40:49.3900000,0,0,936,2026-09-21 10:40:49.3900000,57.616340,29.473250
2733296,"Gorka",2661,192,"35V","35V2H6S2Q",3,2026-09-21 10:40:56.3270000,0,15,300,2026-09-21 10:40:56.3270000,57.612210,29.566670
2733341,"Buryaska",2661,192,"35V","35V2H6S2Q",3,2026-09-21 10:41:00.2400000,0,15,300,2026-09-21 10:41:00.2400000,57.614700,29.574080
2735050,"Bel'skoye Ust'ye",2661,192,"35V","35V2H6S2Q",3,2026-09-21 10:41:09.7400000,0,43,300,2026-09-21 10:41:09.7400000,57.670300,29.701980
137672,"Afao",123,11,"02L","02L2H5S2Q",2,2026-09-21 10:42:10.5500000,0,510,0,2026-09-21 10:42:10.5500000,-14.336670,-170.799170
2512615,"Karpovka",2677,192,"37U","37U2H1S2Q",1,2026-09-21 10:42:31.4130000,1200,0,0,2026-09-21 10:42:31.4130000,51.897150,37.787100
2512616,"Rogatovka",2646,192,"37U","37U2H3S1Q",1,2026-09-21 10:42:39.4200000,1200,0,0,2026-09-21 10:42:39.4200000,51.897220,40.806670
2512627,"Chernoyarovo",2665,192,"39U","39U2H3S1Q",1,2026-09-21 10:42:49.4170000,1200,0,0,2026-09-21 10:42:49.4170000,51.897780,52.681940
2512628,"Mikhaylovka",2665,192,"39U","39U2H3S2Q",1,2026-09-21 10:43:33.3930000,1200,0,0,2026-09-21 10:43:33.3930000,51.897780,53.405000
1920002,"Parish-Morris Subdivision",3550,233,"17S","17S1H2S1Q",1,2025-08-08 20:40:26.9730000,2308,0,0,2026-09-21 10:43:45.4100000,39.326460,-81.435950
2512632,"Plyasovatka",2646,192,"37U","37U2H3S1Q",1,2026-09-21 10:43:46.6400000,1200,0,0,2026-09-21 10:43:46.6400000,51.897940,40.112180
1920003,"Parmeta Crest",3550,233,"17S","17S1H2S1Q",1,2025-08-08 20:40:33.9030000,2308,0,0,2026-09-21 10:43:52.0000000,39.326460,-81.423180
2512633,"Sergeyevka",2677,192,"37U","37U2H1S2Q",1,2026-09-21 10:43:52.8000000,1200,0,0,2026-09-21 10:43:52.8000000,51.897970,37.990520
1918730,"Ogden",3550,233,"17S","17S1H2S1Q",1,2025-08-08 20:42:19.0170000,2308,0,0,2026-09-21 10:44:16.9830000,39.301740,-81.402060
1917448,"Tallyho",3550,233,"17S","17S1H2S1Q",1,2025-08-08 20:51:45.5970000,2307,0,0,2026-09-21 10:44:24.4170000,39.280910,-81.439560
1917550,"Doyle",3550,233,"17S","17S1H2S1Q",1,2025-08-08 20:51:51.5030000,2308,0,0,2026-09-21 10:44:28.9300000,39.282850,-81.375950
91308,"Ambalabe",1878,143,"39K","39K1H4S2Q",2,2026-09-21 10:44:32.4100000,0,741,0,2026-09-21 10:44:32.4100000,-18.400000,49.166670
1917909,"Boreman",3550,233,"17S","17S1H2S1Q",1,2025-08-08 20:51:20.5170000,2308,0,0,2026-09-21 10:44:35.1500000,39.287570,-81.476510
91193,"Sahafahitra",1878,143,"39K","39K1H4S2Q",2,2026-09-21 10:44:37.9200000,46,300,0,2026-09-21 10:44:37.9200000,-18.416670,49.200000
1922758,"Moore Junction",3563,233,"17S","17S1H2S1Q",1,2026-08-08 17:42:45.4430000,2376,0,0,2026-09-21 10:44:49.9700000,39.379240,-81.498460
1922229,"Riverview",3563,233,"17S","17S1H2S1Q",1,2026-08-08 17:42:38.0270000,2380,0,0,2026-09-21 10:44:54.6830000,39.367850,-81.533740
1921118,"Briscoe",3550,233,"17S","17S1H2S1Q",1,2025-08-08 20:23:56.9600000,2308,0,0,2026-09-21 10:45:00.7830000,39.349520,-81.532900
2297986,"Moggers",129,12,"32T","32T1H2S2Q",3,2024-10-08 10:39:10.4130000,0,0,20136,2026-09-21 10:46:13.8800000,47.566670,9.816670
2550032,"Thurcaston",979,77,"30U","30U1H6S3Q",2,2026-09-21 10:47:05.3200000,0,1150,0,2026-09-21 10:47:05.3200000,52.683330,-1.150000
2555536,"Willoughby on the Wolds",979,77,"30U","30U1H6S3Q",2,2026-09-21 10:47:19.3630000,0,1150,0,2026-09-21 10:47:19.3630000,52.800000,-1.050000
2539171,"North Kilworth",979,77,"30U","30U1H6S3Q",2,2026-09-21 10:47:36.5870000,0,1150,0,2026-09-21 10:47:36.5870000,52.444240,-1.095800
2498139,"Zaschwitz",703,57,"32U","32U2H3S2Q",2,2026-09-21 10:48:17.9130000,106,931,0,2026-09-21 10:48:17.9130000,51.583330,11.816670
2498137,"Johannashall",703,57,"32U","32U2H3S2Q",3,,0,661,1137,2026-09-21 10:48:23.6100000,51.583330,11.783330
2498136,"Trebitz",703,57,"32U","32U2H3S2Q",3,,0,657,1153,2026-09-21 10:48:35.2630000,51.583330,11.766670
2498974,"Schachtberg",703,57,"32U","32U2H3S2Q",2,2026-09-21 10:48:43.7230000,0,709,0,2026-09-21 10:48:43.7230000,51.600000,11.816670
1576698,"Xinzhai",595,48,"48S","48S2H5S1Q",2,2026-09-21 10:48:53.8900000,0,741,0,2026-09-21 10:48:53.8900000,33.603890,104.570220
1577864,"Liukou",595,48,"48S","48S2H5S1Q",2,2026-09-21 10:48:55.8930000,0,741,0,2026-09-21 10:48:55.8930000,33.623090,104.588250
1578092,"Shawan",595,48,"48S","48S2H5S1Q",2,2026-09-21 10:48:58.8100000,0,741,0,2026-09-21 10:48:58.8100000,33.627360,104.563700
2500509,"Mosthinsdorf",703,57,"33U","33U2H1S1Q",2,2026-09-21 10:49:00.4730000,0,624,0,2026-09-21 10:49:00.4730000,51.633330,12.033330
1577574,"Yayuan",595,48,"48S","48S2H5S1Q",2,2026-09-21 10:49:00.9400000,0,741,0,2026-09-21 10:49:00.9400000,33.617670,104.550640
1579631,"Laozhuangzi",595,48,"48S","48S2H5S1Q",2,2026-09-21 10:49:03.5100000,0,741,0,2026-09-21 10:49:03.5100000,33.651070,104.561850
1579599,"Dongjiazhuang",595,48,"48S","48S2H5S1Q",2,2026-09-21 10:49:05.4300000,0,741,0,2026-09-21 10:49:05.4300000,33.650230,104.544190
1579832,"Shanghouzi",595,48,"48S","48S2H5S1Q",2,2026-09-21 10:49:07.3800000,0,741,0,2026-09-21 10:49:07.3800000,33.654430,104.537560
1576608,"Duoyan",595,48,"48S","48S2H5S1Q",2,2026-09-21 10:49:09.4600000,0,741,0,2026-09-21 10:49:09.4600000,33.602290,104.527320
1732633,"Xuanma",595,48,"48S","48S1H6S4Q",2,2026-09-21 10:49:40.0830000,0,898,0,2026-09-21 10:49:40.0830000,36.076950,107.891250
1733403,"Si'ershan Yuanpan",595,48,"48S","48S1H6S4Q",2,2026-09-21 10:49:43.2830000,0,898,0,2026-09-21 10:49:43.2830000,36.089910,107.904370
1733862,"Xuanma",595,48,"48S","48S1H6S4Q",2,2026-09-21 10:49:46.3670000,0,898,0,2026-09-21 10:49:46.3670000,36.098390,107.883220
1732845,"Ma'aozi",595,48,"48S","48S1H6S4Q",2,2026-09-21 10:49:49.8830000,0,898,0,2026-09-21 10:49:49.8830000,36.080720,107.866690
1731956,"Lijiagounao",595,48,"48S","48S1H6S4Q",2,2026-09-21 10:49:53.4400000,0,898,0,2026-09-21 10:49:53.4400000,36.065190,107.850560
1730621,"Shiwulipu",595,48,"48S","48S1H6S4Q",2,2026-09-21 10:49:56.5170000,0,898,0,2026-09-21 10:49:56.5170000,36.041170,107.827570
1731203,"Qiaowan",595,48,"48S","48S1H6S4Q",2,2026-09-21 10:49:58.8100000,0,898,0,2026-09-21 10:49:58.8100000,36.050770,107.825230
1732588,"Fanjiamiao",595,48,"48S","48S1H6S4Q",2,2026-09-21 10:50:03.7370000,0,898,0,2026-09-21 10:50:03.7370000,36.075950,107.833280
1253098,"Huayandong",592,48,"48R","48R2H2S4Q",2,2026-09-21 10:50:09.7370000,0,917,0,2026-09-21 10:50:09.7370000,26.233330,105.950000
1256432,"Baiyan",592,48,"48R","48R2H2S4Q",2,2026-09-21 10:50:13.3100000,0,916,0,2026-09-21 10:50:13.3100000,26.316670,105.850000
1254375,"Weiqi",592,48,"48R","48R2H2S4Q",2,2026-09-21 10:50:16.7830000,0,916,0,2026-09-21 10:50:16.7830000,26.266670,105.816670
1254374,"Houzhai",592,48,"48R","48R2H2S4Q",2,2026-09-21 10:50:20.1400000,0,915,0,2026-09-21 10:50:20.1400000,26.266670,105.683330
1253729,"Shuimu",592,48,"48R","48R2H2S4Q",2,2026-09-21 10:50:23.4200000,0,915,0,2026-09-21 10:50:23.4200000,26.250000,105.633330
2540129,"Bedworth",979,77,"30U","30U1H6S3Q",0,2026-09-21 10:50:26.5000000,0,0,0,2026-09-21 10:50:26.5000000,52.466670,-1.466670
1253321,"Duobei",592,48,"48R","48R2H2S4Q",2,2026-09-21 10:50:27.2100000,0,915,0,2026-09-21 10:50:27.2100000,26.240560,105.573330
1253097,"Huachu",592,48,"48R","48R2H2S4Q",2,2026-09-21 10:50:30.4070000,0,915,0,2026-09-21 10:50:30.4070000,26.233330,105.633330
1252062,"Tianguan",592,48,"48R","48R2H2S4Q",2,2026-09-21 10:50:33.0000000,0,916,0,2026-09-21 10:50:33.0000000,26.208330,105.708330
1576916,"Baleng",595,48,"48S","48S2H5S1Q",2,2026-09-21 10:50:50.8970000,0,741,0,2026-09-21 10:50:50.8970000,33.607170,104.512900
2542782,"Over Whitacre",979,77,"30U","30U1H6S3Q",0,2026-09-21 10:50:52.8070000,0,0,0,2026-09-21 10:50:52.8070000,52.517530,-1.624520
2550021,"Brewood",979,77,"30U","30U1H5S4Q",2,2021-04-22 11:43:04.9900000,0,61427,0,2026-09-21 10:50:52.9870000,52.683330,-2.166670
2088251,"Pioggiola",958,75,"32T","32T2H2S4Q",2,2022-05-13 22:25:16.9770000,0,72242,0,2026-09-21 10:50:57.9730000,42.533330,9.000000
2552342,"Wychnor",979,77,"30U","30U1H6S3Q",0,2026-09-21 10:51:03.2030000,0,0,0,2026-09-21 10:51:03.2030000,52.733330,-1.733330
2547696,"Shenstone",979,77,"30U","30U1H6S3Q",0,2026-09-21 10:51:19.7130000,0,0,0,2026-09-21 10:51:19.7130000,52.633330,-1.833330
2635050,"Newtownabbey",978,77,"30U","30U1H1S3Q",1,2024-11-27 12:45:53.5630000,502500,0,0,2026-09-21 10:51:39.7100000,54.659830,-5.908580
2523168,"Leissnitz",713,57,"33U","33U1H5S3Q",3,2026-09-18 22:54:48.9900000,0,0,11864,2026-09-21 10:52:33.2430000,52.116670,14.216670
137675,"Fagamutu",123,11,"02L","02L2H5S2Q",2,2026-09-21 10:53:16.0600000,0,510,0,2026-09-21 10:53:16.0600000,-14.336110,-170.805000
137833,"Nua",123,11,"02L","02L2H5S2Q",2,2026-09-21 10:53:19.7630000,0,510,0,2026-09-21 10:53:19.7630000,-14.333060,-170.805830
137845,"Se`etaga",123,11,"02L","02L2H5S2Q",2,2026-09-21 10:53:23.1270000,0,510,0,2026-09-21 10:53:23.1270000,-14.330560,-170.810560
137697,"Utumea",123,11,"02L","02L2H5S2Q",2,2026-09-21 10:53:26.7370000,0,510,0,2026-09-21 10:53:26.7370000,-14.333610,-170.813890
137692,"Utumea West",123,11,"02L","02L2H5S2Q",2,2026-09-21 10:53:28.3830000,0,510,0,2026-09-21 10:53:28.3830000,-14.334170,-170.817220
137680,"Agugulu",123,11,"02L","02L2H5S2Q",2,2026-09-21 10:53:31.6570000,0,510,0,2026-09-21 10:53:31.6570000,-14.335560,-170.821670
1397180,"Dripping Springs",3549,233,"14R","14R1H2S4Q",2,2026-06-10 06:33:01.3830000,0,2022336,0,2026-09-21 10:53:32.1970000,30.190210,-98.086680
137696,"Failolo",123,11,"02L","02L2H5S2Q",2,2026-09-21 10:53:34.2670000,0,511,0,2026-09-21 10:53:34.2670000,-14.333610,-170.825830
137847,"`Amanave",123,11,"02L","02L2H5S2Q",2,2026-09-21 10:53:37.8470000,0,511,0,2026-09-21 10:53:37.8470000,-14.330000,-170.829440
2252714,"Harvey",3557,233,"16T","16T1H2S3Q",1,2012-08-06 01:18:15.5430000,731600,0,0,2026-09-21 10:54:03.5030000,46.491990,-87.351500
2672894,"Shchukino",2670,192,"37U","37U1H1S2Q",2,2022-05-15 14:10:32.2800000,0,1401372,0,2026-09-21 10:55:40.4430000,55.800000,37.450000
2582058,"Zoutkamp",2272,167,"32U","32U1H4S1Q",1,2022-11-13 08:05:02.1900000,12932,0,0,2026-09-21 10:58:52.8830000,53.339170,6.304170
2582433,"Midhalm",2272,167,"32U","32U1H4S1Q",1,2016-05-25 09:06:49.6070000,4495,0,0,2026-09-21 10:58:58.8800000,53.350000,6.300000
2583030,"Vierhuizen",2272,167,"32U","32U1H4S1Q",1,2014-03-18 07:36:55.3600000,12961,0,0,2026-09-21 10:59:05.8800000,53.360830,6.291670
1921058,"Constitution",3563,233,"17S","17S1H2S1Q",1,2025-08-08 20:23:53.7900000,2308,0,0,2026-09-21 10:59:16.0300000,39.348130,-81.554570
2585335,"Lauwersoog",2272,167,"32U","32U1H4S1Q",1,2022-10-04 09:44:24.0100000,862153,0,0,2026-09-21 10:59:19.0870000,53.407500,6.198610
1920938,"Central",3550,233,"17S","17S1H2S1Q",1,2025-08-08 20:24:00.4900000,2308,0,0,2026-09-21 10:59:24.9530000,39.345630,-81.522900
1920715,"Glenbrook",3550,233,"17S","17S1H2S1Q",1,2025-08-08 20:23:50.3970000,2308,0,0,2026-09-21 10:59:30.0130000,39.340350,-81.531240
2583847,"Oostmahorn",2274,167,"32U","32U1H4S1Q",1,2023-01-30 08:38:40.4830000,121219,0,0,2026-09-21 10:59:33.9030000,53.379130,6.159900
1920025,"Vienna",3550,233,"17S","17S1H2S1Q",1,2025-08-08 20:23:46.7970000,2308,0,0,2026-09-21 10:59:36.7870000,39.327020,-81.548460
2584002,"Abbewier",2274,167,"32U","32U1H4S1Q",1,2023-01-30 08:38:35.1900000,122059,0,0,2026-09-21 10:59:40.7670000,53.383330,6.150000
1919349,"Forest Hills",3550,233,"17S","17S1H2S1Q",1,2025-08-08 20:23:42.2270000,2308,0,0,2026-09-21 10:59:42.8900000,39.314800,-81.533180
2583235,"Stiem",2274,167,"32U","32U1H4S1Q",1,2023-01-30 08:38:46.7170000,119527,0,0,2026-09-21 10:59:47.6200000,53.366670,6.150000
1919566,"Woodland Heights",3550,233,"17S","17S1H2S1Q",1,2025-08-09 00:32:30.2770000,2308,0,0,2026-09-21 10:59:47.6900000,39.316740,-81.529010
1919430,"North Hills",3550,233,"17S","17S1H2S1Q",1,2025-08-08 21:10:17.7430000,2308,0,0,2026-09-21 10:59:53.0570000,39.316460,-81.512900
2582994,"Ezumazijl",2274,167,"32U","32U1H4S1Q",1,2023-01-30 11:09:26.0870000,116566,0,0,2026-09-21 10:59:53.8970000,53.359360,6.147710
2583234,"Teerd",2274,167,"32U","32U1H4S1Q",1,2023-01-31 07:53:39.1500000,11725,0,0,2026-09-21 10:59:59.5300000,53.366670,6.133330
1917972,"Beechwood",3550,233,"17S","17S1H2S1Q",1,2025-08-08 20:23:37.7730000,2308,0,0,2026-09-21 11:00:05.1830000,39.288960,-81.545960
91421,"Antsangambatomara",1878,143,"39K","39K1H4S2Q",2,2026-09-21 11:01:24.7300000,0,741,0,2026-09-21 11:01:24.7300000,-18.383330,49.200000
91540,"Ambodimanga",1878,143,"39K","39K1H4S2Q",2,2026-09-21 11:01:28.0800000,0,741,0,2026-09-21 11:01:28.0800000,-18.366670,49.150000
91647,"Ambinanitelo",1878,143,"39K","39K1H4S2Q",2,2026-09-21 11:01:30.8430000,0,741,0,2026-09-21 11:01:30.8430000,-18.350000,49.133330
91738,"Ambalafotaka",1878,143,"39K","39K1H4S2Q",2,2026-09-21 11:01:33.6930000,0,741,0,2026-09-21 11:01:33.6930000,-18.333330,49.133330
91921,"Mamolantanana",1878,143,"39K","39K1H4S2Q",2,2026-09-21 11:01:36.9900000,0,741,0,2026-09-21 11:01:36.9900000,-18.300000,49.183330
92034,"Marovato",1878,143,"39K","39K1H4S2Q",2,2026-09-21 11:01:40.1700000,0,741,0,2026-09-21 11:01:40.1700000,-18.283330,49.216670
91311,"Ankarefo",1878,143,"39K","39K1H4S2Q",2,2026-09-21 11:01:48.1100000,0,891,0,2026-09-21 11:01:48.1100000,-18.400000,49.333330
2065961,"Verrecchie",1382,110,"33T","33T2H1S4Q",1,2026-09-21 11:01:35.0700000,8998,0,0,2026-09-21 11:01:50.4900000,42.033330,13.233330
2673529,"Strogino",2670,192,"37U","37U1H1S2Q",2,2021-11-22 07:19:23.3070000,0,1357375,0,2026-09-21 11:02:05.3900000,55.818380,37.412240
2673983,"Spas",2670,192,"37U","37U1H1S2Q",2,2022-07-31 05:51:47.8800000,0,1379985,0,2026-09-21 11:02:11.2500000,55.833330,37.400000
2524752,"Klausheide",707,57,"32U","32U1H5S3Q",3,2026-09-21 11:02:14.2500000,0,0,800,2026-09-21 11:02:14.2500000,52.150000,8.516670
2674658,"Tushino",2670,192,"37U","37U1H1S2Q",2,2022-07-31 05:52:33.9700000,0,1342148,0,2026-09-21 11:02:19.1730000,55.853560,37.431050
2289201,"Rignosot",957,75,"32T","32T1H1S1Q",1,2024-07-11 04:13:24.7830000,4615,0,0,2026-09-21 11:05:20.5800000,47.383330,6.200000
2289202,"La Tour-de-Scay",957,75,"32T","32T1H1S1Q",1,2024-07-11 04:13:14.4300000,4590,0,0,2026-09-21 11:05:23.5000000,47.383330,6.233330
2288411,"Val-de-Roulans",957,75,"32T","32T1H1S1Q",1,2018-11-25 22:19:49.2230000,11718,0,0,2026-09-21 11:05:26.6830000,47.366670,6.266670
2289203,"La Breteniere",957,75,"32T","32T1H1S1Q",1,2018-10-15 20:08:16.2430000,11667,0,0,2026-09-21 11:05:29.4200000,47.383330,6.266670
2290111,"Cendrey",957,75,"32T","32T1H1S1Q",1,2024-07-11 04:13:11.1430000,6899,0,0,2026-09-21 11:05:32.8900000,47.400000,6.250000
2290958,"Larians-et-Munans",957,75,"32T","32T1H1S1Q",1,2018-11-25 22:19:13.6130000,4024,0,0,2026-09-21 11:05:38.6300000,47.416670,6.233330
2290960,"Ollans",957,75,"32T","32T1H1S1Q",1,2024-07-11 04:13:04.8000000,2293,0,0,2026-09-21 11:05:41.7770000,47.416670,6.250000
2297988,"Ebenschwand",715,57,"32T","32T1H2S2Q",3,2024-10-08 10:06:57.2300000,0,0,20748,2026-09-21 11:05:44.0400000,47.566670,9.833330
2555152,"Burton on the Wolds",979,77,"30U","30U1H6S3Q",2,2026-09-21 11:07:10.3000000,0,1150,0,2026-09-21 11:07:10.3000000,52.785740,-1.129880
2537040,"Spon End",979,77,"30U","30U1H6S3Q",2,2026-09-21 11:07:20.5000000,0,1150,0,2026-09-21 11:07:20.5000000,52.400000,-1.533330
2536776,"Canley",979,77,"30U","30U1H6S3Q",2,2026-09-21 11:07:25.0030000,0,1150,0,2026-09-21 11:07:25.0030000,52.391630,-1.558860
2540858,"Fillongley",979,77,"30U","30U1H6S3Q",2,2026-09-21 11:07:33.4400000,0,1150,0,2026-09-21 11:07:33.4400000,52.482520,-1.587270
2298410,"Newport Shores",3578,233,"10T","10T1H2S2Q",2,2013-02-21 05:10:23.5370000,0,1301742,0,2026-09-21 11:09:35.3230000,47.570660,-122.192340
1738859,"Dawson",3546,233,"15S","15S1H4S3Q",3,2013-12-01 23:20:28.6470000,0,0,4611626,2026-09-21 11:10:07.1870000,36.179820,-95.908600
2003203,"Lincoln",3559,233,"14T","14T2H6S4Q",2,2013-11-16 04:03:31.4300000,0,44381968,0,2026-09-21 11:10:07.2000000,40.800000,-96.666960
2237572,"Martigny-Combe",506,43,"32T","32T1H1S4Q",2,2026-09-15 12:53:32.2200000,0,100493,0,2026-09-21 11:11:07.7200000,46.078170,7.050990
1395341,"Second Corinth",3549,233,"14R","14R1H3S4Q",1,2013-10-22 05:21:54.5730000,17837622,0,0,2026-09-21 11:12:05.4930000,30.143270,-96.117460
2501313,"Rodgen",703,57,"33U","33U2H1S1Q",2,2026-09-21 11:12:42.5600000,0,911,0,2026-09-21 11:12:42.5600000,51.650000,12.183330
2058147,"Le Cerquete",1377,110,"33T","33T2H4S1Q",3,2019-02-12 12:55:00.4900000,0,0,1186458,2026-09-21 11:12:54.5630000,41.850000,12.266670
1577337,"Niduo",595,48,"48S","48S2H5S1Q",2,2026-09-21 11:14:06.8800000,0,741,0,2026-09-21 11:14:06.8800000,33.614660,104.506100
1732776,"Xi'ao",595,48,"48S","48S1H6S4Q",2,2026-09-21 11:14:09.9270000,0,898,0,2026-09-21 11:14:09.9270000,36.079480,107.816890
1252445,"Maguan",592,48,"48R","48R2H2S4Q",2,2026-09-21 11:14:12.4530000,0,916,0,2026-09-21 11:14:12.4530000,26.216670,105.766670
1578329,"Lasi",595,48,"48S","48S2H5S1Q",2,2026-09-21 11:14:12.7500000,0,741,0,2026-09-21 11:14:12.7500000,33.631520,104.511440
1734626,"Xinzhuang",595,48,"48S","48S1H6S4Q",2,2026-09-21 11:14:16.3700000,0,898,0,2026-09-21 11:14:16.3700000,36.110650,107.842180
1735047,"Baishuyuan",595,48,"48S","48S1H6S4Q",2,2026-09-21 11:14:20.0100000,0,898,0,2026-09-21 11:14:20.0100000,36.116770,107.847640
1735608,"Lijiadongpan",595,48,"48S","48S1H6S4Q",2,2026-09-21 11:14:22.1100000,0,898,0,2026-09-21 11:14:22.1100000,36.127350,107.847980
1734883,"Kongjiaqiao",595,48,"48S","48S1H6S4Q",2,2026-09-21 11:14:24.9070000,0,898,0,2026-09-21 11:14:24.9070000,36.115240,107.887200
1734898,"Yinjiaqiao",595,48,"48S","48S1H6S4Q",2,2026-09-21 11:14:28.4970000,0,898,0,2026-09-21 11:14:28.4970000,36.115530,107.893580
1735444,"Tongchuangoumen",595,48,"48S","48S1H6S4Q",2,2026-09-21 11:14:30.8100000,0,898,0,2026-09-21 11:14:30.8100000,36.124090,107.887470
1736123,"Zhangjiayuanpan",595,48,"48S","48S1H6S4Q",2,2026-09-21 11:14:33.4670000,0,898,0,2026-09-21 11:14:33.4670000,36.135220,107.880610
1251799,"Yuguan",592,48,"48R","48R2H2S4Q",2,2026-09-21 11:14:43.5200000,0,916,0,2026-09-21 11:14:43.5200000,26.200000,105.783330
1251800,"Xiaotun",592,48,"48R","48R2H2S4Q",2,2026-09-21 11:14:48.2930000,0,916,0,2026-09-21 11:14:48.2930000,26.200000,105.858330
1580377,"Qingshuizi",595,48,"48S","48S2H5S1Q",2,2026-09-21 11:14:52.9700000,0,741,0,2026-09-21 11:14:52.9700000,33.664040,104.512760
1252151,"Ninggu",592,48,"48R","48R2H2S4Q",2,2026-09-21 11:14:54.8030000,0,917,0,2026-09-21 11:14:54.8030000,26.211390,105.981390
1251210,"Caiguan",592,48,"48R","48R2H2S4Q",2,2026-09-21 11:14:57.7430000,0,917,0,2026-09-21 11:14:57.7430000,26.183330,105.950000
1250582,"Linshao",592,48,"48R","48R2H3S3Q",2,2026-09-21 11:15:15.5430000,0,917,0,2026-09-21 11:15:15.5430000,26.166670,106.025000
1581174,"Shimenping",595,48,"48S","48S2H5S1Q",2,2026-09-21 11:15:18.6700000,0,741,0,2026-09-21 11:15:18.6700000,33.677320,104.499710
1251801,"Longhui",592,48,"48R","48R2H3S3Q",2,2026-09-21 11:15:20.7970000,0,917,0,2026-09-21 11:15:20.7970000,26.200000,106.116670
1250583,"Shuangbao",592,48,"48R","48R2H3S3Q",2,2026-09-21 11:15:23.2770000,0,918,0,2026-09-21 11:15:23.2770000,26.166670,106.166670
2736116,"Turovo",2661,192,"35V","35V2H6S2Q",3,2026-09-21 11:15:30.7570000,0,0,1170,2026-09-21 11:15:30.7570000,57.704390,29.684340
1581916,"Lianghekou",595,48,"48S","48S2H5S1Q",2,2026-09-21 11:15:31.1000000,0,741,0,2026-09-21 11:15:31.1000000,33.689100,104.497090
2736683,"Malitino",2661,192,"35V","35V2H6S2Q",3,2026-09-21 11:15:32.3530000,0,34,300,2026-09-21 11:15:32.3530000,57.722280,29.664850
1581209,"Shimenpingshan",595,48,"48S","48S2H5S1Q",2,2026-09-21 11:15:33.9400000,0,741,0,2026-09-21 11:15:33.9400000,33.677880,104.481490
2736664,"Lipki",2661,192,"35V","35V2H6S2Q",3,2026-09-21 11:15:38.0300000,0,113,300,2026-09-21 11:15:38.0300000,57.721610,29.695060
2735958,"Malyye Slavnitsy",2661,192,"35V","35V2H6S2Q",3,2026-09-21 11:15:40.9600000,0,13,300,2026-09-21 11:15:40.9600000,57.700000,29.766670
1580789,"Shimengou",595,48,"48S","48S2H5S1Q",2,2026-09-21 11:15:41.8330000,0,741,0,2026-09-21 11:15:41.8330000,33.670030,104.487820
1579992,"Zhuxi",595,48,"48S","48S2H5S1Q",2,2026-09-21 11:15:43.4870000,0,741,0,2026-09-21 11:15:43.4870000,33.657560,104.474800
1578721,"Yinpo",595,48,"48S","48S2H5S1Q",2,2026-09-21 11:15:45.4070000,0,741,0,2026-09-21 11:15:45.4070000,33.636740,104.489770
2647761,"Dalton",979,77,"30U","30U1H3S1Q",3,2025-01-10 15:08:46.0230000,0,0,425972,2026-09-21 11:17:03.1470000,55.042830,-1.828620
2512638,"Kondrashovka",2657,192,"38U","38U2H2S1Q",1,2026-09-21 11:17:12.5500000,1200,0,0,2026-09-21 11:17:12.5500000,51.898100,44.154700
2512644,"Maylovo",2646,192,"37U","37U2H3S1Q",1,2026-09-21 11:17:27.0600000,1200,0,0,2026-09-21 11:17:27.0600000,51.898330,40.050830
1917927,"North Parkersburg",3550,233,"17S","17S1H2S1Q",1,2025-08-08 21:10:02.8730000,2308,0,0,2026-09-21 11:17:27.9900000,39.287850,-81.532900
2512649,"Zorkino",2657,192,"38U","38U2H3S2Q",1,2026-09-21 11:17:29.4700000,1200,0,0,2026-09-21 11:17:29.4700000,51.898600,47.174800
2512659,"Moyka",2657,192,"38U","38U2H1S2Q",1,2026-09-21 11:17:32.0100000,1200,0,0,2026-09-21 11:17:32.0100000,51.898890,43.770560
1918039,"Woodland Park",3550,233,"17S","17S1H2S1Q",1,2025-08-08 21:10:13.1230000,2308,0,0,2026-09-21 11:17:32.8300000,39.290350,-81.512070
1917796,"Worthington Meadows",3550,233,"17S","17S1H2S1Q",1,2025-08-08 21:10:25.4930000,2308,0,0,2026-09-21 11:17:39.0600000,39.284800,-81.507620
1917478,"Fairway Acres",3550,233,"17S","17S1H2S1Q",1,2025-08-08 21:10:08.4230000,2308,0,0,2026-09-21 11:17:43.6530000,39.281460,-81.511790
1917228,"Sunset Heights",3550,233,"17S","17S1H2S1Q",1,2025-08-08 21:10:30.3170000,2308,0,0,2026-09-21 11:17:50.8330000,39.276740,-81.502070
1916941,"Sunrise",3550,233,"17S","17S1H2S1Q",1,2025-08-08 21:10:36.4930000,2308,0,0,2026-09-21 11:17:57.9730000,39.270630,-81.503730
1916186,"Eastwood Addition",3550,233,"17S","17S1H2S1Q",1,2025-08-08 21:10:41.5630000,2308,0,0,2026-09-21 11:18:04.9200000,39.257850,-81.476230
1917313,"Riverside",3550,233,"17S","17S1H2S1Q",1,2025-08-08 21:35:48.3970000,2308,0,0,2026-09-21 11:18:32.2200000,39.278410,-81.558180
2518315,"Jessern",713,57,"33U","33U1H5S3Q",3,2026-09-18 23:08:43.2700000,0,0,12276,2026-09-21 11:18:32.3370000,52.016670,14.200000
2512663,"Platonovka",2646,192,"37U","37U2H3S1Q",1,2026-09-21 11:21:20.0300000,1200,0,0,2026-09-21 11:21:20.0300000,51.899030,40.834620
1769573,"Zion",3582,233,"16S","16S1H5S3Q",2,2023-11-26 04:58:00.3300000,0,91269,0,2026-09-21 11:22:22.6770000,36.677820,-87.295840
2532255,"Birdingbury",979,77,"30U","30U1H6S3Q",2,2026-09-21 11:24:38.3070000,0,1150,0,2026-09-21 11:24:38.3070000,52.300000,-1.366670
2534644,"Hillmorton",979,77,"30U","30U1H6S3Q",2,2026-09-21 11:24:46.4200000,0,1150,0,2026-09-21 11:24:46.4200000,52.350000,-1.216670
2547967,"Kirby Muxloe",979,77,"30U","30U1H6S3Q",2,2026-09-21 11:24:52.8100000,0,1150,0,2026-09-21 11:24:52.8100000,52.633380,-1.233220
1765700,"Del Monte Heights",3567,233,"10S","10S1H6S3Q",3,2026-08-22 22:41:20.6270000,0,0,384307,2026-09-21 11:25:48.7470000,36.611630,-121.832170
2512669,"Malyy Raskhod",2646,192,"37U","37U2H3S1Q",1,2026-09-21 11:28:08.7900000,1200,0,0,2026-09-21 11:28:08.7900000,51.899170,40.345280
2512678,"Malaya Troitskaya",2677,192,"37U","37U2H2S1Q",1,2026-09-21 11:28:12.6100000,1200,0,0,2026-09-21 11:28:12.6100000,51.899700,38.305390
2512974,"Malykhinka",2677,192,"37U","37U2H1S2Q",1,2026-09-21 11:28:16.3130000,1200,0,0,2026-09-21 11:28:16.3130000,51.900000,37.300000
2738143,"Dubrovo",2661,192,"35V","35V2H6S2Q",3,2026-09-21 11:28:15.1970000,0,0,2308,2026-09-21 11:28:17.0330000,57.770620,29.849490
2735811,"Shevnitsy",2661,192,"35V","35V2H6S2Q",3,2026-09-21 11:28:20.4370000,0,0,637,2026-09-21 11:28:20.4370000,57.697360,29.796530
2737100,"Glaskovo",2661,192,"35V","35V2H6S2Q",3,2026-09-21 11:28:26.1100000,0,0,655,2026-09-21 11:28:26.1100000,57.735140,29.866010
2297989,"Forst",715,57,"32T","32T1H2S2Q",3,2024-10-08 10:06:45.9500000,0,0,20765,2026-09-21 11:28:58.4770000,47.566670,9.850000
2512977,"Studenovka",2657,192,"38U","38U2H2S1Q",1,2026-09-21 11:29:56.2470000,1200,0,0,2026-09-21 11:29:56.2470000,51.900000,44.183330
2512978,"Novaya Zhukovka",2657,192,"38U","38U2H2S1Q",1,2026-09-21 11:30:10.5370000,1200,0,0,2026-09-21 11:30:10.5370000,51.900000,44.266670
2512979,"Dar'yevka",2657,192,"38U","38U2H2S2Q",1,2026-09-21 11:30:14.0570000,1200,0,0,2026-09-21 11:30:14.0570000,51.900000,45.200000
2512986,"Klevenskiy",2657,192,"39U","39U2H1S2Q",1,2026-09-21 11:30:17.2870000,1200,0,0,2026-09-21 11:30:17.2870000,51.900000,49.733330
2512987,"Poperechnyy",2657,192,"39U","39U2H2S1Q",1,2026-09-21 11:30:21.7000000,1200,0,0,2026-09-21 11:30:21.7000000,51.900000,50.116670
1858677,"Tommaso Natale",1363,110,"33S","33S1H1S4Q",2,2026-09-16 17:46:52.4170000,0,226031,0,2026-09-21 11:33:16.4030000,38.183330,13.283330
2072370,"Four Corners",3583,233,"18T","18T2H3S4Q",3,2026-07-24 16:53:57.3770000,0,0,740982,2026-09-21 11:33:25.9170000,42.185930,-72.348140
2736478,"Niva",2661,192,"35V","35V2H6S2Q",3,2026-09-21 11:34:52.9670000,0,0,643,2026-09-21 11:34:52.9670000,57.716670,29.900000
2438025,"Hasselbach",710,57,"32U","32U2H2S3Q",2,2019-02-12 04:57:26.8470000,0,668088,0,2026-09-21 11:37:58.1970000,50.483330,8.200000
1917289,"Barclay Acres",3563,233,"17S","17S1H2S1Q",1,2025-08-09 00:32:17.0930000,3415,0,0,2026-09-21 11:38:50.6030000,39.278000,-81.574000
91309,"Vohimanasa",1878,143,"39K","39K1H4S2Q",2,2026-09-21 11:38:50.8900000,0,741,0,2026-09-21 11:38:50.8900000,-18.400000,49.233330
91310,"Maroaomby",1878,143,"39K","39K1H4S2Q",2,2026-09-21 11:38:54.1430000,0,741,0,2026-09-21 11:38:54.1470000,-18.400000,49.250000
91422,"Manambolo",1878,143,"39K","39K1H4S2Q",2,2026-09-21 11:38:57.2930000,0,891,0,2026-09-21 11:38:57.2930000,-18.383330,49.266670
1917098,"Belpre",3563,233,"17S","17S1H2S1Q",1,2025-08-08 21:35:58.6070000,68385,0,0,2026-09-21 11:38:59.2200000,39.273960,-81.572900
91423,"Mahatsara",1878,143,"39K","39K1H4S2Q",2,2026-09-21 11:39:00.3500000,0,741,0,2026-09-21 11:39:00.3500000,-18.383330,49.283330
91648,"Maroseranana",1878,143,"39K","39K1H4S2Q",2,2026-09-21 11:39:03.5170000,0,741,0,2026-09-21 11:39:03.5170000,-18.350000,49.233330
1916408,"Blennerhassett Heights",3550,233,"17S","17S1H2S1Q",1,2025-08-09 01:40:41.3070000,2307,0,0,2026-09-21 11:39:06.5170000,39.262850,-81.594290
91739,"Ambodibonara",1878,143,"39K","39K1H4S2Q",2,2026-09-21 11:39:07.4770000,0,741,0,2026-09-21 11:39:07.4770000,-18.333330,49.250000
91922,"Ambodibonara",1878,143,"39K","39K1H4S2Q",2,2026-09-21 11:39:10.4900000,0,891,0,2026-09-21 11:39:10.4900000,-18.300000,49.233330
1916235,"Marrtown",3550,233,"17S","17S1H2S1Q",1,2025-08-09 01:40:48.6030000,2308,0,0,2026-09-21 11:39:11.3030000,39.258960,-81.582070
91923,"Manambatana",1878,143,"39K","39K1H4S2Q",2,2026-09-21 11:39:13.9230000,0,741,0,2026-09-21 11:39:13.9230000,-18.300000,49.250000
1915973,"Lauckport",3550,233,"17S","17S1H2S1Q",1,2025-08-08 21:36:05.9230000,2307,0,0,2026-09-21 11:39:19.9270000,39.253410,-81.570400
1916213,"Newport",3550,233,"17S","17S1H2S1Q",1,2025-08-08 21:36:20.6330000,2308,0,0,2026-09-21 11:39:24.7100000,39.258410,-81.561240
1915927,"Tavennersville",3550,233,"17S","17S1H2S1Q",1,2025-08-08 21:36:25.2100000,2308,0,0,2026-09-21 11:40:49.0800000,39.252300,-81.550400
1991541,"Congo",3550,233,"17T","17T2H5S4Q",3,2023-01-12 15:46:13.6500000,3600,0,55614,2026-09-21 11:41:19.8900000,40.608400,-80.635910
2113109,"Clockville",3562,233,"18T","18T2H2S1Q",1,2021-04-22 23:04:24.5070000,72599,0,0,2026-09-21 11:42:43.1970000,43.041730,-75.744630
1876733,"Foxfire Meadow",3537,233,"18S","18S1H2S3Q",1,2023-08-21 20:37:33.4000000,302002,0,0,2026-09-21 11:43:31.9400000,38.525670,-75.082960
91649,"Ampasimazava",1878,143,"39K","39K1H4S2Q",2,2026-09-21 11:43:38.6400000,0,741,0,2026-09-21 11:43:38.6400000,-18.350000,49.283330
91925,"Ambinaninkoro",1878,143,"39K","39K1H4S2Q",2,2026-09-21 11:43:43.4000000,0,891,0,2026-09-21 11:43:43.4000000,-18.300000,49.366670
1878451,"Bethany Village",3537,233,"18S","18S1H2S3Q",1,2026-06-23 17:18:39.3400000,2061,0,0,2026-09-21 11:43:45.4000000,38.559830,-75.058790
2615007,"Castle Howard",979,77,"30U","30U1H3S4Q",3,2025-09-09 18:21:19.6630000,0,0,13666,2026-09-21 11:45:55.6630000,54.121610,-0.905940
2297990,"Ablers",715,57,"32T","32T1H2S2Q",3,2024-10-08 09:26:33.4670000,0,0,20782,2026-09-21 11:50:25.1870000,47.566670,9.866670
2556332,"Ingestre",979,77,"30U","30U1H5S4Q",2,2010-01-01 00:00:00.0000000,0,68190,0,2026-09-21 11:52:03.3430000,52.816670,-2.033330
91650,"Andranomamikely",1878,143,"39K","39K1H4S2Q",2,2026-09-21 11:52:17.5200000,0,891,0,2026-09-21 11:52:17.5200000,-18.350000,49.316670
91740,"Marofinaritra",1878,143,"39K","39K1H4S2Q",2,2026-09-21 11:52:21.3570000,0,741,0,2026-09-21 11:52:21.3570000,-18.333330,49.316670
2512988,"Malaya Mar'yevka",2657,192,"39U","39U2H2S1Q",1,2026-09-21 11:52:25.6070000,1200,0,0,2026-09-21 11:52:25.6070000,51.900000,50.400000
91825,"Ampasindava",1878,143,"39K","39K1H4S2Q",2,2026-09-21 11:52:28.2670000,0,741,0,2026-09-21 11:52:28.2670000,-18.316670,49.300000
2512989,"Bol'shaya Mar'yevka",2657,192,"39U","39U2H2S1Q",1,2026-09-21 11:52:30.6500000,1200,0,0,2026-09-21 11:52:30.6500000,51.900000,50.433330
91924,"Ambavarano",1878,143,"39K","39K1H4S2Q",2,2026-09-21 11:52:31.2600000,0,741,0,2026-09-21 11:52:31.2600000,-18.300000,49.316670
2512990,"Samarkin",2665,192,"39U","39U2H2S2Q",1,2026-09-21 11:52:37.8800000,1200,0,0,2026-09-21 11:52:37.8800000,51.900000,51.216670
2512991,"Pervomayskiy",2665,192,"39U","39U2H2S2Q",1,2026-09-21 11:52:40.3530000,1200,0,0,2026-09-21 11:52:40.3530000,51.900000,51.666670
2512996,"Krinitsa",2665,192,"39U","39U2H3S2Q",1,2026-09-21 11:52:44.5300000,1200,0,0,2026-09-21 11:52:44.5300000,51.900000,53.200000
2513002,"Biktimirovo",2665,192,"40U","40U2H2S1Q",1,2026-09-21 11:52:47.2170000,1200,0,0,2026-09-21 11:52:47.2170000,51.900000,56.083330
1868600,"Floraville",3554,233,"15S","15S1H3S4Q",2,2026-09-21 11:58:07.7730000,34398,42896,0,2026-09-21 11:58:30.9370000,38.376440,-90.056220
92139,"Fanandrana",1878,143,"39K","39K1H4S2Q",2,2026-09-21 11:58:55.5000000,0,741,0,2026-09-21 11:58:55.5000000,-18.266670,49.266670
92140,"Ambodivoampeno",1878,143,"39K","39K1H4S2Q",2,2026-09-21 11:59:01.3230000,0,741,0,2026-09-21 11:59:01.3230000,-18.266670,49.316670
137886,"Poloa",123,11,"02L","02L2H5S2Q",2,2026-09-21 12:00:07.0600000,0,511,0,2026-09-21 12:00:07.0600000,-14.321670,-170.832780
2516850,"Mochow",713,57,"33U","33U2H2S1Q",3,2026-09-19 14:47:46.7670000,0,0,13021,2026-09-21 12:00:13.8470000,51.983330,14.200000
138061,"Fagali`i",123,11,"02L","02L2H5S2Q",2,2026-09-21 12:00:17.4300000,0,510,0,2026-09-21 12:00:17.4300000,-14.312220,-170.824720
138075,"Maloata",123,11,"02L","02L2H5S2Q",2,2026-09-21 12:00:27.1430000,0,510,0,2026-09-21 12:00:27.1430000,-14.309440,-170.814720
138107,"Fagamalo",123,11,"02L","02L2H5S2Q",2,2026-09-21 12:00:31.0430000,0,510,0,2026-09-21 12:00:31.0430000,-14.303610,-170.808890
1900152,"Cropley",3542,233,"18S","18S1H1S3Q",1,2016-09-22 23:06:01.8400000,145790,0,2103,2026-09-21 12:01:22.1400000,38.980110,-77.219980
1897906,"Wolf Trap",3585,233,"18S","18S1H1S3Q",1,2016-07-30 11:44:25.7070000,508694,0,85879,2026-09-21 12:01:31.1930000,38.940320,-77.285900
1897881,"Sun Valley",3585,233,"18S","18S1H1S3Q",1,2016-06-07 21:04:23.2130000,2309992,0,517,2026-09-21 12:01:42.6700000,38.939830,-77.286090
1898544,"Browns Mill",3585,233,"18S","18S1H1S3Q",1,2016-07-30 12:50:27.5830000,1015386,0,2005,2026-09-21 12:01:56.9600000,38.950940,-77.284150
2524748,"Nordspenge",707,57,"32U","32U1H5S3Q",3,2026-09-21 12:01:59.1070000,0,0,788,2026-09-21 12:01:59.1070000,52.150000,8.483330
2525595,"Huckerkreuz",707,57,"32U","32U1H5S3Q",3,2026-09-21 12:02:06.1100000,0,0,787,2026-09-21 12:02:06.1100000,52.166670,8.500000
1898542,"Reston",3585,233,"18S","18S1H1S3Q",1,2016-07-28 22:02:55.6300000,684159,0,517,2026-09-21 12:02:09.3300000,38.950890,-77.343860
2524749,"Griesenbruch",707,57,"32U","32U1H5S3Q",3,2026-09-21 12:02:10.6700000,0,0,1288,2026-09-21 12:02:10.6700000,52.150000,8.500000
1907994,"Burtonsville",3542,233,"18S","18S1H1S2Q",1,2015-03-30 14:03:52.7930000,94518,2766,517,2026-09-21 12:03:24.3630000,39.116050,-76.935050
2056603,"Focene",1377,110,"33T","33T2H4S1Q",3,2019-02-12 16:20:38.1900000,0,0,1373869,2026-09-21 12:04:39.2700000,41.813670,12.213540
92141,"Andranomamibolona",1878,143,"39K","39K1H4S2Q",2,2026-09-21 12:05:53.0000000,0,741,0,2026-09-21 12:05:53.0000000,-18.266670,49.333330
92237,"Mahatsara",1878,143,"39K","39K1H4S2Q",2,2026-09-21 12:06:00.1330000,0,741,0,2026-09-21 12:06:00.1330000,-18.250000,49.333330
92238,"Ambodisiny",1878,143,"39K","39K1H4S2Q",2,2026-09-21 12:06:03.5300000,0,741,0,2026-09-21 12:06:03.5300000,-18.250000,49.350000
2213742,"Spino d'Adda",1375,110,"32T","32T1H5S2Q",1,2025-09-29 19:40:18.6370000,11800,0,0,2026-09-21 12:06:36.2970000,45.398870,9.492260
2167448,"Felisio",1379,110,"32T","32T1H6S4Q",3,2026-09-01 00:50:01.0630000,1500,0,4385,2026-09-21 12:06:56.4670000,44.348930,11.867550
2739675,"Shchilinka-Karel'skaya",2661,192,"35V","35V2H6S2Q",3,2026-09-21 12:07:17.5300000,0,0,367,2026-09-21 12:07:17.5300000,57.818800,29.821610
2739272,"Dolzhitsy",2661,192,"35V","35V2H6S2Q",3,2026-09-21 12:07:20.7200000,0,0,364,2026-09-21 12:07:20.7200000,57.807600,29.848830
2740441,"Skugry",2661,192,"35V","35V2H6S2Q",3,2026-09-21 12:07:23.1570000,0,0,323,2026-09-21 12:07:23.1570000,57.848350,29.899170
2741154,"Grivki",2661,192,"35V","35V2H6S2Q",3,2026-09-21 12:07:27.0870000,0,0,322,2026-09-21 12:07:27.0870000,57.870110,29.975150
2741644,"Bessolovo",2661,192,"36V","36V2H4S1Q",3,2026-09-21 12:07:29.3370000,0,0,328,2026-09-21 12:07:29.3370000,57.887460,30.007490
2741287,"Zamoshki",2661,192,"36V","36V2H4S1Q",3,2026-09-21 12:07:31.9530000,0,0,325,2026-09-21 12:07:31.9530000,57.876340,30.034390
2741149,"Ramen'ye",2661,192,"36V","36V2H4S1Q",3,2026-09-21 12:07:34.3300000,0,0,322,2026-09-21 12:07:34.3300000,57.869880,30.025380
2739877,"Dno",2661,192,"35V","35V2H6S2Q",3,2026-09-21 12:07:37.2600000,0,0,317,2026-09-21 12:07:37.2600000,57.827720,29.963680
2513003,"Tuyembetka",2665,192,"40U","40U2H2S1Q",1,2026-09-21 12:09:30.5530000,1200,0,0,2026-09-21 12:09:30.5530000,51.900000,56.366670
2513004,"Oktyabr'skoye",2665,192,"40U","40U2H2S1Q",1,2026-09-21 12:09:35.4100000,1200,0,0,2026-09-21 12:09:35.4100000,51.900000,56.500000
2513005,"Bogorodskiy",2665,192,"40U","40U2H2S1Q",1,2026-09-21 12:09:46.0800000,1200,0,0,2026-09-21 12:09:46.0800000,51.900000,56.550000
2513006,"Kul'chinbayeva",2696,192,"40U","40U2H2S2Q",1,2026-09-21 12:09:53.8900000,1200,0,0,2026-09-21 12:09:53.8900000,51.900000,57.733330
2513007,"Atangan",2696,192,"40U","40U2H2S2Q",1,2026-09-21 12:10:02.5370000,1200,0,0,2026-09-21 12:10:02.5370000,51.900000,57.900000
2809783,"Hirvenlahti",928,70,"35V","35V1H5S1Q",2,2021-06-20 02:40:00.7770000,0,64773,300,2026-09-21 12:10:12.9730000,61.800000,26.450000
2513008,"Kazanskiy",2696,192,"40U","40U2H3S1Q",1,2026-09-21 12:10:39.2600000,1200,0,0,2026-09-21 12:10:39.2600000,51.900000,58.066670
2513009,"Sofinka",2665,192,"40U","40U2H3S1Q",1,2026-09-21 12:10:47.3370000,1200,0,0,2026-09-21 12:10:47.3370000,51.900000,58.833330
2809427,"Kuitula",929,70,"35V","35V1H5S1Q",2,2013-08-05 13:45:02.7300000,0,886511,300,2026-09-21 12:10:47.7170000,61.750000,26.500000
2513010,"Tashla",2665,192,"40U","40U2H3S1Q",1,2026-09-21 12:10:54.6470000,1200,0,0,2026-09-21 12:10:54.6470000,51.900000,58.966670
2513011,"Kainsay",2665,192,"40U","40U2H3S2Q",1,2026-09-21 12:11:15.3170000,1200,0,0,2026-09-21 12:11:15.3170000,51.900000,59.350000
1447347,"Avon",3551,233,"16R","16R1H3S1Q",2,2013-08-10 15:56:02.6270000,116381,2297539,0,2026-09-21 12:13:28.9600000,31.189340,-85.286040
2297993,"Altenburg",715,57,"32T","32T1H2S2Q",3,2024-10-08 09:09:11.0130000,0,0,20802,2026-09-21 12:13:38.1570000,47.566670,9.883330
142296,"Utufa'alalafa",3734,244,"02L","02L2H5S1Q",3,2019-09-14 19:13:14.8370000,0,300,741,2026-09-21 12:16:05.7500000,-14.003720,-171.425900
144286,"Leusoali'i",3734,244,"02L","02L2H2S3Q",3,2019-09-15 03:53:13.2130000,0,300,740,2026-09-21 12:16:27.3770000,-13.863960,-171.689910
150022,"Letui",3731,244,"02L","02L2H1S4Q",2,2026-09-21 12:16:40.7230000,0,535,0,2026-09-21 12:16:40.7230000,-13.495270,-172.470790
149624,"Le Aisa",3731,244,"02L","02L2H1S4Q",2,2026-09-21 12:16:45.8530000,0,518,0,2026-09-21 12:16:45.8530000,-13.521230,-172.416490
2583724,"Anjum",2274,167,"32U","32U1H4S1Q",1,2023-01-30 08:38:53.5600000,24980,0,0,2026-09-21 12:16:48.7130000,53.374750,6.126980
150343,"Sasina",3731,244,"02L","02L2H1S4Q",2,2026-09-21 12:16:50.9000000,0,535,0,2026-09-21 12:16:50.9000000,-13.469950,-172.449200
2583674,"Morra",2274,167,"32U","32U1H4S1Q",1,2023-01-30 10:51:11.2700000,13380,0,0,2026-09-21 12:16:55.2130000,53.373190,6.089000
150351,"Fagae'e",3731,244,"02L","02L2H1S4Q",2,2026-09-21 12:16:55.3000000,0,534,0,2026-09-21 12:16:55.3000000,-13.468880,-172.441400
150349,"Fatuvalu",3731,244,"02L","02L2H1S4Q",2,2026-09-21 12:16:58.9170000,0,534,0,2026-09-21 12:16:58.9170000,-13.469370,-172.434410
150344,"Faletagaloa",3731,244,"02L","02L2H1S4Q",2,2026-09-21 12:17:02.8230000,0,532,0,2026-09-21 12:17:02.8230000,-13.469720,-172.426480
150333,"Safune",3731,244,"02L","02L2H1S4Q",2,2026-09-21 12:17:08.6300000,0,532,0,2026-09-21 12:17:08.6300000,-13.471690,-172.422790
2544683,"Stockerston",979,77,"30U","30U1H6S4Q",1,2026-09-18 11:16:15.5330000,400529,0,0,2026-09-21 12:17:13.6470000,52.566670,-0.766670
2583879,"Lioessens",2274,167,"32U","32U1H4S1Q",1,2023-01-30 10:51:05.3500000,13322,0,0,2026-09-21 12:17:28.4470000,53.380560,6.087630
2585159,"Paesens",2274,167,"32U","32U1H4S1Q",1,2023-01-30 08:38:26.4400000,22537,0,0,2026-09-21 12:17:34.5830000,53.401500,6.085780
2585189,"Moddergat",2274,167,"32U","32U1H4S1Q",1,2023-01-30 08:38:20.5670000,48687,0,0,2026-09-21 12:17:42.8570000,53.402320,6.082650
92348,"Ivondro",1878,143,"39K","39K1H4S2Q",2,2026-09-21 12:18:52.6330000,0,741,0,2026-09-21 12:18:52.6330000,-18.233330,49.366670
92455,"Tapakala",1878,143,"39K","39K1H4S2Q",2,2026-09-21 12:18:56.4670000,0,834,0,2026-09-21 12:18:56.4670000,-18.216670,49.366670
2584650,"Nes",2274,167,"32U","32U1H4S1Q",1,2023-01-30 08:38:14.6330000,26172,0,0,2026-09-21 12:18:56.4800000,53.396180,6.047460
92453,"Amboakarivo",1878,143,"39K","39K1H4S2Q",2,2026-09-21 12:18:59.7500000,46,300,0,2026-09-21 12:18:59.7500000,-18.216670,49.350000
2584817,"Wierum",2274,167,"32U","32U1H4S1Q",1,2023-01-30 08:38:07.3470000,28184,0,0,2026-09-21 12:19:03.4700000,53.400000,6.016670
92568,"Ampasimbola",1878,143,"39K","39K1H4S2Q",2,2026-09-21 12:19:03.4770000,0,741,0,2026-09-21 12:19:03.4770000,-18.200000,49.333330
1910697,"Mission Heights",3542,233,"18S","18S1H1S2Q",1,2016-07-06 16:47:08.5370000,76750,0,517,2026-09-21 12:19:04.6570000,39.161220,-76.813580
92452,"Antananambo",1878,143,"39K","39K1H4S2Q",2,2026-09-21 12:19:06.8770000,0,741,0,2026-09-21 12:19:06.8770000,-18.216670,49.316670
1910354,"Sharewood Acres",3542,233,"18S","18S1H1S2Q",1,2016-07-08 13:22:16.4270000,99299,0,517,2026-09-21 12:19:09.5930000,39.154270,-76.780250
92346,"Ambohitranefitra",1878,143,"39K","39K1H4S2Q",2,2026-09-21 12:19:10.1500000,46,300,0,2026-09-21 12:19:10.1500000,-18.233330,49.300000
2584587,"'t Schoor",2274,167,"31U","31U1H6S2Q",1,2023-01-30 08:37:58.4870000,33272,0,0,2026-09-21 12:19:10.3130000,53.393850,5.982570
2583926,"Ternaard",2274,167,"31U","31U1H6S2Q",1,2021-05-20 04:08:53.5900000,23241,0,0,2026-09-21 12:19:16.3600000,53.382030,5.965230
1913485,"Timberview",3542,233,"18S","18S1H1S2Q",1,2015-01-26 17:43:12.4300000,98321,0,517,2026-09-21 12:19:22.1770000,39.209550,-76.748030
2584001,"Visbuurt",2274,167,"31U","31U1H6S2Q",1,2021-05-20 07:32:17.7730000,22409,0,0,2026-09-21 12:19:22.9330000,53.383330,5.950000
1914217,"Bryant Woods",3542,233,"18S","18S1H1S2Q",1,2014-12-25 00:56:44.2070000,20477,0,517,2026-09-21 12:19:40.5130000,39.222050,-76.867750
2549562,"Nieuwe Krim",2275,167,"32U","32U1H4S3Q",1,2026-09-21 12:21:34.6530000,1445,0,0,2026-09-21 12:21:34.6530000,52.668330,6.651390
2549923,"Dalerpeel",2275,167,"32U","32U1H4S3Q",1,2026-09-21 12:21:37.7000000,1338,0,0,2026-09-21 12:21:37.7000000,52.680000,6.659720
2549924,"Vossebelt",2275,167,"32U","32U1H4S3Q",1,2026-09-21 12:21:41.5700000,814,0,0,2026-09-21 12:21:41.5700000,52.680000,6.701390
2549583,"Steenwijksmoer",2275,167,"32U","32U1H4S3Q",1,2026-09-21 12:21:44.5970000,1735,0,0,2026-09-21 12:21:44.5970000,52.669170,6.698610
2549925,"Hoogehaar",2275,167,"32U","32U1H4S3Q",1,2026-09-21 12:21:48.8270000,1345,0,0,2026-09-21 12:21:48.8270000,52.680000,6.715280
2549753,"Ballast",2275,167,"32U","32U1H4S3Q",1,2026-09-21 12:21:51.6300000,1720,0,0,2026-09-21 12:21:51.6300000,52.674660,6.720110
2551283,"De Mars",2275,167,"32U","32U1H4S3Q",1,2026-09-21 12:21:54.1870000,1586,0,0,2026-09-21 12:21:54.1870000,52.705830,6.734720
2548952,"Pikveld",2275,167,"32U","32U1H4S3Q",1,2026-09-21 12:21:57.8900000,1587,0,0,2026-09-21 12:21:57.8900000,52.657500,6.772220
1737304,"Yangjialingzi",595,48,"48S","48S1H6S4Q",2,2026-09-21 12:22:23.8330000,0,898,0,2026-09-21 12:22:23.8330000,36.154580,107.865320
1252063,"Xinzhai",592,48,"48R","48R2H3S3Q",2,2026-09-21 12:22:29.2030000,0,918,0,2026-09-21 12:22:29.2030000,26.208330,106.216670
1738269,"Sangliyuan",595,48,"48S","48S1H6S4Q",2,2026-09-21 12:22:34.6630000,0,898,0,2026-09-21 12:22:34.6630000,36.169710,107.860770
1252064,"Dongtun",592,48,"48R","48R2H3S3Q",2,2026-09-21 12:22:37.1870000,0,918,0,2026-09-21 12:22:37.1870000,26.208330,106.233330
1578068,"Gongjiannuo",595,48,"48S","48S2H5S1Q",2,2026-09-21 12:22:54.7870000,0,741,0,2026-09-21 12:22:54.7870000,33.626970,104.474650
1577092,"Siting",595,48,"48S","48S2H5S1Q",2,2026-09-21 12:22:58.0670000,0,741,0,2026-09-21 12:22:58.0670000,33.610540,104.486220
1577903,"Xiangcangpo",595,48,"48S","48S2H5S1Q",2,2026-09-21 12:23:00.0330000,0,741,0,2026-09-21 12:23:00.0330000,33.623790,104.451670
1578082,"Xiepo",595,48,"48S","48S2H5S1Q",2,2026-09-21 12:23:02.0230000,0,741,0,2026-09-21 12:23:02.0230000,33.627160,104.433020
1578608,"Ganzigou",595,48,"48S","48S2H5S1Q",2,2026-09-21 12:23:03.8300000,0,741,0,2026-09-21 12:23:03.8300000,33.635010,104.444800
1578707,"Chigan",595,48,"48S","48S2H5S1Q",2,2026-09-21 12:23:05.6330000,0,741,0,2026-09-21 12:23:05.6330000,33.636590,104.448200
1579311,"Pengziliang",595,48,"48S","48S2H5S1Q",2,2026-09-21 12:23:07.6030000,0,741,0,2026-09-21 12:23:07.6030000,33.646510,104.447500
1579956,"Jijiao",595,48,"48S","48S2H5S1Q",2,2026-09-21 12:23:09.3770000,0,741,0,2026-09-21 12:23:09.3770000,33.656840,104.448170
1252065,"Malu",592,48,"48R","48R2H3S3Q",2,2026-09-21 12:23:17.2130000,0,463,0,2026-09-21 12:23:17.2130000,26.208330,106.291670
1250584,"Meiqi",592,48,"48R","48R2H3S3Q",2,2026-09-21 12:23:20.0470000,0,918,0,2026-09-21 12:23:20.0500000,26.166670,106.225000
1249388,"Tangshan",592,48,"48R","48R2H3S3Q",2,2026-09-21 12:23:23.4000000,0,918,0,2026-09-21 12:23:23.4000000,26.133330,106.216670
1248464,"Mengbang",592,48,"48R","48R2H3S3Q",2,2026-09-21 12:23:25.8700000,0,918,0,2026-09-21 12:23:25.8700000,26.108330,106.158330
1248463,"Ganbao",592,48,"48R","48R2H3S3Q",2,2026-09-21 12:23:29.7070000,0,918,0,2026-09-21 12:23:29.7070000,26.108330,106.083330
1249387,"Guankou",592,48,"48R","48R2H2S4Q",2,2026-09-21 12:23:32.4770000,0,917,0,2026-09-21 12:23:32.4770000,26.133330,105.950000
2546994,"Agterhorn",708,57,"32U","32U1H4S3Q",1,2026-09-21 12:23:47.8700000,1056,0,0,2026-09-21 12:23:47.8700000,52.616670,6.766670
1738554,"Baozizhuang",595,48,"48S","48S1H6S4Q",2,2026-09-21 12:24:03.4500000,0,898,0,2026-09-21 12:24:03.4500000,36.174640,107.846380
1739189,"Zao'eryuan",595,48,"48S","48S1H6S4Q",2,2026-09-21 12:24:05.4200000,0,898,0,2026-09-21 12:24:05.4200000,36.183340,107.828770
92344,"Ampalimasira",1878,143,"39K","39K1H4S2Q",2,2026-09-21 12:24:07.2000000,0,1482,0,2026-09-21 12:24:07.2000000,-18.233330,49.250000
1736606,"Baishuyuan",595,48,"48S","48S1H6S4Q",2,2026-09-21 12:24:07.8270000,0,898,0,2026-09-21 12:24:07.8270000,36.143850,107.830190
1737260,"Fanjiapan",595,48,"48S","48S1H6S4Q",2,2026-09-21 12:24:10.2430000,0,898,0,2026-09-21 12:24:10.2430000,36.153930,107.821250
1734921,"Pujialaozhuang",595,48,"48S","48S1H6S4Q",2,2026-09-21 12:24:12.3730000,0,898,0,2026-09-21 12:24:12.3730000,36.115850,107.811280
1735519,"Caojiayuan",595,48,"48S","48S1H6S4Q",2,2026-09-21 12:24:14.4600000,0,898,0,2026-09-21 12:24:14.4600000,36.125500,107.797440
2678175,"Ionovka",2690,192,"38U","38U1H1S2Q",1,2026-09-21 12:24:15.6200000,795,0,0,2026-09-21 12:24:15.6200000,55.955560,43.526670
1736872,"Wangyuanzi",595,48,"48S","48S1H6S4Q",2,2026-09-21 12:24:17.2530000,0,898,0,2026-09-21 12:24:17.2530000,36.148510,107.799700
2678212,"Yelovitsy",2690,192,"38U","38U1H1S2Q",1,2026-09-21 12:24:19.3700000,796,0,0,2026-09-21 12:24:19.3700000,55.957500,43.556940
2051490,"Lloret de Mar",909,68,"31T","31T2H5S1Q",3,2023-05-02 18:35:47.7700000,0,0,1084990,2026-09-21 12:24:24.6970000,41.699930,2.845650
1249028,"Matou",592,48,"48R","48R2H2S4Q",2,2026-09-21 12:24:40.2730000,0,917,0,2026-09-21 12:24:40.2730000,26.125000,105.891670
1578373,"Zhuangzi",595,48,"48S","48S2H5S1Q",2,2026-09-21 12:25:02.0900000,0,741,0,2026-09-21 12:25:02.0900000,33.632230,104.419120
1579285,"Langtoushan",595,48,"48S","48S2H5S1Q",2,2026-09-21 12:25:08.5930000,0,741,0,2026-09-21 12:25:08.5930000,33.646090,104.419300
2441066,"Laubach",710,57,"32U","32U2H2S3Q",2,2015-09-18 20:53:40.4830000,0,807619,0,2026-09-21 12:25:54.3100000,50.541960,8.990340
2438835,"Busenborn",710,57,"32U","32U2H2S4Q",2,2015-04-23 18:11:45.7500000,0,784567,0,2026-09-21 12:26:05.3500000,50.500000,9.183330
2438834,"Michelbach",710,57,"32U","32U2H2S4Q",2,2016-04-10 06:17:39.5200000,0,715094,0,2026-09-21 12:26:13.9470000,50.500000,9.150000
2546992,"Laar",708,57,"32U","32U1H4S3Q",1,2026-09-21 12:29:28.3370000,909,0,0,2026-09-21 12:29:28.3370000,52.616670,6.733330
2546261,"Volzel",708,57,"32U","32U1H4S3Q",1,2026-09-21 12:29:55.9070000,623,0,0,2026-09-21 12:29:55.9070000,52.600000,6.800000
2549601,"Westerse Bos",2275,167,"32U","32U1H4S3Q",1,2026-09-21 12:30:00.3870000,1734,0,0,2026-09-21 12:30:00.3870000,52.670000,6.859720
2026783,"Millard",3559,233,"14T","14T2H6S2Q",2,2025-07-28 03:38:52.7830000,0,1243391,0,2026-09-21 12:30:48.5530000,41.208330,-96.121130
1967096,"South Strabane",3584,233,"17T","17T2H5S4Q",2,2026-09-21 12:31:51.7770000,154,1031,0,2026-09-21 12:31:51.7770000,40.138400,-80.163390
1983167,"Garden City",3584,233,"17T","17T2H6S3Q",2,2025-04-26 16:37:32.1030000,0,80158,0,2026-09-21 12:32:23.2270000,40.447570,-79.779490
2513012,"Shinkal'",2665,192,"40U","40U2H3S2Q",1,2026-09-21 12:32:39.5400000,1200,0,0,2026-09-21 12:32:39.5400000,51.900000,59.533330
2513028,"Estoniya",2715,192,"44U","44U2H3S1Q",1,2026-09-21 12:32:45.7400000,1200,0,0,2026-09-21 12:32:45.7400000,51.900000,82.550000
2513029,"Fedorovskiy",2715,192,"45U","45U2H1S1Q",1,2026-09-21 12:32:50.3470000,1200,0,0,2026-09-21 12:32:50.3470000,51.900000,84.516670
2513030,"Belokurinskiy Rudnik",2715,192,"45U","45U2H1S1Q",1,2026-09-21 12:32:55.2200000,1200,0,0,2026-09-21 12:32:55.2200000,51.900000,84.833330
2513032,"Verkhnyaya Kayancha",2715,192,"45U","45U2H1S2Q",1,2026-09-21 12:32:57.9200000,1200,0,0,2026-09-21 12:32:57.9200000,51.900000,85.650000
2513033,"Nizhniy Uchek",2713,192,"45U","45U2H2S1Q",1,2026-09-21 12:33:04.6230000,1200,0,0,2026-09-21 12:33:04.6230000,51.900000,86.383330
2513034,"Srednyaya Tyrga",2713,192,"45U","45U2H2S1Q",1,2026-09-21 12:33:08.3030000,1200,0,0,2026-09-21 12:33:08.3030000,51.900000,86.466670
2513035,"Bel'tikovskiy",2713,192,"45U","45U2H2S1Q",1,2026-09-21 12:33:11.7830000,1200,0,0,2026-09-21 12:33:11.7830000,51.900000,86.583330
2501721,"Fokkershoek",2270,167,"31U","31U2H3S2Q",3,2019-03-25 14:43:00.5270000,0,0,3049198,2026-09-21 12:33:32.5900000,51.658330,5.451390
2520431,"Naclaw",2451,180,"33U","33U1H6S3Q",2,2026-09-11 14:38:31.2030000,0,296928,0,2026-09-21 12:34:00.6800000,52.064480,16.635340
1435811,"Cherokee",3549,233,"14R","14R1H2S4Q",1,2026-09-21 12:35:02.2900000,945,0,0,2026-09-21 12:35:02.2900000,30.982390,-98.707540
2289800,"Zuerich (Kreis 5) / Escher-Wyss",503,43,"32T","32T1H2S1Q",1,2017-10-17 19:55:38.9330000,1012702,0,300,2026-09-21 12:37:19.1030000,47.390520,8.512920
2517581,"Siegadel",713,57,"33U","33U2H2S1Q",3,2026-09-19 09:36:07.4100000,0,0,11872,2026-09-21 12:39:00.1130000,52.000000,14.116670
2513045,"Ust'-Ul'ma",2722,192,"52U","52U2H2S2Q",1,2026-09-21 12:39:10.2770000,1200,0,0,2026-09-21 12:39:10.2770000,51.900000,129.300000
2552728,"Ermerveen",2275,167,"32U","32U1H4S3Q",1,2026-09-21 12:30:43.1000000,3258,0,0,2026-09-21 12:39:50.7130000,52.735830,6.843060
2552952,"Achterste Erm",2275,167,"32U","32U1H4S3Q",1,2026-09-21 12:39:54.7070000,1724,0,0,2026-09-21 12:39:54.7070000,52.743330,6.825000
2553617,"De Hoek",2275,167,"32U","32U1H4S3Q",1,2026-09-21 12:39:59.4900000,300,0,76,2026-09-21 12:39:59.4900000,52.755410,6.810580
1578897,"Bieliegou",595,48,"48S","48S2H5S1Q",2,2026-09-21 12:41:55.5170000,0,741,0,2026-09-21 12:41:55.5170000,33.639660,104.392110
1579375,"Lamazhuang",595,48,"48S","48S2H5S1Q",2,2026-09-21 12:41:57.6770000,0,741,0,2026-09-21 12:41:57.6770000,33.647860,104.388950
1579424,"Sanjiaoping",595,48,"48S","48S2H5S1Q",2,2026-09-21 12:42:00.1600000,0,741,0,2026-09-21 12:42:00.1600000,33.648950,104.431840
1580221,"Shuiping",595,48,"48S","48S2H5S1Q",2,2026-09-21 12:42:01.8870000,0,741,0,2026-09-21 12:42:01.8870000,33.661360,104.431760
1581414,"Heisongping",595,48,"48S","48S2H5S1Q",2,2026-09-21 12:42:04.5230000,46,300,0,2026-09-21 12:42:04.5230000,33.681660,104.389680
1581835,"Mo'erping",595,48,"48S","48S2H5S1Q",2,2026-09-21 12:42:12.7470000,0,741,0,2026-09-21 12:42:12.7470000,33.687590,104.378580
1582709,"Liangjiaba",595,48,"48S","48S2H5S1Q",2,2026-09-21 12:42:23.0900000,0,741,0,2026-09-21 12:42:23.0900000,33.703130,104.461460
1583156,"Zhongjiaqiao",595,48,"48S","48S2H5S1Q",2,2026-09-21 12:42:28.6400000,0,741,0,2026-09-21 12:42:28.6400000,33.712010,104.503890
1250581,"Yaopu",592,48,"48R","48R2H2S4Q",2,2026-09-21 12:42:46.1670000,0,917,0,2026-09-21 12:42:46.1670000,26.166670,105.850000
2080186,"North End",3583,233,"19T","19T2H1S3Q",2,2026-07-02 15:35:47.7370000,0,1148151,0,2026-09-21 12:42:48.9130000,42.365100,-71.054500
1737081,"Xizhuangyuan",595,48,"48S","48S1H6S4Q",2,2026-09-21 12:42:49.6500000,0,898,0,2026-09-21 12:42:49.6500000,36.150660,107.786270
1249386,"Dashanshao",592,48,"48R","48R2H2S4Q",2,2026-09-21 12:42:55.6800000,0,917,0,2026-09-21 12:42:55.6800000,26.133330,105.816670
1249960,"Siqizhen",592,48,"48R","48R2H2S4Q",2,2026-09-21 12:42:58.7630000,0,917,0,2026-09-21 12:42:58.7630000,26.150000,105.783330
1249385,"Guijia",592,48,"48R","48R2H2S4Q",2,2026-09-21 12:43:01.6070000,0,917,0,2026-09-21 12:43:01.6070000,26.133330,105.766670
1249959,"Anxi",592,48,"48R","48R2H2S4Q",2,2026-09-21 12:43:05.9330000,0,916,0,2026-09-21 12:43:05.9330000,26.150000,105.700000
1249639,"Xinfang",592,48,"48R","48R2H2S4Q",2,2026-09-21 12:43:08.5970000,0,916,0,2026-09-21 12:43:08.5970000,26.141670,105.650000
1251455,"Dibo",592,48,"48R","48R2H2S4Q",2,2026-09-21 12:43:12.2570000,0,915,0,2026-09-21 12:43:12.2600000,26.191670,105.616670
1251209,"Mugang",592,48,"48R","48R2H2S4Q",2,2026-09-21 12:43:15.6170000,0,915,0,2026-09-21 12:43:15.6170000,26.183330,105.616670
1736781,"Xinyuan",595,48,"48S","48S1H6S4Q",2,2026-09-21 12:43:21.6770000,0,897,0,2026-09-21 12:43:21.6770000,36.146950,107.775710
1737664,"Xinjiagou",595,48,"48S","48S1H6S4Q",2,2026-09-21 12:43:24.8170000,0,897,0,2026-09-21 12:43:24.8200000,36.161550,107.758300
1737725,"Zhengjiazhuang",595,48,"48S","48S1H6S4Q",2,2026-09-21 12:43:27.7130000,0,897,0,2026-09-21 12:43:27.7130000,36.162520,107.755630
1736623,"Sunjiawan",595,48,"48S","48S1H6S4Q",2,2026-09-21 12:43:30.6970000,0,897,0,2026-09-21 12:43:30.6970000,36.144170,107.734330
1735064,"Sishilipu",595,48,"48S","48S1H6S4Q",2,2026-09-21 12:43:34.5800000,0,898,0,2026-09-21 12:43:34.5800000,36.117020,107.766050
1734557,"Xiaozhai",595,48,"48S","48S1H6S4Q",2,2026-09-21 12:43:36.4400000,0,898,0,2026-09-21 12:43:36.4400000,36.109640,107.760300
1733818,"Sanshilipu",595,48,"48S","48S1H6S4Q",2,2026-09-21 12:43:39.2970000,0,898,0,2026-09-21 12:43:39.2970000,36.097550,107.778390
2559501,"Milwich",979,77,"30U","30U1H5S4Q",2,2020-07-22 09:08:13.9900000,0,68585,0,2026-09-21 12:44:38.6300000,52.883330,-2.050000
2052985,"Sant Eloi",909,68,"31T","31T2H5S1Q",3,2023-05-01 11:07:53.2000000,0,517,970953,2026-09-21 12:49:32.9630000,41.729100,2.908200
1544236,"Lewisville",3549,233,"14S","14S2H6S2Q",3,2015-12-08 01:52:40.6400000,0,0,5063510,2026-09-21 12:49:48.8330000,33.046230,-96.994170
2543945,"Elmesthorpe",979,77,"30U","30U1H6S3Q",0,2026-09-21 12:49:49.9230000,0,0,0,2026-09-21 12:49:49.9230000,52.550000,-1.300000
150320,"Matavai",3731,244,"02L","02L2H1S4Q",2,2026-09-21 12:49:50.0070000,0,532,0,2026-09-21 12:49:50.0070000,-13.473740,-172.417000
2547431,"Market Bosworth",979,77,"30U","30U1H6S3Q",0,2026-09-21 12:49:57.5600000,0,0,0,2026-09-21 12:49:57.5600000,52.624280,-1.401740
150328,"Paia",3732,244,"02L","02L2H1S4Q",2,2026-09-21 12:50:00.7100000,0,531,0,2026-09-21 12:50:00.7100000,-13.472430,-172.405920
150326,"Vailolo",3732,244,"02L","02L2H1S4Q",2,2026-09-21 12:50:03.6030000,0,531,0,2026-09-21 12:50:03.6030000,-13.472570,-172.397370
30699,"Bethania Junction",142,13,"56J","56J1H5S4Q",2,2018-05-08 11:43:33.8630000,0,7414768,0,2026-09-21 12:50:05.0500000,-27.683330,153.166670
2549218,"Thorpe Constantine",979,77,"30U","30U1H6S3Q",0,2026-09-21 12:50:06.1530000,0,0,0,2026-09-21 12:50:06.1530000,52.666670,-1.616670
150358,"Lefagaoali'i",3731,244,"02L","02L2H1S4Q",2,2026-09-21 12:50:09.4230000,0,532,0,2026-09-21 12:50:09.4230000,-13.467520,-172.418680
2551627,"Overseal",979,77,"30U","30U1H6S3Q",0,2026-09-21 12:50:11.4070000,0,0,0,2026-09-21 12:50:11.4070000,52.716670,-1.566670
1997994,"Smoketown",3584,233,"18T","18T2H5S3Q",1,2026-07-29 02:40:35.6730000,41026,0,0,2026-09-21 12:50:13.9600000,40.710380,-75.347120
2544596,"Bodymoor Heath",979,77,"30U","30U1H6S3Q",0,2026-09-21 12:50:23.7430000,0,0,0,2026-09-21 12:50:23.7430000,52.563990,-1.708330
2537796,"Solihull",979,77,"30U","30U1H6S3Q",0,2026-09-21 12:50:33.8770000,0,0,0,2026-09-21 12:50:33.8770000,52.416670,-1.783330
2541648,"Castle Bromwich",979,77,"30U","30U1H6S3Q",0,2026-09-21 12:50:41.5000000,0,0,0,2026-09-21 12:50:41.5000000,52.500000,-1.783330
150568,"Leagiagi",3732,244,"02L","02L2H1S4Q",2,2026-09-21 12:50:52.4730000,0,532,0,2026-09-21 12:50:52.4730000,-13.461460,-172.417930
150594,"Saumaga",3732,244,"02L","02L2H1S4Q",2,2026-09-21 12:50:56.1800000,0,532,0,2026-09-21 12:50:56.1800000,-13.457730,-172.414680
150629,"Safe'e",3732,244,"02L","02L2H1S4Q",2,2026-09-21 12:51:01.4430000,0,532,0,2026-09-21 12:51:01.4430000,-13.452550,-172.407390
150633,"Safotu",3732,244,"02L","02L2H1S4Q",2,2026-09-21 12:51:10.3400000,0,532,0,2026-09-21 12:51:10.3400000,-13.451320,-172.401760
150612,"Le Piu Tai",3732,244,"02L","02L2H1S4Q",2,2026-09-21 12:51:12.8300000,0,531,0,2026-09-21 12:51:12.8300000,-13.455470,-172.393070
2215783,"Hudson",459,38,"18T","18T1H5S2Q",1,2026-06-10 13:54:44.1600000,400316,0,0,2026-09-21 12:51:13.7570000,45.450080,-74.149220
92451,"Ampasinambo",1878,143,"39K","39K1H4S2Q",2,2026-09-21 12:51:41.3430000,0,741,0,2026-09-21 12:51:41.3430000,-18.216670,49.250000
92688,"Ringaringa",1878,143,"39K","39K1H4S2Q",2,2026-09-21 12:51:45.0930000,0,741,0,2026-09-21 12:51:45.0930000,-18.183330,49.250000
92689,"Anamboakatra",1878,143,"39K","39K1H4S2Q",2,2026-09-21 12:51:48.3500000,0,741,0,2026-09-21 12:51:48.3500000,-18.183330,49.283330
92923,"Ambodisakoa",1878,143,"39K","39K1H4S2Q",2,2026-09-21 12:51:51.7430000,0,741,0,2026-09-21 12:51:51.7430000,-18.150000,49.233330
92924,"Antoko",1878,143,"39K","39K1H4S2Q",2,2026-09-21 12:51:55.7700000,0,741,0,2026-09-21 12:51:55.7700000,-18.150000,49.266670
93196,"Ambatofotsy",1878,143,"39K","39K1H4S2Q",2,2026-09-21 12:51:59.3830000,0,741,0,2026-09-21 12:51:59.3830000,-18.116670,49.283330
93490,"Ampalimasina",1878,143,"39K","39K1H4S2Q",2,2026-09-21 12:52:06.3100000,0,741,0,2026-09-21 12:52:06.3100000,-18.083330,49.266670
93627,"Ambodisakoa",1878,143,"39K","39K1H4S2Q",2,2026-09-21 12:52:10.0070000,0,741,0,2026-09-21 12:52:10.0070000,-18.066670,49.266670
2508634,"Rengering",707,57,"32U","32U2H2S1Q",3,2025-03-11 09:02:59.1500000,0,0,831045,2026-09-21 12:52:47.2600000,51.809990,8.616200
2513085,"Rezvyy Kolodez'",2677,192,"37U","37U2H2S1Q",1,2026-09-21 12:53:13.5870000,1200,0,0,2026-09-21 12:53:13.5870000,51.901080,38.356020
92810,"Antanandava",1878,143,"39K","39K1H4S2Q",2,2026-09-21 12:53:41.9500000,0,741,0,2026-09-21 12:53:41.9500000,-18.166670,49.350000
2284219,"Barbechat",949,75,"30T","30T1H3S1Q",1,2014-10-27 21:32:14.0700000,459514976,8400,0,2026-09-21 12:56:43.1770000,47.283330,-1.283330
2290961,"Battenans-les-Mines",957,75,"32T","32T1H1S1Q",1,2018-10-16 06:44:04.0800000,3072,0,0,2026-09-21 12:58:39.2630000,47.416670,6.266670
2290112,"Rougemontot",957,75,"32T","32T1H1S1Q",1,2023-03-06 10:14:29.7430000,5756,0,0,2026-09-21 12:58:44.2400000,47.400000,6.266670
2290962,"Tallans",957,75,"32T","32T1H1S1Q",1,2018-10-16 10:56:24.7270000,2635,0,0,2026-09-21 12:58:47.7530000,47.416670,6.283330
2291716,"Avilley",957,75,"32T","32T1H1S1Q",1,2018-10-16 10:57:19.7400000,2260,0,0,2026-09-21 12:58:51.9270000,47.433330,6.266670
2291715,"Maussans",957,75,"32T","32T1H1S1Q",1,2025-08-15 10:24:50.0700000,4737,0,0,2026-09-21 12:58:54.2370000,47.433330,6.250000
2292464,"Besnans",957,75,"32T","32T1H1S1Q",1,2024-02-10 22:55:01.3970000,11194,0,0,2026-09-21 12:58:57.2870000,47.450000,6.266670
2293295,"Montbozon",957,75,"32T","32T1H1S1Q",1,2024-02-10 22:55:05.0600000,11540,0,0,2026-09-21 12:59:00.5830000,47.466670,6.266670
2293296,"Thienans",957,75,"32T","32T1H1S1Q",1,2024-02-10 22:55:11.2730000,11603,0,0,2026-09-21 12:59:05.9830000,47.466670,6.283330
2304297,"Bougnon",957,75,"32T","32T1H1S1Q",1,2015-09-07 02:32:32.3600000,102456,0,0,2026-09-21 12:59:58.0970000,47.700000,6.116670
2738273,"Beloshkino",2661,192,"35V","35V2H6S2Q",3,2026-09-21 13:00:11.5800000,0,0,309,2026-09-21 13:00:11.5800000,57.776560,29.951020
2736362,"Golubovo",2661,192,"35V","35V2H6S2Q",3,2026-09-21 13:00:15.3730000,0,0,644,2026-09-21 13:00:15.3730000,57.714520,29.943570
2738255,"Staroselok",2661,192,"36V","36V2H4S1Q",3,2026-09-21 13:00:19.9100000,0,0,356,2026-09-21 13:00:19.9100000,57.775760,30.026450
2738642,"Skobenets",2661,192,"36V","36V2H4S1Q",3,2026-09-21 13:00:22.7600000,0,0,359,2026-09-21 13:00:22.7600000,57.787600,30.003200
2739579,"Suki",2661,192,"36V","36V2H4S1Q",3,2026-09-21 13:00:25.1930000,0,0,317,2026-09-21 13:00:25.1970000,57.816670,30.016670
2739580,"Pustosh' Suki",2661,192,"36V","36V2H4S1Q",3,2026-09-21 13:00:28.6800000,0,0,317,2026-09-21 13:00:28.6800000,57.816670,30.050000
2740152,"Filippkovo",2661,192,"36V","36V2H4S1Q",3,2026-09-21 13:00:32.4170000,0,0,320,2026-09-21 13:00:32.4170000,57.834200,30.038800
2740436,"Luzhki",2661,192,"36V","36V2H4S1Q",3,2026-09-21 13:00:34.7330000,0,0,323,2026-09-21 13:00:34.7330000,57.848200,30.066500
83441,"Banos de Chismisa",549,46,"19K","19K1H5S3Q",2,2026-09-21 13:03:21.4470000,0,973,0,2026-09-21 13:03:21.4470000,-19.516670,-69.283330
83183,"Jaina",549,46,"19K","19K1H5S3Q",2,2026-09-21 13:03:24.8000000,0,1087,0,2026-09-21 13:03:24.8000000,-19.550000,-69.250000
83185,"Illalla",549,46,"19K","19K1H5S3Q",2,2026-09-21 13:03:29.6930000,0,930,0,2026-09-21 13:03:29.6930000,-19.550000,-69.233330
83308,"Chiapa",549,46,"19K","19K1H5S3Q",2,2026-09-21 13:03:33.0830000,0,958,0,2026-09-21 13:03:33.0830000,-19.533330,-69.216670
82573,"Sipiza",549,46,"19K","19K1H5S3Q",2,2026-09-21 13:03:37.5330000,0,927,0,2026-09-21 13:03:37.5330000,-19.633330,-69.250000
82310,"Pacumina",549,46,"19K","19K1H5S3Q",2,2026-09-21 13:03:41.8230000,0,927,0,2026-09-21 13:03:41.8230000,-19.666670,-69.216670
82041,"Pucapa",549,46,"19K","19K1H5S3Q",2,2026-09-21 13:03:46.0870000,0,927,0,2026-09-21 13:03:46.0870000,-19.700000,-69.216670
82189,"Chusmisa",549,46,"19K","19K1H5S3Q",2,2026-09-21 13:03:50.2100000,0,930,0,2026-09-21 13:03:50.2100000,-19.683330,-69.183330
2501310,"Radegast",703,57,"33U","33U2H1S1Q",2,2026-09-21 13:05:41.2600000,0,448,0,2026-09-21 13:05:41.2600000,51.650000,12.100000
2502874,"Zehbitz",703,57,"33U","33U2H1S1Q",2,2026-09-21 13:05:50.8930000,0,666,0,2026-09-21 13:05:50.8930000,51.683330,12.133330
2500514,"Heideloh",703,57,"33U","33U2H1S1Q",2,2026-09-21 13:05:57.9830000,45,300,0,2026-09-21 13:05:57.9830000,51.633330,12.200000
2214289,"Ottawa",457,38,"18T","18T1H5S1Q",2,2025-02-24 18:06:05.8270000,0,10183935,0,2026-09-21 13:08:22.2630000,45.411170,-75.698120
2513097,"Mikhaylo-Khlyustino",2677,192,"37U","37U2H2S1Q",1,2026-09-21 13:09:35.7270000,1200,0,0,2026-09-21 13:09:35.7270000,51.901440,38.112920
2513099,"Grinevo",2677,192,"37U","37U2H1S2Q",1,2026-09-21 13:09:41.4930000,1200,0,0,2026-09-21 13:09:41.4930000,51.901620,37.560080
2513102,"Prokurovo",2677,192,"37U","37U2H2S1Q",1,2026-09-21 13:09:46.2470000,1200,0,0,2026-09-21 13:09:46.2470000,51.901670,38.115560
2513104,"Syurya",2713,192,"45U","45U2H2S2Q",1,2026-09-21 13:09:50.7670000,1200,0,0,2026-09-21 13:09:50.7670000,51.901670,87.058330
2513116,"Gornostayevka",2677,192,"37U","37U2H1S2Q",1,2026-09-21 13:09:55.5200000,1200,0,0,2026-09-21 13:09:55.5200000,51.902050,37.505640
2513119,"Krasinka",2646,192,"37U","37U2H3S1Q",1,2026-09-21 13:10:00.1300000,1200,0,0,2026-09-21 13:10:00.1300000,51.902220,40.733060
2513133,"Zhigalino",2665,192,"39U","39U2H3S1Q",1,2026-09-21 13:10:48.9670000,1200,0,0,2026-09-21 13:10:48.9670000,51.902780,52.577220
2513145,"Sadovyy",2696,192,"40U","40U2H3S1Q",1,2026-09-21 13:10:57.1500000,1200,0,0,2026-09-21 13:10:57.1500000,51.903330,58.209720
1985493,"Trilby Corner",3568,233,"13T","13T2H5S3Q",2,2021-12-30 08:08:17.2200000,0,909962,0,2026-09-21 13:11:06.7730000,40.494700,-105.077480
2513175,"Andreyevka",2657,192,"38U","38U2H3S1Q",1,2026-09-21 13:11:17.3330000,1200,0,0,2026-09-21 13:11:17.3330000,51.904440,46.498890
2688116,"Ryazantsy",2671,192,"37V","37V2H5S3Q",2,2026-05-03 21:17:24.7330000,0,103625,0,2026-09-21 13:11:48.8370000,56.233330,38.100000
58236,"Porto Casa Nova",369,31,"22K","22K2H5S1Q",2,2026-09-21 13:13:00.5270000,0,1200,0,2026-09-21 13:13:00.5270000,-22.783330,-51.016670
57738,"Paranagi",373,31,"22K","22K2H5S2Q",2,2026-09-21 13:13:24.3870000,0,1200,0,2026-09-21 13:13:24.3870000,-22.850000,-50.876110
2041214,"Paradise",3562,233,"18T","18T2H5S2Q",1,2026-09-21 13:13:46.7600000,1069,0,0,2026-09-21 13:13:46.7600000,41.496760,-74.644610
2036476,"Sparrow Bush",3562,233,"18T","18T2H5S2Q",1,2026-09-21 13:14:17.6430000,1021,0,0,2026-09-21 13:14:17.6430000,41.400090,-74.723220
2453456,"Neuville",255,20,"31U","31U2H3S4Q",1,2026-09-09 06:41:45.9630000,100983,0,0,2026-09-21 13:14:44.4000000,50.766670,5.566670
2038989,"Cahoonzie",3562,233,"18T","18T2H5S2Q",1,2026-09-21 13:14:47.7030000,1089,0,0,2026-09-21 13:14:47.7030000,41.450090,-74.712110
2038480,"Handsome Eddy",3562,233,"18T","18T2H5S2Q",1,2026-09-21 13:16:09.2030000,611,0,0,2026-09-21 13:16:09.2030000,41.442870,-74.890720
150550,"Le Piu Uta",3732,244,"02L","02L2H1S4Q",2,2026-09-21 13:18:25.1400000,0,531,0,2026-09-21 13:18:25.1400000,-13.463630,-172.381440
150284,"Mumea",3732,244,"02L","02L2H1S4Q",2,2026-09-21 13:18:28.8270000,0,530,0,2026-09-21 13:18:28.8270000,-13.478360,-172.374190
150338,"Sologa",3732,244,"02L","02L2H1S4Q",2,2026-09-21 13:18:32.4300000,0,530,0,2026-09-21 13:18:32.4300000,-13.471240,-172.367250
2584000,"Teijeburen",2274,167,"31U","31U1H6S2Q",1,2021-05-20 07:32:35.2730000,23603,0,0,2026-09-21 13:18:37.0600000,53.383330,5.933330
150540,"Vaipouli",3732,244,"02L","02L2H1S4Q",2,2026-09-21 13:18:37.7500000,0,530,0,2026-09-21 13:18:37.7500000,-13.465700,-172.368970
2583802,"Drieboerehuizen",2274,167,"31U","31U1H6S2Q",1,2021-04-17 05:58:53.1170000,21698,0,0,2026-09-21 13:18:47.8300000,53.377540,5.923600
150832,"Manase",3732,244,"02L","02L2H1S4Q",2,2026-09-21 13:18:49.1370000,0,530,0,2026-09-21 13:18:49.1370000,-13.447960,-172.376470
150818,"Salei'a",3732,244,"02L","02L2H1S4Q",2,2026-09-21 13:18:53.7200000,0,530,0,2026-09-21 13:18:53.7200000,-13.449500,-172.367970
2583553,"Holwerd",2274,167,"31U","31U1H6S2Q",1,2022-12-28 07:12:49.1300000,91657,0,0,2026-09-21 13:18:55.3370000,53.368150,5.900730
150825,"Avao",3732,244,"02L","02L2H1S4Q",2,2026-09-21 13:18:57.7100000,0,530,0,2026-09-21 13:18:57.7100000,-13.448830,-172.362490
150845,"Lelepa",3732,244,"02L","02L2H1S4Q",2,2026-09-21 13:19:02.2600000,0,530,0,2026-09-21 13:19:02.2600000,-13.445440,-172.360470
82441,"Chapire",549,46,"19K","19K1H5S3Q",2,2026-09-21 13:19:03.0570000,0,957,0,2026-09-21 13:19:03.0570000,-19.650000,-69.133330
2582873,"Waaxens",2274,167,"31U","31U1H6S2Q",1,2021-05-20 11:05:27.3400000,17897,0,0,2026-09-21 13:19:03.5900000,53.355020,5.921310
83557,"Ullumalla",549,46,"19K","19K1H5S3Q",2,2026-09-21 13:19:10.2800000,0,915,0,2026-09-21 13:19:10.2800000,-19.500000,-69.033330
2582765,"Brantgum",2274,167,"31U","31U1H6S2Q",1,2021-05-20 11:05:45.1270000,14753,0,0,2026-09-21 13:19:13.1030000,53.352090,5.930090
2582251,"Foudgum",2274,167,"31U","31U1H6S2Q",1,2021-02-16 05:47:17.0870000,16844,0,0,2026-09-21 13:19:19.8170000,53.344970,5.942060
2581919,"Bornwird",2274,167,"31U","31U1H6S2Q",1,2021-05-19 16:40:56.5200000,14404,0,0,2026-09-21 13:19:26.5800000,53.333790,5.954070
150863,"Fagamalo",3732,244,"02L","02L2H1S4Q",2,2026-09-21 13:19:30.7070000,0,529,0,2026-09-21 13:19:30.7070000,-13.442190,-172.349010
2581422,"Raard",2274,167,"31U","31U1H6S2Q",1,2021-05-19 16:40:32.9830000,12161,0,0,2026-09-21 13:19:33.2170000,53.325850,5.944460
82309,"Dolores",549,46,"19K","19K1H5S3Q",2,2026-09-21 13:19:33.7530000,0,900,191,2026-09-21 13:19:33.7530000,-19.666670,-69.950000
2581436,"Lichtaard",2274,167,"31U","31U1H6S2Q",1,2021-05-20 15:08:10.4530000,7341,0,0,2026-09-21 13:19:40.1330000,53.326360,5.912700
81259,"Curana",549,46,"19K","19K1H5S3Q",2,2026-09-21 13:19:50.7270000,0,930,0,2026-09-21 13:19:50.7270000,-19.800000,-69.666670
58895,"Los Dones",558,46,"19K","19K2H5S1Q",2,2026-09-21 13:20:15.9270000,0,884,0,2026-09-21 13:20:15.9270000,-22.700000,-69.783330
57842,"Algorta",558,46,"19K","19K2H5S1Q",2,2026-09-21 13:20:18.9200000,0,1045,0,2026-09-21 13:20:18.9200000,-22.833330,-69.816670
56861,"Campamento Esmeralda",558,46,"19K","19K2H5S1Q",2,2026-09-21 13:20:22.1230000,0,1040,0,2026-09-21 13:20:22.1230000,-22.933330,-69.816670
1062042,"Laviste",649,51,"18Q","18Q1H4S2Q",1,2026-09-21 13:20:44.1470000,1200,0,0,2026-09-21 13:20:44.1470000,21.104170,-76.772780
1061742,"Laguna de Naranjito",649,51,"18Q","18Q1H4S2Q",1,2026-09-21 13:20:50.3170000,1200,0,0,2026-09-21 13:20:50.3170000,21.100000,-76.800000
63903,"Conchi Viejo",558,46,"19K","19K2H2S4Q",2,2026-09-21 13:20:51.0000000,0,899,0,2026-09-21 13:20:51.0000000,-21.933330,-68.733330
1061070,"Bazarales",649,51,"18Q","18Q1H4S2Q",1,2026-09-21 13:21:00.2230000,1200,0,0,2026-09-21 13:21:00.2230000,21.067220,-76.790830
1610539,"Glenview",3567,233,"11S","11S2H1S4Q",1,2026-09-19 23:11:54.7530000,2054,0,0,2026-09-21 13:22:14.1570000,34.124450,-118.601470
1609919,"Sylvia Park",3567,233,"11S","11S2H1S4Q",1,2026-09-19 01:23:07.8730000,2695,0,0,2026-09-21 13:22:23.5270000,34.115010,-118.581750
1828269,"Blanding",3571,233,"12S","12S1H6S1Q",3,2026-07-19 14:18:12.1870000,330669,0,336910,2026-09-21 13:22:29.9000000,37.624160,-109.478180
2498988,"Beyersdorf",703,57,"33U","33U2H1S1Q",2,2026-09-21 13:06:14.0630000,123,12614,0,2026-09-21 13:24:06.2370000,51.600000,12.183330
2498989,"Glebitzsch",703,57,"33U","33U2H1S1Q",2,2026-09-21 13:24:10.9230000,0,696,0,2026-09-21 13:24:10.9230000,51.600000,12.200000
2499731,"Kockern",703,57,"33U","33U2H1S1Q",2,2026-09-21 13:24:16.4370000,137,300,0,2026-09-21 13:24:16.4370000,51.616670,12.216670
2290964,"Tournans",957,75,"32T","32T1H1S1Q",1,2018-10-29 12:19:33.5430000,11526,0,0,2026-09-21 13:24:19.9570000,47.416670,6.333330
2290965,"Trouvans",957,75,"32T","32T1H1S1Q",1,2018-10-29 10:06:38.2670000,11569,0,0,2026-09-21 13:24:22.8170000,47.416670,6.350000
2287365,"Villers-Saint-Martin",957,75,"32T","32T1H1S1Q",1,2024-07-11 04:16:16.2070000,3229,0,0,2026-09-21 13:24:28.1670000,47.342490,6.409410
2288319,"Bois-la-Ville",957,75,"32T","32T1H1S1Q",1,2020-05-01 09:50:35.5800000,2489,0,0,2026-09-21 13:24:31.9700000,47.364760,6.406230
2288351,"Hyevre-Magny",957,75,"32T","32T1H1S1Q",1,2024-07-11 04:16:10.8100000,3218,0,0,2026-09-21 13:24:34.7830000,47.366040,6.437130
2289208,"Branne",957,75,"32T","32T1H1S1Q",1,2018-11-26 12:13:13.2330000,4752,0,0,2026-09-21 13:24:40.3900000,47.383330,6.466670
2496684,"Zaasch-Serbitz",704,57,"33U","33U2H1S1Q",2,2026-09-21 13:25:13.8370000,0,624,0,2026-09-21 13:25:13.8370000,51.550000,12.250000
2496679,"Wiesewitz",703,57,"33U","33U2H1S1Q",2,2026-09-21 13:25:24.0470000,0,322,0,2026-09-21 13:25:24.0470000,51.550000,12.200000
2496678,"Karlsfeld",703,57,"33U","33U2H1S1Q",2,2026-09-21 13:25:34.2770000,0,1084,0,2026-09-21 13:25:34.2770000,51.550000,12.183330
2495099,"Doberstau",704,57,"33U","33U2H1S1Q",2,2026-09-21 13:25:43.0100000,0,1145,0,2026-09-21 13:25:43.0100000,51.516670,12.200000
2022019,"Bari",1371,110,"33T","33T2H6S1Q",1,2026-09-18 13:54:30.4030000,343512,0,0,2026-09-21 13:26:00.9430000,41.117730,16.851180
2557911,"Kingston",979,77,"30U","30U1H6S3Q",2,2010-01-01 00:00:00.0000000,0,101632,0,2026-09-21 13:26:09.4300000,52.850000,-1.900000
2059836,"Filettino",1377,110,"33T","33T2H4S2Q",3,2013-04-27 22:34:01.9430000,8400,0,106708,2026-09-21 13:26:51.6530000,41.891420,13.327500
2211903,"Chieve",1375,110,"32T","32T1H5S2Q",3,2026-08-31 06:52:09.6230000,1396,0,5785,2026-09-21 13:27:15.4300000,45.340470,9.616460
2208244,"Melegnanello",1375,110,"32T","32T1H5S2Q",3,2026-08-31 07:44:52.1670000,879,0,7388,2026-09-21 13:27:54.0970000,45.233330,9.616670
2208756,"Turano Lodigiano",1375,110,"32T","32T1H5S2Q",3,2026-08-31 08:26:35.5870000,1034,0,1757,2026-09-21 13:28:00.3830000,45.248870,9.621460
2206022,"Casalpusterlengo",1375,110,"32T","32T1H5S2Q",1,2025-10-31 22:25:39.5670000,1981,0,0,2026-09-21 13:28:25.1130000,45.176870,9.649060
2523882,"Diemke",707,57,"32U","32U1H5S3Q",3,2026-09-21 13:28:42.4100000,0,0,800,2026-09-21 13:28:42.4100000,52.133330,8.450000
2206621,"Cavacurta",1375,110,"32T","32T1H5S2Q",1,2025-09-29 19:39:06.4700000,2220,0,0,2026-09-21 13:28:50.5100000,45.189770,9.741860
2308992,"Esperance",3578,233,"10T","10T1H2S2Q",2,2015-06-27 04:57:13.2500000,0,1689800,0,2026-09-21 13:30:50.4600000,47.788990,-122.355410
92811,"Toamasina",1878,143,"39K","39K1H4S2Q",2,2026-09-21 13:31:58.7630000,0,821,0,2026-09-21 13:31:58.7630000,-18.166670,49.383330
92812,"Ambodipont",1878,143,"39K","39K1H4S2Q",2,2026-09-21 13:32:10.1600000,0,837,0,2026-09-21 13:32:10.1630000,-18.166670,49.400000
93198,"Ampanalana",1878,143,"39K","39K1H4S2Q",2,2026-09-21 13:32:13.8270000,0,558,0,2026-09-21 13:32:13.8270000,-18.116670,49.400000
93051,"Farafaty",1878,143,"39K","39K1H4S2Q",2,2026-09-21 13:32:16.7300000,0,832,0,2026-09-21 13:32:16.7300000,-18.133330,49.366670
93197,"Befalafa",1878,143,"39K","39K1H4S2Q",2,2026-09-21 13:32:19.5130000,0,741,0,2026-09-21 13:32:19.5130000,-18.116670,49.333330
93491,"Marotetezana",1878,143,"39K","39K1H4S2Q",2,2026-09-21 13:32:23.2470000,0,741,0,2026-09-21 13:32:23.2470000,-18.083330,49.316670
93628,"Ambatomanandoha",1878,143,"39K","39K1H4S2Q",2,2026-09-21 13:32:26.8070000,0,741,0,2026-09-21 13:32:26.8070000,-18.066670,49.300000
93895,"Andobokala",1878,143,"39K","39K1H4S2Q",2,2026-09-21 13:32:31.7500000,0,741,0,2026-09-21 13:32:31.7530000,-18.033330,49.283330
1104575,"Wagou",3392,228,"51Q","51Q1H1S3Q",2,2026-09-21 13:33:44.5870000,0,683,0,2026-09-21 13:33:44.5870000,22.512310,120.387060
1105134,"Qingshuiyan",3392,228,"51Q","51Q1H1S3Q",2,2026-09-21 13:34:02.5670000,0,640,0,2026-09-21 13:34:02.5670000,22.522770,120.389340
1105170,"Tantoucun",3392,228,"51Q","51Q1H1S3Q",2,2026-09-21 13:34:17.6170000,0,631,0,2026-09-21 13:34:17.6170000,22.525710,120.397350
2623488,"Dengelsberg",702,57,"32U","32U1H2S4Q",3,2022-10-25 02:55:30.9330000,0,0,31050,2026-09-21 13:35:29.3670000,54.333330,9.800000
2217661,"Montreal",459,38,"18T","18T1H6S1Q",1,2016-11-12 03:39:02.8630000,142990507,0,0,2026-09-21 13:37:04.9770000,45.508840,-73.587810
1999512,"Christian Springs",3584,233,"18T","18T2H5S3Q",1,2026-07-29 02:40:11.0470000,21150,0,0,2026-09-21 13:37:58.1470000,40.734260,-75.340740
2524746,"Helligen",707,57,"32U","32U1H5S3Q",3,2026-09-21 13:38:32.2000000,0,0,794,2026-09-21 13:38:32.2000000,52.150000,8.450000
2524744,"Harrenheide",707,57,"32U","32U1H5S3Q",3,2026-09-21 13:38:37.7170000,0,0,1100,2026-09-21 13:38:37.7170000,52.150000,8.433330
2182827,"Reggio nell'Emilia",1379,110,"32T","32T1H6S3Q",1,2022-02-01 05:46:09.4630000,3079231,0,0,2026-09-21 13:40:20.2130000,44.698250,10.631250
2709060,"Pionerskiy",2705,192,"41V","41V2H4S3Q",1,2026-07-24 17:40:36.1400000,646621,0,0,2026-09-21 13:42:41.8770000,56.855560,60.635000
1937668,"South Cumberland",3542,233,"17S","17S1H3S2Q",3,2026-06-12 17:36:52.0770000,600,0,386314,2026-09-21 13:43:52.9900000,39.632590,-78.755850
1938183,"Cumberland Heights",3542,233,"17S","17S1H3S2Q",3,2026-03-16 16:19:50.4000000,0,0,621700,2026-09-21 13:44:00.6830000,39.640090,-78.756960
1938985,"Cumberland",3542,233,"17S","17S1H3S2Q",3,2025-09-22 15:48:15.7670000,0,0,2592467,2026-09-21 13:44:08.6500000,39.652870,-78.762520
57973,"Pedrinhas",369,31,"22K","22K2H5S2Q",2,2026-09-21 13:44:13.8170000,0,1200,0,2026-09-21 13:44:13.8170000,-22.816670,-50.783330
1938237,"Ridgeley",3550,233,"17S","17S1H3S2Q",3,2018-08-26 10:54:38.6600000,0,0,30617684,2026-09-21 13:44:15.1600000,39.641480,-78.774460
58035,"Pedrinhas Paulista",369,31,"22K","22K2H5S2Q",2,2026-09-21 13:44:16.8330000,0,1200,0,2026-09-21 13:44:16.8330000,-22.815000,-50.793890
58618,"Cruzalia",369,31,"22K","22K2H5S2Q",2,2026-09-21 13:44:19.6330000,0,1200,0,2026-09-21 13:44:19.6330000,-22.735560,-50.793610
59107,"Sao Jose das Laranjeiras",369,31,"22K","22K2H5S2Q",2,2026-09-21 13:44:22.4970000,0,1200,0,2026-09-21 13:44:22.4970000,-22.672220,-50.863330
1975279,"Harleysville Homestead",3584,233,"18T","18T2H5S3Q",3,2017-08-21 12:27:09.1130000,3102,0,150192,2026-09-21 13:44:24.0400000,40.288600,-75.389600
59133,"Laranjeiras",369,31,"22K","22K2H5S2Q",2,2026-09-21 13:44:25.6030000,0,1200,0,2026-09-21 13:44:25.6030000,-22.666670,-50.866670
1973705,"Lederach",3584,233,"18T","18T2H5S3Q",3,2017-09-14 19:51:40.6000000,3071,0,186913,2026-09-21 13:44:28.0600000,40.261770,-75.406010
60140,"Agisse",369,31,"22K","22K2H5S2Q",2,2026-09-21 13:44:32.2170000,0,1200,0,2026-09-21 13:44:32.2170000,-22.531670,-50.910280
2521511,"Weichensdorf",713,57,"33U","33U1H5S3Q",3,2026-09-18 16:51:03.4700000,0,0,11729,2026-09-21 13:44:51.8930000,52.083330,14.350000
2516853,"Munchhofe",713,57,"33U","33U2H2S1Q",3,2026-09-21 13:45:03.1900000,0,0,1063,2026-09-21 13:45:03.1900000,51.983330,14.316670
78870,"Porto do Sape",369,31,"22K","22K2H3S1Q",2,2026-09-21 13:45:22.5700000,0,1200,0,2026-09-21 13:45:22.5700000,-20.133330,-49.016670
80333,"Lagoa",374,31,"22K","22K1H6S4Q",2,2026-09-21 13:45:30.7970000,0,1200,0,2026-09-21 13:45:30.8000000,-19.933330,-48.700000
2005418,"Charlotte Gardens",3562,233,"18T","18T2H6S3Q",3,2025-06-20 17:02:58.6900000,5274,0,8537,2026-09-21 13:46:02.6030000,40.834820,-73.892360
2524743,"Sankt Annen",708,57,"32U","32U1H5S3Q",3,2026-09-21 13:46:30.8030000,0,0,787,2026-09-21 13:46:30.8030000,52.150000,8.416670
85313,"Jardinesia",374,31,"22K","22K1H6S4Q",2,2026-09-21 13:48:36.2230000,0,1200,0,2026-09-21 13:48:36.2230000,-19.262500,-48.676390
93346,"Antsiraka",1878,143,"39K","39K1H4S2Q",2,2026-09-21 13:48:50.4430000,0,898,0,2026-09-21 13:48:50.4430000,-18.100000,49.400000
93629,"Ambodihariha",1878,143,"39K","39K1H4S2Q",2,2026-09-21 13:48:58.6600000,46,300,0,2026-09-21 13:48:58.6600000,-18.066670,49.383330
93492,"Mahatsara",1878,143,"39K","39K1H4S2Q",2,2026-09-21 13:49:07.8500000,0,898,0,2026-09-21 13:49:07.8500000,-18.083330,49.400000
93760,"Betampona",1878,143,"39K","39K1H4S2Q",2,2026-09-21 13:49:12.4230000,0,741,0,2026-09-21 13:49:12.4230000,-18.050000,49.350000
93896,"Ambonivato",1878,143,"39K","39K1H4S2Q",2,2026-09-21 13:49:15.9330000,0,741,0,2026-09-21 13:49:15.9330000,-18.033330,49.350000
94050,"Vohilava",1878,143,"39K","39K1H4S2Q",2,2026-09-21 13:49:21.7300000,0,741,0,2026-09-21 13:49:21.7300000,-18.016670,49.333330
94049,"Sahandahatra",1878,143,"39K","39K1H4S2Q",2,2026-09-21 13:49:27.1500000,0,741,0,2026-09-21 13:49:27.1500000,-18.016670,49.300000
94320,"Antanambe",1878,143,"39K","39K1H1S4Q",2,2026-09-21 13:49:31.2870000,0,741,0,2026-09-21 13:49:31.2870000,-17.983330,49.300000
2284122,"Northeast Tacoma",3578,233,"10T","10T1H2S2Q",3,2018-07-02 19:17:38.4370000,0,0,2549937,2026-09-21 13:51:08.1970000,47.280930,-122.370120
2039280,"Prospect Hill",3562,233,"18T","18T2H5S2Q",1,2026-09-21 13:13:56.6930000,2220,0,0,2026-09-21 13:53:17.0170000,41.458700,-74.638490
2318273,"Cavalero Corner",3578,233,"10T","10T1H2S2Q",1,2020-06-24 19:30:56.1770000,4476062,0,0,2026-09-21 13:54:32.8700000,47.978150,-122.134850
2059507,"Malagrotta",1377,110,"33T","33T2H4S1Q",3,2018-12-27 09:00:40.1870000,0,0,1611178,2026-09-21 13:54:47.5030000,41.883330,12.333330
2519070,"Ressen",713,57,"33U","33U1H5S3Q",3,2026-09-18 23:08:27.5370000,0,0,11829,2026-09-21 13:57:31.7630000,52.033330,14.183330
2518313,"Goyatz",713,57,"33U","33U1H5S3Q",3,2026-09-21 08:00:38.4300000,0,0,12055,2026-09-21 13:57:46.2470000,52.016670,14.183330
2693684,"Keilour",977,77,"30V","30V2H5S3Q",3,2026-09-21 14:00:31.9130000,0,0,1964,2026-09-21 14:00:34.1870000,56.400000,-3.666670
2696376,"Glenshee",977,77,"30V","30V2H5S3Q",3,2026-09-21 14:00:39.3170000,0,0,2435,2026-09-21 14:00:40.9700000,56.483330,-3.650000
2700138,"Dowally",977,77,"30V","30V2H5S3Q",3,2026-09-21 14:00:49.4400000,1215,0,2418,2026-09-21 14:00:49.4400000,56.600000,-3.616670
852304,"Ban Khlong Soi Thi Sip Et",3203,218,"47P","47P1H6S1Q",1,2026-05-26 06:44:27.6670000,658875,0,0,2026-09-21 14:03:17.3830000,13.958420,100.842140
1738587,"Baibusi",595,48,"48S","48S1H6S4Q",2,2026-09-21 14:03:22.0770000,0,897,0,2026-09-21 14:03:22.0770000,36.175140,107.810170
1739532,"Nanyuan",595,48,"48S","48S1H6S4Q",2,2026-09-21 14:03:24.9170000,0,897,0,2026-09-21 14:03:24.9170000,36.189430,107.798800
1740972,"Xianyuan",595,48,"48S","48S1H6S4Q",2,2026-09-21 14:03:28.7030000,0,897,0,2026-09-21 14:03:28.7030000,36.212380,107.801250
1740859,"Tongshuyuan",595,48,"48S","48S1H6S4Q",2,2026-09-21 14:03:31.3200000,0,897,0,2026-09-21 14:03:31.3200000,36.210450,107.826280
1742058,"Jingziyuan",595,48,"48S","48S1H6S4Q",2,2026-09-21 14:03:35.1600000,0,897,0,2026-09-21 14:03:35.1600000,36.231660,107.792500
1742832,"Jingziyuan",595,48,"48S","48S1H6S4Q",2,2026-09-21 14:03:37.5500000,0,897,0,2026-09-21 14:03:37.5500000,36.244510,107.805700
1742826,"Feng'erwan",595,48,"48S","48S1H6S4Q",2,2026-09-21 14:03:41.2030000,0,897,0,2026-09-21 14:03:41.2030000,36.244490,107.809140
1741460,"Lingou",595,48,"48S","48S1H6S4Q",2,2026-09-21 14:03:44.1600000,0,897,0,2026-09-21 14:03:44.1600000,36.219720,107.865470
854389,"Ban Tai Aen Khlong Sip Si",3213,218,"47P","47P1H6S1Q",2,2026-06-11 14:11:55.6030000,6516,617615,0,2026-09-21 14:03:46.3070000,13.997640,100.914640
1251798,"Dayong",592,48,"48R","48R2H2S4Q",2,2026-09-21 14:04:01.5300000,0,915,0,2026-09-21 14:04:01.5300000,26.200000,105.533330
1251208,"Dayong",592,48,"48R","48R2H2S4Q",2,2026-09-21 14:04:07.0970000,0,915,0,2026-09-21 14:04:07.0970000,26.183330,105.541670
1251207,"Yutang",592,48,"48R","48R2H2S4Q",2,2026-09-21 14:04:11.6870000,0,915,0,2026-09-21 14:04:11.6870000,26.183330,105.483330
1250227,"Liangshuijing",592,48,"48R","48R2H2S4Q",2,2026-09-21 14:04:20.0370000,0,915,0,2026-09-21 14:04:20.0370000,26.158330,105.533330
1249958,"Suokao",592,48,"48R","48R2H2S4Q",2,2026-09-21 14:04:26.5130000,0,915,0,2026-09-21 14:04:26.5130000,26.150000,105.566670
2315040,"Le Val-d'Ajol",952,75,"32T","32T1H1S1Q",1,2017-07-25 23:00:30.2670000,989822,0,0,2026-09-21 14:04:27.6100000,47.916670,6.483330
17033,"Uroonda",138,13,"54H","54H1H1S1Q",2,2026-09-21 14:04:30.7730000,0,1021,0,2026-09-21 14:04:30.7730000,-32.166670,138.616670
16546,"Bendleby",138,13,"54H","54H1H1S1Q",2,2026-09-21 14:04:37.5470000,0,1397,0,2026-09-21 14:04:37.5470000,-32.350000,138.716670
1248778,"Luobie",592,48,"48R","48R2H2S4Q",2,2026-09-21 14:04:37.7470000,0,916,0,2026-09-21 14:04:37.7470000,26.116670,105.583330
16857,"Belton",138,13,"54H","54H1H1S1Q",2,2026-09-21 14:04:45.7370000,0,1023,0,2026-09-21 14:04:45.7370000,-32.233330,138.700000
1248777,"Najia",592,48,"48R","48R2H2S4Q",2,2026-09-21 14:04:50.2300000,0,915,0,2026-09-21 14:04:50.2300000,26.116670,105.516670
1248250,"Zhexi",592,48,"48R","48R2H2S4Q",2,2026-09-21 14:04:54.6000000,0,915,0,2026-09-21 14:04:54.6000000,26.100000,105.466670
12038,"Hoyleton",138,13,"54H","54H1H4S1Q",2,2026-09-21 14:05:14.8400000,0,1145,0,2026-09-21 14:05:14.8400000,-34.033330,138.550000
11871,"Halbury",138,13,"54H","54H1H4S1Q",2,2026-09-21 14:05:21.7030000,0,1145,0,2026-09-21 14:05:21.7030000,-34.083330,138.516670
11823,"Whitwarta",138,13,"54H","54H1H4S1Q",2,2026-09-21 14:05:23.8570000,0,1145,0,2026-09-21 14:05:23.8570000,-34.100000,138.333330
1247929,"Bawan",592,48,"48R","48R2H2S4Q",2,2026-09-21 14:06:30.3730000,0,916,0,2026-09-21 14:06:30.3730000,26.091670,105.566670
858066,"Ban Khlong Chet Bon (2)",3203,218,"47P","47P1H3S3Q",2,2026-09-21 14:07:28.5570000,0,7250,0,2026-09-21 14:07:41.2800000,14.066670,100.766670
11870,"Beaufort",138,13,"54H","54H1H4S1Q",2,2026-09-21 14:07:46.1700000,0,1143,0,2026-09-21 14:07:46.1700000,-34.083330,138.200000
2006759,"Fordham",3562,233,"18T","18T2H6S3Q",1,2026-09-21 14:07:52.5130000,6039,0,0,2026-09-21 14:08:08.9670000,40.859270,-73.898470
1952413,"Eno",3568,233,"13S","13S1H2S2Q",2,2013-08-16 07:27:38.9800000,0,20028028,0,2026-09-21 14:08:10.9770000,39.887210,-104.844140
2007448,"Bedford Park",3562,233,"18T","18T2H6S3Q",3,,600,652,7518,2026-09-21 14:08:53.5430000,40.869200,-73.887610
1429087,"Valley Spring",3549,233,"14R","14R1H2S4Q",1,2026-09-21 14:10:03.4630000,927,0,0,2026-09-21 14:10:03.4630000,30.859340,-98.817260
1422125,"Scotts Crossing",3549,233,"14R","14R1H2S4Q",1,2026-09-21 14:10:11.7700000,915,0,0,2026-09-21 14:10:11.7700000,30.728230,-98.813650
1423844,"Llano",3549,233,"14R","14R1H2S4Q",1,2026-09-21 14:10:20.8300000,945,0,0,2026-09-21 14:10:20.8300000,30.759350,-98.675040
2359884,"Saturna",451,38,"10U","10U2H5S3Q",3,2013-08-01 15:28:48.3600000,0,0,2951649,2026-09-21 14:10:59.6500000,48.799650,-123.202620
2517582,"Doberburg",713,57,"33U","33U2H2S1Q",3,2026-09-19 16:30:09.2100000,0,0,1918,2026-09-21 14:11:09.7870000,52.000000,14.250000
1393238,"Creedmoor",3549,233,"14R","14R1H3S3Q",1,2026-09-21 00:24:55.7800000,2000,0,0,2026-09-21 14:11:22.6770000,30.089940,-97.733890
1394218,"Carl",3549,233,"14R","14R1H3S3Q",1,2026-09-21 00:24:59.3370000,2281,0,0,2026-09-21 14:11:33.1200000,30.114100,-97.749730
64184,"Tapiche",558,46,"19K","19K2H2S4Q",2,2026-09-21 14:13:26.3630000,0,860,0,2026-09-21 14:13:26.3630000,-21.900000,-68.600000
63763,"Calina",558,46,"19K","19K2H2S4Q",2,2026-09-21 14:13:29.3700000,0,885,0,2026-09-21 14:13:29.3700000,-21.950000,-68.600000
63219,"Conchi",558,46,"19K","19K2H5S2Q",2,2026-09-21 14:13:32.1600000,0,885,0,2026-09-21 14:13:32.1600000,-22.033330,-68.633330
65749,"Condoroma",558,46,"19K","19K2H2S4Q",2,2026-09-21 14:13:35.2530000,0,887,0,2026-09-21 14:13:35.2530000,-21.700000,-68.666670
66189,"Lequena",558,46,"19K","19K2H2S4Q",2,2026-09-21 14:13:42.6830000,0,875,0,2026-09-21 14:13:42.6830000,-21.650000,-68.666670
66467,"Aimani",558,46,"19K","19K2H2S4Q",2,2026-09-21 14:13:46.3470000,0,889,0,2026-09-21 14:13:46.3470000,-21.616670,-68.683330
2151712,"Labastide-Saint-Pierre",951,75,"31T","31T2H1S2Q",2,2024-08-14 09:24:43.9730000,0,242810,0,2026-09-21 14:13:53.4400000,43.916670,1.366670
63642,"El Ojo de San Pedro",558,46,"19K","19K2H2S4Q",2,2026-09-21 14:14:01.5500000,0,840,0,2026-09-21 14:14:01.5500000,-21.966670,-68.316670
62730,"Cupo",558,46,"19K","19K2H5S2Q",2,2026-09-21 14:14:09.9370000,0,840,0,2026-09-21 14:14:09.9370000,-22.116670,-68.316670
2290137,"Obererlinsbach",510,43,"32T","32T1H2S1Q",3,2022-12-31 18:20:52.2370000,0,0,10120263,2026-09-21 14:15:30.2100000,47.400000,8.000000
2080777,"Stark",3557,233,"17T","17T2H1S3Q",1,2010-01-01 00:00:00.0000000,6100047,0,0,2026-09-21 14:15:38.5230000,42.375870,-83.372710
2080491,"Livonia",3557,233,"17T","17T2H1S3Q",1,2014-05-04 16:51:54.2670000,6888402,0,0,2026-09-21 14:15:43.1930000,42.368370,-83.352710
2080806,"Elm",3557,233,"17T","17T2H1S3Q",1,2014-07-07 02:30:55.9100000,6865601,0,0,2026-09-21 14:15:52.5530000,42.376700,-83.331320
2080786,"Norton",3557,233,"17T","17T2H1S3Q",1,2014-07-15 02:43:33.1930000,7157628,0,0,2026-09-21 14:16:03.9470000,42.376150,-83.314100
2080847,"Beech",3557,233,"17T","17T2H1S3Q",1,2010-01-01 00:00:00.0000000,6415029,0,0,2026-09-21 14:16:09.9630000,42.377810,-83.295490
2081217,"Redford",3557,233,"17T","17T2H1S3Q",1,2014-06-30 15:57:07.8730000,6854546,0,0,2026-09-21 14:16:14.8300000,42.383370,-83.296600
2081623,"Redford",3557,233,"17T","17T2H1S3Q",1,2014-07-10 05:55:15.9670000,6643249,0,0,2026-09-21 14:16:20.5830000,42.394750,-83.295540
2084217,"Clarenceville",3557,233,"17T","17T2H1S3Q",1,2021-11-20 23:55:55.8130000,1025825,2105,0,2026-09-21 14:16:32.1000000,42.448370,-83.337150
868596,"Ban Na Roeng (1)",3188,218,"47P","47P1H3S3Q",2,2026-09-21 14:19:36.6800000,0,864,0,2026-09-21 14:19:36.6800000,14.300000,100.833330
869293,"Ban Khlong Sip",3188,218,"47P","47P1H3S3Q",2,2026-09-21 14:19:39.9030000,0,778,0,2026-09-21 14:19:39.9030000,14.316670,100.833330
2741763,"Gusyata",2662,192,"40V","40V2H5S1Q",2,2023-05-12 08:54:21.8700000,0,1911180,0,2026-09-21 14:20:16.5370000,57.893060,56.078610
2204677,"Unionvale",3576,233,"10T","10T1H5S1Q",2,2025-12-05 07:06:45.3900000,0,5497901,0,2026-09-21 14:21:19.5730000,45.143170,-123.060660
2557910,"Grindley",979,77,"30U","30U1H6S3Q",2,2026-02-16 06:53:54.5630000,0,83590,0,2026-09-21 14:21:27.9130000,52.850000,-1.933330
2332985,"Utsalady",3578,233,"10U","10U2H5S4Q",2,2016-02-01 00:34:22.4900000,0,1194401,300,2026-09-21 14:22:07.8970000,48.251770,-122.477100
2253379,"Cherrylane",3573,233,"11T","11T1H2S4Q",2,2010-01-01 00:00:00.0000000,0,2043621,0,2026-09-21 14:22:31.5570000,46.516000,-116.681540
2514430,"Ratsvorwerk",713,57,"33U","33U2H1S2Q",3,2026-09-20 15:00:50.2600000,0,0,13437,2026-09-21 14:22:47.0000000,51.933330,13.950000
853179,"Ban Tai Thot Khlong Sip Hok",3213,218,"47P","47P1H6S1Q",1,2013-09-30 08:03:00.6700000,139383,0,0,2026-09-21 14:23:56.4470000,13.972860,100.958860
1598070,"Springfield",3539,233,"16S","16S2H6S2Q",1,2013-10-17 01:49:23.1870000,661967,0,0,2026-09-21 14:25:41.8030000,33.939270,-84.323260
2084107,"Farmington Acres",3557,233,"17T","17T2H1S3Q",1,2015-02-02 17:31:46.8630000,3809622,0,0,2026-09-21 14:25:50.2830000,42.445040,-83.385490
2274249,"Velenta",2637,190,"34T","34T1H2S2Q",1,2026-09-21 14:28:01.2530000,1140,0,0,2026-09-21 14:28:01.2530000,47.048490,21.949480
2273353,"Seleus",2637,190,"34T","34T1H2S2Q",1,2026-09-21 14:28:05.4500000,1058,0,0,2026-09-21 14:28:05.4500000,47.016670,21.966670
2272159,"Ciheiu",2637,190,"34T","34T1H2S4Q",1,2026-09-21 14:28:09.8400000,986,613,0,2026-09-21 14:28:09.8400000,46.983330,21.966670
2272162,"Haieu",2637,190,"34T","34T1H3S3Q",1,2026-09-21 14:28:13.9170000,1883,0,0,2026-09-21 14:28:20.2330000,46.983330,22.000000
2271411,"Betfia",2637,190,"34T","34T1H3S3Q",1,2026-09-21 14:28:24.7570000,1062,0,0,2026-09-21 14:28:24.7570000,46.966670,22.033330
2270732,"Hidiselu de Sus",2637,190,"34T","34T1H3S3Q",1,2026-09-21 14:28:28.8030000,1337,0,0,2026-09-21 14:28:28.8030000,46.950000,22.050000
2270733,"Hidiselu de Jos",2637,190,"34T","34T1H3S3Q",1,2026-09-21 14:28:43.8300000,1926,0,0,2026-09-21 14:28:43.8300000,46.950000,22.066670
862242,"Ban Khlong Sam",3203,218,"47P","47P1H3S3Q",2,2026-09-21 14:29:11.5800000,0,713,0,2026-09-21 14:29:11.5800000,14.150000,100.666670
62624,"Paniri",558,46,"19K","19K2H5S2Q",2,2026-09-21 14:29:39.5170000,0,830,0,2026-09-21 14:29:39.5170000,-22.133330,-68.266670
62439,"Topain",558,46,"19K","19K2H5S2Q",2,2026-09-21 14:29:43.0200000,0,822,0,2026-09-21 14:29:43.0200000,-22.166670,-68.333330
62144,"Turi",558,46,"19K","19K2H5S2Q",2,2026-09-21 14:29:46.7670000,0,822,0,2026-09-21 14:29:46.7670000,-22.216670,-68.283330
61867,"Toconce",558,46,"19K","19K2H5S2Q",2,2026-09-21 14:29:50.2030000,0,822,0,2026-09-21 14:29:50.2030000,-22.266670,-68.183330
2582755,"Blija",2274,167,"31U","31U1H6S2Q",1,2021-04-17 05:50:17.7200000,37960,0,0,2026-09-21 14:29:50.6430000,53.351930,5.861380
61400,"Caspana",558,46,"19K","19K2H5S2Q",2,2026-09-21 14:29:54.4900000,0,838,0,2026-09-21 14:29:54.4900000,-22.333330,-68.233330
61747,"Aiquina",558,46,"19K","19K2H5S2Q",2,2026-09-21 14:29:58.7300000,0,840,0,2026-09-21 14:29:58.7300000,-22.283330,-68.333330
2582430,"Boteburen",2274,167,"31U","31U1H6S2Q",1,2022-11-03 09:22:35.8130000,27050,0,0,2026-09-21 14:30:01.0770000,53.350000,5.850000
2582011,"Hegebeintum",2274,167,"31U","31U1H6S2Q",1,2021-05-20 11:06:09.2200000,23499,0,0,2026-09-21 14:30:07.8000000,53.337250,5.850010
2582023,"Ferwert",2274,167,"31U","31U1H6S2Q",1,2021-05-20 11:21:48.7500000,43878,0,0,2026-09-21 14:30:13.8800000,53.337840,5.825330
2581330,"Marrum",2274,167,"31U","31U1H6S2Q",1,2021-05-20 11:22:12.2500000,27577,0,0,2026-09-21 14:30:20.0500000,53.322770,5.801980
2515614,"Czerwona Wies",2451,180,"33U","33U2H3S1Q",2,2026-09-08 20:04:42.4800000,0,8750,0,2026-09-21 14:30:23.3570000,51.957340,16.784650
2581460,"Westernijkerk",2274,167,"31U","31U1H6S2Q",1,2022-11-13 02:33:35.0470000,31395,0,0,2026-09-21 14:30:27.6100000,53.327490,5.796830
2580579,"Hallum",2274,167,"31U","31U1H6S2Q",1,2021-04-28 09:47:06.5670000,34597,0,0,2026-09-21 14:30:33.8970000,53.306570,5.783790
2580599,"Hallumerhoek",2274,167,"31U","31U1H6S2Q",1,2021-04-28 09:54:38.8770000,43080,0,0,2026-09-21 14:30:40.3800000,53.307240,5.761380
2580727,"Vijfhuizen",2274,167,"31U","31U1H6S2Q",1,2021-05-20 11:22:52.6600000,42309,0,0,2026-09-21 14:30:46.5570000,53.311830,5.749540
2635189,"Whiteabbey",978,77,"30U","30U1H1S3Q",1,2024-11-27 12:45:58.2670000,206472,0,0,2026-09-21 14:30:53.4300000,54.666670,-5.900000
2540898,"Wolvey",979,77,"30U","30U1H6S3Q",0,2026-09-21 14:32:00.0070000,0,0,0,2026-09-21 14:32:00.0070000,52.483330,-1.366670
2550845,"Hugglescote",979,77,"30U","30U1H6S3Q",0,2026-09-21 14:32:11.3170000,0,0,0,2026-09-21 14:32:11.3170000,52.700000,-1.366670
2536030,"Wolston",979,77,"30U","30U1H6S3Q",0,2026-09-21 14:32:22.4400000,0,0,0,2026-09-21 14:32:22.4400000,52.377170,-1.395440
2557916,"Swarkeston",979,77,"30U","30U1H6S3Q",0,2026-09-21 14:32:28.9630000,0,0,0,2026-09-21 14:32:28.9630000,52.850000,-1.433330
1935297,"Waverly",3554,233,"16S","16S1H1S1Q",3,2024-12-20 12:57:28.7030000,0,0,120377,2026-09-21 14:33:06.8200000,39.591720,-89.952880
2034332,"L'Hospitalet de Llobregat",909,68,"31T","31T2H5S1Q",3,2024-03-17 09:35:58.5070000,0,79729,3926421,2026-09-21 14:34:12.7570000,41.359670,2.100280
1908664,"Belhaven Beach",3542,233,"18S","18S1H1S2Q",2,2026-08-11 01:10:07.0430000,13341,82254,0,2026-09-21 14:34:39.5800000,39.127610,-76.477740
2005460,"Borgia Butler Houses",3562,233,"18T","18T2H6S3Q",3,2026-09-21 14:39:34.3270000,0,0,4557,2026-09-21 14:39:34.3300000,40.835830,-73.906940
2005117,"Daniel Webster Houses",3562,233,"18T","18T2H6S3Q",3,2026-09-21 14:39:45.7500000,420,0,2155,2026-09-21 14:39:45.7500000,40.832780,-73.908610
2005495,"High Bridge",3562,233,"18T","18T2H6S3Q",1,2026-09-20 23:51:42.4500000,6611,0,600,2026-09-21 14:39:53.2870000,40.836770,-73.926800
2513191,"Kuban'",2657,192,"39U","39U2H1S2Q",1,2026-09-21 14:39:55.3900000,1200,0,0,2026-09-21 14:39:55.3930000,51.905080,49.528580
2513192,"Nikolayevka",2657,192,"38U","38U2H2S1Q",1,2026-09-21 14:40:00.2930000,1200,0,0,2026-09-21 14:40:00.2930000,51.905100,44.312900
2006100,"Tremont",3562,233,"18T","18T2H6S3Q",1,2026-09-21 03:17:05.8130000,3264,0,1200,2026-09-21 14:40:02.6500000,40.849540,-73.905690
2513200,"Vasil'yevka",2657,192,"38U","38U2H3S2Q",1,2026-09-21 14:40:04.3470000,1200,0,0,2026-09-21 14:40:04.3470000,51.905700,47.205300
2513220,"Svetlinskiy",2715,192,"45U","45U2H1S1Q",1,2026-09-21 14:40:06.9430000,1200,0,0,2026-09-21 14:40:06.9430000,51.906500,84.243600
2513227,"Tsvetochnyy",2677,192,"37U","37U2H2S1Q",1,2026-09-21 14:40:10.2930000,1200,0,0,2026-09-21 14:40:10.2930000,51.906670,38.216390
2513230,"Petrovo",2677,192,"37U","37U2H1S2Q",1,2026-09-21 14:40:15.2970000,1200,0,0,2026-09-21 14:40:15.2970000,51.906680,37.198490
2513241,"Zemlyanyye Khutora",2657,192,"38U","38U2H2S1Q",1,2026-09-21 14:40:20.1430000,1200,0,0,2026-09-21 14:40:20.1430000,51.907200,44.697300
2513245,"Raskhovets",2677,192,"37U","37U2H1S2Q",1,2026-09-21 14:40:24.4830000,1200,0,0,2026-09-21 14:40:24.4830000,51.907490,37.470410
2513255,"Semenovka",2646,192,"37U","37U2H3S1Q",1,2026-09-21 14:40:57.7270000,1200,0,0,2026-09-21 14:40:57.7270000,51.907720,40.052970
94177,"Ambodinonoka",1878,143,"39K","39K1H4S2Q",2,2026-09-21 14:41:00.8430000,0,741,0,2026-09-21 14:41:00.8430000,-18.000000,49.333330
94321,"Sahatrambato",1878,143,"39K","39K1H1S4Q",2,2026-09-21 14:41:04.4730000,0,741,0,2026-09-21 14:41:04.4730000,-17.983330,49.333330
93761,"Ambodipon",1878,143,"39K","39K1H4S2Q",2,2026-09-21 14:41:07.4700000,46,300,0,2026-09-21 14:41:07.4700000,-18.050000,49.400000
93897,"Belambo",1878,143,"39K","39K1H4S2Q",2,2026-09-21 14:41:15.6100000,0,741,0,2026-09-21 14:41:15.6100000,-18.033330,49.416670
94051,"Cocoterie",1878,143,"39K","39K1H4S2Q",2,2026-09-21 14:41:19.9170000,0,741,0,2026-09-21 14:41:19.9170000,-18.016670,49.416670
94179,"Antsiradava",1878,143,"39K","39K1H4S2Q",2,2026-09-21 14:41:22.5400000,0,741,0,2026-09-21 14:41:22.5400000,-18.000000,49.416670
94178,"Antetezambaro",1878,143,"39K","39K1H4S2Q",2,2026-09-21 14:41:24.5500000,0,741,0,2026-09-21 14:41:24.5500000,-18.000000,49.400000
94477,"Vohibary",1878,143,"39K","39K1H1S4Q",2,2026-09-21 14:41:27.5600000,0,741,0,2026-09-21 14:41:27.5600000,-17.966670,49.383330
94478,"Vohibendrana",1878,143,"39K","39K1H1S4Q",2,2026-09-21 14:42:32.7770000,0,741,0,2026-09-21 14:42:32.7770000,-17.966670,49.416670
2528910,"Himbergen",708,57,"32U","32U1H5S3Q",3,2026-09-21 14:44:29.6000000,0,0,952,2026-09-21 14:44:29.6000000,52.233330,8.200000
61866,"Rio Loa",558,46,"19K","19K2H5S2Q",2,2026-09-21 14:44:38.3000000,0,966,0,2026-09-21 14:44:38.3000000,-22.266670,-68.633330
61287,"Chiuchiu",558,46,"19K","19K2H5S2Q",2,2026-09-21 14:44:42.0670000,0,958,0,2026-09-21 14:44:42.0670000,-22.350000,-68.650000
60967,"Isla Grande",558,46,"19K","19K2H5S2Q",2,2026-09-21 14:44:44.7700000,0,904,0,2026-09-21 14:44:44.7700000,-22.400000,-68.683330
61513,"Chuquicamata",558,46,"19K","19K2H5S2Q",2,2026-09-21 14:44:48.1870000,0,456,0,2026-09-21 14:44:48.1870000,-22.316670,-68.933330
60195,"Dupont",558,46,"19K","19K2H5S2Q",2,2026-09-21 14:44:59.3330000,0,504,0,2026-09-21 14:44:59.3330000,-22.516670,-68.950000
59484,"Turicapur",558,46,"19K","19K2H5S2Q",2,2026-09-21 14:45:14.5700000,0,795,0,2026-09-21 14:45:14.5700000,-22.616670,-68.233330
59369,"Rio Grande",558,46,"19K","19K2H5S2Q",2,2026-09-21 14:45:17.9930000,0,801,0,2026-09-21 14:45:17.9930000,-22.633330,-68.183330
2531507,"Westrup",708,57,"32U","32U1H5S3Q",3,2026-09-21 14:45:38.3430000,0,0,935,2026-09-21 14:45:38.3430000,52.283330,8.250000
2562686,"Quarndon",979,77,"30U","30U1H6S3Q",2,2024-10-28 11:21:38.2100000,1500,42223,0,2026-09-21 14:47:24.7370000,52.950000,-1.500000
2521503,"Rocher",713,57,"33U","33U1H5S3Q",3,2026-09-18 22:01:56.7500000,0,0,10664,2026-09-21 14:51:10.6330000,52.083330,14.133330
2549675,"Chasetown",979,77,"30U","30U1H6S3Q",2,2021-08-30 13:48:56.0600000,0,84099,0,2026-09-21 14:51:49.6730000,52.672320,-1.925350
2542367,"Water Orton",979,77,"30U","30U1H6S3Q",2,2026-09-21 14:52:00.2470000,0,1150,0,2026-09-21 14:52:00.2470000,52.515750,-1.740050
2549191,"Newton Regis",979,77,"30U","30U1H6S3Q",2,2026-09-21 14:52:04.6370000,0,1150,0,2026-09-21 14:52:04.6370000,52.666020,-1.587780
2555395,"Calke",979,77,"30U","30U1H6S3Q",2,2026-09-21 14:52:11.9000000,0,1150,0,2026-09-21 14:52:11.9000000,52.795290,-1.449850
2538567,"Foleshill",979,77,"30U","30U1H6S3Q",2,2026-09-21 14:52:25.4300000,0,1150,0,2026-09-21 14:52:25.4300000,52.433330,-1.466670
2537800,"Stretton under Fosse",979,77,"30U","30U1H6S3Q",2,2026-09-21 14:52:31.1500000,0,1150,0,2026-09-21 14:52:31.1500000,52.416670,-1.333330
2536977,"Ely",979,77,"31U","31U1H4S3Q",1,2016-08-24 22:27:29.8530000,1993387,300,900,2026-09-21 14:53:29.5500000,52.398570,0.258110
2542092,"Purmerend",2269,167,"31U","31U1H6S3Q",1,2020-08-17 05:06:06.7100000,819120,0,0,2026-09-21 14:56:59.5200000,52.505000,4.959720
2708963,"Vtuzgorodok",2705,192,"41V","41V2H4S3Q",1,2026-07-24 09:39:04.8830000,1045003,0,0,2026-09-21 14:57:15.6700000,56.851110,60.658060
1940922,"Fountainhead-Orchard Hills",3542,233,"18S","18S1H1S1Q",1,2026-09-21 14:57:28.4300000,1075,0,0,2026-09-21 14:57:28.4300000,39.686360,-77.719010
1940915,"Long Meadow",3542,233,"18S","18S1H1S1Q",1,2026-09-21 14:57:32.8500000,1019,0,0,2026-09-21 14:57:32.8500000,39.686210,-77.712220
1941048,"Orchard Hills",3542,233,"18S","18S1H1S1Q",1,2026-09-21 14:57:38.5000000,517,444,0,2026-09-21 14:57:38.5000000,39.688980,-77.725270
1941334,"Northridge Manor",3542,233,"18S","18S1H1S1Q",1,2026-09-21 14:57:44.3130000,666,0,0,2026-09-21 14:57:44.3130000,39.695370,-77.718880
85821,"Novatos",374,31,"22K","22K1H6S4Q",2,2026-09-21 14:57:44.9700000,0,1200,0,2026-09-21 14:57:44.9700000,-19.183330,-48.683330
85951,"Lajeado",374,31,"22K","22K1H6S4Q",2,2026-09-21 14:57:48.7300000,0,1200,0,2026-09-21 14:57:48.7300000,-19.166670,-48.700000
86090,"Taperao",374,31,"22K","22K1H6S4Q",2,2026-09-21 14:57:52.6300000,0,1200,0,2026-09-21 14:57:52.6300000,-19.150000,-48.750000
1940005,"Hyde Park",3542,233,"18S","18S1H1S1Q",1,2026-09-21 14:57:53.3170000,1064,0,0,2026-09-21 14:57:53.3170000,39.670370,-77.727490
86215,"Barra",374,31,"22K","22K1H6S4Q",2,2026-09-21 14:57:57.8600000,0,1200,0,2026-09-21 14:57:57.8600000,-19.133330,-48.766670
1555242,"East Griffin",3539,233,"16S","16S2H6S2Q",3,2013-07-17 15:50:55.2100000,0,1034,1001987,2026-09-21 14:57:58.3300000,33.243410,-84.231440
1555412,"Griffin",3539,233,"16S","16S2H6S2Q",3,2013-07-17 14:23:32.5300000,0,517,10034813,2026-09-21 14:58:03.2230000,33.246780,-84.264090
1939900,"Terrace Hills",3542,233,"18S","18S1H1S1Q",1,2026-09-21 14:58:03.5930000,1053,0,0,2026-09-21 14:58:03.5930000,39.668150,-77.702220
1556383,"Experiment",3539,233,"16S","16S2H6S2Q",3,2013-09-19 10:38:20.0430000,0,517,1000818,2026-09-21 14:58:07.2030000,33.265390,-84.281590
1939211,"Fiddlesburg",3542,233,"18S","18S1H1S1Q",1,2026-09-21 14:58:10.4570000,798,0,0,2026-09-21 14:58:10.4570000,39.657600,-77.688600
1557063,"Highland Mills",3539,233,"16S","16S2H6S2Q",3,2013-06-25 18:08:54.2200000,0,932,1013959,2026-09-21 14:58:11.7630000,33.277890,-84.282700
1938134,"Sunset Acres",3542,233,"18S","18S1H1S1Q",2,2025-12-13 15:23:28.9070000,1034,2649,0,2026-09-21 14:58:15.0130000,39.638990,-77.684440
1557092,"Experiment",3539,233,"16S","16S2H6S2Q",3,2013-09-19 10:40:31.9430000,0,517,1001692,2026-09-21 14:58:15.7170000,33.278700,-84.275810
1559282,"Pomona",3539,233,"16S","16S2H6S2Q",3,2013-10-05 18:20:39.5270000,0,517,1041589,2026-09-21 14:58:19.7970000,33.319280,-84.283810
1559783,"Caruso",3539,233,"16S","16S2H6S2Q",3,2013-08-05 11:31:05.5370000,0,517,1008110,2026-09-21 14:58:26.6330000,33.329840,-84.287150
1560349,"Sunny Side",3539,233,"16S","16S2H6S2Q",3,2013-07-16 15:05:38.3830000,0,517,999121,2026-09-21 14:58:30.0870000,33.340670,-84.290760
2088290,"Bornarevo",279,22,"34T","34T2H3S3Q",1,2026-09-08 16:01:22.4200000,24776,0,0,2026-09-21 14:58:36.4100000,42.533330,22.933330
172199,"Ipueiras",381,31,"22L","22L1H6S4Q",2,2026-09-21 14:58:58.3200000,0,1200,0,2026-09-21 14:58:58.3200000,-11.238610,-48.463330
169326,"Areao",381,31,"23L","23L1H4S3Q",2,2026-09-21 14:59:08.7070000,0,1200,0,2026-09-21 14:59:08.7070000,-11.583330,-47.916670
170418,"Santa Rosa do Tocantins",381,31,"22L","22L1H6S4Q",2,2026-09-21 14:59:12.5730000,0,1200,0,2026-09-21 14:59:12.5730000,-11.448890,-48.120560
171681,"Santa Isabel",381,31,"22L","22L1H6S4Q",2,2026-09-21 14:59:16.6630000,0,1200,0,2026-09-21 14:59:16.6630000,-11.300000,-48.116670
173034,"Silvanopolis",381,31,"22L","22L1H6S4Q",2,2026-09-21 14:59:20.3600000,0,1200,0,2026-09-21 14:59:20.3600000,-11.146670,-48.169170
59841,"Lagunita",558,46,"19K","19K2H5S2Q",2,2026-09-21 14:59:42.9070000,0,801,0,2026-09-21 14:59:42.9070000,-22.566670,-68.116670
59723,"Machuca",558,46,"19K","19K2H5S2Q",2,2026-09-21 14:59:47.3900000,0,801,0,2026-09-21 14:59:47.3900000,-22.583330,-68.066670
1978028,"Wyndham Hill",3584,233,"18T","18T2H5S3Q",3,2026-09-21 14:59:49.5770000,0,0,1601,2026-09-21 14:59:49.5770000,40.339300,-75.845750
59370,"Penaliri",558,46,"19K","19K2H5S2Q",2,2026-09-21 14:59:50.4700000,0,801,0,2026-09-21 14:59:50.4700000,-22.633330,-68.133330
58369,"Guatin",558,46,"19K","19K2H5S2Q",2,2026-09-21 14:59:53.1400000,0,790,0,2026-09-21 14:59:53.1400000,-22.766670,-68.083330
58224,"Chaxas",558,46,"19K","19K2H6S1Q",2,2026-09-21 14:59:56.9230000,0,805,0,2026-09-21 14:59:56.9230000,-22.783330,-67.983330
2620316,"Glendon",450,38,"12U","12U1H2S3Q",3,2026-09-21 15:00:05.1500000,0,0,777,2026-09-21 15:00:05.1500000,54.250180,-111.168490
2621014,"Franchere",450,38,"12U","12U1H2S3Q",3,2026-09-21 15:00:11.6500000,0,0,775,2026-09-21 15:00:11.6500000,54.266870,-111.035090
2616916,"Rife",450,38,"12U","12U1H2S3Q",3,2026-09-21 15:00:16.8000000,0,0,776,2026-09-21 15:00:16.8000000,54.166880,-111.001790
2613478,"Kehewin Cree Nation",450,38,"12U","12U1H2S4Q",3,2026-09-21 15:00:22.2370000,0,0,775,2026-09-21 15:00:22.2370000,54.083780,-110.834560
1975546,"Sandy Run East",3584,233,"18T","18T2H5S3Q",3,2019-10-20 18:43:17.5670000,0,0,246848,2026-09-21 15:00:24.5500000,40.295190,-75.872320
1975705,"Pheasant Run",3584,233,"18T","18T2H5S3Q",3,2019-11-11 02:10:02.1730000,0,0,247538,2026-09-21 15:00:32.1100000,40.299080,-75.866710
2615585,"Gurneyville",450,38,"12U","12U1H2S4Q",3,2026-09-21 15:00:32.6600000,0,0,774,2026-09-21 15:00:32.6600000,54.133450,-110.751750
2620314,"Pelican Narrows",450,38,"12U","12U1H2S4Q",3,2026-09-21 15:00:38.1600000,0,0,774,2026-09-21 15:00:38.1600000,54.250150,-110.885070
2619640,"Bonnyville Beach",450,38,"12U","12U1H2S4Q",3,2026-09-21 15:00:43.9870000,0,0,774,2026-09-21 15:00:43.9870000,54.233450,-110.868480
94479,"Ambodimanga",1878,143,"39K","39K1H1S4Q",2,2026-09-21 15:01:25.1100000,0,741,0,2026-09-21 15:01:25.1100000,-17.966670,49.433330
94795,"Ambodiatafana",1878,143,"39K","39K1H1S4Q",2,2026-09-21 15:01:32.0300000,46,300,0,2026-09-21 15:01:32.0300000,-17.933330,49.450000
94921,"Sahantsaly",1878,143,"39K","39K1H1S4Q",2,2026-09-21 15:01:35.0170000,0,741,0,2026-09-21 15:01:35.0170000,-17.916670,49.400000
94623,"Mahatsinjo",1878,143,"39K","39K1H1S4Q",2,2026-09-21 15:01:38.0830000,0,741,0,2026-09-21 15:01:38.0830000,-17.950000,49.350000
94794,"Mahambolona",1878,143,"39K","39K1H1S4Q",2,2026-09-21 15:01:41.5370000,0,741,0,2026-09-21 15:01:41.5370000,-17.933330,49.333330
94920,"Ambodihasina",1878,143,"39K","39K1H1S4Q",2,2026-09-21 15:01:44.5930000,0,741,0,2026-09-21 15:01:44.5930000,-17.916670,49.333330
1974546,"Flying Hills",3584,233,"18T","18T2H5S3Q",1,2025-08-10 21:53:32.2370000,39548,0,300,2026-09-21 15:01:45.9970000,40.276400,-75.915930
95073,"Ampiranambo",1878,143,"39K","39K1H1S4Q",2,2026-09-21 15:01:47.3100000,0,741,0,2026-09-21 15:01:47.3100000,-17.900000,49.333330
95072,"Ambodimanga",1878,143,"39K","39K1H1S4Q",2,2026-09-21 15:01:49.9170000,0,741,0,2026-09-21 15:01:49.9170000,-17.900000,49.316670
1974562,"Flying Hills",3584,233,"18T","18T2H5S3Q",1,2026-06-26 20:44:34.7100000,6683,0,1194,2026-09-21 15:01:57.6700000,40.276760,-75.914100
2301104,"Lottstetten",716,57,"32T","32T1H2S1Q",3,2026-04-19 18:05:32.3170000,0,0,25810,2026-09-21 15:02:42.1300000,47.633330,8.566670
2543946,"Croft",979,77,"30U","30U1H6S3Q",2,2026-09-21 15:03:26.1100000,0,1150,0,2026-09-21 15:03:26.1100000,52.550000,-1.233330
2528013,"Chesterton",979,77,"31U","31U1H4S3Q",3,2025-01-04 19:13:31.8900000,0,0,3552,2026-09-21 15:03:46.7630000,52.216670,0.133330
2543154,"Nether Whitacre",979,77,"30U","30U1H6S3Q",2,2026-09-21 15:03:47.0130000,0,1150,0,2026-09-21 15:03:47.0130000,52.533190,-1.657220
2552343,"Linton",979,77,"30U","30U1H6S3Q",2,2026-09-21 15:03:57.2870000,0,1150,0,2026-09-21 15:03:57.2870000,52.733330,-1.583330
2552674,"Woodhouse",979,77,"30U","30U1H6S3Q",2,2026-09-21 15:04:11.4170000,0,1150,0,2026-09-21 15:04:11.4170000,52.733690,-1.202830
2546238,"Great Stretton",979,77,"30U","30U1H6S3Q",2,2026-09-21 15:04:18.3000000,0,1150,0,2026-09-21 15:04:18.3000000,52.600000,-1.016670
2297995,"Weissen",715,57,"32T","32T1H2S2Q",3,2024-10-08 09:08:55.0330000,0,0,20762,2026-09-21 15:04:24.5930000,47.566670,9.900000
1976215,"Newville",3584,233,"18T","18T2H5S3Q",3,2025-05-10 18:04:30.9800000,4283,0,25970,2026-09-21 15:04:33.8730000,40.305660,-75.219900
2513258,"Staryy Kebezen'",2713,192,"45U","45U2H2S2Q",1,2026-09-21 15:04:49.6870000,1200,0,0,2026-09-21 15:04:49.6870000,51.907780,87.124440
2513260,"Kordon",2657,192,"39U","39U2H1S2Q",1,2026-09-21 15:04:53.3600000,1200,0,0,2026-09-21 15:04:53.3600000,51.907950,49.568650
1974519,"Brittany Farms",3584,233,"18T","18T2H5S3Q",3,2019-07-25 20:40:57.5470000,1920,0,147330,2026-09-21 15:04:53.7670000,40.275940,-75.207950
2513263,"Petrovo-Kartsevo",2677,192,"37U","37U2H1S2Q",1,2026-09-21 15:04:56.4500000,1200,0,0,2026-09-21 15:04:56.4500000,51.908050,37.778100
2513277,"Mayskiy",2665,192,"40U","40U2H3S2Q",1,2026-09-21 15:05:00.0500000,1200,0,0,2026-09-21 15:05:00.0500000,51.908330,59.399170
2513304,"Mar'yevka",2646,192,"37U","37U2H3S1Q",1,2026-09-21 15:05:03.8400000,1200,0,0,2026-09-21 15:05:03.8400000,51.909370,40.717470
2527177,"Cambridge",979,77,"31U","31U1H4S3Q",3,2025-08-10 19:17:34.6600000,0,0,18635,2026-09-21 15:05:06.9670000,52.200000,0.116670
2657937,"Solnechnyy",2712,192,"45U","45U1H2S1Q",3,2026-09-03 23:59:24.3900000,0,0,2127,2026-09-21 15:05:58.8270000,55.350000,86.066670
2540054,"Exhall",979,77,"30U","30U1H6S3Q",2,2026-09-21 15:06:36.1930000,0,1150,0,2026-09-21 15:06:36.1930000,52.464640,-1.481440
1867739,"Paderborn",3554,233,"15S","15S1H3S4Q",2,2026-01-16 12:46:44.5370000,29770,70697,0,2026-09-21 15:06:41.9000000,38.360330,-90.042610
1973410,"Winners Circle",3584,233,"18T","18T2H5S3Q",3,2018-09-11 18:22:56.0800000,1920,0,152977,2026-09-21 15:06:57.3330000,40.254500,-75.212500
2530536,"Waterbeach",979,77,"31U","31U1H4S3Q",3,2026-09-21 15:07:05.3470000,0,0,2539,2026-09-21 15:07:05.3470000,52.265530,0.191230
2690862,"Kilmaron",977,77,"30V","30V2H5S3Q",3,2025-05-30 07:08:58.1970000,0,0,2132145,2026-09-21 15:07:43.2370000,56.316670,-3.033330
2023110,"Cheyenne",3579,233,"13T","13T2H5S2Q",2,2017-06-24 00:15:57.6830000,0,1722762,0,2026-09-21 15:07:43.2400000,41.139980,-104.820250
2555546,"Blickling",979,77,"31U","31U1H4S4Q",2,2015-01-23 07:44:07.0170000,0,66620,1262,2026-09-21 15:08:05.2200000,52.800000,1.183330
2560771,"Holt",979,77,"31U","31U1H4S4Q",3,2026-09-21 15:08:21.4200000,300,0,1899,2026-09-21 15:08:21.4200000,52.905910,1.088630
1363240,"Williston Highlands",3538,233,"17R","17R1H4S2Q",1,2025-11-04 11:58:16.0300000,287516,0,0,2026-09-21 15:11:11.5970000,29.333710,-82.535720
1909813,"Silva-De-Amor",3542,233,"18S","18S1H1S2Q",1,2014-02-23 16:12:11.7700000,53959,0,517,2026-09-21 15:11:44.7100000,39.146500,-76.733030
2262285,"Brunigen",523,43,"32T","32T1H2S3Q",3,2022-04-05 17:58:43.2730000,0,0,2478038,2026-09-21 15:14:26.2800000,46.750000,8.133330
64962,"El Molino",349,29,"20K","20K2H1S3Q",2,2026-09-21 15:15:35.7030000,0,933,0,2026-09-21 15:15:35.7030000,-21.800000,-65.750000
65621,"Meruyoc",349,29,"20K","20K2H1S3Q",2,2026-09-21 15:15:41.3430000,0,750,0,2026-09-21 15:15:41.3430000,-21.716670,-65.766670
65620,"Pampa Grande",349,29,"20K","20K2H1S3Q",2,2026-09-21 15:15:45.0470000,0,750,0,2026-09-21 15:15:45.0470000,-21.716670,-65.800000
65619,"Viscachani",349,29,"20K","20K2H1S3Q",2,2026-09-21 15:15:50.6270000,0,750,0,2026-09-21 15:15:50.6270000,-21.716670,-65.833330
2085517,"Southfield",3557,233,"17T","17T2H1S3Q",1,2014-07-02 12:08:38.1400000,3012878,0,0,2026-09-21 15:15:59.5070000,42.473370,-83.221870
62733,"Canchas Blancas",349,29,"20K","20K2H4S1Q",2,2026-09-21 15:16:02.6500000,0,928,0,2026-09-21 15:16:02.6500000,-22.116670,-65.750000
2086538,"Lathrup Village",3557,233,"17T","17T2H1S3Q",1,2014-08-03 14:24:12.5330000,3001967,0,0,2026-09-21 15:16:04.5800000,42.496420,-83.222710
2084814,"Oak Park",3557,233,"17T","17T2H1S3Q",1,2014-07-20 00:42:19.5230000,3008029,0,0,2026-09-21 15:16:15.3770000,42.459480,-83.182710
173637,"Estrema",381,31,"22L","22L1H6S4Q",2,2026-09-21 15:16:25.5670000,0,1200,0,2026-09-21 15:16:25.5670000,-11.081390,-48.159170
175711,"Monte do Carmo",381,31,"22L","22L1H6S2Q",2,2026-09-21 15:16:28.7930000,0,1200,0,2026-09-21 15:16:28.7930000,-10.763330,-48.108890
2086934,"Berkley",3557,233,"17T","17T2H1S3Q",1,2014-07-21 01:54:57.8800000,3242449,0,0,2026-09-21 15:16:32.3500000,42.503090,-83.183540
2085784,"Huntington Woods",3557,233,"17T","17T2H1S3Q",1,2014-07-19 14:03:12.9470000,3325105,0,0,2026-09-21 15:16:37.7770000,42.480590,-83.166870
179159,"Santa Tereza do Tocantins",381,31,"23L","23L1H4S1Q",2,2026-09-21 15:16:38.7070000,0,1200,0,2026-09-21 15:16:38.7070000,-10.282220,-47.808330
2086283,"Royal Oak",3557,233,"17T","17T2H1S3Q",1,2014-05-09 14:26:13.0000000,3027932,0,0,2026-09-21 15:16:43.4330000,42.489480,-83.144650
178333,"Lagoa do Tocantins",381,31,"23L","23L1H4S1Q",2,2026-09-21 15:16:44.7700000,0,1200,0,2026-09-21 15:16:44.7700000,-10.378060,-47.551110
2630746,"Novosyady",441,36,"35U","35U1H1S4Q",3,2026-09-21 15:16:44.9400000,0,0,846,2026-09-21 15:16:44.9400000,54.533330,25.833330
2005670,"University Place",3559,233,"14T","14T2H6S4Q",2,2014-02-16 18:15:27.3670000,0,942676,0,2026-09-21 15:16:45.6970000,40.840830,-96.655290
2085428,"Pleasant Ridge",3557,233,"17T","17T2H1S3Q",1,2014-06-17 22:13:05.9970000,3012868,0,0,2026-09-21 15:16:48.5270000,42.471150,-83.142150
182515,"Novo Acordo",381,31,"23L","23L1H1S3Q",2,2026-09-21 15:16:48.6200000,0,1200,0,2026-09-21 15:16:48.6200000,-9.962780,-47.677220
2630188,"Vishtoki",441,36,"35U","35U1H1S4Q",3,2026-09-21 15:16:49.8930000,0,0,986,2026-09-21 15:16:49.8930000,54.516670,25.833330
176664,"Mata Nova",381,31,"23L","23L1H4S1Q",2,2026-09-21 15:16:58.4230000,0,1200,0,2026-09-21 15:16:58.4230000,-10.616670,-47.266670
2631861,"Balkany",441,36,"35U","35U1H1S4Q",3,2026-09-21 15:17:00.6600000,0,0,986,2026-09-21 15:17:00.6600000,54.566670,25.850000
2631314,"Kezhduny",441,36,"35U","35U1H1S4Q",3,2026-09-21 15:17:04.7000000,0,0,1055,2026-09-21 15:17:04.7000000,54.550000,25.866670
2084868,"Ferndale",3557,233,"17T","17T2H1S3Q",1,2014-06-25 22:38:11.4900000,3002361,0,0,2026-09-21 15:17:15.8930000,42.460590,-83.134650
2631315,"Gudogay",441,36,"35U","35U1H1S4Q",3,2026-09-21 15:17:20.7470000,0,0,1055,2026-09-21 15:17:20.7470000,54.550000,25.900000
169622,"Pedra Furada",381,31,"23L","23L1H4S4Q",2,2026-09-21 15:17:24.2630000,0,1200,0,2026-09-21 15:17:24.2630000,-11.546940,-46.259720
171532,"Cabeceira Velha",380,31,"23L","23L1H4S4Q",2,2026-09-21 15:17:27.3070000,0,1200,0,2026-09-21 15:17:27.3070000,-11.316670,-46.333330
2614778,"Charny-Ruchay",441,36,"35U","35U1H2S3Q",3,2026-09-21 15:18:44.7300000,0,0,931,2026-09-21 15:18:44.7300000,54.116670,26.050000
2097817,"East Lansing",3557,233,"16T","16T2H3S4Q",1,2017-07-10 09:44:20.9430000,2414138,300,0,2026-09-21 15:19:48.0200000,42.736980,-84.483870
2518312,"Goyatz-Guhlen",713,57,"33U","33U1H5S3Q",3,2026-09-21 08:00:15.3170000,0,0,13755,2026-09-21 15:20:01.3800000,52.016670,14.166670
2741266,"Cheremnovo",2661,192,"36V","36V2H4S1Q",3,2026-09-21 15:21:28.2600000,0,0,330,2026-09-21 15:21:28.2600000,57.875100,30.067200
2740458,"Kamenka",2661,192,"36V","36V2H4S1Q",3,2026-09-21 15:21:31.9300000,0,0,323,2026-09-21 15:21:31.9300000,57.849310,30.082190
2740850,"Zagor'ye",2661,192,"36V","36V2H4S1Q",3,2026-09-21 15:21:45.2770000,0,0,375,2026-09-21 15:21:45.2770000,57.861600,30.133000
2740668,"Selishche",2661,192,"36V","36V2H4S1Q",3,2026-09-21 15:21:47.6530000,0,0,372,2026-09-21 15:21:47.6530000,57.852600,30.141100
2740147,"Zakhan'ye",2661,192,"36V","36V2H4S1Q",3,2026-09-21 15:21:50.6800000,0,0,369,2026-09-21 15:21:50.6800000,57.834010,30.143530
2740370,"Potseluyevo",2661,192,"36V","36V2H4S1Q",3,2026-09-21 15:21:54.6530000,0,0,323,2026-09-21 15:21:54.6530000,57.844500,30.280000
2740656,"Kolyanitsa",2661,192,"36V","36V2H4S1Q",3,2026-09-21 15:21:56.7770000,0,0,323,2026-09-21 15:21:56.7770000,57.852040,30.291780
1996106,"Stove Prairie Landing",3568,233,"13T","13T2H5S3Q",2,2021-11-10 00:19:19.8200000,0,1144772,0,2026-09-21 15:26:57.8430000,40.682480,-105.389160
2640355,"Headwood",978,77,"30U","30U1H1S3Q",1,2024-11-20 23:23:35.3330000,111983,0,0,2026-09-21 15:27:22.8270000,54.816670,-5.916670
2214682,"Kelso",3576,233,"10T","10T1H5S2Q",3,2024-03-25 20:44:32.9670000,0,0,4690780,2026-09-21 15:28:15.2770000,45.418450,-122.308140
2004247,"Maello",908,68,"30T","30T2H4S4Q",3,2021-11-02 11:01:12.4800000,0,0,153631,2026-09-21 15:28:21.2700000,40.816670,-4.500000
62837,"Tafna",118,10,"20K","20K2H4S1Q",2,2026-09-21 15:29:50.6000000,0,747,0,2026-09-21 15:29:50.6000000,-22.100000,-65.733330
62734,"Pueblo Viejo",118,10,"20K","20K2H4S1Q",2,2026-09-21 15:29:53.6870000,0,747,0,2026-09-21 15:29:53.6870000,-22.116670,-65.716670
62838,"La Quiaca",118,10,"20K","20K2H4S1Q",2,2026-09-21 15:29:56.7700000,0,747,0,2026-09-21 15:29:56.7700000,-22.100000,-65.616670
63409,"Falda",349,29,"20K","20K2H4S1Q",2,2026-09-21 15:30:03.9630000,171,1086,0,2026-09-21 15:30:03.9630000,-22.000000,-65.583330
62841,"Yavi Chico",118,10,"20K","20K2H4S1Q",2,2026-09-21 15:30:11.2900000,0,746,0,2026-09-21 15:30:11.2900000,-22.100000,-65.466670
1585948,"Westminster",3567,233,"11S","11S2H4S2Q",3,2013-04-20 16:50:04.9230000,647,0,1593808,2026-09-21 15:30:57.6700000,33.759180,-118.006730
1613709,"Douglas",3551,233,"16S","16S2H2S4Q",1,2026-09-06 02:59:58.4330000,44250,0,0,2026-09-21 15:31:22.1030000,34.173710,-86.323590
2531502,"Darum",708,57,"32U","32U1H5S3Q",3,2026-09-21 15:31:51.4470000,0,0,1004,2026-09-21 15:31:51.4500000,52.283330,8.150000
2532304,"Gross Haltern",708,57,"32U","32U1H5S3Q",3,2026-09-21 15:31:55.2270000,0,27,952,2026-09-21 15:31:55.2270000,52.300000,8.183330
2566017,"Greasley",979,77,"30U","30U1H6S1Q",3,2024-05-14 15:19:59.8600000,0,0,769462,2026-09-21 15:31:55.6500000,53.016670,-1.266670
2531503,"Meckelesch",708,57,"32U","32U1H5S3Q",3,2026-09-21 15:31:58.6200000,0,0,951,2026-09-21 15:31:58.6200000,52.283330,8.183330
1880088,"O'Fallon",3554,233,"16S","16S1H1S3Q",3,2021-11-24 14:04:38.9500000,0,0,59181348,2026-09-21 15:32:00.3200000,38.592270,-89.911210
2528045,"Altholzhausen",708,57,"32U","32U1H5S3Q",3,2026-09-21 15:32:03.2670000,0,252,935,2026-09-21 15:32:03.2670000,52.216670,8.016670
2529793,"Wissingen",708,57,"32U","32U1H5S3Q",3,2026-09-21 15:32:08.7600000,0,184,950,2026-09-21 15:32:08.7600000,52.250000,8.200000
2311713,"Faucogney-et-la-Mer",957,75,"32T","32T1H1S1Q",1,2015-09-06 19:33:34.9000000,1001844,0,0,2026-09-21 15:32:20.1630000,47.850000,6.566670
1380761,"Carta Valley",3549,233,"14R","14R1H4S2Q",1,2026-09-21 15:32:34.9370000,990,0,0,2026-09-21 15:32:34.9370000,29.793550,-100.674820
2513305,"Pertsovka",2677,192,"37U","37U2H1S2Q",1,2026-09-21 15:32:34.9670000,1200,0,0,2026-09-21 15:32:34.9670000,51.909390,37.583180
2513306,"Ogni",2715,192,"44U","44U2H3S2Q",1,2026-09-21 15:32:37.4430000,1200,0,0,2026-09-21 15:32:37.4430000,51.909400,83.541200
95226,"Vohitrandiana",1878,143,"39K","39K1H1S4Q",2,2026-09-21 15:32:40.0930000,0,741,0,2026-09-21 15:32:40.0930000,-17.883330,49.333330
2513310,"Khorevka",2654,192,"37U","37U2H3S2Q",1,2026-09-21 15:32:42.5400000,1200,0,0,2026-09-21 15:32:42.5400000,51.909440,41.133610
1410550,"Roosevelt",3549,233,"14R","14R1H1S4Q",1,2026-09-21 15:32:44.7430000,1023,0,0,2026-09-21 15:32:44.7430000,30.491020,-100.055080
2513313,"Novopokrovka",2646,192,"37U","37U2H3S1Q",1,2026-09-21 15:32:44.9370000,1200,0,0,2026-09-21 15:32:44.9370000,51.909720,40.105000
95596,"Marovato",1878,143,"39K","39K1H1S4Q",2,2026-09-21 15:32:46.2130000,0,741,0,2026-09-21 15:32:46.2130000,-17.850000,49.316670
2513315,"Bakhmet'yevka",2657,192,"38U","38U2H2S1Q",1,2026-09-21 15:32:47.7070000,1200,0,0,2026-09-21 15:32:47.7070000,51.909800,44.128000
96048,"Antsirandrano",1878,143,"39K","39K1H1S4Q",2,2026-09-21 15:32:48.9330000,0,741,0,2026-09-21 15:32:48.9330000,-17.816670,49.316670
2513322,"Vorontsovka",2677,192,"37U","37U2H1S2Q",1,2026-09-21 15:32:50.2770000,1200,0,0,2026-09-21 15:32:50.2770000,51.910000,37.562500
95835,"Iaronga",1878,143,"39K","39K1H1S4Q",2,2026-09-21 15:32:51.5700000,0,741,0,2026-09-21 15:32:51.5700000,-17.833330,49.333330
2513325,"Verkhotop'ye",2677,192,"37U","37U2H2S1Q",1,2026-09-21 15:32:52.5930000,1200,0,0,2026-09-21 15:32:52.5930000,51.910150,38.401370
1390064,"Rocksprings",3549,233,"14R","14R1H1S4Q",1,2026-09-21 15:32:52.6230000,1005,0,0,2026-09-21 15:32:52.6230000,30.015760,-100.205360
95597,"Maromandia",1878,143,"39K","39K1H1S4Q",2,2026-09-21 15:32:55.2270000,0,741,0,2026-09-21 15:32:55.2270000,-17.850000,49.333330
2513331,"Gadileva",2696,192,"40U","40U2H3S1Q",1,2026-09-21 15:32:56.6630000,1200,0,0,2026-09-21 15:32:56.6630000,51.910280,58.486390
95391,"Ambodivoahangy",1878,143,"39K","39K1H1S4Q",2,2026-09-21 15:32:59.4600000,0,741,0,2026-09-21 15:32:59.4600000,-17.866670,49.366670
1378172,"Leakey",3549,233,"14R","14R1H5S1Q",1,2026-09-21 15:33:03.3430000,1005,0,0,2026-09-21 15:33:03.3430000,29.728840,-99.761450
95598,"Antohaky",1878,143,"39K","39K1H1S4Q",2,2026-09-21 15:33:04.0570000,0,741,0,2026-09-21 15:33:04.0570000,-17.850000,49.366670
95836,"Ambodimangasahimpa",1878,143,"39K","39K1H1S4Q",2,2026-09-21 15:33:07.5400000,0,741,0,2026-09-21 15:33:07.5400000,-17.833330,49.350000
1378791,"Vanderpool",3549,233,"14R","14R1H5S1Q",1,2026-09-21 15:33:13.0970000,1010,0,0,2026-09-21 15:33:13.0970000,29.745220,-99.555050
2518311,"Guhlen",713,57,"33U","33U1H5S3Q",3,2026-09-21 15:02:05.9900000,0,0,12164,2026-09-21 15:33:16.8200000,52.016670,14.150000
1406032,"Hilltop",3549,233,"14R","14R1H2S4Q",1,2026-09-21 15:33:26.5700000,448,0,0,2026-09-21 15:33:26.5700000,30.397700,-98.968660
1408359,"Blowout",3549,233,"14R","14R1H2S4Q",1,2026-09-21 15:33:34.2370000,1085,0,0,2026-09-21 15:33:34.2370000,30.447140,-98.577530
2278079,"Oberweg",131,12,"33T","33T1H2S1Q",1,2019-02-03 21:09:25.8170000,18575940,0,0,2026-09-21 15:33:36.6770000,47.150000,14.633330
2297996,"Hagelstein",715,57,"32T","32T1H2S2Q",3,2024-10-08 07:22:03.5430000,0,0,20799,2026-09-21 15:33:40.6200000,47.566670,9.916670
1406296,"Willow City",3549,233,"14R","14R1H2S4Q",1,2026-09-21 15:33:41.1530000,1063,0,0,2026-09-21 15:33:41.1530000,30.400750,-98.701420
2411984,"Osnova",3439,230,"37U","37U2H4S1Q",1,2013-04-23 08:31:46.1400000,1996309,0,300,2026-09-21 15:33:42.6030000,49.933330,36.266670
1410128,"Cherry Spring",3549,233,"14R","14R1H2S3Q",1,2026-09-21 15:33:48.0400000,1048,0,0,2026-09-21 15:33:48.0430000,30.483250,-99.009220
2410808,"Kotlyary",3439,230,"37U","37U2H4S1Q",1,2013-07-03 13:36:50.3430000,1990263,0,300,2026-09-21 15:33:49.7970000,49.912780,36.273890
2411353,"Molchany",3439,230,"37U","37U2H4S1Q",1,2013-04-25 10:31:44.8300000,1995029,0,300,2026-09-21 15:33:53.3000000,49.920280,36.302780
2411572,"Fedortsy",3439,230,"37U","37U2H4S1Q",1,2013-04-28 17:53:02.6070000,2002164,0,300,2026-09-21 15:33:57.4500000,49.929720,36.317780
2412128,"Pavlenkov",3439,230,"37U","37U2H4S1Q",1,2013-04-28 18:12:30.1770000,1999723,0,299,2026-09-21 15:34:02.3230000,49.937500,36.323330
2412357,"Chunikhin",3439,230,"37U","37U2H4S1Q",1,2013-04-28 20:33:45.9100000,2000879,0,299,2026-09-21 15:34:06.0370000,49.946940,36.336670
2412879,"Losevo",3439,230,"37U","37U2H4S1Q",1,2013-04-28 20:37:12.0100000,2005096,0,300,2026-09-21 15:34:09.4670000,49.953610,36.321670
2413162,"Imeni Frunze",3439,230,"37U","37U2H4S1Q",1,2013-04-28 20:35:22.3770000,2007553,0,300,2026-09-21 15:34:13.0300000,49.965850,36.338520
2554669,"Colton",979,77,"30U","30U1H6S3Q",2,2025-08-30 20:28:08.4830000,0,69136,0,2026-09-21 15:34:28.3830000,52.781790,-1.927930
2393038,"Viernheim",710,57,"32U","32U2H5S1Q",2,2020-09-30 06:55:13.2430000,0,673615,0,2026-09-21 15:40:43.9470000,49.541670,8.578610
2400195,"Biblis",710,57,"32U","32U2H5S1Q",2,2026-09-21 15:40:56.7500000,0,1547,0,2026-09-21 15:40:56.7500000,49.691670,8.458610
96243,"Ampalibe",1878,143,"39K","39K1H1S4Q",2,2026-09-21 15:41:26.6930000,0,741,0,2026-09-21 15:41:26.6930000,-17.800000,49.350000
96435,"Antsiranantsara",1878,143,"39K","39K1H1S4Q",2,2026-09-21 15:41:31.0570000,0,741,0,2026-09-21 15:41:31.0570000,-17.783330,49.350000
96843,"Marovato",1878,143,"39K","39K1H1S4Q",2,2026-09-21 15:41:33.2870000,0,741,0,2026-09-21 15:41:33.2870000,-17.750000,49.316670
2423469,"Weisskirchen",710,57,"32U","32U2H2S3Q",2,2015-02-04 18:07:58.8800000,0,2217654,0,2026-09-21 15:41:47.3730000,50.183330,8.600000
2423468,"Stierstadt",710,57,"32U","32U2H2S3Q",2,2016-06-13 16:17:57.2900000,0,1236118,0,2026-09-21 15:41:54.5770000,50.183330,8.583330
2278585,"Chateau-Bougon",949,75,"30T","30T1H3S1Q",1,2023-06-21 17:04:09.7770000,1007690,0,0,2026-09-21 15:41:56.7530000,47.166670,-1.583330
2279976,"Reze",949,75,"30T","30T1H3S1Q",1,2023-11-15 11:28:51.8770000,947857,0,0,2026-09-21 15:42:05.3700000,47.200000,-1.566670
2276654,"Saint-Aignan-Grandlieu",949,75,"30T","30T1H3S1Q",1,2023-05-18 09:17:31.1700000,21822,0,0,2026-09-21 15:42:23.7870000,47.116670,-1.633330
2276037,"La Chevroliere",949,75,"30T","30T1H3S1Q",1,2023-06-16 21:27:05.9970000,147197,0,0,2026-09-21 15:42:31.1770000,47.100000,-1.616670
2288380,"Le Lavoir",949,75,"30T","30T1H3S1Q",1,2023-06-17 10:52:54.6430000,19155,0,0,2026-09-21 15:43:05.7730000,47.366670,-1.500000
2286789,"Suce-sur-Erdre",949,75,"30T","30T1H3S1Q",1,2023-06-22 09:53:13.4070000,956193,0,0,2026-09-21 15:43:11.8000000,47.333330,-1.533330
2556995,"Fakenham",979,77,"31U","31U1H4S3Q",2,2015-09-30 09:18:17.3600000,1200,1396551,3222,2026-09-21 15:43:22.1400000,52.829960,0.847700
2285096,"La Chapelle-sur-Erdre",949,75,"30T","30T1H3S1Q",1,2023-06-21 17:39:22.3100000,935882,0,0,2026-09-21 15:43:22.2630000,47.300000,-1.550000
2284216,"La Vriere",949,75,"30T","30T1H3S1Q",1,2023-06-21 17:39:19.1370000,990575,0,0,2026-09-21 15:43:28.9230000,47.283330,-1.550000
2281545,"La Remaudiere",949,75,"30T","30T1H3S1Q",1,2021-08-03 14:02:44.4570000,121338,0,0,2026-09-21 15:43:58.3100000,47.233330,-1.250000
62629,"Yavi",118,10,"20K","20K2H4S1Q",2,2026-09-21 15:44:54.6700000,0,746,0,2026-09-21 15:44:54.6700000,-22.133330,-65.466670
62442,"Suripugio",118,10,"20K","20K2H4S1Q",2,2026-09-21 15:44:57.4700000,0,745,0,2026-09-21 15:44:57.4700000,-22.166670,-65.366670
62538,"Inti Cancha",118,10,"20K","20K2H4S1Q",2,2026-09-21 15:45:00.9800000,0,745,0,2026-09-21 15:45:00.9800000,-22.150000,-65.300000
61962,"Rincon de Cajas",118,10,"20K","20K2H4S1Q",2,2026-09-21 15:45:06.8270000,0,744,0,2026-09-21 15:45:06.8270000,-22.250000,-65.300000
62353,"San Juancito",118,10,"20K","20K2H4S1Q",2,2026-09-21 15:45:09.8430000,0,746,0,2026-09-21 15:45:09.8430000,-22.183330,-65.550000
172382,"Mutamba",380,31,"23L","23L1H4S4Q",2,2026-09-21 15:45:23.4930000,0,1200,0,2026-09-21 15:45:23.4930000,-11.216670,-46.366670
2316377,"Jamison Corner",3578,233,"10T","10T1H2S2Q",2,2016-07-22 15:02:46.7670000,0,1331692,0,2026-09-21 15:45:29.3870000,47.935380,-122.012070
172517,"Barra do Rio",380,31,"23L","23L1H4S4Q",2,2026-09-21 15:45:31.5000000,0,1200,0,2026-09-21 15:45:31.5000000,-11.200000,-46.133330
173274,"Pedra de Fogo",380,31,"23L","23L1H5S3Q",2,2026-09-21 15:45:48.8070000,0,1200,0,2026-09-21 15:45:48.8070000,-11.116670,-45.966670
173275,"Cachoeira",380,31,"23L","23L1H5S3Q",2,2026-09-21 15:45:51.7600000,0,1200,0,2026-09-21 15:45:51.7600000,-11.116670,-45.883330
173575,"Brejo do Salto",380,31,"23L","23L1H5S3Q",2,2026-09-21 15:45:59.6330000,0,1200,0,2026-09-21 15:45:59.6330000,-11.083330,-45.733330
174013,"Sao Marcelo",380,31,"23L","23L1H5S3Q",2,2026-09-21 15:46:03.5700000,0,1200,0,2026-09-21 15:46:03.5700000,-11.033330,-45.533330
174409,"Santa Luzia",380,31,"23L","23L1H5S1Q",2,2026-09-21 15:46:07.4600000,0,1200,0,2026-09-21 15:46:07.4600000,-10.983330,-45.550000
174665,"Brejao",380,31,"23L","23L1H5S1Q",2,2026-09-21 15:46:20.2670000,0,1200,0,2026-09-21 15:46:20.2670000,-10.938610,-45.714720
2412908,"Imeni Frunze",3439,230,"37U","37U2H4S1Q",1,2013-04-28 15:58:28.6870000,2001069,0,300,2026-09-21 15:48:55.0400000,49.954870,36.353440
2412755,"Krasnaya Armiya",3439,230,"37U","37U2H4S1Q",1,2013-04-28 15:35:58.8130000,2012493,0,300,2026-09-21 15:48:59.1200000,49.950000,36.366670
2800097,"Hiivola",927,70,"35V","35V1H4S3Q",1,2021-12-16 10:24:05.1470000,29374,0,0,2026-09-21 15:49:02.2470000,60.700000,24.700000
2411362,"Logachevka",3439,230,"37U","37U2H4S1Q",1,2013-04-28 16:01:15.3930000,1994216,0,300,2026-09-21 15:49:03.0600000,49.920560,36.358610
2084930,"Hazel Park",3557,233,"17T","17T2H1S3Q",1,2014-04-10 14:25:24.8400000,3163329,0,0,2026-09-21 15:49:03.8470000,42.462540,-83.104090
2413981,"Kulynychi",3439,230,"37U","37U2H4S1Q",1,2013-04-28 20:04:52.1600000,2004724,0,300,2026-09-21 15:49:08.1200000,49.981940,36.378330
2082214,"Highland Park",3557,233,"17T","17T2H1S3Q",1,2016-03-06 00:37:37.6330000,3228059,0,0,2026-09-21 15:49:10.0730000,42.405590,-83.096870
2800099,"Herajoki",927,70,"35V","35V1H4S3Q",1,2021-12-16 10:24:16.1700000,4997,2239,0,2026-09-21 15:49:10.7970000,60.700000,24.750000
2414502,"Petrenkov",3439,230,"37U","37U2H4S1Q",1,2013-04-28 13:28:14.8570000,2013456,0,300,2026-09-21 15:49:11.7000000,49.985280,36.348890
2081558,"Hamtramck",3557,233,"17T","17T2H1S3Q",1,2013-11-28 06:26:49.0730000,4081102,0,0,2026-09-21 15:49:14.9600000,42.392820,-83.049640
2415216,"Imennyy Kirova",3439,230,"37U","37U2H1S3Q",1,2013-04-23 07:06:43.5100000,1991798,0,300,2026-09-21 15:49:15.3200000,50.003130,36.320360
2415399,"Shevchenky",3439,230,"37U","37U2H1S3Q",1,2013-12-13 18:36:43.9630000,2046829,0,300,2026-09-21 15:49:19.6630000,50.012090,36.312740
2800307,"Selanoja",927,70,"35V","35V1H4S3Q",1,2022-02-06 09:25:07.5670000,19584,0,0,2026-09-21 15:49:25.8670000,60.716670,24.883330
2799129,"Keskusta",927,70,"35V","35V1H4S3Q",1,2014-06-18 21:19:42.4730000,361807,0,0,2026-09-21 15:49:41.9300000,60.631600,24.862920
2799309,"Vieremae",927,70,"35V","35V1H4S3Q",1,2022-12-09 14:47:52.7070000,25856,0,0,2026-09-21 15:49:48.3330000,60.636860,24.842620
1469650,"Haivan Vaya",3572,233,"12R","12R1H2S1Q",1,2026-09-21 15:50:08.3600000,529,0,0,2026-09-21 15:50:08.3600000,31.609810,-111.873450
1469295,"San Agustin",3572,233,"12R","12R1H2S1Q",1,2026-09-21 15:50:16.6900000,529,0,0,2026-09-21 15:50:16.6900000,31.602310,-111.894840
2799217,"Mantsala",927,70,"35V","35V1H4S4Q",1,2018-09-11 13:33:26.3200000,107547,0,0,2026-09-21 15:50:20.9800000,60.633330,25.316670
1469995,"Veintiuno de Marzo",2146,158,"12R","12R1H1S2Q",1,2026-09-21 15:50:35.6870000,528,0,0,2026-09-21 15:50:35.6870000,31.616670,-112.283330
2665277,"Makarovo",2671,192,"37U","37U1H1S2Q",2,2026-08-23 08:57:38.2400000,0,3381,0,2026-09-21 15:50:49.5430000,55.572870,37.428310
2664840,"Sosenki",2671,192,"37U","37U1H1S2Q",2,2026-08-26 19:38:28.8530000,0,3377,0,2026-09-21 15:50:56.4700000,55.562420,37.439920
2664803,"Larevo",2671,192,"37U","37U1H1S2Q",2,2026-08-26 19:38:36.7970000,0,3373,0,2026-09-21 15:51:05.0100000,55.560000,37.410000
2664846,"Letovo",2671,192,"37U","37U1H1S2Q",2,2026-08-28 04:33:46.3900000,0,3592,0,2026-09-21 15:51:14.3100000,55.562670,37.398670
2795904,"Kreppelby",927,70,"35V","35V1H4S4Q",1,2020-02-22 00:53:44.1500000,18942,0,0,2026-09-21 15:51:15.2270000,60.423890,25.819720
97038,"Andapa",1878,143,"39K","39K1H1S4Q",2,2026-09-21 15:51:43.6730000,0,741,0,2026-09-21 15:51:43.6730000,-17.733330,49.350000
2793131,"Varlax",927,70,"35V","35V1H4S4Q",1,2022-09-20 10:11:18.1930000,22508,0,0,2026-09-21 15:51:46.9530000,60.250000,25.650000
96844,"Andondahe",1878,143,"39K","39K1H1S4Q",2,2026-09-21 15:51:47.1700000,0,741,0,2026-09-21 15:51:47.1700000,-17.750000,49.366670
96847,"Vohimarina",1878,143,"39K","39K1H1S4Q",2,2026-09-21 15:51:51.4730000,0,741,0,2026-09-21 15:51:51.4730000,-17.750000,49.400000
96845,"Andondabe",1878,143,"39K","39K1H1S4Q",2,2026-09-21 15:51:55.8530000,0,741,0,2026-09-21 15:51:55.8530000,-17.750000,49.383330
97206,"Antanetilava",1878,143,"39K","39K1H1S4Q",2,2026-09-21 15:51:59.7770000,0,741,0,2026-09-21 15:51:59.7770000,-17.716670,49.366670
97360,"Ambodiampaly",1878,143,"39K","39K1H1S4Q",2,2026-09-21 15:52:03.0170000,0,741,0,2026-09-21 15:52:03.0170000,-17.700000,49.333330
97509,"Marovato",1878,143,"39K","39K1H1S4Q",2,2026-09-21 15:52:06.4500000,0,741,0,2026-09-21 15:52:06.4500000,-17.683330,49.333330
97980,"Sandramalo",1878,143,"39K","39K1H1S4Q",2,2026-09-21 15:52:15.5770000,0,741,0,2026-09-21 15:52:15.5770000,-17.633330,49.333330
2557120,"Sandringham",979,77,"31U","31U1H4S3Q",3,2015-12-27 06:25:43.3800000,0,0,3294126,2026-09-21 15:53:07.5130000,52.833330,0.516670
174956,"Salto",380,31,"23L","23L1H5S1Q",2,2026-09-21 15:55:20.1270000,0,1200,0,2026-09-21 15:55:20.1270000,-10.886390,-45.821670
175438,"Tabuada",380,31,"23L","23L1H5S1Q",2,2026-09-21 15:55:22.9170000,0,1200,0,2026-09-21 15:55:22.9170000,-10.802500,-45.940560
175548,"Prazeres",380,31,"23L","23L1H4S2Q",2,2026-09-21 15:55:25.9200000,0,1200,0,2026-09-21 15:55:25.9200000,-10.785280,-46.085280
2290984,"Mellingen",528,43,"32T","32T1H2S1Q",3,2023-02-11 10:12:18.4200000,0,0,2002455,2026-09-21 15:56:29.0230000,47.416670,8.266670
469507,"Pinan",827,63,"17N","17N2H6S4Q",3,2026-09-21 15:56:48.0300000,0,0,1200,2026-09-21 15:56:48.0300000,0.533330,-78.433330
471930,"Oso",827,63,"17N","17N2H6S4Q",3,2026-09-21 15:56:58.6170000,0,0,1200,2026-09-21 15:56:58.6170000,0.700000,-78.300000
472133,"Hacienda Mundo Nuevo",834,63,"17N","17N2H6S4Q",3,2026-09-21 15:57:10.3200000,0,0,1200,2026-09-21 15:57:10.3200000,0.716670,-78.200000
472305,"Guadual",827,63,"17N","17N2H6S4Q",3,2026-09-21 15:57:17.3130000,0,0,1200,2026-09-21 15:57:17.3130000,0.733330,-78.233330
472720,"Hacienda San Juan de Tablas",834,63,"17N","17N2H6S4Q",3,2026-09-21 15:57:22.8500000,0,0,1200,2026-09-21 15:57:22.8500000,0.766670,-78.250000
472717,"Jijon y Caamano",834,63,"17N","17N2H6S4Q",3,2026-09-21 15:57:26.8230000,0,0,1200,2026-09-21 15:57:26.8230000,0.766670,-78.266670
472944,"Hacienda Juan Grande",827,63,"17N","17N2H6S4Q",3,2026-09-21 15:57:30.7370000,0,0,1200,2026-09-21 15:57:30.7370000,0.783330,-78.283330
472942,"Carolina",827,63,"17N","17N2H6S4Q",3,2026-09-21 15:57:34.8700000,0,0,1200,2026-09-21 15:57:34.8700000,0.783330,-78.300000
2297046,"Mumpf",528,43,"32T","32T1H1S2Q",2,2025-12-23 14:39:50.4230000,0,23382,300,2026-09-21 15:58:30.6330000,47.545630,7.921230
2671369,"Fedurnovo",2671,192,"37U","37U1H2S1Q",2,2026-09-21 15:58:10.5500000,0,13824,0,2026-09-21 15:58:32.8230000,55.754880,38.046960
2519072,"Speichrow",713,57,"33U","33U1H5S3Q",3,2026-09-18 23:08:02.4800000,0,0,11864,2026-09-21 15:58:44.3470000,52.033330,14.216670
2670735,"Kuskovo",2670,192,"37U","37U1H1S2Q",2,,0,1366158,0,2026-09-21 15:59:09.6370000,55.734230,37.826160
2668682,"Lyublino",2670,192,"37U","37U1H1S2Q",2,2020-03-03 12:29:26.2800000,0,1528496,0,2026-09-21 15:59:18.0770000,55.679230,37.752500
95227,"Ampandramana",1878,143,"39K","39K1H1S4Q",2,2026-09-21 15:59:46.0970000,46,300,0,2026-09-21 15:59:46.0970000,-17.883330,49.416670
95074,"Vohitsara",1878,143,"39K","39K1H1S4Q",2,2026-09-21 15:59:52.7600000,0,741,0,2026-09-21 15:59:52.7600000,-17.900000,49.450000
95229,"Tanambao",1878,143,"39K","39K1H1S4Q",2,2026-09-21 15:59:55.9100000,46,300,0,2026-09-21 15:59:55.9100000,-17.883330,49.450000
95231,"Anosibe",1878,143,"39K","39K1H1S4Q",2,2026-09-21 16:00:00.2400000,0,741,0,2026-09-21 16:00:00.2400000,-17.883330,49.466670
95392,"Ifasandiana",1878,143,"39K","39K1H1S4Q",2,2026-09-21 16:00:04.3530000,0,741,0,2026-09-21 16:00:04.3530000,-17.866670,49.466670
95600,"Ankadirano",1878,143,"39K","39K1H1S4Q",2,2026-09-21 16:00:07.4200000,46,300,0,2026-09-21 16:00:07.4200000,-17.850000,49.466670
62262,"Corral Blanco",118,10,"20K","20K2H4S1Q",2,2026-09-21 16:00:22.0000000,0,746,0,2026-09-21 16:00:22.0000000,-22.200000,-65.583330
62146,"Escaya",118,10,"20K","20K2H4S1Q",2,2026-09-21 16:00:25.2330000,0,746,0,2026-09-21 16:00:25.2330000,-22.216670,-65.733330
61748,"Pumahuasi",118,10,"20K","20K2H4S1Q",2,2026-09-21 16:00:27.6400000,0,745,0,2026-09-21 16:00:27.6400000,-22.283330,-65.683330
61516,"Caracara",118,10,"20K","20K2H4S1Q",2,2026-09-21 16:00:30.0000000,0,745,0,2026-09-21 16:00:30.0000000,-22.316670,-65.650000
61631,"Sol de Mayo",118,10,"20K","20K2H4S1Q",2,2026-09-21 16:00:33.3700000,0,744,0,2026-09-21 16:00:33.3700000,-22.300000,-65.583330
2513337,"Agurda",2696,192,"40U","40U2H2S2Q",1,2026-09-21 16:03:14.2130000,1200,0,0,2026-09-21 16:03:14.2130000,51.910560,57.125560
2513351,"Aleksandrovka",2677,192,"37U","37U2H1S2Q",1,2026-09-21 16:03:19.2870000,1200,0,0,2026-09-21 16:03:19.2870000,51.911110,37.732500
2513366,"Rayevka",2646,192,"37U","37U2H3S1Q",1,2026-09-21 16:03:23.1200000,1200,0,0,2026-09-21 16:03:23.1200000,51.911670,40.290560
2513368,"Lomovka",2657,192,"38U","38U2H2S2Q",1,2026-09-21 16:03:25.8300000,1200,0,0,2026-09-21 16:03:25.8300000,51.911670,45.101110
2513369,"Pavlovka",2665,192,"40U","40U2H1S1Q",1,2026-09-21 16:03:30.0000000,1200,0,0,2026-09-21 16:03:30.0000000,51.911670,54.779170
2513388,"Pravda",2665,192,"40U","40U2H2S1Q",1,2026-09-21 16:03:36.3430000,1200,0,0,2026-09-21 16:03:36.3430000,51.912500,56.161940
2219362,"Saint-Eustache",459,38,"18T","18T1H6S1Q",1,2026-06-04 12:38:55.1000000,400894,0,0,2026-09-21 16:04:03.7370000,45.565000,-73.905540
2558710,"Sudbury",979,77,"30U","30U1H6S3Q",2,2023-06-07 22:38:39.3500000,0,82356,0,2026-09-21 16:04:53.2870000,52.866670,-1.750000
2040326,"El Masnou",909,68,"31T","31T2H5S1Q",3,2018-09-15 18:14:21.2400000,0,0,587713,2026-09-21 16:05:55.3130000,41.479780,2.318800
2411003,"Prussberg",715,57,"32U","32U2H6S1Q",3,2019-08-10 17:21:41.0200000,0,0,2834268,2026-09-21 16:08:27.5200000,49.916670,10.450000
149418,"Huamanpata",2383,175,"18L","18L2H3S4Q",1,2026-09-21 16:08:32.1070000,1150,0,0,2026-09-21 16:08:32.1070000,-13.533330,-72.583330
148621,"Carhua",2387,175,"18L","18L2H3S4Q",1,2026-09-21 16:08:33.2570000,1150,0,0,2026-09-21 16:08:33.2570000,-13.583330,-72.566670
2058254,"Fregene",1377,110,"33T","33T2H4S1Q",3,2018-10-13 09:09:01.5500000,0,0,1348174,2026-09-21 16:09:08.0770000,41.850510,12.196710
149678,"Pampahuaya",2383,175,"18L","18L2H3S4Q",1,2022-12-09 02:07:55.9700000,8742,0,0,2026-09-21 16:09:19.6700000,-13.516670,-72.400000
2416007,"Saltivka",3439,230,"37U","37U2H1S3Q",1,2015-08-26 22:22:19.1400000,2028127,0,300,2026-09-21 16:10:44.8730000,50.019490,36.341270
2416677,"Ryzhiy",3439,230,"37U","37U2H1S3Q",1,2013-04-23 15:41:49.8330000,2076605,0,299,2026-09-21 16:10:50.5970000,50.033330,36.305000
2415414,"Dal'nya Zhuravlivka",3439,230,"37U","37U2H1S3Q",1,2013-04-22 00:25:30.0400000,2179422,0,300,2026-09-21 16:10:53.6770000,50.012500,36.272140
2415121,"Kharkiv",3439,230,"37U","37U2H4S1Q",1,2013-07-01 22:01:36.8670000,4124954,0,1200,2026-09-21 16:11:05.0500000,50.000000,36.250000
2669498,"Novyye Kuz'minki",2670,192,"37U","37U1H1S2Q",2,2019-05-07 22:07:04.2000000,0,1342692,0,2026-09-21 16:11:07.8430000,55.700000,37.750000
2416016,"Shatylivka",3439,230,"37U","37U2H1S3Q",1,2013-06-30 21:54:27.5400000,2127499,0,300,2026-09-21 16:11:09.4370000,50.019810,36.233100
2669585,"Tekstil'shchiki",2670,192,"37U","37U1H1S2Q",2,2019-06-22 11:55:13.5800000,0,1493311,0,2026-09-21 16:11:11.4270000,55.700330,37.742710
2670060,"Sadki",2670,192,"37U","37U1H1S2Q",2,2019-03-20 07:19:31.4600000,0,1625676,0,2026-09-21 16:11:15.3300000,55.716670,37.733330
2670059,"Novaya Khokhlovka",2670,192,"37U","37U1H1S2Q",2,2023-05-04 08:29:12.7730000,0,3313266,0,2026-09-21 16:11:18.6470000,55.716670,37.683330
2671776,"Lefortovo",2670,192,"37U","37U1H1S2Q",2,2019-04-20 16:39:18.4600000,0,3771819,0,2026-09-21 16:11:22.3900000,55.766670,37.700000
2672995,"Sokol'niki",2670,192,"37U","37U1H1S2Q",2,2022-11-06 13:48:21.5030000,0,2865697,0,2026-09-21 16:11:27.0370000,55.802020,37.671590
2798418,"Lemmetyisenluoto",929,70,"34V","34V1H5S4Q",3,2026-09-21 16:12:29.8730000,1504,0,3300,2026-09-21 16:12:29.8730000,60.573890,21.596940
2675660,"Bibirevo",2670,192,"37U","37U1H1S2Q",2,2022-11-15 19:17:28.5570000,0,1429085,0,2026-09-21 16:14:04.5300000,55.883330,37.600000
2580828,"Nieuwe Bildtzijl",2274,167,"31U","31U1H6S2Q",1,2021-05-20 12:56:15.8400000,34773,0,0,2026-09-21 16:14:05.8070000,53.315190,5.720960
2580401,"Oude Bildtzijl",2274,167,"31U","31U1H6S2Q",1,2021-05-20 12:56:07.8700000,237023,0,0,2026-09-21 16:14:11.3900000,53.300480,5.718490
2579739,"Alde Leie",2274,167,"31U","31U1H6S2Q",1,2021-04-22 05:51:54.1000000,27870,0,0,2026-09-21 16:14:31.3600000,53.288820,5.727480
2579144,"Vrouwenparochie",2274,167,"31U","31U1H6S2Q",1,2021-04-17 08:13:50.7970000,17324,0,0,2026-09-21 16:14:45.8700000,53.279280,5.700360
2216943,"Truccazzano",1375,110,"32T","32T1H5S2Q",1,2025-09-29 19:12:56.9000000,16064,0,0,2026-09-21 16:14:49.6970000,45.483870,9.468550
2580622,"Nieuwe Bildtdijk",2274,167,"31U","31U1H6S2Q",1,2020-12-16 10:40:20.2530000,43351,0,0,2026-09-21 16:14:52.0070000,53.308110,5.681480
2579941,"Oude Bildtdijk",2274,167,"31U","31U1H6S2Q",1,2021-05-20 12:56:27.5470000,39604,0,0,2026-09-21 16:14:58.2570000,53.296000,5.667400
61182,"Mina Belgica",118,10,"20K","20K2H4S1Q",2,2026-09-21 16:15:01.0930000,0,744,0,2026-09-21 16:15:01.0930000,-22.366670,-65.633330
61183,"Pulpera",118,10,"20K","20K2H4S1Q",2,2026-09-21 16:15:03.3600000,0,744,0,2026-09-21 16:15:03.3600000,-22.366670,-65.600000
2579884,"Nij Altoenae",2274,167,"31U","31U1H6S2Q",1,2021-05-20 12:56:41.4600000,49300,0,0,2026-09-21 16:15:04.9370000,53.294050,5.653320
60863,"Cangrejillos",118,10,"20K","20K2H4S1Q",2,2026-09-21 16:15:05.5570000,0,744,0,2026-09-21 16:15:05.5570000,-22.416670,-65.566670
2579050,"Sint Annaparochie",2274,167,"31U","31U1H6S2Q",1,2021-04-16 08:53:25.3500000,58467,0,0,2026-09-21 16:15:11.4930000,53.276200,5.657270
2580632,"Zwarte Haan",2274,167,"31U","31U1H6S2Q",1,2024-04-22 18:51:30.7770000,65156,0,0,2026-09-21 16:15:16.9600000,53.308520,5.626720
60516,"Cangrejos",118,10,"20K","20K2H4S1Q",2,2026-09-21 16:15:26.5370000,0,744,0,2026-09-21 16:15:26.5370000,-22.466670,-65.533330
60864,"Alto del Pelador",118,10,"20K","20K2H4S1Q",2,2026-09-21 16:15:30.4130000,0,744,0,2026-09-21 16:15:30.4130000,-22.416670,-65.466670
2519859,"Pieskow",713,57,"33U","33U1H5S3Q",3,2026-09-19 16:30:00.0530000,0,0,11281,2026-09-21 16:17:49.5670000,52.050000,14.233330
2532656,"Hoofddorp",2269,167,"31U","31U1H6S3Q",1,2015-10-06 10:29:50.3000000,3058611,0,13187,2026-09-21 16:19:48.3800000,52.302500,4.688890
853481,"Ban Khlong Sip Si",3213,218,"47P","47P1H6S1Q",2,2026-04-26 14:46:48.1130000,0,733841,0,2026-09-21 16:20:31.3730000,13.981360,100.914500
2006722,"Fordham",3562,233,"18T","18T2H6S3Q",3,2014-09-14 17:17:49.4670000,3078,300,233657,2026-09-21 16:20:31.8300000,40.858680,-73.898160
853212,"Ban Pak Khlong Sip Hok",3213,218,"47P","47P1H6S1Q",2,2026-04-27 09:37:10.3900000,0,1024736,0,2026-09-21 16:20:31.8800000,13.973780,100.959810
866523,"Ban Bo Ta Lo (3)",3195,218,"47P","47P1H3S3Q",2,2026-06-10 12:34:45.8330000,0,1281554,0,2026-09-21 16:21:03.0300000,14.250000,100.700000
864494,"Ban Wat Bot",3195,218,"47P","47P1H3S3Q",2,2026-03-07 04:06:11.9500000,0,945119,0,2026-09-21 16:21:04.0900000,14.200000,100.533330
853083,"Ban Khlong Sip Et Hok Wa",3203,218,"47P","47P1H6S1Q",1,2026-02-14 13:42:43.3970000,857699,0,0,2026-09-21 16:21:27.4600000,13.970170,100.843170
864499,"Ban Lam Sai",3195,218,"47P","47P1H3S3Q",1,2026-08-15 05:29:32.0170000,811238,0,0,2026-09-21 16:21:40.7430000,14.200000,100.650000
2268579,"Sulzthal",507,43,"32T","32T1H2S3Q",3,2024-09-02 07:21:55.4730000,78608,0,379233,2026-09-21 16:21:45.5230000,46.900000,8.500000
2005512,"Highbridge Houses",3562,233,"18T","18T2H6S3Q",1,2026-09-21 00:49:50.9130000,11029,0,0,2026-09-21 16:21:47.7630000,40.837220,-73.929170
854278,"Ban Khlong Soi Thi Sip Et",3203,218,"47P","47P1H6S1Q",1,2026-03-24 09:08:06.3730000,850282,0,0,2026-09-21 16:22:20.3570000,13.994560,100.843360
2415258,"Ivanivka",3439,230,"37U","37U2H1S3Q",1,2013-04-21 22:44:44.7070000,2046337,0,600,2026-09-21 16:24:00.6400000,50.005160,36.202210
2415290,"Lisa Hora",3439,230,"37U","37U2H1S3Q",1,2013-04-21 23:14:19.5330000,2042509,0,600,2026-09-21 16:24:14.4400000,50.006700,36.184310
2416015,"Nakhailvka",3439,230,"37U","37U2H1S3Q",1,2013-04-21 23:36:30.9200000,2035045,0,300,2026-09-21 16:24:18.5170000,50.019810,36.174860
2096123,"Macomb",3557,233,"17T","17T2H1S4Q",1,2013-11-26 19:35:11.9670000,11490629,0,0,2026-09-21 16:24:59.8270000,42.700870,-82.959090
2516757,"Vennort",707,57,"32U","32U2H2S1Q",3,2026-09-21 16:26:42.3600000,0,0,848,2026-09-21 16:26:42.3600000,51.983330,8.316670
2516758,"Brockhagen",707,57,"32U","32U2H2S1Q",3,2026-09-21 16:26:45.9500000,0,0,520,2026-09-21 16:26:45.9500000,51.983330,8.350000
2525685,"Schneeberg",713,57,"33U","33U1H5S3Q",3,2026-09-20 14:43:35.2070000,0,0,12928,2026-09-21 16:26:49.8830000,52.166670,14.333330
2516756,"Beller",707,57,"32U","32U2H2S1Q",3,2026-09-21 16:27:03.6500000,0,0,948,2026-09-21 16:27:03.6500000,51.983330,8.250000
2518241,"Hesselteich",707,57,"32U","32U1H5S3Q",3,2026-09-21 16:27:12.7370000,0,0,948,2026-09-21 16:27:12.7370000,52.016670,8.233330
2518240,"Dreyerhaus",707,57,"32U","32U1H5S3Q",3,2026-09-21 16:27:22.0770000,0,0,1042,2026-09-21 16:27:22.0770000,52.016670,8.200000
2518242,"Kolkebeck",707,57,"32U","32U1H5S3Q",3,2026-09-21 16:27:28.8400000,0,0,1480,2026-09-21 16:27:28.8400000,52.016670,8.283330
2518243,"Sandforth",707,57,"32U","32U1H5S3Q",3,2026-09-21 16:27:36.3170000,0,0,1029,2026-09-21 16:27:36.3170000,52.016670,8.350000
1544269,"Collier",3539,233,"16S","16S2H6S2Q",3,2026-07-28 00:30:12.7230000,0,0,991601,2026-09-21 16:28:29.8830000,33.047070,-84.016860
60616,"Laguna",118,10,"20K","20K2H4S1Q",2,2026-09-21 16:30:24.6030000,0,744,0,2026-09-21 16:30:24.6030000,-22.450000,-65.550000
60515,"Pueblo Viejo",118,10,"20K","20K2H4S1Q",2,2026-09-21 16:30:27.5570000,0,744,0,2026-09-21 16:30:27.5600000,-22.466670,-65.616670
60072,"Puesto del Marques",118,10,"20K","20K2H4S1Q",2,2026-09-21 16:30:30.4300000,0,744,0,2026-09-21 16:30:30.4300000,-22.533330,-65.683330
60071,"Llameria",118,10,"20K","20K2H4S1Q",2,2026-09-21 16:30:37.3370000,0,744,0,2026-09-21 16:30:37.3370000,-22.533330,-65.800000
61515,"Cerrillos",118,10,"20K","20K2H4S1Q",2,2026-09-21 16:30:41.6170000,0,745,0,2026-09-21 16:30:41.6170000,-22.316670,-65.816670
2256463,"Realp",507,43,"32T","32T1H2S3Q",2,2026-09-16 13:31:05.9400000,5851,7977,0,2026-09-21 16:30:55.3430000,46.598210,8.502820
2518996,"Kunsebeck",707,57,"32U","32U1H5S3Q",3,2026-09-21 16:31:45.6200000,0,0,823,2026-09-21 16:31:45.6200000,52.033330,8.383330
2517522,"Patthorst",707,57,"32U","32U2H2S1Q",3,2026-09-21 16:31:49.5870000,0,0,823,2026-09-21 16:31:49.5870000,52.000000,8.383330
473118,"Hacienda Rocafuerte",827,63,"17N","17N2H6S4Q",3,2026-09-21 16:32:29.2670000,0,0,1200,2026-09-21 16:32:29.2670000,0.800000,-78.333330
473340,"Tumbez",834,63,"17N","17N2H6S4Q",3,2026-09-21 16:32:32.8330000,0,0,1200,2026-09-21 16:32:32.8330000,0.816670,-78.350000
472941,"San Pedro",827,63,"17N","17N2H6S4Q",3,2026-09-21 16:32:36.7030000,0,0,1200,2026-09-21 16:32:36.7030000,0.783330,-78.400000
473565,"Lita",827,63,"17N","17N2H6S4Q",3,2026-09-21 16:32:41.9170000,0,0,1200,2026-09-21 16:32:41.9170000,0.833330,-78.466670
474014,"Alto Tambo",830,63,"17N","17N2H6S4Q",3,2026-09-21 16:32:45.7430000,0,0,1200,2026-09-21 16:32:45.7430000,0.866670,-78.533330
475246,"San Antonio",830,63,"17N","17N2H6S4Q",3,2026-09-21 16:32:49.3300000,0,0,1200,2026-09-21 16:32:49.3300000,0.950000,-78.650000
476712,"Mataje",830,63,"17N","17N2H6S2Q",3,2026-09-21 16:32:56.4370000,0,0,1200,2026-09-21 16:32:56.4370000,1.066670,-78.583330
475632,"Urbina",830,63,"17N","17N2H6S4Q",3,2026-09-21 16:32:59.7100000,0,0,1200,2026-09-21 16:32:59.7100000,0.983330,-78.666670
2297998,"Hasenried",715,57,"32T","32T1H2S2Q",3,2024-10-08 04:32:36.3830000,0,0,20849,2026-09-21 16:34:19.6600000,47.566670,9.933330
2520589,"Ascheloh",707,57,"32U","32U1H5S3Q",3,2026-09-21 16:34:51.6500000,0,0,1015,2026-09-21 16:34:51.6500000,52.066670,8.400000
2414656,"Zalyutino",3439,230,"37U","37U2H4S1Q",1,2013-04-22 07:53:25.3900000,2067688,0,299,2026-09-21 16:35:02.0600000,49.991670,36.134170
2414759,"Savchenka",3439,230,"37U","37U2H4S1Q",1,2013-04-23 06:58:02.9170000,1072588,0,300,2026-09-21 16:35:06.5470000,49.995830,36.108890
2619639,"Fresnoy",450,38,"12U","12U1H2S4Q",3,2026-09-21 15:14:48.8830000,0,0,2438,2026-09-21 16:35:13.1230000,54.233440,-110.801760
2415434,"Oktyabr'",3439,230,"37U","37U2H1S3Q",1,2013-04-22 21:46:53.1130000,2083278,0,600,2026-09-21 16:35:13.4130000,50.013060,36.133330
95838,"Fandriambarika",1878,143,"39K","39K1H1S4Q",2,2026-09-21 16:36:42.1230000,0,741,0,2026-09-21 16:36:42.1230000,-17.833330,49.466670
95837,"Ambinanysahavary",1878,143,"39K","39K1H1S4Q",2,2026-09-21 16:36:47.6670000,0,741,0,2026-09-21 16:36:47.6670000,-17.833330,49.450000
96050,"Sahakondro",1878,143,"39K","39K1H1S4Q",2,2026-09-21 16:36:50.3070000,0,741,0,2026-09-21 16:36:50.3070000,-17.816670,49.466670
96049,"Ampahorama",1878,143,"39K","39K1H1S4Q",2,2026-09-21 16:36:52.9100000,0,741,0,2026-09-21 16:36:52.9100000,-17.816670,49.416670
96244,"Ambalengitra",1878,143,"39K","39K1H1S4Q",2,2026-09-21 16:36:56.6700000,0,741,0,2026-09-21 16:36:56.6700000,-17.800000,49.400000
96436,"Ambodisatra",1878,143,"39K","39K1H1S4Q",2,2026-09-21 16:36:59.1870000,46,300,0,2026-09-21 16:36:59.1870000,-17.783330,49.416670
96438,"Ambalakondro",1878,143,"39K","39K1H1S4Q",2,2026-09-21 16:37:02.3470000,0,741,0,2026-09-21 16:37:02.3470000,-17.783330,49.450000
96439,"Antetezana",1878,143,"39K","39K1H1S4Q",2,2026-09-21 16:37:05.0030000,0,741,0,2026-09-21 16:37:05.0030000,-17.783330,49.500000
2293050,"Zuerich-Kloten Airport",503,43,"32T","32T1H2S1Q",3,2023-05-24 13:55:32.8030000,0,0,27246837,2026-09-21 16:37:58.3870000,47.457750,8.555770
150674,"Pampacunca",2383,175,"18L","18L2H3S4Q",1,2022-12-17 13:33:02.3330000,8121,0,0,2026-09-21 16:38:10.7500000,-13.450000,-72.400000
150835,"Abrahuillque",2383,175,"18L","18L2H3S4Q",1,2022-12-18 03:31:43.3030000,1871,0,0,2026-09-21 16:38:14.7430000,-13.447220,-72.387220
150873,"Chamancalla",2383,175,"18L","18L2H3S4Q",1,2022-12-18 03:31:57.7500000,1871,0,0,2026-09-21 16:38:17.0670000,-13.440280,-72.341940
2420300,"Neustrassburg",706,57,"32U","32U2H1S3Q",3,2021-04-06 07:58:53.3630000,0,0,130759,2026-09-21 16:39:31.1170000,50.116670,6.533330
2279221,"Boise",3578,233,"10T","10T1H2S2Q",2,2023-03-03 02:25:18.5300000,0,1289923,8294,2026-09-21 16:39:51.3100000,47.180380,-122.015670
96673,"Taratasy",1878,143,"39K","39K1H1S4Q",2,2026-09-21 16:41:02.7430000,0,741,0,2026-09-21 16:41:02.7430000,-17.766670,49.483330
96672,"Iharana",1878,143,"39K","39K1H1S4Q",2,2026-09-21 16:41:05.7330000,0,741,0,2026-09-21 16:41:05.7330000,-17.766670,49.466670
96671,"Ambohimanarivo",1878,143,"39K","39K1H1S4Q",2,2026-09-21 16:41:08.8730000,0,741,0,2026-09-21 16:41:08.8730000,-17.766670,49.450000
2518995,"Bokel",707,57,"32U","32U1H5S3Q",3,2026-09-21 16:38:09.2830000,0,0,2215,2026-09-21 16:42:01.5400000,52.033330,8.316670
1402646,"Daffan",3549,233,"14R","14R1H3S3Q",2,2010-01-01 00:00:00.0000000,0,5951757,0,2026-09-21 16:42:15.4030000,30.320210,-97.626670
2546353,"Wargowo Drugie",2451,180,"33U","33U1H6S3Q",2,2026-09-21 11:07:00.7700000,0,25,0,2026-09-21 16:43:24.8400000,52.600000,16.816670
96848,"Ambodivoanio",1878,143,"39K","39K1H1S4Q",2,2026-09-21 16:43:51.8000000,0,741,0,2026-09-21 16:43:51.8000000,-17.750000,49.450000
96849,"Antaratasy",1878,143,"39K","39K1H1S4Q",2,2026-09-21 16:43:56.4700000,0,741,0,2026-09-21 16:43:56.4700000,-17.750000,49.483330
97208,"Ambatobe",1878,143,"39K","39K1H1S4Q",2,2026-09-21 16:44:03.4370000,0,741,0,2026-09-21 16:44:03.4370000,-17.716670,49.433330
1842687,"Orinda Village",3567,233,"10S","10S1H5S2Q",2,2025-08-26 02:08:32.3270000,0,3040754,5430,2026-09-21 16:44:37.7230000,37.887430,-122.195520
2519781,"Tatenhausen",707,57,"32U","32U1H5S3Q",3,2026-09-21 16:44:57.7930000,0,0,1015,2026-09-21 16:44:57.7930000,52.050000,8.316670
2520587,"Oldendorf",707,57,"32U","32U1H5S3Q",3,2026-09-21 16:45:04.4830000,0,0,1008,2026-09-21 16:45:04.4830000,52.066670,8.350000
2520588,"Halle",707,57,"32U","32U1H5S3Q",3,2026-09-21 16:45:10.1530000,0,0,1015,2026-09-21 16:45:10.1530000,52.066670,8.366670
61514,"Rodeo",118,10,"20K","20K2H4S1Q",2,2026-09-21 16:45:13.6830000,0,746,0,2026-09-21 16:45:13.6830000,-22.316670,-65.933330
62261,"Pasaje",118,10,"20K","20K2H4S1Q",2,2026-09-21 16:45:16.4800000,0,747,0,2026-09-21 16:45:16.4800000,-22.200000,-65.950000
62943,"Cieneguillas",118,10,"20K","20K2H4S1Q",2,2026-09-21 16:45:18.8970000,0,747,0,2026-09-21 16:45:18.8970000,-22.083330,-65.883330
62260,"Yoscaba",118,10,"19K","19K2H6S2Q",2,2026-09-21 16:45:21.4500000,0,747,0,2026-09-21 16:45:21.4500000,-22.200000,-66.016670
2075149,"Castel Sant'Elia",1377,110,"33T","33T2H1S3Q",3,2020-11-13 08:18:35.2130000,0,0,615775,2026-09-21 16:45:22.3700000,42.250620,12.374070
2513396,"Shinka",2657,192,"38U","38U2H2S1Q",1,2026-09-21 16:46:00.9970000,1200,0,0,2026-09-21 16:46:00.9970000,51.913000,44.474300
2513420,"Krasnaya Polyana",2677,192,"37U","37U2H1S2Q",1,2026-09-21 16:46:07.5930000,1200,0,0,2026-09-21 16:46:07.5930000,51.913890,37.280830
2513422,"L'vovka",2657,192,"38U","38U2H1S2Q",1,2026-09-21 16:46:10.4670000,1200,0,0,2026-09-21 16:46:10.4670000,51.914000,43.709200
2513440,"Pokrovka",2646,192,"37U","37U2H3S1Q",1,2026-09-21 16:46:15.1170000,1200,0,0,2026-09-21 16:46:15.1170000,51.914480,40.099820
2513445,"Podgornoye",2657,192,"38U","38U2H3S1Q",1,2026-09-21 16:46:19.8030000,1200,0,0,2026-09-21 16:46:19.8030000,51.914720,46.620000
2513452,"Rybalka",2713,192,"45U","45U2H1S2Q",1,2026-09-21 16:46:25.0030000,1200,0,0,2026-09-21 16:46:25.0030000,51.915000,85.851940
2513456,"Sliznevka",2677,192,"37U","37U2H2S1Q",1,2026-09-21 16:46:28.1470000,1200,0,0,2026-09-21 16:46:28.1470000,51.915130,38.131000
2513462,"Fetisovka",2646,192,"37U","37U2H2S1Q",1,2026-09-21 16:46:31.1630000,1200,0,0,2026-09-21 16:46:31.1630000,51.915480,38.568780
97510,"Ambalatenina",1878,143,"39K","39K1H1S4Q",2,2026-09-21 16:45:23.5470000,0,1482,0,2026-09-21 16:47:22.8530000,-17.683330,49.366670
2298003,"Hopfen",715,57,"32T","32T1H2S2Q",3,2024-10-07 20:20:55.5500000,0,0,20787,2026-09-21 16:48:53.4800000,47.566670,9.966670
2513469,"Abramovka",2646,192,"37U","37U2H3S1Q",1,2026-09-21 16:49:12.7570000,1200,0,0,2026-09-21 16:49:12.7570000,51.915670,40.061900
2513474,"Aknazarovo",2696,192,"40U","40U2H2S2Q",1,2026-09-21 16:49:18.9670000,1200,0,0,2026-09-21 16:49:18.9670000,51.915830,57.638060
2797696,"Kaukkonen",929,70,"34V","34V1H5S4Q",1,2013-07-20 18:48:42.2330000,10553,0,1200,2026-09-21 16:49:50.5730000,60.524170,21.739440
2796532,"Kukolainen",929,70,"34V","34V1H5S4Q",1,2013-06-09 15:21:17.7400000,169990,0,1200,2026-09-21 16:50:20.8670000,60.460560,21.835560
2798205,"Ihattula",929,70,"34V","34V1H5S4Q",1,2014-08-30 06:04:53.3300000,18330,0,600,2026-09-21 16:50:40.2370000,60.561110,21.670000
2416760,"Severnyy Post",3439,230,"37U","37U2H1S3Q",1,2013-04-22 14:53:34.2930000,2074719,0,600,2026-09-21 16:50:42.2430000,50.034570,36.172890
2796693,"Teersalo",929,70,"34V","34V1H5S4Q",1,2014-04-05 12:50:07.7930000,267570,0,1500,2026-09-21 16:51:04.4400000,60.466670,21.700000
2795950,"Iskola",929,70,"34V","34V1H5S4Q",1,2015-08-03 06:52:11.3200000,23507,0,600,2026-09-21 16:51:14.2070000,60.430210,21.801080
2792572,"Kokkozenkkolka",2675,192,"36V","36V1H4S3Q",3,2016-08-25 22:19:24.2200000,0,0,384622,2026-09-21 16:51:26.9900000,60.216670,30.533330
2322699,"Roulin",960,75,"31U","31U2H5S3Q",3,2021-12-17 13:57:03.0870000,192,3362,18971,2026-09-21 16:51:34.3830000,48.066670,2.066670
2527318,"Ragow",713,57,"33U","33U1H5S3Q",3,2026-09-18 19:57:16.1030000,0,0,11817,2026-09-21 16:53:20.1730000,52.200000,14.300000
2549978,"Jaryszewo",2451,180,"33U","33U1H6S3Q",3,2025-12-13 15:14:57.0870000,0,0,87628,2026-09-21 16:56:00.5730000,52.682190,16.625420
2593886,"Ardcath",1260,102,"29U","29U1H6S2Q",3,,0,0,384922,2026-09-21 16:56:36.4700000,53.608060,-6.391390
2520586,"Hesseln",707,57,"32U","32U1H5S3Q",3,2026-09-21 16:57:04.1730000,0,0,1015,2026-09-21 16:57:04.1730000,52.066670,8.316670
2519780,"Horste",707,57,"32U","32U1H5S3Q",3,2026-09-21 16:57:07.6600000,0,0,1014,2026-09-21 16:57:07.6600000,52.050000,8.300000
63146,"Hornillos",118,10,"19K","19K2H6S2Q",2,2026-09-21 17:00:13.8230000,0,747,0,2026-09-21 17:00:13.8230000,-22.050000,-66.033330
62942,"Oratorio",118,10,"19K","19K2H6S2Q",2,2026-09-21 17:00:22.3830000,0,747,0,2026-09-21 17:00:22.3830000,-22.083330,-66.116670
63769,"Santa Catalina",118,10,"19K","19K2H3S4Q",2,2026-09-21 17:00:27.8070000,0,749,0,2026-09-21 17:00:27.8070000,-21.950000,-66.066670
63768,"La Perdida",118,10,"19K","19K2H3S4Q",2,2026-09-21 17:00:31.4230000,0,749,0,2026-09-21 17:00:31.4230000,-21.950000,-66.133330
64191,"Pena Colorada",118,10,"19K","19K2H3S4Q",2,2026-09-21 17:00:35.2900000,0,749,0,2026-09-21 17:00:35.2900000,-21.900000,-66.066670
2095869,"West Township",3562,233,"18T","18T2H2S4Q",1,2019-01-31 21:31:20.6930000,100796,0,0,2026-09-21 17:00:36.5170000,42.699520,-74.150960
63040,"Puesto Grande",118,10,"19K","19K2H6S2Q",2,2026-09-21 17:01:04.3400000,0,747,0,2026-09-21 17:01:04.3400000,-22.066670,-66.016670
62145,"Timon Cruz",118,10,"19K","19K2H6S2Q",2,2026-09-21 17:01:22.9000000,0,747,0,2026-09-21 17:01:22.9000000,-22.216670,-66.150000
2520585,"Holtfeld",707,57,"32U","32U1H5S3Q",3,2026-09-21 17:01:45.7370000,0,0,1008,2026-09-21 17:01:45.7370000,52.066670,8.300000
2797022,"Karppala",929,70,"34V","34V1H6S3Q",1,2013-12-04 16:26:06.1400000,23625,0,1200,2026-09-21 17:02:42.8130000,60.483330,22.616670
2678915,"Mamontovka",2671,192,"37U","37U1H1S2Q",2,2026-09-13 15:16:07.8870000,0,1026278,4199,2026-09-21 17:03:26.1800000,55.980830,37.819720
2678868,"Pirogovskiy",2671,192,"37U","37U1H1S2Q",2,2023-11-25 19:49:32.1800000,0,27804,517,2026-09-21 17:03:41.7600000,55.978060,37.733610
2679181,"Pirogovo",2671,192,"37U","37U1H1S2Q",2,2024-03-22 08:05:30.4970000,0,17601,517,2026-09-21 17:03:50.1400000,55.983330,37.733330
2794429,"Aminsby",927,70,"35V","35V1H4S4Q",1,2020-11-22 14:27:38.4030000,19774,0,0,2026-09-21 17:04:00.3300000,60.333330,25.550000
2677609,"Staryy Bol'shevik",2671,192,"37U","37U1H1S2Q",2,2025-05-24 04:51:10.4900000,0,117385,517,2026-09-21 17:04:01.3000000,55.940000,37.770000
2677409,"Rupasovo",2671,192,"37U","37U1H1S2Q",2,2025-05-24 04:33:40.3970000,0,120794,517,2026-09-21 17:04:08.6030000,55.933330,37.750000
2676535,"Mytishchi",2671,192,"37U","37U1H1S2Q",2,2024-08-26 12:42:32.9600000,0,159009,877,2026-09-21 17:04:23.8730000,55.911630,37.730760
2794776,"Blinkan",927,70,"35V","35V1H4S4Q",1,2022-11-23 11:29:51.5200000,33196,0,0,2026-09-21 17:04:27.8770000,60.354170,25.517500
2793719,"Nikuby",927,70,"35V","35V1H4S4Q",1,2019-06-07 22:27:56.4170000,17359,0,0,2026-09-21 17:04:40.7900000,60.287220,25.515280
2681954,"Stepan'kovo",2671,192,"37V","37V2H4S4Q",2,2025-05-25 09:30:09.7570000,0,106738,517,2026-09-21 17:04:48.0630000,56.066670,37.816670
2681356,"Zelenyy Gorod",2671,192,"37V","37V2H4S4Q",2,2025-05-25 09:29:54.6130000,0,112018,517,2026-09-21 17:04:54.5330000,56.050000,37.866670
2497414,"Petersroda",703,57,"33U","33U2H1S1Q",2,2026-09-21 17:07:29.1270000,0,726,0,2026-09-21 17:07:29.1270000,51.566670,12.283330
2496686,"Schenkenberg-Rodgen",704,57,"33U","33U2H1S1Q",2,2026-09-21 17:07:43.3600000,0,682,0,2026-09-21 17:07:43.3600000,51.550000,12.300000
2495902,"Storkwitz",704,57,"33U","33U2H1S1Q",2,2026-09-21 17:07:46.1700000,0,973,0,2026-09-21 17:07:46.1700000,51.533330,12.300000
2495903,"Klein Wolkau",704,57,"33U","33U2H1S1Q",2,2026-09-21 17:07:49.1670000,0,789,0,2026-09-21 17:07:49.1670000,51.533330,12.316670
2493534,"Sietzsch",703,57,"33U","33U2H1S1Q",2,2026-09-21 17:08:10.5700000,0,1284,0,2026-09-21 17:08:10.5700000,51.483330,12.183330
2421132,"Huckelheim",715,57,"32U","32U2H2S4Q",2,2013-04-16 13:09:35.2970000,0,663703,0,2026-09-21 17:08:10.9600000,50.133330,9.250000
2298004,"Aich",715,57,"32T","32T1H2S2Q",3,2024-10-07 15:45:11.5500000,0,0,20912,2026-09-21 17:08:44.9170000,47.566670,9.983330
2795930,"Pikisaari",929,70,"34V","34V1H6S3Q",1,2016-03-05 20:30:26.8570000,311502,0,300,2026-09-21 17:10:26.8270000,60.427710,22.201650
2796487,"Pahaniemi",929,70,"34V","34V1H6S3Q",1,2013-07-17 11:16:41.8030000,481377,0,300,2026-09-21 17:10:49.7530000,60.453940,22.201220
2513488,"Ol'shanets",2646,192,"37U","37U2H2S1Q",1,2026-09-21 17:10:58.4900000,1200,0,0,2026-09-21 17:10:58.4900000,51.916390,38.512220
2513781,"Verkhneye Chesnochnoye",2674,192,"37U","37U2H2S1Q",1,2026-09-21 17:11:02.4100000,1200,0,0,2026-09-21 17:11:02.4100000,51.916670,38.050000
2513782,"Prutki",2677,192,"37U","37U2H2S1Q",1,2026-09-21 17:11:05.8400000,1200,0,0,2026-09-21 17:11:05.8400000,51.916670,38.350000
2513783,"Parinova",2646,192,"37U","37U2H2S2Q",1,2026-09-21 17:11:15.1000000,1200,0,0,2026-09-21 17:11:15.1000000,51.916670,39.350000
2513784,"Studenovka",2657,192,"38U","38U2H3S1Q",1,2026-09-21 17:11:19.2500000,1200,0,0,2026-09-21 17:11:19.2500000,51.916670,46.573890
2513785,"Novonovikovka",2657,192,"38U","38U2H3S1Q",1,2026-09-21 17:11:22.4100000,1200,0,0,2026-09-21 17:11:22.4130000,51.916670,46.783330
2513786,"Ukrainka",2657,192,"39U","39U2H1S1Q",1,2026-09-21 17:11:29.9470000,1200,0,0,2026-09-21 17:11:29.9470000,51.916670,48.116670
2513787,"Malo-Perekopnoye",2657,192,"39U","39U2H1S1Q",1,2026-09-21 17:11:33.9500000,1200,0,0,2026-09-21 17:11:33.9500000,51.916670,48.316670
2796226,"Laukkavuori",929,70,"34V","34V1H6S3Q",1,2013-09-07 11:54:30.2300000,177584,0,900,2026-09-21 17:11:37.9770000,60.443310,22.327610
1982922,"Pittsburgh",3584,233,"17T","17T2H6S3Q",3,2014-01-16 21:01:18.0800000,0,0,41062640,2026-09-21 17:11:44.4330000,40.440620,-79.995890
2362651,"Paris 07 Palais-Bourbon",955,75,"31U","31U2H5S3Q",3,2022-11-09 21:36:13.6000000,0,66144,256133,2026-09-21 17:11:53.6870000,48.856500,2.321000
2800657,"Vahapera",929,70,"34V","34V1H6S3Q",1,2016-04-09 12:46:29.5070000,5218,0,0,2026-09-21 17:12:07.1800000,60.750000,22.966670
2800658,"Isopera",929,70,"34V","34V1H6S3Q",1,2016-04-09 12:46:42.0230000,7135,0,0,2026-09-21 17:12:13.4770000,60.750000,22.983330
2799664,"Karinainen",929,70,"34V","34V1H6S3Q",1,2013-11-23 18:23:23.1570000,29653,0,0,2026-09-21 17:13:13.7130000,60.666670,22.766670
2799446,"Maenpaa",929,70,"34V","34V1H6S3Q",1,2014-03-07 13:20:00.7500000,10682,0,0,2026-09-21 17:13:22.6400000,60.650000,22.766670
2798289,"Mellila",929,70,"34V","34V1H6S3Q",1,2013-11-14 08:34:02.3770000,20829,0,0,2026-09-21 17:13:35.4230000,60.566670,22.633330
2798974,"Pitkaniitty",929,70,"34V","34V1H6S3Q",1,2013-12-11 05:09:22.7500000,19616,0,0,2026-09-21 17:13:42.0770000,60.616670,22.583330
2800084,"Lankkinen",929,70,"34V","34V1H6S3Q",1,2014-03-15 06:34:56.7270000,9724,0,0,2026-09-21 17:13:55.0470000,60.700000,22.600000
2800083,"Kaulansuu",929,70,"34V","34V1H6S3Q",1,2013-11-23 21:33:28.5570000,32361,0,0,2026-09-21 17:14:05.3530000,60.700000,22.583330
2799544,"Nunnanoja",929,70,"34V","34V1H6S3Q",1,2026-09-21 17:14:11.9200000,998,0,0,2026-09-21 17:14:11.9200000,60.652780,22.451390
2513789,"Ivanikha",2657,192,"39U","39U2H2S1Q",1,2026-09-21 17:14:16.4370000,1200,0,0,2026-09-21 17:14:16.4370000,51.916670,50.516670
2798618,"Tirava",929,70,"34V","34V1H6S3Q",1,2026-09-21 17:14:31.1900000,2217,0,0,2026-09-21 17:14:31.1900000,60.588610,22.335280
2681956,"Lesnoy",2671,192,"37V","37V2H4S4Q",2,2024-06-06 19:14:29.3800000,0,117569,517,2026-09-21 17:14:34.3830000,56.066670,37.916670
2682515,"Koshcheykovo",2671,192,"37V","37V2H4S4Q",2,2024-07-08 04:23:44.1600000,0,107352,517,2026-09-21 17:14:48.0900000,56.083330,37.916670
2681358,"Staroye Selo",2671,192,"37V","37V2H4S4Q",2,2025-05-24 21:57:10.4670000,0,105271,517,2026-09-21 17:14:55.6030000,56.050000,37.966670
2681359,"Zhukovka",2671,192,"37V","37V2H5S3Q",2,2025-05-24 21:57:28.1500000,0,107481,517,2026-09-21 17:15:02.9930000,56.050000,38.000000
60969,"Lagunilla",118,10,"19K","19K2H6S2Q",2,2026-09-21 17:15:15.2130000,0,746,0,2026-09-21 17:15:15.2130000,-22.400000,-66.116670
2680221,"Levkovo",2671,192,"37V","37V2H4S4Q",2,2025-06-10 04:21:40.0230000,0,126040,1034,2026-09-21 17:15:17.1800000,56.016670,37.950000
60734,"Rinconada",118,10,"19K","19K2H6S2Q",2,2026-09-21 17:15:18.6370000,0,745,0,2026-09-21 17:15:18.6370000,-22.433330,-66.166670
61288,"Bravo Grande",118,10,"19K","19K2H6S2Q",2,2026-09-21 17:15:21.7600000,0,746,0,2026-09-21 17:15:21.7600000,-22.350000,-66.233330
61630,"Casa Colorada",118,10,"19K","19K2H6S2Q",2,2026-09-21 17:15:24.9130000,0,747,0,2026-09-21 17:15:24.9130000,-22.300000,-66.300000
2522312,"Glowe",713,57,"33U","33U1H5S3Q",3,2026-09-18 22:54:53.2930000,0,0,11840,2026-09-21 17:19:53.9000000,52.100000,14.200000
2519777,"Entenort",707,57,"32U","32U1H5S3Q",3,2026-09-21 17:20:33.7100000,0,63,1002,2026-09-21 17:20:33.7100000,52.050000,8.200000
2519779,"Siedinghausen",707,57,"32U","32U1H5S3Q",3,2026-09-21 17:20:38.0270000,0,0,1008,2026-09-21 17:20:38.0270000,52.050000,8.250000
2520584,"Kasum",707,57,"32U","32U1H5S3Q",3,2026-09-21 17:20:42.1470000,0,0,1008,2026-09-21 17:20:42.1470000,52.066670,8.266670
97511,"Analabemazava",1878,143,"39K","39K1H1S4Q",2,2026-09-21 17:21:26.5030000,46,300,0,2026-09-21 17:21:26.5030000,-17.683330,49.383330
97660,"Sahafamafa",1878,143,"39K","39K1H1S4Q",2,2026-09-21 17:21:30.0270000,0,741,0,2026-09-21 17:21:30.0270000,-17.666670,49.383330
97820,"Ambodibonara",1878,143,"39K","39K1H1S4Q",2,2026-09-21 17:21:37.3030000,0,776,0,2026-09-21 17:21:37.3030000,-17.650000,49.416670
97661,"Ambinanisaha",1878,143,"39K","39K1H1S4Q",2,2026-09-21 17:21:42.0200000,0,776,0,2026-09-21 17:21:42.0200000,-17.666670,49.433330
97662,"Ambodihitsina",1878,143,"39K","39K1H1S4Q",2,2026-09-21 17:21:45.2000000,0,776,0,2026-09-21 17:21:45.2000000,-17.666670,49.466670
97402,"Mahavelona",1878,143,"39K","39K1H1S4Q",2,2026-09-21 17:21:47.4270000,0,741,0,2026-09-21 17:21:47.4270000,-17.684750,49.508690
97822,"Marofarihy",1878,143,"39K","39K1H1S4Q",2,2026-09-21 17:21:50.3500000,0,776,0,2026-09-21 17:21:50.3500000,-17.650000,49.500000
97821,"Bekotona",1878,143,"39K","39K1H1S4Q",2,2026-09-21 17:21:52.9670000,0,776,0,2026-09-21 17:21:52.9670000,-17.650000,49.466670
2679671,"Komyagino",2671,192,"37U","37U1H1S2Q",2,2025-06-10 04:21:29.2330000,0,222716,1034,2026-09-21 17:23:16.1630000,56.000000,37.966670
2520583,"Leimweg",707,57,"32U","32U1H5S3Q",3,2026-09-21 17:23:17.1300000,0,0,948,2026-09-21 17:23:17.1300000,52.066670,8.200000
2781309,"Ryndelevo",2675,192,"36V","36V2H1S1Q",3,2021-05-10 00:01:49.4230000,0,0,78290,2026-09-21 17:24:07.6630000,59.519440,30.565280
2521410,"Winkelsetten",708,57,"32U","32U1H5S3Q",3,2026-09-21 17:26:11.4600000,0,0,950,2026-09-21 17:26:11.4600000,52.083330,8.100000
2513790,"Leninskiy",2665,192,"39U","39U2H2S2Q",1,2026-09-21 17:26:15.1900000,1200,0,0,2026-09-21 17:26:15.1900000,51.916670,51.366670
2513794,"Krasnaya Slobodka",2665,192,"39U","39U2H3S1Q",1,2026-09-21 17:27:15.2630000,1200,0,0,2026-09-21 17:27:15.2630000,51.916670,52.500000
2513796,"Selidovka",2665,192,"40U","40U2H1S1Q",1,2026-09-21 17:27:18.8900000,1200,0,0,2026-09-21 17:27:18.8900000,51.916670,54.750000
2513799,"Bazilevka",2665,192,"40U","40U2H2S1Q",1,2026-09-21 17:27:22.8300000,1200,0,0,2026-09-21 17:27:22.8300000,51.916670,56.516670
2513800,"Kholmogory",2665,192,"40U","40U2H2S1Q",1,2026-09-21 17:27:26.5070000,1200,0,0,2026-09-21 17:27:26.5070000,51.916670,56.533330
2513801,"Novo-Bogodarovka",2665,192,"40U","40U2H2S1Q",1,2026-09-21 17:27:30.2530000,1200,0,0,2026-09-21 17:27:30.2530000,51.916670,56.550000
2513802,"Yaktysheva",2696,192,"40U","40U2H2S2Q",1,2026-09-21 17:27:34.3300000,1200,0,0,2026-09-21 17:27:34.3300000,51.916670,57.450000
2791067,"Pedersa",929,70,"34V","34V1H6S3Q",1,2013-12-03 05:00:35.6200000,7016,0,900,2026-09-21 17:27:58.6370000,60.133330,22.833330
175078,"Canjerana",381,31,"23L","23L1H4S2Q",2,2026-09-21 17:28:19.8570000,0,1200,0,2026-09-21 17:28:19.8570000,-10.866670,-46.350000
177109,"Pedra de Amolar",381,31,"23L","23L1H4S2Q",2,2026-09-21 17:28:24.2200000,0,1200,0,2026-09-21 17:28:24.2200000,-10.557220,-46.383060
176803,"Come-Assado",381,31,"23L","23L1H4S2Q",2,2026-09-21 17:28:27.1600000,0,1200,0,2026-09-21 17:28:27.1600000,-10.600000,-46.300000
176665,"Galhao",381,31,"23L","23L1H4S2Q",2,2026-09-21 17:28:32.7630000,0,1200,0,2026-09-21 17:28:32.7630000,-10.616670,-46.250000
176918,"Joao Ribeiro",381,31,"23L","23L1H4S2Q",2,2026-09-21 17:28:36.9130000,0,1200,0,2026-09-21 17:28:36.9130000,-10.583330,-46.166670
176615,"Pedra da Baliza",380,31,"23L","23L1H4S2Q",2,2026-09-21 17:28:40.9700000,0,1200,0,2026-09-21 17:28:40.9700000,-10.627500,-46.116940
177568,"Buriti-So",381,31,"23L","23L1H4S2Q",2,2026-09-21 17:28:45.1000000,0,1200,0,2026-09-21 17:28:45.1000000,-10.483330,-46.033330
2794680,"Laidike",929,70,"34V","34V1H6S4Q",1,2014-09-14 14:47:11.0330000,18632,0,300,2026-09-21 17:28:47.6930000,60.350000,23.700000
176762,"Ouricuri",380,31,"23L","23L1H5S1Q",2,2026-09-21 17:28:49.3230000,0,1200,0,2026-09-21 17:28:49.3230000,-10.605560,-45.835830
2522220,"Aschendorf",708,57,"32U","32U1H5S3Q",3,2026-09-21 17:29:22.2400000,0,0,948,2026-09-21 17:29:22.2400000,52.100000,8.150000
2083898,"Fitchburg",3557,233,"16T","16T2H3S4Q",2,2026-09-21 14:12:19.6430000,0,8047,0,2026-09-21 17:29:28.1970000,42.439200,-84.277740
2792245,"Asteljoki",929,70,"34V","34V1H6S4Q",1,2014-03-29 12:09:42.5530000,16603,0,300,2026-09-21 17:30:14.2500000,60.200000,23.166670
61961,"San Juan de Palca",118,10,"19K","19K2H6S2Q",2,2026-09-21 17:30:29.7900000,0,885,0,2026-09-21 17:30:29.7900000,-22.250000,-66.433330
62259,"San Juan de Oro",118,10,"19K","19K2H6S2Q",2,2026-09-21 17:30:33.0130000,0,870,0,2026-09-21 17:30:33.0130000,-22.200000,-66.400000
62441,"Churqui",118,10,"19K","19K2H6S2Q",2,2026-09-21 17:30:35.6800000,0,870,0,2026-09-21 17:30:35.6800000,-22.166670,-66.350000
60968,"Tiomayo",118,10,"19K","19K2H6S2Q",2,2026-09-21 17:30:41.4770000,0,678,0,2026-09-21 17:30:41.4770000,-22.400000,-66.416670
2367580,"South Beach",3578,233,"10U","10U2H5S3Q",3,2013-04-27 01:35:38.6930000,0,0,5062593,2026-09-21 17:30:42.1100000,48.977330,-123.050470
59724,"Orosmayo",118,10,"19K","19K2H6S2Q",2,2026-09-21 17:30:44.4800000,0,677,0,2026-09-21 17:30:44.4800000,-22.583330,-66.350000
2356034,"Buckhorn",3578,233,"10U","10U2H5S4Q",3,2015-11-21 21:08:25.1970000,0,0,1421312,2026-09-21 17:30:59.5270000,48.706490,-122.869350
2513803,"Karibay",2665,192,"40U","40U2H3S2Q",1,2026-09-21 17:31:45.2400000,1200,0,0,2026-09-21 17:31:45.2400000,51.916670,59.400000
2520582,"Stockheim",707,57,"32U","32U1H5S3Q",3,2026-09-21 17:32:38.5000000,0,190,954,2026-09-21 17:32:38.5000000,52.066670,8.183330
2678606,"Novoselki-Slobodka",2671,192,"37U","37U1H1S2Q",2,2024-01-22 22:25:15.1430000,0,41514,1034,2026-09-21 17:32:53.1170000,55.966670,37.950000
2678221,"Baybaki",2671,192,"37U","37U1H1S2Q",2,2024-01-22 22:25:09.8030000,0,37193,1034,2026-09-21 17:33:05.4300000,55.958060,37.950830
98672,"Namahoaka",1878,143,"39K","39K1H1S4Q",2,2026-09-21 17:33:13.5600000,0,741,0,2026-09-21 17:33:13.5600000,-17.566670,49.450000
98468,"Marovato",1878,143,"39K","39K1H1S4Q",2,2026-09-21 17:33:16.7400000,0,776,0,2026-09-21 17:33:16.7400000,-17.583330,49.416670
98153,"Ampasimbe",1878,143,"39K","39K1H1S4Q",2,2026-09-21 17:33:21.4300000,0,741,0,2026-09-21 17:33:21.4300000,-17.616670,49.383330
98306,"Anjahamarina",1878,143,"39K","39K1H1S4Q",2,2026-09-21 17:33:24.8500000,0,741,0,2026-09-21 17:33:24.8500000,-17.600000,49.350000
98670,"Ambodivoahangy",1878,143,"39K","39K1H1S4Q",2,2026-09-21 17:33:29.2730000,0,741,0,2026-09-21 17:33:29.2730000,-17.566670,49.383330
99045,"Ampihaonana",1878,143,"39K","39K1H1S4Q",2,2026-09-21 17:33:32.3200000,0,741,0,2026-09-21 17:33:32.3200000,-17.533330,49.366670
99247,"Ambodiatafana",1878,143,"39K","39K1H1S4Q",2,2026-09-21 17:33:35.3070000,0,741,0,2026-09-21 17:33:35.3070000,-17.516670,49.366670
2151629,"Montbartier",951,75,"31T","31T2H1S2Q",2,2023-11-01 11:02:52.2600000,0,14325,0,2026-09-21 17:36:24.1370000,43.913480,1.274590
2150925,"Monbequi",951,75,"31T","31T2H1S2Q",2,2024-06-07 14:23:32.3200000,0,40483,0,2026-09-21 17:36:29.7500000,43.892200,1.241800
2150398,"Bessens",951,75,"31T","31T2H1S2Q",2,2023-10-16 17:06:24.6500000,0,12520,0,2026-09-21 17:36:33.9070000,43.878590,1.253810
2149980,"Dieupentale",951,75,"31T","31T2H1S2Q",2,2024-05-25 06:31:20.4000000,0,15677,0,2026-09-21 17:36:37.0830000,43.866670,1.266670
2148688,"Grisolles",951,75,"31T","31T2H1S2Q",2,2017-10-19 20:55:45.3800000,0,97917,0,2026-09-21 17:36:50.1100000,43.829200,1.296730
2148361,"Pompignan",951,75,"31T","31T2H1S2Q",2,2017-10-19 20:55:59.3470000,0,235081,0,2026-09-21 17:36:53.8900000,43.817680,1.312090
2149423,"Canals",951,75,"31T","31T2H1S2Q",2,2017-10-19 20:56:35.9570000,0,70864,0,2026-09-21 17:36:57.7900000,43.850000,1.283330
2578931,"Sint Jacobiparochie",2274,167,"31U","31U1H6S2Q",1,2021-04-17 05:03:37.6430000,58037,0,0,2026-09-21 17:39:30.2400000,53.272910,5.603540
2578015,"Minnertsga",2274,167,"31U","31U1H6S2Q",1,2021-04-15 14:48:57.4400000,33476,0,0,2026-09-21 17:39:35.1930000,53.251040,5.595130
2558709,"Marchington",979,77,"30U","30U1H6S3Q",2,2023-06-07 22:38:52.5900000,0,73665,0,2026-09-21 17:39:38.9430000,52.866670,-1.800000
2577637,"Firdgum",2274,167,"31U","31U1H6S2Q",1,2020-12-16 10:40:01.9200000,30871,0,0,2026-09-21 17:39:42.4130000,53.248780,5.560110
2787733,"Tavry",2675,192,"36V","36V2H1S1Q",3,2016-08-28 07:57:50.7170000,0,0,235642,2026-09-21 17:39:47.1170000,59.915830,30.691390
2578302,"Dijkshoek",2274,167,"31U","31U1H6S2Q",1,2020-11-22 07:39:15.7070000,50173,0,0,2026-09-21 17:40:00.0700000,53.261620,5.544660
1566246,"Heritage Farms",3539,233,"16S","16S2H6S2Q",3,2013-08-30 15:14:35.4430000,0,0,1003226,2026-09-21 17:40:03.3370000,33.443730,-84.520760
2578115,"Koehool",2274,167,"31U","31U1H6S2Q",1,2020-11-22 07:38:57.5230000,50989,0,0,2026-09-21 17:40:05.8200000,53.254530,5.525260
2577318,"Tzummarum",2274,167,"31U","31U1H6S2Q",1,2020-11-22 07:39:05.6530000,44329,0,0,2026-09-21 17:40:12.3300000,53.237330,5.546120
2576740,"Klooster-Lidlum",2274,167,"31U","31U1H6S2Q",1,2020-11-22 06:28:12.2600000,45236,0,0,2026-09-21 17:40:18.8630000,53.229650,5.524110
1575683,"Laurel Woods",3539,233,"16S","16S2H6S2Q",3,2013-08-17 20:35:35.8330000,0,0,1012340,2026-09-21 17:40:20.6730000,33.587890,-84.483540
2577240,"Oosterbierum",2274,167,"31U","31U1H6S2Q",1,2020-11-22 06:27:55.4170000,49125,0,0,2026-09-21 17:40:24.6070000,53.234190,5.511360
2513812,"Yel'tsovka",2715,192,"44U","44U2H3S1Q",1,2026-09-21 17:40:26.4170000,1200,0,0,2026-09-21 17:40:26.4170000,51.916670,82.416670
2513813,"Biryuksa",2715,192,"45U","45U2H1S2Q",1,2026-09-21 17:40:29.8370000,1200,0,0,2026-09-21 17:40:29.8370000,51.916670,85.516670
2576063,"Sexbierum",2274,167,"31U","31U1H6S2Q",1,2020-11-21 09:10:23.6070000,45375,0,0,2026-09-21 17:40:31.9630000,53.216670,5.483330
2513814,"Adyman",2713,192,"45U","45U2H2S1Q",1,2026-09-21 17:40:33.2130000,1200,0,0,2026-09-21 17:40:33.2130000,51.916670,86.316670
2513815,"Verkhnyaya Tyrga",2713,192,"45U","45U2H2S1Q",1,2026-09-21 17:40:36.1830000,1200,0,0,2026-09-21 17:40:36.1830000,51.916670,86.450000
97981,"Mahatsara",1878,143,"39K","39K1H1S4Q",2,2026-09-21 17:41:09.4070000,1200,1482,0,2026-09-21 17:41:09.4070000,-17.633330,49.483330
98852,"Ranomena",1878,143,"39K","39K1H1S4Q",2,2026-09-21 17:41:15.4270000,0,741,0,2026-09-21 17:41:15.4270000,-17.550000,49.433330
99047,"Ambodisovoka",1878,143,"39K","39K1H1S4Q",2,2026-09-21 17:41:19.5100000,0,741,0,2026-09-21 17:41:19.5100000,-17.533330,49.416670
99046,"Vohimalaza",1878,143,"39K","39K1H1S4Q",2,2026-09-21 17:41:26.3030000,0,741,0,2026-09-21 17:41:26.3030000,-17.533330,49.400000
1897217,"Spring Creek",3567,233,"10S","10S1H3S4Q",3,2026-09-21 17:41:26.4730000,0,2585,3361,2026-09-21 17:41:26.4730000,38.929070,-120.064910
99391,"Ambodivoanio",1878,143,"39K","39K1H1S4Q",2,2026-09-21 17:41:28.6330000,0,741,0,2026-09-21 17:41:28.6330000,-17.500000,49.333330
99392,"Ambodifaraha",1878,143,"39K","39K1H1S4Q",2,2026-09-21 17:41:32.9870000,46,300,0,2026-09-21 17:41:32.9870000,-17.500000,49.416670
99592,"Andranonaomby",1878,143,"39K","39K1H1S4Q",2,2026-09-21 17:41:46.0030000,0,741,0,2026-09-21 17:41:46.0030000,-17.483330,49.433330
2513816,"Dolgovskiy",2713,192,"45U","45U2H2S1Q",1,2026-09-21 17:44:04.1400000,1200,0,0,2026-09-21 17:44:04.1400000,51.916670,86.516670
2521506,"Sarkow",713,57,"33U","33U1H5S3Q",3,2026-09-18 22:55:03.9300000,0,0,11865,2026-09-21 17:45:06.5700000,52.083330,14.216670
59239,"Mina Ajedrez",118,10,"19K","19K2H6S2Q",2,2026-09-21 17:45:32.2570000,0,676,0,2026-09-21 17:45:32.2570000,-22.650000,-66.366670
58765,"Antiguyo",118,10,"19K","19K2H6S2Q",2,2026-09-21 17:45:36.9530000,0,675,0,2026-09-21 17:45:36.9570000,-22.716670,-66.350000
59485,"Lopiara",118,10,"19K","19K2H6S2Q",2,2026-09-21 17:45:39.6600000,0,300,26,2026-09-21 17:45:39.6600000,-22.616670,-66.200000
58896,"Casa Colorada",118,10,"19K","19K2H6S2Q",2,2026-09-21 17:45:43.1630000,0,743,0,2026-09-21 17:45:43.1630000,-22.700000,-66.050000
58897,"Pueblo Viejo",118,10,"20K","20K2H4S1Q",2,2026-09-21 17:45:47.6030000,0,743,0,2026-09-21 17:45:47.6030000,-22.700000,-65.966670
1562385,"Fortson",3539,233,"16S","16S2H6S2Q",3,2013-09-19 10:43:19.4370000,0,0,1000976,2026-09-21 17:47:08.1470000,33.377890,-84.288810
2516024,"Waldow",713,57,"33U","33U2H2S1Q",3,2026-09-19 00:20:59.5700000,0,0,11869,2026-09-21 17:47:11.5000000,51.966670,14.133330
2298422,"Essenreute",129,12,"32T","32T1H2S2Q",3,2025-09-15 01:10:28.1870000,0,0,21091,2026-09-21 17:47:13.0500000,47.571390,9.795280
2796161,"Kellarimaki",929,70,"34V","34V1H6S3Q",1,2013-09-11 23:12:40.1630000,18656,0,2400,2026-09-21 17:47:15.3370000,60.433890,22.447220
99593,"Mahambo",1878,143,"39K","39K1H1S4Q",2,2026-09-21 17:47:59.1570000,0,741,0,2026-09-21 17:47:59.1570000,-17.483330,49.466670
99992,"Ambinaniazafo",1878,143,"39K","39K1H1S4Q",2,2026-09-21 17:48:05.2400000,0,741,0,2026-09-21 17:48:05.2400000,-17.450000,49.450000
99991,"Antsikafoka",1878,143,"39K","39K1H1S4Q",2,2026-09-21 17:48:09.0830000,0,741,0,2026-09-21 17:48:09.0830000,-17.450000,49.433330
99813,"Fotsialanana",1878,143,"39K","39K1H1S4Q",2,2026-09-21 17:48:14.4270000,0,741,0,2026-09-21 17:48:14.4270000,-17.466670,49.366670
99989,"Sambolaza",1878,143,"39K","39K1H1S4Q",2,2026-09-21 17:48:25.1700000,0,741,0,2026-09-21 17:48:25.1700000,-17.450000,49.383330
2238053,"Martigny-Croix",506,43,"32T","32T1H1S4Q",2,2026-01-19 08:36:55.1900000,0,100299,0,2026-09-21 17:50:55.0070000,46.085970,7.051330
2220894,"McLoughlin",3578,233,"10T","10T1H5S2Q",2,2023-01-08 22:53:45.2130000,0,37848,0,2026-09-21 17:51:10.2700000,45.610670,-122.600930
2513817,"Verkhniy Ashpanak",2713,192,"45U","45U2H2S1Q",1,2026-09-21 17:51:15.5530000,1200,0,0,2026-09-21 17:51:15.5530000,51.916670,86.833330
2513820,"Orod",2723,192,"49U","49U2H1S2Q",1,2026-09-21 17:51:19.8800000,1200,0,0,2026-09-21 17:51:19.8800000,51.916670,109.683330
2513825,"Ust'-Daya",2720,192,"50U","50U2H2S2Q",1,2026-09-21 17:51:23.7700000,1200,0,0,2026-09-21 17:51:23.7700000,51.916670,117.616670
99990,"Sahamalaza",1878,143,"39K","39K1H1S4Q",2,2026-09-21 17:52:12.2370000,0,741,0,2026-09-21 17:52:12.2370000,-17.450000,49.400000
99988,"Manakambahiny",1878,143,"39K","39K1H1S4Q",2,2026-09-21 17:52:20.1230000,0,741,0,2026-09-21 17:52:20.1230000,-17.450000,49.333330
100192,"Ambonilaitra",1878,143,"39K","39K1H1S4Q",2,2026-09-21 17:52:23.4300000,0,741,0,2026-09-21 17:52:23.4300000,-17.433330,49.350000
2677763,"Naberezhnaya",2671,192,"37U","37U1H1S2Q",2,2024-08-30 15:31:23.7300000,0,25141,1034,2026-09-21 17:52:41.8130000,55.949170,37.950000
2677692,"Vtoroye Potapovo",2671,192,"37U","37U1H1S2Q",2,2023-09-07 16:19:26.2230000,0,19401,1034,2026-09-21 17:52:53.6800000,55.945000,37.968610
2677412,"Khomutovo",2671,192,"37U","37U1H1S2Q",2,2024-01-22 22:25:26.4430000,0,22542,1034,2026-09-21 17:53:03.7000000,55.933330,37.966670
2677411,"Mal'tsevo",2671,192,"37U","37U1H1S2Q",2,2024-08-15 05:22:35.6200000,0,18570,1034,2026-09-21 17:53:14.9830000,55.933330,37.950000
1645708,"Artillery Village",3546,233,"14S","14S2H2S4Q",3,2023-12-30 20:08:48.0530000,0,0,4542634,2026-09-21 17:54:19.6200000,34.638960,-98.413940
2333426,"Wallburg",716,57,"32U","32U2H4S4Q",3,2022-08-31 21:30:59.3230000,0,0,387745,2026-09-21 17:55:04.6700000,48.266670,7.850000
100397,"Vohiborimo",1878,143,"39K","39K1H1S4Q",2,2026-09-21 17:57:46.3070000,0,741,0,2026-09-21 17:57:46.3070000,-17.416670,49.316670
101135,"Ambodiafomena",1878,143,"39K","39K1H1S4Q",2,2026-09-21 17:57:49.9700000,0,741,0,2026-09-21 17:57:49.9700000,-17.350000,49.250000
100955,"Tanambao",1878,143,"39K","39K1H1S4Q",2,2026-09-21 17:57:54.7100000,0,741,0,2026-09-21 17:57:54.7100000,-17.366670,49.216670
2129366,"Umpqua",3576,233,"10T","10T2H2S1Q",2,2026-09-21 17:57:59.7870000,0,3578,0,2026-09-21 17:58:01.9130000,43.365390,-123.468420
100957,"Vohitsoa",1878,143,"39K","39K1H1S4Q",2,2026-09-21 17:58:16.5330000,0,741,0,2026-09-21 17:58:16.5330000,-17.366670,49.300000
58629,"Cochinoca",118,10,"20K","20K2H4S1Q",2,2026-09-21 17:59:10.6970000,0,743,0,2026-09-21 17:59:10.6970000,-22.733330,-65.900000
60395,"Carahuasi",118,10,"20K","20K2H4S1Q",2,2026-09-21 17:59:15.5730000,0,744,0,2026-09-21 17:59:15.5730000,-22.483330,-65.950000
59596,"Chipaite",118,10,"20K","20K2H4S1Q",2,2026-09-21 17:59:18.1770000,0,744,0,2026-09-21 17:59:18.1770000,-22.600000,-65.816670
58766,"Abra Pampa",118,10,"20K","20K2H4S1Q",2,2026-09-21 17:59:21.7970000,0,925,0,2026-09-21 17:59:21.7970000,-22.716670,-65.700000
100194,"Ambodimanga",1878,143,"39K","39K1H1S4Q",2,2026-09-21 17:59:37.4430000,0,741,0,2026-09-21 17:59:37.4430000,-17.433330,49.400000
2523091,"Vossheide",708,57,"32U","32U1H5S3Q",3,2026-09-21 18:01:03.1200000,0,0,1011,2026-09-21 18:01:03.1200000,52.116670,8.400000
2523093,"Mark",707,57,"32U","32U1H5S3Q",3,2026-09-21 18:01:28.3830000,0,0,1312,2026-09-21 18:01:28.3830000,52.116670,8.416670
2523094,"Duttingdorf",707,57,"32U","32U1H5S3Q",3,2026-09-21 18:01:50.2630000,0,0,1008,2026-09-21 18:01:50.2630000,52.116670,8.433330
2522228,"Theenhausen",707,57,"32U","32U1H5S3Q",3,2026-09-21 18:02:09.6270000,0,0,947,2026-09-21 18:02:09.6270000,52.100000,8.366670
2523878,"Im Hagen",708,57,"32U","32U1H5S3Q",3,2026-09-21 18:02:35.1370000,0,0,1011,2026-09-21 18:02:35.1370000,52.133330,8.416670
2523880,"Barringdorf",707,57,"32U","32U1H5S3Q",3,2026-09-21 18:02:43.9300000,0,0,1011,2026-09-21 18:02:43.9300000,52.133330,8.433330
1893402,"Meyers",3567,233,"10S","10S1H3S4Q",2,2026-09-21 18:02:53.0370000,0,1143,0,2026-09-21 18:02:53.0370000,38.856020,-120.012960
1894712,"Fallen Leaf",3567,233,"10S","10S1H3S4Q",2,2026-09-21 18:02:58.5770000,0,1425,0,2026-09-21 18:02:58.5770000,38.882960,-120.072680
1842932,"Sacanap",3567,233,"10S","10S1H5S2Q",2,2025-12-04 09:23:09.7930000,0,2993044,9567,2026-09-21 18:05:57.5670000,37.893260,-122.076070
2575994,"Pietersbierum",2274,167,"31U","31U1H6S2Q",1,2020-11-21 09:10:35.6370000,46921,0,0,2026-09-21 18:06:01.1200000,53.215700,5.476940
2575758,"Roptazijl",2274,167,"31U","31U1H6S2Q",1,2020-11-20 20:52:33.1070000,55805,0,0,2026-09-21 18:06:14.0100000,53.206860,5.445610
2574947,"De Blijnse",2274,167,"31U","31U1H6S2Q",1,2019-10-19 06:32:47.9370000,46961,0,0,2026-09-21 18:06:28.1700000,53.189680,5.442520
2574156,"Harlingen",2274,167,"31U","31U1H6S2Q",1,2015-09-11 10:36:40.6130000,1083754,0,0,2026-09-21 18:06:39.7430000,53.174770,5.422440
2572320,"Dijksterburen",2274,167,"31U","31U1H6S2Q",1,2019-10-19 06:48:24.6670000,50719,0,0,2026-09-21 18:06:50.9570000,53.136270,5.412230
2493532,"Emsdorf",703,57,"33U","33U2H1S1Q",2,2026-09-21 18:07:01.9600000,0,677,517,2026-09-21 18:07:01.9600000,51.483330,12.166670
100398,"Antanetilava",1878,143,"39K","39K1H1S4Q",2,2026-09-21 18:07:02.1730000,0,741,0,2026-09-21 18:07:02.1730000,-17.416670,49.400000
2571052,"Strand",2274,167,"31U","31U1H6S2Q",1,2019-10-19 06:48:14.6170000,40820,0,0,2026-09-21 18:07:04.4130000,53.116670,5.400000
100595,"Ambodiharana",1878,143,"39K","39K1H1S4Q",2,2026-09-21 18:07:05.8230000,0,741,0,2026-09-21 18:07:05.8230000,-17.400000,49.383330
100594,"Betampona",1878,143,"39K","39K1H1S4Q",2,2026-09-21 18:07:08.7770000,0,741,0,2026-09-21 18:07:08.7770000,-17.400000,49.366670
100959,"Fenoarivo Atsinanana",1878,143,"39K","39K1H1S4Q",2,2026-09-21 18:07:11.8170000,0,741,0,2026-09-21 18:07:11.8170000,-17.366670,49.416670
101139,"Ambinanyanotendro",1878,143,"39K","39K1H1S4Q",2,2026-09-21 18:07:15.1930000,0,741,0,2026-09-21 18:07:15.1930000,-17.350000,49.400000
2570877,"Zurich",2274,167,"31U","31U1H6S2Q",1,2019-10-19 06:48:10.6530000,44817,0,0,2026-09-21 18:07:16.9500000,53.111340,5.394370
101138,"Amposakaha",1878,143,"39K","39K1H1S4Q",2,2026-09-21 18:07:18.2630000,0,741,0,2026-09-21 18:07:18.2630000,-17.350000,49.366670
2494313,"Siedersdorf",703,57,"33U","33U2H1S1Q",2,2026-09-21 18:07:22.4500000,0,986,0,2026-09-21 18:07:22.4500000,51.500000,12.166670
2570244,"Gooium",2274,167,"31U","31U1H6S2Q",1,2020-11-28 11:31:19.6200000,36150,0,0,2026-09-21 18:07:28.0100000,53.100000,5.400000
101137,"Ambodimanga",1878,143,"39K","39K1H1S4Q",2,2026-09-21 18:07:28.9500000,0,741,0,2026-09-21 18:07:28.9500000,-17.350000,49.350000
2494317,"Peterwitz",704,57,"33U","33U2H1S1Q",2,2026-09-21 13:25:54.4900000,0,1791,0,2026-09-21 18:07:31.1230000,51.500000,12.250000
2496682,"Brehna",703,57,"33U","33U2H1S1Q",2,2026-09-21 18:07:36.5500000,0,780,0,2026-09-21 18:07:36.5500000,51.550000,12.216670
2569361,"Cornwerd",2274,167,"31U","31U1H6S2Q",1,2019-08-29 12:52:17.6030000,55733,0,0,2026-09-21 18:07:42.0300000,53.082990,5.390850
2496683,"Gordenitz",703,57,"33U","33U2H1S1Q",2,2026-09-21 18:07:57.2770000,0,780,0,2026-09-21 18:07:57.2770000,51.550000,12.233330
2147141,"Parma",3573,233,"11T","11T2H2S2Q",3,2026-09-16 14:38:19.4670000,3680,0,4415,2026-09-21 18:07:58.4200000,43.785160,-116.943210
2513826,"Gorbunovo",2720,192,"50U","50U2H3S2Q",1,2026-09-21 18:08:10.7100000,1200,0,0,2026-09-21 18:08:10.7100000,51.916670,119.250000
2499733,"Zscherndorf",703,57,"33U","33U2H1S1Q",2,2026-09-21 18:08:11.2000000,0,1012,0,2026-09-21 18:08:11.2000000,51.616670,12.266670
2513829,"Tarakon",2722,192,"52U","52U2H1S1Q",1,2026-09-21 18:08:13.9570000,1200,0,0,2026-09-21 18:08:13.9570000,51.916670,126.983330
2513830,"Borodinskoye",2722,192,"52U","52U2H2S1Q",1,2026-09-21 18:08:16.9200000,1200,0,0,2026-09-21 18:08:16.9200000,51.916670,128.833330
2502877,"Reuden",703,57,"33U","33U2H1S1Q",2,2026-09-21 18:08:19.6000000,0,918,0,2026-09-21 18:08:19.6000000,51.683330,12.233330
2513846,"Konstantinovka",2677,192,"37U","37U2H1S2Q",1,2026-09-21 18:08:22.9370000,1200,0,0,2026-09-21 18:08:22.9370000,51.916940,37.834440
2513854,"Malochagansk",2665,192,"39U","39U2H3S1Q",1,2026-09-21 18:08:25.9400000,1200,0,0,2026-09-21 18:08:25.9400000,51.917220,52.075280
2513864,"Skakun",2677,192,"37U","37U2H2S1Q",1,2026-09-21 18:08:28.5330000,1200,0,0,2026-09-21 18:08:28.5330000,51.917690,38.206300
2513866,"Gor'chakovka",2674,192,"37U","37U2H2S1Q",1,2026-09-21 18:08:35.1200000,1200,0,0,2026-09-21 18:08:35.1200000,51.917760,38.116910
2118910,"Ikutora",1455,114,"54T","54T2H3S1Q",3,2026-09-21 18:08:47.5230000,208,0,600,2026-09-21 18:08:47.5230000,43.155560,142.570560
2117166,"Ochiai",1455,114,"54T","54T2H3S1Q",3,2026-09-21 18:08:57.9230000,0,0,1401,2026-09-21 18:08:59.6030000,43.119440,142.672500
2113657,"Tomamu",1455,114,"54T","54T2H3S1Q",3,2026-09-21 18:09:06.1670000,0,0,1401,2026-09-21 18:09:08.2330000,43.050000,142.650000
2036617,"Maysville",3584,233,"17T","17T2H5S2Q",3,2025-05-12 14:02:27.8370000,0,0,580761,2026-09-21 18:10:14.5600000,41.404500,-80.452570
2162903,"Garletts Corner",3557,233,"16T","16T1H6S3Q",1,2026-06-13 23:49:16.7300000,2213,0,0,2026-09-21 18:10:20.3500000,44.222230,-85.804230
1966526,"Mapleton",3571,233,"12T","12T2H5S3Q",1,2026-08-24 00:00:24.9430000,365505,0,0,2026-09-21 18:14:00.6870000,40.130230,-111.578530
2677624,"Gorki",2671,192,"37U","37U1H1S2Q",2,2024-08-15 04:53:00.8400000,0,32152,1034,2026-09-21 18:14:42.3700000,55.940830,37.893330
2677995,"Pervomayskiy",2671,192,"37U","37U1H1S2Q",2,2024-03-11 12:57:15.2070000,0,122857,517,2026-09-21 18:14:51.2170000,55.950000,37.866670
2678208,"Tarasovka",2671,192,"37U","37U1H1S2Q",2,2024-03-11 12:57:23.3830000,0,885443,517,2026-09-21 18:14:58.5730000,55.957220,37.843330
2678605,"Lesnyye Polyany",2671,192,"37U","37U1H1S2Q",2,2026-02-06 14:53:35.5770000,0,111011,517,2026-09-21 18:15:30.6000000,55.966670,37.866670
2270855,"Bern / Altenberg",523,43,"32T","32T1H1S4Q",2,2026-03-24 10:36:44.1200000,0,1585571,0,2026-09-21 18:15:43.4870000,46.950610,7.457720
58630,"Tabladitas",118,10,"20K","20K2H4S1Q",2,2026-09-21 18:15:47.7600000,0,741,0,2026-09-21 18:15:47.7600000,-22.733330,-65.600000
2679317,"Kavezino",2671,192,"37U","37U1H1S2Q",2,2026-03-09 14:50:00.6070000,0,318005,1034,2026-09-21 18:15:50.7830000,55.986390,37.881940
59240,"Potrero",118,10,"20K","20K2H4S1Q",2,2026-09-21 18:15:52.5430000,0,742,0,2026-09-21 18:15:52.5430000,-22.650000,-65.550000
59956,"Gallego Muerto",118,10,"20K","20K2H4S1Q",2,2026-09-21 18:15:54.6970000,0,743,0,2026-09-21 18:15:54.6970000,-22.550000,-65.500000
60396,"Pueblo Viejo",118,10,"20K","20K2H4S1Q",2,2026-09-21 18:15:57.9330000,0,743,0,2026-09-21 18:15:57.9330000,-22.483330,-65.416670
60517,"Cienaguilla",118,10,"20K","20K2H4S1Q",2,2026-09-21 18:16:01.4600000,0,743,0,2026-09-21 18:16:01.4600000,-22.466670,-65.400000
60617,"Corral Blanco",118,10,"20K","20K2H4S1Q",2,2026-09-21 18:16:05.8300000,0,743,0,2026-09-21 18:16:05.8300000,-22.450000,-65.366670
1322830,"Holiday Manor",3538,233,"17R","17R1H5S3Q",2,2026-07-12 04:19:42.6400000,0,326955,221023,2026-09-21 18:16:09.2630000,28.159180,-81.686190
2049540,"Monticello",3562,233,"18T","18T2H5S2Q",1,2026-09-21 18:17:11.4170000,1110,0,0,2026-09-21 18:17:11.4170000,41.655650,-74.689330
476940,"Pulun",830,63,"17N","17N2H6S2Q",3,2026-09-21 18:17:15.9330000,0,0,1200,2026-09-21 18:17:15.9330000,1.083330,-78.666670
476206,"Los Ajos",830,63,"17N","17N2H6S2Q",3,2026-09-21 18:17:19.3900000,0,0,1200,2026-09-21 18:17:19.3900000,1.021110,-78.725280
476044,"Huimbicito",830,63,"17N","17N2H6S2Q",3,2026-09-21 18:17:24.0270000,0,0,1200,2026-09-21 18:17:24.0270000,1.011110,-78.767780
2046469,"Squirrels Corners",3562,233,"18T","18T2H5S2Q",1,2026-09-21 18:17:24.7930000,1098,0,0,2026-09-21 18:17:24.7930000,41.599540,-74.749610
2046158,"Saint Josephs",3562,233,"18T","18T2H5S2Q",1,2026-09-21 18:17:28.2600000,1101,0,0,2026-09-21 18:17:28.2600000,41.590090,-74.710160
477118,"San Francisco",830,63,"17N","17N2H6S2Q",3,2026-09-21 18:17:30.3470000,0,0,1200,2026-09-21 18:17:30.3470000,1.091390,-78.702500
2043372,"Hartwood",3562,233,"18T","18T2H5S2Q",1,2026-09-21 18:17:32.6930000,1092,0,0,2026-09-21 18:17:32.6930000,41.535370,-74.697660
477158,"Santa Rita",830,63,"17N","17N2H6S2Q",3,2026-09-21 18:17:34.9130000,0,0,1200,2026-09-21 18:17:34.9130000,1.098610,-78.728060
476436,"Urbina",830,63,"17N","17N2H6S2Q",3,2026-09-21 18:17:38.9030000,0,0,1200,2026-09-21 18:17:38.9030000,1.040280,-78.768890
477092,"Chillavi",830,63,"17N","17N2H6S2Q",3,2026-09-21 18:17:42.2300000,0,0,1200,2026-09-21 18:17:42.2300000,1.087220,-78.775000
476706,"San Javier de Cachavi",830,63,"17N","17N2H6S2Q",3,2026-09-21 18:17:47.5070000,0,0,1200,2026-09-21 18:17:47.5070000,1.066110,-78.777220
2040291,"Glen Spey",3562,233,"18T","18T2H5S2Q",1,2026-09-21 18:17:48.3400000,1088,0,0,2026-09-21 18:17:48.3430000,41.478700,-74.813500
2039242,"Upper Mongaup",3562,233,"18T","18T2H5S2Q",1,2026-09-21 18:17:54.1600000,1089,0,0,2026-09-21 18:17:54.1600000,41.457590,-74.764890
2515261,"Caminchen",713,57,"33U","33U2H2S1Q",3,2026-09-18 13:24:15.2700000,0,0,11864,2026-09-21 18:18:07.4870000,51.950000,14.066670
2041736,"Hartwood Club",3562,233,"18T","18T2H5S2Q",1,2026-09-21 18:18:17.9170000,1091,0,0,2026-09-21 18:18:17.9170000,41.504260,-74.724330
2522226,"Wichlinghausen",707,57,"32U","32U1H5S3Q",3,2026-09-21 18:18:21.8970000,0,0,945,2026-09-21 18:18:21.8970000,52.100000,8.333330
2521413,"Cleve",707,57,"32U","32U1H5S3Q",3,2026-09-21 18:18:39.5800000,0,0,945,2026-09-21 18:18:39.5800000,52.083330,8.300000
2521414,"Eggeberg",707,57,"32U","32U1H5S3Q",3,2026-09-21 18:18:52.3970000,0,0,947,2026-09-21 18:18:52.3970000,52.083330,8.350000
1872290,"Columbia",3554,233,"15S","15S1H3S4Q",2,2019-02-02 20:41:18.8200000,0,799753,0,2026-09-21 18:19:53.4230000,38.443660,-90.201220
2521415,"Berghagen",707,57,"32U","32U1H5S3Q",3,2026-09-21 18:20:59.1100000,0,0,1008,2026-09-21 18:20:59.1100000,52.083330,8.400000
2576020,"Yungorodok",2658,192,"39U","39U1H5S1Q",3,2023-03-17 06:15:04.0700000,0,0,1290226,2026-09-21 18:21:03.6230000,53.216510,50.299740
2198546,"Saint-Seurin-sur-l'Isle",965,75,"31T","31T1H4S1Q",3,2026-09-12 09:25:50.8230000,0,0,28586,2026-09-21 18:24:06.5700000,45.016670,0.000000
101319,"Manakambahiny",1878,143,"39K","39K1H1S4Q",2,2026-09-21 18:24:11.1570000,0,741,0,2026-09-21 18:24:11.1570000,-17.333330,49.383330
101715,"Mahavanona",1878,143,"39K","39K1H1S4Q",2,2026-09-21 18:24:14.0370000,0,741,0,2026-09-21 18:24:14.0370000,-17.300000,49.400000
101716,"Vohilengo",1878,143,"39K","39K1H1S4Q",2,2026-09-21 18:24:16.2630000,0,741,0,2026-09-21 18:24:16.2630000,-17.300000,49.416670
101905,"Tampolo",1878,143,"39K","39K1H1S4Q",2,2026-09-21 18:24:19.9230000,0,741,0,2026-09-21 18:24:19.9230000,-17.283330,49.400000
102085,"Andapa",1878,143,"39K","39K1H1S4Q",2,2026-09-21 18:24:22.3770000,0,741,0,2026-09-21 18:24:22.3800000,-17.266670,49.383330
102262,"Vohibao",1878,143,"39K","39K1H1S4Q",2,2026-09-21 18:24:25.4970000,0,741,0,2026-09-21 18:24:25.4970000,-17.250000,49.400000
102604,"Ampasina-Maningory",1878,143,"39K","39K1H1S4Q",2,2026-09-21 18:24:28.5030000,0,741,0,2026-09-21 18:24:28.5030000,-17.216670,49.416670
102789,"Ambalafary",1878,143,"39K","39K1H1S4Q",2,2026-09-21 18:24:41.5930000,0,741,0,2026-09-21 18:24:41.5930000,-17.200000,49.433330
2301048,"Vesoul",957,75,"32T","32T1H1S1Q",1,2015-09-06 20:01:39.1270000,68525911,0,0,2026-09-21 18:24:58.9200000,47.633330,6.166670
2153865,"Palisades Corner",3573,233,"11T","11T2H2S2Q",3,2026-09-15 17:01:08.8970000,1840,0,5211,2026-09-21 18:25:50.6900000,43.975160,-116.912660
1613361,"Woodland Hills",3567,233,"11S","11S2H1S4Q",1,2026-09-21 07:02:45.3230000,2481,0,0,2026-09-21 18:26:38.4670000,34.168340,-118.605920
1543084,"Imlac",3539,233,"16S","16S2H6S2Q",1,2026-09-21 18:27:04.5500000,945,0,0,2026-09-21 18:27:04.5500000,33.024570,-84.562700
1542343,"Carrolls",3539,233,"16S","16S2H6S2Q",1,2026-09-21 18:27:15.8200000,822,0,0,2026-09-21 18:27:15.8200000,33.012350,-84.566040
1546763,"Gay",3539,233,"16S","16S2H6S2Q",1,2026-09-21 18:27:30.0700000,945,0,0,2026-09-21 18:27:30.0700000,33.093740,-84.573820
1542682,"Piedmont",3539,233,"16S","16S2H6S2Q",1,2026-09-21 18:27:52.2770000,665,0,0,2026-09-21 18:27:52.2770000,33.017070,-84.250750
1543032,"Vega",3539,233,"16S","16S2H6S2Q",1,2026-09-21 18:28:03.5500000,665,0,0,2026-09-21 18:28:03.5500000,33.023460,-84.288530
1542502,"Clearwater Springs",3539,233,"16S","16S2H6S2Q",1,2026-09-21 18:28:11.1100000,665,0,0,2026-09-21 18:28:11.1100000,33.015410,-84.324640
1543473,"Rose Hill",3539,233,"16S","16S2H6S2Q",1,2026-09-21 18:28:15.8870000,665,0,0,2026-09-21 18:28:15.8870000,33.032350,-84.333250
1544387,"Meansville",3539,233,"16S","16S2H6S2Q",1,2026-09-21 18:28:18.5270000,685,0,0,2026-09-21 18:28:18.5270000,33.049290,-84.306860
2298522,"Kapf",129,12,"32T","32T1H2S2Q",3,2026-08-22 17:29:40.8270000,0,0,21088,2026-09-21 18:28:23.7900000,47.576110,9.795000
1538765,"Delray",3539,233,"16S","16S2H6S4Q",1,2026-09-21 18:28:28.9070000,670,0,0,2026-09-21 18:28:28.9070000,32.952070,-84.301310
174788,"Sao Luis",380,31,"23L","23L1H5S1Q",2,2026-09-21 18:28:58.0600000,0,1200,0,2026-09-21 18:28:58.0600000,-10.916670,-45.450000
174976,"Passagem de Pedra",380,31,"23L","23L1H5S1Q",2,2026-09-21 18:29:01.7900000,0,1200,0,2026-09-21 18:29:01.7900000,-10.883330,-45.416670
178396,"Batalha",360,31,"23L","23L1H5S1Q",2,2026-09-21 18:29:22.2130000,0,1200,0,2026-09-21 18:29:22.2130000,-10.366670,-45.366670
181581,"Macaco",364,31,"23L","23L1H5S1Q",2,2026-09-21 18:29:45.2430000,0,1200,0,2026-09-21 18:29:45.2430000,-10.050000,-45.950000
182239,"Tiririca",364,31,"23L","23L1H2S3Q",2,2026-09-21 18:29:49.6500000,0,1200,0,2026-09-21 18:29:49.6500000,-9.983330,-45.866670
183009,"Castelo",364,31,"23L","23L1H2S3Q",2,2026-09-21 18:29:52.7730000,0,1200,0,2026-09-21 18:29:52.7730000,-9.916670,-45.883330
183008,"Angicos",364,31,"23L","23L1H2S3Q",2,2026-09-21 18:29:56.0530000,0,1200,0,2026-09-21 18:29:56.0530000,-9.916670,-45.950000
183178,"Curupa",364,31,"23L","23L1H2S3Q",2,2026-09-21 18:29:59.3630000,0,1200,0,2026-09-21 18:29:59.3630000,-9.904440,-45.935000
1540551,"Dog Crossing",3539,233,"16S","16S2H6S4Q",1,2026-09-21 18:30:04.3670000,1053,0,0,2026-09-21 18:30:04.3700000,32.981520,-84.261310
184851,"Caetano",364,31,"23L","23L1H2S3Q",2,2026-09-21 18:30:11.5730000,0,1200,0,2026-09-21 18:30:11.5730000,-9.783330,-45.850000
1536912,"Strouds",3539,233,"16S","16S2H6S4Q",0,2026-09-21 18:30:28.2630000,0,0,0,2026-09-21 18:30:28.2630000,32.920410,-84.066020
60970,"Tuc Tuca",112,10,"20K","20K2H4S1Q",2,2026-09-21 18:30:52.9270000,0,743,0,2026-09-21 18:30:52.9270000,-22.400000,-65.216670
61184,"Aguilar",112,10,"20K","20K2H4S1Q",2,2026-09-21 18:30:57.0500000,0,743,0,2026-09-21 18:30:57.0500000,-22.366670,-65.183330
62263,"Tres Lagunas",112,10,"20K","20K2H4S1Q",2,2026-09-21 18:31:02.6300000,0,804,0,2026-09-21 18:31:02.6300000,-22.200000,-65.133330
62735,"Vizcachani",112,10,"20K","20K2H4S1Q",2,2026-09-21 18:31:06.2300000,0,805,0,2026-09-21 18:31:06.2300000,-22.116670,-65.133330
1535949,"Russellville",3539,233,"17S","17S2H4S3Q",2,2025-11-12 17:33:47.0800000,362,8480,0,2026-09-21 18:32:09.5430000,32.902630,-83.991300
2513875,"Boretsk",2657,192,"38U","38U2H1S1Q",1,2026-09-21 18:32:14.7370000,1200,0,0,2026-09-21 18:32:14.7370000,51.918060,42.740000
1744337,"Owasso",3546,233,"15S","15S1H4S3Q",3,2013-09-02 23:02:05.2970000,0,0,8070762,2026-09-21 18:32:18.2300000,36.269540,-95.854710
2513876,"Sergiyevka",2665,192,"40U","40U2H1S1Q",1,2026-09-21 18:32:18.3000000,1200,0,0,2026-09-21 18:32:18.3000000,51.918060,54.894720
2513880,"Kebezen'",2713,192,"45U","45U2H2S2Q",1,2026-09-21 18:32:21.2400000,1200,0,0,2026-09-21 18:32:21.2400000,51.918330,87.102500
2513882,"Staryye Saviny",2677,192,"37U","37U2H1S2Q",1,2026-09-21 18:32:24.0930000,1200,0,0,2026-09-21 18:32:24.0930000,51.918480,37.282310
2513885,"Sidelevka",2677,192,"37U","37U2H1S2Q",1,2026-09-21 18:32:26.5200000,1200,0,0,2026-09-21 18:32:26.5200000,51.918540,37.511030
2513905,"Sredniy Raskhovets",2677,192,"37U","37U2H1S2Q",1,2026-09-21 18:32:29.1500000,1200,0,0,2026-09-21 18:32:29.1500000,51.919320,37.583330
2513907,"Bikbovo",2696,192,"40U","40U2H2S2Q",1,2026-09-21 18:32:31.6600000,1200,0,0,2026-09-21 18:32:31.6600000,51.919440,57.717780
2513944,"Oblivnoye",2657,192,"38U","38U2H1S2Q",1,2026-09-21 18:32:34.2400000,1200,0,0,2026-09-21 18:32:34.2400000,51.921200,43.770000
182411,"Jurubeba",360,31,"23L","23L1H2S3Q",2,2026-09-21 18:33:01.7770000,0,1200,0,2026-09-21 18:33:01.7770000,-9.966670,-45.716670
1897911,"Kiva Beach",3567,233,"10S","10S1H3S4Q",3,2026-09-21 18:34:44.4600000,0,1345,2689,2026-09-21 18:34:44.4600000,38.940460,-120.051020
2099225,"Gurlo",279,22,"34T","34T2H3S3Q",1,2025-06-09 04:32:29.6100000,213152,15814,0,2026-09-21 18:34:57.8130000,42.766670,22.850000
186245,"Passagem da Taboca",360,31,"23L","23L1H2S3Q",2,2026-09-21 18:35:07.6970000,0,1200,0,2026-09-21 18:35:07.6970000,-9.700000,-45.833330
1537719,"Grapevine",3549,233,"14S","14S2H6S3Q",3,2015-05-30 20:25:36.1730000,0,0,5281645,2026-09-21 18:35:29.1430000,32.934290,-97.078070
2515260,"Briesensee",713,57,"33U","33U2H2S1Q",3,2026-09-19 10:33:24.7000000,0,0,10672,2026-09-21 18:35:29.9530000,51.950000,14.000000
153150,"Ranrapata",2383,175,"18L","18L2H3S4Q",1,2022-12-17 10:31:49.3270000,10408,0,0,2026-09-21 18:35:55.6000000,-13.256670,-72.444440
2288883,"Zuerich (Kreis 4) / Werd",503,43,"32T","32T1H2S1Q",3,2024-06-19 08:47:10.8200000,0,0,3802425,2026-09-21 18:38:51.4100000,47.371780,8.525840
2252762,"Harvey",3557,233,"16T","16T1H2S3Q",1,2023-04-18 12:34:10.3370000,617266,0,0,2026-09-21 18:39:04.3800000,46.494660,-87.354310
475432,"Caserio Venceslao",830,63,"17N","17N2H6S4Q",3,2026-09-21 18:41:43.8070000,0,0,1200,2026-09-21 18:41:43.8070000,0.966670,-78.966670
2200473,"Hoffmans Corner",3558,233,"15T","15T1H5S1Q",2,2019-10-24 03:16:31.2570000,0,1745769,0,2026-09-21 18:41:46.7000000,45.050240,-93.031880
475242,"Anchayacu",830,63,"17N","17N2H6S3Q",3,2026-09-21 18:41:46.9430000,0,0,1200,2026-09-21 18:41:46.9430000,0.950000,-79.066670
475430,"San Agustin",830,63,"17N","17N2H6S3Q",3,2026-09-21 18:41:50.2030000,0,0,1200,2026-09-21 18:41:50.2030000,0.966670,-79.050000
1577374,"Tutwiler Farm",3551,233,"16S","16S2H5S2Q",1,2026-08-03 08:13:14.2670000,15665,0,0,2026-09-21 18:41:52.5070000,33.615380,-86.628880
475630,"Palmira",830,63,"17N","17N2H6S3Q",3,2026-09-21 18:41:53.3900000,0,0,1200,2026-09-21 18:41:53.3900000,0.983330,-79.033330
475431,"San Jose de Cayapas",830,63,"17N","17N2H6S3Q",3,2026-09-21 18:41:56.7100000,0,0,1200,2026-09-21 18:41:56.7100000,0.966670,-79.016670
476270,"La Concordia",830,63,"17N","17N2H6S1Q",3,2026-09-21 18:42:03.1400000,0,0,1200,2026-09-21 18:42:03.1400000,1.033330,-79.033330
476073,"Pueblito",830,63,"17N","17N2H6S2Q",3,2026-09-21 18:42:07.5630000,0,0,1200,2026-09-21 18:42:07.5630000,1.016670,-78.900000
475243,"Timbire",830,63,"17N","17N2H6S4Q",3,2026-09-21 18:42:11.0700000,0,0,1200,2026-09-21 18:42:11.0700000,0.950000,-78.883330
102790,"Antakobola",1878,143,"39K","39K1H1S4Q",2,2026-09-21 18:43:30.6370000,0,741,0,2026-09-21 18:43:30.6370000,-17.200000,49.450000
102791,"Ambinanymaningory",1878,143,"39K","39K1H1S4Q",2,2026-09-21 18:43:39.4170000,0,741,0,2026-09-21 18:43:39.4170000,-17.200000,49.466670
102933,"Antanambao-Bitavola",1878,143,"39K","39K1H1S4Q",2,2026-09-21 18:43:41.3770000,0,741,0,2026-09-21 18:43:41.3770000,-17.183330,49.450000
2797141,"Metsamaki",929,70,"34V","34V1H6S3Q",1,2013-11-19 18:10:27.2600000,7579,0,4500,2026-09-21 18:43:48.6830000,60.486940,22.331110
101495,"Anamboambo",1878,143,"39K","39K1H1S4Q",2,2026-09-21 18:43:50.4700000,0,1482,0,2026-09-21 18:43:50.4700000,-17.316670,49.316670
101712,"Nangoandrano",1878,143,"39K","39K1H1S4Q",2,2026-09-21 18:43:53.5600000,0,741,0,2026-09-21 18:43:53.5600000,-17.300000,49.283330
102084,"Sahafilo",1878,143,"39K","39K1H1S4Q",2,2026-09-21 18:44:00.0370000,0,741,0,2026-09-21 18:44:00.0370000,-17.266670,49.350000
1903381,"Meeks Bay",3567,233,"10S","10S1H3S2Q",3,2026-09-21 18:44:43.4000000,0,1940,2482,2026-09-21 18:44:43.4000000,39.034350,-120.124080
1911377,"Tahoe City",3567,233,"10S","10S1H3S2Q",1,2026-03-19 00:06:06.1130000,147936,0,517,2026-09-21 18:44:52.5300000,39.172130,-120.138800
2688117,"Varavino",2671,192,"37V","37V2H5S3Q",2,2026-04-17 04:57:32.6170000,0,64148,0,2026-09-21 18:45:03.7930000,56.233330,38.133330
101713,"Anambiavy",1878,143,"39K","39K1H1S4Q",2,2026-09-21 18:45:15.7600000,0,1482,0,2026-09-21 18:45:15.7600000,-17.300000,49.333330
2796882,"Vanhalinna",929,70,"34V","34V1H6S3Q",1,2013-11-14 12:43:01.2730000,80382,0,1200,2026-09-21 18:45:24.4330000,60.476390,22.380560
2389228,"Brunswick Beach",451,38,"10U","10U2H5S1Q",3,2013-05-03 10:19:09.9530000,0,0,4581229,2026-09-21 18:45:43.3700000,49.466360,-123.252670
189987,"Ipane",364,31,"23L","23L1H1S4Q",2,2026-09-21 18:45:52.5970000,0,1200,0,2026-09-21 18:45:52.5970000,-9.550000,-46.150000
190426,"Cotia",364,31,"23L","23L1H1S4Q",2,2026-09-21 18:45:58.9530000,0,1200,0,2026-09-21 18:45:58.9530000,-9.533330,-46.116670
192480,"Carretao",364,31,"23L","23L1H1S4Q",2,2026-09-21 18:46:02.0570000,0,1200,0,2026-09-21 18:46:02.0570000,-9.450000,-46.166670
62539,"Santa Cruz",112,10,"20K","20K2H4S1Q",2,2026-09-21 18:46:05.5900000,0,762,0,2026-09-21 18:46:05.5900000,-22.150000,-65.033330
192481,"Urutu",364,31,"23L","23L1H1S4Q",2,2026-09-21 18:46:07.0570000,0,1200,0,2026-09-21 18:46:07.0570000,-9.450000,-46.050000
191561,"Campeira",364,31,"23L","23L1H2S3Q",2,2026-09-21 18:46:11.1730000,0,1200,0,2026-09-21 18:46:11.1730000,-9.492220,-45.931390
62737,"Mecoyita",112,10,"20K","20K2H4S2Q",2,2026-09-21 18:46:17.5700000,0,744,0,2026-09-21 18:46:17.5700000,-22.116670,-64.900000
62631,"Salto",112,10,"20K","20K2H4S2Q",2,2026-09-21 18:46:36.4870000,0,1442,0,2026-09-21 18:46:36.4870000,-22.133330,-64.883330
62355,"Santa Rosita",112,10,"20K","20K2H4S2Q",2,2026-09-21 18:46:46.8270000,0,847,0,2026-09-21 18:46:46.8270000,-22.183330,-64.833330
1578401,"McDowell Mountain Ranch",3572,233,"12S","12S2H5S1Q",1,2014-03-20 02:21:41.3700000,71935,7224,0,2026-09-21 18:46:54.9630000,33.632820,-111.848200
61750,"Chorro",112,10,"20K","20K2H4S2Q",2,2026-09-21 18:46:55.1830000,0,780,0,2026-09-21 18:46:55.1830000,-22.283330,-64.933330
61868,"San Felipe",112,10,"20K","20K2H4S2Q",2,2026-09-21 18:46:59.6300000,0,804,0,2026-09-21 18:46:59.6300000,-22.266670,-64.966670
1910901,"Bloomington",3555,233,"16S","16S1H2S2Q",2,2013-08-13 02:58:51.0670000,0,85000721,0,2026-09-21 18:47:35.7570000,39.165320,-86.526390
2501315,"Thalheim",703,57,"33U","33U2H1S1Q",2,2026-09-21 18:48:28.8370000,0,755,0,2026-09-21 18:48:28.8370000,51.650000,12.233330
2499732,"Ramsin",703,57,"33U","33U2H1S1Q",1,2022-10-04 17:30:16.0830000,878,300,0,2026-09-21 18:48:36.2870000,51.616670,12.233330
2498991,"Holzweissig",703,57,"33U","33U2H1S1Q",2,2026-09-21 18:48:43.1230000,0,973,0,2026-09-21 18:48:43.1270000,51.600000,12.300000
2499729,"Grosszoberitz",703,57,"33U","33U2H1S1Q",2,2026-09-21 18:48:52.8230000,0,911,0,2026-09-21 18:48:52.8230000,51.616670,12.183330
2499728,"Tannepols",703,57,"33U","33U2H1S1Q",2,2026-09-21 18:48:56.6800000,0,1011,408,2026-09-21 18:48:56.6800000,51.616670,12.166670
2498153,"Dammendorf",703,57,"33U","33U2H1S1Q",2,2026-09-21 18:49:05.3730000,0,1456,0,2026-09-21 18:49:05.3730000,51.583330,12.133330
2496676,"Zschiessdorf",703,57,"33U","33U2H1S1Q",2,2026-09-21 18:49:17.0970000,56,300,0,2026-09-21 18:49:17.0970000,51.550000,12.133330
1897176,"Heltonville",3555,233,"16S","16S1H2S4Q",2,2010-01-01 00:00:00.0000000,0,1404500,0,2026-09-21 18:52:21.5070000,38.927830,-86.375550
1916754,"Beanblossom",3555,233,"16S","16S1H2S2Q",2,2013-09-12 03:45:08.8200000,0,7354394,0,2026-09-21 18:53:09.5130000,39.266990,-86.249160
102081,"Ambodihazinina",1878,143,"39K","39K1H1S4Q",2,2026-09-21 18:53:23.9230000,46,1041,0,2026-09-21 18:53:23.9230000,-17.266670,49.300000
102260,"Ambodimanga-Ranomafana",1878,143,"39K","39K1H1S4Q",2,2026-09-21 18:53:27.9370000,0,741,0,2026-09-21 18:53:27.9370000,-17.250000,49.283330
102259,"Ambinanisanio",1878,143,"39K","39K1H1S4Q",2,2026-09-21 18:53:30.8830000,0,741,0,2026-09-21 18:53:30.8830000,-17.250000,49.266670
102427,"Ambalavokatra",1878,143,"39K","39K1H1S4Q",2,2026-09-21 18:53:33.9130000,0,741,0,2026-09-21 18:53:33.9130000,-17.233330,49.233330
102257,"Tanambao",1878,143,"39K","39K1H1S4Q",2,2026-09-21 18:53:37.7530000,46,300,0,2026-09-21 18:53:37.7530000,-17.250000,49.183330
102261,"Ambatofolaka",1878,143,"39K","39K1H1S4Q",2,2026-09-21 18:53:49.7200000,0,741,0,2026-09-21 18:53:49.7200000,-17.250000,49.350000
1900605,"Elk Point",3570,233,"11S","11S1H1S3Q",3,2026-09-21 18:54:17.0330000,0,0,1062,2026-09-21 18:54:17.0330000,38.986020,-119.956570
1900834,"Round Hill",3570,233,"11S","11S1H1S3Q",3,2026-09-21 18:54:26.1300000,0,0,1063,2026-09-21 18:54:26.1300000,38.991300,-119.940460
1916535,"Helmsburg",3555,233,"16S","16S1H2S2Q",2,2013-09-12 04:05:12.7900000,0,6251384,0,2026-09-21 18:54:30.6900000,39.265330,-86.292770
1902644,"Skyland",3570,233,"11S","11S1H1S1Q",3,2026-09-21 18:54:32.8670000,0,0,1060,2026-09-21 18:54:32.8670000,39.022410,-119.948240
2522082,"Hager",707,57,"32U","32U1H5S3Q",3,2026-09-21 18:54:36.4670000,0,0,1586,2026-09-21 18:54:36.4670000,52.097540,8.449520
2215190,"L'Ile-Cadieux",459,38,"18T","18T1H5S2Q",1,2026-05-25 10:16:02.6100000,400079,0,0,2026-09-21 18:55:06.6730000,45.433380,-74.015910
1918499,"Cornelius",3555,233,"16S","16S1H2S2Q",2,2013-12-03 22:53:04.3800000,0,5972149,0,2026-09-21 18:55:32.9870000,39.299770,-86.298050
1842044,"Walnut Heights",3567,233,"10S","10S1H5S2Q",2,2024-11-13 19:24:44.1070000,0,3063116,6464,2026-09-21 18:56:01.7900000,37.876590,-122.051070
1893217,"Fountain Place",3567,233,"11S","11S1H1S3Q",3,2026-09-21 18:56:02.0300000,0,681,1064,2026-09-21 18:56:02.0300000,38.851020,-119.934070
2055716,"Hasbrouck",3562,233,"18T","18T2H5S2Q",2,2026-09-21 18:56:54.6600000,0,740,0,2026-09-21 18:56:54.6600000,41.791200,-74.614600
2054356,"Woodbourne",3562,233,"18T","18T2H5S2Q",2,2026-09-21 18:57:05.0270000,0,739,0,2026-09-21 18:57:05.0270000,41.759810,-74.594050
2053773,"Dairyland",3562,233,"18T","18T2H5S2Q",2,2026-09-21 18:57:18.4570000,0,739,0,2026-09-21 18:57:18.4570000,41.747040,-74.537380
2052118,"Woodridge",3562,233,"18T","18T2H5S2Q",2,2026-09-21 18:57:26.8700000,0,739,0,2026-09-21 18:57:26.8700000,41.710650,-74.574330
2051139,"Mountain Dale",3562,233,"18T","18T2H5S2Q",2,2026-09-21 18:57:31.3670000,0,738,0,2026-09-21 18:57:31.3670000,41.689540,-74.531270
2049486,"Glen Wild",3562,233,"18T","18T2H5S2Q",2,2026-09-21 18:57:39.4200000,0,739,0,2026-09-21 18:57:39.4200000,41.653980,-74.586830
2522781,"Kisker",707,57,"32U","32U1H5S3Q",3,2026-09-21 18:57:41.2030000,0,0,1324,2026-09-21 18:57:41.2030000,52.109670,8.463760
2057967,"Neversink",3562,233,"18T","18T2H5S2Q",2,2026-09-21 18:57:49.1900000,0,763,0,2026-09-21 18:57:49.1900000,41.847310,-74.619050
2061093,"Willowemoc",3562,233,"18T","18T2H5S2Q",2,2026-09-21 18:57:59.8270000,0,741,0,2026-09-21 18:57:59.8270000,41.918980,-74.672380
2069566,"Allaben",3562,233,"18T","18T2H2S4Q",2,2026-09-21 18:58:36.2870000,0,829,0,2026-09-21 18:58:36.2870000,42.116760,-74.370430
61749,"Acoite",112,10,"20K","20K2H4S1Q",2,2026-09-21 19:01:02.7300000,0,717,0,2026-09-21 19:01:02.7300000,-22.283330,-65.016670
60971,"Paltoroa",112,10,"20K","20K2H4S1Q",2,2026-09-21 19:01:10.2400000,0,743,0,2026-09-21 19:01:10.2400000,-22.400000,-65.116670
60308,"Nazareno",112,10,"20K","20K2H4S1Q",2,2026-09-21 19:01:13.3730000,0,742,0,2026-09-21 19:01:13.3730000,-22.500000,-65.116670
59957,"Azulcuesta",112,10,"20K","20K2H4S1Q",2,2026-09-21 19:01:14.9270000,0,741,0,2026-09-21 19:01:14.9270000,-22.550000,-65.116670
59487,"San Pedro",112,10,"20K","20K2H4S1Q",2,2026-09-21 19:01:19.0500000,0,741,0,2026-09-21 19:01:19.0500000,-22.616670,-65.116670
2053091,"Fallsburg",3562,233,"18T","18T2H5S2Q",2,2026-09-21 19:01:25.6600000,0,740,0,2026-09-21 19:01:25.6600000,41.732040,-74.601270
189571,"Caetano",364,31,"23L","23L1H2S3Q",2,2026-09-21 19:02:01.2700000,0,1200,0,2026-09-21 19:02:01.2700000,-9.566670,-45.850000
190886,"Sucuapara",364,31,"23L","23L1H2S3Q",2,2026-09-21 19:02:04.2430000,0,1200,0,2026-09-21 19:02:04.2470000,-9.516670,-45.833330
191741,"Barra do Mosquito",360,31,"23L","23L1H2S3Q",2,2026-09-21 19:02:06.9400000,0,1200,0,2026-09-21 19:02:06.9400000,-9.483330,-45.783330
192482,"Galheiro",364,31,"23L","23L1H2S3Q",2,2026-09-21 19:02:09.6770000,0,1200,0,2026-09-21 19:02:09.6770000,-9.450000,-45.800000
2039169,"Campbell Hall",3562,233,"18T","18T2H5S2Q",1,2025-06-20 02:20:19.5800000,1017,300,0,2026-09-21 19:02:10.0070000,41.455370,-74.262650
1913705,"North Frederick Terrace",3585,233,"17S","17S1H3S2Q",3,2025-03-20 02:05:28.2000000,29446,0,864419,2026-09-21 19:02:23.1530000,39.214270,-78.187220
199254,"Amaro Leite",364,31,"23L","23L1H1S2Q",2,2026-09-21 19:02:25.7800000,0,1200,0,2026-09-21 19:02:25.7800000,-8.966670,-46.866670
198482,"Santa Teresa",364,31,"23L","23L1H1S4Q",2,2026-09-21 19:02:29.4930000,0,1200,0,2026-09-21 19:02:29.4930000,-9.033330,-46.816670
2214344,"Oatfield",3576,233,"10T","10T1H5S2Q",2,2024-02-10 04:13:45.6130000,0,2631543,0,2026-09-21 19:04:01.9070000,45.414180,-122.600070
2739939,"Raguzina",2661,192,"35V","35V2H5S2Q",2,2026-05-30 05:15:33.7070000,0,1104131,12300,2026-09-21 19:05:30.8070000,57.830480,27.651460
2523883,"Heistersiek",707,57,"32U","32U1H5S3Q",3,2026-09-21 19:06:37.3930000,0,0,1010,2026-09-21 19:06:37.3930000,52.133330,8.483330
475433,"Barro Colorado",830,63,"17N","17N2H6S4Q",3,2026-09-21 19:06:43.3830000,0,0,1200,2026-09-21 19:06:43.3830000,0.966670,-78.883330
476207,"Colon Eloy Alfaro",830,63,"17N","17N2H6S2Q",3,2026-09-21 19:06:47.8430000,0,0,1200,2026-09-21 19:06:47.8430000,1.021390,-78.910000
475434,"Negrita",830,63,"17N","17N2H6S4Q",3,2026-09-21 19:06:51.8570000,0,0,1200,2026-09-21 19:06:51.8570000,0.966670,-78.866670
475631,"Las Penas",830,63,"17N","17N2H6S4Q",3,2026-09-21 19:06:56.7300000,0,0,1200,2026-09-21 19:06:56.7300000,0.983330,-78.850000
2515258,"Lubben",713,57,"33U","33U2H1S2Q",3,2026-09-20 07:23:59.2970000,0,0,15141,2026-09-21 19:06:58.3300000,51.950000,13.900000
475983,"Tachina",830,63,"17N","17N2H6S2Q",3,2026-09-21 19:06:59.8170000,0,0,1200,2026-09-21 19:06:59.8170000,1.000560,-78.836670
2365566,"Quessigny",956,75,"31U","31U2H4S4Q",3,2021-08-20 04:59:48.2230000,0,0,206967,2026-09-21 19:06:59.8500000,48.930460,1.270150
475984,"Sucre",830,63,"17N","17N2H6S2Q",3,2026-09-21 19:07:04.1900000,0,0,1200,2026-09-21 19:07:04.1900000,1.000560,-78.802220
476057,"San Jose de Tagua",830,63,"17N","17N2H6S2Q",3,2026-09-21 19:07:07.5130000,0,0,1200,2026-09-21 19:07:07.5130000,1.014440,-78.827500
102429,"Antananikora",1878,143,"39K","39K1H1S4Q",2,2026-09-21 19:07:08.2000000,0,741,0,2026-09-21 19:07:08.2000000,-17.233330,49.333330
102428,"Manaratsandry",1878,143,"39K","39K1H1S4Q",2,2026-09-21 19:07:11.2570000,0,741,0,2026-09-21 19:07:11.2570000,-17.233330,49.300000
102788,"Andapabo",1878,143,"39K","39K1H1S4Q",2,2026-09-21 19:07:15.1770000,0,741,0,2026-09-21 19:07:15.1770000,-17.200000,49.333330
476222,"Rocafuerte",830,63,"17N","17N2H6S2Q",3,2026-09-21 19:07:17.4730000,0,0,1200,2026-09-21 19:07:17.4730000,1.023610,-78.823060
102787,"Ambodimanga",1878,143,"39K","39K1H1S4Q",2,2026-09-21 19:07:18.0930000,0,741,0,2026-09-21 19:07:18.0930000,-17.200000,49.316670
102786,"Ambalatenina",1878,143,"39K","39K1H1S4Q",2,2026-09-21 19:07:21.7230000,0,741,0,2026-09-21 19:07:21.7230000,-17.200000,49.283330
102603,"Ambinanisarambana",1878,143,"39K","39K1H1S4Q",2,2026-09-21 19:07:26.9970000,0,741,0,2026-09-21 19:07:26.9970000,-17.216670,49.266670
102602,"Befoza",1878,143,"39K","39K1H1S4Q",2,2026-09-21 19:07:30.2730000,0,741,0,2026-09-21 19:07:30.2730000,-17.216670,49.233330
102601,"Miorimivalana",1878,143,"39K","39K1H1S4Q",2,2026-09-21 19:07:33.8930000,0,741,0,2026-09-21 19:07:33.8930000,-17.216670,49.200000
1723810,"Mount Bolus",3545,233,"17S","17S2H3S1Q",3,2018-06-05 03:37:00.7600000,0,0,1000057,2026-09-21 19:07:38.6670000,35.928750,-79.052230
1592363,"Cerritos",3567,233,"11S","11S2H4S2Q",3,2014-12-27 06:40:12.3870000,360,0,1352605,2026-09-21 19:08:09.2570000,33.858350,-118.064790
1615514,"Canoga Park",3567,233,"11S","11S2H1S4Q",1,2026-09-21 07:02:57.3300000,2357,0,0,2026-09-21 19:08:30.3730000,34.201120,-118.598140
1616253,"Winnetka",3567,233,"11S","11S2H1S4Q",1,2026-09-21 13:21:58.4000000,2283,0,0,2026-09-21 19:08:35.5630000,34.213340,-118.572030
2498151,"Schrenz",703,57,"33U","33U2H1S1Q",1,2022-10-25 16:28:31.7130000,645,300,0,2026-09-21 19:09:25.2330000,51.583330,12.066670
2263600,"Nieder Surenen Alp",514,43,"32T","32T1H2S3Q",3,2022-04-18 13:02:10.4330000,0,0,1053173,2026-09-21 19:09:30.5800000,46.783330,8.483330
2499727,"Stumsdorf",703,57,"33U","33U2H1S1Q",2,2026-09-21 19:09:32.3670000,0,322,0,2026-09-21 19:09:32.3670000,51.616670,12.066670
2264270,"Ober Trubsee Alp",515,43,"32T","32T1H2S3Q",3,2022-10-26 04:45:19.5970000,0,0,1229610,2026-09-21 19:09:38.6700000,46.800000,8.383330
2095878,"East Township",3562,233,"18T","18T2H2S4Q",1,2019-08-15 03:33:00.5330000,40590,0,0,2026-09-21 19:09:43.4270000,42.699800,-74.100960
2499726,"Werben",703,57,"33U","33U2H1S1Q",2,2026-09-21 19:09:44.2030000,0,629,0,2026-09-21 19:09:44.2030000,51.616670,12.033330
2502092,"Grotz",703,57,"33U","33U2H1S1Q",2,2026-09-21 11:12:28.9800000,0,3002,0,2026-09-21 19:09:56.7670000,51.666670,12.150000
199060,"Santa Amelia",364,31,"23L","23L1H1S2Q",2,2026-09-21 19:11:10.3530000,0,1200,0,2026-09-21 19:11:10.3530000,-8.983330,-46.700000
200073,"Santa Maria",364,31,"23L","23L1H1S2Q",2,2026-09-21 19:11:14.6130000,0,1200,0,2026-09-21 19:11:14.6130000,-8.904170,-46.650000
202005,"Cascata",364,31,"23L","23L1H1S2Q",2,2026-09-21 19:11:17.7800000,0,1200,0,2026-09-21 19:11:17.7800000,-8.816670,-46.766670
2570230,"Alfreton",979,77,"30U","30U1H6S1Q",3,2024-05-14 16:05:01.4630000,0,0,1971150,2026-09-21 19:13:42.1130000,53.100000,-1.383330
2515256,"Frauenberg",713,57,"33U","33U2H1S2Q",3,2026-09-19 12:36:24.6870000,0,0,6921,2026-09-21 19:15:34.0370000,51.950000,13.883330
102600,"Anamborano",1878,143,"39K","39K1H1S4Q",2,2026-09-21 19:15:54.3000000,0,741,0,2026-09-21 19:15:54.3000000,-17.216670,49.183330
102256,"Vohitsvalana",1878,143,"39K","39K1H1S4Q",2,2026-09-21 19:15:57.2030000,0,741,0,2026-09-21 19:15:57.2030000,-17.250000,49.100000
102599,"Andranomiditra",1878,143,"39K","39K1H1S4Q",2,2026-09-21 19:16:05.7330000,0,741,0,2026-09-21 19:16:05.7330000,-17.216670,49.100000
102930,"Madiorano",1878,143,"39K","39K1H1S4Q",2,2026-09-21 19:16:08.6600000,0,741,0,2026-09-21 19:16:08.6600000,-17.183330,49.100000
103101,"Antsiatsiaka",1878,143,"39K","39K1H1S4Q",2,2026-09-21 19:16:11.2630000,0,741,0,2026-09-21 19:16:11.2670000,-17.166670,49.133330
103102,"Ambodivongo",1878,143,"39K","39K1H1S4Q",2,2026-09-21 19:16:14.6330000,0,741,0,2026-09-21 19:16:14.6330000,-17.166670,49.166670
102931,"Amboditafanana",1878,143,"39K","39K1H1S4Q",2,2026-09-21 19:16:16.7230000,0,741,0,2026-09-21 19:16:16.7230000,-17.183330,49.183330
2513945,"Vorotayevka",2657,192,"38U","38U2H3S2Q",1,2026-09-21 19:18:01.8330000,1200,0,0,2026-09-21 19:18:01.8330000,51.921200,47.261700
2513958,"Arkhangel'skoye",2646,192,"37U","37U2H3S1Q",1,2026-09-21 19:18:07.0430000,1200,0,0,2026-09-21 19:18:07.0430000,51.921670,40.168610
2513979,"Novoselki",2674,192,"37U","37U2H1S2Q",1,2026-09-21 19:18:10.8700000,1200,0,0,2026-09-21 19:18:10.8700000,51.923060,37.875830
2513980,"Yekaterinovka",2646,192,"37U","37U2H3S1Q",1,2026-09-21 19:18:13.8970000,1200,0,0,2026-09-21 19:18:13.8970000,51.923060,40.692780
2513984,"Shukavka",2646,192,"37U","37U2H3S1Q",1,2026-09-21 19:18:17.3230000,1200,0,0,2026-09-21 19:18:17.3230000,51.923260,40.637280
2514009,"Malaya Dobrinka",2654,192,"37U","37U2H3S1Q",1,2026-09-21 19:18:19.8230000,1200,0,0,2026-09-21 19:18:19.8230000,51.924170,40.884440
206263,"Cascata",364,31,"23L","23L1H1S2Q",2,2026-09-21 19:18:20.7000000,0,1200,0,2026-09-21 19:18:20.7030000,-8.709440,-46.720560
2514017,"Shepelevka",2657,192,"38U","38U2H1S2Q",1,2026-09-21 19:18:23.1130000,1200,0,0,2026-09-21 19:18:23.1130000,51.924400,43.218800
204084,"Santa Maria",364,31,"23L","23L1H1S2Q",2,2026-09-21 19:18:23.6570000,0,1200,0,2026-09-21 19:18:23.6570000,-8.761670,-46.560830
214346,"Boa Sorte",364,31,"23L","23L1H1S2Q",2,2026-09-21 19:18:27.3300000,0,1200,0,2026-09-21 19:18:27.3300000,-8.550000,-46.500000
2514019,"Pavlovka",2674,192,"37U","37U2H2S1Q",1,2026-09-21 19:18:41.6230000,1200,0,0,2026-09-21 19:18:41.6230000,51.924440,38.193890
1397345,"Henly",3549,233,"14R","14R1H2S4Q",3,2026-01-13 01:47:25.2700000,0,0,1876266,2026-09-21 19:19:00.6830000,30.194650,-98.210850
59725,"Vizcarra",112,10,"20K","20K2H4S1Q",2,2026-09-21 19:19:43.7530000,0,845,0,2026-09-21 19:19:43.7530000,-22.583330,-65.200000
59124,"Tacupampa",112,10,"20K","20K2H4S1Q",2,2026-09-21 19:19:46.4300000,0,741,0,2026-09-21 19:19:46.4300000,-22.666670,-65.116670
58633,"Higuera",112,10,"20K","20K2H4S1Q",2,2026-09-21 19:19:48.9530000,0,741,0,2026-09-21 19:19:48.9530000,-22.733330,-65.116670
58099,"Chanar",112,10,"20K","20K2H4S2Q",2,2026-09-21 19:19:51.3530000,0,741,0,2026-09-21 19:19:51.3530000,-22.800000,-65.000000
57962,"San Antonio",112,10,"20K","20K2H4S2Q",2,2026-09-21 19:19:54.9300000,0,741,0,2026-09-21 19:19:54.9300000,-22.816670,-64.916670
58768,"Chiyuyoc",112,10,"20K","20K2H4S1Q",2,2026-09-21 19:19:58.1170000,0,741,0,2026-09-21 19:19:58.1170000,-22.716670,-65.200000
2567700,"Holle Poarte",2274,167,"31U","31U1H6S2Q",1,2015-07-10 17:59:48.9800000,160988,0,0,2026-09-21 19:20:05.8700000,53.050000,5.383330
2568132,"Makkum",2274,167,"31U","31U1H6S2Q",1,2015-02-19 05:11:58.8830000,203107,0,0,2026-09-21 19:20:12.2130000,53.054580,5.402310
1542770,"Rancho Bernardo",3567,233,"11S","11S2H5S1Q",1,2026-09-21 19:20:18.0730000,8400,8065,0,2026-09-21 19:20:18.0730000,33.018650,-117.060870
2061350,"Primavalle",1377,110,"33T","33T2H4S1Q",3,2015-10-09 07:58:17.3100000,0,0,2954127,2026-09-21 19:21:22.4230000,41.927730,12.416870
2797718,"Manittula",929,70,"34V","34V1H6S3Q",1,2014-04-04 17:00:05.8100000,18215,0,3900,2026-09-21 19:21:46.6130000,60.528610,22.227220
2222767,"Orchards",3578,233,"10T","10T1H5S2Q",2,2024-06-15 02:14:33.4200000,0,17436,0,2026-09-21 19:22:07.7730000,45.666510,-122.560930
2039916,"Washington Heights",3562,233,"18T","18T2H5S2Q",2,2026-09-21 19:23:16.8500000,0,798,0,2026-09-21 19:23:16.8500000,41.469230,-74.417920
2518966,"Klein Heidekamp",2273,167,"31U","31U1H6S4Q",1,2017-12-15 08:40:48.3470000,851265,0,0,2026-09-21 19:24:31.7530000,52.033330,5.900000
2042634,"Winterton",3562,233,"18T","18T2H5S2Q",2,2026-09-21 19:24:16.0930000,0,3768,687,2026-09-21 19:25:05.8300000,41.522870,-74.470440
2796919,"Oriketo",929,70,"34V","34V1H6S3Q",1,2013-08-20 08:32:02.2570000,34296,0,4500,2026-09-21 19:25:28.9570000,60.480560,22.318610
102784,"Ambodivoahangy",1878,143,"39K","39K1H1S4Q",2,2026-09-21 19:25:41.2730000,0,741,0,2026-09-21 19:25:41.2770000,-17.200000,49.200000
102785,"Anorimbato",1878,143,"39K","39K1H1S4Q",2,2026-09-21 19:25:44.7600000,0,741,0,2026-09-21 19:25:44.7600000,-17.200000,49.216670
102932,"Sahandray",1878,143,"39K","39K1H1S4Q",2,2026-09-21 19:25:49.7130000,0,741,0,2026-09-21 19:25:49.7130000,-17.183330,49.266670
103106,"Vohipeno",1878,143,"39K","39K1H1S4Q",2,2026-09-21 19:26:06.1570000,0,741,0,2026-09-21 19:26:06.1570000,-17.166670,49.300000
103105,"Andratambe",1878,143,"39K","39K1H1S4Q",2,2026-09-21 19:26:09.6170000,0,741,0,2026-09-21 19:26:09.6170000,-17.166670,49.266670
103104,"Andranovelona",1878,143,"39K","39K1H1S4Q",2,2026-09-21 19:26:12.6670000,0,741,0,2026-09-21 19:26:12.6670000,-17.166670,49.250000
103103,"Aniamarina",1878,143,"39K","39K1H1S4Q",2,2026-09-21 19:26:15.5970000,0,741,0,2026-09-21 19:26:15.5970000,-17.166670,49.233330
103273,"Ambodihara",1878,143,"39K","39K1H1S4Q",2,2026-09-21 19:26:18.5000000,0,741,0,2026-09-21 19:26:18.5000000,-17.150000,49.233330
2694232,"Buchanty",977,77,"30V","30V2H5S3Q",3,2026-09-21 19:26:50.5830000,0,0,1268,2026-09-21 19:26:50.5830000,56.416670,-3.716670
2692521,"Madderty",977,77,"30V","30V2H5S3Q",3,2026-09-21 19:26:55.2730000,0,0,1100,2026-09-21 19:26:55.2730000,56.366670,-3.700000
2690275,"Auchterarder",977,77,"30V","30V2H5S3Q",3,2026-09-21 19:27:00.0000000,0,0,879,2026-09-21 19:27:00.0000000,56.300000,-3.700000
2688524,"Blackford",977,77,"30V","30V2H5S3Q",3,2026-09-21 19:27:04.5600000,0,0,663,2026-09-21 19:27:04.5600000,56.250000,-3.766670
103272,"Ambatoharanana",1878,143,"39K","39K1H1S4Q",2,2026-09-21 19:27:58.5230000,0,741,0,2026-09-21 19:27:58.5230000,-17.150000,49.200000
2257604,"Grindelwald",523,43,"32T","32T1H2S3Q",3,2023-07-16 18:48:08.6700000,517,0,2367393,2026-09-21 19:28:38.4370000,46.623960,8.036010
2298650,"Sellengehr",129,12,"32T","32T1H2S2Q",3,2026-08-22 17:30:02.3500000,0,0,21090,2026-09-21 19:29:08.1070000,47.583060,9.800000
103271,"Savontsira",1878,143,"39K","39K1H1S4Q",2,2026-09-21 19:30:05.9930000,0,741,0,2026-09-21 19:30:05.9930000,-17.150000,49.183330
103461,"Antarafoy",1878,143,"39K","39K1H1S4Q",2,2026-09-21 19:30:11.1600000,0,741,0,2026-09-21 19:30:11.1600000,-17.133330,49.200000
476412,"Concepcion",830,63,"17N","17N2H6S2Q",3,2026-09-21 19:30:48.3300000,0,0,1200,2026-09-21 19:30:48.3300000,1.036670,-78.829170
476711,"San Rafael",830,63,"17N","17N2H6S2Q",3,2026-09-21 19:30:51.1400000,0,0,1200,2026-09-21 19:30:51.1400000,1.066670,-78.833330
476860,"Nueva Esperanza",830,63,"17N","17N2H6S2Q",3,2026-09-21 19:30:53.9570000,0,0,1200,2026-09-21 19:30:53.9570000,1.068610,-78.809720
476913,"Chillavi del Ceibo",830,63,"17N","17N2H6S2Q",3,2026-09-21 19:30:57.3170000,0,0,1200,2026-09-21 19:30:57.3170000,1.079170,-78.813330
477109,"Palma",830,63,"17N","17N2H6S2Q",3,2026-09-21 19:31:00.8130000,0,0,1200,2026-09-21 19:31:00.8130000,1.090000,-78.813330
477138,"Guabina",830,63,"17N","17N2H6S2Q",3,2026-09-21 19:31:08.3770000,0,0,1200,2026-09-21 19:31:08.3770000,1.095280,-78.775560
477532,"Carondelet",830,63,"17N","17N2H6S2Q",3,2026-09-21 19:31:12.2130000,0,0,1200,2026-09-21 19:31:12.2130000,1.126110,-78.762220
477552,"La Boca",830,63,"17N","17N2H6S2Q",3,2026-09-21 19:31:15.2000000,0,0,1200,2026-09-21 19:31:15.2000000,1.129720,-78.772780
2523089,"Dunholtersheide",708,57,"32U","32U1H5S3Q",3,2026-09-21 19:32:21.1100000,0,0,1020,2026-09-21 19:32:21.1100000,52.116670,8.383330
2523877,"Neuenkirchen",708,57,"32U","32U1H5S3Q",3,2026-09-21 19:32:25.0930000,0,0,945,2026-09-21 19:32:25.0930000,52.133330,8.383330
2523876,"Holterdorf",708,57,"32U","32U1H5S3Q",3,2026-09-21 19:32:30.6670000,0,0,944,2026-09-21 19:32:30.6670000,52.133330,8.366670
103462,"Ambatoharanana",1878,143,"39K","39K1H1S4Q",2,2026-09-21 19:32:33.3470000,0,741,0,2026-09-21 19:32:33.3470000,-17.133330,49.216670
2523088,"Schloyheide",708,57,"32U","32U1H5S3Q",3,2026-09-21 19:32:36.1270000,0,0,945,2026-09-21 19:32:36.1270000,52.116670,8.350000
2521072,"Bockhorst",707,57,"32U","32U1H5S3Q",3,2026-09-21 19:32:46.8000000,0,0,948,2026-09-21 19:32:46.8000000,52.074710,8.201380
2049456,"Bass River",3583,233,"19T","19T2H4S2Q",3,2026-09-21 19:32:20.9430000,0,0,8120,2026-09-21 19:32:47.3400000,41.652890,-70.203630
103658,"Madioranohely",1878,143,"39K","39K1H1S4Q",2,2026-09-21 19:32:47.5000000,0,741,0,2026-09-21 19:32:47.5000000,-17.116670,49.183330
2524742,"Dielingdorf",708,57,"32U","32U1H5S3Q",3,2026-09-21 19:32:59.6100000,0,0,942,2026-09-21 19:32:59.6100000,52.150000,8.350000
2807445,"Pyynikki",3834,70,"34V","34V1H6S2Q",3,2016-04-01 13:41:56.2800000,0,0,26177265,2026-09-21 19:33:36.5170000,61.492230,23.723860
1766165,"Sand City",3567,233,"10S","10S1H6S3Q",3,2026-08-05 21:51:45.2200000,0,0,1451088,2026-09-21 19:34:03.4870000,36.617180,-121.848290
58767,"San Juan",112,10,"20K","20K2H4S1Q",2,2026-09-21 19:34:06.7800000,0,741,0,2026-09-21 19:34:06.7800000,-22.716670,-65.233330
58632,"San Isidro",112,10,"20K","20K2H4S1Q",2,2026-09-21 19:34:09.6130000,0,741,0,2026-09-21 19:34:09.6130000,-22.733330,-65.250000
58370,"Iruya",112,10,"20K","20K2H4S1Q",2,2026-09-21 19:34:13.0070000,0,741,0,2026-09-21 19:34:13.0070000,-22.766670,-65.233330
58497,"Casillas",118,10,"20K","20K2H4S1Q",2,2026-09-21 19:34:17.3930000,0,741,0,2026-09-21 19:34:17.3930000,-22.750000,-65.350000
1380233,"Staples",3549,233,"14R","14R1H6S1Q",2,2026-09-21 19:35:06.0600000,0,4136,534,2026-09-21 19:35:07.8770000,29.781330,-97.836110
2590313,"Oldtown",1260,102,"29U","29U1H6S2Q",2,2020-06-28 07:06:00.6500000,0,1057515,0,2026-09-21 19:35:59.8430000,53.525280,-6.315560
103657,"Antsirabe",1878,143,"39K","39K1H1S4Q",2,2026-09-21 19:37:22.3030000,0,741,0,2026-09-21 19:37:22.3030000,-17.116670,49.116670
103270,"Ambavala",1878,143,"39K","39K1H1S4Q",2,2026-09-21 19:37:48.6130000,0,1941,0,2026-09-21 19:37:53.5900000,-17.150000,49.083330
2514022,"Kazinka",2646,192,"37U","37U2H2S1Q",1,2026-09-21 19:38:19.6670000,1200,0,0,2026-09-21 19:38:19.6670000,51.924500,38.613910
2514031,"Bayguskarovo",2696,192,"40U","40U2H2S2Q",1,2026-09-21 19:38:23.7870000,1200,0,0,2026-09-21 19:38:23.7870000,51.924720,57.973060
2514034,"Malyy Samovets",2646,192,"37U","37U2H3S1Q",1,2026-09-21 19:38:26.3670000,1200,0,0,2026-09-21 19:38:26.3670000,51.924870,40.335570
2514044,"Ramon'skiy",2646,192,"37U","37U2H2S2Q",1,2026-09-21 19:38:30.3200000,1200,0,0,2026-09-21 19:38:30.3200000,51.925000,39.249720
2514050,"Nizhne-Gurovo",2677,192,"37U","37U2H1S2Q",1,2026-09-21 19:38:32.9070000,1200,0,0,2026-09-21 19:38:32.9070000,51.925370,37.661750
2514061,"Krasnoye",2646,192,"37U","37U2H2S2Q",1,2026-09-21 19:38:40.4100000,1200,0,0,2026-09-21 19:38:40.4100000,51.925640,39.252300
2514067,"Dmitrova",2674,192,"37U","37U2H2S1Q",1,2026-09-21 19:38:42.7400000,1200,0,0,2026-09-21 19:38:42.7400000,51.925830,38.058330
2514074,"Kacheyevka",2657,192,"38U","38U2H2S1Q",1,2026-09-21 19:38:45.1530000,1200,0,0,2026-09-21 19:38:45.1530000,51.926200,44.635700
1886871,"King Farms",3567,233,"10S","10S1H3S3Q",3,2026-09-14 22:25:54.1200000,0,462446,2197816,2026-09-21 19:39:13.8100000,38.726570,-121.691350
2635983,"Tret'ya Pristan'",2696,192,"40U","40U1H1S4Q",3,2022-04-07 18:12:40.8700000,0,0,4000456,2026-09-21 19:39:27.8900000,54.685500,55.956400
1898188,"Bijou",3567,233,"11S","11S1H1S3Q",3,2026-09-21 19:39:35.8330000,0,1160,3262,2026-09-21 19:39:36.9830000,38.946570,-119.968510
2528073,"Holserheide",707,57,"32U","32U1H5S3Q",3,2026-09-21 19:42:28.9130000,0,0,1585,2026-09-21 19:42:28.9130000,52.216670,8.500000
2099666,"Fernvale",3576,233,"10T","10T2H2S3Q",2,2026-06-09 04:46:34.0630000,0,2599,2585,2026-09-21 19:42:34.3530000,42.778450,-123.371450
2528077,"Muckum",707,57,"32U","32U1H5S3Q",3,2026-09-21 19:42:39.3200000,0,0,997,2026-09-21 19:42:39.3200000,52.216670,8.533330
2528078,"Niederennigloh",707,57,"32U","32U1H5S3Q",3,2026-09-21 19:42:47.5100000,0,0,997,2026-09-21 19:42:47.5100000,52.216670,8.550000
2105405,"Dads Creek",3576,233,"10T","10T2H2S3Q",2,2026-09-21 19:42:49.8570000,0,1477,0,2026-09-21 19:42:55.5270000,42.890120,-123.560630
1912398,"Gnaw Bone",3555,233,"16S","16S1H2S2Q",2,2013-10-24 16:31:28.7170000,0,2363816,0,2026-09-21 19:44:04.8130000,39.190880,-86.155550
2262148,"Hasliberg",523,43,"32T","32T1H2S3Q",2,2025-12-21 09:35:50.1830000,0,1093747,0,2026-09-21 19:44:52.5200000,46.744660,8.195350
2263463,"Melchsee-Frutt",514,43,"32T","32T1H2S3Q",3,2022-01-29 18:46:31.1300000,0,0,1204322,2026-09-21 19:46:19.5100000,46.777730,8.259660
1956519,"Superior",3568,233,"13S","13S1H2S1Q",2,2014-04-20 21:17:47.2370000,0,900999,0,2026-09-21 19:46:59.9770000,39.952760,-105.168600
216688,"Novo Recreio",364,31,"23L","23L1H1S2Q",2,2026-09-21 19:47:46.9870000,0,1200,0,2026-09-21 19:47:46.9870000,-8.500000,-46.466670
216873,"Temerante",364,31,"23L","23L1H1S2Q",2,2026-09-21 19:47:50.3770000,0,1200,0,2026-09-21 19:47:50.3770000,-8.496940,-46.248060
217264,"Temerante",364,31,"23L","23L1H1S2Q",2,2026-09-21 19:47:53.1430000,0,1200,0,2026-09-21 19:47:53.1430000,-8.483330,-46.250000
218293,"Parelhas",364,31,"23L","23L1H1S2Q",2,2026-09-21 19:47:56.1900000,0,1200,0,2026-09-21 19:47:56.1900000,-8.450000,-46.333330
221186,"Pedro Funil",364,31,"23L","23L1H1S2Q",2,2026-09-21 19:47:58.8930000,0,1200,0,2026-09-21 19:47:58.8930000,-8.350000,-46.333330
223191,"Santa Maria",364,31,"23L","23L1H1S2Q",2,2026-09-21 19:48:01.6700000,0,1200,0,2026-09-21 19:48:01.6700000,-8.266670,-46.400000
221869,"Temerante",364,31,"23L","23L1H1S2Q",2,2026-09-21 19:48:04.5600000,0,1200,0,2026-09-21 19:48:04.5600000,-8.320830,-46.175830
227401,"Ouro",364,31,"23L","23L1H1S2Q",2,2026-09-21 19:48:07.7270000,0,1200,0,2026-09-21 19:48:07.7270000,-8.163060,-46.235000
103269,"Ampangamena",1878,143,"39K","39K1H1S4Q",2,2026-09-21 19:48:43.3930000,0,741,0,2026-09-21 19:48:43.3930000,-17.150000,49.050000
102928,"Ambodihasina",1878,143,"39K","39K1H1S4Q",2,2026-09-21 19:48:46.4930000,46,300,0,2026-09-21 19:48:46.4930000,-17.183330,49.016670
104006,"Befotaka",1878,143,"39K","39K1H1S3Q",2,2026-09-21 19:48:53.2270000,0,741,0,2026-09-21 19:48:53.2270000,-17.083330,48.966670
104170,"Antanamarina",1878,143,"39K","39K1H1S3Q",2,2026-09-21 19:48:56.7930000,0,741,0,2026-09-21 19:48:56.7930000,-17.066670,48.966670
104351,"Ambolozatsy",1878,143,"39K","39K1H1S3Q",2,2026-09-21 19:49:05.1100000,0,741,0,2026-09-21 19:49:05.1100000,-17.050000,48.966670
58631,"Cerro Blanco",118,10,"20K","20K2H4S1Q",2,2026-09-21 19:49:09.4430000,0,741,0,2026-09-21 19:49:09.4430000,-22.733330,-65.483330
104169,"Antevilava",1878,143,"39K","39K1H1S3Q",2,2026-09-21 19:49:10.7570000,0,741,0,2026-09-21 19:49:10.7570000,-17.066670,48.950000
57843,"Pueblo Viejo",118,10,"20K","20K2H4S1Q",2,2026-09-21 19:49:12.5370000,0,741,0,2026-09-21 19:49:12.5370000,-22.833330,-65.366670
57022,"La Cueva",118,10,"20K","20K2H4S1Q",2,2026-09-21 19:49:15.6570000,0,741,0,2026-09-21 19:49:15.6570000,-22.916670,-65.366670
57206,"Condor",118,10,"20K","20K2H4S1Q",2,2026-09-21 19:49:19.2500000,0,741,0,2026-09-21 19:49:19.2500000,-22.900000,-65.283330
104689,"Bemandotra",1878,143,"39K","39K1H1S3Q",2,2026-09-21 19:49:19.8000000,0,741,0,2026-09-21 19:49:19.8000000,-17.016670,48.950000
56862,"Chaupi Rodero",118,10,"20K","20K2H4S1Q",2,2026-09-21 19:49:21.5800000,0,741,0,2026-09-21 19:49:21.5800000,-22.933330,-65.300000
2552216,"Franzenshof",713,57,"33U","33U1H5S3Q",2,2023-01-03 14:24:26.7770000,0,208396,0,2026-09-21 19:49:28.8270000,52.729120,14.051770
2554263,"Altranft",713,57,"33U","33U1H5S3Q",2,2014-09-08 02:52:55.1230000,0,232656,0,2026-09-21 19:49:33.3400000,52.766840,14.079840
2555263,"Croustillier",713,57,"33U","33U1H5S3Q",2,2014-09-08 21:12:52.2900000,0,1026649,0,2026-09-21 19:49:43.5000000,52.789940,14.118380
104523,"Beangaka",1878,143,"39K","39K1H1S3Q",2,2026-09-21 19:49:47.8170000,0,741,0,2026-09-21 19:49:47.8170000,-17.033330,48.883330
2554581,"Adlig Reetz",713,57,"33U","33U1H5S3Q",2,2014-09-08 21:14:18.4170000,0,95444,0,2026-09-21 19:49:49.4870000,52.778630,14.138550
2553862,"Altreetz",713,57,"33U","33U1H5S3Q",2,2014-09-08 17:58:14.2600000,0,136008,0,2026-09-21 19:49:53.4330000,52.764610,14.163180
104524,"Ambinanynambilona",1878,143,"39K","39K1H1S3Q",2,2026-09-21 19:49:54.6000000,0,741,0,2026-09-21 19:49:54.6000000,-17.033330,48.916670
2553695,"Neugaul",713,57,"33U","33U1H5S3Q",2,2014-09-09 02:50:25.8670000,0,346763,0,2026-09-21 19:49:58.6600000,52.758110,14.121640
2553256,"Rathsdorf",713,57,"33U","33U1H5S3Q",2,2014-09-08 21:15:05.5770000,0,193988,0,2026-09-21 19:50:06.2830000,52.750000,14.100000
2552858,"Altgaul",713,57,"33U","33U1H5S3Q",2,2014-09-09 14:46:40.8500000,0,107774,0,2026-09-21 19:50:09.3770000,52.740140,14.096570
2551429,"Frankfurter Vorstadt",713,57,"33U","33U1H5S3Q",2,2014-09-08 20:05:12.2130000,0,95545,0,2026-09-21 19:50:13.6700000,52.710920,14.132450
2792645,"Sockenbacka",927,70,"35V","35V1H4S3Q",2,2013-09-11 05:02:40.7230000,660,2190120,10114,2026-09-21 19:51:46.3070000,60.220830,24.866670
229634,"Novo Recreio",364,31,"23L","23L1H1S2Q",2,2026-09-21 19:51:50.8670000,0,1200,0,2026-09-21 19:51:50.8670000,-8.116670,-46.350000
2553514,"King's Lynn",979,77,"31U","31U1H4S3Q",3,2025-01-23 14:09:59.3170000,0,0,29683,2026-09-21 19:52:16.2930000,52.751720,0.395160
2528079,"Knolle",707,57,"32U","32U1H5S3Q",3,2026-09-21 19:52:35.3700000,0,68,1591,2026-09-21 19:52:35.3700000,52.216670,8.583330
2392601,"Ipsheim",715,57,"32U","32U2H6S1Q",3,2014-07-18 18:15:41.8900000,0,0,2442672,2026-09-21 19:52:40.7770000,49.533330,10.483330
2298651,"Buchans",129,12,"32T","32T1H2S2Q",3,2024-10-05 16:12:29.0170000,0,0,20800,2026-09-21 19:53:25.1530000,47.583060,9.816670
2224266,"Arvier",1367,110,"32T","32T1H4S2Q",2,2026-09-20 11:50:33.3070000,0,116750,0,2026-09-21 19:53:27.8100000,45.702060,7.165800
199061,"Cameta",364,31,"23L","23L1H1S2Q",2,2026-09-21 19:54:22.7170000,0,1200,0,2026-09-21 19:54:22.7170000,-8.983330,-46.400000
2514086,"Vetrovka",2674,192,"37U","37U2H2S1Q",1,2026-09-21 19:54:31.2800000,1200,0,0,2026-09-21 19:54:31.2800000,51.926540,38.015640
2514087,"Yelizavetovka",2674,192,"37U","37U2H2S1Q",1,2026-09-21 19:54:35.0270000,1200,0,0,2026-09-21 19:54:35.0270000,51.926580,38.202360
2514092,"Kadomka",2657,192,"38U","38U2H3S1Q",1,2026-09-21 19:54:39.2600000,1200,0,0,2026-09-21 19:54:39.2600000,51.926670,46.861670
2514102,"Bol'shoy Kust",2654,192,"37U","37U2H3S2Q",1,2026-09-21 19:54:42.7930000,1200,0,0,2026-09-21 19:54:42.7930000,51.926940,41.171670
2514105,"Morozovka",2646,192,"37U","37U2H3S1Q",1,2026-09-21 19:54:46.1970000,1200,0,0,2026-09-21 19:54:46.1970000,51.926970,40.717790
2514107,"Kuleshovka",2646,192,"37U","37U2H2S2Q",1,2026-09-21 19:54:49.0400000,1200,0,0,2026-09-21 19:54:49.0400000,51.927120,39.174010
2292130,"Budapest XX. keruelet",1222,100,"34T","34T1H1S2Q",1,2017-04-20 16:32:54.1430000,831705,0,0,2026-09-21 19:54:49.4000000,47.436740,19.100930
2514123,"Kabankino",2665,192,"40U","40U2H2S1Q",1,2026-09-21 19:54:52.0800000,1200,0,0,2026-09-21 19:54:52.0800000,51.927780,56.023890
2514126,"Chesnochnoye",2674,192,"37U","37U2H2S1Q",1,2026-09-21 19:54:55.3370000,1200,0,0,2026-09-21 19:54:55.3370000,51.927830,38.052000
104826,"Ambodinato",1878,143,"39K","39K1H1S3Q",2,2026-09-21 19:55:04.7730000,46,300,0,2026-09-21 19:55:04.7730000,-17.000000,48.833330
105182,"Ambodivoara",1878,143,"39K","39K1H1S1Q",2,2026-09-21 19:55:12.1230000,0,741,0,2026-09-21 19:55:12.1230000,-16.966670,48.783330
105000,"Ankaitrombaka",1878,143,"39K","39K1H1S1Q",2,2026-09-21 19:55:17.9870000,0,741,0,2026-09-21 19:55:17.9870000,-16.983330,48.700000
104999,"Analamena",1878,143,"39K","39K1H1S1Q",2,2026-09-21 19:55:20.9270000,0,741,0,2026-09-21 19:55:20.9270000,-16.983330,48.683330
2518316,"Goschen",713,57,"33U","33U1H5S3Q",3,2026-09-19 10:46:57.3630000,0,0,10664,2026-09-21 19:55:46.1830000,52.016670,14.283330
2514130,"Polukhino",2657,192,"38U","38U2H1S2Q",1,2026-09-21 19:57:36.2300000,1200,0,0,2026-09-21 19:57:36.2300000,51.928000,43.650800
105181,"Behorefo",1878,143,"39K","39K1H1S1Q",2,2026-09-21 19:59:30.4800000,0,741,0,2026-09-21 19:59:30.4800000,-16.966670,48.666670
104519,"Tsarahonenana",1878,143,"39K","39K1H1S3Q",2,2026-09-21 19:59:35.0930000,0,741,0,2026-09-21 19:59:35.0930000,-17.033330,48.583330
104348,"Maromandia",1878,143,"39K","39K1H1S3Q",2,2026-09-21 19:59:41.2300000,0,741,0,2026-09-21 19:59:41.2300000,-17.050000,48.550000
104518,"Ambatolampy",1878,143,"39K","39K1H1S3Q",2,2026-09-21 20:00:41.2070000,0,741,0,2026-09-21 20:00:41.2070000,-17.033330,48.533330
2106279,"Melrose Park",3562,233,"18T","18T2H1S4Q",1,2024-08-07 16:58:15.5100000,29488,0,0,2026-09-21 20:00:55.5170000,42.908680,-76.540220
2447810,"Bruyeres",255,20,"31U","31U2H3S4Q",1,2025-09-23 05:35:16.0500000,53750,0,0,2026-09-21 20:01:46.7300000,50.666670,5.716670
2542943,"Berlin",714,57,"33U","33U1H4S4Q",2,2014-08-22 01:39:56.5500000,0,42522828,0,2026-09-21 20:02:41.2770000,52.524370,13.410530
104687,"Andilamena",1878,143,"39K","39K1H1S3Q",2,2026-09-21 20:04:02.9630000,0,741,0,2026-09-21 20:04:02.9630000,-17.016670,48.583330
104825,"Ambolanakoho",1878,143,"39K","39K1H1S3Q",2,2026-09-21 20:04:07.7900000,0,741,0,2026-09-21 20:04:07.7900000,-17.000000,48.600000
56457,"Iturbe",118,10,"20K","20K2H4S1Q",2,2026-09-21 20:04:41.3700000,0,741,0,2026-09-21 20:04:41.3700000,-22.983330,-65.350000
56079,"Rodero",118,10,"20K","20K2H4S3Q",2,2026-09-21 20:04:47.0670000,0,741,0,2026-09-21 20:04:47.0670000,-23.033330,-65.316670
55400,"Cactaca",118,10,"20K","20K2H4S3Q",2,2026-09-21 20:04:50.2870000,0,741,0,2026-09-21 20:04:50.2870000,-23.116670,-65.283330
55542,"Palca de Aparzo",118,10,"20K","20K2H4S3Q",2,2026-09-21 20:04:53.7700000,0,891,0,2026-09-21 20:04:53.7700000,-23.100000,-65.100000
55399,"Ovara",118,10,"20K","20K2H4S3Q",2,2026-09-21 20:04:57.4900000,0,741,0,2026-09-21 20:04:57.4900000,-23.116670,-65.416670
2796530,"Kultanummi",929,70,"34V","34V1H6S3Q",1,2014-05-03 20:17:40.6970000,56584,0,2100,2026-09-21 20:06:16.2700000,60.460010,22.370050
2796245,"Littoinen",929,70,"34V","34V1H6S3Q",1,2013-11-01 21:46:58.0300000,144613,0,600,2026-09-21 20:06:47.0100000,60.445750,22.399060
106059,"Ambatoteza",1878,143,"39K","39K1H1S1Q",2,2026-09-21 20:07:14.2670000,0,741,0,2026-09-21 20:07:14.2670000,-16.883330,48.616670
2796076,"Salvela",929,70,"34V","34V1H6S3Q",1,2015-08-26 20:16:31.7330000,83432,0,300,2026-09-21 20:07:17.2830000,60.433330,22.516670
2571039,"Blackwell",979,77,"30U","30U1H6S1Q",3,2024-05-14 16:28:46.9030000,0,0,1606000,2026-09-21 20:08:25.8000000,53.116670,-1.333330
1980947,"El Negralejo",904,68,"30T","30T2H5S3Q",1,2013-02-10 08:29:51.5000000,1118950,0,0,2026-09-21 20:08:30.2470000,40.400000,-3.516670
106748,"Antranoambo",1878,143,"39K","39K1H1S1Q",2,2026-09-21 20:08:46.1870000,0,741,0,2026-09-21 20:08:46.1870000,-16.816670,48.600000
2270431,"Bern / Matte",523,43,"32T","32T1H1S4Q",2,2026-09-20 20:53:31.8130000,87815,648419,0,2026-09-21 20:09:49.9900000,46.947220,7.456800
150852,"Sato'alepai",3732,244,"02L","02L2H1S4Q",2,2026-09-21 20:10:18.7170000,0,529,0,2026-09-21 20:10:18.7170000,-13.443610,-172.344840
150840,"Safa'i",3732,244,"02L","02L2H1S4Q",2,2026-09-21 20:10:34.5270000,0,529,0,2026-09-21 20:10:34.5270000,-13.446540,-172.339710
150823,"Sale'aula",3732,244,"02L","02L2H1S4Q",2,2026-09-21 20:10:37.8300000,0,528,0,2026-09-21 20:10:37.8300000,-13.448940,-172.335210
150307,"Mauga",3732,244,"02L","02L2H1S4Q",2,2026-09-21 20:10:40.9500000,0,526,0,2026-09-21 20:10:40.9500000,-13.475720,-172.315190
149856,"Samalaeulu",3732,244,"02L","02L2H1S4Q",2,2026-09-21 20:10:48.4670000,0,525,0,2026-09-21 20:10:48.4670000,-13.500980,-172.300150
149605,"Patamea",3732,244,"02L","02L2H1S4Q",2,2026-09-21 20:10:51.2100000,0,525,0,2026-09-21 20:10:51.2100000,-13.524630,-172.306780
149649,"Solomea",3732,244,"02L","02L2H1S4Q",2,2026-09-21 20:11:01.7700000,0,523,0,2026-09-21 20:11:01.7700000,-13.517350,-172.263530
149086,"Papalaulelei",3733,244,"02L","02L2H1S4Q",2,2026-09-21 20:11:04.6970000,0,522,0,2026-09-21 20:11:04.6970000,-13.553160,-172.238800
1403415,"Claybank",3541,233,"15R","15R1H3S4Q",2,2025-09-20 16:18:43.7930000,0,1858599,0,2026-09-21 20:11:46.8300000,30.338800,-90.863150
104998,"Ambatobe",1878,143,"39K","39K1H1S1Q",2,2026-09-21 20:04:10.6570000,0,1941,0,2026-09-21 20:12:11.3930000,-16.983330,48.616670
105363,"Antsampanaomby",1878,143,"39K","39K1H1S1Q",2,2026-09-21 20:12:15.5330000,0,741,0,2026-09-21 20:12:15.5330000,-16.950000,48.616670
105362,"Ankovoka",1878,143,"39K","39K1H1S1Q",2,2026-09-21 20:12:19.4430000,0,741,0,2026-09-21 20:12:19.4430000,-16.950000,48.600000
105179,"Ambohivorikely",1878,143,"39K","39K1H1S1Q",2,2026-09-21 20:12:24.3300000,0,741,0,2026-09-21 20:12:24.3300000,-16.966670,48.483330
2113003,"Milwaukee",3566,233,"16T","16T2H2S1Q",3,2026-08-09 20:21:50.6570000,4800,0,716086,2026-09-21 20:12:45.1330000,43.038900,-87.906470
149339,"A'opo",3731,244,"02L","02L2H1S4Q",3,2019-09-16 19:55:14.5430000,0,960,1176,2026-09-21 20:13:02.6070000,-13.539750,-172.519310
2298007,"Genhofen",715,57,"32T","32T1H3S1Q",3,2024-10-07 07:25:37.8800000,0,0,20800,2026-09-21 20:13:07.8200000,47.566670,10.000000
149833,"Utuloa",3726,244,"02L","02L2H1S4Q",2,2026-09-21 20:13:12.5230000,0,550,0,2026-09-21 20:13:12.5230000,-13.508130,-172.635010
2375044,"Munchweiler am Klingbach",706,57,"32U","32U2H4S2Q",2,2015-02-27 18:47:52.6130000,0,1028063,109087,2026-09-21 20:13:12.6000000,49.150000,7.966670
105710,"Anjirohasina",1878,143,"39K","39K1H1S1Q",2,2026-09-21 20:14:23.2270000,0,741,0,2026-09-21 20:14:23.2270000,-16.916670,48.566670
105879,"Mahatsinjo",1878,143,"39K","39K1H1S1Q",2,2026-09-21 20:14:28.2070000,0,741,0,2026-09-21 20:14:28.2070000,-16.900000,48.566670
2064597,"Fonte Nuova",1377,110,"33T","33T2H1S3Q",3,2017-08-27 15:15:41.1670000,0,0,876355,2026-09-21 20:14:59.0630000,42.001670,12.621940
2528054,"Warringhof",708,57,"32U","32U1H5S3Q",3,2026-09-21 20:15:30.2170000,0,0,945,2026-09-21 20:15:30.2170000,52.216670,8.266670
2527221,"Bullenheide",708,57,"32U","32U1H5S3Q",3,2026-09-21 20:15:50.3300000,0,0,945,2026-09-21 20:15:50.3300000,52.200000,8.366670
2292902,"Kloten / Kloten (Zentrum)",503,43,"32T","32T1H2S1Q",3,2026-07-23 16:39:34.4870000,0,0,3084991,2026-09-21 20:16:46.2000000,47.451340,8.586830
2294601,"Turgi",528,43,"32T","32T1H2S1Q",3,2024-06-25 08:28:40.9230000,0,0,1972680,2026-09-21 20:17:01.6200000,47.492010,8.254120
2526398,"Depenbrock",708,57,"32U","32U1H5S3Q",3,2026-09-21 20:17:32.0130000,0,0,945,2026-09-21 20:17:32.0130000,52.183330,8.366670
2521509,"Karras",713,57,"33U","33U1H5S3Q",3,2026-09-20 14:43:53.9300000,0,0,12253,2026-09-21 20:17:45.4470000,52.083330,14.283330
105878,"Ambodihasina",1878,143,"39K","39K1H1S1Q",2,2026-09-21 20:18:21.6270000,0,741,0,2026-09-21 20:18:21.6270000,-16.900000,48.550000
1398075,"Lake Charles",3541,233,"15R","15R1H2S3Q",1,2013-12-27 01:06:07.6970000,55174802,0,0,2026-09-21 20:18:38.4970000,30.213090,-93.204400
106747,"Ambinanitelo",1878,143,"39K","39K1H1S1Q",2,2026-09-21 20:18:44.1030000,0,741,0,2026-09-21 20:18:44.1030000,-16.816670,48.516670
2514131,"Golovishche",2646,192,"37U","37U2H2S1Q",1,2026-09-21 20:18:52.9170000,1200,0,0,2026-09-21 20:18:52.9170000,51.928030,38.701010
2514138,"Novonikol'skoye",2654,192,"37U","37U2H3S1Q",1,2026-09-21 20:18:56.2100000,1200,0,0,2026-09-21 20:18:56.2100000,51.928200,40.973390
2514151,"Bol'shaya Mikhaylovka",2654,192,"37U","37U2H3S1Q",1,2026-09-21 20:18:59.5700000,1200,0,0,2026-09-21 20:18:59.5700000,51.928730,40.808170
476864,"Maldonado",830,63,"17N","17N2H6S2Q",3,2026-09-21 20:19:01.6670000,0,0,1200,2026-09-21 20:19:01.6670000,1.070560,-78.908060
2514154,"Vyazkovka",2646,192,"37U","37U2H3S1Q",1,2026-09-21 20:19:02.6500000,1200,0,0,2026-09-21 20:19:02.6500000,51.928830,40.521430
477098,"Yalare",830,63,"17N","17N2H6S2Q",3,2026-09-21 20:19:04.7970000,0,0,1200,2026-09-21 20:19:04.7970000,1.087780,-78.878330
477544,"La Alegria",830,63,"17N","17N2H6S2Q",3,2026-09-21 20:19:07.9530000,0,0,1200,2026-09-21 20:19:07.9530000,1.128330,-78.929720
477936,"El Progreso",830,63,"17N","17N2H6S2Q",3,2026-09-21 20:19:11.8000000,0,0,1200,2026-09-21 20:19:11.8000000,1.157500,-78.892220
2514157,"Staraya Ivanovka",2657,192,"38U","38U2H2S2Q",1,2026-09-21 20:19:12.7500000,1200,0,0,2026-09-21 20:19:12.7500000,51.928890,45.334440
477760,"La Pampa",830,63,"17N","17N2H6S2Q",3,2026-09-21 20:19:15.4830000,0,0,1200,2026-09-21 20:19:15.4830000,1.149720,-78.952500
2514181,"Bulgakovo",2665,192,"40U","40U2H2S1Q",1,2026-09-21 20:19:16.2000000,1200,0,0,2026-09-21 20:19:16.2000000,51.929720,56.143890
477917,"Ranchito",830,63,"17N","17N2H6S2Q",3,2026-09-21 20:19:19.0070000,0,0,1200,2026-09-21 20:19:19.0070000,1.153890,-78.946670
2514198,"Prudki",2646,192,"37U","37U2H3S1Q",1,2026-09-21 20:19:19.6270000,1200,0,0,2026-09-21 20:19:19.6270000,51.930280,40.756390
2514199,"Novokamenka",2665,192,"39U","39U2H3S1Q",1,2026-09-21 20:19:22.8430000,1200,0,0,2026-09-21 20:19:22.8470000,51.930280,52.710830
478109,"Nicanor",830,63,"17N","17N2H6S2Q",3,2026-09-21 20:19:25.1830000,0,0,1200,2026-09-21 20:19:25.1830000,1.169720,-78.892500
478130,"Buenos Aires",830,63,"17N","17N2H6S2Q",3,2026-09-21 20:19:28.8600000,0,0,1200,2026-09-21 20:19:28.8600000,1.175000,-78.902780
2483511,"Sevenoaks",979,77,"31U","31U2H1S1Q",3,2010-01-01 00:00:00.0000000,0,0,705939,2026-09-21 20:19:43.3070000,51.269970,0.192780
2528066,"Wetter",708,57,"32U","32U1H5S3Q",3,2026-09-21 20:19:44.6230000,0,0,945,2026-09-21 20:19:44.6230000,52.216670,8.400000
55254,"Tienso",118,10,"20K","20K2H4S3Q",2,2026-09-21 20:19:47.9470000,0,741,0,2026-09-21 20:19:47.9470000,-23.133330,-65.433330
55139,"Coraya",118,10,"20K","20K2H4S3Q",2,2026-09-21 20:19:52.5070000,0,741,0,2026-09-21 20:19:52.5070000,-23.150000,-65.450000
54712,"Humahuaca",118,10,"20K","20K2H4S3Q",2,2026-09-21 20:19:54.2700000,0,741,0,2026-09-21 20:19:54.2700000,-23.200000,-65.350000
53803,"Senador Perez",118,10,"20K","20K2H4S3Q",2,2026-09-21 20:19:57.5130000,0,741,0,2026-09-21 20:19:57.5130000,-23.300000,-65.350000
53651,"Capla",118,10,"20K","20K2H4S3Q",2,2026-09-21 20:20:02.1530000,0,741,0,2026-09-21 20:20:02.1530000,-23.316670,-65.300000
149635,"Asau",3726,244,"02L","02L2H1S4Q",2,2026-09-21 20:20:32.8870000,0,548,0,2026-09-21 20:20:32.8870000,-13.519630,-172.637840
149651,"Auala",3726,244,"02L","02L2H1S4Q",2,2026-09-21 20:20:36.9030000,0,550,0,2026-09-21 20:20:36.9030000,-13.516700,-172.652450
149803,"Vaisala",3726,244,"02L","02L2H1S4Q",2,2026-09-21 20:20:41.5170000,0,554,0,2026-09-21 20:20:41.5200000,-13.514390,-172.675220
149791,"Fagasa",3726,244,"02L","02L2H1S4Q",2,2026-09-21 20:20:47.8670000,0,555,0,2026-09-21 20:20:47.8670000,-13.516150,-172.690070
149648,"Sataua",3726,244,"02L","02L2H1S4Q",2,2026-09-21 20:20:52.6830000,0,555,0,2026-09-21 20:20:52.6830000,-13.517420,-172.694360
148848,"Siuvao",3726,244,"02L","02L2H1S4Q",2,2026-09-21 20:20:57.1200000,0,550,0,2026-09-21 20:20:57.1200000,-13.566670,-172.666670
2267088,"Sachseln",514,43,"32T","32T1H2S3Q",3,2022-02-08 21:02:19.8600000,2379,0,1292641,2026-09-21 20:21:55.4270000,46.866670,8.233330
2529813,"Ellerort",707,57,"32U","32U1H5S3Q",1,2026-09-21 20:22:12.7900000,847,0,0,2026-09-21 20:22:12.7900000,52.250000,8.500000
2529816,"Stukenhofen",707,57,"32U","32U1H5S3Q",1,2026-09-21 20:22:21.4600000,847,0,0,2026-09-21 20:22:21.4600000,52.250000,8.516670
2527222,"Im Hallau",708,57,"32U","32U1H5S3Q",3,2026-09-21 20:22:54.1670000,0,0,945,2026-09-21 20:22:54.1700000,52.200000,8.400000
2033462,"Fort Montgomery",3562,233,"18T","18T2H6S1Q",2,2026-09-21 20:23:05.4870000,0,1032,0,2026-09-21 20:23:05.4870000,41.340150,-73.985290
2033030,"Manitou",3562,233,"18T","18T2H6S1Q",2,2026-09-21 20:23:08.3930000,0,1061,0,2026-09-21 20:23:08.3930000,41.333150,-73.963750
2032974,"Fort Montgomery",3562,233,"18T","18T2H6S1Q",2,2026-09-21 20:23:12.7800000,0,1026,0,2026-09-21 20:23:12.7800000,41.331480,-73.986810
2034473,"West Point",3562,233,"18T","18T2H5S2Q",2,2026-09-21 20:23:14.6870000,0,1040,0,2026-09-21 20:23:14.6870000,41.364530,-74.013970
2032489,"Fort Clinton",3562,233,"18T","18T2H6S1Q",2,2026-09-21 20:23:18.6500000,0,1026,0,2026-09-21 20:23:18.6500000,41.318700,-73.987920
2038225,"Orrs Mill",3562,233,"18T","18T2H5S2Q",2,2026-09-21 20:23:29.1530000,0,527,0,2026-09-21 20:23:29.1530000,41.434540,-74.057640
2038378,"Firthcliffe",3562,233,"18T","18T2H5S2Q",2,2026-09-21 20:23:33.3530000,0,1153,0,2026-09-21 20:23:33.3530000,41.439260,-74.045140
2473609,"Wroclaw",2445,180,"33U","33U2H3S2Q",1,2016-02-08 20:40:44.9630000,422990868,0,0,2026-09-21 20:24:08.6570000,51.100000,17.033330
2379621,"Ros",715,57,"32U","32U2H6S1Q",3,2015-01-10 19:37:20.1030000,0,0,694417,2026-09-21 20:25:40.4930000,49.250000,10.550000
2679491,"Pushkino",2671,192,"37U","37U1H1S2Q",2,2026-05-21 05:54:39.7130000,0,625843,18419,2026-09-21 20:26:38.7630000,55.996110,37.901670
2526400,"Westendorf",708,57,"32U","32U1H5S3Q",3,2026-09-21 20:26:57.4500000,0,0,945,2026-09-21 20:26:57.4500000,52.183330,8.400000
2222556,"Minnehaha",3578,233,"10T","10T1H5S2Q",2,2025-07-10 06:17:16.2030000,0,17715,0,2026-09-21 20:28:41.7900000,45.657710,-122.620330
2307182,"Grand Marais",3558,233,"15T","15T1H3S2Q",3,2026-09-21 20:29:45.7500000,0,0,998,2026-09-21 20:29:45.7500000,47.750450,-90.334270
1604415,"Malibu Beach",3567,233,"11S","11S2H1S4Q",1,2026-09-20 06:13:29.1200000,857,0,300,2026-09-21 20:29:53.0800000,34.032790,-118.688420
1607671,"Monte Nido",3567,233,"11S","11S2H1S4Q",1,2026-09-20 22:18:43.7230000,878,0,300,2026-09-21 20:29:57.8100000,34.080840,-118.687030
105708,"Ambodivato",1878,143,"39K","39K1H1S1Q",2,2026-09-21 20:30:10.1830000,0,741,0,2026-09-21 20:30:10.1830000,-16.916670,48.516670
1605185,"El Nido",3567,233,"11S","11S2H1S4Q",1,2026-09-20 02:55:20.5870000,2173,0,300,2026-09-21 20:30:13.9100000,34.043620,-118.739250
105529,"Amparafaravolakely",1878,143,"39K","39K1H1S1Q",2,2026-09-21 20:30:16.2900000,46,300,0,2026-09-21 20:30:16.2900000,-16.933330,48.483330
1605425,"Malibu Hills",3567,233,"11S","11S2H1S4Q",1,2026-09-19 23:12:44.9170000,692,0,300,2026-09-21 20:30:19.7000000,34.047510,-118.744250
105877,"Ankaiafo",1878,143,"39K","39K1H1S1Q",2,2026-09-21 20:30:24.3770000,0,741,0,2026-09-21 20:30:24.3770000,-16.900000,48.500000
106057,"Ambatolampy",1878,143,"39K","39K1H1S1Q",2,2026-09-21 20:30:27.7400000,0,741,0,2026-09-21 20:30:27.7400000,-16.883330,48.500000
106058,"Ambongabe",1878,143,"39K","39K1H1S1Q",2,2026-09-21 20:30:30.8970000,0,741,0,2026-09-21 20:30:30.8970000,-16.883330,48.533330
1612645,"Calabasas",3567,233,"11S","11S2H1S4Q",1,2026-09-21 02:56:31.2130000,874,0,300,2026-09-21 20:30:30.9400000,34.157780,-118.638420
106219,"Mahatsara",1878,143,"39K","39K1H1S1Q",2,2026-09-21 20:30:36.5630000,0,741,0,2026-09-21 20:30:36.5630000,-16.866670,48.533330
106566,"Ambinanytelo",1878,143,"39K","39K1H1S1Q",2,2026-09-21 20:30:41.9670000,0,741,0,2026-09-21 20:30:41.9700000,-16.833330,48.533330
106373,"Antaimby",1878,143,"39K","39K1H1S1Q",2,2026-09-21 20:30:46.1700000,0,741,0,2026-09-21 20:30:46.1700000,-16.850000,48.500000
2609548,"Wansford",979,77,"30U","30U1H6S2Q",1,2026-07-04 19:24:59.4100000,403044,0,0,2026-09-21 20:31:01.1000000,53.990920,-0.381170
1614599,"Arrowhead Springs",3567,233,"11S","11S2H2S3Q",3,2026-09-21 20:31:49.9430000,0,0,1156,2026-09-21 20:31:49.9430000,34.186680,-117.261710
1617407,"Arrowhead Highlands",3567,233,"11S","11S2H2S3Q",3,2026-09-21 20:31:53.7930000,0,0,1157,2026-09-21 20:31:53.7930000,34.230010,-117.262820
2526401,"Krukum",708,57,"32U","32U1H5S3Q",3,2026-09-21 20:32:13.2170000,0,0,947,2026-09-21 20:32:13.2170000,52.183330,8.416670
1619478,"Lake Arrowhead",3567,233,"11S","11S2H2S3Q",3,2026-09-21 20:32:17.2530000,0,0,1155,2026-09-21 20:32:17.2530000,34.258830,-117.187630
108157,"Befarihy",1878,143,"39K","39K1H1S1Q",2,2026-09-21 20:32:17.8330000,0,741,0,2026-09-21 20:32:17.8330000,-16.700000,48.566670
1618670,"Lake Arrowhead",3567,233,"11S","11S2H2S3Q",3,2026-09-21 20:32:21.3800000,0,0,1155,2026-09-21 20:32:21.3800000,34.248340,-117.189210
2528921,"Tittingdorf",708,57,"32U","32U1H5S3Q",3,2026-09-21 20:32:26.1230000,0,0,945,2026-09-21 20:32:26.1230000,52.233330,8.433330
149572,"Papa",3726,244,"02L","02L2H1S4Q",2,2026-09-21 20:34:05.2570000,0,558,0,2026-09-21 20:34:05.2570000,-13.530770,-172.715160
149338,"Falealupo-uta",3726,244,"02L","02L2H1S4Q",2,2026-09-21 20:34:08.3630000,0,561,0,2026-09-21 20:34:08.3630000,-13.539780,-172.734710
150081,"Faleolo",3726,244,"02L","02L2H1S4Q",2,2026-09-21 20:34:22.4500000,0,1312,0,2026-09-21 20:34:22.4500000,-13.483330,-172.783330
53652,"Capala",118,10,"20K","20K2H4S3Q",2,2026-09-21 20:34:43.1800000,0,741,0,2026-09-21 20:34:43.1800000,-23.316670,-65.283330
53653,"Caspala",118,10,"20K","20K2H4S3Q",2,2026-09-21 20:34:46.3330000,0,741,0,2026-09-21 20:34:46.3330000,-23.316670,-65.133330
53493,"Santa Rosa",118,10,"20K","20K2H4S3Q",2,2026-09-21 20:34:49.5500000,0,741,0,2026-09-21 20:34:49.5500000,-23.333330,-65.133330
53654,"Santa Ana",118,10,"20K","20K2H4S3Q",2,2026-09-21 20:34:52.4030000,0,741,0,2026-09-21 20:34:52.4030000,-23.316670,-65.033330
52888,"Valle Colorado",118,10,"20K","20K2H4S4Q",2,2026-09-21 20:34:55.1300000,0,741,0,2026-09-21 20:34:55.1300000,-23.400000,-65.000000
52297,"Valle Grande",118,10,"20K","20K2H4S4Q",2,2026-09-21 20:34:58.9770000,0,741,0,2026-09-21 20:34:58.9770000,-23.466670,-64.983330
150026,"Avata",3726,244,"02L","02L2H1S4Q",2,2026-09-21 20:34:59.9000000,0,571,0,2026-09-21 20:34:59.9000000,-13.494740,-172.783170
149855,"Falealupo",3726,244,"02L","02L2H1S4Q",2,2026-09-21 20:35:03.5600000,0,571,0,2026-09-21 20:35:03.5600000,-13.501030,-172.787680
149851,"Vaotupua",3726,244,"02L","02L2H1S4Q",2,2026-09-21 20:35:06.7400000,0,571,0,2026-09-21 20:35:06.7400000,-13.503090,-172.790790
149573,"Tufutafoe",3726,244,"02L","02L2H1S4Q",2,2026-09-21 20:35:11.3800000,0,569,0,2026-09-21 20:35:11.3800000,-13.530730,-172.789630
148996,"Neiafu",3726,244,"02L","02L2H1S4Q",2,2026-09-21 20:35:14.1930000,0,561,0,2026-09-21 20:35:14.1930000,-13.566530,-172.752250
148508,"Falelima",3726,244,"02L","02L2H1S4Q",2,2026-09-21 20:35:17.7700000,0,556,0,2026-09-21 20:35:17.7700000,-13.595720,-172.722040
107368,"Tanonanifololahy",1878,143,"39K","39K1H1S1Q",2,2026-09-21 20:35:32.1570000,0,741,0,2026-09-21 20:35:32.1570000,-16.766670,48.366670
2528922,"Bulsten",708,57,"32U","32U1H5S3Q",3,2026-09-21 20:35:35.0100000,0,0,945,2026-09-21 20:35:35.0100000,52.233330,8.450000
107972,"Bevihazo",1878,143,"39K","39K1H1S1Q",2,2026-09-21 20:35:38.8130000,0,741,0,2026-09-21 20:35:38.8130000,-16.716670,48.350000
106056,"Ambinanyndrano",1878,143,"39K","39K1H1S1Q",2,2026-09-21 20:35:43.7700000,0,741,0,2026-09-21 20:35:43.7700000,-16.883330,48.416670
148234,"Matega",3729,244,"02L","02L2H1S4Q",2,2026-09-21 20:36:24.4170000,0,552,0,2026-09-21 20:36:24.4170000,-13.613330,-172.697960
2289848,"Aarau",528,43,"32T","32T1H2S1Q",3,2023-04-09 17:25:23.7830000,0,0,7654424,2026-09-21 20:37:01.4570000,47.392540,8.044220
106565,"Marovoalava",1878,143,"39K","39K1H1S1Q",2,2026-09-21 20:37:24.5670000,0,741,0,2026-09-21 20:37:24.5700000,-16.833330,48.400000
106372,"Ampondrabe",1878,143,"39K","39K1H1S1Q",2,2026-09-21 20:37:31.6000000,0,741,0,2026-09-21 20:37:31.6000000,-16.850000,48.383330
2526722,"Watertuin",2265,167,"31U","31U1H6S3Q",1,2026-09-15 08:40:26.9200000,543205,0,0,2026-09-21 20:37:37.7530000,52.186620,4.543020
2172519,"Giulesti",2632,190,"35T","35T1H5S3Q",3,2026-07-07 19:33:25.7130000,0,0,330035,2026-09-21 20:38:31.5200000,44.466670,26.000000
1524614,"Talty",3549,233,"14S","14S2H6S4Q",1,2026-08-15 02:05:23.3900000,13500,0,0,2026-09-21 20:38:41.7630000,32.683190,-96.385540
1806885,"Claybank Landing",3585,233,"18S","18S1H4S2Q",1,2026-09-21 20:38:43.3370000,2413,0,0,2026-09-21 20:38:45.3200000,37.265150,-76.859680
1550592,"Farmersville",3549,233,"14S","14S2H6S2Q",1,2026-07-01 07:19:23.9570000,71950,0,0,2026-09-21 20:38:50.0700000,33.163450,-96.359980
1808642,"Rustic",3585,233,"18S","18S1H4S2Q",1,2026-09-21 20:38:52.8100000,2210,0,0,2026-09-21 20:38:56.1830000,37.291540,-76.933580
1530337,"Colquitt",3549,233,"14S","14S2H6S4Q",1,2025-05-04 17:18:46.1300000,6592,0,0,2026-09-21 20:38:58.6430000,32.795400,-96.357480
1809812,"Blanks Store",3585,233,"18S","18S1H4S2Q",1,2026-09-21 20:39:09.0300000,2183,0,0,2026-09-21 20:39:09.0300000,37.308480,-76.937470
1812084,"Charles City",3585,233,"18S","18S1H4S1Q",1,2026-09-21 20:39:37.5700000,2567,0,0,2026-09-21 20:39:37.5700000,37.343480,-77.073030
1909485,"Yuba City",3567,233,"10S","10S1H3S1Q",2,2018-05-21 16:28:26.1770000,0,833605,517,2026-09-21 20:40:08.6770000,39.140450,-121.616910
1909774,"Marysville",3567,233,"10S","10S1H3S1Q",2,2018-05-10 13:50:10.2070000,0,669678,604,2026-09-21 20:40:11.4570000,39.145730,-121.591350
1905887,"Olivehurst",3567,233,"10S","10S1H3S1Q",2,2015-04-19 06:02:42.2670000,0,3913850,817,2026-09-21 20:40:14.5330000,39.078690,-121.547800
1904897,"Pearson",3567,233,"10S","10S1H3S1Q",2,2013-07-23 14:16:17.7970000,0,2601473,1034,2026-09-21 20:40:18.0530000,39.061840,-121.577460
1891735,"Pleasant Grove",3567,233,"10S","10S1H3S3Q",2,2012-09-21 13:30:33.6230000,0,3999973,517,2026-09-21 20:40:23.5670000,38.823790,-121.483850
1895766,"Virginiatown",3567,233,"10S","10S1H3S3Q",2,2012-11-21 00:57:26.0470000,0,3610397,517,2026-09-21 20:40:30.3230000,38.900450,-121.214670
1895817,"Gold Hill",3567,233,"10S","10S1H3S3Q",2,2012-09-03 23:31:40.2730000,0,3860550,517,2026-09-21 20:40:32.9800000,38.901570,-121.181620
1893268,"Penryn",3567,233,"10S","10S1H3S3Q",2,2012-08-12 03:33:44.8770000,0,3997474,517,2026-09-21 20:40:36.2430000,38.852120,-121.169390
1901445,"Meadow Vista",3567,233,"10S","10S1H3S1Q",2,2016-12-12 15:06:06.3800000,0,4006449,517,2026-09-21 20:40:43.1800000,39.001010,-121.021890
1888268,"Glasgow Village",3543,233,"15S","15S1H3S4Q",2,2026-09-21 18:52:11.3070000,1551,1184038,1172040,2026-09-21 20:41:17.7900000,38.753660,-90.198440
2515262,"Sacrow",713,57,"33U","33U2H2S1Q",3,2026-09-19 00:20:52.3830000,0,0,11893,2026-09-21 20:41:24.2600000,51.950000,14.116670
2298009,"Zell",715,57,"32T","32T1H3S1Q",3,2024-10-07 07:25:27.3930000,0,0,20636,2026-09-21 20:41:34.0230000,47.566670,10.016670
2529809,"Heide",707,57,"32U","32U1H5S3Q",3,2026-09-21 20:41:51.4170000,0,350,997,2026-09-21 20:41:51.4170000,52.250000,8.483330
478147,"Bellavista",830,63,"17N","17N2H6S2Q",3,2026-09-21 20:43:03.7670000,0,0,1200,2026-09-21 20:43:03.7670000,1.177780,-78.946110
478559,"Tierra Firme",830,63,"17N","17N2H6S2Q",3,2026-09-21 20:43:07.4030000,0,0,1200,2026-09-21 20:43:07.4030000,1.207220,-78.942780
478357,"El Guachal",830,63,"17N","17N2H6S2Q",3,2026-09-21 20:43:12.7600000,0,0,1200,2026-09-21 20:43:12.7600000,1.193330,-78.924170
478545,"El Porvenir",830,63,"17N","17N2H6S2Q",3,2026-09-21 20:43:17.4130000,0,0,1200,2026-09-21 20:43:17.4170000,1.204720,-78.914440
1902555,"Plumas Lake",3567,233,"10S","10S1H3S1Q",3,2026-09-18 17:11:48.8500000,0,0,796281,2026-09-21 20:43:21.1070000,39.020730,-121.558020
479178,"Tambillo",830,63,"17N","17N2H6S2Q",3,2026-09-21 20:43:23.0270000,0,0,1200,2026-09-21 20:43:23.0270000,1.255830,-78.885830
479218,"Tambillito",830,63,"17N","17N2H6S2Q",3,2026-09-21 20:43:26.1070000,0,0,1200,2026-09-21 20:43:26.1070000,1.262780,-78.851390
479569,"San Lorenzo de Esmeraldas",830,63,"17N","17N2H6S2Q",3,2026-09-21 20:43:29.3100000,0,0,1200,2026-09-21 20:43:29.3100000,1.288330,-78.836940
1580652,"DC Ranch",3572,233,"12S","12S2H5S1Q",2,2019-04-01 15:33:19.1400000,0,2998681,2327,2026-09-21 20:43:32.8570000,33.667540,-111.865420
479179,"La Variante",830,63,"17N","17N2H6S2Q",3,2026-09-21 20:43:33.3770000,0,0,1200,2026-09-21 20:43:33.3770000,1.255830,-78.821110
147785,"Fagafau",3729,244,"02L","02L2H1S4Q",2,2026-09-21 20:43:58.3700000,0,547,0,2026-09-21 20:43:58.3700000,-13.640260,-172.670230
147736,"Samataitai",3729,244,"02L","02L2H1S4Q",2,2026-09-21 20:44:02.9870000,0,547,0,2026-09-21 20:44:02.9870000,-13.646140,-172.665780
147704,"Samataiuta",3729,244,"02L","02L2H1S4Q",2,2026-09-21 20:44:07.4730000,0,546,0,2026-09-21 20:44:07.4730000,-13.649260,-172.657250
147453,"Fogatuli",3729,244,"02L","02L2H1S4Q",2,2026-09-21 20:44:22.7430000,0,545,0,2026-09-21 20:44:22.7430000,-13.661460,-172.646500
1897640,"Camp Richardson",3567,233,"10S","10S1H3S4Q",3,2026-09-21 20:44:24.2900000,0,2578,3361,2026-09-21 20:44:24.2900000,38.934350,-120.040180
147219,"Fai'a'ai",3729,244,"02L","02L2H1S4Q",2,2026-09-21 20:44:26.3400000,0,545,0,2026-09-21 20:44:26.3400000,-13.670300,-172.641120
147159,"Vaipu'a",3729,244,"02L","02L2H1S4Q",2,2026-09-21 20:44:30.3370000,0,543,0,2026-09-21 20:44:30.3370000,-13.677830,-172.633750
1899543,"Stateline",3570,233,"11S","11S1H1S3Q",3,2026-09-21 20:44:31.4500000,0,0,1039,2026-09-21 20:44:31.4500000,38.967450,-119.944000
1898920,"Stateline",3567,233,"11S","11S1H1S3Q",3,2025-11-17 23:25:00.3400000,0,0,520957,2026-09-21 20:44:43.0570000,38.958240,-119.943790
1390627,"Woodcreek",3549,233,"14R","14R1H2S4Q",3,2025-11-23 15:23:19.0100000,0,0,1763993,2026-09-21 20:45:37.7630000,30.028270,-98.111120
106371,"Maroantova",1878,143,"39K","39K1H1S1Q",2,2026-09-21 20:46:20.0830000,0,741,0,2026-09-21 20:46:20.0830000,-16.850000,48.366670
106564,"Ambodisakoana",1878,143,"39K","39K1H1S1Q",2,2026-09-21 20:46:22.3800000,0,741,0,2026-09-21 20:46:22.3800000,-16.833330,48.350000
106562,"Antanimbaritsara",1878,143,"39K","39K1H1S1Q",2,2026-09-21 20:46:25.5930000,46,300,0,2026-09-21 20:46:25.5930000,-16.833330,48.316670
106933,"Ambohimanjaka",1878,143,"39K","39K1H1S1Q",2,2026-09-21 20:46:30.4570000,46,300,0,2026-09-21 20:46:30.4570000,-16.800000,48.333330
107158,"Amboavoribe",1878,143,"39K","39K1H1S1Q",2,2026-09-21 20:46:35.2030000,0,741,0,2026-09-21 20:46:35.2030000,-16.783330,48.316670
107367,"Androfianitsibiby",1878,143,"39K","39K1H1S1Q",2,2026-09-21 20:46:38.8400000,0,741,0,2026-09-21 20:46:38.8400000,-16.766670,48.300000
107592,"Ambohitsara",1878,143,"39K","39K1H1S1Q",2,2026-09-21 20:46:42.6030000,0,741,0,2026-09-21 20:46:42.6030000,-16.750000,48.316670
147136,"Fogasavai'i",3729,244,"02L","02L2H1S4Q",2,2026-09-21 20:48:35.6030000,0,543,0,2026-09-21 20:48:35.6070000,-13.680260,-172.626720
146926,"Sagone",3729,244,"02L","02L2H1S4Q",2,2026-09-21 20:48:38.7200000,0,542,0,2026-09-21 20:48:38.7200000,-13.687330,-172.618640
146861,"Foailuga",3729,244,"02L","02L2H1S4Q",2,2026-09-21 20:48:43.2470000,0,685,0,2026-09-21 20:48:43.2470000,-13.696660,-172.609240
2693688,"Balmerino",977,77,"30V","30V2H5S3Q",3,2025-06-10 09:27:56.7500000,0,0,1306905,2026-09-21 20:48:44.2130000,56.400000,-3.033330
2053654,"Grinnell",3553,233,"15T","15T2H5S2Q",2,2015-08-07 13:47:46.5270000,0,1270172,0,2026-09-21 20:48:44.2170000,41.743050,-92.722410
51639,"San Lucas",118,10,"20K","20K2H4S3Q",2,2026-09-21 20:49:51.1370000,0,741,0,2026-09-21 20:49:51.1370000,-23.533330,-65.083330
51457,"Pampichuela",118,10,"20K","20K2H4S3Q",2,2026-09-21 20:49:53.0400000,0,741,0,2026-09-21 20:49:53.0400000,-23.550000,-65.033330
50924,"Santa Barbara",118,10,"20K","20K2H4S3Q",2,2026-09-21 20:49:56.0430000,0,741,0,2026-09-21 20:49:56.0430000,-23.600000,-65.066670
54434,"Parani",112,10,"20K","20K2H4S4Q",2,2026-09-21 20:50:00.3770000,0,830,0,2026-09-21 20:50:00.3770000,-23.233330,-64.900000
54713,"Santa Cruz",112,10,"20K","20K2H4S4Q",2,2026-09-21 20:50:03.8470000,0,830,0,2026-09-21 20:50:03.8470000,-23.200000,-64.916670
2514433,"Wusswerk",713,57,"33U","33U2H2S1Q",3,2026-09-18 13:24:08.3730000,0,0,5694,2026-09-21 20:50:08.8500000,51.933330,14.050000
2533212,"Niederlehme",713,57,"33U","33U1H4S4Q",2,2026-09-19 08:44:23.5400000,0,29486,0,2026-09-21 20:50:28.1400000,52.316670,13.650000
146629,"Foailalo",3729,244,"02L","02L2H1S4Q",2,2026-09-21 20:51:13.6600000,0,685,0,2026-09-21 20:51:13.6600000,-13.702260,-172.604530
146585,"Satuiatua",3730,244,"02L","02L2H1S4Q",2,2026-09-21 20:51:17.7070000,0,684,0,2026-09-21 20:51:17.7070000,-13.708050,-172.600580
1461296,"Ozark",3551,233,"16R","16R1H3S1Q",2,2016-11-24 13:27:54.2700000,32822,876570,0,2026-09-21 20:52:30.0100000,31.459060,-85.640490
1905144,"Pomins",3567,233,"10S","10S1H3S2Q",3,2026-09-21 20:53:01.2430000,0,0,4498,2026-09-21 20:53:05.6300000,39.066570,-120.126850
1907419,"Tahoe Pines",3567,233,"10S","10S1H3S2Q",3,2026-09-21 20:54:27.9230000,0,0,1078,2026-09-21 20:54:27.9230000,39.104630,-120.160190
146573,"Gagaemalae",3730,244,"02L","02L2H1S4Q",2,2026-09-21 20:56:40.2400000,0,684,0,2026-09-21 20:56:40.2400000,-13.710270,-172.598330
146537,"Sala'ilua",3726,244,"02L","02L2H1S4Q",2,2026-09-21 20:57:11.5900000,0,684,0,2026-09-21 20:57:11.5900000,-13.716260,-172.595170
146346,"Siutu",3726,244,"02L","02L2H1S4Q",2,2026-09-21 20:57:19.8370000,0,684,0,2026-09-21 20:57:19.8370000,-13.720990,-172.595410
146338,"Tanoaalea",3730,244,"02L","02L2H1S4Q",2,2026-09-21 20:57:29.9730000,0,684,0,2026-09-21 20:57:29.9730000,-13.722450,-172.585770
146315,"Palapala",3730,244,"02L","02L2H1S4Q",2,2026-09-21 20:57:34.6500000,0,798,0,2026-09-21 20:57:34.6500000,-13.727400,-172.574810
2289729,"Buchs",528,43,"32T","32T1H2S1Q",3,2024-08-30 06:08:40.5900000,0,0,2658955,2026-09-21 20:57:34.8770000,47.387890,8.073750
1617133,"Wilmington",3545,233,"18S","18S2H1S3Q",3,2015-08-20 08:17:06.6730000,0,283725,1165720,2026-09-21 20:57:40.6600000,34.225730,-77.944710
107970,"Amparihilava",1878,143,"39K","39K1H1S1Q",2,2026-09-21 20:57:40.7700000,46,300,0,2026-09-21 20:57:40.7700000,-16.716670,48.333330
107591,"Ambodiakondro",1878,143,"39K","39K1H1S1Q",2,2026-09-21 20:57:45.9070000,0,741,0,2026-09-21 20:57:45.9070000,-16.750000,48.250000
105876,"Mangabe",1878,143,"39K","39K1H1S1Q",2,2026-09-21 20:57:49.4130000,0,741,0,2026-09-21 20:57:49.4130000,-16.900000,48.300000
105359,"Ambatomainty",1878,143,"39K","39K1H1S1Q",2,2026-09-21 20:57:59.9700000,0,741,0,2026-09-21 20:57:59.9700000,-16.950000,48.283330
104517,"Ambatomalama",1878,143,"39K","39K1H1S3Q",2,2026-09-21 20:58:03.3300000,0,741,0,2026-09-21 20:58:03.3300000,-17.033330,48.316670
103656,"Beambora",1878,143,"39K","39K1H1S3Q",2,2026-09-21 20:58:07.1200000,0,741,0,2026-09-21 20:58:07.1200000,-17.116670,48.316670
104166,"Mahadiandiana",1878,143,"39K","39K1H1S3Q",2,2026-09-21 20:58:10.2030000,0,741,0,2026-09-21 20:58:10.2030000,-17.066670,48.266670
103655,"Ambatomitsangana",1878,143,"39K","39K1H1S3Q",2,2026-09-21 20:58:14.0230000,0,741,0,2026-09-21 20:58:14.0230000,-17.116670,48.233330
2101368,"Gunnisonville",3557,233,"16T","16T2H3S4Q",1,2017-07-15 22:13:03.4970000,2926172,0,0,2026-09-21 20:58:45.9570000,42.813090,-84.523040
2528924,"Bursiek",707,57,"32U","32U1H5S3Q",1,2026-09-21 21:01:46.6730000,1063,0,0,2026-09-21 21:01:46.6730000,52.233330,8.483330
2284027,"Lakeland South",3578,233,"10T","10T1H2S2Q",2,2020-04-19 23:34:34.2800000,0,1418696,0,2026-09-21 21:04:03.3870000,47.278430,-122.283260
12579,"Ashfield",143,13,"56H","56H1H1S4Q",3,2019-07-20 12:17:41.6570000,0,0,1500589,2026-09-21 21:04:30.3970000,-33.887300,151.124320
12743,"Mortlake",143,13,"56H","56H1H1S4Q",3,2019-07-21 02:47:13.7530000,0,0,1388583,2026-09-21 21:04:41.6300000,-33.850000,151.116670
55401,"Quenoal",112,10,"20K","20K2H4S4Q",2,2026-09-21 21:04:53.7300000,0,741,0,2026-09-21 21:04:53.7300000,-23.116670,-64.866670
12859,"Artarmon",143,13,"56H","56H1H1S4Q",3,2017-02-23 03:58:51.6400000,0,0,1500918,2026-09-21 21:04:56.6800000,-33.816670,151.183330
55810,"Campo del Trigal",112,10,"20K","20K2H4S4Q",2,2026-09-21 21:04:56.8030000,0,846,0,2026-09-21 21:04:56.8030000,-23.066670,-64.833330
55811,"Tablada",112,10,"20K","20K2H4S4Q",2,2026-09-21 21:04:59.5070000,0,741,0,2026-09-21 21:04:59.5070000,-23.066670,-64.816670
54435,"San Carlos",112,10,"20K","20K2H4S4Q",2,2026-09-21 21:05:02.5530000,0,741,0,2026-09-21 21:05:02.5530000,-23.233330,-64.733330
55255,"Tres Palcas",112,10,"20K","20K2H4S4Q",2,2026-09-21 21:05:05.1330000,0,741,0,2026-09-21 21:05:05.1330000,-23.133330,-64.650000
12649,"Sydney",143,13,"56H","56H1H1S4Q",3,2015-07-07 04:22:45.9900000,0,0,77004992,2026-09-21 21:05:07.3200000,-33.867850,151.207320
1718302,"Tecopa",3567,233,"11S","11S2H2S2Q",1,2026-09-21 21:06:02.8730000,1066,0,0,2026-09-21 21:06:02.8730000,35.835150,-116.207530
1718949,"Tecopa",3567,233,"11S","11S2H2S2Q",1,2026-09-21 21:06:06.2700000,1066,0,0,2026-09-21 21:06:06.2700000,35.848300,-116.226410
1725163,"Shoshone",3567,233,"11S","11S2H2S2Q",1,2026-09-21 21:06:09.2430000,1067,0,0,2026-09-21 21:06:09.2430000,35.951010,-116.305570
1726519,"Shoshone",3567,233,"11S","11S2H2S2Q",1,2026-09-21 21:06:15.1600000,1066,0,0,2026-09-21 21:06:15.1600000,35.973020,-116.271140
1740749,"Pahrump",3570,233,"11S","11S1H6S3Q",1,2026-09-21 21:06:20.5970000,1063,0,0,2026-09-21 21:06:20.5970000,36.208290,-115.983910
1742655,"Pahrump",3570,233,"11S","11S1H5S4Q",1,2026-09-21 21:06:24.1800000,1063,0,0,2026-09-21 21:06:24.1800000,36.241070,-116.017550
1753574,"Johnnie",3570,233,"11S","11S1H5S4Q",1,2026-09-21 21:06:29.2270000,1063,0,0,2026-09-21 21:06:29.2270000,36.419680,-116.071700
2298013,"Kalzhofen",715,57,"32T","32T1H3S1Q",3,2024-10-06 04:43:20.1770000,0,0,21153,2026-09-21 21:06:31.8370000,47.566670,10.033330
1755571,"Labbe Camp",3570,233,"11S","11S1H5S4Q",1,2026-09-21 21:06:32.5230000,1063,0,0,2026-09-21 21:06:32.5230000,36.450790,-116.056420
1758121,"Crystal",3570,233,"11S","11S1H5S4Q",1,2026-09-21 21:06:36.2830000,1065,0,0,2026-09-21 21:06:36.2830000,36.491620,-116.167540
2516023,"Klein Leine",713,57,"33U","33U2H2S1Q",3,2026-09-19 00:21:28.0070000,0,0,8065,2026-09-21 21:06:54.8430000,51.966670,14.050000
2531607,"Konigs Wusterhausen",713,57,"33U","33U1H4S4Q",2,2025-05-17 08:57:24.9670000,0,1011942,517,2026-09-21 21:08:00.9300000,52.283330,13.616670
2240714,"Mex",506,43,"32T","32T1H1S3Q",2,2026-09-15 12:53:09.5300000,0,76387,0,2026-09-21 21:08:01.0430000,46.166670,6.983330
2514200,"Yekaterinovka",2665,192,"40U","40U2H3S2Q",1,2026-09-21 21:08:57.9500000,1200,0,0,2026-09-21 21:08:57.9500000,51.930280,59.970000
2514205,"Ol'khovatka",2677,192,"37U","37U2H2S1Q",1,2026-09-21 21:09:02.5070000,1200,0,0,2026-09-21 21:09:02.5070000,51.930610,38.155200
2514217,"Rostashevka",2646,192,"37U","37U2H3S1Q",1,2026-09-21 21:09:06.1730000,1200,0,0,2026-09-21 21:09:06.1730000,51.931390,40.210280
145608,"Le'eka",3730,244,"02L","02L2H1S4Q",2,2026-09-21 21:09:13.3700000,0,532,0,2026-09-21 21:09:13.3700000,-13.773480,-172.512820
145331,"Taga",3730,244,"02L","02L2H1S4Q",2,2026-09-21 21:09:16.6630000,0,532,0,2026-09-21 21:09:16.6630000,-13.794000,-172.511100
2514219,"Dolgoye",2646,192,"37U","37U2H2S1Q",1,2026-09-21 21:09:18.9370000,1200,0,0,2026-09-21 21:09:18.9370000,51.931420,38.648160
146946,"Sataputu",3730,244,"02L","02L2H1S4Q",2,2026-09-21 21:09:24.2170000,0,537,0,2026-09-21 21:09:24.2170000,-13.683330,-172.550000
2514232,"Berezovo",2646,192,"37U","37U2H2S2Q",1,2026-09-21 21:09:26.8070000,1200,0,0,2026-09-21 21:09:26.8070000,51.931910,39.348560
145408,"Nuu",3730,244,"02L","02L2H1S4Q",2,2026-09-21 21:09:30.3300000,0,530,0,2026-09-21 21:09:30.3300000,-13.784650,-172.473510
145567,"Nuuuta",3730,244,"02L","02L2H1S4Q",2,2026-09-21 21:09:30.6900000,0,528,0,2026-09-21 21:09:30.6900000,-13.777540,-172.466240
2514247,"Narezok",2677,192,"37U","37U2H2S1Q",1,2026-09-21 21:09:33.0330000,1200,0,0,2026-09-21 21:09:33.0330000,51.932460,38.417080
145620,"Falealia",3730,244,"02L","02L2H1S4Q",2,2026-09-21 21:09:33.1430000,0,528,0,2026-09-21 21:09:33.1430000,-13.772310,-172.459330
145590,"Tamasaga",3730,244,"02L","02L2H1S4Q",2,2026-09-21 21:09:35.5970000,0,528,0,2026-09-21 21:09:35.5970000,-13.775540,-172.454700
2514251,"Alibayevo",2696,192,"40U","40U2H2S1Q",1,2026-09-21 21:09:38.4000000,1200,0,0,2026-09-21 21:09:38.4000000,51.932500,56.924720
145599,"Masalaolao",3730,244,"02L","02L2H1S4Q",2,2026-09-21 21:09:38.4930000,0,528,0,2026-09-21 21:09:38.4930000,-13.774340,-172.445170
2514257,"Kulikovka",2674,192,"37U","37U2H1S2Q",1,2026-09-21 21:09:42.3500000,1200,0,0,2026-09-21 21:09:42.3500000,51.932780,37.961390
2636598,"Kooperativnaya Polyana",2696,192,"40U","40U1H1S4Q",3,2022-04-07 08:03:32.0600000,0,0,3910499,2026-09-21 21:10:19.7070000,54.702900,55.943800
1902701,"Whitehouse",3542,233,"18S","18S1H1S2Q",1,2015-08-16 16:35:30.5670000,251156,0,0,2026-09-21 21:10:31.2070000,39.023720,-76.923860
145603,"Siuniu",3730,244,"02L","02L2H1S4Q",2,2026-09-21 21:12:10.1770000,0,528,0,2026-09-21 21:12:10.1770000,-13.774150,-172.436260
1878214,"Pond Acres",3537,233,"18S","18S1H2S3Q",1,2026-06-23 16:25:01.4400000,114597,0,0,2026-09-21 21:13:51.8700000,38.554000,-75.068510
2528934,"Klosterheide",707,57,"32U","32U1H5S3Q",3,2026-09-21 21:14:30.1000000,0,0,1007,2026-09-21 21:14:30.1000000,52.233330,8.600000
2528931,"Osterloh",707,57,"32U","32U1H5S3Q",3,2026-09-21 21:14:34.1200000,0,0,1483,2026-09-21 21:14:34.1200000,52.233330,8.583330
2528930,"Altenhuffen",707,57,"32U","32U1H5S3Q",3,2026-09-21 21:14:39.7500000,0,0,997,2026-09-21 21:14:39.7500000,52.233330,8.566670
145596,"Nofoa",3730,244,"02L","02L2H1S4Q",2,2026-09-21 21:14:44.2700000,0,527,0,2026-09-21 21:14:44.2700000,-13.774860,-172.431900
2528929,"Habighorst",707,57,"32U","32U1H5S3Q",3,2026-09-21 21:14:44.8070000,0,0,997,2026-09-21 21:14:44.8070000,52.233330,8.550000
2528927,"Hoge",707,57,"32U","32U1H5S3Q",3,2026-09-21 21:14:48.1500000,0,0,997,2026-09-21 21:14:48.1500000,52.233330,8.533330
2528926,"Bieren",707,57,"32U","32U1H5S3Q",3,2026-09-21 21:14:52.9930000,0,0,997,2026-09-21 21:14:52.9930000,52.233330,8.516670
2528076,"Holsen",707,57,"32U","32U1H5S3Q",3,2026-09-21 21:14:56.9300000,0,0,997,2026-09-21 21:14:56.9300000,52.216670,8.516670
145607,"Gataivai",3730,244,"02L","02L2H1S4Q",2,2026-09-21 21:15:03.7470000,0,525,0,2026-09-21 21:15:03.7470000,-13.773600,-172.388020
145581,"Gautavai",3730,244,"02L","02L2H1S4Q",2,2026-09-21 21:15:07.1270000,0,525,0,2026-09-21 21:15:07.1270000,-13.776180,-172.383920
103459,"Amboasary",1878,143,"39K","39K1H1S3Q",2,2026-09-21 21:16:50.8600000,0,741,0,2026-09-21 21:16:50.8600000,-17.133330,48.216670
2514259,"Starosmesskiy",2657,192,"38U","38U2H1S2Q",1,2026-09-21 21:16:53.4000000,1200,0,0,2026-09-21 21:16:53.4000000,51.933060,43.975280
103099,"Andranomiditra",1878,143,"39K","39K1H1S3Q",2,2026-09-21 21:16:54.5470000,0,741,0,2026-09-21 21:16:54.5500000,-17.166670,48.216670
1599396,"Westchester",3567,233,"11S","11S2H4S2Q",3,2015-05-25 06:24:22.3630000,0,0,1196588,2026-09-21 21:16:55.7830000,33.959730,-118.400630
102780,"Ambodifiakarana",1879,143,"39K","39K1H1S3Q",2,2026-09-21 21:17:00.2970000,0,741,0,2026-09-21 21:17:00.2970000,-17.200000,48.183330
102779,"Beandrarezina",1878,143,"39K","39K1H1S3Q",2,2026-09-21 21:17:05.8900000,0,741,0,2026-09-21 21:17:05.8900000,-17.200000,48.166670
2514571,"Petrovka-Kitayeva",2674,192,"37U","37U2H2S1Q",1,2026-09-21 21:17:08.6870000,1200,0,0,2026-09-21 21:17:08.6870000,51.933330,38.216670
1603444,"Jefferson",3567,233,"11S","11S2H1S4Q",3,2015-06-19 01:01:29.5200000,0,0,1080570,2026-09-21 21:17:09.8600000,34.018350,-118.272020
2514573,"Novoskobelevskiy",2657,192,"39U","39U2H1S1Q",1,2026-09-21 21:17:12.9100000,1200,0,0,2026-09-21 21:17:12.9100000,51.933330,48.200000
1604309,"Saint James Park",3567,233,"11S","11S2H1S4Q",3,2015-03-25 03:49:08.3500000,0,0,1118023,2026-09-21 21:17:14.6370000,34.031120,-118.280070
104516,"Ambodisakoana",1878,143,"39K","39K1H1S3Q",2,2026-09-21 21:17:16.3300000,0,741,0,2026-09-21 21:17:16.3300000,-17.033330,48.233330
2514575,"Berezovo",2657,192,"39U","39U2H1S1Q",1,2026-09-21 21:17:16.4100000,1200,0,0,2026-09-21 21:17:16.4100000,51.933330,48.466670
104824,"Ambodivoara",1878,143,"39K","39K1H1S3Q",2,2026-09-21 21:17:20.3970000,0,741,0,2026-09-21 21:17:20.3970000,-17.000000,48.216670
104515,"Ambolotaramadinika",1878,143,"39K","39K1H1S3Q",2,2026-09-21 21:17:24.1170000,0,741,0,2026-09-21 21:17:24.1170000,-17.033330,48.133330
104995,"Betalevana",1878,143,"39K","39K1H1S1Q",2,2026-09-21 21:17:28.6030000,0,741,0,2026-09-21 21:17:28.6030000,-16.983330,48.200000
105358,"Antanifotsy",1878,143,"39K","39K1H1S1Q",2,2026-09-21 21:18:08.5300000,0,741,0,2026-09-21 21:18:08.5300000,-16.950000,48.216670
1605411,"Vineyard",3567,233,"11S","11S2H1S4Q",3,2016-03-17 00:52:25.0430000,0,0,1065469,2026-09-21 21:18:32.1700000,34.047230,-118.337020
1605656,"Country Club Park",3567,233,"11S","11S2H1S4Q",3,2015-12-04 20:58:10.2400000,0,0,1057330,2026-09-21 21:18:36.6500000,34.050290,-118.321190
1605144,"Lafayette Square",3567,233,"11S","11S2H1S4Q",3,2016-01-26 15:17:28.2300000,0,0,1098182,2026-09-21 21:18:40.8200000,34.043060,-118.331940
1605897,"Little Ethiopia",3567,233,"11S","11S2H1S4Q",3,2016-03-29 22:11:51.3000000,0,0,1044488,2026-09-21 21:18:53.1070000,34.054720,-118.365280
1606327,"Carthay Circle",3567,233,"11S","11S2H1S4Q",3,2016-02-29 05:38:13.5670000,0,0,1334322,2026-09-21 21:18:59.8630000,34.061120,-118.367300
1608347,"Crescent",3567,233,"11S","11S2H1S4Q",3,2015-03-31 18:28:12.0600000,0,0,1194488,2026-09-21 21:19:04.4600000,34.090840,-118.374240
1608291,"West Hollywood",3567,233,"11S","11S2H1S4Q",3,2015-04-02 04:05:27.2500000,0,0,1108947,2026-09-21 21:19:07.9070000,34.090010,-118.361740
1606988,"Angelino Heights",3567,233,"11S","11S2H1S4Q",3,2015-01-09 02:08:05.6370000,0,0,1109514,2026-09-21 21:19:31.2900000,34.070290,-118.254800
1607192,"Beverly Hills",3567,233,"11S","11S2H1S4Q",3,2016-01-12 14:42:39.2100000,0,0,1249402,2026-09-21 21:19:49.1200000,34.073620,-118.400360
1607093,"West LA",3567,233,"11S","11S2H1S4Q",3,2016-01-19 16:42:43.1600000,0,0,1040729,2026-09-21 21:19:53.3400000,34.072000,-118.415000
57408,"San Carlos",112,10,"20K","20K2H4S2Q",2,2026-09-21 21:19:58.3730000,0,831,0,2026-09-21 21:19:58.3730000,-22.883330,-64.666670
1606000,"Westwood",3567,233,"11S","11S2H1S4Q",3,2016-01-22 03:12:52.1230000,0,0,1133119,2026-09-21 21:19:58.9000000,34.056120,-118.430630
60073,"San Martin",112,10,"20K","20K2H4S2Q",2,2026-09-21 21:20:11.8700000,0,741,0,2026-09-21 21:20:11.8700000,-22.533330,-64.683330
59597,"Porongal",112,10,"20K","20K2H4S2Q",2,2026-09-21 21:20:13.9270000,0,741,0,2026-09-21 21:20:13.9270000,-22.600000,-64.683330
60735,"Lipeo",112,10,"20K","20K2H4S2Q",2,2026-09-21 21:20:17.1930000,0,741,0,2026-09-21 21:20:17.1930000,-22.433330,-64.733330
2478276,"Tonbridge",979,77,"31U","31U2H1S1Q",3,2010-01-01 00:00:00.0000000,0,0,1468823,2026-09-21 21:20:18.6970000,51.183330,0.283330
1604058,"Jefferson Park",3567,233,"11S","11S2H1S4Q",3,2015-04-07 04:02:27.9470000,0,0,1062188,2026-09-21 21:20:19.2700000,34.027230,-118.317580
1602599,"Leimert Park",3567,233,"11S","11S2H1S4Q",3,2015-04-17 18:37:13.0070000,0,0,1097233,2026-09-21 21:20:25.9730000,34.006960,-118.331460
61401,"San Jose",112,10,"20K","20K2H4S2Q",2,2026-09-21 21:20:26.6930000,0,759,0,2026-09-21 21:20:26.6930000,-22.333330,-64.800000
1600745,"Hyde Park",3567,233,"11S","11S2H4S2Q",3,2014-12-29 02:53:03.4000000,0,0,1019645,2026-09-21 21:20:36.9500000,33.980570,-118.330630
1601488,"Wildasin",3567,233,"11S","11S2H4S2Q",3,2013-10-20 22:40:37.0870000,0,0,1147629,2026-09-21 21:20:43.1300000,33.990980,-118.300100
1606417,"Mission Junction",3567,233,"11S","11S2H1S4Q",3,2014-12-28 23:55:41.8900000,0,0,1099354,2026-09-21 21:21:01.0230000,34.062510,-118.227570
2400616,"Nova Ves",690,56,"33U","33U2H5S2Q",1,2025-01-14 15:23:08.6070000,300031,0,0,2026-09-21 21:21:22.6930000,49.700000,15.766670
1600619,"Alsace",3567,233,"11S","11S2H4S2Q",3,2016-08-28 21:50:00.9870000,0,0,1777898,2026-09-21 21:21:30.5730000,33.978620,-118.415630
12994,"West Pymble",143,13,"56H","56H1H1S4Q",3,2017-02-22 11:28:36.1470000,0,0,2575000,2026-09-21 21:21:34.4400000,-33.766670,151.133330
2313175,"Concarneau",961,75,"30T","30T1H2S1Q",3,2022-08-19 15:27:11.0930000,0,0,6919985,2026-09-21 21:21:54.4300000,47.875020,-3.922450
12573,"Bondi",143,13,"56H","56H1H1S4Q",3,2026-07-11 06:24:08.9730000,0,0,3206404,2026-09-21 21:22:04.0830000,-33.891670,151.266670
1599397,"Morningside Park",3567,233,"11S","11S2H4S2Q",3,2015-03-04 07:37:18.0200000,0,0,1026391,2026-09-21 21:22:07.8530000,33.959740,-118.326460
12565,"Bronte",143,13,"56H","56H1H1S4Q",3,2017-04-17 08:51:27.5930000,0,0,2105366,2026-09-21 21:22:13.0130000,-33.900000,151.266670
145614,"Vaiala",3730,244,"02L","02L2H1S4Q",2,2026-09-21 21:22:15.1930000,0,525,0,2026-09-21 21:22:15.1930000,-13.773060,-172.381020
12747,"Watsons Bay",143,13,"56H","56H1H1S4Q",3,2018-08-20 22:46:59.9730000,0,517,1170621,2026-09-21 21:22:21.1170000,-33.850000,151.283330
145582,"Puleia",3730,244,"02L","02L2H1S4Q",2,2026-09-21 21:22:21.2770000,0,525,0,2026-09-21 21:22:21.2770000,-13.776140,-172.377610
145857,"Sili",3730,244,"02L","02L2H1S4Q",3,2019-09-17 05:36:47.4130000,0,474,1128,2026-09-21 21:22:25.3900000,-13.756020,-172.377330
145665,"Tufu",3730,244,"02L","02L2H1S4Q",2,2026-09-21 21:22:31.3800000,0,524,0,2026-09-21 21:22:31.3800000,-13.766670,-172.366670
12451,"Coogee",143,13,"56H","56H1H1S4Q",3,2017-06-17 02:15:35.9700000,0,517,1203035,2026-09-21 21:22:36.4300000,-33.920500,151.255220
2514578,"Belenka",2657,192,"39U","39U2H1S1Q",1,2026-09-21 21:22:42.4870000,1200,0,0,2026-09-21 21:22:42.4870000,51.933330,48.800000
2514580,"Sobolevo",2665,192,"39U","39U2H2S2Q",1,2026-09-21 21:22:47.8530000,1200,0,0,2026-09-21 21:22:47.8530000,51.933330,51.716670
2362595,"Paris",955,75,"31U","31U2H5S3Q",3,2022-09-21 21:28:19.0530000,0,87498,18850889,2026-09-21 21:22:59.9230000,48.853410,2.348800
145622,"Papa",3730,244,"02L","02L2H1S4Q",2,2026-09-21 21:23:05.4700000,0,524,0,2026-09-21 21:23:05.4700000,-13.772020,-172.365150
145868,"Satufiauta",3729,244,"02L","02L2H1S4Q",2,2026-09-21 21:23:15.2730000,0,524,0,2026-09-21 21:23:15.2730000,-13.755270,-172.352290
145862,"Vaegauta",3729,244,"02L","02L2H1S4Q",2,2026-09-21 21:23:21.1970000,0,522,0,2026-09-21 21:23:21.1970000,-13.755740,-172.333930
2514581,"Sergiyevka",2665,192,"39U","39U2H2S2Q",1,2026-09-21 21:23:56.7670000,1200,0,0,2026-09-21 21:23:56.7670000,51.933330,51.900000
105707,"Andranomaitso",1878,143,"39K","39K1H1S1Q",2,2026-09-21 21:24:44.3630000,0,741,0,2026-09-21 21:24:44.3630000,-16.916670,48.216670
106746,"Anivorano",1878,143,"39K","39K1H1S1Q",2,2026-09-21 21:24:47.4300000,0,741,0,2026-09-21 21:24:47.4330000,-16.816670,48.183330
106055,"Ambodivoasary",1878,143,"39K","39K1H1S1Q",2,2026-09-21 21:24:51.0100000,0,741,0,2026-09-21 21:24:51.0100000,-16.883330,48.133330
105528,"Ampandrabe",1878,143,"39K","39K1H1S1Q",2,2026-09-21 21:24:55.5100000,0,741,0,2026-09-21 21:24:55.5100000,-16.933330,48.150000
105178,"Beaokaoka",1878,143,"39K","39K1H1S1Q",2,2026-09-21 21:24:59.4300000,0,741,0,2026-09-21 21:24:59.4300000,-16.966670,48.166670
104994,"Andrahabarana",1878,143,"39K","39K1H1S1Q",2,2026-09-21 21:25:26.4570000,0,741,0,2026-09-21 21:25:26.4570000,-16.983330,48.150000
2529821,"Langewand",707,57,"32U","32U1H5S3Q",3,2026-09-21 21:26:11.9530000,0,0,722,2026-09-21 21:26:11.9530000,52.250000,8.583330
2529820,"Hingsthorst",707,57,"32U","32U1H5S3Q",3,2026-09-21 21:26:20.0230000,0,0,997,2026-09-21 21:26:20.0230000,52.250000,8.566670
2529819,"Dono",707,57,"32U","32U1H5S3Q",3,2026-09-21 21:26:23.2630000,0,0,997,2026-09-21 21:26:23.2630000,52.250000,8.550000
2529818,"Holzel",707,57,"32U","32U1H5S3Q",3,2026-09-21 21:26:26.7470000,0,0,997,2026-09-21 21:26:26.7470000,52.250000,8.533330
2050345,"Blanes",909,68,"31T","31T2H5S1Q",3,2023-04-07 01:12:30.9830000,0,12194,1079545,2026-09-21 21:26:32.5570000,41.674190,2.790360
145609,"Satufia",3729,244,"02L","02L2H1S4Q",2,2026-09-21 21:26:49.4100000,0,522,0,2026-09-21 21:26:49.4100000,-13.773450,-172.327690
2316940,"Seewalchen",133,12,"33T","33T1H1S2Q",1,2026-09-21 21:28:31.4170000,7128,0,0,2026-09-21 21:29:08.8500000,47.950000,13.583330
2317519,"Steindorf",133,12,"33T","33T1H1S2Q",1,2026-09-21 21:29:37.7530000,1844,0,0,2026-09-21 21:29:37.7530000,47.966190,13.570600
2103639,"Cow Creek",3576,233,"10T","10T2H2S3Q",2,2026-09-21 21:29:50.5200000,0,2336,0,2026-09-21 21:29:51.7730000,42.856500,-123.597570
1395358,"Mount Gainor",3549,233,"14R","14R1H2S4Q",3,2026-02-12 00:12:20.1730000,0,517,1821321,2026-09-21 21:30:06.2930000,30.143820,-98.135010
1385237,"Centex",3549,233,"14R","14R1H6S1Q",3,2025-11-25 16:01:24.5100000,0,0,1716913,2026-09-21 21:30:06.8900000,29.902160,-97.914730
2298798,"Mutten",715,57,"32T","32T1H3S1Q",3,2024-10-06 04:43:35.2170000,0,0,20778,2026-09-21 21:30:08.4530000,47.583330,10.033330
2325939,"Bretland",3578,233,"10U","10U2H5S4Q",2,2014-04-30 05:59:47.4100000,0,1072365,0,2026-09-21 21:30:28.8130000,48.122040,-122.425980
2118767,"Green",3576,233,"10T","10T2H2S1Q",2,2026-09-21 21:30:32.9700000,0,1455,0,2026-09-21 21:30:34.2530000,43.150710,-123.385700
2119047,"Green",3576,233,"10T","10T2H2S1Q",2,2026-09-21 21:30:40.2730000,0,345,0,2026-09-21 21:30:40.2730000,43.160390,-123.367850
2791432,"Matinkyla",927,70,"35V","35V1H4S3Q",2,2014-09-22 17:49:11.6300000,0,906026,0,2026-09-21 21:31:22.4630000,60.158850,24.742410
2529825,"Stiftsfeld",707,57,"32U","32U1H5S3Q",1,2026-09-21 21:31:32.6900000,805,0,0,2026-09-21 21:31:32.6900000,52.250000,8.616670
2124257,"Roseburg North",3576,233,"10T","10T2H2S1Q",2,2026-09-21 21:31:32.2830000,0,1484,0,2026-09-21 21:31:34.5070000,43.264520,-123.303310
2529826,"Hokenbrugge",707,57,"32U","32U1H5S3Q",1,2026-09-21 21:31:35.8770000,792,0,0,2026-09-21 21:31:35.8770000,52.250000,8.633330
478185,"Najurungo",830,63,"17N","17N2H6S2Q",3,2026-09-21 21:31:40.4770000,0,0,1200,2026-09-21 21:31:40.4770000,1.183060,-78.810830
478187,"Las Juntas",830,63,"17N","17N2H6S2Q",3,2026-09-21 21:31:44.0000000,0,0,1200,2026-09-21 21:31:44.0000000,1.183330,-78.800000
2316941,"Kammer",133,12,"33T","33T1H1S2Q",1,2026-09-21 21:31:14.4570000,1190,0,0,2026-09-21 21:31:45.8030000,47.950000,13.600000
479238,"La Guarapera",830,63,"17N","17N2H6S2Q",3,2026-09-21 21:31:47.6000000,0,0,1200,2026-09-21 21:31:47.6000000,1.266670,-78.803890
478154,"Calderon",830,63,"17N","17N2H6S2Q",3,2026-09-21 21:31:51.6000000,0,0,1200,2026-09-21 21:31:51.6030000,1.178610,-78.765280
479221,"Robalino",830,63,"17N","17N2H6S2Q",3,2026-09-21 21:31:54.9530000,0,0,1200,2026-09-21 21:31:54.9530000,1.263060,-78.740280
478138,"Ricaurte",830,63,"17N","17N2H6S2Q",3,2026-09-21 21:31:58.0900000,0,0,1200,2026-09-21 21:31:58.0900000,1.176390,-78.728610
2125078,"Winchester",3576,233,"10T","10T2H2S1Q",2,2026-09-21 21:31:58.5200000,0,1487,0,2026-09-21 21:32:02.1300000,43.280120,-123.353690
479005,"La Sabalera",830,63,"17N","17N2H6S2Q",3,2026-09-21 21:32:05.8530000,0,0,1200,2026-09-21 21:32:05.8530000,1.248060,-78.750000
478579,"Guarumo",830,63,"17N","17N2H6S2Q",3,2026-09-21 21:32:10.9900000,0,0,1200,2026-09-21 21:32:10.9900000,1.210560,-78.738060
2127265,"Wilbur",3576,233,"10T","10T2H2S1Q",2,2026-09-21 21:32:11.0000000,0,829,0,2026-09-21 21:32:11.0000000,43.320950,-123.340630
2121451,"Dixonville",3576,233,"10T","10T2H2S1Q",2,2026-09-21 21:33:03.5030000,0,1471,0,2026-09-21 21:33:04.7970000,43.207620,-123.241180
2115539,"Round Prairie",3576,233,"10T","10T2H2S1Q",2,2026-09-21 21:33:11.0300000,0,328,0,2026-09-21 21:33:11.0300000,43.088170,-123.369510
2100495,"Azalea",3576,233,"10T","10T2H2S3Q",2,2026-09-21 21:33:22.8430000,0,2420,0,2026-09-21 21:33:24.2230000,42.795400,-123.260340
2514582,"Novaya Zhizn'",2665,192,"39U","39U2H2S2Q",1,2026-09-21 21:33:25.7070000,1200,0,0,2026-09-21 21:33:25.7070000,51.933330,51.933330
2099657,"Galesville",3576,233,"10T","10T2H2S3Q",2,2026-09-21 21:33:31.4300000,0,2444,0,2026-09-21 21:33:33.2930000,42.778180,-123.295900
2208625,"Dayton",3558,233,"15T","15T1H5S1Q",2,2016-07-08 00:22:24.4230000,0,3510160,0,2026-09-21 21:33:41.9870000,45.243850,-93.514960
2112045,"Myrtle Creek",3576,233,"10T","10T2H2S1Q",2,2026-09-21 21:33:41.8300000,0,1426,0,2026-09-21 21:33:43.0100000,43.020120,-123.293120
2514583,"Novoaleksandrovka",2665,192,"39U","39U2H3S1Q",1,2026-09-21 21:33:44.8000000,1200,0,0,2026-09-21 21:33:44.8000000,51.933330,52.416670
2514584,"Miroshkino",2665,192,"39U","39U2H3S1Q",1,2026-09-21 21:33:50.7570000,1200,0,0,2026-09-21 21:33:50.7570000,51.933330,52.450000
2514586,"Ol'khovka",2665,192,"40U","40U2H1S1Q",1,2026-09-21 21:33:55.6930000,1200,0,0,2026-09-21 21:33:55.6930000,51.933330,54.533330
2111314,"Weaver",3576,233,"10T","10T2H2S1Q",2,2026-09-21 21:34:05.8870000,0,1422,0,2026-09-21 21:34:06.9100000,43.007620,-123.310620
2110522,"Tri-City",3576,233,"10T","10T2H2S3Q",2,2026-09-21 21:34:13.6100000,0,1415,0,2026-09-21 21:34:15.8500000,42.990040,-123.300150
2110352,"Tri-City",3576,233,"10T","10T2H2S3Q",2,2026-09-21 21:34:22.7770000,0,1415,0,2026-09-21 21:34:23.7770000,42.984560,-123.311730
2312869,"Butyka Sor",1205,100,"34T","34T1H2S2Q",2,2017-03-26 14:22:50.5700000,0,403507,81300,2026-09-21 21:34:36.3300000,47.866670,21.716670
2109917,"Tri City",3576,233,"10T","10T2H2S3Q",2,2026-09-21 21:34:34.6730000,0,1415,0,2026-09-21 21:34:37.1430000,42.980670,-123.323120
13045,"Pennant Hills",143,13,"56H","56H1H1S4Q",3,2016-09-23 09:55:58.6270000,0,0,2515922,2026-09-21 21:34:49.5870000,-33.737830,151.072160
2108693,"Surprise Valley",3576,233,"10T","10T2H2S3Q",2,2026-09-21 21:34:50.8670000,0,1432,0,2026-09-21 21:34:52.9600000,42.954010,-123.309510
61517,"Canani",112,10,"20K","20K2H4S2Q",2,2026-09-21 21:34:57.1400000,0,779,0,2026-09-21 21:34:57.1400000,-22.316670,-64.883330
13228,"Asquith",143,13,"56H","56H1H1S4Q",3,2016-09-28 07:07:17.3570000,0,517,1200736,2026-09-21 21:35:03.3430000,-33.683330,151.100000
2108608,"Riddle",3576,233,"10T","10T2H2S3Q",2,2026-09-21 21:35:00.4000000,0,1404,0,2026-09-21 21:35:03.7900000,42.950950,-123.364230
2222701,"Galliera Veneta",1366,110,"32T","32T1H6S2Q",2,2017-01-31 05:32:41.8900000,0,199186,0,2026-09-21 21:35:05.3370000,45.663500,11.830900
2514589,"Voroshilov",2665,192,"40U","40U2H1S2Q",1,2026-09-21 21:35:08.1600000,1200,0,0,2026-09-21 21:35:08.1600000,51.933330,55.883330
62632,"El Sauzal",347,29,"20K","20K2H4S2Q",2,2026-09-21 21:35:09.6430000,182,1086,0,2026-09-21 21:35:09.6430000,-22.133330,-64.700000
145636,"Vaega",3729,244,"02L","02L2H1S4Q",2,2026-09-21 21:35:09.9200000,0,522,0,2026-09-21 21:35:09.9200000,-13.770060,-172.326660
62444,"El Volcan",347,29,"20K","20K2H4S2Q",2,2026-09-21 21:35:13.8800000,179,1085,0,2026-09-21 21:35:13.8800000,-22.166670,-64.700000
2107203,"Canyonville",3576,233,"10T","10T2H2S3Q",2,2026-09-21 21:35:13.0730000,0,1407,0,2026-09-21 21:35:15.6470000,42.927340,-123.281170
62949,"La Merced",347,29,"20K","20K2H4S2Q",2,2026-09-21 21:35:17.6900000,188,1086,0,2026-09-21 21:35:17.6900000,-22.083330,-64.683330
12943,"Northmead",143,13,"56H","56H1H1S3Q",3,2013-03-12 02:25:38.7700000,0,0,12007838,2026-09-21 21:35:18.5370000,-33.783330,150.983330
63227,"Rancho Campanario",347,29,"20K","20K2H4S2Q",2,2026-09-21 21:35:23.0100000,193,1086,0,2026-09-21 21:35:23.0100000,-22.033330,-64.666670
2108673,"Gazley",3576,233,"10T","10T2H2S3Q",2,2026-09-21 21:35:24.5630000,0,2272,0,2026-09-21 21:35:25.8100000,42.953450,-123.242840
12942,"Toongabbie",143,13,"56H","56H1H1S3Q",3,2016-04-09 23:26:58.5170000,0,0,8189648,2026-09-21 21:35:26.3500000,-33.783330,150.950000
12946,"Carlingford",143,13,"56H","56H1H1S4Q",3,2013-02-04 19:58:49.7400000,0,0,12002690,2026-09-21 21:35:35.0400000,-33.782690,151.048880
2525589,"Niederschlochtern",708,57,"32U","32U1H5S3Q",1,2026-09-21 21:35:35.2700000,1063,0,0,2026-09-21 21:35:35.2700000,52.166670,8.316670
145790,"Satupaitea",3729,244,"02L","02L2H1S4Q",2,2026-09-21 21:35:45.8900000,0,522,0,2026-09-21 21:35:45.8900000,-13.765930,-172.326860
2526406,"Gross Aschen",708,57,"32U","32U1H5S3Q",1,2026-09-21 21:35:47.6200000,629,266,0,2026-09-21 21:35:47.6200000,52.183330,8.500000
12948,"Epping",143,13,"56H","56H1H1S4Q",3,2015-01-01 20:48:21.2900000,0,0,12005840,2026-09-21 21:35:47.8030000,-33.772710,151.081840
1844117,"El Cerrito",3567,233,"10S","10S1H5S2Q",2,2025-08-01 12:23:41.0230000,0,3765896,30555,2026-09-21 21:35:52.2700000,37.915760,-122.311640
12857,"Lane Cove",143,13,"56H","56H1H1S4Q",2,2026-09-15 04:55:14.7530000,0,3083357,0,2026-09-21 21:36:08.8430000,-33.816670,151.166670
2523997,"Zamosc",2440,180,"34U","34U1H5S4Q",2,2021-10-20 03:30:45.9770000,0,677619,0,2026-09-21 21:36:15.7570000,52.133330,21.116670
145806,"Pitonuu",3729,244,"02L","02L2H1S4Q",2,2026-09-21 21:37:02.5230000,0,522,0,2026-09-21 21:37:02.5230000,-13.762940,-172.324010
145852,"Mosula",3729,244,"02L","02L2H1S4Q",2,2026-09-21 21:37:15.4270000,0,522,0,2026-09-21 21:37:15.4270000,-13.756620,-172.321900
145865,"Vailoa",3730,244,"02L","02L2H1S4Q",2,2026-09-21 21:37:33.0900000,0,522,0,2026-09-21 21:37:33.0900000,-13.755510,-172.306980
145853,"Nu'ualofa",3730,244,"02L","02L2H1S4Q",2,2026-09-21 21:37:37.5800000,0,522,0,2026-09-21 21:37:37.5800000,-13.756520,-172.305870
145838,"Vaito`omuli",3730,244,"02L","02L2H1S4Q",2,2026-09-21 21:37:42.0100000,0,520,0,2026-09-21 21:37:42.0100000,-13.758040,-172.302670
1592826,"Artesia",3567,233,"11S","11S2H4S2Q",3,2013-05-23 07:35:45.0000000,720,0,1180659,2026-09-21 21:38:09.0370000,33.865850,-118.083120
1612006,"Brents Junction",3567,233,"11S","11S2H1S4Q",1,2026-09-21 02:39:24.1130000,1916,0,0,2026-09-21 21:38:29.7670000,34.148340,-118.697870
1606326,"Malibu Bowl",3567,233,"11S","11S2H1S4Q",1,2026-09-20 05:59:57.9770000,1978,0,0,2026-09-21 21:38:34.0730000,34.061120,-118.740370
2214063,"Vaudreuil-Dorion",459,38,"18T","18T1H5S2Q",1,2026-07-02 19:24:19.4530000,400228,0,0,2026-09-21 21:39:51.7970000,45.400080,-74.032510
1519836,"Lancaster",3549,233,"14S","14S2H6S4Q",3,2023-11-06 10:31:57.8870000,0,0,3698735,2026-09-21 21:40:07.6970000,32.592080,-96.756110
145837,"Palauli",3730,244,"02L","02L2H1S4Q",2,2026-09-21 21:40:07.9430000,0,520,0,2026-09-21 21:40:07.9430000,-13.758590,-172.298580
145839,"Faaala",3730,244,"02L","02L2H1S4Q",2,2026-09-21 21:40:33.8070000,0,520,0,2026-09-21 21:40:33.8070000,-13.757920,-172.292880
2528940,"Haver",707,57,"32U","32U1H5S3Q",3,2026-09-21 21:40:40.2800000,0,0,1011,2026-09-21 21:40:40.2800000,52.233330,8.666670
2528942,"Ulenburg",707,57,"32U","32U1H5S3Q",3,2026-09-21 21:40:44.3630000,0,0,1010,2026-09-21 21:40:44.3630000,52.233330,8.683330
146048,"Maota",3730,244,"02L","02L2H1S4Q",2,2026-09-21 21:40:44.7530000,0,519,0,2026-09-21 21:40:44.7530000,-13.746500,-172.264220
2528943,"Halstern",707,57,"32U","32U1H5S3Q",3,2026-09-21 21:40:48.5030000,0,0,1024,2026-09-21 21:40:48.5030000,52.233330,8.700000
2528939,"Funfhausen",707,57,"32U","32U1H5S3Q",3,2026-09-21 21:40:52.3470000,0,0,1021,2026-09-21 21:40:52.3470000,52.233330,8.650000
145648,"Salalologa New Township",3733,244,"02L","02L2H1S4Q",2,2026-09-21 21:40:55.3170000,0,518,0,2026-09-21 21:40:55.3170000,-13.768910,-172.222230
2528937,"Stift Quernheim",707,57,"32U","32U1H5S3Q",3,2026-09-21 21:40:56.6070000,627,0,996,2026-09-21 21:40:56.6070000,52.233330,8.633330
2528936,"Reinkenort",707,57,"32U","32U1H5S3Q",3,2026-09-21 21:41:08.0400000,0,0,947,2026-09-21 21:41:08.0400000,52.233330,8.616670
145342,"Tafua",3730,244,"02L","02L2H1S4Q",2,2026-09-21 21:41:16.5100000,0,519,0,2026-09-21 21:41:16.5100000,-13.792700,-172.253800
2532178,"Ermelo",2273,167,"31U","31U1H6S4Q",1,2015-03-20 15:16:39.3900000,92532622,0,0,2026-09-21 21:41:25.1500000,52.298330,5.622220
146947,"Uliamoa",3730,244,"02L","02L2H1S4Q",2,2026-09-21 21:41:32.7630000,0,522,0,2026-09-21 21:41:32.7630000,-13.683330,-172.316670
2514590,"Kurman-Ovrag",2665,192,"40U","40U2H2S1Q",1,2026-09-21 21:41:58.2330000,1200,0,0,2026-09-21 21:41:58.2330000,51.933330,56.233330
106370,"Andranokely",1878,143,"39K","39K1H1S1Q",2,2026-09-21 21:42:07.8430000,0,741,0,2026-09-21 21:42:07.8430000,-16.850000,48.066670
2514591,"Sergeyevka",2665,192,"40U","40U2H2S1Q",1,2026-09-21 21:42:10.1030000,1200,0,0,2026-09-21 21:42:10.1030000,51.933330,56.650000
108325,"Manakana",1878,143,"39K","39K1H1S1Q",2,2026-09-21 21:42:11.9530000,0,741,0,2026-09-21 21:42:11.9530000,-16.683330,48.300000
108701,"Ambodimadiro",1878,143,"39K","39K1H1S1Q",2,2026-09-21 21:42:15.3430000,46,300,0,2026-09-21 21:42:15.3470000,-16.650000,48.283330
2514592,"Sergashinskiy",2696,192,"40U","40U2H2S2Q",1,2026-09-21 21:42:15.9700000,1200,0,0,2026-09-21 21:42:15.9700000,51.933330,57.383330
109096,"Miarinarivo",1878,143,"39K","39K1H1S1Q",2,2026-09-21 21:42:18.5570000,0,741,0,2026-09-21 21:42:18.5570000,-16.616670,48.250000
109308,"Bemarivo",1878,143,"39K","39K1H1S1Q",2,2026-09-21 21:42:21.9830000,0,741,0,2026-09-21 21:42:21.9830000,-16.600000,48.250000
109530,"Ambodiadabo",1878,143,"39K","39K1H1S1Q",2,2026-09-21 21:42:29.5200000,0,741,0,2026-09-21 21:42:29.5200000,-16.583330,48.233330
110378,"Ambatovoay Sud",1878,143,"39K","39K1H1S1Q",2,2026-09-21 21:42:32.5870000,0,741,0,2026-09-21 21:42:32.5870000,-16.516670,48.233330
109529,"Marokoro",1878,143,"39K","39K1H1S1Q",2,2026-09-21 21:42:38.0730000,0,741,0,2026-09-21 21:42:38.0730000,-16.583330,48.216670
148013,"Punaiseesee",3733,244,"02L","02L2H1S4Q",2,2026-09-21 21:43:27.5030000,0,522,0,2026-09-21 21:43:27.5030000,-13.628400,-172.275200
2114868,"Spring Lake",3557,233,"16T","16T2H2S2Q",1,2018-02-03 02:15:53.3600000,3680468,0,0,2026-09-21 21:44:16.7270000,43.076960,-86.197000
2527225,"Ahle",707,57,"32U","32U1H5S3Q",1,2026-09-21 21:44:33.2330000,883,208,0,2026-09-21 21:44:33.2330000,52.200000,8.516670
2527231,"Uhlenbrock",707,57,"32U","32U1H5S3Q",1,2026-09-21 21:44:37.5570000,1077,0,0,2026-09-21 21:44:37.5570000,52.200000,8.533330
2527232,"Oberennigloh",707,57,"32U","32U1H5S3Q",1,2026-09-21 21:44:41.7070000,1058,0,0,2026-09-21 21:44:41.7070000,52.200000,8.550000
1601338,"West Whittier",3567,233,"11S","11S2H4S2Q",3,2014-10-25 01:09:27.4630000,360,0,1426708,2026-09-21 21:44:42.0570000,33.988620,-118.057010
1823096,"Redwood Shores",3567,233,"10S","10S1H5S2Q",1,2025-01-09 22:39:58.7830000,3291698,0,517,2026-09-21 21:44:56.9600000,37.531880,-122.248020
2505866,"Quellendorf",703,57,"33U","33U2H1S1Q",2,2026-09-21 21:45:28.0400000,568,1041,0,2026-09-21 21:45:28.0400000,51.750000,12.133330
2505867,"Diesdorf",703,57,"33U","33U2H1S1Q",2,2026-09-21 21:45:35.2770000,0,1126,0,2026-09-21 21:45:35.2770000,51.750000,12.150000
2505116,"Hoyersdorf",703,57,"33U","33U2H1S1Q",2,2026-09-21 21:45:41.7500000,1065,1185,0,2026-09-21 21:45:41.7500000,51.733330,12.183330
109730,"Ampondrabe",1878,143,"39K","39K1H1S1Q",2,2026-09-21 21:46:11.8300000,0,741,0,2026-09-21 21:46:11.8300000,-16.566670,48.200000
110377,"Ambatomainty",1878,143,"39K","39K1H1S1Q",2,2026-09-21 21:46:15.5970000,0,741,0,2026-09-21 21:46:15.5970000,-16.516670,48.183330
109095,"Ambolomborona",1878,143,"39K","39K1H1S1Q",2,2026-09-21 21:46:21.0470000,0,741,0,2026-09-21 21:46:21.0470000,-16.616670,48.183330
108700,"Ambodivoasary",1878,143,"39K","39K1H1S1Q",2,2026-09-21 21:46:55.6830000,0,741,0,2026-09-21 21:46:55.6830000,-16.650000,48.216670
1410744,"Jonestown",3549,233,"14R","14R1H3S3Q",2,2024-09-23 03:09:23.2970000,0,9064720,0,2026-09-21 21:46:56.9670000,30.495470,-97.923350
2504346,"Tornau",703,57,"33U","33U2H1S1Q",2,2026-09-21 21:47:21.3230000,0,1510,0,2026-09-21 21:47:21.3230000,51.716670,12.183330
1905074,"Tahoma Meadows",3567,233,"10S","10S1H3S2Q",3,2026-09-21 21:47:35.3630000,0,0,1056,2026-09-21 21:47:35.3630000,39.065190,-120.147970
1905322,"Tahoma",3567,233,"10S","10S1H3S2Q",3,2026-09-21 21:47:40.0530000,0,0,5248,2026-09-21 21:47:48.7700000,39.067410,-120.128240
108511,"Amparatsiraka",1878,143,"39K","39K1H1S1Q",2,2026-09-21 21:49:56.0930000,0,741,0,2026-09-21 21:49:56.0930000,-16.666670,48.233330
108324,"Fiadanana",1878,143,"39K","39K1H1S1Q",2,2026-09-21 21:50:06.0930000,0,741,0,2026-09-21 21:50:06.0930000,-16.683330,48.233330
62053,"Sidras",347,29,"20K","20K2H4S2Q",2,2026-09-21 21:50:09.8170000,0,742,0,2026-09-21 21:50:09.8200000,-22.233330,-64.583330
61869,"Coyambuyo",347,29,"20K","20K2H4S2Q",2,2026-09-21 21:50:12.8300000,0,742,0,2026-09-21 21:50:12.8300000,-22.266670,-64.583330
2084475,"Stockbridge",3557,233,"16T","16T2H3S4Q",1,2026-02-08 14:04:45.7130000,900549,0,0,2026-09-21 21:50:19.7800000,42.451150,-84.180510
61634,"Arenal",347,29,"20K","20K2H4S2Q",2,2026-09-21 21:50:21.3730000,0,741,0,2026-09-21 21:50:21.3730000,-22.300000,-64.516670
61632,"Toldos",112,10,"20K","20K2H4S2Q",2,2026-09-21 21:50:28.9130000,0,961,0,2026-09-21 21:50:28.9130000,-22.300000,-64.683330
2083889,"Williamsville",3557,233,"16T","16T2H3S4Q",1,2016-05-03 03:32:34.6430000,1223253,2472,0,2026-09-21 21:50:34.5200000,42.438920,-84.096620
55543,"El Abra",112,10,"20K","20K2H4S4Q",2,2026-09-21 21:50:43.4600000,0,741,0,2026-09-21 21:50:43.4600000,-23.100000,-64.350000
2298797,"Wolfsried",715,57,"32T","32T1H3S1Q",3,2024-10-07 07:08:24.8200000,0,0,23280,2026-09-21 21:51:29.6000000,47.583330,10.016670
2030337,"Green Meadows",3559,233,"14T","14T2H6S2Q",2,2025-08-01 07:18:21.2730000,0,1114319,0,2026-09-21 21:52:44.3070000,41.278890,-96.128910
1577138,"Fairview Commons",3539,233,"17S","17S2H4S1Q",3,2026-09-21 21:37:53.4100000,105180837,1377,105189971,2026-09-21 21:55:42.2700000,33.611220,-83.943520
2514593,"Yumaguzino",2696,192,"40U","40U2H3S1Q",1,2026-09-21 21:57:00.4570000,1200,0,0,2026-09-21 21:57:00.4570000,51.933330,58.600000
2514600,"Imeni Mamontova",2715,192,"44U","44U2H2S2Q",1,2026-09-21 21:57:13.1030000,1200,0,0,2026-09-21 21:57:13.1030000,51.933330,81.733330
2514602,"Verkhnyaya Solonovka",2715,192,"45U","45U2H1S1Q",1,2026-09-21 21:57:17.3100000,1200,0,0,2026-09-21 21:57:17.3100000,51.933330,84.483330
2514603,"Ustaurikha",2715,192,"45U","45U2H1S1Q",1,2026-09-21 21:57:21.5970000,1200,0,0,2026-09-21 21:57:21.5970000,51.933330,84.866670
1520379,"Steamboat Landing",3547,233,"17S","17S2H5S4Q",2,2026-08-10 12:32:40.6430000,0,70028,0,2026-09-21 21:57:21.6630000,32.602130,-80.292880
2514604,"Razvedka",2715,192,"45U","45U2H1S2Q",1,2026-09-21 21:57:31.6600000,1200,0,0,2026-09-21 21:57:31.6600000,51.933330,85.216670
2796505,"Paimio",929,70,"34V","34V1H6S3Q",1,2013-11-29 07:31:46.4600000,108109,0,10200,2026-09-21 21:57:36.8770000,60.456710,22.686940
2796698,"Pyoli",929,70,"34V","34V1H6S3Q",1,2013-12-03 20:06:45.1530000,19188,0,300,2026-09-21 21:58:22.8400000,60.466670,22.733330
1964321,"Linworth",3563,233,"17T","17T2H4S3Q",1,2026-09-17 09:47:41.4430000,15509,0,0,2026-09-21 21:58:44.1400000,40.090060,-83.049070
478976,"La Florida",830,63,"17N","17N2H6S2Q",3,2026-09-21 21:58:56.8670000,0,0,1200,2026-09-21 21:58:56.8670000,1.240560,-78.772500
479764,"San Antonio",830,63,"17N","17N2H6S2Q",3,2026-09-21 21:59:04.1100000,0,0,1200,2026-09-21 21:59:04.1100000,1.301110,-78.787220
479780,"Cia Cayapas",830,63,"17N","17N2H6S2Q",3,2026-09-21 21:59:07.7670000,0,0,1200,2026-09-21 21:59:07.7670000,1.302500,-78.791390
2796240,"Vista",929,70,"34V","34V1H6S3Q",1,2013-12-10 20:36:40.9570000,254648,0,900,2026-09-21 21:59:09.6570000,60.444430,22.714920
479642,"Chimbocal",830,63,"17N","17N2H6S2Q",3,2026-09-21 21:59:11.6530000,0,0,1200,2026-09-21 21:59:11.6530000,1.300000,-78.833330
480741,"La Loma",830,63,"17N","17N2H6S2Q",3,2026-09-21 21:59:15.6770000,0,0,1200,2026-09-21 21:59:15.6770000,1.367780,-78.815000
480607,"El Viento",830,63,"17N","17N2H6S2Q",3,2026-09-21 21:59:19.2370000,0,0,1200,2026-09-21 21:59:19.2370000,1.366390,-78.835830
480572,"Tatabrero",830,63,"17N","17N2H6S2Q",3,2026-09-21 21:59:22.4470000,0,0,1200,2026-09-21 21:59:22.4470000,1.360560,-78.865830
480969,"Campanita",830,63,"17N","17N2H6S2Q",3,2026-09-21 21:59:32.8230000,0,0,1200,2026-09-21 21:59:32.8230000,1.388610,-78.777780
2794919,"Poyla",929,70,"34V","34V1H6S3Q",1,2013-12-17 19:51:02.4100000,114937,0,600,2026-09-21 21:59:33.4470000,60.366670,22.850000
2527233,"Blanken",707,57,"32U","32U1H5S3Q",1,2026-09-21 21:59:36.2130000,1058,0,0,2026-09-21 21:59:36.2130000,52.200000,8.566670
2527234,"Buende",707,57,"32U","32U1H5S3Q",1,2026-09-21 21:59:40.9170000,1058,0,0,2026-09-21 21:59:40.9170000,52.200000,8.583330
2527235,"Sudbrock",707,57,"32U","32U1H5S3Q",1,2026-09-21 21:59:47.4130000,847,0,0,2026-09-21 21:59:47.4130000,52.200000,8.600000
2527236,"Sudlengerheide",707,57,"32U","32U1H5S3Q",1,2026-09-21 21:59:51.8530000,847,0,0,2026-09-21 21:59:51.8530000,52.200000,8.616670
2527238,"Kirchlengern",707,57,"32U","32U1H5S3Q",1,2026-09-21 21:59:57.0300000,795,0,0,2026-09-21 21:59:57.0300000,52.200000,8.633330
2527240,"Obernackern",707,57,"32U","32U1H5S3Q",1,2026-09-21 22:00:01.8430000,795,0,0,2026-09-21 22:00:01.8430000,52.200000,8.650000
2151129,"Humber Grove",457,38,"17T","17T2H3S1Q",2,2026-05-06 21:27:59.2630000,0,2234197,0,2026-09-21 22:00:05.7630000,43.899380,-79.787860
2151867,"Cedar Mills",457,38,"17T","17T2H3S1Q",2,2026-09-02 21:53:42.3370000,0,62125,0,2026-09-21 22:00:24.0100000,43.916810,-79.799640
2505115,"Frassdorf",703,57,"33U","33U2H1S1Q",2,2026-09-21 22:01:00.4400000,0,1585,0,2026-09-21 22:01:00.4400000,51.733330,12.116670
2504342,"Repau",703,57,"33U","33U2H1S1Q",2,2026-09-21 22:01:03.9730000,772,780,0,2026-09-21 22:01:03.9730000,51.716670,12.066670
461429,"Millersville - pre-WW2 settlement",3530,232,"04M","04M1H1S2Q",2,2026-09-21 22:01:05.7000000,0,498,0,2026-09-21 22:01:05.7000000,-0.370270,-160.004530
2504344,"Meilendorf",703,57,"33U","33U2H1S1Q",2,2026-09-21 22:01:14.7170000,121,1035,0,2026-09-21 22:01:14.7170000,51.716670,12.100000
1914211,"Albin",3585,233,"17S","17S1H3S2Q",3,2025-03-07 23:41:09.4030000,68822,0,775411,2026-09-21 22:01:15.1470000,39.221770,-78.198610
2503616,"Posigk",703,57,"33U","33U2H1S1Q",2,2026-09-21 22:01:18.9130000,0,1051,0,2026-09-21 22:01:18.9130000,51.700000,12.083330
488467,"London Village",1498,118,"04N","04N2H6S1Q",2,2026-09-21 22:01:36.9570000,0,555,0,2026-09-21 22:01:36.9570000,1.984870,-157.475020
487719,"former Paris Village",1498,118,"04N","04N2H6S1Q",2,2026-09-21 22:01:42.2470000,0,1005,0,2026-09-21 22:01:42.2470000,1.933250,-157.491030
486830,"Poland Village",1498,118,"04N","04N2H6S1Q",2,2026-09-21 22:01:50.1400000,0,555,0,2026-09-21 22:01:50.1400000,1.864800,-157.551540
488662,"Tabwakea Village",1498,118,"04N","04N2H3S3Q",2,2026-09-21 22:01:50.8470000,0,539,0,2026-09-21 22:01:50.8470000,2.016430,-157.487730
488341,"Banana Village",1498,118,"04N","04N2H6S1Q",2,2026-09-21 22:01:55.8570000,0,654,0,2026-09-21 22:01:55.8570000,1.983290,-157.365260
12635,"Haymarket",143,13,"56H","56H1H1S4Q",3,2010-01-01 00:00:00.0000000,0,0,3326863,2026-09-21 22:02:01.6170000,-33.878680,151.205260
12634,"Chinatown",143,13,"56H","56H1H1S4Q",3,2016-04-26 08:41:44.3330000,0,0,4010986,2026-09-21 22:02:08.9530000,-33.878800,151.204000
12627,"Haberfield",143,13,"56H","56H1H1S4Q",3,2017-03-16 20:20:23.3000000,0,0,1529170,2026-09-21 22:02:16.5270000,-33.883330,151.200000
12581,"Chippendale",143,13,"56H","56H1H1S4Q",3,2017-08-11 21:51:22.3630000,0,0,1505841,2026-09-21 22:02:23.4270000,-33.886730,151.197450
12804,"Hunters Hill",143,13,"56H","56H1H1S4Q",3,2026-08-15 22:56:40.1500000,0,0,1500602,2026-09-21 22:02:47.2100000,-33.833330,151.140830
12745,"Canada Bay",143,13,"56H","56H1H1S4Q",3,2017-03-11 06:35:23.0400000,0,0,1107720,2026-09-21 22:02:55.8930000,-33.850000,151.150000
12109,"Menai",143,13,"56H","56H1H4S2Q",3,2016-06-02 23:49:14.4530000,0,1551,1009993,2026-09-21 22:03:20.7570000,-34.016670,151.016670
7912,"Tallangatta",140,13,"55H","55H2H2S2Q",2,2025-02-23 10:15:21.6570000,0,4130,2400,2026-09-21 22:03:24.6000000,-36.200000,147.250000
12110,"Woronora",143,13,"56H","56H1H4S2Q",3,2018-11-24 07:51:46.9500000,0,1634,1001742,2026-09-21 22:03:31.2200000,-34.016670,151.033330
1976150,"Hillymeade",3584,233,"18T","18T2H4S4Q",3,2024-08-03 08:05:02.1630000,176086,0,950636,2026-09-21 22:03:33.9130000,40.304260,-76.739690
2520255,"Racot",2451,180,"33U","33U1H6S3Q",2,2026-09-13 08:40:21.8570000,0,170854,6516,2026-09-21 22:04:38.2670000,52.058010,16.711420
55256,"Mision Zenta",112,10,"20K","20K2H4S4Q",2,2026-09-21 22:05:03.1070000,0,741,0,2026-09-21 22:05:03.1070000,-23.133330,-64.366670
55339,"San Ramon de la Nueva Oran",112,10,"20K","20K2H4S4Q",2,2026-09-21 22:05:05.5670000,0,741,0,2026-09-21 22:05:05.5670000,-23.132230,-64.325980
54138,"Tabacal",112,10,"20K","20K2H4S4Q",2,2026-09-21 22:05:08.3570000,0,826,0,2026-09-21 22:05:08.3570000,-23.266670,-64.250000
53655,"Pichanal",112,10,"20K","20K2H4S4Q",2,2026-09-21 22:05:12.8970000,0,828,0,2026-09-21 22:05:12.8970000,-23.316670,-64.216670
54137,"Cedro Solo",112,10,"20K","20K2H4S4Q",2,2026-09-21 22:05:24.7770000,0,741,0,2026-09-21 22:05:24.7770000,-23.266670,-64.416670
2635718,"Jordanstown",978,77,"30U","30U1H1S3Q",1,2024-11-21 23:13:17.7500000,173078,0,0,2026-09-21 22:07:07.0230000,54.683330,-5.900000
2140094,"Beechwood",3566,233,"16T","16T2H1S2Q",2,2026-06-07 05:46:46.9500000,402,2852,0,2026-09-21 22:07:21.4330000,43.592770,-88.120370
2408145,"Rudnik",2439,180,"34U","34U2H4S2Q",3,2017-09-24 16:15:28.9100000,0,0,1201149,2026-09-21 22:09:25.0970000,49.852430,19.847400
2553166,"Gaywood",979,77,"31U","31U1H4S3Q",2,2017-04-09 15:56:52.1270000,300,4222849,1286,2026-09-21 22:09:47.9470000,52.750000,0.433330
2739488,"Pechory",2661,192,"35V","35V2H5S2Q",2,2026-09-21 08:17:44.3170000,0,235814,0,2026-09-21 22:10:20.8300000,57.816420,27.611900
2524497,"Czempin",2451,180,"33U","33U1H6S3Q",2,2025-03-28 16:07:59.6800000,0,3175097,0,2026-09-21 22:11:22.7770000,52.144040,16.764080
2504341,"Libehna",703,57,"33U","33U2H1S1Q",2,2026-09-21 22:12:25.7100000,0,1380,0,2026-09-21 22:12:25.7100000,51.716670,12.050000
2505861,"Hohsdorf",703,57,"33U","33U2H1S1Q",2,2026-09-21 22:12:35.8230000,0,1023,1010,2026-09-21 22:12:35.8230000,51.750000,12.050000
12056,"Miranda",143,13,"56H","56H1H4S2Q",2,2026-07-13 21:42:21.4270000,0,4325136,0,2026-09-21 22:12:39.2030000,-34.033330,151.100000
108156,"Ambatolampy",1878,143,"39K","39K1H1S1Q",2,2026-09-21 22:12:44.8370000,0,741,0,2026-09-21 22:12:44.8370000,-16.700000,48.216670
2683530,"Cambus",977,77,"30V","30V2H5S3Q",1,2015-03-30 20:19:37.5600000,495270,0,0,2026-09-21 22:12:46.8170000,56.116670,-3.833330
108510,"Manompy Atsimo",1878,143,"39K","39K1H1S1Q",2,2026-09-21 22:12:49.4900000,0,741,0,2026-09-21 22:12:49.4900000,-16.666670,48.116670
108896,"Manizoizo",1878,143,"39K","39K1H1S1Q",2,2026-09-21 22:12:53.3830000,0,741,0,2026-09-21 22:12:53.3830000,-16.633330,48.100000
110376,"Ambararatabe",1878,143,"39K","39K1H1S1Q",2,2026-09-21 22:12:58.0430000,0,741,0,2026-09-21 22:12:58.0430000,-16.516670,48.116670
109957,"Ambodivoara",1878,143,"39K","39K1H1S1Q",2,2026-09-21 22:13:01.3170000,0,741,0,2026-09-21 22:13:01.3170000,-16.550000,48.050000
109307,"Tongadiahomana",1878,143,"39K","39K1H1S1Q",2,2026-09-21 22:13:05.4200000,0,741,0,2026-09-21 22:13:05.4200000,-16.600000,48.016670
109528,"Antsevakely",1878,143,"39K","39K1H1S1Q",2,2026-09-21 22:13:09.5930000,0,741,0,2026-09-21 22:13:09.5930000,-16.583330,48.033330
2498138,"Wettin",703,57,"32U","32U2H3S2Q",2,2026-09-21 22:13:10.6800000,0,1064,0,2026-09-21 22:13:10.6800000,51.583330,11.800000
109527,"Antsahabe",1878,143,"38K","38K1H3S2Q",2,2026-09-21 22:13:13.0200000,0,741,0,2026-09-21 22:13:13.0200000,-16.583330,47.983330
2498976,"Deutleben",703,57,"32U","32U2H3S2Q",1,2026-08-22 05:59:31.4400000,1167,1040,0,2026-09-21 22:13:16.1730000,51.600000,11.850000
1760223,"Gray Acres",3548,233,"17S","17S1H4S4Q",3,2022-10-18 14:09:02.2530000,0,0,185537,2026-09-21 22:13:16.5800000,36.523440,-82.188740
2252736,"Saxon",3566,233,"15T","15T1H3S4Q",3,2014-12-18 15:46:06.9570000,0,0,6473923,2026-09-21 22:13:25.0100000,46.493280,-90.414350
2514605,"Dubrovskiy",2713,192,"45U","45U2H1S2Q",1,2026-09-21 22:13:52.3300000,1200,0,0,2026-09-21 22:13:52.3300000,51.933330,85.833330
103098,"Amatomisankantsaha",1879,143,"39K","39K1H1S3Q",2,2026-09-21 22:14:07.3800000,0,741,0,2026-09-21 22:14:07.3800000,-17.166670,48.133330
2514606,"Bolshe-Ulalinskiy",2713,192,"45U","45U2H2S1Q",1,2026-09-21 22:14:07.8400000,1200,0,0,2026-09-21 22:14:07.8400000,51.933330,86.083330
2514607,"Verkhniy Sartakol",2713,192,"45U","45U2H2S1Q",1,2026-09-21 22:14:13.4000000,1200,0,0,2026-09-21 22:14:13.4000000,51.933330,86.900000
1902066,"Rubicon Properties",3567,233,"10S","10S1H3S2Q",3,2026-09-21 22:14:14.3800000,0,2311,3262,2026-09-21 22:14:14.3800000,39.013800,-120.117690
2514608,"Kovyl'",2713,192,"45U","45U2H2S1Q",1,2026-09-21 22:14:16.7400000,1200,0,0,2026-09-21 22:14:16.7400000,51.933330,86.950000
2514616,"Arbagar",2720,192,"50U","50U2H2S1Q",1,2026-09-21 22:14:20.1200000,1200,0,0,2026-09-21 22:14:20.1200000,51.933330,116.250000
1908658,"Timberland",3567,233,"10S","10S1H3S2Q",3,2026-09-21 22:14:20.6270000,0,0,1284,2026-09-21 22:14:20.6270000,39.127410,-120.165750
2514620,"Aktaguchi",2720,192,"50U","50U2H3S1Q",1,2026-09-21 22:14:23.4400000,1200,0,0,2026-09-21 22:14:23.4400000,51.933330,118.633330
1909731,"Talmont",3567,233,"10S","10S1H3S2Q",3,2026-09-21 22:14:23.4700000,0,0,1058,2026-09-21 22:14:23.4700000,39.144910,-120.166860
1844798,"Waldon",3567,233,"10S","10S1H5S2Q",2,2025-02-26 00:31:28.5900000,0,3116935,0,2026-09-21 22:15:17.9130000,37.926310,-122.055520
2514621,"Shcheglovka",2722,192,"52U","52U2H1S2Q",1,2026-09-21 22:15:25.1730000,1200,0,0,2026-09-21 22:15:25.1730000,51.933330,127.033330
2526408,"Hucker",707,57,"32U","32U1H5S3Q",1,2026-09-21 22:17:14.7670000,1057,0,0,2026-09-21 22:17:14.7670000,52.183330,8.516670
2526409,"Werfen",707,57,"32U","32U1H5S3Q",1,2026-09-21 22:17:19.9600000,1058,0,0,2026-09-21 22:17:19.9600000,52.183330,8.550000
2526410,"Hunnebrock",707,57,"32U","32U1H5S3Q",1,2026-09-21 22:17:23.0200000,847,0,0,2026-09-21 22:17:23.0200000,52.183330,8.566670
2526411,"Hunnebrockerheide",707,57,"32U","32U1H5S3Q",1,2026-09-21 22:17:26.0900000,846,0,0,2026-09-21 22:17:26.0900000,52.183330,8.583330
2526412,"Bustedt",707,57,"32U","32U1H5S3Q",1,2026-09-21 22:17:33.8600000,847,0,0,2026-09-21 22:17:33.8600000,52.183330,8.600000
2526413,"Brandhorst",707,57,"32U","32U1H5S3Q",1,2026-09-21 22:17:46.6400000,847,0,0,2026-09-21 22:17:46.6400000,52.183330,8.616670
2514622,"Zverikha",2722,192,"52U","52U2H2S1Q",1,2026-09-21 22:18:06.5400000,1200,0,0,2026-09-21 22:18:06.5400000,51.933330,128.516670
2164067,"Cadillac",3557,233,"16T","16T1H6S3Q",3,2026-04-20 08:53:31.8070000,7499,0,66761,2026-09-21 22:18:23.2270000,44.251950,-85.401160
2037658,"Kipps",3562,233,"18T","18T2H5S2Q",2,2026-09-21 22:18:15.7200000,0,2370,0,2026-09-21 22:18:23.9470000,41.425650,-74.294600
2050655,"Kiamesha Lake",3562,233,"18T","18T2H5S2Q",2,2026-09-21 22:18:38.6670000,0,772,0,2026-09-21 22:18:38.6670000,41.683150,-74.660720
2050152,"Thompsonville",3562,233,"18T","18T2H5S2Q",2,2026-09-21 22:18:45.0230000,0,1013,0,2026-09-21 22:18:45.0230000,41.668150,-74.625160
103458,"Andavakomby",1879,143,"39K","39K1H1S3Q",2,2026-09-21 22:18:54.7900000,0,741,0,2026-09-21 22:18:54.7900000,-17.133330,48.100000
103654,"Ambalaba",1879,143,"39K","39K1H1S3Q",2,2026-09-21 22:18:57.0200000,0,741,0,2026-09-21 22:18:57.0200000,-17.116670,48.100000
103842,"Marangibato",1879,143,"39K","39K1H1S3Q",2,2026-09-21 22:19:00.2270000,0,741,0,2026-09-21 22:19:00.2270000,-17.100000,48.066670
102922,"Ambodifarihy",1878,143,"39K","39K1H1S3Q",2,2026-09-21 22:19:07.3400000,0,741,0,2026-09-21 22:19:07.3400000,-17.183330,48.083330
53204,"Santa Rosa",112,10,"20K","20K2H4S4Q",2,2026-09-21 22:20:18.4130000,0,741,0,2026-09-21 22:20:18.4170000,-23.366670,-64.500000
52585,"Saucelito",112,10,"20K","20K2H4S4Q",2,2026-09-21 22:20:20.9370000,0,948,0,2026-09-21 22:20:20.9370000,-23.433330,-64.350000
51458,"Urundel",112,10,"20K","20K2H4S4Q",2,2026-09-21 22:20:24.0430000,0,823,0,2026-09-21 22:20:24.0430000,-23.550000,-64.416670
30797,"Slacks Creek",142,13,"56J","56J1H5S4Q",2,2024-09-16 22:50:41.4270000,62698,1919156,0,2026-09-21 22:20:26.1530000,-27.650000,153.150000
480999,"La Brea",615,49,"17N","17N2H6S2Q",3,2026-09-21 22:20:28.0800000,0,0,1200,2026-09-21 22:20:28.0800000,1.393330,-78.777220
50628,"Yuto",118,10,"20K","20K2H4S4Q",2,2026-09-21 22:20:28.5200000,0,856,0,2026-09-21 22:20:28.5200000,-23.633330,-64.466670
480975,"Garcia",615,49,"17N","17N2H6S2Q",3,2026-09-21 22:20:34.1630000,0,0,1200,2026-09-21 22:20:34.1630000,1.390000,-78.751110
480573,"Mataje",615,49,"17N","17N2H6S2Q",3,2026-09-21 22:20:38.2500000,0,0,1200,2026-09-21 22:20:38.2500000,1.360830,-78.732780
481426,"Pusbi",615,49,"17N","17N2H6S2Q",3,2026-09-21 22:20:42.6570000,0,0,1200,2026-09-21 22:20:42.6570000,1.428060,-78.738060
480369,"La Florida",615,49,"17N","17N2H6S2Q",3,2026-09-21 22:20:47.5670000,0,0,1200,2026-09-21 22:20:47.5670000,1.349440,-78.728610
480960,"La Balsa",615,49,"17N","17N2H6S2Q",3,2026-09-21 22:20:52.1070000,0,0,1200,2026-09-21 22:20:52.1070000,1.386940,-78.707500
480106,"Cabecera Salto",615,49,"17N","17N2H6S2Q",3,2026-09-21 22:20:56.3700000,0,0,1200,2026-09-21 22:20:56.3700000,1.330830,-78.689170
479809,"La Cabeza",615,49,"17N","17N2H6S2Q",3,2026-09-21 22:20:59.7730000,0,0,1200,2026-09-21 22:20:59.7730000,1.306670,-78.680560
2288232,"Woodmont Beach",3578,233,"10T","10T1H2S2Q",2,2024-07-06 18:07:52.0100000,0,1229694,0,2026-09-21 22:22:05.8900000,47.361490,-122.312070
2300883,"Bainbridge Island",3578,233,"10T","10T1H2S2Q",2,2021-11-09 05:30:26.3170000,0,1507873,0,2026-09-21 22:22:33.2270000,47.626210,-122.521240
2302580,"Rollingbay",3578,233,"10T","10T1H2S2Q",2,2013-05-10 14:42:43.7070000,0,2015308,0,2026-09-21 22:22:45.2800000,47.664540,-122.510130
2095808,"Sofia",283,22,"34T","34T2H3S4Q",1,2013-07-01 18:49:09.1830000,101536617,0,0,2026-09-21 22:22:51.2800000,42.697510,23.324150
2215189,"Merlino",1375,110,"32T","32T1H5S2Q",1,2025-09-29 20:07:33.2770000,90264,0,0,2026-09-21 22:22:52.5030000,45.433370,9.429850
2299997,"Lynwood Center",3578,233,"10T","10T1H2S2Q",2,2013-07-05 07:55:36.4370000,0,1222426,0,2026-09-21 22:23:02.9500000,47.604540,-122.547360
103097,"Beandrarezinkely",1879,143,"39K","39K1H1S3Q",2,2026-09-21 22:23:37.2070000,0,741,0,2026-09-21 22:23:37.2070000,-17.166670,48.066670
103265,"Ambodisakoana",1879,143,"39K","39K1H1S3Q",2,2026-09-21 22:23:40.7000000,0,741,0,2026-09-21 22:23:40.7000000,-17.150000,48.050000
103457,"Marosakoana",1879,143,"39K","39K1H1S3Q",2,2026-09-21 22:23:44.1370000,0,741,0,2026-09-21 22:23:44.1370000,-17.133330,48.033330
2514623,"Umal'tinski'y",2718,192,"53U","53U2H1S2Q",1,2026-09-21 22:24:04.7600000,1200,0,0,2026-09-21 22:24:04.7600000,51.933330,133.600000
2514645,"Georgiyevka",2657,192,"38U","38U2H3S2Q",1,2026-09-21 22:24:11.3270000,1200,0,0,2026-09-21 22:24:11.3270000,51.933800,47.275300
104005,"Ambodigayo",1879,143,"39K","39K1H1S3Q",2,2026-09-21 22:25:15.1300000,0,741,0,2026-09-21 22:25:15.1300000,-17.083330,48.000000
103096,"Ambinany",1879,143,"39K","39K1H1S3Q",2,2026-09-21 22:25:21.5100000,0,741,0,2026-09-21 22:25:21.5100000,-17.166670,48.016670
2540138,"Stoke Albany",979,77,"30U","30U1H6S4Q",1,2026-09-21 12:49:10.2100000,169450,0,0,2026-09-21 22:25:53.5030000,52.466670,-0.800000
2139367,"Cranberry Marsh",3566,233,"16T","16T2H1S2Q",1,2026-09-21 22:07:07.6930000,920,502,0,2026-09-21 22:26:26.7070000,43.571660,-88.085650
2048539,"Bridgeville",3562,233,"18T","18T2H5S2Q",2,2026-09-21 22:26:30.8100000,0,739,0,2026-09-21 22:26:30.8100000,41.634260,-74.619050
2197435,"Falcon Heights",3558,233,"15T","15T1H5S3Q",2,2018-06-09 17:14:40.3670000,0,3538378,0,2026-09-21 22:26:35.3570000,44.991630,-93.166330
2047278,"Rock Hill",3562,233,"18T","18T2H5S2Q",2,2026-09-21 22:26:41.2170000,0,969,0,2026-09-21 22:26:41.2170000,41.614990,-74.582770
2047957,"Rock Hill",3562,233,"18T","18T2H5S2Q",2,2026-09-21 22:26:46.9600000,0,739,0,2026-09-21 22:26:46.9600000,41.625930,-74.597660
2495342,"Radyr",976,77,"30U","30U2H2S1Q",3,2018-06-19 10:36:41.2270000,0,0,846733,2026-09-21 22:26:50.7030000,51.518890,-3.261390
2052736,"South Fallsburg",3562,233,"18T","18T2H5S2Q",2,2026-09-21 22:26:58.9170000,0,740,0,2026-09-21 22:26:58.9170000,41.720650,-74.634330
2514649,"Vasil'yevka",2715,192,"44U","44U2H3S2Q",1,2026-09-21 22:28:44.3070000,1200,0,0,2026-09-21 22:28:44.3070000,51.934000,83.748600
2514668,"Panino",2654,192,"37U","37U2H3S1Q",1,2026-09-21 22:28:50.7930000,1200,0,0,2026-09-21 22:28:50.7930000,51.934440,40.925560
103653,"Antsahamaroloha",1879,143,"39K","39K1H1S3Q",2,2026-09-21 22:29:48.5270000,0,741,0,2026-09-21 22:29:48.5270000,-17.116670,48.000000
2542410,"Burbage",979,77,"30U","30U1H6S3Q",0,2026-09-21 22:29:48.5370000,0,0,0,2026-09-21 22:29:48.5370000,52.516670,-1.350000
103652,"Beanambalazana",1879,143,"38K","38K1H3S4Q",2,2026-09-21 22:29:52.9100000,0,741,0,2026-09-21 22:29:52.9100000,-17.116670,47.983330
2547699,"Congerstone",979,77,"30U","30U1H6S3Q",0,2026-09-21 22:30:15.1230000,0,0,0,2026-09-21 22:30:15.1230000,52.633330,-1.450000
2548966,"Shackerstone",979,77,"30U","30U1H6S3Q",0,2026-09-21 22:30:19.4570000,0,0,0,2026-09-21 22:30:19.4570000,52.657800,-1.448650
2552207,"Packington",979,77,"30U","30U1H6S3Q",0,2026-09-21 22:30:39.4930000,0,0,0,2026-09-21 22:30:39.4930000,52.728550,-1.466160
1596989,"Sandy Springs",3539,233,"16S","16S2H6S2Q",1,2013-08-23 22:10:47.6800000,1161430,0,0,2026-09-21 22:31:14.0930000,33.924270,-84.378540
1913109,"Columbia",3542,233,"18S","18S1H1S2Q",1,2021-07-10 18:31:51.2230000,129515,0,47680,2026-09-21 22:32:01.2300000,39.202100,-76.867060
1642473,"Castle Canyon Mesa",3572,233,"12S","12S2H1S4Q",1,2015-03-30 00:16:25.6870000,104440319,0,0,2026-09-21 22:32:15.7870000,34.590860,-112.355720
103107,"Ambodirafia",1878,143,"39K","39K1H1S4Q",2,2026-09-21 22:32:28.6300000,0,491,0,2026-09-21 22:32:28.6300000,-17.166670,49.433330
1914060,"Oakland Mills",3542,233,"18S","18S1H1S2Q",1,2015-06-18 11:04:29.2100000,82493,0,1034,2026-09-21 22:32:31.7500000,39.218720,-76.843860
1915273,"Columbia",3542,233,"18S","18S1H1S2Q",1,2021-10-16 19:29:47.0070000,41113,0,517,2026-09-21 22:32:40.2930000,39.240380,-76.839420
102598,"Vohimanitra-Morafeno",1878,143,"39K","39K1H1S3Q",2,2026-09-21 22:32:43.9600000,0,741,0,2026-09-21 22:32:43.9600000,-17.216670,48.833330
108703,"Ambodivelatra",1879,143,"39K","39K1H1S1Q",2,2026-09-21 22:33:15.3400000,0,741,0,2026-09-21 22:33:15.3400000,-16.650000,48.666670
2291332,"Zuerich (Kreis 11) / Affoltern",503,43,"32T","32T1H2S1Q",3,2024-06-28 19:32:40.5370000,0,0,7490560,2026-09-21 22:33:48.2730000,47.418140,8.512200
2449647,"Mouvaux",950,75,"31U","31U2H2S4Q",2,2013-09-01 11:04:11.2000000,0,9612841,0,2026-09-21 22:33:48.2800000,50.700000,3.133330
2121747,"Roseburg",3576,233,"10T","10T2H2S1Q",3,2026-09-21 22:33:57.0200000,0,0,1117,2026-09-21 22:33:57.0200000,43.216500,-123.341740
2298794,"Hahnschenkel",715,57,"32T","32T1H3S1Q",3,2024-10-07 07:53:51.4430000,0,0,20755,2026-09-21 22:34:01.6100000,47.583330,10.000000
2120530,"Oaks",3576,233,"10T","10T2H2S1Q",3,2026-09-21 22:34:03.6230000,0,0,1118,2026-09-21 22:34:03.6230000,43.187340,-123.362020
2122896,"Edenbower",3576,233,"10T","10T2H2S1Q",3,2026-09-21 22:34:13.2270000,0,0,1014,2026-09-21 22:34:13.2270000,43.234560,-123.382300
2122185,"Calkins",3576,233,"10T","10T2H2S1Q",3,2026-09-21 22:34:21.1870000,0,0,1117,2026-09-21 22:34:21.1870000,43.221500,-123.408690
2124281,"Riversdale",3576,233,"10T","10T2H2S1Q",3,2026-09-21 22:34:29.7270000,0,0,1116,2026-09-21 22:34:29.7270000,43.265390,-123.421470
479399,"La Tranqueria",615,49,"17N","17N2H6S2Q",3,2026-09-21 22:34:38.1770000,0,0,1200,2026-09-21 22:34:38.1770000,1.276110,-78.643330
479423,"Mairongo",615,49,"17N","17N2H6S2Q",3,2026-09-21 22:34:45.9430000,0,0,1200,2026-09-21 22:34:45.9430000,1.280830,-78.644440
478619,"Angostura",615,49,"17N","17N2H6S2Q",3,2026-09-21 22:34:50.8900000,0,0,1200,2026-09-21 22:34:50.8900000,1.216670,-78.583330
479017,"Piedra Fina",615,49,"17N","17N2H6S2Q",3,2026-09-21 22:34:55.1800000,0,0,1200,2026-09-21 22:34:55.1800000,1.250000,-78.583330
478813,"Piedra Sellada",830,63,"17N","17N2H6S2Q",3,2026-09-21 22:34:59.0030000,0,0,1200,2026-09-21 22:34:59.0030000,1.232500,-78.567780
2502697,"Doornhoek",2270,167,"31U","31U2H3S2Q",1,2024-12-10 10:22:15.0470000,6395859,2100,3672073,2026-09-21 22:35:16.6970000,51.681670,5.406940
50331,"Vinalito",118,10,"20K","20K2H4S4Q",2,2026-09-21 22:35:17.0700000,0,856,0,2026-09-21 22:35:17.0700000,-23.666670,-64.466670
49741,"Caimancito",118,10,"20K","20K2H4S4Q",2,2026-09-21 22:35:20.4530000,0,873,0,2026-09-21 22:35:20.4530000,-23.733330,-64.583330
47815,"Saladillo de Milan",118,10,"20K","20K2H4S4Q",2,2026-09-21 22:35:22.3830000,0,975,0,2026-09-21 22:35:22.3830000,-23.966670,-64.550000
49458,"Veintitres de Agosto",118,10,"20K","20K2H4S4Q",2,2026-09-21 22:35:24.9700000,0,947,0,2026-09-21 22:35:24.9700000,-23.766670,-64.683330
49301,"Calilegua",118,10,"20K","20K2H4S4Q",2,2026-09-21 22:35:28.2070000,0,912,0,2026-09-21 22:35:28.2070000,-23.783330,-64.783330
49161,"Libertador General San Martin",118,10,"20K","20K2H4S4Q",2,2026-09-21 22:35:32.6800000,0,758,0,2026-09-21 22:35:32.6800000,-23.800000,-64.800000
2566775,"Wybunbury",979,77,"30U","30U1H5S2Q",2,2024-10-09 12:14:23.2500000,0,292050,0,2026-09-21 22:36:37.5700000,53.033330,-2.450000
1551175,"Jagoe",3549,233,"14S","14S2H6S1Q",3,2015-10-05 13:18:24.4030000,300,0,3723636,2026-09-21 22:37:10.9900000,33.173730,-97.149180
2526414,"Branneke",707,57,"32U","32U1H5S3Q",1,2026-09-21 22:37:35.8030000,800,0,0,2026-09-21 22:37:35.8030000,52.183330,8.633330
2526415,"Steinlacke",707,57,"32U","32U1H5S3Q",1,2026-09-21 22:37:39.5300000,789,0,0,2026-09-21 22:37:39.5300000,52.183330,8.650000
2526416,"Oberbehme",707,57,"32U","32U1H5S3Q",1,2026-09-21 22:37:42.4670000,789,0,0,2026-09-21 22:37:42.4670000,52.183330,8.666670
2526418,"Falscheide",707,57,"32U","32U1H5S3Q",1,2026-09-21 22:37:47.3130000,795,0,0,2026-09-21 22:37:47.3130000,52.183330,8.683330
2525592,"Ostenfelde",708,57,"32U","32U1H5S3Q",1,2026-09-21 22:37:59.2870000,1057,300,0,2026-09-21 22:37:59.2870000,52.166670,8.383330
2525593,"Westhoyel",708,57,"32U","32U1H5S3Q",1,2026-09-21 22:38:10.1030000,1054,0,0,2026-09-21 22:38:10.1030000,52.166670,8.450000
2525594,"Hoyel",708,57,"32U","32U1H5S3Q",1,2026-09-21 22:38:17.3500000,788,0,0,2026-09-21 22:38:17.3500000,52.166670,8.466670
2146376,"Grenade",951,75,"31T","31T2H1S2Q",2,2018-03-30 19:49:09.9700000,0,161595,0,2026-09-21 22:38:23.5930000,43.766670,1.283330
2391120,"Brezi",690,56,"33U","33U2H5S2Q",1,2021-01-05 21:16:00.8700000,110032,0,0,2026-09-21 22:38:31.5100000,49.500000,15.933330
2514670,"Mayskoye",2665,192,"39U","39U2H3S1Q",1,2026-09-21 22:38:59.8000000,1200,0,0,2026-09-21 22:38:59.8000000,51.934720,52.927220
2514671,"Andreyevka",2665,192,"40U","40U2H2S1Q",1,2026-09-21 22:39:14.6170000,1200,0,0,2026-09-21 22:39:14.6170000,51.934720,56.645560
2514690,"Bubnovka",2657,192,"38U","38U2H2S1Q",1,2026-09-21 22:39:18.1270000,1200,0,0,2026-09-21 22:39:18.1270000,51.935100,44.852000
2514700,"Verkhnyaya Plavitsa",2646,192,"37U","37U2H3S1Q",1,2026-09-21 22:39:23.2830000,1200,0,0,2026-09-21 22:39:23.2830000,51.935740,40.215520
2156731,"Eugene",3576,233,"10T","10T1H5S3Q",3,2024-10-03 23:02:28.9670000,0,0,1099036,2026-09-21 22:40:24.2170000,44.052070,-123.086750
2152830,"Wolf Creek",3576,233,"10T","10T2H2S1Q",3,2025-02-04 18:34:30.5170000,0,0,697224,2026-09-21 22:40:48.7500000,43.949840,-123.378980
2147501,"Gunter",3576,233,"10T","10T2H2S1Q",3,2025-04-02 01:53:43.5200000,0,0,49740,2026-09-21 22:43:18.2930000,43.798170,-123.510100
2166231,"Monroe",3576,233,"10T","10T1H5S3Q",3,2024-12-24 05:10:28.7200000,0,0,159253,2026-09-21 22:43:52.6730000,44.314010,-123.296760
1820088,"Redwood Junction",3567,233,"10S","10S1H5S2Q",1,2025-04-22 18:09:46.4400000,2407200,0,7395,2026-09-21 22:44:36.5730000,37.477160,-122.221350
1945735,"Indianapolis",3555,233,"16S","16S1H2S2Q",2,2013-10-19 22:28:45.1070000,0,38755308,14480,2026-09-21 22:45:26.8000000,39.768380,-86.158040
2266953,"Charlesbourg",459,38,"19T","19T1H1S3Q",2,2014-01-26 01:58:12.8700000,12000,703019,1034,2026-09-21 22:45:51.5930000,46.861720,-71.270540
1933330,"Westfall",3563,233,"17S","17S1H1S2Q",3,2020-10-19 16:19:55.3900000,0,0,1210942,2026-09-21 22:46:45.6600000,39.558120,-82.999070
2787971,"Kanisty",2675,192,"36V","36V2H1S1Q",3,2016-08-27 18:37:48.4370000,0,0,346309,2026-09-21 22:48:19.7800000,59.928890,30.695280
48906,"Pueblo Ledesma",118,10,"20K","20K2H4S4Q",2,2026-09-21 22:50:13.9430000,0,978,0,2026-09-21 22:50:13.9430000,-23.833330,-64.766670
48102,"Fraile Pintado",118,10,"20K","20K2H4S4Q",2,2026-09-21 22:50:16.3270000,0,867,0,2026-09-21 22:50:16.3270000,-23.933330,-64.783330
47463,"Tortugas",118,10,"20J","20J1H1S2Q",2,2026-09-21 22:50:18.7070000,0,993,0,2026-09-21 22:50:18.7070000,-24.016670,-64.850000
47360,"Pozo Hunter",118,10,"20J","20J1H1S2Q",2,2026-09-21 22:50:25.2830000,0,993,0,2026-09-21 22:50:25.2830000,-24.033330,-64.866670
146275,"Sapulu",3733,244,"02L","02L2H1S4Q",2,2026-09-21 22:50:38.8770000,0,518,0,2026-09-21 22:50:38.8770000,-13.732800,-172.216490
146299,"Foua",3733,244,"02L","02L2H1S4Q",2,2026-09-21 22:50:43.7730000,0,517,0,2026-09-21 22:50:43.7730000,-13.730100,-172.210550
146308,"Saletagaloa",3733,244,"02L","02L2H1S4Q",2,2026-09-21 22:50:47.3930000,0,517,0,2026-09-21 22:50:47.3930000,-13.728170,-172.208330
146311,"Salelologa",3733,244,"02L","02L2H1S4Q",2,2026-09-21 22:50:51.3530000,0,517,0,2026-09-21 22:50:51.3530000,-13.727660,-172.210220
146352,"Salelavalu-uta",3733,244,"02L","02L2H1S4Q",2,2026-09-21 22:50:55.2630000,0,517,0,2026-09-21 22:50:55.2630000,-13.720200,-172.204270
146345,"Salelavalu-tai",3733,244,"02L","02L2H1S4Q",2,2026-09-21 22:50:57.9600000,0,517,0,2026-09-21 22:50:57.9600000,-13.721090,-172.197330
146574,"Iva",3733,244,"02L","02L2H1S4Q",2,2026-09-21 22:51:06.7600000,0,517,0,2026-09-21 22:51:06.7600000,-13.710190,-172.203240
146601,"Vai'afai",3733,244,"02L","02L2H1S4Q",2,2026-09-21 22:51:10.9500000,0,518,0,2026-09-21 22:51:10.9500000,-13.705580,-172.204100
11499,"Buxton",143,13,"56H","56H1H4S1Q",3,2024-11-22 23:31:19.3200000,0,662,45174,2026-09-21 22:53:07.0670000,-34.250000,150.533330
11434,"Balmoral",143,13,"56H","56H1H4S1Q",3,2025-02-16 01:54:49.3600000,0,1986,39446,2026-09-21 22:53:20.6300000,-34.283330,150.516670
11394,"Bargo",143,13,"56H","56H1H4S1Q",3,2024-05-12 11:33:26.9470000,0,4944,8733,2026-09-21 22:53:29.6430000,-34.300000,150.583330
1898863,"Nielsburg",3567,233,"10S","10S1H3S3Q",3,2026-09-08 12:27:25.1370000,0,0,1964733,2026-09-21 22:53:45.6270000,38.957120,-121.033280
11288,"Hill Top",143,13,"56H","56H1H4S1Q",3,2025-04-13 04:15:35.8570000,0,4075,89572,2026-09-21 22:53:46.0570000,-34.350000,150.483330
1955433,"Quincy",3554,233,"15S","15S1H3S1Q",1,2019-02-19 04:40:57.4730000,268540474,0,0,2026-09-21 22:55:00.5900000,39.935600,-91.409870
146634,"Lalomalava",3733,244,"02L","02L2H1S4Q",2,2026-09-21 22:55:10.3830000,0,517,0,2026-09-21 22:55:10.3830000,-13.701780,-172.200380
71591,"Hell-Bourg",2600,189,"40K","40K2H1S4Q",1,2013-08-05 16:54:07.4670000,43715,300,0,2026-09-21 22:55:59.3000000,-21.050000,55.533330
146846,"Safua",3733,244,"02L","02L2H1S4Q",2,2026-09-21 22:56:09.0600000,0,517,0,2026-09-21 22:56:09.0600000,-13.699400,-172.199340
71978,"Harmonie",2600,189,"40K","40K2H1S4Q",1,2013-12-28 20:47:31.2700000,294286,299,0,2026-09-21 22:56:15.8770000,-21.000000,55.716670
146927,"Sapapali'i",3733,244,"02L","02L2H1S4Q",2,2026-09-21 22:56:23.7100000,0,517,0,2026-09-21 22:56:23.7100000,-13.687260,-172.191800
72142,"Ma Pensee",2600,189,"40K","40K2H1S2Q",2,2026-09-21 22:56:25.0800000,0,300,258,2026-09-21 22:56:25.0800000,-20.983330,55.700000
72140,"Bras-Panon",2600,189,"40K","40K2H1S2Q",2,2026-09-21 22:56:29.1470000,0,300,258,2026-09-21 22:56:29.1470000,-20.983330,55.683330
72410,"Riviere du Mat-les Bas",2600,189,"40K","40K2H1S2Q",1,2013-12-27 16:59:25.0070000,504814,300,0,2026-09-21 22:56:33.9300000,-20.950000,55.700000
147137,"Fusi",3733,244,"02L","02L2H1S4Q",2,2026-09-21 22:56:39.6470000,0,517,0,2026-09-21 22:56:39.6470000,-13.680130,-172.183120
72406,"Desert",2600,189,"40K","40K2H1S2Q",2,2026-09-21 22:56:43.2000000,0,300,258,2026-09-21 22:56:43.2000000,-20.950000,55.633330
72554,"Bras des Chevrettes",2600,189,"40K","40K2H1S2Q",2,2026-09-21 22:56:46.2200000,0,300,258,2026-09-21 22:56:46.2200000,-20.933330,55.616670
147546,"Salimu",3733,244,"02L","02L2H1S4Q",2,2026-09-21 22:56:50.8000000,0,516,0,2026-09-21 22:56:50.8000000,-13.650000,-172.116670
72708,"Commune Carron",2600,189,"40K","40K2H1S2Q",2,2026-09-21 22:56:52.0570000,0,300,258,2026-09-21 22:56:52.0570000,-20.916670,55.616670
856296,"Holalkere",1287,105,"43P","43P1H3S3Q",2,2026-09-21 22:57:51.3070000,0,1200,0,2026-09-21 22:57:51.3070000,14.033330,76.183330
852186,"Ramgiri",1287,105,"43P","43P1H6S1Q",2,2026-09-21 22:57:55.2700000,0,1200,0,2026-09-21 22:57:55.2700000,13.955280,76.122500
843744,"Sivane",1287,105,"43P","43P1H6S1Q",2,2026-09-21 22:57:59.9770000,0,1200,0,2026-09-21 22:57:59.9800000,13.814170,76.034440
838741,"Ajjampur",1287,105,"43P","43P1H6S1Q",2,2026-09-21 22:58:05.3270000,0,1200,0,2026-09-21 22:58:05.3270000,13.728060,76.009440
836188,"Giriyapura",1287,105,"43P","43P1H6S1Q",2,2026-09-21 22:58:09.2230000,0,1200,0,2026-09-21 22:58:09.2230000,13.683330,76.050000
837789,"Asandi",1287,105,"43P","43P1H6S1Q",2,2026-09-21 22:58:13.3900000,0,1200,0,2026-09-21 22:58:13.3900000,13.712780,76.099170
832877,"Yagati",1287,105,"43P","43P1H6S1Q",2,2026-09-21 22:58:17.0100000,0,1200,0,2026-09-21 22:58:17.0100000,13.627780,76.149440
611819,"Bakinidandugolla",1615,131,"44N","44N1H2S2Q",1,2025-08-15 16:21:45.9870000,961,300,0,2026-09-21 22:59:01.1070000,7.283330,81.133330
611813,"Udalugaputenna",1621,131,"44N","44N1H2S1Q",1,2025-04-03 04:22:30.9970000,769,300,0,2026-09-21 22:59:15.9230000,7.283330,80.966670
633574,"Kollawela",1621,131,"44N","44N1H2S1Q",2,2026-09-21 22:59:25.1030000,0,618,0,2026-09-21 22:59:25.1030000,7.833330,80.650000
634220,"Padeniya",1621,131,"44N","44N1H2S1Q",1,2024-04-25 01:14:32.6270000,639,300,0,2026-09-21 22:59:31.8530000,7.850000,80.650000
1554021,"Lincoln Park",3549,233,"14S","14S2H6S2Q",3,2010-01-01 00:00:00.0000000,5304,0,1146555,2026-09-21 23:00:14.6100000,33.222060,-96.972780
627634,"Kumbiyangaha Ela",1621,131,"44N","44N1H2S1Q",1,2015-12-19 00:26:06.3800000,961,300,0,2026-09-21 23:00:22.7870000,7.674600,80.689800
477567,"Rancheria",834,63,"17N","17N2H6S2Q",3,2026-09-21 23:00:23.0200000,0,0,1200,2026-09-21 23:00:23.0200000,1.133330,-78.500000
477761,"Piedra del Medio",834,63,"17N","17N2H6S2Q",3,2026-09-21 23:00:26.0500000,0,0,1200,2026-09-21 23:00:26.0500000,1.150000,-78.500000
478340,"Tobar Donoso",834,63,"17N","17N2H6S2Q",3,2026-09-21 23:00:30.0800000,0,0,1200,2026-09-21 23:00:30.0800000,1.190000,-78.508330
621762,"Kuruwawa",1621,131,"44N","44N1H2S1Q",1,2016-01-25 00:47:09.9870000,849,300,0,2026-09-21 23:00:31.0800000,7.517500,80.670300
478790,"Derrumbe",615,49,"17N","17N2H6S2Q",3,2026-09-21 23:00:33.6230000,0,0,1200,2026-09-21 23:00:33.6230000,1.227220,-78.534440
621236,"Dikkumbura",1621,131,"44N","44N1H2S1Q",1,2016-01-27 02:22:51.0270000,894,300,0,2026-09-21 23:00:36.6000000,7.506900,80.701400
479168,"La Isla",615,49,"17N","17N2H6S2Q",3,2026-09-21 23:00:37.2100000,0,0,1200,2026-09-21 23:00:37.2100000,1.254440,-78.545830
479186,"Susube",615,49,"17N","17N2H6S2Q",3,2026-09-21 23:00:43.4670000,0,0,1200,2026-09-21 23:00:43.4670000,1.257220,-78.553610
476271,"Quinche",834,63,"17N","17N2H6S2Q",3,2026-09-21 23:00:52.4200000,0,0,1200,2026-09-21 23:00:52.4230000,1.033330,-78.300000
476272,"Chical",834,63,"17N","17N2H6S2Q",3,2026-09-21 23:00:57.4100000,0,0,1200,2026-09-21 23:00:57.4100000,1.033330,-78.233330
678048,"Ettaiyapuram",1273,105,"43P","43P2H6S2Q",2,2026-09-21 23:01:08.7630000,0,1200,0,2026-09-21 23:01:08.7630000,9.150000,77.983330
676451,"Turaiyur",1273,105,"43P","43P2H6S2Q",2,2026-09-21 23:01:13.1930000,0,1200,0,2026-09-21 23:01:13.1930000,9.100000,77.933330
2528727,"Warsaw",2440,180,"34U","34U1H5S4Q",2,2022-07-26 12:16:57.6570000,0,132672312,0,2026-09-21 23:01:44.3200000,52.229770,21.011780
198695,"Sao Francisco",364,31,"23L","23L1H1S4Q",2,2026-09-21 23:02:06.1370000,0,1200,0,2026-09-21 23:02:06.1370000,-9.016670,-46.316670
199368,"Cometa",364,31,"23L","23L1H1S2Q",2,2026-09-21 23:02:10.5830000,0,1200,0,2026-09-21 23:02:10.5830000,-8.960830,-46.302220
196036,"Santa Luzia",364,31,"23L","23L1H1S4Q",2,2026-09-21 23:02:14.5100000,0,1200,0,2026-09-21 23:02:14.5100000,-9.216670,-46.266670
196675,"Telha",364,31,"23L","23L1H1S4Q",2,2026-09-21 23:02:17.2000000,0,1200,0,2026-09-21 23:02:17.2000000,-9.166670,-46.233330
196622,"Cambui",364,31,"23L","23L1H1S4Q",2,2026-09-21 23:02:21.6570000,0,1200,0,2026-09-21 23:02:21.6570000,-9.173890,-46.200000
196231,"Itarare",364,31,"23L","23L1H1S4Q",2,2026-09-21 23:02:23.9870000,0,1200,0,2026-09-21 23:02:23.9870000,-9.200000,-46.166670
193849,"Pucazeiro",364,31,"23L","23L1H1S4Q",2,2026-09-21 23:02:28.2870000,0,1200,0,2026-09-21 23:02:28.2870000,-9.383330,-46.016670
194083,"Campina",364,31,"23L","23L1H2S3Q",2,2026-09-21 23:02:32.2000000,0,1200,0,2026-09-21 23:02:32.2000000,-9.366670,-46.000000
2501775,"Hooge Zandschel",2270,167,"31U","31U2H3S1Q",1,2018-10-16 02:44:28.9300000,725378,0,0,2026-09-21 23:03:43.4900000,51.660710,4.999980
2555182,"Bad Freienwalde",713,57,"33U","33U1H5S3Q",2,2014-09-07 14:04:43.2000000,0,459228117,0,2026-09-21 23:04:09.5370000,52.787300,14.030400
148552,"Pu'apu'a",3733,244,"02L","02L2H1S4Q",2,2026-09-21 23:04:57.9170000,0,519,0,2026-09-21 23:04:57.9170000,-13.589960,-172.209840
148082,"Pugaoa",3733,244,"02L","02L2H1S4Q",2,2026-09-21 23:05:02.2900000,0,519,0,2026-09-21 23:05:02.2900000,-13.618710,-172.232790
147473,"Vai'a'ata",3733,244,"02L","02L2H1S4Q",2,2026-09-21 23:05:14.1170000,0,519,0,2026-09-21 23:05:14.1170000,-13.658040,-172.245470
2298791,"Isenbretshofen",715,57,"32T","32T1H2S2Q",3,2024-10-07 15:45:33.3130000,0,0,20673,2026-09-21 23:05:20.5000000,47.583330,9.983330
47157,"Chalican",118,10,"20J","20J1H1S2Q",2,2026-09-21 23:05:21.3030000,0,992,0,2026-09-21 23:05:21.3030000,-24.066670,-64.800000
46931,"El Quemado",118,10,"20J","20J1H1S2Q",2,2026-09-21 23:05:26.1000000,0,528,0,2026-09-21 23:05:26.1000000,-24.100000,-64.816670
147524,"Vaiola",3733,244,"02L","02L2H1S4Q",2,2026-09-21 23:05:26.5500000,0,519,0,2026-09-21 23:05:26.5500000,-13.652780,-172.241250
47566,"Rastrojos",118,10,"20J","20J1H1S2Q",2,2026-09-21 23:05:34.1870000,0,828,0,2026-09-21 23:05:34.1870000,-24.000000,-64.883330
47248,"Chacarita",118,10,"20J","20J1H1S2Q",2,2026-09-21 23:05:37.9430000,0,975,0,2026-09-21 23:05:37.9430000,-24.050000,-64.683330
47034,"El Palmar",118,10,"20J","20J1H1S2Q",2,2026-09-21 23:05:41.1900000,0,975,0,2026-09-21 23:05:41.1900000,-24.083330,-64.583330
147731,"Tapueleele",3733,244,"02L","02L2H1S4Q",2,2026-09-21 23:05:41.6500000,0,519,0,2026-09-21 23:05:41.6500000,-13.646750,-172.236220
147755,"Oloiti",3733,244,"02L","02L2H1S4Q",2,2026-09-21 23:05:45.1230000,0,519,0,2026-09-21 23:05:45.1230000,-13.643420,-172.214430
148302,"Asaga",3733,244,"02L","02L2H1S4Q",2,2026-09-21 23:06:01.1130000,0,519,0,2026-09-21 23:06:01.1130000,-13.604540,-172.203830
2160595,"Franklin",3576,233,"10T","10T1H5S3Q",3,2025-02-01 22:10:37.5700000,0,0,224503,2026-09-21 23:07:34.6700000,44.160960,-123.304540
2624378,"Gdansk",2449,180,"34U","34U1H1S3Q",2,2019-06-07 12:01:43.3100000,0,11421980,0,2026-09-21 23:08:15.9800000,54.352050,18.646370
2359221,"Saint-Duzec",961,75,"30U","30U2H5S3Q",2,2016-09-13 10:25:50.8500000,0,141589339,0,2026-09-21 23:08:38.6600000,48.783330,-3.550000
1605099,"Harvard Heights",3567,233,"11S","11S2H1S4Q",3,2015-11-18 15:43:48.9400000,0,0,856828,2026-09-21 23:08:46.4970000,34.042220,-118.304170
2551630,"Coalville",979,77,"30U","30U1H6S3Q",2,2026-09-21 23:09:37.6770000,0,1250,0,2026-09-21 23:09:37.6770000,52.716670,-1.366670
148089,"Lano",3733,244,"02L","02L2H1S4Q",2,2026-09-21 23:09:41.1500000,0,519,0,2026-09-21 23:09:41.1500000,-13.617500,-172.199190
2556087,"Normanton upon Soar",979,77,"30U","30U1H6S3Q",2,2026-09-21 23:09:43.9400000,0,1150,0,2026-09-21 23:09:43.9400000,52.808260,-1.242490
148006,"Saipipi",3733,244,"02L","02L2H1S4Q",2,2026-09-21 23:09:46.2200000,0,519,0,2026-09-21 23:09:46.2200000,-13.629210,-172.197900
2546232,"Shenton",979,77,"30U","30U1H6S3Q",2,2026-09-21 23:09:49.5600000,0,1150,0,2026-09-21 23:09:49.5600000,52.600000,-1.416670
2545212,"Atherstone",979,77,"30U","30U1H6S3Q",2,2026-09-21 23:09:54.4630000,0,1150,0,2026-09-21 23:09:54.4630000,52.575360,-1.546930
2545442,"Middleton",979,77,"30U","30U1H6S3Q",2,2026-09-21 23:10:03.2370000,0,1150,0,2026-09-21 23:10:03.2370000,52.583330,-1.733330
2550029,"Elford",979,77,"30U","30U1H6S3Q",2,2026-09-21 23:10:12.3270000,0,1150,0,2026-09-21 23:10:12.3270000,52.683330,-1.716670
2116595,"Porter Creek",3576,233,"10T","10T2H2S1Q",2,2026-09-21 23:10:17.9770000,0,1441,0,2026-09-21 23:10:19.2700000,43.110950,-123.522020
2551626,"Croxall",979,77,"30U","30U1H6S3Q",2,2026-09-21 23:10:23.6930000,0,1150,0,2026-09-21 23:10:23.6930000,52.716670,-1.700000
2548473,"Wigginton",979,77,"30U","30U1H6S3Q",2,2026-09-21 23:10:31.3030000,0,1150,0,2026-09-21 23:10:31.3030000,52.650000,-1.683330
2533049,"Princethorpe",979,77,"30U","30U1H6S3Q",2,2026-09-21 23:10:41.5000000,0,1150,0,2026-09-21 23:10:41.5030000,52.316670,-1.416670
2116530,"Brockway",3576,233,"10T","10T2H2S1Q",2,2026-09-21 23:11:06.8830000,0,1117,0,2026-09-21 23:11:09.9370000,43.109000,-123.455350
2116319,"Dillard",3576,233,"10T","10T2H2S1Q",2,2026-09-21 23:11:19.9200000,0,1530,0,2026-09-21 23:11:21.1130000,43.102890,-123.427850
2555534,"Abbots Bromley",979,77,"30U","30U1H6S3Q",2,2010-01-01 00:00:00.0000000,0,79849,0,2026-09-21 23:12:16.2630000,52.800000,-1.866670
194305,"Barra Comprida",364,31,"23L","23L1H2S3Q",2,2026-09-21 23:13:08.2430000,0,1200,0,2026-09-21 23:13:08.2430000,-9.350000,-46.000000
194727,"Campeiro",364,31,"23L","23L1H2S3Q",2,2026-09-21 23:13:11.7370000,0,1200,0,2026-09-21 23:13:11.7370000,-9.316670,-45.950000
194530,"Sucuapara",364,31,"23L","23L1H2S3Q",2,2026-09-21 23:13:14.8300000,0,1200,0,2026-09-21 23:13:14.8300000,-9.333330,-45.900000
195200,"Lucena",364,31,"23L","23L1H2S3Q",2,2026-09-21 23:13:19.1330000,0,1200,0,2026-09-21 23:13:19.1330000,-9.283330,-45.916670
196472,"Lajeado",364,31,"23L","23L1H2S3Q",2,2026-09-21 23:13:22.4400000,0,1200,0,2026-09-21 23:13:22.4400000,-9.183330,-45.916670
185476,"Boqueirao dos Filipes",360,31,"23L","23L1H2S3Q",2,2026-09-21 23:13:28.8700000,0,1200,0,2026-09-21 23:13:28.8700000,-9.738610,-45.674170
791497,"Ban Bo Fai (1)",3165,218,"47P","47P1H5S4Q",1,2015-12-21 19:07:30.6500000,1980999,161882,0,2026-09-21 23:13:51.4500000,12.616670,99.950000
2268908,"Casselton",3575,233,"14T","14T1H3S3Q",2,2015-01-05 17:05:08.8330000,0,2390153,0,2026-09-21 23:14:59.0530000,46.900530,-97.211200
1605103,"Maravilla Housing Project",3567,233,"11S","11S2H1S4Q",3,2014-06-13 12:01:56.0870000,0,0,1122371,2026-09-21 23:15:56.7230000,34.042230,-118.159520
31193,"Capalaba",142,13,"56J","56J1H5S4Q",2,2026-09-21 23:16:15.7470000,0,789,0,2026-09-21 23:16:15.7470000,-27.516670,153.183330
31303,"Birkdale",142,13,"56J","56J1H5S4Q",2,2026-09-21 23:16:31.4830000,0,788,0,2026-09-21 23:16:31.4830000,-27.483330,153.216670
31304,"Badgen",142,13,"56J","56J1H5S4Q",2,2026-09-21 23:16:39.9170000,0,788,0,2026-09-21 23:16:39.9170000,-27.483330,153.233330
31305,"Wellington Point",142,13,"56J","56J1H5S4Q",2,2026-09-21 23:16:50.0470000,0,788,0,2026-09-21 23:16:50.0470000,-27.483330,153.250000
30991,"Eight Mile Plains",142,13,"56J","56J1H5S4Q",2,2026-09-21 23:17:29.0270000,0,863,0,2026-09-21 23:17:29.0270000,-27.583330,153.100000
30796,"Browns Plains",142,13,"56J","56J1H5S4Q",2,2026-09-21 23:17:38.5900000,0,891,0,2026-09-21 23:17:38.5900000,-27.650000,153.033330
2393891,"Zd'ar nad Sazavou",690,56,"33U","33U2H5S2Q",1,2021-01-06 11:51:04.5930000,190254,0,0,2026-09-21 23:17:43.7930000,49.562630,15.939240
30627,"Greenbank",142,13,"56J","56J1H5S3Q",2,2026-09-21 23:17:45.4470000,0,788,0,2026-09-21 23:17:45.4470000,-27.716670,152.983330
30414,"Coleyville",142,13,"56J","56J1H5S3Q",2,2026-09-21 23:18:00.2700000,0,788,0,2026-09-21 23:18:00.2700000,-27.816670,152.900000
1658497,"Pine Forest",3547,233,"17S","17S2H1S4Q",2,2026-09-21 20:18:51.3730000,0,55903,0,2026-09-21 23:18:00.8570000,34.817620,-82.305400
30333,"Kagaru",142,13,"56J","56J1H5S3Q",2,2026-09-21 23:18:06.6270000,0,1057,0,2026-09-21 23:18:06.6270000,-27.866670,152.950000
147802,"Sa'asa'ai",3733,244,"02L","02L2H1S4Q",2,2026-09-21 23:19:25.8770000,0,518,0,2026-09-21 23:19:25.8770000,-13.637140,-172.194200
30990,"Sunnybank",142,13,"56J","56J1H5S4Q",2,2026-09-21 23:19:51.4700000,0,1278,0,2026-09-21 23:19:51.4700000,-27.583330,153.050000
2528458,"Gerven",2273,167,"31U","31U1H6S4Q",1,2026-09-17 17:14:25.4330000,854595,0,0,2026-09-21 23:19:56.0870000,52.220830,5.593060
46265,"El Piquete",118,10,"20J","20J1H1S2Q",2,2026-09-21 23:20:15.4630000,0,973,0,2026-09-21 23:20:15.4630000,-24.216670,-64.650000
46359,"San Antonio",118,10,"20J","20J1H1S2Q",3,2019-06-10 01:24:58.5170000,0,300,2884,2026-09-21 23:20:17.7770000,-24.200000,-64.800000
46264,"Ingenio La Esperanza",118,10,"20J","20J1H1S2Q",2,2026-09-21 23:20:23.7200000,0,803,0,2026-09-21 23:20:23.7230000,-24.216670,-64.850000
147752,"Salimu",3733,244,"02L","02L2H1S4Q",2,2026-09-21 23:20:24.5800000,0,517,0,2026-09-21 23:20:24.5800000,-13.643860,-172.189230
45462,"Arroyo Colorado",118,10,"20J","20J1H1S2Q",2,2026-09-21 23:20:33.4570000,0,935,0,2026-09-21 23:20:33.4600000,-24.350000,-64.683330
147725,"Malae",3733,244,"02L","02L2H1S4Q",2,2026-09-21 23:20:35.8770000,0,518,0,2026-09-21 23:20:35.8770000,-13.647480,-172.189030
2557111,"Stowe",979,77,"30U","30U1H6S3Q",2,2020-07-22 16:35:22.4500000,0,64050,0,2026-09-21 23:20:36.0570000,52.833330,-2.000000
45115,"Los Laureles",118,10,"20J","20J1H1S2Q",2,2026-09-21 23:20:37.5900000,0,972,0,2026-09-21 23:20:37.5900000,-24.400000,-64.616670
147523,"Lu'ua",3733,244,"02L","02L2H1S4Q",2,2026-09-21 23:20:39.6930000,0,518,0,2026-09-21 23:20:39.6930000,-13.652790,-172.187740
147495,"Sapini",3733,244,"02L","02L2H1S4Q",2,2026-09-21 23:20:54.1700000,0,518,0,2026-09-21 23:20:54.1700000,-13.655970,-172.186050
147463,"Faga",3733,244,"02L","02L2H1S4Q",2,2026-09-21 23:20:57.8100000,0,518,0,2026-09-21 23:20:57.8100000,-13.659780,-172.183570
147243,"Tuasivi",3733,244,"02L","02L2H1S4Q",2,2026-09-21 23:21:02.8270000,0,517,0,2026-09-21 23:21:02.8270000,-13.667600,-172.175600
147207,"Safotulafai",3733,244,"02L","02L2H1S4Q",2,2026-09-21 23:21:09.9270000,0,517,0,2026-09-21 23:21:09.9270000,-13.671470,-172.177680
147170,"Fatausi",3733,244,"02L","02L2H1S4Q",2,2026-09-21 23:21:14.3430000,0,517,0,2026-09-21 23:21:14.3430000,-13.676510,-172.178820
947528,"La Paz",2416,178,"51Q","51Q2H4S4Q",2,2026-09-21 23:22:13.4400000,480,600,0,2026-09-21 23:22:13.4400000,16.910750,121.668240
1723867,"Elkins Hills",3545,233,"17S","17S2H3S1Q",3,2013-08-25 13:23:58.9870000,0,0,560063,2026-09-21 23:22:19.9630000,35.929870,-79.063070
944745,"Santo Tomas",2416,178,"51Q","51Q2H4S4Q",2,2026-09-21 23:22:26.0270000,478,600,0,2026-09-21 23:22:26.0270000,16.788460,121.654140
944795,"Callao",2416,178,"51Q","51Q2H4S4Q",2,2026-09-21 23:22:34.1730000,0,942,0,2026-09-21 23:22:34.1730000,16.791960,121.675140
944735,"Aurdra",2416,178,"51Q","51Q2H4S4Q",2,2026-09-21 23:22:39.2470000,0,991,0,2026-09-21 23:22:39.2470000,16.787860,121.685440
944447,"Alicia",2416,178,"51Q","51Q2H4S4Q",2,2026-09-21 23:22:45.9070000,0,891,0,2026-09-21 23:22:45.9070000,16.779360,121.697340
147198,"Fogapoa",3733,244,"02L","02L2H1S4Q",2,2026-09-21 23:22:51.0670000,0,517,0,2026-09-21 23:22:51.0670000,-13.672640,-172.177160
144892,"Apolimatuai",3735,244,"02L","02L2H1S4Q",2,2026-09-21 23:23:00.0870000,0,515,0,2026-09-21 23:23:00.0870000,-13.820210,-172.151010
828484,"Kadur",1287,105,"43P","43P1H6S1Q",2,2026-09-21 23:23:03.7000000,0,1200,0,2026-09-21 23:23:03.7000000,13.553330,76.013060
828386,"Kadur",1287,105,"43P","43P1H6S1Q",2,2026-09-21 23:23:06.5800000,0,1200,0,2026-09-21 23:23:06.5800000,13.550970,76.006770
832347,"Birur",1287,105,"43P","43P1H5S2Q",2,2026-09-21 23:23:09.8470000,0,1200,0,2026-09-21 23:23:09.8470000,13.616670,75.966670
822017,"Sakkarepatna",1287,105,"43P","43P1H5S2Q",2,2026-09-21 23:23:13.5030000,0,1200,0,2026-09-21 23:23:13.5030000,13.433330,75.916670
321496,"Sukarame",1246,101,"48M","48M2H6S2Q",2,2026-09-21 23:24:11.6830000,0,390,0,2026-09-21 23:24:11.6830000,-6.968610,107.722500
322910,"Babakan",1246,101,"48M","48M2H6S2Q",2,2026-09-21 23:24:17.7500000,0,390,0,2026-09-21 23:24:17.7500000,-6.955560,107.713890
322444,"Babakantol",1246,101,"48M","48M2H6S2Q",2,2026-09-21 23:24:33.5630000,0,390,0,2026-09-21 23:24:33.5630000,-6.960560,107.716110
1983613,"Crumb Corner",3555,233,"16T","16T2H5S4Q",3,2025-01-19 15:38:31.5700000,0,0,484649,2026-09-21 23:24:38.0100000,40.453920,-86.927790
322680,"Babakansari",1246,101,"48M","48M2H6S2Q",2,2026-09-21 23:24:38.0770000,0,390,0,2026-09-21 23:24:38.0770000,-6.958060,107.705830
322044,"Rancanumpang",1246,101,"48M","48M2H6S2Q",2,2026-09-21 23:24:42.3000000,0,390,0,2026-09-21 23:24:42.3000000,-6.964440,107.705560
2069374,"Hubbard Woods",3554,233,"16T","16T2H2S3Q",1,2025-02-09 16:08:03.5630000,76420,3979,0,2026-09-21 23:24:48.0930000,42.115580,-87.742840
473119,"El Goaltal",834,63,"17N","17N2H6S4Q",3,2026-09-21 23:24:49.3130000,0,0,1200,2026-09-21 23:24:49.3130000,0.800000,-78.166670
72832,"Ravine des Chevres",2600,189,"40K","40K2H1S2Q",2,2026-09-21 23:24:50.3300000,0,300,258,2026-09-21 23:24:50.3300000,-20.900000,55.583330
473788,"Mirador",834,63,"17N","17N2H6S4Q",3,2026-09-21 23:24:54.1800000,0,0,1200,2026-09-21 23:24:54.1800000,0.850000,-78.016670
72705,"Beaufond",2600,189,"40K","40K2H1S2Q",2,2026-09-21 23:24:54.9470000,0,300,258,2026-09-21 23:24:54.9470000,-20.916670,55.566670
474279,"Tallambi",615,49,"17N","17N2H6S4Q",3,2026-09-21 23:24:57.4030000,0,0,1200,2026-09-21 23:24:57.4030000,0.883330,-78.016670
1915349,"Columbia Hills",3542,233,"18S","18S1H1S2Q",1,2021-09-24 15:44:58.5770000,14191,0,1034,2026-09-21 23:24:57.9230000,39.242050,-76.828860
72704,"Chiendent",2600,189,"40K","40K2H1S2Q",2,2026-09-21 23:24:59.9830000,0,300,258,2026-09-21 23:24:59.9830000,-20.916670,55.550000
473787,"Juncal",834,63,"17N","17N2H6S4Q",3,2026-09-21 23:25:00.5030000,0,0,1200,2026-09-21 23:25:00.5030000,0.850000,-78.050000
72979,"Sainte-Marie",2600,189,"40K","40K2H1S2Q",2,2026-09-21 23:25:04.6830000,0,300,258,2026-09-21 23:25:04.6830000,-20.883330,55.550000
1916291,"Crestleigh",3542,233,"18S","18S1H1S2Q",1,2021-10-26 12:42:10.0730000,34993,0,517,2026-09-21 23:25:06.3800000,39.260380,-76.826920
72828,"Bois-Rouge",2600,189,"40K","40K2H1S2Q",2,2026-09-21 23:25:06.6930000,0,393,0,2026-09-21 23:25:06.6930000,-20.900000,55.533330
474017,"Punte Palo",834,63,"17N","17N2H6S4Q",3,2026-09-21 23:25:09.4170000,0,0,1200,2026-09-21 23:25:09.4170000,0.866670,-78.050000
72975,"Gillot",2600,189,"40K","40K2H1S2Q",2,2026-09-21 23:25:09.9900000,0,300,258,2026-09-21 23:25:09.9900000,-20.883330,55.516670
474015,"Santa Blanca",834,63,"17N","17N2H6S4Q",3,2026-09-21 23:25:13.9100000,0,0,1200,2026-09-21 23:25:13.9100000,0.866670,-78.083330
72824,"Desbassyns",2600,189,"40K","40K2H1S2Q",2,2026-09-21 23:25:14.5130000,0,1085,0,2026-09-21 23:25:14.5130000,-20.900000,55.500000
474278,"Mayasquer",615,49,"17N","17N2H6S4Q",3,2026-09-21 23:25:18.2900000,0,0,1200,2026-09-21 23:25:18.2900000,0.883330,-78.066670
72973,"Sainte-Clotilde",2600,189,"40K","40K2H1S2Q",2,2026-09-21 23:25:20.9930000,0,546,0,2026-09-21 23:25:20.9930000,-20.883330,55.483330
474539,"Maldonado",834,63,"17N","17N2H6S4Q",3,2026-09-21 23:25:21.9170000,0,0,1200,2026-09-21 23:25:21.9170000,0.900000,-78.100000
2154845,"Whitchurch-Stouffville",457,38,"17T","17T1H6S3Q",2,2013-10-09 21:12:39.0130000,0,7592297,0,2026-09-21 23:25:36.9630000,44.000120,-79.316300
215140,"Tekavatoetoe Village",3383,227,"60L","60L1H3S2Q",2,2026-09-21 23:25:49.9900000,258,617,0,2026-09-21 23:25:49.9900000,-8.534930,179.185540
2446683,"Jupille",255,20,"31U","31U2H3S4Q",1,2023-02-08 10:30:07.0400000,100699,0,0,2026-09-21 23:25:53.9870000,50.647210,5.632530
215695,"Funafuti",3383,227,"60L","60L1H3S2Q",2,2026-09-21 23:25:59.3370000,0,585,0,2026-09-21 23:25:59.3370000,-8.524250,179.194170
215650,"Vaiaku Village",3383,227,"60L","60L1H3S2Q",2,2026-09-21 23:26:08.5070000,0,589,0,2026-09-21 23:26:08.5070000,-8.525440,179.194100
215843,"Alapi Village",3383,227,"60L","60L1H3S2Q",2,2026-09-21 23:26:14.1370000,0,587,0,2026-09-21 23:26:14.1370000,-8.520740,179.196800
45973,"El Fuerte",118,10,"20J","20J1H1S2Q",2,2026-09-21 23:26:19.1230000,0,741,0,2026-09-21 23:26:19.1230000,-24.266670,-64.416670
45974,"Pie de la Cuesta",118,10,"20J","20J1H1S2Q",2,2026-09-21 23:26:23.4500000,0,741,0,2026-09-21 23:26:23.4500000,-24.266670,-64.316670
215969,"Senala Village",3383,227,"60L","60L1H3S2Q",2,2026-09-21 23:26:24.0330000,0,591,0,2026-09-21 23:26:24.0330000,-8.517400,179.198290
215963,"Fakaifou Village",3383,227,"60L","60L1H3S2Q",2,2026-09-21 23:26:26.6930000,0,588,0,2026-09-21 23:26:26.6930000,-8.517580,179.200940
216796,"Teone Village",3383,227,"60L","60L1H3S2Q",2,2026-09-21 23:26:30.6470000,0,585,0,2026-09-21 23:26:30.6470000,-8.499220,179.195020
217406,"Lofeagai Village",3383,227,"60L","60L1H3S2Q",2,2026-09-21 23:26:41.4400000,0,588,0,2026-09-21 23:26:41.4400000,-8.481030,179.192330
218715,"Amatuku Village",3383,227,"60L","60L1H3S2Q",2,2026-09-21 23:27:01.2000000,258,617,0,2026-09-21 23:27:01.2000000,-8.437900,179.170310
2463705,"Catsop",2271,167,"31U","31U2H3S4Q",2,2026-09-16 17:59:54.1030000,0,808898,0,2026-09-21 23:27:02.9000000,50.939170,5.766670
1738567,"Las Vegas",3570,233,"11S","11S1H6S3Q",2,2014-01-06 05:24:19.2230000,0,157382017,0,2026-09-21 23:29:33.9800000,36.174970,-115.137220
2223051,"Walnut Grove",3578,233,"10T","10T1H5S2Q",2,2022-07-10 18:45:25.9030000,0,90319,0,2026-09-21 23:31:07.2670000,45.667890,-122.598990
2030004,"Omaha Regency",3559,233,"14T","14T2H6S2Q",2,2025-08-11 02:59:16.4470000,0,1061126,0,2026-09-21 23:31:12.3370000,41.269440,-96.185860
2451595,"Genistreux",255,20,"31U","31U2H3S4Q",2,2025-03-22 07:34:39.4630000,0,2556812,0,2026-09-21 23:31:42.9800000,50.733330,5.700000
1992171,"Lawrenceville",3550,233,"17T","17T2H5S4Q",3,2023-01-09 10:11:34.8470000,227700,300,13137350,2026-09-21 23:32:11.2570000,40.617560,-80.543680
1391410,"Hays City",3549,233,"14R","14R1H3S3Q",2,2024-08-03 00:25:49.7530000,0,2069614,0,2026-09-21 23:32:14.7130000,30.047440,-97.988340
1916768,"Ellicott City",3542,233,"18S","18S1H1S2Q",1,2016-09-17 16:06:44.4770000,66998,0,517,2026-09-21 23:33:21.6000000,39.267330,-76.798310
2413169,"Zbydniowice",2439,180,"34U","34U2H4S2Q",2,2026-08-11 04:33:15.9030000,0,296764,0,2026-09-21 23:33:40.1070000,49.966240,19.954430
1909862,"Champion Forest",3542,233,"18S","18S1H1S2Q",1,2016-03-27 15:42:14.8000000,42924,0,3666,2026-09-21 23:33:57.8630000,39.147330,-76.761080
1907096,"Geraghty Village",3542,233,"18S","18S1H1S2Q",1,2026-08-25 10:16:42.9600000,61499,0,517,2026-09-21 23:34:07.9800000,39.099830,-76.734410
1904634,"East Arboga",3567,233,"10S","10S1H3S1Q",2,2013-07-26 01:39:44.4870000,0,2804492,112126,2026-09-21 23:34:14.2430000,39.056840,-121.551630
2550837,"Weston under Lizard",979,77,"30U","30U1H5S4Q",2,2026-01-14 02:36:13.0500000,0,55496,0,2026-09-21 23:34:16.8230000,52.700000,-2.283330
1907601,"Fort Meade",3542,233,"18S","18S1H1S2Q",1,2016-04-26 13:08:38.2670000,247292,0,879,2026-09-21 23:34:26.5600000,39.108150,-76.743230
1906868,"Meadedale",3542,233,"18S","18S1H1S2Q",1,2014-02-23 20:20:02.8130000,39531,0,517,2026-09-21 23:34:35.9100000,39.095390,-76.716910
2647116,"Manner's Town",1262,102,"29U","29U1H3S1Q",3,2025-04-17 08:42:08.1800000,0,0,13450,2026-09-21 23:34:38.8830000,55.021390,-7.404440
2341760,"Mount Vernon",3578,233,"10U","10U2H5S4Q",2,2026-09-21 22:12:41.3970000,0,31011,0,2026-09-21 23:36:08.8130000,48.421220,-122.334050
2514706,"Novosil'skoye",2646,192,"37U","37U2H2S1Q",1,2026-09-21 23:36:41.8070000,1200,0,0,2026-09-21 23:36:41.8070000,51.935870,38.517980
2514715,"Paspaul",2713,192,"45U","45U2H2S1Q",1,2026-09-21 23:36:59.3300000,1200,0,0,2026-09-21 23:36:59.3300000,51.936110,86.357780
2514717,"Sinel'nikovo",2657,192,"38U","38U2H2S1Q",1,2026-09-21 23:37:02.9500000,1200,0,0,2026-09-21 23:37:02.9500000,51.936200,44.740200
2514721,"Anninskoye",2677,192,"37U","37U2H1S2Q",1,2026-09-21 23:37:09.2200000,1200,0,0,2026-09-21 23:37:09.2200000,51.936290,37.745570
2514723,"Biktimirovka",2657,192,"38U","38U2H3S1Q",1,2026-09-21 23:37:13.7800000,1200,0,0,2026-09-21 23:37:13.7800000,51.936390,46.841390
2514733,"Petrovskoye",2646,192,"37U","37U2H3S1Q",1,2026-09-21 23:37:17.5330000,1200,0,0,2026-09-21 23:37:17.5330000,51.936670,40.094440
2514734,"Sredniy Samovets",2646,192,"37U","37U2H3S1Q",1,2026-09-21 23:37:21.7230000,1200,0,0,2026-09-21 23:37:21.7230000,51.936670,40.396940
2514735,"Poldomasovo",2657,192,"38U","38U2H3S1Q",1,2026-09-21 23:37:26.8570000,1200,0,0,2026-09-21 23:37:26.8570000,51.936670,46.652220
474275,"San Fernando",834,63,"17N","17N2H6S4Q",3,2026-09-21 23:37:31.1900000,0,0,1200,2026-09-21 23:37:31.1900000,0.883330,-78.083330
474538,"San Juan",615,49,"17N","17N2H6S4Q",3,2026-09-21 23:37:36.3500000,0,0,1200,2026-09-21 23:37:36.3500000,0.900000,-78.133330
475031,"Pindical",834,63,"17N","17N2H6S4Q",3,2026-09-21 23:37:40.1270000,0,0,1200,2026-09-21 23:37:40.1270000,0.933330,-78.133330
475436,"Puellamal",834,63,"17N","17N2H6S4Q",3,2026-09-21 23:37:43.9570000,0,0,1200,2026-09-21 23:37:43.9570000,0.966670,-78.183330
2514740,"Devyatoye Yanvarya",2674,192,"37U","37U2H2S1Q",1,2026-09-21 23:37:50.7300000,1200,0,0,2026-09-21 23:37:50.7300000,51.936940,38.088330
154358,"Aguas Calientes",2383,175,"18L","18L2H3S4Q",1,2016-10-03 01:38:42.3700000,69300,0,0,2026-09-21 23:37:53.0200000,-13.155170,-72.522640
154344,"Machu Picchu",2383,175,"18L","18L2H3S4Q",1,2019-08-05 09:50:40.9170000,522437,0,0,2026-09-21 23:37:58.7530000,-13.158330,-72.531390
1391852,"Waller",3549,233,"15R","15R1H1S3Q",1,2013-10-28 23:05:18.0100000,14214860,0,0,2026-09-21 23:40:02.2200000,30.056610,-95.926900
144672,"Papaolematuu",3850,45,"02L","02L2H1S4Q",2,2026-09-21 23:40:11.6100000,0,515,0,2026-09-21 23:40:11.6100000,-13.833330,-172.083330
2004876,"Sugar Hill",3562,233,"18T","18T2H6S3Q",1,2026-09-21 19:13:00.7570000,51399,0,0,2026-09-21 23:40:13.7700000,40.827500,-73.943330
144589,"Falemoa",3735,244,"02L","02L2H1S4Q",2,2026-09-21 23:40:16.7130000,0,515,0,2026-09-21 23:40:16.7130000,-13.843440,-172.117480
144542,"Apai",3735,244,"02L","02L2H1S4Q",2,2026-09-21 23:40:33.1300000,0,515,0,2026-09-21 23:40:33.1300000,-13.847540,-172.118070
2514746,"Novyye Saviny",2677,192,"37U","37U2H1S2Q",1,2026-09-21 23:40:34.6570000,1200,0,0,2026-09-21 23:40:34.6570000,51.937090,37.344060
144348,"Lepuia'i",3735,244,"02L","02L2H1S4Q",2,2026-09-21 23:40:36.1370000,0,515,0,2026-09-21 23:40:36.1370000,-13.856590,-172.113170
144321,"Faleu",3735,244,"02L","02L2H1S4Q",2,2026-09-21 23:40:39.1900000,0,515,0,2026-09-21 23:40:39.1900000,-13.858930,-172.106180
144394,"Satoi",3735,244,"02L","02L2H1S4Q",2,2026-09-21 23:40:44.4030000,0,515,0,2026-09-21 23:40:44.4030000,-13.850930,-172.101690
144546,"Pagai",3735,244,"02L","02L2H1S4Q",2,2026-09-21 23:40:46.4500000,0,515,0,2026-09-21 23:40:46.4500000,-13.847430,-172.103680
144608,"Satuilagi",3735,244,"02L","02L2H1S4Q",2,2026-09-21 23:40:49.8730000,0,515,0,2026-09-21 23:40:49.8730000,-13.841230,-172.107720
2514757,"Yelanka",2657,192,"38U","38U2H3S2Q",1,2026-09-21 23:42:12.6570000,1200,0,0,2026-09-21 23:42:12.6570000,51.937700,47.475300
68629,"Tufurai",224,224,"01K","01K2H3S4Q",1,2026-09-21 23:42:16.9270000,330,0,0,2026-09-21 23:42:16.9270000,-21.366670,-174.966670
2117253,"Winston",3576,233,"10T","10T2H2S1Q",2,2026-09-21 23:42:19.2530000,0,1560,0,2026-09-21 23:42:19.2530000,43.122340,-123.412570
68468,"Haatua",224,224,"01K","01K2H3S4Q",1,2026-09-21 23:42:25.8530000,322,74,0,2026-09-21 23:42:25.8530000,-21.383330,-174.966670
68630,"Pangai",224,224,"01K","01K2H3S4Q",1,2026-09-21 23:42:28.6370000,309,74,0,2026-09-21 23:42:28.6370000,-21.366670,-174.950000
68950,"`Ohonua",224,224,"01K","01K2H3S4Q",1,2026-09-21 23:42:31.8370000,331,0,0,2026-09-21 23:42:31.8370000,-21.333330,-174.950000
335788,"Pamecelan Tonggoh",1246,101,"48M","48M2H6S2Q",2,2026-09-21 23:42:34.1230000,0,388,0,2026-09-21 23:42:34.1270000,-6.805000,107.598060
69102,"Huma",224,224,"01K","01K2H3S4Q",1,2026-09-21 23:42:34.7370000,331,0,0,2026-09-21 23:42:34.7370000,-21.316670,-174.933330
335534,"Pamecelan",1246,101,"48M","48M2H6S2Q",2,2026-09-21 23:42:41.4300000,0,849,0,2026-09-21 23:42:41.4300000,-6.809170,107.597220
2126365,"Glide",3576,233,"10T","10T2H2S1Q",2,2026-09-21 23:42:41.4800000,0,347,0,2026-09-21 23:42:41.4800000,43.302890,-123.066510
335319,"Barunagri Kidul",1246,101,"48M","48M2H6S2Q",2,2026-09-21 23:42:44.2030000,0,388,0,2026-09-21 23:42:44.2030000,-6.812500,107.601670
69758,"Fua`amotu",224,224,"01K","01K2H3S3Q",1,2026-09-21 23:42:45.0500000,463,0,0,2026-09-21 23:42:45.0500000,-21.250000,-175.133330
69912,"Lavengatonga",224,224,"01K","01K2H3S3Q",1,2026-09-21 23:42:48.2370000,310,0,34,2026-09-21 23:42:48.2370000,-21.233330,-175.116670
335382,"Buahbatu",1246,101,"48M","48M2H6S2Q",3,2014-06-17 05:50:55.5930000,0,300,7167,2026-09-21 23:42:59.5500000,-6.811670,107.624440
335447,"Panglipurgalih",1246,101,"48M","48M2H6S2Q",2,2026-09-21 23:43:07.7500000,0,388,0,2026-09-21 23:43:07.7500000,-6.810560,107.617500
333634,"Pencut",1246,101,"48M","48M2H6S2Q",2,2026-09-21 23:43:13.0370000,0,388,0,2026-09-21 23:43:13.0370000,-6.833890,107.626940
333298,"Pageurmaneuh",1246,101,"48M","48M2H6S2Q",2,2026-09-21 23:43:17.8030000,0,388,0,2026-09-21 23:43:17.8030000,-6.839170,107.622220
144570,"Salua",3735,244,"02L","02L2H1S4Q",2,2026-09-21 23:43:20.0430000,0,515,0,2026-09-21 23:43:20.0430000,-13.845490,-172.105030
69759,"Hamula",224,224,"01K","01K2H3S3Q",1,2026-09-21 23:42:41.8170000,1564,0,0,2026-09-21 23:43:21.4630000,-21.250000,-175.116670
70191,"Haveluliku",224,224,"01K","01K2H3S3Q",1,2026-09-21 23:43:25.2800000,300,243,279,2026-09-21 23:43:25.2800000,-21.200000,-175.100000
331661,"Cicadas",1246,101,"48M","48M2H6S2Q",2,2026-09-21 23:43:25.9570000,0,688,0,2026-09-21 23:43:25.9570000,-6.862220,107.624440
70765,"Afa",224,224,"01K","01K2H3S3Q",1,2026-09-21 23:43:28.4130000,351,0,0,2026-09-21 23:43:28.4130000,-21.133330,-175.050000
70764,"Kolonga",224,224,"01K","01K2H3S3Q",1,2026-09-21 23:43:33.0200000,744,0,53,2026-09-21 23:43:33.0200000,-21.133330,-175.066670
331464,"Cirapuhan",1246,101,"48M","48M2H6S2Q",2,2026-09-21 23:43:34.5970000,100,300,0,2026-09-21 23:43:34.5970000,-6.864720,107.624440
70922,"Manuka",224,224,"01K","01K2H3S3Q",1,2026-09-21 23:43:39.7800000,842,43,262,2026-09-21 23:43:39.7800000,-21.116670,-175.100000
70474,"Hoi",224,224,"01K","01K2H3S3Q",1,2026-09-21 23:43:50.5730000,600,467,0,2026-09-21 23:43:50.5730000,-21.166670,-175.116670
2049084,"Dune Acres",3555,233,"16T","16T2H5S1Q",3,2026-09-10 13:32:50.5870000,0,0,639534,2026-09-21 23:43:52.4770000,41.649480,-87.085870
70625,"Makaunga",224,224,"01K","01K2H3S3Q",1,2026-09-21 23:43:55.4770000,842,43,262,2026-09-21 23:43:55.4770000,-21.150000,-175.133330
70763,"Talafo`ou",224,224,"01K","01K2H3S3Q",1,2026-09-21 23:44:00.0100000,600,467,0,2026-09-21 23:44:00.0130000,-21.133330,-175.100000
70333,"Mu`a",224,224,"01K","01K2H3S3Q",1,2026-09-21 23:44:05.7600000,600,467,0,2026-09-21 23:44:05.7600000,-21.183330,-175.116670
70190,"Fatumu",224,224,"01K","01K2H3S3Q",1,2026-09-21 23:44:12.5430000,300,243,190,2026-09-21 23:44:12.5430000,-21.200000,-175.116670
210356,"Funafala Village",3383,227,"60L","60L1H3S2Q",2,2026-09-21 23:44:14.8070000,0,654,0,2026-09-21 23:44:14.8070000,-8.629750,179.100660
70332,"Alaki",224,224,"01K","01K2H3S3Q",1,2026-09-21 23:44:16.8730000,426,0,0,2026-09-21 23:44:16.8730000,-21.183330,-175.133330
2125860,"Cleveland",3576,233,"10T","10T2H2S1Q",2,2026-09-21 23:43:41.3100000,0,2693,0,2026-09-21 23:44:20.3170000,43.296230,-123.476470
70331,"Holonga",224,224,"01K","01K2H3S3Q",1,2026-09-21 23:44:21.5370000,300,134,0,2026-09-21 23:44:21.5370000,-21.183330,-175.150000
70189,"Malapo",224,224,"01K","01K2H3S3Q",1,2026-09-21 23:44:25.4700000,300,243,190,2026-09-21 23:44:25.4700000,-21.200000,-175.150000
2124038,"Elgarose",3576,233,"10T","10T2H2S1Q",2,2026-09-21 23:44:30.7330000,0,331,0,2026-09-21 23:44:30.7330000,43.258170,-123.485910
70330,"Longoteme",224,224,"01K","01K2H3S3Q",1,2026-09-21 23:44:31.5230000,300,244,181,2026-09-21 23:44:31.5230000,-21.183330,-175.166670
70188,"Kolofuu",224,224,"01K","01K2H3S3Q",1,2026-09-21 23:44:36.6630000,810,106,0,2026-09-21 23:44:36.6630000,-21.200000,-175.166670
2123367,"Melrose",3576,233,"10T","10T2H2S1Q",2,2026-09-21 23:44:40.2570000,0,361,0,2026-09-21 23:44:40.2600000,43.247620,-123.458970
70187,"Vaini",224,224,"01K","01K2H3S3Q",1,2026-09-21 23:44:40.5170000,300,182,0,2026-09-21 23:44:40.5170000,-21.200000,-175.200000
70473,"Folaha",224,224,"01K","01K2H3S3Q",1,2026-09-21 23:44:44.4770000,300,244,105,2026-09-21 23:44:44.4770000,-21.166670,-175.183330
1543200,"Hebron",3549,233,"14S","14S2H6S2Q",3,2023-11-08 23:00:16.6500000,0,0,34854650,2026-09-21 23:44:46.4800000,33.026510,-96.863610
70472,"Nukuhetulu",224,224,"01K","01K2H3S3Q",1,2026-09-21 23:44:48.4430000,379,0,0,2026-09-21 23:44:48.4430000,-21.166670,-175.200000
2040376,"Ocata",909,68,"31T","31T2H5S1Q",3,2018-01-13 17:58:35.1370000,0,0,777707,2026-09-21 23:44:54.4100000,41.481380,2.325750
70762,"Nuku`alofa",224,224,"01K","01K2H3S3Q",1,2026-09-21 23:44:55.3630000,300,156,153,2026-09-21 23:44:55.3630000,-21.133330,-175.200000
70761,"Hofoa",224,224,"01K","01K2H3S3Q",1,2026-09-21 23:45:01.1000000,300,244,192,2026-09-21 23:45:01.1000000,-21.133330,-175.216670
70624,"Havelu",224,224,"01K","01K2H3S3Q",1,2026-09-21 23:45:05.1370000,810,88,0,2026-09-21 23:45:05.1370000,-21.150000,-175.216670
70329,"Veitongo",224,224,"01K","01K2H3S3Q",1,2026-09-21 23:45:08.6830000,300,156,109,2026-09-21 23:45:08.6830000,-21.183330,-175.216670
70328,"Pea",224,224,"01K","01K2H3S3Q",1,2026-09-21 23:45:14.1800000,300,244,299,2026-09-21 23:45:14.1800000,-21.183330,-175.233330
70470,"Ha`ateiho",224,224,"01K","01K2H3S3Q",1,2026-09-21 23:45:19.0500000,305,0,109,2026-09-21 23:45:19.0500000,-21.166670,-175.233330
70760,"Puke",224,224,"01K","01K2H3S3Q",1,2026-09-21 23:45:23.0270000,300,244,192,2026-09-21 23:45:23.0270000,-21.133330,-175.233330
70326,"`Utulau",224,224,"01K","01K2H3S3Q",1,2026-09-21 23:45:31.0600000,833,131,0,2026-09-21 23:45:31.0600000,-21.183330,-175.266670
70324,"Ha`akame",224,224,"01K","01K2H3S3Q",1,2026-09-21 23:45:36.7730000,300,215,143,2026-09-21 23:45:36.7730000,-21.183330,-175.283330
2446552,"Bressoux",255,20,"31U","31U2H3S4Q",1,2026-09-21 22:57:07.4130000,32251,0,0,2026-09-21 23:45:36.9700000,50.642870,5.609310
410894,"Abrau",2397,177,"54M","54M1H5S4Q",2,2026-09-21 23:45:40.3300000,0,1200,0,2026-09-21 23:45:40.3300000,-3.766670,141.966670
70623,"Lakepa",224,224,"01K","01K2H3S3Q",1,2026-09-21 23:45:40.4230000,300,244,278,2026-09-21 23:45:40.4230000,-21.150000,-175.283330
70759,"Fatai",224,224,"01K","01K2H3S3Q",1,2026-09-21 23:45:44.0700000,300,231,109,2026-09-21 23:45:44.0700000,-21.133330,-175.283330
410258,"Nigre",2397,177,"54M","54M1H6S3Q",2,2026-09-21 23:45:45.4200000,0,1200,0,2026-09-21 23:45:45.4200000,-3.800000,142.050000
70469,"Houma",224,224,"01K","01K2H3S3Q",1,2026-09-21 23:45:47.3700000,300,224,0,2026-09-21 23:45:47.3700000,-21.166670,-175.300000
410259,"Yakeltim",2397,177,"54M","54M1H6S3Q",2,2026-09-21 23:45:49.7430000,0,1200,0,2026-09-21 23:45:49.7430000,-3.800000,142.083330
70758,"Nukunuku",224,224,"01K","01K2H3S3Q",1,2026-09-21 23:45:52.1070000,300,244,109,2026-09-21 23:45:52.1070000,-21.133330,-175.300000
406344,"Magredi",2397,177,"54M","54M2H3S1Q",2,2026-09-21 23:45:54.0130000,0,1200,0,2026-09-21 23:45:54.0130000,-4.016670,142.033330
70621,"Vaotu`u",224,224,"01K","01K2H3S3Q",1,2026-09-21 23:45:56.5500000,330,0,218,2026-09-21 23:45:56.5500000,-21.150000,-175.316670
70757,"Te`ekiu",224,224,"01K","01K2H3S3Q",1,2026-09-21 23:46:02.0900000,300,244,0,2026-09-21 23:46:02.0900000,-21.133330,-175.316670
144054,"Manono-uta",3735,244,"02L","02L2H1S4Q",2,2026-09-21 23:46:05.3300000,0,515,0,2026-09-21 23:46:05.3300000,-13.881040,-172.066940
70921,"Masilamea",224,224,"01K","01K2H3S3Q",1,2026-09-21 23:46:05.4970000,300,244,109,2026-09-21 23:46:05.5000000,-21.116670,-175.316670
46827,"San Rafael",118,10,"20J","20J1H1S2Q",2,2026-09-21 23:46:08.8400000,0,741,0,2026-09-21 23:46:08.8400000,-24.116670,-64.400000
70755,"Kala`au",224,224,"01K","01K2H3S3Q",1,2026-09-21 23:46:09.5200000,300,139,218,2026-09-21 23:46:09.5200000,-21.133330,-175.333330
47035,"La Ronda",118,10,"20J","20J1H1S2Q",2,2026-09-21 23:46:11.7530000,0,741,0,2026-09-21 23:46:11.7530000,-24.083330,-64.233330
47464,"Saladillo",118,10,"20J","20J1H1S2Q",2,2026-09-21 23:46:14.2070000,0,741,0,2026-09-21 23:46:14.2070000,-24.016670,-64.266670
70920,"Fo`ui",224,224,"01K","01K2H3S3Q",1,2026-09-21 23:46:14.9170000,300,231,218,2026-09-21 23:46:14.9170000,-21.116670,-175.333330
143893,"Tulivae",3736,244,"02L","02L2H1S4Q",2,2026-09-21 23:46:15.0870000,0,515,0,2026-09-21 23:46:15.0870000,-13.890990,-172.064920
47816,"El Mistol",118,10,"20K","20K2H4S4Q",2,2026-09-21 23:46:18.1470000,0,741,0,2026-09-21 23:46:18.1470000,-23.966670,-64.283330
70739,"Ha`utu",224,224,"01K","01K2H3S3Q",1,2026-09-21 23:46:18.8430000,833,163,0,2026-09-21 23:46:18.8430000,-21.141670,-175.329170
47679,"Palma Sola",118,10,"20K","20K2H4S4Q",2,2026-09-21 23:46:20.2770000,0,741,0,2026-09-21 23:46:20.2770000,-23.983330,-64.300000
45975,"Las Tortugas",112,10,"20J","20J1H1S2Q",2,2026-09-21 23:46:22.4730000,0,741,0,2026-09-21 23:46:22.4730000,-24.266670,-64.083330
71059,"Ha`avakatolo",224,224,"01K","01K2H3S3Q",1,2026-09-21 23:46:23.3270000,300,180,109,2026-09-21 23:46:23.3270000,-21.100000,-175.333330
71203,"Neiafu",224,224,"01K","01K2H3S3Q",1,2026-09-21 23:46:33.7170000,300,287,109,2026-09-21 23:46:33.7170000,-21.083330,-175.333330
71333,"Ha`atafu",224,224,"01K","01K2H3S3Q",1,2026-09-21 23:46:41.4500000,1212,51,0,2026-09-21 23:46:41.4500000,-21.066670,-175.333330
2281459,"Ruettenen",510,43,"32T","32T1H1S2Q",2,2026-09-12 00:50:53.3530000,0,1461209,0,2026-09-21 23:46:43.4700000,47.230530,7.529500
71058,"`Ahau",224,224,"01K","01K2H3S3Q",1,2026-09-21 23:46:45.1170000,1212,56,0,2026-09-21 23:46:45.1170000,-21.100000,-175.350000
1165330,"Jianzhenxiang",3392,228,"51Q","51Q1H1S1Q",1,2018-10-28 12:18:07.8330000,983,300,0,2026-09-21 23:46:57.3400000,23.984050,120.853760
1164854,"Beishankeng",3392,228,"51Q","51Q1H1S1Q",3,2024-11-11 23:39:00.7970000,0,300,1143,2026-09-21 23:47:14.1200000,23.981340,120.872500
2451478,"Haccourt",255,20,"31U","31U2H3S4Q",2,2025-03-22 10:29:22.4870000,0,1509031,0,2026-09-21 23:47:25.1900000,50.732720,5.669440
1166197,"Longchuanwo",3392,228,"51R","51R2H4S3Q",2,2026-09-21 23:47:29.1270000,0,300,132,2026-09-21 23:47:29.1270000,24.010600,120.941920
143844,"Samatau",3736,244,"02L","02L2H1S4Q",2,2026-09-21 23:46:22.3970000,0,2915,0,2026-09-21 23:47:34.7370000,-13.899640,-172.057060
1166236,"Dengxinhu",3392,228,"51R","51R2H4S3Q",2,2026-09-21 23:47:35.0830000,0,300,132,2026-09-21 23:47:35.0830000,24.012360,120.944350
2064770,"Elk Grove",3554,233,"16T","16T2H2S3Q",1,2025-04-14 19:31:13.4330000,896804,36872,0,2026-09-21 23:47:35.7830000,42.007250,-87.940340
1166238,"Shizitou",3392,228,"51R","51R2H4S3Q",2,2026-09-21 23:47:39.7630000,0,300,132,2026-09-21 23:47:39.7630000,24.012410,120.955430
1896294,"Logan Circle",3536,233,"18S","18S1H1S3Q",3,2026-09-19 00:02:02.5130000,310409,0,1161512,2026-09-21 23:47:46.8730000,38.912610,-77.031640
137473,"Mua",3723,243,"01L","01L2H4S2Q",1,2026-09-21 23:47:57.7600000,613,300,0,2026-09-21 23:47:57.7600000,-14.350000,-178.050000
72823,"Bois de Nefles",2600,189,"40K","40K2H1S2Q",2,2026-09-21 23:47:59.5430000,0,300,258,2026-09-21 23:47:59.5430000,-20.900000,55.483330
72822,"Saint-Francois",2600,189,"40K","40K2H1S2Q",2,2026-09-21 23:48:03.6030000,0,912,258,2026-09-21 23:48:03.6030000,-20.900000,55.466670
137914,"Vele",3723,243,"01L","01L2H4S2Q",1,2026-09-21 23:48:04.4270000,1185,299,0,2026-09-21 23:48:04.4270000,-14.316670,-178.066670
137913,"Kolia",3723,243,"01L","01L2H4S2Q",1,2026-09-21 23:48:08.9870000,606,0,0,2026-09-21 23:48:08.9870000,-14.316670,-178.083330
73109,"Les Camelias",2600,189,"40K","40K2H1S2Q",1,2013-12-27 10:48:03.5570000,786902,300,0,2026-09-21 23:48:09.0200000,-20.866670,55.466670
72972,"La Providence",2600,189,"40K","40K2H1S2Q",2,2026-09-21 23:48:16.9800000,0,300,258,2026-09-21 23:48:16.9800000,-20.883330,55.450000
72971,"La Montagne",2600,189,"40K","40K2H1S2Q",2,2026-09-21 23:48:20.5100000,0,912,258,2026-09-21 23:48:20.5100000,-20.883330,55.433330
2514774,"Novopetrovskoye",2646,192,"37U","37U2H3S1Q",1,2026-09-21 23:48:21.8730000,1200,0,0,2026-09-21 23:48:21.8730000,51.938330,40.326670
73107,"La Petite Ile",2600,189,"40K","40K2H1S2Q",1,2014-01-21 17:44:52.9770000,578902,300,0,2026-09-21 23:48:23.5170000,-20.866670,55.433330
137912,"Alo",3723,243,"01L","01L2H4S2Q",1,2026-09-21 23:48:24.4500000,744,0,110,2026-09-21 23:48:24.4500000,-14.316670,-178.116670
2514775,"Proletarskiy",2665,192,"39U","39U2H3S1Q",1,2026-09-21 23:48:27.0370000,1200,0,0,2026-09-21 23:48:27.0370000,51.938330,52.195000
138126,"Sigave",3723,243,"01L","01L2H4S2Q",1,2026-09-21 23:48:28.0930000,300,69,0,2026-09-21 23:48:28.0930000,-14.300000,-178.166670
72821,"Le Brule",2600,189,"40K","40K2H1S2Q",1,2013-08-03 06:59:40.6470000,119980,300,0,2026-09-21 23:48:28.8100000,-20.900000,55.433330
139026,"Tauai",3723,243,"01L","01L2H4S2Q",1,2026-09-21 23:48:33.3030000,439,300,0,2026-09-21 23:48:33.3030000,-14.233330,-178.166670
72552,"Ilet a Guillaume",2600,189,"40K","40K2H1S2Q",2,2026-09-21 23:48:37.8200000,0,300,258,2026-09-21 23:48:37.8200000,-20.933330,55.416670
1870575,"Wilton",3567,233,"10S","10S1H3S3Q",2,2012-10-07 04:28:22.8030000,0,1668216,1182156,2026-09-21 23:48:49.0900000,38.412980,-121.212710
944882,"Linglingay",2416,178,"51Q","51Q2H4S4Q",2,2026-09-21 23:48:49.9100000,0,921,0,2026-09-21 23:48:49.9100000,16.799060,121.699140
97090,"Lomaji",933,71,"01K","01K1H1S3Q",1,2026-09-21 23:48:54.9970000,300,270,118,2026-09-21 23:48:55.0000000,-17.716670,-179.300000
944811,"Dalakip",2416,178,"51Q","51Q2H4S4Q",2,2026-09-21 23:48:59.7070000,0,942,0,2026-09-21 23:48:59.7070000,16.794060,121.712040
96906,"Tokalau",933,71,"01K","01K1H1S3Q",1,2026-09-21 23:49:04.9230000,300,270,118,2026-09-21 23:49:04.9230000,-17.733330,-179.300000
944705,"San Fernando",2416,178,"51Q","51Q2H4S4Q",2,2026-09-21 23:49:08.7000000,0,1200,0,2026-09-21 23:49:08.7000000,16.785260,121.706040
96515,"Mambula",933,71,"01K","01K1H1S3Q",1,2026-09-21 23:49:12.8100000,300,270,121,2026-09-21 23:49:12.8100000,-17.766670,-179.350000
946027,"Del Pilar",2416,178,"51Q","51Q2H4S4Q",2,2026-09-21 23:49:17.2000000,0,1200,0,2026-09-21 23:49:17.2000000,16.848060,121.748340
97089,"Tarakua",933,71,"01K","01K1H1S3Q",1,2026-09-21 23:49:18.0770000,300,270,120,2026-09-21 23:49:18.0770000,-17.716670,-179.350000
945930,"Rizalina",2416,178,"51Q","51Q2H4S4Q",2,2026-09-21 23:49:19.5500000,0,1200,0,2026-09-21 23:49:19.5500000,16.839660,121.743140
945637,"Dipaluda",2416,178,"51Q","51Q2H4S4Q",2,2026-09-21 23:49:23.2300000,0,1200,0,2026-09-21 23:49:23.2300000,16.828160,121.797540
2212981,"Holcomb",3576,233,"10T","10T1H5S2Q",3,2024-05-25 16:07:18.9770000,0,0,5766478,2026-09-21 23:49:23.5030000,45.370680,-122.517870
947013,"San Pedro",2416,178,"51Q","51Q2H4S4Q",2,2026-09-21 23:49:28.9900000,0,1200,0,2026-09-21 23:49:28.9900000,16.886850,121.912640
947177,"Minante",2416,178,"51Q","51Q2H4S4Q",1,2015-01-30 02:05:30.0900000,865,300,0,2026-09-21 23:49:34.0430000,16.899440,121.762780
94361,"Narothivo",933,71,"01K","01K1H1S3Q",1,2026-09-21 23:49:37.6830000,300,270,201,2026-09-21 23:49:37.6830000,-17.966670,-179.033330
94215,"Salia",933,71,"01K","01K1H1S3Q",1,2026-09-21 23:49:45.0730000,300,270,201,2026-09-21 23:49:45.0770000,-17.983330,-179.033330
94091,"Liku",933,71,"01K","01K1H4S1Q",1,2026-09-21 23:49:48.1470000,300,270,202,2026-09-21 23:49:48.1470000,-18.000000,-179.050000
1495813,"Emery Park",3572,233,"12S","12S2H5S4Q",3,2013-09-24 21:15:45.5200000,0,0,5179002,2026-09-21 23:50:01.6200000,32.141190,-110.955920
92598,"Nasanggalau",933,71,"01K","01K1H4S2Q",1,2026-09-21 23:50:08.9930000,300,60,0,2026-09-21 23:50:08.9930000,-18.183330,-178.800000
92599,"Vakano",933,71,"01K","01K1H4S2Q",1,2026-09-21 23:50:15.3900000,300,60,0,2026-09-21 23:50:15.3900000,-18.183330,-178.783330
92484,"Yandrana",933,71,"01K","01K1H4S2Q",1,2026-09-21 23:50:22.2100000,300,21,0,2026-09-21 23:50:22.2100000,-18.200000,-178.766670
92485,"Nukunuku",933,71,"01K","01K1H4S2Q",1,2026-09-21 23:50:26.6930000,300,61,0,2026-09-21 23:50:26.6930000,-18.200000,-178.750000
92271,"Waitambu",933,71,"01K","01K1H4S2Q",1,2026-09-21 23:50:30.1700000,300,61,0,2026-09-21 23:50:30.1700000,-18.233330,-178.766670
92165,"Wathiwathi",933,71,"01K","01K1H4S2Q",1,2026-09-21 23:50:35.3830000,300,61,0,2026-09-21 23:50:35.3830000,-18.250000,-178.783330
92269,"Levuka",933,71,"01K","01K1H4S2Q",1,2026-09-21 23:50:45.8030000,300,106,0,2026-09-21 23:50:45.8070000,-18.233330,-178.800000
2299518,"Geratsried",715,57,"32T","32T1H3S1Q",3,2024-10-05 21:16:40.6000000,0,0,20810,2026-09-21 23:50:50.0270000,47.600000,10.066670
2299519,"Aigis",715,57,"32T","32T1H3S1Q",3,2024-10-04 21:56:23.9700000,0,0,15652,2026-09-21 23:51:05.7800000,47.600000,10.100000
90914,"Wainggori",933,71,"01K","01K1H4S2Q",1,2026-09-21 23:51:15.5530000,1155,0,99,2026-09-21 23:51:15.5530000,-18.450000,-178.466670
90913,"Ndakuiloa",933,71,"01K","01K1H4S2Q",1,2026-09-21 23:51:21.5670000,300,270,100,2026-09-21 23:51:21.5670000,-18.450000,-178.483330
1545526,"Beverly Hill",3549,233,"14S","14S2H6S2Q",1,2026-09-21 23:51:34.5230000,845,0,0,2026-09-21 23:51:34.5270000,33.069290,-96.489710
2155850,"College Hill",3576,233,"10T","10T1H5S3Q",1,2025-06-30 03:00:56.4800000,10287424,0,0,2026-09-21 23:51:38.9830000,44.030960,-123.098140
89498,"Nasau",933,71,"01K","01K1H4S2Q",1,2026-09-21 23:51:46.0070000,1155,0,258,2026-09-21 23:51:46.0070000,-18.666670,-178.500000
89598,"Korotolu",933,71,"01K","01K1H4S2Q",1,2026-09-21 23:51:52.8900000,1155,0,258,2026-09-21 23:51:52.8900000,-18.650000,-178.483330
88322,"Namuka",933,71,"01K","01K1H4S2Q",1,2026-09-21 23:52:12.2300000,1155,0,258,2026-09-21 23:52:12.2300000,-18.850000,-178.633330
1886178,"Oak Creek Hills",3567,233,"10S","10S1H3S3Q",3,2026-09-20 22:36:01.9600000,0,659509,1412903,2026-09-21 23:52:12.5800000,38.714070,-121.076890
2551622,"Bickford",979,77,"30U","30U1H5S4Q",2,2021-04-22 11:42:39.0070000,0,60379,0,2026-09-21 23:52:13.9300000,52.716670,-2.166670
143722,"Vailavea",3736,244,"02L","02L2H1S4Q",2,2026-09-21 23:52:16.5130000,0,515,0,2026-09-21 23:52:16.5130000,-13.902560,-172.053730
86064,"Muana-i-Thake",933,71,"01K","01K1H4S4Q",1,2026-09-21 23:52:23.1770000,300,248,0,2026-09-21 23:52:23.1770000,-19.150000,-178.583330
86066,"Ongea",933,71,"01K","01K1H4S4Q",1,2026-09-21 23:52:32.9470000,300,269,0,2026-09-21 23:52:32.9470000,-19.150000,-178.400000
143694,"Siu'faga",3736,244,"02L","02L2H1S4Q",2,2026-09-21 23:52:36.1570000,0,515,0,2026-09-21 23:52:36.1570000,-13.906860,-172.039150
86305,"Navindamu",933,71,"01K","01K1H4S4Q",1,2026-09-21 23:52:37.7130000,1155,0,3,2026-09-21 23:52:37.7130000,-19.116670,-178.600000
1824394,"Richmond",3585,233,"18S","18S1H4S1Q",2,2026-09-21 23:52:37.7830000,0,4900,0,2026-09-21 23:52:56.6700000,37.553760,-77.460260
2514782,"Novaya Ivanovka",2657,192,"38U","38U2H2S2Q",1,2026-09-21 23:53:04.3500000,1200,0,0,2026-09-21 23:53:04.3500000,51.938610,45.260830
87282,"Undu",933,71,"01K","01K1H4S2Q",1,2026-09-21 23:53:04.6030000,300,153,0,2026-09-21 23:53:04.6030000,-18.983330,-178.900000
144307,"Apolimafou",3735,244,"02L","02L2H1S4Q",2,2026-09-21 23:53:04.7230000,0,515,0,2026-09-21 23:53:04.7230000,-13.861800,-172.064470
144353,"Satuimalufilufi",3735,244,"02L","02L2H1S4Q",2,2026-09-21 23:53:09.4970000,0,515,0,2026-09-21 23:53:09.4970000,-13.856210,-172.060140
87661,"Ngalingali",933,71,"01K","01K1H4S2Q",1,2026-09-21 23:53:12.8500000,300,153,0,2026-09-21 23:53:12.8500000,-18.933330,-178.933330
87530,"Lomati",933,71,"01K","01K1H4S2Q",1,2026-09-21 23:53:17.3730000,300,140,0,2026-09-21 23:53:17.3730000,-18.950000,-178.983330
87660,"Tokalau",933,71,"01K","01K1H4S2Q",1,2026-09-21 23:53:24.4730000,816,0,0,2026-09-21 23:53:24.4730000,-18.933330,-178.966670
1960935,"Tacony",3584,233,"18T","18T2H5S3Q",1,2015-04-11 18:30:47.6130000,554807,0,0,2026-09-21 23:54:09.4500000,40.031220,-75.044340
2076264,"Ann Arbor",3557,233,"17T","17T2H1S3Q",1,2016-07-16 20:11:44.6630000,43317632,0,0,2026-09-21 23:54:35.9900000,42.277560,-83.740880
1516443,"Elva",3549,233,"14S","14S2H6S4Q",3,2023-12-22 22:15:00.8630000,0,0,2702041,2026-09-21 23:54:52.2130000,32.526800,-96.794720
2474044,"Koekoek",256,20,"31U","31U2H3S1Q",2,2015-09-04 11:06:31.1370000,30000,1347390,0,2026-09-21 23:55:05.0070000,51.111630,4.366620
91449,"Vanuavatu",933,71,"01K","01K1H4S1Q",1,2026-09-21 23:55:13.4970000,300,253,116,2026-09-21 23:55:13.4970000,-18.366670,-179.266670
138127,"Foi",3723,243,"01L","01L2H4S2Q",1,2026-09-21 23:48:17.9670000,2385,0,0,2026-09-21 23:55:26.4130000,-14.300000,-178.083330
2545086,"Merry Hill",979,77,"30U","30U1H5S4Q",2,2022-08-30 06:58:29.0900000,0,42774,0,2026-09-21 23:55:28.1870000,52.570950,-2.167740
1822520,"Belmont",3567,233,"10S","10S1H5S2Q",1,2026-06-02 19:39:28.3170000,2535833,0,7963,2026-09-21 23:56:00.5230000,37.520210,-122.275800
1674709,"Palisades",3549,233,"14S","14S2H1S1Q",1,2021-02-19 07:01:06.0570000,715420,0,0,2026-09-21 23:56:13.8800000,35.061720,-101.802410
1819273,"Richmond Heights",3585,233,"18S","18S1H4S1Q",2,2026-09-21 23:56:24.9200000,0,1255,0,2026-09-21 23:56:24.9200000,37.463760,-77.398040
152803,"Ahoa",3723,243,"01L","01L2H2S4Q",1,2026-09-21 23:56:23.9270000,1558,0,0,2026-09-21 23:56:25.2270000,-13.283330,-176.200000
9743,"Wayville",138,13,"54H","54H1H4S1Q",2,2023-10-03 23:20:53.5270000,15924,997393,0,2026-09-21 23:56:29.1430000,-34.950000,138.583330
152411,"Vaimatau",3723,243,"01L","01L2H2S4Q",1,2026-09-21 23:56:30.6000000,549,300,0,2026-09-21 23:56:30.6000000,-13.316670,-176.200000
151972,"Halalo",3723,243,"01L","01L2H2S4Q",1,2026-09-21 23:57:04.0430000,460,0,0,2026-09-21 23:57:04.0430000,-13.350000,-176.183330
1820032,"Capitol View",3585,233,"18S","18S1H4S1Q",2,2026-09-21 23:57:04.5670000,0,1284,0,2026-09-21 23:57:04.5670000,37.475980,-77.390540
236314,"Primavera",360,31,"23M","23M2H4S4Q",2,2026-09-21 23:57:06.8100000,0,1200,0,2026-09-21 23:57:06.8100000,-7.966670,-46.583330
1964698,"Dublin",3563,233,"17T","17T2H4S3Q",1,2026-09-20 22:26:21.2170000,81077,0,0,2026-09-21 23:57:08.2470000,40.099230,-83.114080
152951,"Mata'utu",3723,243,"01L","01L2H2S4Q",1,2026-09-21 23:57:08.8100000,362,0,0,2026-09-21 23:57:08.8100000,-13.281630,-176.174530
244584,"Sao Pedro",364,31,"23M","23M2H4S4Q",2,2026-09-21 23:57:09.7500000,0,1200,0,2026-09-21 23:57:09.7500000,-7.833330,-46.566670
153001,"Utuloa",3723,243,"01L","01L2H2S4Q",1,2026-09-21 23:57:12.7830000,362,0,0,2026-09-21 23:57:12.7830000,-13.266670,-176.183330
247310,"Anaja",364,31,"23M","23M2H4S4Q",2,2026-09-21 23:57:12.9930000,0,1200,0,2026-09-21 23:57:12.9930000,-7.800000,-46.566670
264098,"Campina",364,31,"23M","23M2H4S4Q",2,2026-09-21 23:57:18.3030000,0,1200,0,2026-09-21 23:57:18.3030000,-7.650000,-46.566670
264099,"Coqueiro",364,31,"23M","23M2H4S4Q",2,2026-09-21 23:57:21.2930000,0,1200,0,2026-09-21 23:57:21.2930000,-7.650000,-46.450000
296237,"Mato Seco",364,31,"23M","23M2H4S4Q",2,2026-09-21 23:57:25.1130000,0,1200,0,2026-09-21 23:57:25.1130000,-7.300000,-46.366670
314385,"Barro Branco",364,31,"23M","23M2H4S4Q",2,2026-09-21 23:57:30.2430000,0,1200,0,2026-09-21 23:57:30.2430000,-7.050000,-46.600000
317045,"Bom Jardim",364,31,"23M","23M2H4S4Q",2,2026-09-21 23:57:33.7030000,0,1200,0,2026-09-21 23:57:33.7030000,-7.016670,-46.483330
153172,"Fakauita",3723,243,"01L","01L2H2S4Q",1,2026-09-21 23:57:34.0830000,362,0,0,2026-09-21 23:57:34.0830000,-13.250000,-176.183330
153539,"Tufuone",3723,243,"01L","01L2H2S4Q",1,2026-09-21 23:57:40.8500000,551,0,0,2026-09-21 23:57:40.8500000,-13.216670,-176.166670
1963342,"Ashton Wooden Bridge",3584,233,"18T","18T2H5S3Q",1,2014-02-03 00:22:28.0470000,133090,300,0,2026-09-21 23:57:42.6330000,40.071780,-75.022950
153540,"Vailala",3723,243,"01L","01L2H2S4Q",1,2026-09-21 23:57:45.4900000,551,0,0,2026-09-21 23:57:45.4900000,-13.216670,-176.150000
153345,"Vaitupu",3723,243,"01L","01L2H2S4Q",1,2026-09-21 23:57:48.8800000,565,0,246,2026-09-21 23:57:48.8800000,-13.233330,-176.150000
153173,"Lano",3723,243,"01L","01L2H2S4Q",1,2026-09-21 23:57:52.3670000,565,0,248,2026-09-21 23:57:52.3670000,-13.250000,-176.133330
153002,"Akaka",3723,243,"01L","01L2H2S4Q",1,2026-09-21 23:57:56.1800000,565,0,248,2026-09-21 23:57:56.1800000,-13.266670,-176.133330
152804,"Halamaitai",3723,243,"01L","01L2H2S4Q",1,2026-09-21 23:58:01.1700000,363,0,0,2026-09-21 23:58:01.1700000,-13.283330,-176.133330
152611,"Falaleu",3723,243,"01L","01L2H2S4Q",1,2026-09-21 23:58:04.8100000,565,0,246,2026-09-21 23:58:04.8100000,-13.300000,-176.150000
152413,"Tepa",3723,243,"01L","01L2H2S4Q",1,2026-09-21 23:58:09.9700000,363,0,0,2026-09-21 23:58:09.9700000,-13.316670,-176.150000
152202,"Gahi",3723,243,"01L","01L2H2S4Q",1,2026-09-21 23:58:13.2870000,565,0,247,2026-09-21 23:58:13.2900000,-13.333330,-176.150000
151976,"Utufua",3723,243,"01L","01L2H2S4Q",1,2026-09-21 23:58:18.2330000,363,0,0,2026-09-21 23:58:18.2330000,-13.350000,-176.150000
151973,"Mua",3723,243,"01L","01L2H2S4Q",1,2026-09-21 23:58:21.5900000,453,300,0,2026-09-21 23:58:21.5900000,-13.350000,-176.166670
144384,"Lalovi",3735,244,"02L","02L2H1S4Q",2,2026-09-21 23:58:30.1900000,0,515,0,2026-09-21 23:58:30.1900000,-13.851710,-172.057220
1870447,"Yolano",3567,233,"10S","10S1H3S3Q",2,2012-08-19 02:32:09.7230000,0,1949761,181006,2026-09-21 23:58:34.4570000,38.410190,-121.705510
144576,"Fuailolo`o",3735,244,"02L","02L2H1S4Q",2,2026-09-21 23:58:38.4630000,0,514,0,2026-09-21 23:58:38.4630000,-13.844740,-172.045880
144369,"Olo",3735,244,"02L","02L2H1S4Q",2,2026-09-21 23:58:41.5670000,0,514,0,2026-09-21 23:58:41.5670000,-13.854080,-172.031360
1863331,"Parker",3585,233,"18S","18S1H1S3Q",1,2013-08-01 01:30:35.9030000,857899,480,0,2026-09-21 23:58:59.4430000,38.275130,-77.757210
144400,"Vaimoa",3735,244,"02L","02L2H1S4Q",2,2026-09-21 23:59:04.5370000,0,1029,0,2026-09-21 23:59:04.5370000,-13.850000,-172.033330
2452264,"Berneau",255,20,"31U","31U2H3S4Q",2,2024-12-30 15:31:39.4270000,0,1520573,0,2026-09-21 23:59:08.5170000,50.742350,5.730630
2290985,"Niederrohrdorf",528,43,"32T","32T1H2S1Q",3,2023-01-25 08:48:20.8430000,4500,0,9542488,2026-09-21 23:59:08.7730000,47.416670,8.300000
13091,"Rogans Hill",143,13,"56H","56H1H1S4Q",2,2026-07-09 10:05:48.7800000,0,17059676,0,2026-09-21 23:59:16.9100000,-33.733330,151.016670
144637,"Samea",3735,244,"02L","02L2H1S4Q",2,2026-09-21 23:59:18.7200000,0,514,0,2026-09-21 23:59:18.7200000,-13.837580,-172.041100
9420,"Wagga Wagga",143,13,"55H","55H1H5S4Q",2,2013-04-05 11:03:40.4800000,0,735139990,0,2026-09-21 23:59:20.4370000,-35.116670,147.366670
1912768,"Town Hill",3555,233,"16S","16S1H2S2Q",2,2013-09-04 23:27:11.1270000,0,13549741,0,2026-09-21 23:59:30.1800000,39.198100,-86.246660
96516,"Natheva",933,71,"01K","01K1H1S3Q",2,2026-09-21 23:59:54.8830000,0,1302,207,2026-09-21 23:59:54.8830000,-17.766670,-179.316670
1563219,"Greenwood",3539,233,"16S","16S2H6S2Q",3,2013-07-20 22:40:42.1070000,0,0,24863568,2026-09-22 00:00:13.4100000,33.392890,-84.168810
1555841,"Flovilla",3539,233,"17S","17S2H4S1Q",3,2013-07-11 23:47:22.8370000,0,0,4380987,2026-09-22 00:00:34.8770000,33.253730,-83.898520
1878674,"Mayhew",3567,233,"10S","10S1H3S3Q",2,2013-03-31 23:54:34.2830000,0,2740828,1109741,2026-09-22 00:01:00.3270000,38.565180,-121.350780
1903828,"McClusky",3554,233,"15S","15S1H3S2Q",3,2018-05-19 18:37:06.1800000,0,55693,1113796,2026-09-22 00:01:10.1400000,39.043380,-90.320390
1792617,"Scotts Valley",3567,233,"10S","10S1H5S2Q",3,2013-09-26 18:25:57.5030000,3734,0,291027,2026-09-22 00:01:22.1300000,37.051060,-122.014680
1551493,"Minchin",3549,233,"14S","14S2H6S1Q",3,2015-09-29 10:58:40.5300000,0,0,3687600,2026-09-22 00:01:27.5130000,33.179290,-97.153620
2214062,"Saint-Lazare",459,38,"18T","18T1H5S2Q",1,2026-06-07 19:25:39.4700000,370877,0,0,2026-09-22 00:01:39.1030000,45.400080,-74.132560
1478330,"Baker Hill",3551,233,"16R","16R1H3S1Q",2,2022-01-07 14:39:03.5070000,0,92220,0,2026-09-22 00:02:00.4530000,31.781270,-85.302160
2296291,"Issaquah",3578,233,"10T","10T1H2S2Q",1,2021-08-16 19:14:25.5170000,4953347,6997,0,2026-09-22 00:02:08.6900000,47.530100,-122.032620
2218294,"Longueuil",459,38,"18T","18T1H6S1Q",3,2025-11-03 23:10:02.2570000,0,0,2407243,2026-09-22 00:02:14.3270000,45.531210,-73.518060
2138299,"Sioux Falls",3577,233,"14T","14T2H3S2Q",2,2013-04-15 23:15:01.0930000,0,589502459,0,2026-09-22 00:02:21.4870000,43.549970,-96.700330
12570,"Stanmore",143,13,"56H","56H1H1S4Q",3,2017-05-16 05:14:35.5370000,0,517,1499795,2026-09-22 00:02:22.4330000,-33.894070,151.164240
12220,"Holsworthy",143,13,"56H","56H1H1S3Q",3,2017-06-13 08:08:58.6900000,0,5584,605462,2026-09-22 00:02:52.4600000,-33.983330,150.966670
