ZoneId,Description,RegionId,CountryId,UtmGrid,GridRef,ZoneControlState,DateCapturedUtc,LegionCount,SwarmCount,FacelessCount,LastUpdateDateUtc,Latitude,Longitude
2309423,"Peiting",715,57,"32T","32T1H3S1Q",3,2026-09-12 00:01:32.1470000,0,0,1193,2026-09-12 00:01:32.1470000,47.800000,10.933330
2309424,"Hausen",715,57,"32T","32T1H3S1Q",3,2026-09-12 00:01:39.2000000,0,0,2376,2026-09-12 00:01:41.8230000,47.800000,10.950000
2313517,"Kinsau",715,57,"32T","32T1H3S1Q",3,2026-09-12 00:01:58.0630000,0,0,1193,2026-09-12 00:01:58.0630000,47.883330,10.916670
2315162,"Epfach",715,57,"32T","32T1H3S1Q",3,2026-09-12 00:02:08.5900000,0,0,1173,2026-09-12 00:02:08.5900000,47.916670,10.916670
2315160,"Denklingen",715,57,"32T","32T1H3S1Q",3,2026-09-12 00:02:15.8900000,0,0,1173,2026-09-12 00:02:15.8900000,47.916670,10.850000
2316009,"Leeder",715,57,"32T","32T1H3S1Q",3,2026-09-12 00:02:22.1900000,0,0,1192,2026-09-12 00:02:22.1900000,47.933330,10.833330
2316881,"Asch",715,57,"32T","32T1H3S1Q",3,2026-09-12 00:02:28.7930000,0,0,1192,2026-09-12 00:02:28.7930000,47.950000,10.833330
1897375,"Ewing",3567,233,"10S","10S1H3S3Q",3,2026-09-03 03:24:35.8030000,0,0,2009479,2026-09-12 00:03:50.9330000,38.932670,-121.345510
1931200,"Assumption",3554,233,"16S","16S1H1S1Q",3,2026-09-12 00:04:14.8900000,0,0,1108,2026-09-12 00:04:14.8900000,39.520320,-89.048970
1932143,"Hewittville",3554,233,"16S","16S1H1S1Q",3,2026-09-12 00:04:19.5870000,0,0,1060,2026-09-12 00:04:19.5870000,39.536160,-89.216750
1966138,"Weldon",3554,233,"16T","16T2H4S4Q",2,2026-09-05 15:54:27.5030000,0,30068,517,2026-09-12 00:04:50.8630000,40.121150,-88.745350
2318587,"Dornstetten",715,57,"32T","32T1H3S1Q",3,2026-09-12 00:05:53.5830000,0,0,2471,2026-09-12 00:05:53.5830000,47.983330,10.866670
135550,"Hacienda Mollaque Chico",2381,175,"18L","18L2H5S1Q",1,2026-09-12 00:07:11.6070000,622,0,0,2026-09-12 00:07:11.6070000,-14.510560,-75.173330
135397,"Moyaque",2381,175,"18L","18L2H5S1Q",1,2026-09-12 00:07:15.8600000,622,0,0,2026-09-12 00:07:15.8600000,-14.516670,-75.166670
135378,"Hacienda San Jose de Mollaque",2381,175,"18L","18L2H5S1Q",3,2017-04-09 17:34:59.5200000,517,0,920,2026-09-12 00:07:16.8570000,-14.521110,-75.170000
135370,"Hacienda San Borjas",2381,175,"18L","18L2H5S1Q",1,2026-09-12 00:07:19.5230000,622,0,0,2026-09-12 00:07:19.5230000,-14.523890,-75.173890
135349,"Hacienda San Pedro",2381,175,"18L","18L2H5S1Q",1,2026-09-12 00:07:22.2000000,622,0,0,2026-09-12 00:07:22.2000000,-14.529170,-75.177500
135366,"Hacienda La Maquina",2381,175,"18L","18L2H5S1Q",1,2026-09-12 00:07:24.3970000,622,0,0,2026-09-12 00:07:24.3970000,-14.524440,-75.185830
135354,"Sacramento",2381,175,"18L","18L2H5S1Q",1,2026-09-12 00:07:26.7400000,622,0,0,2026-09-12 00:07:26.7400000,-14.527500,-75.193890
135341,"Hacienda Yunama Chico",2381,175,"18L","18L2H5S1Q",1,2026-09-12 00:07:30.0030000,622,0,0,2026-09-12 00:07:30.0030000,-14.530560,-75.198060
1854928,"Black Point",3567,233,"10S","10S1H2S4Q",3,2012-11-05 06:00:42.5030000,0,0,1498091,2026-09-12 00:07:43.0500000,38.110200,-122.505530
1855099,"Black Point-Green Point",3567,233,"10S","10S1H2S4Q",3,2012-11-05 05:56:14.3430000,0,0,1652205,2026-09-12 00:07:49.3770000,38.115470,-122.513180
1854819,"Novato",3567,233,"10S","10S1H2S4Q",3,2013-02-27 01:40:19.1270000,0,0,2052762,2026-09-12 00:07:56.6700000,38.107420,-122.569700
135210,"Palpa",2381,175,"18L","18L2H5S1Q",1,2026-09-12 00:07:59.8200000,622,0,0,2026-09-12 00:07:59.8230000,-14.533610,-75.185560
1854156,"Old Town",3567,233,"10S","10S1H2S4Q",3,2013-02-28 02:13:56.9070000,0,0,1284808,2026-09-12 00:08:03.0800000,38.095750,-122.568870
1851247,"Lucas Valley-Marinwood",3567,233,"10S","10S1H2S4Q",3,2013-06-29 16:19:06.9700000,0,0,1670937,2026-09-12 00:08:20.4630000,38.040110,-122.575500
1850479,"Lucas Valley",3567,233,"10S","10S1H2S4Q",3,2013-06-23 04:08:10.9900000,0,0,1893756,2026-09-12 00:08:25.9530000,38.027420,-122.558310
1849528,"Sleepy Hollow",3567,233,"10S","10S1H2S4Q",3,2013-06-04 18:04:46.7500000,0,0,1798693,2026-09-12 00:08:51.9270000,38.010480,-122.584420
1849309,"Woodacre",3567,233,"10S","10S1H2S4Q",3,2013-05-08 08:11:31.0770000,0,0,2361824,2026-09-12 00:08:56.5700000,38.005320,-122.638110
1849618,"Woodacre",3567,233,"10S","10S1H2S4Q",3,2013-06-07 14:42:49.5330000,0,0,2881767,2026-09-12 00:09:24.9100000,38.012700,-122.645260
2218623,"Deux-Montagnes",459,38,"18T","18T1H6S1Q",1,2026-06-04 12:37:37.7300000,350803,0,0,2026-09-12 00:10:42.8970000,45.534550,-73.901680
2241615,"Saint-Alphonse-Rodriguez",459,38,"18T","18T1H3S3Q",2,2021-08-25 11:56:13.2370000,300,1761,0,2026-09-12 00:11:53.9530000,46.183380,-73.699170
2726384,"Tillyminnate",977,77,"30V","30V2H5S2Q",2,2026-09-12 00:14:10.1130000,4813,5700,0,2026-09-12 00:14:10.1130000,57.383330,-2.833330
2563550,"Shelford",979,77,"30U","30U1H6S3Q",2,2026-09-12 00:15:42.5000000,0,1094,0,2026-09-12 00:15:42.5000000,52.966670,-1.016670
135337,"Hacienda Carapo",2381,175,"18L","18L2H5S1Q",1,2026-09-12 00:16:34.8370000,622,0,0,2026-09-12 00:16:34.8370000,-14.531670,-75.175280
135209,"Hacienda Puerto Pellejo",2381,175,"18L","18L2H5S1Q",3,2017-04-09 17:21:33.6630000,517,0,1810,2026-09-12 00:16:38.5570000,-14.534170,-75.167500
135192,"Hacienda Santa Ines",2381,175,"18L","18L2H5S1Q",3,2017-04-09 17:20:39.6200000,517,0,560,2026-09-12 00:16:48.1300000,-14.538060,-75.168610
2233569,"Johnswood",3557,233,"17T","17T1H4S1Q",3,2026-09-12 00:17:55.6570000,0,0,981,2026-09-12 00:17:55.6570000,45.950850,-83.622220
2150103,"Markham",457,38,"17T","17T2H3S1Q",3,2020-06-12 05:24:37.4500000,0,0,7037913,2026-09-12 00:18:20.6200000,43.866820,-79.266300
2146657,"Scarborough",457,38,"17T","17T2H3S1Q",3,2020-02-19 11:55:11.7400000,0,0,8274589,2026-09-12 00:18:23.4200000,43.772230,-79.256660
2144137,"Toronto",457,38,"17T","17T2H3S1Q",3,2016-05-20 22:04:38.2670000,0,0,16808107,2026-09-12 00:18:28.3300000,43.700110,-79.416300
2142281,"Downtown Toronto",457,38,"17T","17T2H3S1Q",3,2013-11-30 22:11:28.3900000,0,0,20984507,2026-09-12 00:18:34.2170000,43.650110,-79.382900
2146202,"Lansing",457,38,"17T","17T2H3S1Q",3,2016-05-25 16:04:40.4970000,0,0,7144447,2026-09-12 00:18:37.1770000,43.761210,-79.412900
2146512,"North York",457,38,"17T","17T2H3S1Q",3,2010-01-01 00:00:00.0000000,0,0,8197367,2026-09-12 00:18:40.5130000,43.766810,-79.416300
2148940,"Vaughan",457,38,"17T","17T2H3S1Q",3,2016-05-16 13:29:24.2500000,0,0,6611597,2026-09-12 00:18:48.5400000,43.833410,-79.532910
1849643,"San Geronimo",3567,233,"10S","10S1H2S4Q",3,2013-06-05 23:47:59.3830000,0,0,2022602,2026-09-12 00:21:42.7870000,38.013260,-122.663870
1849729,"Forest Knolls",3567,233,"10S","10S1H2S4Q",3,2013-06-05 09:23:49.0270000,0,0,1697283,2026-09-12 00:21:46.7200000,38.015200,-122.688600
1850079,"Lagunitas-Forest Knolls",3567,233,"10S","10S1H2S4Q",3,2013-04-27 15:30:52.7630000,0,0,1715856,2026-09-12 00:21:49.9970000,38.017930,-122.691240
1849566,"Lagunitas",3567,233,"10S","10S1H2S4Q",3,2013-04-27 15:31:09.9730000,0,0,1928754,2026-09-12 00:22:10.1930000,38.011310,-122.702210
2125100,"Allen",3577,233,"14T","14T2H1S1Q",2,2026-09-12 00:24:57.5000000,0,1019,0,2026-09-12 00:24:57.5000000,43.280830,-101.924320
2119713,"Martin",3577,233,"14T","14T2H1S1Q",2,2026-09-12 00:25:00.7500000,0,1013,0,2026-09-12 00:25:00.7500000,43.172500,-101.732650
2114980,"Beresford",3577,233,"14T","14T2H3S2Q",2,2018-08-14 15:07:21.7230000,0,24989,0,2026-09-12 00:25:20.5070000,43.080540,-96.773660
2117521,"Hudson",3577,233,"14T","14T2H3S2Q",2,2018-08-14 02:35:20.3700000,0,128768,0,2026-09-12 00:25:27.9130000,43.130260,-96.454200
2211210,"Beauharnois",459,38,"18T","18T1H6S1Q",1,2026-05-25 00:40:27.8230000,350739,0,0,2026-09-12 00:25:35.2600000,45.316780,-73.865900
2125046,"Doon",3553,233,"14T","14T2H3S2Q",2,2016-10-11 01:37:50.9030000,0,387067,0,2026-09-12 00:25:35.2900000,43.279420,-96.232800
2128421,"Lakewood Corner",3553,233,"14T","14T2H3S2Q",2,2016-05-26 16:29:38.4100000,0,186104,0,2026-09-12 00:25:39.1200000,43.346090,-96.176140
2132656,"Rock Rapids",3553,233,"14T","14T2H3S2Q",2,2016-06-21 02:24:42.6430000,0,222859,0,2026-09-12 00:25:43.7870000,43.427190,-96.175860
1480980,"Rosemont Junction",3572,233,"12R","12R1H2S2Q",3,2015-01-11 16:44:56.8570000,0,0,1880917,2026-09-12 00:26:34.3370000,31.834250,-110.732860
2324086,"Kleinkitzighofen",715,57,"32U","32U2H6S3Q",3,2026-09-12 00:28:22.7300000,0,0,678,2026-09-12 00:28:22.7300000,48.085890,10.767370
2446411,"Queue-du-Bois",255,20,"31U","31U2H3S4Q",1,2024-12-28 14:17:09.3970000,17603,0,0,2026-09-12 00:29:29.2800000,50.638180,5.680280
2295671,"Oberletzen",130,12,"32T","32T1H3S1Q",3,2024-10-09 08:51:54.3400000,0,0,20172,2026-09-12 00:30:40.5270000,47.516670,10.700000
2150102,"Teston",457,38,"17T","17T2H3S1Q",3,2016-05-19 18:30:40.9300000,0,0,6118754,2026-09-12 00:31:39.0630000,43.866810,-79.532910
2152157,"King City",457,38,"17T","17T2H3S1Q",3,2016-05-22 03:56:54.9830000,0,0,6527945,2026-09-12 00:31:49.5630000,43.928560,-79.526940
2151869,"Laskay",457,38,"17T","17T2H3S1Q",3,2016-03-28 13:06:04.8300000,0,0,6785695,2026-09-12 00:31:54.3100000,43.916810,-79.582920
2152437,"Strange",457,38,"17T","17T2H3S1Q",3,2016-03-28 01:58:14.3530000,0,0,6764999,2026-09-12 00:31:57.2330000,43.933410,-79.582920
2153426,"King",457,38,"17T","17T2H3S1Q",3,2016-04-26 16:49:52.6930000,0,0,6287147,2026-09-12 00:32:04.6570000,43.965140,-79.590110
2154611,"Snowball",457,38,"17T","17T2H3S1Q",3,2016-05-06 01:28:34.6400000,0,0,6995575,2026-09-12 00:32:08.3370000,43.996270,-79.509090
2154844,"Aurora",457,38,"17T","17T1H6S3Q",3,2013-12-31 07:38:42.2970000,0,0,6708931,2026-09-12 00:32:14.1830000,44.000110,-79.466320
33634,"Buderim",142,13,"56J","56J1H5S2Q",1,2026-09-12 00:35:14.1230000,1153,0,0,2026-09-12 00:35:14.1230000,-26.683330,153.050000
33810,"Twin Waters",142,13,"56J","56J1H5S2Q",1,2026-09-12 00:35:20.9600000,408,0,0,2026-09-12 00:35:20.9600000,-26.610000,153.000000
33633,"Palmwoods",142,13,"56J","56J1H5S1Q",1,2026-09-12 00:35:28.7400000,408,0,0,2026-09-12 00:35:28.7400000,-26.683330,152.966670
33759,"Perwillowen",142,13,"56J","56J1H5S1Q",1,2026-09-12 00:35:40.6500000,1046,0,0,2026-09-12 00:35:40.6500000,-26.633330,152.916670
33758,"Mapleton",142,13,"56J","56J1H5S1Q",1,2026-09-12 00:35:44.6270000,1046,0,0,2026-09-12 00:35:44.6270000,-26.633330,152.866670
33970,"Cooloolabin",142,13,"56J","56J1H5S1Q",1,2026-09-12 00:35:49.9930000,1047,0,0,2026-09-12 00:35:49.9930000,-26.550000,152.883330
2122187,"Fairview",3577,233,"14T","14T2H3S2Q",2,2014-07-02 22:01:02.0670000,0,5160887,0,2026-09-12 00:37:30.2300000,43.221650,-96.490040
2125123,"Beloit",3553,233,"14T","14T2H3S2Q",2,2013-04-13 03:37:19.8170000,0,5188221,0,2026-09-12 00:37:33.2500000,43.281370,-96.574760
2126497,"Inwood",3553,233,"14T","14T2H3S2Q",2,2013-04-14 07:47:07.2500000,0,5199066,0,2026-09-12 00:37:39.2600000,43.307200,-96.431980
2292227,"Ragnar",3578,233,"10T","10T1H3S1Q",1,2019-10-01 01:18:36.8430000,2326083,0,0,2026-09-12 00:44:58.9470000,47.440940,-121.707880
2292395,"Edgewick",3578,233,"10T","10T1H3S1Q",1,2019-10-03 17:45:27.7600000,3214708,0,0,2026-09-12 00:45:03.0100000,47.448440,-121.726220
2293850,"Tanner",3578,233,"10T","10T1H3S1Q",1,2024-12-12 08:19:07.0330000,2846212,0,0,2026-09-12 00:45:11.9630000,47.475380,-121.746220
133802,"Hacienda San Javier",2381,175,"18L","18L2H5S1Q",3,2017-04-09 00:16:20.9230000,517,0,560,2026-09-12 00:45:27.1070000,-14.661110,-75.188890
2294684,"North Bend",3578,233,"10T","10T1H3S1Q",1,2019-11-08 02:50:50.0170000,4339598,0,0,2026-09-12 00:45:27.1130000,47.495660,-121.786780
133640,"Hacienda La Legua",2381,175,"18L","18L2H5S1Q",3,2017-04-09 00:16:42.3700000,517,0,560,2026-09-12 00:45:28.6300000,-14.671940,-75.159440
133625,"La Mancha",2381,175,"18L","18L2H5S1Q",3,2017-04-09 00:16:30.8200000,517,0,560,2026-09-12 00:45:31.9030000,-14.676940,-75.169170
133464,"La Banda",2381,175,"18L","18L2H5S1Q",1,2026-09-12 00:45:34.3300000,817,0,418,2026-09-12 00:45:34.3300000,-14.683330,-75.166670
2296823,"Ernies Grove",3578,233,"10T","10T1H3S1Q",1,2020-01-04 01:09:51.9000000,3325314,0,0,2026-09-12 00:45:35.7230000,47.535100,-121.745390
2296133,"Preston",3578,233,"10T","10T1H3S1Q",1,2022-08-15 23:55:35.1830000,5007405,0,0,2026-09-12 00:45:41.8470000,47.523710,-121.927060
133641,"Hacienda San Jose",2381,175,"18L","18L2H5S1Q",1,2026-09-12 00:45:43.9500000,1153,0,0,2026-09-12 00:45:43.9500000,-14.671670,-75.127500
2296291,"Issaquah",3578,233,"10T","10T1H2S2Q",1,2021-08-16 19:14:25.5170000,5010729,0,0,2026-09-12 00:45:45.6130000,47.530100,-122.032620
133847,"El Puente",2381,175,"18L","18L2H5S1Q",1,2026-09-12 00:45:58.8570000,1153,0,0,2026-09-12 00:45:58.8600000,-14.650830,-75.234170
133848,"Santa Elena",2381,175,"18L","18L2H5S1Q",1,2026-09-12 00:46:33.0230000,1250,0,0,2026-09-12 00:46:33.0230000,-14.650830,-75.225000
1605411,"Vineyard",3567,233,"11S","11S2H1S4Q",3,2016-03-17 00:52:25.0430000,0,0,1064853,2026-09-12 00:49:24.2170000,34.047230,-118.337020
1606832,"Hancock Park",3567,233,"11S","11S2H1S4Q",3,2016-01-30 15:27:44.5200000,0,0,1060718,2026-09-12 00:49:30.5600000,34.067790,-118.332580
1603998,"Sentous",3567,233,"11S","11S2H1S4Q",3,2015-11-12 20:58:08.1830000,0,0,1087446,2026-09-12 00:49:35.4730000,34.026400,-118.372020
1604134,"Culver Junction",3567,233,"11S","11S2H1S4Q",3,2016-03-21 06:20:12.7770000,0,0,1040534,2026-09-12 00:49:44.5270000,34.028340,-118.390360
1603647,"Culver City",3567,233,"11S","11S2H1S4Q",3,2015-12-16 07:06:51.8370000,0,0,1098389,2026-09-12 00:49:49.4630000,34.021120,-118.396470
1603755,"Palms",3567,233,"11S","11S2H1S4Q",3,2014-11-25 00:18:28.3770000,0,0,1108829,2026-09-12 00:49:56.9070000,34.022790,-118.405630
1602423,"Mar Vista",3567,233,"11S","11S2H1S4Q",3,2010-01-01 00:00:00.0000000,0,0,1029082,2026-09-12 00:50:02.4300000,34.004730,-118.430910
1602340,"Mar Vista Houses",3567,233,"11S","11S2H1S4Q",3,2015-01-07 16:26:17.7800000,0,0,1038660,2026-09-12 00:50:11.4430000,34.003620,-118.442860
2563154,"Saxondale",979,77,"30U","30U1H6S4Q",2,2026-09-12 00:50:56.4470000,0,984,0,2026-09-12 00:50:56.4470000,52.953400,-0.986190
12633,"Ultimo",143,13,"56H","56H1H1S4Q",2,2026-08-22 20:25:26.3800000,0,5033432,0,2026-09-12 00:51:10.6200000,-33.878820,151.197370
2530590,"Great Doddington",979,77,"30U","30U1H6S4Q",2,2026-09-12 00:51:29.9670000,178,2016,0,2026-09-12 00:51:29.9670000,52.266670,-0.700000
12646,"Pyrmont",143,13,"56H","56H1H1S4Q",2,2026-08-19 01:04:18.7800000,0,3430090,0,2026-09-12 00:51:32.6730000,-33.869440,151.193890
12631,"Darlinghurst",143,13,"56H","56H1H1S4Q",3,2018-07-14 04:06:58.2670000,0,517,1511914,2026-09-12 00:51:49.4830000,-33.879390,151.219250
2126621,"Elm Spring",3553,233,"14T","14T2H3S2Q",2,2013-04-13 01:40:50.5330000,0,5310602,0,2026-09-12 00:52:05.9900000,43.310540,-96.491430
2128286,"Alvord",3553,233,"14T","14T2H3S2Q",2,2013-07-02 18:22:41.9600000,0,5168680,0,2026-09-12 00:52:07.2800000,43.342200,-96.301140
131761,"Achaco",2381,175,"18L","18L2H5S2Q",1,2026-09-12 00:52:01.1400000,517,0,0,2026-09-12 00:52:08.7270000,-14.833330,-74.983330
2133478,"Lester",3553,233,"14T","14T2H3S2Q",2,2013-04-13 22:27:23.5430000,0,5159124,0,2026-09-12 00:52:11.0800000,43.444700,-96.333090
2130784,"Klondike",3553,233,"14T","14T2H3S2Q",2,2013-04-12 02:43:08.3970000,0,5189233,0,2026-09-12 00:52:13.9770000,43.387760,-96.520870
132575,"Pampa de La Victoria",2381,175,"18L","18L2H5S2Q",1,2026-09-12 00:52:30.3030000,715,0,0,2026-09-12 00:52:30.3030000,-14.766670,-74.950000
1978026,"Skyline View",3584,233,"18T","18T2H4S4Q",3,2024-06-17 00:12:15.0330000,0,0,1219806,2026-09-12 00:52:51.3200000,40.339260,-76.725520
1977847,"Pine Acres",3584,233,"18T","18T2H4S4Q",3,2024-06-18 19:31:59.4530000,0,0,1203679,2026-09-12 00:53:03.1030000,40.335090,-76.733860
12815,"Balmoral",143,13,"56H","56H1H1S4Q",3,2017-04-06 11:03:03.2900000,0,2355,1058622,2026-09-12 00:58:51.5870000,-33.823890,151.246940
12862,"Clontarf",143,13,"56H","56H1H1S4Q",3,2017-04-29 12:15:05.6430000,0,2068,1091590,2026-09-12 00:58:57.3400000,-33.809720,151.256670
12864,"Balgowlah Heights",143,13,"56H","56H1H1S4Q",3,2017-04-17 08:51:55.2200000,0,2068,1235648,2026-09-12 00:58:59.1630000,-33.805560,151.259170
2362098,"Grenelle",955,75,"31U","31U2H5S3Q",2,2026-08-18 18:07:08.3730000,0,10209,0,2026-09-12 00:59:02.3130000,48.850000,2.300000
12898,"Balgowlah",143,13,"56H","56H1H1S4Q",3,2017-04-29 12:07:31.5230000,0,2585,1044523,2026-09-12 00:59:15.7130000,-33.800000,151.266670
2364114,"Levallois-Perret",955,75,"31U","31U2H5S3Q",3,2010-01-01 00:00:00.0000000,0,517,1129796,2026-09-12 00:59:39.5830000,48.893890,2.288640
1977455,"Canyon Glen",3571,233,"12T","12T2H5S3Q",3,2025-04-01 15:33:43.2570000,360,0,3950,2026-09-12 01:00:25.4700000,40.330230,-111.618810
1607093,"West LA",3567,233,"11S","11S2H1S4Q",3,2016-01-19 16:42:43.1600000,0,0,1040629,2026-09-12 01:06:41.7800000,34.072000,-118.415000
2134045,"Larchwood",3553,233,"14T","14T2H3S2Q",2,2013-04-14 02:22:21.9570000,0,5315166,0,2026-09-12 01:06:53.0530000,43.453590,-96.434200
2134747,"Granite",3553,233,"14T","14T2H3S2Q",2,2013-04-11 03:35:44.6000000,0,5264759,0,2026-09-12 01:07:00.1670000,43.468860,-96.556430
1722596,"Ashford Junction",3567,233,"11S","11S2H2S2Q",3,2026-09-12 01:10:06.8100000,0,0,897,2026-09-12 01:10:06.8100000,35.909680,-116.673370
1741956,"Badwater",3567,233,"11S","11S1H5S4Q",3,2026-09-12 01:10:14.9630000,0,0,915,2026-09-12 01:10:14.9630000,36.229670,-116.766990
1747564,"Ryan",3567,233,"11S","11S1H5S4Q",3,2026-09-12 01:10:25.4930000,0,0,910,2026-09-12 01:10:25.4930000,36.323010,-116.671440
1755635,"Scranton",3567,233,"11S","11S1H5S4Q",3,2026-09-12 01:10:32.4530000,0,0,902,2026-09-12 01:10:32.4530000,36.451900,-116.503660
1753917,"Furnace Creek",3567,233,"11S","11S1H5S4Q",3,2026-09-12 01:10:37.3700000,0,0,931,2026-09-12 01:10:37.3730000,36.426230,-116.874050
1755252,"Furnace Creek",3567,233,"11S","11S1H5S4Q",3,2026-09-12 01:10:41.6400000,0,0,930,2026-09-12 01:10:41.6400000,36.447800,-116.852900
1755709,"Indian Village",3567,233,"11S","11S1H5S4Q",3,2026-09-12 01:10:46.1530000,0,0,931,2026-09-12 01:10:46.1530000,36.453050,-116.863800
1759426,"Park Village",3567,233,"11S","11S1H5S4Q",3,2026-09-12 01:10:51.6800000,0,0,933,2026-09-12 01:10:51.6800000,36.511060,-116.855610
1764302,"Beatty Junction",3567,233,"11S","11S1H5S4Q",3,2026-09-12 01:11:05.1870000,0,0,941,2026-09-12 01:11:05.1870000,36.588000,-116.943110
1824392,"Quinby",3585,233,"18S","18S1H5S1Q",1,2026-09-12 01:13:44.4500000,1140,0,0,2026-09-12 01:13:44.4500000,37.553750,-75.733820
1824940,"Mount Zion",3585,233,"18S","18S1H5S1Q",1,2026-09-12 01:14:01.4300000,1142,0,0,2026-09-12 01:14:01.4300000,37.565970,-75.782990
1825316,"Coal Kiln Crossing",3585,233,"18S","18S1H5S1Q",1,2026-09-12 01:14:10.1930000,1142,0,0,2026-09-12 01:14:10.1930000,37.570970,-75.794370
1824316,"Cats Bridge",3585,233,"18S","18S1H5S1Q",1,2026-09-12 01:14:18.7230000,1140,0,0,2026-09-12 01:14:18.7230000,37.551800,-75.781870
1824332,"Savage Town",3585,233,"18S","18S1H5S1Q",1,2026-09-12 01:14:32.8630000,1141,0,0,2026-09-12 01:14:32.8630000,37.552080,-75.801320
1824415,"Belle Haven",3585,233,"18S","18S1H5S1Q",1,2026-09-12 01:14:55.0200000,1141,0,0,2026-09-12 01:14:55.0200000,37.554300,-75.820490
1824048,"Highland Heights",3585,233,"18S","18S1H5S1Q",1,2026-09-12 01:15:08.0100000,1141,0,0,2026-09-12 01:15:08.0100000,37.549300,-75.833540
1824366,"Davis Wharf",3585,233,"18S","18S1H5S1Q",1,2026-09-12 01:15:35.9700000,1152,0,0,2026-09-12 01:15:35.9700000,37.552910,-75.877990
1823412,"Wardtown",3585,233,"18S","18S1H5S1Q",1,2026-09-12 01:15:43.6670000,1151,0,0,2026-09-12 01:15:43.6670000,37.534860,-75.876880
1381478,"Redwood",3549,233,"14R","14R1H6S1Q",3,2026-01-01 04:20:26.9970000,0,0,790980,2026-09-12 01:16:23.3300000,29.810220,-97.911390
1824012,"Clearview",3585,233,"18S","18S1H5S1Q",1,2026-09-12 01:16:55.2630000,1152,0,0,2026-09-12 01:16:55.2630000,37.548470,-75.904380
2697992,"Invermearan",977,77,"30V","30V2H4S4Q",2,2026-09-12 01:17:36.7900000,3235,3300,517,2026-09-12 01:17:36.7900000,56.533330,-4.566670
1671320,"Wheeler Ridge",3567,233,"11S","11S2H1S2Q",3,2018-08-01 07:33:34.8030000,8688,0,8758,2026-09-12 01:17:44.3400000,35.004410,-118.949550
2687341,"Kinbuck",977,77,"30V","30V2H5S3Q",1,2016-02-29 23:30:01.5030000,496606,300,0,2026-09-12 01:17:58.7030000,56.216670,-3.950000
2686705,"Dunblane",977,77,"30V","30V2H5S3Q",1,2016-02-19 23:22:16.7500000,498987,300,0,2026-09-12 01:18:06.6970000,56.200000,-3.966670
1822441,"Pine Heights",3585,233,"18S","18S1H4S1Q",3,2025-04-12 23:33:25.3770000,0,9985,50794,2026-09-12 01:18:16.8300000,37.518480,-77.278870
2677213,"Milngavie",977,77,"30U","30U1H1S2Q",1,2026-05-30 06:26:03.2600000,899647,300,0,2026-09-12 01:18:33.5830000,55.933330,-4.316670
866522,"Ban Huai Chorakhe",3195,218,"47P","47P1H3S3Q",2,2026-06-19 15:36:17.7830000,362,821636,0,2026-09-12 01:20:39.1400000,14.250000,100.683330
854389,"Ban Tai Aen Khlong Sip Si",3213,218,"47P","47P1H6S1Q",2,2026-06-11 14:11:55.6030000,362,1031656,0,2026-09-12 01:20:54.5900000,13.997640,100.914640
858889,"Ban Khlong Ha (2)",3203,218,"47P","47P1H3S3Q",1,2026-09-12 01:21:29.0230000,1085,0,0,2026-09-12 01:21:29.0230000,14.083330,100.716670
865905,"Ban Khlong Som Poi",3195,218,"47P","47P1H3S3Q",1,2026-09-12 01:21:40.9800000,1055,0,0,2026-09-12 01:21:40.9800000,14.233330,100.650000
1815045,"Martins Siding",3585,233,"18S","18S1H5S1Q",1,2026-09-12 01:22:34.6700000,1128,0,0,2026-09-12 01:22:34.6700000,37.390140,-75.909650
1815417,"Shadyside",3585,233,"18S","18S1H5S1Q",1,2026-09-12 01:22:39.7400000,1128,0,0,2026-09-12 01:22:39.7400000,37.397910,-75.912150
1815980,"Machipongo",3585,233,"18S","18S1H5S1Q",1,2026-09-12 01:22:44.2270000,1134,0,0,2026-09-12 01:22:44.2270000,37.405970,-75.901600
1817183,"Treherneville",3585,233,"18S","18S1H5S1Q",1,2026-09-12 01:22:51.6100000,1144,0,0,2026-09-12 01:22:51.6100000,37.427080,-75.890210
1817111,"Johnsontown",3585,233,"18S","18S1H5S1Q",1,2026-09-12 01:22:56.7030000,1144,0,0,2026-09-12 01:22:56.7030000,37.425410,-75.914100
1816714,"Harbour Point",3585,233,"18S","18S1H5S1Q",1,2026-09-12 01:23:03.0170000,1130,0,0,2026-09-12 01:23:03.0170000,37.416800,-75.954380
1817148,"Hungars Point",3585,233,"18S","18S1H5S1Q",1,2026-09-12 01:23:12.2900000,1130,0,0,2026-09-12 01:23:12.2900000,37.426250,-75.967430
1817060,"Vaucluse Shores",3585,233,"18S","18S1H5S1Q",1,2026-09-12 01:23:17.8970000,1130,0,0,2026-09-12 01:23:17.8970000,37.424300,-75.978820
1818115,"Westerhouse Woods",3585,233,"18S","18S1H5S1Q",1,2026-09-12 01:23:49.2000000,1131,0,0,2026-09-12 01:23:49.2000000,37.442910,-75.970210
1859064,"Peltier",3567,233,"10S","10S1H3S3Q",2,2012-09-08 12:03:02.2530000,0,1665040,29415,2026-09-12 01:23:51.8730000,38.188530,-121.244110
2676053,"Drumchapel",977,77,"30U","30U1H1S2Q",1,2019-03-23 16:56:32.2500000,1498021,900,0,2026-09-12 01:27:01.4400000,55.900000,-4.366670
2674882,"Shieldhall",977,77,"30U","30U1H1S2Q",1,2025-09-29 08:56:44.8300000,1510291,300,0,2026-09-12 01:27:08.5900000,55.866670,-4.366670
2676633,"Langbank",977,77,"30U","30U1H1S2Q",1,2025-08-14 19:59:36.0730000,498957,300,0,2026-09-12 01:27:15.8530000,55.916670,-4.583330
1381528,"Redwood",3549,233,"14R","14R1H6S1Q",3,2026-01-01 20:54:18.6670000,0,0,735412,2026-09-12 01:27:53.2670000,29.811270,-97.908850
858065,"Ban Khlong Hok",3203,218,"47P","47P1H3S3Q",2,2010-01-01 00:00:00.0000000,0,12117,0,2026-09-12 01:28:07.3330000,14.066670,100.733330
1993809,"Dorchester",3559,233,"14T","14T2H6S3Q",2,2013-10-01 00:16:16.6200000,0,1564564,14100,2026-09-12 01:29:15.5970000,40.647230,-97.113370
2363275,"Champs-Elysees",955,75,"31U","31U2H5S3Q",3,2022-01-23 17:02:32.2200000,0,3857,2496009,2026-09-12 01:30:27.6600000,48.869850,2.307210
8035,"Wodonga",140,13,"55H","55H2H2S1Q",2,2026-09-12 00:47:43.8200000,0,21727,0,2026-09-12 01:32:33.6970000,-36.116670,146.883330
1771413,"Chloride City",3567,233,"11S","11S1H5S4Q",3,2026-09-12 01:36:49.8800000,0,654,941,2026-09-12 01:36:49.8800000,36.706610,-116.882280
864496,"Ban Thai Wat",3195,218,"47P","47P1H3S3Q",2,2026-04-20 14:23:54.9800000,0,923121,0,2026-09-12 01:38:10.0000000,14.200000,100.550000
33722,"Obi Obi",142,13,"56J","56J1H5S1Q",1,2026-09-12 01:38:18.4200000,1153,0,0,2026-09-12 01:38:18.4200000,-26.650000,152.800000
1813221,"Poleta",3567,233,"11S","11S1H4S2Q",3,2026-09-12 01:38:23.5870000,0,0,993,2026-09-12 01:38:23.5870000,37.361320,-118.326220
33577,"Witta",142,13,"56J","56J1H5S1Q",1,2026-09-12 01:38:23.7930000,1153,0,0,2026-09-12 01:38:23.7930000,-26.700000,152.816670
33446,"Maleny",142,13,"56J","56J1H5S1Q",1,2026-09-12 01:38:29.2170000,1386,0,0,2026-09-12 01:38:29.2170000,-26.750000,152.850000
33632,"Montville",142,13,"56J","56J1H5S1Q",1,2026-09-12 01:38:33.8370000,1045,0,0,2026-09-12 01:38:33.8370000,-26.683330,152.883330
1815723,"Laws",3567,233,"11S","11S1H4S2Q",3,2026-09-12 01:38:33.8370000,0,0,995,2026-09-12 01:38:33.8370000,37.400760,-118.345660
1813925,"Mountain View Mobile and Recreational Vehicle Park",3567,233,"11S","11S1H4S2Q",3,2026-09-12 01:38:41.5130000,0,0,1228,2026-09-12 01:38:41.5130000,37.371600,-118.393720
33134,"Cedarton",142,13,"56J","56J1H5S1Q",1,2026-09-12 01:38:42.6670000,408,0,0,2026-09-12 01:38:42.6670000,-26.850000,152.816670
33135,"Peachester",142,13,"56J","56J1H5S1Q",1,2026-09-12 01:38:46.7000000,1043,0,0,2026-09-12 01:38:46.7000000,-26.850000,152.883330
1814859,"Dixon Lane-Meadow Creek",3567,233,"11S","11S1H4S2Q",3,2026-09-12 01:38:47.3700000,0,0,904,2026-09-12 01:38:47.3700000,37.386390,-118.415270
1814135,"Brockmans Corner",3567,233,"11S","11S1H4S2Q",3,2026-09-12 01:38:53.4500000,0,0,1235,2026-09-12 01:38:53.4500000,37.376040,-118.432330
1813196,"West Bishop",3567,233,"11S","11S1H4S2Q",3,2026-09-12 01:39:02.2900000,0,0,1230,2026-09-12 01:39:02.2900000,37.361040,-118.455110
1807795,"Wilkerson",3567,233,"11S","11S1H4S2Q",3,2026-09-12 01:39:12.5970000,0,0,1215,2026-09-12 01:39:12.5970000,37.279430,-118.387690
1806255,"Peterson Mill",3567,233,"11S","11S1H4S2Q",3,2026-09-12 01:39:18.3400000,0,0,998,2026-09-12 01:39:18.3400000,37.254370,-118.478440
33723,"Maroochydore",142,13,"56J","56J1H5S2Q",2,2020-10-26 23:49:29.8470000,517,224563,0,2026-09-12 01:39:21.7930000,-26.650000,153.100000
1380962,"Holly Park",3549,233,"15R","15R1H4S1Q",2,2021-04-17 08:02:20.3100000,23430,626094,0,2026-09-12 01:40:17.1670000,29.799200,-95.445400
866527,"Ban Khlong Hok Wa Sai Bon (4)",3203,218,"47P","47P1H3S3Q",1,2026-09-12 01:43:16.6830000,754,0,0,2026-09-12 01:43:16.6830000,14.250000,100.850000
866525,"Ban Khao Ngam (1)",3195,218,"47P","47P1H3S3Q",1,2026-09-12 01:43:23.0700000,781,0,0,2026-09-12 01:43:23.0700000,14.250000,100.800000
865910,"Ban Khlong Hok Wa Sai Bon (1)",3195,218,"47P","47P1H3S3Q",1,2026-09-12 01:43:25.5700000,781,0,0,2026-09-12 01:43:25.5700000,14.233330,100.800000
2675439,"Kilmacolm",977,77,"30U","30U1H1S2Q",1,2026-06-23 07:28:12.3570000,1028981,300,0,2026-09-12 01:43:26.5600000,55.883330,-4.616670
865908,"Ban Wang Kha",3195,218,"47P","47P1H3S3Q",1,2026-09-12 01:43:30.2200000,864,0,0,2026-09-12 01:43:30.2200000,14.233330,100.783330
865217,"Ban Khlong Paet (3)",3203,218,"47P","47P1H3S3Q",1,2026-09-12 01:43:38.6970000,622,0,0,2026-09-12 01:43:38.6970000,14.216670,100.783330
865216,"Ban Wang Chula",3195,218,"47P","47P1H3S3Q",1,2026-09-12 01:43:42.3770000,1150,0,0,2026-09-12 01:43:42.3770000,14.216670,100.766670
2672111,"Lochwinnoch",977,77,"30U","30U1H1S2Q",1,2015-04-24 21:53:24.5600000,798940,300,0,2026-09-12 01:43:43.5400000,55.783330,-4.633330
864501,"Ban Khlong Chet (1)",3203,218,"47P","47P1H3S3Q",1,2026-09-12 01:43:45.8270000,1150,0,0,2026-09-12 01:43:45.8270000,14.200000,100.766670
864500,"Ban Khlong Hok Wa Sai Bon (2)",3195,218,"47P","47P1H3S3Q",1,2026-09-12 01:43:51.8200000,622,0,0,2026-09-12 01:43:51.8200000,14.200000,100.750000
2671002,"Kilbirnie",977,77,"30U","30U1H1S2Q",1,2016-08-10 07:25:52.0570000,798905,300,0,2026-09-12 01:43:53.7300000,55.750000,-4.700000
863705,"Ban Suan Di",3203,218,"47P","47P1H3S3Q",1,2026-09-12 01:44:01.3730000,622,0,0,2026-09-12 01:44:01.3730000,14.183330,100.750000
2671001,"Fairlie",977,77,"30U","30U1H1S2Q",1,,197958,300,0,2026-09-12 01:44:01.6770000,55.750000,-4.850000
2674330,"Hillington",977,77,"30U","30U1H1S2Q",1,2025-09-04 05:42:22.8600000,549950,300,0,2026-09-12 01:44:20.3370000,55.850000,-4.350000
2674332,"Govan",977,77,"30U","30U1H1S2Q",1,2026-04-17 15:47:01.6630000,798802,300,0,2026-09-12 01:44:35.4530000,55.850000,-4.316670
2326817,"Lake Goodwin",3578,233,"10U","10U2H5S4Q",2,2014-07-27 17:43:11.3830000,517,787560,0,2026-09-12 01:45:50.4330000,48.138820,-122.280230
2325953,"Stimson Crossing",3578,233,"10U","10U2H5S4Q",2,2014-05-16 12:39:09.9830000,6671,1175968,0,2026-09-12 01:46:17.6400000,48.122880,-122.183200
2421132,"Huckelheim",715,57,"32U","32U2H2S4Q",2,2013-04-16 13:09:35.2970000,0,433703,0,2026-09-12 01:48:51.9370000,50.133330,9.250000
13618,"Hartley Vale",143,13,"56H","56H1H1S3Q",2,2026-09-12 01:51:15.5700000,0,5545,0,2026-09-12 01:51:38.2870000,-33.533330,150.233330
2327888,"Warm Beach",3578,233,"10U","10U2H5S4Q",3,2026-09-12 01:52:32.3430000,0,0,853,2026-09-12 01:52:32.3430000,48.165240,-122.345340
2326010,"McKees Beach",3578,233,"10U","10U2H5S4Q",3,2026-09-12 01:52:38.5970000,0,0,847,2026-09-12 01:52:38.5970000,48.127320,-122.363480
2265631,"Stanford",3573,233,"11T","11T1H2S4Q",3,2026-09-12 01:52:45.9800000,0,0,897,2026-09-12 01:52:45.9800000,46.832670,-116.644600
2265527,"Avon",3573,233,"11T","11T1H2S4Q",3,2026-09-12 01:52:51.3200000,0,0,894,2026-09-12 01:52:51.3200000,46.826010,-116.613770
2264208,"Deary",3573,233,"11T","11T1H2S4Q",3,2026-09-12 01:53:00.0030000,0,0,892,2026-09-12 01:53:00.0030000,46.799340,-116.555990
1805118,"Aspendell",3567,233,"11S","11S1H4S2Q",3,2026-09-12 02:01:26.3800000,0,0,1001,2026-09-12 02:01:26.3800000,37.237990,-118.598450
1816314,"Alta Vista",3567,233,"11S","11S1H4S2Q",3,2026-09-12 02:01:35.4970000,0,0,1259,2026-09-12 02:01:35.4970000,37.412710,-118.542620
1816799,"Mesa",3567,233,"11S","11S1H4S2Q",3,2026-09-12 02:01:39.7270000,0,0,1259,2026-09-12 02:01:39.7270000,37.418950,-118.542390
1816023,"Round Valley",3567,233,"11S","11S1H4S2Q",3,2026-09-12 02:01:43.8930000,0,0,1262,2026-09-12 02:01:43.8930000,37.406680,-118.581970
1816826,"Round Valley",3567,233,"11S","11S1H4S2Q",3,2026-09-12 02:01:48.0200000,0,0,1072,2026-09-12 02:01:48.0200000,37.419380,-118.587620
1858090,"Dog Town",3567,233,"11S","11S1H1S3Q",3,2026-09-12 02:02:08.3100000,0,0,872,2026-09-12 02:02:08.3100000,38.170200,-119.197370
1859066,"Willow Springs",3567,233,"11S","11S1H1S3Q",3,2026-09-12 02:02:11.9130000,0,0,873,2026-09-12 02:02:11.9130000,38.188530,-119.204600
1877751,"Ramona",3567,233,"10S","10S1H3S3Q",2,2012-09-19 19:16:16.3270000,0,4037462,0,2026-09-12 02:02:29.9300000,38.547410,-121.408840
1876969,"Polk",3567,233,"10S","10S1H3S3Q",3,2026-04-29 01:28:54.6570000,0,1084,2997527,2026-09-12 02:02:49.9230000,38.532130,-121.408840
1877696,"Perkins",3567,233,"10S","10S1H3S3Q",3,2026-08-10 04:21:04.9400000,0,877,1999498,2026-09-12 02:03:06.8200000,38.546300,-121.398290
1876836,"Walsh Station",3567,233,"10S","10S1H3S3Q",2,2012-10-01 17:57:52.3330000,0,4439082,0,2026-09-12 02:03:21.7270000,38.528800,-121.334670
2520954,"Driesprong",2273,167,"31U","31U1H6S4Q",1,2014-12-16 05:59:03.4670000,280263,0,0,2026-09-12 02:07:04.9070000,52.070000,5.690280
1540326,"Jamison Terrace",3547,233,"17S","17S2H5S4Q",2,2016-10-12 02:46:51.2900000,0,1010001,0,2026-09-12 02:08:34.4070000,32.977390,-80.145370
862242,"Ban Khlong Sam",3203,218,"47P","47P1H3S3Q",1,2026-09-12 02:09:30.3200000,1150,0,0,2026-09-12 02:09:30.3200000,14.150000,100.666670
862952,"Ban Khlong Yi Siphok",3195,218,"47P","47P1H3S3Q",1,2026-09-12 02:09:33.1530000,1150,0,0,2026-09-12 02:09:33.1530000,14.166670,100.666670
862953,"Ban Khlongsi Si",3203,218,"47P","47P1H3S3Q",1,2026-09-12 02:09:36.2730000,1150,0,0,2026-09-12 02:09:36.2730000,14.166670,100.700000
863703,"Ban Wang Noi (3)",3203,218,"47P","47P1H3S3Q",1,2026-09-12 02:09:39.4770000,1150,0,0,2026-09-12 02:09:39.4770000,14.183330,100.700000
862954,"Ban Khlong Hok",3203,218,"47P","47P1H3S3Q",1,2026-09-12 02:09:44.2370000,1150,0,0,2026-09-12 02:09:44.2370000,14.166670,100.733330
863704,"Ban Khlong Hok (3)",3203,218,"47P","47P1H3S3Q",1,2026-09-12 02:09:46.8700000,1150,0,0,2026-09-12 02:09:46.8700000,14.183330,100.733330
862955,"Ban Khlong Chet (2)",3203,218,"47P","47P1H3S3Q",1,2026-09-12 02:11:05.2070000,1150,0,0,2026-09-12 02:11:05.2070000,14.166670,100.750000
862244,"Ban Khlong Kao (3)",3203,218,"47P","47P1H3S3Q",1,2026-09-12 02:11:20.3300000,1150,0,0,2026-09-12 02:11:20.3300000,14.150000,100.800000
1640792,"Martins",3567,233,"11S","11S2H1S4Q",3,2026-08-16 08:42:07.4800000,408,0,585,2026-09-12 02:11:43.9330000,34.566100,-118.659810
1629837,"Piru",3567,233,"11S","11S2H1S4Q",1,2026-09-09 01:58:04.9670000,2090,0,0,2026-09-12 02:12:15.8200000,34.406890,-118.801160
1629485,"Buckhorn",3567,233,"11S","11S2H1S4Q",1,2026-09-09 01:57:59.1970000,2090,0,0,2026-09-12 02:12:19.6500000,34.400830,-118.815650
858066,"Ban Khlong Chet Bon (2)",3203,218,"47P","47P1H3S3Q",1,2026-09-12 02:14:04.2630000,768,0,0,2026-09-12 02:14:04.2630000,14.066670,100.766670
2208625,"Dayton",3558,233,"15T","15T1H5S1Q",2,2016-07-08 00:22:24.4230000,0,3280160,0,2026-09-12 02:20:07.2830000,45.243850,-93.514960
2061339,"Beaver Dam",3584,233,"17T","17T2H6S1Q",0,2026-09-12 02:20:19.4670000,0,0,0,2026-09-12 02:20:19.4670000,41.927280,-79.750330
12751,"Greenwich",143,13,"56H","56H1H1S4Q",3,2017-07-30 11:24:35.2030000,0,0,1136912,2026-09-12 02:20:32.5800000,-33.840560,151.183060
2214845,"Hull",459,38,"18T","18T1H5S1Q",2,2022-12-31 00:18:22.5070000,0,898487,0,2026-09-12 02:20:37.8670000,45.427610,-75.710560
2674333,"Pollok",977,77,"30U","30U1H1S2Q",1,2026-02-28 13:46:15.9600000,498811,300,0,2026-09-12 02:23:02.4430000,55.850000,-4.300000
2675443,"Partick",977,77,"30U","30U1H1S2Q",1,2025-11-10 19:10:27.7800000,498850,300,0,2026-09-12 02:23:09.4600000,55.883330,-4.300000
2675444,"Maryhill",977,77,"30U","30U1H1S2Q",1,2010-01-01 00:00:00.0000000,1549592,300,0,2026-09-12 02:23:17.9330000,55.883330,-4.283330
2676054,"Bishopbriggs",977,77,"30U","30U1H1S2Q",1,2015-02-16 08:42:17.7300000,1499289,300,0,2026-09-12 02:23:25.0470000,55.900000,-4.233330
2675445,"Springburn",977,77,"30U","30U1H1S2Q",1,2022-10-22 13:35:32.9600000,1499195,300,0,2026-09-12 02:23:33.9270000,55.883330,-4.216670
2675446,"Provanmill",977,77,"30U","30U1H1S2Q",1,2015-09-13 13:57:33.4770000,1499704,300,0,2026-09-12 02:23:41.8600000,55.883330,-4.200000
2675447,"Stepps",977,77,"30U","30U1H1S2Q",1,2014-12-27 12:32:29.9700000,1499923,300,0,2026-09-12 02:23:50.7270000,55.883330,-4.150000
2674849,"Glasgow",977,77,"30U","30U1H1S2Q",1,2010-01-01 00:00:00.0000000,4999244,300,0,2026-09-12 02:24:15.9570000,55.865150,-4.257630
858890,"Ban Khlong Sip",3203,218,"47P","47P1H3S3Q",1,2026-09-12 01:55:26.2300000,5927,517,0,2026-09-12 02:25:07.8770000,14.083330,100.833330
860590,"Ban Khlong Si",3203,218,"47P","47P1H3S3Q",2,2026-09-12 02:25:56.5800000,0,4291,0,2026-09-12 02:26:09.4430000,14.116670,100.683330
13493,"Mount Victoria",143,13,"56H","56H1H1S3Q",2,2026-09-12 02:18:50.7770000,0,4329,0,2026-09-12 02:31:11.9100000,-33.583330,150.250000
1878734,"Mather Field",3567,233,"10S","10S1H3S3Q",2,2023-07-25 03:07:02.9630000,0,4001234,0,2026-09-12 02:47:49.5800000,38.566570,-121.296890
1879951,"Rancho Cordova",3567,233,"10S","10S1H3S3Q",2,2012-10-14 00:19:20.0500000,0,4410541,0,2026-09-12 02:48:21.8430000,38.589070,-121.302730
1881760,"Gold River",3567,233,"10S","10S1H3S3Q",2,2012-08-09 00:45:10.5770000,0,3852092,0,2026-09-12 02:48:37.8500000,38.626290,-121.246620
1539911,"Pecan Acres",3549,233,"14S","14S2H6S3Q",3,2015-10-12 04:56:28.8730000,0,0,2257356,2026-09-12 02:49:42.9030000,32.970130,-97.474740
7978,"Bandiana",140,13,"55H","55H2H2S1Q",2,2026-09-12 02:50:21.7670000,0,546,0,2026-09-12 02:50:21.7670000,-36.150000,146.933330
862243,"Ban Khlong Ha (1)",3203,218,"47P","47P1H3S3Q",2,2026-09-12 02:05:07.2700000,0,37700,0,2026-09-12 02:50:30.4600000,14.150000,100.716670
7911,"Baranduda",140,13,"55H","55H2H2S1Q",2,2026-09-12 02:50:31.1030000,0,1071,0,2026-09-12 02:50:31.1030000,-36.200000,146.966670
2256,"Launceston",141,13,"55G","55G1H2S4Q",1,2025-08-10 22:41:36.3430000,1022504,0,0,2026-09-12 02:50:45.2170000,-41.450000,147.166670
1882864,"Fair Oaks",3567,233,"10S","10S1H3S3Q",2,2012-08-10 00:36:11.5200000,0,4898526,0,2026-09-12 02:53:14.6330000,38.648380,-121.249400
120068,"Los Medanos",2386,175,"18L","18L2H5S4Q",1,2026-09-12 02:57:14.6130000,1040,0,0,2026-09-12 02:57:14.6130000,-15.678890,-74.530830
1454548,"Jamestown Colony",3551,233,"16R","16R1H3S1Q",1,2026-07-07 02:21:58.0930000,2353,0,0,2026-09-12 02:57:17.8600000,31.321560,-85.836050
1454593,"Brown Subdivision",3551,233,"16R","16R1H3S1Q",1,2026-07-07 03:18:49.4270000,2345,4,0,2026-09-12 02:57:30.7770000,31.322390,-85.822990
120129,"Media Luna",2386,175,"18L","18L2H5S4Q",1,2026-09-12 02:57:30.8700000,1040,0,0,2026-09-12 02:57:30.8700000,-15.666670,-74.566670
120288,"Yauca",2386,175,"18L","18L2H5S4Q",1,2026-09-12 02:57:34.7270000,1040,0,0,2026-09-12 02:57:34.7270000,-15.661110,-74.527220
120570,"San Francisco",2386,175,"18L","18L2H5S4Q",1,2026-09-12 02:57:38.1700000,1040,0,0,2026-09-12 02:57:38.1700000,-15.638330,-74.510830
12512,"Saint Peters",143,13,"56H","56H1H1S4Q",3,2017-02-07 12:50:13.2170000,0,1551,1044051,2026-09-12 02:57:39.0500000,-33.916670,151.183330
1455582,"Martin Heights",3551,233,"16R","16R1H3S1Q",1,2026-07-06 14:22:16.8830000,2341,0,0,2026-09-12 02:57:39.9900000,31.342390,-85.847160
120768,"Usaca",2386,175,"18L","18L2H5S4Q",1,2026-09-12 02:57:42.4870000,1040,0,0,2026-09-12 02:57:42.4870000,-15.621110,-74.498610
120721,"Quimana",2386,175,"18L","18L2H5S4Q",1,2026-09-12 02:57:47.0370000,1040,0,0,2026-09-12 02:57:47.0370000,-15.631940,-74.504170
120795,"Fundo Quimana",2386,175,"18L","18L2H5S4Q",1,2026-09-12 02:57:50.5270000,1040,0,0,2026-09-12 02:57:50.5270000,-15.616670,-74.500000
120998,"Hacienda Santa Emilia",2386,175,"18L","18L2H5S4Q",1,2026-09-12 02:57:54.4900000,1040,0,0,2026-09-12 02:57:54.4900000,-15.602220,-74.501110
1454930,"North Heights",3551,233,"16R","16R1H3S1Q",1,2026-07-04 19:15:43.9830000,2716,0,0,2026-09-12 02:57:55.8870000,31.330170,-85.857440
121018,"Santa Elena",2386,175,"18L","18L2H5S4Q",1,2026-09-12 02:57:59.7030000,1040,0,0,2026-09-12 02:57:59.7030000,-15.600000,-74.500000
1454967,"Hillcrest",3551,233,"16R","16R1H3S1Q",1,2026-07-04 19:15:52.5330000,2833,0,0,2026-09-12 02:58:03.5200000,31.331000,-85.855490
121220,"Chipchipa",2386,175,"18L","18L2H5S4Q",0,2026-09-12 02:58:08.9770000,0,0,0,2026-09-12 02:58:08.9770000,-15.583330,-74.500000
12513,"Rosebery",143,13,"56H","56H1H1S4Q",3,2018-01-19 22:05:38.3500000,0,1973,1025844,2026-09-12 02:59:53.5930000,-33.916670,151.200000
12449,"Tempe",143,13,"56H","56H1H1S4Q",3,2017-02-25 07:31:20.0970000,0,1551,1252194,2026-09-12 02:59:57.0170000,-33.923350,151.160200
12511,"Marrickville",143,13,"56H","56H1H1S4Q",3,2018-11-03 06:30:38.0830000,0,1034,1104436,2026-09-12 03:00:00.3830000,-33.916670,151.166670
1587683,"Thenard",3567,233,"11S","11S2H4S2Q",3,2015-05-16 14:36:40.5470000,2225,0,1439144,2026-09-12 03:01:16.1370000,33.786680,-118.242570
2277520,"Szabolcspuszta",1221,100,"34T","34T1H1S1Q",1,2026-09-12 03:02:07.0100000,1400,517,1068,2026-09-12 03:02:07.0100000,47.133330,18.750000
2277519,"Gyorgymajor",1221,100,"34T","34T1H1S1Q",1,2026-09-12 03:02:13.6970000,774,764,0,2026-09-12 03:02:13.6970000,47.133330,18.733330
12445,"Wolli Creek",143,13,"56H","56H1H1S4Q",3,2017-07-22 02:16:55.2130000,0,1551,1118698,2026-09-12 03:02:21.9300000,-33.931330,151.152220
2277518,"Barakapuszta",1221,100,"34T","34T1H1S1Q",1,2026-09-12 03:02:23.7530000,1678,853,0,2026-09-12 03:02:23.7530000,47.133330,18.700000
12374,"Arncliffe",143,13,"56H","56H1H1S4Q",3,2017-07-29 03:39:23.9130000,0,2585,1002492,2026-09-12 03:02:27.9900000,-33.936270,151.148190
1455794,"Valley Hills",3551,233,"16R","16R1H3S1Q",1,2026-07-06 14:22:34.1300000,2081,0,0,2026-09-12 03:02:59.8970000,31.347390,-85.849940
1454115,"Dobbs Subdivision",3551,233,"16R","16R1H3S1Q",1,2026-07-04 19:02:00.5030000,1690,0,0,2026-09-12 03:03:16.5000000,31.314060,-85.870220
1453845,"Griffin Heights",3551,233,"16R","16R1H3S1Q",1,2026-07-04 19:01:44.7770000,1690,0,0,2026-09-12 03:03:29.5400000,31.307950,-85.871050
1453549,"Johnson Subdivision",3551,233,"16R","16R1H3S1Q",1,2026-07-06 12:40:44.9600000,2267,0,0,2026-09-12 03:03:40.9400000,31.301560,-85.844940
12292,"Monterey",143,13,"56H","56H1H1S4Q",3,2017-06-14 07:23:48.5670000,0,1864,1145284,2026-09-12 03:06:23.2870000,-33.966670,151.150000
12227,"Ramsgate",143,13,"56H","56H1H1S4Q",3,2017-07-29 23:19:45.9600000,0,1864,1094476,2026-09-12 03:06:26.7800000,-33.983330,151.150000
12226,"Sans Souci",143,13,"56H","56H1H1S4Q",3,2017-06-02 20:13:13.9070000,0,1551,1092443,2026-09-12 03:06:31.6330000,-33.983330,151.133330
12225,"Kogarah",143,13,"56H","56H1H1S4Q",3,2017-06-02 23:44:41.2600000,0,1551,1067006,2026-09-12 03:08:02.5000000,-33.983330,151.116670
2307352,"Riverview Terrace",3558,233,"14T","14T1H3S2Q",2,2016-08-18 23:20:40.3270000,0,253524,0,2026-09-12 03:09:48.5770000,47.761110,-96.577780
2308161,"Crookston",3558,233,"14T","14T1H3S2Q",2,2016-08-22 02:16:08.4500000,0,269182,0,2026-09-12 03:09:52.2930000,47.774140,-96.608120
2309087,"Noyes Junction",3558,233,"14T","14T1H3S2Q",2,2016-08-21 03:53:25.9400000,0,173302,0,2026-09-12 03:09:56.6000000,47.794690,-96.605620
2309092,"Anglim",3558,233,"14T","14T1H3S2Q",2,2015-11-28 07:11:02.9200000,0,173077,0,2026-09-12 03:10:00.1830000,47.794970,-96.597840
2307286,"Carman Terrace",3558,233,"14T","14T1H3S2Q",2,2015-11-27 21:22:25.1670000,0,176864,0,2026-09-12 03:10:05.4030000,47.756670,-96.618330
2307281,"Crookston Junction",3558,233,"14T","14T1H3S2Q",2,2015-11-27 21:22:48.2600000,0,175689,0,2026-09-12 03:10:12.0630000,47.756360,-96.622290
2306587,"Wilds",3558,233,"14T","14T1H3S2Q",2,2016-08-21 14:26:16.3300000,0,171952,0,2026-09-12 03:10:28.2430000,47.745530,-96.636180
2545686,"Tavolzhanka",2654,192,"37U","37U1H6S3Q",1,2026-09-12 03:10:58.7830000,1488,0,0,2026-09-12 03:11:04.7600000,52.583330,40.733330
2231500,"Ensign",3557,233,"16T","16T1H5S2Q",3,2026-09-12 03:11:25.2770000,0,0,988,2026-09-12 03:11:25.2770000,45.897470,-86.869030
2546555,"Mar'yevka",2654,192,"37U","37U1H6S3Q",1,2026-09-12 03:11:24.3100000,1409,0,0,2026-09-12 03:11:28.2030000,52.602220,40.696670
2230647,"Ogontz",3557,233,"16T","16T1H5S2Q",3,2026-09-12 03:11:34.8300000,0,0,1024,2026-09-12 03:11:34.8300000,45.868300,-86.790970
2231496,"Nahma Junction",3557,233,"16T","16T1H5S2Q",3,2026-09-12 03:11:47.9630000,0,0,1040,2026-09-12 03:11:47.9630000,45.897190,-86.708480
2543768,"Antsifrovo",2654,192,"37U","37U1H6S3Q",1,2026-09-12 03:11:48.9570000,984,0,0,2026-09-12 03:11:48.9570000,52.543890,40.650830
2229474,"Nahma",3557,233,"16T","16T1H5S2Q",3,2026-09-12 03:11:57.3100000,0,0,1071,2026-09-12 03:11:57.3100000,45.841640,-86.664030
2226851,"Garden",3557,233,"16T","16T1H5S2Q",3,2026-09-12 03:12:13.9300000,0,0,1057,2026-09-12 03:12:13.9300000,45.774700,-86.550700
2225506,"Devils Corner",3557,233,"16T","16T1H5S2Q",3,2026-09-12 03:12:20.9930000,0,0,1060,2026-09-12 03:12:20.9970000,45.737480,-86.605140
12224,"Blakehurst",143,13,"56H","56H1H1S4Q",3,2017-10-01 01:31:08.5470000,0,1551,1066664,2026-09-12 03:15:28.8900000,-33.983330,151.100000
1651467,"Caswell",3567,233,"11S","11S2H1S4Q",3,2026-09-12 03:16:18.5730000,0,0,871,2026-09-12 03:16:18.5730000,34.722200,-118.798430
1652906,"Sandberg",3567,233,"11S","11S2H1S4Q",3,2026-09-12 03:16:27.5330000,0,0,875,2026-09-12 03:16:27.5330000,34.741090,-118.709530
1652516,"Three Points",3567,233,"11S","11S2H1S4Q",3,2026-09-12 03:16:44.0400000,0,0,891,2026-09-12 03:16:44.0400000,34.735820,-118.598700
1643376,"Naylor Place",3567,233,"11S","11S2H1S4Q",3,2026-09-12 03:16:58.8870000,0,0,1732,2026-09-12 03:16:58.8870000,34.604430,-118.665370
1817436,"Jet",3567,233,"10S","10S1H6S1Q",3,2026-09-12 03:17:17.3070000,0,0,1075,2026-09-12 03:17:17.3070000,37.432710,-121.099930
1782423,"Hamburg Farms",3567,233,"10S","10S1H6S4Q",3,2026-09-12 03:17:40.8470000,0,0,303,2026-09-12 03:17:40.8470000,36.879390,-120.763800
12223,"Connells Point",143,13,"56H","56H1H1S4Q",3,2020-01-27 00:19:09.3700000,0,3619,1122761,2026-09-12 03:17:45.5630000,-33.983330,151.083330
12222,"Oatley",143,13,"56H","56H1H1S4Q",3,2017-03-12 22:28:49.8900000,0,1551,1014039,2026-09-12 03:17:49.5500000,-33.983330,151.066670
12160,"Oyster Bay",143,13,"56H","56H1H4S2Q",3,2016-03-27 12:28:42.8270000,0,1551,2003788,2026-09-12 03:17:53.3370000,-34.000000,151.066670
1698922,"Spicer City",3567,233,"11S","11S2H1S1Q",3,2026-05-22 08:43:23.4670000,29,0,2700,2026-09-12 03:17:59.3630000,35.501070,-119.604570
12221,"Lugarno",143,13,"56H","56H1H1S4Q",3,2017-10-01 01:32:09.1400000,0,2430,1005283,2026-09-12 03:19:21.1570000,-33.983330,151.033330
12360,"Revesby",143,13,"56H","56H1H1S4Q",3,2018-10-09 19:55:26.2530000,0,2068,1123271,2026-09-12 03:19:24.9930000,-33.950000,151.016670
12809,"Balmoral Park",143,13,"56H","56H1H1S4Q",3,2017-04-06 17:23:05.2870000,0,2583,1104720,2026-09-12 03:19:34.0000000,-33.830830,151.255000
12947,"Freshwater",143,13,"56H","56H1H1S4Q",3,2017-03-07 05:06:36.8700000,0,2068,1149550,2026-09-12 03:19:37.2400000,-33.778670,151.285690
12997,"Curl Curl",143,13,"56H","56H1H1S4Q",3,2018-06-23 07:10:42.2530000,0,2068,1144204,2026-09-12 03:19:42.0830000,-33.766670,151.291670
12996,"Brookvale",143,13,"56H","56H1H1S4Q",3,2017-03-03 12:01:26.9530000,0,1569,1120278,2026-09-12 03:19:44.8230000,-33.766670,151.266670
118248,"Silaca",2386,175,"18L","18L2H5S4Q",1,2026-09-12 03:20:10.9100000,1250,0,0,2026-09-12 03:20:10.9100000,-15.820830,-74.401110
118249,"Aiparipa",2386,175,"18L","18L2H5S4Q",1,2026-09-12 03:20:14.4230000,1250,0,0,2026-09-12 03:20:14.4230000,-15.820560,-74.372220
118215,"Champeque",2386,175,"18L","18L2H5S4Q",1,2026-09-12 03:20:17.1470000,1250,0,0,2026-09-12 03:20:17.1500000,-15.825280,-74.363890
118600,"Atiquipa",2386,175,"18L","18L2H5S4Q",1,2026-09-12 03:20:19.8630000,1250,0,0,2026-09-12 03:20:19.8670000,-15.796110,-74.363610
118629,"Tambo",2386,175,"18L","18L2H5S4Q",1,2026-09-12 03:20:23.2600000,1250,0,0,2026-09-12 03:20:23.2600000,-15.792220,-74.359720
118662,"Los Sauces",2386,175,"18L","18L2H5S4Q",1,2026-09-12 03:20:27.1130000,1250,0,0,2026-09-12 03:20:27.1130000,-15.786940,-74.352500
118805,"El Castillo",2386,175,"18L","18L2H5S4Q",1,2026-09-12 03:20:29.3000000,1250,0,0,2026-09-12 03:20:29.3000000,-15.780830,-74.350000
118830,"Chococco",2386,175,"18L","18L2H5S4Q",1,2026-09-12 03:20:31.9170000,1250,0,0,2026-09-12 03:20:31.9170000,-15.775830,-74.348890
1549097,"Cumby",3549,233,"15S","15S2H4S1Q",1,2022-04-17 19:57:21.2370000,68629,0,0,2026-09-12 03:21:40.7800000,33.137340,-95.839410
13040,"Warringah",143,13,"56H","56H1H1S4Q",3,2017-03-08 00:13:42.9300000,0,1034,1018760,2026-09-12 03:21:42.6230000,-33.750000,151.283000
13096,"Collaroy",143,13,"56H","56H1H1S4Q",3,2017-08-17 20:17:34.3570000,0,1551,1271775,2026-09-12 03:23:22.8230000,-33.732050,151.301180
13142,"Narrabeen",143,13,"56H","56H1H1S4Q",3,2016-11-08 03:44:57.5700000,0,2068,1186317,2026-09-12 03:23:26.1100000,-33.712770,151.297360
2541422,"Volchki",2654,192,"37U","37U1H6S3Q",1,2026-09-12 03:24:31.0030000,984,0,0,2026-09-12 03:24:31.0030000,52.490830,40.696670
2541190,"Pavlovo-Titovo",2654,192,"37U","37U1H6S3Q",1,2026-09-12 03:24:40.2000000,984,0,0,2026-09-12 03:24:40.2000000,52.483330,40.716670
2539870,"Pervaya Osadovka",2654,192,"37U","37U1H6S3Q",1,2026-09-12 03:24:49.6530000,985,0,0,2026-09-12 03:24:49.6530000,52.457220,40.700560
2539605,"Kropotkino",2654,192,"37U","37U1H6S3Q",1,2026-09-12 03:24:54.7000000,985,0,0,2026-09-12 03:24:54.7000000,52.450000,40.700000
2539607,"Novopavlovka",2654,192,"37U","37U1H6S3Q",1,2026-09-12 03:25:00.0230000,984,0,0,2026-09-12 03:25:00.0270000,52.450000,40.716670
2539061,"Borshchevo",2654,192,"37U","37U1H6S3Q",1,2026-09-12 03:25:12.4170000,985,0,0,2026-09-12 03:25:12.4170000,52.440000,40.719170
2538824,"Zarech'ye",2654,192,"37U","37U1H6S3Q",1,2026-09-12 03:25:20.7700000,985,0,0,2026-09-12 03:25:20.7700000,52.433330,40.700000
2538240,"Tyutchevo",2654,192,"37U","37U1H6S3Q",1,2026-09-12 03:25:40.7830000,985,0,0,2026-09-12 03:25:40.7830000,52.421110,40.700000
13143,"North Narrabeen",143,13,"56H","56H1H1S4Q",3,2017-02-25 11:30:27.6400000,0,1551,1177419,2026-09-12 03:26:06.1700000,-33.709350,151.296070
13233,"Mona Vale",143,13,"56H","56H1H1S4Q",3,2016-11-12 02:29:46.4470000,0,1551,1085088,2026-09-12 03:26:11.9670000,-33.677570,151.303070
13275,"Bay View",143,13,"56H","56H1H1S4Q",3,2017-09-30 20:22:55.5570000,0,2068,1000722,2026-09-12 03:27:41.4430000,-33.659820,151.298780
2298636,"Factoria",3578,233,"10T","10T1H2S2Q",2,2013-02-18 21:23:41.7600000,0,2098727,0,2026-09-12 03:27:42.3600000,47.582040,-122.167070
1397345,"Henly",3549,233,"14R","14R1H2S4Q",3,2026-01-13 01:47:25.2700000,0,0,1865016,2026-09-12 03:27:47.7570000,30.194650,-98.210850
13276,"Newport",143,13,"56H","56H1H1S4Q",3,2016-11-06 05:15:01.2070000,0,2068,1092144,2026-09-12 03:29:35.6800000,-33.655170,151.321260
13322,"Avalon",143,13,"56H","56H1H1S4Q",3,2017-06-17 06:10:00.5870000,0,2068,1174817,2026-09-12 03:29:40.7930000,-33.635880,151.329030
2139534,"Norton Acres",3577,233,"14T","14T2H3S2Q",2,2013-03-18 12:17:22.4300000,0,5730927,0,2026-09-12 03:29:57.2230000,43.577200,-96.704490
2139884,"Froelich Addition",3577,233,"14T","14T2H3S2Q",2,2013-02-15 15:40:58.9230000,0,6056840,0,2026-09-12 03:30:00.1800000,43.583860,-96.716440
2140628,"Skyline Heights",3577,233,"14T","14T2H3S2Q",2,2013-02-13 23:13:44.9470000,0,5892545,0,2026-09-12 03:30:03.7930000,43.606920,-96.761720
2139993,"Martindale Addition",3577,233,"14T","14T2H3S2Q",2,2013-02-13 17:26:46.3470000,0,6856833,0,2026-09-12 03:30:06.8300000,43.588590,-96.765610
2140498,"Ellis Corner",3577,233,"14T","14T2H3S2Q",2,2013-02-13 23:13:04.7830000,0,5516406,0,2026-09-12 03:30:10.5630000,43.601640,-96.830890
2139433,"Reppert Addition",3577,233,"14T","14T2H3S2Q",2,2013-02-13 20:10:08.9230000,0,5766852,0,2026-09-12 03:30:14.8070000,43.573590,-96.794770
13355,"Clareville",143,13,"56H","56H1H1S4Q",3,2017-03-22 09:54:35.3400000,0,1551,1119983,2026-09-12 03:31:54.9170000,-33.629700,151.316800
13404,"Whale Beach",143,13,"56H","56H1H1S4Q",3,2016-11-17 07:44:17.8600000,0,1551,1096260,2026-09-12 03:32:06.3370000,-33.611150,151.328950
2538823,"Zashchita Truda",2654,192,"37U","37U1H6S3Q",1,2026-09-12 03:32:15.2070000,986,0,0,2026-09-12 03:32:15.2070000,52.433330,40.650000
2539298,"Bol'shaya Znamenka",2654,192,"37U","37U1H6S3Q",1,2026-09-12 03:32:19.3270000,985,0,0,2026-09-12 03:32:19.3270000,52.449440,40.676940
2154851,"Pipestone",3558,233,"14T","14T1H6S4Q",2,2016-03-23 12:48:19.2200000,0,139901,0,2026-09-12 03:34:12.4670000,44.000530,-96.317530
2031262,"Colon",3559,233,"14T","14T2H6S2Q",1,2026-06-14 03:39:46.2900000,999259,0,0,2026-09-12 03:34:58.8030000,41.297500,-96.605860
13449,"Palm Beach",143,13,"56H","56H1H1S4Q",3,2016-11-22 07:19:05.4070000,0,1551,2003978,2026-09-12 03:36:08.1100000,-33.596640,151.323840
13566,"Pearl Beach",143,13,"56H","56H1H1S4Q",3,2017-05-08 07:34:52.7000000,0,2068,1012600,2026-09-12 03:36:12.9870000,-33.550000,151.300000
13620,"Umina",143,13,"56H","56H1H1S4Q",3,2017-04-28 10:48:50.3500000,0,2068,1044829,2026-09-12 03:36:18.1430000,-33.533330,151.308330
1884427,"Orangevale",3567,233,"10S","10S1H3S3Q",2,2012-08-09 16:00:01.5430000,0,8082637,0,2026-09-12 03:36:38.8000000,38.678510,-121.225780
1817054,"Stanford",3567,233,"10S","10S1H5S2Q",1,2026-05-13 16:44:02.3200000,2000414,0,3978,2026-09-12 03:37:20.5070000,37.424110,-122.166080
1884053,"Folsom Junction",3567,233,"10S","10S1H3S3Q",2,2012-08-08 03:59:45.3570000,0,4019939,0,2026-09-12 03:37:30.8470000,38.668240,-121.182170
1882604,"Prairie City",3567,233,"10S","10S1H3S3Q",2,2012-08-10 13:46:46.5900000,0,4783646,0,2026-09-12 03:37:51.0730000,38.642130,-121.155780
1882304,"Alder Creek",3567,233,"10S","10S1H3S3Q",2,2012-09-19 13:59:05.5670000,0,4634712,0,2026-09-12 03:38:11.3030000,38.634630,-121.201610
13891,"West Gosford",143,13,"56H","56H1H1S4Q",2,2026-09-11 11:53:32.4770000,0,5383,178,2026-09-12 03:38:15.0230000,-33.425780,151.317010
13885,"Gosford",143,13,"56H","56H1H1S4Q",2,2026-09-10 00:39:43.5500000,0,1516,0,2026-09-12 03:38:25.0500000,-33.433330,151.350000
1395358,"Mount Gainor",3549,233,"14R","14R1H2S4Q",3,2026-02-12 00:12:20.1730000,0,0,1775396,2026-09-12 03:39:22.0730000,30.143820,-98.135010
13760,"Kincumber South",143,13,"56H","56H1H1S4Q",2,2026-09-11 12:21:58.1800000,0,4254,0,2026-09-12 03:40:01.2430000,-33.483330,151.383330
1552647,"Branom",3549,233,"15S","15S2H4S1Q",1,2024-07-26 01:48:16.2700000,4010,0,0,2026-09-12 03:40:10.8600000,33.198170,-95.815520
1556239,"Horton",3549,233,"15S","15S2H4S1Q",1,2026-01-01 09:32:12.2030000,3454,0,0,2026-09-12 03:40:17.5330000,33.262330,-95.820800
1559489,"Needmore",3549,233,"15S","15S2H4S1Q",1,2026-01-02 07:28:52.9300000,2306,0,0,2026-09-12 03:40:24.9200000,33.323720,-95.839690
1594548,"Paramount",3567,233,"11S","11S2H4S2Q",3,2013-08-29 23:22:47.0070000,3269,0,1042398,2026-09-12 03:40:25.1730000,33.889460,-118.159790
1560563,"Yowell",3549,233,"15S","15S2H4S1Q",1,2026-01-02 07:28:36.0130000,3451,0,0,2026-09-12 03:40:33.1100000,33.345390,-95.860240
1562640,"Jot-Em-Down",3549,233,"15S","15S2H4S1Q",1,2026-01-10 03:39:22.6470000,2529,0,0,2026-09-12 03:40:39.0230000,33.382890,-95.858300
2048598,"Galeville",3562,233,"18T","18T2H5S2Q",1,2026-09-12 03:40:38.4270000,1437,0,0,2026-09-12 03:40:45.8830000,41.636480,-74.190980
1565885,"Pecan Gap",3549,233,"15S","15S2H4S1Q",1,2026-01-11 21:46:29.7130000,2214,0,0,2026-09-12 03:40:48.3130000,33.437050,-95.846630
1567438,"Lyday Crossing",3549,233,"15S","15S2H4S1Q",1,2025-11-22 04:55:12.1170000,2135,0,0,2026-09-12 03:40:54.3500000,33.463440,-95.877740
2049610,"Bruynswick",3562,233,"18T","18T2H5S2Q",1,2026-09-12 03:41:00.8530000,1443,0,0,2026-09-12 03:41:02.5000000,41.657590,-74.226260
1564525,"Rattan",3549,233,"15S","15S2H4S1Q",1,2025-11-22 04:54:36.1870000,2138,0,0,2026-09-12 03:41:06.6470000,33.415390,-95.781910
1562382,"Antioch",3549,233,"15S","15S2H4S1Q",1,2025-11-22 04:54:10.4400000,2142,0,0,2026-09-12 03:41:12.1500000,33.377890,-95.800520
2049061,"Dwaarkill",3562,233,"18T","18T2H5S2Q",1,2026-09-12 03:41:20.2570000,302,0,0,2026-09-12 03:41:20.2570000,41.648700,-74.263760
2138914,"Ellis",3577,233,"14T","14T2H3S2Q",2,2013-02-18 18:32:35.5930000,0,5618944,0,2026-09-12 03:45:01.7430000,43.562480,-96.830610
2138276,"Webster Grove Addition",3577,233,"14T","14T2H3S2Q",2,2013-02-16 04:13:13.5530000,0,5860926,0,2026-09-12 03:45:08.1500000,43.548860,-96.811440
2137949,"Hayward Addition",3577,233,"14T","14T2H3S2Q",2,2013-02-17 08:21:48.9300000,0,11045578,0,2026-09-12 03:45:08.3500000,43.538030,-96.793380
2137840,"Silver Valley Addition",3577,233,"14T","14T2H3S2Q",2,2013-02-16 03:56:49.9670000,0,6870725,0,2026-09-12 03:45:11.6900000,43.533590,-96.807550
2170635,"Sherman",3557,233,"16T","16T1H6S3Q",3,2026-04-16 13:18:25.8270000,0,0,441825,2026-09-12 03:45:43.1770000,44.423890,-85.696730
1956900,"Delaware Gardens",3561,233,"18S","18S1H2S1Q",2,2026-09-12 03:51:28.1630000,0,788,0,2026-09-12 03:51:28.1630000,39.960670,-75.067120
1956421,"Pavonia",3561,233,"18S","18S1H2S1Q",2,2026-09-12 03:51:28.1800000,0,781,200,2026-09-12 03:51:28.1800000,39.950950,-75.087120
1956759,"Cramer Hill",3561,233,"18S","18S1H2S1Q",2,2026-09-12 03:51:28.2270000,0,789,0,2026-09-12 03:51:28.2270000,39.957610,-75.084900
1954845,"Parkside",3561,233,"18S","18S1H2S1Q",2,2026-09-12 03:51:30.0530000,0,788,0,2026-09-12 03:51:30.0530000,39.928450,-75.096560
1952916,"Haddon",3561,233,"18S","18S1H2S1Q",2,2026-09-12 03:51:34.0930000,0,1411,0,2026-09-12 03:51:34.0930000,39.897610,-75.096010
1957500,"Meadowbrook",3561,233,"18S","18S1H2S1Q",2,2026-09-12 03:51:40.6700000,0,834,0,2026-09-12 03:51:40.6700000,39.967890,-75.039890
1958676,"Morris",3561,233,"18S","18S1H2S1Q",2,2026-09-12 03:51:44.3600000,0,790,0,2026-09-12 03:51:44.3600000,39.987330,-75.044340
1581787,"La Bolsa",3567,233,"11S","11S2H5S1Q",3,2013-06-12 17:27:46.6170000,2834,0,1623268,2026-09-12 03:52:43.3330000,33.686690,-117.997560
2149406,"Jasper",3558,233,"14T","14T2H3S2Q",2,2016-03-08 16:00:07.4600000,0,1407541,0,2026-09-12 03:55:04.8030000,43.849970,-96.398650
2151475,"Ihlen",3558,233,"14T","14T2H3S2Q",2,2015-06-17 20:26:40.1730000,0,85536,0,2026-09-12 03:55:18.3500000,43.907190,-96.367260
2150839,"Trosky",3558,233,"14T","14T2H3S2Q",2,2018-08-03 14:15:58.9970000,0,12745,0,2026-09-12 03:55:22.7530000,43.889140,-96.256980
2146721,"Hardwick",3558,233,"14T","14T2H3S2Q",2,2016-07-23 18:11:16.0470000,0,124225,0,2026-09-12 03:55:27.4430000,43.774970,-96.199470
2540390,"Zarya",2654,192,"37U","37U1H6S3Q",1,2026-09-12 03:57:22.9730000,985,0,0,2026-09-12 03:57:22.9730000,52.466670,40.683330
2191547,"Hromivka",3435,230,"36T","36T1H6S3Q",2,2026-08-03 11:46:47.0900000,1200,7086,0,2026-09-12 03:58:00.3800000,44.876560,34.792780
1773485,"Collinwood",3585,233,"17S","17S1H4S4Q",3,2022-05-22 22:05:15.0800000,0,0,182899,2026-09-12 03:58:02.7200000,36.738990,-82.324590
2192249,"Voron",3435,230,"36T","36T1H6S3Q",2,2026-08-03 11:12:33.7300000,600,7514,0,2026-09-12 03:58:04.3230000,44.888800,34.820470
2191444,"Mizhrichchya",3435,230,"36T","36T1H6S3Q",2,2026-08-03 11:12:17.6500000,1200,6380,0,2026-09-12 03:58:09.8670000,44.873470,34.847560
2190614,"Vesele",3435,230,"36T","36T1H6S3Q",2,2026-08-03 11:12:01.6170000,1200,6348,0,2026-09-12 03:58:14.1200000,44.857740,34.882060
2189452,"Uyutnaya",3435,230,"36T","36T1H6S3Q",2,2026-08-03 10:58:00.4630000,4500,8256,0,2026-09-12 03:58:19.8500000,44.833330,34.950000
2190328,"Il'ichevskoye",3435,230,"36T","36T1H6S3Q",2,2026-08-03 08:22:44.1530000,600,24888,0,2026-09-12 03:58:24.7830000,44.850000,34.966670
2189453,"Matiasa",3435,230,"36T","36T1H6S4Q",2,2026-08-03 08:22:55.2430000,900,23039,0,2026-09-12 03:58:33.9730000,44.833330,35.016670
2674195,"Pollokshields",977,77,"30U","30U1H1S2Q",1,2022-10-02 11:50:04.6600000,1499131,600,0,2026-09-12 03:58:42.6500000,55.840630,-4.277760
2673694,"Shawlands",977,77,"30U","30U1H1S2Q",1,2026-01-20 19:27:09.2100000,1509261,300,0,2026-09-12 03:58:49.5200000,55.828060,-4.283890
2672434,"Clarkston",977,77,"30U","30U1H1S2Q",1,2014-11-05 08:59:56.2900000,999295,300,0,2026-09-12 03:58:56.0230000,55.785940,-4.276510
2672113,"Carmunnock",977,77,"30U","30U1H1S2Q",1,2014-11-19 18:31:16.5430000,999969,300,0,2026-09-12 03:59:01.1100000,55.783330,-4.266670
2671562,"Busby",977,77,"30U","30U1H1S2Q",1,2014-10-01 18:05:19.8370000,999152,300,0,2026-09-12 03:59:06.7600000,55.766670,-4.250000
2670435,"Eaglesham",977,77,"30U","30U1H1S2Q",1,2014-11-26 23:39:42.8630000,999921,300,0,2026-09-12 03:59:12.3230000,55.733330,-4.266670
2541189,"Koroteyevka",2654,192,"37U","37U1H6S3Q",1,2026-09-12 03:59:14.9130000,984,0,0,2026-09-12 03:59:14.9130000,52.483330,40.683330
2672667,"Cathcart",977,77,"30U","30U1H1S2Q",1,2019-06-19 17:42:47.1530000,999462,300,0,2026-09-12 03:59:26.3170000,55.800000,-4.250000
1645708,"Artillery Village",3546,233,"14S","14S2H2S4Q",3,2023-12-30 20:08:48.0530000,0,0,4510134,2026-09-12 03:59:36.3530000,34.638960,-98.413940
2673236,"Kings Park",977,77,"30U","30U1H1S2Q",1,2025-12-27 22:20:04.3970000,899904,300,0,2026-09-12 03:59:45.7800000,55.816670,-4.250000
2673237,"Polmadie",977,77,"30U","30U1H1S2Q",1,2024-04-27 08:49:42.4770000,1499484,300,0,2026-09-12 03:59:54.7700000,55.816670,-4.233330
2138113,"Boekhoff Subdivision",3577,233,"14T","14T2H3S2Q",2,2013-02-13 20:26:11.2700000,0,7393401,0,2026-09-12 04:00:04.1770000,43.543310,-96.840610
2673238,"Rutherglen",977,77,"30U","30U1H1S2Q",1,2019-10-24 15:36:55.0700000,1499001,600,0,2026-09-12 04:00:06.1000000,55.816670,-4.216670
2138201,"West Acres Development",3577,233,"14T","14T2H3S2Q",2,2013-02-13 17:10:29.3200000,0,5503699,0,2026-09-12 04:00:08.2730000,43.546090,-96.866440
2137047,"Klein Subdivision",3577,233,"14T","14T2H3S2Q",2,2013-02-15 22:43:04.8700000,0,6626845,0,2026-09-12 04:00:13.7600000,43.518310,-96.826720
2136297,"El Rancho Acres",3577,233,"14T","14T2H3S2Q",2,2013-02-19 21:44:20.8930000,0,5278371,0,2026-09-12 04:00:17.9070000,43.501370,-96.873110
2136269,"Country Acres",3577,233,"14T","14T2H3S2Q",2,2013-02-20 05:41:51.9100000,0,5273052,0,2026-09-12 04:00:22.0130000,43.500530,-96.889500
2673239,"Cambuslang",977,77,"30U","30U1H1S2Q",1,2014-12-29 21:42:57.6000000,1499525,300,0,2026-09-12 04:00:22.1870000,55.816670,-4.183330
2673240,"Newton",977,77,"30U","30U1H1S2Q",1,2020-04-17 12:09:28.3200000,1499323,300,0,2026-09-12 04:00:29.7970000,55.816670,-4.150000
2673783,"Mount Vernon",977,77,"30U","30U1H1S2Q",1,2010-01-01 00:00:00.0000000,1499962,300,0,2026-09-12 04:00:36.5200000,55.833330,-4.150000
2674338,"Bailleston",977,77,"30U","30U1H1S2Q",1,2015-01-05 09:31:33.9500000,1499585,300,0,2026-09-12 04:00:42.7730000,55.850000,-4.133330
2674104,"Birkenshaw",977,77,"30U","30U1H1S2Q",1,,1499031,300,0,2026-09-12 04:00:48.6600000,55.835330,-4.092750
2675781,"Gartcosh",977,77,"30U","30U1H1S2Q",1,2019-05-16 22:00:56.7930000,1499381,300,0,2026-09-12 04:00:58.0370000,55.886530,-4.083310
2676004,"Muirhead",977,77,"30U","30U1H1S2Q",1,2022-05-08 20:32:32.2770000,1499233,300,0,2026-09-12 04:01:03.9330000,55.898030,-4.105800
2676055,"Chryston",977,77,"30U","30U1H1S2Q",1,2015-02-22 22:44:20.2000000,1499705,600,0,2026-09-12 04:01:14.3700000,55.900000,-4.100000
2676597,"Moodiesburn",977,77,"30U","30U1H1S2Q",1,2026-07-12 05:48:36.4700000,402114,300,0,2026-09-12 04:01:23.5700000,55.915010,-4.083310
2623772,"Sel'd'",2649,192,"39U","39U1H1S3Q",1,2026-09-12 04:01:27.6700000,879,0,0,2026-09-12 04:01:27.6700000,54.336940,48.307780
2676639,"Mollinburn",977,77,"30U","30U1H1S2Q",1,2018-03-21 21:53:26.4600000,1499321,300,0,2026-09-12 04:01:33.1830000,55.916670,-4.033330
118892,"Castillo",2386,175,"18L","18L2H5S4Q",1,2026-09-12 04:01:35.8900000,1250,0,0,2026-09-12 04:01:35.8900000,-15.766670,-74.350000
119081,"Yactapara",2386,175,"18L","18L2H5S4Q",1,2026-09-12 04:01:39.1070000,1250,0,0,2026-09-12 04:01:39.1070000,-15.754720,-74.348060
2674887,"Coatbridge",977,77,"30U","30U1H1S2Q",1,2015-06-16 15:21:13.9700000,1499193,300,0,2026-09-12 04:01:42.6470000,55.866670,-4.033330
117899,"Indio Muerto",2386,175,"18L","18L2H5S4Q",1,2026-09-12 04:01:43.6800000,1250,0,0,2026-09-12 04:01:43.6800000,-15.850000,-74.250000
117795,"Chala",2386,175,"18L","18L2H5S4Q",1,2026-09-12 04:01:47.5270000,1250,0,0,2026-09-12 04:01:47.5270000,-15.865830,-74.246940
117701,"Cali",2386,175,"18L","18L2H5S4Q",1,2026-09-12 04:01:50.3970000,1250,0,0,2026-09-12 04:01:50.4000000,-15.866670,-74.183330
118417,"Parara",2386,175,"18L","18L2H5S4Q",1,2026-09-12 04:01:55.2070000,1250,0,0,2026-09-12 04:01:55.2070000,-15.807780,-74.234170
119226,"Hacienda Parcoy",2386,175,"18L","18L2H5S4Q",1,2026-09-12 04:02:00.1470000,1250,0,0,2026-09-12 04:02:00.1470000,-15.749440,-74.303060
2674339,"Airdrie",977,77,"30U","30U1H2S1Q",1,2017-12-29 08:25:21.9970000,1499581,300,0,2026-09-12 04:02:00.3330000,55.850000,-3.983330
2673241,"Bellshill",977,77,"30U","30U1H1S2Q",1,,1499106,300,0,2026-09-12 04:02:06.6800000,55.816670,-4.016670
119315,"Lucmilla",2386,175,"18L","18L2H5S4Q",1,2026-09-12 04:02:07.1430000,1250,0,0,2026-09-12 04:02:07.1430000,-15.733330,-74.283330
2672668,"Uddingston",977,77,"30U","30U1H1S2Q",1,2021-11-14 15:36:34.4700000,1499880,300,0,2026-09-12 04:02:12.2200000,55.800000,-4.066670
1913372,"Nashville",3555,233,"16S","16S1H2S2Q",2,2013-09-07 13:49:17.3800000,0,12325490,0,2026-09-12 04:02:29.7430000,39.207270,-86.251100
2673242,"Mossend",977,77,"30U","30U1H2S1Q",1,2020-05-12 11:35:59.3900000,1499547,300,0,2026-09-12 04:02:30.6530000,55.816670,-4.000000
2672670,"Carfin",977,77,"30U","30U1H2S1Q",1,2015-06-13 05:49:31.2500000,999435,300,0,2026-09-12 04:02:38.5170000,55.800000,-3.950000
2672115,"Dalziel",977,77,"30U","30U1H2S1Q",1,2023-06-05 17:24:40.7970000,1099708,300,0,2026-09-12 04:02:43.4400000,55.783330,-3.966670
2672114,"Motherwell",977,77,"30U","30U1H2S1Q",1,2023-04-17 17:59:05.3200000,1498973,600,0,2026-09-12 04:03:03.1170000,55.783330,-4.000000
2671566,"Wishaw",977,77,"30U","30U1H2S1Q",1,2021-08-11 07:41:10.3870000,999935,300,0,2026-09-12 04:03:09.8000000,55.766670,-3.916670
2672116,"Cambusnethan",977,77,"30U","30U1H2S1Q",1,2023-06-13 14:51:44.6870000,899300,300,0,2026-09-12 04:03:14.6770000,55.783330,-3.900000
2625334,"Protopopovka",2649,192,"39U","39U1H1S3Q",1,2026-09-12 04:03:19.7170000,947,0,0,2026-09-12 04:03:19.7170000,54.381940,48.297500
2671565,"Hamilton",977,77,"30U","30U1H1S2Q",1,2023-05-11 17:49:48.0700000,1499152,300,0,2026-09-12 04:03:27.5530000,55.766670,-4.033330
2671564,"High Blantyre",977,77,"30U","30U1H1S2Q",1,2024-08-05 18:39:22.1330000,1199450,300,0,2026-09-12 04:03:35.6800000,55.766670,-4.100000
2671005,"Cadzow",977,77,"30U","30U1H1S2Q",1,2015-02-16 12:35:52.2600000,899873,300,0,2026-09-12 04:03:44.9370000,55.750000,-4.050000
2625648,"Laishevka",2649,192,"39U","39U1H1S3Q",1,2026-09-12 04:03:50.4930000,860,0,0,2026-09-12 04:03:50.4930000,54.385000,48.278890
1931246,"Eminence",3555,233,"16S","16S1H2S2Q",2,2013-06-17 01:01:38.0470000,0,7463498,0,2026-09-12 04:04:01.2170000,39.521440,-86.641390
2671563,"East Kilbride",977,77,"30U","30U1H1S2Q",1,2024-08-18 19:57:50.4370000,999148,300,0,2026-09-12 04:04:09.7900000,55.766670,-4.166670
2671561,"Newton Mearns",977,77,"30U","30U1H1S2Q",1,2014-09-14 12:18:41.2630000,999114,300,0,2026-09-12 04:04:28.8700000,55.766670,-4.333330
2672112,"Barrhead",977,77,"30U","30U1H1S2Q",1,2015-11-12 06:45:39.3230000,999901,300,0,2026-09-12 04:04:35.9630000,55.783330,-4.383330
2672430,"Neilston",977,77,"30U","30U1H1S2Q",1,2014-09-08 21:21:10.7900000,999230,300,0,2026-09-12 04:04:40.9230000,55.785740,-4.426370
2674334,"Finnieston",977,77,"30U","30U1H1S2Q",1,2025-10-20 17:53:47.9400000,548897,600,0,2026-09-12 04:04:54.2400000,55.850000,-4.283330
1599458,"Deerfield",3539,233,"16S","16S2H6S2Q",1,2012-12-31 11:59:35.7370000,669916,0,0,2026-09-12 04:05:21.9770000,33.960660,-84.287700
2671006,"Meikle Earnock",977,77,"30U","30U1H1S2Q",1,2014-11-28 18:35:30.7000000,899586,300,0,2026-09-12 04:05:37.4930000,55.750000,-4.033330
2671007,"Overtown",977,77,"30U","30U1H2S1Q",1,2023-11-05 13:28:50.5670000,999532,300,0,2026-09-12 04:05:46.5430000,55.750000,-3.916670
2671008,"Law",977,77,"30U","30U1H2S1Q",1,2019-11-26 16:21:36.7470000,999566,300,0,2026-09-12 04:06:02.8030000,55.750000,-3.883330
2671567,"Newmains",977,77,"30U","30U1H2S1Q",1,2015-03-02 23:16:18.7270000,999928,300,0,2026-09-12 04:06:08.0430000,55.766670,-3.883330
2671568,"Morningside",977,77,"30U","30U1H2S1Q",1,,999382,300,0,2026-09-12 04:06:16.9530000,55.766670,-3.866670
2669861,"Carluke",977,77,"30U","30U1H2S1Q",1,2015-05-27 20:16:55.3000000,1099275,300,0,2026-09-12 04:06:23.8400000,55.716670,-3.833330
1883326,"Natoma",3567,233,"10S","10S1H3S3Q",2,2012-08-10 07:26:16.9330000,0,4152259,0,2026-09-12 04:06:30.8100000,38.654900,-121.181340
2669283,"Crossford",977,77,"30U","30U1H2S1Q",1,2015-05-31 02:53:53.8670000,899508,300,0,2026-09-12 04:06:32.4330000,55.700000,-3.866670
2669284,"Braidwood",977,77,"30U","30U1H2S1Q",1,2015-01-27 07:42:25.8770000,899642,300,0,2026-09-12 04:06:38.2730000,55.700000,-3.833330
2669282,"Netherburn",977,77,"30U","30U1H2S1Q",1,2014-11-19 18:38:39.4330000,798944,300,0,2026-09-12 04:06:49.2600000,55.700000,-3.916670
2668227,"Stonehouse",977,77,"30U","30U1H2S1Q",1,2014-11-19 18:38:35.6370000,799409,300,0,2026-09-12 04:06:54.8970000,55.666670,-3.983330
1881800,"White Rock",3567,233,"10S","10S1H3S3Q",2,2023-07-15 01:26:07.4130000,0,4081099,0,2026-09-12 04:07:25.9430000,38.627130,-121.092170
1881039,"Malby Crossing",3567,233,"10S","10S1H3S3Q",2,2020-02-07 03:47:47.7200000,0,3744401,0,2026-09-12 04:07:38.7970000,38.613240,-121.071060
1879208,"Walltown",3567,233,"10S","10S1H3S3Q",2,2012-10-31 15:17:01.0630000,0,4000528,0,2026-09-12 04:07:50.5970000,38.574070,-121.103830
2674886,"Anwoth",977,77,"30U","30U1H1S2Q",1,2019-12-24 13:36:19.7930000,1499495,300,0,2026-09-12 04:07:52.7070000,55.866670,-4.216670
2541484,"Krasnyy Oktyabr'",2654,192,"37U","37U1H6S3Q",1,2026-09-12 04:07:58.0270000,984,0,0,2026-09-12 04:07:58.0270000,52.493890,40.682500
2541909,"Lazovo",2654,192,"37U","37U1H6S3Q",1,2026-09-12 04:08:04.5930000,984,0,0,2026-09-12 04:08:04.5930000,52.500000,40.683330
2542167,"Izmaylovo",2654,192,"37U","37U1H6S3Q",1,2026-09-12 04:08:14.4630000,984,0,0,2026-09-12 04:08:14.4630000,52.508060,40.712780
1874699,"Live Oak",3567,233,"10S","10S1H3S3Q",2,2012-10-23 18:13:45.7270000,0,3102945,0,2026-09-12 04:08:17.5700000,38.484080,-121.074110
2542690,"Andreyevka",2654,192,"37U","37U1H6S3Q",1,2026-09-12 04:08:19.5570000,984,0,0,2026-09-12 04:08:19.5570000,52.516670,40.650000
2541908,"Novogoritovskiy",2654,192,"37U","37U1H6S3Q",1,2026-09-12 04:08:25.1570000,985,0,0,2026-09-12 04:08:25.1570000,52.500000,40.633330
1875627,"Rancho Murieta",3567,233,"10S","10S1H3S3Q",2,2012-08-13 02:05:01.3400000,0,3803248,0,2026-09-12 04:08:28.4530000,38.501850,-121.094670
2539608,"Bogoyavlensk",2654,192,"37U","37U1H6S3Q",1,2026-09-12 04:08:31.7700000,984,0,0,2026-09-12 04:08:31.7700000,52.450000,40.750000
1831001,"Sholun",3567,233,"10S","10S1H5S2Q",3,2026-03-15 08:38:25.7970000,0,0,1317712,2026-09-12 04:08:32.4530000,37.672160,-122.477470
2538381,"Grachevka",2654,192,"37U","37U1H6S3Q",1,2026-09-12 04:08:38.2370000,984,0,0,2026-09-12 04:08:38.2370000,52.426940,40.754440
1838271,"North Beach",3567,233,"10S","10S1H5S2Q",3,2013-06-25 03:24:18.7800000,0,0,2025452,2026-09-12 04:08:42.8800000,37.805760,-122.412190
2836381,"Alcatraz",3567,233,"10S","10S1H5S2Q",3,2013-07-21 02:02:03.3900000,0,0,27004898,2026-09-12 04:08:48.4830000,37.826886,-122.423224
1905767,"Elkinsville",3555,233,"16S","16S1H2S2Q",2,2010-01-01 00:00:00.0000000,0,1930694,0,2026-09-12 04:09:35.5130000,39.076160,-86.264710
1690995,"Panhandle",3549,233,"14S","14S2H1S1Q",2,2026-09-12 04:10:52.2370000,0,4835,0,2026-09-12 04:10:57.4600000,35.345600,-101.380440
1683392,"Conway",3549,233,"14S","14S2H1S1Q",2,2026-09-12 04:11:20.4270000,0,3282,0,2026-09-12 04:11:21.5570000,35.207830,-101.381280
1822638,"Irvington District",3567,233,"10S","10S1H6S1Q",3,2013-08-10 19:10:14.1800000,0,0,1304599,2026-09-12 04:11:56.8470000,37.522720,-121.971630
1683381,"Lark",3549,233,"14S","14S2H1S1Q",2,2026-09-12 04:12:19.2000000,0,4514,0,2026-09-12 04:12:31.7030000,35.207550,-101.240160
1683200,"Groom",3549,233,"14S","14S2H1S1Q",2,2026-09-12 04:12:42.5570000,0,2231,0,2026-09-12 04:12:44.6200000,35.203660,-101.106820
1681919,"Boydston",3549,233,"14S","14S2H1S1Q",2,2026-09-12 04:12:52.8100000,426,2589,0,2026-09-12 04:12:57.3800000,35.182830,-101.008480
1693329,"Cuyler",3549,233,"14S","14S2H1S1Q",2,2026-09-12 04:13:17.4170000,0,1000,0,2026-09-12 04:13:17.4170000,35.389210,-101.272940
2696377,"Tullybelton",977,77,"30V","30V2H5S3Q",3,2025-08-03 20:37:16.4430000,0,0,188924,2026-09-12 04:13:24.2600000,56.483330,-3.566670
1677757,"Claude",3549,233,"14S","14S2H1S1Q",2,2026-09-12 04:13:49.7030000,0,5272,0,2026-09-12 04:14:04.4900000,35.111720,-101.363220
2698393,"Caputh",977,77,"30V","30V2H5S3Q",3,2025-08-05 21:28:23.5270000,0,0,284833,2026-09-12 04:14:14.2730000,56.543210,-3.484040
1676470,"Malden",3549,233,"14S","14S2H1S1Q",2,2026-09-12 04:14:17.8830000,0,2207,0,2026-09-12 04:14:19.7130000,35.089770,-101.308220
2192945,"Glen Haven",3557,233,"16T","16T1H5S4Q",3,2026-06-01 03:00:49.8830000,300,0,99154,2026-09-12 04:14:23.1230000,44.901940,-86.027590
2153233,"Hatfield",3558,233,"14T","14T2H3S2Q",2,2010-01-01 00:00:00.0000000,0,7350,0,2026-09-12 04:14:37.0300000,43.957470,-96.195310
2698444,"Delvine",977,77,"30V","30V2H5S3Q",3,2025-11-23 18:58:57.9230000,0,0,140465,2026-09-12 04:14:39.0870000,56.545860,-3.429620
2150236,"Edgerton",3558,233,"14T","14T2H3S2Q",2,2016-08-10 05:01:20.2500000,0,6088,0,2026-09-12 04:14:40.9300000,43.872470,-96.128640
2154541,"Diamond Corner",3558,233,"14T","14T2H3S2Q",2,2016-03-29 01:23:29.5500000,0,5155,0,2026-09-12 04:14:45.1270000,43.993860,-96.103910
2155108,"Woodstock",3558,233,"14T","14T1H6S4Q",2,2016-03-28 00:31:48.3530000,0,3368,0,2026-09-12 04:14:48.6700000,44.009130,-96.100580
2158110,"Holland",3558,233,"14T","14T1H6S4Q",2,2016-04-21 01:16:45.4370000,0,49649,0,2026-09-12 04:14:53.0430000,44.091640,-96.188640
2161196,"Ruthton",3558,233,"14T","14T1H6S4Q",2,2016-04-21 01:16:58.3900000,0,3561,0,2026-09-12 04:14:57.0230000,44.176630,-96.103920
2163475,"Florence",3558,233,"14T","14T1H6S4Q",2,2016-03-20 03:24:51.9430000,0,7597,0,2026-09-12 04:15:03.8200000,44.237190,-96.051970
2133521,"Tea",3577,233,"14T","14T2H3S2Q",2,2013-02-24 05:15:09.5270000,0,5419899,0,2026-09-12 04:15:14.0800000,43.446370,-96.835880
2697995,"Meikleour",977,77,"30V","30V2H5S3Q",3,2025-11-23 18:59:05.4400000,0,0,59878,2026-09-12 04:15:14.0800000,56.533330,-3.366670
2129010,"Lennox",3577,233,"14T","14T2H3S2Q",2,2014-03-03 14:22:14.4630000,0,5297894,0,2026-09-12 04:15:20.1500000,43.354150,-96.892000
2127591,"Naomi",3577,233,"14T","14T2H3S2Q",2,2014-03-03 15:24:36.2000000,0,5343335,0,2026-09-12 04:15:23.1700000,43.330540,-96.924500
2153975,"Sioux Falls Junction",3577,233,"14T","14T2H3S2Q",2,2024-09-10 22:25:45.1400000,0,21141,0,2026-09-12 04:15:26.1600000,43.979140,-96.689490
2129908,"Chancellor",3577,233,"14T","14T2H3S2Q",2,2013-04-23 20:46:51.1800000,0,5262721,0,2026-09-12 04:15:26.6030000,43.372200,-96.987000
2697464,"Kinclaven",977,77,"30V","30V2H5S3Q",3,2025-08-01 13:19:46.6470000,0,0,232465,2026-09-12 04:15:33.5700000,56.516670,-3.383330
2124012,"Davis",3577,233,"14T","14T2H3S2Q",2,2013-02-19 05:10:13.5100000,0,5207017,0,2026-09-12 04:15:34.1570000,43.257480,-96.995610
1596545,"La Mirada",3567,233,"11S","11S2H4S2Q",3,2014-10-21 05:16:34.9770000,2493,0,1681007,2026-09-12 04:15:36.5930000,33.917240,-118.012010
1673160,"Goodnight",3549,233,"14S","14S2H1S1Q",2,2026-09-12 04:15:19.4270000,0,14104,0,2026-09-12 04:15:42.8700000,35.034490,-101.186270
2696923,"Cargill",977,77,"30V","30V2H5S3Q",3,2025-07-29 00:12:01.9070000,0,0,134365,2026-09-12 04:15:45.9430000,56.500000,-3.366670
2697465,"Woodside",977,77,"30V","30V2H5S3Q",3,2025-07-25 07:00:45.4200000,0,0,152799,2026-09-12 04:15:56.8630000,56.516670,-3.283330
1671436,"Ashtola",3549,233,"14S","14S2H1S1Q",2,2026-09-12 04:16:02.7570000,0,1629,0,2026-09-12 04:16:02.7570000,35.006440,-101.043480
2698507,"Coupar Angus",977,77,"30V","30V2H5S3Q",3,2025-08-03 06:15:39.2770000,0,0,306704,2026-09-12 04:16:04.1500000,56.550000,-3.266670
1673291,"Howardwick",3549,233,"14S","14S2H1S2Q",2,2026-09-12 04:16:20.6430000,0,1000,0,2026-09-12 04:16:20.6430000,35.037270,-100.906810
2699041,"Rosemount",977,77,"30V","30V2H5S3Q",3,2025-10-26 23:21:19.5400000,0,0,136793,2026-09-12 04:16:31.9630000,56.566670,-3.283330
2281735,"Ferenctanya",1221,100,"34T","34T1H1S1Q",3,2026-09-12 04:17:04.3300000,0,517,1640,2026-09-12 04:17:04.3300000,47.233330,18.750000
2280182,"Gyorgymajor",1221,100,"34T","34T1H1S1Q",3,2026-09-12 04:17:09.8000000,517,816,1660,2026-09-12 04:17:09.8000000,47.200000,18.733330
2278763,"Nandormajor",1221,100,"34T","34T1H1S1Q",3,2026-09-12 04:17:16.0100000,0,735,905,2026-09-12 04:17:16.0100000,47.166670,18.733330
1833300,"Komandorski Village",3567,233,"10S","10S1H6S1Q",3,2022-11-24 00:43:32.3770000,0,517,3030321,2026-09-12 04:20:24.0400000,37.716040,-121.908850
1833083,"Dougherty",3567,233,"10S","10S1H6S1Q",2,2023-09-02 15:13:42.2570000,0,4058081,0,2026-09-12 04:20:29.9530000,37.711040,-121.909680
1836761,"San Ramon",3567,233,"10S","10S1H6S1Q",2,2023-10-17 16:10:40.4730000,0,3044369,0,2026-09-12 04:20:41.8230000,37.779930,-121.978020
1835705,"Brookshire",3567,233,"10S","10S1H5S2Q",2,2024-01-17 08:05:04.0100000,0,3027866,0,2026-09-12 04:20:50.8130000,37.759090,-122.028290
1602556,"Bartolo",3567,233,"11S","11S2H1S4Q",3,2013-07-01 09:30:21.0530000,1760,0,1047272,2026-09-12 04:20:59.3770000,34.006400,-118.062290
2190329,"Arkhaderes",3435,230,"36T","36T1H6S4Q",2,2026-08-03 08:23:06.2800000,900,7044,0,2026-09-12 04:24:44.6800000,44.850000,35.050000
2191177,"Bogatovka",3435,230,"36T","36T1H6S4Q",2,2026-08-03 10:57:01.4600000,900,7039,0,2026-09-12 04:24:58.7630000,44.866670,35.066670
2191487,"Sonyachna Dolyna",3435,230,"36T","36T1H6S4Q",2,2026-08-03 10:57:44.4470000,900,6712,0,2026-09-12 04:25:04.8630000,44.874630,35.096670
2192056,"Lagernoye",3435,230,"36T","36T1H6S4Q",2,2026-08-09 09:09:14.8130000,900,7465,0,2026-09-12 04:25:09.2300000,44.883330,35.100000
2193684,"Akikat",3435,230,"36T","36T1H6S4Q",2,2026-08-09 10:31:16.1670000,300,5716,0,2026-09-12 04:25:16.3530000,44.916670,35.066670
2193683,"Adzhi-Bay",3435,230,"36T","36T1H6S4Q",2,2026-08-03 10:56:38.7200000,300,7593,0,2026-09-12 04:25:21.7900000,44.916670,35.016670
2192872,"Kamenka",3435,230,"36T","36T1H6S4Q",2,2026-08-03 10:56:16.0500000,300,2766,0,2026-09-12 04:25:27.9270000,44.900000,35.000000
2192244,"Dachne",3435,230,"36T","36T1H6S3Q",2,2026-08-03 08:26:21.1700000,300,13384,0,2026-09-12 04:25:32.0400000,44.888380,34.994360
2673782,"Dalmarnock",977,77,"30U","30U1H1S2Q",1,2020-02-09 16:22:13.0900000,1499763,300,0,2026-09-12 04:29:36.8930000,55.833330,-4.216670
2674336,"Tradeston",977,77,"30U","30U1H1S2Q",1,2019-09-22 20:56:08.6570000,1499229,300,0,2026-09-12 04:29:42.1570000,55.850000,-4.233330
2678975,"Castlecary",977,77,"30U","30U1H2S1Q",1,2020-03-22 01:15:55.0330000,699118,600,0,2026-09-12 04:30:14.9130000,55.983330,-3.950000
2120931,"Hooker",3577,233,"14T","14T2H3S1Q",2,2013-02-18 04:04:49.9570000,0,5130891,0,2026-09-12 04:30:19.2900000,43.199990,-97.024770
2678976,"Haggs",977,77,"30U","30U1H2S1Q",1,2020-03-29 14:08:18.2470000,608198,600,0,2026-09-12 04:30:27.1700000,55.983330,-3.933330
2117157,"Centerville",3577,233,"14T","14T2H3S2Q",2,2018-08-12 18:39:56.6700000,0,151075,0,2026-09-12 04:30:27.2800000,43.119430,-96.961440
2279442,"Szarvastanya",1221,100,"34T","34T1H1S1Q",3,2026-09-12 04:30:31.6730000,517,0,1540,2026-09-12 04:30:31.6730000,47.183330,18.716670
2119646,"Viborg",3577,233,"14T","14T2H3S1Q",2,2018-08-14 02:33:54.8200000,0,113149,0,2026-09-12 04:30:32.1500000,43.170270,-97.081440
2123227,"Turkey Ridge",3577,233,"14T","14T2H3S1Q",2,2018-08-14 02:34:05.4300000,0,104232,0,2026-09-12 04:30:40.9400000,43.243600,-97.279500
2278166,"Csongrad",1221,100,"34T","34T1H1S1Q",3,2026-09-12 04:30:41.5530000,0,800,1940,2026-09-12 04:30:41.5530000,47.150000,18.700000
2125171,"Hurley",3577,233,"14T","14T2H3S1Q",2,2013-02-18 04:05:57.2700000,0,5180248,0,2026-09-12 04:30:46.2470000,43.283040,-97.089220
2686437,"Kinlochard",977,77,"30V","30V2H4S4Q",1,2015-12-30 17:48:29.8170000,499209,300,0,2026-09-12 04:31:45.5570000,56.189230,-4.493240
1594581,"Lilburn",3539,233,"16S","16S2H6S2Q",1,2013-01-28 23:22:12.9000000,1103771,0,0,2026-09-12 04:33:53.0300000,33.890100,-84.142970
1823951,"Johnson Cove",3585,233,"18S","18S1H5S1Q",1,2026-09-12 04:35:13.8630000,1101,0,0,2026-09-12 04:35:13.8630000,37.546800,-75.926040
1823745,"Old Neck Landing",3585,233,"18S","18S1H5S1Q",1,2026-09-12 04:35:30.2430000,1151,0,0,2026-09-12 04:35:30.2430000,37.542360,-75.924660
1823437,"Pleasant Cove Village",3585,233,"18S","18S1H5S1Q",1,2026-09-12 04:36:00.2630000,1151,0,0,2026-09-12 04:36:00.2630000,37.535410,-75.932430
1822146,"Jamesville",3585,233,"18S","18S1H5S1Q",1,2026-09-12 04:36:11.4600000,1095,0,0,2026-09-12 04:36:11.4600000,37.515130,-75.930490
2221934,"Vancouver",3578,233,"10T","10T1H5S2Q",2,2014-09-25 04:27:57.8900000,0,1230998,2430,2026-09-12 04:38:59.1800000,45.638730,-122.661490
1617133,"Wilmington",3545,233,"18S","18S2H1S3Q",3,2015-08-20 08:17:06.6730000,0,281025,1203565,2026-09-12 04:42:00.9270000,34.225730,-77.944710
1840115,"Alamo Oaks",3567,233,"10S","10S1H6S1Q",2,2023-07-16 15:48:37.8930000,0,3010619,0,2026-09-12 04:42:04.2630000,37.839370,-121.993020
1875898,"Rancho Murieta",3567,233,"10S","10S1H3S3Q",2,2013-03-26 22:25:43.2530000,0,3876808,0,2026-09-12 04:42:07.8030000,38.508490,-121.071620
1840775,"Alamo",3567,233,"10S","10S1H5S2Q",2,2024-10-19 00:15:29.8830000,0,3010641,0,2026-09-12 04:42:14.6170000,37.850200,-122.032180
1817918,"Birdsnest",3585,233,"18S","18S1H5S1Q",1,2026-09-12 04:42:16.7170000,1146,0,0,2026-09-12 04:42:16.7170000,37.439020,-75.881040
1842044,"Walnut Heights",3567,233,"10S","10S1H5S2Q",2,2024-11-13 19:24:44.1070000,0,3025431,0,2026-09-12 04:42:27.8870000,37.876590,-122.051070
1842932,"Sacanap",3567,233,"10S","10S1H5S2Q",2,2025-12-04 09:23:09.7930000,0,3004895,0,2026-09-12 04:42:38.7500000,37.893260,-122.076070
1841193,"Rheem",3567,233,"10S","10S1H5S2Q",2,2025-10-27 18:57:08.2570000,0,3025015,0,2026-09-12 04:42:49.4300000,37.860760,-122.127190
1817730,"Sheps End",3585,233,"18S","18S1H5S1Q",1,2026-09-12 04:42:49.9800000,1146,0,0,2026-09-12 04:42:49.9800000,37.434860,-75.868260
1817660,"Little Johnsontown",3585,233,"18S","18S1H5S1Q",1,2026-09-12 04:42:56.8970000,1146,0,0,2026-09-12 04:42:56.8970000,37.433470,-75.855760
1818190,"Red Bank",3585,233,"18S","18S1H5S1Q",1,2026-09-12 04:43:39.9600000,1146,0,0,2026-09-12 04:43:39.9600000,37.444580,-75.841870
2697996,"Kirkton of Tealing",977,77,"30V","30V2H5S4Q",3,2025-07-08 05:40:50.6500000,0,0,238560,2026-09-12 04:43:52.6000000,56.533330,-2.966670
1818739,"Marionville",3585,233,"18S","18S1H5S1Q",1,2026-09-12 04:44:10.2670000,1146,0,0,2026-09-12 04:44:10.2670000,37.452640,-75.854650
1818954,"Weirwood",3585,233,"18S","18S1H5S1Q",1,2026-09-12 04:44:23.4530000,1146,0,0,2026-09-12 04:44:23.4530000,37.457080,-75.869650
1818248,"Bridgetown",3585,233,"18S","18S1H5S1Q",1,2026-09-12 04:44:32.8900000,1132,0,0,2026-09-12 04:44:32.8900000,37.445690,-75.926320
1819343,"Bayleys Neck Farm",3585,233,"18S","18S1H5S1Q",1,2026-09-12 04:44:48.0500000,1134,0,0,2026-09-12 04:44:48.0500000,37.465410,-75.914930
1819644,"Church Creek Point",3585,233,"18S","18S1H5S1Q",1,2026-09-12 04:45:02.6070000,1134,0,0,2026-09-12 04:45:02.6070000,37.468190,-75.931040
2131102,"Parker",3577,233,"14T","14T2H3S1Q",2,2013-04-18 03:22:31.3000000,0,5221172,0,2026-09-12 04:45:17.5130000,43.397480,-97.136450
2132531,"Marion",3577,233,"14T","14T2H3S1Q",2,2013-02-16 08:59:17.8370000,0,5144187,0,2026-09-12 04:45:21.2470000,43.423040,-97.260620
2135541,"Monroe",3577,233,"14T","14T2H3S1Q",2,2014-01-25 04:15:21.8030000,0,5300522,0,2026-09-12 04:45:28.1500000,43.486370,-97.215060
1820137,"Bayford",3585,233,"18S","18S1H5S1Q",1,2026-09-12 04:45:28.1700000,1134,0,0,2026-09-12 04:45:28.1700000,37.477910,-75.932710
2138112,"Pumpkin Center",3577,233,"14T","14T2H3S1Q",2,2013-04-13 23:51:33.2070000,0,5183874,0,2026-09-12 04:45:30.3770000,43.543310,-97.088670
2139625,"Rumpus Ridge",3577,233,"14T","14T2H3S1Q",2,2013-02-03 14:38:12.4100000,0,5191211,0,2026-09-12 04:45:36.1700000,43.580540,-97.188670
2699589,"Rattray",977,77,"30V","30V2H5S3Q",3,2025-10-26 23:21:58.1630000,0,0,140659,2026-09-12 04:48:36.2170000,56.583330,-3.316670
2699588,"Blairgowrie",977,77,"30V","30V2H5S3Q",3,2025-11-16 23:05:39.9430000,0,0,71664,2026-09-12 04:48:51.3130000,56.583330,-3.333330
2700140,"Craighall",977,77,"30V","30V2H5S3Q",3,2025-10-26 23:22:18.2030000,0,0,183765,2026-09-12 04:49:06.9800000,56.600000,-3.333330
2699844,"Kinloch",977,77,"30V","30V2H5S3Q",3,2025-11-04 07:43:53.7830000,0,0,319015,2026-09-12 04:50:25.0430000,56.586150,-3.387050
1823096,"Redwood Shores",3567,233,"10S","10S1H5S2Q",1,2025-01-09 22:39:58.7830000,3256920,0,1696,2026-09-12 04:51:19.9670000,37.531880,-122.248020
1820088,"Redwood Junction",3567,233,"10S","10S1H5S2Q",1,2025-04-22 18:09:46.4400000,2547929,0,12618,2026-09-12 04:51:29.5630000,37.477160,-122.221350
1819179,"Felton Gables",3567,233,"10S","10S1H5S2Q",1,2026-04-23 22:32:18.7070000,2053868,0,3462,2026-09-12 04:51:37.1070000,37.461940,-122.189440
1818805,"Menlo Park",3567,233,"10S","10S1H5S2Q",1,2025-05-12 21:31:48.6870000,2063369,0,3979,2026-09-12 04:51:41.3200000,37.453830,-122.182190
1609748,"Highland Park",3567,233,"11S","11S2H1S4Q",3,2014-11-04 03:43:41.6700000,676,0,1014557,2026-09-12 04:52:12.2800000,34.111950,-118.198960
1610000,"Atwater",3567,233,"11S","11S2H1S4Q",3,2015-04-18 18:18:46.2600000,716,0,1099194,2026-09-12 04:52:22.9970000,34.116400,-118.256460
1845344,"Bancroft",3567,233,"10S","10S1H5S2Q",2,2025-05-26 20:40:01.6570000,0,3004943,0,2026-09-12 04:52:35.5830000,37.933810,-122.047180
1845043,"Las Juntas",3567,233,"10S","10S1H5S2Q",2,2025-04-29 06:41:13.4270000,0,2999170,0,2026-09-12 04:52:53.9430000,37.931870,-122.054410
12576,"Camperdown",143,13,"56H","56H1H1S4Q",3,2017-03-15 06:04:47.7830000,0,0,1107961,2026-09-12 04:53:07.0270000,-33.889650,151.176420
1844887,"Sparkle",3567,233,"10S","10S1H5S2Q",2,2025-02-01 00:39:16.9270000,0,2893254,0,2026-09-12 04:53:36.5800000,37.928260,-122.056630
2699477,"Clunie",977,77,"30V","30V2H5S3Q",3,2026-01-02 15:59:02.4000000,0,0,127901,2026-09-12 04:53:59.7530000,56.577830,-3.450220
2684133,"Dysart",977,77,"30V","30V2H5S3Q",3,2025-06-16 00:52:12.5800000,0,0,414963,2026-09-12 04:58:20.2600000,56.133330,-3.116670
2140233,"Canistota",3577,233,"14T","14T2H3S1Q",2,2013-02-03 14:40:06.4900000,0,5166385,0,2026-09-12 05:00:27.4770000,43.597760,-97.290620
2138114,"Stanley Corner",3577,233,"14T","14T2H3S1Q",2,2016-10-24 15:54:50.1700000,0,112153,0,2026-09-12 05:00:35.1370000,43.543320,-97.387840
2135680,"Dolton",3577,233,"14T","14T2H3S1Q",2,2021-06-11 20:25:23.3230000,0,88322,0,2026-09-12 05:00:38.5130000,43.490820,-97.385620
2278762,"Tukrospuszta",1221,100,"34T","34T1H1S1Q",3,2026-09-12 05:00:39.1100000,0,2235,2585,2026-09-12 05:00:39.1100000,47.166670,18.700000
2279441,"Tutyimajor",1221,100,"34T","34T1H1S1Q",3,2026-09-12 05:00:58.3500000,0,1883,2585,2026-09-12 05:00:58.3500000,47.183330,18.683330
2699594,"Colliston",977,77,"30V","30V2H5S4Q",3,2025-07-25 06:25:22.3430000,0,0,220193,2026-09-12 05:00:59.9800000,56.583330,-2.633330
2060583,"prati",1377,110,"33T","33T2H4S1Q",3,2015-09-26 18:50:36.5230000,0,0,2762672,2026-09-12 05:01:39.1870000,41.909430,12.468190
2699043,"Saint Vigeans",977,77,"30V","30V2H5S4Q",3,2025-09-24 14:34:09.7200000,0,0,168301,2026-09-12 05:03:40.4000000,56.566670,-2.566670
2698511,"Arbroath",977,77,"30V","30V2H5S4Q",3,2025-09-18 19:54:57.4870000,0,0,168841,2026-09-12 05:06:22.1970000,56.550000,-2.583330
13983,"Lidsdale",143,13,"56H","56H1H1S3Q",2,2026-09-12 03:06:21.1730000,0,10210,0,2026-09-12 05:06:38.8000000,-33.400000,150.083330
2698510,"Arbirlot",977,77,"30V","30V2H5S4Q",3,2025-09-18 19:54:51.5070000,0,0,235172,2026-09-12 05:09:02.4130000,56.550000,-2.650000
1599396,"Westchester",3567,233,"11S","11S2H4S2Q",3,2015-05-25 06:24:22.3630000,0,0,1291535,2026-09-12 05:10:56.4800000,33.959730,-118.400630
1597988,"Lennox",3567,233,"11S","11S2H4S2Q",3,2015-07-14 00:53:55.5770000,0,0,1024258,2026-09-12 05:11:01.1030000,33.938140,-118.358610
2699042,"Kirkbuddo",977,77,"30V","30V2H5S4Q",3,2025-07-08 06:22:23.3430000,0,0,181030,2026-09-12 05:11:42.9630000,56.566670,-2.800000
1871051,"Fallbrook",3567,233,"10S","10S1H3S3Q",2,2012-08-23 22:16:53.1930000,0,4776227,0,2026-09-12 05:12:55.1630000,38.419080,-121.362170
1873472,"Vineyard",3567,233,"10S","10S1H3S3Q",2,2023-07-18 15:19:58.1070000,0,4110775,0,2026-09-12 05:13:16.1430000,38.464490,-121.346920
1875929,"Parkway-South Sacramento",3567,233,"10S","10S1H3S3Q",2,2012-09-15 23:11:47.4070000,0,4139567,0,2026-09-12 05:15:08.5870000,38.509400,-121.453320
2699592,"Inverarity",977,77,"30V","30V2H5S4Q",3,2025-06-26 21:58:18.1170000,0,0,234713,2026-09-12 05:16:11.3400000,56.583330,-2.883330
2697467,"East Haven",977,77,"30V","30V2H5S4Q",3,2025-07-20 09:27:33.6070000,0,0,193796,2026-09-12 05:17:04.5130000,56.516670,-2.666670
1573547,"Weems",3551,233,"16S","16S2H5S2Q",1,2026-09-10 04:15:32.3400000,17200,0,0,2026-09-12 05:19:44.2100000,33.555940,-86.662770
1574008,"McCombs",3551,233,"16S","16S2H5S2Q",2,2026-09-12 05:19:55.4400000,500,574,0,2026-09-12 05:19:55.4400000,33.563440,-86.617210
1753426,"Sidi Jedidi",3271,223,"32S","32S1H6S3Q",3,2026-09-12 05:20:00.1000000,0,0,876,2026-09-12 05:20:00.1000000,36.417060,10.456630
2696929,"Panbride",977,77,"30V","30V2H5S4Q",3,2025-07-20 09:07:14.6200000,0,0,155522,2026-09-12 05:20:04.2130000,56.500000,-2.700000
1751663,"Dai Zina",3271,223,"32S","32S1H6S3Q",3,2026-09-12 05:20:11.4130000,0,0,2092,2026-09-12 05:20:15.6100000,36.389440,10.446670
1573670,"Lakewood",3551,233,"16S","16S2H5S2Q",2,2026-09-12 05:20:20.0030000,0,430,0,2026-09-12 05:20:20.0030000,33.557880,-86.713320
1755301,"Ouled Salem",3271,223,"32S","32S1H6S3Q",3,2026-09-12 05:20:30.4900000,0,0,873,2026-09-12 05:20:30.4900000,36.448610,10.432500
2696928,"Carnoustie",977,77,"30V","30V2H5S4Q",3,2025-07-19 18:27:24.9370000,0,0,148607,2026-09-12 05:25:08.4630000,56.500000,-2.716670
2696911,"Barry",977,77,"30V","30V2H5S4Q",3,2025-06-26 16:09:08.8070000,0,0,144737,2026-09-12 05:25:20.1400000,56.499930,-2.756500
2681795,"Lephinmore",977,77,"30V","30V2H4S3Q",2,2026-09-12 05:25:21.6930000,0,1096,0,2026-09-12 05:25:21.6930000,56.066670,-5.233330
2678963,"Auchenbreck",977,77,"30U","30U1H1S1Q",2,2026-09-12 05:25:28.3470000,272,300,0,2026-09-12 05:25:28.3470000,55.983330,-5.166670
2681209,"Cairneyhill",977,77,"30V","30V2H5S3Q",1,2026-09-12 05:26:29.0330000,800,0,0,2026-09-12 05:26:29.0330000,56.050000,-3.533330
2681210,"Crossford",977,77,"30V","30V2H5S3Q",3,2026-09-09 01:11:20.6770000,517,0,21232,2026-09-12 05:26:39.7300000,56.050000,-3.500000
2073209,"Rignano Flaminio",1377,110,"33T","33T2H1S3Q",3,2020-10-21 14:28:27.1530000,0,0,589949,2026-09-12 05:26:50.1200000,42.206320,12.479370
2074405,"Sant'Oreste",1377,110,"33T","33T2H1S3Q",3,2021-04-26 05:43:20.3470000,0,0,482333,2026-09-12 05:26:55.2730000,42.234720,12.519370
2680915,"Charlestown",977,77,"30V","30V2H5S3Q",3,2026-09-08 23:28:15.4470000,517,0,30093,2026-09-12 05:26:57.5930000,56.036720,-3.498740
2075048,"Ponzano Ramano",1377,110,"33T","33T2H1S3Q",3,2018-02-09 18:32:50.3100000,0,0,573261,2026-09-12 05:27:03.0100000,42.250000,12.566670
2075349,"Ponzano Romano",1377,110,"33T","33T2H1S3Q",3,2018-02-09 18:33:07.0400000,0,0,489925,2026-09-12 05:27:06.3270000,42.256930,12.570470
2680848,"Limekilns",977,77,"30V","30V2H5S3Q",3,2026-09-08 23:24:55.2070000,517,0,31343,2026-09-12 05:27:11.5800000,56.033360,-3.477130
2678927,"Dalmeny",977,77,"30U","30U1H2S1Q",3,2026-09-08 23:22:50.4270000,517,0,38843,2026-09-12 05:27:19.5770000,55.981390,-3.374260
2075272,"Filacciano",1377,110,"33T","33T2H1S3Q",3,2021-04-14 02:47:25.8400000,0,0,399183,2026-09-12 05:27:19.9570000,42.254830,12.597680
2075798,"Gavignano",1377,110,"33T","33T2H1S3Q",3,2019-06-30 22:19:37.0200000,0,0,517533,2026-09-12 05:27:23.8270000,42.266670,12.616670
2670153,"Dunsyre",977,77,"30U","30U1H2S1Q",1,2026-09-12 05:27:26.7230000,1055,0,0,2026-09-12 05:27:26.7230000,55.717760,-3.478040
2074829,"Poggio Mirteto Scalo",1377,110,"33T","33T2H1S3Q",3,2020-04-06 02:36:13.1270000,0,0,590821,2026-09-12 05:27:27.4730000,42.246150,12.636810
2074572,"Torrita Tiberina",1377,110,"33T","33T2H1S3Q",3,2020-10-16 12:54:10.0170000,0,0,501611,2026-09-12 05:27:30.7800000,42.239130,12.614480
2675801,"Kirknewton",977,77,"30U","30U1H2S1Q",1,2026-09-12 05:27:39.0770000,1579,0,0,2026-09-12 05:27:39.0770000,55.887540,-3.418980
2675748,"Balerno",977,77,"30U","30U1H2S1Q",1,2026-09-12 05:27:52.6570000,1325,0,0,2026-09-12 05:27:52.6570000,55.884370,-3.339750
1613556,"Linda Vista",3567,233,"11S","11S2H1S4Q",3,2014-11-02 11:03:55.2700000,5068,0,1106313,2026-09-12 05:28:53.3830000,34.171400,-118.177020
2696380,"Barry",977,77,"30V","30V2H5S4Q",3,2025-07-26 05:46:01.9630000,0,0,133387,2026-09-12 05:30:30.5130000,56.483330,-2.750000
2696767,"Lucknow",977,77,"30V","30V2H5S4Q",3,2025-06-17 22:25:58.1800000,0,0,137961,2026-09-12 05:30:44.8100000,56.491030,-2.780400
1566825,"Beacon Hills",3551,233,"16S","16S2H5S2Q",3,2025-10-20 18:52:04.7070000,0,600,2578,2026-09-12 05:32:03.8330000,33.452880,-86.793600
1575280,"Lewisburg",3551,233,"16S","16S2H5S2Q",2,2026-07-08 05:45:19.1100000,0,9866,0,2026-09-12 05:32:24.8500000,33.582600,-86.805550
1580139,"Gardendale",3551,233,"16S","16S2H5S2Q",2,2025-08-26 05:40:26.0370000,574,300198,0,2026-09-12 05:32:53.3930000,33.660100,-86.812770
2223442,"Carvisi",1375,110,"32T","32T1H5S2Q",1,2025-09-28 10:25:46.8030000,111414,0,0,2026-09-12 05:32:55.0600000,45.683330,9.533330
2310647,"Pushkin",2660,192,"37T","37T1H3S1Q",2,2026-09-12 05:32:52.3370000,0,2327,0,2026-09-12 05:33:01.2170000,47.824440,40.157220
2309991,"Gornyy",2660,192,"37T","37T1H3S1Q",2,2026-09-12 05:33:07.5770000,0,2326,0,2026-09-12 05:33:11.3800000,47.812780,40.205000
2308135,"Ayutinskiy",2660,192,"37T","37T1H3S1Q",2,2026-09-12 05:33:21.4800000,0,2298,0,2026-09-12 05:33:26.2800000,47.772780,40.143060
1581027,"Cunningham",3551,233,"16S","16S2H5S2Q",2,2025-07-22 23:32:37.2600000,574,70184,0,2026-09-12 05:33:28.2600000,33.674550,-86.768880
2309860,"Talovyy",2660,192,"37T","37T1H3S1Q",2,2026-09-12 05:33:33.3530000,0,2328,0,2026-09-12 05:33:38.1730000,47.805000,40.110000
1594175,"Adville",3551,233,"16S","16S2H5S2Q",1,2026-09-12 05:33:54.9370000,1150,0,0,2026-09-12 05:33:54.9370000,33.883990,-86.644710
1824004,"Fremont",3567,233,"10S","10S1H6S1Q",3,2013-07-05 07:34:58.5230000,0,0,1188870,2026-09-12 05:35:33.9300000,37.548270,-121.988570
1589143,"Pine Mountain",3551,233,"16S","16S2H5S2Q",1,2026-09-12 05:36:37.6570000,1150,0,0,2026-09-12 05:36:37.6570000,33.808990,-86.568600
1591703,"Inland Junction",3551,233,"16S","16S2H5S2Q",1,2026-09-12 05:38:25.2400000,1078,0,0,2026-09-12 05:38:25.2400000,33.849270,-86.565270
2306610,"Vlasovo-Grushevskiy",2660,192,"37T","37T1H3S1Q",2,2026-09-12 05:38:32.9630000,0,2546,0,2026-09-12 05:38:37.1870000,47.746670,40.206670
1577374,"Tutwiler Farm",3551,233,"16S","16S2H5S2Q",1,2026-08-03 08:13:14.2670000,10865,0,0,2026-09-12 05:40:51.6070000,33.615380,-86.628880
2305740,"Gavrilovskiy",2660,192,"37T","37T1H3S1Q",2,2026-09-12 05:38:47.3500000,0,2314,0,2026-09-12 05:41:16.6200000,47.726390,40.236670
1694452,"Elk City",3546,233,"14S","14S2H2S1Q",2,2026-09-12 05:41:51.8270000,0,1274,0,2026-09-12 05:41:51.8270000,35.411990,-99.404260
1700578,"Carpenter",3546,233,"14S","14S2H2S1Q",2,2026-09-12 05:42:01.2430000,0,1402,0,2026-09-12 05:42:01.2430000,35.530330,-99.371760
1694980,"Canute",3546,233,"14S","14S2H2S1Q",2,2026-09-12 05:42:08.1630000,0,1554,0,2026-09-12 05:42:08.1630000,35.421990,-99.279530
1685608,"Taylor",3546,233,"14S","14S2H2S1Q",2,2026-09-12 05:42:18.3800000,0,1774,0,2026-09-12 05:42:18.3830000,35.248110,-99.382310
1687931,"Hocker",3546,233,"14S","14S2H2S1Q",2,2026-09-12 05:43:15.8700000,0,1540,0,2026-09-12 05:43:15.8700000,35.290050,-99.473980
1692368,"Merritt",3546,233,"14S","14S2H2S1Q",2,2026-09-12 05:43:22.7370000,0,1321,0,2026-09-12 05:43:22.7370000,35.369770,-99.505370
1687980,"Sayre",3546,233,"14S","14S2H2S1Q",2,2026-09-12 05:43:28.1470000,202,1536,0,2026-09-12 05:43:28.1470000,35.291160,-99.640100
1689892,"Doxey",3546,233,"14S","14S2H2S1Q",2,2026-09-12 05:43:36.1500000,0,1617,0,2026-09-12 05:43:36.1500000,35.324220,-99.583150
1691936,"New Liberty",3546,233,"14S","14S2H2S1Q",2,2026-09-12 05:43:44.1700000,0,1027,0,2026-09-12 05:43:44.1700000,35.363660,-99.717600
1696440,"Berlin",3546,233,"14S","14S2H2S1Q",2,2026-09-12 05:43:51.0570000,0,1628,0,2026-09-12 05:43:51.0570000,35.450610,-99.625380
1699288,"Rosehill",3546,233,"14S","14S2H2S1Q",2,2026-09-12 05:43:57.1300000,0,1347,0,2026-09-12 05:43:57.1300000,35.508660,-99.717330
1697032,"Grimes",3546,233,"14S","14S2H2S1Q",2,2026-09-12 05:44:06.1000000,0,1595,0,2026-09-12 05:44:06.1000000,35.466160,-99.760940
1705467,"Cheyenne",3546,233,"14S","14S2H2S1Q",2,2026-09-12 05:44:12.2170000,0,1305,0,2026-09-12 05:44:12.2200000,35.613940,-99.671490
1708795,"Strong City",3546,233,"14S","14S2H2S1Q",2,2026-09-12 05:44:17.7100000,0,1494,0,2026-09-12 05:44:17.7100000,35.670330,-99.599550
1705276,"Herring",3546,233,"14S","14S2H2S1Q",2,2026-09-12 05:44:22.6400000,0,1546,0,2026-09-12 05:44:22.6400000,35.610050,-99.517880
1706509,"Hammon",3546,233,"14S","14S2H2S1Q",2,2026-09-12 05:44:29.1230000,0,1834,0,2026-09-12 05:44:29.1230000,35.632830,-99.381770
1707956,"Hammon Junction",3546,233,"14S","14S2H2S1Q",2,2026-09-12 05:44:34.5800000,0,1497,0,2026-09-12 05:44:34.5800000,35.656160,-99.375380
1707694,"McClure",3546,233,"14S","14S2H2S1Q",2,2026-09-12 05:44:41.4670000,0,1581,0,2026-09-12 05:44:41.4670000,35.651440,-99.305650
2074820,"Montopoli in Sabina",1377,110,"33T","33T2H1S3Q",3,2019-05-18 16:32:41.3970000,0,0,437851,2026-09-12 05:44:42.0930000,42.245930,12.692080
2075049,"Castel San Pietro",1377,110,"33T","33T2H1S3Q",3,2021-08-14 10:12:51.2630000,0,0,338454,2026-09-12 05:44:50.8530000,42.250000,12.716670
1712777,"Moorewood",3546,233,"14S","14S2H2S1Q",2,2026-09-12 05:44:50.8570000,0,1254,0,2026-09-12 05:44:50.8570000,35.740330,-99.348990
2075441,"Salisano",1377,110,"33T","33T2H1S3Q",3,2019-06-21 17:25:45.4330000,0,0,452120,2026-09-12 05:44:54.4870000,42.259330,12.745780
2076384,"Montenero Sabino",1377,110,"33T","33T2H1S3Q",3,2017-05-12 17:43:22.4470000,0,0,232903,2026-09-12 05:45:04.1000000,42.281230,12.813580
1696585,"Foss",3546,233,"14S","14S2H2S1Q",2,2026-09-12 05:45:07.3600000,0,1344,0,2026-09-12 05:45:07.3600000,35.454490,-99.169810
2076532,"Montenero in Sabina",1377,110,"33T","33T2H1S3Q",3,2015-11-10 22:28:08.8200000,0,0,245251,2026-09-12 05:45:08.8570000,42.283330,12.816670
1698428,"Parkersburg",3546,233,"14S","14S2H2S1Q",2,2026-09-12 05:45:13.5030000,0,1240,0,2026-09-12 05:45:13.5030000,35.492550,-99.023700
2076533,"Ornaro",1377,110,"33T","33T2H1S3Q",3,2015-11-10 22:29:01.9430000,0,0,236752,2026-09-12 05:45:14.0170000,42.283330,12.850000
2076534,"Pantana",1377,110,"33T","33T2H1S3Q",3,2016-07-01 19:36:47.4100000,0,0,338140,2026-09-12 05:45:21.8530000,42.283330,12.883330
1699297,"Ralph",3546,233,"14S","14S2H2S1Q",2,2026-09-12 05:45:21.8670000,0,1459,0,2026-09-12 05:45:21.8670000,35.508940,-99.012030
2075585,"Torricella in Sabina",1377,110,"33T","33T2H1S3Q",3,2021-08-04 10:02:34.7600000,0,0,238166,2026-09-12 05:45:27.6900000,42.263330,12.870080
1700353,"East Junction",3546,233,"14S","14S2H2S2Q",2,2026-09-12 05:45:34.2500000,0,1162,0,2026-09-12 05:45:34.2500000,35.526440,-98.964530
1693176,"Bessie",3546,233,"14S","14S2H2S2Q",2,2026-09-12 05:45:41.7500000,0,1521,0,2026-09-12 05:45:41.7500000,35.385880,-98.988140
1692519,"Braithwaite",3546,233,"14S","14S2H2S1Q",2,2026-09-12 05:45:52.3100000,0,1444,0,2026-09-12 05:45:52.3100000,35.373660,-99.058420
1691116,"Burns Flat",3546,233,"14S","14S2H2S1Q",2,2026-09-12 05:45:57.4500000,0,1608,0,2026-09-12 05:45:57.4500000,35.348940,-99.170360
1687199,"Dill City",3546,233,"14S","14S2H2S1Q",2,2026-09-12 05:46:06.8070000,0,1582,0,2026-09-12 05:46:06.8070000,35.276720,-99.135080
1680539,"Sentinel",3546,233,"14S","14S2H2S1Q",2,2026-09-12 05:46:13.0370000,0,1339,0,2026-09-12 05:46:13.0370000,35.157830,-99.175360
1679756,"Old Retrop",3546,233,"14S","14S2H2S1Q",2,2026-09-12 05:46:17.8000000,0,1559,0,2026-09-12 05:46:17.8000000,35.145330,-99.342580
1683241,"Port",3546,233,"14S","14S2H2S1Q",2,2026-09-12 05:46:26.4600000,0,1712,0,2026-09-12 05:46:26.4600000,35.204500,-99.307310
1672788,"Lake Creek",3546,233,"14S","14S2H2S1Q",2,2026-09-12 05:46:32.7300000,0,1400,0,2026-09-12 05:46:32.7300000,35.029500,-99.413420
1674161,"Willow",3546,233,"14S","14S2H2S1Q",2,2026-09-12 05:46:40.6830000,0,4189,0,2026-09-12 05:46:43.0870000,35.051440,-99.509530
1678282,"Moravia",3546,233,"14S","14S2H2S1Q",2,2026-09-12 05:46:48.6730000,0,1375,0,2026-09-12 05:46:48.6730000,35.119220,-99.510090
1684082,"Carter",3546,233,"14S","14S2H2S1Q",2,2026-09-12 05:46:56.1230000,0,1550,0,2026-09-12 05:46:56.1230000,35.218940,-99.505650
1680629,"Retrop",3546,233,"14S","14S2H2S1Q",2,2026-09-12 05:47:02.0400000,0,3010,0,2026-09-12 05:47:03.7800000,35.159780,-99.359810
2452191,"Hallembaye",255,20,"31U","31U2H3S4Q",1,2026-06-27 01:32:13.8130000,100041,517,0,2026-09-12 05:47:13.5700000,50.740150,5.661100
2452073,"Devant le Pont",255,20,"31U","31U2H3S4Q",1,2026-06-28 05:29:43.5230000,100261,517,0,2026-09-12 05:47:22.0000000,50.735900,5.682220
2452013,"Basse Hermalle",255,20,"31U","31U2H3S4Q",1,2025-08-25 21:40:02.6900000,103343,517,0,2026-09-12 05:47:28.5770000,50.733690,5.685770
1675436,"Cambridge",3546,233,"14S","14S2H2S1Q",2,2026-09-12 05:47:31.1070000,0,1373,0,2026-09-12 05:47:31.1070000,35.072830,-99.205360
2451449,"Amry",255,20,"31U","31U2H3S4Q",1,2026-06-27 01:32:21.9500000,100346,517,0,2026-09-12 05:47:33.0900000,50.731670,5.643780
2450351,"Oupeye",255,20,"31U","31U2H3S4Q",1,2025-08-26 02:24:51.3800000,100776,517,0,2026-09-12 05:47:43.1400000,50.709290,5.643950
2451217,"La Vaux",255,20,"31U","31U2H3S4Q",1,2025-08-16 10:59:15.0030000,100401,517,0,2026-09-12 05:47:50.1000000,50.723720,5.621720
1670367,"Lone Wolf",3546,233,"14S","14S2H2S3Q",2,2026-09-12 05:47:49.3630000,0,2215,0,2026-09-12 05:47:53.8400000,34.989500,-99.249520
2450649,"Au Chenay",255,20,"31U","31U2H3S4Q",1,2025-08-16 12:24:59.6070000,100440,517,0,2026-09-12 05:47:55.6430000,50.716670,5.633330
2451025,"Petit Aaz",255,20,"31U","31U2H3S4Q",1,2025-08-16 11:00:29.3670000,100079,517,0,2026-09-12 05:48:00.4930000,50.716820,5.626820
2450532,"Broux",255,20,"31U","31U2H3S4Q",1,2025-08-16 10:59:43.8970000,99152,517,0,2026-09-12 05:48:06.2130000,50.715740,5.619030
2444801,"Kinkempois",255,20,"31U","31U2H3S4Q",1,2020-12-14 21:18:05.9000000,99592,0,0,2026-09-12 05:48:31.8500000,50.613320,5.583460
1613097,"Valley Village",3567,233,"11S","11S2H1S4Q",3,2015-01-11 19:50:02.7200000,2534,0,1041797,2026-09-12 05:48:38.3130000,34.164880,-118.396500
2444966,"Val Benoit",255,20,"31U","31U2H3S4Q",1,2021-11-23 13:20:57.2200000,98799,0,0,2026-09-12 05:49:30.6430000,50.616670,5.583330
2450522,"Grand Aaz",255,20,"31U","31U2H3S4Q",1,2025-08-16 10:59:38.2370000,100697,517,0,2026-09-12 05:50:07.3230000,50.715220,5.610210
1839173,"Danville",3567,233,"10S","10S1H6S1Q",2,2023-12-01 01:25:29.6600000,0,3064477,0,2026-09-12 05:51:11.9130000,37.821590,-121.999960
1590868,"The Station",3539,233,"17S","17S2H4S1Q",1,2013-11-24 20:01:18.1500000,1021003,0,0,2026-09-12 05:51:17.5330000,33.835660,-83.991580
2696927,"Murroes",977,77,"30V","30V2H5S4Q",3,2025-07-08 05:41:37.4670000,0,0,104423,2026-09-12 05:54:47.5770000,56.500000,-2.866670
2695839,"Broughty Ferry",977,77,"30V","30V2H5S4Q",3,2025-07-08 07:18:46.0970000,0,0,731471,2026-09-12 05:55:03.2400000,56.466670,-2.866670
2684134,"West Wemyss",977,77,"30V","30V2H5S3Q",3,2025-06-16 14:27:10.0430000,0,0,207146,2026-09-12 05:55:25.2500000,56.133330,-3.083330
2684749,"East Wemyss",977,77,"30V","30V2H5S3Q",3,2025-06-16 20:13:14.0630000,0,0,213272,2026-09-12 05:55:31.0630000,56.150000,-3.066670
2685415,"Methil",977,77,"30V","30V2H5S3Q",3,2025-06-19 06:45:16.5630000,0,0,255212,2026-09-12 05:55:45.6670000,56.166670,-3.016670
2304998,"Shakhty",2660,192,"37T","37T1H3S1Q",2,2026-09-12 05:57:27.8530000,0,2270,0,2026-09-12 05:57:31.8330000,47.712220,40.205830
2304970,"Nezhdannaya",2660,192,"37T","37T1H3S1Q",2,2026-09-12 05:57:37.2070000,0,2557,0,2026-09-12 05:57:40.6930000,47.710000,40.145000
2303269,"Novo-Antonovka",2660,192,"37T","37T1H3S1Q",2,2026-09-12 05:57:54.9300000,300,2792,0,2026-09-12 05:58:01.7030000,47.674720,40.218060
1740438,"Huron",3567,233,"10S","10S1H6S4Q",3,2026-06-14 20:48:21.2830000,0,0,6451,2026-09-12 05:58:03.7830000,36.202730,-120.102920
2303378,"Popov",2660,192,"37T","37T1H3S1Q",2,2026-09-12 05:58:10.4000000,0,2299,0,2026-09-12 05:58:14.4230000,47.681390,40.245830
1577298,"Dogtown",3551,233,"16S","16S2H5S2Q",2,2026-06-06 23:38:32.1670000,0,2320,0,2026-09-12 05:58:59.3030000,33.613990,-86.883880
1569420,"Ensley Junction",3551,233,"16S","16S2H5S2Q",2,2026-06-15 06:01:04.3800000,0,1749,0,2026-09-12 05:59:30.4400000,33.493440,-86.918050
1569657,"Minniesville",3551,233,"16S","16S2H5S2Q",2,2026-09-12 05:59:45.9470000,0,599,0,2026-09-12 05:59:45.9470000,33.497330,-86.934160
1564127,"West Highlands",3551,233,"16S","16S2H5S2Q",2,2026-07-19 16:28:30.9070000,0,1980,0,2026-09-12 06:00:05.3300000,33.408440,-86.996940
1574867,"Hillview",3551,233,"16S","16S2H5S2Q",2,2025-05-24 00:17:28.3270000,0,11077,0,2026-09-12 06:00:32.7200000,33.575660,-86.884160
1615147,"Leesdale",3567,233,"11S","11S2H1S3Q",3,2025-05-18 20:58:29.1300000,662,0,9580,2026-09-12 06:01:12.2670000,34.196670,-119.099830
1617121,"Nyland",3567,233,"11S","11S2H1S3Q",1,2026-09-12 06:01:16.0900000,1276,0,0,2026-09-12 06:01:16.0900000,34.225560,-119.135110
1618293,"El Rio",3567,233,"11S","11S2H1S3Q",1,2026-09-12 06:01:27.1000000,1397,0,0,2026-09-12 06:01:27.1000000,34.242510,-119.157420
1617815,"El Rio",3567,233,"11S","11S2H1S3Q",3,2024-08-23 03:07:52.8370000,1040,0,1125,2026-09-12 06:01:34.7770000,34.235780,-119.163830
2397165,"Dommeldange",1657,135,"32U","32U2H4S1Q",1,2026-09-12 06:02:27.6800000,1055,0,0,2026-09-12 06:02:27.6800000,49.629720,6.139170
2397229,"Heienhaff",1657,135,"32U","32U2H4S1Q",1,2026-09-12 06:02:45.3100000,1213,0,0,2026-09-12 06:02:45.3100000,49.632500,6.220830
2397841,"Senningen",1657,135,"32U","32U2H4S1Q",1,2026-09-12 06:02:59.7330000,1354,0,0,2026-09-12 06:02:59.7370000,49.641940,6.239440
1619545,"Pierpont Bay",3567,233,"11S","11S2H1S3Q",3,2020-01-27 01:53:43.9730000,0,0,154996,2026-09-12 06:03:09.3000000,34.259730,-119.269280
2400463,"Maison Hoffmann",1658,135,"32U","32U2H4S1Q",1,2026-09-12 06:03:21.3500000,1012,0,0,2026-09-12 06:03:21.3500000,49.700000,6.283330
2400998,"Junglinster",1658,135,"32U","32U2H4S1Q",3,2024-12-29 10:43:06.0900000,362,0,15994,2026-09-12 06:03:31.0030000,49.707220,6.253060
2402875,"Wickelscheid",1657,135,"32U","32U2H4S1Q",3,2024-12-27 11:10:19.0930000,362,0,861,2026-09-12 06:03:46.2800000,49.750000,6.200000
2403532,"Meysembourg",1657,135,"32U","32U2H4S1Q",3,2024-12-27 11:09:17.9830000,362,0,1042,2026-09-12 06:03:58.1500000,49.761670,6.188890
2075051,"Oliveto",1377,110,"33T","33T2H1S3Q",3,2021-08-04 09:40:18.8030000,0,0,380849,2026-09-12 06:06:50.7100000,42.250000,12.883330
2074308,"Posticciola",1377,110,"33T","33T2H1S3Q",3,2017-05-12 17:43:35.4130000,0,0,75603,2026-09-12 06:06:54.4970000,42.233330,12.933330
2076157,"Rocca Sinibalda",1377,110,"33T","33T2H1S3Q",3,2016-09-17 22:32:30.4930000,0,0,218852,2026-09-12 06:06:57.8270000,42.274430,12.925580
2076535,"Vaccareccia",1377,110,"33T","33T2H1S3Q",3,2021-08-14 07:18:50.9500000,0,0,46961,2026-09-12 06:07:02.4870000,42.283330,12.966670
2077230,"Pratoianni",1377,110,"33T","33T2H1S3Q",3,2021-08-04 18:01:11.8970000,0,0,87818,2026-09-12 06:07:07.7070000,42.300000,12.983330
2075799,"Poggio Vittiano",1377,110,"33T","33T2H1S4Q",3,2022-04-17 07:29:23.5000000,0,0,33006,2026-09-12 06:07:14.4000000,42.266670,13.016670
2075052,"Stipes",1377,110,"33T","33T2H1S3Q",3,2021-08-14 07:03:31.6370000,0,0,83461,2026-09-12 06:07:18.7570000,42.250000,12.966670
2075053,"Vallecupola",1377,110,"33T","33T2H1S4Q",3,2013-10-26 16:03:23.0070000,0,0,34237,2026-09-12 06:07:22.1030000,42.250000,13.000000
2450399,"Tilice",255,20,"31U","31U2H3S4Q",1,2025-12-24 11:48:24.8170000,99407,517,0,2026-09-12 06:10:28.0570000,50.711290,5.591440
2451098,"Fexhe-Slins",255,20,"31U","31U2H3S4Q",1,2025-08-16 10:59:26.3330000,99570,517,0,2026-09-12 06:10:35.2330000,50.719440,5.575300
2451336,"Slins",255,20,"31U","31U2H3S4Q",1,2025-11-20 15:31:49.5930000,100600,517,0,2026-09-12 06:10:39.2500000,50.727950,5.562630
2446610,"Parfondvaux",255,20,"31U","31U2H3S4Q",1,2020-11-02 11:56:53.2370000,38446,0,0,2026-09-12 06:10:40.8200000,50.644820,5.679490
2452972,"Boirs",255,20,"31U","31U2H3S4Q",1,2026-08-17 10:43:14.2900000,100463,517,0,2026-09-12 06:10:48.7370000,50.751260,5.579200
2453457,"Once",255,20,"31U","31U2H3S4Q",1,2025-08-16 02:13:00.8730000,100225,517,0,2026-09-12 06:10:53.2770000,50.766670,5.583330
2456940,"Laaffelt",256,20,"31U","31U2H3S4Q",1,2026-06-08 04:44:49.4970000,99632,517,0,2026-09-12 06:11:09.1570000,50.827840,5.618240
2450298,"Villers-Saint-Simeon",255,20,"31U","31U2H3S4Q",1,2022-02-10 12:01:48.7570000,99259,517,0,2026-09-12 06:11:23.8200000,50.707470,5.547880
2449689,"Berwinne",255,20,"31U","31U2H3S4Q",1,2021-11-27 17:22:20.7370000,54518,517,0,2026-09-12 06:11:35.4030000,50.700000,5.533330
2529341,"Powisle",2440,180,"34U","34U1H5S4Q",2,2020-05-11 11:05:12.7430000,0,2243656,0,2026-09-12 06:11:56.9300000,52.238340,21.028390
2530218,"Praga Polnocna",2440,180,"34U","34U1H5S4Q",2,2020-02-27 22:01:59.3930000,0,1983768,0,2026-09-12 06:12:02.8170000,52.254430,21.034720
2529951,"Saska Kepa",2440,180,"34U","34U1H5S4Q",2,2020-03-18 17:25:59.7530000,0,1939090,0,2026-09-12 06:12:08.5770000,52.250000,21.066670
2529530,"Praga Poludnie",2440,180,"34U","34U1H5S4Q",2,2020-03-04 09:09:37.1270000,0,1479775,0,2026-09-12 06:12:17.4000000,52.244240,21.085450
2529057,"Goclaw",2440,180,"34U","34U1H5S4Q",2,2020-03-10 10:25:30.4300000,0,1490617,0,2026-09-12 06:12:22.2670000,52.233330,21.083330
2528182,"Siekierki",2440,180,"34U","34U1H5S4Q",2,2020-03-30 22:37:53.1200000,0,1618310,0,2026-09-12 06:12:26.7670000,52.216670,21.083330
2682375,"Kepculloch",977,77,"30V","30V2H4S4Q",1,2016-04-02 17:54:42.3200000,458209,24600,0,2026-09-12 06:14:32.7900000,56.083330,-4.350000
1622154,"Chrisman",3567,233,"11S","11S2H1S3Q",1,2026-09-12 06:16:08.1530000,2592,0,0,2026-09-12 06:16:11.8870000,34.297780,-119.302060
12807,"Longueville",143,13,"56H","56H1H1S4Q",3,2017-03-30 21:11:18.5230000,0,0,1128999,2026-09-12 06:17:13.1300000,-33.832780,151.166390
1625494,"Sea Cliff",3567,233,"11S","11S2H1S3Q",3,2015-06-11 18:42:05.6430000,0,0,22973,2026-09-12 06:17:25.3270000,34.344440,-119.418170
2193685,"Shevekova",3435,230,"36T","36T1H6S4Q",2,2026-08-07 11:51:17.5100000,900,8148,0,2026-09-12 06:21:29.4230000,44.916670,35.200000
2197128,"Armutluk",3435,230,"36T","36T1H6S4Q",2,2026-08-07 12:15:21.2100000,900,6289,0,2026-09-12 06:21:34.0900000,44.983330,35.166670
2195772,"Koktebel'",3435,230,"36T","36T1H6S4Q",2,2026-08-07 11:36:06.1470000,900,7202,0,2026-09-12 06:21:37.8500000,44.959390,35.239190
2196296,"Yunga",3435,230,"36T","36T1H6S4Q",2,2026-08-07 11:35:20.3600000,600,9102,0,2026-09-12 06:21:43.9100000,44.966670,35.266670
2197129,"Goncharova",3435,230,"36T","36T1H6S4Q",2,2026-08-07 11:04:40.8270000,600,9091,0,2026-09-12 06:21:49.5570000,44.983330,35.266670
1626341,"Muscle Shoals",3567,233,"11S","11S2H1S3Q",3,2016-08-05 00:17:54.1000000,724,0,16199,2026-09-12 06:22:36.5300000,34.356390,-119.442620
2441434,"Probbach",710,57,"32U","32U2H2S3Q",1,2026-09-12 06:25:38.3270000,1117,0,0,2026-09-12 06:25:38.3270000,50.550000,8.200000
2545582,"Kolonia Maszewo",2440,180,"34U","34U1H4S4Q",1,2026-09-12 06:25:42.3330000,967,0,0,2026-09-12 06:25:42.3330000,52.583330,19.616670
2361505,"Zaitzkofen",715,57,"33U","33U2H4S3Q",1,2026-09-12 06:25:46.9670000,723,0,0,2026-09-12 06:25:46.9670000,48.833330,12.216670
2563175,"Colwick",979,77,"30U","30U1H6S3Q",1,2026-09-12 06:25:51.7070000,912,0,0,2026-09-12 06:25:51.7070000,52.954220,-1.084210
2440531,"Selbenhausen",710,57,"32U","32U2H2S3Q",1,2026-09-12 06:25:53.3070000,1156,323,0,2026-09-12 06:25:53.3070000,50.533330,8.216670
2358756,"Kaltwasser",715,57,"33U","33U2H4S4Q",1,2026-09-12 06:26:00.3470000,822,0,0,2026-09-12 06:26:00.3470000,48.766670,13.700000
2502797,"Lehmhegge",707,57,"32U","32U2H1S2Q",1,2026-09-12 06:26:04.6130000,841,0,0,2026-09-12 06:26:04.6130000,51.683330,7.366670
2562691,"Sneinton",979,77,"30U","30U1H6S3Q",1,2026-09-12 06:26:05.3200000,1037,0,0,2026-09-12 06:26:05.3200000,52.950000,-1.116670
2563548,"Gedling",979,77,"30U","30U1H6S3Q",1,2026-09-12 06:26:13.5870000,1031,0,0,2026-09-12 06:26:13.5870000,52.966670,-1.083330
2564391,"Lambley",979,77,"30U","30U1H6S3Q",1,2026-09-12 06:26:19.7000000,1031,0,0,2026-09-12 06:26:19.7000000,52.983330,-1.066670
1983328,"Baezuela",904,68,"30T","30T2H5S3Q",1,2013-02-02 07:25:18.8030000,2156682,0,0,2026-09-12 06:31:37.5330000,40.450000,-3.433330
1627570,"Rincon",3567,233,"11S","11S2H1S3Q",3,2016-02-23 12:19:16.9570000,1418,0,16156,2026-09-12 06:31:37.6030000,34.374160,-119.476790
1631085,"Summerland",3567,233,"11S","11S2H1S3Q",3,2016-02-08 08:37:13.0270000,1974,0,22250,2026-09-12 06:34:18.9430000,34.425400,-119.589250
2358706,"Altenufer",715,57,"33U","33U2H4S4Q",1,2026-09-12 06:26:09.1430000,5554,0,0,2026-09-12 06:36:21.7800000,48.766670,13.050000
2358758,"Rohrndlberg",715,57,"33U","33U2H4S4Q",1,2026-09-12 06:36:41.9630000,829,0,0,2026-09-12 06:36:41.9630000,48.766670,13.716670
2360098,"Oberwalting",715,57,"33U","33U2H4S3Q",1,2026-09-12 06:36:47.8830000,717,0,0,2026-09-12 06:36:47.8830000,48.800000,12.516670
2573585,"Ashover",979,77,"30U","30U1H6S1Q",3,2024-05-14 18:48:48.8430000,0,0,996700,2026-09-12 06:36:49.3370000,53.166670,-1.483330
2074587,"Varco Sabino",1377,110,"33T","33T2H1S4Q",3,2021-08-04 18:45:51.7870000,0,0,167681,2026-09-12 06:37:43.0200000,42.239830,13.019880
2074309,"Rigatti",1377,110,"33T","33T2H1S4Q",3,2021-08-04 19:06:46.4270000,0,0,101393,2026-09-12 06:37:48.3270000,42.233330,13.033330
2074004,"Marcetelli",1377,110,"33T","33T2H1S4Q",3,2016-08-03 11:55:10.9470000,0,0,57577,2026-09-12 06:37:52.7500000,42.226630,13.045880
2074310,"Vallececa",1377,110,"33T","33T2H1S4Q",3,2021-08-04 19:06:57.0830000,0,0,83210,2026-09-12 06:37:56.2630000,42.233330,13.066670
2075054,"Oiano",1377,110,"33T","33T2H1S4Q",3,2021-08-04 18:36:12.0670000,0,0,85543,2026-09-12 06:38:00.8600000,42.250000,13.066670
2074311,"Fiumata",1377,110,"33T","33T2H1S4Q",3,2022-04-17 07:29:12.8170000,0,0,85484,2026-09-12 06:38:05.2670000,42.233330,13.083330
2074312,"Collaralli",1377,110,"33T","33T2H1S4Q",3,2021-08-04 18:36:38.8600000,0,0,21628,2026-09-12 06:38:14.0700000,42.233330,13.133330
2073635,"Pace",1377,110,"33T","33T2H1S4Q",3,2021-08-04 18:45:40.9670000,0,0,26818,2026-09-12 06:38:17.8900000,42.216670,13.116670
2665948,"Mamonovo",2671,192,"37U","37U1H1S2Q",2,2026-09-12 06:33:05.6800000,0,13050,0,2026-09-12 06:39:51.5300000,55.596530,37.809310
2666355,"Drozdovo",2671,192,"37U","37U1H1S2Q",2,2023-07-05 09:44:03.3330000,0,17783,0,2026-09-12 06:39:59.5670000,55.604890,37.801490
2791958,"Privetnenskoye",2675,192,"35V","35V1H6S4Q",3,2020-10-17 09:33:51.8070000,0,0,3443787,2026-09-12 06:40:17.2430000,60.183330,29.416670
1687966,"Cowden Junction",3546,233,"14S","14S2H2S2Q",2,2026-09-12 06:41:19.2500000,0,2449,0,2026-09-12 06:41:20.7900000,35.290890,-98.711460
1685594,"Cowden",3546,233,"14S","14S2H2S2Q",2,2026-09-12 06:41:35.5130000,0,2775,0,2026-09-12 06:41:39.3000000,35.247830,-98.712010
1684083,"Alfalfa",3546,233,"14S","14S2H2S2Q",2,2026-09-12 06:41:51.1470000,0,1370,0,2026-09-12 06:41:51.1470000,35.218950,-98.607290
1684952,"Swan Lake",3546,233,"14S","14S2H2S2Q",2,2026-09-12 06:41:59.1730000,0,2789,0,2026-09-12 06:42:02.4100000,35.234780,-98.516170
1688843,"Eakly",3546,233,"14S","14S2H2S2Q",2,2026-09-12 06:42:42.8030000,0,5543,0,2026-09-12 06:42:50.1070000,35.305330,-98.557840
1687967,"Three-Way Corner",3546,233,"14S","14S2H2S2Q",2,2026-09-12 06:42:57.4600000,0,1370,0,2026-09-12 06:42:57.4600000,35.290890,-98.412000
1691897,"Sickles",3546,233,"14S","14S2H2S2Q",2,2026-09-12 06:43:05.2470000,0,2789,0,2026-09-12 06:43:06.6470000,35.362830,-98.447840
1691898,"Lookeba",3546,233,"14S","14S2H2S2Q",2,2026-09-12 06:43:15.4070000,0,2431,0,2026-09-12 06:43:21.1200000,35.362830,-98.367000
1689035,"Binger",3546,233,"14S","14S2H2S2Q",2,2026-09-12 06:44:00.8600000,0,1361,0,2026-09-12 06:44:00.8600000,35.308950,-98.342000
2422634,"Renglez",255,20,"31U","31U2H3S4Q",1,2026-09-12 06:44:09.0200000,704,0,0,2026-09-12 06:44:09.0200000,50.166670,5.883330
2422998,"Rettigny",255,20,"31U","31U2H3S4Q",1,2026-09-12 06:44:19.1700000,702,0,0,2026-09-12 06:44:19.1700000,50.167440,5.880170
2102898,"DeWitt",3557,233,"16T","16T2H3S4Q",1,2018-02-18 00:45:57.0070000,2851944,0,0,2026-09-12 06:44:20.6070000,42.842260,-84.569150
1684728,"Albert",3546,233,"14S","14S2H2S2Q",2,2026-09-12 06:44:22.0170000,0,1370,0,2026-09-12 06:44:22.0170000,35.232840,-98.411450
2421838,"Chession",255,20,"31U","31U2H3S4Q",1,2026-09-12 06:44:28.4930000,704,0,0,2026-09-12 06:44:28.4930000,50.150000,5.866670
2415570,"Oberwampach",1659,135,"31U","31U2H3S4Q",1,2026-09-12 06:44:48.8170000,1243,0,0,2026-09-12 06:44:48.8170000,50.016670,5.860830
2415483,"Derenbach",1659,135,"31U","31U2H3S4Q",1,2026-09-12 06:45:00.3200000,704,0,0,2026-09-12 06:45:00.3200000,50.015000,5.889720
2416044,"Brachtenbach",1659,135,"31U","31U2H3S4Q",1,2026-09-12 06:45:15.3300000,1103,0,0,2026-09-12 06:45:15.3300000,50.021390,5.911390
1631343,"Irma",3567,233,"11S","11S2H1S3Q",3,2016-12-20 15:22:37.2030000,1418,0,67358,2026-09-12 06:45:17.6500000,34.429440,-119.753470
2417012,"Hamiville",1659,135,"31U","31U2H3S4Q",1,2026-09-12 06:45:23.7030000,704,0,0,2026-09-12 06:45:23.7030000,50.046110,5.904170
111643,"La Planchada",2386,175,"18K","18K1H3S1Q",1,2026-09-12 06:51:36.5600000,1250,0,0,2026-09-12 06:51:36.5600000,-16.401940,-73.221390
111839,"Pescadores",2386,175,"18K","18K1H3S1Q",1,2026-09-12 06:51:41.4570000,1250,0,0,2026-09-12 06:51:41.4570000,-16.385830,-73.253330
112174,"Las Calaveritas",2386,175,"18K","18K1H3S1Q",1,2026-09-12 06:51:41.9670000,1250,0,0,2026-09-12 06:51:41.9670000,-16.361670,-73.277780
112607,"Cerro de Arena",2386,175,"18K","18K1H3S1Q",1,2026-09-12 06:51:48.4030000,1250,0,0,2026-09-12 06:51:48.4030000,-16.321110,-73.346390
113137,"La Bodega",2386,175,"18K","18K1H3S1Q",1,2026-09-12 06:51:58.6500000,1106,0,0,2026-09-12 06:51:58.6500000,-16.266670,-73.550000
12696,"Point Piper",143,13,"56H","56H1H1S4Q",3,2010-01-01 00:00:00.0000000,0,0,1178187,2026-09-12 06:53:11.7000000,-33.866670,151.250000
12629,"The Glebe",143,13,"56H","56H1H1S4Q",2,2026-09-05 21:37:44.4300000,0,4355573,0,2026-09-12 06:53:42.4030000,-33.879440,151.186390
2219537,"Alzate con Linduno",1372,110,"32T","32T1H5S1Q",2,2014-04-03 20:44:09.7300000,3114,978668,300,2026-09-12 06:54:02.9000000,45.566670,8.583330
2219029,"Gianona",1372,110,"32T","32T1H5S1Q",2,2014-10-09 17:34:23.9130000,2796,967636,300,2026-09-12 06:54:11.9970000,45.550000,8.650000
2214284,"Cerano",1372,110,"32T","32T1H5S1Q",2,2014-05-13 09:58:05.4470000,1821,720850,360,2026-09-12 06:54:44.2370000,45.410970,8.780040
2219864,"Vanzaghello",1375,110,"32T","32T1H5S1Q",2,2014-05-05 11:18:30.5170000,3317,557312,300,2026-09-12 06:55:02.3170000,45.579170,8.781040
2219868,"Magnago",1375,110,"32T","32T1H5S1Q",2,2014-05-08 03:35:54.8600000,2400,628830,1870,2026-09-12 06:55:30.1330000,45.579200,8.802450
2219210,"Castano Primo",1375,110,"32T","32T1H5S1Q",2,2014-05-15 16:30:15.4170000,900,705355,300,2026-09-12 06:55:43.2130000,45.553570,8.775440
2218798,"Buscate",1375,110,"32T","32T1H5S1Q",2,2014-05-17 21:09:06.4000000,1200,555136,300,2026-09-12 06:55:54.2500000,45.545970,8.812040
2073633,"Ospanesco",1377,110,"33T","33T2H1S4Q",3,2021-08-04 19:07:10.0400000,0,0,10365,2026-09-12 06:56:15.7000000,42.216670,13.100000
2073632,"Campolano",1377,110,"33T","33T2H1S4Q",3,2022-04-13 13:24:58.9770000,0,0,26276,2026-09-12 06:56:20.9630000,42.216670,13.083330
2072222,"Santa Lucia",1377,110,"33T","33T2H1S4Q",3,2017-05-06 12:53:52.0670000,0,0,30896,2026-09-12 06:56:27.6630000,42.183330,13.083330
2071179,"Tufo Alto",1377,110,"33T","33T2H1S4Q",3,2015-09-27 11:16:33.2270000,0,0,27437,2026-09-12 06:56:31.1370000,42.156790,13.114760
2071020,"Tufo Basso",1377,110,"33T","33T2H1S4Q",3,2021-08-05 10:04:42.5730000,0,0,31955,2026-09-12 06:56:37.0600000,42.151820,13.112530
2220749,"Oleggio",1372,110,"32T","32T1H5S1Q",2,2016-01-29 19:12:11.7030000,3000,67766,0,2026-09-12 06:56:38.0400000,45.601470,8.643430
2069511,"Liberani",1382,110,"33T","33T2H1S4Q",3,2013-10-26 16:19:36.6030000,0,0,26218,2026-09-12 06:56:42.1600000,42.116670,13.050000
2070376,"Collalto Sabino",1377,110,"33T","33T2H1S4Q",3,2022-04-13 13:25:14.2470000,0,0,21608,2026-09-12 06:56:46.5870000,42.135730,13.047490
1240452,"Indian Creek Village",3538,233,"17R","17R2H5S2Q",2,2025-12-27 22:47:46.9870000,3517,5728942,4160784,2026-09-12 06:59:58.5100000,25.878150,-80.136160
2463122,"Daaluikhoven",256,20,"31U","31U2H3S4Q",2,2026-09-12 07:02:18.5500000,0,582,0,2026-09-12 07:02:18.5500000,50.933330,5.733330
2462887,"Broekhoven",2271,167,"31U","31U2H3S4Q",2,2026-09-12 07:02:33.9030000,0,697,0,2026-09-12 07:02:33.9070000,50.930000,5.748610
2462807,"Snijdersberg",2271,167,"31U","31U2H3S4Q",2,2026-09-12 07:02:54.4900000,0,582,0,2026-09-12 07:02:54.4900000,50.927500,5.759720
2462839,"Hussenberg",2271,167,"31U","31U2H3S4Q",2,2026-09-12 07:03:01.5200000,0,581,0,2026-09-12 07:03:01.5200000,50.928330,5.758330
2462648,"Hulsen",2271,167,"31U","31U2H3S4Q",2,2026-09-12 07:03:06.5030000,0,603,0,2026-09-12 07:03:06.5030000,50.922500,5.745830
2462617,"Geulle",2271,167,"31U","31U2H3S4Q",2,2026-09-12 07:03:11.4400000,0,605,0,2026-09-12 07:03:11.4400000,50.921670,5.750000
2462693,"Uikhoven",256,20,"31U","31U2H3S4Q",2,2026-09-12 07:03:16.3000000,0,466,0,2026-09-12 07:03:16.3000000,50.923860,5.719210
2295669,"Brandstatt",130,12,"32T","32T1H3S1Q",3,2024-10-09 09:12:36.2470000,0,0,20481,2026-09-12 07:03:19.2700000,47.516670,10.683330
12743,"Mortlake",143,13,"56H","56H1H1S4Q",3,2019-07-21 02:47:13.7530000,0,517,1409483,2026-09-12 07:04:24.5900000,-33.850000,151.116670
12694,"Concord",143,13,"56H","56H1H1S4Q",3,2018-04-05 04:11:15.2670000,0,615,1169326,2026-09-12 07:04:27.5670000,-33.866670,151.100000
2216641,"Galliate",1372,110,"32T","32T1H5S1Q",1,2026-09-12 06:57:10.6900000,2274,0,0,2026-09-12 07:08:50.6030000,45.481570,8.696740
166186,"Los Amantes",2379,175,"18L","18L1H4S3Q",1,2019-08-17 08:41:53.0670000,2945,0,0,2026-09-12 07:09:01.8730000,-11.947220,-77.007780
2213737,"Sozzago",1372,110,"32T","32T1H5S1Q",1,2026-09-12 07:09:15.1570000,2519,0,0,2026-09-12 07:09:15.1570000,45.398560,8.720340
166069,"Huascal",2379,175,"18L","18L1H4S3Q",1,2019-08-17 15:11:25.4330000,11317,0,0,2026-09-12 07:09:16.9330000,-11.965000,-77.004440
165979,"Canto Grande",2379,175,"18L","18L1H4S3Q",1,2019-08-17 15:11:03.2870000,17545,0,0,2026-09-12 07:09:33.9070000,-11.970000,-77.010560
2213577,"Garbagna Novarese",1372,110,"32T","32T1H5S1Q",1,2026-09-12 07:09:34.1570000,1080,0,0,2026-09-12 07:09:34.1570000,45.388760,8.661240
2215328,"Novara",1372,110,"32T","32T1H5S1Q",1,2026-09-12 07:09:48.7470000,978,0,0,2026-09-12 07:09:48.7470000,45.440560,8.616840
165864,"Santa Maria",2379,175,"18L","18L1H4S4Q",1,2019-08-17 08:37:12.8370000,11328,0,0,2026-09-12 07:09:51.7370000,-11.983330,-77.000000
2403557,"Heffingen",1657,135,"32U","32U2H4S1Q",3,2024-12-26 10:55:01.1300000,362,0,1042,2026-09-12 07:10:15.0870000,49.762500,6.241390
2408932,"Diekirch",1659,135,"32U","32U2H4S1Q",3,2024-12-27 09:27:59.3930000,2168,0,106115,2026-09-12 07:10:51.5770000,49.867780,6.155830
165735,"Santa Maria",2379,175,"18L","18L2H1S2Q",1,2025-10-13 04:55:50.8430000,11267,0,0,2026-09-12 07:11:00.3130000,-12.000000,-76.900000
166234,"Collique Bajo",2379,175,"18L","18L1H4S3Q",1,2019-08-17 23:08:11.7400000,10045,0,0,2026-09-12 07:12:09.4470000,-11.933330,-77.050000
166233,"San Agustin",2379,175,"18L","18L1H4S3Q",1,2019-08-17 22:07:39.3070000,7698,0,0,2026-09-12 07:13:00.3270000,-11.933610,-77.055280
166409,"Chillon",2379,175,"18L","18L1H4S3Q",1,2019-08-17 22:08:24.4330000,10030,0,0,2026-09-12 07:13:12.3270000,-11.916390,-77.074720
166461,"Capitana",2379,175,"18L","18L1H4S3Q",1,2025-11-17 07:13:44.2000000,2693,0,0,2026-09-12 07:13:29.0030000,-11.901940,-77.075280
166473,"Tambo Inga",2379,175,"18L","18L1H4S3Q",1,2025-11-17 07:15:17.9770000,2526,0,0,2026-09-12 07:13:35.9200000,-11.900000,-77.083330
1108238,"Xiongjiaojiao",3392,228,"51Q","51Q1H1S3Q",2,2026-09-12 07:13:42.5830000,0,686,0,2026-09-12 07:13:42.5830000,22.603110,120.406160
1109063,"Xiliaocun",3392,228,"51Q","51Q1H1S3Q",2,2026-09-12 07:13:54.5470000,0,517,154,2026-09-12 07:13:54.5470000,22.627640,120.420180
1109105,"Datiedian",3392,228,"51Q","51Q1H1S3Q",2,2026-09-12 07:14:01.2070000,0,633,0,2026-09-12 07:14:01.2100000,22.630620,120.404670
1109536,"Jiangshancun",3392,228,"51Q","51Q1H1S3Q",2,2026-09-12 07:14:10.2830000,0,631,0,2026-09-12 07:14:10.2830000,22.635930,120.410320
1106349,"Chao-ming-ts'un",3392,228,"51Q","51Q1H1S3Q",2,2026-09-12 07:14:27.2030000,0,1849,0,2026-09-12 07:14:29.2700000,22.550000,120.416670
1105901,"Houbilin",3392,228,"51Q","51Q1H1S3Q",2,2026-09-12 07:14:36.8170000,0,696,0,2026-09-12 07:14:36.8170000,22.547220,120.409720
2463152,"Koeln",707,57,"32U","32U2H1S3Q",2,2017-07-01 03:03:23.6200000,0,150835579,0,2026-09-12 07:15:21.7330000,50.933330,6.950000
1105266,"Linneicun",3392,228,"51Q","51Q1H1S3Q",2,2026-09-12 07:15:58.3900000,0,1260,0,2026-09-12 07:15:58.3900000,22.533270,120.398960
2296236,"Saba",130,12,"32T","32T1H3S1Q",3,2024-10-09 09:12:47.5070000,0,0,20649,2026-09-12 07:17:31.2430000,47.527780,10.681390
2068153,"Vallinfreda",1377,110,"33T","33T2H1S3Q",3,2017-08-26 10:25:06.8970000,0,0,262005,2026-09-12 07:17:33.2600000,42.083830,12.996890
2066543,"Oricola",1382,110,"33T","33T2H1S4Q",3,2025-11-15 12:04:34.1570000,0,0,23057,2026-09-12 07:17:38.1000000,42.049220,13.039390
2067066,"Riofreddo",1377,110,"33T","33T2H1S3Q",3,2015-01-17 09:11:00.1900000,0,0,236938,2026-09-12 07:17:41.5970000,42.059820,12.997190
2066261,"Arsoli",1377,110,"33T","33T2H1S4Q",3,2013-05-12 16:17:54.8330000,0,0,305963,2026-09-12 07:17:44.9630000,42.040520,13.018390
2065592,"Roviano",1377,110,"33T","33T2H1S3Q",3,2013-05-06 00:02:14.4030000,0,0,150514,2026-09-12 07:17:50.2570000,42.025520,12.996290
2066770,"Cineto Romano",1377,110,"33T","33T2H1S3Q",3,2015-08-26 20:53:11.4830000,0,0,243352,2026-09-12 07:17:54.6900000,42.050420,12.962190
2064846,"Anticoli Corrado",1377,110,"33T","33T2H1S3Q",3,2016-09-20 05:43:16.4100000,0,0,195994,2026-09-12 07:18:02.1930000,42.009520,12.989090
2064643,"Saracinesco",1377,110,"33T","33T2H1S3Q",3,2016-03-06 14:20:53.6700000,0,0,262949,2026-09-12 07:18:06.7830000,42.003320,12.953290
12583,"Paddington",143,13,"56H","56H1H1S4Q",3,2017-04-24 20:58:29.0870000,0,0,1085410,2026-09-12 07:20:12.6030000,-33.885280,151.230000
2361380,"Saint-Cloud",955,75,"31U","31U2H5S3Q",2,2026-09-10 09:56:57.6000000,0,1005343,0,2026-09-12 07:21:57.2530000,48.833330,2.183330
1539922,"Pecan Acres",3549,233,"14S","14S2H6S3Q",3,2015-11-17 02:43:50.7700000,0,0,2024757,2026-09-12 07:25:15.6570000,32.970360,-97.472600
2805083,"Makkara",3834,70,"34V","34V1H6S2Q",3,2022-08-14 12:24:38.0100000,0,0,126669,2026-09-12 07:28:40.5600000,61.201010,23.866770
1647656,"Los Olivos",3567,233,"10S","10S2H3S4Q",3,2015-08-30 23:10:51.0400000,5068,300,406083,2026-09-12 07:28:58.9100000,34.667760,-120.114870
2463812,"Boorsem",256,20,"31U","31U2H3S4Q",2,2026-09-12 07:30:49.3730000,82,690,0,2026-09-12 07:30:49.3730000,50.942060,5.718980
1834631,"Wainwright Village",3567,233,"10S","10S1H6S1Q",3,2026-09-12 05:37:42.7700000,0,0,19835,2026-09-12 07:30:54.6470000,37.737980,-121.420220
2296491,"Oberpinswang",130,12,"32T","32T1H3S1Q",3,2024-10-09 09:12:55.6370000,0,0,20536,2026-09-12 07:36:09.7770000,47.533330,10.683330
2623494,"Strohbruck",702,57,"32U","32U1H2S4Q",3,2022-10-06 15:54:47.1500000,0,0,71612,2026-09-12 07:40:30.9230000,54.333330,9.983330
2280181,"Hajdutanya",1221,100,"34T","34T1H1S1Q",3,2026-09-12 07:41:50.3200000,0,948,1642,2026-09-12 07:41:50.3200000,47.200000,18.683330
2280987,"Bognarhaz",1221,100,"34T","34T1H1S1Q",3,2026-09-12 07:41:56.0930000,517,0,773,2026-09-12 07:41:56.0930000,47.216670,18.700000
2284453,"Baracska",1221,100,"34T","34T1H1S1Q",3,2026-09-12 07:42:10.1800000,0,0,788,2026-09-12 07:42:10.1800000,47.283330,18.766670
2324355,"Perlach",715,57,"32U","32U2H6S4Q",2,2018-04-27 04:59:14.4500000,0,1080256,0,2026-09-12 07:43:31.1730000,48.099520,11.627830
2416800,"Allerborn",1659,135,"31U","31U2H3S4Q",1,2026-09-12 07:43:58.9300000,621,0,0,2026-09-12 07:43:58.9300000,50.036670,5.870830
2417011,"Troine-Route",1659,135,"31U","31U2H3S4Q",1,2026-09-12 07:44:05.1570000,621,0,0,2026-09-12 07:44:05.1570000,50.046110,5.878060
2381823,"Stilzendorf",715,57,"32U","32U2H6S1Q",1,2026-09-12 07:44:05.7800000,1311,0,935,2026-09-12 07:44:05.7800000,49.300000,10.283330
2483996,"Albringwerde",707,57,"32U","32U2H1S2Q",1,2026-09-12 07:44:10.6500000,712,0,0,2026-09-12 07:44:10.6500000,51.283330,7.583330
2417801,"Troine",1659,135,"31U","31U2H3S4Q",1,2026-09-12 07:44:11.3970000,517,0,395,2026-09-12 07:44:11.3970000,50.064440,5.883060
2358705,"Niederalteich",715,57,"33U","33U2H4S4Q",1,2026-09-12 07:44:18.1500000,1133,0,0,2026-09-12 07:44:18.1500000,48.766670,13.033330
2417648,"Crendal",1659,135,"31U","31U2H3S4Q",1,2026-09-12 07:44:18.2600000,704,0,0,2026-09-12 07:44:18.2600000,50.057780,5.898060
2360805,"Weingarten",715,57,"33U","33U2H4S3Q",1,2026-09-12 07:44:22.8000000,716,0,0,2026-09-12 07:44:22.8000000,48.816670,12.350000
2417560,"Wincrange",1659,135,"31U","31U2H3S4Q",1,2026-09-12 07:44:25.5570000,517,0,212,2026-09-12 07:44:25.5570000,50.053330,5.919170
2358759,"Altreichenau",715,57,"33U","33U2H4S4Q",1,2026-09-12 07:44:29.8830000,1099,0,0,2026-09-12 07:44:29.8830000,48.766670,13.733330
2358704,"Thundorf",715,57,"33U","33U2H4S4Q",1,2026-09-12 07:44:34.3330000,1100,0,0,2026-09-12 07:44:34.3330000,48.766670,13.016670
2417016,"Boevange-Clervaux",1659,135,"31U","31U2H3S4Q",1,2026-09-12 07:44:35.9670000,1034,0,711,2026-09-12 07:44:35.9670000,50.046390,5.934170
2417701,"Lullange",1659,135,"31U","31U2H3S4Q",3,2024-12-27 22:22:35.8270000,517,0,1531,2026-09-12 07:44:45.9370000,50.060000,5.941940
2481958,"Parchliny",2446,180,"34U","34U2H1S2Q",1,2026-09-12 07:48:53.2600000,927,0,0,2026-09-12 07:48:53.2600000,51.243560,19.149340
2511990,"Empte",707,57,"32U","32U2H1S2Q",1,2026-09-12 07:48:58.9230000,936,300,0,2026-09-12 07:48:58.9230000,51.883330,7.283330
2198196,"Roseville",3558,233,"15T","15T1H5S1Q",1,2013-10-12 20:18:34.7730000,4597174,1440,0,2026-09-12 07:54:58.5630000,45.006080,-93.156610
2779093,"Samma",850,64,"35V","35V2H2S1Q",3,2026-09-12 07:58:07.2930000,0,0,1130,2026-09-12 07:58:07.2930000,59.407780,26.681940
2778231,"Urtja",850,64,"35V","35V2H2S1Q",3,2026-09-12 07:58:13.3800000,0,23,1122,2026-09-12 07:58:13.3800000,59.366670,26.666670
2777971,"Viru-Kabala",850,64,"35V","35V2H2S1Q",3,2026-09-12 07:58:19.8530000,0,23,1122,2026-09-12 07:58:19.8530000,59.353060,26.675560
2508634,"Rengering",707,57,"32U","32U2H2S1Q",3,2025-03-11 09:02:59.1500000,0,0,708545,2026-09-12 07:58:23.6970000,51.809990,8.616200
2777561,"Vabatkula",850,64,"35V","35V2H2S1Q",3,2026-09-12 07:58:24.7530000,0,0,1129,2026-09-12 07:58:24.7530000,59.333330,26.683330
2777006,"Korma",850,64,"35V","35V2H2S1Q",3,2026-09-12 07:58:29.9700000,0,0,1128,2026-09-12 07:58:29.9700000,59.310560,26.667780
2776719,"Lavi",850,64,"35V","35V2H2S1Q",3,2026-09-12 07:58:35.0600000,0,0,1128,2026-09-12 07:58:35.0600000,59.296390,26.637780
2776284,"Mannikvalja",850,64,"35V","35V2H2S1Q",3,2026-09-12 07:58:40.4670000,0,0,1124,2026-09-12 07:58:40.4670000,59.273890,26.603060
2775594,"Aravuse",850,64,"35V","35V2H2S1Q",3,2026-09-12 07:58:48.9300000,0,0,1129,2026-09-12 07:58:48.9300000,59.235280,26.653610
2255260,"Zalakaros",1212,100,"33T","33T1H3S4Q",2,2018-12-26 07:11:20.5130000,0,2168455,0,2026-09-12 07:59:01.2230000,46.565140,17.124880
2774524,"Rosenthali",850,64,"35V","35V2H2S1Q",3,2026-09-12 07:59:31.3430000,0,0,1136,2026-09-12 07:59:31.3430000,59.183330,26.633330
840237,"Bangkok",3218,218,"47P","47P1H6S1Q",1,2013-07-01 12:19:16.2130000,68656874,0,0,2026-09-12 07:59:46.1330000,13.750000,100.516670
2296489,"Musau",130,12,"32T","32T1H3S1Q",3,2025-08-24 19:23:52.8730000,0,0,21467,2026-09-12 07:59:50.8200000,47.533330,10.666670
2449327,"Milmort",255,20,"31U","31U2H3S4Q",1,2024-03-14 16:12:28.4970000,101587,517,0,2026-09-12 08:01:27.6530000,50.690370,5.593230
2448766,"Hareng",255,20,"31U","31U2H3S4Q",1,2024-03-06 12:15:07.8330000,103497,517,0,2026-09-12 08:01:31.4400000,50.683330,5.583330
2449248,"Voroux-lez-Liers",255,20,"31U","31U2H3S4Q",1,2024-02-04 15:40:32.1670000,99300,517,0,2026-09-12 08:01:35.9530000,50.687450,5.554400
2448495,"Rocourt",255,20,"31U","31U2H3S4Q",1,2023-07-15 05:18:39.0400000,110431,517,0,2026-09-12 08:01:39.3600000,50.677880,5.549360
2447512,"Sainte-Walburge",255,20,"31U","31U2H3S4Q",1,2021-11-22 12:02:15.8800000,99704,517,0,2026-09-12 08:01:47.1870000,50.659510,5.566670
2447702,"Thier a Liege",255,20,"31U","31U2H3S4Q",1,2022-09-13 19:39:50.6870000,100638,517,0,2026-09-12 08:01:52.3730000,50.664850,5.592710
2448342,"Vottem",255,20,"31U","31U2H3S4Q",1,2023-06-30 10:29:19.5870000,100649,517,0,2026-09-12 08:02:02.8800000,50.672740,5.584830
2445565,"Fragnee",255,20,"31U","31U2H3S4Q",1,2021-04-09 12:18:54.0330000,100689,0,0,2026-09-12 08:02:32.5800000,50.623490,5.571780
2286118,"Kajaszo",1221,100,"34T","34T1H1S1Q",3,2026-09-12 08:02:30.8370000,0,0,1912,2026-09-12 08:02:37.1730000,47.316670,18.733330
1870575,"Wilton",3567,233,"10S","10S1H3S3Q",2,2012-10-07 04:28:22.8030000,0,2307303,160723,2026-09-12 08:02:41.5730000,38.412980,-121.212710
2286117,"Jenomajor",1221,100,"34T","34T1H1S1Q",3,2026-09-12 08:02:45.3330000,0,1800,1950,2026-09-12 08:02:45.3330000,47.316670,18.700000
1673595,"Nipomo",3567,233,"10S","10S2H3S2Q",3,2021-03-15 16:05:21.0800000,3614,0,13306,2026-09-12 08:03:23.1500000,35.042750,-120.476000
2445678,"Robermont",255,20,"31U","31U2H3S4Q",1,2026-07-30 05:46:31.0330000,100413,0,0,2026-09-12 08:03:57.5300000,50.627560,5.605780
2448263,"La Prealle",255,20,"31U","31U2H3S4Q",1,2023-08-13 23:27:05.3800000,100907,517,0,2026-09-12 08:04:09.3630000,50.669860,5.612930
2563547,"Basford",979,77,"30U","30U1H6S3Q",1,2026-09-12 08:04:23.1570000,1037,0,0,2026-09-12 08:04:23.1570000,52.966670,-1.183330
2563157,"Nottingham",979,77,"30U","30U1H6S3Q",1,2026-09-12 08:04:31.2600000,1039,0,0,2026-09-12 08:04:31.2600000,52.953600,-1.150470
30590,"Mount Forbes",142,13,"56J","56J1H5S3Q",2,2026-09-12 08:04:44.8330000,0,945,0,2026-09-12 08:04:44.8330000,-27.733330,152.616670
30523,"Mutdapilly",142,13,"56J","56J1H5S3Q",2,2026-09-12 08:04:52.9370000,0,945,0,2026-09-12 08:04:52.9400000,-27.766670,152.650000
2561039,"Edwalton",979,77,"30U","30U1H6S3Q",1,2026-09-12 08:04:55.5030000,1013,0,0,2026-09-12 08:04:55.5070000,52.915730,-1.111510
30625,"Cottonvale",142,13,"56J","56J1H5S3Q",2,2026-09-12 08:05:13.3570000,0,1139,0,2026-09-12 08:05:13.3570000,-27.716670,152.466670
30742,"Grandchester",142,13,"56J","56J1H5S3Q",2,2026-09-12 08:05:50.5900000,0,1138,0,2026-09-12 08:05:50.5900000,-27.666670,152.466670
30865,"Summerholm",142,13,"56J","56J1H5S3Q",2,2026-09-12 08:05:57.9100000,0,1137,0,2026-09-12 08:05:57.9100000,-27.616670,152.450000
30793,"Coopers Hill",142,13,"56J","56J1H5S3Q",2,2026-09-12 08:06:08.0670000,0,1134,0,2026-09-12 08:06:08.0670000,-27.650000,152.383330
30741,"Blenheim",142,13,"56J","56J1H5S3Q",2,2026-09-12 08:06:18.9230000,0,1130,0,2026-09-12 08:06:18.9230000,-27.666670,152.316670
1712648,"Old Adobe",3567,233,"10S","10S2H3S2Q",3,2016-12-28 16:56:55.9100000,0,0,131495,2026-09-12 08:06:25.6400000,35.737750,-120.699890
30740,"Ropeley",142,13,"56J","56J1H5S3Q",2,2026-09-12 08:06:27.6030000,0,1127,0,2026-09-12 08:06:27.6030000,-27.666670,152.266670
30864,"Ropeley East",142,13,"56J","56J1H5S3Q",2,2026-09-12 08:06:38.3300000,0,1127,0,2026-09-12 08:06:38.3300000,-27.616670,152.283330
2540773,"Wilczyna",2451,180,"33U","33U1H6S3Q",3,2026-07-23 09:58:17.9170000,0,0,611401,2026-09-12 08:07:16.9270000,52.479540,16.444130
838555,"Bangkok Yai",3218,218,"47P","47P1H6S1Q",1,2013-10-06 17:19:26.1400000,2473303,0,0,2026-09-12 08:07:51.3130000,13.723190,100.476000
2064015,"Sambuci",1377,110,"33T","33T2H4S1Q",3,2016-11-12 23:57:12.2570000,0,0,532061,2026-09-12 08:10:11.5230000,41.986120,12.937990
2062860,"Ciciliano",1377,110,"33T","33T2H4S1Q",3,2014-11-24 11:26:31.3070000,0,0,652832,2026-09-12 08:10:15.3570000,41.960920,12.940890
2278079,"Oberweg",131,12,"33T","33T1H2S1Q",1,2019-02-03 21:09:25.8170000,18445940,0,0,2026-09-12 08:10:15.6200000,47.150000,14.633330
2063450,"Castel Madama",1377,110,"33T","33T2H4S1Q",3,2015-08-23 17:23:49.7400000,0,0,1086878,2026-09-12 08:10:21.7070000,41.973520,12.868480
2062058,"Cerreto Laziale",1377,110,"33T","33T2H4S1Q",3,2016-11-12 23:57:40.4670000,0,0,330076,2026-09-12 08:10:28.6000000,41.943320,12.981690
2064269,"Marano Equo",1377,110,"33T","33T2H4S2Q",3,2016-09-21 04:10:04.9900000,0,0,228403,2026-09-12 08:10:33.2600000,41.994020,13.015990
2063693,"Agosta",1377,110,"33T","33T2H4S2Q",3,2017-08-26 10:24:57.6130000,0,0,205819,2026-09-12 08:10:36.6530000,41.981620,13.032690
2062700,"Rocca Canterano",1377,110,"33T","33T2H4S2Q",3,2013-04-27 18:05:28.8500000,0,0,234212,2026-09-12 08:10:41.4470000,41.956520,13.021790
2062056,"Canterano",1377,110,"33T","33T2H4S2Q",3,2015-08-28 23:36:30.8100000,0,0,302267,2026-09-12 08:10:45.4900000,41.943220,13.038090
2774374,"Obja",850,64,"35V","35V2H2S1Q",3,2026-09-12 08:10:57.2530000,0,0,1113,2026-09-12 08:10:57.2530000,59.177780,26.631670
2773931,"Soonuka",850,64,"35V","35V2H2S1Q",3,2026-09-12 08:11:06.0770000,0,0,1122,2026-09-12 08:11:06.0770000,59.154720,26.631670
2772730,"Alekvere",850,64,"35V","35V2H2S1Q",3,2026-09-12 08:11:12.7800000,0,0,1111,2026-09-12 08:11:12.7800000,59.100560,26.668610
2774282,"Roela",850,64,"35V","35V2H2S1Q",3,2026-09-12 08:11:20.9130000,0,0,1113,2026-09-12 08:11:20.9130000,59.170280,26.600280
2773675,"Saara",850,64,"35V","35V2H2S1Q",3,2026-09-12 08:11:37.0230000,0,0,1122,2026-09-12 08:11:37.0230000,59.146940,26.599170
2003485,"Landeck",3563,233,"16T","16T2H6S4Q",3,2023-03-04 19:18:25.0500000,4800,0,35082,2026-09-12 08:12:34.0370000,40.801160,-84.388010
2772891,"Rajakula",850,64,"35V","35V2H2S1Q",3,2026-09-12 08:12:42.0230000,0,0,1112,2026-09-12 08:12:42.0230000,59.114170,26.580830
31084,"Gatton",142,13,"56J","56J1H5S3Q",2,2026-09-12 08:17:22.5500000,0,1124,0,2026-09-12 08:17:22.5500000,-27.550000,152.283330
30919,"Forest Hill",142,13,"56J","56J1H5S3Q",2,2026-09-12 08:17:32.2630000,0,1130,0,2026-09-12 08:17:32.2630000,-27.600000,152.350000
31189,"Lake Clarendon",142,13,"56J","56J1H5S3Q",2,2026-09-12 08:17:41.0870000,0,1129,0,2026-09-12 08:17:41.0870000,-27.516670,152.366670
31137,"Glenore Grove",142,13,"56J","56J1H5S3Q",2,2026-09-12 08:17:48.3170000,0,1131,0,2026-09-12 08:17:48.3170000,-27.533330,152.400000
31036,"Plainland",142,13,"56J","56J1H5S3Q",2,2026-09-12 08:17:55.2600000,0,1132,0,2026-09-12 08:17:55.2600000,-27.566670,152.416670
1713058,"San Lawrence Terrace",3567,233,"10S","10S2H3S2Q",1,2026-09-12 08:16:30.3870000,4324,0,83,2026-09-12 08:22:39.9900000,35.745800,-120.683500
2296859,"Greng",130,12,"32T","32T1H3S1Q",3,2024-10-19 18:58:41.7070000,0,0,61524,2026-09-12 08:27:47.4500000,47.536670,10.664170
2772780,"Muuga",850,64,"35V","35V2H2S1Q",3,2026-09-12 08:28:40.4930000,0,0,1112,2026-09-12 08:28:40.4930000,59.105280,26.615830
2772669,"Muuga-Noavere",850,64,"35V","35V2H2S1Q",3,2026-09-12 08:28:45.4530000,0,0,1112,2026-09-12 08:28:45.4530000,59.100000,26.616670
31037,"Hatton Vale",142,13,"56J","56J1H5S3Q",2,2026-09-12 08:28:46.7730000,0,1137,0,2026-09-12 08:28:46.7730000,-27.566670,152.466670
2772184,"Kurme",850,64,"35V","35V2H2S1Q",3,2026-09-12 08:28:49.5600000,0,0,1111,2026-09-12 08:28:49.5600000,59.081940,26.613890
31297,"Kentville",142,13,"56J","56J1H5S3Q",2,2026-09-12 08:28:54.0200000,0,1132,0,2026-09-12 08:28:54.0200000,-27.483330,152.433330
31235,"Brightview",142,13,"56J","56J1H5S3Q",2,2026-09-12 08:29:00.1400000,0,902,0,2026-09-12 08:29:00.1400000,-27.500000,152.483330
31236,"Tarampa Flat",142,13,"56J","56J1H5S3Q",2,2026-09-12 08:29:05.2630000,0,906,0,2026-09-12 08:29:05.2630000,-27.500000,152.500000
31138,"Prenzlau",142,13,"56J","56J1H5S3Q",2,2026-09-12 08:29:10.5130000,0,915,0,2026-09-12 08:29:10.5130000,-27.533330,152.516670
2284450,"Felsopettend",1221,100,"34T","34T1H1S1Q",3,2026-09-12 08:30:05.4830000,0,525,1934,2026-09-12 08:30:05.4830000,47.283330,18.683330
2284446,"Diofasori Ujtelep",1221,100,"34T","34T1H1S1Q",3,2026-09-12 08:30:49.9630000,171,0,1616,2026-09-12 08:30:49.9630000,47.283330,18.666670
2528183,"Las",2440,180,"34U","34U1H5S4Q",2,2020-02-07 12:07:24.8130000,0,1251559,0,2026-09-12 08:33:20.1700000,52.216670,21.116670
2529059,"Marysin",2440,180,"34U","34U1H5S4Q",2,2020-05-18 00:40:39.4500000,0,1490004,0,2026-09-12 08:33:32.3470000,52.233330,21.150000
2530785,"Kaweczyn",2440,180,"34U","34U1H5S4Q",2,2020-03-24 21:00:38.1600000,0,1264558,0,2026-09-12 08:33:38.3000000,52.266670,21.133330
2533243,"Brzeziny",2440,180,"34U","34U1H5S4Q",2,2020-02-17 17:12:22.8800000,0,725748,0,2026-09-12 08:33:54.4000000,52.316670,21.050000
30743,"Calvert",142,13,"56J","56J1H5S3Q",2,2026-09-12 08:39:05.0300000,0,1140,0,2026-09-12 08:39:05.0300000,-27.666670,152.516670
30794,"Lanefield",142,13,"56J","56J1H5S3Q",2,2026-09-12 08:39:10.0130000,0,935,0,2026-09-12 08:39:10.0130000,-27.650000,152.550000
30698,"Ebenezer",142,13,"56J","56J1H5S3Q",2,2026-09-12 08:39:17.7230000,0,945,0,2026-09-12 08:39:17.7230000,-27.683330,152.633330
30832,"Rosewood",142,13,"56J","56J1H5S3Q",2,2026-09-12 08:39:23.6500000,0,939,0,2026-09-12 08:39:23.6500000,-27.633330,152.583330
31612,"Coominya",142,13,"56J","56J1H5S3Q",2,2026-09-12 08:39:45.6170000,0,887,0,2026-09-12 08:39:45.6170000,-27.383330,152.500000
31523,"Clarendon",142,13,"56J","56J1H5S3Q",2,2026-09-12 08:39:54.4630000,0,901,0,2026-09-12 08:39:54.4630000,-27.416670,152.533330
2601369,"Ulzburg",702,57,"32U","32U1H5S2Q",3,2022-12-14 10:36:27.6100000,0,0,25460,2026-09-12 08:40:06.5070000,53.792840,9.983830
1898863,"Nielsburg",3567,233,"10S","10S1H3S3Q",3,2026-09-08 12:27:25.1370000,0,0,1701644,2026-09-12 08:43:02.2600000,38.957120,-121.033280
2790615,"Bredslatt",927,70,"34V","34V1H6S4Q",1,2026-09-12 08:46:17.2870000,672,0,0,2026-09-12 08:46:17.2870000,60.100000,23.950000
2789912,"Bole",927,70,"35V","35V1H4S3Q",1,2026-09-12 08:47:58.5930000,362,0,0,2026-09-12 08:47:58.5930000,60.050000,24.066670
2790837,"Palsbole",927,70,"34V","34V1H6S4Q",1,2026-09-12 08:48:07.3670000,672,0,0,2026-09-12 08:48:07.3670000,60.116670,23.966670
2790130,"Vastankvarn",927,70,"34V","34V1H6S4Q",1,2026-09-12 08:48:18.8800000,671,0,0,2026-09-12 08:48:18.8800000,60.066670,23.883330
2291897,"Vertpuszta",1221,100,"34T","34T1H1S1Q",2,2026-06-26 10:03:53.5170000,3361,489836,0,2026-09-12 08:48:20.8730000,47.433330,18.700000
2789908,"Rejbole",927,70,"34V","34V1H6S4Q",1,2026-09-12 08:48:24.3070000,671,0,0,2026-09-12 08:48:24.3070000,60.050000,23.850000
2794420,"Raati",927,70,"34V","34V1H6S4Q",2,2025-11-18 21:26:26.8570000,517,1252,0,2026-09-12 08:48:33.2970000,60.333330,23.933330
2448620,"Pontisse",255,20,"31U","31U2H3S4Q",1,2024-03-08 12:34:07.3170000,229023,517,0,2026-09-12 08:49:45.0400000,50.680960,5.633490
2447661,"Bernalmont",255,20,"31U","31U2H3S4Q",1,2020-05-08 18:29:54.6030000,99374,517,0,2026-09-12 08:49:57.4270000,50.663780,5.620640
2797033,"Ratus",927,70,"35V","35V1H4S3Q",1,2026-09-12 08:49:57.4870000,666,0,0,2026-09-12 08:49:57.4870000,60.483330,24.050000
2771799,"Paasvere",850,64,"35V","35V2H2S1Q",3,2026-09-12 08:50:02.9800000,0,0,1110,2026-09-12 08:50:02.9800000,59.063330,26.643330
2796711,"Tausta",927,70,"35V","35V1H4S3Q",1,2026-09-12 08:50:03.3030000,666,0,0,2026-09-12 08:50:03.3030000,60.466670,24.066670
2771774,"Paasvere-Aru",850,64,"35V","35V2H2S1Q",3,2026-09-12 08:50:07.1070000,0,0,1002,2026-09-12 08:50:07.1070000,59.060560,26.624170
2447507,"Souverain Wandre",255,20,"31U","31U2H3S4Q",1,2023-06-08 13:40:29.2830000,99665,517,0,2026-09-12 08:50:07.4430000,50.659440,5.653000
2796377,"Hirvijoki",927,70,"35V","35V1H4S3Q",1,2026-09-12 08:50:08.3030000,666,0,0,2026-09-12 08:50:08.3030000,60.450000,24.066670
2771435,"Vassivere",850,64,"35V","35V2H2S1Q",3,2026-09-12 08:50:11.4170000,0,0,1110,2026-09-12 08:50:11.4170000,59.046110,26.600000
2447809,"La Neuville",255,20,"31U","31U2H3S4Q",1,2023-08-18 05:15:39.7370000,150026,517,0,2026-09-12 08:50:19.3500000,50.666670,5.666670
2771698,"Salutaguse",850,64,"35V","35V2H2S1Q",3,2026-09-12 08:50:19.9930000,0,0,1111,2026-09-12 08:50:19.9930000,59.053060,26.568060
2798079,"Jarvenpaa",927,70,"35V","35V1H4S3Q",0,2026-09-12 08:50:20.2270000,0,0,0,2026-09-12 08:50:20.2270000,60.550000,24.166670
2297133,"Weisshaus",130,12,"32T","32T1H3S1Q",3,2024-10-09 15:19:10.9600000,0,0,20647,2026-09-12 08:50:23.7670000,47.549720,10.683060
2771826,"Laekvere",850,64,"35V","35V2H2S1Q",3,2026-09-12 08:50:24.6400000,0,0,1111,2026-09-12 08:50:24.6400000,59.065560,26.565560
2444569,"Vaux-sous-Chevremont",255,20,"31U","31U2H3S4Q",1,2022-11-01 03:29:44.7470000,99706,0,0,2026-09-12 08:50:29.5800000,50.605900,5.638170
2772063,"Kellavere",850,64,"35V","35V2H2S1Q",3,2026-09-12 08:50:29.6000000,0,0,1111,2026-09-12 08:50:29.6000000,59.069440,26.559720
2771805,"Moora",850,64,"35V","35V2H2S1Q",3,2026-09-12 08:50:40.0030000,0,0,1111,2026-09-12 08:50:40.0030000,59.064440,26.529170
2797844,"Ahonpaa",927,70,"35V","35V1H4S3Q",1,2024-05-07 18:21:39.8000000,2396,0,0,2026-09-12 08:50:41.4330000,60.533330,24.050000
2797582,"Karisjarvi",927,70,"35V","35V1H4S3Q",1,2024-05-07 18:21:47.7000000,2402,0,0,2026-09-12 08:50:56.7700000,60.516670,24.016670
2263272,"Pody",3430,230,"36T","36T1H1S4Q",2,2025-10-22 09:53:55.4100000,0,22308,0,2026-09-12 08:51:30.9400000,46.766670,31.783330
1599720,"Statham",3539,233,"17S","17S2H4S1Q",1,2015-08-25 22:45:22.5830000,1349719,0,0,2026-09-12 08:53:54.5900000,33.965110,-83.596560
2793639,"Paloniemi",927,70,"34V","34V1H6S4Q",0,2026-09-12 08:54:05.4900000,0,0,0,2026-09-12 08:54:05.4900000,60.283330,23.983330
2791077,"Batsmora",927,70,"34V","34V1H6S4Q",1,2026-09-12 08:54:28.5430000,1810,419,0,2026-09-12 08:54:28.5430000,60.133330,23.883330
1599149,"Park View Homes",3539,233,"17S","17S2H4S1Q",1,2024-01-28 17:54:12.5800000,1317583,0,0,2026-09-12 08:54:32.5730000,33.955390,-83.380160
2789414,"Joddbole",927,70,"34V","34V1H6S4Q",1,2024-05-03 05:09:44.1400000,2296,0,0,2026-09-12 08:54:57.2470000,60.016670,23.933330
2279221,"Boise",3578,233,"10T","10T1H2S2Q",2,2023-03-03 02:25:18.5300000,0,1328038,2880,2026-09-12 08:56:35.4030000,47.180380,-122.015670
1547274,"Greenwood",3549,233,"15S","15S2H4S1Q",1,2023-07-29 23:04:43.0230000,350718,0,0,2026-09-12 08:57:52.2130000,33.102620,-95.323000
2194672,"Shchebetovka",3435,230,"36T","36T1H6S4Q",2,2026-08-07 12:15:03.9000000,900,6514,0,2026-09-12 09:05:57.8100000,44.937730,35.152970
2193383,"Kurortne",3435,230,"36T","36T1H6S4Q",2,2026-08-07 12:14:41.0330000,1200,6427,0,2026-09-12 09:06:10.7170000,44.915330,35.183630
165590,"Pedreros",2379,175,"18L","18L2H1S2Q",1,2025-10-13 04:55:34.7870000,13784,0,0,2026-09-12 09:06:43.3270000,-12.016670,-76.950000
165468,"Zavala",2379,175,"18L","18L2H1S2Q",1,2025-10-13 05:05:31.3330000,11291,0,0,2026-09-12 09:06:55.8500000,-12.033330,-76.950000
165309,"Asesor",2379,175,"18L","18L2H1S2Q",1,2019-08-15 14:30:13.7300000,17572,0,0,2026-09-12 09:07:05.5170000,-12.050000,-76.950000
165184,"Granado",2379,175,"18L","18L2H1S2Q",1,2021-11-27 02:17:44.7530000,11625,0,0,2026-09-12 09:07:12.2770000,-12.066670,-76.950000
165471,"Trapiche",2379,175,"18L","18L2H1S2Q",1,2022-12-03 00:27:12.3700000,11285,0,0,2026-09-12 09:07:36.8200000,-12.033330,-76.933330
165734,"Huachipa",2379,175,"18L","18L2H1S2Q",1,2025-10-13 02:50:57.0030000,13774,0,0,2026-09-12 09:07:51.3000000,-12.000000,-76.933330
165865,"Nieveria",2379,175,"18L","18L1H4S4Q",1,2025-10-13 05:32:35.3870000,12650,0,0,2026-09-12 09:09:23.9100000,-11.983330,-76.916670
2708963,"Vtuzgorodok",2705,192,"41V","41V2H4S3Q",1,2026-07-24 09:39:04.8830000,863753,0,0,2026-09-12 09:09:30.2470000,56.851110,60.658060
2297097,"Stegen",130,12,"32T","32T1H3S1Q",3,2024-10-09 15:19:00.9430000,0,0,20648,2026-09-12 09:11:41.1730000,47.548060,10.658060
2793638,"Lohilampi",927,70,"34V","34V1H6S4Q",1,2018-12-21 15:19:50.7270000,1913,0,0,2026-09-12 09:11:47.1770000,60.283330,23.783330
2794419,"Lalli",927,70,"34V","34V1H6S4Q",1,2023-02-11 18:07:35.7970000,1842,0,0,2026-09-12 09:11:58.2430000,60.333330,23.883330
2793919,"Karstu",927,70,"34V","34V1H6S4Q",1,2026-09-12 08:48:44.0030000,1896,0,0,2026-09-12 09:12:23.6500000,60.300000,23.933330
2792850,"Askola",927,70,"34V","34V1H6S4Q",1,2026-04-09 16:06:50.4600000,2396,0,0,2026-09-12 09:12:33.2930000,60.233330,23.883330
2797840,"Kuttila",929,70,"34V","34V1H6S4Q",1,2024-05-07 11:49:55.2870000,2703,0,0,2026-09-12 09:13:17.9670000,60.533330,23.266670
2798523,"Hantala",929,70,"34V","34V1H6S4Q",1,2024-05-07 11:50:00.8230000,2404,0,0,2026-09-12 09:13:25.4900000,60.583330,23.366670
2799209,"Kimala",929,70,"34V","34V1H6S4Q",1,2024-05-07 18:25:26.3470000,2402,0,0,2026-09-12 09:13:32.7630000,60.633330,23.400000
12810,"Northwood",143,13,"56H","56H1H1S4Q",3,2017-03-15 19:42:38.3130000,0,0,1229400,2026-09-12 09:15:16.2730000,-33.828610,151.180830
34028,"Bridges",142,13,"56J","56J1H5S1Q",1,2026-09-12 09:15:25.8200000,408,0,0,2026-09-12 09:15:25.8200000,-26.533330,152.950000
34064,"North Arm",142,13,"56J","56J1H5S1Q",1,2026-09-12 09:15:36.3000000,408,0,0,2026-09-12 09:15:36.3000000,-26.516670,152.950000
34205,"Doonan",142,13,"56J","56J1H5S1Q",1,2026-09-12 09:15:52.0970000,1256,0,0,2026-09-12 09:15:52.0970000,-26.465660,152.991830
34307,"Cooroy Mountain",142,13,"56J","56J1H5S1Q",1,2026-09-12 09:15:56.0930000,1054,0,0,2026-09-12 09:15:56.0930000,-26.425230,152.954150
34314,"Cooroy",142,13,"56J","56J1H5S1Q",1,2026-09-12 09:15:59.8730000,1054,0,0,2026-09-12 09:15:59.8730000,-26.417780,152.911490
34167,"Peregian Beach",142,13,"56J","56J1H5S2Q",1,2026-09-12 09:16:05.5800000,1053,36,0,2026-09-12 09:16:05.5800000,-26.481000,153.096000
33288,"Caloundra",142,13,"56J","56J1H5S2Q",1,2026-09-12 09:16:19.5600000,408,0,0,2026-09-12 09:16:19.5600000,-26.800000,153.133330
2091327,"Batanovtsi",279,22,"34T","34T2H3S3Q",1,2026-09-12 09:18:20.5500000,1284,0,0,2026-09-12 09:18:20.5500000,42.599720,22.950560
2091470,"Kosturintsi",279,22,"34T","34T2H3S3Q",1,2026-09-12 09:18:30.3270000,1502,0,0,2026-09-12 09:18:32.0470000,42.600000,22.833330
2502023,"Lippborg",707,57,"32U","32U2H2S1Q",3,2026-09-12 09:18:45.9070000,0,0,1080,2026-09-12 09:18:45.9070000,51.666670,8.033330
2499654,"Stocklarn",707,57,"32U","32U2H2S1Q",3,2026-09-12 09:18:54.9300000,0,0,1080,2026-09-12 09:18:54.9300000,51.616670,8.050000
2497332,"Notten",707,57,"32U","32U2H2S1Q",3,2026-09-12 09:19:03.1700000,0,0,1045,2026-09-12 09:19:03.1700000,51.566670,8.083330
2495817,"Ruploh",707,57,"32U","32U2H2S1Q",3,2026-09-12 09:19:09.2000000,0,0,1049,2026-09-12 09:19:09.2000000,51.533330,8.100000
2494913,"Buecke",707,57,"32U","32U2H2S1Q",3,2026-09-12 09:19:15.4600000,0,0,1079,2026-09-12 09:19:15.4600000,51.516540,8.107220
2494248,"Mohnesee",707,57,"32U","32U2H2S1Q",3,2026-09-12 09:19:21.3330000,0,0,1079,2026-09-12 09:19:21.3330000,51.500000,8.133330
2494066,"Korbecke",707,57,"32U","32U2H2S1Q",3,2026-09-12 09:19:26.1200000,0,0,1079,2026-09-12 09:19:26.1200000,51.496830,8.130050
2492691,"Vollinghausen",707,57,"32U","32U2H2S1Q",3,2026-09-12 09:19:36.5500000,0,0,1079,2026-09-12 09:19:36.5500000,51.466670,8.200000
2092213,"Berende",279,22,"34T","34T2H3S3Q",1,2026-09-12 09:18:40.5970000,5159,0,0,2026-09-12 09:19:45.8000000,42.616670,22.816670
2449166,"Aux Communes",255,20,"31U","31U2H3S4Q",1,2025-08-18 05:33:27.2600000,100479,517,0,2026-09-12 09:22:15.8070000,50.684650,5.680310
2451407,"Souvre",255,20,"31U","31U2H3S4Q",2,2025-03-21 00:48:24.7330000,0,2563570,0,2026-09-12 09:22:51.8570000,50.730170,5.702840
2452086,"Vise",255,20,"31U","31U2H3S4Q",2,2025-02-16 22:34:10.5430000,0,2853626,0,2026-09-12 09:22:58.2330000,50.736820,5.706060
2509668,"Wasserstrang",707,57,"32U","32U2H2S1Q",3,2025-03-11 09:12:23.6830000,0,0,124937,2026-09-12 09:23:26.4200000,51.833330,8.683330
12805,"Cremorne",143,13,"56H","56H1H1S4Q",3,2017-03-15 06:05:11.0430000,0,0,1116581,2026-09-12 09:23:49.7200000,-33.833330,151.225000
2124557,"Saint-Tropez",946,75,"32T","32T2H1S1Q",1,2025-04-09 15:28:59.7230000,1141612,0,17100,2026-09-12 09:24:31.5500000,43.266670,6.633330
2445578,"Grivegnee",255,20,"31U","31U2H3S4Q",1,2020-11-02 11:53:25.4130000,833893,0,0,2026-09-12 09:25:00.8270000,50.623920,5.604550
2198546,"Saint-Seurin-sur-l'Isle",965,75,"31T","31T1H4S1Q",3,2026-09-12 09:25:50.8230000,0,0,1086,2026-09-12 09:25:50.8230000,45.016670,0.000000
13706,"Mount Wilson",143,13,"56H","56H1H1S3Q",2,2026-09-12 07:29:05.8000000,0,9927,0,2026-09-12 09:27:20.3800000,-33.500000,150.383330
2211541,"Pleine-Selve",965,75,"30T","30T1H6S2Q",2,2010-01-01 00:00:00.0000000,0,11418145,300,2026-09-12 09:28:31.1400000,45.333330,-0.583330
2060616,"Rocca Santo Stefano",1377,110,"33T","33T2H4S2Q",3,2013-12-24 16:47:12.5430000,0,0,284093,2026-09-12 09:30:12.0870000,41.910520,13.023790
2058534,"Olevano Romano",1377,110,"33T","33T2H4S2Q",3,2013-12-24 16:46:10.4730000,0,0,423486,2026-09-12 09:30:18.7970000,41.860620,13.033090
2057141,"Genazzano",1377,110,"33T","33T2H4S1Q",3,2013-12-26 14:38:09.9500000,0,0,533035,2026-09-12 09:30:23.8400000,41.825220,12.970790
12704,"Drummoyne",143,13,"56H","56H1H1S4Q",3,2017-04-06 17:25:21.8830000,0,0,1200951,2026-09-12 09:30:24.8430000,-33.853610,151.154170
2057946,"Rocca di Cave",1377,110,"33T","33T2H4S1Q",3,2014-01-25 20:58:04.1230000,0,0,519011,2026-09-12 09:30:27.2800000,41.846420,12.945490
2056904,"Cave",1377,110,"33T","33T2H4S1Q",3,2014-01-25 17:48:31.4930000,0,0,548197,2026-09-12 09:30:30.3530000,41.816720,12.933790
2057918,"Castel San Pietro Romano",1377,110,"33T","33T2H4S1Q",3,2014-11-18 21:47:37.2000000,0,0,534970,2026-09-12 09:30:34.1330000,41.845720,12.894890
2057619,"Palestrina",1377,110,"33T","33T2H4S1Q",3,2016-11-12 09:58:06.9470000,0,0,693848,2026-09-12 09:30:37.4100000,41.835520,12.888990
2055665,"Labico",1377,110,"33T","33T2H4S1Q",3,2014-01-23 23:18:26.0130000,0,0,505683,2026-09-12 09:30:40.4670000,41.789520,12.880890
14018,"Irondale",143,13,"56H","56H1H1S3Q",2,2026-09-12 07:29:22.7530000,0,3907,0,2026-09-12 09:31:32.0500000,-33.383330,150.016670
2298037,"Bad Faulenbach",715,57,"32T","32T1H3S1Q",3,2024-10-09 16:35:19.9500000,0,0,20389,2026-09-12 09:35:56.8570000,47.566670,10.683330
2358483,"Coatreven",961,75,"30U","30U2H5S3Q",2,2016-10-09 10:31:22.3800000,0,114379,0,2026-09-12 09:43:08.6030000,48.766670,-3.333330
1601498,"Cypress Grove",3567,233,"11S","11S2H4S2Q",3,2015-02-25 14:56:36.5430000,0,0,1026870,2026-09-12 09:43:58.3930000,33.991120,-118.421190
2496513,"Dollis Hill",979,77,"30U","30U2H3S2Q",3,2015-05-14 04:18:14.0400000,0,0,1011818,2026-09-12 09:44:21.0970000,51.550000,-0.233330
2195991,"Ordzhonikidze",3435,230,"36T","36T1H6S4Q",2,2026-08-07 18:43:40.0400000,600,7927,0,2026-09-12 09:50:05.1130000,44.965450,35.365830
2197130,"Dvuyakornyy",3435,230,"36T","36T1H6S4Q",2,2026-08-07 16:03:11.2700000,600,7158,0,2026-09-12 09:50:10.5530000,44.983330,35.366670
2199324,"Feodosiya",3435,230,"36T","36T1H6S2Q",2,2026-08-07 15:51:19.6100000,600,8211,0,2026-09-12 09:50:18.0230000,45.032520,35.376980
2200444,"Ayvazovskaya",3435,230,"36T","36T1H6S2Q",2,2026-08-07 15:51:43.4400000,600,6756,0,2026-09-12 09:50:22.2130000,45.050000,35.383330
2200640,"Blyzhnye",3435,230,"36T","36T1H6S2Q",2,2026-08-07 15:21:44.8930000,300,7852,0,2026-09-12 09:50:33.1400000,45.055700,35.335140
2056122,"Colle di Fuori",1377,110,"33T","33T2H4S1Q",3,2014-11-24 19:05:04.5570000,0,0,552194,2026-09-12 09:50:34.9400000,41.800000,12.800000
2053246,"Monte Porzio",1377,110,"33T","33T2H4S1Q",3,2018-08-19 16:02:24.1470000,0,0,838807,2026-09-12 09:50:41.9600000,41.733330,12.716670
2052762,"Nemi",1377,110,"33T","33T2H4S1Q",3,2018-05-13 00:31:05.7000000,0,0,743209,2026-09-12 09:50:45.9830000,41.721120,12.717380
2050288,"Lanuvio",1377,110,"33T","33T2H4S1Q",3,2019-01-17 00:18:42.8700000,0,0,1017769,2026-09-12 09:50:50.0930000,41.672820,12.697580
2052478,"Galloro",1377,110,"33T","33T2H4S1Q",3,2017-11-17 17:39:13.8170000,0,0,838233,2026-09-12 09:50:55.3700000,41.716670,12.666670
2052980,"Albano Laziale",1377,110,"33T","33T2H4S1Q",3,2016-09-24 15:10:10.5900000,0,0,1016770,2026-09-12 09:51:00.7970000,41.728730,12.660800
2053636,"Castel Gandolfo",1377,110,"33T","33T2H4S1Q",3,2015-12-02 16:42:06.9200000,0,0,3149700,2026-09-12 09:51:02.7900000,41.742520,12.648880
2796470,"Turku",929,70,"34V","34V1H6S3Q",1,2013-08-10 17:38:22.5200000,17910723,0,0,2026-09-12 09:52:21.3530000,60.451480,22.268690
2797143,"Karsamaki",929,70,"34V","34V1H6S3Q",1,2013-10-27 18:26:19.2500000,14890,0,0,2026-09-12 09:52:31.0570000,60.487220,22.289170
2797020,"Ilmarinen",929,70,"34V","34V1H6S3Q",1,2026-03-21 19:44:57.7200000,7218,0,0,2026-09-12 09:52:46.1770000,60.483330,22.333330
2217619,"Bovisa",1375,110,"32T","32T1H5S2Q",1,2026-07-21 19:05:37.4370000,10880,0,0,2026-09-12 09:55:58.5970000,45.506470,9.164660
1599116,"Broad Acres",3539,233,"17S","17S2H4S1Q",1,2022-06-18 12:35:14.0930000,1127470,0,0,2026-09-12 09:56:16.0270000,33.954840,-83.392660
2298426,"Fussen",715,57,"32T","32T1H3S1Q",3,2024-10-09 17:21:42.6300000,0,0,20572,2026-09-12 09:57:59.2770000,47.571430,10.701710
2227852,"Prada",1369,110,"32T","32T1H6S1Q",1,2026-09-12 10:01:10.4500000,1412,0,0,2026-09-12 10:01:10.4500000,45.800000,10.950000
2228468,"Crosano",1369,110,"32T","32T1H6S1Q",1,2026-09-12 10:01:18.6670000,771,0,0,2026-09-12 10:01:18.6670000,45.816670,10.966670
2226503,"Pilcante",1369,110,"32T","32T1H6S1Q",1,2026-09-12 10:01:23.6600000,1404,0,0,2026-09-12 10:01:23.6600000,45.766670,10.983330
33195,"Golden Beach",142,13,"56J","56J1H5S2Q",1,2026-09-12 10:07:22.6800000,408,0,0,2026-09-12 10:07:22.6800000,-26.821770,153.119720
33490,"Eudlo",142,13,"56J","56J1H5S1Q",1,2026-09-12 10:07:39.9300000,408,0,0,2026-09-12 10:07:39.9300000,-26.733330,152.966670
33397,"Mooloolah",142,13,"56J","56J1H5S1Q",1,2026-09-12 10:07:43.9300000,408,0,0,2026-09-12 10:07:43.9300000,-26.766670,152.966670
33398,"Glenview",142,13,"56J","56J1H5S2Q",1,2026-09-12 10:07:47.2200000,408,0,0,2026-09-12 10:07:47.2200000,-26.766670,153.016670
33287,"Landsborough",142,13,"56J","56J1H5S1Q",1,2026-09-12 10:07:51.8770000,1122,0,0,2026-09-12 10:07:51.8770000,-26.800000,152.966670
33136,"Beerwah",142,13,"56J","56J1H5S1Q",1,2026-09-12 10:07:56.9900000,1355,0,0,2026-09-12 10:07:56.9900000,-26.850000,152.966670
33892,"Kulangoor",142,13,"56J","56J1H5S1Q",2,2025-10-04 01:53:57.8070000,531,565,0,2026-09-12 10:08:07.6870000,-26.583330,152.966670
2295463,"Mettmenriet",503,43,"32T","32T1H2S1Q",3,2024-06-26 15:13:30.1200000,0,0,14115552,2026-09-12 10:16:30.3000000,47.512600,8.545720
2298834,"Muhlberg",715,57,"32T","32T1H3S1Q",3,2024-10-09 20:25:48.2100000,0,0,20389,2026-09-12 10:19:27.5100000,47.583330,10.750000
2161671,"Bardino Vecchio",1376,110,"32T","32T1H5S3Q",1,2016-05-31 19:17:27.4170000,5968168,0,0,2026-09-12 10:20:16.2330000,44.189130,8.272020
2522020,"Wootton",979,77,"30U","30U1H6S4Q",3,2026-05-10 19:37:57.6000000,0,0,38460,2026-09-12 10:22:57.9530000,52.095250,-0.534940
2496512,"Neasden",979,77,"30U","30U2H3S2Q",3,2015-04-12 10:16:41.8130000,0,0,1018488,2026-09-12 10:31:08.1670000,51.550000,-0.250000
2295990,"Buelach / Altstadt",503,43,"32T","32T1H2S1Q",3,2024-05-09 11:19:12.8600000,0,0,19450827,2026-09-12 10:33:35.3800000,47.517610,8.540460
1917316,"Gainesboro",3585,233,"17S","17S1H3S2Q",3,2025-03-06 23:31:04.3900000,0,0,854403,2026-09-12 10:34:25.8230000,39.278440,-78.259170
1916815,"Cedar Grove",3585,233,"17S","17S1H3S2Q",2,2026-02-11 23:28:37.2470000,1034,26782,0,2026-09-12 10:34:35.9270000,39.268160,-78.189170
1915314,"Freyco",3585,233,"17S","17S1H3S2Q",2,2026-06-14 09:08:57.1100000,0,40547,0,2026-09-12 10:34:42.9070000,39.241210,-78.097780
2587699,"Nadarzyce",2451,180,"33U","33U1H6S1Q",3,2026-09-12 10:38:40.3300000,0,0,1133,2026-09-12 10:38:40.3300000,53.464550,16.498370
2590897,"Czochryn",2452,180,"33U","33U1H6S1Q",3,2026-09-12 10:38:49.1900000,0,0,1126,2026-09-12 10:38:49.1900000,53.534780,16.468100
2591006,"Jeziorna",2452,180,"33U","33U1H6S1Q",3,2026-09-12 10:38:59.7130000,0,0,1126,2026-09-12 10:38:59.7130000,53.539600,16.441480
2592621,"Liszkowo",2452,180,"33U","33U1H6S1Q",3,2026-09-12 10:39:09.2170000,0,0,1121,2026-09-12 10:39:09.2170000,53.581100,16.452620
2592528,"Borne Sulinowo",2452,180,"33U","33U1H6S1Q",3,2026-09-12 10:39:17.6270000,0,0,1122,2026-09-12 10:39:17.6270000,53.576610,16.533950
2606692,"Kaliska",2452,180,"33U","33U1H6S1Q",3,2026-09-12 10:40:37.6000000,0,0,1062,2026-09-12 10:40:37.6000000,53.924610,16.848220
2605446,"Bialy Bor",2452,180,"33U","33U1H6S1Q",3,2026-09-12 10:40:42.4900000,0,0,1063,2026-09-12 10:40:42.4900000,53.896700,16.835430
2603967,"Pienieznica",2449,180,"33U","33U1H6S1Q",3,2026-09-12 10:40:45.0830000,0,0,1068,2026-09-12 10:40:45.0830000,53.857630,16.962310
2603224,"Brzezie",2449,180,"33U","33U1H6S1Q",3,2026-09-12 10:40:49.6530000,0,0,1073,2026-09-12 10:40:49.6530000,53.836900,16.926210
2052914,"Pavona",1377,110,"33T","33T2H4S1Q",3,2015-09-09 14:54:28.7030000,0,0,1112134,2026-09-12 10:43:46.5330000,41.726290,12.616420
2051636,"Santa Palomba",1377,110,"33T","33T2H4S1Q",3,2015-09-09 16:34:10.0130000,0,0,1274606,2026-09-12 10:43:50.1800000,41.700000,12.583330
2054014,"Falcognana di Sotto",1377,110,"33T","33T2H4S1Q",3,2015-10-03 16:31:20.7230000,0,0,2014050,2026-09-12 10:43:53.2230000,41.750000,12.550000
2055393,"Il Casaletto",1377,110,"33T","33T2H4S1Q",3,2015-10-03 19:57:12.5430000,0,0,1729651,2026-09-12 10:43:56.6070000,41.783330,12.566670
2055392,"Castel di Leva",1377,110,"33T","33T2H4S1Q",3,2020-10-13 17:50:32.4100000,0,0,2072979,2026-09-12 10:43:59.4870000,41.783330,12.533330
2060568,"della Vittoria",1377,110,"33T","33T2H4S1Q",3,2015-09-26 19:56:49.0230000,0,0,2917237,2026-09-12 10:44:14.4600000,41.908660,12.445880
2059007,"Gianicolense",1377,110,"33T","33T2H4S1Q",3,2015-10-07 17:11:33.6900000,0,0,3003686,2026-09-12 10:44:21.4800000,41.870710,12.448370
2298831,"Schwangau",715,57,"32T","32T1H3S1Q",3,2024-10-09 19:22:53.8600000,0,0,20622,2026-09-12 10:45:23.3200000,47.583330,10.733330
2289901,"Stettbach",503,43,"32T","32T1H2S1Q",3,2023-10-24 12:21:50.2800000,360,0,3064611,2026-09-12 10:51:42.0030000,47.394370,8.592940
2288883,"Zuerich (Kreis 4) / Werd",503,43,"32T","32T1H2S1Q",3,2024-06-19 08:47:10.8200000,0,0,3802157,2026-09-12 10:51:52.6000000,47.371780,8.525840
2562674,"Maer",979,77,"30U","30U1H5S4Q",2,2010-01-01 00:00:00.0000000,0,1000800,0,2026-09-12 10:53:54.2530000,52.950000,-2.316670
2245463,"Cedar Bank",3557,233,"16T","16T1H2S3Q",1,2022-03-24 13:00:41.5170000,460678,0,0,2026-09-12 10:55:09.7270000,46.296890,-87.266810
1960312,"East Linden",3563,233,"17T","17T2H4S4Q",3,2018-06-18 03:50:57.7100000,8174,0,1203450,2026-09-12 10:59:42.4030000,40.016730,-82.949900
2286977,"Gyurusaljapuszta",1221,100,"34T","34T1H1S1Q",3,2026-09-12 11:01:19.0130000,0,911,1824,2026-09-12 11:01:19.0130000,47.333330,18.683330
2287749,"Anasztaziapuszta",1217,100,"34T","34T1H1S1Q",3,2026-09-12 11:01:35.7570000,0,0,781,2026-09-12 11:01:35.7570000,47.350000,18.850000
111361,"Tingo",2386,175,"19K","19K1H1S1Q",1,2026-09-12 11:06:24.0870000,1300,0,0,2026-09-12 11:06:24.0870000,-16.429760,-71.552140
113342,"Yura",2386,175,"19K","19K1H1S1Q",1,2026-09-12 11:06:34.3830000,1049,0,0,2026-09-12 11:06:34.3830000,-16.252230,-71.679690
2298359,"Horn",715,57,"32T","32T1H3S1Q",3,2024-10-09 17:21:31.6700000,0,0,20622,2026-09-12 11:06:37.0330000,47.568190,10.720850
110240,"Reparticion",2386,175,"19K","19K1H1S1Q",1,2026-09-12 11:07:26.9700000,1049,0,0,2026-09-12 11:07:26.9700000,-16.527220,-71.783610
110590,"Gloria",2386,175,"19K","19K1H1S1Q",1,2026-09-12 11:07:30.6530000,1059,0,0,2026-09-12 11:07:30.6530000,-16.499290,-71.818260
110621,"Los Medanos",2386,175,"19K","19K1H1S1Q",1,2026-09-12 11:07:34.3230000,1049,0,0,2026-09-12 11:07:34.3230000,-16.488580,-71.814210
110765,"Ramal",2386,175,"19K","19K1H1S1Q",1,2026-09-12 11:07:38.0670000,1049,0,0,2026-09-12 11:07:38.0670000,-16.475860,-71.818670
110969,"Santa Rosa",2386,175,"19K","19K1H1S1Q",1,2026-09-12 11:07:42.4130000,1049,0,0,2026-09-12 11:07:42.4130000,-16.458130,-71.836990
110976,"La Curva",2386,175,"19K","19K1H1S1Q",1,2026-09-12 11:07:45.1500000,1049,0,0,2026-09-12 11:07:45.1500000,-16.456680,-71.845100
111388,"Benita Lazo",2386,175,"19K","19K1H1S1Q",1,2026-09-12 11:07:48.3830000,1049,0,0,2026-09-12 11:07:48.3830000,-16.424740,-71.858340
2199059,"Pioners'ke",3435,230,"36T","36T1H6S2Q",2,2026-08-07 13:52:35.8000000,900,5611,0,2026-09-12 11:07:48.5900000,45.023950,35.346030
2200090,"Sonyachne",3435,230,"36T","36T1H6S2Q",2,2026-08-07 15:22:04.3830000,1200,5767,0,2026-09-12 11:07:57.1500000,45.047260,35.345380
2199143,"Vynohradne",3435,230,"36T","36T1H6S2Q",2,2026-08-07 13:52:05.7100000,900,5607,0,2026-09-12 11:08:07.3500000,45.026620,35.317880
2200443,"Dal'nyaya Baybuga",3435,230,"36T","36T1H6S2Q",2,2026-08-07 10:15:47.6330000,300,8289,0,2026-09-12 11:08:15.6500000,45.050000,35.300000
2199988,"Nasypne",3435,230,"36T","36T1H6S2Q",2,2026-08-07 10:15:40.2000000,300,6979,0,2026-09-12 11:08:22.5030000,45.044060,35.287730
2198429,"Pidhirne",3435,230,"36T","36T1H6S2Q",2,2026-08-07 10:49:18.1270000,600,8669,0,2026-09-12 11:08:33.4230000,45.012800,35.277190
2149990,"Mas-de-Ponge",954,75,"31T","31T2H3S1Q",3,2019-10-26 15:44:03.7870000,0,0,740259,2026-09-12 11:08:40.6200000,43.866670,4.316670
2197683,"Yuzhne",3435,230,"36T","36T1H6S4Q",2,2026-08-07 10:49:39.9270000,900,8185,0,2026-09-12 11:08:40.8570000,44.998310,35.290120
2202366,"Vydne",3435,230,"36T","36T1H6S2Q",2,2026-08-07 10:03:03.6930000,600,6140,0,2026-09-12 11:08:52.4600000,45.093530,35.247310
2668225,"Stewarton",977,77,"30U","30U1H1S2Q",1,2021-05-20 06:14:00.6800000,699551,300,0,2026-09-12 11:08:59.4900000,55.666670,-4.500000
2667707,"Fenwick",977,77,"30U","30U1H1S2Q",1,2014-12-14 19:50:01.6800000,699489,300,0,2026-09-12 11:09:04.6530000,55.650000,-4.433330
2666009,"Bowhouse",977,77,"30U","30U1H1S2Q",1,2016-05-06 11:21:18.2230000,699300,300,0,2026-09-12 11:09:09.5070000,55.600000,-4.416670
2665460,"Galston",977,77,"30U","30U1H1S2Q",1,2023-09-25 18:47:37.8230000,599010,300,0,2026-09-12 11:09:22.2170000,55.583330,-4.383330
2666010,"Newmilns",977,77,"30U","30U1H1S2Q",1,2014-11-28 18:36:25.2370000,598860,300,0,2026-09-12 11:09:31.3570000,55.600000,-4.316670
2665461,"Darvel",977,77,"30U","30U1H1S2Q",1,2014-11-28 18:42:30.7770000,599324,300,0,2026-09-12 11:09:36.3700000,55.583330,-4.283330
2663204,"Muirkirk",977,77,"30U","30U1H1S2Q",1,2022-08-04 18:03:44.5900000,216750,300,0,2026-09-12 11:09:55.4000000,55.516670,-4.050000
2663763,"Glenbuck",977,77,"30U","30U1H2S1Q",1,2021-05-23 19:48:58.9600000,497767,300,0,2026-09-12 11:10:03.6230000,55.533330,-3.983330
2664344,"Douglas",977,77,"30U","30U1H2S1Q",1,2021-05-05 06:17:30.4900000,196754,300,0,2026-09-12 11:10:23.3500000,55.550000,-3.850000
2792572,"Kokkozenkkolka",2675,192,"36V","36V1H4S3Q",3,2016-08-25 22:19:24.2200000,0,0,378372,2026-09-12 11:10:44.5870000,60.216670,30.533330
2415121,"Kharkiv",3439,230,"37U","37U2H4S1Q",1,2013-07-01 22:01:36.8670000,4125640,0,300,2026-09-12 11:11:09.5030000,50.000000,36.250000
2415414,"Dal'nya Zhuravlivka",3439,230,"37U","37U2H1S3Q",1,2013-04-22 00:25:30.0400000,2177933,0,600,2026-09-12 11:11:16.1530000,50.012500,36.272140
2415399,"Shevchenky",3439,230,"37U","37U2H1S3Q",1,2013-12-13 18:36:43.9630000,2047013,0,299,2026-09-12 11:11:20.1300000,50.012090,36.312740
2415216,"Imennyy Kirova",3439,230,"37U","37U2H1S3Q",1,2013-04-23 07:06:43.5100000,1991969,0,300,2026-09-12 11:11:24.4970000,50.003130,36.320360
2414502,"Petrenkov",3439,230,"37U","37U2H4S1Q",1,2013-04-28 13:28:14.8570000,2011756,0,300,2026-09-12 11:11:28.6700000,49.985280,36.348890
2416007,"Saltivka",3439,230,"37U","37U2H1S3Q",1,2015-08-26 22:22:19.1400000,2028307,0,300,2026-09-12 11:11:33.8470000,50.019490,36.341270
2203610,"Seit-Eli",3435,230,"36T","36T1H6S2Q",2,2026-08-07 10:02:54.8500000,300,2211,0,2026-09-12 11:12:28.6470000,45.116670,35.233330
2204006,"Zhuravky",3435,230,"36T","36T1H6S2Q",2,2026-08-07 10:02:47.3400000,300,3360,0,2026-09-12 11:13:04.6070000,45.128460,35.217170
2427964,"Borisovka",3439,230,"37U","37U2H1S3Q",1,2013-12-15 14:09:28.3300000,1800034,0,0,2026-09-12 11:14:04.0900000,50.279420,36.559840
111415,"Medina",2386,175,"19K","19K1H1S1Q",1,2026-09-12 11:14:10.8570000,1049,0,0,2026-09-12 11:14:10.8570000,-16.418950,-71.870990
111398,"La Pascana",2386,175,"19K","19K1H1S1Q",1,2026-09-12 11:14:13.8600000,1049,0,0,2026-09-12 11:14:13.8600000,-16.423240,-71.873120
111367,"Millo",2386,175,"19K","19K1H1S1Q",1,2026-09-12 11:14:16.6270000,1049,0,0,2026-09-12 11:14:16.6270000,-16.428850,-71.875650
111165,"Socabon",2386,175,"19K","19K1H1S1Q",1,2026-09-12 11:14:19.9830000,1049,0,0,2026-09-12 11:14:19.9830000,-16.443050,-71.875040
2547746,"Wenden",708,57,"32U","32U1H5S4Q",3,2026-09-12 11:14:59.4800000,0,0,659,2026-09-12 11:14:59.4800000,52.633330,9.383330
2548251,"Lohe",708,57,"32U","32U1H5S4Q",3,2026-09-12 11:15:04.4770000,0,0,662,2026-09-12 11:15:04.4770000,52.642130,9.389360
2548869,"Steimbke",708,57,"32U","32U1H5S4Q",3,2026-09-12 11:15:08.1230000,0,0,652,2026-09-12 11:15:08.1230000,52.654830,9.390910
2548388,"Wendenborstel",708,57,"32U","32U1H5S4Q",3,2026-09-12 11:15:12.0530000,0,0,649,2026-09-12 11:15:12.0530000,52.647330,9.434850
2548210,"Stockse",708,57,"32U","32U1H5S4Q",3,2026-09-12 11:15:18.3500000,0,0,661,2026-09-12 11:15:18.3500000,52.640670,9.340270
2549913,"Sonnenborstel",708,57,"32U","32U1H5S4Q",3,2026-09-12 11:15:22.1530000,0,0,662,2026-09-12 11:15:22.1570000,52.679610,9.322760
2551359,"Lichtenmoor",708,57,"32U","32U1H5S4Q",3,2026-09-12 11:15:26.3300000,0,0,1795,2026-09-12 11:15:26.3300000,52.708530,9.302850
2219167,"Bagley",3557,233,"16T","16T1H5S1Q",3,2026-09-12 11:13:50.1430000,0,0,3632,2026-09-12 11:15:33.9130000,45.551360,-87.575680
2550893,"Heemsen",708,57,"32U","32U1H5S4Q",3,2026-09-12 11:15:34.1470000,0,0,661,2026-09-12 11:15:34.1470000,52.700000,9.266670
2549274,"Wolpe",708,57,"32U","32U1H5S4Q",3,2026-09-12 11:15:38.0200000,0,0,663,2026-09-12 11:15:38.0200000,52.666670,9.250000
2203098,"Menominee",3557,233,"16T","16T1H5S1Q",3,2026-09-12 11:17:07.2200000,0,0,1703,2026-09-12 11:17:07.2200000,45.107760,-87.614270
2517850,"Lutgenholzen",708,57,"32U","32U1H5S4Q",3,2026-09-12 11:17:23.5870000,0,0,1055,2026-09-12 11:17:23.5900000,52.005650,9.764270
2220268,"Carney",3557,233,"16T","16T1H5S1Q",3,2026-09-12 11:14:24.3470000,0,0,2272,2026-09-12 11:19:37.3500000,45.586640,-87.557340
12857,"Lane Cove",143,13,"56H","56H1H1S4Q",3,2017-03-30 21:10:59.4900000,0,0,1301120,2026-09-12 11:20:01.6230000,-33.816670,151.166670
2518037,"Godenau",708,57,"32U","32U1H5S4Q",3,2026-09-12 11:20:53.4400000,0,0,1065,2026-09-12 11:20:53.4400000,52.011990,9.790020
2284445,"Gyulatanya",1221,100,"34T","34T1H1S1Q",3,2026-09-12 11:22:56.7100000,0,0,1066,2026-09-12 11:22:56.7100000,47.283330,18.633330
2283408,"Nadap",1221,100,"34T","34T1H1S1Q",3,2026-09-12 11:23:01.6070000,0,0,804,2026-09-12 11:23:01.6070000,47.266670,18.616670
2281721,"Sukoro",1221,100,"34T","34T1H1S1Q",3,2026-09-12 11:23:07.6230000,0,0,791,2026-09-12 11:23:07.6230000,47.233330,18.616670
2280981,"Buhinpuszta",1221,100,"34T","34T1H1S1Q",3,2026-09-12 11:23:15.0470000,0,0,1037,2026-09-12 11:23:15.0470000,47.216670,18.650000
2517534,"Limmer",708,57,"32U","32U2H2S2Q",3,2026-09-12 11:23:18.3730000,0,0,1059,2026-09-12 11:23:18.3730000,52.000000,9.800000
2280605,"Gardony",1221,100,"34T","34T1H1S1Q",3,2026-09-12 11:23:32.6830000,0,771,1473,2026-09-12 11:23:32.6830000,47.209420,18.636070
2212386,"Ubet",3566,233,"15T","15T1H5S2Q",2,2020-11-16 13:22:45.4930000,2689,1038574,0,2026-09-12 11:23:44.3200000,45.353850,-92.529370
2416677,"Ryzhiy",3439,230,"37U","37U2H1S3Q",1,2013-04-23 15:41:49.8330000,2076871,0,2100,2026-09-12 11:23:54.8570000,50.033330,36.305000
2517859,"Eimsen",708,57,"32U","32U1H5S4Q",3,2026-09-12 11:23:55.7070000,0,0,1065,2026-09-12 11:23:55.7070000,52.005860,9.816110
2416888,"Shyshkivka",3439,230,"37U","37U2H1S3Q",1,2013-04-23 15:44:47.8330000,2074125,0,300,2026-09-12 11:24:01.0800000,50.040550,36.305680
2516351,"Rollinghausen",708,57,"32U","32U2H2S2Q",3,2026-09-12 11:25:56.3200000,0,0,1065,2026-09-12 11:25:56.3200000,51.971850,9.837960
2537119,"Seelze",708,57,"32U","32U1H5S4Q",3,2026-09-12 11:28:27.8600000,0,0,878,2026-09-12 11:28:27.8600000,52.400000,9.600000
2535138,"Lenthe",708,57,"32U","32U1H5S4Q",2,2026-01-12 00:35:27.8270000,0,11985,0,2026-09-12 11:29:39.3970000,52.356420,9.614240
2535903,"Doteberg",708,57,"32U","32U1H5S4Q",3,2026-09-12 11:30:41.4700000,0,0,1010,2026-09-12 11:30:41.4700000,52.372460,9.591580
2537881,"Havelse",708,57,"32U","32U1H5S4Q",3,2026-09-12 11:32:23.1430000,0,0,600,2026-09-12 11:32:23.1430000,52.416670,9.600000
2538655,"Meyenfeld",708,57,"32U","32U1H5S4Q",3,2026-09-12 11:35:55.2070000,0,300,1043,2026-09-12 11:35:55.2070000,52.433330,9.566670
2540200,"Strand",708,57,"32U","32U1H5S4Q",3,2026-09-12 11:36:30.7770000,0,503,3089,2026-09-12 11:36:30.7770000,52.466670,9.383330
12570,"Stanmore",143,13,"56H","56H1H1S4Q",3,2017-05-16 05:14:35.5370000,0,0,1500154,2026-09-12 11:38:07.6870000,-33.894070,151.164240
2497053,"North West London",979,77,"30U","30U2H3S2Q",3,2014-03-19 13:30:18.5970000,0,0,1013945,2026-09-12 11:38:54.6000000,51.558500,-0.238270
2304351,"Schaffhausen",512,43,"32T","32T1H2S1Q",3,2026-06-10 19:51:39.6200000,0,0,709486,2026-09-12 11:39:14.3630000,47.700000,8.633330
2517046,"Alfeld",708,57,"32U","32U2H2S2Q",3,2026-09-12 11:40:00.8700000,0,0,1065,2026-09-12 11:40:00.8700000,51.983820,9.819890
2059510,"Trastevere",1377,110,"33T","33T2H4S1Q",3,2015-09-14 06:46:25.3700000,0,0,4026398,2026-09-12 11:42:03.4670000,41.883330,12.466670
2058823,"Garbatella",1377,110,"33T","33T2H4S1Q",3,2015-09-13 23:40:39.1000000,0,0,3001948,2026-09-12 11:42:07.7300000,41.866670,12.483330
2058942,"Testaccio",1377,110,"33T","33T2H4S1Q",3,2015-09-11 08:34:26.4530000,0,0,3001821,2026-09-12 11:42:16.3770000,41.868120,12.481630
2059008,"Ostiense",1377,110,"33T","33T2H4S1Q",3,2019-06-01 20:11:20.7930000,0,0,3003374,2026-09-12 11:42:19.6570000,41.870710,12.481410
2059316,"Ripa",1377,110,"33T","33T2H4S1Q",3,2015-09-26 19:57:27.6870000,0,0,2777211,2026-09-12 11:42:23.0170000,41.880630,12.481560
2059511,"San Paolo",1377,110,"33T","33T2H4S1Q",3,2019-06-01 21:06:21.9970000,0,0,2905595,2026-09-12 11:42:26.2730000,41.883330,12.483330
2059695,"Celio",1377,110,"33T","33T2H4S1Q",3,2015-11-17 06:43:17.6930000,0,0,4039348,2026-09-12 11:42:30.1200000,41.886370,12.499010
2059958,"Monti",1377,110,"33T","33T2H4S1Q",3,2016-02-05 10:56:10.2800000,0,0,3006588,2026-09-12 11:42:33.8870000,41.895470,12.499390
2521217,"Eitzum",708,57,"32U","32U1H5S4Q",3,2026-09-12 11:43:27.2770000,0,0,1066,2026-09-12 11:43:27.2770000,52.079140,9.846930
2527939,"Vardegotzen",708,57,"32U","32U1H5S4Q",0,2026-09-12 11:43:40.5300000,0,0,0,2026-09-12 11:43:40.5300000,52.215290,9.763760
2280180,"Agardi Villatelep",1221,100,"34T","34T1H1S1Q",3,2026-09-12 11:44:59.8930000,0,838,1001,2026-09-12 11:44:59.8930000,47.200000,18.633330
2276893,"Szelestanya",1221,100,"34T","34T1H1S1Q",3,2026-09-12 11:45:15.1030000,517,777,866,2026-09-12 11:45:15.1030000,47.116670,18.750000
2286112,"Darvastelep",1221,100,"34T","34T1H1S1Q",3,2026-09-12 11:45:47.1100000,0,762,3820,2026-09-12 11:45:54.0870000,47.316670,18.566670
2550677,"Gory",2453,180,"34U","34U1H4S3Q",3,2026-09-12 11:45:57.9400000,0,0,1200,2026-09-12 11:45:57.9400000,52.695240,18.139230
12637,"Lilyfield",143,13,"56H","56H1H1S4Q",3,2017-03-10 05:29:58.5800000,0,0,1260565,2026-09-12 11:46:38.5100000,-33.876110,151.165560
2416943,"Velika Danilovka",3439,230,"37U","37U2H1S3Q",1,2013-04-28 13:36:07.9730000,2040354,0,300,2026-09-12 11:47:54.0430000,50.043190,36.335030
2416990,"Pivnichna Saltivka",3439,230,"37U","37U2H1S3Q",1,2015-08-27 11:38:04.7600000,2050413,0,300,2026-09-12 11:48:00.8600000,50.045120,36.359050
2417078,"Bobrivka",3439,230,"37U","37U2H1S3Q",1,2013-04-26 22:10:21.2400000,1992724,0,300,2026-09-12 11:48:04.7500000,50.049430,36.395280
2417001,"Bayrak",3439,230,"37U","37U2H1S3Q",1,2013-05-01 15:01:47.3930000,1118345,0,300,2026-09-12 11:48:08.7530000,50.045760,36.437160
2416145,"Prelesne",3439,230,"37U","37U2H1S3Q",1,2013-05-01 15:03:58.4030000,1045598,0,299,2026-09-12 11:48:12.3430000,50.025720,36.456470
2416021,"Frunze",3439,230,"37U","37U2H1S3Q",1,2013-04-26 23:29:29.5200000,1042807,0,299,2026-09-12 11:48:16.4770000,50.019940,36.447970
2414737,"Brazhniki",3439,230,"37U","37U2H4S1Q",1,2013-04-26 23:30:53.3500000,1059360,0,300,2026-09-12 11:48:20.4200000,49.995000,36.453330
2413957,"Artamonov",3439,230,"37U","37U2H4S1Q",1,2013-04-29 08:33:44.9930000,1093458,0,300,2026-09-12 11:48:29.7800000,49.981110,36.450000
1738859,"Dawson",3546,233,"15S","15S1H4S3Q",3,2013-12-01 23:20:28.6470000,0,0,4769476,2026-09-12 11:55:56.8800000,36.179820,-95.908600
12509,"Bankstown",143,13,"56H","56H1H1S4Q",3,2017-06-10 03:11:03.3200000,0,1334,1001801,2026-09-12 11:56:07.4930000,-33.916670,151.033330
12803,"Gladesville",143,13,"56H","56H1H1S4Q",3,2017-03-11 05:27:45.6900000,0,300,1175460,2026-09-12 11:56:25.5200000,-33.833330,151.133330
110994,"Gonzalez",2386,175,"19K","19K1H1S1Q",1,2026-09-12 11:57:13.7100000,1049,0,0,2026-09-12 11:57:13.7100000,-16.452400,-71.875860
110979,"Telaya",2386,175,"19K","19K1H1S1Q",1,2026-09-12 11:57:16.2600000,1049,0,0,2026-09-12 11:57:16.2600000,-16.455640,-71.875520
110968,"Pie de La Cuesta",2386,175,"19K","19K1H1S1Q",1,2026-09-12 11:57:18.7970000,1049,0,0,2026-09-12 11:57:18.7970000,-16.458610,-71.876520
110951,"El Tambo",2386,175,"19K","19K1H1S1Q",1,2026-09-12 11:57:21.9470000,1049,0,0,2026-09-12 11:57:21.9470000,-16.462990,-71.881110
111001,"La Quebrada",2386,175,"19K","19K1H1S1Q",1,2026-09-12 11:57:24.9530000,1049,0,0,2026-09-12 11:57:24.9530000,-16.450530,-71.888390
110967,"La Ibanez",2386,175,"19K","19K1H1S1Q",1,2026-09-12 11:57:29.3030000,1049,0,0,2026-09-12 11:57:29.3030000,-16.458740,-71.893630
110962,"El Chanal",2386,175,"19K","19K1H1S1Q",1,2026-09-12 11:57:32.0230000,1049,0,0,2026-09-12 11:57:32.0230000,-16.459480,-71.901600
110784,"La Chalco",2386,175,"19K","19K1H1S1Q",1,2026-09-12 11:57:35.6230000,1049,0,0,2026-09-12 11:57:35.6230000,-16.471110,-71.890280
2498016,"The Hyde",979,77,"30U","30U2H3S2Q",3,2014-02-02 04:53:56.1200000,0,0,1012934,2026-09-12 11:57:44.0700000,51.583330,-0.250000
2284479,"Pilis",1217,100,"34T","34T1H1S2Q",1,2017-05-21 07:30:31.7300000,281509,0,0,2026-09-12 11:58:02.9470000,47.283330,19.550000
110776,"San Luis",2386,175,"19K","19K1H1S1Q",1,2026-09-12 11:58:05.8030000,1049,0,0,2026-09-12 11:58:05.8030000,-16.472760,-71.900720
2291332,"Zuerich (Kreis 11) / Affoltern",503,43,"32T","32T1H2S1Q",3,2024-06-28 19:32:40.5370000,0,0,7473264,2026-09-12 11:59:38.2170000,47.418140,8.512200
1690490,"Cogar",3546,233,"14S","14S2H2S2Q",3,2026-09-12 12:00:57.4000000,0,0,1034,2026-09-12 12:00:57.4000000,35.333950,-98.130610
1692659,"Scott",3546,233,"14S","14S2H2S2Q",3,2026-09-12 12:01:08.5230000,0,300,1026,2026-09-12 12:01:08.5230000,35.376720,-98.236440
1820578,"Hideaway Cove",3585,233,"18S","18S1H5S1Q",1,2026-09-12 12:02:35.1630000,1134,0,0,2026-09-12 12:02:35.1630000,37.484580,-75.942710
1820620,"Silver Beach",3585,233,"18S","18S1H5S1Q",1,2026-09-12 12:02:40.6930000,1134,0,0,2026-09-12 12:02:40.6970000,37.485410,-75.960490
1821583,"Peaceful Beach",3585,233,"18S","18S1H5S1Q",1,2026-09-12 12:02:48.5970000,1136,0,0,2026-09-12 12:02:48.5970000,37.503470,-75.954380
1821958,"Peaceful Shores",3585,233,"18S","18S1H5S1Q",1,2026-09-12 12:02:54.6200000,1149,0,0,2026-09-12 12:02:54.6200000,37.511240,-75.949100
1821840,"Stewarts Landing",3585,233,"18S","18S1H5S1Q",1,2026-09-12 12:03:01.2300000,1094,0,0,2026-09-12 12:03:01.2300000,37.508740,-75.904100
1820176,"Franktown",3585,233,"18S","18S1H5S1Q",1,2026-09-12 12:03:16.2600000,1148,0,0,2026-09-12 12:03:16.2600000,37.478750,-75.878820
1819983,"Nassawadox",3585,233,"18S","18S1H5S1Q",1,2026-09-12 12:03:28.4770000,1785,0,0,2026-09-12 12:03:28.4770000,37.474860,-75.858260
1820042,"Woodstock",3585,233,"18S","18S1H5S1Q",1,2026-09-12 12:03:35.6000000,1776,0,0,2026-09-12 12:03:35.6000000,37.476250,-75.847430
1820550,"Middletown",3585,233,"18S","18S1H5S1Q",1,2026-09-12 12:03:50.9800000,1755,0,0,2026-09-12 12:03:50.9800000,37.484020,-75.867430
12754,"Woolwich",143,13,"56H","56H1H1S4Q",3,2017-03-30 21:10:47.2870000,0,0,1059218,2026-09-12 12:05:44.2870000,-33.840190,151.169390
2286114,"Vilhelmtanya",1221,100,"34T","34T1H1S1Q",3,2026-09-12 12:06:56.8000000,517,785,1258,2026-09-12 12:06:56.8000000,47.316670,18.616670
2286976,"Felsomajor",1221,100,"34T","34T1H1S1Q",3,2026-09-12 12:07:09.1370000,0,603,1972,2026-09-12 12:07:09.1370000,47.333330,18.616670
2414396,"Lenina",3439,230,"37U","37U2H4S1Q",1,2013-04-29 08:35:34.8800000,1050613,0,300,2026-09-12 12:08:34.2200000,49.983330,36.478060
2413692,"Usy",3439,230,"37U","37U2H4S1Q",1,2013-04-29 09:25:15.2600000,1059334,0,300,2026-09-12 12:08:38.4130000,49.971110,36.494170
2413120,"Stepanki",3439,230,"37U","37U2H4S1Q",1,2013-04-29 09:24:32.4900000,1032076,0,300,2026-09-12 12:08:41.9600000,49.964170,36.509170
2412414,"Nazartsev",3439,230,"37U","37U2H4S1Q",1,2013-04-29 08:55:05.1900000,1005106,0,300,2026-09-12 12:08:45.6230000,49.949440,36.495280
2412109,"Rohan'",3439,230,"37U","37U2H4S1Q",1,2013-04-29 08:53:14.3430000,1034192,0,300,2026-09-12 12:08:49.6970000,49.936670,36.490830
2410800,"Rogan'",3439,230,"37U","37U2H4S1Q",1,2013-04-29 08:42:21.1370000,1016214,0,942,2026-09-12 12:08:54.4700000,49.912500,36.501670
1695619,"Niles",3546,233,"14S","14S2H2S2Q",3,2026-09-12 12:08:54.6130000,0,0,1795,2026-09-12 12:08:54.6130000,35.434500,-98.254780
2410582,"Veselyy Poselok",3439,230,"37U","37U2H4S1Q",1,2013-04-29 08:39:24.3500000,1027708,0,999,2026-09-12 12:09:02.1970000,49.903330,36.485830
1697446,"Hinton",3546,233,"14S","14S2H2S2Q",3,2026-09-12 12:09:09.1870000,0,600,852,2026-09-12 12:09:09.1870000,35.471440,-98.355620
2060438,"Trevi",1377,110,"33T","33T2H4S1Q",3,2018-11-17 17:42:41.7300000,0,0,2621055,2026-09-12 12:13:04.5670000,41.904640,12.491760
2060500,"Via Veneto",1377,110,"33T","33T2H4S1Q",3,2016-03-09 20:43:57.8130000,0,0,2588913,2026-09-12 12:13:10.0430000,41.906570,12.490170
2060542,"Ludovisi",1377,110,"33T","33T2H4S1Q",3,2016-03-10 06:23:40.6730000,0,0,2603678,2026-09-12 12:13:12.8500000,41.907800,12.491030
2060548,"Colonna",1377,110,"33T","33T2H4S1Q",3,2015-09-17 14:39:09.5800000,0,0,2608708,2026-09-12 12:13:16.9230000,41.908030,12.488540
2060578,"Sallustiano",1377,110,"33T","33T2H4S1Q",3,2015-09-26 18:48:40.5530000,0,0,2563405,2026-09-12 12:13:20.2470000,41.909220,12.497250
2060511,"Castro Pretorio",1377,110,"33T","33T2H4S1Q",3,2015-11-17 06:42:54.1900000,0,0,15747228,2026-09-12 12:13:23.3430000,41.906880,12.503810
2060904,"Nomentano",1377,110,"33T","33T2H4S1Q",3,2015-10-01 11:38:30.2330000,0,0,3613696,2026-09-12 12:13:26.3530000,41.916670,12.500000
2061280,"Parioli",1377,110,"33T","33T2H4S1Q",3,2017-03-11 11:52:17.5470000,0,0,2666694,2026-09-12 12:13:30.1230000,41.925700,12.487700
2473284,"Moors Kamp",256,20,"31U","31U2H3S2Q",2,2026-09-12 12:15:16.2930000,0,708,0,2026-09-12 12:15:16.2930000,51.100000,5.783330
2472270,"Kokkelert",2271,167,"31U","31U2H3S2Q",2,2026-09-12 12:15:24.9300000,0,694,0,2026-09-12 12:15:24.9300000,51.083330,5.805560
2472055,"Oud-Roosteren",2271,167,"31U","31U2H3S2Q",2,2026-09-12 12:15:28.6730000,0,690,0,2026-09-12 12:15:28.6730000,51.080000,5.830560
2471962,"Dieteren",2271,167,"31U","31U2H3S2Q",2,2026-09-12 12:15:33.6600000,0,690,0,2026-09-12 12:15:33.6600000,51.076670,5.845830
2472963,"Wurfeld",256,20,"31U","31U2H3S2Q",2,2026-09-12 12:15:41.2570000,0,785,0,2026-09-12 12:15:41.2570000,51.092500,5.761240
2472268,"Zand",256,20,"31U","31U2H3S2Q",2,2026-09-12 12:15:46.1230000,88,1229,0,2026-09-12 12:15:46.1230000,51.083330,5.766670
2472033,"Heppenert",256,20,"31U","31U2H3S2Q",2,2026-09-12 12:15:51.9170000,0,701,0,2026-09-12 12:15:51.9170000,51.079020,5.795080
2472267,"Oude Hei",256,20,"31U","31U2H3S2Q",2,2026-09-12 12:15:58.7830000,0,864,0,2026-09-12 12:15:58.7830000,51.083330,5.750000
2472266,"De Staart",256,20,"31U","31U2H3S2Q",2,2026-09-12 12:16:04.9930000,0,720,0,2026-09-12 12:16:04.9930000,51.083330,5.733330
2280708,"Gelfingen",517,43,"32T","32T1H2S1Q",3,2026-03-29 16:26:06.8270000,0,0,1712552,2026-09-12 12:17:43.9070000,47.214470,8.265370
2286845,"Seengen",528,43,"32T","32T1H2S1Q",3,2024-09-24 04:55:31.2130000,0,0,3424362,2026-09-12 12:24:53.1200000,47.333330,8.216670
2495731,"Willesden",979,77,"30U","30U2H3S2Q",3,2014-11-13 21:18:27.0070000,0,0,1018111,2026-09-12 12:27:09.5070000,51.533330,-0.233330
2288549,"Vertesacsa",1221,100,"34T","34T1H1S1Q",3,2026-09-12 12:28:11.1770000,0,298,2491,2026-09-12 12:28:17.2570000,47.366670,18.583330
2290301,"Felszermajor",1221,100,"34T","34T1H1S1Q",3,2026-09-12 12:28:26.5400000,0,543,1312,2026-09-12 12:28:26.5400000,47.400000,18.550000
2291891,"Vertesboglar",1221,100,"34T","34T1H1S1Q",3,2026-09-12 12:28:36.7700000,0,28,1541,2026-09-12 12:28:36.7700000,47.433330,18.533330
2294248,"Richardmajor",1221,100,"34T","34T1H1S1Q",3,2026-09-12 12:29:12.6570000,0,0,2104,2026-09-12 12:29:12.6570000,47.483330,18.700000
2290585,"Zuerich (Kreis 12)",503,43,"32T","32T1H2S1Q",1,2016-06-20 20:29:16.9170000,1000772,0,0,2026-09-12 12:31:10.8930000,47.403720,8.576080
2410562,"Kommunist",3439,230,"37U","37U2H4S1Q",1,2013-12-14 13:28:28.8300000,1116494,0,300,2026-09-12 12:31:47.8730000,49.902500,36.426110
2410581,"Lyalyuki",3439,230,"37U","37U2H4S1Q",1,2013-12-14 08:01:01.1730000,1994665,0,1716,2026-09-12 12:31:58.1170000,49.903330,36.367500
2410749,"Ponomarenki",3439,230,"37U","37U2H4S1Q",1,2013-04-28 11:46:47.1300000,1996003,0,600,2026-09-12 12:32:04.3800000,49.910000,36.349720
2411362,"Logachevka",3439,230,"37U","37U2H4S1Q",1,2013-04-28 16:01:15.3930000,1994383,0,300,2026-09-12 12:32:08.8730000,49.920560,36.358610
2411572,"Fedortsy",3439,230,"37U","37U2H4S1Q",1,2013-04-28 17:53:02.6070000,2002035,0,300,2026-09-12 12:32:19.6100000,49.929720,36.317780
1599042,"Broadacres Homes",3539,233,"17S","17S2H4S1Q",1,2022-05-10 03:03:55.2730000,1129691,0,0,2026-09-12 12:32:36.8430000,33.953450,-83.396270
1825373,"Eberly",3567,233,"10S","10S1H6S1Q",3,2013-09-14 19:26:24.6930000,0,0,1242630,2026-09-12 12:33:08.3170000,37.572440,-121.993290
1393238,"Creedmoor",3549,233,"14R","14R1H3S3Q",3,2026-09-12 12:36:04.2930000,0,0,1489,2026-09-12 12:36:04.2930000,30.089940,-97.733890
2061654,"Tor di Quinto",1377,110,"33T","33T2H4S1Q",3,2015-11-05 07:11:00.3430000,0,0,2497262,2026-09-12 12:38:34.1300000,41.933330,12.466670
2061653,"Sant'Onofrio",1377,110,"33T","33T2H4S1Q",3,2015-10-09 07:40:40.7530000,0,0,2635656,2026-09-12 12:38:37.9670000,41.933330,12.433330
2061167,"Trionfale",1377,110,"33T","33T2H4S1Q",3,2016-02-05 06:49:56.7700000,0,0,2745843,2026-09-12 12:38:41.1500000,41.921310,12.441500
2296204,"Villigen",528,43,"32T","32T1H2S1Q",3,2025-02-19 06:26:09.9770000,0,0,4032517,2026-09-12 12:39:45.3630000,47.526820,8.214860
2689100,"Strathmiglo",977,77,"30V","30V2H5S3Q",3,2025-07-24 15:42:36.8900000,0,0,377403,2026-09-12 12:44:22.7230000,56.266670,-3.266670
1986408,"Russell",3563,233,"17T","17T2H4S4Q",1,2024-12-21 01:43:20.7700000,692275,0,0,2026-09-12 12:45:40.8870000,40.516170,-82.835460
2293499,"Malehegy",1221,100,"34T","34T1H1S1Q",3,2026-09-12 12:50:03.7600000,0,1039,1750,2026-09-12 12:50:03.7600000,47.466670,18.683330
2297378,"Esztermajor",1221,100,"34T","34T1H1S1Q",3,2026-09-12 12:50:23.3300000,42,0,789,2026-09-12 12:50:23.3300000,47.550000,18.616670
2297377,"Vasztely",1221,100,"34T","34T1H1S1Q",3,2026-09-12 12:50:28.8470000,0,334,1152,2026-09-12 12:50:28.8470000,47.550000,18.600000
2296600,"Csordakut",1221,100,"34T","34T1H1S1Q",3,2026-09-12 12:50:34.2400000,0,548,897,2026-09-12 12:50:34.2400000,47.533330,18.583330
2297376,"Cekustanya",1221,100,"34T","34T1H1S1Q",3,2026-09-12 12:50:39.7470000,2,0,802,2026-09-12 12:50:39.7470000,47.550000,18.583330
2297375,"Tukrospuszta",1221,100,"34T","34T1H1S1Q",3,2026-09-12 12:50:50.3970000,0,213,2192,2026-09-12 12:50:50.3970000,47.550000,18.566670
2402794,"Plzen",697,56,"33U","33U2H4S2Q",3,2026-08-12 13:03:50.7630000,0,24000,1159607,2026-09-12 12:51:06.9000000,49.747470,13.377590
2411353,"Molchany",3439,230,"37U","37U2H4S1Q",1,2013-04-25 10:31:44.8300000,1994893,0,299,2026-09-12 12:56:02.5270000,49.920280,36.302780
2549282,"Luttern",708,57,"32U","32U1H6S3Q",3,2026-09-12 12:56:02.6800000,0,0,1052,2026-09-12 12:56:02.6800000,52.666670,10.316670
1701568,"Bridgeport",3546,233,"14S","14S2H2S2Q",3,2026-09-12 12:56:03.5730000,0,0,765,2026-09-12 12:56:03.5730000,35.546440,-98.384510
2410808,"Kotlyary",3439,230,"37U","37U2H4S1Q",1,2013-07-03 13:36:50.3430000,1990428,0,300,2026-09-12 12:56:07.5770000,49.912780,36.273890
2411984,"Osnova",3439,230,"37U","37U2H4S1Q",1,2013-04-23 08:31:46.1400000,1996377,0,300,2026-09-12 12:56:11.8330000,49.933330,36.266670
2410448,"Zhikhar'",3439,230,"37U","37U2H4S1Q",1,2013-04-25 18:53:37.5870000,1125356,0,300,2026-09-12 12:56:15.5130000,49.900000,36.216670
2409749,"Babai",3439,230,"37U","37U2H4S1Q",1,2010-01-01 00:00:00.0000000,1125331,0,299,2026-09-12 12:56:20.1600000,49.884720,36.202780
2569389,"Onecote",979,77,"30U","30U1H6S1Q",2,2024-10-08 09:42:30.5300000,0,1000680,0,2026-09-12 12:56:20.6600000,53.083330,-1.933330
2548544,"Jarnsen",708,57,"32U","32U1H6S3Q",3,2026-09-12 12:56:21.1130000,0,0,1052,2026-09-12 12:56:21.1130000,52.650000,10.300000
1701706,"Hydro",3546,233,"14S","14S2H2S2Q",3,2026-09-12 12:56:22.1000000,0,0,678,2026-09-12 12:56:22.1000000,35.549500,-98.578130
2550899,"Am Aschenberg",708,57,"32U","32U1H6S3Q",3,2026-09-12 12:56:26.1800000,0,0,1052,2026-09-12 12:56:26.1800000,52.700000,10.266670
2410864,"Pokotylivka",3439,230,"37U","37U2H4S1Q",1,2013-04-24 08:10:48.9330000,2004316,0,600,2026-09-12 12:56:29.1930000,49.915280,36.177220
2551363,"Habighorst",708,57,"32U","32U1H6S3Q",3,2026-09-12 12:56:29.8370000,0,0,1052,2026-09-12 12:56:29.8400000,52.708640,10.227410
2550898,"Habighorster Hohe",708,57,"32U","32U1H6S3Q",3,2026-09-12 12:56:32.5370000,0,0,1052,2026-09-12 12:56:32.5370000,52.700000,10.233330
2412754,"Lipovaya Rosheha",3439,230,"37U","37U2H4S1Q",1,2013-04-22 07:49:37.1370000,2003807,0,300,2026-09-12 12:56:33.0200000,49.950000,36.166670
1702834,"Dead Women Crossing",3546,233,"14S","14S2H2S2Q",3,2026-09-12 12:56:36.1230000,0,0,1014,2026-09-12 12:56:36.1230000,35.567830,-98.650910
2550113,"Hofer",708,57,"32U","32U1H6S3Q",3,2026-09-12 12:56:36.7900000,0,0,1053,2026-09-12 12:56:36.7900000,52.683330,10.250000
2689672,"Auchtermuchty",977,77,"30V","30V2H5S3Q",3,2025-06-10 20:45:43.3770000,0,0,899963,2026-09-12 12:56:39.6300000,56.283330,-3.216670
2548543,"Beedenbostel",708,57,"32U","32U1H6S3Q",3,2026-09-12 12:56:39.6730000,0,0,1052,2026-09-12 12:56:39.6730000,52.650000,10.250000
1700341,"Weatherford",3546,233,"14S","14S2H2S2Q",3,2026-09-12 12:56:40.8600000,0,22,1042,2026-09-12 12:56:40.8600000,35.526160,-98.707570
2547028,"Lachendorf",708,57,"32U","32U1H6S3Q",3,2026-09-12 12:56:42.6070000,0,0,1052,2026-09-12 12:56:42.6070000,52.616670,10.250000
2548541,"Alvern",708,57,"32U","32U1H6S3Q",3,2026-09-12 12:56:46.3530000,0,0,1052,2026-09-12 12:56:46.3530000,52.650000,10.200000
1692712,"Corn",3546,233,"14S","14S2H2S2Q",3,2026-09-12 12:56:48.1630000,0,93,811,2026-09-12 12:56:48.1630000,35.378110,-98.782020
1691102,"Colony",3546,233,"14S","14S2H2S2Q",2,2026-09-12 06:41:28.9330000,0,1427,1192,2026-09-12 12:56:53.7030000,35.348670,-98.676740
1683492,"Wildorado",3549,233,"13S","13S2H3S2Q",1,2021-10-24 04:36:48.9800000,499636,0,0,2026-09-12 12:58:02.5430000,35.209500,-102.200480
1682483,"Bushland",3549,233,"13S","13S2H3S2Q",1,2021-10-09 01:35:23.2870000,1032098,0,0,2026-09-12 12:58:14.5000000,35.192000,-102.064640
2688525,"Falkland",977,77,"30V","30V2H5S3Q",3,2025-06-09 06:36:04.3870000,0,0,790424,2026-09-12 13:01:59.1970000,56.250000,-3.200000
2059955,"Aurelio",1377,110,"33T","33T2H4S1Q",3,2015-11-15 21:50:17.1000000,0,0,4008558,2026-09-12 13:03:21.3470000,41.895380,12.413520
2057595,"Magliana",1377,110,"33T","33T2H4S1Q",3,2015-09-11 02:56:53.8000000,0,0,3002319,2026-09-12 13:03:28.0500000,41.834640,12.421670
2058150,"Casale Pisana",1377,110,"33T","33T2H4S1Q",3,2016-03-25 00:35:49.1230000,0,0,2933208,2026-09-12 13:03:32.2470000,41.850000,12.383330
2059508,"Gallessina",1377,110,"33T","33T2H4S1Q",3,2016-05-10 06:30:24.7700000,0,0,1570031,2026-09-12 13:03:36.5070000,41.883330,12.366670
2593189,"Clogherstown",1260,102,"29U","29U1H6S2Q",3,,0,0,1033900,2026-09-12 13:06:08.6300000,53.592500,-6.363330
1107595,"Qianzhen",3390,228,"51Q","51Q1H1S3Q",2,2026-05-27 14:51:24.3630000,0,943782,0,2026-09-12 13:10:52.6730000,22.585070,120.317540
2665231,"Maloye Vidnoye",2671,192,"37U","37U1H1S2Q",3,2026-09-12 13:11:08.9600000,0,0,695,2026-09-12 13:11:08.9600000,55.570000,37.730000
2665368,"Blizhniye Prudishchi",2671,192,"37U","37U1H1S2Q",3,2026-09-12 13:11:19.3070000,0,0,1295,2026-09-12 13:11:19.3070000,55.578430,37.699620
2663649,"Karakashevo",2671,192,"37U","37U1H1S2Q",3,2026-09-12 13:11:34.6170000,0,0,674,2026-09-12 13:11:34.6170000,55.526670,37.443890
2298138,"Kossuthvolgy",1221,100,"34T","34T1H1S1Q",3,2026-09-12 13:13:00.2700000,0,647,873,2026-09-12 13:13:00.2700000,47.566670,18.600000
2298136,"Mehestanya",1221,100,"34T","34T1H1S1Q",3,2026-09-12 13:13:05.9770000,0,373,856,2026-09-12 13:13:05.9770000,47.566670,18.583330
2298939,"Jancsarmajor",1219,100,"34T","34T1H1S1Q",3,2026-09-12 13:13:11.1900000,0,0,524,2026-09-12 13:13:11.1900000,47.583330,18.600000
2298938,"Tarjani Tanya",1219,100,"34T","34T1H1S1Q",3,2026-09-12 13:13:17.1670000,0,517,3696,2026-09-12 13:13:19.8470000,47.583330,18.566670
2296601,"Many",1221,100,"34T","34T1H1S1Q",3,2026-09-12 13:14:06.8870000,0,571,780,2026-09-12 13:14:06.8870000,47.533330,18.666670
2219362,"Saint-Eustache",459,38,"18T","18T1H6S1Q",1,2026-06-04 12:38:55.1000000,350944,0,0,2026-09-12 13:14:23.2930000,45.565000,-73.905540
2294992,"Galagonyas",1221,100,"34T","34T1H1S1Q",2,2026-05-23 14:07:39.0270000,0,50841,1551,2026-09-12 13:14:43.0730000,47.500000,18.650000
2149086,"Bramwell",3573,233,"11T","11T2H2S2Q",3,2026-08-05 14:32:23.4030000,0,0,10926,2026-09-12 13:15:30.4370000,43.838220,-116.582920
2495610,"Kensal Green",979,77,"30U","30U2H3S2Q",3,2014-04-19 04:19:46.6200000,0,0,1017722,2026-09-12 13:15:38.3100000,51.529520,-0.242300
110790,"Valencia Chico",2386,175,"19K","19K1H1S1Q",1,2026-09-12 13:16:38.5730000,1063,0,0,2026-09-12 13:16:38.5730000,-16.469680,-71.908570
110982,"La Caleta",2386,175,"19K","19K1H1S1Q",1,2026-09-12 13:16:42.5700000,1206,0,0,2026-09-12 13:16:42.5700000,-16.455250,-71.913310
110984,"La Buena Suerte",2386,175,"19K","19K1H1S1Q",1,2026-09-12 13:16:45.2030000,1206,0,0,2026-09-12 13:16:45.2030000,-16.454210,-71.917730
110793,"Sotillo",2386,175,"19K","19K1H1S1Q",1,2026-09-12 13:16:48.8230000,1206,0,0,2026-09-12 13:16:48.8270000,-16.469150,-71.922280
110949,"Pueblo Nuevo",2386,175,"19K","19K1H1S1Q",1,2026-09-12 13:16:51.0470000,1206,0,0,2026-09-12 13:16:51.0470000,-16.463330,-71.931940
110947,"Vitor",2386,175,"19K","19K1H1S1Q",1,2026-09-12 13:16:53.5800000,1206,0,0,2026-09-12 13:16:53.5800000,-16.464680,-71.934830
110756,"La Castillo",2386,175,"19K","19K1H1S1Q",1,2026-09-12 13:16:56.2100000,1206,0,0,2026-09-12 13:16:56.2100000,-16.479800,-71.930460
110772,"Pueblo Viejo",2386,175,"19K","19K1H1S1Q",1,2026-09-12 13:17:00.0300000,1206,0,0,2026-09-12 13:17:00.0300000,-16.474400,-71.945960
110760,"La Lloza",2386,175,"19K","19K1H1S1Q",1,2026-09-12 13:17:13.1270000,1206,0,0,2026-09-12 13:17:13.1270000,-16.477750,-71.944420
1961563,"Olney",3584,233,"18T","18T2H5S3Q",3,2023-05-26 01:48:11.6400000,0,0,170327,2026-09-12 13:19:02.6600000,40.041220,-75.123790
1985242,"Masonville",3568,233,"13T","13T2H5S3Q",2,2021-12-08 02:25:26.5430000,0,512424,0,2026-09-12 13:20:34.6970000,40.487480,-105.210820
1985493,"Trilby Corner",3568,233,"13T","13T2H5S3Q",2,2021-12-30 08:08:17.2200000,0,788893,0,2026-09-12 13:22:39.1830000,40.494700,-105.077480
2472921,"Neeroeteren",256,20,"31U","31U2H3S2Q",2,2026-09-12 13:24:08.8900000,0,702,0,2026-09-12 13:24:08.8900000,51.090910,5.708440
1380233,"Staples",3549,233,"14R","14R1H6S1Q",2,2026-09-12 13:25:01.1330000,0,3823,0,2026-09-12 13:25:05.6970000,29.781330,-97.836110
2250296,"Forebay",3573,233,"11T","11T1H2S4Q",2,2013-11-23 01:49:59.3900000,0,3281844,0,2026-09-12 13:26:12.0370000,46.423500,-116.960160
2291742,"Thalheim",528,43,"32T","32T1H2S1Q",3,2024-08-13 07:24:45.8470000,0,0,8411337,2026-09-12 13:27:35.8330000,47.433330,8.100000
2807428,"Viinikka",3834,70,"34V","34V1H6S2Q",3,2014-01-13 11:09:53.4030000,0,0,3000098,2026-09-12 13:29:23.6600000,61.486990,23.783000
2299560,"Ehrwang",715,57,"32T","32T1H3S1Q",3,2024-10-09 17:50:47.6800000,0,0,20406,2026-09-12 13:29:40.4970000,47.600000,10.716670
2807445,"Pyynikki",3834,70,"34V","34V1H6S2Q",3,2016-04-01 13:41:56.2800000,0,0,26016115,2026-09-12 13:29:55.1470000,61.492230,23.723860
2291007,"Obergarten",130,12,"32T","32T1H3S1Q",3,2024-10-09 13:33:39.1600000,0,0,8672,2026-09-12 13:30:01.1600000,47.416670,10.850000
2486355,"Sandford",979,77,"30U","30U2H2S2Q",3,2015-09-14 08:16:31.6770000,0,0,346381,2026-09-12 13:31:20.9570000,51.332280,-2.831220
1723772,"Hidden Hills",3545,233,"17S","17S2H3S1Q",3,2018-06-05 03:37:07.2600000,0,0,1000333,2026-09-12 13:31:30.4900000,35.928200,-79.040010
1973544,"Lakeview",3571,233,"12T","12T2H5S3Q",2,2024-04-13 01:30:36.2400000,21897,525747,0,2026-09-12 13:34:23.1300000,40.258010,-111.712430
1983465,"Robinson",3584,233,"17T","17T2H5S4Q",2,2025-04-21 16:21:29.4500000,0,88272,0,2026-09-12 13:34:58.1400000,40.450350,-80.336730
2290699,"Dietikon / Fondli",503,43,"32T","32T1H2S1Q",3,2024-10-05 11:05:56.7500000,0,0,3751640,2026-09-12 13:35:47.8270000,47.408380,8.387520
2309563,"Basaharc",1219,100,"34T","34T1H1S1Q",3,2026-09-12 13:36:11.0830000,0,0,803,2026-09-12 13:36:11.0830000,47.800000,18.866670
2308663,"Pilismarot",1219,100,"34T","34T1H1S1Q",3,2026-09-12 13:36:21.8500000,0,188,517,2026-09-12 13:36:21.8500000,47.783330,18.883330
2308661,"Bitoczi Volgy",1219,100,"34T","34T1H1S1Q",3,2026-09-12 13:36:28.7670000,0,0,518,2026-09-12 13:36:28.7670000,47.783330,18.850000
2549764,"Ohe",708,57,"32U","32U1H6S3Q",3,2026-09-12 13:36:32.3530000,0,0,1052,2026-09-12 13:36:32.3530000,52.674980,10.189050
2549785,"Hornshof",708,57,"32U","32U1H6S3Q",3,2026-09-12 13:36:36.8500000,0,0,1052,2026-09-12 13:36:36.8500000,52.675500,10.142180
2309562,"Kerekto",1219,100,"34T","34T1H1S1Q",3,2026-09-12 13:36:40.4070000,0,673,1551,2026-09-12 13:36:40.4070000,47.800000,18.816670
2548330,"Bostel",708,57,"32U","32U1H6S3Q",3,2026-09-12 13:36:44.5230000,0,0,1052,2026-09-12 13:36:44.5230000,52.645200,10.133340
2547027,"Lachtehausen",708,57,"32U","32U1H6S3Q",3,2026-09-12 13:36:49.3700000,0,0,1052,2026-09-12 13:36:49.3700000,52.616670,10.133330
2308659,"Ciganykut",1219,100,"34T","34T1H1S1Q",3,2026-09-12 13:36:50.4170000,517,805,1034,2026-09-12 13:36:50.4170000,47.783330,18.800000
2547751,"Altenhagen",708,57,"32U","32U1H6S3Q",3,2026-09-12 13:37:02.1030000,0,0,1052,2026-09-12 13:37:02.1030000,52.633330,10.116670
2548540,"Vorwerk",708,57,"32U","32U1H6S3Q",3,2026-09-12 13:37:06.5330000,0,0,1052,2026-09-12 13:37:06.5330000,52.650000,10.100000
2549000,"Garssen",708,57,"32U","32U1H6S3Q",3,2026-09-12 13:37:10.9130000,0,0,1052,2026-09-12 13:37:10.9170000,52.659150,10.128970
2550112,"Scheuen",708,57,"32U","32U1H6S3Q",3,2026-09-12 13:37:15.5100000,0,0,1053,2026-09-12 13:37:15.5100000,52.683330,10.066670
2550897,"Jagerei",708,57,"32U","32U1H6S3Q",3,2026-09-12 13:37:18.9430000,0,0,1053,2026-09-12 13:37:18.9430000,52.700000,10.050000
2412942,"Pesochin",3439,230,"37U","37U2H4S1Q",1,2013-04-25 10:11:05.5100000,1107714,0,300,2026-09-12 13:37:21.0470000,49.956670,36.101390
2413094,"Nadtochiv",3439,230,"37U","37U2H4S1Q",1,2013-04-26 11:03:05.8600000,1077745,0,300,2026-09-12 13:37:26.4200000,49.963060,36.098890
2412286,"Rayyelenovka",3439,230,"37U","37U2H4S1Q",1,2013-04-26 11:05:03.3400000,1056498,0,300,2026-09-12 13:37:29.9330000,49.943890,36.070560
2412299,"Korotych",3439,230,"37U","37U2H4S1Q",1,2013-04-29 15:44:45.3300000,1016470,0,300,2026-09-12 13:37:34.3030000,49.944440,36.034440
2410005,"Budy",3439,230,"37U","37U2H4S1Q",1,2013-04-30 00:26:51.9570000,1036543,0,300,2026-09-12 13:37:37.9600000,49.895560,36.020000
2413000,"Sinolitsovka",3439,230,"37U","37U2H4S1Q",1,2013-04-29 15:43:57.0570000,1044201,0,300,2026-09-12 13:37:41.5070000,49.958890,36.042780
2414395,"Gavrilovka",3439,230,"37U","37U2H4S1Q",1,2013-04-26 14:47:29.5730000,1022818,0,300,2026-09-12 13:37:45.1330000,49.983330,36.050000
2092214,"Bogdanovdol",279,22,"34T","34T2H3S3Q",2,2026-09-12 13:38:17.4100000,0,9175,0,2026-09-12 13:38:28.2930000,42.616670,22.962220
2145743,"Josephson",3573,233,"11T","11T2H2S2Q",3,2026-07-17 17:44:08.1700000,0,0,15952,2026-09-12 13:38:31.1500000,43.748770,-116.638470
2554838,"Diesten",708,57,"32U","32U1H6S3Q",3,2026-09-12 13:39:47.5600000,0,0,1053,2026-09-12 13:39:47.5600000,52.783330,10.033330
2515882,"Deerhurst",979,77,"30U","30U2H2S2Q",3,2021-07-10 11:50:37.5500000,0,0,127246,2026-09-12 13:40:44.8330000,51.966590,-2.189880
2088251,"Pioggiola",958,75,"32T","32T2H2S4Q",2,2022-05-13 22:25:16.9770000,0,62242,0,2026-09-12 13:41:43.5530000,42.533330,9.000000
2415393,"Kuryazhanka",3439,230,"37U","37U2H1S3Q",1,2013-04-25 08:20:09.6330000,1078914,0,599,2026-09-12 13:50:56.5830000,50.011790,36.074030
2421474,"Zoopitomnik",3439,230,"37U","37U2H1S3Q",1,2013-04-29 12:50:06.5300000,1095022,0,300,2026-09-12 13:51:02.9700000,50.136670,36.106670
2422431,"Shovkoplyasy",3439,230,"37U","37U2H1S3Q",1,2013-04-30 16:22:13.7830000,410633,0,600,2026-09-12 13:51:12.3700000,50.160710,36.102030
2422284,"Yemtsy",3439,230,"37U","37U2H1S3Q",1,2013-04-29 13:05:24.8770000,1092973,0,599,2026-09-12 13:51:23.1830000,50.155030,36.117120
1598514,"Adams",3539,233,"17S","17S2H4S1Q",1,2013-12-29 20:12:11.6100000,2233818,0,0,2026-09-12 13:51:38.6770000,33.945950,-83.417100
2309561,"Kusztusidulo",1219,100,"34T","34T1H1S1Q",3,2026-09-12 13:53:05.7330000,517,805,1034,2026-09-12 13:53:05.7330000,47.800000,18.800000
2308658,"Vaskapu",1219,100,"34T","34T1H1S1Q",3,2026-09-12 13:53:18.2300000,0,1101,2068,2026-09-12 13:53:18.2300000,47.783330,18.783330
2018286,"Bloomville",3563,233,"17T","17T2H4S1Q",1,2026-09-12 13:36:01.2130000,60858,900,43336,2026-09-12 13:54:12.2530000,41.052000,-83.014910
1382893,"Martindale",3549,233,"14R","14R1H6S1Q",2,2026-08-23 06:04:45.6600000,0,441773,0,2026-09-12 13:55:24.3130000,29.845500,-97.840840
110631,"La Morante",2386,175,"19K","19K1H1S1Q",1,2026-09-12 13:55:38.7800000,1206,0,0,2026-09-12 13:55:38.7800000,-16.483610,-71.946430
110619,"San Jose",2386,175,"19K","19K1H1S1Q",1,2026-09-12 13:55:45.2930000,1206,0,0,2026-09-12 13:55:45.2970000,-16.489240,-71.950960
110615,"La Pena",2386,175,"19K","19K1H1S1Q",1,2026-09-12 13:55:47.4670000,1206,0,0,2026-09-12 13:55:47.4670000,-16.489860,-71.934740
2554837,"Katensen",708,57,"32U","32U1H6S3Q",3,2026-09-12 13:58:57.8670000,0,0,1053,2026-09-12 13:58:57.8670000,52.783330,10.000000
2554024,"Offen",708,57,"32U","32U1H5S4Q",3,2026-09-12 13:59:02.6930000,0,0,1946,2026-09-12 13:59:02.6930000,52.766670,9.983330
2554025,"Sulze",708,57,"32U","32U1H6S3Q",3,2026-09-12 13:59:18.9900000,0,0,1053,2026-09-12 13:59:18.9900000,52.766670,10.033330
2553222,"Waldhof",708,57,"32U","32U1H6S3Q",3,2026-09-12 13:59:28.3530000,0,0,1053,2026-09-12 13:59:28.3530000,52.750000,10.016670
2553223,"Eversen",708,57,"32U","32U1H6S3Q",3,2026-09-12 13:59:32.5200000,0,0,1053,2026-09-12 13:59:32.5200000,52.750000,10.050000
2553224,"Sandberg",708,57,"32U","32U1H6S3Q",3,2026-09-12 13:59:36.7270000,0,0,1053,2026-09-12 13:59:36.7270000,52.750000,10.066670
2553225,"Altensalzkoth",708,57,"32U","32U1H6S3Q",3,2026-09-12 13:59:40.2430000,0,0,1053,2026-09-12 13:59:40.2430000,52.750000,10.083330
2552411,"Feuerschutzenbostel",708,57,"32U","32U1H6S3Q",3,2026-09-12 13:59:43.8830000,0,0,1053,2026-09-12 13:59:43.8830000,52.733330,10.033330
110594,"La Cano",2386,175,"19K","19K1H1S1Q",1,2026-09-12 14:00:15.6500000,1207,0,0,2026-09-12 14:00:15.6500000,-16.497070,-71.937770
110436,"San Javier Hacienda",2386,175,"19K","19K1H1S1Q",1,2026-09-12 14:00:20.2930000,1207,0,0,2026-09-12 14:00:20.2930000,-16.505830,-71.950830
110440,"Desamparados",2386,175,"19K","19K1H1S1Q",1,2026-09-12 14:00:24.1470000,1207,0,0,2026-09-12 14:00:24.1470000,-16.505000,-71.953330
110419,"El Carmen Hacienda",2386,175,"19K","19K1H1S1Q",1,2026-09-12 14:00:27.3500000,1207,0,0,2026-09-12 14:00:27.3500000,-16.510560,-71.953060
110416,"Tacar",2386,175,"19K","19K1H1S1Q",1,2026-09-12 14:00:29.8430000,1207,0,0,2026-09-12 14:00:29.8430000,-16.512220,-71.955280
110409,"La Fuentes Hacienda",2386,175,"19K","19K1H1S1Q",1,2026-09-12 14:00:32.4000000,1207,0,0,2026-09-12 14:00:32.4000000,-16.514170,-71.958060
110280,"La Gamio Hacienda",2386,175,"19K","19K1H1S1Q",1,2026-09-12 14:00:34.7400000,1207,0,0,2026-09-12 14:00:34.7400000,-16.517220,-71.961390
110268,"La Capilla Hacienda",2386,175,"19K","19K1H1S1Q",1,2026-09-12 14:00:37.1730000,1207,0,0,2026-09-12 14:00:37.1730000,-16.520830,-71.961940
1842687,"Orinda Village",3567,233,"10S","10S1H5S2Q",2,2025-08-26 02:08:32.3270000,0,3028650,0,2026-09-12 14:00:48.7000000,37.887430,-122.195520
2217661,"Montreal",459,38,"18T","18T1H6S1Q",1,2016-11-12 03:39:02.8630000,142719575,0,0,2026-09-12 14:02:51.0900000,45.508840,-73.587810
2067858,"Gross Point",3554,233,"16T","16T2H2S3Q",1,2026-03-21 03:41:04.5200000,1130049,0,0,2026-09-12 14:03:10.3330000,42.078920,-87.722560
2067638,"Wilmette",3554,233,"16T","16T2H2S3Q",1,2025-01-18 18:26:53.8370000,1113686,0,0,2026-09-12 14:03:18.1730000,42.072250,-87.722840
2069374,"Hubbard Woods",3554,233,"16T","16T2H2S3Q",1,2025-02-09 16:08:03.5630000,213621,0,0,2026-09-12 14:03:35.5300000,42.115580,-87.742840
2383443,"Vsetuly",700,56,"33U","33U2H6S2Q",3,2026-09-12 14:03:38.2500000,0,0,1073,2026-09-12 14:03:38.2500000,49.333330,17.550000
2070355,"Glencoe",3554,233,"16T","16T2H2S3Q",1,2025-02-02 22:15:48.9530000,213259,0,0,2026-09-12 14:03:44.3870000,42.135030,-87.758120
2071049,"Braeside",3554,233,"16T","16T2H2S3Q",1,2025-01-31 02:32:08.6730000,203068,0,0,2026-09-12 14:03:49.4330000,42.152530,-87.772290
2383177,"Holesov",700,56,"33U","33U2H6S2Q",3,2026-09-12 14:03:58.8770000,0,0,988,2026-09-12 14:03:58.8770000,49.333310,17.578320
2382232,"Zahnasovice",700,56,"33U","33U2H6S2Q",3,2026-09-12 14:04:07.0070000,0,0,1032,2026-09-12 14:04:07.0070000,49.304550,17.560090
2381685,"Ludslavice",700,56,"33U","33U2H6S2Q",3,2026-09-12 14:04:15.2770000,0,0,1032,2026-09-12 14:04:15.2770000,49.299520,17.540670
2382897,"Trebetice",700,56,"33U","33U2H6S2Q",3,2026-09-12 14:04:22.1800000,0,0,1032,2026-09-12 14:04:22.1800000,49.319390,17.519240
2382346,"Martinice",700,56,"33U","33U2H6S2Q",3,2026-09-12 14:05:47.7070000,0,0,1033,2026-09-12 14:05:47.7070000,49.310310,17.601080
2496212,"Harlesden",979,77,"30U","30U2H3S2Q",3,2017-08-22 19:08:01.3400000,0,0,1016390,2026-09-12 14:07:56.6970000,51.538110,-0.250200
2383777,"Rymice",700,56,"33U","33U2H6S2Q",3,2026-09-12 14:09:29.5330000,0,0,1032,2026-09-12 14:09:29.5330000,49.341910,17.526210
2383442,"Kolicin",700,56,"33U","33U2H6S2Q",3,2026-09-12 14:09:38.1530000,0,0,1032,2026-09-12 14:09:38.1530000,49.333330,17.516670
2166721,"Tenginka",2678,192,"37T","37T1H5S3Q",2,2026-09-12 14:10:05.6030000,0,3839,0,2026-09-12 14:10:10.6000000,44.326520,38.785530
2691971,"Luthrie",977,77,"30V","30V2H5S3Q",3,2025-05-30 07:08:40.5330000,0,0,1582495,2026-09-12 14:13:13.2600000,56.350000,-3.083330
2687344,"Kirkton of Largo",977,77,"30V","30V2H5S4Q",3,2025-06-19 11:47:17.0270000,0,0,362883,2026-09-12 14:15:33.5230000,56.216670,-2.916670
2308657,"Kuriadulo",1219,100,"34T","34T1H1S1Q",3,2026-09-12 14:16:00.4100000,517,1233,1551,2026-09-12 14:16:00.4100000,47.783330,18.766670
2310344,"Szob",1217,100,"34T","34T1H1S1Q",3,2026-09-12 14:16:16.0700000,0,1200,1670,2026-09-12 14:16:16.0700000,47.816670,18.866670
2310345,"Homokdulo",1217,100,"34T","34T1H1S1Q",3,2026-09-12 14:16:24.6770000,0,1190,1670,2026-09-12 14:16:24.6770000,47.816670,18.883330
2580883,"Dore",979,77,"30U","30U1H6S1Q",3,2024-07-16 16:36:38.2400000,0,0,125684,2026-09-12 14:18:19.9330000,53.316670,-1.533330
2195531,"Woodville",3566,233,"15T","15T1H5S4Q",2,2019-06-27 13:57:35.6570000,0,1029509,0,2026-09-12 14:18:58.1870000,44.953020,-92.291300
1916754,"Beanblossom",3555,233,"16S","16S1H2S2Q",2,2013-09-12 03:45:08.8200000,0,7025444,0,2026-09-12 14:20:24.3230000,39.266990,-86.249160
1690715,"Moore",3546,233,"14S","14S2H3S1Q",2,2010-01-01 00:00:00.0000000,0,1958936,517,2026-09-12 14:23:57.5270000,35.339510,-97.486700
1685572,"Newcastle",3546,233,"14S","14S2H3S1Q",2,2024-10-22 15:58:54.4500000,0,1998410,2482,2026-09-12 14:24:05.0930000,35.247290,-97.599760
1679379,"Blanchard",3546,233,"14S","14S2H3S1Q",2,2024-12-19 20:33:23.8630000,0,1959090,3775,2026-09-12 14:24:12.3330000,35.137840,-97.658090
1677445,"Middleberg",3546,233,"14S","14S2H3S1Q",2,2025-10-11 17:51:42.0100000,0,1967470,879,2026-09-12 14:24:18.7330000,35.106180,-97.735040
1684962,"Bridge Creek",3546,233,"14S","14S2H3S1Q",2,2010-01-01 00:00:00.0000000,0,1997179,2637,2026-09-12 14:24:31.2070000,35.235060,-97.736710
1693099,"Mustang",3546,233,"14S","14S2H3S1Q",2,2024-09-28 02:46:13.1330000,0,2999912,1396,2026-09-12 14:24:36.9900000,35.384230,-97.724490
1693724,"Wheatland",3546,233,"14S","14S2H3S1Q",2,2010-01-01 00:00:00.0000000,0,2160537,1396,2026-09-12 14:24:43.3870000,35.397840,-97.652260
1695252,"Lillard Park",3546,233,"14S","14S2H3S1Q",2,2024-10-02 13:14:24.7070000,0,1999475,1603,2026-09-12 14:24:50.2530000,35.428670,-97.594210
2164789,"Plyakho",2678,192,"37T","37T1H5S3Q",2,2026-09-12 14:23:58.0600000,0,6357,0,2026-09-12 14:24:59.8500000,44.270080,38.829100
2168368,"Tenginka",2678,192,"37T","37T1H5S3Q",2,2026-09-12 14:10:36.1200000,0,3839,0,2026-09-12 14:25:19.7830000,44.368330,38.781110
1697265,"Oklahoma City",3546,233,"14S","14S2H3S1Q",2,2024-09-22 19:37:54.9730000,517,4007572,1603,2026-09-12 14:26:19.2570000,35.467560,-97.516430
1384355,"Maxwell",3549,233,"14R","14R1H6S1Q",2,2026-08-21 12:51:22.5400000,0,470420,0,2026-09-12 14:27:28.3000000,29.881050,-97.793340
2511741,"Marks Tey",979,77,"31U","31U2H1S1Q",3,2025-06-24 05:22:20.7370000,0,0,71585,2026-09-12 14:29:49.2000000,51.876280,0.764240
2510227,"Layer de la Haye",979,77,"31U","31U2H1S1Q",2,2021-11-28 14:26:59.0930000,0,999870,0,2026-09-12 14:30:12.5830000,51.845930,0.857450
1957496,"Eastmoor",3563,233,"17S","17S1H1S2Q",1,2026-08-13 12:05:54.4830000,488439,0,114674,2026-09-12 14:31:07.3930000,39.967840,-82.911010
2298038,"Alterschrofen",715,57,"32T","32T1H3S1Q",3,2024-10-09 17:21:57.9270000,0,0,20389,2026-09-12 14:31:39.4770000,47.566670,10.733330
2497243,"Preston",979,77,"30U","30U2H3S2Q",3,2017-08-19 14:10:26.8470000,0,0,1015145,2026-09-12 14:33:53.0170000,51.566670,-0.300000
2501895,"Hadley Wood",979,77,"30U","30U2H3S2Q",3,2014-09-26 21:51:20.1030000,0,0,732655,2026-09-12 14:34:36.1200000,51.664940,-0.176300
2383444,"Zopy",700,56,"33U","33U2H6S2Q",3,2026-09-12 14:34:46.6270000,0,0,1090,2026-09-12 14:34:46.6270000,49.333330,17.600000
2383818,"Dobrotice",700,56,"33U","33U2H6S2Q",3,2026-09-12 14:34:56.2330000,0,0,1039,2026-09-12 14:34:56.2330000,49.343930,17.604770
2382915,"Prilepy",700,56,"33U","33U2H6S2Q",3,2026-09-12 14:35:13.4030000,0,0,1092,2026-09-12 14:35:13.4030000,49.319980,17.615910
2381939,"Jorni Lapac",700,56,"33U","33U2H6S2Q",3,2026-09-12 14:35:25.5830000,0,0,1033,2026-09-12 14:35:25.5830000,49.300000,17.616670
2381520,"Zeranovice",700,56,"33U","33U2H6S2Q",3,2026-09-12 14:35:37.8500000,0,0,1041,2026-09-12 14:35:37.8500000,49.291470,17.604420
2423120,"Berezhnoy",3439,230,"37U","37U2H1S3Q",1,2013-04-30 17:39:53.5630000,410617,0,600,2026-09-12 14:36:27.0970000,50.172500,36.124720
2384421,"Tucapy",700,56,"33U","33U2H6S2Q",3,2026-09-12 14:37:57.9000000,0,0,1032,2026-09-12 14:37:57.9000000,49.353570,17.576080
110257,"La Aguirre Hacienda",2386,175,"19K","19K1H1S1Q",1,2026-09-12 14:38:54.3500000,1207,0,0,2026-09-12 14:38:54.3500000,-16.524440,-71.963330
110245,"La Barreda",2386,175,"19K","19K1H1S1Q",1,2026-09-12 14:38:56.9470000,1207,0,0,2026-09-12 14:38:56.9470000,-16.526390,-71.963610
110019,"Huachipa",2386,175,"19K","19K1H1S1Q",1,2026-09-12 14:39:00.2430000,1040,0,0,2026-09-12 14:39:00.2430000,-16.542220,-71.971940
110007,"La Villarroel Hacienda",2386,175,"19K","19K1H1S1Q",1,2026-09-12 14:39:04.5830000,1142,0,0,2026-09-12 14:39:04.5830000,-16.544720,-71.973890
109993,"La Goyeneche Hacienda",2386,175,"19K","19K1H1S1Q",1,2026-09-12 14:39:07.6530000,1142,0,0,2026-09-12 14:39:07.6530000,-16.547220,-71.974720
109839,"La Travada",2386,175,"19K","19K1H1S1Q",1,2026-09-12 14:39:11.2000000,1142,0,0,2026-09-12 14:39:11.2000000,-16.552220,-71.973890
109810,"La Berenguel Hacienda",2386,175,"19K","19K1H1S1Q",1,2026-09-12 14:39:13.2370000,1142,0,0,2026-09-12 14:39:13.2370000,-16.557500,-71.980000
109775,"Santa Rosa Hacienda",2386,175,"19K","19K1H1S1Q",1,2026-09-12 14:39:15.0800000,1142,0,0,2026-09-12 14:39:15.0800000,-16.563610,-71.981670
2384488,"Jankovice",700,56,"33U","33U2H6S2Q",3,2026-09-12 14:39:27.8830000,0,0,1035,2026-09-12 14:39:27.8830000,49.356150,17.621610
2741763,"Gusyata",2662,192,"40V","40V2H5S1Q",2,2023-05-12 08:54:21.8700000,0,1533680,0,2026-09-12 14:40:38.4400000,57.893060,56.078610
2382994,"Pravcice",700,56,"33U","33U2H6S2Q",3,2026-09-12 14:41:57.3070000,0,0,914,2026-09-12 14:41:57.3070000,49.324490,17.495480
109765,"La Cantera Hacienda",2386,175,"19K","19K1H1S1Q",1,2026-09-12 14:42:00.7330000,1142,0,0,2026-09-12 14:42:00.7370000,-16.564720,-71.985280
2372475,"Ladner",451,38,"10U","10U2H5S1Q",3,2013-01-06 21:49:56.2370000,0,0,7038763,2026-09-12 14:42:06.0030000,49.089380,-123.082410
2369472,"Tsawwassen",451,38,"10U","10U2H5S1Q",3,2012-12-26 02:04:29.0270000,0,0,8126794,2026-09-12 14:42:08.9700000,49.018000,-123.081720
2368168,"Point Roberts",3578,233,"10U","10U2H5S3Q",3,2013-04-27 11:23:40.9500000,0,0,5662839,2026-09-12 14:42:22.2130000,48.985380,-123.077970
2367580,"South Beach",3578,233,"10U","10U2H5S3Q",3,2013-04-27 01:35:38.6930000,0,0,5060093,2026-09-12 14:42:30.9630000,48.977330,-123.050470
2368766,"Maple Beach",3578,233,"10U","10U2H5S1Q",3,2013-04-27 11:29:08.6370000,0,0,4827112,2026-09-12 14:42:34.7900000,49.000660,-123.037420
2364123,"Montague Harbour",451,38,"10U","10U2H5S3Q",3,2013-08-03 06:57:04.5130000,0,0,2969887,2026-09-12 14:42:52.7970000,48.894520,-123.391660
2359884,"Saturna",451,38,"10U","10U2H5S3Q",3,2013-08-01 15:28:48.3600000,0,0,2915399,2026-09-12 14:43:04.5930000,48.799650,-123.202620
2528727,"Warsaw",2440,180,"34U","34U1H5S4Q",2,2022-07-26 12:16:57.6570000,0,132161062,0,2026-09-12 14:43:09.1200000,52.229770,21.011780
2365531,"Chemainus",451,38,"10U","10U2H5S3Q",3,2022-07-16 23:33:54.7130000,0,0,335572,2026-09-12 14:43:39.9200000,48.928820,-123.744510
2362828,"Crofton",451,38,"10U","10U2H5S3Q",3,2023-12-26 16:30:37.5500000,0,0,390837,2026-09-12 14:43:47.6000000,48.866330,-123.652660
2382861,"Hulin",700,56,"33U","33U2H6S2Q",3,2026-09-12 14:44:32.4600000,0,0,1081,2026-09-12 14:44:32.4600000,49.316890,17.463740
1384298,"Reedville",3549,233,"14R","14R1H6S1Q",2,2026-08-14 05:20:31.0330000,0,447751,0,2026-09-12 14:45:25.5470000,29.879660,-97.846390
2384603,"Borenovice",700,56,"33U","33U2H6S2Q",3,2026-09-12 14:46:55.2200000,0,0,1032,2026-09-12 14:46:55.2200000,49.361520,17.564360
2300430,"Osterreinen",715,57,"32T","32T1H3S1Q",3,2024-10-09 18:08:37.5430000,0,0,21040,2026-09-12 14:47:27.1370000,47.616670,10.716670
2384667,"Nemcice",700,56,"33U","33U2H6S2Q",3,2026-09-12 14:49:18.1630000,0,0,1036,2026-09-12 14:49:18.1630000,49.364670,17.497730
109592,"La Cosio",2386,175,"19K","19K1H1S1Q",1,2026-09-12 14:50:01.3400000,1142,0,0,2026-09-12 14:50:01.3400000,-16.573610,-71.989170
109580,"Ophelan",2386,175,"18K","18K1H3S2Q",1,2026-09-12 14:50:07.6730000,1142,0,0,2026-09-12 14:50:07.6730000,-16.577220,-72.005830
109374,"Boyadero",2386,175,"18K","18K1H3S2Q",1,2026-09-12 14:50:10.2570000,1142,0,0,2026-09-12 14:50:10.2570000,-16.590830,-72.006390
2214289,"Ottawa",457,38,"18T","18T1H5S1Q",2,2025-02-24 18:06:05.8270000,0,9721435,0,2026-09-12 14:52:39.5070000,45.411170,-75.698120
2552409,"Hassel",708,57,"32U","32U1H5S4Q",3,2026-09-12 14:54:27.7230000,0,0,1053,2026-09-12 14:54:27.7230000,52.733330,9.983330
2550896,"Wittbeck",708,57,"32U","32U1H6S3Q",3,2026-09-12 14:54:32.4070000,0,0,1053,2026-09-12 14:54:32.4070000,52.700000,10.016670
2550111,"Hustedt",708,57,"32U","32U1H6S3Q",3,2026-09-12 14:54:40.7170000,0,0,1053,2026-09-12 14:54:40.7170000,52.683330,10.033330
2548539,"Gross Hehlen",708,57,"32U","32U1H6S3Q",3,2026-09-12 14:54:55.6100000,0,0,1052,2026-09-12 14:54:55.6100000,52.650000,10.050000
2423203,"Leshchenki",3439,230,"37U","37U2H1S3Q",1,2013-04-30 17:56:42.0730000,1100289,0,300,2026-09-12 14:55:07.6970000,50.176360,36.147910
2423892,"Tysyachniki",3439,230,"37U","37U2H1S3Q",1,2013-04-30 17:57:34.8630000,410592,0,600,2026-09-12 14:55:14.5900000,50.189440,36.147500
2424543,"Kamyshevakha",3439,230,"37U","37U2H1S3Q",1,2013-12-15 16:53:03.9230000,1095803,0,300,2026-09-12 14:55:18.5730000,50.200830,36.196390
2220329,"Boucherville",459,38,"18T","18T1H6S1Q",1,2026-06-12 01:16:28.9230000,350496,0,0,2026-09-12 14:55:23.6870000,45.591040,-73.436050
2423346,"Imeni",3439,230,"37U","37U2H1S3Q",1,2013-12-15 16:52:41.4700000,1096458,0,300,2026-09-12 14:55:28.3130000,50.183060,36.217780
2423857,"Novoye",3439,230,"37U","37U2H1S3Q",1,2013-04-27 06:46:23.6900000,1089428,0,300,2026-09-12 14:55:33.2700000,50.188220,36.240330
2423165,"Stul'nevo",3439,230,"37U","37U2H1S3Q",1,2013-04-27 06:37:19.2670000,1094107,0,300,2026-09-12 14:55:37.5800000,50.174720,36.229440
2423172,"Pitomnik",3439,230,"37U","37U2H1S3Q",1,2013-04-27 06:34:23.0930000,1991830,0,300,2026-09-12 14:55:41.4930000,50.174920,36.267100
2113003,"Milwaukee",3566,233,"16T","16T2H2S1Q",3,2026-08-09 20:21:50.6570000,16800,0,943592,2026-09-12 14:56:04.2570000,43.038900,-87.906470
2059507,"Malagrotta",1377,110,"33T","33T2H4S1Q",3,2018-12-27 09:00:40.1870000,0,0,1598678,2026-09-12 14:57:15.5300000,41.883330,12.333330
2303343,"Union Hill-Novelty Hill",3578,233,"10T","10T1H2S2Q",1,2022-05-18 00:47:56.7670000,5495093,0,0,2026-09-12 14:57:22.1930000,47.678870,-122.028330
2215283,"Peschiera del Garda",1366,110,"32T","32T1H6S1Q",1,2025-02-11 13:58:38.0330000,2559785,0,0,2026-09-12 14:58:12.9330000,45.437780,10.689080
2361916,"North Cowichan",451,38,"10U","10U2H5S3Q",3,2022-05-30 00:43:17.2900000,0,0,286527,2026-09-12 14:59:09.2500000,48.841330,-123.685960
2360600,"Maple Bay",451,38,"10U","10U2H5S3Q",3,2022-07-20 18:33:35.3300000,0,0,477599,2026-09-12 14:59:13.7530000,48.816330,-123.619360
2364879,"Fernwood",451,38,"10U","10U2H5S3Q",3,2014-08-23 15:11:38.5600000,0,0,1666698,2026-09-12 14:59:20.1000000,48.913540,-123.535960
2363478,"Vesuvius",451,38,"10U","10U2H5S3Q",3,2016-01-27 19:58:02.1170000,0,0,1731465,2026-09-12 14:59:23.5330000,48.881370,-123.572070
2362050,"Ganges",451,38,"10U","10U2H5S3Q",3,2016-02-07 15:47:46.2300000,0,0,1986954,2026-09-12 14:59:26.3730000,48.849640,-123.502650
2361103,"Salt Spring Island",451,38,"10U","10U2H5S3Q",3,2016-09-25 21:23:35.0800000,0,0,2103359,2026-09-12 14:59:29.5470000,48.817260,-123.510020
2358472,"Genoa Bay",451,38,"10U","10U2H5S3Q",3,2022-07-20 18:33:23.9000000,0,0,377642,2026-09-12 15:00:01.1530000,48.766330,-123.602650
2354589,"Swartz Bay",451,38,"10U","10U2H5S3Q",3,2023-08-18 15:37:09.9800000,0,0,331910,2026-09-12 15:00:12.2730000,48.682940,-123.419330
2143941,"Montrose",3577,233,"14T","14T2H3S1Q",2,2013-02-03 04:09:34.9730000,0,5204593,0,2026-09-12 15:04:42.6000000,43.698590,-97.183670
2141989,"Humboldt",3577,233,"14T","14T2H3S1Q",2,2013-07-15 16:12:45.1300000,0,5230756,0,2026-09-12 15:04:46.1900000,43.645260,-97.073950
2141225,"Hartford",3577,233,"14T","14T2H3S2Q",2,2013-04-20 15:59:30.7370000,0,5425879,0,2026-09-12 15:04:49.8300000,43.623030,-96.942560
2142537,"Johnsons Addition",3577,233,"14T","14T2H3S2Q",2,2013-02-01 03:13:01.0100000,0,5434931,0,2026-09-12 15:04:52.5700000,43.658590,-96.808940
2142709,"Crooks",3577,233,"14T","14T2H3S2Q",2,2013-01-27 20:29:58.1930000,0,5228691,0,2026-09-12 15:04:55.5200000,43.664700,-96.810890
2144871,"Lyons",3577,233,"14T","14T2H3S2Q",2,2013-08-28 02:24:28.2570000,0,5261111,0,2026-09-12 15:04:58.2230000,43.723030,-96.867830
2147162,"Colton",3577,233,"14T","14T2H3S2Q",2,2013-04-23 21:58:13.1530000,0,5219469,0,2026-09-12 15:05:02.0730000,43.786090,-96.927560
2148964,"Huntimer",3577,233,"14T","14T2H3S2Q",2,2013-04-23 21:44:51.3270000,0,5201036,0,2026-09-12 15:05:05.3900000,43.834140,-96.930060
1358666,"Sumner",3538,233,"17R","17R1H4S2Q",1,2026-05-02 10:35:08.0370000,87097,0,0,2026-09-12 15:06:15.4030000,29.216910,-82.967620
2525269,"Leiden",2265,167,"31U","31U1H6S3Q",1,2016-12-30 20:48:38.4000000,5672675,0,3514,2026-09-12 15:07:41.8470000,52.158330,4.493060
1969410,"De Witt",3554,233,"16T","16T2H4S4Q",2,2026-09-12 15:08:15.9800000,0,492,0,2026-09-12 15:08:15.9800000,40.181150,-88.786180
800857,"Ban Nong Takon",3167,218,"47P","47P1H5S4Q",2,2026-09-12 03:56:51.9570000,0,125157,0,2026-09-12 15:08:20.0800000,12.916670,99.900000
1972999,"Solomon",3554,233,"16T","16T2H4S4Q",2,2026-09-12 15:08:33.3000000,0,580,0,2026-09-12 15:08:33.3000000,40.248920,-88.822850
1973832,"Bucks",3554,233,"16T","16T2H4S4Q",2,2026-09-12 15:08:43.6100000,0,549,0,2026-09-12 15:08:43.6100000,40.265040,-88.970080
1973394,"Carle Springs",3554,233,"16T","16T2H4S4Q",2,2026-09-12 15:08:49.1100000,0,516,0,2026-09-12 15:08:49.1100000,40.253650,-88.967020
1971638,"Wapella",3554,233,"16T","16T2H4S4Q",2,2026-09-12 15:08:55.4600000,0,468,0,2026-09-12 15:08:55.4600000,40.220310,-88.962020
1972579,"Waynesville",3554,233,"16T","16T2H4S3Q",2,2026-09-12 15:09:03.3270000,0,470,0,2026-09-12 15:09:03.3270000,40.238930,-89.123140
1967971,"Clinton",3554,233,"16T","16T2H4S4Q",3,2013-07-22 13:26:09.0600000,0,8400,209899,2026-09-12 15:09:22.1600000,40.153650,-88.964530
2050654,"Robertsdale",3555,233,"16T","16T2H5S1Q",3,2025-07-14 00:55:10.5770000,0,600,1022128,2026-09-12 15:10:12.3670000,41.683090,-87.508100
2227608,"Soo Hill",3557,233,"16T","16T1H5S1Q",3,2026-09-12 15:11:12.8200000,0,0,1294,2026-09-12 15:11:12.8200000,45.794690,-87.110410
2228235,"Groos",3557,233,"16T","16T1H5S1Q",3,2026-09-12 15:11:18.2900000,0,0,1357,2026-09-12 15:11:18.2900000,45.811630,-87.103190
2223117,"Pendleton",3576,233,"11T","11T1H4S2Q",2,2023-11-15 20:31:04.1900000,0,424876,0,2026-09-12 15:11:25.2470000,45.672080,-118.788600
2229454,"West Gladstone",3557,233,"16T","16T1H5S1Q",3,2026-09-12 15:11:25.4200000,0,0,1468,2026-09-12 15:11:25.4200000,45.840520,-87.062640
2385109,"Rosteni",700,56,"33U","33U2H6S2Q",3,2026-09-12 15:11:29.8930000,0,0,1042,2026-09-12 15:11:29.8930000,49.366900,17.538490
2229436,"Lambert",3557,233,"16T","16T1H5S1Q",3,2026-09-12 15:11:30.2430000,0,0,1213,2026-09-12 15:11:30.2430000,45.839690,-87.095140
1393522,"Hempstead",3549,233,"14R","14R1H3S4Q",1,2013-10-26 17:12:27.1870000,17662852,0,0,2026-09-12 15:11:34.4230000,30.097440,-96.078290
2385263,"Kostelec u Holesova",700,56,"33U","33U2H6S2Q",3,2026-09-12 15:11:40.3470000,0,0,1044,2026-09-12 15:11:40.3470000,49.374690,17.512130
2385359,"Prusinovice",700,56,"33U","33U2H6S2Q",3,2026-09-12 15:11:54.3500000,0,0,1036,2026-09-12 15:11:54.3500000,49.378980,17.587100
2385376,"Pacetluky",700,56,"33U","33U2H6S2Q",3,2026-09-12 15:12:02.6030000,751,0,1036,2026-09-12 15:12:02.6030000,49.379460,17.565740
2381199,"Franckovice",700,56,"33U","33U2H6S2Q",3,2026-09-12 15:12:19.1300000,0,0,1044,2026-09-12 15:12:19.1300000,49.283330,17.616670
2678208,"Tarasovka",2671,192,"37U","37U1H1S2Q",2,2024-03-11 12:57:23.3830000,0,886093,0,2026-09-12 15:14:53.0330000,55.957220,37.843330
2299558,"Erkenbollingen",715,57,"32T","32T1H3S1Q",3,2024-10-09 17:50:58.6170000,0,0,21075,2026-09-12 15:16:48.1270000,47.600000,10.700000
1886705,"Pleasant Ridge",3554,233,"16S","16S1H1S3Q",1,2022-03-21 02:22:12.4100000,194970,68083,300,2026-09-12 15:18:03.9330000,38.722550,-89.977880
2151004,"Chester",3577,233,"14T","14T2H3S2Q",2,2013-04-23 21:44:02.9900000,0,5203438,0,2026-09-12 15:19:22.9530000,43.894970,-96.926440
2150906,"Franklin",3577,233,"14T","14T2H3S1Q",2,2021-06-10 13:03:22.9900000,0,1214113,0,2026-09-12 15:19:26.3970000,43.891640,-97.068950
2150905,"Orland",3577,233,"14T","14T2H3S1Q",2,2018-03-21 02:31:46.9770000,0,88510,0,2026-09-12 15:19:29.7570000,43.891640,-97.189230
2152469,"Smiths Park",3577,233,"14T","14T2H3S2Q",2,2022-01-18 03:35:24.0570000,0,101558,0,2026-09-12 15:19:32.6170000,43.934970,-96.997000
2152745,"Peninsula Park",3577,233,"14T","14T2H3S1Q",2,2018-05-26 00:30:34.6770000,0,192883,0,2026-09-12 15:19:35.4930000,43.945810,-97.009230
2151453,"Trent",3577,233,"14T","14T2H3S2Q",2,2013-02-18 23:06:48.0600000,0,5125290,0,2026-09-12 15:19:46.1370000,43.906360,-96.653940
2310348,"Ujvolgy",1217,100,"34T","34T1H1S1Q",3,2026-09-12 15:20:27.9270000,0,1190,1670,2026-09-12 15:20:27.9270000,47.816670,18.900000
2310349,"Malomvolgy",1217,100,"34T","34T1H1S1Q",3,2026-09-12 15:20:38.7430000,0,770,1860,2026-09-12 15:20:38.7470000,47.816670,18.916670
2311131,"Somdulo",1217,100,"34T","34T1H1S1Q",3,2026-09-12 15:20:44.2870000,0,0,912,2026-09-12 15:20:44.2870000,47.833330,18.933330
2311130,"Boszob",1217,100,"34T","34T1H1S1Q",3,2026-09-12 15:20:49.6400000,0,0,810,2026-09-12 15:20:49.6400000,47.833330,18.900000
2011665,"Cresskill",3561,233,"18T","18T2H6S3Q",1,2014-02-18 06:00:31.9800000,1286399,0,0,2026-09-12 15:21:08.7500000,40.941490,-73.959300
2464213,"Heide",2271,167,"31U","31U2H3S4Q",2,2026-08-25 11:02:08.6500000,0,1408766,0,2026-09-12 15:23:32.8800000,50.950000,5.783330
2381940,"Zabarna",700,56,"33U","33U2H6S2Q",3,2026-09-12 15:24:46.3600000,300,0,1093,2026-09-12 15:24:46.3600000,49.300000,17.650000
2382210,"Lukovecek",700,56,"33U","33U2H6S2Q",3,2026-09-12 15:24:59.7330000,0,0,1063,2026-09-12 15:24:59.7330000,49.303490,17.668700
2380876,"Rackova",700,56,"33U","33U2H6S2Q",3,2026-09-12 15:25:13.7230000,0,0,1044,2026-09-12 15:25:13.7230000,49.277070,17.624880
2380805,"Lechotice",700,56,"33U","33U2H6S2Q",3,2026-09-12 15:25:24.0800000,0,0,1036,2026-09-12 15:25:24.0800000,49.273670,17.587890
1821049,"Hare Valley",3585,233,"18S","18S1H5S1Q",1,2026-09-12 15:25:30.2700000,1149,0,0,2026-09-12 15:25:30.2700000,37.495130,-75.859100
2380868,"Miskovice",700,56,"33U","33U2H6S2Q",3,2026-09-12 15:25:34.2930000,0,0,1036,2026-09-12 15:25:34.2930000,49.276570,17.548990
1821970,"TB Crossroads",3585,233,"18S","18S1H5S1Q",1,2026-09-12 15:25:34.9900000,1149,0,0,2026-09-12 15:25:34.9900000,37.511520,-75.843260
1822397,"Hadlock",3585,233,"18S","18S1H5S1Q",1,2026-09-12 15:25:44.8530000,1149,0,0,2026-09-12 15:25:44.8530000,37.517630,-75.833540
2307182,"Grand Marais",3558,233,"15T","15T1H3S2Q",3,2026-09-12 15:25:50.2700000,0,0,894,2026-09-12 15:25:50.2700000,47.750450,-90.334270
1821924,"Oakland Park",3585,233,"18S","18S1H5S1Q",1,2026-09-12 15:25:53.8100000,1149,0,0,2026-09-12 15:25:53.8100000,37.510690,-75.821320
1822173,"Willis Wharf",3585,233,"18S","18S1H5S1Q",1,2026-09-12 15:26:03.3400000,1139,0,0,2026-09-12 15:26:03.3430000,37.515690,-75.806600
1822916,"Bacon Hill",3585,233,"18S","18S1H5S1Q",1,2026-09-12 15:26:17.9270000,1140,0,0,2026-09-12 15:26:17.9270000,37.528470,-75.817710
1823090,"Exmore",3585,233,"18S","18S1H5S1Q",1,2026-09-12 15:26:26.1400000,1140,0,0,2026-09-12 15:26:26.1400000,37.531800,-75.822990
1397180,"Dripping Springs",3549,233,"14R","14R1H2S4Q",2,2026-06-10 06:33:01.3830000,0,1768517,0,2026-09-12 15:27:25.7670000,30.190210,-98.086680
2381463,"Kurovice",700,56,"33U","33U2H6S2Q",3,2026-09-12 15:33:02.3470000,0,0,1085,2026-09-12 15:33:02.3470000,49.289140,17.515560
2381938,"Chrast'any",700,56,"33U","33U2H6S2Q",3,2026-09-12 15:33:12.1830000,0,0,1084,2026-09-12 15:33:12.1830000,49.300000,17.500000
2148597,"Dell Rapids",3577,233,"14T","14T2H3S2Q",2,2013-04-23 21:49:44.5730000,0,5288243,0,2026-09-12 15:34:31.8030000,43.826080,-96.706160
2146203,"Baltic",3577,233,"14T","14T2H3S2Q",2,2013-04-09 03:11:46.9600000,0,5279932,0,2026-09-12 15:34:34.5100000,43.761360,-96.740330
2144226,"Midway",3577,233,"14T","14T2H3S2Q",2,2013-02-17 21:15:07.9900000,0,5319085,0,2026-09-12 15:34:36.8570000,43.703310,-96.711440
2143646,"Morefield",3577,233,"14T","14T2H3S2Q",2,2013-02-03 04:23:30.4770000,0,5336741,0,2026-09-12 15:34:39.5830000,43.688890,-96.770830
2680075,"Whitekirk",977,77,"30V","30V2H5S4Q",3,2025-09-21 21:59:51.0070000,0,0,214669,2026-09-12 15:34:49.2170000,56.016670,-2.650000
2680074,"East Fortune",977,77,"30V","30V2H5S4Q",3,2025-09-20 17:12:42.0200000,0,0,269547,2026-09-12 15:34:54.0200000,56.016670,-2.683330
2681809,"North Berwick",977,77,"30V","30V2H5S4Q",3,2025-09-20 17:12:31.8500000,0,0,452219,2026-09-12 15:34:58.1630000,56.066670,-2.716670
2680626,"Dirleton",977,77,"30V","30V2H5S4Q",3,2025-09-20 17:12:10.8370000,0,0,304972,2026-09-12 15:35:06.6230000,56.033330,-2.766670
2680625,"Gullane",977,77,"30V","30V2H5S4Q",3,2025-09-19 14:45:11.5530000,0,0,197317,2026-09-12 15:35:11.7300000,56.033330,-2.816670
2679540,"Drem",977,77,"30U","30U1H2S2Q",3,2025-09-20 17:12:22.7900000,0,0,192953,2026-09-12 15:35:18.4800000,56.000000,-2.783330
2679539,"Luffness",977,77,"30U","30U1H2S2Q",3,2025-09-19 14:45:19.2530000,0,0,172943,2026-09-12 15:35:23.2900000,56.000000,-2.833330
2679900,"Aberlady",977,77,"30V","30V2H5S4Q",3,2025-09-11 20:29:41.6770000,0,0,216794,2026-09-12 15:35:27.7000000,56.008840,-2.858510
2204677,"Unionvale",3576,233,"10T","10T1H5S1Q",2,2025-12-05 07:06:45.3900000,0,5417901,0,2026-09-12 15:36:12.8800000,45.143170,-123.060660
1719797,"Bradley",3567,233,"10S","10S2H3S2Q",1,2026-09-12 15:36:48.0430000,1058,0,0,2026-09-12 15:36:48.0430000,35.863300,-120.800730
2286119,"Gabormajor",1221,100,"34T","34T1H1S1Q",3,2026-09-12 15:38:31.0170000,0,657,788,2026-09-12 15:38:31.0170000,47.316670,18.766670
2285287,"Veghmajor",1221,100,"34T","34T1H1S1Q",3,2026-09-12 15:38:35.6430000,0,0,788,2026-09-12 15:38:35.6430000,47.300000,18.733330
1405660,"Navasota",3549,233,"14R","14R1H3S4Q",1,2013-11-11 17:41:27.7730000,5091928,0,0,2026-09-12 15:38:38.8330000,30.387980,-96.087730
2283095,"Pettend",1221,100,"34T","34T1H1S1Q",3,2026-09-12 15:38:40.8770000,0,0,894,2026-09-12 15:38:40.8770000,47.263560,18.716330
2282543,"Mereymajor",1221,100,"34T","34T1H1S1Q",3,2026-09-12 15:38:51.0170000,0,0,832,2026-09-12 15:38:51.0170000,47.250000,18.716670
2381198,"Zahlinice",700,56,"33U","33U2H6S2Q",3,2026-09-12 15:38:55.7270000,0,0,1079,2026-09-12 15:38:55.7270000,49.283330,17.483330
2281728,"Csikotanya",1221,100,"34T","34T1H1S1Q",3,2026-09-12 15:39:00.5770000,0,0,850,2026-09-12 15:39:00.5770000,47.233330,18.683330
2280986,"Kisvelence",1221,100,"34T","34T1H1S1Q",3,2026-09-12 15:39:04.7830000,517,756,789,2026-09-12 15:39:04.7830000,47.216670,18.666670
2281722,"Buhim",1221,100,"34T","34T1H1S1Q",3,2026-09-12 15:39:09.3470000,0,0,859,2026-09-12 15:39:09.3470000,47.233330,18.650000
2385206,"Hlinsko pod Hostynem",700,56,"33U","33U2H6S2Q",3,2026-09-12 15:39:19.2270000,0,0,1036,2026-09-12 15:39:19.2270000,49.372260,17.629170
2384624,"Chomyz",700,56,"33U","33U2H6S2Q",3,2026-09-12 15:40:22.3230000,0,0,1038,2026-09-12 15:40:22.3230000,49.362370,17.645400
2353752,"North Saanich",451,38,"10U","10U2H5S3Q",3,2023-08-18 15:36:57.4470000,0,0,224332,2026-09-12 15:41:01.9830000,48.666340,-123.419330
2353537,"Port Sidney",451,38,"10U","10U2H5S3Q",3,2023-08-18 15:52:49.7030000,0,0,239399,2026-09-12 15:41:08.2800000,48.650460,-123.395690
2355170,"Prevost",3578,233,"10U","10U2H5S3Q",3,2023-08-18 13:36:06.4270000,0,0,1481045,2026-09-12 15:41:19.7630000,48.683990,-123.211300
2355211,"Waldron",3578,233,"10U","10U2H5S3Q",3,2016-12-15 13:49:11.6670000,0,0,2050551,2026-09-12 15:41:27.9270000,48.687600,-123.036850
2351289,"Roche Harbor",3578,233,"10U","10U2H5S3Q",3,2023-08-18 04:39:42.4000000,0,0,483669,2026-09-12 15:41:36.9470000,48.609820,-123.148800
2352134,"West Sound",3578,233,"10U","10U2H5S4Q",3,2017-09-05 12:52:08.5770000,0,0,584931,2026-09-12 15:41:44.3800000,48.631210,-122.956290
2353553,"Dolphin",3578,233,"10U","10U2H5S4Q",3,2017-03-06 00:27:19.1500000,0,0,503505,2026-09-12 15:41:53.0900000,48.651490,-122.909350
2352957,"Rosario",3578,233,"10U","10U2H5S4Q",3,2017-03-06 00:14:23.0500000,0,0,538833,2026-09-12 15:41:56.6830000,48.648710,-122.876020
2355207,"West Beach",3578,233,"10U","10U2H5S4Q",3,2016-10-07 20:33:23.0000000,0,0,1104106,2026-09-12 15:42:26.1800000,48.687330,-122.957680
9764,"Adelaide",138,13,"54H","54H1H4S1Q",2,2013-09-23 01:25:34.3330000,0,106634716,0,2026-09-12 15:42:46.8770000,-34.933330,138.600000
1721358,"Valleton",3567,233,"10S","10S2H3S2Q",1,2026-09-12 15:43:36.2270000,1057,153,0,2026-09-12 15:43:36.2270000,35.889410,-120.705730
2432292,"Dauernheim",710,57,"32U","32U2H2S3Q",2,2015-09-10 09:12:07.4830000,0,410815,0,2026-09-12 15:44:19.9470000,50.366670,8.950000
2678828,"Longniddry",977,77,"30U","30U1H2S2Q",3,2025-09-11 20:29:20.3730000,0,0,141294,2026-09-12 15:44:29.9670000,55.975430,-2.895930
2678713,"Cockenzie",977,77,"30U","30U1H2S2Q",3,2025-09-09 18:49:17.4170000,0,0,178156,2026-09-12 15:44:35.1270000,55.968230,-2.965620
2678244,"Prestonpans",977,77,"30U","30U1H2S2Q",3,2025-09-09 18:49:06.6430000,0,0,184450,2026-09-12 15:44:41.7930000,55.959390,-2.980380
2678892,"Newhaven",977,77,"30U","30U1H2S1Q",3,2025-06-07 20:28:17.4570000,0,0,440288,2026-09-12 15:45:48.4800000,55.979610,-3.197280
2678866,"Granton",977,77,"30U","30U1H2S1Q",3,2025-08-19 17:29:57.3230000,0,0,433670,2026-09-12 15:46:08.2170000,55.977930,-3.223800
1642473,"Castle Canyon Mesa",3572,233,"12S","12S2H1S4Q",1,2015-03-30 00:16:25.6870000,103987721,0,0,2026-09-12 15:46:13.7030000,34.590860,-112.355720
1712061,"Lake Nacimiento",3567,233,"10S","10S2H3S2Q",3,2025-08-31 02:59:43.7330000,0,0,3392,2026-09-12 15:47:26.8730000,35.728300,-120.879630
2142389,"Sorum Heights",3577,233,"14T","14T2H3S2Q",2,2013-03-18 18:17:15.9570000,0,5302567,0,2026-09-12 15:47:57.0200000,43.654140,-96.708940
2142302,"Sorum Addition",3577,233,"14T","14T2H3S2Q",2,2012-11-19 17:14:56.1330000,0,5273451,0,2026-09-12 15:48:01.6800000,43.651090,-96.713380
2141998,"Renner",3577,233,"14T","14T2H3S2Q",2,2013-03-18 15:17:08.7000000,0,5294972,0,2026-09-12 15:48:04.6500000,43.645530,-96.728380
2141987,"Renner Corner",3577,233,"14T","14T2H3S2Q",2,2012-11-19 17:12:31.9070000,0,5350496,0,2026-09-12 15:48:07.4530000,43.645250,-96.711440
2142081,"McCroskey Addition",3577,233,"14T","14T2H3S2Q",2,2013-09-18 12:49:25.0700000,0,5315715,0,2026-09-12 15:48:11.4300000,43.648860,-96.691720
2384644,"Brusne",700,56,"33U","33U2H6S2Q",3,2026-09-12 15:49:09.9070000,0,0,1038,2026-09-12 15:49:09.9070000,49.363340,17.660700
2385323,"Slavkov pod Hostynem",700,56,"33U","33U2H6S2Q",3,2026-09-12 15:49:25.0970000,0,0,1036,2026-09-12 15:49:25.0970000,49.377150,17.670330
2385887,"Bilavsko",700,56,"33U","33U2H6S2Q",3,2026-09-12 15:49:37.6400000,0,0,1043,2026-09-12 15:49:37.6400000,49.384640,17.644650
2386198,"Bystrice pod Hostynem",700,56,"33U","33U2H6S2Q",3,2026-09-12 15:49:48.0470000,0,0,1036,2026-09-12 15:49:48.0470000,49.399240,17.674010
2299556,"Fischerbichl",715,57,"32T","32T1H3S1Q",3,2024-10-09 18:08:47.6600000,0,0,20622,2026-09-12 15:51:24.1200000,47.600000,10.683330
2383924,"Rusava",700,56,"33U","33U2H6S2Q",3,2026-09-12 15:53:37.3670000,0,0,1037,2026-09-12 15:53:37.3670000,49.348430,17.689080
2305768,"Girard",3558,233,"14T","14T1H3S2Q",2,2016-04-12 19:16:23.0830000,0,170962,0,2026-09-12 15:53:45.5930000,47.728580,-96.674240
1724726,"Lockwood",3567,233,"10S","10S2H3S1Q",1,2026-09-12 15:58:09.9770000,1057,0,0,2026-09-12 15:58:09.9770000,35.944130,-121.083250
1724483,"Martinus Corner",3567,233,"10S","10S2H3S1Q",1,2026-09-12 15:58:12.2800000,1055,0,0,2026-09-12 15:58:12.2800000,35.939970,-121.119080
1726373,"Jolon",3567,233,"10S","10S2H3S1Q",1,2026-09-12 15:58:14.3400000,1057,0,0,2026-09-12 15:58:14.3400000,35.970800,-121.176030
1728790,"Hunter-Liggett",3567,233,"10S","10S1H6S3Q",1,2026-09-12 15:58:19.7230000,1055,0,0,2026-09-12 15:58:19.7230000,36.010240,-121.238540
2241835,"Trenary",3557,233,"16T","16T1H2S4Q",1,2026-08-28 14:22:05.8700000,2154,0,0,2026-09-12 15:58:51.3370000,46.195230,-86.969870
2239981,"Lathrop",3557,233,"16T","16T1H2S3Q",1,2026-09-01 18:31:49.5330000,2263,0,0,2026-09-12 15:59:00.7300000,46.148010,-87.222090
2061350,"Primavalle",1377,110,"33T","33T2H4S1Q",3,2015-10-09 07:58:17.3100000,0,0,2894127,2026-09-12 16:00:15.9830000,41.927730,12.416870
2680624,"Saint Davids",977,77,"30V","30V2H5S3Q",3,2025-06-08 02:45:14.5630000,0,0,703900,2026-09-12 16:00:37.6270000,56.033330,-3.350000
2681211,"Aberdour",977,77,"30V","30V2H5S3Q",3,2025-06-12 21:50:42.3370000,0,0,400275,2026-09-12 16:00:51.4200000,56.050000,-3.300000
2681212,"Burntisland",977,77,"30V","30V2H5S3Q",3,2025-08-02 16:10:10.9230000,0,0,424308,2026-09-12 16:00:56.4930000,56.050000,-3.233330
2381200,"Vylanta",700,56,"33U","33U2H6S2Q",3,2026-09-12 16:00:57.4500000,300,0,1088,2026-09-12 16:00:57.4500000,49.283330,17.666670
2681213,"Pettycur",977,77,"30V","30V2H5S3Q",3,2025-06-15 16:02:07.4800000,0,0,272156,2026-09-12 16:01:03.7230000,56.050000,-3.166670
2681808,"Kinghorn",977,77,"30V","30V2H5S3Q",3,2025-06-15 16:27:40.1870000,0,0,304425,2026-09-12 16:01:09.4830000,56.066670,-3.166670
2381391,"Frystak",700,56,"33U","33U2H6S2Q",3,2026-09-12 16:01:12.2630000,0,0,1038,2026-09-12 16:01:12.2630000,49.285200,17.683460
2682927,"Pathhead",977,77,"30V","30V2H5S3Q",3,2025-06-15 17:33:00.8600000,0,0,368172,2026-09-12 16:01:14.7730000,56.100000,-3.150000
2683535,"Sinclairtown",977,77,"30V","30V2H5S3Q",3,2025-06-15 22:12:32.4030000,0,0,277076,2026-09-12 16:01:20.2470000,56.116670,-3.150000
2683534,"Kirkcaldy",977,77,"30V","30V2H5S3Q",3,2025-06-15 17:53:14.6130000,0,0,401748,2026-09-12 16:01:24.7930000,56.116670,-3.166670
2381201,"Dolni Ves",700,56,"33U","33U2H6S2Q",3,2026-09-12 16:01:30.7170000,600,0,1029,2026-09-12 16:01:30.7170000,49.283330,17.683330
2732321,"Shumilova",2661,192,"35V","35V2H5S2Q",3,2026-09-12 16:03:11.7030000,0,110,300,2026-09-12 16:03:11.7030000,57.578860,27.590510
2731443,"Vysokiy Most",2661,192,"35V","35V2H5S2Q",3,2026-09-12 16:03:16.4670000,0,118,300,2026-09-12 16:03:16.4670000,57.549610,27.590880
2730925,"Zamosh'ye",2661,192,"35V","35V2H5S2Q",3,2026-09-12 16:03:19.0730000,0,105,300,2026-09-12 16:03:19.0730000,57.532620,27.629620
2730228,"Yushkovo",2661,192,"35V","35V2H5S2Q",3,2026-09-12 16:03:21.9770000,0,123,300,2026-09-12 16:03:21.9770000,57.507090,27.628560
2141386,"Andys Acres",3577,233,"14T","14T2H3S2Q",2,2013-03-18 18:14:10.2400000,0,5397042,0,2026-09-12 16:03:33.7400000,43.629420,-96.690050
2141137,"Meadow View Addition",3577,233,"14T","14T2H3S2Q",2,2013-03-18 00:57:40.3070000,0,5428136,0,2026-09-12 16:03:36.4300000,43.619970,-96.711160
2140652,"Erickson Subdivision",3577,233,"14T","14T2H3S2Q",2,2013-03-18 12:18:32.9130000,0,5429458,0,2026-09-12 16:03:42.1130000,43.608030,-96.710880
2140878,"Corson",3577,233,"14T","14T2H3S2Q",2,2013-02-14 18:55:13.6030000,0,5272256,0,2026-09-12 16:03:46.9430000,43.616360,-96.571710
2728857,"Pavlovo-Bliny",2661,192,"35V","35V2H5S2Q",3,2026-09-12 16:04:02.8470000,0,0,1398,2026-09-12 16:04:03.8600000,57.466280,27.617530
2381203,"Horni Ves",700,56,"33U","33U2H6S2Q",3,2026-09-12 16:04:14.0000000,300,0,1089,2026-09-12 16:04:14.0030000,49.283330,17.700000
2385905,"Karlovice",694,56,"33U","33U2H6S2Q",3,2026-09-12 16:06:51.6800000,0,0,1044,2026-09-12 16:06:51.6800000,49.385710,17.518930
2385401,"Stara Ves",694,56,"33U","33U2H6S2Q",3,2026-09-12 16:13:06.8100000,1101,0,1138,2026-09-12 16:13:06.8100000,49.380550,17.491600
2386012,"Prestavlky",694,56,"33U","33U2H6S2Q",3,2026-09-12 16:13:33.2500000,0,0,901,2026-09-12 16:13:33.2500000,49.390250,17.481520
1961663,"Ovid",3563,233,"17T","17T2H4S4Q",1,2026-06-13 19:54:09.5630000,13260,0,0,2026-09-12 16:14:09.3170000,40.043400,-82.809060
1967973,"Johnstown",3563,233,"17T","17T2H4S4Q",1,2026-06-04 09:43:44.9570000,12496,0,0,2026-09-12 16:14:17.3500000,40.153670,-82.685170
2741285,"Krasnogvardeyskiy",2705,192,"40V","40V2H6S2Q",1,2021-05-10 05:14:58.5670000,799621,0,0,2026-09-12 16:15:02.0100000,57.876110,59.941670
2140815,"Beaver Creek",3558,233,"14T","14T2H3S2Q",2,2013-02-18 17:44:15.8700000,0,5245143,0,2026-09-12 16:18:54.1000000,43.614140,-96.364480
2140037,"Manley",3558,233,"14T","14T2H3S2Q",2,2013-04-10 04:12:33.6600000,0,5249941,0,2026-09-12 16:18:57.3170000,43.590250,-96.431150
2197435,"Falcon Heights",3558,233,"15T","15T1H5S3Q",2,2018-06-09 17:14:40.3670000,0,3517006,0,2026-09-12 16:21:09.2500000,44.991630,-93.166330
1744753,"Lonoak",3567,233,"10S","10S1H6S4Q",1,2026-09-12 15:43:52.1870000,31049,0,0,2026-09-12 16:21:29.2900000,36.277460,-120.942960
853481,"Ban Khlong Sip Si",3213,218,"47P","47P1H6S1Q",2,2026-04-26 14:46:48.1130000,0,1619530,0,2026-09-12 16:21:55.7300000,13.981360,100.914500
853212,"Ban Pak Khlong Sip Hok",3213,218,"47P","47P1H6S1Q",2,2026-04-27 09:37:10.3900000,0,1195480,0,2026-09-12 16:21:56.3100000,13.973780,100.959810
864494,"Ban Wat Bot",3195,218,"47P","47P1H3S3Q",2,2026-03-07 04:06:11.9500000,0,1064676,0,2026-09-12 16:21:57.1370000,14.200000,100.533330
866523,"Ban Bo Ta Lo (3)",3195,218,"47P","47P1H3S3Q",2,2026-06-10 12:34:45.8330000,0,1008363,0,2026-09-12 16:21:59.3400000,14.250000,100.700000
853083,"Ban Khlong Sip Et Hok Wa",3203,218,"47P","47P1H6S1Q",1,2026-02-14 13:42:43.3970000,648948,0,0,2026-09-12 16:22:35.2330000,13.970170,100.843170
854278,"Ban Khlong Soi Thi Sip Et",3203,218,"47P","47P1H6S1Q",1,2026-03-24 09:08:06.3730000,970390,0,0,2026-09-12 16:22:35.8000000,13.994560,100.843360
2300429,"Hopferwald",715,57,"32T","32T1H3S1Q",3,2024-10-09 19:46:02.4730000,0,0,20389,2026-09-12 16:22:47.1400000,47.616670,10.666670
1761158,"Penvir",3567,233,"10S","10S1H6S3Q",1,2026-09-08 17:09:56.8770000,466929,0,300,2026-09-12 16:22:47.5570000,36.538570,-121.484110
2728247,"Tul'tseva",2661,192,"35V","35V2H5S2Q",3,2026-09-12 16:22:48.9800000,0,0,1391,2026-09-12 16:22:52.5700000,57.445140,27.608260
2299999,"Hopfen am See",715,57,"32T","32T1H3S1Q",3,2024-10-09 18:30:56.0700000,0,0,18122,2026-09-12 16:23:05.7800000,47.604720,10.683600
2728987,"Zhelon'-Sitovka",3444,230,"35V","35V2H6S2Q",3,2026-09-12 16:23:20.7530000,0,0,1056,2026-09-12 16:23:20.7530000,57.466670,29.233330
2734554,"Kozanogova",2661,192,"35V","35V2H6S2Q",3,2026-09-12 16:23:27.5600000,0,63,300,2026-09-12 16:23:27.5630000,57.652630,29.457560
2733376,"Yasno",2661,192,"35V","35V2H6S2Q",3,2026-09-12 16:23:31.1100000,0,81,300,2026-09-12 16:23:31.1100000,57.616340,29.473250
2734988,"Sokolikha",2661,192,"35V","35V2H6S2Q",3,2026-09-12 16:23:34.7200000,0,52,300,2026-09-12 16:23:34.7200000,57.667490,29.516780
1888561,"Pollock Pines",3567,233,"10S","10S1H3S4Q",3,2026-03-28 20:44:40.0130000,0,0,915256,2026-09-12 16:23:59.7200000,38.761290,-120.586590
2543561,"Gniezno",2451,180,"33U","33U1H6S4Q",3,2026-03-22 14:47:28.5900000,0,360,22696,2026-09-12 16:27:55.3800000,52.534810,17.582590
2555208,"Biskupin",2453,180,"33U","33U1H6S4Q",2,2026-09-12 10:01:50.6970000,0,208739,0,2026-09-12 16:28:12.6600000,52.787810,17.730390
1986013,"Horsetooth Heights",3568,233,"13T","13T2H5S3Q",2,2024-06-28 12:14:08.9700000,0,243671,0,2026-09-12 16:28:36.4600000,40.504430,-105.154150
1720353,"Pines of Brookhaven",3545,233,"17S","17S2H3S2Q",3,2013-08-15 01:12:20.6530000,0,0,612236,2026-09-12 16:31:19.6300000,35.871820,-78.684170
2411490,"Harpertshausen",710,57,"32U","32U2H5S1Q",2,2014-07-14 05:08:07.0130000,0,367565,0,2026-09-12 16:31:41.3170000,49.925830,8.916940
2283897,"Cebalop (historical)",3578,233,"10T","10T1H2S2Q",1,2013-11-09 23:50:09.7700000,3482056,7265,0,2026-09-12 16:33:22.5900000,47.275380,-122.474850
1951042,"Reese",3563,233,"17S","17S1H1S2Q",3,2025-10-14 13:32:39.6600000,517,0,1996500,2026-09-12 16:33:30.5800000,39.866170,-82.952680
2137163,"Bruce",3558,233,"14T","14T2H3S2Q",2,2013-02-18 03:11:39.1300000,0,5238249,0,2026-09-12 16:33:48.6170000,43.522200,-96.398370
2137335,"Hills",3558,233,"14T","14T2H3S2Q",2,2014-01-29 23:35:47.8130000,0,5242765,0,2026-09-12 16:33:52.1330000,43.528030,-96.358650
2139667,"Valley Springs",3577,233,"14T","14T2H3S2Q",2,2013-02-04 01:30:16.6570000,0,5322665,0,2026-09-12 16:33:59.5200000,43.582470,-96.467820
1928737,"Fairview",3563,233,"17S","17S1H1S1Q",1,2025-04-25 12:40:07.2800000,3024,0,0,2026-09-12 16:34:04.4600000,39.479780,-83.305190
2140155,"Brandon",3577,233,"14T","14T2H3S2Q",2,2013-02-14 13:13:13.0630000,0,5325841,0,2026-09-12 16:34:10.0300000,43.594700,-96.571990
1926253,"Austin",3563,233,"17S","17S1H1S1Q",1,2025-12-24 06:08:06.6030000,1380,0,0,2026-09-12 16:36:10.8000000,39.436730,-83.222410
2609548,"Wansford",979,77,"30U","30U1H6S2Q",1,2026-07-04 19:24:59.4100000,333044,0,0,2026-09-12 16:38:04.2800000,53.990920,-0.381170
2386616,"Dobrcice",694,56,"33U","33U2H6S2Q",3,2026-09-12 16:38:18.3770000,0,0,1016,2026-09-12 16:38:18.3770000,49.402030,17.480490
2385426,"Rikovice",694,56,"33U","33U2H6S2Q",3,2026-09-12 16:38:34.3570000,0,0,1016,2026-09-12 16:38:34.3570000,49.381550,17.451230
2385203,"Zalkovice",700,56,"33U","33U2H6S2Q",3,2026-09-12 16:38:50.2500000,600,0,1029,2026-09-12 16:38:50.2500000,49.371910,17.435930
2384364,"Brest",700,56,"33U","33U2H6S2Q",3,2026-09-12 16:39:01.3330000,0,0,1007,2026-09-12 16:39:01.3330000,49.351070,17.440720
2386840,"Horni Mostenice",694,56,"33U","33U2H6S2Q",3,2026-09-12 16:39:11.1670000,0,0,995,2026-09-12 16:39:11.1670000,49.412130,17.458790
2082417,"East Chatham",3562,233,"18T","18T2H3S3Q",1,2015-09-20 22:53:29.9200000,42357,0,0,2026-09-12 16:39:26.5330000,42.410640,-73.524560
1938237,"Ridgeley",3550,233,"17S","17S1H3S2Q",3,2018-08-26 10:54:38.6600000,0,0,30436884,2026-09-12 16:40:14.4070000,39.641480,-78.774460
2333426,"Wallburg",716,57,"32U","32U2H4S4Q",3,2022-08-31 21:30:59.3230000,0,0,267745,2026-09-12 16:40:58.0600000,48.266670,7.850000
2049698,"Iowa City",3553,233,"15T","15T2H6S1Q",2,2016-09-14 13:49:54.0800000,0,8530409,0,2026-09-12 16:41:34.1230000,41.661130,-91.530170
2382699,"Bilany",700,56,"33U","33U2H6S2Q",3,2026-09-12 16:41:48.1770000,0,0,1078,2026-09-12 16:41:48.1770000,49.316670,17.433330
2211346,"La Grande",3576,233,"11T","11T1H4S2Q",2,2023-11-21 00:30:11.1600000,0,46290,0,2026-09-12 16:42:19.5630000,45.324580,-118.087720
2274669,"Maille",960,75,"31T","31T1H1S1Q",2,2017-01-28 02:13:04.8600000,0,32466,0,2026-09-12 16:42:20.3900000,47.053800,0.582250
2383151,"Skastice",700,56,"33U","33U2H6S2Q",3,2026-09-12 16:44:40.9170000,0,0,1073,2026-09-12 16:44:40.9170000,49.332310,17.417390
2386663,"Rychlov",694,56,"33U","33U2H6S2Q",3,2026-09-12 16:46:34.2500000,682,0,1137,2026-09-12 16:46:34.2500000,49.403810,17.648810
1873776,"Vineyard",3567,233,"10S","10S1H3S3Q",2,2013-04-08 14:11:23.5100000,0,4133581,0,2026-09-12 16:46:57.9970000,38.467160,-121.334760
1563219,"Greenwood",3539,233,"16S","16S2H6S2Q",3,2013-07-20 22:40:42.1070000,0,0,23901568,2026-09-12 16:47:36.7900000,33.392890,-84.168810
2139624,"Country Gables Subdivision",3577,233,"14T","14T2H3S2Q",2,2013-02-14 17:42:03.6100000,0,5293474,0,2026-09-12 16:48:44.4230000,43.580530,-96.612550
2277971,"Saint-Lazare",960,75,"31T","31T1H1S1Q",2,2026-09-12 16:48:44.5370000,0,669,0,2026-09-12 16:48:44.5370000,47.149860,0.235840
2139361,"Indian Hill Division",3577,233,"14T","14T2H3S2Q",2,2013-02-14 17:42:40.1500000,0,5283111,0,2026-09-12 16:48:47.8400000,43.571360,-96.621710
2138822,"Hill Ridge Development",3577,233,"14T","14T2H3S2Q",2,2013-02-15 13:08:14.6330000,0,5530185,0,2026-09-12 16:48:51.9400000,43.558860,-96.635600
2138628,"Pine Lakes Addition",3577,233,"14T","14T2H3S2Q",2,2013-02-15 13:07:44.3870000,0,5495874,0,2026-09-12 16:48:55.2130000,43.551920,-96.635600
2277946,"Cinais",960,75,"31T","31T1H1S1Q",3,2024-05-11 08:46:03.6200000,0,1034,3587,2026-09-12 16:48:57.5530000,47.148030,0.181860
2138821,"Ingberg Tracts",3577,233,"14T","14T2H3S2Q",2,2013-02-15 15:42:37.9970000,0,5503516,0,2026-09-12 16:48:59.4970000,43.558860,-96.646160
2379621,"Ros",715,57,"32U","32U2H6S1Q",3,2015-01-10 19:37:20.1030000,0,0,613167,2026-09-12 16:49:45.5630000,49.250000,10.550000
2211916,"Island City",3576,233,"11T","11T1H4S2Q",2,2023-11-21 01:11:51.9670000,0,3763,0,2026-09-12 16:50:35.4570000,45.340970,-118.044660
2277763,"La Roche-Clermault",960,75,"31T","31T1H1S1Q",3,2024-05-11 08:46:06.8200000,0,517,4847,2026-09-12 16:50:40.4000000,47.137450,0.205970
2208653,"Hot Lake",3576,233,"11T","11T1H5S1Q",2,2023-11-21 01:53:58.5100000,0,9997,0,2026-09-12 16:50:54.7030000,45.244580,-117.957710
2207317,"Union",3576,233,"11T","11T1H5S1Q",2,2025-07-06 22:22:36.8430000,0,2591,0,2026-09-12 16:51:07.4300000,45.208470,-117.865210
2386123,"Chvalcova Lhota",700,56,"33U","33U2H6S2Q",3,2026-09-12 16:52:30.7700000,444,0,1137,2026-09-12 16:52:30.7700000,49.395840,17.696670
2385985,"Chvalcov",700,56,"33U","33U2H6S2Q",3,2026-09-12 16:52:40.3100000,0,0,938,2026-09-12 16:52:40.3100000,49.389180,17.711490
1806810,"Saratoga",3567,233,"10S","10S1H5S2Q",1,2024-11-12 02:28:11.4670000,4180906,0,5553,2026-09-12 16:53:06.9630000,37.263830,-122.023010
2574355,"Poselok Shmidta",2658,192,"39U","39U1H5S1Q",3,2026-06-08 19:24:01.7830000,0,0,1970604,2026-09-12 16:53:26.7970000,53.181380,50.110040
2234177,"Maplewood",3557,233,"16T","16T1H5S2Q",1,2026-09-12 16:58:53.7630000,300,0,17,2026-09-12 16:58:53.7630000,45.968850,-86.972360
2232093,"Masonville",3557,233,"16T","16T1H5S2Q",1,2026-09-12 16:59:01.1400000,300,0,291,2026-09-12 16:59:01.1400000,45.912740,-86.987360
2230757,"Kipling",3557,233,"16T","16T1H5S1Q",1,2026-09-12 16:59:07.9070000,300,0,257,2026-09-12 16:59:07.9070000,45.873300,-87.011810
2230013,"Gladstone",3557,233,"16T","16T1H5S1Q",1,2026-09-12 16:59:14.5970000,300,0,260,2026-09-12 16:59:14.5970000,45.852740,-87.021800
2228253,"Lake Bluff",3557,233,"16T","16T1H5S1Q",1,2026-09-12 16:59:24.0730000,300,0,210,2026-09-12 16:59:24.0730000,45.812470,-87.057360
2210343,"Cove",3576,233,"11T","11T1H5S1Q",2,2023-11-21 01:53:51.2170000,0,3732,0,2026-09-12 16:59:27.4270000,45.296530,-117.807990
2227506,"Larch",3557,233,"16T","16T1H5S1Q",1,2026-09-12 16:59:31.9730000,300,0,184,2026-09-12 16:59:31.9730000,45.789690,-87.064580
2202922,"Telocaset",3576,233,"11T","11T1H5S1Q",2,2025-07-06 22:18:08.8100000,0,2575,0,2026-09-12 16:59:34.3500000,45.100970,-117.826330
2226903,"Wells",3557,233,"16T","16T1H5S1Q",1,2026-09-12 16:59:52.1330000,1167,0,0,2026-09-12 16:59:52.1330000,45.777190,-87.079580
2198258,"Pondosa",3576,233,"11T","11T1H5S1Q",2,2024-07-06 16:00:26.7800000,0,3419,0,2026-09-12 16:59:58.0230000,45.007930,-117.642710
2226331,"North Escanaba",3557,233,"16T","16T1H5S1Q",1,2026-09-12 17:00:03.4470000,600,0,84,2026-09-12 17:00:03.4470000,45.764690,-87.074300
2198827,"Medical Springs",3576,233,"11T","11T1H5S1Q",2,2024-07-06 16:00:18.4670000,0,2545,0,2026-09-12 17:00:10.7270000,45.017090,-117.628540
1719953,"Chippenhaven Square",3545,233,"17S","17S2H3S2Q",3,2013-08-12 17:57:49.2800000,0,0,520002,2026-09-12 17:00:18.3170000,35.866540,-78.678620
2053518,"Porto",1377,110,"33T","33T2H4S1Q",3,2019-02-12 12:44:12.6570000,0,0,1691044,2026-09-12 17:00:42.6130000,41.738530,12.245810
2138859,"Cactus Heights",3577,233,"14T","14T2H3S2Q",2,2013-02-15 16:05:30.2700000,0,5505429,0,2026-09-12 17:03:46.7500000,43.560250,-96.667270
2137334,"Split Rock Heights",3577,233,"14T","14T2H3S2Q",2,2013-02-14 17:41:22.7970000,0,5520300,0,2026-09-12 17:03:50.6000000,43.528030,-96.649770
2137344,"Iversons Subdivision",3577,233,"14T","14T2H3S2Q",2,2013-02-14 16:20:21.1670000,0,5483151,0,2026-09-12 17:03:53.4830000,43.528310,-96.639770
2136741,"Anderson Subdivision",3577,233,"14T","14T2H3S2Q",2,2013-02-14 15:49:19.5700000,0,5539317,0,2026-09-12 17:03:56.2130000,43.516360,-96.625050
2137301,"East Sioux Falls",3577,233,"14T","14T2H3S2Q",2,2013-02-14 15:48:38.3470000,0,5498601,0,2026-09-12 17:03:59.5600000,43.526920,-96.608660
804302,"Ban Don Yang Thon",3167,218,"47P","47P1H6S1Q",1,2024-12-11 07:22:46.2600000,92704,11547,0,2026-09-12 17:08:37.9670000,13.016680,100.005170
2345351,"Plateau",955,75,"31U","31U2H5S3Q",3,2024-04-30 11:24:09.2200000,0,5033,77857,2026-09-12 17:11:07.7670000,48.500000,2.066670
2351448,"Launay-Marechaux",955,75,"31U","31U2H5S3Q",3,2021-12-14 08:10:52.9900000,0,1397,690088,2026-09-12 17:11:28.4700000,48.616670,2.100000
2353839,"Vieille-Eglise-en-Yvelines",955,75,"31U","31U2H4S4Q",3,2024-04-05 10:20:04.9900000,0,7830,66778,2026-09-12 17:11:52.2000000,48.666670,1.866670
2181806,"Pleasant Valley",3576,233,"11T","11T1H5S3Q",2,2024-07-06 17:15:22.1500000,0,8979,0,2026-09-12 17:13:12.1200000,44.674320,-117.630490
2353053,"Cerqueuse",955,75,"31U","31U2H4S4Q",3,2024-04-29 13:04:04.8930000,0,2234,111001,2026-09-12 17:13:34.1970000,48.650000,1.783330
1410744,"Jonestown",3549,233,"14R","14R1H3S3Q",2,2024-09-23 03:09:23.2970000,0,8791620,0,2026-09-12 17:13:49.7000000,30.495470,-97.923350
2137094,"Rowena",3577,233,"14T","14T2H3S2Q",2,2014-09-16 15:12:49.6070000,0,6032020,0,2026-09-12 17:18:52.1370000,43.520250,-96.555880
2136421,"Benclare",3577,233,"14T","14T2H3S2Q",2,2013-02-18 03:02:27.6230000,0,5314228,0,2026-09-12 17:18:54.7870000,43.505530,-96.478930
2134945,"Shindler",3577,233,"14T","14T2H3S2Q",2,2013-10-16 17:08:58.7400000,0,5380476,0,2026-09-12 17:18:58.2670000,43.474980,-96.648660
2132778,"Harrisburg",3577,233,"14T","14T2H3S2Q",2,2013-02-19 04:05:44.8930000,0,5425489,0,2026-09-12 17:19:03.0100000,43.431370,-96.697270
2127555,"Worthing",3577,233,"14T","14T2H3S2Q",2,2013-02-20 03:51:50.6730000,0,5203702,0,2026-09-12 17:19:07.0870000,43.329150,-96.762830
864499,"Ban Lam Sai",3195,218,"47P","47P1H3S3Q",1,2026-08-15 05:29:32.0170000,714538,0,0,2026-09-12 17:21:05.4070000,14.200000,100.650000
2355274,"Beach Haven",3578,233,"10U","10U2H5S4Q",3,2016-06-28 21:51:21.7770000,0,0,1320688,2026-09-12 17:23:41.2070000,48.692050,-122.950740
2355959,"Camp Orkila",3578,233,"10U","10U2H5S4Q",3,2016-02-05 22:29:10.5570000,0,0,2030619,2026-09-12 17:23:49.1070000,48.701220,-122.941850
2355346,"Eastsound",3578,233,"10U","10U2H5S4Q",3,2016-02-15 19:46:59.6700000,0,0,1261083,2026-09-12 17:23:55.1000000,48.696770,-122.905460
2356034,"Buckhorn",3578,233,"10U","10U2H5S4Q",3,2015-11-21 21:08:25.1970000,0,0,1418812,2026-09-12 17:23:58.7030000,48.706490,-122.869350
2356177,"Beach",3578,233,"10U","10U2H5S4Q",3,2015-10-23 03:15:23.0670000,0,0,1329785,2026-09-12 17:24:07.7930000,48.715940,-122.683790
2356834,"Lummi Island",3578,233,"10U","10U2H5S4Q",3,2015-07-16 16:32:58.1930000,0,0,1689042,2026-09-12 17:24:15.9700000,48.724550,-122.686290
2359698,"Marietta",3578,233,"10U","10U2H5S4Q",3,2015-02-28 08:18:34.2300000,0,0,1328437,2026-09-12 17:24:25.3800000,48.787050,-122.580450
2359815,"Lummi",3578,233,"10U","10U2H5S4Q",3,2015-08-01 21:26:05.4370000,0,0,1675464,2026-09-12 17:24:30.9770000,48.794830,-122.613790
1784142,"Logan",3567,233,"10S","10S1H6S3Q",1,2024-08-19 23:45:39.3030000,378127,0,0,2026-09-12 17:25:11.4270000,36.906900,-121.631610
1783944,"Chittenden",3567,233,"10S","10S1H6S3Q",1,2024-08-19 23:45:45.6130000,332505,0,0,2026-09-12 17:25:58.7070000,36.903290,-121.608280
2278503,"Steinhof",510,43,"32T","32T1H1S2Q",1,2015-02-14 04:23:14.1700000,1059325,1861,0,2026-09-12 17:29:10.5900000,47.161240,7.686740
1868726,"Franklin",3567,233,"10S","10S1H3S3Q",2,2023-07-29 16:42:11.5570000,0,2160925,0,2026-09-12 17:29:16.7700000,38.379080,-121.454400
1933051,"Springboro",3563,233,"16S","16S1H3S2Q",2,2024-02-13 20:06:19.1400000,0,1010648,0,2026-09-12 17:30:17.8770000,39.552280,-84.233270
2559506,"Attenborough",979,77,"30U","30U1H6S3Q",2,2024-10-28 13:00:43.3930000,1380,2546,0,2026-09-12 17:30:19.0270000,52.883330,-1.233330
2186546,"Baker City",3576,233,"11T","11T1H5S3Q",2,2025-07-06 21:51:38.9600000,0,153226,0,2026-09-12 17:31:12.4000000,44.774870,-117.834380
2361167,"Brennan",3578,233,"10U","10U2H5S4Q",3,2015-11-03 04:51:33.4170000,0,0,1461049,2026-09-12 17:32:08.8630000,48.822330,-122.562390
2361997,"Ferndale",3578,233,"10U","10U2H5S4Q",3,2013-05-16 00:28:54.9600000,0,0,6140296,2026-09-12 17:32:15.7500000,48.846500,-122.591010
2360596,"Neptune Beach",3578,233,"10U","10U2H5S4Q",3,2013-07-20 05:07:33.1500000,0,0,5702782,2026-09-12 17:32:30.0130000,48.815940,-122.707680
2126296,"Canton",3577,233,"14T","14T2H3S2Q",2,2013-02-20 20:17:40.6530000,0,5232303,0,2026-09-12 17:33:53.4100000,43.300810,-96.592820
2030747,"Bruno",3559,233,"14T","14T2H6S2Q",3,2016-11-08 08:01:07.2300000,0,46345,1950269,2026-09-12 17:34:23.2770000,41.283900,-96.958640
2033258,"Abie",3559,233,"14T","14T2H6S2Q",3,2016-11-08 08:01:19.1700000,0,1645,3039378,2026-09-12 17:34:32.5270000,41.334180,-96.948920
1820046,"Belle Haven",3567,233,"10S","10S1H5S2Q",1,2026-04-19 16:22:07.6270000,2015622,0,0,2026-09-12 17:37:50.5630000,37.476330,-122.159410
2087380,"Nassau",3562,233,"18T","18T2H3S3Q",1,2018-06-05 02:13:35.0130000,31999,0,0,2026-09-12 17:37:52.8630000,42.515910,-73.610120
1948227,"Mount Washington",3584,233,"17S","17S1H3S1Q",3,2024-02-26 13:48:50.6300000,0,0,9794,2026-09-12 17:40:44.9530000,39.814520,-79.580040
1921831,"Airy Hills",3563,233,"16S","16S1H3S2Q",1,2026-09-12 17:42:24.6230000,953,0,0,2026-09-12 17:42:24.6230000,39.362500,-84.415280
1928665,"Oneida",3563,233,"16S","16S1H3S2Q",1,2026-09-12 17:42:37.0200000,999,0,0,2026-09-12 17:42:37.0200000,39.478390,-84.390220
1930387,"Oakland",3563,233,"16S","16S1H3S2Q",1,2026-09-12 17:42:42.0200000,1026,205,0,2026-09-12 17:42:42.0200000,39.506720,-84.400220
1919681,"Orchard Acres",3563,233,"16S","16S1H3S2Q",1,2026-09-12 17:42:50.2600000,1002,0,0,2026-09-12 17:42:50.2600000,39.319440,-84.361670
1911670,"Indian Knolls",3563,233,"16S","16S1H3S2Q",3,2016-05-20 10:07:55.1900000,1260,517,327931,2026-09-12 17:43:05.3430000,39.178120,-84.274660
2189988,"Sudak",3435,230,"36T","36T1H6S3Q",2,2026-08-03 08:22:31.8530000,25200,318288,0,2026-09-12 17:45:19.7900000,44.847260,34.979380
2270444,"Bern",523,43,"32T","32T1H1S4Q",1,2013-11-14 13:42:48.0000000,327902978,600,0,2026-09-12 17:46:31.2430000,46.948090,7.447440
2182620,"Encina",3576,233,"11T","11T1H5S3Q",2,2024-07-06 17:01:11.5130000,0,7412,0,2026-09-12 17:48:41.0870000,44.691550,-117.691320
1921511,"Maud",3563,233,"16S","16S1H3S2Q",1,2026-09-12 17:48:52.3130000,994,0,0,2026-09-12 17:48:52.3130000,39.355340,-84.390220
1923485,"Jericho",3563,233,"16S","16S1H3S2Q",1,2026-09-12 17:48:59.0400000,993,0,0,2026-09-12 17:48:59.0400000,39.391450,-84.371050
1759339,"Colonial Court",3548,233,"16S","16S1H5S3Q",2,2022-02-11 17:46:05.5770000,0,7940,600,2026-09-12 17:50:00.6630000,36.509220,-87.315010
1759247,"Knollwood",3548,233,"16S","16S1H5S3Q",2,2023-02-23 05:24:47.4200000,300,21246,1200,2026-09-12 17:50:15.7300000,36.507550,-87.316670
2637885,"Verkhneye Dudkino",2696,192,"40U","40U1H2S3Q",3,2022-04-01 07:29:03.3000000,0,0,3820369,2026-09-12 17:52:11.7000000,54.743600,56.046700
2004247,"Maello",908,68,"30T","30T2H4S4Q",3,2021-11-02 11:01:12.4800000,0,0,113631,2026-09-12 17:54:34.3770000,40.816670,-4.500000
1605185,"El Nido",3567,233,"11S","11S2H1S4Q",1,2026-09-11 12:51:03.7570000,5995,0,0,2026-09-12 17:55:01.4330000,34.043620,-118.739250
1877591,"Albers",3554,233,"16S","16S1H1S3Q",1,2023-01-06 06:38:32.5100000,133178,11915,0,2026-09-12 17:55:33.6000000,38.543380,-89.612310
2797171,"Pirila",929,70,"34V","34V1H6S3Q",1,2013-08-27 10:10:58.1270000,13221,0,0,2026-09-12 17:55:49.9670000,60.490170,22.129810
2798427,"Taka-Paltta",3833,70,"34V","34V1H6S3Q",1,2013-11-04 13:17:50.5800000,6762,0,0,2026-09-12 17:56:23.4930000,60.576130,22.103460
2309135,"Ross",3558,233,"14T","14T1H3S2Q",2,2016-04-12 23:48:55.1570000,0,146113,0,2026-09-12 17:58:11.7370000,47.797470,-96.739790
2310564,"Freeman",3558,233,"14T","14T1H3S2Q",2,2016-04-13 13:51:28.3330000,0,123414,0,2026-09-12 17:58:18.7730000,47.819420,-96.760900
1807620,"Champagne Fountain",3567,233,"10S","10S1H5S2Q",1,2024-07-20 04:00:31.0870000,2373445,0,1034,2026-09-12 18:00:49.4700000,37.275780,-122.008570
2279776,"La Reuchenette",523,43,"32T","32T1H1S2Q",1,2025-01-06 20:24:57.4330000,1136381,0,0,2026-09-12 18:01:58.2100000,47.190470,7.246630
2279305,"Rondchatel",523,43,"32T","32T1H1S2Q",1,2025-01-06 21:51:26.5870000,1132485,517,0,2026-09-12 18:02:02.9730000,47.183330,7.250000
2279731,"Vauffelin",523,43,"32T","32T1H1S2Q",1,2025-01-07 10:18:13.5130000,1142672,0,0,2026-09-12 18:02:06.7700000,47.187310,7.300100
1363240,"Williston Highlands",3538,233,"17R","17R1H4S2Q",1,2025-11-04 11:58:16.0300000,228116,0,0,2026-09-12 18:02:26.4470000,29.333710,-82.535720
2274312,"Le Landeron",516,43,"32T","32T1H1S2Q",1,2013-09-15 00:55:35.3800000,1033069,300,0,2026-09-12 18:02:34.0000000,47.050000,7.066670
2293330,"Goldach",513,43,"32T","32T1H2S2Q",3,2026-09-12 10:13:35.7430000,0,0,42963,2026-09-12 18:04:07.1770000,47.466670,9.466670
2282397,"Saicourt",523,43,"32T","32T1H1S2Q",2,2026-05-03 18:48:01.4830000,0,1734991,0,2026-09-12 18:04:12.9970000,47.250000,7.200000
2279870,"Corgemont",523,43,"32T","32T1H1S2Q",1,2025-01-06 11:21:38.0330000,1484459,0,0,2026-09-12 18:04:21.3430000,47.194570,7.145170
1763217,"Corral de Tierra",3567,233,"10S","10S1H6S3Q",3,2026-09-12 18:05:31.5830000,0,0,362,2026-09-12 18:05:31.5830000,36.569960,-121.732450
2173703,"Weatherby",3576,233,"11T","11T1H5S3Q",2,2023-11-15 19:33:12.5030000,0,8140,0,2026-09-12 18:06:50.3130000,44.498490,-117.371300
1946654,"Greenfield",3555,233,"16S","16S1H3S1Q",3,2022-04-23 22:11:08.6500000,0,0,11219,2026-09-12 18:07:14.3200000,39.785040,-85.769420
1819684,"East Palo Alto",3567,233,"10S","10S1H5S2Q",1,2025-04-07 21:03:18.6170000,3749576,0,0,2026-09-12 18:15:34.5530000,37.468830,-122.141080
1819614,"Menlo Oaks",3567,233,"10S","10S1H5S2Q",1,2024-12-27 15:04:55.4200000,2070924,0,0,2026-09-12 18:15:44.9030000,37.467500,-122.166940
1989878,"El Escorial",904,68,"30T","30T2H4S4Q",1,2013-07-21 00:29:16.6970000,1249325,0,0,2026-09-12 18:15:50.5700000,40.582540,-4.128460
2547750,"Celle Vorwerk",708,57,"32U","32U1H6S3Q",3,2026-09-12 18:16:26.8500000,0,0,1052,2026-09-12 18:16:26.8500000,52.633330,10.083330
2571544,"Bydgoszcz",2453,180,"34U","34U1H4S1Q",3,2026-09-12 18:17:09.8000000,0,0,1132,2026-09-12 18:17:09.8000000,53.123500,18.007620
2547026,"Celle",708,57,"32U","32U1H6S3Q",1,2026-08-17 17:21:51.9670000,17088,0,300,2026-09-12 18:18:22.9600000,52.616670,10.083330
1824623,"Foster City",3567,233,"10S","10S1H5S2Q",1,2025-01-27 17:13:21.2600000,3381956,0,0,2026-09-12 18:21:45.0300000,37.558550,-122.271080
2054820,"Fiumicino",1377,110,"33T","33T2H4S1Q",3,2021-12-23 21:26:36.4630000,0,0,2031320,2026-09-12 18:23:06.7730000,41.767470,12.229070
2144739,"Garretson",3577,233,"14T","14T2H3S2Q",2,2013-04-11 23:53:04.5100000,0,5235950,0,2026-09-12 18:23:22.9600000,43.717470,-96.502820
2146144,"Sherman",3577,233,"14T","14T2H3S2Q",2,2013-02-17 21:34:07.9070000,0,5282012,0,2026-09-12 18:23:29.1870000,43.759140,-96.476150
165172,"Bellavista",2384,175,"18L","18L2H1S1Q",1,2019-08-16 19:23:03.1830000,20042,0,0,2026-09-12 18:23:40.2130000,-12.066670,-77.133330
165023,"La Perla",2384,175,"18L","18L2H1S1Q",1,2025-10-22 04:29:07.3400000,10024,0,0,2026-09-12 18:23:56.7270000,-12.083330,-77.133330
1822520,"Belmont",3567,233,"10S","10S1H5S2Q",1,2026-06-02 19:39:28.3170000,2535804,0,0,2026-09-12 18:25:13.7000000,37.520210,-122.275800
2299983,"Neuvy-le-Roi",960,75,"31T","31T1H1S1Q",2,2026-09-12 18:25:55.5930000,0,2235,0,2026-09-12 18:25:55.5930000,47.603860,0.594720
2156077,"Ingard",3573,233,"11T","11T1H5S4Q",2,2026-09-12 18:28:12.1930000,0,4440,0,2026-09-12 18:28:20.9400000,44.033500,-116.923210
2304932,"White",3578,233,"10T","10T1H2S2Q",1,2020-12-07 07:44:31.8800000,5165560,0,0,2026-09-12 18:30:09.6500000,47.707600,-122.088730
2211797,"Pointe-des-Cascades",459,38,"18T","18T1H6S1Q",1,2026-06-20 02:05:08.5830000,350079,0,0,2026-09-12 18:36:08.6830000,45.333380,-73.965910
2018732,"Slippery Rock",3584,233,"17T","17T2H5S2Q",3,2022-09-07 20:25:13.1600000,0,0,320867,2026-09-12 18:39:33.7670000,41.063950,-80.056450
1793460,"Mission Springs",3567,233,"10S","10S1H5S2Q",3,2010-01-01 00:00:00.0000000,0,0,1166904,2026-09-12 18:40:24.5870000,37.066340,-122.032460
2281251,"Tavannes",523,43,"32T","32T1H1S2Q",1,2025-01-06 19:39:47.0870000,1528310,2254,0,2026-09-12 18:40:58.5400000,47.220790,7.197590
1744337,"Owasso",3546,233,"15S","15S1H4S3Q",3,2013-09-02 23:02:05.2970000,0,0,7970762,2026-09-12 18:43:22.6270000,36.269540,-95.854710
1550884,"Weaver",3549,233,"15S","15S2H4S1Q",1,2024-03-31 04:03:02.3670000,98162,0,0,2026-09-12 18:45:09.8400000,33.168170,-95.408280
1811834,"San Jose",3567,233,"10S","10S1H6S1Q",1,2024-06-20 01:51:29.9930000,7728289,0,0,2026-09-12 18:50:39.9270000,37.339390,-121.894960
1580652,"DC Ranch",3572,233,"12S","12S2H5S1Q",2,2019-04-01 15:33:19.1400000,0,3012549,11635,2026-09-12 18:50:57.5370000,33.667540,-111.865420
1880088,"O'Fallon",3554,233,"16S","16S1H1S3Q",3,2021-11-24 14:04:38.9500000,0,0,59091348,2026-09-12 18:52:03.0700000,38.592270,-89.911210
2362024,"Mountain View",3578,233,"10U","10U2H5S4Q",3,2013-05-15 01:00:13.9470000,0,0,5582175,2026-09-12 18:54:21.3970000,48.848170,-122.671290
2363960,"Kickerville",3578,233,"10U","10U2H5S4Q",3,2013-10-05 16:36:24.9170000,0,0,5867124,2026-09-12 18:54:25.9870000,48.885110,-122.704070
2364745,"Pleasant Valley",3578,233,"10U","10U2H5S4Q",3,2013-07-20 20:14:39.1300000,0,0,5935578,2026-09-12 18:54:31.3870000,48.906500,-122.704620
2365342,"Birch Bay",3578,233,"10U","10U2H5S4Q",3,2013-06-08 22:42:51.3300000,0,0,4940851,2026-09-12 18:54:41.3130000,48.917890,-122.744620
2365400,"Birch Bay",3578,233,"10U","10U2H5S4Q",3,2013-11-28 02:12:11.3200000,0,0,4710137,2026-09-12 18:54:46.7300000,48.920920,-122.759010
2366089,"Cottonwood Beach",3578,233,"10U","10U2H5S4Q",3,2013-06-29 01:17:11.2970000,0,0,4910958,2026-09-12 18:54:51.7100000,48.939830,-122.757120
2365992,"Birch Bay Circle Grange",3578,233,"10U","10U2H5S4Q",3,2013-07-22 23:05:39.0370000,0,0,4656614,2026-09-12 18:54:58.1200000,48.933720,-122.747950
2366845,"Hillsdale",3578,233,"10U","10U2H5S4Q",3,2013-11-27 03:04:21.2430000,0,0,6578628,2026-09-12 18:55:04.4170000,48.960390,-122.735730
2155057,"Fruitland",3573,233,"11T","11T1H5S4Q",2,2026-09-12 18:55:24.9570000,0,5968,0,2026-09-12 18:55:41.0100000,44.007660,-116.916550
2301048,"Vesoul",957,75,"32T","32T1H1S1Q",1,2015-09-06 20:01:39.1270000,68183761,0,0,2026-09-12 18:56:56.6870000,47.633330,6.166670
2215810,"Aims",3576,233,"10T","10T1H5S2Q",3,2025-01-24 19:37:32.6500000,0,0,4725749,2026-09-12 18:58:16.5500000,45.450680,-122.207870
785249,"Ban Bo Kaeo",3165,218,"47P","47P1H5S4Q",1,2016-02-18 16:00:52.3100000,122564,93355,0,2026-09-12 19:01:22.5070000,12.433330,99.983330
2682926,"Auchtertool",977,77,"30V","30V2H5S3Q",3,2025-06-13 04:24:18.3300000,0,0,276957,2026-09-12 19:10:18.8270000,56.100000,-3.250000
2684132,"Cardenden",977,77,"30V","30V2H5S3Q",3,2025-06-03 10:37:34.8130000,0,0,287251,2026-09-12 19:10:23.0700000,56.133330,-3.250000
2684131,"Auchterderran",977,77,"30V","30V2H5S3Q",3,2025-06-09 20:01:17.6930000,0,0,235540,2026-09-12 19:10:27.9700000,56.133330,-3.266670
2684748,"Ballingry",977,77,"30V","30V2H5S3Q",3,2025-06-03 07:09:31.2700000,0,0,197548,2026-09-12 19:10:36.2870000,56.150000,-3.333330
2684130,"Lochgelly",977,77,"30V","30V2H5S3Q",3,2025-10-26 22:45:21.0100000,0,0,231709,2026-09-12 19:10:41.7770000,56.133330,-3.316670
2683533,"Cowdenbeath",977,77,"30V","30V2H5S3Q",3,2025-06-02 21:43:53.5370000,0,0,540593,2026-09-12 19:10:47.7170000,56.116670,-3.350000
2684129,"Kelty",977,77,"30V","30V2H5S3Q",3,2025-06-02 15:34:10.6500000,0,0,430694,2026-09-12 19:10:54.0330000,56.133330,-3.383330
2681807,"Donibristle",977,77,"30V","30V2H5S3Q",3,2025-06-15 13:22:16.6100000,0,0,355540,2026-09-12 19:11:31.9730000,56.066670,-3.350000
2368225,"Semiahmoo",3578,233,"10U","10U2H5S4Q",3,2012-11-29 01:11:18.2970000,0,0,6916313,2026-09-12 19:14:16.5130000,48.989000,-122.773230
2368322,"Blaine",3578,233,"10U","10U2H5S4Q",3,2013-06-13 17:28:16.1570000,0,0,6484309,2026-09-12 19:14:21.3330000,48.993720,-122.747120
2367456,"Haynie",3578,233,"10U","10U2H5S4Q",3,2013-07-22 23:04:59.8300000,0,0,5835210,2026-09-12 19:14:26.8470000,48.970670,-122.660170
2682380,"Fordell",977,77,"30V","30V2H5S3Q",3,2025-06-08 02:45:30.3800000,0,0,422643,2026-09-12 19:14:37.2570000,56.083330,-3.366670
2365331,"Custer",3578,233,"10U","10U2H5S4Q",3,2013-05-15 01:00:40.2270000,0,0,5335171,2026-09-12 19:14:39.0900000,48.917330,-122.637950
2681806,"Crossgates",977,77,"30V","30V2H5S3Q",3,2025-06-02 11:15:28.8170000,0,0,561967,2026-09-12 19:14:41.9130000,56.066670,-3.383330
2364895,"Custer",3578,233,"10U","10U2H5S4Q",3,2013-07-23 01:03:02.8370000,0,0,5284144,2026-09-12 19:14:43.7830000,48.914610,-122.640080
2409154,"Zawada",2439,180,"34U","34U2H4S2Q",3,2018-07-17 18:35:51.2230000,0,0,1241116,2026-09-12 19:14:48.6430000,49.876500,19.961990
2367645,"Delta",3578,233,"10U","10U2H5S4Q",3,2013-06-06 18:29:06.2470000,0,0,5864826,2026-09-12 19:14:51.7800000,48.980950,-122.524890
2366216,"Lynden",3578,233,"10U","10U2H5S4Q",3,2013-08-11 23:13:57.1730000,0,0,5664690,2026-09-12 19:15:04.5200000,48.946500,-122.452110
2371917,"Hopington",451,38,"10U","10U2H5S2Q",3,2012-11-29 01:06:07.5400000,0,0,7555575,2026-09-12 19:15:15.1870000,49.082970,-122.552590
1880935,"Carlyle",3554,233,"16S","16S1H1S3Q",1,2022-12-11 15:25:24.8230000,34816,15510,0,2026-09-12 19:16:14.5630000,38.610330,-89.372580
2409844,"Heiderscheid",1659,135,"31U","31U2H6S2Q",1,2026-09-12 19:17:00.9700000,1779,0,0,2026-09-12 19:17:03.4900000,49.888890,5.978890
2410946,"Pfaffenthal",1659,135,"32U","32U2H4S1Q",1,2026-09-12 19:17:14.6300000,1034,0,711,2026-09-12 19:17:14.6300000,49.916670,6.000000
1994338,"Bloomsbury",3561,233,"18T","18T2H5S3Q",0,2026-09-12 19:17:18.6370000,0,0,0,2026-09-12 19:17:18.6370000,40.653990,-75.086560
2410778,"Tadler",1659,135,"31U","31U2H6S2Q",1,2026-09-12 19:17:23.7070000,1034,0,711,2026-09-12 19:17:23.7070000,49.911390,5.995560
2287309,"Schifflaende",503,43,"32T","32T1H2S1Q",3,2024-05-24 06:16:27.2400000,0,0,3335087,2026-09-12 19:17:26.9470000,47.340190,8.678180
2412113,"Gralingen",1659,135,"32U","32U2H4S1Q",1,2026-09-12 19:17:52.4400000,1034,0,780,2026-09-12 19:17:52.4400000,49.936940,6.101670
2421559,"Wilwerdange",1659,135,"32U","32U2H1S3Q",3,2024-12-28 09:24:13.1370000,517,0,1531,2026-09-12 19:18:09.3730000,50.140560,6.023890
2287145,"Zuerich (Kreis 2) / Unter-Leimbach",503,43,"32T","32T1H2S1Q",1,2016-08-14 22:05:09.3700000,1000998,0,0,2026-09-12 19:18:10.2270000,47.333620,8.514330
2562403,"Meadows",979,77,"30U","30U1H6S3Q",2,2026-09-12 19:19:36.6100000,0,980,0,2026-09-12 19:19:36.6100000,52.940410,-1.145670
2560265,"Clifton",979,77,"30U","30U1H6S3Q",2,2026-09-12 19:19:56.5100000,0,947,0,2026-09-12 19:19:56.5100000,52.900000,-1.183330
2561707,"Cropwell Butler",979,77,"30U","30U1H6S4Q",2,2026-09-12 19:20:14.3530000,0,671,0,2026-09-12 19:20:14.3530000,52.928260,-0.984480
2563549,"Burton Joyce",979,77,"30U","30U1H6S3Q",2,2026-09-12 19:20:21.6430000,0,1620,0,2026-09-12 19:20:21.6430000,52.966670,-1.033330
2562597,"Holme Pierrepont",979,77,"30U","30U1H6S3Q",2,2026-09-12 19:20:26.7000000,0,978,0,2026-09-12 19:20:26.7000000,52.947190,-1.068940
2562616,"Radcliffe on Trent",979,77,"30U","30U1H6S3Q",2,2026-09-12 19:20:31.5200000,0,978,0,2026-09-12 19:20:31.5200000,52.948020,-1.038550
2563395,"Carlton",979,77,"30U","30U1H6S3Q",2,2026-09-12 19:20:37.8530000,0,980,0,2026-09-12 19:20:37.8530000,52.962190,-1.080780
2682272,"Halbeath",977,77,"30V","30V2H5S3Q",3,2025-06-11 22:17:07.2030000,0,0,611120,2026-09-12 19:24:52.7230000,56.078120,-3.409450
2682379,"Townhill",977,77,"30V","30V2H5S3Q",3,2025-07-12 06:03:30.2700000,0,0,608820,2026-09-12 19:25:21.7800000,56.083330,-3.433330
2682378,"Dunfermline",977,77,"30V","30V2H5S3Q",3,2025-06-24 18:26:55.9330000,0,0,804384,2026-09-12 19:25:26.7930000,56.083330,-3.466670
2686706,"Middleton Fossoway",977,77,"30V","30V2H5S3Q",3,2025-07-24 20:41:40.8600000,0,0,199244,2026-09-12 19:25:43.0670000,56.200000,-3.566670
2686707,"Kinross",977,77,"30V","30V2H5S3Q",3,2025-06-09 14:00:55.7370000,0,0,440099,2026-09-12 19:25:49.6000000,56.200000,-3.416670
2687343,"Milnathort",977,77,"30V","30V2H5S3Q",3,2025-06-16 22:06:39.0630000,0,0,433415,2026-09-12 19:25:55.3330000,56.216670,-3.416670
2123078,"Cleft",3573,233,"11T","11T2H3S1Q",3,2023-02-21 03:54:21.4530000,0,5822,38639,2026-09-12 19:31:49.2500000,43.239340,-115.850650
2076264,"Ann Arbor",3557,233,"17T","17T2H1S3Q",1,2016-07-16 20:11:44.6630000,41975732,0,0,2026-09-12 19:33:06.9070000,42.277560,-83.740880
2423405,"Reckeler",255,20,"32U","32U2H1S3Q",1,2026-09-12 19:34:22.6470000,704,0,0,2026-09-12 19:34:22.6470000,50.183330,6.000000
2423787,"Griben",255,20,"32U","32U2H1S3Q",1,2026-09-12 19:34:31.6800000,704,0,0,2026-09-12 19:34:31.6800000,50.185190,6.007420
2423855,"Ourthe",255,20,"31U","31U2H3S4Q",1,2026-09-12 19:34:40.1230000,704,0,0,2026-09-12 19:34:40.1230000,50.188200,5.979160
2423295,"Wattermal",255,20,"31U","31U2H3S4Q",1,2026-09-12 19:34:45.9470000,704,0,0,2026-09-12 19:34:45.9470000,50.180670,5.982240
2422288,"Baraque Dumont",255,20,"31U","31U2H3S4Q",1,2026-09-12 19:34:54.7170000,704,0,0,2026-09-12 19:34:54.7170000,50.155190,5.942500
1402646,"Daffan",3549,233,"14R","14R1H3S3Q",2,2010-01-01 00:00:00.0000000,0,5881757,0,2026-09-12 19:35:02.4700000,30.320210,-97.626670
2421695,"Baraque Dupont",255,20,"31U","31U2H3S4Q",1,2026-09-12 19:35:03.0100000,704,0,0,2026-09-12 19:35:03.0100000,50.145850,5.925030
2411537,"Wlosan",2439,180,"34U","34U2H4S2Q",2,2026-08-26 11:22:28.4700000,0,953599,0,2026-09-12 19:39:44.7100000,49.927910,19.916840
1760084,"Dean",3567,233,"10S","10S1H6S3Q",3,2026-09-12 19:40:03.4530000,239,4,300,2026-09-12 19:40:03.4530000,36.520800,-121.462160
1759188,"Gonzales",3567,233,"10S","10S1H6S3Q",3,2026-09-12 19:40:13.7570000,125,0,1241,2026-09-12 19:40:13.7570000,36.506630,-121.444380
1756656,"Molus",3567,233,"10S","10S1H6S3Q",3,2026-09-12 19:40:19.7500000,229,18,300,2026-09-12 19:40:19.7500000,36.468020,-121.394100
1755707,"Camphora",3567,233,"10S","10S1H6S3Q",3,2026-09-12 19:40:24.1530000,224,0,300,2026-09-12 19:40:24.1530000,36.453020,-121.371040
1753833,"Soledad",3567,233,"10S","10S1H6S3Q",3,2026-09-12 19:40:39.5000000,0,0,1064,2026-09-12 19:40:39.5000000,36.424690,-121.326320
2627214,"Burg auf Fehmarn",702,57,"32U","32U1H3S4Q",3,2021-06-16 20:40:26.8300000,0,0,45562,2026-09-12 19:40:40.3470000,54.433330,11.200000
2007068,"Bangor",3584,233,"18T","18T2H5S3Q",3,2023-01-12 17:13:12.4270000,0,0,5013,2026-09-12 19:40:42.6300000,40.865650,-75.206570
1743251,"Elsa",3567,233,"10S","10S1H6S3Q",3,2026-09-12 19:40:49.4630000,185,0,300,2026-09-12 19:40:49.4630000,36.250800,-121.138810
1740996,"King City",3567,233,"10S","10S1H6S3Q",3,2026-09-12 19:40:54.5730000,175,0,300,2026-09-12 19:40:54.5730000,36.212740,-121.126030
1739482,"Welby",3567,233,"10S","10S1H6S3Q",3,2026-09-12 19:40:58.8400000,173,0,300,2026-09-12 19:40:58.8400000,36.188580,-121.069640
1735661,"San Lucas",3567,233,"10S","10S1H6S3Q",3,2026-09-12 19:41:03.2330000,164,0,300,2026-09-12 19:41:03.2330000,36.128350,-121.021730
1723948,"Wunpost",3567,233,"10S","10S2H3S2Q",3,2026-09-12 19:41:15.9030000,0,0,757,2026-09-12 19:41:15.9030000,35.931080,-120.863240
1729394,"San Ardo",3567,233,"10S","10S1H6S4Q",3,2026-09-12 19:41:22.4600000,0,0,1356,2026-09-12 19:41:30.0930000,36.020520,-120.905180
1729573,"San Ardo",3567,233,"10S","10S1H6S4Q",3,2026-09-12 19:41:35.5600000,162,0,300,2026-09-12 19:41:35.5630000,36.023700,-120.907300
1719771,"Bradley",3567,233,"10S","10S2H3S2Q",3,2026-09-12 19:41:51.5200000,582,0,900,2026-09-12 19:41:51.5200000,35.862840,-120.804260
1716797,"Nacimiento",3567,233,"10S","10S2H3S2Q",3,2026-09-12 19:41:57.4100000,236,0,300,2026-09-12 19:41:57.4100000,35.809130,-120.741560
1715324,"McKay",3567,233,"10S","10S2H3S2Q",3,2026-09-12 19:42:03.7730000,0,0,798,2026-09-12 19:42:03.7730000,35.783580,-120.725170
2286834,"Glovelier",518,43,"32T","32T1H1S2Q",2,2024-10-21 17:59:50.1230000,0,2031023,0,2026-09-12 19:42:16.6570000,47.333330,7.200000
1770500,"Cox Mill",3585,233,"17S","17S1H4S4Q",3,2022-03-23 01:33:54.6070000,0,0,10641,2026-09-12 19:42:26.5070000,36.692040,-82.579320
1801085,"English Town",3567,233,"10S","10S1H6S1Q",1,2025-04-14 02:04:18.2470000,1070668,0,517,2026-09-12 19:42:32.7900000,37.179390,-121.839120
1774650,"Kerns",3585,233,"17S","17S1H4S4Q",3,2026-09-10 19:23:53.0930000,0,0,3782,2026-09-12 19:42:34.4630000,36.757320,-82.617930
1806036,"Alamitos",3567,233,"10S","10S1H6S1Q",1,2025-01-27 20:43:22.7530000,1141073,0,517,2026-09-12 19:42:39.0130000,37.250500,-121.867180
1777134,"Lano",3585,233,"17S","17S1H4S4Q",3,2022-02-27 03:41:13.5200000,0,0,3660,2026-09-12 19:42:39.0470000,36.796490,-82.596550
1808305,"Seven Trees",3567,233,"10S","10S1H6S1Q",1,2024-11-04 19:54:55.5530000,2445315,0,1034,2026-09-12 19:42:44.7670000,37.285720,-121.837150
1774973,"Duncan Mill",3585,233,"17S","17S1H4S4Q",3,2022-03-12 08:48:07.0700000,0,0,5258,2026-09-12 19:42:46.0830000,36.763150,-82.647380
1806873,"Edenvale",3567,233,"10S","10S1H6S1Q",1,2025-01-27 19:58:14.4530000,1142516,0,1034,2026-09-12 19:42:46.9500000,37.264940,-121.818010
1803534,"Coyote",3567,233,"10S","10S1H6S1Q",1,2025-03-25 00:49:08.6570000,1072210,0,517,2026-09-12 19:42:49.5530000,37.216610,-121.740500
1809878,"Evergreen",3567,233,"10S","10S1H6S1Q",1,2025-01-27 20:43:19.6700000,1103490,0,1034,2026-09-12 19:42:53.6400000,37.309660,-121.783560
1801491,"Perry",3567,233,"10S","10S1H6S1Q",1,2024-11-30 09:03:54.6270000,1135180,0,517,2026-09-12 19:42:57.1600000,37.183560,-121.706340
1814394,"East Foothills",3567,233,"10S","10S1H6S1Q",1,2025-05-20 07:43:03.3730000,1023254,0,517,2026-09-12 19:43:00.0130000,37.381050,-121.817450
1813454,"Alum Rock",3567,233,"10S","10S1H6S1Q",1,2025-04-29 00:39:53.1170000,1141061,0,1034,2026-09-12 19:43:02.2370000,37.366050,-121.827180
1749116,"Glen Ridge",3548,233,"17S","17S1H4S4Q",3,2025-01-25 04:27:05.1330000,300,0,5287,2026-09-12 19:43:22.2730000,36.349270,-82.337920
2096123,"Macomb",3557,233,"17T","17T2H1S4Q",1,2013-11-26 19:35:11.9670000,11110629,0,0,2026-09-12 19:44:54.1400000,42.700870,-82.959090
1389325,"Kyle",3549,233,"14R","14R1H6S1Q",2,2026-09-03 02:00:02.2130000,0,1675686,0,2026-09-12 19:45:32.4370000,29.998350,-97.871530
2221990,"Cornate d'Adda",1375,110,"32T","32T1H5S2Q",1,2026-08-28 20:05:11.9500000,111179,0,0,2026-09-12 19:45:49.6400000,45.641680,9.467350
2127534,"Warrens",3573,233,"11T","11T2H2S2Q",3,2026-07-25 06:44:19.5570000,0,0,77194,2026-09-12 19:51:41.2830000,43.328500,-116.540120
109388,"El Quema",2386,175,"18K","18K1H3S2Q",1,2026-09-12 19:55:12.5300000,1142,0,0,2026-09-12 19:55:12.5300000,-16.587500,-72.012220
112002,"Carmen Alto",2386,175,"19K","19K1H1S1Q",1,2019-07-27 14:45:47.9530000,10636,0,0,2026-09-12 19:55:47.3830000,-16.371810,-71.539120
2117611,"Mountain Home",3573,233,"11T","11T2H3S1Q",3,2023-09-27 15:03:16.6300000,0,2689,79992,2026-09-12 20:00:06.5670000,43.132950,-115.691200
1399962,"Iglehart",3549,233,"14R","14R1H3S3Q",1,2010-01-01 00:00:00.0000000,1015823,0,0,2026-09-12 20:02:33.7270000,30.258820,-97.706950
2563634,"Uelzen",708,57,"32U","32U1H6S3Q",3,2019-02-13 13:31:37.6400000,0,0,29009,2026-09-12 20:02:35.8700000,52.966670,10.566670
2690276,"Dunning",977,77,"30V","30V2H5S3Q",3,2025-09-19 18:28:07.5470000,0,0,286379,2026-09-12 20:05:14.9500000,56.300000,-3.583330
2689098,"Carsebreck",977,77,"30V","30V2H5S3Q",3,2025-07-24 20:54:12.2800000,0,0,324049,2026-09-12 20:05:31.1900000,56.266670,-3.516670
2691419,"Forteviot",977,77,"30V","30V2H5S3Q",3,2025-09-19 16:02:31.3630000,0,0,165063,2026-09-12 20:05:38.9930000,56.333330,-3.533330
2691970,"Aberdalgie",977,77,"30V","30V2H5S3Q",3,2025-08-05 08:56:06.9830000,0,0,201258,2026-09-12 20:05:44.8200000,56.350000,-3.500000
2689599,"Glenfarg",977,77,"30V","30V2H5S3Q",3,2025-07-06 09:47:23.9400000,0,0,232652,2026-09-12 20:05:57.2270000,56.280060,-3.400270
2689671,"Arngask",977,77,"30V","30V2H5S3Q",3,2025-08-05 08:55:48.4830000,0,0,124600,2026-09-12 20:06:02.8300000,56.283330,-3.383330
2130018,"Melba",3573,233,"11T","11T2H2S2Q",3,2026-07-25 06:44:12.3570000,0,0,52487,2026-09-12 20:09:29.9870000,43.375440,-116.529010
2477245,"Dworszowice Pakoszowe",2446,180,"34U","34U2H1S2Q",1,2026-09-12 20:10:07.0500000,900,0,0,2026-09-12 20:10:07.0500000,51.164810,19.098030
2476146,"Kolonia Wistka",2446,180,"34U","34U2H1S2Q",1,2026-09-12 20:10:10.1330000,900,0,0,2026-09-12 20:10:10.1330000,51.145850,19.085580
2439459,"Swibie",2450,180,"34U","34U2H1S3Q",1,2026-09-12 20:10:12.6530000,1161,0,0,2026-09-12 20:10:13.8700000,50.511790,18.536850
2500107,"Jadwinin",2446,180,"34U","34U2H1S2Q",1,2026-09-12 20:10:20.3200000,880,42,514,2026-09-12 20:10:20.3200000,51.624060,19.367030
2476155,"Wistka",2446,180,"34U","34U2H1S2Q",1,2026-09-12 20:10:25.8100000,900,0,0,2026-09-12 20:10:25.8100000,51.146180,19.097640
2478949,"Bogumilowice",2446,180,"34U","34U2H1S2Q",1,2026-09-12 20:10:31.2570000,900,0,0,2026-09-12 20:10:31.2570000,51.190000,19.131480
2225119,"Pointe Aux Pins",3557,233,"16T","16T1H6S2Q",3,2026-09-12 11:27:10.4030000,0,0,43815,2026-09-12 20:10:32.3230000,45.732510,-84.477810
2475810,"Marzecice",2446,180,"34U","34U2H1S2Q",1,2026-09-12 20:10:34.6900000,900,0,0,2026-09-12 20:10:34.6900000,51.134320,19.095630
2216009,"Canfield Beach",3557,233,"16T","16T1H6S2Q",0,2026-09-12 20:10:44.2070000,0,0,0,2026-09-12 20:10:44.2070000,45.460570,-84.221680
2215374,"Coddes Beach",3557,233,"16T","16T1H6S2Q",1,2025-11-23 15:40:19.5400000,9645,0,0,2026-09-12 20:10:54.3600000,45.442790,-84.219180
1740749,"Pahrump",3570,233,"11S","11S1H6S3Q",1,2026-09-08 21:15:57.5030000,76814,0,0,2026-09-12 20:11:11.2370000,36.208290,-115.983910
2633483,"Legoniel",978,77,"30U","30U1H1S3Q",1,2025-05-08 08:29:33.6500000,850408,0,0,2026-09-12 20:11:53.9930000,54.616670,-5.983330
2691421,"Bridge of Earn",977,77,"30V","30V2H5S3Q",3,2025-07-24 15:03:45.7600000,0,0,509515,2026-09-12 20:15:09.8970000,56.333330,-3.400000
2690860,"Dron",977,77,"30V","30V2H5S3Q",3,2025-08-05 08:55:29.8930000,0,0,149564,2026-09-12 20:15:14.0200000,56.316670,-3.383330
2690861,"Aberargie",977,77,"30V","30V2H5S3Q",3,2025-08-05 08:55:42.1570000,0,0,148287,2026-09-12 20:15:17.9600000,56.316670,-3.350000
1615514,"Canoga Park",3567,233,"11S","11S2H1S4Q",1,2026-09-09 04:40:54.9270000,5703,0,0,2026-09-12 20:15:17.9830000,34.201120,-118.598140
1613361,"Woodland Hills",3567,233,"11S","11S2H1S4Q",1,2026-09-12 06:40:11.5200000,6154,0,0,2026-09-12 20:15:22.2630000,34.168340,-118.605920
1836563,"Stadtzentrum San Francisco",3567,233,"10S","10S1H5S2Q",3,2013-08-17 21:27:12.6270000,0,0,2200390,2026-09-12 20:15:23.1270000,37.775000,-122.418000
1612645,"Calabasas",3567,233,"11S","11S2H1S4Q",1,2026-09-11 16:39:26.3170000,5733,0,0,2026-09-12 20:15:26.4000000,34.157780,-118.638420
1836562,"San Francisco",3567,233,"10S","10S1H5S2Q",3,2026-05-12 15:25:33.9530000,0,0,5123185,2026-09-12 20:15:28.7970000,37.774930,-122.419420
1612808,"Hidden Hills",3567,233,"11S","11S2H1S4Q",1,2026-09-11 12:50:31.4200000,6154,0,0,2026-09-12 20:15:31.9270000,34.160280,-118.652310
1612006,"Brents Junction",3567,233,"11S","11S2H1S4Q",1,2026-09-11 12:50:57.9570000,5911,0,0,2026-09-12 20:15:37.3800000,34.148340,-118.697870
2540872,"Gatow",714,57,"33U","33U1H4S4Q",2,2015-04-05 10:31:47.1900000,0,2006820,0,2026-09-12 20:15:47.8200000,52.483240,13.182850
1604415,"Malibu Beach",3567,233,"11S","11S2H1S4Q",1,2026-09-12 06:40:19.6300000,6060,0,0,2026-09-12 20:15:51.1630000,34.032790,-118.688420
2262765,"Missabe Junction",3558,233,"15T","15T1H2S4Q",3,2016-07-13 10:44:28.5230000,0,0,1182285,2026-09-12 20:16:03.4730000,46.759380,-92.128520
2541774,"Spandauer Weinberge",714,57,"33U","33U1H4S4Q",2,2015-02-15 17:14:40.9530000,0,2015091,0,2026-09-12 20:16:19.2070000,52.500000,13.183330
2542548,"Tiefwerder",714,57,"33U","33U1H4S4Q",2,2014-10-07 22:29:59.3600000,0,3005900,0,2026-09-12 20:16:24.7970000,52.516670,13.216670
2289385,"Gyokerpuszta",1217,100,"34T","34T1H1S1Q",3,2026-09-12 19:12:53.5230000,810,600,1302,2026-09-12 20:16:31.6100000,47.383330,18.983330
1920488,"Emery Acres",3563,233,"16S","16S1H3S2Q",1,2026-09-12 20:17:14.9400000,1250,0,0,2026-09-12 20:17:14.9400000,39.335000,-84.362220
1920904,"Beckett Ridge",3563,233,"16S","16S1H3S2Q",1,2026-09-12 20:17:26.2270000,994,0,0,2026-09-12 20:17:26.2270000,39.344870,-84.437870
1921628,"Tylersville",3563,233,"16S","16S1H3S2Q",1,2026-09-12 20:17:34.4300000,994,0,0,2026-09-12 20:17:34.4300000,39.357560,-84.421330
1923116,"Dutchland Woods",3563,233,"16S","16S1H3S2Q",1,2026-09-12 20:17:39.6400000,993,0,0,2026-09-12 20:17:39.6400000,39.383890,-84.401940
1923354,"Taylor Village",3563,233,"16S","16S1H3S2Q",1,2026-09-12 20:17:45.2170000,993,0,0,2026-09-12 20:17:45.2170000,39.388890,-84.368610
1923150,"Bethany",3563,233,"16S","16S1H3S2Q",1,2026-09-12 20:17:51.0630000,992,0,0,2026-09-12 20:17:51.0630000,39.384500,-84.373550
2691422,"Abernethy",977,77,"30V","30V2H5S3Q",3,2025-07-19 16:29:56.0830000,0,0,355391,2026-09-12 20:18:45.1000000,56.333330,-3.333330
2692523,"Glencarse",977,77,"30V","30V2H5S3Q",3,2025-07-04 21:50:58.7700000,0,0,180200,2026-09-12 20:18:57.2700000,56.366670,-3.300000
2266897,"Maire",947,75,"31T","31T1H1S3Q",2,2022-11-14 20:30:22.6100000,0,434444,0,2026-09-12 20:19:00.5000000,46.858270,0.750150
2692522,"Kinfauns",977,77,"30V","30V2H5S3Q",3,2025-07-07 05:42:24.2830000,0,0,382410,2026-09-12 20:21:28.8230000,56.366670,-3.350000
1429721,"Bandy",3539,233,"17R","17R1H1S3Q",3,2017-12-23 17:36:46.0570000,0,0,56456,2026-09-12 20:21:46.3470000,30.870760,-83.174870
2392601,"Ipsheim",715,57,"32U","32U2H6S1Q",3,2014-07-18 18:15:41.8900000,0,0,837072,2026-09-12 20:22:04.0530000,49.533330,10.483330
2544571,"Obora",2451,180,"33U","33U1H6S4Q",3,2026-09-12 20:22:34.4430000,0,0,1200,2026-09-12 20:22:34.4430000,52.562720,17.526220
2693687,"Kilspindie",977,77,"30V","30V2H5S3Q",3,2025-07-24 13:28:17.0930000,0,0,225245,2026-09-12 20:22:40.3100000,56.400000,-3.250000
1956519,"Superior",3568,233,"13S","13S1H2S1Q",2,2014-04-20 21:17:47.2370000,0,680449,0,2026-09-12 20:23:03.3070000,39.952760,-105.168600
1828401,"Verona",3567,233,"10S","10S1H6S1Q",3,2013-07-07 21:30:35.0330000,0,0,1871181,2026-09-12 20:23:24.9670000,37.626880,-121.881350
2288566,"Halasztelek",1217,100,"34T","34T1H1S1Q",3,2026-09-12 20:23:34.5700000,0,430,1053,2026-09-12 20:23:34.5700000,47.366670,18.983330
2289925,"Nagyteteny",1217,100,"34T","34T1H1S1Q",3,2026-09-12 20:23:43.1500000,0,964,1060,2026-09-12 20:23:43.1500000,47.395270,18.985660
2286120,"Martonvasar",1221,100,"34T","34T1H1S1Q",3,2026-09-12 20:24:09.1170000,0,0,788,2026-09-12 20:24:09.1170000,47.316670,18.783330
2287748,"Erdohat",1221,100,"34T","34T1H1S1Q",3,2026-09-12 20:24:21.5500000,0,0,788,2026-09-12 20:24:21.5500000,47.350000,18.816670
2288560,"Tarnok",1217,100,"34T","34T1H1S1Q",3,2026-09-12 20:24:27.1600000,0,0,788,2026-09-12 20:24:27.1600000,47.366670,18.850000
2288561,"Doratanya",1217,100,"34T","34T1H1S1Q",3,2026-09-12 20:24:47.4530000,0,0,788,2026-09-12 20:24:47.4530000,47.366670,18.866670
2292670,"Kispest",1222,100,"34T","34T1H1S2Q",2,2014-08-26 21:31:15.4430000,0,1147112,4236,2026-09-12 20:25:18.9930000,47.450000,19.133330
2696379,"Monifieth",977,77,"30V","30V2H5S4Q",3,2025-09-18 19:54:32.8500000,0,0,131201,2026-09-12 20:25:19.1700000,56.483330,-2.816670
2400614,"Markvartice",690,56,"33U","33U2H5S2Q",1,2021-01-23 08:39:15.5900000,620014,0,0,2026-09-12 20:26:33.2100000,49.700000,15.750000
2413799,"Skawina",2439,180,"34U","34U2H4S2Q",3,2017-06-13 08:20:14.8500000,0,0,1919140,2026-09-12 20:27:23.6870000,49.975240,19.828690
2542177,"Lelystad",2276,167,"31U","31U1H6S4Q",1,2014-03-08 14:30:41.3300000,2146876,0,0,2026-09-12 20:29:37.7100000,52.508330,5.475000
13707,"Mount Irvine",143,13,"56H","56H1H1S3Q",3,2025-01-01 03:30:04.4930000,0,2689,108288,2026-09-12 20:32:23.8500000,-33.500000,150.466670
2111172,"King Hill",3573,233,"11T","11T2H3S1Q",3,2023-06-05 14:23:23.4470000,0,0,19498,2026-09-12 20:32:53.9830000,43.004070,-115.203960
14067,"Portland",143,13,"56H","56H1H1S3Q",2,2026-09-12 09:31:53.6930000,0,5925,1616,2026-09-12 20:33:37.4700000,-33.366670,150.000000
2678838,"Klyaz'ma",2671,192,"37U","37U1H1S2Q",2,2026-03-09 11:54:43.9900000,0,593307,1597,2026-09-12 20:33:47.5630000,55.975830,37.846110
2108717,"Glenns Ferry",3573,233,"11T","11T2H3S3Q",3,2024-08-22 04:02:59.3070000,0,3143,13651,2026-09-12 20:36:36.1730000,42.954900,-115.300900
2562682,"Yeaveley",979,77,"30U","30U1H6S3Q",2,2024-05-16 09:31:08.9800000,0,40050,0,2026-09-12 20:40:43.4770000,52.950000,-1.716670
2557111,"Stowe",979,77,"30U","30U1H6S3Q",2,2020-07-22 16:35:22.4500000,0,39100,0,2026-09-12 20:41:01.0830000,52.833330,-2.000000
2555532,"Tixall",979,77,"30U","30U1H5S4Q",2,2023-09-11 14:17:22.1130000,0,19147,0,2026-09-12 20:41:07.1700000,52.800000,-2.033330
2553152,"Dunston",979,77,"30U","30U1H5S4Q",2,2025-08-31 20:02:30.3770000,0,11406,0,2026-09-12 20:41:17.3500000,52.750000,-2.100000
2000465,"East Lawn",3584,233,"18T","18T2H5S3Q",3,2023-03-14 18:00:33.9430000,517,0,10460,2026-09-12 20:41:55.0670000,40.750370,-75.294350
1447347,"Avon",3551,233,"16R","16R1H3S1Q",2,2013-08-10 15:56:02.6270000,114954,2505662,0,2026-09-12 20:41:59.3630000,31.189340,-85.286040
1674251,"Timbercreek Canyon",3549,233,"14S","14S2H1S1Q",1,2021-03-09 23:31:07.3530000,1993687,0,0,2026-09-12 20:42:12.3430000,35.053110,-101.817960
2547691,"Albrighton",979,77,"30U","30U1H5S4Q",2,2021-04-24 12:39:32.0670000,0,31750,0,2026-09-12 20:42:22.2800000,52.633330,-2.266670
2000486,"Eastlawn Gardens",3584,233,"18T","18T2H5S3Q",1,2026-09-12 20:42:11.3500000,5435,0,0,2026-09-12 20:42:24.5030000,40.750650,-75.295730
2000528,"Nisky",3584,233,"18T","18T2H5S3Q",1,2026-09-12 20:42:31.3970000,1150,0,0,2026-09-12 20:42:31.3970000,40.751760,-75.284620
2000549,"Friedenthal",3584,233,"18T","18T2H5S3Q",1,2026-09-12 20:42:40.0370000,879,0,129,2026-09-12 20:42:40.0370000,40.752320,-75.270730
2001750,"Boulton",3584,233,"18T","18T2H5S3Q",3,2023-03-25 11:47:48.9800000,1332,0,1359,2026-09-12 20:43:35.2630000,40.774260,-75.287960
2264051,"Kercaszomor",1214,100,"33T","33T1H3S3Q",2,2020-04-03 22:46:59.1230000,0,1216832,0,2026-09-12 20:44:56.8800000,46.788990,16.353090
799223,"Ban Rong Rakam",3167,218,"47P","47P1H5S4Q",1,2024-11-21 14:23:28.7500000,266520,26166,0,2026-09-12 20:47:58.4600000,12.866670,99.916670
2591946,"Garristown",1260,102,"29U","29U1H6S2Q",2,2023-09-09 07:32:38.6500000,0,187110,0,2026-09-12 20:53:38.1030000,53.566110,-6.385560
2473609,"Wroclaw",2445,180,"33U","33U2H3S2Q",1,2016-02-08 20:40:44.9630000,421340868,0,0,2026-09-12 20:54:54.7370000,51.100000,17.033330
2214063,"Vaudreuil-Dorion",459,38,"18T","18T1H5S2Q",1,2026-07-02 19:24:19.4530000,350228,0,0,2026-09-12 20:55:31.3930000,45.400080,-74.032510
2436751,"Pawlowice",2450,180,"34U","34U2H1S3Q",1,2026-09-12 20:56:54.4700000,2448,0,83,2026-09-12 20:56:55.7500000,50.454170,18.491020
2540095,"Lack",2440,180,"34U","34U1H4S4Q",1,2026-09-12 20:57:01.5470000,1157,0,0,2026-09-12 20:57:01.5470000,52.466210,19.611370
1577138,"Fairview Commons",3539,233,"17S","17S2H4S1Q",3,2026-09-12 20:57:01.8230000,104933337,1377,104942471,2026-09-12 20:57:06.3270000,33.611220,-83.943520
7882,"Leneva",140,13,"55H","55H2H2S1Q",3,2026-09-12 20:57:32.6100000,0,4630,5400,2026-09-12 20:57:32.6100000,-36.216670,146.900000
1982093,"Little Dam",3568,233,"13T","13T2H5S3Q",2,2022-01-25 05:21:14.4670000,0,161395,0,2026-09-12 20:57:32.8130000,40.422210,-105.222760
2156731,"Eugene",3576,233,"10T","10T1H5S3Q",3,2024-10-03 23:02:28.9670000,1500,0,1094689,2026-09-12 20:58:00.9230000,44.052070,-123.086750
2292652,"Bodmer",1221,100,"34T","34T1H1S1Q",2,2026-09-12 21:00:38.7170000,662,2178,1551,2026-09-12 21:00:38.7170000,47.450000,18.550000
2546554,"Tettenhall",979,77,"30U","30U1H5S4Q",2,2025-08-31 15:04:08.4570000,0,50918,0,2026-09-12 21:01:45.4670000,52.602060,-2.165250
2545086,"Merry Hill",979,77,"30U","30U1H5S4Q",2,2022-08-30 06:58:29.0900000,0,24074,0,2026-09-12 21:01:50.8130000,52.570950,-2.167740
2543936,"Upper Penn",979,77,"30U","30U1H5S4Q",2,2022-11-02 12:15:45.8500000,0,42425,0,2026-09-12 21:01:57.9430000,52.550000,-2.166670
2543180,"Trysull",979,77,"30U","30U1H5S4Q",2,2026-07-02 04:35:11.0600000,0,50200,0,2026-09-12 21:02:08.2170000,52.533330,-2.233330
1379509,"Houston",3549,233,"15R","15R1H4S1Q",2,2020-12-17 05:05:35.4930000,0,15383751,0,2026-09-12 21:02:47.7830000,29.763280,-95.363270
2510031,"Messing",979,77,"31U","31U2H1S1Q",3,2025-07-23 19:56:35.0800000,0,0,9049,2026-09-12 21:03:11.1500000,51.837160,0.752390
2511592,"Coggeshall",979,77,"31U","31U2H1S1Q",3,2025-07-29 06:07:03.6270000,0,0,4170,2026-09-12 21:03:24.3870000,51.870770,0.685360
2512629,"Eight Ash Green",979,77,"31U","31U2H1S1Q",3,2026-09-12 14:35:21.5470000,0,0,1999,2026-09-12 21:03:40.6100000,51.897790,0.816160
2513536,"West Bergholt",979,77,"31U","31U2H1S1Q",3,2026-09-12 14:35:08.0800000,0,0,2050,2026-09-12 21:03:46.7070000,51.916670,0.833330
2517183,"Chelmondiston",979,77,"31U","31U2H1S2Q",2,2025-12-06 13:29:17.7870000,0,263,0,2026-09-12 21:04:30.7100000,51.989320,1.211410
2250290,"Valley View Heights",3573,233,"11T","11T1H2S4Q",2,2013-11-22 11:15:28.8030000,0,3930068,0,2026-09-12 21:07:12.7870000,46.423220,-116.970710
2679317,"Kavezino",2671,192,"37U","37U1H1S2Q",2,2026-03-09 14:50:00.6070000,0,319437,1082,2026-09-12 21:09:20.5330000,55.986390,37.881940
2375043,"Silz",706,57,"32U","32U2H4S2Q",3,2026-09-12 21:10:09.6970000,0,330517,330667,2026-09-12 21:10:09.6970000,49.150000,7.950000
2520390,"Kesgrave",979,77,"31U","31U1H4S4Q",3,2026-09-12 21:10:20.5970000,0,0,1250,2026-09-12 21:10:20.5970000,52.063260,1.253810
2518819,"Bucklesham",979,77,"31U","31U1H4S4Q",3,2026-09-12 21:10:43.8300000,0,0,1250,2026-09-12 21:10:43.8300000,52.030110,1.269260
2514310,"Dovercourt",979,77,"31U","31U2H1S2Q",3,2026-09-12 21:04:48.4830000,0,1670,4325,2026-09-12 21:11:08.1800000,51.933330,1.300000
2289014,"Aussersihl",503,43,"32T","32T1H2S1Q",1,2016-12-24 11:38:04.5600000,993397,0,0,2026-09-12 21:13:06.6130000,47.377520,8.521270
1989858,"Grant City",3562,233,"18T","18T2H5S4Q",3,2014-10-06 23:57:17.2530000,5828,0,37248,2026-09-12 21:13:21.6270000,40.582050,-74.104860
2290668,"Alte Schmiede (beim Kloster Fahr)",503,43,"32T","32T1H2S1Q",1,2017-02-12 20:17:17.2900000,1000462,0,0,2026-09-12 21:13:27.0200000,47.407360,8.439780
1655822,"Rush Springs",3546,233,"14S","14S2H3S3Q",2,2026-09-12 21:12:59.2300000,0,25364,0,2026-09-12 21:13:38.9200000,34.782570,-97.956980
1656969,"Acme",3546,233,"14S","14S2H2S4Q",2,2026-09-12 21:14:06.3400000,0,1363,0,2026-09-12 21:14:06.3400000,34.798960,-98.019210
1662298,"Agawam",3546,233,"14S","14S2H3S3Q",2,2026-09-12 21:14:12.7730000,0,1363,0,2026-09-12 21:14:12.7730000,34.873400,-97.946150
1667336,"Ninnekah",3546,233,"14S","14S2H3S3Q",2,2026-09-12 21:14:17.1000000,0,2827,0,2026-09-12 21:14:19.5100000,34.947850,-97.923930
2371916,"Langley",451,38,"10U","10U2H5S2Q",3,2012-11-29 01:05:31.7600000,0,0,6683158,2026-09-12 21:14:47.8200000,49.082970,-122.585890
2372663,"Langley",451,38,"10U","10U2H5S2Q",3,2013-01-27 05:42:45.4730000,0,0,6775892,2026-09-12 21:14:51.8000000,49.099670,-122.652600
2542768,"Westend",714,57,"33U","33U1H4S4Q",2,2014-12-15 12:36:16.1370000,0,3389839,0,2026-09-12 21:14:56.2830000,52.517080,13.276360
2541989,"Berlin Wilmersdorf",714,57,"33U","33U1H4S4Q",2,2014-10-01 13:26:38.3830000,0,3200412,0,2026-09-12 21:15:01.4230000,52.500970,13.290970
2378443,"Maple Ridge",451,38,"10U","10U2H5S2Q",3,2013-01-08 02:54:01.0000000,0,0,6662157,2026-09-12 21:15:02.6500000,49.219390,-122.601930
2378735,"Yennadon",451,38,"10U","10U2H5S2Q",3,2012-10-20 23:48:20.9370000,0,0,6853447,2026-09-12 21:15:07.5470000,49.232970,-122.585900
2378484,"Pitt Meadows",451,38,"10U","10U2H5S2Q",3,2012-11-28 06:15:54.7930000,0,0,6627042,2026-09-12 21:15:14.4100000,49.221190,-122.689650
2543085,"Charlottenburg-Nord",714,57,"33U","33U1H4S4Q",2,2014-10-14 15:10:15.9800000,0,4022725,0,2026-09-12 21:15:15.5300000,52.530480,13.293710
2380988,"Coquitlam",451,38,"10U","10U2H5S2Q",3,2012-10-20 23:46:08.1170000,0,0,6028052,2026-09-12 21:15:19.8900000,49.282970,-122.752620
2543315,"Plotzensee",714,57,"33U","33U1H4S4Q",2,2013-04-16 15:58:01.8830000,0,3012890,0,2026-09-12 21:15:20.3930000,52.533330,13.316670
2544786,"Berlin Reinickendorf",714,57,"33U","33U1H4S4Q",2,2014-11-22 17:46:23.5330000,0,2060913,0,2026-09-12 21:15:24.5300000,52.566670,13.333330
2380273,"Port Coquitlam",451,38,"10U","10U2H5S2Q",3,2013-01-08 01:49:46.9400000,0,0,6149856,2026-09-12 21:15:28.0970000,49.266370,-122.769320
2544785,"Siedlung Waldidyll",714,57,"33U","33U1H4S4Q",2,2014-11-04 06:56:32.5170000,0,3036090,0,2026-09-12 21:15:31.5500000,52.566670,13.283330
2380987,"Port Moody",451,38,"10U","10U2H5S2Q",3,2013-01-20 14:24:16.8530000,0,0,8081606,2026-09-12 21:15:35.4570000,49.282970,-122.852630
2545230,"Tegel",714,57,"33U","33U1H4S4Q",2,2015-07-07 21:39:57.3700000,0,3210980,0,2026-09-12 21:15:36.8100000,52.576010,13.293890
2052282,"Lido di Castel Fusano",1377,110,"33T","33T2H4S1Q",3,2021-07-27 14:08:26.3800000,0,0,1536894,2026-09-12 21:15:37.2500000,41.715500,12.317580
1670302,"Norge",3546,233,"14S","14S2H3S3Q",2,2026-09-12 21:15:38.7170000,0,1423,0,2026-09-12 21:15:38.7170000,34.988400,-97.996990
2298547,"Eglisau",503,43,"32T","32T1H2S1Q",3,2025-06-28 16:43:33.4730000,0,0,3095345,2026-09-12 21:15:40.8730000,47.577380,8.521220
1663201,"Farwell",3546,233,"14S","14S2H2S4Q",2,2026-09-12 21:15:45.4870000,0,2653,0,2026-09-12 21:15:45.4900000,34.885900,-98.005600
1660331,"Rocky Ford",3546,233,"14S","14S2H2S4Q",2,2026-09-12 21:15:50.2070000,0,1363,0,2026-09-12 21:15:50.2070000,34.845350,-98.071990
1635462,"Dixie Park",3546,233,"14S","14S2H3S3Q",2,2026-09-12 21:15:58.7070000,0,1363,0,2026-09-12 21:15:58.7070000,34.487300,-97.949480
1632659,"Liberty",3546,233,"14S","14S2H3S3Q",2,2026-09-12 21:16:07.2630000,0,1363,0,2026-09-12 21:16:07.2630000,34.449250,-97.964760
2543181,"Wombourn",979,77,"30U","30U1H5S4Q",2,2026-07-25 18:22:49.5200000,0,11400,0,2026-09-12 21:16:12.6570000,52.533330,-2.183330
1635026,"Oklahoma Hills",3546,233,"14S","14S2H3S3Q",2,2026-09-12 21:16:03.2400000,0,2870,0,2026-09-12 21:16:14.0700000,34.482030,-97.928370
1630189,"Sunray",3546,233,"14S","14S2H3S3Q",2,2026-09-12 21:16:22.4630000,0,1490,0,2026-09-12 21:16:22.4630000,34.412580,-97.965040
1631087,"Meridian",3546,233,"14S","14S2H3S3Q",2,2026-09-12 21:16:26.3030000,0,1508,0,2026-09-12 21:16:26.3030000,34.425540,-97.975860
1631211,"Meridian",3546,233,"14S","14S2H3S3Q",2,2026-09-12 21:16:35.5400000,0,1508,0,2026-09-12 21:16:35.5400000,34.427310,-97.978090
2580081,"Totley",979,77,"30U","30U1H6S1Q",3,2024-06-29 09:11:15.4870000,0,0,109050,2026-09-12 21:18:26.4870000,53.300000,-1.533330
2396303,"Luxembourg",1657,135,"32U","32U2H4S1Q",1,2025-04-04 16:02:48.6500000,1399270,0,0,2026-09-12 21:19:57.5100000,49.611670,6.130000
2496981,"Llantwit Fardre",976,77,"30U","30U2H2S1Q",3,2017-05-30 12:36:41.1670000,0,0,139700,2026-09-12 21:20:12.2900000,51.555560,-3.336670
2296098,"Ellisville",3578,233,"10T","10T1H3S1Q",1,2019-12-31 17:51:37.3800000,3180741,0,0,2026-09-12 21:22:24.9370000,47.522320,-121.758170
2301771,"Carnation",3578,233,"10T","10T1H3S1Q",2,2014-08-12 15:34:29.7930000,0,1456461,0,2026-09-12 21:22:30.4530000,47.647880,-121.914010
14017,"Sunny Corner",143,13,"55H","55H1H3S4Q",2,2026-09-12 21:23:31.3730000,0,4260,0,2026-09-12 21:23:34.8670000,-33.383330,149.900000
2364740,"Saint-Andre-de-l'Eure",956,75,"31U","31U2H4S4Q",3,2021-08-20 04:59:55.3900000,0,0,621510,2026-09-12 21:23:52.6670000,48.906350,1.275180
2109921,"Chalk Cut",3573,233,"11T","11T2H3S3Q",3,2026-09-12 20:33:34.8200000,0,0,4352,2026-09-12 21:24:17.7930000,42.981010,-115.533130
2222479,"Rhemes-Saint-Georges",1367,110,"32T","32T1H4S2Q",2,2026-08-01 16:19:22.9600000,0,19510,0,2026-09-12 21:24:38.3600000,45.652260,7.154400
2020803,"Youngstown",3563,233,"17T","17T2H5S2Q",3,2016-04-16 01:32:22.7700000,26700,0,2967154,2026-09-12 21:26:01.4370000,41.099780,-80.649520
1933342,"Centerville",3554,233,"15S","15S1H3S2Q",3,2024-12-20 12:57:24.4370000,0,0,700144,2026-09-12 21:26:15.3730000,39.558380,-90.029280
2561096,"Wilford",979,77,"30U","30U1H6S3Q",1,2026-09-12 21:27:08.7130000,999,0,0,2026-09-12 21:27:08.7130000,52.916670,-1.150000
2561097,"West Bridgford",979,77,"30U","30U1H6S3Q",1,2026-09-12 21:27:15.9170000,761,0,0,2026-09-12 21:27:15.9170000,52.916670,-1.116670
2560062,"Ruddington",979,77,"30U","30U1H6S3Q",1,2026-09-12 21:27:21.2370000,715,176,0,2026-09-12 21:27:21.2370000,52.892540,-1.149530
2559298,"Bradmore",979,77,"30U","30U1H6S3Q",1,2026-09-12 21:27:29.1770000,460,169,0,2026-09-12 21:27:29.1770000,52.875860,-1.132790
2313175,"Concarneau",961,75,"30T","30T1H2S1Q",3,2022-08-19 15:27:11.0930000,0,0,6531235,2026-09-12 21:31:08.2530000,47.875020,-3.922450
13881,"Meadow Flat",143,13,"55H","55H1H3S4Q",2,2026-09-12 21:32:30.3070000,0,3793,0,2026-09-12 21:32:38.3200000,-33.433330,149.933330
14545,"Binningup",137,13,"50H","50H1H1S4Q",2,2022-10-28 01:30:54.0030000,0,6592,0,2026-09-12 21:33:04.3000000,-33.150000,115.683330
9959,"Port Adelaide",138,13,"54H","54H1H4S1Q",2,2023-10-25 11:53:25.8530000,0,1457173,0,2026-09-12 21:33:07.8500000,-34.850000,138.466670
2382461,"Anmore",451,38,"10U","10U2H5S2Q",3,2013-01-20 14:16:07.9630000,0,0,9091788,2026-09-12 21:33:48.4900000,49.316370,-122.852630
2382875,"Belcarra",451,38,"10U","10U2H5S2Q",3,2012-11-28 05:26:01.8270000,0,0,8055044,2026-09-12 21:33:53.8470000,49.317770,-122.930430
2383039,"Deep Cove",451,38,"10U","10U2H5S2Q",3,2013-04-04 01:51:24.1300000,0,0,7137354,2026-09-12 21:33:59.0400000,49.326910,-122.948600
2380272,"Burnaby",451,38,"10U","10U2H5S2Q",3,2012-08-29 19:23:33.5630000,0,0,8763001,2026-09-12 21:34:03.8000000,49.266360,-122.952630
2384697,"North Vancouver",451,38,"10U","10U2H5S1Q",3,2013-04-03 02:11:30.2200000,0,0,9708144,2026-09-12 21:34:10.0000000,49.366360,-123.069340
2382460,"North Vancouver",451,38,"10U","10U2H5S1Q",3,2013-04-03 00:18:20.9200000,0,0,8873881,2026-09-12 21:34:14.5370000,49.316360,-123.069340
2386936,"Strachan Creek",451,38,"10U","10U2H5S1Q",3,2013-03-23 20:04:48.9900000,0,0,8002706,2026-09-12 21:34:23.0530000,49.416350,-123.235960
2388451,"Lions Bay",451,38,"10U","10U2H5S1Q",3,2013-05-06 10:54:21.7670000,0,0,5253247,2026-09-12 21:34:27.4170000,49.449660,-123.235960
2234132,"Saint-Adolphe-d'Howard",459,38,"18T","18T1H5S2Q",1,2026-06-23 00:18:28.6230000,14007,0,0,2026-09-12 21:36:08.1530000,45.966790,-74.332530
2095061,"Sugar Loaf",3573,233,"11T","11T2H3S4Q",2,2025-04-14 23:50:38.1270000,0,1813,1800,2026-09-12 21:36:32.2730000,42.681300,-114.377810
2088051,"Hansen",3573,233,"11T","11T2H3S4Q",3,2026-09-12 21:36:58.2370000,0,0,3398,2026-09-12 21:37:07.7270000,42.530680,-114.301010
2088367,"Kimberly",3573,233,"11T","11T2H3S4Q",2,2020-02-01 19:13:01.7600000,0,128664,300,2026-09-12 21:37:17.8900000,42.533800,-114.364760
2095022,"Falls City",3573,233,"11T","11T2H3S4Q",3,2026-09-12 21:24:52.3200000,0,0,5690,2026-09-12 21:37:35.3900000,42.680460,-114.424200
1412696,"Wellborn",3549,233,"14R","14R1H3S4Q",2,2013-12-02 17:59:08.7770000,123342,833361,876,2026-09-12 21:41:11.5400000,30.535200,-96.301630
2097734,"Quaker Street",3562,233,"18T","18T2H2S4Q",1,2015-05-14 02:10:43.5700000,61238,0,0,2026-09-12 21:42:01.8970000,42.734800,-74.186240
1929845,"Bon Veue",3563,233,"16S","16S1H3S2Q",1,2026-09-12 20:18:17.9670000,2073,0,0,2026-09-12 21:42:15.9870000,39.499170,-84.415000
1926438,"Le Sourdsville",3563,233,"16S","16S1H3S2Q",1,2026-09-12 21:42:29.5470000,983,0,0,2026-09-12 21:42:29.5470000,39.440340,-84.429940
1923267,"Hughes",3563,233,"16S","16S1H3S2Q",1,2026-09-12 21:42:34.6130000,982,0,0,2026-09-12 21:42:34.6130000,39.387000,-84.408000
1925864,"Rockdale",3563,233,"16S","16S1H3S2Q",1,2026-09-12 21:42:50.6730000,995,73,0,2026-09-12 21:42:50.6730000,39.432560,-84.455220
1924872,"Country Club Highlands",3563,233,"16S","16S1H3S2Q",1,2026-09-12 21:43:03.9070000,993,71,0,2026-09-12 21:43:03.9070000,39.416110,-84.470830
1924881,"Kyles",3563,233,"16S","16S1H3S2Q",1,2026-09-12 21:43:09.3130000,857,0,0,2026-09-12 21:43:09.3130000,39.416170,-84.407720
1920958,"Fairfield",3563,233,"16S","16S1H3S2Q",1,2026-09-12 21:43:15.5370000,1036,300,0,2026-09-12 21:43:15.5400000,39.345890,-84.560500
1923843,"Liberty Trails",3563,233,"16S","16S1H3S2Q",1,2026-09-12 21:43:20.5730000,850,0,0,2026-09-12 21:43:20.5730000,39.398610,-84.382780
1920212,"Olde West Chester",3563,233,"16S","16S1H3S2Q",1,2026-09-12 21:43:25.6500000,821,0,0,2026-09-12 21:43:25.6500000,39.331720,-84.407160
2203750,"North Manitou",3557,233,"16T","16T1H6S1Q",1,2026-09-12 21:00:06.8270000,18818,0,0,2026-09-12 21:43:37.1870000,45.120260,-85.979260
2503503,"Hampden Row",979,77,"30U","30U2H3S2Q",1,2015-08-07 22:55:14.0200000,1681704,0,0,2026-09-12 21:44:44.0630000,51.700000,-0.766670
2389228,"Brunswick Beach",451,38,"10U","10U2H5S1Q",3,2013-05-03 10:19:09.9530000,0,0,4571229,2026-09-12 21:46:25.6630000,49.466360,-123.252670
2386207,"Gibsons",451,38,"10U","10U2H5S1Q",3,2013-04-14 22:04:44.7400000,0,0,4077150,2026-09-12 21:46:36.8470000,49.399650,-123.502680
2386208,"Keats Island",451,38,"10U","10U2H5S1Q",3,2013-04-14 22:07:40.9830000,0,0,4101156,2026-09-12 21:46:42.3730000,49.399650,-123.485980
2386209,"Eastbourne",451,38,"10U","10U2H5S1Q",3,2013-04-14 20:14:13.3530000,0,0,4061975,2026-09-12 21:46:46.3500000,49.399650,-123.435970
2386210,"Mount Gardner",451,38,"10U","10U2H5S1Q",3,2013-04-14 20:13:15.6770000,0,0,4374746,2026-09-12 21:47:01.4500000,49.399650,-123.385970
2547998,"Birkholzaue",713,57,"33U","33U1H4S4Q",2,2026-09-12 20:45:14.6100000,5973,25942,0,2026-09-12 21:51:51.3500000,52.634100,13.609230
1888268,"Glasgow Village",3543,233,"15S","15S1H3S4Q",3,2017-06-23 22:53:41.8170000,1551,941703,1546847,2026-09-12 21:51:58.4400000,38.753660,-90.198440
2496327,"Taff's Well",976,77,"30U","30U2H2S1Q",3,2016-05-14 09:57:51.4570000,0,0,1015192,2026-09-12 21:52:09.0700000,51.542780,-3.272500
1627259,"Comanche",3546,233,"14S","14S2H3S3Q",2,2026-09-12 21:48:10.8370000,0,111882,0,2026-09-12 21:53:06.2530000,34.368970,-97.963920
2084458,"View",3573,233,"12T","12T2H1S3Q",2,2026-09-12 21:42:15.9700000,0,13438,0,2026-09-12 21:53:13.8130000,42.450740,-113.697230
2520431,"Naclaw",2451,180,"33U","33U1H6S3Q",2,2026-09-11 14:38:31.2030000,0,140648,0,2026-09-12 21:53:15.7400000,52.064480,16.635340
1987905,"El Alcor II",904,68,"30T","30T2H4S4Q",1,2013-07-10 18:00:12.2400000,1128737,0,0,2026-09-12 21:53:16.2830000,40.545150,-4.109750
2506307,"Tollesbury",979,77,"31U","31U2H1S1Q",3,2026-07-28 10:12:39.5930000,0,0,1796,2026-09-12 21:53:55.4130000,51.759130,0.834620
2508053,"Great Wigborough",979,77,"31U","31U2H1S1Q",3,2026-08-31 17:58:22.3870000,0,0,1938,2026-09-12 21:54:02.8030000,51.800000,0.850000
2507739,"Salcott",979,77,"31U","31U2H1S1Q",3,2025-07-20 18:38:31.1270000,0,0,3833,2026-09-12 21:54:12.5400000,51.787810,0.823220
2507770,"Virley",979,77,"31U","31U2H1S1Q",3,2025-07-20 18:38:54.4300000,0,0,4972,2026-09-12 21:54:20.5000000,51.789350,0.815910
12625,"Leichhardt",143,13,"56H","56H1H1S4Q",2,2026-09-08 19:42:57.1230000,0,2737541,0,2026-09-12 21:54:23.2400000,-33.883330,151.150000
2506987,"Tolleshunt D'Arcy",979,77,"31U","31U2H1S1Q",3,2026-03-29 06:52:04.9700000,0,0,1927,2026-09-12 21:54:31.7070000,51.772200,0.794280
2513535,"Fordham",979,77,"31U","31U2H1S1Q",3,2026-09-12 14:35:14.5570000,0,0,2332,2026-09-12 21:55:05.7800000,51.916670,0.800000
2274690,"Fontainemelon",516,43,"32T","32T1H1S1Q",1,2026-02-11 16:35:37.9570000,64444,0,0,2026-09-12 21:56:18.6030000,47.054950,6.886800
2526722,"Watertuin",2265,167,"31U","31U1H6S3Q",2,2023-07-27 11:19:12.6500000,59657,332336,0,2026-09-12 21:56:42.7200000,52.186620,4.543020
1929423,"North Excello",3563,233,"16S","16S1H3S2Q",1,2026-09-12 21:58:13.9100000,909,122,0,2026-09-12 21:58:13.9100000,39.489780,-84.415500
1921510,"Indian Springs",3563,233,"16S","16S1H3S2Q",1,2026-09-12 21:58:19.6230000,909,122,0,2026-09-12 21:58:19.6230000,39.355330,-84.528280
1928801,"Trenton",3563,233,"16S","16S1H3S2Q",1,2026-09-12 21:58:26.7470000,991,184,0,2026-09-12 21:58:26.7470000,39.480890,-84.457720
1928814,"South Middletown",3563,233,"16S","16S1H3S2Q",1,2026-09-12 21:58:44.5600000,1027,642,0,2026-09-12 21:58:44.5600000,39.481170,-84.400780
1920641,"Dalewood",3563,233,"16S","16S1H3S2Q",1,2026-09-12 21:58:53.5630000,859,0,0,2026-09-12 21:58:53.5630000,39.338610,-84.385560
1923651,"Arbor Crest",3563,233,"16S","16S1H3S2Q",1,2026-09-12 21:59:00.7600000,854,0,0,2026-09-12 21:59:00.7600000,39.394720,-84.474720
1924124,"Snow Hill",3563,233,"16S","16S1H3S2Q",1,2026-09-12 21:59:13.3430000,816,0,0,2026-09-12 21:59:13.3430000,39.401390,-84.466940
1925659,"Woodsdale Park",3563,233,"16S","16S1H3S2Q",1,2026-09-12 21:59:19.5300000,846,288,0,2026-09-12 21:59:19.5300000,39.427830,-84.487440
1923334,"Princeton",3563,233,"16S","16S1H3S2Q",1,2026-09-12 21:59:33.1370000,789,0,0,2026-09-12 21:59:33.1370000,39.388390,-84.453830
1923484,"Huntsville",3563,233,"16S","16S1H3S2Q",1,2026-09-12 22:02:13.1470000,1250,0,0,2026-09-12 22:02:13.1500000,39.391450,-84.383550
1607671,"Monte Nido",3567,233,"11S","11S2H1S4Q",1,2026-09-11 05:10:32.7670000,5720,0,0,2026-09-12 22:04:09.6970000,34.080840,-118.687030
1610904,"Calabasas Highlands",3567,233,"11S","11S2H1S4Q",1,2026-09-12 03:46:34.9470000,6078,0,0,2026-09-12 22:04:20.6000000,34.130840,-118.645360
1610539,"Glenview",3567,233,"11S","11S2H1S4Q",1,2026-09-12 03:46:22.6400000,6074,0,0,2026-09-12 22:04:28.8470000,34.124450,-118.601470
1610935,"Santa Maria",3567,233,"11S","11S2H1S4Q",1,2026-09-09 12:19:29.1830000,6111,0,0,2026-09-12 22:04:33.0330000,34.131400,-118.574530
1609919,"Sylvia Park",3567,233,"11S","11S2H1S4Q",1,2026-09-12 03:46:38.4730000,6105,0,0,2026-09-12 22:04:39.4130000,34.115010,-118.581750
1608241,"Topanga",3567,233,"11S","11S2H1S4Q",1,2026-09-11 23:01:53.5570000,6297,0,0,2026-09-12 22:04:51.4970000,34.089270,-118.604360
1607569,"Fernwood",3567,233,"11S","11S2H1S4Q",1,2026-09-11 23:01:34.4370000,6413,0,0,2026-09-12 22:04:59.1200000,34.079450,-118.602580
2274308,"Col des Roches",516,43,"32T","32T1H1S1Q",2,2026-09-09 23:34:21.8670000,0,185308,0,2026-09-12 22:05:30.9100000,47.050000,6.850000
2273704,"Les Geneveys-sur-Coffrane",516,43,"32T","32T1H1S1Q",1,2019-02-12 00:17:53.9700000,29759,1551,0,2026-09-12 22:05:48.5300000,47.033330,6.850000
1674216,"Chickasha",3546,233,"14S","14S2H3S1Q",2,2026-07-05 10:34:34.7200000,0,45378,4135,2026-09-12 22:06:09.2070000,35.052560,-97.936430
1906288,"Democrat Spring",3554,233,"15S","15S1H3S2Q",2,2022-02-18 12:41:22.8600000,0,60143,0,2026-09-12 22:07:25.4400000,39.083940,-90.483730
1923220,"Greystone",3563,233,"16S","16S1H3S2Q",1,2026-09-12 22:07:42.4070000,788,0,0,2026-09-12 22:07:42.4070000,39.386110,-84.472500
1924342,"Maustown",3563,233,"16S","16S1H3S2Q",1,2026-09-12 22:08:30.0530000,782,0,0,2026-09-12 22:08:30.0530000,39.405610,-84.451610
1887869,"Riverview",3543,233,"15S","15S1H3S4Q",2,2020-05-18 02:37:16.7500000,0,1045787,0,2026-09-12 22:08:44.5170000,38.747830,-90.211500
2080777,"Stark",3557,233,"17T","17T2H1S3Q",1,2010-01-01 00:00:00.0000000,5978847,0,0,2026-09-12 22:08:56.6100000,42.375870,-83.372710
2073893,"Keogh",3573,233,"12T","12T2H1S3Q",2,2026-09-12 22:09:47.0230000,0,5005,0,2026-09-12 22:09:53.0200000,42.223250,-113.333610
1896378,"Forest Homes",3554,233,"15S","15S1H3S4Q",2,2020-09-05 14:33:15.2270000,0,13975,0,2026-09-12 22:11:11.5430000,38.914490,-90.085940
2551622,"Bickford",979,77,"30U","30U1H5S4Q",2,2021-04-22 11:42:39.0070000,0,25379,0,2026-09-12 22:11:19.3530000,52.716670,-2.166670
12698,"Rozelle",143,13,"56H","56H1H1S4Q",3,2017-03-27 04:30:33.7200000,0,0,1183380,2026-09-12 22:13:15.2830000,-33.865000,151.172780
2281459,"Ruettenen",510,43,"32T","32T1H1S2Q",2,2026-09-12 00:50:53.3530000,2684,715913,0,2026-09-12 22:17:16.4230000,47.230530,7.529500
2489353,"Genooi",2271,167,"32U","32U2H1S1Q",1,2015-04-15 19:28:57.2700000,924011,101786,0,2026-09-12 22:17:58.8470000,51.393330,6.165280
2539785,"Kladow",714,57,"33U","33U1H4S4Q",2,2020-05-01 14:31:26.5100000,0,2235274,0,2026-09-12 22:18:05.4100000,52.454230,13.144450
2687276,"Pittenweem",977,77,"30V","30V2H5S4Q",3,2025-06-20 22:40:31.2370000,0,0,152927,2026-09-12 22:18:26.2930000,56.214060,-2.728390
1604783,"Las Flores",3567,233,"11S","11S2H1S4Q",1,2026-09-11 23:01:20.3700000,6204,0,0,2026-09-12 22:21:42.0500000,34.037230,-118.635920
1606326,"Malibu Bowl",3567,233,"11S","11S2H1S4Q",1,2026-09-11 03:56:04.7370000,6427,0,0,2026-09-12 22:21:51.6600000,34.061120,-118.740370
1605425,"Malibu Hills",3567,233,"11S","11S2H1S4Q",1,2026-09-11 03:56:11.5330000,6427,0,0,2026-09-12 22:21:56.6300000,34.047510,-118.744250
1619896,"Granada Hills",3567,233,"11S","11S2H1S4Q",1,2026-09-09 15:17:44.2600000,6450,0,0,2026-09-12 22:22:15.3170000,34.264720,-118.523140
1609471,"Topanga Park",3567,233,"11S","11S2H1S4Q",1,2026-09-11 17:23:06.1800000,6571,0,0,2026-09-12 22:22:21.7430000,34.107510,-118.629250
1944151,"Ohmer Park",3563,233,"16S","16S1H3S2Q",3,2012-12-19 11:17:53.2370000,14221,300,524579,2026-09-12 22:22:26.6830000,39.741730,-84.152160
1609062,"Topanga Oaks",3567,233,"11S","11S2H1S4Q",1,2026-09-11 23:01:44.6530000,6495,0,0,2026-09-12 22:22:30.6570000,34.101120,-118.590360
1607895,"Wildwood",3567,233,"11S","11S2H1S4Q",1,2026-09-11 23:02:03.4870000,6495,0,0,2026-09-12 22:22:38.7900000,34.083620,-118.599530
1616253,"Winnetka",3567,233,"11S","11S2H1S4Q",1,2026-09-09 04:40:48.9170000,6877,0,0,2026-09-12 22:22:51.0830000,34.213340,-118.572030
1996638,"Easton",3584,233,"18T","18T2H5S3Q",1,2025-12-19 23:32:06.1530000,811239,0,0,2026-09-12 22:23:54.4800000,40.688430,-75.220730
1926091,"Clayville",3561,233,"18S","18S1H2S1Q",2,2019-01-08 12:40:19.9830000,1117,273702,0,2026-09-12 22:23:54.4870000,39.433450,-75.030730
1944289,"Oakland",3563,233,"16S","16S1H3S2Q",3,2012-09-12 14:33:29.4570000,64420,600,474829,2026-09-12 22:24:30.2330000,39.744500,-84.143270
2687199,"Kilconquhar",977,77,"30V","30V2H5S4Q",3,2025-06-20 20:59:26.5500000,0,0,820776,2026-09-12 22:25:14.9270000,56.210520,-2.826580
1765673,"Seaside",3567,233,"10S","10S1H6S3Q",3,2026-09-09 23:18:23.3770000,300,0,70011,2026-09-12 22:25:20.6030000,36.611070,-121.851620
1764588,"Del Rey Oaks",3567,233,"10S","10S1H6S3Q",3,2026-09-10 05:17:38.9000000,300,0,99076,2026-09-12 22:25:24.2800000,36.593290,-121.834950
1765700,"Del Monte Heights",3567,233,"10S","10S1H6S3Q",3,2026-08-22 22:41:20.6270000,300,0,215398,2026-09-12 22:25:29.7970000,36.611630,-121.832170
1766165,"Sand City",3567,233,"10S","10S1H6S3Q",3,2026-08-05 21:51:45.2200000,300,0,1199161,2026-09-12 22:25:33.6570000,36.617180,-121.848290
2687112,"Saint Monance",977,77,"30V","30V2H5S4Q",3,2025-06-20 22:40:16.1570000,0,0,272836,2026-09-12 22:26:10.8630000,56.206510,-2.768210
1959847,"Tremont City",3563,233,"17T","17T2H4S3Q",1,2026-09-12 22:27:42.4530000,657,0,0,2026-09-12 22:27:42.4530000,40.011170,-83.836040
2558530,"Bunny",979,77,"30U","30U1H6S3Q",2,2026-09-12 22:27:43.9470000,0,947,0,2026-09-12 22:27:43.9470000,52.860940,-1.135540
2557631,"Wysall",979,77,"30U","30U1H6S3Q",2,2026-09-12 22:27:50.4000000,0,683,0,2026-09-12 22:27:50.4000000,52.840110,-1.103610
2557058,"Costock",979,77,"30U","30U1H6S3Q",2,2026-09-12 22:27:54.2000000,470,517,0,2026-09-12 22:27:54.2000000,52.832120,-1.148070
1749445,"Barnes",3548,233,"17S","17S1H4S4Q",3,2022-07-10 04:56:30.4100000,0,0,16972,2026-09-12 22:27:56.4870000,36.353160,-82.310420
2097906,"Waverly",3557,233,"16T","16T2H3S4Q",1,2018-03-03 23:04:57.4400000,3060273,0,0,2026-09-12 22:28:54.6170000,42.739200,-84.620820
1959566,"Glen Echo",3563,233,"17T","17T2H4S3Q",1,2026-09-12 22:32:51.4870000,664,0,0,2026-09-12 22:32:51.4870000,40.004500,-83.796870
1929544,"Carey",3563,233,"17S","17S1H1S1Q",1,2026-09-12 22:33:53.4000000,2068,0,376,2026-09-12 22:33:54.5470000,39.492560,-83.102410
1926660,"Greenland",3563,233,"17S","17S1H1S1Q",1,2026-09-12 22:34:11.1300000,3217,0,0,2026-09-12 22:34:15.0700000,39.445060,-83.120460
1412319,"Royder",3549,233,"14R","14R1H3S4Q",1,2022-10-23 00:06:43.8600000,86121,0,0,2026-09-12 22:34:26.9770000,30.527700,-96.304960
2159900,"Mohawk",3576,233,"10T","10T1H5S4Q",3,2024-12-18 13:36:07.4330000,0,0,641777,2026-09-12 22:35:00.4370000,44.142350,-122.916190
1925660,"Andersonville",3563,233,"17S","17S1H1S1Q",3,2024-06-30 01:04:27.1970000,1851,0,7796,2026-09-12 22:36:38.9330000,39.427840,-83.009630
2071068,"Juniper",3573,233,"12T","12T2H1S4Q",2,2026-07-17 18:43:06.3830000,0,26122,0,2026-09-12 22:37:07.5870000,42.153250,-112.969990
2362657,"Invalides",955,75,"31U","31U2H5S3Q",3,2022-02-02 17:17:27.1170000,0,65917,1465677,2026-09-12 22:37:35.8900000,48.856750,2.306100
12568,"Newtown",143,13,"56H","56H1H1S4Q",3,2017-03-13 23:41:11.5730000,0,0,1290520,2026-09-12 22:38:57.5130000,-33.898350,151.177540
2083898,"Fitchburg",3557,233,"16T","16T2H3S4Q",2,2026-09-01 23:32:05.1400000,2885,4842,0,2026-09-12 22:39:10.4900000,42.439200,-84.277740
2223456,"Baggio",1366,110,"32T","32T1H6S2Q",2,2017-03-27 17:35:05.3600000,0,274054,0,2026-09-12 22:40:10.2870000,45.683330,11.850000
2544483,"Otorowo",2451,180,"33U","33U1H6S3Q",3,2026-07-23 15:03:01.9170000,0,0,864891,2026-09-12 22:40:26.5330000,52.559240,16.434690
1868789,"Walmort",3567,233,"10S","10S1H3S3Q",2,2012-10-06 21:18:59.7530000,0,1561713,915585,2026-09-12 22:41:42.3570000,38.380470,-121.244110
2117593,"Village Green",3562,233,"18T","18T2H1S2Q",1,2021-04-30 18:00:53.4630000,99521,0,0,2026-09-12 22:41:50.2270000,43.132340,-76.310770
2672666,"Giffnock",977,77,"30U","30U1H1S2Q",3,2014-04-05 10:18:40.9470000,322601,0,2662611,2026-09-12 22:43:37.6870000,55.800000,-4.283330
33635,"Mooloolaba",142,13,"56J","56J1H5S2Q",2,2022-11-18 05:24:28.3930000,300,161191,300,2026-09-12 22:43:57.3070000,-26.683330,153.116670
33642,"Alexandra Headland",142,13,"56J","56J1H5S2Q",2,2021-03-18 00:11:47.4100000,300,402909,0,2026-09-12 22:44:02.5900000,-26.672000,153.107870
2532178,"Ermelo",2273,167,"31U","31U1H6S4Q",1,2015-03-20 15:16:39.3900000,91411872,0,0,2026-09-12 22:44:13.1400000,52.298330,5.622220
34164,"Eumundi",142,13,"56J","56J1H5S1Q",2,2026-04-16 01:48:53.5770000,600,632,0,2026-09-12 22:44:41.3530000,-26.483330,152.950000
34029,"Coolum Beach",142,13,"56J","56J1H5S2Q",2,2020-10-22 01:02:46.9800000,600,16349,0,2026-09-12 22:44:57.6370000,-26.533330,153.100000
2090367,"Tipperary Corner",3573,233,"11T","11T2H3S4Q",3,2026-09-12 22:44:59.4670000,0,0,6882,2026-09-12 22:45:05.1370000,42.578800,-114.296420
33804,"Bli Bli",142,13,"56J","56J1H5S2Q",2,2020-10-25 05:00:41.9270000,724,125035,0,2026-09-12 22:45:20.8170000,-26.616670,153.033330
1540392,"Chandler Village",3547,233,"17S","17S2H5S4Q",2,2023-11-04 12:01:53.0730000,0,200033,0,2026-09-12 22:45:33.2500000,32.978510,-80.147040
2228662,"Low",459,38,"18T","18T1H5S1Q",2,2020-08-15 16:24:01.0300000,0,538797,0,2026-09-12 22:48:29.5230000,45.816810,-75.949360
2060363,"Vatican City",3867,236,"33T","33T2H4S1Q",3,2019-06-07 13:03:03.5830000,0,0,1438242,2026-09-12 22:48:30.4670000,41.902360,12.453320
2060445,"Borgo Pio",1377,110,"33T","33T2H4S1Q",3,2015-09-15 22:02:38.0400000,0,0,2937727,2026-09-12 22:48:40.4100000,41.904750,12.459830
12648,"Darling Harbour",143,13,"56H","56H1H1S4Q",3,2017-01-19 09:23:22.8330000,0,0,2257346,2026-09-12 22:48:43.0930000,-33.868470,151.200340
2309783,"Fisher",3558,233,"14T","14T1H3S2Q",2,2016-04-12 23:48:44.2070000,0,134613,0,2026-09-12 22:49:21.4630000,47.800250,-96.801460
1599472,"Athens",3539,233,"17S","17S2H4S1Q",1,2024-04-20 03:23:04.5000000,1744436,0,0,2026-09-12 22:50:29.8670000,33.960950,-83.377940
1951965,"Grove City",3563,233,"17S","17S1H1S1Q",3,2024-05-14 09:17:07.6030000,0,0,997619,2026-09-12 22:54:22.2530000,39.881450,-83.092960
2286835,"Courfaivre",518,43,"32T","32T1H1S2Q",2,2024-07-17 16:13:33.9930000,0,4272345,0,2026-09-12 22:54:44.8830000,47.333330,7.283330
2524497,"Czempin",2451,180,"33U","33U1H6S3Q",2,2025-03-28 16:07:59.6800000,0,2981347,0,2026-09-12 22:54:45.3330000,52.144040,16.764080
2048611,"Cedar Springs",3571,233,"12T","12T2H4S2Q",2,2022-04-29 20:11:41.0900000,0,8378,0,2026-09-12 22:54:47.3430000,41.636870,-112.628580
2501076,"Oakwood",979,77,"30U","30U2H3S2Q",3,2010-01-01 00:00:00.0000000,0,0,942430,2026-09-12 22:55:01.1200000,51.647610,-0.131840
1958492,"Shepard",3563,233,"17S","17S1H1S2Q",3,2021-08-10 00:42:32.2970000,18267,0,1197911,2026-09-12 22:55:34.7370000,39.983400,-82.941570
1669776,"Ayia Napa",686,55,"36S","36S2H3S3Q",1,2018-05-08 19:16:12.2970000,22354343,0,0,2026-09-12 22:55:36.6830000,34.982130,34.001830
2065961,"Verrecchie",1382,110,"33T","33T2H1S4Q",1,2026-09-12 22:57:30.8000000,1332,0,0,2026-09-12 22:57:30.8000000,42.033330,13.233330
2067033,"Pereto",1382,110,"33T","33T2H1S4Q",1,2026-09-12 22:57:40.0930000,1330,0,0,2026-09-12 22:57:40.0930000,42.058930,13.101390
2064747,"Cappadocia",1382,110,"33T","33T2H1S4Q",1,2026-09-12 22:57:47.8500000,5527,0,0,2026-09-12 22:57:53.5430000,42.006530,13.279990
2341760,"Mount Vernon",3578,233,"10U","10U2H5S4Q",2,2014-05-24 02:28:33.6300000,0,367961,3300,2026-09-12 22:58:53.7200000,48.421220,-122.334050
1609045,"La Verne",3567,233,"11S","11S2H2S3Q",3,2013-05-30 03:23:16.3100000,37224,0,1013963,2026-09-12 22:59:40.5670000,34.100840,-117.767840
2095283,"Gorna Banya",283,22,"34T","34T2H3S4Q",1,2012-09-02 16:48:38.5070000,2192342,0,0,2026-09-12 22:59:51.4030000,42.683330,23.250000
2154845,"Whitchurch-Stouffville",457,38,"17T","17T1H6S3Q",2,2013-10-09 21:12:39.0130000,0,7854375,7064,2026-09-12 23:01:23.7830000,44.000120,-79.316300
1859548,"Lido di Mondello",1363,110,"33S","33S1H1S4Q",2,2026-05-25 09:19:12.9200000,0,572266,0,2026-09-12 23:01:26.2130000,38.200000,13.333330
2052166,"Tremonton",3571,233,"12T","12T2H4S2Q",2,2026-07-06 21:02:19.2830000,0,4404,0,2026-09-12 23:01:44.0070000,41.711870,-112.165510
14283,"Australind",137,13,"50H","50H1H1S4Q",3,2015-06-03 23:29:20.7670000,1559,181317,533066,2026-09-12 23:02:35.2630000,-33.266670,115.716670
2304073,"Redmond Ridge",3578,233,"10T","10T1H2S2Q",1,2021-08-17 10:42:38.1500000,5028201,7874,0,2026-09-12 23:02:58.4630000,47.690450,-122.039210
2214641,"Vaudreuil-sur-le-Lac",459,38,"18T","18T1H5S2Q",1,2026-05-27 18:59:42.5070000,350538,0,0,2026-09-12 23:03:44.9000000,45.416780,-74.032510
2048677,"Honeyville",3571,233,"12T","12T2H4S2Q",2,2026-09-12 23:07:22.9670000,0,975,0,2026-09-12 23:07:22.9670000,41.638540,-112.079390
1989277,"Campomaggiore",1381,110,"33T","33T2H6S3Q",1,2021-06-27 16:26:58.8600000,91053,0,0,2026-09-12 23:07:39.9730000,40.568620,16.073770
2185932,"Traverse City",3557,233,"16T","16T1H6S3Q",3,2026-04-10 17:30:37.8570000,36600,0,152924,2026-09-12 23:07:50.6300000,44.763060,-85.620630
1554021,"Lincoln Park",3549,233,"14S","14S2H6S2Q",3,2010-01-01 00:00:00.0000000,36666,0,1725536,2026-09-12 23:09:06.8300000,33.222060,-96.972780
2254419,"Birch",3566,233,"15T","15T1H3S4Q",3,2013-06-16 03:03:55.7370000,0,0,6594086,2026-09-12 23:09:08.3770000,46.538280,-90.575460
2221007,"Busnago",1375,110,"32T","32T1H5S2Q",1,2025-09-29 17:11:29.8330000,65014,0,0,2026-09-12 23:09:36.0170000,45.616480,9.463750
13562,"Hartley",143,13,"56H","56H1H1S3Q",2,2026-09-12 23:09:27.6370000,0,11982,0,2026-09-12 23:10:15.6300000,-33.550000,150.166670
13659,"Sodwalls",143,13,"55H","55H1H3S4Q",3,2025-03-22 01:23:28.8300000,0,3252,6013,2026-09-12 23:10:33.2400000,-33.516670,149.983330
1380797,"Boerne",3549,233,"14R","14R1H5S2Q",3,2013-04-28 02:03:12.2570000,0,0,3924521,2026-09-12 23:10:51.4870000,29.794660,-98.731970
12858,"Gore Hill",143,13,"56H","56H1H1S4Q",3,2017-03-15 19:42:15.4470000,0,0,1136099,2026-09-12 23:13:36.4730000,-33.816670,151.182500
2053654,"Grinnell",3553,233,"15T","15T2H5S2Q",2,2015-08-07 13:47:46.5270000,600,1454173,0,2026-09-12 23:13:37.4070000,41.743050,-92.722410
2624378,"Gdansk",2449,180,"34U","34U1H1S3Q",2,2019-06-07 12:01:43.3100000,0,11263230,0,2026-09-12 23:13:45.2000000,54.352050,18.646370
2047267,"Bear River City",3571,233,"12T","12T2H4S2Q",2,2026-09-12 23:08:11.9170000,0,2887,0,2026-09-12 23:15:22.3600000,41.614650,-112.126620
2131996,"Westma",3573,233,"11T","11T2H2S2Q",3,2026-07-22 15:05:18.4830000,0,0,58840,2026-09-12 23:15:49.8600000,43.415720,-116.542070
1911346,"West Overlook",3555,233,"16S","16S1H2S2Q",2,2013-09-07 22:33:23.2300000,0,12457245,0,2026-09-12 23:16:17.7900000,39.171440,-86.254710
12695,"Balmain",143,13,"56H","56H1H1S4Q",3,2017-03-15 03:36:11.6370000,0,0,1543805,2026-09-12 23:16:18.7900000,-33.866670,151.183330
12644,"Pyrmont",143,13,"56H","56H1H1S4Q",3,2013-07-18 08:25:02.1930000,0,0,3052311,2026-09-12 23:16:32.9900000,-33.869850,151.194020
12649,"Sydney",143,13,"56H","56H1H1S4Q",3,2015-07-07 04:22:45.9900000,0,0,77007111,2026-09-12 23:16:47.0070000,-33.867850,151.207320
12638,"Kings Cross",143,13,"56H","56H1H1S4Q",3,2018-07-14 07:43:51.0670000,0,0,1505886,2026-09-12 23:17:22.3030000,-33.874980,151.222260
12582,"Surry Hills",143,13,"56H","56H1H1S4Q",3,2017-03-16 20:20:14.6100000,0,0,1506327,2026-09-12 23:17:33.7100000,-33.886110,151.214440
12634,"Chinatown",143,13,"56H","56H1H1S4Q",3,2016-04-26 08:41:44.3330000,0,0,4009461,2026-09-12 23:17:49.1700000,-33.878800,151.204000
1829007,"Sharp Park",3567,233,"10S","10S1H5S2Q",3,2013-12-31 23:06:48.1200000,0,0,1241722,2026-09-12 23:17:58.1670000,37.636050,-122.488030
1958565,"East Columbus",3563,233,"17S","17S1H1S2Q",3,2013-05-12 00:24:25.9700000,126189,0,545321,2026-09-12 23:17:58.7670000,39.985060,-82.927680
12573,"Bondi",143,13,"56H","56H1H1S4Q",3,2026-07-11 06:24:08.9730000,0,0,3015570,2026-09-12 23:18:01.6670000,-33.891670,151.266670
1937216,"Pebble Hills",3555,233,"16S","16S1H2S2Q",3,2014-08-29 02:09:07.5170000,0,0,632167,2026-09-12 23:18:28.2000000,39.623610,-86.191670
12626,"Annandale",143,13,"56H","56H1H1S4Q",2,2026-09-10 02:01:28.2830000,0,2683804,0,2026-09-12 23:18:32.0070000,-33.883330,151.166670
1738567,"Las Vegas",3570,233,"11S","11S1H6S3Q",2,2014-01-06 05:24:19.2230000,0,156063267,0,2026-09-12 23:18:32.6630000,36.174970,-115.137220
2003203,"Lincoln",3559,233,"14T","14T2H6S4Q",2,2013-11-16 04:03:31.4300000,0,45434240,0,2026-09-12 23:18:49.4330000,40.800000,-96.666960
2213463,"Chateauguay",459,38,"18T","18T1H6S1Q",1,2026-05-25 11:33:38.0500000,340901,0,0,2026-09-12 23:19:18.5930000,45.383380,-73.749190
10006,"Birkenhead",138,13,"54H","54H1H4S1Q",2,2023-10-21 09:07:29.1570000,3696,1994350,0,2026-09-12 23:19:20.0600000,-34.833330,138.500000
12859,"Artarmon",143,13,"56H","56H1H1S4Q",3,2017-02-23 03:58:51.6400000,0,0,1312612,2026-09-12 23:20:43.7870000,-33.816670,151.183330
30699,"Bethania Junction",142,13,"56J","56J1H5S4Q",2,2018-05-08 11:43:33.8630000,0,6952268,0,2026-09-12 23:21:20.5670000,-27.683330,153.166670
1535664,"Gifford",3549,233,"14S","14S2H6S4Q",3,2025-01-16 23:51:48.8800000,0,0,3103456,2026-09-12 23:22:02.3400000,32.897900,-96.765830
2281938,"Reconvilier",523,43,"32T","32T1H1S2Q",2,2026-09-12 19:09:24.1200000,693473,871941,0,2026-09-12 23:23:42.4800000,47.234310,7.222390
2463881,"Terhagen",2271,167,"31U","31U2H3S4Q",2,2026-09-12 07:02:39.4300000,0,1718,0,2026-09-12 23:24:02.3170000,50.944170,5.756940
2058237,"Chicago",3554,233,"16T","16T2H5S1Q",2,2023-08-07 00:04:09.2430000,0,2660784,0,2026-09-12 23:24:24.1770000,41.850030,-87.650050
2464062,"Elsloo",2271,167,"31U","31U2H3S4Q",2,2025-12-27 22:07:48.8330000,0,713103,0,2026-09-12 23:25:32.6700000,50.949170,5.770830
1934303,"Kinderhook",3563,233,"17S","17S1H1S1Q",3,2020-10-24 18:23:09.7630000,0,0,1380923,2026-09-12 23:27:12.6670000,39.574780,-83.068240
2003007,"Dalevue",3584,233,"18T","18T2H4S3Q",3,2014-04-22 08:37:57.3170000,0,0,10402043,2026-09-12 23:27:35.9370000,40.795900,-77.829170
2292902,"Kloten / Kloten (Zentrum)",503,43,"32T","32T1H2S1Q",3,2026-07-23 16:39:34.4870000,20651,0,2377440,2026-09-12 23:27:38.6470000,47.451340,8.586830
2290985,"Niederrohrdorf",528,43,"32T","32T1H2S1Q",3,2023-01-25 08:48:20.8430000,24635,0,10108772,2026-09-12 23:27:50.2630000,47.416670,8.300000
2359221,"Saint-Duzec",961,75,"30U","30U2H5S3Q",2,2016-09-13 10:25:50.8500000,0,139697018,0,2026-09-12 23:28:20.7170000,48.783330,-3.550000
2463705,"Catsop",2271,167,"31U","31U2H3S4Q",2,2026-09-12 07:02:49.0170000,1058,1559,0,2026-09-12 23:30:13.7400000,50.939170,5.766670
2453084,"Roclenge-sur-Geer",255,20,"31U","31U2H3S4Q",1,2026-06-07 16:40:23.2970000,100424,0,0,2026-09-12 23:31:09.9100000,50.755800,5.596040
2788189,"Khyazel'ki",2675,192,"36V","36V2H1S1Q",3,2016-08-27 08:06:33.1430000,0,0,803149,2026-09-12 23:31:21.3430000,59.936390,30.687500
2448625,"Cheratte",255,20,"31U","31U2H3S4Q",1,2023-12-17 09:12:12.9370000,102187,0,0,2026-09-12 23:31:32.2300000,50.681090,5.668060
2447807,"Werihet",255,20,"31U","31U2H3S4Q",1,2022-12-22 14:21:09.9470000,100682,0,0,2026-09-12 23:31:38.5630000,50.666670,5.650000
2448230,"Wandre",255,20,"31U","31U2H3S4Q",1,2023-07-01 07:45:25.7970000,113128,0,0,2026-09-12 23:31:51.9670000,50.669050,5.662060
2214344,"Oatfield",3576,233,"10T","10T1H5S2Q",2,2024-02-10 04:13:45.6130000,0,1740293,0,2026-09-12 23:31:52.2570000,45.414180,-122.600070
2448556,"Rhees",255,20,"31U","31U2H3S4Q",1,2023-08-18 14:39:24.1500000,100347,0,0,2026-09-12 23:32:06.4030000,50.679530,5.624640
2447805,"Jolivet",255,20,"31U","31U2H3S4Q",1,2020-05-19 09:26:47.8530000,100608,0,0,2026-09-12 23:32:22.1630000,50.666670,5.600000
2448217,"Rabosee",255,20,"31U","31U2H3S4Q",1,2024-03-09 03:02:15.5670000,305465,0,0,2026-09-12 23:32:54.6630000,50.668710,5.674160
1886897,"Waterford Village",3567,233,"10S","10S1H3S3Q",3,2026-09-10 19:51:55.3570000,0,0,1876211,2026-09-12 23:32:55.0800000,38.727120,-121.078830
2448768,"Corinhez",255,20,"31U","31U2H3S4Q",1,2025-04-22 02:10:44.7830000,104599,0,0,2026-09-12 23:33:01.7930000,50.683330,5.683330
1945735,"Indianapolis",3555,233,"16S","16S1H2S2Q",2,2013-10-19 22:28:45.1070000,0,39493281,40544,2026-09-12 23:34:25.9130000,39.768380,-86.158040
1607152,"Larchmont Village",3567,233,"11S","11S2H1S4Q",1,2015-12-29 18:12:49.4430000,38190331,0,17061,2026-09-12 23:34:35.5970000,34.073060,-118.323890
1332857,"Doctor Phillips",3538,233,"17R","17R1H5S3Q",3,2012-08-10 13:53:14.6170000,0,0,1140316,2026-09-12 23:34:58.8300000,28.449450,-81.492290
1333183,"Bay Hill",3538,233,"17R","17R1H5S3Q",3,2013-09-22 11:53:50.8630000,0,0,1339257,2026-09-12 23:35:12.0470000,28.457160,-81.509990
1982284,"Indian Heights",3555,233,"16T","16T2H5S4Q",3,2025-04-12 22:38:20.4830000,0,0,343448,2026-09-12 23:35:42.4900000,40.427260,-86.125550
2532656,"Hoofddorp",2269,167,"31U","31U1H6S3Q",1,2015-10-06 10:29:50.3000000,3054997,0,14728,2026-09-12 23:35:51.2500000,52.302500,4.688890
1814827,"Wayne",3567,233,"10S","10S1H6S1Q",1,2025-06-28 06:09:04.0530000,1502720,0,0,2026-09-12 23:37:47.2030000,37.385770,-121.898850
2346967,"Kirchentellinsfurt",716,57,"32U","32U2H5S4Q",1,2026-09-12 23:37:41.1470000,10249,0,0,2026-09-12 23:37:54.7700000,48.533150,9.147320
1844117,"El Cerrito",3567,233,"10S","10S1H5S2Q",2,2025-08-01 12:23:41.0230000,0,3902709,3620,2026-09-12 23:38:39.4170000,37.915760,-122.311640
2149394,"Jasper Sunrise Village",3558,233,"14T","14T2H3S2Q",2,2024-04-06 03:45:45.0400000,0,110073,0,2026-09-12 23:41:32.2230000,43.849420,-96.391150
2203743,"Coon Rapids",3558,233,"15T","15T1H5S1Q",2,2010-01-01 00:00:00.0000000,0,1759568,0,2026-09-12 23:42:06.1070000,45.119970,-93.287730
1595845,"Crystal Hills",3539,233,"17S","17S2H4S1Q",1,2013-09-27 01:38:21.3700000,488771,0,0,2026-09-12 23:42:19.2400000,33.907340,-83.417100
1724229,"Coker Hills",3545,233,"17S","17S2H3S1Q",3,2020-10-30 04:15:07.0300000,0,0,600744,2026-09-12 23:42:47.7130000,35.934870,-79.035840
1844798,"Waldon",3567,233,"10S","10S1H5S2Q",2,2025-02-26 00:31:28.5900000,0,2689747,0,2026-09-12 23:43:16.9100000,37.926310,-122.055520
14709,"Excelsior",143,13,"55H","55H1H3S4Q",2,2026-09-12 23:43:29.1500000,0,3005,0,2026-09-12 23:43:30.9330000,-33.083330,149.983330
12744,"Abbotsford",143,13,"56H","56H1H1S4Q",2,2026-09-11 00:10:47.1270000,0,2962373,0,2026-09-12 23:44:58.2870000,-33.850000,151.133330
1763573,"Ambler Park",3567,233,"10S","10S1H6S3Q",3,2026-09-12 22:51:23.4600000,2400,0,7408,2026-09-12 23:45:05.5100000,36.576350,-121.720220
2140211,"Remus",3557,233,"16T","16T2H3S1Q",3,2026-09-12 15:31:31.0370000,0,0,59663,2026-09-12 23:45:14.3430000,43.596700,-85.144750
2142006,"Booge",3577,233,"14T","14T2H3S2Q",2,2013-02-12 20:21:12.2630000,0,5240930,0,2026-09-12 23:46:09.1370000,43.645810,-96.460040
1886178,"Oak Creek Hills",3567,233,"10S","10S1H3S3Q",2,2012-08-12 04:23:15.0330000,0,3974666,6219,2026-09-12 23:47:10.1230000,38.714070,-121.076890
1955433,"Quincy",3554,233,"15S","15S1H3S1Q",1,2019-02-19 04:40:57.4730000,265860924,0,0,2026-09-12 23:47:16.9470000,39.935600,-91.409870
2451595,"Genistreux",255,20,"31U","31U2H3S4Q",2,2025-03-22 07:34:39.4630000,0,1988262,0,2026-09-12 23:47:27.4730000,50.733330,5.700000
2445576,"Fetinne",255,20,"31U","31U2H3S4Q",1,2021-11-22 13:49:42.8670000,84197,0,0,2026-09-12 23:47:40.8900000,50.623840,5.583580
2084475,"Stockbridge",3557,233,"16T","16T2H3S4Q",1,2026-02-08 14:04:45.7130000,964929,0,0,2026-09-12 23:48:07.5000000,42.451150,-84.180510
2083889,"Williamsville",3557,233,"16T","16T2H3S4Q",1,2016-05-03 03:32:34.6430000,1148900,2472,0,2026-09-12 23:48:17.1130000,42.438920,-84.096620
14696,"Harvey",137,13,"50H","50H1H1S4Q",2,2022-10-28 01:31:17.0730000,0,23975,0,2026-09-12 23:49:01.3970000,-33.083330,115.900000
2225659,"Escanaba",3557,233,"16T","16T1H5S1Q",1,2026-09-12 23:49:46.9270000,1217,0,0,2026-09-12 23:49:46.9270000,45.745250,-87.064580
2678915,"Mamontovka",2671,192,"37U","37U1H1S2Q",3,2025-10-16 07:43:15.0730000,0,451020,1629353,2026-09-12 23:50:21.7830000,55.980830,37.819720
1871142,"Laguna",3567,233,"10S","10S1H3S3Q",2,2012-09-25 13:57:06.3930000,0,1974667,0,2026-09-12 23:51:05.0100000,38.421020,-121.423840
2523766,"Leusden",2267,167,"31U","31U1H6S4Q",1,2015-09-03 08:59:12.8700000,3183200,0,4344,2026-09-12 23:51:22.1470000,52.132500,5.431940
2448276,"Herstal",255,20,"31U","31U2H3S4Q",1,2023-07-11 08:08:52.2770000,260325,0,0,2026-09-12 23:51:33.8700000,50.670240,5.628880
2215190,"L'Ile-Cadieux",459,38,"18T","18T1H5S2Q",1,2026-05-25 10:16:02.6100000,320229,0,0,2026-09-12 23:51:37.9630000,45.433380,-74.015910
2447426,"Coronmeuse",255,20,"31U","31U2H3S4Q",1,2021-11-25 14:00:33.8870000,100939,0,0,2026-09-12 23:51:43.7100000,50.656810,5.620200
2447803,"Amon Delbroucq",255,20,"31U","31U2H3S4Q",1,2024-03-07 10:12:23.1170000,102509,0,0,2026-09-12 23:51:54.8570000,50.666670,5.550000
2448767,"Chertal",255,20,"31U","31U2H3S4Q",1,2025-04-22 19:17:43.6770000,400998,0,0,2026-09-12 23:52:11.2400000,50.683330,5.666670
1918844,"Waycross",3555,233,"16S","16S1H2S2Q",2,2013-07-31 20:28:07.2870000,0,12200224,0,2026-09-12 23:52:32.5970000,39.303660,-86.344160
2448666,"Mortier",255,20,"31U","31U2H3S4Q",1,2025-05-07 17:37:31.6500000,50016,0,0,2026-09-12 23:52:54.1500000,50.682460,5.743100
2447597,"La Xhavee",255,20,"31U","31U2H3S4Q",1,2023-03-31 17:53:49.0570000,100189,0,0,2026-09-12 23:53:09.3270000,50.661880,5.663790
1543200,"Hebron",3549,233,"14S","14S2H6S2Q",3,2023-11-08 23:00:16.6500000,0,0,33146832,2026-09-12 23:53:11.1370000,33.026510,-96.863610
1947904,"Farmington",3584,233,"17S","17S1H3S1Q",3,2023-08-19 15:07:16.0270000,0,0,979883,2026-09-12 23:53:18.4930000,39.807300,-79.565600
13660,"Bowenfels",143,13,"56H","56H1H1S3Q",3,2025-02-23 03:33:20.7600000,0,5377,23551,2026-09-12 23:53:39.9700000,-33.516670,150.116670
14708,"Round Swamp",143,13,"55H","55H1H3S4Q",2,2026-09-12 23:53:37.5630000,0,6982,0,2026-09-12 23:53:45.1230000,-33.083330,149.933330
2047309,"Calumet City",3554,233,"16T","16T2H5S1Q",2,2026-08-04 02:42:04.2830000,0,192780,48372,2026-09-12 23:54:21.9000000,41.615590,-87.529490
2155850,"College Hill",3576,233,"10T","10T1H5S3Q",1,2025-06-30 03:00:56.4800000,7948618,0,0,2026-09-12 23:54:22.6800000,44.030960,-123.098140
9420,"Wagga Wagga",143,13,"55H","55H1H5S4Q",2,2013-04-05 11:03:40.4800000,0,732902840,0,2026-09-12 23:55:27.0100000,-35.116670,147.366670
2555182,"Bad Freienwalde",713,57,"33U","33U1H5S3Q",2,2014-09-07 14:04:43.2000000,0,457176945,0,2026-09-12 23:55:36.9700000,52.787300,14.030400
1921746,"Silex",3555,233,"16S","16S1H2S2Q",2,2013-06-28 06:06:22.8200000,0,10904019,0,2026-09-12 23:55:37.8770000,39.360600,-86.659720
2539475,"Neu Kladow",714,57,"33U","33U1H4S4Q",2,2014-09-22 13:51:58.7230000,6092,2452568,0,2026-09-12 23:56:13.3900000,52.450000,13.150000
1831998,"Trevarno",3567,233,"10S","10S1H6S1Q",3,2024-07-21 21:02:16.3170000,0,0,854156,2026-09-12 23:56:23.0530000,37.690490,-121.747450
1919803,"Fruitdale",3555,233,"16S","16S1H2S2Q",2,2013-12-07 00:55:05.7500000,0,5703700,0,2026-09-12 23:56:30.1530000,39.321990,-86.257770
1858150,"North Woodbridge",3567,233,"10S","10S1H3S3Q",2,2012-09-26 22:05:59.4070000,0,1941517,50271,2026-09-12 23:57:03.7930000,38.171210,-121.311800
1962753,"Olentangy",3563,233,"17T","17T2H4S3Q",1,2026-09-12 22:48:46.1200000,11082,0,0,2026-09-12 23:57:04.3570000,40.063120,-83.046300
1964698,"Dublin",3563,233,"17T","17T2H4S3Q",1,2026-09-12 22:50:31.0530000,11679,0,4136,2026-09-12 23:57:59.4530000,40.099230,-83.114080
1400925,"Barton Creek",3549,233,"14R","14R1H3S3Q",1,2024-09-27 04:47:47.2200000,1770577,0,0,2026-09-12 23:58:03.7530000,30.281660,-97.867790
1898728,"Castle Manor",3542,233,"18S","18S1H1S4Q",1,2016-03-13 01:03:05.0100000,53766,0,0,2026-09-12 23:58:05.7370000,38.954560,-76.955810
1918499,"Cornelius",3555,233,"16S","16S1H2S2Q",2,2013-12-03 22:53:04.3800000,0,5905199,0,2026-09-12 23:58:10.8400000,39.299770,-86.298050
1916535,"Helmsburg",3555,233,"16S","16S1H2S2Q",2,2013-09-12 04:05:12.7900000,0,6205134,0,2026-09-12 23:58:15.2600000,39.265330,-86.292770
1604104,"Belvedere Gardens",3567,233,"11S","11S2H1S4Q",3,2014-10-17 16:19:06.9930000,0,0,813349,2026-09-12 23:59:06.2130000,34.027790,-118.162850
1899637,"Clipper Gap",3567,233,"10S","10S1H3S3Q",2,2017-02-18 03:47:16.4770000,0,3304652,111703,2026-09-12 23:59:09.0530000,38.969340,-121.017440
2562679,"Totmonslow",979,77,"30U","30U1H6S3Q",2,2023-11-23 10:10:43.1130000,0,483900,0,2026-09-12 23:59:17.5970000,52.950000,-2.000000
1717745,"Edencroft",3545,233,"17S","17S2H3S2Q",3,2013-08-01 04:09:34.3800000,0,0,520020,2026-09-12 23:59:43.4600000,35.825430,-78.693620
1902555,"Plumas Lake",3567,233,"10S","10S1H3S1Q",2,2013-08-06 03:11:35.0670000,0,3662320,923401,2026-09-13 00:00:03.1170000,39.020730,-121.558020
2138299,"Sioux Falls",3577,233,"14T","14T2H3S2Q",2,2013-04-15 23:15:01.0930000,0,586496259,0,2026-09-13 00:00:06.6030000,43.549970,-96.700330
1976150,"Hillymeade",3584,233,"18T","18T2H4S4Q",3,2024-08-03 08:05:02.1630000,47506,0,1066345,2026-09-13 00:00:28.7470000,40.304260,-76.739690
1555841,"Flovilla",3539,233,"17S","17S2H4S1Q",3,2013-07-11 23:47:22.8370000,0,0,3030987,2026-09-13 00:00:31.3630000,33.253730,-83.898520
2067550,"Glenview",3554,233,"16T","16T2H2S3Q",1,2025-02-18 22:53:36.0500000,293749,0,0,2026-09-13 00:01:11.5430000,42.069750,-87.787840
